TABLE NO.  1
 ID          TIME        DV          MDV         EVID        DOSE        CAVG        CHZ         SUR         HAZ         DV          PRED        RES         WRES
  1.0000E+00  0.0000E+00  0.0000E+00  1.0000E+00  2.0000E+00  0.0000E+00  0.0000E+00  0.0000E+00  1.0000E+00  7.3122E-07  0.0000E+00  1.0000E+00  0.0000E+00  0.0000E+00
  1.0000E+00  6.0370E+00  1.0000E+00  0.0000E+00  0.0000E+00  0.0000E+00  0.0000E+00  8.5024E-01  4.2731E-01  2.1971E-01  1.0000E+00  9.3887E-02  0.0000E+00  0.0000E+00
  2.0000E+00  0.0000E+00  0.0000E+00  1.0000E+00  2.0000E+00  0.0000E+00  0.0000E+00  0.0000E+00  1.0000E+00  7.3122E-07  0.0000E+00  1.0000E+00  0.0000E+00  0.0000E+00
  2.0000E+00  1.2000E+01  0.0000E+00  0.0000E+00  0.0000E+00  0.0000E+00  0.0000E+00  2.4831E+00  8.3482E-02  3.2282E-01  0.0000E+00  8.3482E-02  0.0000E+00  0.0000E+00
  3.0000E+00  0.0000E+00  0.0000E+00  1.0000E+00  2.0000E+00  0.0000E+00  0.0000E+00  0.0000E+00  1.0000E+00  7.3122E-07  0.0000E+00  1.0000E+00  0.0000E+00  0.0000E+00
  3.0000E+00  2.9860E+00  1.0000E+00  0.0000E+00  0.0000E+00  0.0000E+00  0.0000E+00  2.8352E-01  7.5313E-01  1.4813E-01  1.0000E+00  1.1156E-01  0.0000E+00  0.0000E+00
  4.0000E+00  0.0000E+00  0.0000E+00  1.0000E+00  2.0000E+00  0.0000E+00  0.0000E+00  0.0000E+00  1.0000E+00  7.3122E-07  0.0000E+00  1.0000E+00  0.0000E+00  0.0000E+00
  4.0000E+00  1.4200E+00  1.0000E+00  0.0000E+00  0.0000E+00  0.0000E+00  0.0000E+00  8.8919E-02  9.1492E-01  9.7689E-02  1.0000E+00  8.9378E-02  0.0000E+00  0.0000E+00
  5.0000E+00  0.0000E+00  0.0000E+00  1.0000E+00  2.0000E+00  0.0000E+00  0.0000E+00  0.0000E+00  1.0000E+00  7.3122E-07  0.0000E+00  1.0000E+00  0.0000E+00  0.0000E+00
  5.0000E+00  5.5950E+00  1.0000E+00  0.0000E+00  0.0000E+00  0.0000E+00  0.0000E+00  7.5514E-01  4.6995E-01  2.1056E-01  1.0000E+00  9.8950E-02  0.0000E+00  0.0000E+00
  6.0000E+00  0.0000E+00  0.0000E+00  1.0000E+00  2.0000E+00  0.0000E+00  0.0000E+00  0.0000E+00  1.0000E+00  7.3122E-07  0.0000E+00  1.0000E+00  0.0000E+00  0.0000E+00
  6.0000E+00  1.9050E+00  1.0000E+00  0.0000E+00  0.0000E+00  0.0000E+00  0.0000E+00  1.4063E-01  8.6881E-01  1.1516E-01  1.0000E+00  1.0006E-01  0.0000E+00  0.0000E+00
  7.0000E+00  0.0000E+00  0.0000E+00  1.0000E+00  2.0000E+00  0.0000E+00  0.0000E+00  0.0000E+00  1.0000E+00  7.3122E-07  0.0000E+00  1.0000E+00  0.0000E+00  0.0000E+00
  7.0000E+00  5.2400E-01  0.0000E+00  0.0000E+00  0.0000E+00  0.0000E+00  0.0000E+00  1.8774E-02  9.8140E-01  5.5894E-02  0.0000E+00  9.8140E-01  0.0000E+00  0.0000E+00
  8.0000E+00  0.0000E+00  0.0000E+00  1.0000E+00  2.0000E+00  0.0000E+00  0.0000E+00  0.0000E+00  1.0000E+00  7.3122E-07  0.0000E+00  1.0000E+00  0.0000E+00  0.0000E+00
  8.0000E+00  2.8810E+00  1.0000E+00  0.0000E+00  0.0000E+00  0.0000E+00  0.0000E+00  2.6812E-01  7.6482E-01  1.4519E-01  1.0000E+00  1.1104E-01  0.0000E+00  0.0000E+00
  9.0000E+00  0.0000E+00  0.0000E+00  1.0000E+00  2.0000E+00  0.0000E+00  0.0000E+00  0.0000E+00  1.0000E+00  7.3122E-07  0.0000E+00  1.0000E+00  0.0000E+00  0.0000E+00
  9.0000E+00  1.2000E+01  0.0000E+00  0.0000E+00  0.0000E+00  0.0000E+00  0.0000E+00  2.4831E+00  8.3482E-02  3.2282E-01  0.0000E+00  8.3482E-02  0.0000E+00  0.0000E+00
  1.0000E+01  0.0000E+00  0.0000E+00  1.0000E+00  2.0000E+00  0.0000E+00  0.0000E+00  0.0000E+00  1.0000E+00  7.3122E-07  0.0000E+00  1.0000E+00  0.0000E+00  0.0000E+00
  1.0000E+01  1.2000E+01  0.0000E+00  0.0000E+00  0.0000E+00  0.0000E+00  0.0000E+00  2.4831E+00  8.3482E-02  3.2282E-01  0.0000E+00  8.3482E-02  0.0000E+00  0.0000E+00
  1.1000E+01  0.0000E+00  0.0000E+00  1.0000E+00  2.0000E+00  0.0000E+00  0.0000E+00  0.0000E+00  1.0000E+00  7.3122E-07  0.0000E+00  1.0000E+00  0.0000E+00  0.0000E+00
  1.1000E+01  1.4630E+00  0.0000E+00  0.0000E+00  0.0000E+00  0.0000E+00  0.0000E+00  9.3155E-02  9.1105E-01  9.9335E-02  0.0000E+00  9.1105E-01  0.0000E+00  0.0000E+00
  1.2000E+01  0.0000E+00  0.0000E+00  1.0000E+00  2.0000E+00  0.0000E+00  0.0000E+00  0.0000E+00  1.0000E+00  7.3122E-07  0.0000E+00  1.0000E+00  0.0000E+00  0.0000E+00
  1.2000E+01  5.7440E+00  1.0000E+00  0.0000E+00  0.0000E+00  0.0000E+00  0.0000E+00  7.8674E-01  4.5533E-01  2.1368E-01  1.0000E+00  9.7293E-02  0.0000E+00  0.0000E+00
  1.3000E+01  0.0000E+00  0.0000E+00  1.0000E+00  2.0000E+00  0.0000E+00  0.0000E+00  0.0000E+00  1.0000E+00  7.3122E-07  0.0000E+00  1.0000E+00  0.0000E+00  0.0000E+00
  1.3000E+01  7.9740E+00  1.0000E+00  0.0000E+00  0.0000E+00  0.0000E+00  0.0000E+00  1.3124E+00  2.6916E-01  2.5677E-01  1.0000E+00  6.9113E-02  0.0000E+00  0.0000E+00
  1.4000E+01  0.0000E+00  0.0000E+00  1.0000E+00  2.0000E+00  0.0000E+00  0.0000E+00  0.0000E+00  1.0000E+00  7.3122E-07  0.0000E+00  1.0000E+00  0.0000E+00  0.0000E+00
  1.4000E+01  3.9970E+00  1.0000E+00  0.0000E+00  0.0000E+00  0.0000E+00  0.0000E+00  4.4684E-01  6.3964E-01  1.7441E-01  1.0000E+00  1.1156E-01  0.0000E+00  0.0000E+00
  1.5000E+01  0.0000E+00  0.0000E+00  1.0000E+00  2.0000E+00  0.0000E+00  0.0000E+00  0.0000E+00  1.0000E+00  7.3122E-07  0.0000E+00  1.0000E+00  0.0000E+00  0.0000E+00
  1.5000E+01  4.5000E+00  1.0000E+00  0.0000E+00  0.0000E+00  0.0000E+00  0.0000E+00  5.3761E-01  5.8415E-01  1.8638E-01  1.0000E+00  1.0887E-01  0.0000E+00  0.0000E+00
  1.6000E+01  0.0000E+00  0.0000E+00  1.0000E+00  2.0000E+00  0.0000E+00  0.0000E+00  0.0000E+00  1.0000E+00  7.3122E-07  0.0000E+00  1.0000E+00  0.0000E+00  0.0000E+00
  1.6000E+01  6.1740E+00  1.0000E+00  0.0000E+00  0.0000E+00  0.0000E+00  0.0000E+00  8.8053E-01  4.1456E-01  2.2249E-01  1.0000E+00  9.2238E-02  0.0000E+00  0.0000E+00
  1.7000E+01  0.0000E+00  0.0000E+00  1.0000E+00  2.0000E+00  0.0000E+00  0.0000E+00  0.0000E+00  1.0000E+00  7.3122E-07  0.0000E+00  1.0000E+00  0.0000E+00  0.0000E+00
  1.7000E+01  6.8610E+00  1.0000E+00  0.0000E+00  0.0000E+00  0.0000E+00  0.0000E+00  1.0381E+00  3.5414E-01  2.3604E-01  1.0000E+00  8.3589E-02  0.0000E+00  0.0000E+00
  1.8000E+01  0.0000E+00  0.0000E+00  1.0000E+00  2.0000E+00  0.0000E+00  0.0000E+00  0.0000E+00  1.0000E+00  7.3122E-07  0.0000E+00  1.0000E+00  0.0000E+00  0.0000E+00
  1.8000E+01  3.7330E+00  1.0000E+00  0.0000E+00  0.0000E+00  0.0000E+00  0.0000E+00  4.0166E-01  6.6921E-01  1.6786E-01  1.0000E+00  1.1233E-01  0.0000E+00  0.0000E+00
  1.9000E+01  0.0000E+00  0.0000E+00  1.0000E+00  2.0000E+00  0.0000E+00  0.0000E+00  0.0000E+00  1.0000E+00  7.3122E-07  0.0000E+00  1.0000E+00  0.0000E+00  0.0000E+00
  1.9000E+01  6.8580E+00  1.0000E+00  0.0000E+00  0.0000E+00  0.0000E+00  0.0000E+00  1.0374E+00  3.5439E-01  2.3598E-01  1.0000E+00  8.3628E-02  0.0000E+00  0.0000E+00
  2.0000E+01  0.0000E+00  0.0000E+00  1.0000E+00  2.0000E+00  0.0000E+00  0.0000E+00  0.0000E+00  1.0000E+00  7.3122E-07  0.0000E+00  1.0000E+00  0.0000E+00  0.0000E+00
  2.0000E+01  2.9590E+00  1.0000E+00  0.0000E+00  0.0000E+00  0.0000E+00  0.0000E+00  2.7953E-01  7.5614E-01  1.4737E-01  1.0000E+00  1.1144E-01  0.0000E+00  0.0000E+00
  2.1000E+01  0.0000E+00  0.0000E+00  1.0000E+00  2.0000E+00  0.0000E+00  0.0000E+00  0.0000E+00  1.0000E+00  7.3122E-07  0.0000E+00  1.0000E+00  0.0000E+00  0.0000E+00
  2.1000E+01  7.2660E+00  1.0000E+00  0.0000E+00  0.0000E+00  0.0000E+00  0.0000E+00  1.1352E+00  3.2135E-01  2.4374E-01  1.0000E+00  7.8326E-02  0.0000E+00  0.0000E+00
  2.2000E+01  0.0000E+00  0.0000E+00  1.0000E+00  2.0000E+00  0.0000E+00  0.0000E+00  0.0000E+00  1.0000E+00  7.3122E-07  0.0000E+00  1.0000E+00  0.0000E+00  0.0000E+00
  2.2000E+01  8.4190E+00  1.0000E+00  0.0000E+00  0.0000E+00  0.0000E+00  0.0000E+00  1.4285E+00  2.3967E-01  2.6470E-01  1.0000E+00  6.3441E-02  0.0000E+00  0.0000E+00
  2.3000E+01  0.0000E+00  0.0000E+00  1.0000E+00  2.0000E+00  0.0000E+00  0.0000E+00  0.0000E+00  1.0000E+00  7.3122E-07  0.0000E+00  1.0000E+00  0.0000E+00  0.0000E+00
  2.3000E+01  7.6690E+00  1.0000E+00  0.0000E+00  0.0000E+00  0.0000E+00  0.0000E+00  1.2350E+00  2.9084E-01  2.5122E-01  1.0000E+00  7.3066E-02  0.0000E+00  0.0000E+00
  2.4000E+01  0.0000E+00  0.0000E+00  1.0000E+00  2.0000E+00  0.0000E+00  0.0000E+00  0.0000E+00  1.0000E+00  7.3122E-07  0.0000E+00  1.0000E+00  0.0000E+00  0.0000E+00
  2.4000E+01  6.9610E+00  1.0000E+00  0.0000E+00  0.0000E+00  0.0000E+00  0.0000E+00  1.0618E+00  3.4584E-01  2.3796E-01  1.0000E+00  8.2296E-02  0.0000E+00  0.0000E+00
  2.5000E+01  0.0000E+00  0.0000E+00  1.0000E+00  2.0000E+00  0.0000E+00  0.0000E+00  0.0000E+00  1.0000E+00  7.3122E-07  0.0000E+00  1.0000E+00  0.0000E+00  0.0000E+00
  2.5000E+01  4.8990E+00  1.0000E+00  0.0000E+00  0.0000E+00  0.0000E+00  0.0000E+00  6.1379E-01  5.4129E-01  1.9546E-01  1.0000E+00  1.0580E-01  0.0000E+00  0.0000E+00
  2.6000E+01  0.0000E+00  0.0000E+00  1.0000E+00  2.0000E+00  0.0000E+00  0.0000E+00  0.0000E+00  1.0000E+00  7.3122E-07  0.0000E+00  1.0000E+00  0.0000E+00  0.0000E+00
  2.6000E+01  2.3850E+00  1.0000E+00  0.0000E+00  0.0000E+00  0.0000E+00  0.0000E+00  1.9967E-01  8.1900E-01  1.3061E-01  1.0000E+00  1.0697E-01  0.0000E+00  0.0000E+00
  2.7000E+01  0.0000E+00  0.0000E+00  1.0000E+00  2.0000E+00  0.0000E+00  0.0000E+00  0.0000E+00  1.0000E+00  7.3122E-07  0.0000E+00  1.0000E+00  0.0000E+00  0.0000E+00
  2.7000E+01  7.2330E+00  1.0000E+00  0.0000E+00  0.0000E+00  0.0000E+00  0.0000E+00  1.1272E+00  3.2394E-01  2.4312E-01  1.0000E+00  7.8756E-02  0.0000E+00  0.0000E+00
  2.8000E+01  0.0000E+00  0.0000E+00  1.0000E+00  2.0000E+00  0.0000E+00  0.0000E+00  0.0000E+00  1.0000E+00  7.3122E-07  0.0000E+00  1.0000E+00  0.0000E+00  0.0000E+00
  2.8000E+01  7.6760E+00  1.0000E+00  0.0000E+00  0.0000E+00  0.0000E+00  0.0000E+00  1.2367E+00  2.9033E-01  2.5135E-01  1.0000E+00  7.2975E-02  0.0000E+00  0.0000E+00
  2.9000E+01  0.0000E+00  0.0000E+00  1.0000E+00  2.0000E+00  0.0000E+00  0.0000E+00  0.0000E+00  1.0000E+00  7.3122E-07  0.0000E+00  1.0000E+00  0.0000E+00  0.0000E+00
  2.9000E+01  1.8920E+00  1.0000E+00  0.0000E+00  0.0000E+00  0.0000E+00  0.0000E+00  1.3913E-01  8.7011E-01  1.1472E-01  1.0000E+00  9.9821E-02  0.0000E+00  0.0000E+00
  3.0000E+01  0.0000E+00  0.0000E+00  1.0000E+00  2.0000E+00  0.0000E+00  0.0000E+00  0.0000E+00  1.0000E+00  7.3122E-07  0.0000E+00  1.0000E+00  0.0000E+00  0.0000E+00
  3.0000E+01  5.5960E+00  1.0000E+00  0.0000E+00  0.0000E+00  0.0000E+00  0.0000E+00  7.5535E-01  4.6985E-01  2.1058E-01  1.0000E+00  9.8939E-02  0.0000E+00  0.0000E+00
  3.1000E+01  0.0000E+00  0.0000E+00  1.0000E+00  2.0000E+00  0.0000E+00  0.0000E+00  0.0000E+00  1.0000E+00  7.3122E-07  0.0000E+00  1.0000E+00  0.0000E+00  0.0000E+00
  3.1000E+01  8.1260E+00  0.0000E+00  0.0000E+00  0.0000E+00  0.0000E+00  0.0000E+00  1.3517E+00  2.5880E-01  2.5950E-01  0.0000E+00  2.5880E-01  0.0000E+00  0.0000E+00
  3.2000E+01  0.0000E+00  0.0000E+00  1.0000E+00  2.0000E+00  0.0000E+00  0.0000E+00  0.0000E+00  1.0000E+00  7.3122E-07  0.0000E+00  1.0000E+00  0.0000E+00  0.0000E+00
  3.2000E+01  1.2000E+01  0.0000E+00  0.0000E+00  0.0000E+00  0.0000E+00  0.0000E+00  2.4831E+00  8.3482E-02  3.2282E-01  0.0000E+00  8.3482E-02  0.0000E+00  0.0000E+00
  3.3000E+01  0.0000E+00  0.0000E+00  1.0000E+00  2.0000E+00  0.0000E+00  0.0000E+00  0.0000E+00  1.0000E+00  7.3122E-07  0.0000E+00  1.0000E+00  0.0000E+00  0.0000E+00
  3.3000E+01  4.4060E+00  1.0000E+00  0.0000E+00  0.0000E+00  0.0000E+00  0.0000E+00  5.2019E-01  5.9441E-01  1.8419E-01  1.0000E+00  1.0948E-01  0.0000E+00  0.0000E+00
  3.4000E+01  0.0000E+00  0.0000E+00  1.0000E+00  2.0000E+00  0.0000E+00  0.0000E+00  0.0000E+00  1.0000E+00  7.3122E-07  0.0000E+00  1.0000E+00  0.0000E+00  0.0000E+00
  3.4000E+01  4.0730E+00  1.0000E+00  0.0000E+00  0.0000E+00  0.0000E+00  0.0000E+00  4.6017E-01  6.3118E-01  1.7626E-01  1.0000E+00  1.1125E-01  0.0000E+00  0.0000E+00
  3.5000E+01  0.0000E+00  0.0000E+00  1.0000E+00  2.0000E+00  0.0000E+00  0.0000E+00  0.0000E+00  1.0000E+00  7.3122E-07  0.0000E+00  1.0000E+00  0.0000E+00  0.0000E+00
  3.5000E+01  7.7070E+00  1.0000E+00  0.0000E+00  0.0000E+00  0.0000E+00  0.0000E+00  1.2445E+00  2.8808E-01  2.5192E-01  1.0000E+00  7.2572E-02  0.0000E+00  0.0000E+00
  3.6000E+01  0.0000E+00  0.0000E+00  1.0000E+00  2.0000E+00  0.0000E+00  0.0000E+00  0.0000E+00  1.0000E+00  7.3122E-07  0.0000E+00  1.0000E+00  0.0000E+00  0.0000E+00
  3.6000E+01  1.1160E+01  1.0000E+00  0.0000E+00  0.0000E+00  0.0000E+00  0.0000E+00  2.2173E+00  1.0890E-01  3.0996E-01  1.0000E+00  3.3755E-02  0.0000E+00  0.0000E+00
  3.7000E+01  0.0000E+00  0.0000E+00  1.0000E+00  2.0000E+00  0.0000E+00  0.0000E+00  0.0000E+00  1.0000E+00  7.3122E-07  0.0000E+00  1.0000E+00  0.0000E+00  0.0000E+00
  3.7000E+01  6.9450E+00  1.0000E+00  0.0000E+00  0.0000E+00  0.0000E+00  0.0000E+00  1.0580E+00  3.4716E-01  2.3765E-01  1.0000E+00  8.2503E-02  0.0000E+00  0.0000E+00
  3.8000E+01  0.0000E+00  0.0000E+00  1.0000E+00  2.0000E+00  0.0000E+00  0.0000E+00  0.0000E+00  1.0000E+00  7.3122E-07  0.0000E+00  1.0000E+00  0.0000E+00  0.0000E+00
  3.8000E+01  5.1920E+00  1.0000E+00  0.0000E+00  0.0000E+00  0.0000E+00  0.0000E+00  6.7201E-01  5.1068E-01  2.0192E-01  1.0000E+00  1.0312E-01  0.0000E+00  0.0000E+00
  3.9000E+01  0.0000E+00  0.0000E+00  1.0000E+00  2.0000E+00  0.0000E+00  0.0000E+00  0.0000E+00  1.0000E+00  7.3122E-07  0.0000E+00  1.0000E+00  0.0000E+00  0.0000E+00
  3.9000E+01  6.6270E+00  1.0000E+00  0.0000E+00  0.0000E+00  0.0000E+00  0.0000E+00  9.8337E-01  3.7405E-01  2.3149E-01  1.0000E+00  8.6590E-02  0.0000E+00  0.0000E+00
  4.0000E+01  0.0000E+00  0.0000E+00  1.0000E+00  2.0000E+00  0.0000E+00  0.0000E+00  0.0000E+00  1.0000E+00  7.3122E-07  0.0000E+00  1.0000E+00  0.0000E+00  0.0000E+00
  4.0000E+01  2.0260E+00  1.0000E+00  0.0000E+00  0.0000E+00  0.0000E+00  0.0000E+00  1.5481E-01  8.5658E-01  1.1920E-01  1.0000E+00  1.0211E-01  0.0000E+00  0.0000E+00
  4.1000E+01  0.0000E+00  0.0000E+00  1.0000E+00  2.0000E+00  0.0000E+00  0.0000E+00  0.0000E+00  1.0000E+00  7.3122E-07  0.0000E+00  1.0000E+00  0.0000E+00  0.0000E+00
  4.1000E+01  1.2000E+01  0.0000E+00  0.0000E+00  0.0000E+00  0.0000E+00  0.0000E+00  2.4831E+00  8.3482E-02  3.2282E-01  0.0000E+00  8.3482E-02  0.0000E+00  0.0000E+00
  4.2000E+01  0.0000E+00  0.0000E+00  1.0000E+00  2.0000E+00  0.0000E+00  0.0000E+00  0.0000E+00  1.0000E+00  7.3122E-07  0.0000E+00  1.0000E+00  0.0000E+00  0.0000E+00
  4.2000E+01  8.3500E-01  1.0000E+00  0.0000E+00  0.0000E+00  0.0000E+00  0.0000E+00  3.8837E-02  9.6191E-01  7.2560E-02  1.0000E+00  6.9796E-02  0.0000E+00  0.0000E+00
  4.3000E+01  0.0000E+00  0.0000E+00  1.0000E+00  2.0000E+00  0.0000E+00  0.0000E+00  0.0000E+00  1.0000E+00  7.3122E-07  0.0000E+00  1.0000E+00  0.0000E+00  0.0000E+00
  4.3000E+01  9.6440E+00  1.0000E+00  0.0000E+00  0.0000E+00  0.0000E+00  0.0000E+00  1.7657E+00  1.7107E-01  2.8562E-01  1.0000E+00  4.8862E-02  0.0000E+00  0.0000E+00
  4.4000E+01  0.0000E+00  0.0000E+00  1.0000E+00  2.0000E+00  0.0000E+00  0.0000E+00  0.0000E+00  1.0000E+00  7.3122E-07  0.0000E+00  1.0000E+00  0.0000E+00  0.0000E+00
  4.4000E+01  9.5010E+00  1.0000E+00  0.0000E+00  0.0000E+00  0.0000E+00  0.0000E+00  1.7250E+00  1.7817E-01  2.8324E-01  1.0000E+00  5.0466E-02  0.0000E+00  0.0000E+00
  4.5000E+01  0.0000E+00  0.0000E+00  1.0000E+00  2.0000E+00  0.0000E+00  0.0000E+00  0.0000E+00  1.0000E+00  7.3122E-07  0.0000E+00  1.0000E+00  0.0000E+00  0.0000E+00
  4.5000E+01  9.0150E+00  1.0000E+00  0.0000E+00  0.0000E+00  0.0000E+00  0.0000E+00  1.5893E+00  2.0406E-01  2.7504E-01  1.0000E+00  5.6124E-02  0.0000E+00  0.0000E+00
  4.6000E+01  0.0000E+00  0.0000E+00  1.0000E+00  2.0000E+00  0.0000E+00  0.0000E+00  0.0000E+00  1.0000E+00  7.3122E-07  0.0000E+00  1.0000E+00  0.0000E+00  0.0000E+00
  4.6000E+01  3.4440E+00  1.0000E+00  0.0000E+00  0.0000E+00  0.0000E+00  0.0000E+00  3.5421E-01  7.0173E-01  1.6045E-01  1.0000E+00  1.1259E-01  0.0000E+00  0.0000E+00
  4.7000E+01  0.0000E+00  0.0000E+00  1.0000E+00  2.0000E+00  0.0000E+00  0.0000E+00  0.0000E+00  1.0000E+00  7.3122E-07  0.0000E+00  1.0000E+00  0.0000E+00  0.0000E+00
  4.7000E+01  3.8570E+00  1.0000E+00  0.0000E+00  0.0000E+00  0.0000E+00  0.0000E+00  4.2267E-01  6.5530E-01  1.7096E-01  1.0000E+00  1.1203E-01  0.0000E+00  0.0000E+00
  4.8000E+01  0.0000E+00  0.0000E+00  1.0000E+00  2.0000E+00  0.0000E+00  0.0000E+00  0.0000E+00  1.0000E+00  7.3122E-07  0.0000E+00  1.0000E+00  0.0000E+00  0.0000E+00
  4.8000E+01  4.1330E+00  0.0000E+00  0.0000E+00  0.0000E+00  0.0000E+00  0.0000E+00  4.7079E-01  6.2451E-01  1.7770E-01  0.0000E+00  6.2451E-01  0.0000E+00  0.0000E+00
  4.9000E+01  0.0000E+00  0.0000E+00  1.0000E+00  2.0000E+00  0.0000E+00  0.0000E+00  0.0000E+00  1.0000E+00  7.3122E-07  0.0000E+00  1.0000E+00  0.0000E+00  0.0000E+00
  4.9000E+01  1.8760E+00  0.0000E+00  0.0000E+00  0.0000E+00  0.0000E+00  0.0000E+00  1.3730E-01  8.7171E-01  1.1418E-01  0.0000E+00  8.7171E-01  0.0000E+00  0.0000E+00
  5.0000E+01  0.0000E+00  0.0000E+00  1.0000E+00  2.0000E+00  0.0000E+00  0.0000E+00  0.0000E+00  1.0000E+00  7.3122E-07  0.0000E+00  1.0000E+00  0.0000E+00  0.0000E+00
  5.0000E+01  6.4630E+00  1.0000E+00  0.0000E+00  0.0000E+00  0.0000E+00  0.0000E+00  9.4567E-01  3.8842E-01  2.2827E-01  1.0000E+00  8.8664E-02  0.0000E+00  0.0000E+00
  5.1000E+01  0.0000E+00  0.0000E+00  1.0000E+00  2.0000E+00  0.0000E+00  0.0000E+00  0.0000E+00  1.0000E+00  7.3122E-07  0.0000E+00  1.0000E+00  0.0000E+00  0.0000E+00
  5.1000E+01  1.1356E+01  1.0000E+00  0.0000E+00  0.0000E+00  0.0000E+00  0.0000E+00  2.2784E+00  1.0245E-01  3.1300E-01  1.0000E+00  3.2067E-02  0.0000E+00  0.0000E+00
  5.2000E+01  0.0000E+00  0.0000E+00  1.0000E+00  2.0000E+00  0.0000E+00  0.0000E+00  0.0000E+00  1.0000E+00  7.3122E-07  0.0000E+00  1.0000E+00  0.0000E+00  0.0000E+00
  5.2000E+01  3.4300E+00  1.0000E+00  0.0000E+00  0.0000E+00  0.0000E+00  0.0000E+00  3.5197E-01  7.0330E-01  1.6008E-01  1.0000E+00  1.1259E-01  0.0000E+00  0.0000E+00
  5.3000E+01  0.0000E+00  0.0000E+00  1.0000E+00  2.0000E+00  0.0000E+00  0.0000E+00  0.0000E+00  1.0000E+00  7.3122E-07  0.0000E+00  1.0000E+00  0.0000E+00  0.0000E+00
  5.3000E+01  5.5800E+00  1.0000E+00  0.0000E+00  0.0000E+00  0.0000E+00  0.0000E+00  7.5198E-01  4.7143E-01  2.1024E-01  1.0000E+00  9.9113E-02  0.0000E+00  0.0000E+00
  5.4000E+01  0.0000E+00  0.0000E+00  1.0000E+00  2.0000E+00  0.0000E+00  0.0000E+00  0.0000E+00  1.0000E+00  7.3122E-07  0.0000E+00  1.0000E+00  0.0000E+00  0.0000E+00
  5.4000E+01  1.0790E+00  1.0000E+00  0.0000E+00  0.0000E+00  0.0000E+00  0.0000E+00  5.7934E-02  9.4371E-01  8.3762E-02  1.0000E+00  7.9048E-02  0.0000E+00  0.0000E+00
  5.5000E+01  0.0000E+00  0.0000E+00  1.0000E+00  2.0000E+00  0.0000E+00  0.0000E+00  0.0000E+00  1.0000E+00  7.3122E-07  0.0000E+00  1.0000E+00  0.0000E+00  0.0000E+00
  5.5000E+01  5.2140E+00  1.0000E+00  0.0000E+00  0.0000E+00  0.0000E+00  0.0000E+00  6.7646E-01  5.0841E-01  2.0240E-01  1.0000E+00  1.0290E-01  0.0000E+00  0.0000E+00
  5.6000E+01  0.0000E+00  0.0000E+00  1.0000E+00  2.0000E+00  0.0000E+00  0.0000E+00  0.0000E+00  1.0000E+00  7.3122E-07  0.0000E+00  1.0000E+00  0.0000E+00  0.0000E+00
  5.6000E+01  2.4970E+00  1.0000E+00  0.0000E+00  0.0000E+00  0.0000E+00  0.0000E+00  2.1449E-01  8.0695E-01  1.3401E-01  1.0000E+00  1.0814E-01  0.0000E+00  0.0000E+00
  5.7000E+01  0.0000E+00  0.0000E+00  1.0000E+00  2.0000E+00  0.0000E+00  0.0000E+00  0.0000E+00  1.0000E+00  7.3122E-07  0.0000E+00  1.0000E+00  0.0000E+00  0.0000E+00
  5.7000E+01  1.1903E+01  1.0000E+00  0.0000E+00  0.0000E+00  0.0000E+00  0.0000E+00  2.4519E+00  8.6131E-02  3.2135E-01  1.0000E+00  2.7679E-02  0.0000E+00  0.0000E+00
  5.8000E+01  0.0000E+00  0.0000E+00  1.0000E+00  2.0000E+00  0.0000E+00  0.0000E+00  0.0000E+00  1.0000E+00  7.3122E-07  0.0000E+00  1.0000E+00  0.0000E+00  0.0000E+00
  5.8000E+01  4.6660E+00  1.0000E+00  0.0000E+00  0.0000E+00  0.0000E+00  0.0000E+00  5.6886E-01  5.6617E-01  1.9020E-01  1.0000E+00  1.0768E-01  0.0000E+00  0.0000E+00
  5.9000E+01  0.0000E+00  0.0000E+00  1.0000E+00  2.0000E+00  0.0000E+00  0.0000E+00  0.0000E+00  1.0000E+00  7.3122E-07  0.0000E+00  1.0000E+00  0.0000E+00  0.0000E+00
  5.9000E+01  6.4680E+00  1.0000E+00  0.0000E+00  0.0000E+00  0.0000E+00  0.0000E+00  9.4681E-01  3.8798E-01  2.2837E-01  1.0000E+00  8.8601E-02  0.0000E+00  0.0000E+00
  6.0000E+01  0.0000E+00  0.0000E+00  1.0000E+00  2.0000E+00  0.0000E+00  0.0000E+00  0.0000E+00  1.0000E+00  7.3122E-07  0.0000E+00  1.0000E+00  0.0000E+00  0.0000E+00
  6.0000E+01  6.6170E+00  1.0000E+00  0.0000E+00  0.0000E+00  0.0000E+00  0.0000E+00  9.8105E-01  3.7492E-01  2.3130E-01  1.0000E+00  8.6717E-02  0.0000E+00  0.0000E+00
  6.1000E+01  0.0000E+00  0.0000E+00  1.0000E+00  2.0000E+00  0.0000E+00  0.0000E+00  0.0000E+00  1.0000E+00  7.3122E-07  0.0000E+00  1.0000E+00  0.0000E+00  0.0000E+00
  6.1000E+01  1.5050E+00  1.0000E+00  0.0000E+00  0.0000E+00  0.0000E+00  0.0000E+00  9.7360E-02  9.0723E-01  1.0092E-01  1.0000E+00  9.1559E-02  0.0000E+00  0.0000E+00
  6.2000E+01  0.0000E+00  0.0000E+00  1.0000E+00  2.0000E+00  0.0000E+00  0.0000E+00  0.0000E+00  1.0000E+00  7.3122E-07  0.0000E+00  1.0000E+00  0.0000E+00  0.0000E+00
  6.2000E+01  1.1245E+01  1.0000E+00  0.0000E+00  0.0000E+00  0.0000E+00  0.0000E+00  2.2437E+00  1.0606E-01  3.1128E-01  1.0000E+00  3.3015E-02  0.0000E+00  0.0000E+00
  6.3000E+01  0.0000E+00  0.0000E+00  1.0000E+00  2.0000E+00  0.0000E+00  0.0000E+00  0.0000E+00  1.0000E+00  7.3122E-07  0.0000E+00  1.0000E+00  0.0000E+00  0.0000E+00
  6.3000E+01  3.1180E+00  1.0000E+00  0.0000E+00  0.0000E+00  0.0000E+00  0.0000E+00  3.0331E-01  7.3837E-01  1.5176E-01  1.0000E+00  1.1205E-01  0.0000E+00  0.0000E+00
  6.4000E+01  0.0000E+00  0.0000E+00  1.0000E+00  2.0000E+00  0.0000E+00  0.0000E+00  0.0000E+00  1.0000E+00  7.3122E-07  0.0000E+00  1.0000E+00  0.0000E+00  0.0000E+00
  6.4000E+01  2.2790E+00  1.0000E+00  0.0000E+00  0.0000E+00  0.0000E+00  0.0000E+00  1.8600E-01  8.3027E-01  1.2732E-01  1.0000E+00  1.0571E-01  0.0000E+00  0.0000E+00
  6.5000E+01  0.0000E+00  0.0000E+00  1.0000E+00  2.0000E+00  0.0000E+00  0.0000E+00  0.0000E+00  1.0000E+00  7.3122E-07  0.0000E+00  1.0000E+00  0.0000E+00  0.0000E+00
  6.5000E+01  4.7680E+00  1.0000E+00  0.0000E+00  0.0000E+00  0.0000E+00  0.0000E+00  5.8838E-01  5.5523E-01  1.9251E-01  1.0000E+00  1.0689E-01  0.0000E+00  0.0000E+00
  6.6000E+01  0.0000E+00  0.0000E+00  1.0000E+00  2.0000E+00  0.0000E+00  0.0000E+00  0.0000E+00  1.0000E+00  7.3122E-07  0.0000E+00  1.0000E+00  0.0000E+00  0.0000E+00
  6.6000E+01  6.4260E+00  1.0000E+00  0.0000E+00  0.0000E+00  0.0000E+00  0.0000E+00  9.3723E-01  3.9171E-01  2.2753E-01  1.0000E+00  8.9128E-02  0.0000E+00  0.0000E+00
  6.7000E+01  0.0000E+00  0.0000E+00  1.0000E+00  2.0000E+00  0.0000E+00  0.0000E+00  0.0000E+00  1.0000E+00  7.3122E-07  0.0000E+00  1.0000E+00  0.0000E+00  0.0000E+00
  6.7000E+01  5.9510E+00  1.0000E+00  0.0000E+00  0.0000E+00  0.0000E+00  0.0000E+00  8.3142E-01  4.3543E-01  2.1796E-01  1.0000E+00  9.4905E-02  0.0000E+00  0.0000E+00
  6.8000E+01  0.0000E+00  0.0000E+00  1.0000E+00  2.0000E+00  0.0000E+00  0.0000E+00  0.0000E+00  1.0000E+00  7.3122E-07  0.0000E+00  1.0000E+00  0.0000E+00  0.0000E+00
  6.8000E+01  2.6320E+00  1.0000E+00  0.0000E+00  0.0000E+00  0.0000E+00  0.0000E+00  2.3285E-01  7.9227E-01  1.3802E-01  1.0000E+00  1.0935E-01  0.0000E+00  0.0000E+00
  6.9000E+01  0.0000E+00  0.0000E+00  1.0000E+00  2.0000E+00  0.0000E+00  0.0000E+00  0.0000E+00  1.0000E+00  7.3122E-07  0.0000E+00  1.0000E+00  0.0000E+00  0.0000E+00
  6.9000E+01  1.2000E+01  0.0000E+00  0.0000E+00  0.0000E+00  0.0000E+00  0.0000E+00  2.4831E+00  8.3482E-02  3.2282E-01  0.0000E+00  8.3482E-02  0.0000E+00  0.0000E+00
  7.0000E+01  0.0000E+00  0.0000E+00  1.0000E+00  2.0000E+00  0.0000E+00  0.0000E+00  0.0000E+00  1.0000E+00  7.3122E-07  0.0000E+00  1.0000E+00  0.0000E+00  0.0000E+00
  7.0000E+01  1.2000E+01  0.0000E+00  0.0000E+00  0.0000E+00  0.0000E+00  0.0000E+00  2.4831E+00  8.3482E-02  3.2282E-01  0.0000E+00  8.3482E-02  0.0000E+00  0.0000E+00
  7.1000E+01  0.0000E+00  0.0000E+00  1.0000E+00  2.0000E+00  0.0000E+00  0.0000E+00  0.0000E+00  1.0000E+00  7.3122E-07  0.0000E+00  1.0000E+00  0.0000E+00  0.0000E+00
  7.1000E+01  1.3890E+00  1.0000E+00  0.0000E+00  0.0000E+00  0.0000E+00  0.0000E+00  8.5909E-02  9.1768E-01  9.6489E-02  1.0000E+00  8.8546E-02  0.0000E+00  0.0000E+00
  7.2000E+01  0.0000E+00  0.0000E+00  1.0000E+00  2.0000E+00  0.0000E+00  0.0000E+00  0.0000E+00  1.0000E+00  7.3122E-07  0.0000E+00  1.0000E+00  0.0000E+00  0.0000E+00
  7.2000E+01  1.2820E+00  1.0000E+00  0.0000E+00  0.0000E+00  0.0000E+00  0.0000E+00  7.5810E-02  9.2699E-01  9.2253E-02  1.0000E+00  8.5517E-02  0.0000E+00  0.0000E+00
  7.3000E+01  0.0000E+00  0.0000E+00  1.0000E+00  2.0000E+00  0.0000E+00  0.0000E+00  0.0000E+00  1.0000E+00  7.3122E-07  0.0000E+00  1.0000E+00  0.0000E+00  0.0000E+00
  7.3000E+01  4.6580E+00  1.0000E+00  0.0000E+00  0.0000E+00  0.0000E+00  0.0000E+00  5.6734E-01  5.6703E-01  1.9001E-01  1.0000E+00  1.0774E-01  0.0000E+00  0.0000E+00
  7.4000E+01  0.0000E+00  0.0000E+00  1.0000E+00  2.0000E+00  0.0000E+00  0.0000E+00  0.0000E+00  1.0000E+00  7.3122E-07  0.0000E+00  1.0000E+00  0.0000E+00  0.0000E+00
  7.4000E+01  4.3390E+00  1.0000E+00  0.0000E+00  0.0000E+00  0.0000E+00  0.0000E+00  5.0790E-01  6.0176E-01  1.8261E-01  1.0000E+00  1.0989E-01  0.0000E+00  0.0000E+00
  7.5000E+01  0.0000E+00  0.0000E+00  1.0000E+00  2.0000E+00  0.0000E+00  0.0000E+00  0.0000E+00  1.0000E+00  7.3122E-07  0.0000E+00  1.0000E+00  0.0000E+00  0.0000E+00
  7.5000E+01  3.2460E+00  1.0000E+00  0.0000E+00  0.0000E+00  0.0000E+00  0.0000E+00  3.2296E-01  7.2400E-01  1.5522E-01  1.0000E+00  1.1238E-01  0.0000E+00  0.0000E+00
  7.6000E+01  0.0000E+00  0.0000E+00  1.0000E+00  2.0000E+00  0.0000E+00  0.0000E+00  0.0000E+00  1.0000E+00  7.3122E-07  0.0000E+00  1.0000E+00  0.0000E+00  0.0000E+00
  7.6000E+01  6.4300E-01  1.0000E+00  0.0000E+00  0.0000E+00  0.0000E+00  0.0000E+00  2.5835E-02  9.7450E-01  6.2682E-02  1.0000E+00  6.1083E-02  0.0000E+00  0.0000E+00
  7.7000E+01  0.0000E+00  0.0000E+00  1.0000E+00  2.0000E+00  0.0000E+00  0.0000E+00  0.0000E+00  1.0000E+00  7.3122E-07  0.0000E+00  1.0000E+00  0.0000E+00  0.0000E+00
  7.7000E+01  1.1428E+01  1.0000E+00  0.0000E+00  0.0000E+00  0.0000E+00  0.0000E+00  2.3010E+00  1.0016E-01  3.1411E-01  1.0000E+00  3.1462E-02  0.0000E+00  0.0000E+00
  7.8000E+01  0.0000E+00  0.0000E+00  1.0000E+00  2.0000E+00  0.0000E+00  0.0000E+00  0.0000E+00  1.0000E+00  7.3122E-07  0.0000E+00  1.0000E+00  0.0000E+00  0.0000E+00
  7.8000E+01  4.5450E+00  1.0000E+00  0.0000E+00  0.0000E+00  0.0000E+00  0.0000E+00  5.4602E-01  5.7925E-01  1.8742E-01  1.0000E+00  1.0856E-01  0.0000E+00  0.0000E+00
  7.9000E+01  0.0000E+00  0.0000E+00  1.0000E+00  2.0000E+00  0.0000E+00  0.0000E+00  0.0000E+00  1.0000E+00  7.3122E-07  0.0000E+00  1.0000E+00  0.0000E+00  0.0000E+00
  7.9000E+01  1.0891E+01  1.0000E+00  0.0000E+00  0.0000E+00  0.0000E+00  0.0000E+00  2.1345E+00  1.1830E-01  3.0575E-01  1.0000E+00  3.6171E-02  0.0000E+00  0.0000E+00
  8.0000E+01  0.0000E+00  0.0000E+00  1.0000E+00  2.0000E+00  0.0000E+00  0.0000E+00  0.0000E+00  1.0000E+00  7.3122E-07  0.0000E+00  1.0000E+00  0.0000E+00  0.0000E+00
  8.0000E+01  1.9690E+00  1.0000E+00  0.0000E+00  0.0000E+00  0.0000E+00  0.0000E+00  1.4807E-01  8.6237E-01  1.1731E-01  1.0000E+00  1.0117E-01  0.0000E+00  0.0000E+00
  8.1000E+01  0.0000E+00  0.0000E+00  1.0000E+00  2.0000E+00  0.0000E+00  0.0000E+00  0.0000E+00  1.0000E+00  7.3122E-07  0.0000E+00  1.0000E+00  0.0000E+00  0.0000E+00
  8.1000E+01  6.1480E+00  1.0000E+00  0.0000E+00  0.0000E+00  0.0000E+00  0.0000E+00  8.7475E-01  4.1697E-01  2.2197E-01  1.0000E+00  9.2553E-02  0.0000E+00  0.0000E+00
  8.2000E+01  0.0000E+00  0.0000E+00  1.0000E+00  2.0000E+00  0.0000E+00  0.0000E+00  0.0000E+00  1.0000E+00  7.3122E-07  0.0000E+00  1.0000E+00  0.0000E+00  0.0000E+00
  8.2000E+01  5.4150E+00  1.0000E+00  0.0000E+00  0.0000E+00  0.0000E+00  0.0000E+00  7.1758E-01  4.8793E-01  2.0673E-01  1.0000E+00  1.0087E-01  0.0000E+00  0.0000E+00
  8.3000E+01  0.0000E+00  0.0000E+00  1.0000E+00  2.0000E+00  0.0000E+00  0.0000E+00  0.0000E+00  1.0000E+00  7.3122E-07  0.0000E+00  1.0000E+00  0.0000E+00  0.0000E+00
  8.3000E+01  5.7450E+00  1.0000E+00  0.0000E+00  0.0000E+00  0.0000E+00  0.0000E+00  7.8696E-01  4.5523E-01  2.1370E-01  1.0000E+00  9.7281E-02  0.0000E+00  0.0000E+00
  8.4000E+01  0.0000E+00  0.0000E+00  1.0000E+00  2.0000E+00  0.0000E+00  0.0000E+00  0.0000E+00  1.0000E+00  7.3122E-07  0.0000E+00  1.0000E+00  0.0000E+00  0.0000E+00
  8.4000E+01  2.1130E+00  1.0000E+00  0.0000E+00  0.0000E+00  0.0000E+00  0.0000E+00  1.6530E-01  8.4764E-01  1.2204E-01  1.0000E+00  1.0345E-01  0.0000E+00  0.0000E+00
  8.5000E+01  0.0000E+00  0.0000E+00  1.0000E+00  2.0000E+00  0.0000E+00  0.0000E+00  0.0000E+00  1.0000E+00  7.3122E-07  0.0000E+00  1.0000E+00  0.0000E+00  0.0000E+00
  8.5000E+01  6.1750E+00  1.0000E+00  0.0000E+00  0.0000E+00  0.0000E+00  0.0000E+00  8.8075E-01  4.1447E-01  2.2251E-01  1.0000E+00  9.2226E-02  0.0000E+00  0.0000E+00
  8.6000E+01  0.0000E+00  0.0000E+00  1.0000E+00  2.0000E+00  0.0000E+00  0.0000E+00  0.0000E+00  1.0000E+00  7.3122E-07  0.0000E+00  1.0000E+00  0.0000E+00  0.0000E+00
  8.6000E+01  3.1190E+00  1.0000E+00  0.0000E+00  0.0000E+00  0.0000E+00  0.0000E+00  3.0346E-01  7.3826E-01  1.5179E-01  1.0000E+00  1.1206E-01  0.0000E+00  0.0000E+00
  8.7000E+01  0.0000E+00  0.0000E+00  1.0000E+00  2.0000E+00  0.0000E+00  0.0000E+00  0.0000E+00  1.0000E+00  7.3122E-07  0.0000E+00  1.0000E+00  0.0000E+00  0.0000E+00
  8.7000E+01  7.4600E-01  1.0000E+00  0.0000E+00  0.0000E+00  0.0000E+00  0.0000E+00  3.2575E-02  9.6795E-01  6.8121E-02  1.0000E+00  6.5938E-02  0.0000E+00  0.0000E+00
  8.8000E+01  0.0000E+00  0.0000E+00  1.0000E+00  2.0000E+00  0.0000E+00  0.0000E+00  0.0000E+00  1.0000E+00  7.3122E-07  0.0000E+00  1.0000E+00  0.0000E+00  0.0000E+00
  8.8000E+01  7.1040E+00  1.0000E+00  0.0000E+00  0.0000E+00  0.0000E+00  0.0000E+00  1.0960E+00  3.3421E-01  2.4068E-01  1.0000E+00  8.0438E-02  0.0000E+00  0.0000E+00
  8.9000E+01  0.0000E+00  0.0000E+00  1.0000E+00  2.0000E+00  0.0000E+00  0.0000E+00  0.0000E+00  1.0000E+00  7.3122E-07  0.0000E+00  1.0000E+00  0.0000E+00  0.0000E+00
  8.9000E+01  1.1466E+01  1.0000E+00  0.0000E+00  0.0000E+00  0.0000E+00  0.0000E+00  2.3129E+00  9.8974E-02  3.1469E-01  1.0000E+00  3.1146E-02  0.0000E+00  0.0000E+00
  9.0000E+01  0.0000E+00  0.0000E+00  1.0000E+00  2.0000E+00  0.0000E+00  0.0000E+00  0.0000E+00  1.0000E+00  7.3122E-07  0.0000E+00  1.0000E+00  0.0000E+00  0.0000E+00
  9.0000E+01  4.1900E+00  1.0000E+00  0.0000E+00  0.0000E+00  0.0000E+00  0.0000E+00  4.8095E-01  6.1819E-01  1.7907E-01  1.0000E+00  1.1070E-01  0.0000E+00  0.0000E+00
  9.1000E+01  0.0000E+00  0.0000E+00  1.0000E+00  2.0000E+00  0.0000E+00  0.0000E+00  0.0000E+00  1.0000E+00  7.3122E-07  0.0000E+00  1.0000E+00  0.0000E+00  0.0000E+00
  9.1000E+01  1.5500E+00  1.0000E+00  0.0000E+00  0.0000E+00  0.0000E+00  0.0000E+00  1.0194E-01  9.0308E-01  1.0260E-01  1.0000E+00  9.2657E-02  0.0000E+00  0.0000E+00
  9.2000E+01  0.0000E+00  0.0000E+00  1.0000E+00  2.0000E+00  0.0000E+00  0.0000E+00  0.0000E+00  1.0000E+00  7.3122E-07  0.0000E+00  1.0000E+00  0.0000E+00  0.0000E+00
  9.2000E+01  5.8860E+00  1.0000E+00  0.0000E+00  0.0000E+00  0.0000E+00  0.0000E+00  8.1729E-01  4.4163E-01  2.1662E-01  1.0000E+00  9.5665E-02  0.0000E+00  0.0000E+00
  9.3000E+01  0.0000E+00  0.0000E+00  1.0000E+00  2.0000E+00  0.0000E+00  0.0000E+00  0.0000E+00  1.0000E+00  7.3122E-07  0.0000E+00  1.0000E+00  0.0000E+00  0.0000E+00
  9.3000E+01  1.7170E+00  1.0000E+00  0.0000E+00  0.0000E+00  0.0000E+00  0.0000E+00  1.1958E-01  8.8729E-01  1.0865E-01  1.0000E+00  9.6406E-02  0.0000E+00  0.0000E+00
  9.4000E+01  0.0000E+00  0.0000E+00  1.0000E+00  2.0000E+00  0.0000E+00  0.0000E+00  0.0000E+00  1.0000E+00  7.3122E-07  0.0000E+00  1.0000E+00  0.0000E+00  0.0000E+00
  9.4000E+01  6.9390E+00  1.0000E+00  0.0000E+00  0.0000E+00  0.0000E+00  0.0000E+00  1.0565E+00  3.4766E-01  2.3754E-01  1.0000E+00  8.2581E-02  0.0000E+00  0.0000E+00
  9.5000E+01  0.0000E+00  0.0000E+00  1.0000E+00  2.0000E+00  0.0000E+00  0.0000E+00  0.0000E+00  1.0000E+00  7.3122E-07  0.0000E+00  1.0000E+00  0.0000E+00  0.0000E+00
  9.5000E+01  4.1400E-01  0.0000E+00  0.0000E+00  0.0000E+00  0.0000E+00  0.0000E+00  1.2999E-02  9.8709E-01  4.8984E-02  0.0000E+00  9.8709E-01  0.0000E+00  0.0000E+00
  9.6000E+01  0.0000E+00  0.0000E+00  1.0000E+00  2.0000E+00  0.0000E+00  0.0000E+00  0.0000E+00  1.0000E+00  7.3122E-07  0.0000E+00  1.0000E+00  0.0000E+00  0.0000E+00
  9.6000E+01  9.3040E+00  1.0000E+00  0.0000E+00  0.0000E+00  0.0000E+00  0.0000E+00  1.6695E+00  1.8834E-01  2.7994E-01  1.0000E+00  5.2723E-02  0.0000E+00  0.0000E+00
  9.7000E+01  0.0000E+00  0.0000E+00  1.0000E+00  2.0000E+00  0.0000E+00  0.0000E+00  0.0000E+00  1.0000E+00  7.3122E-07  0.0000E+00  1.0000E+00  0.0000E+00  0.0000E+00
  9.7000E+01  4.6800E-01  0.0000E+00  0.0000E+00  0.0000E+00  0.0000E+00  0.0000E+00  1.5739E-02  9.8438E-01  5.2466E-02  0.0000E+00  9.8438E-01  0.0000E+00  0.0000E+00
  9.8000E+01  0.0000E+00  0.0000E+00  1.0000E+00  2.0000E+00  0.0000E+00  0.0000E+00  0.0000E+00  1.0000E+00  7.3122E-07  0.0000E+00  1.0000E+00  0.0000E+00  0.0000E+00
  9.8000E+01  1.9720E+00  1.0000E+00  0.0000E+00  0.0000E+00  0.0000E+00  0.0000E+00  1.4842E-01  8.6207E-01  1.1741E-01  1.0000E+00  1.0122E-01  0.0000E+00  0.0000E+00
  9.9000E+01  0.0000E+00  0.0000E+00  1.0000E+00  2.0000E+00  0.0000E+00  0.0000E+00  0.0000E+00  1.0000E+00  7.3122E-07  0.0000E+00  1.0000E+00  0.0000E+00  0.0000E+00
  9.9000E+01  4.8840E+00  1.0000E+00  0.0000E+00  0.0000E+00  0.0000E+00  0.0000E+00  6.1086E-01  5.4288E-01  1.9512E-01  1.0000E+00  1.0593E-01  0.0000E+00  0.0000E+00
  1.0000E+02  0.0000E+00  0.0000E+00  1.0000E+00  2.0000E+00  0.0000E+00  0.0000E+00  0.0000E+00  1.0000E+00  7.3122E-07  0.0000E+00  1.0000E+00  0.0000E+00  0.0000E+00
  1.0000E+02  4.8060E+00  1.0000E+00  0.0000E+00  0.0000E+00  0.0000E+00  0.0000E+00  5.9571E-01  5.5117E-01  1.9337E-01  1.0000E+00  1.0658E-01  0.0000E+00  0.0000E+00
  1.0100E+02  0.0000E+00  0.0000E+00  1.0000E+00  2.0000E+00  5.0000E+01  4.4130E-01  0.0000E+00  1.0000E+00  3.5565E-07  0.0000E+00  1.0000E+00  0.0000E+00  0.0000E+00
  1.0100E+02  7.5990E+00  1.0000E+00  0.0000E+00  0.0000E+00  5.0000E+01  4.4130E-01  5.9213E-01  5.5315E-01  1.2156E-01  1.0000E+00  6.7242E-02  0.0000E+00  0.0000E+00
  1.0200E+02  0.0000E+00  0.0000E+00  1.0000E+00  2.0000E+00  5.0000E+01  3.5570E-01  0.0000E+00  1.0000E+00  3.5565E-07  0.0000E+00  1.0000E+00  0.0000E+00  0.0000E+00
  1.0200E+02  1.0127E+01  1.0000E+00  0.0000E+00  0.0000E+00  5.0000E+01  3.5570E-01  9.2681E-01  3.9581E-01  1.4277E-01  1.0000E+00  5.6512E-02  0.0000E+00  0.0000E+00
  1.0300E+02  0.0000E+00  0.0000E+00  1.0000E+00  2.0000E+00  5.0000E+01  3.3230E-01  0.0000E+00  1.0000E+00  3.5565E-07  0.0000E+00  1.0000E+00  0.0000E+00  0.0000E+00
  1.0300E+02  1.8400E-01  1.0000E+00  0.0000E+00  0.0000E+00  5.0000E+01  3.3230E-01  1.7843E-03  9.9822E-01  1.5128E-02  1.0000E+00  1.5101E-02  0.0000E+00  0.0000E+00
  1.0400E+02  0.0000E+00  0.0000E+00  1.0000E+00  2.0000E+00  5.0000E+01  3.9090E-01  0.0000E+00  1.0000E+00  3.5565E-07  0.0000E+00  1.0000E+00  0.0000E+00  0.0000E+00
  1.0400E+02  9.6280E+00  1.0000E+00  0.0000E+00  0.0000E+00  5.0000E+01  3.9090E-01  8.5656E-01  4.2462E-01  1.3879E-01  1.0000E+00  5.8934E-02  0.0000E+00  0.0000E+00
  1.0500E+02  0.0000E+00  0.0000E+00  1.0000E+00  2.0000E+00  5.0000E+01  6.0680E-01  0.0000E+00  1.0000E+00  3.5565E-07  0.0000E+00  1.0000E+00  0.0000E+00  0.0000E+00
  1.0500E+02  1.2000E+01  0.0000E+00  0.0000E+00  0.0000E+00  5.0000E+01  6.0680E-01  1.2077E+00  2.9888E-01  1.5701E-01  0.0000E+00  2.9888E-01  0.0000E+00  0.0000E+00
  1.0600E+02  0.0000E+00  0.0000E+00  1.0000E+00  2.0000E+00  5.0000E+01  3.6070E-01  0.0000E+00  1.0000E+00  3.5565E-07  0.0000E+00  1.0000E+00  0.0000E+00  0.0000E+00
  1.0600E+02  9.4690E+00  1.0000E+00  0.0000E+00  0.0000E+00  5.0000E+01  3.6070E-01  8.3459E-01  4.3405E-01  1.3750E-01  1.0000E+00  5.9683E-02  0.0000E+00  0.0000E+00
  1.0700E+02  0.0000E+00  0.0000E+00  1.0000E+00  2.0000E+00  5.0000E+01  5.6270E-01  0.0000E+00  1.0000E+00  3.5565E-07  0.0000E+00  1.0000E+00  0.0000E+00  0.0000E+00
  1.0700E+02  9.4570E+00  1.0000E+00  0.0000E+00  0.0000E+00  5.0000E+01  5.6270E-01  8.3294E-01  4.3477E-01  1.3741E-01  1.0000E+00  5.9739E-02  0.0000E+00  0.0000E+00
  1.0800E+02  0.0000E+00  0.0000E+00  1.0000E+00  2.0000E+00  5.0000E+01  4.4320E-01  0.0000E+00  1.0000E+00  3.5565E-07  0.0000E+00  1.0000E+00  0.0000E+00  0.0000E+00
  1.0800E+02  8.1660E+00  1.0000E+00  0.0000E+00  0.0000E+00  5.0000E+01  4.4320E-01  6.6248E-01  5.1557E-01  1.2656E-01  1.0000E+00  6.5252E-02  0.0000E+00  0.0000E+00
  1.0900E+02  0.0000E+00  0.0000E+00  1.0000E+00  2.0000E+00  5.0000E+01  4.3300E-01  0.0000E+00  1.0000E+00  3.5565E-07  0.0000E+00  1.0000E+00  0.0000E+00  0.0000E+00
  1.0900E+02  4.2670E+00  1.0000E+00  0.0000E+00  0.0000E+00  5.0000E+01  4.3300E-01  2.4066E-01  7.8611E-01  8.7989E-02  1.0000E+00  6.9169E-02  0.0000E+00  0.0000E+00
  1.1000E+02  0.0000E+00  0.0000E+00  1.0000E+00  2.0000E+00  5.0000E+01  4.8220E-01  0.0000E+00  1.0000E+00  3.5565E-07  0.0000E+00  1.0000E+00  0.0000E+00  0.0000E+00
  1.1000E+02  1.8220E+00  1.0000E+00  0.0000E+00  0.0000E+00  5.0000E+01  4.8220E-01  6.3805E-02  9.3819E-01  5.4632E-02  1.0000E+00  5.1255E-02  0.0000E+00  0.0000E+00
  1.1100E+02  0.0000E+00  0.0000E+00  1.0000E+00  2.0000E+00  5.0000E+01  4.7620E-01  0.0000E+00  1.0000E+00  3.5565E-07  0.0000E+00  1.0000E+00  0.0000E+00  0.0000E+00
  1.1100E+02  2.1080E+00  0.0000E+00  0.0000E+00  0.0000E+00  5.0000E+01  4.7620E-01  8.0102E-02  9.2302E-01  5.9280E-02  0.0000E+00  9.2302E-01  0.0000E+00  0.0000E+00
  1.1200E+02  0.0000E+00  0.0000E+00  1.0000E+00  2.0000E+00  5.0000E+01  1.9190E-01  0.0000E+00  1.0000E+00  3.5565E-07  0.0000E+00  1.0000E+00  0.0000E+00  0.0000E+00
  1.1200E+02  9.8850E+00  1.0000E+00  0.0000E+00  0.0000E+00  5.0000E+01  1.9190E-01  8.9249E-01  4.0963E-01  1.4085E-01  1.0000E+00  5.7698E-02  0.0000E+00  0.0000E+00
  1.1300E+02  0.0000E+00  0.0000E+00  1.0000E+00  2.0000E+00  5.0000E+01  6.8540E-01  0.0000E+00  1.0000E+00  3.5565E-07  0.0000E+00  1.0000E+00  0.0000E+00  0.0000E+00
  1.1300E+02  7.3130E+00  1.0000E+00  0.0000E+00  0.0000E+00  5.0000E+01  6.8540E-01  5.5773E-01  5.7251E-01  1.1898E-01  1.0000E+00  6.8116E-02  0.0000E+00  0.0000E+00
  1.1400E+02  0.0000E+00  0.0000E+00  1.0000E+00  2.0000E+00  5.0000E+01  5.0770E-01  0.0000E+00  1.0000E+00  3.5565E-07  0.0000E+00  1.0000E+00  0.0000E+00  0.0000E+00
  1.1400E+02  2.9640E+00  1.0000E+00  0.0000E+00  0.0000E+00  5.0000E+01  5.0770E-01  1.3631E-01  8.7257E-01  7.1747E-02  1.0000E+00  6.2604E-02  0.0000E+00  0.0000E+00
  1.1500E+02  0.0000E+00  0.0000E+00  1.0000E+00  2.0000E+00  5.0000E+01  3.6100E-01  0.0000E+00  1.0000E+00  3.5565E-07  0.0000E+00  1.0000E+00  0.0000E+00  0.0000E+00
  1.1500E+02  1.2000E+01  0.0000E+00  0.0000E+00  0.0000E+00  5.0000E+01  3.6100E-01  1.2077E+00  2.9888E-01  1.5701E-01  0.0000E+00  2.9888E-01  0.0000E+00  0.0000E+00
  1.1600E+02  0.0000E+00  0.0000E+00  1.0000E+00  2.0000E+00  5.0000E+01  3.1270E-01  0.0000E+00  1.0000E+00  3.5565E-07  0.0000E+00  1.0000E+00  0.0000E+00  0.0000E+00
  1.1600E+02  1.2000E+01  0.0000E+00  0.0000E+00  0.0000E+00  5.0000E+01  3.1270E-01  1.2077E+00  2.9888E-01  1.5701E-01  0.0000E+00  2.9888E-01  0.0000E+00  0.0000E+00
  1.1700E+02  0.0000E+00  0.0000E+00  1.0000E+00  2.0000E+00  5.0000E+01  2.9670E-01  0.0000E+00  1.0000E+00  3.5565E-07  0.0000E+00  1.0000E+00  0.0000E+00  0.0000E+00
  1.1700E+02  1.1516E+01  1.0000E+00  0.0000E+00  0.0000E+00  5.0000E+01  2.9670E-01  1.1326E+00  3.2220E-01  1.5343E-01  1.0000E+00  4.9435E-02  0.0000E+00  0.0000E+00
  1.1800E+02  0.0000E+00  0.0000E+00  1.0000E+00  2.0000E+00  5.0000E+01  5.3140E-01  0.0000E+00  1.0000E+00  3.5565E-07  0.0000E+00  1.0000E+00  0.0000E+00  0.0000E+00
  1.1800E+02  1.2000E+01  0.0000E+00  0.0000E+00  0.0000E+00  5.0000E+01  5.3140E-01  1.2077E+00  2.9888E-01  1.5701E-01  0.0000E+00  2.9888E-01  0.0000E+00  0.0000E+00
  1.1900E+02  0.0000E+00  0.0000E+00  1.0000E+00  2.0000E+00  5.0000E+01  3.1160E-01  0.0000E+00  1.0000E+00  3.5565E-07  0.0000E+00  1.0000E+00  0.0000E+00  0.0000E+00
  1.1900E+02  7.5850E+00  1.0000E+00  0.0000E+00  0.0000E+00  5.0000E+01  3.1160E-01  5.9043E-01  5.5409E-01  1.2144E-01  1.0000E+00  6.7287E-02  0.0000E+00  0.0000E+00
  1.2000E+02  0.0000E+00  0.0000E+00  1.0000E+00  2.0000E+00  5.0000E+01  5.3760E-01  0.0000E+00  1.0000E+00  3.5565E-07  0.0000E+00  1.0000E+00  0.0000E+00  0.0000E+00
  1.2000E+02  3.0260E+00  1.0000E+00  0.0000E+00  0.0000E+00  5.0000E+01  5.3760E-01  1.4079E-01  8.6867E-01  7.2584E-02  1.0000E+00  6.3052E-02  0.0000E+00  0.0000E+00
  1.2100E+02  0.0000E+00  0.0000E+00  1.0000E+00  2.0000E+00  5.0000E+01  5.2520E-01  0.0000E+00  1.0000E+00  3.5565E-07  0.0000E+00  1.0000E+00  0.0000E+00  0.0000E+00
  1.2100E+02  4.1570E+00  1.0000E+00  0.0000E+00  0.0000E+00  5.0000E+01  5.2520E-01  2.3106E-01  7.9370E-01  8.6712E-02  1.0000E+00  6.8823E-02  0.0000E+00  0.0000E+00
  1.2200E+02  0.0000E+00  0.0000E+00  1.0000E+00  2.0000E+00  5.0000E+01  2.2450E-01  0.0000E+00  1.0000E+00  3.5565E-07  0.0000E+00  1.0000E+00  0.0000E+00  0.0000E+00
  1.2200E+02  1.2000E+01  0.0000E+00  0.0000E+00  0.0000E+00  5.0000E+01  2.2450E-01  1.2077E+00  2.9888E-01  1.5701E-01  0.0000E+00  2.9888E-01  0.0000E+00  0.0000E+00
  1.2300E+02  0.0000E+00  0.0000E+00  1.0000E+00  2.0000E+00  5.0000E+01  6.2510E-01  0.0000E+00  1.0000E+00  3.5565E-07  0.0000E+00  1.0000E+00  0.0000E+00  0.0000E+00
  1.2300E+02  1.2000E+01  0.0000E+00  0.0000E+00  0.0000E+00  5.0000E+01  6.2510E-01  1.2077E+00  2.9888E-01  1.5701E-01  0.0000E+00  2.9888E-01  0.0000E+00  0.0000E+00
  1.2400E+02  0.0000E+00  0.0000E+00  1.0000E+00  2.0000E+00  5.0000E+01  2.9080E-01  0.0000E+00  1.0000E+00  3.5565E-07  0.0000E+00  1.0000E+00  0.0000E+00  0.0000E+00
  1.2400E+02  6.9660E+00  1.0000E+00  0.0000E+00  0.0000E+00  5.0000E+01  2.9080E-01  5.1700E-01  5.9631E-01  1.1578E-01  1.0000E+00  6.9042E-02  0.0000E+00  0.0000E+00
  1.2500E+02  0.0000E+00  0.0000E+00  1.0000E+00  2.0000E+00  5.0000E+01  2.4660E-01  0.0000E+00  1.0000E+00  3.5565E-07  0.0000E+00  1.0000E+00  0.0000E+00  0.0000E+00
  1.2500E+02  1.1718E+01  1.0000E+00  0.0000E+00  0.0000E+00  5.0000E+01  2.4660E-01  1.1637E+00  3.1232E-01  1.5493E-01  1.0000E+00  4.8388E-02  0.0000E+00  0.0000E+00
  1.2600E+02  0.0000E+00  0.0000E+00  1.0000E+00  2.0000E+00  5.0000E+01  7.5460E-01  0.0000E+00  1.0000E+00  3.5565E-07  0.0000E+00  1.0000E+00  0.0000E+00  0.0000E+00
  1.2600E+02  5.2230E+00  1.0000E+00  0.0000E+00  0.0000E+00  5.0000E+01  7.5460E-01  3.2990E-01  7.1900E-01  9.8537E-02  1.0000E+00  7.0848E-02  0.0000E+00  0.0000E+00
  1.2700E+02  0.0000E+00  0.0000E+00  1.0000E+00  2.0000E+00  5.0000E+01  3.4710E-01  0.0000E+00  1.0000E+00  3.5565E-07  0.0000E+00  1.0000E+00  0.0000E+00  0.0000E+00
  1.2700E+02  7.0230E+00  1.0000E+00  0.0000E+00  0.0000E+00  5.0000E+01  3.4710E-01  5.2361E-01  5.9238E-01  1.1631E-01  1.0000E+00  6.8901E-02  0.0000E+00  0.0000E+00
  1.2800E+02  0.0000E+00  0.0000E+00  1.0000E+00  2.0000E+00  5.0000E+01  2.8560E-01  0.0000E+00  1.0000E+00  3.5565E-07  0.0000E+00  1.0000E+00  0.0000E+00  0.0000E+00
  1.2800E+02  6.0280E+00  0.0000E+00  0.0000E+00  0.0000E+00  5.0000E+01  2.8560E-01  4.1257E-01  6.6195E-01  1.0677E-01  0.0000E+00  6.6195E-01  0.0000E+00  0.0000E+00
  1.2900E+02  0.0000E+00  0.0000E+00  1.0000E+00  2.0000E+00  5.0000E+01  4.3210E-01  0.0000E+00  1.0000E+00  3.5565E-07  0.0000E+00  1.0000E+00  0.0000E+00  0.0000E+00
  1.2900E+02  1.0011E+01  1.0000E+00  0.0000E+00  0.0000E+00  5.0000E+01  4.3210E-01  9.1030E-01  4.0240E-01  1.4186E-01  1.0000E+00  5.7083E-02  0.0000E+00  0.0000E+00
  1.3000E+02  0.0000E+00  0.0000E+00  1.0000E+00  2.0000E+00  5.0000E+01  4.3700E-01  0.0000E+00  1.0000E+00  3.5565E-07  0.0000E+00  1.0000E+00  0.0000E+00  0.0000E+00
  1.3000E+02  1.2000E+01  0.0000E+00  0.0000E+00  0.0000E+00  5.0000E+01  4.3700E-01  1.2077E+00  2.9888E-01  1.5701E-01  0.0000E+00  2.9888E-01  0.0000E+00  0.0000E+00
  1.3100E+02  0.0000E+00  0.0000E+00  1.0000E+00  2.0000E+00  5.0000E+01  7.4250E-01  0.0000E+00  1.0000E+00  3.5565E-07  0.0000E+00  1.0000E+00  0.0000E+00  0.0000E+00
  1.3100E+02  1.7660E+00  1.0000E+00  0.0000E+00  0.0000E+00  5.0000E+01  7.4250E-01  6.0772E-02  9.4104E-01  5.3685E-02  1.0000E+00  5.0520E-02  0.0000E+00  0.0000E+00
  1.3200E+02  0.0000E+00  0.0000E+00  1.0000E+00  2.0000E+00  5.0000E+01  2.7010E-01  0.0000E+00  1.0000E+00  3.5565E-07  0.0000E+00  1.0000E+00  0.0000E+00  0.0000E+00
  1.3200E+02  2.0990E+00  1.0000E+00  0.0000E+00  0.0000E+00  5.0000E+01  2.7010E-01  7.9569E-02  9.2351E-01  5.9139E-02  1.0000E+00  5.4615E-02  0.0000E+00  0.0000E+00
  1.3300E+02  0.0000E+00  0.0000E+00  1.0000E+00  2.0000E+00  5.0000E+01  4.1660E-01  0.0000E+00  1.0000E+00  3.5565E-07  0.0000E+00  1.0000E+00  0.0000E+00  0.0000E+00
  1.3300E+02  2.5460E+00  1.0000E+00  0.0000E+00  0.0000E+00  5.0000E+01  4.1660E-01  1.0753E-01  8.9805E-01  6.5891E-02  1.0000E+00  5.9174E-02  0.0000E+00  0.0000E+00
  1.3400E+02  0.0000E+00  0.0000E+00  1.0000E+00  2.0000E+00  5.0000E+01  3.6180E-01  0.0000E+00  1.0000E+00  3.5565E-07  0.0000E+00  1.0000E+00  0.0000E+00  0.0000E+00
  1.3400E+02  1.2000E+01  0.0000E+00  0.0000E+00  0.0000E+00  5.0000E+01  3.6180E-01  1.2077E+00  2.9888E-01  1.5701E-01  0.0000E+00  2.9888E-01  0.0000E+00  0.0000E+00
  1.3500E+02  0.0000E+00  0.0000E+00  1.0000E+00  2.0000E+00  5.0000E+01  3.5490E-01  0.0000E+00  1.0000E+00  3.5565E-07  0.0000E+00  1.0000E+00  0.0000E+00  0.0000E+00
  1.3500E+02  8.1060E+00  1.0000E+00  0.0000E+00  0.0000E+00  5.0000E+01  3.5490E-01  6.5490E-01  5.1949E-01  1.2604E-01  1.0000E+00  6.5477E-02  0.0000E+00  0.0000E+00
  1.3600E+02  0.0000E+00  0.0000E+00  1.0000E+00  2.0000E+00  5.0000E+01  3.3700E-01  0.0000E+00  1.0000E+00  3.5565E-07  0.0000E+00  1.0000E+00  0.0000E+00  0.0000E+00
  1.3600E+02  5.0640E+00  1.0000E+00  0.0000E+00  0.0000E+00  5.0000E+01  3.3700E-01  3.1437E-01  7.3025E-01  9.6846E-02  1.0000E+00  7.0722E-02  0.0000E+00  0.0000E+00
  1.3700E+02  0.0000E+00  0.0000E+00  1.0000E+00  2.0000E+00  5.0000E+01  3.2310E-01  0.0000E+00  1.0000E+00  3.5565E-07  0.0000E+00  1.0000E+00  0.0000E+00  0.0000E+00
  1.3700E+02  1.2000E+01  0.0000E+00  0.0000E+00  0.0000E+00  5.0000E+01  3.2310E-01  1.2077E+00  2.9888E-01  1.5701E-01  0.0000E+00  2.9888E-01  0.0000E+00  0.0000E+00
  1.3800E+02  0.0000E+00  0.0000E+00  1.0000E+00  2.0000E+00  5.0000E+01  3.2460E-01  0.0000E+00  1.0000E+00  3.5565E-07  0.0000E+00  1.0000E+00  0.0000E+00  0.0000E+00
  1.3800E+02  4.8000E+00  1.0000E+00  0.0000E+00  0.0000E+00  5.0000E+01  3.2460E-01  2.8917E-01  7.4888E-01  9.3985E-02  1.0000E+00  7.0384E-02  0.0000E+00  0.0000E+00
  1.3900E+02  0.0000E+00  0.0000E+00  1.0000E+00  2.0000E+00  5.0000E+01  5.6250E-01  0.0000E+00  1.0000E+00  3.5565E-07  0.0000E+00  1.0000E+00  0.0000E+00  0.0000E+00
  1.3900E+02  1.8650E+00  0.0000E+00  0.0000E+00  0.0000E+00  5.0000E+01  5.6250E-01  6.6170E-02  9.3597E-01  5.5350E-02  0.0000E+00  9.3597E-01  0.0000E+00  0.0000E+00
  1.4000E+02  0.0000E+00  0.0000E+00  1.0000E+00  2.0000E+00  5.0000E+01  3.5080E-01  0.0000E+00  1.0000E+00  3.5565E-07  0.0000E+00  1.0000E+00  0.0000E+00  0.0000E+00
  1.4000E+02  1.2000E+01  0.0000E+00  0.0000E+00  0.0000E+00  5.0000E+01  3.5080E-01  1.2077E+00  2.9888E-01  1.5701E-01  0.0000E+00  2.9888E-01  0.0000E+00  0.0000E+00
  1.4100E+02  0.0000E+00  0.0000E+00  1.0000E+00  2.0000E+00  5.0000E+01  3.7070E-01  0.0000E+00  1.0000E+00  3.5565E-07  0.0000E+00  1.0000E+00  0.0000E+00  0.0000E+00
  1.4100E+02  1.2000E+01  0.0000E+00  0.0000E+00  0.0000E+00  5.0000E+01  3.7070E-01  1.2077E+00  2.9888E-01  1.5701E-01  0.0000E+00  2.9888E-01  0.0000E+00  0.0000E+00
  1.4200E+02  0.0000E+00  0.0000E+00  1.0000E+00  2.0000E+00  5.0000E+01  5.3130E-01  0.0000E+00  1.0000E+00  3.5565E-07  0.0000E+00  1.0000E+00  0.0000E+00  0.0000E+00
  1.4200E+02  5.8300E+00  1.0000E+00  0.0000E+00  0.0000E+00  5.0000E+01  5.3130E-01  3.9163E-01  6.7596E-01  1.0480E-01  1.0000E+00  7.0837E-02  0.0000E+00  0.0000E+00
  1.4300E+02  0.0000E+00  0.0000E+00  1.0000E+00  2.0000E+00  5.0000E+01  3.7520E-01  0.0000E+00  1.0000E+00  3.5565E-07  0.0000E+00  1.0000E+00  0.0000E+00  0.0000E+00
  1.4300E+02  8.2430E+00  1.0000E+00  0.0000E+00  0.0000E+00  5.0000E+01  3.7520E-01  6.7225E-01  5.1056E-01  1.2723E-01  1.0000E+00  6.4958E-02  0.0000E+00  0.0000E+00
  1.4400E+02  0.0000E+00  0.0000E+00  1.0000E+00  2.0000E+00  5.0000E+01  5.0480E-01  0.0000E+00  1.0000E+00  3.5565E-07  0.0000E+00  1.0000E+00  0.0000E+00  0.0000E+00
  1.4400E+02  9.3940E+00  1.0000E+00  0.0000E+00  0.0000E+00  5.0000E+01  5.0480E-01  8.2430E-01  4.3854E-01  1.3689E-01  1.0000E+00  6.0032E-02  0.0000E+00  0.0000E+00
  1.4500E+02  0.0000E+00  0.0000E+00  1.0000E+00  2.0000E+00  5.0000E+01  5.7280E-01  0.0000E+00  1.0000E+00  3.5565E-07  0.0000E+00  1.0000E+00  0.0000E+00  0.0000E+00
  1.4500E+02  1.1043E+01  1.0000E+00  0.0000E+00  0.0000E+00  5.0000E+01  5.7280E-01  1.0609E+00  3.4616E-01  1.4987E-01  1.0000E+00  5.1878E-02  0.0000E+00  0.0000E+00
  1.4600E+02  0.0000E+00  0.0000E+00  1.0000E+00  2.0000E+00  5.0000E+01  6.1570E-01  0.0000E+00  1.0000E+00  3.5565E-07  0.0000E+00  1.0000E+00  0.0000E+00  0.0000E+00
  1.4600E+02  6.6820E+00  1.0000E+00  0.0000E+00  0.0000E+00  5.0000E+01  6.1570E-01  4.8449E-01  6.1601E-01  1.1311E-01  1.0000E+00  6.9680E-02  0.0000E+00  0.0000E+00
  1.4700E+02  0.0000E+00  0.0000E+00  1.0000E+00  2.0000E+00  5.0000E+01  7.9620E-01  0.0000E+00  1.0000E+00  3.5565E-07  0.0000E+00  1.0000E+00  0.0000E+00  0.0000E+00
  1.4700E+02  1.1369E+01  1.0000E+00  0.0000E+00  0.0000E+00  5.0000E+01  7.9620E-01  1.1101E+00  3.2952E-01  1.5233E-01  1.0000E+00  5.0196E-02  0.0000E+00  0.0000E+00
  1.4800E+02  0.0000E+00  0.0000E+00  1.0000E+00  2.0000E+00  5.0000E+01  3.7050E-01  0.0000E+00  1.0000E+00  3.5565E-07  0.0000E+00  1.0000E+00  0.0000E+00  0.0000E+00
  1.4800E+02  1.1192E+01  1.0000E+00  0.0000E+00  0.0000E+00  5.0000E+01  3.7050E-01  1.0833E+00  3.3848E-01  1.5100E-01  1.0000E+00  5.1111E-02  0.0000E+00  0.0000E+00
  1.4900E+02  0.0000E+00  0.0000E+00  1.0000E+00  2.0000E+00  5.0000E+01  4.1540E-01  0.0000E+00  1.0000E+00  3.5565E-07  0.0000E+00  1.0000E+00  0.0000E+00  0.0000E+00
  1.4900E+02  1.2000E+01  0.0000E+00  0.0000E+00  0.0000E+00  5.0000E+01  4.1540E-01  1.2077E+00  2.9888E-01  1.5701E-01  0.0000E+00  2.9888E-01  0.0000E+00  0.0000E+00
  1.5000E+02  0.0000E+00  0.0000E+00  1.0000E+00  2.0000E+00  5.0000E+01  3.4790E-01  0.0000E+00  1.0000E+00  3.5565E-07  0.0000E+00  1.0000E+00  0.0000E+00  0.0000E+00
  1.5000E+02  1.2000E+01  0.0000E+00  0.0000E+00  0.0000E+00  5.0000E+01  3.4790E-01  1.2077E+00  2.9888E-01  1.5701E-01  0.0000E+00  2.9888E-01  0.0000E+00  0.0000E+00
  1.5100E+02  0.0000E+00  0.0000E+00  1.0000E+00  2.0000E+00  5.0000E+01  5.6840E-01  0.0000E+00  1.0000E+00  3.5565E-07  0.0000E+00  1.0000E+00  0.0000E+00  0.0000E+00
  1.5100E+02  1.2000E+01  0.0000E+00  0.0000E+00  0.0000E+00  5.0000E+01  5.6840E-01  1.2077E+00  2.9888E-01  1.5701E-01  0.0000E+00  2.9888E-01  0.0000E+00  0.0000E+00
  1.5200E+02  0.0000E+00  0.0000E+00  1.0000E+00  2.0000E+00  5.0000E+01  4.2400E-01  0.0000E+00  1.0000E+00  3.5565E-07  0.0000E+00  1.0000E+00  0.0000E+00  0.0000E+00
  1.5200E+02  1.2000E+01  0.0000E+00  0.0000E+00  0.0000E+00  5.0000E+01  4.2400E-01  1.2077E+00  2.9888E-01  1.5701E-01  0.0000E+00  2.9888E-01  0.0000E+00  0.0000E+00
  1.5300E+02  0.0000E+00  0.0000E+00  1.0000E+00  2.0000E+00  5.0000E+01  2.7440E-01  0.0000E+00  1.0000E+00  3.5565E-07  0.0000E+00  1.0000E+00  0.0000E+00  0.0000E+00
  1.5300E+02  8.9790E+00  1.0000E+00  0.0000E+00  0.0000E+00  5.0000E+01  2.7440E-01  7.6820E-01  4.6385E-01  1.3347E-01  1.0000E+00  6.1910E-02  0.0000E+00  0.0000E+00
  1.5400E+02  0.0000E+00  0.0000E+00  1.0000E+00  2.0000E+00  5.0000E+01  5.7810E-01  0.0000E+00  1.0000E+00  3.5565E-07  0.0000E+00  1.0000E+00  0.0000E+00  0.0000E+00
  1.5400E+02  1.2000E+01  0.0000E+00  0.0000E+00  0.0000E+00  5.0000E+01  5.7810E-01  1.2077E+00  2.9888E-01  1.5701E-01  0.0000E+00  2.9888E-01  0.0000E+00  0.0000E+00
  1.5500E+02  0.0000E+00  0.0000E+00  1.0000E+00  2.0000E+00  5.0000E+01  4.2060E-01  0.0000E+00  1.0000E+00  3.5565E-07  0.0000E+00  1.0000E+00  0.0000E+00  0.0000E+00
  1.5500E+02  1.2000E+01  0.0000E+00  0.0000E+00  0.0000E+00  5.0000E+01  4.2060E-01  1.2077E+00  2.9888E-01  1.5701E-01  0.0000E+00  2.9888E-01  0.0000E+00  0.0000E+00
  1.5600E+02  0.0000E+00  0.0000E+00  1.0000E+00  2.0000E+00  5.0000E+01  3.2510E-01  0.0000E+00  1.0000E+00  3.5565E-07  0.0000E+00  1.0000E+00  0.0000E+00  0.0000E+00
  1.5600E+02  1.7470E+00  1.0000E+00  0.0000E+00  0.0000E+00  5.0000E+01  3.2510E-01  5.9755E-02  9.4200E-01  5.3361E-02  1.0000E+00  5.0266E-02  0.0000E+00  0.0000E+00
  1.5700E+02  0.0000E+00  0.0000E+00  1.0000E+00  2.0000E+00  5.0000E+01  4.1560E-01  0.0000E+00  1.0000E+00  3.5565E-07  0.0000E+00  1.0000E+00  0.0000E+00  0.0000E+00
  1.5700E+02  2.3180E+00  1.0000E+00  0.0000E+00  0.0000E+00  5.0000E+01  4.1560E-01  9.2893E-02  9.1129E-01  6.2519E-02  1.0000E+00  5.6973E-02  0.0000E+00  0.0000E+00
  1.5800E+02  0.0000E+00  0.0000E+00  1.0000E+00  2.0000E+00  5.0000E+01  3.2830E-01  0.0000E+00  1.0000E+00  3.5565E-07  0.0000E+00  1.0000E+00  0.0000E+00  0.0000E+00
  1.5800E+02  2.4000E-02  1.0000E+00  0.0000E+00  0.0000E+00  5.0000E+01  3.2830E-01  7.4374E-05  9.9993E-01  4.8345E-03  1.0000E+00  4.8342E-03  0.0000E+00  0.0000E+00
  1.5900E+02  0.0000E+00  0.0000E+00  1.0000E+00  2.0000E+00  5.0000E+01  2.6170E-01  0.0000E+00  1.0000E+00  3.5565E-07  0.0000E+00  1.0000E+00  0.0000E+00  0.0000E+00
  1.5900E+02  1.0849E+01  1.0000E+00  0.0000E+00  0.0000E+00  5.0000E+01  2.6170E-01  1.0319E+00  3.5632E-01  1.4839E-01  1.0000E+00  5.2874E-02  0.0000E+00  0.0000E+00
  1.6000E+02  0.0000E+00  0.0000E+00  1.0000E+00  2.0000E+00  5.0000E+01  6.3190E-01  0.0000E+00  1.0000E+00  3.5565E-07  0.0000E+00  1.0000E+00  0.0000E+00  0.0000E+00
  1.6000E+02  2.8990E+00  0.0000E+00  0.0000E+00  0.0000E+00  5.0000E+01  6.3190E-01  1.3168E-01  8.7662E-01  7.0862E-02  0.0000E+00  8.7662E-01  0.0000E+00  0.0000E+00
  1.6100E+02  0.0000E+00  0.0000E+00  1.0000E+00  2.0000E+00  5.0000E+01  6.7770E-01  0.0000E+00  1.0000E+00  3.5565E-07  0.0000E+00  1.0000E+00  0.0000E+00  0.0000E+00
  1.6100E+02  1.2000E+01  0.0000E+00  0.0000E+00  0.0000E+00  5.0000E+01  6.7770E-01  1.2077E+00  2.9888E-01  1.5701E-01  0.0000E+00  2.9888E-01  0.0000E+00  0.0000E+00
  1.6200E+02  0.0000E+00  0.0000E+00  1.0000E+00  2.0000E+00  5.0000E+01  2.6370E-01  0.0000E+00  1.0000E+00  3.5565E-07  0.0000E+00  1.0000E+00  0.0000E+00  0.0000E+00
  1.6200E+02  2.4690E+00  1.0000E+00  0.0000E+00  0.0000E+00  5.0000E+01  2.6370E-01  1.0250E-01  9.0257E-01  6.4768E-02  1.0000E+00  5.8458E-02  0.0000E+00  0.0000E+00
  1.6300E+02  0.0000E+00  0.0000E+00  1.0000E+00  2.0000E+00  5.0000E+01  6.3390E-01  0.0000E+00  1.0000E+00  3.5565E-07  0.0000E+00  1.0000E+00  0.0000E+00  0.0000E+00
  1.6300E+02  1.2000E+01  0.0000E+00  0.0000E+00  0.0000E+00  5.0000E+01  6.3390E-01  1.2077E+00  2.9888E-01  1.5701E-01  0.0000E+00  2.9888E-01  0.0000E+00  0.0000E+00
  1.6400E+02  0.0000E+00  0.0000E+00  1.0000E+00  2.0000E+00  5.0000E+01  3.5700E-01  0.0000E+00  1.0000E+00  3.5565E-07  0.0000E+00  1.0000E+00  0.0000E+00  0.0000E+00
  1.6400E+02  4.4090E+00  1.0000E+00  0.0000E+00  0.0000E+00  5.0000E+01  3.5700E-01  2.5327E-01  7.7625E-01  8.9617E-02  1.0000E+00  6.9566E-02  0.0000E+00  0.0000E+00
  1.6500E+02  0.0000E+00  0.0000E+00  1.0000E+00  2.0000E+00  5.0000E+01  4.7840E-01  0.0000E+00  1.0000E+00  3.5565E-07  0.0000E+00  1.0000E+00  0.0000E+00  0.0000E+00
  1.6500E+02  4.9210E+00  1.0000E+00  0.0000E+00  0.0000E+00  5.0000E+01  4.7840E-01  3.0063E-01  7.4035E-01  9.5305E-02  1.0000E+00  7.0559E-02  0.0000E+00  0.0000E+00
  1.6600E+02  0.0000E+00  0.0000E+00  1.0000E+00  2.0000E+00  5.0000E+01  2.3630E-01  0.0000E+00  1.0000E+00  3.5565E-07  0.0000E+00  1.0000E+00  0.0000E+00  0.0000E+00
  1.6600E+02  3.7410E+00  1.0000E+00  0.0000E+00  0.0000E+00  5.0000E+01  2.3630E-01  1.9601E-01  8.2200E-01  8.1739E-02  1.0000E+00  6.7190E-02  0.0000E+00  0.0000E+00
  1.6700E+02  0.0000E+00  0.0000E+00  1.0000E+00  2.0000E+00  5.0000E+01  3.5840E-01  0.0000E+00  1.0000E+00  3.5565E-07  0.0000E+00  1.0000E+00  0.0000E+00  0.0000E+00
  1.6700E+02  4.0960E+00  1.0000E+00  0.0000E+00  0.0000E+00  5.0000E+01  3.5840E-01  2.2579E-01  7.9789E-01  8.5997E-02  1.0000E+00  6.8616E-02  0.0000E+00  0.0000E+00
  1.6800E+02  0.0000E+00  0.0000E+00  1.0000E+00  2.0000E+00  5.0000E+01  5.9100E-01  0.0000E+00  1.0000E+00  3.5565E-07  0.0000E+00  1.0000E+00  0.0000E+00  0.0000E+00
  1.6800E+02  1.0095E+01  1.0000E+00  0.0000E+00  0.0000E+00  5.0000E+01  5.9100E-01  9.2225E-01  3.9762E-01  1.4252E-01  1.0000E+00  5.6670E-02  0.0000E+00  0.0000E+00
  1.6900E+02  0.0000E+00  0.0000E+00  1.0000E+00  2.0000E+00  5.0000E+01  4.0540E-01  0.0000E+00  1.0000E+00  3.5565E-07  0.0000E+00  1.0000E+00  0.0000E+00  0.0000E+00
  1.6900E+02  2.9910E+00  1.0000E+00  0.0000E+00  0.0000E+00  5.0000E+01  4.0540E-01  1.3826E-01  8.7088E-01  7.2112E-02  1.0000E+00  6.2801E-02  0.0000E+00  0.0000E+00
  1.7000E+02  0.0000E+00  0.0000E+00  1.0000E+00  2.0000E+00  5.0000E+01  4.3640E-01  0.0000E+00  1.0000E+00  3.5565E-07  0.0000E+00  1.0000E+00  0.0000E+00  0.0000E+00
  1.7000E+02  1.2000E+01  0.0000E+00  0.0000E+00  0.0000E+00  5.0000E+01  4.3640E-01  1.2077E+00  2.9888E-01  1.5701E-01  0.0000E+00  2.9888E-01  0.0000E+00  0.0000E+00
  1.7100E+02  0.0000E+00  0.0000E+00  1.0000E+00  2.0000E+00  5.0000E+01  3.7590E-01  0.0000E+00  1.0000E+00  3.5565E-07  0.0000E+00  1.0000E+00  0.0000E+00  0.0000E+00
  1.7100E+02  5.2980E+00  1.0000E+00  0.0000E+00  0.0000E+00  5.0000E+01  3.7590E-01  3.3732E-01  7.1368E-01  9.9327E-02  1.0000E+00  7.0888E-02  0.0000E+00  0.0000E+00
  1.7200E+02  0.0000E+00  0.0000E+00  1.0000E+00  2.0000E+00  5.0000E+01  3.5440E-01  0.0000E+00  1.0000E+00  3.5565E-07  0.0000E+00  1.0000E+00  0.0000E+00  0.0000E+00
  1.7200E+02  1.0130E+00  1.0000E+00  0.0000E+00  0.0000E+00  5.0000E+01  3.5440E-01  2.5535E-02  9.7479E-01  3.9325E-02  1.0000E+00  3.8333E-02  0.0000E+00  0.0000E+00
  1.7300E+02  0.0000E+00  0.0000E+00  1.0000E+00  2.0000E+00  5.0000E+01  2.8540E-01  0.0000E+00  1.0000E+00  3.5565E-07  0.0000E+00  1.0000E+00  0.0000E+00  0.0000E+00
  1.7300E+02  6.1750E+00  1.0000E+00  0.0000E+00  0.0000E+00  5.0000E+01  2.8540E-01  4.2837E-01  6.5157E-01  1.0822E-01  1.0000E+00  7.0516E-02  0.0000E+00  0.0000E+00
  1.7400E+02  0.0000E+00  0.0000E+00  1.0000E+00  2.0000E+00  5.0000E+01  2.8960E-01  0.0000E+00  1.0000E+00  3.5565E-07  0.0000E+00  1.0000E+00  0.0000E+00  0.0000E+00
  1.7400E+02  1.0254E+01  0.0000E+00  0.0000E+00  0.0000E+00  5.0000E+01  2.8960E-01  9.4501E-01  3.8868E-01  1.4377E-01  0.0000E+00  3.8868E-01  0.0000E+00  0.0000E+00
  1.7500E+02  0.0000E+00  0.0000E+00  1.0000E+00  2.0000E+00  5.0000E+01  2.8710E-01  0.0000E+00  1.0000E+00  3.5565E-07  0.0000E+00  1.0000E+00  0.0000E+00  0.0000E+00
  1.7500E+02  1.2000E+01  0.0000E+00  0.0000E+00  0.0000E+00  5.0000E+01  2.8710E-01  1.2077E+00  2.9888E-01  1.5701E-01  0.0000E+00  2.9888E-01  0.0000E+00  0.0000E+00
  1.7600E+02  0.0000E+00  0.0000E+00  1.0000E+00  2.0000E+00  5.0000E+01  3.8660E-01  0.0000E+00  1.0000E+00  3.5565E-07  0.0000E+00  1.0000E+00  0.0000E+00  0.0000E+00
  1.7600E+02  6.4250E+00  1.0000E+00  0.0000E+00  0.0000E+00  5.0000E+01  3.8660E-01  4.5574E-01  6.3398E-01  1.1066E-01  1.0000E+00  7.0155E-02  0.0000E+00  0.0000E+00
  1.7700E+02  0.0000E+00  0.0000E+00  1.0000E+00  2.0000E+00  5.0000E+01  5.0540E-01  0.0000E+00  1.0000E+00  3.5565E-07  0.0000E+00  1.0000E+00  0.0000E+00  0.0000E+00
  1.7700E+02  5.6640E+00  1.0000E+00  0.0000E+00  0.0000E+00  5.0000E+01  5.0540E-01  3.7437E-01  6.8772E-01  1.0311E-01  1.0000E+00  7.0914E-02  0.0000E+00  0.0000E+00
  1.7800E+02  0.0000E+00  0.0000E+00  1.0000E+00  2.0000E+00  5.0000E+01  4.7210E-01  0.0000E+00  1.0000E+00  3.5565E-07  0.0000E+00  1.0000E+00  0.0000E+00  0.0000E+00
  1.7800E+02  6.0410E+00  1.0000E+00  0.0000E+00  0.0000E+00  5.0000E+01  4.7210E-01  4.1396E-01  6.6103E-01  1.0690E-01  1.0000E+00  7.0666E-02  0.0000E+00  0.0000E+00
  1.7900E+02  0.0000E+00  0.0000E+00  1.0000E+00  2.0000E+00  5.0000E+01  4.5120E-01  0.0000E+00  1.0000E+00  3.5565E-07  0.0000E+00  1.0000E+00  0.0000E+00  0.0000E+00
  1.7900E+02  4.2810E+00  1.0000E+00  0.0000E+00  0.0000E+00  5.0000E+01  4.5120E-01  2.4190E-01  7.8514E-01  8.8151E-02  1.0000E+00  6.9210E-02  0.0000E+00  0.0000E+00
  1.8000E+02  0.0000E+00  0.0000E+00  1.0000E+00  2.0000E+00  5.0000E+01  4.6290E-01  0.0000E+00  1.0000E+00  3.5565E-07  0.0000E+00  1.0000E+00  0.0000E+00  0.0000E+00
  1.8000E+02  8.1830E+00  1.0000E+00  0.0000E+00  0.0000E+00  5.0000E+01  4.6290E-01  6.6463E-01  5.1446E-01  1.2671E-01  1.0000E+00  6.5187E-02  0.0000E+00  0.0000E+00
  1.8100E+02  0.0000E+00  0.0000E+00  1.0000E+00  2.0000E+00  5.0000E+01  4.0980E-01  0.0000E+00  1.0000E+00  3.5565E-07  0.0000E+00  1.0000E+00  0.0000E+00  0.0000E+00
  1.8100E+02  3.3210E+00  1.0000E+00  0.0000E+00  0.0000E+00  5.0000E+01  4.0980E-01  1.6278E-01  8.4978E-01  7.6466E-02  1.0000E+00  6.4979E-02  0.0000E+00  0.0000E+00
  1.8200E+02  0.0000E+00  0.0000E+00  1.0000E+00  2.0000E+00  5.0000E+01  2.8890E-01  0.0000E+00  1.0000E+00  3.5565E-07  0.0000E+00  1.0000E+00  0.0000E+00  0.0000E+00
  1.8200E+02  6.6580E+00  1.0000E+00  0.0000E+00  0.0000E+00  5.0000E+01  2.8890E-01  4.8178E-01  6.1768E-01  1.1289E-01  1.0000E+00  6.9729E-02  0.0000E+00  0.0000E+00
  1.8300E+02  0.0000E+00  0.0000E+00  1.0000E+00  2.0000E+00  5.0000E+01  5.4110E-01  0.0000E+00  1.0000E+00  3.5565E-07  0.0000E+00  1.0000E+00  0.0000E+00  0.0000E+00
  1.8300E+02  2.4910E+00  1.0000E+00  0.0000E+00  0.0000E+00  5.0000E+01  5.4110E-01  1.0393E-01  9.0129E-01  6.5090E-02  1.0000E+00  5.8665E-02  0.0000E+00  0.0000E+00
  1.8400E+02  0.0000E+00  0.0000E+00  1.0000E+00  2.0000E+00  5.0000E+01  2.6480E-01  0.0000E+00  1.0000E+00  3.5565E-07  0.0000E+00  1.0000E+00  0.0000E+00  0.0000E+00
  1.8400E+02  1.2000E+01  0.0000E+00  0.0000E+00  0.0000E+00  5.0000E+01  2.6480E-01  1.2077E+00  2.9888E-01  1.5701E-01  0.0000E+00  2.9888E-01  0.0000E+00  0.0000E+00
  1.8500E+02  0.0000E+00  0.0000E+00  1.0000E+00  2.0000E+00  5.0000E+01  4.0400E-01  0.0000E+00  1.0000E+00  3.5565E-07  0.0000E+00  1.0000E+00  0.0000E+00  0.0000E+00
  1.8500E+02  3.6590E+00  1.0000E+00  0.0000E+00  0.0000E+00  5.0000E+01  4.0400E-01  1.8935E-01  8.2750E-01  8.0731E-02  1.0000E+00  6.6805E-02  0.0000E+00  0.0000E+00
  1.8600E+02  0.0000E+00  0.0000E+00  1.0000E+00  2.0000E+00  5.0000E+01  3.3320E-01  0.0000E+00  1.0000E+00  3.5565E-07  0.0000E+00  1.0000E+00  0.0000E+00  0.0000E+00
  1.8600E+02  1.2000E+01  0.0000E+00  0.0000E+00  0.0000E+00  5.0000E+01  3.3320E-01  1.2077E+00  2.9888E-01  1.5701E-01  0.0000E+00  2.9888E-01  0.0000E+00  0.0000E+00
  1.8700E+02  0.0000E+00  0.0000E+00  1.0000E+00  2.0000E+00  5.0000E+01  4.2690E-01  0.0000E+00  1.0000E+00  3.5565E-07  0.0000E+00  1.0000E+00  0.0000E+00  0.0000E+00
  1.8700E+02  7.8590E+00  1.0000E+00  0.0000E+00  0.0000E+00  5.0000E+01  4.2690E-01  6.2403E-01  5.3578E-01  1.2387E-01  1.0000E+00  6.6369E-02  0.0000E+00  0.0000E+00
  1.8800E+02  0.0000E+00  0.0000E+00  1.0000E+00  2.0000E+00  5.0000E+01  6.6730E-01  0.0000E+00  1.0000E+00  3.5565E-07  0.0000E+00  1.0000E+00  0.0000E+00  0.0000E+00
  1.8800E+02  1.0090E+01  1.0000E+00  0.0000E+00  0.0000E+00  5.0000E+01  6.6730E-01  9.2154E-01  3.9791E-01  1.4248E-01  1.0000E+00  5.6695E-02  0.0000E+00  0.0000E+00
  1.8900E+02  0.0000E+00  0.0000E+00  1.0000E+00  2.0000E+00  5.0000E+01  4.5360E-01  0.0000E+00  1.0000E+00  3.5565E-07  0.0000E+00  1.0000E+00  0.0000E+00  0.0000E+00
  1.8900E+02  6.3890E+00  1.0000E+00  0.0000E+00  0.0000E+00  5.0000E+01  4.5360E-01  4.5176E-01  6.3651E-01  1.1031E-01  1.0000E+00  7.0213E-02  0.0000E+00  0.0000E+00
  1.9000E+02  0.0000E+00  0.0000E+00  1.0000E+00  2.0000E+00  5.0000E+01  1.6060E-01  0.0000E+00  1.0000E+00  3.5565E-07  0.0000E+00  1.0000E+00  0.0000E+00  0.0000E+00
  1.9000E+02  1.2000E+01  0.0000E+00  0.0000E+00  0.0000E+00  5.0000E+01  1.6060E-01  1.2077E+00  2.9888E-01  1.5701E-01  0.0000E+00  2.9888E-01  0.0000E+00  0.0000E+00
  1.9100E+02  0.0000E+00  0.0000E+00  1.0000E+00  2.0000E+00  5.0000E+01  3.5630E-01  0.0000E+00  1.0000E+00  3.5565E-07  0.0000E+00  1.0000E+00  0.0000E+00  0.0000E+00
  1.9100E+02  5.1410E+00  0.0000E+00  0.0000E+00  0.0000E+00  5.0000E+01  3.5630E-01  3.2185E-01  7.2480E-01  9.7668E-02  0.0000E+00  7.2480E-01  0.0000E+00  0.0000E+00
  1.9200E+02  0.0000E+00  0.0000E+00  1.0000E+00  2.0000E+00  5.0000E+01  3.7510E-01  0.0000E+00  1.0000E+00  3.5565E-07  0.0000E+00  1.0000E+00  0.0000E+00  0.0000E+00
  1.9200E+02  6.4440E+00  1.0000E+00  0.0000E+00  0.0000E+00  5.0000E+01  3.7510E-01  4.5784E-01  6.3265E-01  1.1084E-01  1.0000E+00  7.0123E-02  0.0000E+00  0.0000E+00
  1.9300E+02  0.0000E+00  0.0000E+00  1.0000E+00  2.0000E+00  5.0000E+01  3.5350E-01  0.0000E+00  1.0000E+00  3.5565E-07  0.0000E+00  1.0000E+00  0.0000E+00  0.0000E+00
  1.9300E+02  1.1107E+01  1.0000E+00  0.0000E+00  0.0000E+00  5.0000E+01  3.5350E-01  1.0705E+00  3.4285E-01  1.5036E-01  1.0000E+00  5.1549E-02  0.0000E+00  0.0000E+00
  1.9400E+02  0.0000E+00  0.0000E+00  1.0000E+00  2.0000E+00  5.0000E+01  7.6760E-01  0.0000E+00  1.0000E+00  3.5565E-07  0.0000E+00  1.0000E+00  0.0000E+00  0.0000E+00
  1.9400E+02  1.2000E+01  0.0000E+00  0.0000E+00  0.0000E+00  5.0000E+01  7.6760E-01  1.2077E+00  2.9888E-01  1.5701E-01  0.0000E+00  2.9888E-01  0.0000E+00  0.0000E+00
  1.9500E+02  0.0000E+00  0.0000E+00  1.0000E+00  2.0000E+00  5.0000E+01  5.4770E-01  0.0000E+00  1.0000E+00  3.5565E-07  0.0000E+00  1.0000E+00  0.0000E+00  0.0000E+00
  1.9500E+02  1.2000E+01  0.0000E+00  0.0000E+00  0.0000E+00  5.0000E+01  5.4770E-01  1.2077E+00  2.9888E-01  1.5701E-01  0.0000E+00  2.9888E-01  0.0000E+00  0.0000E+00
  1.9600E+02  0.0000E+00  0.0000E+00  1.0000E+00  2.0000E+00  5.0000E+01  5.3620E-01  0.0000E+00  1.0000E+00  3.5565E-07  0.0000E+00  1.0000E+00  0.0000E+00  0.0000E+00
  1.9600E+02  1.2000E+01  0.0000E+00  0.0000E+00  0.0000E+00  5.0000E+01  5.3620E-01  1.2077E+00  2.9888E-01  1.5701E-01  0.0000E+00  2.9888E-01  0.0000E+00  0.0000E+00
  1.9700E+02  0.0000E+00  0.0000E+00  1.0000E+00  2.0000E+00  5.0000E+01  3.7890E-01  0.0000E+00  1.0000E+00  3.5565E-07  0.0000E+00  1.0000E+00  0.0000E+00  0.0000E+00
  1.9700E+02  5.4010E+00  1.0000E+00  0.0000E+00  0.0000E+00  5.0000E+01  3.7890E-01  3.4761E-01  7.0638E-01  1.0040E-01  1.0000E+00  7.0923E-02  0.0000E+00  0.0000E+00
  1.9800E+02  0.0000E+00  0.0000E+00  1.0000E+00  2.0000E+00  5.0000E+01  4.8580E-01  0.0000E+00  1.0000E+00  3.5565E-07  0.0000E+00  1.0000E+00  0.0000E+00  0.0000E+00
  1.9800E+02  4.4040E+00  1.0000E+00  0.0000E+00  0.0000E+00  5.0000E+01  4.8580E-01  2.5283E-01  7.7660E-01  8.9560E-02  1.0000E+00  6.9553E-02  0.0000E+00  0.0000E+00
  1.9900E+02  0.0000E+00  0.0000E+00  1.0000E+00  2.0000E+00  5.0000E+01  5.0560E-01  0.0000E+00  1.0000E+00  3.5565E-07  0.0000E+00  1.0000E+00  0.0000E+00  0.0000E+00
  1.9900E+02  8.5450E+00  1.0000E+00  0.0000E+00  0.0000E+00  5.0000E+01  5.0560E-01  7.1106E-01  4.9112E-01  1.2982E-01  1.0000E+00  6.3757E-02  0.0000E+00  0.0000E+00
  2.0000E+02  0.0000E+00  0.0000E+00  1.0000E+00  2.0000E+00  5.0000E+01  4.0890E-01  0.0000E+00  1.0000E+00  3.5565E-07  0.0000E+00  1.0000E+00  0.0000E+00  0.0000E+00
  2.0000E+02  7.9020E+00  1.0000E+00  0.0000E+00  0.0000E+00  5.0000E+01  4.0890E-01  6.2937E-01  5.3293E-01  1.2425E-01  1.0000E+00  6.6218E-02  0.0000E+00  0.0000E+00
  2.0100E+02  0.0000E+00  0.0000E+00  1.0000E+00  2.0000E+00  1.0000E+02  8.5700E-01  0.0000E+00  1.0000E+00  1.7298E-07  0.0000E+00  1.0000E+00  0.0000E+00  0.0000E+00
  2.0100E+02  7.1090E+00  1.0000E+00  0.0000E+00  0.0000E+00  1.0000E+02  8.5700E-01  2.5955E-01  7.7140E-01  5.6958E-02  1.0000E+00  4.3937E-02  0.0000E+00  0.0000E+00
  2.0200E+02  0.0000E+00  0.0000E+00  1.0000E+00  2.0000E+00  1.0000E+02  8.6620E-01  0.0000E+00  1.0000E+00  1.7298E-07  0.0000E+00  1.0000E+00  0.0000E+00  0.0000E+00
  2.0200E+02  1.2000E+01  0.0000E+00  0.0000E+00  0.0000E+00  1.0000E+02  8.6620E-01  5.8741E-01  5.5577E-01  7.6366E-02  0.0000E+00  5.5577E-01  0.0000E+00  0.0000E+00
  2.0300E+02  0.0000E+00  0.0000E+00  1.0000E+00  2.0000E+00  1.0000E+02  1.4339E+00  0.0000E+00  1.0000E+00  1.7298E-07  0.0000E+00  1.0000E+00  0.0000E+00  0.0000E+00
  2.0300E+02  1.2000E+01  0.0000E+00  0.0000E+00  0.0000E+00  1.0000E+02  1.4339E+00  5.8741E-01  5.5577E-01  7.6366E-02  0.0000E+00  5.5577E-01  0.0000E+00  0.0000E+00
  2.0400E+02  0.0000E+00  0.0000E+00  1.0000E+00  2.0000E+00  1.0000E+02  7.0010E-01  0.0000E+00  1.0000E+00  1.7298E-07  0.0000E+00  1.0000E+00  0.0000E+00  0.0000E+00
  2.0400E+02  8.0500E+00  1.0000E+00  0.0000E+00  0.0000E+00  1.0000E+02  7.0010E-01  3.1510E-01  7.2972E-01  6.1065E-02  1.0000E+00  4.4560E-02  0.0000E+00  0.0000E+00
  2.0500E+02  0.0000E+00  0.0000E+00  1.0000E+00  2.0000E+00  1.0000E+02  9.1310E-01  0.0000E+00  1.0000E+00  1.7298E-07  0.0000E+00  1.0000E+00  0.0000E+00  0.0000E+00
  2.0500E+02  8.4690E+00  1.0000E+00  0.0000E+00  0.0000E+00  1.0000E+02  9.1310E-01  3.4106E-01  7.1102E-01  6.2825E-02  1.0000E+00  4.4670E-02  0.0000E+00  0.0000E+00
  2.0600E+02  0.0000E+00  0.0000E+00  1.0000E+00  2.0000E+00  1.0000E+02  9.5290E-01  0.0000E+00  1.0000E+00  1.7298E-07  0.0000E+00  1.0000E+00  0.0000E+00  0.0000E+00
  2.0600E+02  8.6780E+00  1.0000E+00  0.0000E+00  0.0000E+00  1.0000E+02  9.5290E-01  3.5428E-01  7.0168E-01  6.3689E-02  1.0000E+00  4.4689E-02  0.0000E+00  0.0000E+00
  2.0700E+02  0.0000E+00  0.0000E+00  1.0000E+00  2.0000E+00  1.0000E+02  1.1671E+00  0.0000E+00  1.0000E+00  1.7298E-07  0.0000E+00  1.0000E+00  0.0000E+00  0.0000E+00
  2.0700E+02  3.6700E+00  1.0000E+00  0.0000E+00  0.0000E+00  1.0000E+02  1.1671E+00  9.2527E-02  9.1162E-01  3.9332E-02  1.0000E+00  3.5856E-02  0.0000E+00  0.0000E+00
  2.0800E+02  0.0000E+00  0.0000E+00  1.0000E+00  2.0000E+00  1.0000E+02  7.5940E-01  0.0000E+00  1.0000E+00  1.7298E-07  0.0000E+00  1.0000E+00  0.0000E+00  0.0000E+00
  2.0800E+02  1.2000E+01  0.0000E+00  0.0000E+00  0.0000E+00  1.0000E+02  7.5940E-01  5.8741E-01  5.5577E-01  7.6366E-02  0.0000E+00  5.5577E-01  0.0000E+00  0.0000E+00
  2.0900E+02  0.0000E+00  0.0000E+00  1.0000E+00  2.0000E+00  1.0000E+02  7.2730E-01  0.0000E+00  1.0000E+00  1.7298E-07  0.0000E+00  1.0000E+00  0.0000E+00  0.0000E+00
  2.0900E+02  2.1180E+00  1.0000E+00  0.0000E+00  0.0000E+00  1.0000E+02  7.2730E-01  3.9248E-02  9.6151E-01  2.8909E-02  1.0000E+00  2.7796E-02  0.0000E+00  0.0000E+00
  2.1000E+02  0.0000E+00  0.0000E+00  1.0000E+00  2.0000E+00  1.0000E+02  1.2193E+00  0.0000E+00  1.0000E+00  1.7298E-07  0.0000E+00  1.0000E+00  0.0000E+00  0.0000E+00
  2.1000E+02  1.2000E+01  0.0000E+00  0.0000E+00  0.0000E+00  1.0000E+02  1.2193E+00  5.8741E-01  5.5577E-01  7.6366E-02  0.0000E+00  5.5577E-01  0.0000E+00  0.0000E+00
  2.1100E+02  0.0000E+00  0.0000E+00  1.0000E+00  2.0000E+00  1.0000E+02  6.2620E-01  0.0000E+00  1.0000E+00  1.7298E-07  0.0000E+00  1.0000E+00  0.0000E+00  0.0000E+00
  2.1100E+02  3.0840E+00  1.0000E+00  0.0000E+00  0.0000E+00  1.0000E+02  6.2620E-01  7.0535E-02  9.3190E-01  3.5680E-02  1.0000E+00  3.3250E-02  0.0000E+00  0.0000E+00
  2.1200E+02  0.0000E+00  0.0000E+00  1.0000E+00  2.0000E+00  1.0000E+02  7.6240E-01  0.0000E+00  1.0000E+00  1.7298E-07  0.0000E+00  1.0000E+00  0.0000E+00  0.0000E+00
  2.1200E+02  1.0534E+01  1.0000E+00  0.0000E+00  0.0000E+00  1.0000E+02  7.6240E-01  4.7936E-01  6.1918E-01  7.0991E-02  1.0000E+00  4.3957E-02  0.0000E+00  0.0000E+00
  2.1300E+02  0.0000E+00  0.0000E+00  1.0000E+00  2.0000E+00  1.0000E+02  1.0560E+00  0.0000E+00  1.0000E+00  1.7298E-07  0.0000E+00  1.0000E+00  0.0000E+00  0.0000E+00
  2.1300E+02  4.3780E+00  1.0000E+00  0.0000E+00  0.0000E+00  1.0000E+02  1.0560E+00  1.2184E-01  8.8529E-01  4.3416E-02  1.0000E+00  3.8436E-02  0.0000E+00  0.0000E+00
  2.1400E+02  0.0000E+00  0.0000E+00  1.0000E+00  2.0000E+00  1.0000E+02  5.8210E-01  0.0000E+00  1.0000E+00  1.7298E-07  0.0000E+00  1.0000E+00  0.0000E+00  0.0000E+00
  2.1400E+02  1.2000E+01  0.0000E+00  0.0000E+00  0.0000E+00  1.0000E+02  5.8210E-01  5.8741E-01  5.5577E-01  7.6366E-02  0.0000E+00  5.5577E-01  0.0000E+00  0.0000E+00
  2.1500E+02  0.0000E+00  0.0000E+00  1.0000E+00  2.0000E+00  1.0000E+02  8.8220E-01  0.0000E+00  1.0000E+00  1.7298E-07  0.0000E+00  1.0000E+00  0.0000E+00  0.0000E+00
  2.1500E+02  1.2000E+01  0.0000E+00  0.0000E+00  0.0000E+00  1.0000E+02  8.8220E-01  5.8741E-01  5.5577E-01  7.6366E-02  0.0000E+00  5.5577E-01  0.0000E+00  0.0000E+00
  2.1600E+02  0.0000E+00  0.0000E+00  1.0000E+00  2.0000E+00  1.0000E+02  7.0270E-01  0.0000E+00  1.0000E+00  1.7298E-07  0.0000E+00  1.0000E+00  0.0000E+00  0.0000E+00
  2.1600E+02  1.2000E+01  0.0000E+00  0.0000E+00  0.0000E+00  1.0000E+02  7.0270E-01  5.8741E-01  5.5577E-01  7.6366E-02  0.0000E+00  5.5577E-01  0.0000E+00  0.0000E+00
  2.1700E+02  0.0000E+00  0.0000E+00  1.0000E+00  2.0000E+00  1.0000E+02  6.0680E-01  0.0000E+00  1.0000E+00  1.7298E-07  0.0000E+00  1.0000E+00  0.0000E+00  0.0000E+00
  2.1700E+02  7.0180E+00  1.0000E+00  0.0000E+00  0.0000E+00  1.0000E+02  6.0680E-01  2.5439E-01  7.7539E-01  5.6549E-02  1.0000E+00  4.3847E-02  0.0000E+00  0.0000E+00
  2.1800E+02  0.0000E+00  0.0000E+00  1.0000E+00  2.0000E+00  1.0000E+02  5.7570E-01  0.0000E+00  1.0000E+00  1.7298E-07  0.0000E+00  1.0000E+00  0.0000E+00  0.0000E+00
  2.1800E+02  1.8410E+00  1.0000E+00  0.0000E+00  0.0000E+00  1.0000E+02  5.7570E-01  3.1539E-02  9.6895E-01  2.6726E-02  1.0000E+00  2.5897E-02  0.0000E+00  0.0000E+00
  2.1900E+02  0.0000E+00  0.0000E+00  1.0000E+00  2.0000E+00  1.0000E+02  8.1010E-01  0.0000E+00  1.0000E+00  1.7298E-07  0.0000E+00  1.0000E+00  0.0000E+00  0.0000E+00
  2.1900E+02  1.2000E+01  0.0000E+00  0.0000E+00  0.0000E+00  1.0000E+02  8.1010E-01  5.8741E-01  5.5577E-01  7.6366E-02  0.0000E+00  5.5577E-01  0.0000E+00  0.0000E+00
  2.2000E+02  0.0000E+00  0.0000E+00  1.0000E+00  2.0000E+00  1.0000E+02  1.0752E+00  0.0000E+00  1.0000E+00  1.7298E-07  0.0000E+00  1.0000E+00  0.0000E+00  0.0000E+00
  2.2000E+02  1.2000E+01  0.0000E+00  0.0000E+00  0.0000E+00  1.0000E+02  1.0752E+00  5.8741E-01  5.5577E-01  7.6366E-02  0.0000E+00  5.5577E-01  0.0000E+00  0.0000E+00
  2.2100E+02  0.0000E+00  0.0000E+00  1.0000E+00  2.0000E+00  1.0000E+02  9.3970E-01  0.0000E+00  1.0000E+00  1.7298E-07  0.0000E+00  1.0000E+00  0.0000E+00  0.0000E+00
  2.2100E+02  1.2000E+01  0.0000E+00  0.0000E+00  0.0000E+00  1.0000E+02  9.3970E-01  5.8741E-01  5.5577E-01  7.6366E-02  0.0000E+00  5.5577E-01  0.0000E+00  0.0000E+00
  2.2200E+02  0.0000E+00  0.0000E+00  1.0000E+00  2.0000E+00  1.0000E+02  1.1762E+00  0.0000E+00  1.0000E+00  1.7298E-07  0.0000E+00  1.0000E+00  0.0000E+00  0.0000E+00
  2.2200E+02  1.0850E+01  1.0000E+00  0.0000E+00  0.0000E+00  1.0000E+02  1.1762E+00  5.0198E-01  6.0533E-01  7.2176E-02  1.0000E+00  4.3691E-02  0.0000E+00  0.0000E+00
  2.2300E+02  0.0000E+00  0.0000E+00  1.0000E+00  2.0000E+00  1.0000E+02  7.7420E-01  0.0000E+00  1.0000E+00  1.7298E-07  0.0000E+00  1.0000E+00  0.0000E+00  0.0000E+00
  2.2300E+02  1.2000E+01  0.0000E+00  0.0000E+00  0.0000E+00  1.0000E+02  7.7420E-01  5.8741E-01  5.5577E-01  7.6366E-02  0.0000E+00  5.5577E-01  0.0000E+00  0.0000E+00
  2.2400E+02  0.0000E+00  0.0000E+00  1.0000E+00  2.0000E+00  1.0000E+02  7.0460E-01  0.0000E+00  1.0000E+00  1.7298E-07  0.0000E+00  1.0000E+00  0.0000E+00  0.0000E+00
  2.2400E+02  4.9770E+00  1.0000E+00  0.0000E+00  0.0000E+00  1.0000E+02  7.0460E-01  1.4882E-01  8.6172E-01  4.6648E-02  1.0000E+00  4.0198E-02  0.0000E+00  0.0000E+00
  2.2500E+02  0.0000E+00  0.0000E+00  1.0000E+00  2.0000E+00  1.0000E+02  6.5660E-01  0.0000E+00  1.0000E+00  1.7298E-07  0.0000E+00  1.0000E+00  0.0000E+00  0.0000E+00
  2.2500E+02  1.2000E+01  0.0000E+00  0.0000E+00  0.0000E+00  1.0000E+02  6.5660E-01  5.8741E-01  5.5577E-01  7.6366E-02  0.0000E+00  5.5577E-01  0.0000E+00  0.0000E+00
  2.2600E+02  0.0000E+00  0.0000E+00  1.0000E+00  2.0000E+00  1.0000E+02  6.5980E-01  0.0000E+00  1.0000E+00  1.7298E-07  0.0000E+00  1.0000E+00  0.0000E+00  0.0000E+00
  2.2600E+02  3.3210E+00  1.0000E+00  0.0000E+00  0.0000E+00  1.0000E+02  6.5980E-01  7.9171E-02  9.2388E-01  3.7191E-02  1.0000E+00  3.4360E-02  0.0000E+00  0.0000E+00
  2.2700E+02  0.0000E+00  0.0000E+00  1.0000E+00  2.0000E+00  1.0000E+02  8.6520E-01  0.0000E+00  1.0000E+00  1.7298E-07  0.0000E+00  1.0000E+00  0.0000E+00  0.0000E+00
  2.2700E+02  1.2000E+01  0.0000E+00  0.0000E+00  0.0000E+00  1.0000E+02  8.6520E-01  5.8741E-01  5.5577E-01  7.6366E-02  0.0000E+00  5.5577E-01  0.0000E+00  0.0000E+00
  2.2800E+02  0.0000E+00  0.0000E+00  1.0000E+00  2.0000E+00  1.0000E+02  8.3340E-01  0.0000E+00  1.0000E+00  1.7298E-07  0.0000E+00  1.0000E+00  0.0000E+00  0.0000E+00
  2.2800E+02  1.2000E+01  0.0000E+00  0.0000E+00  0.0000E+00  1.0000E+02  8.3340E-01  5.8741E-01  5.5577E-01  7.6366E-02  0.0000E+00  5.5577E-01  0.0000E+00  0.0000E+00
  2.2900E+02  0.0000E+00  0.0000E+00  1.0000E+00  2.0000E+00  1.0000E+02  7.8980E-01  0.0000E+00  1.0000E+00  1.7298E-07  0.0000E+00  1.0000E+00  0.0000E+00  0.0000E+00
  2.2900E+02  2.0220E+00  1.0000E+00  0.0000E+00  0.0000E+00  1.0000E+02  7.8980E-01  3.6508E-02  9.6415E-01  2.8168E-02  1.0000E+00  2.7158E-02  0.0000E+00  0.0000E+00
  2.3000E+02  0.0000E+00  0.0000E+00  1.0000E+00  2.0000E+00  1.0000E+02  8.9940E-01  0.0000E+00  1.0000E+00  1.7298E-07  0.0000E+00  1.0000E+00  0.0000E+00  0.0000E+00
  2.3000E+02  1.2000E+01  0.0000E+00  0.0000E+00  0.0000E+00  1.0000E+02  8.9940E-01  5.8741E-01  5.5577E-01  7.6366E-02  0.0000E+00  5.5577E-01  0.0000E+00  0.0000E+00
  2.3100E+02  0.0000E+00  0.0000E+00  1.0000E+00  2.0000E+00  1.0000E+02  1.3714E+00  0.0000E+00  1.0000E+00  1.7298E-07  0.0000E+00  1.0000E+00  0.0000E+00  0.0000E+00
  2.3100E+02  1.2000E+01  0.0000E+00  0.0000E+00  0.0000E+00  1.0000E+02  1.3714E+00  5.8741E-01  5.5577E-01  7.6366E-02  0.0000E+00  5.5577E-01  0.0000E+00  0.0000E+00
  2.3200E+02  0.0000E+00  0.0000E+00  1.0000E+00  2.0000E+00  1.0000E+02  7.6760E-01  0.0000E+00  1.0000E+00  1.7298E-07  0.0000E+00  1.0000E+00  0.0000E+00  0.0000E+00
  2.3200E+02  1.2000E+01  0.0000E+00  0.0000E+00  0.0000E+00  1.0000E+02  7.6760E-01  5.8741E-01  5.5577E-01  7.6366E-02  0.0000E+00  5.5577E-01  0.0000E+00  0.0000E+00
  2.3300E+02  0.0000E+00  0.0000E+00  1.0000E+00  2.0000E+00  1.0000E+02  8.1490E-01  0.0000E+00  1.0000E+00  1.7298E-07  0.0000E+00  1.0000E+00  0.0000E+00  0.0000E+00
  2.3300E+02  1.2000E+01  0.0000E+00  0.0000E+00  0.0000E+00  1.0000E+02  8.1490E-01  5.8741E-01  5.5577E-01  7.6366E-02  0.0000E+00  5.5577E-01  0.0000E+00  0.0000E+00
  2.3400E+02  0.0000E+00  0.0000E+00  1.0000E+00  2.0000E+00  1.0000E+02  1.0320E+00  0.0000E+00  1.0000E+00  1.7298E-07  0.0000E+00  1.0000E+00  0.0000E+00  0.0000E+00
  2.3400E+02  1.2000E+01  0.0000E+00  0.0000E+00  0.0000E+00  1.0000E+02  1.0320E+00  5.8741E-01  5.5577E-01  7.6366E-02  0.0000E+00  5.5577E-01  0.0000E+00  0.0000E+00
  2.3500E+02  0.0000E+00  0.0000E+00  1.0000E+00  2.0000E+00  1.0000E+02  9.9330E-01  0.0000E+00  1.0000E+00  1.7298E-07  0.0000E+00  1.0000E+00  0.0000E+00  0.0000E+00
  2.3500E+02  1.2000E+01  0.0000E+00  0.0000E+00  0.0000E+00  1.0000E+02  9.9330E-01  5.8741E-01  5.5577E-01  7.6366E-02  0.0000E+00  5.5577E-01  0.0000E+00  0.0000E+00
  2.3600E+02  0.0000E+00  0.0000E+00  1.0000E+00  2.0000E+00  1.0000E+02  1.1747E+00  0.0000E+00  1.0000E+00  1.7298E-07  0.0000E+00  1.0000E+00  0.0000E+00  0.0000E+00
  2.3600E+02  6.0430E+00  1.0000E+00  0.0000E+00  0.0000E+00  1.0000E+02  1.1747E+00  2.0144E-01  8.1755E-01  5.2005E-02  1.0000E+00  4.2516E-02  0.0000E+00  0.0000E+00
  2.3700E+02  0.0000E+00  0.0000E+00  1.0000E+00  2.0000E+00  1.0000E+02  7.6180E-01  0.0000E+00  1.0000E+00  1.7298E-07  0.0000E+00  1.0000E+00  0.0000E+00  0.0000E+00
  2.3700E+02  1.1782E+01  1.0000E+00  0.0000E+00  0.0000E+00  1.0000E+02  7.6180E-01  5.7084E-01  5.6505E-01  7.5586E-02  1.0000E+00  4.2709E-02  0.0000E+00  0.0000E+00
  2.3800E+02  0.0000E+00  0.0000E+00  1.0000E+00  2.0000E+00  1.0000E+02  7.5800E-01  0.0000E+00  1.0000E+00  1.7298E-07  0.0000E+00  1.0000E+00  0.0000E+00  0.0000E+00
  2.3800E+02  1.2000E+01  0.0000E+00  0.0000E+00  0.0000E+00  1.0000E+02  7.5800E-01  5.8741E-01  5.5577E-01  7.6366E-02  0.0000E+00  5.5577E-01  0.0000E+00  0.0000E+00
  2.3900E+02  0.0000E+00  0.0000E+00  1.0000E+00  2.0000E+00  1.0000E+02  1.0279E+00  0.0000E+00  1.0000E+00  1.7298E-07  0.0000E+00  1.0000E+00  0.0000E+00  0.0000E+00
  2.3900E+02  9.9910E+00  1.0000E+00  0.0000E+00  0.0000E+00  1.0000E+02  1.0279E+00  4.4137E-01  6.4316E-01  6.8918E-02  1.0000E+00  4.4325E-02  0.0000E+00  0.0000E+00
  2.4000E+02  0.0000E+00  0.0000E+00  1.0000E+00  2.0000E+00  1.0000E+02  6.9750E-01  0.0000E+00  1.0000E+00  1.7298E-07  0.0000E+00  1.0000E+00  0.0000E+00  0.0000E+00
  2.4000E+02  1.2000E+01  0.0000E+00  0.0000E+00  0.0000E+00  1.0000E+02  6.9750E-01  5.8741E-01  5.5577E-01  7.6366E-02  0.0000E+00  5.5577E-01  0.0000E+00  0.0000E+00
  2.4100E+02  0.0000E+00  0.0000E+00  1.0000E+00  2.0000E+00  1.0000E+02  7.0590E-01  0.0000E+00  1.0000E+00  1.7298E-07  0.0000E+00  1.0000E+00  0.0000E+00  0.0000E+00
  2.4100E+02  1.2000E+01  0.0000E+00  0.0000E+00  0.0000E+00  1.0000E+02  7.0590E-01  5.8741E-01  5.5577E-01  7.6366E-02  0.0000E+00  5.5577E-01  0.0000E+00  0.0000E+00
  2.4200E+02  0.0000E+00  0.0000E+00  1.0000E+00  2.0000E+00  1.0000E+02  7.6390E-01  0.0000E+00  1.0000E+00  1.7298E-07  0.0000E+00  1.0000E+00  0.0000E+00  0.0000E+00
  2.4200E+02  1.2000E+01  0.0000E+00  0.0000E+00  0.0000E+00  1.0000E+02  7.6390E-01  5.8741E-01  5.5577E-01  7.6366E-02  0.0000E+00  5.5577E-01  0.0000E+00  0.0000E+00
  2.4300E+02  0.0000E+00  0.0000E+00  1.0000E+00  2.0000E+00  1.0000E+02  7.5970E-01  0.0000E+00  1.0000E+00  1.7298E-07  0.0000E+00  1.0000E+00  0.0000E+00  0.0000E+00
  2.4300E+02  4.7990E+00  1.0000E+00  0.0000E+00  0.0000E+00  1.0000E+02  7.5970E-01  1.4060E-01  8.6884E-01  4.5707E-02  1.0000E+00  3.9712E-02  0.0000E+00  0.0000E+00
  2.4400E+02  0.0000E+00  0.0000E+00  1.0000E+00  2.0000E+00  1.0000E+02  8.9710E-01  0.0000E+00  1.0000E+00  1.7298E-07  0.0000E+00  1.0000E+00  0.0000E+00  0.0000E+00
  2.4400E+02  1.2000E+01  0.0000E+00  0.0000E+00  0.0000E+00  1.0000E+02  8.9710E-01  5.8741E-01  5.5577E-01  7.6366E-02  0.0000E+00  5.5577E-01  0.0000E+00  0.0000E+00
  2.4500E+02  0.0000E+00  0.0000E+00  1.0000E+00  2.0000E+00  1.0000E+02  9.4050E-01  0.0000E+00  1.0000E+00  1.7298E-07  0.0000E+00  1.0000E+00  0.0000E+00  0.0000E+00
  2.4500E+02  1.2000E+01  0.0000E+00  0.0000E+00  0.0000E+00  1.0000E+02  9.4050E-01  5.8741E-01  5.5577E-01  7.6366E-02  0.0000E+00  5.5577E-01  0.0000E+00  0.0000E+00
  2.4600E+02  0.0000E+00  0.0000E+00  1.0000E+00  2.0000E+00  1.0000E+02  9.9600E-01  0.0000E+00  1.0000E+00  1.7298E-07  0.0000E+00  1.0000E+00  0.0000E+00  0.0000E+00
  2.4600E+02  1.2000E+01  0.0000E+00  0.0000E+00  0.0000E+00  1.0000E+02  9.9600E-01  5.8741E-01  5.5577E-01  7.6366E-02  0.0000E+00  5.5577E-01  0.0000E+00  0.0000E+00
  2.4700E+02  0.0000E+00  0.0000E+00  1.0000E+00  2.0000E+00  1.0000E+02  8.1350E-01  0.0000E+00  1.0000E+00  1.7298E-07  0.0000E+00  1.0000E+00  0.0000E+00  0.0000E+00
  2.4700E+02  1.2000E+01  0.0000E+00  0.0000E+00  0.0000E+00  1.0000E+02  8.1350E-01  5.8741E-01  5.5577E-01  7.6366E-02  0.0000E+00  5.5577E-01  0.0000E+00  0.0000E+00
  2.4800E+02  0.0000E+00  0.0000E+00  1.0000E+00  2.0000E+00  1.0000E+02  7.2200E-01  0.0000E+00  1.0000E+00  1.7298E-07  0.0000E+00  1.0000E+00  0.0000E+00  0.0000E+00
  2.4800E+02  5.9660E+00  1.0000E+00  0.0000E+00  0.0000E+00  1.0000E+02  7.2200E-01  1.9745E-01  8.2082E-01  5.1632E-02  1.0000E+00  4.2381E-02  0.0000E+00  0.0000E+00
  2.4900E+02  0.0000E+00  0.0000E+00  1.0000E+00  2.0000E+00  1.0000E+02  7.6560E-01  0.0000E+00  1.0000E+00  1.7298E-07  0.0000E+00  1.0000E+00  0.0000E+00  0.0000E+00
  2.4900E+02  5.4710E+00  1.0000E+00  0.0000E+00  0.0000E+00  1.0000E+02  7.6560E-01  1.7250E-01  8.4156E-01  4.9188E-02  1.0000E+00  4.1394E-02  0.0000E+00  0.0000E+00
  2.5000E+02  0.0000E+00  0.0000E+00  1.0000E+00  2.0000E+00  1.0000E+02  1.0609E+00  0.0000E+00  1.0000E+00  1.7298E-07  0.0000E+00  1.0000E+00  0.0000E+00  0.0000E+00
  2.5000E+02  1.2000E+01  0.0000E+00  0.0000E+00  0.0000E+00  1.0000E+02  1.0609E+00  5.8741E-01  5.5577E-01  7.6366E-02  0.0000E+00  5.5577E-01  0.0000E+00  0.0000E+00
  2.5100E+02  0.0000E+00  0.0000E+00  1.0000E+00  2.0000E+00  1.0000E+02  1.2573E+00  0.0000E+00  1.0000E+00  1.7298E-07  0.0000E+00  1.0000E+00  0.0000E+00  0.0000E+00
  2.5100E+02  1.2000E+01  0.0000E+00  0.0000E+00  0.0000E+00  1.0000E+02  1.2573E+00  5.8741E-01  5.5577E-01  7.6366E-02  0.0000E+00  5.5577E-01  0.0000E+00  0.0000E+00
  2.5200E+02  0.0000E+00  0.0000E+00  1.0000E+00  2.0000E+00  1.0000E+02  5.8720E-01  0.0000E+00  1.0000E+00  1.7298E-07  0.0000E+00  1.0000E+00  0.0000E+00  0.0000E+00
  2.5200E+02  6.7460E+00  1.0000E+00  0.0000E+00  0.0000E+00  1.0000E+02  5.8720E-01  2.3917E-01  7.8728E-01  5.5311E-02  1.0000E+00  4.3545E-02  0.0000E+00  0.0000E+00
  2.5300E+02  0.0000E+00  0.0000E+00  1.0000E+00  2.0000E+00  1.0000E+02  7.9710E-01  0.0000E+00  1.0000E+00  1.7298E-07  0.0000E+00  1.0000E+00  0.0000E+00  0.0000E+00
  2.5300E+02  1.2000E+01  0.0000E+00  0.0000E+00  0.0000E+00  1.0000E+02  7.9710E-01  5.8741E-01  5.5577E-01  7.6366E-02  0.0000E+00  5.5577E-01  0.0000E+00  0.0000E+00
  2.5400E+02  0.0000E+00  0.0000E+00  1.0000E+00  2.0000E+00  1.0000E+02  1.3494E+00  0.0000E+00  1.0000E+00  1.7298E-07  0.0000E+00  1.0000E+00  0.0000E+00  0.0000E+00
  2.5400E+02  1.2000E+01  0.0000E+00  0.0000E+00  0.0000E+00  1.0000E+02  1.3494E+00  5.8741E-01  5.5577E-01  7.6366E-02  0.0000E+00  5.5577E-01  0.0000E+00  0.0000E+00
  2.5500E+02  0.0000E+00  0.0000E+00  1.0000E+00  2.0000E+00  1.0000E+02  5.9010E-01  0.0000E+00  1.0000E+00  1.7298E-07  0.0000E+00  1.0000E+00  0.0000E+00  0.0000E+00
  2.5500E+02  2.3720E+00  1.0000E+00  0.0000E+00  0.0000E+00  1.0000E+02  5.9010E-01  4.6833E-02  9.5425E-01  3.0802E-02  1.0000E+00  2.9393E-02  0.0000E+00  0.0000E+00
  2.5600E+02  0.0000E+00  0.0000E+00  1.0000E+00  2.0000E+00  1.0000E+02  8.8700E-01  0.0000E+00  1.0000E+00  1.7298E-07  0.0000E+00  1.0000E+00  0.0000E+00  0.0000E+00
  2.5600E+02  7.0200E-01  1.0000E+00  0.0000E+00  0.0000E+00  1.0000E+02  8.8700E-01  7.0086E-03  9.9302E-01  1.5575E-02  1.0000E+00  1.5467E-02  0.0000E+00  0.0000E+00
  2.5700E+02  0.0000E+00  0.0000E+00  1.0000E+00  2.0000E+00  1.0000E+02  7.0730E-01  0.0000E+00  1.0000E+00  1.7298E-07  0.0000E+00  1.0000E+00  0.0000E+00  0.0000E+00
  2.5700E+02  2.9630E+00  1.0000E+00  0.0000E+00  0.0000E+00  1.0000E+02  7.0730E-01  6.6265E-02  9.3588E-01  3.4889E-02  1.0000E+00  3.2652E-02  0.0000E+00  0.0000E+00
  2.5800E+02  0.0000E+00  0.0000E+00  1.0000E+00  2.0000E+00  1.0000E+02  9.5810E-01  0.0000E+00  1.0000E+00  1.7298E-07  0.0000E+00  1.0000E+00  0.0000E+00  0.0000E+00
  2.5800E+02  9.4930E+00  1.0000E+00  0.0000E+00  0.0000E+00  1.0000E+02  9.5810E-01  4.0753E-01  6.6529E-01  6.6973E-02  1.0000E+00  4.4556E-02  0.0000E+00  0.0000E+00
  2.5900E+02  0.0000E+00  0.0000E+00  1.0000E+00  2.0000E+00  1.0000E+02  5.8110E-01  0.0000E+00  1.0000E+00  1.7298E-07  0.0000E+00  1.0000E+00  0.0000E+00  0.0000E+00
  2.5900E+02  5.8070E+00  1.0000E+00  0.0000E+00  0.0000E+00  1.0000E+02  5.8110E-01  1.8931E-01  8.2753E-01  5.0857E-02  1.0000E+00  4.2086E-02  0.0000E+00  0.0000E+00
  2.6000E+02  0.0000E+00  0.0000E+00  1.0000E+00  2.0000E+00  1.0000E+02  1.0114E+00  0.0000E+00  1.0000E+00  1.7298E-07  0.0000E+00  1.0000E+00  0.0000E+00  0.0000E+00
  2.6000E+02  1.2000E+01  0.0000E+00  0.0000E+00  0.0000E+00  1.0000E+02  1.0114E+00  5.8741E-01  5.5577E-01  7.6366E-02  0.0000E+00  5.5577E-01  0.0000E+00  0.0000E+00
  2.6100E+02  0.0000E+00  0.0000E+00  1.0000E+00  2.0000E+00  1.0000E+02  6.1990E-01  0.0000E+00  1.0000E+00  1.7298E-07  0.0000E+00  1.0000E+00  0.0000E+00  0.0000E+00
  2.6100E+02  5.7360E+00  0.0000E+00  0.0000E+00  0.0000E+00  1.0000E+02  6.1990E-01  1.8571E-01  8.3052E-01  5.0508E-02  0.0000E+00  8.3052E-01  0.0000E+00  0.0000E+00
  2.6200E+02  0.0000E+00  0.0000E+00  1.0000E+00  2.0000E+00  1.0000E+02  9.0240E-01  0.0000E+00  1.0000E+00  1.7298E-07  0.0000E+00  1.0000E+00  0.0000E+00  0.0000E+00
  2.6200E+02  8.7250E+00  1.0000E+00  0.0000E+00  0.0000E+00  1.0000E+02  9.0240E-01  3.5728E-01  6.9958E-01  6.3882E-02  1.0000E+00  4.4690E-02  0.0000E+00  0.0000E+00
  2.6300E+02  0.0000E+00  0.0000E+00  1.0000E+00  2.0000E+00  1.0000E+02  9.3990E-01  0.0000E+00  1.0000E+00  1.7298E-07  0.0000E+00  1.0000E+00  0.0000E+00  0.0000E+00
  2.6300E+02  1.2000E+01  0.0000E+00  0.0000E+00  0.0000E+00  1.0000E+02  9.3990E-01  5.8741E-01  5.5577E-01  7.6366E-02  0.0000E+00  5.5577E-01  0.0000E+00  0.0000E+00
  2.6400E+02  0.0000E+00  0.0000E+00  1.0000E+00  2.0000E+00  1.0000E+02  7.6570E-01  0.0000E+00  1.0000E+00  1.7298E-07  0.0000E+00  1.0000E+00  0.0000E+00  0.0000E+00
  2.6400E+02  3.0390E+00  1.0000E+00  0.0000E+00  0.0000E+00  1.0000E+02  7.6570E-01  6.8935E-02  9.3339E-01  3.5388E-02  1.0000E+00  3.3030E-02  0.0000E+00  0.0000E+00
  2.6500E+02  0.0000E+00  0.0000E+00  1.0000E+00  2.0000E+00  1.0000E+02  1.6028E+00  0.0000E+00  1.0000E+00  1.7298E-07  0.0000E+00  1.0000E+00  0.0000E+00  0.0000E+00
  2.6500E+02  1.2000E+01  0.0000E+00  0.0000E+00  0.0000E+00  1.0000E+02  1.6028E+00  5.8741E-01  5.5577E-01  7.6366E-02  0.0000E+00  5.5577E-01  0.0000E+00  0.0000E+00
  2.6600E+02  0.0000E+00  0.0000E+00  1.0000E+00  2.0000E+00  1.0000E+02  7.4530E-01  0.0000E+00  1.0000E+00  1.7298E-07  0.0000E+00  1.0000E+00  0.0000E+00  0.0000E+00
  2.6600E+02  1.0436E+01  0.0000E+00  0.0000E+00  0.0000E+00  1.0000E+02  7.4530E-01  4.7242E-01  6.2349E-01  7.0621E-02  0.0000E+00  6.2349E-01  0.0000E+00  0.0000E+00
  2.6700E+02  0.0000E+00  0.0000E+00  1.0000E+00  2.0000E+00  1.0000E+02  7.6520E-01  0.0000E+00  1.0000E+00  1.7298E-07  0.0000E+00  1.0000E+00  0.0000E+00  0.0000E+00
  2.6700E+02  1.2000E+01  0.0000E+00  0.0000E+00  0.0000E+00  1.0000E+02  7.6520E-01  5.8741E-01  5.5577E-01  7.6366E-02  0.0000E+00  5.5577E-01  0.0000E+00  0.0000E+00
  2.6800E+02  0.0000E+00  0.0000E+00  1.0000E+00  2.0000E+00  1.0000E+02  8.8150E-01  0.0000E+00  1.0000E+00  1.7298E-07  0.0000E+00  1.0000E+00  0.0000E+00  0.0000E+00
  2.6800E+02  1.0613E+01  1.0000E+00  0.0000E+00  0.0000E+00  1.0000E+02  8.8150E-01  4.8498E-01  6.1571E-01  7.1289E-02  1.0000E+00  4.3894E-02  0.0000E+00  0.0000E+00
  2.6900E+02  0.0000E+00  0.0000E+00  1.0000E+00  2.0000E+00  1.0000E+02  5.5750E-01  0.0000E+00  1.0000E+00  1.7298E-07  0.0000E+00  1.0000E+00  0.0000E+00  0.0000E+00
  2.6900E+02  7.5890E+00  1.0000E+00  0.0000E+00  0.0000E+00  1.0000E+02  5.5750E-01  2.8740E-01  7.5021E-01  5.9081E-02  1.0000E+00  4.4323E-02  0.0000E+00  0.0000E+00
  2.7000E+02  0.0000E+00  0.0000E+00  1.0000E+00  2.0000E+00  1.0000E+02  8.8850E-01  0.0000E+00  1.0000E+00  1.7298E-07  0.0000E+00  1.0000E+00  0.0000E+00  0.0000E+00
  2.7000E+02  3.4810E+00  0.0000E+00  0.0000E+00  0.0000E+00  1.0000E+02  8.8850E-01  8.5201E-02  9.1833E-01  3.8184E-02  0.0000E+00  9.1833E-01  0.0000E+00  0.0000E+00
  2.7100E+02  0.0000E+00  0.0000E+00  1.0000E+00  2.0000E+00  1.0000E+02  6.5990E-01  0.0000E+00  1.0000E+00  1.7298E-07  0.0000E+00  1.0000E+00  0.0000E+00  0.0000E+00
  2.7100E+02  6.9350E+00  1.0000E+00  0.0000E+00  0.0000E+00  1.0000E+02  6.5990E-01  2.4971E-01  7.7903E-01  5.6173E-02  1.0000E+00  4.3760E-02  0.0000E+00  0.0000E+00
  2.7200E+02  0.0000E+00  0.0000E+00  1.0000E+00  2.0000E+00  1.0000E+02  7.3020E-01  0.0000E+00  1.0000E+00  1.7298E-07  0.0000E+00  1.0000E+00  0.0000E+00  0.0000E+00
  2.7200E+02  1.2000E+01  0.0000E+00  0.0000E+00  0.0000E+00  1.0000E+02  7.3020E-01  5.8741E-01  5.5577E-01  7.6366E-02  0.0000E+00  5.5577E-01  0.0000E+00  0.0000E+00
  2.7300E+02  0.0000E+00  0.0000E+00  1.0000E+00  2.0000E+00  1.0000E+02  7.8090E-01  0.0000E+00  1.0000E+00  1.7298E-07  0.0000E+00  1.0000E+00  0.0000E+00  0.0000E+00
  2.7300E+02  1.2000E+01  0.0000E+00  0.0000E+00  0.0000E+00  1.0000E+02  7.8090E-01  5.8741E-01  5.5577E-01  7.6366E-02  0.0000E+00  5.5577E-01  0.0000E+00  0.0000E+00
  2.7400E+02  0.0000E+00  0.0000E+00  1.0000E+00  2.0000E+00  1.0000E+02  6.5490E-01  0.0000E+00  1.0000E+00  1.7298E-07  0.0000E+00  1.0000E+00  0.0000E+00  0.0000E+00
  2.7400E+02  1.2000E+01  0.0000E+00  0.0000E+00  0.0000E+00  1.0000E+02  6.5490E-01  5.8741E-01  5.5577E-01  7.6366E-02  0.0000E+00  5.5577E-01  0.0000E+00  0.0000E+00
  2.7500E+02  0.0000E+00  0.0000E+00  1.0000E+00  2.0000E+00  1.0000E+02  5.5050E-01  0.0000E+00  1.0000E+00  1.7298E-07  0.0000E+00  1.0000E+00  0.0000E+00  0.0000E+00
  2.7500E+02  2.6190E+00  1.0000E+00  0.0000E+00  0.0000E+00  1.0000E+02  5.5050E-01  5.4660E-02  9.4681E-01  3.2559E-02  1.0000E+00  3.0827E-02  0.0000E+00  0.0000E+00
  2.7600E+02  0.0000E+00  0.0000E+00  1.0000E+00  2.0000E+00  1.0000E+02  1.2795E+00  0.0000E+00  1.0000E+00  1.7298E-07  0.0000E+00  1.0000E+00  0.0000E+00  0.0000E+00
  2.7600E+02  1.2000E+01  0.0000E+00  0.0000E+00  0.0000E+00  1.0000E+02  1.2795E+00  5.8741E-01  5.5577E-01  7.6366E-02  0.0000E+00  5.5577E-01  0.0000E+00  0.0000E+00
  2.7700E+02  0.0000E+00  0.0000E+00  1.0000E+00  2.0000E+00  1.0000E+02  7.2250E-01  0.0000E+00  1.0000E+00  1.7298E-07  0.0000E+00  1.0000E+00  0.0000E+00  0.0000E+00
  2.7700E+02  1.2000E+01  0.0000E+00  0.0000E+00  0.0000E+00  1.0000E+02  7.2250E-01  5.8741E-01  5.5577E-01  7.6366E-02  0.0000E+00  5.5577E-01  0.0000E+00  0.0000E+00
  2.7800E+02  0.0000E+00  0.0000E+00  1.0000E+00  2.0000E+00  1.0000E+02  1.0531E+00  0.0000E+00  1.0000E+00  1.7298E-07  0.0000E+00  1.0000E+00  0.0000E+00  0.0000E+00
  2.7800E+02  1.2000E+01  0.0000E+00  0.0000E+00  0.0000E+00  1.0000E+02  1.0531E+00  5.8741E-01  5.5577E-01  7.6366E-02  0.0000E+00  5.5577E-01  0.0000E+00  0.0000E+00
  2.7900E+02  0.0000E+00  0.0000E+00  1.0000E+00  2.0000E+00  1.0000E+02  7.4340E-01  0.0000E+00  1.0000E+00  1.7298E-07  0.0000E+00  1.0000E+00  0.0000E+00  0.0000E+00
  2.7900E+02  1.2000E+01  0.0000E+00  0.0000E+00  0.0000E+00  1.0000E+02  7.4340E-01  5.8741E-01  5.5577E-01  7.6366E-02  0.0000E+00  5.5577E-01  0.0000E+00  0.0000E+00
  2.8000E+02  0.0000E+00  0.0000E+00  1.0000E+00  2.0000E+00  1.0000E+02  6.6620E-01  0.0000E+00  1.0000E+00  1.7298E-07  0.0000E+00  1.0000E+00  0.0000E+00  0.0000E+00
  2.8000E+02  7.3820E+00  1.0000E+00  0.0000E+00  0.0000E+00  1.0000E+02  6.6620E-01  2.7527E-01  7.5937E-01  5.8173E-02  1.0000E+00  4.4175E-02  0.0000E+00  0.0000E+00
  2.8100E+02  0.0000E+00  0.0000E+00  1.0000E+00  2.0000E+00  1.0000E+02  7.9580E-01  0.0000E+00  1.0000E+00  1.7298E-07  0.0000E+00  1.0000E+00  0.0000E+00  0.0000E+00
  2.8100E+02  1.2000E+01  0.0000E+00  0.0000E+00  0.0000E+00  1.0000E+02  7.9580E-01  5.8741E-01  5.5577E-01  7.6366E-02  0.0000E+00  5.5577E-01  0.0000E+00  0.0000E+00
  2.8200E+02  0.0000E+00  0.0000E+00  1.0000E+00  2.0000E+00  1.0000E+02  6.3250E-01  0.0000E+00  1.0000E+00  1.7298E-07  0.0000E+00  1.0000E+00  0.0000E+00  0.0000E+00
  2.8200E+02  1.2000E+01  0.0000E+00  0.0000E+00  0.0000E+00  1.0000E+02  6.3250E-01  5.8741E-01  5.5577E-01  7.6366E-02  0.0000E+00  5.5577E-01  0.0000E+00  0.0000E+00
  2.8300E+02  0.0000E+00  0.0000E+00  1.0000E+00  2.0000E+00  1.0000E+02  9.6250E-01  0.0000E+00  1.0000E+00  1.7298E-07  0.0000E+00  1.0000E+00  0.0000E+00  0.0000E+00
  2.8300E+02  6.9020E+00  1.0000E+00  0.0000E+00  0.0000E+00  1.0000E+02  9.6250E-01  2.4786E-01  7.8047E-01  5.6023E-02  1.0000E+00  4.3725E-02  0.0000E+00  0.0000E+00
  2.8400E+02  0.0000E+00  0.0000E+00  1.0000E+00  2.0000E+00  1.0000E+02  9.3930E-01  0.0000E+00  1.0000E+00  1.7298E-07  0.0000E+00  1.0000E+00  0.0000E+00  0.0000E+00
  2.8400E+02  1.2000E+01  0.0000E+00  0.0000E+00  0.0000E+00  1.0000E+02  9.3930E-01  5.8741E-01  5.5577E-01  7.6366E-02  0.0000E+00  5.5577E-01  0.0000E+00  0.0000E+00
  2.8500E+02  0.0000E+00  0.0000E+00  1.0000E+00  2.0000E+00  1.0000E+02  5.8740E-01  0.0000E+00  1.0000E+00  1.7298E-07  0.0000E+00  1.0000E+00  0.0000E+00  0.0000E+00
  2.8500E+02  1.2000E+01  0.0000E+00  0.0000E+00  0.0000E+00  1.0000E+02  5.8740E-01  5.8741E-01  5.5577E-01  7.6366E-02  0.0000E+00  5.5577E-01  0.0000E+00  0.0000E+00
  2.8600E+02  0.0000E+00  0.0000E+00  1.0000E+00  2.0000E+00  1.0000E+02  5.0010E-01  0.0000E+00  1.0000E+00  1.7298E-07  0.0000E+00  1.0000E+00  0.0000E+00  0.0000E+00
  2.8600E+02  1.2000E+01  0.0000E+00  0.0000E+00  0.0000E+00  1.0000E+02  5.0010E-01  5.8741E-01  5.5577E-01  7.6366E-02  0.0000E+00  5.5577E-01  0.0000E+00  0.0000E+00
  2.8700E+02  0.0000E+00  0.0000E+00  1.0000E+00  2.0000E+00  1.0000E+02  5.1470E-01  0.0000E+00  1.0000E+00  1.7298E-07  0.0000E+00  1.0000E+00  0.0000E+00  0.0000E+00
  2.8700E+02  1.2000E+01  0.0000E+00  0.0000E+00  0.0000E+00  1.0000E+02  5.1470E-01  5.8741E-01  5.5577E-01  7.6366E-02  0.0000E+00  5.5577E-01  0.0000E+00  0.0000E+00
  2.8800E+02  0.0000E+00  0.0000E+00  1.0000E+00  2.0000E+00  1.0000E+02  7.8540E-01  0.0000E+00  1.0000E+00  1.7298E-07  0.0000E+00  1.0000E+00  0.0000E+00  0.0000E+00
  2.8800E+02  7.2160E+00  1.0000E+00  0.0000E+00  0.0000E+00  1.0000E+02  7.8540E-01  2.6567E-01  7.6669E-01  5.7437E-02  1.0000E+00  4.4036E-02  0.0000E+00  0.0000E+00
  2.8900E+02  0.0000E+00  0.0000E+00  1.0000E+00  2.0000E+00  1.0000E+02  5.9450E-01  0.0000E+00  1.0000E+00  1.7298E-07  0.0000E+00  1.0000E+00  0.0000E+00  0.0000E+00
  2.8900E+02  7.3670E+00  1.0000E+00  0.0000E+00  0.0000E+00  1.0000E+02  5.9450E-01  2.7440E-01  7.6003E-01  5.8107E-02  1.0000E+00  4.4163E-02  0.0000E+00  0.0000E+00
  2.9000E+02  0.0000E+00  0.0000E+00  1.0000E+00  2.0000E+00  1.0000E+02  1.4609E+00  0.0000E+00  1.0000E+00  1.7298E-07  0.0000E+00  1.0000E+00  0.0000E+00  0.0000E+00
  2.9000E+02  1.2000E+01  0.0000E+00  0.0000E+00  0.0000E+00  1.0000E+02  1.4609E+00  5.8741E-01  5.5577E-01  7.6366E-02  0.0000E+00  5.5577E-01  0.0000E+00  0.0000E+00
  2.9100E+02  0.0000E+00  0.0000E+00  1.0000E+00  2.0000E+00  1.0000E+02  5.2680E-01  0.0000E+00  1.0000E+00  1.7298E-07  0.0000E+00  1.0000E+00  0.0000E+00  0.0000E+00
  2.9100E+02  4.4000E+00  1.0000E+00  0.0000E+00  0.0000E+00  1.0000E+02  5.2680E-01  1.2279E-01  8.8445E-01  4.3538E-02  1.0000E+00  3.8507E-02  0.0000E+00  0.0000E+00
  2.9200E+02  0.0000E+00  0.0000E+00  1.0000E+00  2.0000E+00  1.0000E+02  7.1850E-01  0.0000E+00  1.0000E+00  1.7298E-07  0.0000E+00  1.0000E+00  0.0000E+00  0.0000E+00
  2.9200E+02  9.5810E+00  1.0000E+00  0.0000E+00  0.0000E+00  1.0000E+02  7.1850E-01  4.1344E-01  6.6137E-01  6.7320E-02  1.0000E+00  4.4523E-02  0.0000E+00  0.0000E+00
  2.9300E+02  0.0000E+00  0.0000E+00  1.0000E+00  2.0000E+00  1.0000E+02  9.0620E-01  0.0000E+00  1.0000E+00  1.7298E-07  0.0000E+00  1.0000E+00  0.0000E+00  0.0000E+00
  2.9300E+02  1.2000E+01  0.0000E+00  0.0000E+00  0.0000E+00  1.0000E+02  9.0620E-01  5.8741E-01  5.5577E-01  7.6366E-02  0.0000E+00  5.5577E-01  0.0000E+00  0.0000E+00
  2.9400E+02  0.0000E+00  0.0000E+00  1.0000E+00  2.0000E+00  1.0000E+02  6.3730E-01  0.0000E+00  1.0000E+00  1.7298E-07  0.0000E+00  1.0000E+00  0.0000E+00  0.0000E+00
  2.9400E+02  1.8230E+00  0.0000E+00  0.0000E+00  0.0000E+00  1.0000E+02  6.3730E-01  3.1060E-02  9.6942E-01  2.6580E-02  0.0000E+00  9.6942E-01  0.0000E+00  0.0000E+00
  2.9500E+02  0.0000E+00  0.0000E+00  1.0000E+00  2.0000E+00  1.0000E+02  8.8470E-01  0.0000E+00  1.0000E+00  1.7298E-07  0.0000E+00  1.0000E+00  0.0000E+00  0.0000E+00
  2.9500E+02  1.1668E+01  1.0000E+00  0.0000E+00  0.0000E+00  1.0000E+02  8.8470E-01  5.6225E-01  5.6992E-01  7.5175E-02  1.0000E+00  4.2844E-02  0.0000E+00  0.0000E+00
  2.9600E+02  0.0000E+00  0.0000E+00  1.0000E+00  2.0000E+00  1.0000E+02  1.0890E+00  0.0000E+00  1.0000E+00  1.7298E-07  0.0000E+00  1.0000E+00  0.0000E+00  0.0000E+00
  2.9600E+02  1.2000E+01  0.0000E+00  0.0000E+00  0.0000E+00  1.0000E+02  1.0890E+00  5.8741E-01  5.5577E-01  7.6366E-02  0.0000E+00  5.5577E-01  0.0000E+00  0.0000E+00
  2.9700E+02  0.0000E+00  0.0000E+00  1.0000E+00  2.0000E+00  1.0000E+02  9.8610E-01  0.0000E+00  1.0000E+00  1.7298E-07  0.0000E+00  1.0000E+00  0.0000E+00  0.0000E+00
  2.9700E+02  8.9850E+00  0.0000E+00  0.0000E+00  0.0000E+00  1.0000E+02  9.8610E-01  3.7402E-01  6.8796E-01  6.4941E-02  0.0000E+00  6.8796E-01  0.0000E+00  0.0000E+00
  2.9800E+02  0.0000E+00  0.0000E+00  1.0000E+00  2.0000E+00  1.0000E+02  6.1830E-01  0.0000E+00  1.0000E+00  1.7298E-07  0.0000E+00  1.0000E+00  0.0000E+00  0.0000E+00
  2.9800E+02  7.8900E-01  1.0000E+00  0.0000E+00  0.0000E+00  1.0000E+02  6.1830E-01  8.4099E-03  9.9163E-01  1.6629E-02  1.0000E+00  1.6489E-02  0.0000E+00  0.0000E+00
  2.9900E+02  0.0000E+00  0.0000E+00  1.0000E+00  2.0000E+00  1.0000E+02  6.0980E-01  0.0000E+00  1.0000E+00  1.7298E-07  0.0000E+00  1.0000E+00  0.0000E+00  0.0000E+00
  2.9900E+02  3.8750E+00  1.0000E+00  0.0000E+00  0.0000E+00  1.0000E+02  6.0980E-01  1.0071E-01  9.0419E-01  4.0547E-02  1.0000E+00  3.6662E-02  0.0000E+00  0.0000E+00
  3.0000E+02  0.0000E+00  0.0000E+00  1.0000E+00  2.0000E+00  1.0000E+02  1.0256E+00  0.0000E+00  1.0000E+00  1.7298E-07  0.0000E+00  1.0000E+00  0.0000E+00  0.0000E+00
  3.0000E+02  1.2000E+01  0.0000E+00  0.0000E+00  0.0000E+00  1.0000E+02  1.0256E+00  5.8741E-01  5.5577E-01  7.6366E-02  0.0000E+00  5.5577E-01  0.0000E+00  0.0000E+00
