TABLE NO.  2
 ID          KA          CL          V           ETA1        ETA2        ETA3
  1.0000E+00  1.3219E+00  3.8082E+00  5.6500E+01 -1.1690E-01  4.9913E-02  1.5009E-01
  1.0000E+00  1.3219E+00  3.8082E+00  5.6500E+01 -1.1690E-01  4.9913E-02  1.5009E-01
  1.0000E+00  1.3219E+00  3.8082E+00  5.6500E+01 -1.1690E-01  4.9913E-02  1.5009E-01
  1.0000E+00  1.3219E+00  3.8082E+00  5.6500E+01 -1.1690E-01  4.9913E-02  1.5009E-01
  1.0000E+00  1.3219E+00  3.8082E+00  5.6500E+01 -1.1690E-01  4.9913E-02  1.5009E-01
  1.0000E+00  1.3219E+00  3.8082E+00  5.6500E+01 -1.1690E-01  4.9913E-02  1.5009E-01
  1.0000E+00  1.3219E+00  3.8082E+00  5.6500E+01 -1.1690E-01  4.9913E-02  1.5009E-01
  1.0000E+00  1.3219E+00  3.8082E+00  5.6500E+01 -1.1690E-01  4.9913E-02  1.5009E-01
  1.0000E+00  9.3514E-01  3.1366E+00  5.6500E+01 -1.1690E-01  4.9913E-02  1.5009E-01
  1.0000E+00  9.3514E-01  3.1366E+00  5.6500E+01 -1.1690E-01  4.9913E-02  1.5009E-01
  1.0000E+00  9.3514E-01  3.1366E+00  5.6500E+01 -1.1690E-01  4.9913E-02  1.5009E-01
  1.0000E+00  9.3514E-01  3.1366E+00  5.6500E+01 -1.1690E-01  4.9913E-02  1.5009E-01
  1.0000E+00  9.3514E-01  3.1366E+00  5.6500E+01 -1.1690E-01  4.9913E-02  1.5009E-01
  1.0000E+00  9.3514E-01  3.1366E+00  5.6500E+01 -1.1690E-01  4.9913E-02  1.5009E-01
  1.0000E+00  9.3514E-01  3.1366E+00  5.6500E+01 -1.1690E-01  4.9913E-02  1.5009E-01
  1.0000E+00  9.3514E-01  3.1366E+00  5.6500E+01 -1.1690E-01  4.9913E-02  1.5009E-01
  1.0000E+00  6.1508E-01  3.0595E+00  5.6500E+01 -1.1690E-01  4.9913E-02  1.5009E-01
  1.0000E+00  6.1508E-01  3.0595E+00  5.6500E+01 -1.1690E-01  4.9913E-02  1.5009E-01
  1.0000E+00  6.1508E-01  3.0595E+00  5.6500E+01 -1.1690E-01  4.9913E-02  1.5009E-01
  1.0000E+00  6.1508E-01  3.0595E+00  5.6500E+01 -1.1690E-01  4.9913E-02  1.5009E-01
  1.0000E+00  6.1508E-01  3.0595E+00  5.6500E+01 -1.1690E-01  4.9913E-02  1.5009E-01
  1.0000E+00  6.1508E-01  3.0595E+00  5.6500E+01 -1.1690E-01  4.9913E-02  1.5009E-01
  1.0000E+00  6.1508E-01  3.0595E+00  5.6500E+01 -1.1690E-01  4.9913E-02  1.5009E-01
  1.0000E+00  6.1508E-01  3.0595E+00  5.6500E+01 -1.1690E-01  4.9913E-02  1.5009E-01
  2.0000E+00  7.3282E-01  5.5878E+00  4.5295E+01 -3.6826E-01  5.7582E-01 -7.0941E-02
  2.0000E+00  7.3282E-01  5.5878E+00  4.5295E+01 -3.6826E-01  5.7582E-01 -7.0941E-02
  2.0000E+00  7.3282E-01  5.5878E+00  4.5295E+01 -3.6826E-01  5.7582E-01 -7.0941E-02
  2.0000E+00  7.3282E-01  5.5878E+00  4.5295E+01 -3.6826E-01  5.7582E-01 -7.0941E-02
  2.0000E+00  7.3282E-01  5.5878E+00  4.5295E+01 -3.6826E-01  5.7582E-01 -7.0941E-02
  2.0000E+00  7.3282E-01  5.5878E+00  4.5295E+01 -3.6826E-01  5.7582E-01 -7.0941E-02
  2.0000E+00  7.3282E-01  5.5878E+00  4.5295E+01 -3.6826E-01  5.7582E-01 -7.0941E-02
  2.0000E+00  7.3282E-01  5.5878E+00  4.5295E+01 -3.6826E-01  5.7582E-01 -7.0941E-02
  2.0000E+00  8.0419E-01  5.6469E+00  4.5295E+01 -3.6826E-01  5.7582E-01 -7.0941E-02
  2.0000E+00  8.0419E-01  5.6469E+00  4.5295E+01 -3.6826E-01  5.7582E-01 -7.0941E-02
  2.0000E+00  8.0419E-01  5.6469E+00  4.5295E+01 -3.6826E-01  5.7582E-01 -7.0941E-02
  2.0000E+00  8.0419E-01  5.6469E+00  4.5295E+01 -3.6826E-01  5.7582E-01 -7.0941E-02
  2.0000E+00  8.0419E-01  5.6469E+00  4.5295E+01 -3.6826E-01  5.7582E-01 -7.0941E-02
  2.0000E+00  8.0419E-01  5.6469E+00  4.5295E+01 -3.6826E-01  5.7582E-01 -7.0941E-02
  2.0000E+00  8.0419E-01  5.6469E+00  4.5295E+01 -3.6826E-01  5.7582E-01 -7.0941E-02
  2.0000E+00  8.0419E-01  5.6469E+00  4.5295E+01 -3.6826E-01  5.7582E-01 -7.0941E-02
  2.0000E+00  5.2867E-01  5.8947E+00  4.5295E+01 -3.6826E-01  5.7582E-01 -7.0941E-02
  2.0000E+00  5.2867E-01  5.8947E+00  4.5295E+01 -3.6826E-01  5.7582E-01 -7.0941E-02
  2.0000E+00  5.2867E-01  5.8947E+00  4.5295E+01 -3.6826E-01  5.7582E-01 -7.0941E-02
  2.0000E+00  5.2867E-01  5.8947E+00  4.5295E+01 -3.6826E-01  5.7582E-01 -7.0941E-02
  2.0000E+00  5.2867E-01  5.8947E+00  4.5295E+01 -3.6826E-01  5.7582E-01 -7.0941E-02
  2.0000E+00  5.2867E-01  5.8947E+00  4.5295E+01 -3.6826E-01  5.7582E-01 -7.0941E-02
  2.0000E+00  5.2867E-01  5.8947E+00  4.5295E+01 -3.6826E-01  5.7582E-01 -7.0941E-02
  2.0000E+00  5.2867E-01  5.8947E+00  4.5295E+01 -3.6826E-01  5.7582E-01 -7.0941E-02
  3.0000E+00  1.5529E+00  2.9636E+00  5.4474E+01  2.3091E-01 -5.6541E-02  1.1358E-01
  3.0000E+00  1.5529E+00  2.9636E+00  5.4474E+01  2.3091E-01 -5.6541E-02  1.1358E-01
  3.0000E+00  1.5529E+00  2.9636E+00  5.4474E+01  2.3091E-01 -5.6541E-02  1.1358E-01
  3.0000E+00  1.5529E+00  2.9636E+00  5.4474E+01  2.3091E-01 -5.6541E-02  1.1358E-01
  3.0000E+00  1.5529E+00  2.9636E+00  5.4474E+01  2.3091E-01 -5.6541E-02  1.1358E-01
  3.0000E+00  1.5529E+00  2.9636E+00  5.4474E+01  2.3091E-01 -5.6541E-02  1.1358E-01
  3.0000E+00  1.5529E+00  2.9636E+00  5.4474E+01  2.3091E-01 -5.6541E-02  1.1358E-01
  3.0000E+00  1.5529E+00  2.9636E+00  5.4474E+01  2.3091E-01 -5.6541E-02  1.1358E-01
  3.0000E+00  1.0515E+00  3.0920E+00  5.4474E+01  2.3091E-01 -5.6541E-02  1.1358E-01
  3.0000E+00  1.0515E+00  3.0920E+00  5.4474E+01  2.3091E-01 -5.6541E-02  1.1358E-01
  3.0000E+00  1.0515E+00  3.0920E+00  5.4474E+01  2.3091E-01 -5.6541E-02  1.1358E-01
  3.0000E+00  1.0515E+00  3.0920E+00  5.4474E+01  2.3091E-01 -5.6541E-02  1.1358E-01
  3.0000E+00  1.0515E+00  3.0920E+00  5.4474E+01  2.3091E-01 -5.6541E-02  1.1358E-01
  3.0000E+00  1.0515E+00  3.0920E+00  5.4474E+01  2.3091E-01 -5.6541E-02  1.1358E-01
  3.0000E+00  1.0515E+00  3.0920E+00  5.4474E+01  2.3091E-01 -5.6541E-02  1.1358E-01
  3.0000E+00  1.0515E+00  3.0920E+00  5.4474E+01  2.3091E-01 -5.6541E-02  1.1358E-01
  3.0000E+00  1.6003E+00  2.8691E+00  5.4474E+01  2.3091E-01 -5.6541E-02  1.1358E-01
  3.0000E+00  1.6003E+00  2.8691E+00  5.4474E+01  2.3091E-01 -5.6541E-02  1.1358E-01
  3.0000E+00  1.6003E+00  2.8691E+00  5.4474E+01  2.3091E-01 -5.6541E-02  1.1358E-01
  3.0000E+00  1.6003E+00  2.8691E+00  5.4474E+01  2.3091E-01 -5.6541E-02  1.1358E-01
  3.0000E+00  1.6003E+00  2.8691E+00  5.4474E+01  2.3091E-01 -5.6541E-02  1.1358E-01
  3.0000E+00  1.6003E+00  2.8691E+00  5.4474E+01  2.3091E-01 -5.6541E-02  1.1358E-01
  3.0000E+00  1.6003E+00  2.8691E+00  5.4474E+01  2.3091E-01 -5.6541E-02  1.1358E-01
  3.0000E+00  1.6003E+00  2.8691E+00  5.4474E+01  2.3091E-01 -5.6541E-02  1.1358E-01
  4.0000E+00  1.2495E+00  4.9284E+00  5.0865E+01  3.1345E-01  4.5823E-01  4.5037E-02
  4.0000E+00  1.2495E+00  4.9284E+00  5.0865E+01  3.1345E-01  4.5823E-01  4.5037E-02
  4.0000E+00  1.2495E+00  4.9284E+00  5.0865E+01  3.1345E-01  4.5823E-01  4.5037E-02
  4.0000E+00  1.2495E+00  4.9284E+00  5.0865E+01  3.1345E-01  4.5823E-01  4.5037E-02
  4.0000E+00  1.2495E+00  4.9284E+00  5.0865E+01  3.1345E-01  4.5823E-01  4.5037E-02
  4.0000E+00  1.2495E+00  4.9284E+00  5.0865E+01  3.1345E-01  4.5823E-01  4.5037E-02
  4.0000E+00  1.2495E+00  4.9284E+00  5.0865E+01  3.1345E-01  4.5823E-01  4.5037E-02
  4.0000E+00  1.2495E+00  4.9284E+00  5.0865E+01  3.1345E-01  4.5823E-01  4.5037E-02
  4.0000E+00  1.9632E+00  4.3403E+00  5.0865E+01  3.1345E-01  4.5823E-01  4.5037E-02
  4.0000E+00  1.9632E+00  4.3403E+00  5.0865E+01  3.1345E-01  4.5823E-01  4.5037E-02
  4.0000E+00  1.9632E+00  4.3403E+00  5.0865E+01  3.1345E-01  4.5823E-01  4.5037E-02
  4.0000E+00  1.9632E+00  4.3403E+00  5.0865E+01  3.1345E-01  4.5823E-01  4.5037E-02
  4.0000E+00  1.9632E+00  4.3403E+00  5.0865E+01  3.1345E-01  4.5823E-01  4.5037E-02
  4.0000E+00  1.9632E+00  4.3403E+00  5.0865E+01  3.1345E-01  4.5823E-01  4.5037E-02
  4.0000E+00  1.9632E+00  4.3403E+00  5.0865E+01  3.1345E-01  4.5823E-01  4.5037E-02
  4.0000E+00  1.9632E+00  4.3403E+00  5.0865E+01  3.1345E-01  4.5823E-01  4.5037E-02
  4.0000E+00  1.4279E+00  6.0433E+00  5.0865E+01  3.1345E-01  4.5823E-01  4.5037E-02
  4.0000E+00  1.4279E+00  6.0433E+00  5.0865E+01  3.1345E-01  4.5823E-01  4.5037E-02
  4.0000E+00  1.4279E+00  6.0433E+00  5.0865E+01  3.1345E-01  4.5823E-01  4.5037E-02
  4.0000E+00  1.4279E+00  6.0433E+00  5.0865E+01  3.1345E-01  4.5823E-01  4.5037E-02
  4.0000E+00  1.4279E+00  6.0433E+00  5.0865E+01  3.1345E-01  4.5823E-01  4.5037E-02
  4.0000E+00  1.4279E+00  6.0433E+00  5.0865E+01  3.1345E-01  4.5823E-01  4.5037E-02
  4.0000E+00  1.4279E+00  6.0433E+00  5.0865E+01  3.1345E-01  4.5823E-01  4.5037E-02
  4.0000E+00  1.4279E+00  6.0433E+00  5.0865E+01  3.1345E-01  4.5823E-01  4.5037E-02
  5.0000E+00  1.1265E+00  2.3024E+00  4.3476E+01  7.3884E-02 -3.7366E-01 -1.1194E-01
  5.0000E+00  1.1265E+00  2.3024E+00  4.3476E+01  7.3884E-02 -3.7366E-01 -1.1194E-01
  5.0000E+00  1.1265E+00  2.3024E+00  4.3476E+01  7.3884E-02 -3.7366E-01 -1.1194E-01
  5.0000E+00  1.1265E+00  2.3024E+00  4.3476E+01  7.3884E-02 -3.7366E-01 -1.1194E-01
  5.0000E+00  1.1265E+00  2.3024E+00  4.3476E+01  7.3884E-02 -3.7366E-01 -1.1194E-01
  5.0000E+00  1.1265E+00  2.3024E+00  4.3476E+01  7.3884E-02 -3.7366E-01 -1.1194E-01
  5.0000E+00  1.1265E+00  2.3024E+00  4.3476E+01  7.3884E-02 -3.7366E-01 -1.1194E-01
  5.0000E+00  1.1265E+00  2.3024E+00  4.3476E+01  7.3884E-02 -3.7366E-01 -1.1194E-01
  5.0000E+00  1.2111E+00  2.1189E+00  4.3476E+01  7.3884E-02 -3.7366E-01 -1.1194E-01
  5.0000E+00  1.2111E+00  2.1189E+00  4.3476E+01  7.3884E-02 -3.7366E-01 -1.1194E-01
  5.0000E+00  1.2111E+00  2.1189E+00  4.3476E+01  7.3884E-02 -3.7366E-01 -1.1194E-01
  5.0000E+00  1.2111E+00  2.1189E+00  4.3476E+01  7.3884E-02 -3.7366E-01 -1.1194E-01
  5.0000E+00  1.2111E+00  2.1189E+00  4.3476E+01  7.3884E-02 -3.7366E-01 -1.1194E-01
  5.0000E+00  1.2111E+00  2.1189E+00  4.3476E+01  7.3884E-02 -3.7366E-01 -1.1194E-01
  5.0000E+00  1.2111E+00  2.1189E+00  4.3476E+01  7.3884E-02 -3.7366E-01 -1.1194E-01
  5.0000E+00  1.2111E+00  2.1189E+00  4.3476E+01  7.3884E-02 -3.7366E-01 -1.1194E-01
  5.0000E+00  1.0969E+00  2.0201E+00  4.3476E+01  7.3884E-02 -3.7366E-01 -1.1194E-01
  5.0000E+00  1.0969E+00  2.0201E+00  4.3476E+01  7.3884E-02 -3.7366E-01 -1.1194E-01
  5.0000E+00  1.0969E+00  2.0201E+00  4.3476E+01  7.3884E-02 -3.7366E-01 -1.1194E-01
  5.0000E+00  1.0969E+00  2.0201E+00  4.3476E+01  7.3884E-02 -3.7366E-01 -1.1194E-01
  5.0000E+00  1.0969E+00  2.0201E+00  4.3476E+01  7.3884E-02 -3.7366E-01 -1.1194E-01
  5.0000E+00  1.0969E+00  2.0201E+00  4.3476E+01  7.3884E-02 -3.7366E-01 -1.1194E-01
  5.0000E+00  1.0969E+00  2.0201E+00  4.3476E+01  7.3884E-02 -3.7366E-01 -1.1194E-01
  5.0000E+00  1.0969E+00  2.0201E+00  4.3476E+01  7.3884E-02 -3.7366E-01 -1.1194E-01
  6.0000E+00  1.6656E+00  4.8795E+00  3.4679E+01  2.3325E-01  2.4515E-01 -3.3801E-01
  6.0000E+00  1.6656E+00  4.8795E+00  3.4679E+01  2.3325E-01  2.4515E-01 -3.3801E-01
  6.0000E+00  1.6656E+00  4.8795E+00  3.4679E+01  2.3325E-01  2.4515E-01 -3.3801E-01
  6.0000E+00  1.6656E+00  4.8795E+00  3.4679E+01  2.3325E-01  2.4515E-01 -3.3801E-01
  6.0000E+00  1.6656E+00  4.8795E+00  3.4679E+01  2.3325E-01  2.4515E-01 -3.3801E-01
  6.0000E+00  1.6656E+00  4.8795E+00  3.4679E+01  2.3325E-01  2.4515E-01 -3.3801E-01
  6.0000E+00  1.6656E+00  4.8795E+00  3.4679E+01  2.3325E-01  2.4515E-01 -3.3801E-01
  6.0000E+00  1.6656E+00  4.8795E+00  3.4679E+01  2.3325E-01  2.4515E-01 -3.3801E-01
  6.0000E+00  1.0245E+00  4.0612E+00  3.4679E+01  2.3325E-01  2.4515E-01 -3.3801E-01
  6.0000E+00  1.0245E+00  4.0612E+00  3.4679E+01  2.3325E-01  2.4515E-01 -3.3801E-01
  6.0000E+00  1.0245E+00  4.0612E+00  3.4679E+01  2.3325E-01  2.4515E-01 -3.3801E-01
  6.0000E+00  1.0245E+00  4.0612E+00  3.4679E+01  2.3325E-01  2.4515E-01 -3.3801E-01
  6.0000E+00  1.0245E+00  4.0612E+00  3.4679E+01  2.3325E-01  2.4515E-01 -3.3801E-01
  6.0000E+00  1.0245E+00  4.0612E+00  3.4679E+01  2.3325E-01  2.4515E-01 -3.3801E-01
  6.0000E+00  1.0245E+00  4.0612E+00  3.4679E+01  2.3325E-01  2.4515E-01 -3.3801E-01
  6.0000E+00  1.0245E+00  4.0612E+00  3.4679E+01  2.3325E-01  2.4515E-01 -3.3801E-01
  6.0000E+00  1.5441E+00  3.3741E+00  3.4679E+01  2.3325E-01  2.4515E-01 -3.3801E-01
  6.0000E+00  1.5441E+00  3.3741E+00  3.4679E+01  2.3325E-01  2.4515E-01 -3.3801E-01
  6.0000E+00  1.5441E+00  3.3741E+00  3.4679E+01  2.3325E-01  2.4515E-01 -3.3801E-01
  6.0000E+00  1.5441E+00  3.3741E+00  3.4679E+01  2.3325E-01  2.4515E-01 -3.3801E-01
  6.0000E+00  1.5441E+00  3.3741E+00  3.4679E+01  2.3325E-01  2.4515E-01 -3.3801E-01
  6.0000E+00  1.5441E+00  3.3741E+00  3.4679E+01  2.3325E-01  2.4515E-01 -3.3801E-01
  6.0000E+00  1.5441E+00  3.3741E+00  3.4679E+01  2.3325E-01  2.4515E-01 -3.3801E-01
  6.0000E+00  1.5441E+00  3.3741E+00  3.4679E+01  2.3325E-01  2.4515E-01 -3.3801E-01
  7.0000E+00  6.5144E-01  3.9032E+00  5.3694E+01 -7.2623E-02  4.1017E-02  9.9155E-02
  7.0000E+00  6.5144E-01  3.9032E+00  5.3694E+01 -7.2623E-02  4.1017E-02  9.9155E-02
  7.0000E+00  6.5144E-01  3.9032E+00  5.3694E+01 -7.2623E-02  4.1017E-02  9.9155E-02
  7.0000E+00  6.5144E-01  3.9032E+00  5.3694E+01 -7.2623E-02  4.1017E-02  9.9155E-02
  7.0000E+00  6.5144E-01  3.9032E+00  5.3694E+01 -7.2623E-02  4.1017E-02  9.9155E-02
  7.0000E+00  6.5144E-01  3.9032E+00  5.3694E+01 -7.2623E-02  4.1017E-02  9.9155E-02
  7.0000E+00  6.5144E-01  3.9032E+00  5.3694E+01 -7.2623E-02  4.1017E-02  9.9155E-02
  7.0000E+00  6.5144E-01  3.9032E+00  5.3694E+01 -7.2623E-02  4.1017E-02  9.9155E-02
  7.0000E+00  1.1043E+00  3.5581E+00  5.3694E+01 -7.2623E-02  4.1017E-02  9.9155E-02
  7.0000E+00  1.1043E+00  3.5581E+00  5.3694E+01 -7.2623E-02  4.1017E-02  9.9155E-02
  7.0000E+00  1.1043E+00  3.5581E+00  5.3694E+01 -7.2623E-02  4.1017E-02  9.9155E-02
  7.0000E+00  1.1043E+00  3.5581E+00  5.3694E+01 -7.2623E-02  4.1017E-02  9.9155E-02
  7.0000E+00  1.1043E+00  3.5581E+00  5.3694E+01 -7.2623E-02  4.1017E-02  9.9155E-02
  7.0000E+00  1.1043E+00  3.5581E+00  5.3694E+01 -7.2623E-02  4.1017E-02  9.9155E-02
  7.0000E+00  1.1043E+00  3.5581E+00  5.3694E+01 -7.2623E-02  4.1017E-02  9.9155E-02
  7.0000E+00  1.1043E+00  3.5581E+00  5.3694E+01 -7.2623E-02  4.1017E-02  9.9155E-02
  7.0000E+00  1.2368E+00  2.5600E+00  5.3694E+01 -7.2623E-02  4.1017E-02  9.9155E-02
  7.0000E+00  1.2368E+00  2.5600E+00  5.3694E+01 -7.2623E-02  4.1017E-02  9.9155E-02
  7.0000E+00  1.2368E+00  2.5600E+00  5.3694E+01 -7.2623E-02  4.1017E-02  9.9155E-02
  7.0000E+00  1.2368E+00  2.5600E+00  5.3694E+01 -7.2623E-02  4.1017E-02  9.9155E-02
  7.0000E+00  1.2368E+00  2.5600E+00  5.3694E+01 -7.2623E-02  4.1017E-02  9.9155E-02
  7.0000E+00  1.2368E+00  2.5600E+00  5.3694E+01 -7.2623E-02  4.1017E-02  9.9155E-02
  7.0000E+00  1.2368E+00  2.5600E+00  5.3694E+01 -7.2623E-02  4.1017E-02  9.9155E-02
  7.0000E+00  1.2368E+00  2.5600E+00  5.3694E+01 -7.2623E-02  4.1017E-02  9.9155E-02
  8.0000E+00  1.5231E+00  3.4697E+00  4.8340E+01  3.5315E-01  2.8082E-02 -5.8944E-03
  8.0000E+00  1.5231E+00  3.4697E+00  4.8340E+01  3.5315E-01  2.8082E-02 -5.8944E-03
  8.0000E+00  1.5231E+00  3.4697E+00  4.8340E+01  3.5315E-01  2.8082E-02 -5.8944E-03
  8.0000E+00  1.5231E+00  3.4697E+00  4.8340E+01  3.5315E-01  2.8082E-02 -5.8944E-03
  8.0000E+00  1.5231E+00  3.4697E+00  4.8340E+01  3.5315E-01  2.8082E-02 -5.8944E-03
  8.0000E+00  1.5231E+00  3.4697E+00  4.8340E+01  3.5315E-01  2.8082E-02 -5.8944E-03
  8.0000E+00  1.5231E+00  3.4697E+00  4.8340E+01  3.5315E-01  2.8082E-02 -5.8944E-03
  8.0000E+00  1.5231E+00  3.4697E+00  4.8340E+01  3.5315E-01  2.8082E-02 -5.8944E-03
  8.0000E+00  1.6808E+00  3.0786E+00  4.8340E+01  3.5315E-01  2.8082E-02 -5.8944E-03
  8.0000E+00  1.6808E+00  3.0786E+00  4.8340E+01  3.5315E-01  2.8082E-02 -5.8944E-03
  8.0000E+00  1.6808E+00  3.0786E+00  4.8340E+01  3.5315E-01  2.8082E-02 -5.8944E-03
  8.0000E+00  1.6808E+00  3.0786E+00  4.8340E+01  3.5315E-01  2.8082E-02 -5.8944E-03
  8.0000E+00  1.6808E+00  3.0786E+00  4.8340E+01  3.5315E-01  2.8082E-02 -5.8944E-03
  8.0000E+00  1.6808E+00  3.0786E+00  4.8340E+01  3.5315E-01  2.8082E-02 -5.8944E-03
  8.0000E+00  1.6808E+00  3.0786E+00  4.8340E+01  3.5315E-01  2.8082E-02 -5.8944E-03
  8.0000E+00  1.6808E+00  3.0786E+00  4.8340E+01  3.5315E-01  2.8082E-02 -5.8944E-03
  8.0000E+00  1.5753E+00  3.1978E+00  4.8340E+01  3.5315E-01  2.8082E-02 -5.8944E-03
  8.0000E+00  1.5753E+00  3.1978E+00  4.8340E+01  3.5315E-01  2.8082E-02 -5.8944E-03
  8.0000E+00  1.5753E+00  3.1978E+00  4.8340E+01  3.5315E-01  2.8082E-02 -5.8944E-03
  8.0000E+00  1.5753E+00  3.1978E+00  4.8340E+01  3.5315E-01  2.8082E-02 -5.8944E-03
  8.0000E+00  1.5753E+00  3.1978E+00  4.8340E+01  3.5315E-01  2.8082E-02 -5.8944E-03
  8.0000E+00  1.5753E+00  3.1978E+00  4.8340E+01  3.5315E-01  2.8082E-02 -5.8944E-03
  8.0000E+00  1.5753E+00  3.1978E+00  4.8340E+01  3.5315E-01  2.8082E-02 -5.8944E-03
  8.0000E+00  1.5753E+00  3.1978E+00  4.8340E+01  3.5315E-01  2.8082E-02 -5.8944E-03
  9.0000E+00  1.7831E+00  2.3955E+00  6.0950E+01  3.4689E-01 -3.1428E-01  2.2590E-01
  9.0000E+00  1.7831E+00  2.3955E+00  6.0950E+01  3.4689E-01 -3.1428E-01  2.2590E-01
  9.0000E+00  1.7831E+00  2.3955E+00  6.0950E+01  3.4689E-01 -3.1428E-01  2.2590E-01
  9.0000E+00  1.7831E+00  2.3955E+00  6.0950E+01  3.4689E-01 -3.1428E-01  2.2590E-01
  9.0000E+00  1.7831E+00  2.3955E+00  6.0950E+01  3.4689E-01 -3.1428E-01  2.2590E-01
  9.0000E+00  1.7831E+00  2.3955E+00  6.0950E+01  3.4689E-01 -3.1428E-01  2.2590E-01
  9.0000E+00  1.7831E+00  2.3955E+00  6.0950E+01  3.4689E-01 -3.1428E-01  2.2590E-01
  9.0000E+00  1.7831E+00  2.3955E+00  6.0950E+01  3.4689E-01 -3.1428E-01  2.2590E-01
  9.0000E+00  1.2335E+00  2.0524E+00  6.0950E+01  3.4689E-01 -3.1428E-01  2.2590E-01
  9.0000E+00  1.2335E+00  2.0524E+00  6.0950E+01  3.4689E-01 -3.1428E-01  2.2590E-01
  9.0000E+00  1.2335E+00  2.0524E+00  6.0950E+01  3.4689E-01 -3.1428E-01  2.2590E-01
  9.0000E+00  1.2335E+00  2.0524E+00  6.0950E+01  3.4689E-01 -3.1428E-01  2.2590E-01
  9.0000E+00  1.2335E+00  2.0524E+00  6.0950E+01  3.4689E-01 -3.1428E-01  2.2590E-01
  9.0000E+00  1.2335E+00  2.0524E+00  6.0950E+01  3.4689E-01 -3.1428E-01  2.2590E-01
  9.0000E+00  1.2335E+00  2.0524E+00  6.0950E+01  3.4689E-01 -3.1428E-01  2.2590E-01
  9.0000E+00  1.2335E+00  2.0524E+00  6.0950E+01  3.4689E-01 -3.1428E-01  2.2590E-01
  9.0000E+00  1.7933E+00  2.4088E+00  6.0950E+01  3.4689E-01 -3.1428E-01  2.2590E-01
  9.0000E+00  1.7933E+00  2.4088E+00  6.0950E+01  3.4689E-01 -3.1428E-01  2.2590E-01
  9.0000E+00  1.7933E+00  2.4088E+00  6.0950E+01  3.4689E-01 -3.1428E-01  2.2590E-01
  9.0000E+00  1.7933E+00  2.4088E+00  6.0950E+01  3.4689E-01 -3.1428E-01  2.2590E-01
  9.0000E+00  1.7933E+00  2.4088E+00  6.0950E+01  3.4689E-01 -3.1428E-01  2.2590E-01
  9.0000E+00  1.7933E+00  2.4088E+00  6.0950E+01  3.4689E-01 -3.1428E-01  2.2590E-01
  9.0000E+00  1.7933E+00  2.4088E+00  6.0950E+01  3.4689E-01 -3.1428E-01  2.2590E-01
  9.0000E+00  1.7933E+00  2.4088E+00  6.0950E+01  3.4689E-01 -3.1428E-01  2.2590E-01
  1.0000E+01  1.4748E+00  1.6921E+00  4.9445E+01  2.3896E-01 -6.9715E-01  1.6706E-02
  1.0000E+01  1.4748E+00  1.6921E+00  4.9445E+01  2.3896E-01 -6.9715E-01  1.6706E-02
  1.0000E+01  1.4748E+00  1.6921E+00  4.9445E+01  2.3896E-01 -6.9715E-01  1.6706E-02
  1.0000E+01  1.4748E+00  1.6921E+00  4.9445E+01  2.3896E-01 -6.9715E-01  1.6706E-02
  1.0000E+01  1.4748E+00  1.6921E+00  4.9445E+01  2.3896E-01 -6.9715E-01  1.6706E-02
  1.0000E+01  1.4748E+00  1.6921E+00  4.9445E+01  2.3896E-01 -6.9715E-01  1.6706E-02
  1.0000E+01  1.4748E+00  1.6921E+00  4.9445E+01  2.3896E-01 -6.9715E-01  1.6706E-02
  1.0000E+01  1.4748E+00  1.6921E+00  4.9445E+01  2.3896E-01 -6.9715E-01  1.6706E-02
  1.0000E+01  1.4768E+00  1.3341E+00  4.9445E+01  2.3896E-01 -6.9715E-01  1.6706E-02
  1.0000E+01  1.4768E+00  1.3341E+00  4.9445E+01  2.3896E-01 -6.9715E-01  1.6706E-02
  1.0000E+01  1.4768E+00  1.3341E+00  4.9445E+01  2.3896E-01 -6.9715E-01  1.6706E-02
  1.0000E+01  1.4768E+00  1.3341E+00  4.9445E+01  2.3896E-01 -6.9715E-01  1.6706E-02
  1.0000E+01  1.4768E+00  1.3341E+00  4.9445E+01  2.3896E-01 -6.9715E-01  1.6706E-02
  1.0000E+01  1.4768E+00  1.3341E+00  4.9445E+01  2.3896E-01 -6.9715E-01  1.6706E-02
  1.0000E+01  1.4768E+00  1.3341E+00  4.9445E+01  2.3896E-01 -6.9715E-01  1.6706E-02
  1.0000E+01  1.4768E+00  1.3341E+00  4.9445E+01  2.3896E-01 -6.9715E-01  1.6706E-02
  1.0000E+01  1.2346E+00  1.6047E+00  4.9445E+01  2.3896E-01 -6.9715E-01  1.6706E-02
  1.0000E+01  1.2346E+00  1.6047E+00  4.9445E+01  2.3896E-01 -6.9715E-01  1.6706E-02
  1.0000E+01  1.2346E+00  1.6047E+00  4.9445E+01  2.3896E-01 -6.9715E-01  1.6706E-02
  1.0000E+01  1.2346E+00  1.6047E+00  4.9445E+01  2.3896E-01 -6.9715E-01  1.6706E-02
  1.0000E+01  1.2346E+00  1.6047E+00  4.9445E+01  2.3896E-01 -6.9715E-01  1.6706E-02
  1.0000E+01  1.2346E+00  1.6047E+00  4.9445E+01  2.3896E-01 -6.9715E-01  1.6706E-02
  1.0000E+01  1.2346E+00  1.6047E+00  4.9445E+01  2.3896E-01 -6.9715E-01  1.6706E-02
  1.0000E+01  1.2346E+00  1.6047E+00  4.9445E+01  2.3896E-01 -6.9715E-01  1.6706E-02
  1.1000E+01  1.9776E+00  1.5030E+00  6.8355E+01  2.5991E-01 -6.7974E-01  3.4057E-01
  1.1000E+01  1.9776E+00  1.5030E+00  6.8355E+01  2.5991E-01 -6.7974E-01  3.4057E-01
  1.1000E+01  1.9776E+00  1.5030E+00  6.8355E+01  2.5991E-01 -6.7974E-01  3.4057E-01
  1.1000E+01  1.9776E+00  1.5030E+00  6.8355E+01  2.5991E-01 -6.7974E-01  3.4057E-01
  1.1000E+01  1.9776E+00  1.5030E+00  6.8355E+01  2.5991E-01 -6.7974E-01  3.4057E-01
  1.1000E+01  1.9776E+00  1.5030E+00  6.8355E+01  2.5991E-01 -6.7974E-01  3.4057E-01
  1.1000E+01  1.9776E+00  1.5030E+00  6.8355E+01  2.5991E-01 -6.7974E-01  3.4057E-01
  1.1000E+01  1.9776E+00  1.5030E+00  6.8355E+01  2.5991E-01 -6.7974E-01  3.4057E-01
  1.1000E+01  1.2627E+00  1.5233E+00  6.8355E+01  2.5991E-01 -6.7974E-01  3.4057E-01
  1.1000E+01  1.2627E+00  1.5233E+00  6.8355E+01  2.5991E-01 -6.7974E-01  3.4057E-01
  1.1000E+01  1.2627E+00  1.5233E+00  6.8355E+01  2.5991E-01 -6.7974E-01  3.4057E-01
  1.1000E+01  1.2627E+00  1.5233E+00  6.8355E+01  2.5991E-01 -6.7974E-01  3.4057E-01
  1.1000E+01  1.2627E+00  1.5233E+00  6.8355E+01  2.5991E-01 -6.7974E-01  3.4057E-01
  1.1000E+01  1.2627E+00  1.5233E+00  6.8355E+01  2.5991E-01 -6.7974E-01  3.4057E-01
  1.1000E+01  1.2627E+00  1.5233E+00  6.8355E+01  2.5991E-01 -6.7974E-01  3.4057E-01
  1.1000E+01  1.2627E+00  1.5233E+00  6.8355E+01  2.5991E-01 -6.7974E-01  3.4057E-01
  1.1000E+01  1.1599E+00  1.6696E+00  6.8355E+01  2.5991E-01 -6.7974E-01  3.4057E-01
  1.1000E+01  1.1599E+00  1.6696E+00  6.8355E+01  2.5991E-01 -6.7974E-01  3.4057E-01
  1.1000E+01  1.1599E+00  1.6696E+00  6.8355E+01  2.5991E-01 -6.7974E-01  3.4057E-01
  1.1000E+01  1.1599E+00  1.6696E+00  6.8355E+01  2.5991E-01 -6.7974E-01  3.4057E-01
  1.1000E+01  1.1599E+00  1.6696E+00  6.8355E+01  2.5991E-01 -6.7974E-01  3.4057E-01
  1.1000E+01  1.1599E+00  1.6696E+00  6.8355E+01  2.5991E-01 -6.7974E-01  3.4057E-01
  1.1000E+01  1.1599E+00  1.6696E+00  6.8355E+01  2.5991E-01 -6.7974E-01  3.4057E-01
  1.1000E+01  1.1599E+00  1.6696E+00  6.8355E+01  2.5991E-01 -6.7974E-01  3.4057E-01
  1.2000E+01  1.4331E+00  5.6718E+00  5.8697E+01  5.1388E-01  5.6200E-01  1.8824E-01
  1.2000E+01  1.4331E+00  5.6718E+00  5.8697E+01  5.1388E-01  5.6200E-01  1.8824E-01
  1.2000E+01  1.4331E+00  5.6718E+00  5.8697E+01  5.1388E-01  5.6200E-01  1.8824E-01
  1.2000E+01  1.4331E+00  5.6718E+00  5.8697E+01  5.1388E-01  5.6200E-01  1.8824E-01
  1.2000E+01  1.4331E+00  5.6718E+00  5.8697E+01  5.1388E-01  5.6200E-01  1.8824E-01
  1.2000E+01  1.4331E+00  5.6718E+00  5.8697E+01  5.1388E-01  5.6200E-01  1.8824E-01
  1.2000E+01  1.4331E+00  5.6718E+00  5.8697E+01  5.1388E-01  5.6200E-01  1.8824E-01
  1.2000E+01  1.4331E+00  5.6718E+00  5.8697E+01  5.1388E-01  5.6200E-01  1.8824E-01
  1.2000E+01  2.8134E+00  4.5629E+00  5.8697E+01  5.1388E-01  5.6200E-01  1.8824E-01
  1.2000E+01  2.8134E+00  4.5629E+00  5.8697E+01  5.1388E-01  5.6200E-01  1.8824E-01
  1.2000E+01  2.8134E+00  4.5629E+00  5.8697E+01  5.1388E-01  5.6200E-01  1.8824E-01
  1.2000E+01  2.8134E+00  4.5629E+00  5.8697E+01  5.1388E-01  5.6200E-01  1.8824E-01
  1.2000E+01  2.8134E+00  4.5629E+00  5.8697E+01  5.1388E-01  5.6200E-01  1.8824E-01
  1.2000E+01  2.8134E+00  4.5629E+00  5.8697E+01  5.1388E-01  5.6200E-01  1.8824E-01
  1.2000E+01  2.8134E+00  4.5629E+00  5.8697E+01  5.1388E-01  5.6200E-01  1.8824E-01
  1.2000E+01  2.8134E+00  4.5629E+00  5.8697E+01  5.1388E-01  5.6200E-01  1.8824E-01
  1.2000E+01  1.7696E+00  6.8862E+00  5.8697E+01  5.1388E-01  5.6200E-01  1.8824E-01
  1.2000E+01  1.7696E+00  6.8862E+00  5.8697E+01  5.1388E-01  5.6200E-01  1.8824E-01
  1.2000E+01  1.7696E+00  6.8862E+00  5.8697E+01  5.1388E-01  5.6200E-01  1.8824E-01
  1.2000E+01  1.7696E+00  6.8862E+00  5.8697E+01  5.1388E-01  5.6200E-01  1.8824E-01
  1.2000E+01  1.7696E+00  6.8862E+00  5.8697E+01  5.1388E-01  5.6200E-01  1.8824E-01
  1.2000E+01  1.7696E+00  6.8862E+00  5.8697E+01  5.1388E-01  5.6200E-01  1.8824E-01
  1.2000E+01  1.7696E+00  6.8862E+00  5.8697E+01  5.1388E-01  5.6200E-01  1.8824E-01
  1.2000E+01  1.7696E+00  6.8862E+00  5.8697E+01  5.1388E-01  5.6200E-01  1.8824E-01
  1.3000E+01  1.2094E+00  2.3807E+00  4.9200E+01  3.2756E-01 -2.0968E-01  1.1744E-02
  1.3000E+01  1.2094E+00  2.3807E+00  4.9200E+01  3.2756E-01 -2.0968E-01  1.1744E-02
  1.3000E+01  1.2094E+00  2.3807E+00  4.9200E+01  3.2756E-01 -2.0968E-01  1.1744E-02
  1.3000E+01  1.2094E+00  2.3807E+00  4.9200E+01  3.2756E-01 -2.0968E-01  1.1744E-02
  1.3000E+01  1.2094E+00  2.3807E+00  4.9200E+01  3.2756E-01 -2.0968E-01  1.1744E-02
  1.3000E+01  1.2094E+00  2.3807E+00  4.9200E+01  3.2756E-01 -2.0968E-01  1.1744E-02
  1.3000E+01  1.2094E+00  2.3807E+00  4.9200E+01  3.2756E-01 -2.0968E-01  1.1744E-02
  1.3000E+01  1.2094E+00  2.3807E+00  4.9200E+01  3.2756E-01 -2.0968E-01  1.1744E-02
  1.3000E+01  2.1037E+00  2.5293E+00  4.9200E+01  3.2756E-01 -2.0968E-01  1.1744E-02
  1.3000E+01  2.1037E+00  2.5293E+00  4.9200E+01  3.2756E-01 -2.0968E-01  1.1744E-02
  1.3000E+01  2.1037E+00  2.5293E+00  4.9200E+01  3.2756E-01 -2.0968E-01  1.1744E-02
  1.3000E+01  2.1037E+00  2.5293E+00  4.9200E+01  3.2756E-01 -2.0968E-01  1.1744E-02
  1.3000E+01  2.1037E+00  2.5293E+00  4.9200E+01  3.2756E-01 -2.0968E-01  1.1744E-02
  1.3000E+01  2.1037E+00  2.5293E+00  4.9200E+01  3.2756E-01 -2.0968E-01  1.1744E-02
  1.3000E+01  2.1037E+00  2.5293E+00  4.9200E+01  3.2756E-01 -2.0968E-01  1.1744E-02
  1.3000E+01  2.1037E+00  2.5293E+00  4.9200E+01  3.2756E-01 -2.0968E-01  1.1744E-02
  1.3000E+01  1.4474E+00  2.7184E+00  4.9200E+01  3.2756E-01 -2.0968E-01  1.1744E-02
  1.3000E+01  1.4474E+00  2.7184E+00  4.9200E+01  3.2756E-01 -2.0968E-01  1.1744E-02
  1.3000E+01  1.4474E+00  2.7184E+00  4.9200E+01  3.2756E-01 -2.0968E-01  1.1744E-02
  1.3000E+01  1.4474E+00  2.7184E+00  4.9200E+01  3.2756E-01 -2.0968E-01  1.1744E-02
  1.3000E+01  1.4474E+00  2.7184E+00  4.9200E+01  3.2756E-01 -2.0968E-01  1.1744E-02
  1.3000E+01  1.4474E+00  2.7184E+00  4.9200E+01  3.2756E-01 -2.0968E-01  1.1744E-02
  1.3000E+01  1.4474E+00  2.7184E+00  4.9200E+01  3.2756E-01 -2.0968E-01  1.1744E-02
  1.3000E+01  1.4474E+00  2.7184E+00  4.9200E+01  3.2756E-01 -2.0968E-01  1.1744E-02
  1.4000E+01  1.3091E+00  4.3075E+00  3.4092E+01 -1.1564E-01  5.0888E-01 -3.5509E-01
  1.4000E+01  1.3091E+00  4.3075E+00  3.4092E+01 -1.1564E-01  5.0888E-01 -3.5509E-01
  1.4000E+01  1.3091E+00  4.3075E+00  3.4092E+01 -1.1564E-01  5.0888E-01 -3.5509E-01
  1.4000E+01  1.3091E+00  4.3075E+00  3.4092E+01 -1.1564E-01  5.0888E-01 -3.5509E-01
  1.4000E+01  1.3091E+00  4.3075E+00  3.4092E+01 -1.1564E-01  5.0888E-01 -3.5509E-01
  1.4000E+01  1.3091E+00  4.3075E+00  3.4092E+01 -1.1564E-01  5.0888E-01 -3.5509E-01
  1.4000E+01  1.3091E+00  4.3075E+00  3.4092E+01 -1.1564E-01  5.0888E-01 -3.5509E-01
  1.4000E+01  1.3091E+00  4.3075E+00  3.4092E+01 -1.1564E-01  5.0888E-01 -3.5509E-01
  1.4000E+01  9.5563E-01  6.2371E+00  3.4092E+01 -1.1564E-01  5.0888E-01 -3.5509E-01
  1.4000E+01  9.5563E-01  6.2371E+00  3.4092E+01 -1.1564E-01  5.0888E-01 -3.5509E-01
  1.4000E+01  9.5563E-01  6.2371E+00  3.4092E+01 -1.1564E-01  5.0888E-01 -3.5509E-01
  1.4000E+01  9.5563E-01  6.2371E+00  3.4092E+01 -1.1564E-01  5.0888E-01 -3.5509E-01
  1.4000E+01  9.5563E-01  6.2371E+00  3.4092E+01 -1.1564E-01  5.0888E-01 -3.5509E-01
  1.4000E+01  9.5563E-01  6.2371E+00  3.4092E+01 -1.1564E-01  5.0888E-01 -3.5509E-01
  1.4000E+01  9.5563E-01  6.2371E+00  3.4092E+01 -1.1564E-01  5.0888E-01 -3.5509E-01
  1.4000E+01  9.5563E-01  6.2371E+00  3.4092E+01 -1.1564E-01  5.0888E-01 -3.5509E-01
  1.4000E+01  6.1052E-01  5.6279E+00  3.4092E+01 -1.1564E-01  5.0888E-01 -3.5509E-01
  1.4000E+01  6.1052E-01  5.6279E+00  3.4092E+01 -1.1564E-01  5.0888E-01 -3.5509E-01
  1.4000E+01  6.1052E-01  5.6279E+00  3.4092E+01 -1.1564E-01  5.0888E-01 -3.5509E-01
  1.4000E+01  6.1052E-01  5.6279E+00  3.4092E+01 -1.1564E-01  5.0888E-01 -3.5509E-01
  1.4000E+01  6.1052E-01  5.6279E+00  3.4092E+01 -1.1564E-01  5.0888E-01 -3.5509E-01
  1.4000E+01  6.1052E-01  5.6279E+00  3.4092E+01 -1.1564E-01  5.0888E-01 -3.5509E-01
  1.4000E+01  6.1052E-01  5.6279E+00  3.4092E+01 -1.1564E-01  5.0888E-01 -3.5509E-01
  1.4000E+01  6.1052E-01  5.6279E+00  3.4092E+01 -1.1564E-01  5.0888E-01 -3.5509E-01
  1.5000E+01  1.1287E+00  7.1865E-01  4.0470E+01 -2.2588E-02 -1.4053E+00 -1.8358E-01
  1.5000E+01  1.1287E+00  7.1865E-01  4.0470E+01 -2.2588E-02 -1.4053E+00 -1.8358E-01
  1.5000E+01  1.1287E+00  7.1865E-01  4.0470E+01 -2.2588E-02 -1.4053E+00 -1.8358E-01
  1.5000E+01  1.1287E+00  7.1865E-01  4.0470E+01 -2.2588E-02 -1.4053E+00 -1.8358E-01
  1.5000E+01  1.1287E+00  7.1865E-01  4.0470E+01 -2.2588E-02 -1.4053E+00 -1.8358E-01
  1.5000E+01  1.1287E+00  7.1865E-01  4.0470E+01 -2.2588E-02 -1.4053E+00 -1.8358E-01
  1.5000E+01  1.1287E+00  7.1865E-01  4.0470E+01 -2.2588E-02 -1.4053E+00 -1.8358E-01
  1.5000E+01  1.1287E+00  7.1865E-01  4.0470E+01 -2.2588E-02 -1.4053E+00 -1.8358E-01
  1.5000E+01  1.3455E+00  8.1260E-01  4.0470E+01 -2.2588E-02 -1.4053E+00 -1.8358E-01
  1.5000E+01  1.3455E+00  8.1260E-01  4.0470E+01 -2.2588E-02 -1.4053E+00 -1.8358E-01
  1.5000E+01  1.3455E+00  8.1260E-01  4.0470E+01 -2.2588E-02 -1.4053E+00 -1.8358E-01
  1.5000E+01  1.3455E+00  8.1260E-01  4.0470E+01 -2.2588E-02 -1.4053E+00 -1.8358E-01
  1.5000E+01  1.3455E+00  8.1260E-01  4.0470E+01 -2.2588E-02 -1.4053E+00 -1.8358E-01
  1.5000E+01  1.3455E+00  8.1260E-01  4.0470E+01 -2.2588E-02 -1.4053E+00 -1.8358E-01
  1.5000E+01  1.3455E+00  8.1260E-01  4.0470E+01 -2.2588E-02 -1.4053E+00 -1.8358E-01
  1.5000E+01  1.3455E+00  8.1260E-01  4.0470E+01 -2.2588E-02 -1.4053E+00 -1.8358E-01
  1.5000E+01  6.9975E-01  6.9357E-01  4.0470E+01 -2.2588E-02 -1.4053E+00 -1.8358E-01
  1.5000E+01  6.9975E-01  6.9357E-01  4.0470E+01 -2.2588E-02 -1.4053E+00 -1.8358E-01
  1.5000E+01  6.9975E-01  6.9357E-01  4.0470E+01 -2.2588E-02 -1.4053E+00 -1.8358E-01
  1.5000E+01  6.9975E-01  6.9357E-01  4.0470E+01 -2.2588E-02 -1.4053E+00 -1.8358E-01
  1.5000E+01  6.9975E-01  6.9357E-01  4.0470E+01 -2.2588E-02 -1.4053E+00 -1.8358E-01
  1.5000E+01  6.9975E-01  6.9357E-01  4.0470E+01 -2.2588E-02 -1.4053E+00 -1.8358E-01
  1.5000E+01  6.9975E-01  6.9357E-01  4.0470E+01 -2.2588E-02 -1.4053E+00 -1.8358E-01
  1.5000E+01  6.9975E-01  6.9357E-01  4.0470E+01 -2.2588E-02 -1.4053E+00 -1.8358E-01
  1.6000E+01  1.1030E+00  2.8139E+00  5.0339E+01  9.4210E-02 -4.9841E-02  3.4640E-02
  1.6000E+01  1.1030E+00  2.8139E+00  5.0339E+01  9.4210E-02 -4.9841E-02  3.4640E-02
  1.6000E+01  1.1030E+00  2.8139E+00  5.0339E+01  9.4210E-02 -4.9841E-02  3.4640E-02
  1.6000E+01  1.1030E+00  2.8139E+00  5.0339E+01  9.4210E-02 -4.9841E-02  3.4640E-02
  1.6000E+01  1.1030E+00  2.8139E+00  5.0339E+01  9.4210E-02 -4.9841E-02  3.4640E-02
  1.6000E+01  1.1030E+00  2.8139E+00  5.0339E+01  9.4210E-02 -4.9841E-02  3.4640E-02
  1.6000E+01  1.1030E+00  2.8139E+00  5.0339E+01  9.4210E-02 -4.9841E-02  3.4640E-02
  1.6000E+01  1.1030E+00  2.8139E+00  5.0339E+01  9.4210E-02 -4.9841E-02  3.4640E-02
  1.6000E+01  1.1697E+00  2.7615E+00  5.0339E+01  9.4210E-02 -4.9841E-02  3.4640E-02
  1.6000E+01  1.1697E+00  2.7615E+00  5.0339E+01  9.4210E-02 -4.9841E-02  3.4640E-02
  1.6000E+01  1.1697E+00  2.7615E+00  5.0339E+01  9.4210E-02 -4.9841E-02  3.4640E-02
  1.6000E+01  1.1697E+00  2.7615E+00  5.0339E+01  9.4210E-02 -4.9841E-02  3.4640E-02
  1.6000E+01  1.1697E+00  2.7615E+00  5.0339E+01  9.4210E-02 -4.9841E-02  3.4640E-02
  1.6000E+01  1.1697E+00  2.7615E+00  5.0339E+01  9.4210E-02 -4.9841E-02  3.4640E-02
  1.6000E+01  1.1697E+00  2.7615E+00  5.0339E+01  9.4210E-02 -4.9841E-02  3.4640E-02
  1.6000E+01  1.1697E+00  2.7615E+00  5.0339E+01  9.4210E-02 -4.9841E-02  3.4640E-02
  1.6000E+01  1.2468E+00  3.4542E+00  5.0339E+01  9.4210E-02 -4.9841E-02  3.4640E-02
  1.6000E+01  1.2468E+00  3.4542E+00  5.0339E+01  9.4210E-02 -4.9841E-02  3.4640E-02
  1.6000E+01  1.2468E+00  3.4542E+00  5.0339E+01  9.4210E-02 -4.9841E-02  3.4640E-02
  1.6000E+01  1.2468E+00  3.4542E+00  5.0339E+01  9.4210E-02 -4.9841E-02  3.4640E-02
  1.6000E+01  1.2468E+00  3.4542E+00  5.0339E+01  9.4210E-02 -4.9841E-02  3.4640E-02
  1.6000E+01  1.2468E+00  3.4542E+00  5.0339E+01  9.4210E-02 -4.9841E-02  3.4640E-02
  1.6000E+01  1.2468E+00  3.4542E+00  5.0339E+01  9.4210E-02 -4.9841E-02  3.4640E-02
  1.6000E+01  1.2468E+00  3.4542E+00  5.0339E+01  9.4210E-02 -4.9841E-02  3.4640E-02
  1.7000E+01  1.6193E+00  2.9658E+00  3.5040E+01  1.7040E-01  5.4035E-02 -3.2766E-01
  1.7000E+01  1.6193E+00  2.9658E+00  3.5040E+01  1.7040E-01  5.4035E-02 -3.2766E-01
  1.7000E+01  1.6193E+00  2.9658E+00  3.5040E+01  1.7040E-01  5.4035E-02 -3.2766E-01
  1.7000E+01  1.6193E+00  2.9658E+00  3.5040E+01  1.7040E-01  5.4035E-02 -3.2766E-01
  1.7000E+01  1.6193E+00  2.9658E+00  3.5040E+01  1.7040E-01  5.4035E-02 -3.2766E-01
  1.7000E+01  1.6193E+00  2.9658E+00  3.5040E+01  1.7040E-01  5.4035E-02 -3.2766E-01
  1.7000E+01  1.6193E+00  2.9658E+00  3.5040E+01  1.7040E-01  5.4035E-02 -3.2766E-01
  1.7000E+01  1.6193E+00  2.9658E+00  3.5040E+01  1.7040E-01  5.4035E-02 -3.2766E-01
  1.7000E+01  1.2227E+00  4.0178E+00  3.5040E+01  1.7040E-01  5.4035E-02 -3.2766E-01
  1.7000E+01  1.2227E+00  4.0178E+00  3.5040E+01  1.7040E-01  5.4035E-02 -3.2766E-01
  1.7000E+01  1.2227E+00  4.0178E+00  3.5040E+01  1.7040E-01  5.4035E-02 -3.2766E-01
  1.7000E+01  1.2227E+00  4.0178E+00  3.5040E+01  1.7040E-01  5.4035E-02 -3.2766E-01
  1.7000E+01  1.2227E+00  4.0178E+00  3.5040E+01  1.7040E-01  5.4035E-02 -3.2766E-01
  1.7000E+01  1.2227E+00  4.0178E+00  3.5040E+01  1.7040E-01  5.4035E-02 -3.2766E-01
  1.7000E+01  1.2227E+00  4.0178E+00  3.5040E+01  1.7040E-01  5.4035E-02 -3.2766E-01
  1.7000E+01  1.2227E+00  4.0178E+00  3.5040E+01  1.7040E-01  5.4035E-02 -3.2766E-01
  1.7000E+01  1.0648E+00  3.1063E+00  3.5040E+01  1.7040E-01  5.4035E-02 -3.2766E-01
  1.7000E+01  1.0648E+00  3.1063E+00  3.5040E+01  1.7040E-01  5.4035E-02 -3.2766E-01
  1.7000E+01  1.0648E+00  3.1063E+00  3.5040E+01  1.7040E-01  5.4035E-02 -3.2766E-01
  1.7000E+01  1.0648E+00  3.1063E+00  3.5040E+01  1.7040E-01  5.4035E-02 -3.2766E-01
  1.7000E+01  1.0648E+00  3.1063E+00  3.5040E+01  1.7040E-01  5.4035E-02 -3.2766E-01
  1.7000E+01  1.0648E+00  3.1063E+00  3.5040E+01  1.7040E-01  5.4035E-02 -3.2766E-01
  1.7000E+01  1.0648E+00  3.1063E+00  3.5040E+01  1.7040E-01  5.4035E-02 -3.2766E-01
  1.7000E+01  1.0648E+00  3.1063E+00  3.5040E+01  1.7040E-01  5.4035E-02 -3.2766E-01
  1.8000E+01  1.5044E+00  3.3333E+00  4.2272E+01  3.0135E-01  6.7654E-02 -1.4003E-01
  1.8000E+01  1.5044E+00  3.3333E+00  4.2272E+01  3.0135E-01  6.7654E-02 -1.4003E-01
  1.8000E+01  1.5044E+00  3.3333E+00  4.2272E+01  3.0135E-01  6.7654E-02 -1.4003E-01
  1.8000E+01  1.5044E+00  3.3333E+00  4.2272E+01  3.0135E-01  6.7654E-02 -1.4003E-01
  1.8000E+01  1.5044E+00  3.3333E+00  4.2272E+01  3.0135E-01  6.7654E-02 -1.4003E-01
  1.8000E+01  1.5044E+00  3.3333E+00  4.2272E+01  3.0135E-01  6.7654E-02 -1.4003E-01
  1.8000E+01  1.5044E+00  3.3333E+00  4.2272E+01  3.0135E-01  6.7654E-02 -1.4003E-01
  1.8000E+01  1.5044E+00  3.3333E+00  4.2272E+01  3.0135E-01  6.7654E-02 -1.4003E-01
  1.8000E+01  1.2014E+00  3.1285E+00  4.2272E+01  3.0135E-01  6.7654E-02 -1.4003E-01
  1.8000E+01  1.2014E+00  3.1285E+00  4.2272E+01  3.0135E-01  6.7654E-02 -1.4003E-01
  1.8000E+01  1.2014E+00  3.1285E+00  4.2272E+01  3.0135E-01  6.7654E-02 -1.4003E-01
  1.8000E+01  1.2014E+00  3.1285E+00  4.2272E+01  3.0135E-01  6.7654E-02 -1.4003E-01
  1.8000E+01  1.2014E+00  3.1285E+00  4.2272E+01  3.0135E-01  6.7654E-02 -1.4003E-01
  1.8000E+01  1.2014E+00  3.1285E+00  4.2272E+01  3.0135E-01  6.7654E-02 -1.4003E-01
  1.8000E+01  1.2014E+00  3.1285E+00  4.2272E+01  3.0135E-01  6.7654E-02 -1.4003E-01
  1.8000E+01  1.2014E+00  3.1285E+00  4.2272E+01  3.0135E-01  6.7654E-02 -1.4003E-01
  1.8000E+01  1.8566E+00  3.7021E+00  4.2272E+01  3.0135E-01  6.7654E-02 -1.4003E-01
  1.8000E+01  1.8566E+00  3.7021E+00  4.2272E+01  3.0135E-01  6.7654E-02 -1.4003E-01
  1.8000E+01  1.8566E+00  3.7021E+00  4.2272E+01  3.0135E-01  6.7654E-02 -1.4003E-01
  1.8000E+01  1.8566E+00  3.7021E+00  4.2272E+01  3.0135E-01  6.7654E-02 -1.4003E-01
  1.8000E+01  1.8566E+00  3.7021E+00  4.2272E+01  3.0135E-01  6.7654E-02 -1.4003E-01
  1.8000E+01  1.8566E+00  3.7021E+00  4.2272E+01  3.0135E-01  6.7654E-02 -1.4003E-01
  1.8000E+01  1.8566E+00  3.7021E+00  4.2272E+01  3.0135E-01  6.7654E-02 -1.4003E-01
  1.8000E+01  1.8566E+00  3.7021E+00  4.2272E+01  3.0135E-01  6.7654E-02 -1.4003E-01
  1.9000E+01  1.8594E+00  9.6993E-01  3.8495E+01  5.8408E-01 -1.1704E+00 -2.3363E-01
  1.9000E+01  1.8594E+00  9.6993E-01  3.8495E+01  5.8408E-01 -1.1704E+00 -2.3363E-01
  1.9000E+01  1.8594E+00  9.6993E-01  3.8495E+01  5.8408E-01 -1.1704E+00 -2.3363E-01
  1.9000E+01  1.8594E+00  9.6993E-01  3.8495E+01  5.8408E-01 -1.1704E+00 -2.3363E-01
  1.9000E+01  1.8594E+00  9.6993E-01  3.8495E+01  5.8408E-01 -1.1704E+00 -2.3363E-01
  1.9000E+01  1.8594E+00  9.6993E-01  3.8495E+01  5.8408E-01 -1.1704E+00 -2.3363E-01
  1.9000E+01  1.8594E+00  9.6993E-01  3.8495E+01  5.8408E-01 -1.1704E+00 -2.3363E-01
  1.9000E+01  1.8594E+00  9.6993E-01  3.8495E+01  5.8408E-01 -1.1704E+00 -2.3363E-01
  1.9000E+01  3.2573E+00  9.4621E-01  3.8495E+01  5.8408E-01 -1.1704E+00 -2.3363E-01
  1.9000E+01  3.2573E+00  9.4621E-01  3.8495E+01  5.8408E-01 -1.1704E+00 -2.3363E-01
  1.9000E+01  3.2573E+00  9.4621E-01  3.8495E+01  5.8408E-01 -1.1704E+00 -2.3363E-01
  1.9000E+01  3.2573E+00  9.4621E-01  3.8495E+01  5.8408E-01 -1.1704E+00 -2.3363E-01
  1.9000E+01  3.2573E+00  9.4621E-01  3.8495E+01  5.8408E-01 -1.1704E+00 -2.3363E-01
  1.9000E+01  3.2573E+00  9.4621E-01  3.8495E+01  5.8408E-01 -1.1704E+00 -2.3363E-01
  1.9000E+01  3.2573E+00  9.4621E-01  3.8495E+01  5.8408E-01 -1.1704E+00 -2.3363E-01
  1.9000E+01  3.2573E+00  9.4621E-01  3.8495E+01  5.8408E-01 -1.1704E+00 -2.3363E-01
  1.9000E+01  1.5114E+00  9.1260E-01  3.8495E+01  5.8408E-01 -1.1704E+00 -2.3363E-01
  1.9000E+01  1.5114E+00  9.1260E-01  3.8495E+01  5.8408E-01 -1.1704E+00 -2.3363E-01
  1.9000E+01  1.5114E+00  9.1260E-01  3.8495E+01  5.8408E-01 -1.1704E+00 -2.3363E-01
  1.9000E+01  1.5114E+00  9.1260E-01  3.8495E+01  5.8408E-01 -1.1704E+00 -2.3363E-01
  1.9000E+01  1.5114E+00  9.1260E-01  3.8495E+01  5.8408E-01 -1.1704E+00 -2.3363E-01
  1.9000E+01  1.5114E+00  9.1260E-01  3.8495E+01  5.8408E-01 -1.1704E+00 -2.3363E-01
  1.9000E+01  1.5114E+00  9.1260E-01  3.8495E+01  5.8408E-01 -1.1704E+00 -2.3363E-01
  1.9000E+01  1.5114E+00  9.1260E-01  3.8495E+01  5.8408E-01 -1.1704E+00 -2.3363E-01
  2.0000E+01  6.7626E-01  6.0103E+00  5.1024E+01 -9.1390E-01  6.2705E-01  4.8139E-02
  2.0000E+01  6.7626E-01  6.0103E+00  5.1024E+01 -9.1390E-01  6.2705E-01  4.8139E-02
  2.0000E+01  6.7626E-01  6.0103E+00  5.1024E+01 -9.1390E-01  6.2705E-01  4.8139E-02
  2.0000E+01  6.7626E-01  6.0103E+00  5.1024E+01 -9.1390E-01  6.2705E-01  4.8139E-02
  2.0000E+01  6.7626E-01  6.0103E+00  5.1024E+01 -9.1390E-01  6.2705E-01  4.8139E-02
  2.0000E+01  6.7626E-01  6.0103E+00  5.1024E+01 -9.1390E-01  6.2705E-01  4.8139E-02
  2.0000E+01  6.7626E-01  6.0103E+00  5.1024E+01 -9.1390E-01  6.2705E-01  4.8139E-02
  2.0000E+01  6.7626E-01  6.0103E+00  5.1024E+01 -9.1390E-01  6.2705E-01  4.8139E-02
  2.0000E+01  3.6159E-01  5.7585E+00  5.1024E+01 -9.1390E-01  6.2705E-01  4.8139E-02
  2.0000E+01  3.6159E-01  5.7585E+00  5.1024E+01 -9.1390E-01  6.2705E-01  4.8139E-02
  2.0000E+01  3.6159E-01  5.7585E+00  5.1024E+01 -9.1390E-01  6.2705E-01  4.8139E-02
  2.0000E+01  3.6159E-01  5.7585E+00  5.1024E+01 -9.1390E-01  6.2705E-01  4.8139E-02
  2.0000E+01  3.6159E-01  5.7585E+00  5.1024E+01 -9.1390E-01  6.2705E-01  4.8139E-02
  2.0000E+01  3.6159E-01  5.7585E+00  5.1024E+01 -9.1390E-01  6.2705E-01  4.8139E-02
  2.0000E+01  3.6159E-01  5.7585E+00  5.1024E+01 -9.1390E-01  6.2705E-01  4.8139E-02
  2.0000E+01  3.6159E-01  5.7585E+00  5.1024E+01 -9.1390E-01  6.2705E-01  4.8139E-02
  2.0000E+01  1.8368E-01  6.2973E+00  5.1024E+01 -9.1390E-01  6.2705E-01  4.8139E-02
  2.0000E+01  1.8368E-01  6.2973E+00  5.1024E+01 -9.1390E-01  6.2705E-01  4.8139E-02
  2.0000E+01  1.8368E-01  6.2973E+00  5.1024E+01 -9.1390E-01  6.2705E-01  4.8139E-02
  2.0000E+01  1.8368E-01  6.2973E+00  5.1024E+01 -9.1390E-01  6.2705E-01  4.8139E-02
  2.0000E+01  1.8368E-01  6.2973E+00  5.1024E+01 -9.1390E-01  6.2705E-01  4.8139E-02
  2.0000E+01  1.8368E-01  6.2973E+00  5.1024E+01 -9.1390E-01  6.2705E-01  4.8139E-02
  2.0000E+01  1.8368E-01  6.2973E+00  5.1024E+01 -9.1390E-01  6.2705E-01  4.8139E-02
  2.0000E+01  1.8368E-01  6.2973E+00  5.1024E+01 -9.1390E-01  6.2705E-01  4.8139E-02
  2.1000E+01  7.7735E-01  1.7786E+00  5.3100E+01 -3.9523E-01 -6.3294E-01  8.8034E-02
  2.1000E+01  7.7735E-01  1.7786E+00  5.3100E+01 -3.9523E-01 -6.3294E-01  8.8034E-02
  2.1000E+01  7.7735E-01  1.7786E+00  5.3100E+01 -3.9523E-01 -6.3294E-01  8.8034E-02
  2.1000E+01  7.7735E-01  1.7786E+00  5.3100E+01 -3.9523E-01 -6.3294E-01  8.8034E-02
  2.1000E+01  7.7735E-01  1.7786E+00  5.3100E+01 -3.9523E-01 -6.3294E-01  8.8034E-02
  2.1000E+01  7.7735E-01  1.7786E+00  5.3100E+01 -3.9523E-01 -6.3294E-01  8.8034E-02
  2.1000E+01  7.7735E-01  1.7786E+00  5.3100E+01 -3.9523E-01 -6.3294E-01  8.8034E-02
  2.1000E+01  7.7735E-01  1.7786E+00  5.3100E+01 -3.9523E-01 -6.3294E-01  8.8034E-02
  2.1000E+01  7.2567E-01  1.5851E+00  5.3100E+01 -3.9523E-01 -6.3294E-01  8.8034E-02
  2.1000E+01  7.2567E-01  1.5851E+00  5.3100E+01 -3.9523E-01 -6.3294E-01  8.8034E-02
  2.1000E+01  7.2567E-01  1.5851E+00  5.3100E+01 -3.9523E-01 -6.3294E-01  8.8034E-02
  2.1000E+01  7.2567E-01  1.5851E+00  5.3100E+01 -3.9523E-01 -6.3294E-01  8.8034E-02
  2.1000E+01  7.2567E-01  1.5851E+00  5.3100E+01 -3.9523E-01 -6.3294E-01  8.8034E-02
  2.1000E+01  7.2567E-01  1.5851E+00  5.3100E+01 -3.9523E-01 -6.3294E-01  8.8034E-02
  2.1000E+01  7.2567E-01  1.5851E+00  5.3100E+01 -3.9523E-01 -6.3294E-01  8.8034E-02
  2.1000E+01  7.2567E-01  1.5851E+00  5.3100E+01 -3.9523E-01 -6.3294E-01  8.8034E-02
  2.1000E+01  5.0188E-01  1.5672E+00  5.3100E+01 -3.9523E-01 -6.3294E-01  8.8034E-02
  2.1000E+01  5.0188E-01  1.5672E+00  5.3100E+01 -3.9523E-01 -6.3294E-01  8.8034E-02
  2.1000E+01  5.0188E-01  1.5672E+00  5.3100E+01 -3.9523E-01 -6.3294E-01  8.8034E-02
  2.1000E+01  5.0188E-01  1.5672E+00  5.3100E+01 -3.9523E-01 -6.3294E-01  8.8034E-02
  2.1000E+01  5.0188E-01  1.5672E+00  5.3100E+01 -3.9523E-01 -6.3294E-01  8.8034E-02
  2.1000E+01  5.0188E-01  1.5672E+00  5.3100E+01 -3.9523E-01 -6.3294E-01  8.8034E-02
  2.1000E+01  5.0188E-01  1.5672E+00  5.3100E+01 -3.9523E-01 -6.3294E-01  8.8034E-02
  2.1000E+01  5.0188E-01  1.5672E+00  5.3100E+01 -3.9523E-01 -6.3294E-01  8.8034E-02
  2.2000E+01  7.6493E-01  5.1267E+00  4.8663E+01 -1.3588E-01  5.3814E-01  7.6718E-04
  2.2000E+01  7.6493E-01  5.1267E+00  4.8663E+01 -1.3588E-01  5.3814E-01  7.6718E-04
  2.2000E+01  7.6493E-01  5.1267E+00  4.8663E+01 -1.3588E-01  5.3814E-01  7.6718E-04
  2.2000E+01  7.6493E-01  5.1267E+00  4.8663E+01 -1.3588E-01  5.3814E-01  7.6718E-04
  2.2000E+01  7.6493E-01  5.1267E+00  4.8663E+01 -1.3588E-01  5.3814E-01  7.6718E-04
  2.2000E+01  7.6493E-01  5.1267E+00  4.8663E+01 -1.3588E-01  5.3814E-01  7.6718E-04
  2.2000E+01  7.6493E-01  5.1267E+00  4.8663E+01 -1.3588E-01  5.3814E-01  7.6718E-04
  2.2000E+01  7.6493E-01  5.1267E+00  4.8663E+01 -1.3588E-01  5.3814E-01  7.6718E-04
  2.2000E+01  8.5870E-01  6.5816E+00  4.8663E+01 -1.3588E-01  5.3814E-01  7.6718E-04
  2.2000E+01  8.5870E-01  6.5816E+00  4.8663E+01 -1.3588E-01  5.3814E-01  7.6718E-04
  2.2000E+01  8.5870E-01  6.5816E+00  4.8663E+01 -1.3588E-01  5.3814E-01  7.6718E-04
  2.2000E+01  8.5870E-01  6.5816E+00  4.8663E+01 -1.3588E-01  5.3814E-01  7.6718E-04
  2.2000E+01  8.5870E-01  6.5816E+00  4.8663E+01 -1.3588E-01  5.3814E-01  7.6718E-04
  2.2000E+01  8.5870E-01  6.5816E+00  4.8663E+01 -1.3588E-01  5.3814E-01  7.6718E-04
  2.2000E+01  8.5870E-01  6.5816E+00  4.8663E+01 -1.3588E-01  5.3814E-01  7.6718E-04
  2.2000E+01  8.5870E-01  6.5816E+00  4.8663E+01 -1.3588E-01  5.3814E-01  7.6718E-04
  2.2000E+01  1.0822E+00  4.9058E+00  4.8663E+01 -1.3588E-01  5.3814E-01  7.6718E-04
  2.2000E+01  1.0822E+00  4.9058E+00  4.8663E+01 -1.3588E-01  5.3814E-01  7.6718E-04
  2.2000E+01  1.0822E+00  4.9058E+00  4.8663E+01 -1.3588E-01  5.3814E-01  7.6718E-04
  2.2000E+01  1.0822E+00  4.9058E+00  4.8663E+01 -1.3588E-01  5.3814E-01  7.6718E-04
  2.2000E+01  1.0822E+00  4.9058E+00  4.8663E+01 -1.3588E-01  5.3814E-01  7.6718E-04
  2.2000E+01  1.0822E+00  4.9058E+00  4.8663E+01 -1.3588E-01  5.3814E-01  7.6718E-04
  2.2000E+01  1.0822E+00  4.9058E+00  4.8663E+01 -1.3588E-01  5.3814E-01  7.6718E-04
  2.2000E+01  1.0822E+00  4.9058E+00  4.8663E+01 -1.3588E-01  5.3814E-01  7.6718E-04
  2.3000E+01  1.2353E+00  1.1370E+00  5.6652E+01  1.4338E-01 -8.6924E-01  1.5278E-01
  2.3000E+01  1.2353E+00  1.1370E+00  5.6652E+01  1.4338E-01 -8.6924E-01  1.5278E-01
  2.3000E+01  1.2353E+00  1.1370E+00  5.6652E+01  1.4338E-01 -8.6924E-01  1.5278E-01
  2.3000E+01  1.2353E+00  1.1370E+00  5.6652E+01  1.4338E-01 -8.6924E-01  1.5278E-01
  2.3000E+01  1.2353E+00  1.1370E+00  5.6652E+01  1.4338E-01 -8.6924E-01  1.5278E-01
  2.3000E+01  1.2353E+00  1.1370E+00  5.6652E+01  1.4338E-01 -8.6924E-01  1.5278E-01
  2.3000E+01  1.2353E+00  1.1370E+00  5.6652E+01  1.4338E-01 -8.6924E-01  1.5278E-01
  2.3000E+01  1.2353E+00  1.1370E+00  5.6652E+01  1.4338E-01 -8.6924E-01  1.5278E-01
  2.3000E+01  1.3971E+00  1.3565E+00  5.6652E+01  1.4338E-01 -8.6924E-01  1.5278E-01
  2.3000E+01  1.3971E+00  1.3565E+00  5.6652E+01  1.4338E-01 -8.6924E-01  1.5278E-01
  2.3000E+01  1.3971E+00  1.3565E+00  5.6652E+01  1.4338E-01 -8.6924E-01  1.5278E-01
  2.3000E+01  1.3971E+00  1.3565E+00  5.6652E+01  1.4338E-01 -8.6924E-01  1.5278E-01
  2.3000E+01  1.3971E+00  1.3565E+00  5.6652E+01  1.4338E-01 -8.6924E-01  1.5278E-01
  2.3000E+01  1.3971E+00  1.3565E+00  5.6652E+01  1.4338E-01 -8.6924E-01  1.5278E-01
  2.3000E+01  1.3971E+00  1.3565E+00  5.6652E+01  1.4338E-01 -8.6924E-01  1.5278E-01
  2.3000E+01  1.3971E+00  1.3565E+00  5.6652E+01  1.4338E-01 -8.6924E-01  1.5278E-01
  2.3000E+01  1.1098E+00  1.3790E+00  5.6652E+01  1.4338E-01 -8.6924E-01  1.5278E-01
  2.3000E+01  1.1098E+00  1.3790E+00  5.6652E+01  1.4338E-01 -8.6924E-01  1.5278E-01
  2.3000E+01  1.1098E+00  1.3790E+00  5.6652E+01  1.4338E-01 -8.6924E-01  1.5278E-01
  2.3000E+01  1.1098E+00  1.3790E+00  5.6652E+01  1.4338E-01 -8.6924E-01  1.5278E-01
  2.3000E+01  1.1098E+00  1.3790E+00  5.6652E+01  1.4338E-01 -8.6924E-01  1.5278E-01
  2.3000E+01  1.1098E+00  1.3790E+00  5.6652E+01  1.4338E-01 -8.6924E-01  1.5278E-01
  2.3000E+01  1.1098E+00  1.3790E+00  5.6652E+01  1.4338E-01 -8.6924E-01  1.5278E-01
  2.3000E+01  1.1098E+00  1.3790E+00  5.6652E+01  1.4338E-01 -8.6924E-01  1.5278E-01
  2.4000E+01  1.3019E+00  3.2421E+00  8.0607E+01  3.9189E-03 -5.8715E-02  5.0544E-01
  2.4000E+01  1.3019E+00  3.2421E+00  8.0607E+01  3.9189E-03 -5.8715E-02  5.0544E-01
  2.4000E+01  1.3019E+00  3.2421E+00  8.0607E+01  3.9189E-03 -5.8715E-02  5.0544E-01
  2.4000E+01  1.3019E+00  3.2421E+00  8.0607E+01  3.9189E-03 -5.8715E-02  5.0544E-01
  2.4000E+01  1.3019E+00  3.2421E+00  8.0607E+01  3.9189E-03 -5.8715E-02  5.0544E-01
  2.4000E+01  1.3019E+00  3.2421E+00  8.0607E+01  3.9189E-03 -5.8715E-02  5.0544E-01
  2.4000E+01  1.3019E+00  3.2421E+00  8.0607E+01  3.9189E-03 -5.8715E-02  5.0544E-01
  2.4000E+01  1.3019E+00  3.2421E+00  8.0607E+01  3.9189E-03 -5.8715E-02  5.0544E-01
  2.4000E+01  1.0011E+00  3.3630E+00  8.0607E+01  3.9189E-03 -5.8715E-02  5.0544E-01
  2.4000E+01  1.0011E+00  3.3630E+00  8.0607E+01  3.9189E-03 -5.8715E-02  5.0544E-01
  2.4000E+01  1.0011E+00  3.3630E+00  8.0607E+01  3.9189E-03 -5.8715E-02  5.0544E-01
  2.4000E+01  1.0011E+00  3.3630E+00  8.0607E+01  3.9189E-03 -5.8715E-02  5.0544E-01
  2.4000E+01  1.0011E+00  3.3630E+00  8.0607E+01  3.9189E-03 -5.8715E-02  5.0544E-01
  2.4000E+01  1.0011E+00  3.3630E+00  8.0607E+01  3.9189E-03 -5.8715E-02  5.0544E-01
  2.4000E+01  1.0011E+00  3.3630E+00  8.0607E+01  3.9189E-03 -5.8715E-02  5.0544E-01
  2.4000E+01  1.0011E+00  3.3630E+00  8.0607E+01  3.9189E-03 -5.8715E-02  5.0544E-01
  2.4000E+01  8.9575E-01  2.3951E+00  8.0607E+01  3.9189E-03 -5.8715E-02  5.0544E-01
  2.4000E+01  8.9575E-01  2.3951E+00  8.0607E+01  3.9189E-03 -5.8715E-02  5.0544E-01
  2.4000E+01  8.9575E-01  2.3951E+00  8.0607E+01  3.9189E-03 -5.8715E-02  5.0544E-01
  2.4000E+01  8.9575E-01  2.3951E+00  8.0607E+01  3.9189E-03 -5.8715E-02  5.0544E-01
  2.4000E+01  8.9575E-01  2.3951E+00  8.0607E+01  3.9189E-03 -5.8715E-02  5.0544E-01
  2.4000E+01  8.9575E-01  2.3951E+00  8.0607E+01  3.9189E-03 -5.8715E-02  5.0544E-01
  2.4000E+01  8.9575E-01  2.3951E+00  8.0607E+01  3.9189E-03 -5.8715E-02  5.0544E-01
  2.4000E+01  8.9575E-01  2.3951E+00  8.0607E+01  3.9189E-03 -5.8715E-02  5.0544E-01
  2.5000E+01  7.1155E-01  5.3373E+00  4.3863E+01 -2.3619E-01  5.5260E-01 -1.0308E-01
  2.5000E+01  7.1155E-01  5.3373E+00  4.3863E+01 -2.3619E-01  5.5260E-01 -1.0308E-01
  2.5000E+01  7.1155E-01  5.3373E+00  4.3863E+01 -2.3619E-01  5.5260E-01 -1.0308E-01
  2.5000E+01  7.1155E-01  5.3373E+00  4.3863E+01 -2.3619E-01  5.5260E-01 -1.0308E-01
  2.5000E+01  7.1155E-01  5.3373E+00  4.3863E+01 -2.3619E-01  5.5260E-01 -1.0308E-01
  2.5000E+01  7.1155E-01  5.3373E+00  4.3863E+01 -2.3619E-01  5.5260E-01 -1.0308E-01
  2.5000E+01  7.1155E-01  5.3373E+00  4.3863E+01 -2.3619E-01  5.5260E-01 -1.0308E-01
  2.5000E+01  7.1155E-01  5.3373E+00  4.3863E+01 -2.3619E-01  5.5260E-01 -1.0308E-01
  2.5000E+01  9.8832E-01  6.4976E+00  4.3863E+01 -2.3619E-01  5.5260E-01 -1.0308E-01
  2.5000E+01  9.8832E-01  6.4976E+00  4.3863E+01 -2.3619E-01  5.5260E-01 -1.0308E-01
  2.5000E+01  9.8832E-01  6.4976E+00  4.3863E+01 -2.3619E-01  5.5260E-01 -1.0308E-01
  2.5000E+01  9.8832E-01  6.4976E+00  4.3863E+01 -2.3619E-01  5.5260E-01 -1.0308E-01
  2.5000E+01  9.8832E-01  6.4976E+00  4.3863E+01 -2.3619E-01  5.5260E-01 -1.0308E-01
  2.5000E+01  9.8832E-01  6.4976E+00  4.3863E+01 -2.3619E-01  5.5260E-01 -1.0308E-01
  2.5000E+01  9.8832E-01  6.4976E+00  4.3863E+01 -2.3619E-01  5.5260E-01 -1.0308E-01
  2.5000E+01  9.8832E-01  6.4976E+00  4.3863E+01 -2.3619E-01  5.5260E-01 -1.0308E-01
  2.5000E+01  7.0799E-01  4.9915E+00  4.3863E+01 -2.3619E-01  5.5260E-01 -1.0308E-01
  2.5000E+01  7.0799E-01  4.9915E+00  4.3863E+01 -2.3619E-01  5.5260E-01 -1.0308E-01
  2.5000E+01  7.0799E-01  4.9915E+00  4.3863E+01 -2.3619E-01  5.5260E-01 -1.0308E-01
  2.5000E+01  7.0799E-01  4.9915E+00  4.3863E+01 -2.3619E-01  5.5260E-01 -1.0308E-01
  2.5000E+01  7.0799E-01  4.9915E+00  4.3863E+01 -2.3619E-01  5.5260E-01 -1.0308E-01
  2.5000E+01  7.0799E-01  4.9915E+00  4.3863E+01 -2.3619E-01  5.5260E-01 -1.0308E-01
  2.5000E+01  7.0799E-01  4.9915E+00  4.3863E+01 -2.3619E-01  5.5260E-01 -1.0308E-01
  2.5000E+01  7.0799E-01  4.9915E+00  4.3863E+01 -2.3619E-01  5.5260E-01 -1.0308E-01
  2.6000E+01  8.8276E-01  2.4187E+00  3.3455E+01 -1.5302E-01 -6.9926E-02 -3.7394E-01
  2.6000E+01  8.8276E-01  2.4187E+00  3.3455E+01 -1.5302E-01 -6.9926E-02 -3.7394E-01
  2.6000E+01  8.8276E-01  2.4187E+00  3.3455E+01 -1.5302E-01 -6.9926E-02 -3.7394E-01
  2.6000E+01  8.8276E-01  2.4187E+00  3.3455E+01 -1.5302E-01 -6.9926E-02 -3.7394E-01
  2.6000E+01  8.8276E-01  2.4187E+00  3.3455E+01 -1.5302E-01 -6.9926E-02 -3.7394E-01
  2.6000E+01  8.8276E-01  2.4187E+00  3.3455E+01 -1.5302E-01 -6.9926E-02 -3.7394E-01
  2.6000E+01  8.8276E-01  2.4187E+00  3.3455E+01 -1.5302E-01 -6.9926E-02 -3.7394E-01
  2.6000E+01  8.8276E-01  2.4187E+00  3.3455E+01 -1.5302E-01 -6.9926E-02 -3.7394E-01
  2.6000E+01  9.6959E-01  2.8137E+00  3.3455E+01 -1.5302E-01 -6.9926E-02 -3.7394E-01
  2.6000E+01  9.6959E-01  2.8137E+00  3.3455E+01 -1.5302E-01 -6.9926E-02 -3.7394E-01
  2.6000E+01  9.6959E-01  2.8137E+00  3.3455E+01 -1.5302E-01 -6.9926E-02 -3.7394E-01
  2.6000E+01  9.6959E-01  2.8137E+00  3.3455E+01 -1.5302E-01 -6.9926E-02 -3.7394E-01
  2.6000E+01  9.6959E-01  2.8137E+00  3.3455E+01 -1.5302E-01 -6.9926E-02 -3.7394E-01
  2.6000E+01  9.6959E-01  2.8137E+00  3.3455E+01 -1.5302E-01 -6.9926E-02 -3.7394E-01
  2.6000E+01  9.6959E-01  2.8137E+00  3.3455E+01 -1.5302E-01 -6.9926E-02 -3.7394E-01
  2.6000E+01  9.6959E-01  2.8137E+00  3.3455E+01 -1.5302E-01 -6.9926E-02 -3.7394E-01
  2.6000E+01  7.8146E-01  3.7064E+00  3.3455E+01 -1.5302E-01 -6.9926E-02 -3.7394E-01
  2.6000E+01  7.8146E-01  3.7064E+00  3.3455E+01 -1.5302E-01 -6.9926E-02 -3.7394E-01
  2.6000E+01  7.8146E-01  3.7064E+00  3.3455E+01 -1.5302E-01 -6.9926E-02 -3.7394E-01
  2.6000E+01  7.8146E-01  3.7064E+00  3.3455E+01 -1.5302E-01 -6.9926E-02 -3.7394E-01
  2.6000E+01  7.8146E-01  3.7064E+00  3.3455E+01 -1.5302E-01 -6.9926E-02 -3.7394E-01
  2.6000E+01  7.8146E-01  3.7064E+00  3.3455E+01 -1.5302E-01 -6.9926E-02 -3.7394E-01
  2.6000E+01  7.8146E-01  3.7064E+00  3.3455E+01 -1.5302E-01 -6.9926E-02 -3.7394E-01
  2.6000E+01  7.8146E-01  3.7064E+00  3.3455E+01 -1.5302E-01 -6.9926E-02 -3.7394E-01
  2.7000E+01  9.3995E-01  2.8121E+00  5.5361E+01 -1.5253E-01 -9.6113E-02  1.2973E-01
  2.7000E+01  9.3995E-01  2.8121E+00  5.5361E+01 -1.5253E-01 -9.6113E-02  1.2973E-01
  2.7000E+01  9.3995E-01  2.8121E+00  5.5361E+01 -1.5253E-01 -9.6113E-02  1.2973E-01
  2.7000E+01  9.3995E-01  2.8121E+00  5.5361E+01 -1.5253E-01 -9.6113E-02  1.2973E-01
  2.7000E+01  9.3995E-01  2.8121E+00  5.5361E+01 -1.5253E-01 -9.6113E-02  1.2973E-01
  2.7000E+01  9.3995E-01  2.8121E+00  5.5361E+01 -1.5253E-01 -9.6113E-02  1.2973E-01
  2.7000E+01  9.3995E-01  2.8121E+00  5.5361E+01 -1.5253E-01 -9.6113E-02  1.2973E-01
  2.7000E+01  9.3995E-01  2.8121E+00  5.5361E+01 -1.5253E-01 -9.6113E-02  1.2973E-01
  2.7000E+01  8.5458E-01  3.3027E+00  5.5361E+01 -1.5253E-01 -9.6113E-02  1.2973E-01
  2.7000E+01  8.5458E-01  3.3027E+00  5.5361E+01 -1.5253E-01 -9.6113E-02  1.2973E-01
  2.7000E+01  8.5458E-01  3.3027E+00  5.5361E+01 -1.5253E-01 -9.6113E-02  1.2973E-01
  2.7000E+01  8.5458E-01  3.3027E+00  5.5361E+01 -1.5253E-01 -9.6113E-02  1.2973E-01
  2.7000E+01  8.5458E-01  3.3027E+00  5.5361E+01 -1.5253E-01 -9.6113E-02  1.2973E-01
  2.7000E+01  8.5458E-01  3.3027E+00  5.5361E+01 -1.5253E-01 -9.6113E-02  1.2973E-01
  2.7000E+01  8.5458E-01  3.3027E+00  5.5361E+01 -1.5253E-01 -9.6113E-02  1.2973E-01
  2.7000E+01  8.5458E-01  3.3027E+00  5.5361E+01 -1.5253E-01 -9.6113E-02  1.2973E-01
  2.7000E+01  8.3412E-01  2.5045E+00  5.5361E+01 -1.5253E-01 -9.6113E-02  1.2973E-01
  2.7000E+01  8.3412E-01  2.5045E+00  5.5361E+01 -1.5253E-01 -9.6113E-02  1.2973E-01
  2.7000E+01  8.3412E-01  2.5045E+00  5.5361E+01 -1.5253E-01 -9.6113E-02  1.2973E-01
  2.7000E+01  8.3412E-01  2.5045E+00  5.5361E+01 -1.5253E-01 -9.6113E-02  1.2973E-01
  2.7000E+01  8.3412E-01  2.5045E+00  5.5361E+01 -1.5253E-01 -9.6113E-02  1.2973E-01
  2.7000E+01  8.3412E-01  2.5045E+00  5.5361E+01 -1.5253E-01 -9.6113E-02  1.2973E-01
  2.7000E+01  8.3412E-01  2.5045E+00  5.5361E+01 -1.5253E-01 -9.6113E-02  1.2973E-01
  2.7000E+01  8.3412E-01  2.5045E+00  5.5361E+01 -1.5253E-01 -9.6113E-02  1.2973E-01
  2.8000E+01  1.1203E+00  3.5693E+00  4.6313E+01  3.2840E-01  2.7665E-01 -4.8726E-02
  2.8000E+01  1.1203E+00  3.5693E+00  4.6313E+01  3.2840E-01  2.7665E-01 -4.8726E-02
  2.8000E+01  1.1203E+00  3.5693E+00  4.6313E+01  3.2840E-01  2.7665E-01 -4.8726E-02
  2.8000E+01  1.1203E+00  3.5693E+00  4.6313E+01  3.2840E-01  2.7665E-01 -4.8726E-02
  2.8000E+01  1.1203E+00  3.5693E+00  4.6313E+01  3.2840E-01  2.7665E-01 -4.8726E-02
  2.8000E+01  1.1203E+00  3.5693E+00  4.6313E+01  3.2840E-01  2.7665E-01 -4.8726E-02
  2.8000E+01  1.1203E+00  3.5693E+00  4.6313E+01  3.2840E-01  2.7665E-01 -4.8726E-02
  2.8000E+01  1.1203E+00  3.5693E+00  4.6313E+01  3.2840E-01  2.7665E-01 -4.8726E-02
  2.8000E+01  1.5113E+00  5.0585E+00  4.6313E+01  3.2840E-01  2.7665E-01 -4.8726E-02
  2.8000E+01  1.5113E+00  5.0585E+00  4.6313E+01  3.2840E-01  2.7665E-01 -4.8726E-02
  2.8000E+01  1.5113E+00  5.0585E+00  4.6313E+01  3.2840E-01  2.7665E-01 -4.8726E-02
  2.8000E+01  1.5113E+00  5.0585E+00  4.6313E+01  3.2840E-01  2.7665E-01 -4.8726E-02
  2.8000E+01  1.5113E+00  5.0585E+00  4.6313E+01  3.2840E-01  2.7665E-01 -4.8726E-02
  2.8000E+01  1.5113E+00  5.0585E+00  4.6313E+01  3.2840E-01  2.7665E-01 -4.8726E-02
  2.8000E+01  1.5113E+00  5.0585E+00  4.6313E+01  3.2840E-01  2.7665E-01 -4.8726E-02
  2.8000E+01  1.5113E+00  5.0585E+00  4.6313E+01  3.2840E-01  2.7665E-01 -4.8726E-02
  2.8000E+01  2.1817E+00  4.0823E+00  4.6313E+01  3.2840E-01  2.7665E-01 -4.8726E-02
  2.8000E+01  2.1817E+00  4.0823E+00  4.6313E+01  3.2840E-01  2.7665E-01 -4.8726E-02
  2.8000E+01  2.1817E+00  4.0823E+00  4.6313E+01  3.2840E-01  2.7665E-01 -4.8726E-02
  2.8000E+01  2.1817E+00  4.0823E+00  4.6313E+01  3.2840E-01  2.7665E-01 -4.8726E-02
  2.8000E+01  2.1817E+00  4.0823E+00  4.6313E+01  3.2840E-01  2.7665E-01 -4.8726E-02
  2.8000E+01  2.1817E+00  4.0823E+00  4.6313E+01  3.2840E-01  2.7665E-01 -4.8726E-02
  2.8000E+01  2.1817E+00  4.0823E+00  4.6313E+01  3.2840E-01  2.7665E-01 -4.8726E-02
  2.8000E+01  2.1817E+00  4.0823E+00  4.6313E+01  3.2840E-01  2.7665E-01 -4.8726E-02
  2.9000E+01  4.5525E-01  1.0091E+00  4.4724E+01 -7.8811E-01 -1.1594E+00 -8.3641E-02
  2.9000E+01  4.5525E-01  1.0091E+00  4.4724E+01 -7.8811E-01 -1.1594E+00 -8.3641E-02
  2.9000E+01  4.5525E-01  1.0091E+00  4.4724E+01 -7.8811E-01 -1.1594E+00 -8.3641E-02
  2.9000E+01  4.5525E-01  1.0091E+00  4.4724E+01 -7.8811E-01 -1.1594E+00 -8.3641E-02
  2.9000E+01  4.5525E-01  1.0091E+00  4.4724E+01 -7.8811E-01 -1.1594E+00 -8.3641E-02
  2.9000E+01  4.5525E-01  1.0091E+00  4.4724E+01 -7.8811E-01 -1.1594E+00 -8.3641E-02
  2.9000E+01  4.5525E-01  1.0091E+00  4.4724E+01 -7.8811E-01 -1.1594E+00 -8.3641E-02
  2.9000E+01  4.5525E-01  1.0091E+00  4.4724E+01 -7.8811E-01 -1.1594E+00 -8.3641E-02
  2.9000E+01  5.6023E-01  9.0860E-01  4.4724E+01 -7.8811E-01 -1.1594E+00 -8.3641E-02
  2.9000E+01  5.6023E-01  9.0860E-01  4.4724E+01 -7.8811E-01 -1.1594E+00 -8.3641E-02
  2.9000E+01  5.6023E-01  9.0860E-01  4.4724E+01 -7.8811E-01 -1.1594E+00 -8.3641E-02
  2.9000E+01  5.6023E-01  9.0860E-01  4.4724E+01 -7.8811E-01 -1.1594E+00 -8.3641E-02
  2.9000E+01  5.6023E-01  9.0860E-01  4.4724E+01 -7.8811E-01 -1.1594E+00 -8.3641E-02
  2.9000E+01  5.6023E-01  9.0860E-01  4.4724E+01 -7.8811E-01 -1.1594E+00 -8.3641E-02
  2.9000E+01  5.6023E-01  9.0860E-01  4.4724E+01 -7.8811E-01 -1.1594E+00 -8.3641E-02
  2.9000E+01  5.6023E-01  9.0860E-01  4.4724E+01 -7.8811E-01 -1.1594E+00 -8.3641E-02
  2.9000E+01  2.7523E-01  9.4509E-01  4.4724E+01 -7.8811E-01 -1.1594E+00 -8.3641E-02
  2.9000E+01  2.7523E-01  9.4509E-01  4.4724E+01 -7.8811E-01 -1.1594E+00 -8.3641E-02
  2.9000E+01  2.7523E-01  9.4509E-01  4.4724E+01 -7.8811E-01 -1.1594E+00 -8.3641E-02
  2.9000E+01  2.7523E-01  9.4509E-01  4.4724E+01 -7.8811E-01 -1.1594E+00 -8.3641E-02
  2.9000E+01  2.7523E-01  9.4509E-01  4.4724E+01 -7.8811E-01 -1.1594E+00 -8.3641E-02
  2.9000E+01  2.7523E-01  9.4509E-01  4.4724E+01 -7.8811E-01 -1.1594E+00 -8.3641E-02
  2.9000E+01  2.7523E-01  9.4509E-01  4.4724E+01 -7.8811E-01 -1.1594E+00 -8.3641E-02
  2.9000E+01  2.7523E-01  9.4509E-01  4.4724E+01 -7.8811E-01 -1.1594E+00 -8.3641E-02
  3.0000E+01  1.0313E+00  4.3120E+00  4.5951E+01 -1.4067E-01  2.1723E-02 -5.6565E-02
  3.0000E+01  1.0313E+00  4.3120E+00  4.5951E+01 -1.4067E-01  2.1723E-02 -5.6565E-02
  3.0000E+01  1.0313E+00  4.3120E+00  4.5951E+01 -1.4067E-01  2.1723E-02 -5.6565E-02
  3.0000E+01  1.0313E+00  4.3120E+00  4.5951E+01 -1.4067E-01  2.1723E-02 -5.6565E-02
  3.0000E+01  1.0313E+00  4.3120E+00  4.5951E+01 -1.4067E-01  2.1723E-02 -5.6565E-02
  3.0000E+01  1.0313E+00  4.3120E+00  4.5951E+01 -1.4067E-01  2.1723E-02 -5.6565E-02
  3.0000E+01  1.0313E+00  4.3120E+00  4.5951E+01 -1.4067E-01  2.1723E-02 -5.6565E-02
  3.0000E+01  1.0313E+00  4.3120E+00  4.5951E+01 -1.4067E-01  2.1723E-02 -5.6565E-02
  3.0000E+01  8.9002E-01  3.5650E+00  4.5951E+01 -1.4067E-01  2.1723E-02 -5.6565E-02
  3.0000E+01  8.9002E-01  3.5650E+00  4.5951E+01 -1.4067E-01  2.1723E-02 -5.6565E-02
  3.0000E+01  8.9002E-01  3.5650E+00  4.5951E+01 -1.4067E-01  2.1723E-02 -5.6565E-02
  3.0000E+01  8.9002E-01  3.5650E+00  4.5951E+01 -1.4067E-01  2.1723E-02 -5.6565E-02
  3.0000E+01  8.9002E-01  3.5650E+00  4.5951E+01 -1.4067E-01  2.1723E-02 -5.6565E-02
  3.0000E+01  8.9002E-01  3.5650E+00  4.5951E+01 -1.4067E-01  2.1723E-02 -5.6565E-02
  3.0000E+01  8.9002E-01  3.5650E+00  4.5951E+01 -1.4067E-01  2.1723E-02 -5.6565E-02
  3.0000E+01  8.9002E-01  3.5650E+00  4.5951E+01 -1.4067E-01  2.1723E-02 -5.6565E-02
  3.0000E+01  7.6136E-01  2.1788E+00  4.5951E+01 -1.4067E-01  2.1723E-02 -5.6565E-02
  3.0000E+01  7.6136E-01  2.1788E+00  4.5951E+01 -1.4067E-01  2.1723E-02 -5.6565E-02
  3.0000E+01  7.6136E-01  2.1788E+00  4.5951E+01 -1.4067E-01  2.1723E-02 -5.6565E-02
  3.0000E+01  7.6136E-01  2.1788E+00  4.5951E+01 -1.4067E-01  2.1723E-02 -5.6565E-02
  3.0000E+01  7.6136E-01  2.1788E+00  4.5951E+01 -1.4067E-01  2.1723E-02 -5.6565E-02
  3.0000E+01  7.6136E-01  2.1788E+00  4.5951E+01 -1.4067E-01  2.1723E-02 -5.6565E-02
  3.0000E+01  7.6136E-01  2.1788E+00  4.5951E+01 -1.4067E-01  2.1723E-02 -5.6565E-02
  3.0000E+01  7.6136E-01  2.1788E+00  4.5951E+01 -1.4067E-01  2.1723E-02 -5.6565E-02
  3.1000E+01  1.5242E+00  5.3501E+00  3.8293E+01  8.3302E-02  4.3800E-01 -2.3888E-01
  3.1000E+01  1.5242E+00  5.3501E+00  3.8293E+01  8.3302E-02  4.3800E-01 -2.3888E-01
  3.1000E+01  1.5242E+00  5.3501E+00  3.8293E+01  8.3302E-02  4.3800E-01 -2.3888E-01
  3.1000E+01  1.5242E+00  5.3501E+00  3.8293E+01  8.3302E-02  4.3800E-01 -2.3888E-01
  3.1000E+01  1.5242E+00  5.3501E+00  3.8293E+01  8.3302E-02  4.3800E-01 -2.3888E-01
  3.1000E+01  1.5242E+00  5.3501E+00  3.8293E+01  8.3302E-02  4.3800E-01 -2.3888E-01
  3.1000E+01  1.5242E+00  5.3501E+00  3.8293E+01  8.3302E-02  4.3800E-01 -2.3888E-01
  3.1000E+01  1.5242E+00  5.3501E+00  3.8293E+01  8.3302E-02  4.3800E-01 -2.3888E-01
  3.1000E+01  1.0309E+00  3.9460E+00  3.8293E+01  8.3302E-02  4.3800E-01 -2.3888E-01
  3.1000E+01  1.0309E+00  3.9460E+00  3.8293E+01  8.3302E-02  4.3800E-01 -2.3888E-01
  3.1000E+01  1.0309E+00  3.9460E+00  3.8293E+01  8.3302E-02  4.3800E-01 -2.3888E-01
  3.1000E+01  1.0309E+00  3.9460E+00  3.8293E+01  8.3302E-02  4.3800E-01 -2.3888E-01
  3.1000E+01  1.0309E+00  3.9460E+00  3.8293E+01  8.3302E-02  4.3800E-01 -2.3888E-01
  3.1000E+01  1.0309E+00  3.9460E+00  3.8293E+01  8.3302E-02  4.3800E-01 -2.3888E-01
  3.1000E+01  1.0309E+00  3.9460E+00  3.8293E+01  8.3302E-02  4.3800E-01 -2.3888E-01
  3.1000E+01  1.0309E+00  3.9460E+00  3.8293E+01  8.3302E-02  4.3800E-01 -2.3888E-01
  3.1000E+01  9.8487E-01  5.7517E+00  3.8293E+01  8.3302E-02  4.3800E-01 -2.3888E-01
  3.1000E+01  9.8487E-01  5.7517E+00  3.8293E+01  8.3302E-02  4.3800E-01 -2.3888E-01
  3.1000E+01  9.8487E-01  5.7517E+00  3.8293E+01  8.3302E-02  4.3800E-01 -2.3888E-01
  3.1000E+01  9.8487E-01  5.7517E+00  3.8293E+01  8.3302E-02  4.3800E-01 -2.3888E-01
  3.1000E+01  9.8487E-01  5.7517E+00  3.8293E+01  8.3302E-02  4.3800E-01 -2.3888E-01
  3.1000E+01  9.8487E-01  5.7517E+00  3.8293E+01  8.3302E-02  4.3800E-01 -2.3888E-01
  3.1000E+01  9.8487E-01  5.7517E+00  3.8293E+01  8.3302E-02  4.3800E-01 -2.3888E-01
  3.1000E+01  9.8487E-01  5.7517E+00  3.8293E+01  8.3302E-02  4.3800E-01 -2.3888E-01
  3.2000E+01  1.1858E+00  1.1334E+00  4.7092E+01 -1.6140E-01 -8.9994E-01 -3.2039E-02
  3.2000E+01  1.1858E+00  1.1334E+00  4.7092E+01 -1.6140E-01 -8.9994E-01 -3.2039E-02
  3.2000E+01  1.1858E+00  1.1334E+00  4.7092E+01 -1.6140E-01 -8.9994E-01 -3.2039E-02
  3.2000E+01  1.1858E+00  1.1334E+00  4.7092E+01 -1.6140E-01 -8.9994E-01 -3.2039E-02
  3.2000E+01  1.1858E+00  1.1334E+00  4.7092E+01 -1.6140E-01 -8.9994E-01 -3.2039E-02
  3.2000E+01  1.1858E+00  1.1334E+00  4.7092E+01 -1.6140E-01 -8.9994E-01 -3.2039E-02
  3.2000E+01  1.1858E+00  1.1334E+00  4.7092E+01 -1.6140E-01 -8.9994E-01 -3.2039E-02
  3.2000E+01  1.1858E+00  1.1334E+00  4.7092E+01 -1.6140E-01 -8.9994E-01 -3.2039E-02
  3.2000E+01  6.2187E-01  1.2814E+00  4.7092E+01 -1.6140E-01 -8.9994E-01 -3.2039E-02
  3.2000E+01  6.2187E-01  1.2814E+00  4.7092E+01 -1.6140E-01 -8.9994E-01 -3.2039E-02
  3.2000E+01  6.2187E-01  1.2814E+00  4.7092E+01 -1.6140E-01 -8.9994E-01 -3.2039E-02
  3.2000E+01  6.2187E-01  1.2814E+00  4.7092E+01 -1.6140E-01 -8.9994E-01 -3.2039E-02
  3.2000E+01  6.2187E-01  1.2814E+00  4.7092E+01 -1.6140E-01 -8.9994E-01 -3.2039E-02
  3.2000E+01  6.2187E-01  1.2814E+00  4.7092E+01 -1.6140E-01 -8.9994E-01 -3.2039E-02
  3.2000E+01  6.2187E-01  1.2814E+00  4.7092E+01 -1.6140E-01 -8.9994E-01 -3.2039E-02
  3.2000E+01  6.2187E-01  1.2814E+00  4.7092E+01 -1.6140E-01 -8.9994E-01 -3.2039E-02
  3.2000E+01  8.8041E-01  1.3318E+00  4.7092E+01 -1.6140E-01 -8.9994E-01 -3.2039E-02
  3.2000E+01  8.8041E-01  1.3318E+00  4.7092E+01 -1.6140E-01 -8.9994E-01 -3.2039E-02
  3.2000E+01  8.8041E-01  1.3318E+00  4.7092E+01 -1.6140E-01 -8.9994E-01 -3.2039E-02
  3.2000E+01  8.8041E-01  1.3318E+00  4.7092E+01 -1.6140E-01 -8.9994E-01 -3.2039E-02
  3.2000E+01  8.8041E-01  1.3318E+00  4.7092E+01 -1.6140E-01 -8.9994E-01 -3.2039E-02
  3.2000E+01  8.8041E-01  1.3318E+00  4.7092E+01 -1.6140E-01 -8.9994E-01 -3.2039E-02
  3.2000E+01  8.8041E-01  1.3318E+00  4.7092E+01 -1.6140E-01 -8.9994E-01 -3.2039E-02
  3.2000E+01  8.8041E-01  1.3318E+00  4.7092E+01 -1.6140E-01 -8.9994E-01 -3.2039E-02
  3.3000E+01  1.7454E+00  8.0130E-01  5.2985E+01  2.2130E-01 -1.3092E+00  8.5865E-02
  3.3000E+01  1.7454E+00  8.0130E-01  5.2985E+01  2.2130E-01 -1.3092E+00  8.5865E-02
  3.3000E+01  1.7454E+00  8.0130E-01  5.2985E+01  2.2130E-01 -1.3092E+00  8.5865E-02
  3.3000E+01  1.7454E+00  8.0130E-01  5.2985E+01  2.2130E-01 -1.3092E+00  8.5865E-02
  3.3000E+01  1.7454E+00  8.0130E-01  5.2985E+01  2.2130E-01 -1.3092E+00  8.5865E-02
  3.3000E+01  1.7454E+00  8.0130E-01  5.2985E+01  2.2130E-01 -1.3092E+00  8.5865E-02
  3.3000E+01  1.7454E+00  8.0130E-01  5.2985E+01  2.2130E-01 -1.3092E+00  8.5865E-02
  3.3000E+01  1.7454E+00  8.0130E-01  5.2985E+01  2.2130E-01 -1.3092E+00  8.5865E-02
  3.3000E+01  1.6383E+00  8.2539E-01  5.2985E+01  2.2130E-01 -1.3092E+00  8.5865E-02
  3.3000E+01  1.6383E+00  8.2539E-01  5.2985E+01  2.2130E-01 -1.3092E+00  8.5865E-02
  3.3000E+01  1.6383E+00  8.2539E-01  5.2985E+01  2.2130E-01 -1.3092E+00  8.5865E-02
  3.3000E+01  1.6383E+00  8.2539E-01  5.2985E+01  2.2130E-01 -1.3092E+00  8.5865E-02
  3.3000E+01  1.6383E+00  8.2539E-01  5.2985E+01  2.2130E-01 -1.3092E+00  8.5865E-02
  3.3000E+01  1.6383E+00  8.2539E-01  5.2985E+01  2.2130E-01 -1.3092E+00  8.5865E-02
  3.3000E+01  1.6383E+00  8.2539E-01  5.2985E+01  2.2130E-01 -1.3092E+00  8.5865E-02
  3.3000E+01  1.6383E+00  8.2539E-01  5.2985E+01  2.2130E-01 -1.3092E+00  8.5865E-02
  3.3000E+01  8.8323E-01  8.2437E-01  5.2985E+01  2.2130E-01 -1.3092E+00  8.5865E-02
  3.3000E+01  8.8323E-01  8.2437E-01  5.2985E+01  2.2130E-01 -1.3092E+00  8.5865E-02
  3.3000E+01  8.8323E-01  8.2437E-01  5.2985E+01  2.2130E-01 -1.3092E+00  8.5865E-02
  3.3000E+01  8.8323E-01  8.2437E-01  5.2985E+01  2.2130E-01 -1.3092E+00  8.5865E-02
  3.3000E+01  8.8323E-01  8.2437E-01  5.2985E+01  2.2130E-01 -1.3092E+00  8.5865E-02
  3.3000E+01  8.8323E-01  8.2437E-01  5.2985E+01  2.2130E-01 -1.3092E+00  8.5865E-02
  3.3000E+01  8.8323E-01  8.2437E-01  5.2985E+01  2.2130E-01 -1.3092E+00  8.5865E-02
  3.3000E+01  8.8323E-01  8.2437E-01  5.2985E+01  2.2130E-01 -1.3092E+00  8.5865E-02
  3.4000E+01  3.9404E-01  4.1360E+00  4.5849E+01 -3.4069E-01  2.5904E-01 -5.8800E-02
  3.4000E+01  3.9404E-01  4.1360E+00  4.5849E+01 -3.4069E-01  2.5904E-01 -5.8800E-02
  3.4000E+01  3.9404E-01  4.1360E+00  4.5849E+01 -3.4069E-01  2.5904E-01 -5.8800E-02
  3.4000E+01  3.9404E-01  4.1360E+00  4.5849E+01 -3.4069E-01  2.5904E-01 -5.8800E-02
  3.4000E+01  3.9404E-01  4.1360E+00  4.5849E+01 -3.4069E-01  2.5904E-01 -5.8800E-02
  3.4000E+01  3.9404E-01  4.1360E+00  4.5849E+01 -3.4069E-01  2.5904E-01 -5.8800E-02
  3.4000E+01  3.9404E-01  4.1360E+00  4.5849E+01 -3.4069E-01  2.5904E-01 -5.8800E-02
  3.4000E+01  3.9404E-01  4.1360E+00  4.5849E+01 -3.4069E-01  2.5904E-01 -5.8800E-02
  3.4000E+01  9.2513E-01  3.2187E+00  4.5849E+01 -3.4069E-01  2.5904E-01 -5.8800E-02
  3.4000E+01  9.2513E-01  3.2187E+00  4.5849E+01 -3.4069E-01  2.5904E-01 -5.8800E-02
  3.4000E+01  9.2513E-01  3.2187E+00  4.5849E+01 -3.4069E-01  2.5904E-01 -5.8800E-02
  3.4000E+01  9.2513E-01  3.2187E+00  4.5849E+01 -3.4069E-01  2.5904E-01 -5.8800E-02
  3.4000E+01  9.2513E-01  3.2187E+00  4.5849E+01 -3.4069E-01  2.5904E-01 -5.8800E-02
  3.4000E+01  9.2513E-01  3.2187E+00  4.5849E+01 -3.4069E-01  2.5904E-01 -5.8800E-02
  3.4000E+01  9.2513E-01  3.2187E+00  4.5849E+01 -3.4069E-01  2.5904E-01 -5.8800E-02
  3.4000E+01  9.2513E-01  3.2187E+00  4.5849E+01 -3.4069E-01  2.5904E-01 -5.8800E-02
  3.4000E+01  9.4252E-01  5.2431E+00  4.5849E+01 -3.4069E-01  2.5904E-01 -5.8800E-02
  3.4000E+01  9.4252E-01  5.2431E+00  4.5849E+01 -3.4069E-01  2.5904E-01 -5.8800E-02
  3.4000E+01  9.4252E-01  5.2431E+00  4.5849E+01 -3.4069E-01  2.5904E-01 -5.8800E-02
  3.4000E+01  9.4252E-01  5.2431E+00  4.5849E+01 -3.4069E-01  2.5904E-01 -5.8800E-02
  3.4000E+01  9.4252E-01  5.2431E+00  4.5849E+01 -3.4069E-01  2.5904E-01 -5.8800E-02
  3.4000E+01  9.4252E-01  5.2431E+00  4.5849E+01 -3.4069E-01  2.5904E-01 -5.8800E-02
  3.4000E+01  9.4252E-01  5.2431E+00  4.5849E+01 -3.4069E-01  2.5904E-01 -5.8800E-02
  3.4000E+01  9.4252E-01  5.2431E+00  4.5849E+01 -3.4069E-01  2.5904E-01 -5.8800E-02
  3.5000E+01  1.7335E+00  1.0595E+01  3.9820E+01  1.3425E-01  8.1903E-01 -1.9978E-01
  3.5000E+01  1.7335E+00  1.0595E+01  3.9820E+01  1.3425E-01  8.1903E-01 -1.9978E-01
  3.5000E+01  1.7335E+00  1.0595E+01  3.9820E+01  1.3425E-01  8.1903E-01 -1.9978E-01
  3.5000E+01  1.7335E+00  1.0595E+01  3.9820E+01  1.3425E-01  8.1903E-01 -1.9978E-01
  3.5000E+01  1.7335E+00  1.0595E+01  3.9820E+01  1.3425E-01  8.1903E-01 -1.9978E-01
  3.5000E+01  1.7335E+00  1.0595E+01  3.9820E+01  1.3425E-01  8.1903E-01 -1.9978E-01
  3.5000E+01  1.7335E+00  1.0595E+01  3.9820E+01  1.3425E-01  8.1903E-01 -1.9978E-01
  3.5000E+01  1.7335E+00  1.0595E+01  3.9820E+01  1.3425E-01  8.1903E-01 -1.9978E-01
  3.5000E+01  1.2976E+00  5.2732E+00  3.9820E+01  1.3425E-01  8.1903E-01 -1.9978E-01
  3.5000E+01  1.2976E+00  5.2732E+00  3.9820E+01  1.3425E-01  8.1903E-01 -1.9978E-01
  3.5000E+01  1.2976E+00  5.2732E+00  3.9820E+01  1.3425E-01  8.1903E-01 -1.9978E-01
  3.5000E+01  1.2976E+00  5.2732E+00  3.9820E+01  1.3425E-01  8.1903E-01 -1.9978E-01
  3.5000E+01  1.2976E+00  5.2732E+00  3.9820E+01  1.3425E-01  8.1903E-01 -1.9978E-01
  3.5000E+01  1.2976E+00  5.2732E+00  3.9820E+01  1.3425E-01  8.1903E-01 -1.9978E-01
  3.5000E+01  1.2976E+00  5.2732E+00  3.9820E+01  1.3425E-01  8.1903E-01 -1.9978E-01
  3.5000E+01  1.2976E+00  5.2732E+00  3.9820E+01  1.3425E-01  8.1903E-01 -1.9978E-01
  3.5000E+01  8.2434E-01  7.0657E+00  3.9820E+01  1.3425E-01  8.1903E-01 -1.9978E-01
  3.5000E+01  8.2434E-01  7.0657E+00  3.9820E+01  1.3425E-01  8.1903E-01 -1.9978E-01
  3.5000E+01  8.2434E-01  7.0657E+00  3.9820E+01  1.3425E-01  8.1903E-01 -1.9978E-01
  3.5000E+01  8.2434E-01  7.0657E+00  3.9820E+01  1.3425E-01  8.1903E-01 -1.9978E-01
  3.5000E+01  8.2434E-01  7.0657E+00  3.9820E+01  1.3425E-01  8.1903E-01 -1.9978E-01
  3.5000E+01  8.2434E-01  7.0657E+00  3.9820E+01  1.3425E-01  8.1903E-01 -1.9978E-01
  3.5000E+01  8.2434E-01  7.0657E+00  3.9820E+01  1.3425E-01  8.1903E-01 -1.9978E-01
  3.5000E+01  8.2434E-01  7.0657E+00  3.9820E+01  1.3425E-01  8.1903E-01 -1.9978E-01
  3.6000E+01  6.5240E-01  6.2656E+00  5.0940E+01 -5.1956E-01  5.1412E-01  4.6510E-02
  3.6000E+01  6.5240E-01  6.2656E+00  5.0940E+01 -5.1956E-01  5.1412E-01  4.6510E-02
  3.6000E+01  6.5240E-01  6.2656E+00  5.0940E+01 -5.1956E-01  5.1412E-01  4.6510E-02
  3.6000E+01  6.5240E-01  6.2656E+00  5.0940E+01 -5.1956E-01  5.1412E-01  4.6510E-02
  3.6000E+01  6.5240E-01  6.2656E+00  5.0940E+01 -5.1956E-01  5.1412E-01  4.6510E-02
  3.6000E+01  6.5240E-01  6.2656E+00  5.0940E+01 -5.1956E-01  5.1412E-01  4.6510E-02
  3.6000E+01  6.5240E-01  6.2656E+00  5.0940E+01 -5.1956E-01  5.1412E-01  4.6510E-02
  3.6000E+01  6.5240E-01  6.2656E+00  5.0940E+01 -5.1956E-01  5.1412E-01  4.6510E-02
  3.6000E+01  4.4576E-01  6.1382E+00  5.0940E+01 -5.1956E-01  5.1412E-01  4.6510E-02
  3.6000E+01  4.4576E-01  6.1382E+00  5.0940E+01 -5.1956E-01  5.1412E-01  4.6510E-02
  3.6000E+01  4.4576E-01  6.1382E+00  5.0940E+01 -5.1956E-01  5.1412E-01  4.6510E-02
  3.6000E+01  4.4576E-01  6.1382E+00  5.0940E+01 -5.1956E-01  5.1412E-01  4.6510E-02
  3.6000E+01  4.4576E-01  6.1382E+00  5.0940E+01 -5.1956E-01  5.1412E-01  4.6510E-02
  3.6000E+01  4.4576E-01  6.1382E+00  5.0940E+01 -5.1956E-01  5.1412E-01  4.6510E-02
  3.6000E+01  4.4576E-01  6.1382E+00  5.0940E+01 -5.1956E-01  5.1412E-01  4.6510E-02
  3.6000E+01  4.4576E-01  6.1382E+00  5.0940E+01 -5.1956E-01  5.1412E-01  4.6510E-02
  3.6000E+01  6.2616E-01  3.9959E+00  5.0940E+01 -5.1956E-01  5.1412E-01  4.6510E-02
  3.6000E+01  6.2616E-01  3.9959E+00  5.0940E+01 -5.1956E-01  5.1412E-01  4.6510E-02
  3.6000E+01  6.2616E-01  3.9959E+00  5.0940E+01 -5.1956E-01  5.1412E-01  4.6510E-02
  3.6000E+01  6.2616E-01  3.9959E+00  5.0940E+01 -5.1956E-01  5.1412E-01  4.6510E-02
  3.6000E+01  6.2616E-01  3.9959E+00  5.0940E+01 -5.1956E-01  5.1412E-01  4.6510E-02
  3.6000E+01  6.2616E-01  3.9959E+00  5.0940E+01 -5.1956E-01  5.1412E-01  4.6510E-02
  3.6000E+01  6.2616E-01  3.9959E+00  5.0940E+01 -5.1956E-01  5.1412E-01  4.6510E-02
  3.6000E+01  6.2616E-01  3.9959E+00  5.0940E+01 -5.1956E-01  5.1412E-01  4.6510E-02
  3.7000E+01  1.7713E+00  4.2332E+00  4.4433E+01  2.8464E-01  1.8646E-01 -9.0162E-02
  3.7000E+01  1.7713E+00  4.2332E+00  4.4433E+01  2.8464E-01  1.8646E-01 -9.0162E-02
  3.7000E+01  1.7713E+00  4.2332E+00  4.4433E+01  2.8464E-01  1.8646E-01 -9.0162E-02
  3.7000E+01  1.7713E+00  4.2332E+00  4.4433E+01  2.8464E-01  1.8646E-01 -9.0162E-02
  3.7000E+01  1.7713E+00  4.2332E+00  4.4433E+01  2.8464E-01  1.8646E-01 -9.0162E-02
  3.7000E+01  1.7713E+00  4.2332E+00  4.4433E+01  2.8464E-01  1.8646E-01 -9.0162E-02
  3.7000E+01  1.7713E+00  4.2332E+00  4.4433E+01  2.8464E-01  1.8646E-01 -9.0162E-02
  3.7000E+01  1.7713E+00  4.2332E+00  4.4433E+01  2.8464E-01  1.8646E-01 -9.0162E-02
  3.7000E+01  1.3640E+00  3.5905E+00  4.4433E+01  2.8464E-01  1.8646E-01 -9.0162E-02
  3.7000E+01  1.3640E+00  3.5905E+00  4.4433E+01  2.8464E-01  1.8646E-01 -9.0162E-02
  3.7000E+01  1.3640E+00  3.5905E+00  4.4433E+01  2.8464E-01  1.8646E-01 -9.0162E-02
  3.7000E+01  1.3640E+00  3.5905E+00  4.4433E+01  2.8464E-01  1.8646E-01 -9.0162E-02
  3.7000E+01  1.3640E+00  3.5905E+00  4.4433E+01  2.8464E-01  1.8646E-01 -9.0162E-02
  3.7000E+01  1.3640E+00  3.5905E+00  4.4433E+01  2.8464E-01  1.8646E-01 -9.0162E-02
  3.7000E+01  1.3640E+00  3.5905E+00  4.4433E+01  2.8464E-01  1.8646E-01 -9.0162E-02
  3.7000E+01  1.3640E+00  3.5905E+00  4.4433E+01  2.8464E-01  1.8646E-01 -9.0162E-02
  3.7000E+01  1.3089E+00  3.6685E+00  4.4433E+01  2.8464E-01  1.8646E-01 -9.0162E-02
  3.7000E+01  1.3089E+00  3.6685E+00  4.4433E+01  2.8464E-01  1.8646E-01 -9.0162E-02
  3.7000E+01  1.3089E+00  3.6685E+00  4.4433E+01  2.8464E-01  1.8646E-01 -9.0162E-02
  3.7000E+01  1.3089E+00  3.6685E+00  4.4433E+01  2.8464E-01  1.8646E-01 -9.0162E-02
  3.7000E+01  1.3089E+00  3.6685E+00  4.4433E+01  2.8464E-01  1.8646E-01 -9.0162E-02
  3.7000E+01  1.3089E+00  3.6685E+00  4.4433E+01  2.8464E-01  1.8646E-01 -9.0162E-02
  3.7000E+01  1.3089E+00  3.6685E+00  4.4433E+01  2.8464E-01  1.8646E-01 -9.0162E-02
  3.7000E+01  1.3089E+00  3.6685E+00  4.4433E+01  2.8464E-01  1.8646E-01 -9.0162E-02
  3.8000E+01  8.5177E-01  3.5387E+00  5.2277E+01 -1.9781E-01  1.5069E-01  7.2411E-02
  3.8000E+01  8.5177E-01  3.5387E+00  5.2277E+01 -1.9781E-01  1.5069E-01  7.2411E-02
  3.8000E+01  8.5177E-01  3.5387E+00  5.2277E+01 -1.9781E-01  1.5069E-01  7.2411E-02
  3.8000E+01  8.5177E-01  3.5387E+00  5.2277E+01 -1.9781E-01  1.5069E-01  7.2411E-02
  3.8000E+01  8.5177E-01  3.5387E+00  5.2277E+01 -1.9781E-01  1.5069E-01  7.2411E-02
  3.8000E+01  8.5177E-01  3.5387E+00  5.2277E+01 -1.9781E-01  1.5069E-01  7.2411E-02
  3.8000E+01  8.5177E-01  3.5387E+00  5.2277E+01 -1.9781E-01  1.5069E-01  7.2411E-02
  3.8000E+01  8.5177E-01  3.5387E+00  5.2277E+01 -1.9781E-01  1.5069E-01  7.2411E-02
  3.8000E+01  1.0018E+00  3.7316E+00  5.2277E+01 -1.9781E-01  1.5069E-01  7.2411E-02
  3.8000E+01  1.0018E+00  3.7316E+00  5.2277E+01 -1.9781E-01  1.5069E-01  7.2411E-02
  3.8000E+01  1.0018E+00  3.7316E+00  5.2277E+01 -1.9781E-01  1.5069E-01  7.2411E-02
  3.8000E+01  1.0018E+00  3.7316E+00  5.2277E+01 -1.9781E-01  1.5069E-01  7.2411E-02
  3.8000E+01  1.0018E+00  3.7316E+00  5.2277E+01 -1.9781E-01  1.5069E-01  7.2411E-02
  3.8000E+01  1.0018E+00  3.7316E+00  5.2277E+01 -1.9781E-01  1.5069E-01  7.2411E-02
  3.8000E+01  1.0018E+00  3.7316E+00  5.2277E+01 -1.9781E-01  1.5069E-01  7.2411E-02
  3.8000E+01  1.0018E+00  3.7316E+00  5.2277E+01 -1.9781E-01  1.5069E-01  7.2411E-02
  3.8000E+01  6.6866E-01  3.7802E+00  5.2277E+01 -1.9781E-01  1.5069E-01  7.2411E-02
  3.8000E+01  6.6866E-01  3.7802E+00  5.2277E+01 -1.9781E-01  1.5069E-01  7.2411E-02
  3.8000E+01  6.6866E-01  3.7802E+00  5.2277E+01 -1.9781E-01  1.5069E-01  7.2411E-02
  3.8000E+01  6.6866E-01  3.7802E+00  5.2277E+01 -1.9781E-01  1.5069E-01  7.2411E-02
  3.8000E+01  6.6866E-01  3.7802E+00  5.2277E+01 -1.9781E-01  1.5069E-01  7.2411E-02
  3.8000E+01  6.6866E-01  3.7802E+00  5.2277E+01 -1.9781E-01  1.5069E-01  7.2411E-02
  3.8000E+01  6.6866E-01  3.7802E+00  5.2277E+01 -1.9781E-01  1.5069E-01  7.2411E-02
  3.8000E+01  6.6866E-01  3.7802E+00  5.2277E+01 -1.9781E-01  1.5069E-01  7.2411E-02
  3.9000E+01  7.3558E-01  5.2493E+00  4.4676E+01 -3.0960E-02  4.9514E-01 -8.4709E-02
  3.9000E+01  7.3558E-01  5.2493E+00  4.4676E+01 -3.0960E-02  4.9514E-01 -8.4709E-02
  3.9000E+01  7.3558E-01  5.2493E+00  4.4676E+01 -3.0960E-02  4.9514E-01 -8.4709E-02
  3.9000E+01  7.3558E-01  5.2493E+00  4.4676E+01 -3.0960E-02  4.9514E-01 -8.4709E-02
  3.9000E+01  7.3558E-01  5.2493E+00  4.4676E+01 -3.0960E-02  4.9514E-01 -8.4709E-02
  3.9000E+01  7.3558E-01  5.2493E+00  4.4676E+01 -3.0960E-02  4.9514E-01 -8.4709E-02
  3.9000E+01  7.3558E-01  5.2493E+00  4.4676E+01 -3.0960E-02  4.9514E-01 -8.4709E-02
  3.9000E+01  7.3558E-01  5.2493E+00  4.4676E+01 -3.0960E-02  4.9514E-01 -8.4709E-02
  3.9000E+01  1.2462E+00  5.2547E+00  4.4676E+01 -3.0960E-02  4.9514E-01 -8.4709E-02
  3.9000E+01  1.2462E+00  5.2547E+00  4.4676E+01 -3.0960E-02  4.9514E-01 -8.4709E-02
  3.9000E+01  1.2462E+00  5.2547E+00  4.4676E+01 -3.0960E-02  4.9514E-01 -8.4709E-02
  3.9000E+01  1.2462E+00  5.2547E+00  4.4676E+01 -3.0960E-02  4.9514E-01 -8.4709E-02
  3.9000E+01  1.2462E+00  5.2547E+00  4.4676E+01 -3.0960E-02  4.9514E-01 -8.4709E-02
  3.9000E+01  1.2462E+00  5.2547E+00  4.4676E+01 -3.0960E-02  4.9514E-01 -8.4709E-02
  3.9000E+01  1.2462E+00  5.2547E+00  4.4676E+01 -3.0960E-02  4.9514E-01 -8.4709E-02
  3.9000E+01  1.2462E+00  5.2547E+00  4.4676E+01 -3.0960E-02  4.9514E-01 -8.4709E-02
  3.9000E+01  1.1253E+00  5.2535E+00  4.4676E+01 -3.0960E-02  4.9514E-01 -8.4709E-02
  3.9000E+01  1.1253E+00  5.2535E+00  4.4676E+01 -3.0960E-02  4.9514E-01 -8.4709E-02
  3.9000E+01  1.1253E+00  5.2535E+00  4.4676E+01 -3.0960E-02  4.9514E-01 -8.4709E-02
  3.9000E+01  1.1253E+00  5.2535E+00  4.4676E+01 -3.0960E-02  4.9514E-01 -8.4709E-02
  3.9000E+01  1.1253E+00  5.2535E+00  4.4676E+01 -3.0960E-02  4.9514E-01 -8.4709E-02
  3.9000E+01  1.1253E+00  5.2535E+00  4.4676E+01 -3.0960E-02  4.9514E-01 -8.4709E-02
  3.9000E+01  1.1253E+00  5.2535E+00  4.4676E+01 -3.0960E-02  4.9514E-01 -8.4709E-02
  3.9000E+01  1.1253E+00  5.2535E+00  4.4676E+01 -3.0960E-02  4.9514E-01 -8.4709E-02
  4.0000E+01  2.4073E-01  4.0345E+00  4.6455E+01 -8.6202E-01  2.7012E-01 -4.5673E-02
  4.0000E+01  2.4073E-01  4.0345E+00  4.6455E+01 -8.6202E-01  2.7012E-01 -4.5673E-02
  4.0000E+01  2.4073E-01  4.0345E+00  4.6455E+01 -8.6202E-01  2.7012E-01 -4.5673E-02
  4.0000E+01  2.4073E-01  4.0345E+00  4.6455E+01 -8.6202E-01  2.7012E-01 -4.5673E-02
  4.0000E+01  2.4073E-01  4.0345E+00  4.6455E+01 -8.6202E-01  2.7012E-01 -4.5673E-02
  4.0000E+01  2.4073E-01  4.0345E+00  4.6455E+01 -8.6202E-01  2.7012E-01 -4.5673E-02
  4.0000E+01  2.4073E-01  4.0345E+00  4.6455E+01 -8.6202E-01  2.7012E-01 -4.5673E-02
  4.0000E+01  2.4073E-01  4.0345E+00  4.6455E+01 -8.6202E-01  2.7012E-01 -4.5673E-02
  4.0000E+01  3.7238E-01  4.1496E+00  4.6455E+01 -8.6202E-01  2.7012E-01 -4.5673E-02
  4.0000E+01  3.7238E-01  4.1496E+00  4.6455E+01 -8.6202E-01  2.7012E-01 -4.5673E-02
  4.0000E+01  3.7238E-01  4.1496E+00  4.6455E+01 -8.6202E-01  2.7012E-01 -4.5673E-02
  4.0000E+01  3.7238E-01  4.1496E+00  4.6455E+01 -8.6202E-01  2.7012E-01 -4.5673E-02
  4.0000E+01  3.7238E-01  4.1496E+00  4.6455E+01 -8.6202E-01  2.7012E-01 -4.5673E-02
  4.0000E+01  3.7238E-01  4.1496E+00  4.6455E+01 -8.6202E-01  2.7012E-01 -4.5673E-02
  4.0000E+01  3.7238E-01  4.1496E+00  4.6455E+01 -8.6202E-01  2.7012E-01 -4.5673E-02
  4.0000E+01  3.7238E-01  4.1496E+00  4.6455E+01 -8.6202E-01  2.7012E-01 -4.5673E-02
  4.0000E+01  6.0238E-01  4.3146E+00  4.6455E+01 -8.6202E-01  2.7012E-01 -4.5673E-02
  4.0000E+01  6.0238E-01  4.3146E+00  4.6455E+01 -8.6202E-01  2.7012E-01 -4.5673E-02
  4.0000E+01  6.0238E-01  4.3146E+00  4.6455E+01 -8.6202E-01  2.7012E-01 -4.5673E-02
  4.0000E+01  6.0238E-01  4.3146E+00  4.6455E+01 -8.6202E-01  2.7012E-01 -4.5673E-02
  4.0000E+01  6.0238E-01  4.3146E+00  4.6455E+01 -8.6202E-01  2.7012E-01 -4.5673E-02
  4.0000E+01  6.0238E-01  4.3146E+00  4.6455E+01 -8.6202E-01  2.7012E-01 -4.5673E-02
  4.0000E+01  6.0238E-01  4.3146E+00  4.6455E+01 -8.6202E-01  2.7012E-01 -4.5673E-02
  4.0000E+01  6.0238E-01  4.3146E+00  4.6455E+01 -8.6202E-01  2.7012E-01 -4.5673E-02
  4.1000E+01  1.0547E+00  9.3045E-01  5.4117E+01  1.3268E-01 -1.0795E+00  1.0701E-01
  4.1000E+01  1.0547E+00  9.3045E-01  5.4117E+01  1.3268E-01 -1.0795E+00  1.0701E-01
  4.1000E+01  1.0547E+00  9.3045E-01  5.4117E+01  1.3268E-01 -1.0795E+00  1.0701E-01
  4.1000E+01  1.0547E+00  9.3045E-01  5.4117E+01  1.3268E-01 -1.0795E+00  1.0701E-01
  4.1000E+01  1.0547E+00  9.3045E-01  5.4117E+01  1.3268E-01 -1.0795E+00  1.0701E-01
  4.1000E+01  1.0547E+00  9.3045E-01  5.4117E+01  1.3268E-01 -1.0795E+00  1.0701E-01
  4.1000E+01  1.0547E+00  9.3045E-01  5.4117E+01  1.3268E-01 -1.0795E+00  1.0701E-01
  4.1000E+01  1.0547E+00  9.3045E-01  5.4117E+01  1.3268E-01 -1.0795E+00  1.0701E-01
  4.1000E+01  1.4342E+00  9.7980E-01  5.4117E+01  1.3268E-01 -1.0795E+00  1.0701E-01
  4.1000E+01  1.4342E+00  9.7980E-01  5.4117E+01  1.3268E-01 -1.0795E+00  1.0701E-01
  4.1000E+01  1.4342E+00  9.7980E-01  5.4117E+01  1.3268E-01 -1.0795E+00  1.0701E-01
  4.1000E+01  1.4342E+00  9.7980E-01  5.4117E+01  1.3268E-01 -1.0795E+00  1.0701E-01
  4.1000E+01  1.4342E+00  9.7980E-01  5.4117E+01  1.3268E-01 -1.0795E+00  1.0701E-01
  4.1000E+01  1.4342E+00  9.7980E-01  5.4117E+01  1.3268E-01 -1.0795E+00  1.0701E-01
  4.1000E+01  1.4342E+00  9.7980E-01  5.4117E+01  1.3268E-01 -1.0795E+00  1.0701E-01
  4.1000E+01  1.4342E+00  9.7980E-01  5.4117E+01  1.3268E-01 -1.0795E+00  1.0701E-01
  4.1000E+01  1.2191E+00  1.2171E+00  5.4117E+01  1.3268E-01 -1.0795E+00  1.0701E-01
  4.1000E+01  1.2191E+00  1.2171E+00  5.4117E+01  1.3268E-01 -1.0795E+00  1.0701E-01
  4.1000E+01  1.2191E+00  1.2171E+00  5.4117E+01  1.3268E-01 -1.0795E+00  1.0701E-01
  4.1000E+01  1.2191E+00  1.2171E+00  5.4117E+01  1.3268E-01 -1.0795E+00  1.0701E-01
  4.1000E+01  1.2191E+00  1.2171E+00  5.4117E+01  1.3268E-01 -1.0795E+00  1.0701E-01
  4.1000E+01  1.2191E+00  1.2171E+00  5.4117E+01  1.3268E-01 -1.0795E+00  1.0701E-01
  4.1000E+01  1.2191E+00  1.2171E+00  5.4117E+01  1.3268E-01 -1.0795E+00  1.0701E-01
  4.1000E+01  1.2191E+00  1.2171E+00  5.4117E+01  1.3268E-01 -1.0795E+00  1.0701E-01
  4.2000E+01  1.6322E+00  6.5048E+00  4.7749E+01 -6.6193E-02  6.7501E-01 -1.8182E-02
  4.2000E+01  1.6322E+00  6.5048E+00  4.7749E+01 -6.6193E-02  6.7501E-01 -1.8182E-02
  4.2000E+01  1.6322E+00  6.5048E+00  4.7749E+01 -6.6193E-02  6.7501E-01 -1.8182E-02
  4.2000E+01  1.6322E+00  6.5048E+00  4.7749E+01 -6.6193E-02  6.7501E-01 -1.8182E-02
  4.2000E+01  1.6322E+00  6.5048E+00  4.7749E+01 -6.6193E-02  6.7501E-01 -1.8182E-02
  4.2000E+01  1.6322E+00  6.5048E+00  4.7749E+01 -6.6193E-02  6.7501E-01 -1.8182E-02
  4.2000E+01  1.6322E+00  6.5048E+00  4.7749E+01 -6.6193E-02  6.7501E-01 -1.8182E-02
  4.2000E+01  1.6322E+00  6.5048E+00  4.7749E+01 -6.6193E-02  6.7501E-01 -1.8182E-02
  4.2000E+01  9.3933E-01  5.0744E+00  4.7749E+01 -6.6193E-02  6.7501E-01 -1.8182E-02
  4.2000E+01  9.3933E-01  5.0744E+00  4.7749E+01 -6.6193E-02  6.7501E-01 -1.8182E-02
  4.2000E+01  9.3933E-01  5.0744E+00  4.7749E+01 -6.6193E-02  6.7501E-01 -1.8182E-02
  4.2000E+01  9.3933E-01  5.0744E+00  4.7749E+01 -6.6193E-02  6.7501E-01 -1.8182E-02
  4.2000E+01  9.3933E-01  5.0744E+00  4.7749E+01 -6.6193E-02  6.7501E-01 -1.8182E-02
  4.2000E+01  9.3933E-01  5.0744E+00  4.7749E+01 -6.6193E-02  6.7501E-01 -1.8182E-02
  4.2000E+01  9.3933E-01  5.0744E+00  4.7749E+01 -6.6193E-02  6.7501E-01 -1.8182E-02
  4.2000E+01  9.3933E-01  5.0744E+00  4.7749E+01 -6.6193E-02  6.7501E-01 -1.8182E-02
  4.2000E+01  5.9373E-01  7.6591E+00  4.7749E+01 -6.6193E-02  6.7501E-01 -1.8182E-02
  4.2000E+01  5.9373E-01  7.6591E+00  4.7749E+01 -6.6193E-02  6.7501E-01 -1.8182E-02
  4.2000E+01  5.9373E-01  7.6591E+00  4.7749E+01 -6.6193E-02  6.7501E-01 -1.8182E-02
  4.2000E+01  5.9373E-01  7.6591E+00  4.7749E+01 -6.6193E-02  6.7501E-01 -1.8182E-02
  4.2000E+01  5.9373E-01  7.6591E+00  4.7749E+01 -6.6193E-02  6.7501E-01 -1.8182E-02
  4.2000E+01  5.9373E-01  7.6591E+00  4.7749E+01 -6.6193E-02  6.7501E-01 -1.8182E-02
  4.2000E+01  5.9373E-01  7.6591E+00  4.7749E+01 -6.6193E-02  6.7501E-01 -1.8182E-02
  4.2000E+01  5.9373E-01  7.6591E+00  4.7749E+01 -6.6193E-02  6.7501E-01 -1.8182E-02
  4.3000E+01  9.7890E-01  5.4680E+00  6.6249E+01 -2.0348E-01  2.1167E-01  3.0927E-01
  4.3000E+01  9.7890E-01  5.4680E+00  6.6249E+01 -2.0348E-01  2.1167E-01  3.0927E-01
  4.3000E+01  9.7890E-01  5.4680E+00  6.6249E+01 -2.0348E-01  2.1167E-01  3.0927E-01
  4.3000E+01  9.7890E-01  5.4680E+00  6.6249E+01 -2.0348E-01  2.1167E-01  3.0927E-01
  4.3000E+01  9.7890E-01  5.4680E+00  6.6249E+01 -2.0348E-01  2.1167E-01  3.0927E-01
  4.3000E+01  9.7890E-01  5.4680E+00  6.6249E+01 -2.0348E-01  2.1167E-01  3.0927E-01
  4.3000E+01  9.7890E-01  5.4680E+00  6.6249E+01 -2.0348E-01  2.1167E-01  3.0927E-01
  4.3000E+01  9.7890E-01  5.4680E+00  6.6249E+01 -2.0348E-01  2.1167E-01  3.0927E-01
  4.3000E+01  8.5264E-01  3.4930E+00  6.6249E+01 -2.0348E-01  2.1167E-01  3.0927E-01
  4.3000E+01  8.5264E-01  3.4930E+00  6.6249E+01 -2.0348E-01  2.1167E-01  3.0927E-01
  4.3000E+01  8.5264E-01  3.4930E+00  6.6249E+01 -2.0348E-01  2.1167E-01  3.0927E-01
  4.3000E+01  8.5264E-01  3.4930E+00  6.6249E+01 -2.0348E-01  2.1167E-01  3.0927E-01
  4.3000E+01  8.5264E-01  3.4930E+00  6.6249E+01 -2.0348E-01  2.1167E-01  3.0927E-01
  4.3000E+01  8.5264E-01  3.4930E+00  6.6249E+01 -2.0348E-01  2.1167E-01  3.0927E-01
  4.3000E+01  8.5264E-01  3.4930E+00  6.6249E+01 -2.0348E-01  2.1167E-01  3.0927E-01
  4.3000E+01  8.5264E-01  3.4930E+00  6.6249E+01 -2.0348E-01  2.1167E-01  3.0927E-01
  4.3000E+01  6.6995E-01  3.1561E+00  6.6249E+01 -2.0348E-01  2.1167E-01  3.0927E-01
  4.3000E+01  6.6995E-01  3.1561E+00  6.6249E+01 -2.0348E-01  2.1167E-01  3.0927E-01
  4.3000E+01  6.6995E-01  3.1561E+00  6.6249E+01 -2.0348E-01  2.1167E-01  3.0927E-01
  4.3000E+01  6.6995E-01  3.1561E+00  6.6249E+01 -2.0348E-01  2.1167E-01  3.0927E-01
  4.3000E+01  6.6995E-01  3.1561E+00  6.6249E+01 -2.0348E-01  2.1167E-01  3.0927E-01
  4.3000E+01  6.6995E-01  3.1561E+00  6.6249E+01 -2.0348E-01  2.1167E-01  3.0927E-01
  4.3000E+01  6.6995E-01  3.1561E+00  6.6249E+01 -2.0348E-01  2.1167E-01  3.0927E-01
  4.3000E+01  6.6995E-01  3.1561E+00  6.6249E+01 -2.0348E-01  2.1167E-01  3.0927E-01
  4.4000E+01  9.8433E-01  1.4842E+00  4.7859E+01 -2.3904E-01 -8.6725E-01 -1.5880E-02
  4.4000E+01  9.8433E-01  1.4842E+00  4.7859E+01 -2.3904E-01 -8.6725E-01 -1.5880E-02
  4.4000E+01  9.8433E-01  1.4842E+00  4.7859E+01 -2.3904E-01 -8.6725E-01 -1.5880E-02
  4.4000E+01  9.8433E-01  1.4842E+00  4.7859E+01 -2.3904E-01 -8.6725E-01 -1.5880E-02
  4.4000E+01  9.8433E-01  1.4842E+00  4.7859E+01 -2.3904E-01 -8.6725E-01 -1.5880E-02
  4.4000E+01  9.8433E-01  1.4842E+00  4.7859E+01 -2.3904E-01 -8.6725E-01 -1.5880E-02
  4.4000E+01  9.8433E-01  1.4842E+00  4.7859E+01 -2.3904E-01 -8.6725E-01 -1.5880E-02
  4.4000E+01  9.8433E-01  1.4842E+00  4.7859E+01 -2.3904E-01 -8.6725E-01 -1.5880E-02
  4.4000E+01  6.2462E-01  1.1679E+00  4.7859E+01 -2.3904E-01 -8.6725E-01 -1.5880E-02
  4.4000E+01  6.2462E-01  1.1679E+00  4.7859E+01 -2.3904E-01 -8.6725E-01 -1.5880E-02
  4.4000E+01  6.2462E-01  1.1679E+00  4.7859E+01 -2.3904E-01 -8.6725E-01 -1.5880E-02
  4.4000E+01  6.2462E-01  1.1679E+00  4.7859E+01 -2.3904E-01 -8.6725E-01 -1.5880E-02
  4.4000E+01  6.2462E-01  1.1679E+00  4.7859E+01 -2.3904E-01 -8.6725E-01 -1.5880E-02
  4.4000E+01  6.2462E-01  1.1679E+00  4.7859E+01 -2.3904E-01 -8.6725E-01 -1.5880E-02
  4.4000E+01  6.2462E-01  1.1679E+00  4.7859E+01 -2.3904E-01 -8.6725E-01 -1.5880E-02
  4.4000E+01  6.2462E-01  1.1679E+00  4.7859E+01 -2.3904E-01 -8.6725E-01 -1.5880E-02
  4.4000E+01  8.0163E-01  1.2345E+00  4.7859E+01 -2.3904E-01 -8.6725E-01 -1.5880E-02
  4.4000E+01  8.0163E-01  1.2345E+00  4.7859E+01 -2.3904E-01 -8.6725E-01 -1.5880E-02
  4.4000E+01  8.0163E-01  1.2345E+00  4.7859E+01 -2.3904E-01 -8.6725E-01 -1.5880E-02
  4.4000E+01  8.0163E-01  1.2345E+00  4.7859E+01 -2.3904E-01 -8.6725E-01 -1.5880E-02
  4.4000E+01  8.0163E-01  1.2345E+00  4.7859E+01 -2.3904E-01 -8.6725E-01 -1.5880E-02
  4.4000E+01  8.0163E-01  1.2345E+00  4.7859E+01 -2.3904E-01 -8.6725E-01 -1.5880E-02
  4.4000E+01  8.0163E-01  1.2345E+00  4.7859E+01 -2.3904E-01 -8.6725E-01 -1.5880E-02
  4.4000E+01  8.0163E-01  1.2345E+00  4.7859E+01 -2.3904E-01 -8.6725E-01 -1.5880E-02
  4.5000E+01  7.0051E-01  2.1945E+00  7.6026E+01 -4.1749E-01 -2.8239E-01  4.4693E-01
  4.5000E+01  7.0051E-01  2.1945E+00  7.6026E+01 -4.1749E-01 -2.8239E-01  4.4693E-01
  4.5000E+01  7.0051E-01  2.1945E+00  7.6026E+01 -4.1749E-01 -2.8239E-01  4.4693E-01
  4.5000E+01  7.0051E-01  2.1945E+00  7.6026E+01 -4.1749E-01 -2.8239E-01  4.4693E-01
  4.5000E+01  7.0051E-01  2.1945E+00  7.6026E+01 -4.1749E-01 -2.8239E-01  4.4693E-01
  4.5000E+01  7.0051E-01  2.1945E+00  7.6026E+01 -4.1749E-01 -2.8239E-01  4.4693E-01
  4.5000E+01  7.0051E-01  2.1945E+00  7.6026E+01 -4.1749E-01 -2.8239E-01  4.4693E-01
  4.5000E+01  7.0051E-01  2.1945E+00  7.6026E+01 -4.1749E-01 -2.8239E-01  4.4693E-01
  4.5000E+01  7.6465E-01  2.3222E+00  7.6026E+01 -4.1749E-01 -2.8239E-01  4.4693E-01
  4.5000E+01  7.6465E-01  2.3222E+00  7.6026E+01 -4.1749E-01 -2.8239E-01  4.4693E-01
  4.5000E+01  7.6465E-01  2.3222E+00  7.6026E+01 -4.1749E-01 -2.8239E-01  4.4693E-01
  4.5000E+01  7.6465E-01  2.3222E+00  7.6026E+01 -4.1749E-01 -2.8239E-01  4.4693E-01
  4.5000E+01  7.6465E-01  2.3222E+00  7.6026E+01 -4.1749E-01 -2.8239E-01  4.4693E-01
  4.5000E+01  7.6465E-01  2.3222E+00  7.6026E+01 -4.1749E-01 -2.8239E-01  4.4693E-01
  4.5000E+01  7.6465E-01  2.3222E+00  7.6026E+01 -4.1749E-01 -2.8239E-01  4.4693E-01
  4.5000E+01  7.6465E-01  2.3222E+00  7.6026E+01 -4.1749E-01 -2.8239E-01  4.4693E-01
  4.5000E+01  4.8839E-01  2.5648E+00  7.6026E+01 -4.1749E-01 -2.8239E-01  4.4693E-01
  4.5000E+01  4.8839E-01  2.5648E+00  7.6026E+01 -4.1749E-01 -2.8239E-01  4.4693E-01
  4.5000E+01  4.8839E-01  2.5648E+00  7.6026E+01 -4.1749E-01 -2.8239E-01  4.4693E-01
  4.5000E+01  4.8839E-01  2.5648E+00  7.6026E+01 -4.1749E-01 -2.8239E-01  4.4693E-01
  4.5000E+01  4.8839E-01  2.5648E+00  7.6026E+01 -4.1749E-01 -2.8239E-01  4.4693E-01
  4.5000E+01  4.8839E-01  2.5648E+00  7.6026E+01 -4.1749E-01 -2.8239E-01  4.4693E-01
  4.5000E+01  4.8839E-01  2.5648E+00  7.6026E+01 -4.1749E-01 -2.8239E-01  4.4693E-01
  4.5000E+01  4.8839E-01  2.5648E+00  7.6026E+01 -4.1749E-01 -2.8239E-01  4.4693E-01
  4.6000E+01  1.0680E+00  3.4053E+00  5.0548E+01 -7.9275E-03 -1.1088E-01  3.8785E-02
  4.6000E+01  1.0680E+00  3.4053E+00  5.0548E+01 -7.9275E-03 -1.1088E-01  3.8785E-02
  4.6000E+01  1.0680E+00  3.4053E+00  5.0548E+01 -7.9275E-03 -1.1088E-01  3.8785E-02
  4.6000E+01  1.0680E+00  3.4053E+00  5.0548E+01 -7.9275E-03 -1.1088E-01  3.8785E-02
  4.6000E+01  1.0680E+00  3.4053E+00  5.0548E+01 -7.9275E-03 -1.1088E-01  3.8785E-02
  4.6000E+01  1.0680E+00  3.4053E+00  5.0548E+01 -7.9275E-03 -1.1088E-01  3.8785E-02
  4.6000E+01  1.0680E+00  3.4053E+00  5.0548E+01 -7.9275E-03 -1.1088E-01  3.8785E-02
  4.6000E+01  1.0680E+00  3.4053E+00  5.0548E+01 -7.9275E-03 -1.1088E-01  3.8785E-02
  4.6000E+01  1.0736E+00  2.4508E+00  5.0548E+01 -7.9275E-03 -1.1088E-01  3.8785E-02
  4.6000E+01  1.0736E+00  2.4508E+00  5.0548E+01 -7.9275E-03 -1.1088E-01  3.8785E-02
  4.6000E+01  1.0736E+00  2.4508E+00  5.0548E+01 -7.9275E-03 -1.1088E-01  3.8785E-02
  4.6000E+01  1.0736E+00  2.4508E+00  5.0548E+01 -7.9275E-03 -1.1088E-01  3.8785E-02
  4.6000E+01  1.0736E+00  2.4508E+00  5.0548E+01 -7.9275E-03 -1.1088E-01  3.8785E-02
  4.6000E+01  1.0736E+00  2.4508E+00  5.0548E+01 -7.9275E-03 -1.1088E-01  3.8785E-02
  4.6000E+01  1.0736E+00  2.4508E+00  5.0548E+01 -7.9275E-03 -1.1088E-01  3.8785E-02
  4.6000E+01  1.0736E+00  2.4508E+00  5.0548E+01 -7.9275E-03 -1.1088E-01  3.8785E-02
  4.6000E+01  9.7632E-01  2.6626E+00  5.0548E+01 -7.9275E-03 -1.1088E-01  3.8785E-02
  4.6000E+01  9.7632E-01  2.6626E+00  5.0548E+01 -7.9275E-03 -1.1088E-01  3.8785E-02
  4.6000E+01  9.7632E-01  2.6626E+00  5.0548E+01 -7.9275E-03 -1.1088E-01  3.8785E-02
  4.6000E+01  9.7632E-01  2.6626E+00  5.0548E+01 -7.9275E-03 -1.1088E-01  3.8785E-02
  4.6000E+01  9.7632E-01  2.6626E+00  5.0548E+01 -7.9275E-03 -1.1088E-01  3.8785E-02
  4.6000E+01  9.7632E-01  2.6626E+00  5.0548E+01 -7.9275E-03 -1.1088E-01  3.8785E-02
  4.6000E+01  9.7632E-01  2.6626E+00  5.0548E+01 -7.9275E-03 -1.1088E-01  3.8785E-02
  4.6000E+01  9.7632E-01  2.6626E+00  5.0548E+01 -7.9275E-03 -1.1088E-01  3.8785E-02
  4.7000E+01  1.2771E+00  7.5445E+00  4.1380E+01  1.7652E-01  6.8878E-01 -1.6136E-01
  4.7000E+01  1.2771E+00  7.5445E+00  4.1380E+01  1.7652E-01  6.8878E-01 -1.6136E-01
  4.7000E+01  1.2771E+00  7.5445E+00  4.1380E+01  1.7652E-01  6.8878E-01 -1.6136E-01
  4.7000E+01  1.2771E+00  7.5445E+00  4.1380E+01  1.7652E-01  6.8878E-01 -1.6136E-01
  4.7000E+01  1.2771E+00  7.5445E+00  4.1380E+01  1.7652E-01  6.8878E-01 -1.6136E-01
  4.7000E+01  1.2771E+00  7.5445E+00  4.1380E+01  1.7652E-01  6.8878E-01 -1.6136E-01
  4.7000E+01  1.2771E+00  7.5445E+00  4.1380E+01  1.7652E-01  6.8878E-01 -1.6136E-01
  4.7000E+01  1.2771E+00  7.5445E+00  4.1380E+01  1.7652E-01  6.8878E-01 -1.6136E-01
  4.7000E+01  1.0355E+00  6.2840E+00  4.1380E+01  1.7652E-01  6.8878E-01 -1.6136E-01
  4.7000E+01  1.0355E+00  6.2840E+00  4.1380E+01  1.7652E-01  6.8878E-01 -1.6136E-01
  4.7000E+01  1.0355E+00  6.2840E+00  4.1380E+01  1.7652E-01  6.8878E-01 -1.6136E-01
  4.7000E+01  1.0355E+00  6.2840E+00  4.1380E+01  1.7652E-01  6.8878E-01 -1.6136E-01
  4.7000E+01  1.0355E+00  6.2840E+00  4.1380E+01  1.7652E-01  6.8878E-01 -1.6136E-01
  4.7000E+01  1.0355E+00  6.2840E+00  4.1380E+01  1.7652E-01  6.8878E-01 -1.6136E-01
  4.7000E+01  1.0355E+00  6.2840E+00  4.1380E+01  1.7652E-01  6.8878E-01 -1.6136E-01
  4.7000E+01  1.0355E+00  6.2840E+00  4.1380E+01  1.7652E-01  6.8878E-01 -1.6136E-01
  4.7000E+01  1.6291E+00  5.5647E+00  4.1380E+01  1.7652E-01  6.8878E-01 -1.6136E-01
  4.7000E+01  1.6291E+00  5.5647E+00  4.1380E+01  1.7652E-01  6.8878E-01 -1.6136E-01
  4.7000E+01  1.6291E+00  5.5647E+00  4.1380E+01  1.7652E-01  6.8878E-01 -1.6136E-01
  4.7000E+01  1.6291E+00  5.5647E+00  4.1380E+01  1.7652E-01  6.8878E-01 -1.6136E-01
  4.7000E+01  1.6291E+00  5.5647E+00  4.1380E+01  1.7652E-01  6.8878E-01 -1.6136E-01
  4.7000E+01  1.6291E+00  5.5647E+00  4.1380E+01  1.7652E-01  6.8878E-01 -1.6136E-01
  4.7000E+01  1.6291E+00  5.5647E+00  4.1380E+01  1.7652E-01  6.8878E-01 -1.6136E-01
  4.7000E+01  1.6291E+00  5.5647E+00  4.1380E+01  1.7652E-01  6.8878E-01 -1.6136E-01
  4.8000E+01  8.6189E-01  4.3674E+00  4.0207E+01 -1.8915E-01  3.6053E-01 -1.9010E-01
  4.8000E+01  8.6189E-01  4.3674E+00  4.0207E+01 -1.8915E-01  3.6053E-01 -1.9010E-01
  4.8000E+01  8.6189E-01  4.3674E+00  4.0207E+01 -1.8915E-01  3.6053E-01 -1.9010E-01
  4.8000E+01  8.6189E-01  4.3674E+00  4.0207E+01 -1.8915E-01  3.6053E-01 -1.9010E-01
  4.8000E+01  8.6189E-01  4.3674E+00  4.0207E+01 -1.8915E-01  3.6053E-01 -1.9010E-01
  4.8000E+01  8.6189E-01  4.3674E+00  4.0207E+01 -1.8915E-01  3.6053E-01 -1.9010E-01
  4.8000E+01  8.6189E-01  4.3674E+00  4.0207E+01 -1.8915E-01  3.6053E-01 -1.9010E-01
  4.8000E+01  8.6189E-01  4.3674E+00  4.0207E+01 -1.8915E-01  3.6053E-01 -1.9010E-01
  4.8000E+01  7.9103E-01  4.5004E+00  4.0207E+01 -1.8915E-01  3.6053E-01 -1.9010E-01
  4.8000E+01  7.9103E-01  4.5004E+00  4.0207E+01 -1.8915E-01  3.6053E-01 -1.9010E-01
  4.8000E+01  7.9103E-01  4.5004E+00  4.0207E+01 -1.8915E-01  3.6053E-01 -1.9010E-01
  4.8000E+01  7.9103E-01  4.5004E+00  4.0207E+01 -1.8915E-01  3.6053E-01 -1.9010E-01
  4.8000E+01  7.9103E-01  4.5004E+00  4.0207E+01 -1.8915E-01  3.6053E-01 -1.9010E-01
  4.8000E+01  7.9103E-01  4.5004E+00  4.0207E+01 -1.8915E-01  3.6053E-01 -1.9010E-01
  4.8000E+01  7.9103E-01  4.5004E+00  4.0207E+01 -1.8915E-01  3.6053E-01 -1.9010E-01
  4.8000E+01  7.9103E-01  4.5004E+00  4.0207E+01 -1.8915E-01  3.6053E-01 -1.9010E-01
  4.8000E+01  8.6296E-01  4.8614E+00  4.0207E+01 -1.8915E-01  3.6053E-01 -1.9010E-01
  4.8000E+01  8.6296E-01  4.8614E+00  4.0207E+01 -1.8915E-01  3.6053E-01 -1.9010E-01
  4.8000E+01  8.6296E-01  4.8614E+00  4.0207E+01 -1.8915E-01  3.6053E-01 -1.9010E-01
  4.8000E+01  8.6296E-01  4.8614E+00  4.0207E+01 -1.8915E-01  3.6053E-01 -1.9010E-01
  4.8000E+01  8.6296E-01  4.8614E+00  4.0207E+01 -1.8915E-01  3.6053E-01 -1.9010E-01
  4.8000E+01  8.6296E-01  4.8614E+00  4.0207E+01 -1.8915E-01  3.6053E-01 -1.9010E-01
  4.8000E+01  8.6296E-01  4.8614E+00  4.0207E+01 -1.8915E-01  3.6053E-01 -1.9010E-01
  4.8000E+01  8.6296E-01  4.8614E+00  4.0207E+01 -1.8915E-01  3.6053E-01 -1.9010E-01
  4.9000E+01  8.5782E-01  4.8989E+00  3.8504E+01 -1.3067E-02  3.4167E-01 -2.3338E-01
  4.9000E+01  8.5782E-01  4.8989E+00  3.8504E+01 -1.3067E-02  3.4167E-01 -2.3338E-01
  4.9000E+01  8.5782E-01  4.8989E+00  3.8504E+01 -1.3067E-02  3.4167E-01 -2.3338E-01
  4.9000E+01  8.5782E-01  4.8989E+00  3.8504E+01 -1.3067E-02  3.4167E-01 -2.3338E-01
  4.9000E+01  8.5782E-01  4.8989E+00  3.8504E+01 -1.3067E-02  3.4167E-01 -2.3338E-01
  4.9000E+01  8.5782E-01  4.8989E+00  3.8504E+01 -1.3067E-02  3.4167E-01 -2.3338E-01
  4.9000E+01  8.5782E-01  4.8989E+00  3.8504E+01 -1.3067E-02  3.4167E-01 -2.3338E-01
  4.9000E+01  8.5782E-01  4.8989E+00  3.8504E+01 -1.3067E-02  3.4167E-01 -2.3338E-01
  4.9000E+01  1.1464E+00  4.2470E+00  3.8504E+01 -1.3067E-02  3.4167E-01 -2.3338E-01
  4.9000E+01  1.1464E+00  4.2470E+00  3.8504E+01 -1.3067E-02  3.4167E-01 -2.3338E-01
  4.9000E+01  1.1464E+00  4.2470E+00  3.8504E+01 -1.3067E-02  3.4167E-01 -2.3338E-01
  4.9000E+01  1.1464E+00  4.2470E+00  3.8504E+01 -1.3067E-02  3.4167E-01 -2.3338E-01
  4.9000E+01  1.1464E+00  4.2470E+00  3.8504E+01 -1.3067E-02  3.4167E-01 -2.3338E-01
  4.9000E+01  1.1464E+00  4.2470E+00  3.8504E+01 -1.3067E-02  3.4167E-01 -2.3338E-01
  4.9000E+01  1.1464E+00  4.2470E+00  3.8504E+01 -1.3067E-02  3.4167E-01 -2.3338E-01
  4.9000E+01  1.1464E+00  4.2470E+00  3.8504E+01 -1.3067E-02  3.4167E-01 -2.3338E-01
  4.9000E+01  1.1178E+00  4.3320E+00  3.8504E+01 -1.3067E-02  3.4167E-01 -2.3338E-01
  4.9000E+01  1.1178E+00  4.3320E+00  3.8504E+01 -1.3067E-02  3.4167E-01 -2.3338E-01
  4.9000E+01  1.1178E+00  4.3320E+00  3.8504E+01 -1.3067E-02  3.4167E-01 -2.3338E-01
  4.9000E+01  1.1178E+00  4.3320E+00  3.8504E+01 -1.3067E-02  3.4167E-01 -2.3338E-01
  4.9000E+01  1.1178E+00  4.3320E+00  3.8504E+01 -1.3067E-02  3.4167E-01 -2.3338E-01
  4.9000E+01  1.1178E+00  4.3320E+00  3.8504E+01 -1.3067E-02  3.4167E-01 -2.3338E-01
  4.9000E+01  1.1178E+00  4.3320E+00  3.8504E+01 -1.3067E-02  3.4167E-01 -2.3338E-01
  4.9000E+01  1.1178E+00  4.3320E+00  3.8504E+01 -1.3067E-02  3.4167E-01 -2.3338E-01
  5.0000E+01  1.4734E+00  2.5630E+00  5.4553E+01  3.0485E-01 -1.5956E-01  1.1502E-01
  5.0000E+01  1.4734E+00  2.5630E+00  5.4553E+01  3.0485E-01 -1.5956E-01  1.1502E-01
  5.0000E+01  1.4734E+00  2.5630E+00  5.4553E+01  3.0485E-01 -1.5956E-01  1.1502E-01
  5.0000E+01  1.4734E+00  2.5630E+00  5.4553E+01  3.0485E-01 -1.5956E-01  1.1502E-01
  5.0000E+01  1.4734E+00  2.5630E+00  5.4553E+01  3.0485E-01 -1.5956E-01  1.1502E-01
  5.0000E+01  1.4734E+00  2.5630E+00  5.4553E+01  3.0485E-01 -1.5956E-01  1.1502E-01
  5.0000E+01  1.4734E+00  2.5630E+00  5.4553E+01  3.0485E-01 -1.5956E-01  1.1502E-01
  5.0000E+01  1.4734E+00  2.5630E+00  5.4553E+01  3.0485E-01 -1.5956E-01  1.1502E-01
  5.0000E+01  1.3502E+00  2.2022E+00  5.4553E+01  3.0485E-01 -1.5956E-01  1.1502E-01
  5.0000E+01  1.3502E+00  2.2022E+00  5.4553E+01  3.0485E-01 -1.5956E-01  1.1502E-01
  5.0000E+01  1.3502E+00  2.2022E+00  5.4553E+01  3.0485E-01 -1.5956E-01  1.1502E-01
  5.0000E+01  1.3502E+00  2.2022E+00  5.4553E+01  3.0485E-01 -1.5956E-01  1.1502E-01
  5.0000E+01  1.3502E+00  2.2022E+00  5.4553E+01  3.0485E-01 -1.5956E-01  1.1502E-01
  5.0000E+01  1.3502E+00  2.2022E+00  5.4553E+01  3.0485E-01 -1.5956E-01  1.1502E-01
  5.0000E+01  1.3502E+00  2.2022E+00  5.4553E+01  3.0485E-01 -1.5956E-01  1.1502E-01
  5.0000E+01  1.3502E+00  2.2022E+00  5.4553E+01  3.0485E-01 -1.5956E-01  1.1502E-01
  5.0000E+01  1.7078E+00  3.3865E+00  5.4553E+01  3.0485E-01 -1.5956E-01  1.1502E-01
  5.0000E+01  1.7078E+00  3.3865E+00  5.4553E+01  3.0485E-01 -1.5956E-01  1.1502E-01
  5.0000E+01  1.7078E+00  3.3865E+00  5.4553E+01  3.0485E-01 -1.5956E-01  1.1502E-01
  5.0000E+01  1.7078E+00  3.3865E+00  5.4553E+01  3.0485E-01 -1.5956E-01  1.1502E-01
  5.0000E+01  1.7078E+00  3.3865E+00  5.4553E+01  3.0485E-01 -1.5956E-01  1.1502E-01
  5.0000E+01  1.7078E+00  3.3865E+00  5.4553E+01  3.0485E-01 -1.5956E-01  1.1502E-01
  5.0000E+01  1.7078E+00  3.3865E+00  5.4553E+01  3.0485E-01 -1.5956E-01  1.1502E-01
  5.0000E+01  1.7078E+00  3.3865E+00  5.4553E+01  3.0485E-01 -1.5956E-01  1.1502E-01
  5.1000E+01  1.9587E+00  2.9901E+00  4.4470E+01  6.2136E-01  1.6334E-02 -8.9322E-02
  5.1000E+01  1.9587E+00  2.9901E+00  4.4470E+01  6.2136E-01  1.6334E-02 -8.9322E-02
  5.1000E+01  1.9587E+00  2.9901E+00  4.4470E+01  6.2136E-01  1.6334E-02 -8.9322E-02
  5.1000E+01  1.9587E+00  2.9901E+00  4.4470E+01  6.2136E-01  1.6334E-02 -8.9322E-02
  5.1000E+01  1.9587E+00  2.9901E+00  4.4470E+01  6.2136E-01  1.6334E-02 -8.9322E-02
  5.1000E+01  1.9587E+00  2.9901E+00  4.4470E+01  6.2136E-01  1.6334E-02 -8.9322E-02
  5.1000E+01  1.9587E+00  2.9901E+00  4.4470E+01  6.2136E-01  1.6334E-02 -8.9322E-02
  5.1000E+01  1.9587E+00  2.9901E+00  4.4470E+01  6.2136E-01  1.6334E-02 -8.9322E-02
  5.1000E+01  2.6190E+00  2.8063E+00  4.4470E+01  6.2136E-01  1.6334E-02 -8.9322E-02
  5.1000E+01  2.6190E+00  2.8063E+00  4.4470E+01  6.2136E-01  1.6334E-02 -8.9322E-02
  5.1000E+01  2.6190E+00  2.8063E+00  4.4470E+01  6.2136E-01  1.6334E-02 -8.9322E-02
  5.1000E+01  2.6190E+00  2.8063E+00  4.4470E+01  6.2136E-01  1.6334E-02 -8.9322E-02
  5.1000E+01  2.6190E+00  2.8063E+00  4.4470E+01  6.2136E-01  1.6334E-02 -8.9322E-02
  5.1000E+01  2.6190E+00  2.8063E+00  4.4470E+01  6.2136E-01  1.6334E-02 -8.9322E-02
  5.1000E+01  2.6190E+00  2.8063E+00  4.4470E+01  6.2136E-01  1.6334E-02 -8.9322E-02
  5.1000E+01  2.6190E+00  2.8063E+00  4.4470E+01  6.2136E-01  1.6334E-02 -8.9322E-02
  5.1000E+01  2.0370E+00  3.9255E+00  4.4470E+01  6.2136E-01  1.6334E-02 -8.9322E-02
  5.1000E+01  2.0370E+00  3.9255E+00  4.4470E+01  6.2136E-01  1.6334E-02 -8.9322E-02
  5.1000E+01  2.0370E+00  3.9255E+00  4.4470E+01  6.2136E-01  1.6334E-02 -8.9322E-02
  5.1000E+01  2.0370E+00  3.9255E+00  4.4470E+01  6.2136E-01  1.6334E-02 -8.9322E-02
  5.1000E+01  2.0370E+00  3.9255E+00  4.4470E+01  6.2136E-01  1.6334E-02 -8.9322E-02
  5.1000E+01  2.0370E+00  3.9255E+00  4.4470E+01  6.2136E-01  1.6334E-02 -8.9322E-02
  5.1000E+01  2.0370E+00  3.9255E+00  4.4470E+01  6.2136E-01  1.6334E-02 -8.9322E-02
  5.1000E+01  2.0370E+00  3.9255E+00  4.4470E+01  6.2136E-01  1.6334E-02 -8.9322E-02
  5.2000E+01  6.6533E-01  5.8641E+00  5.1604E+01 -3.8111E-01  4.9152E-01  5.9452E-02
  5.2000E+01  6.6533E-01  5.8641E+00  5.1604E+01 -3.8111E-01  4.9152E-01  5.9452E-02
  5.2000E+01  6.6533E-01  5.8641E+00  5.1604E+01 -3.8111E-01  4.9152E-01  5.9452E-02
  5.2000E+01  6.6533E-01  5.8641E+00  5.1604E+01 -3.8111E-01  4.9152E-01  5.9452E-02
  5.2000E+01  6.6533E-01  5.8641E+00  5.1604E+01 -3.8111E-01  4.9152E-01  5.9452E-02
  5.2000E+01  6.6533E-01  5.8641E+00  5.1604E+01 -3.8111E-01  4.9152E-01  5.9452E-02
  5.2000E+01  6.6533E-01  5.8641E+00  5.1604E+01 -3.8111E-01  4.9152E-01  5.9452E-02
  5.2000E+01  6.6533E-01  5.8641E+00  5.1604E+01 -3.8111E-01  4.9152E-01  5.9452E-02
  5.2000E+01  9.1525E-01  4.5838E+00  5.1604E+01 -3.8111E-01  4.9152E-01  5.9452E-02
  5.2000E+01  9.1525E-01  4.5838E+00  5.1604E+01 -3.8111E-01  4.9152E-01  5.9452E-02
  5.2000E+01  9.1525E-01  4.5838E+00  5.1604E+01 -3.8111E-01  4.9152E-01  5.9452E-02
  5.2000E+01  9.1525E-01  4.5838E+00  5.1604E+01 -3.8111E-01  4.9152E-01  5.9452E-02
  5.2000E+01  9.1525E-01  4.5838E+00  5.1604E+01 -3.8111E-01  4.9152E-01  5.9452E-02
  5.2000E+01  9.1525E-01  4.5838E+00  5.1604E+01 -3.8111E-01  4.9152E-01  5.9452E-02
  5.2000E+01  9.1525E-01  4.5838E+00  5.1604E+01 -3.8111E-01  4.9152E-01  5.9452E-02
  5.2000E+01  9.1525E-01  4.5838E+00  5.1604E+01 -3.8111E-01  4.9152E-01  5.9452E-02
  5.2000E+01  4.8881E-01  5.3310E+00  5.1604E+01 -3.8111E-01  4.9152E-01  5.9452E-02
  5.2000E+01  4.8881E-01  5.3310E+00  5.1604E+01 -3.8111E-01  4.9152E-01  5.9452E-02
  5.2000E+01  4.8881E-01  5.3310E+00  5.1604E+01 -3.8111E-01  4.9152E-01  5.9452E-02
  5.2000E+01  4.8881E-01  5.3310E+00  5.1604E+01 -3.8111E-01  4.9152E-01  5.9452E-02
  5.2000E+01  4.8881E-01  5.3310E+00  5.1604E+01 -3.8111E-01  4.9152E-01  5.9452E-02
  5.2000E+01  4.8881E-01  5.3310E+00  5.1604E+01 -3.8111E-01  4.9152E-01  5.9452E-02
  5.2000E+01  4.8881E-01  5.3310E+00  5.1604E+01 -3.8111E-01  4.9152E-01  5.9452E-02
  5.2000E+01  4.8881E-01  5.3310E+00  5.1604E+01 -3.8111E-01  4.9152E-01  5.9452E-02
  5.3000E+01  1.5498E+00  3.8155E+00  4.9999E+01  8.0751E-02  3.8292E-01  2.7857E-02
  5.3000E+01  1.5498E+00  3.8155E+00  4.9999E+01  8.0751E-02  3.8292E-01  2.7857E-02
  5.3000E+01  1.5498E+00  3.8155E+00  4.9999E+01  8.0751E-02  3.8292E-01  2.7857E-02
  5.3000E+01  1.5498E+00  3.8155E+00  4.9999E+01  8.0751E-02  3.8292E-01  2.7857E-02
  5.3000E+01  1.5498E+00  3.8155E+00  4.9999E+01  8.0751E-02  3.8292E-01  2.7857E-02
  5.3000E+01  1.5498E+00  3.8155E+00  4.9999E+01  8.0751E-02  3.8292E-01  2.7857E-02
  5.3000E+01  1.5498E+00  3.8155E+00  4.9999E+01  8.0751E-02  3.8292E-01  2.7857E-02
  5.3000E+01  1.5498E+00  3.8155E+00  4.9999E+01  8.0751E-02  3.8292E-01  2.7857E-02
  5.3000E+01  9.6979E-01  5.4939E+00  4.9999E+01  8.0751E-02  3.8292E-01  2.7857E-02
  5.3000E+01  9.6979E-01  5.4939E+00  4.9999E+01  8.0751E-02  3.8292E-01  2.7857E-02
  5.3000E+01  9.6979E-01  5.4939E+00  4.9999E+01  8.0751E-02  3.8292E-01  2.7857E-02
  5.3000E+01  9.6979E-01  5.4939E+00  4.9999E+01  8.0751E-02  3.8292E-01  2.7857E-02
  5.3000E+01  9.6979E-01  5.4939E+00  4.9999E+01  8.0751E-02  3.8292E-01  2.7857E-02
  5.3000E+01  9.6979E-01  5.4939E+00  4.9999E+01  8.0751E-02  3.8292E-01  2.7857E-02
  5.3000E+01  9.6979E-01  5.4939E+00  4.9999E+01  8.0751E-02  3.8292E-01  2.7857E-02
  5.3000E+01  9.6979E-01  5.4939E+00  4.9999E+01  8.0751E-02  3.8292E-01  2.7857E-02
  5.3000E+01  1.0204E+00  4.8852E+00  4.9999E+01  8.0751E-02  3.8292E-01  2.7857E-02
  5.3000E+01  1.0204E+00  4.8852E+00  4.9999E+01  8.0751E-02  3.8292E-01  2.7857E-02
  5.3000E+01  1.0204E+00  4.8852E+00  4.9999E+01  8.0751E-02  3.8292E-01  2.7857E-02
  5.3000E+01  1.0204E+00  4.8852E+00  4.9999E+01  8.0751E-02  3.8292E-01  2.7857E-02
  5.3000E+01  1.0204E+00  4.8852E+00  4.9999E+01  8.0751E-02  3.8292E-01  2.7857E-02
  5.3000E+01  1.0204E+00  4.8852E+00  4.9999E+01  8.0751E-02  3.8292E-01  2.7857E-02
  5.3000E+01  1.0204E+00  4.8852E+00  4.9999E+01  8.0751E-02  3.8292E-01  2.7857E-02
  5.3000E+01  1.0204E+00  4.8852E+00  4.9999E+01  8.0751E-02  3.8292E-01  2.7857E-02
  5.4000E+01  4.0192E-01  5.8484E+00  4.4962E+01 -3.5228E-01  5.5142E-01 -7.8320E-02
  5.4000E+01  4.0192E-01  5.8484E+00  4.4962E+01 -3.5228E-01  5.5142E-01 -7.8320E-02
  5.4000E+01  4.0192E-01  5.8484E+00  4.4962E+01 -3.5228E-01  5.5142E-01 -7.8320E-02
  5.4000E+01  4.0192E-01  5.8484E+00  4.4962E+01 -3.5228E-01  5.5142E-01 -7.8320E-02
  5.4000E+01  4.0192E-01  5.8484E+00  4.4962E+01 -3.5228E-01  5.5142E-01 -7.8320E-02
  5.4000E+01  4.0192E-01  5.8484E+00  4.4962E+01 -3.5228E-01  5.5142E-01 -7.8320E-02
  5.4000E+01  4.0192E-01  5.8484E+00  4.4962E+01 -3.5228E-01  5.5142E-01 -7.8320E-02
  5.4000E+01  4.0192E-01  5.8484E+00  4.4962E+01 -3.5228E-01  5.5142E-01 -7.8320E-02
  5.4000E+01  6.6537E-01  5.3703E+00  4.4962E+01 -3.5228E-01  5.5142E-01 -7.8320E-02
  5.4000E+01  6.6537E-01  5.3703E+00  4.4962E+01 -3.5228E-01  5.5142E-01 -7.8320E-02
  5.4000E+01  6.6537E-01  5.3703E+00  4.4962E+01 -3.5228E-01  5.5142E-01 -7.8320E-02
  5.4000E+01  6.6537E-01  5.3703E+00  4.4962E+01 -3.5228E-01  5.5142E-01 -7.8320E-02
  5.4000E+01  6.6537E-01  5.3703E+00  4.4962E+01 -3.5228E-01  5.5142E-01 -7.8320E-02
  5.4000E+01  6.6537E-01  5.3703E+00  4.4962E+01 -3.5228E-01  5.5142E-01 -7.8320E-02
  5.4000E+01  6.6537E-01  5.3703E+00  4.4962E+01 -3.5228E-01  5.5142E-01 -7.8320E-02
  5.4000E+01  6.6537E-01  5.3703E+00  4.4962E+01 -3.5228E-01  5.5142E-01 -7.8320E-02
  5.4000E+01  1.2330E+00  5.4915E+00  4.4962E+01 -3.5228E-01  5.5142E-01 -7.8320E-02
  5.4000E+01  1.2330E+00  5.4915E+00  4.4962E+01 -3.5228E-01  5.5142E-01 -7.8320E-02
  5.4000E+01  1.2330E+00  5.4915E+00  4.4962E+01 -3.5228E-01  5.5142E-01 -7.8320E-02
  5.4000E+01  1.2330E+00  5.4915E+00  4.4962E+01 -3.5228E-01  5.5142E-01 -7.8320E-02
  5.4000E+01  1.2330E+00  5.4915E+00  4.4962E+01 -3.5228E-01  5.5142E-01 -7.8320E-02
  5.4000E+01  1.2330E+00  5.4915E+00  4.4962E+01 -3.5228E-01  5.5142E-01 -7.8320E-02
  5.4000E+01  1.2330E+00  5.4915E+00  4.4962E+01 -3.5228E-01  5.5142E-01 -7.8320E-02
  5.4000E+01  1.2330E+00  5.4915E+00  4.4962E+01 -3.5228E-01  5.5142E-01 -7.8320E-02
  5.5000E+01  5.5724E-01  1.4921E+00  4.7164E+01 -8.3703E-01 -6.3733E-01 -3.0519E-02
  5.5000E+01  5.5724E-01  1.4921E+00  4.7164E+01 -8.3703E-01 -6.3733E-01 -3.0519E-02
  5.5000E+01  5.5724E-01  1.4921E+00  4.7164E+01 -8.3703E-01 -6.3733E-01 -3.0519E-02
  5.5000E+01  5.5724E-01  1.4921E+00  4.7164E+01 -8.3703E-01 -6.3733E-01 -3.0519E-02
  5.5000E+01  5.5724E-01  1.4921E+00  4.7164E+01 -8.3703E-01 -6.3733E-01 -3.0519E-02
  5.5000E+01  5.5724E-01  1.4921E+00  4.7164E+01 -8.3703E-01 -6.3733E-01 -3.0519E-02
  5.5000E+01  5.5724E-01  1.4921E+00  4.7164E+01 -8.3703E-01 -6.3733E-01 -3.0519E-02
  5.5000E+01  5.5724E-01  1.4921E+00  4.7164E+01 -8.3703E-01 -6.3733E-01 -3.0519E-02
  5.5000E+01  3.2661E-01  1.8903E+00  4.7164E+01 -8.3703E-01 -6.3733E-01 -3.0519E-02
  5.5000E+01  3.2661E-01  1.8903E+00  4.7164E+01 -8.3703E-01 -6.3733E-01 -3.0519E-02
  5.5000E+01  3.2661E-01  1.8903E+00  4.7164E+01 -8.3703E-01 -6.3733E-01 -3.0519E-02
  5.5000E+01  3.2661E-01  1.8903E+00  4.7164E+01 -8.3703E-01 -6.3733E-01 -3.0519E-02
  5.5000E+01  3.2661E-01  1.8903E+00  4.7164E+01 -8.3703E-01 -6.3733E-01 -3.0519E-02
  5.5000E+01  3.2661E-01  1.8903E+00  4.7164E+01 -8.3703E-01 -6.3733E-01 -3.0519E-02
  5.5000E+01  3.2661E-01  1.8903E+00  4.7164E+01 -8.3703E-01 -6.3733E-01 -3.0519E-02
  5.5000E+01  3.2661E-01  1.8903E+00  4.7164E+01 -8.3703E-01 -6.3733E-01 -3.0519E-02
  5.5000E+01  3.2421E-01  1.5455E+00  4.7164E+01 -8.3703E-01 -6.3733E-01 -3.0519E-02
  5.5000E+01  3.2421E-01  1.5455E+00  4.7164E+01 -8.3703E-01 -6.3733E-01 -3.0519E-02
  5.5000E+01  3.2421E-01  1.5455E+00  4.7164E+01 -8.3703E-01 -6.3733E-01 -3.0519E-02
  5.5000E+01  3.2421E-01  1.5455E+00  4.7164E+01 -8.3703E-01 -6.3733E-01 -3.0519E-02
  5.5000E+01  3.2421E-01  1.5455E+00  4.7164E+01 -8.3703E-01 -6.3733E-01 -3.0519E-02
  5.5000E+01  3.2421E-01  1.5455E+00  4.7164E+01 -8.3703E-01 -6.3733E-01 -3.0519E-02
  5.5000E+01  3.2421E-01  1.5455E+00  4.7164E+01 -8.3703E-01 -6.3733E-01 -3.0519E-02
  5.5000E+01  3.2421E-01  1.5455E+00  4.7164E+01 -8.3703E-01 -6.3733E-01 -3.0519E-02
  5.6000E+01  1.7111E+00  5.8994E+00  3.6270E+01  4.2477E-01  4.6634E-01 -2.9316E-01
  5.6000E+01  1.7111E+00  5.8994E+00  3.6270E+01  4.2477E-01  4.6634E-01 -2.9316E-01
  5.6000E+01  1.7111E+00  5.8994E+00  3.6270E+01  4.2477E-01  4.6634E-01 -2.9316E-01
  5.6000E+01  1.7111E+00  5.8994E+00  3.6270E+01  4.2477E-01  4.6634E-01 -2.9316E-01
  5.6000E+01  1.7111E+00  5.8994E+00  3.6270E+01  4.2477E-01  4.6634E-01 -2.9316E-01
  5.6000E+01  1.7111E+00  5.8994E+00  3.6270E+01  4.2477E-01  4.6634E-01 -2.9316E-01
  5.6000E+01  1.7111E+00  5.8994E+00  3.6270E+01  4.2477E-01  4.6634E-01 -2.9316E-01
  5.6000E+01  1.7111E+00  5.8994E+00  3.6270E+01  4.2477E-01  4.6634E-01 -2.9316E-01
  5.6000E+01  1.8371E+00  4.2815E+00  3.6270E+01  4.2477E-01  4.6634E-01 -2.9316E-01
  5.6000E+01  1.8371E+00  4.2815E+00  3.6270E+01  4.2477E-01  4.6634E-01 -2.9316E-01
  5.6000E+01  1.8371E+00  4.2815E+00  3.6270E+01  4.2477E-01  4.6634E-01 -2.9316E-01
  5.6000E+01  1.8371E+00  4.2815E+00  3.6270E+01  4.2477E-01  4.6634E-01 -2.9316E-01
  5.6000E+01  1.8371E+00  4.2815E+00  3.6270E+01  4.2477E-01  4.6634E-01 -2.9316E-01
  5.6000E+01  1.8371E+00  4.2815E+00  3.6270E+01  4.2477E-01  4.6634E-01 -2.9316E-01
  5.6000E+01  1.8371E+00  4.2815E+00  3.6270E+01  4.2477E-01  4.6634E-01 -2.9316E-01
  5.6000E+01  1.8371E+00  4.2815E+00  3.6270E+01  4.2477E-01  4.6634E-01 -2.9316E-01
  5.6000E+01  1.6544E+00  5.2480E+00  3.6270E+01  4.2477E-01  4.6634E-01 -2.9316E-01
  5.6000E+01  1.6544E+00  5.2480E+00  3.6270E+01  4.2477E-01  4.6634E-01 -2.9316E-01
  5.6000E+01  1.6544E+00  5.2480E+00  3.6270E+01  4.2477E-01  4.6634E-01 -2.9316E-01
  5.6000E+01  1.6544E+00  5.2480E+00  3.6270E+01  4.2477E-01  4.6634E-01 -2.9316E-01
  5.6000E+01  1.6544E+00  5.2480E+00  3.6270E+01  4.2477E-01  4.6634E-01 -2.9316E-01
  5.6000E+01  1.6544E+00  5.2480E+00  3.6270E+01  4.2477E-01  4.6634E-01 -2.9316E-01
  5.6000E+01  1.6544E+00  5.2480E+00  3.6270E+01  4.2477E-01  4.6634E-01 -2.9316E-01
  5.6000E+01  1.6544E+00  5.2480E+00  3.6270E+01  4.2477E-01  4.6634E-01 -2.9316E-01
  5.7000E+01  2.0939E+00  6.9828E+00  5.4133E+01  6.2947E-01  6.2379E-01  1.0729E-01
  5.7000E+01  2.0939E+00  6.9828E+00  5.4133E+01  6.2947E-01  6.2379E-01  1.0729E-01
  5.7000E+01  2.0939E+00  6.9828E+00  5.4133E+01  6.2947E-01  6.2379E-01  1.0729E-01
  5.7000E+01  2.0939E+00  6.9828E+00  5.4133E+01  6.2947E-01  6.2379E-01  1.0729E-01
  5.7000E+01  2.0939E+00  6.9828E+00  5.4133E+01  6.2947E-01  6.2379E-01  1.0729E-01
  5.7000E+01  2.0939E+00  6.9828E+00  5.4133E+01  6.2947E-01  6.2379E-01  1.0729E-01
  5.7000E+01  2.0939E+00  6.9828E+00  5.4133E+01  6.2947E-01  6.2379E-01  1.0729E-01
  5.7000E+01  2.0939E+00  6.9828E+00  5.4133E+01  6.2947E-01  6.2379E-01  1.0729E-01
  5.7000E+01  2.0487E+00  4.9455E+00  5.4133E+01  6.2947E-01  6.2379E-01  1.0729E-01
  5.7000E+01  2.0487E+00  4.9455E+00  5.4133E+01  6.2947E-01  6.2379E-01  1.0729E-01
  5.7000E+01  2.0487E+00  4.9455E+00  5.4133E+01  6.2947E-01  6.2379E-01  1.0729E-01
  5.7000E+01  2.0487E+00  4.9455E+00  5.4133E+01  6.2947E-01  6.2379E-01  1.0729E-01
  5.7000E+01  2.0487E+00  4.9455E+00  5.4133E+01  6.2947E-01  6.2379E-01  1.0729E-01
  5.7000E+01  2.0487E+00  4.9455E+00  5.4133E+01  6.2947E-01  6.2379E-01  1.0729E-01
  5.7000E+01  2.0487E+00  4.9455E+00  5.4133E+01  6.2947E-01  6.2379E-01  1.0729E-01
  5.7000E+01  2.0487E+00  4.9455E+00  5.4133E+01  6.2947E-01  6.2379E-01  1.0729E-01
  5.7000E+01  2.5070E+00  6.2479E+00  5.4133E+01  6.2947E-01  6.2379E-01  1.0729E-01
  5.7000E+01  2.5070E+00  6.2479E+00  5.4133E+01  6.2947E-01  6.2379E-01  1.0729E-01
  5.7000E+01  2.5070E+00  6.2479E+00  5.4133E+01  6.2947E-01  6.2379E-01  1.0729E-01
  5.7000E+01  2.5070E+00  6.2479E+00  5.4133E+01  6.2947E-01  6.2379E-01  1.0729E-01
  5.7000E+01  2.5070E+00  6.2479E+00  5.4133E+01  6.2947E-01  6.2379E-01  1.0729E-01
  5.7000E+01  2.5070E+00  6.2479E+00  5.4133E+01  6.2947E-01  6.2379E-01  1.0729E-01
  5.7000E+01  2.5070E+00  6.2479E+00  5.4133E+01  6.2947E-01  6.2379E-01  1.0729E-01
  5.7000E+01  2.5070E+00  6.2479E+00  5.4133E+01  6.2947E-01  6.2379E-01  1.0729E-01
  5.8000E+01  6.9448E-01  6.0659E+00  4.8318E+01 -3.0283E-01  5.7998E-01 -6.3420E-03
  5.8000E+01  6.9448E-01  6.0659E+00  4.8318E+01 -3.0283E-01  5.7998E-01 -6.3420E-03
  5.8000E+01  6.9448E-01  6.0659E+00  4.8318E+01 -3.0283E-01  5.7998E-01 -6.3420E-03
  5.8000E+01  6.9448E-01  6.0659E+00  4.8318E+01 -3.0283E-01  5.7998E-01 -6.3420E-03
  5.8000E+01  6.9448E-01  6.0659E+00  4.8318E+01 -3.0283E-01  5.7998E-01 -6.3420E-03
  5.8000E+01  6.9448E-01  6.0659E+00  4.8318E+01 -3.0283E-01  5.7998E-01 -6.3420E-03
  5.8000E+01  6.9448E-01  6.0659E+00  4.8318E+01 -3.0283E-01  5.7998E-01 -6.3420E-03
  5.8000E+01  6.9448E-01  6.0659E+00  4.8318E+01 -3.0283E-01  5.7998E-01 -6.3420E-03
  5.8000E+01  8.6668E-01  4.5749E+00  4.8318E+01 -3.0283E-01  5.7998E-01 -6.3420E-03
  5.8000E+01  8.6668E-01  4.5749E+00  4.8318E+01 -3.0283E-01  5.7998E-01 -6.3420E-03
  5.8000E+01  8.6668E-01  4.5749E+00  4.8318E+01 -3.0283E-01  5.7998E-01 -6.3420E-03
  5.8000E+01  8.6668E-01  4.5749E+00  4.8318E+01 -3.0283E-01  5.7998E-01 -6.3420E-03
  5.8000E+01  8.6668E-01  4.5749E+00  4.8318E+01 -3.0283E-01  5.7998E-01 -6.3420E-03
  5.8000E+01  8.6668E-01  4.5749E+00  4.8318E+01 -3.0283E-01  5.7998E-01 -6.3420E-03
  5.8000E+01  8.6668E-01  4.5749E+00  4.8318E+01 -3.0283E-01  5.7998E-01 -6.3420E-03
  5.8000E+01  8.6668E-01  4.5749E+00  4.8318E+01 -3.0283E-01  5.7998E-01 -6.3420E-03
  5.8000E+01  6.5295E-01  6.7893E+00  4.8318E+01 -3.0283E-01  5.7998E-01 -6.3420E-03
  5.8000E+01  6.5295E-01  6.7893E+00  4.8318E+01 -3.0283E-01  5.7998E-01 -6.3420E-03
  5.8000E+01  6.5295E-01  6.7893E+00  4.8318E+01 -3.0283E-01  5.7998E-01 -6.3420E-03
  5.8000E+01  6.5295E-01  6.7893E+00  4.8318E+01 -3.0283E-01  5.7998E-01 -6.3420E-03
  5.8000E+01  6.5295E-01  6.7893E+00  4.8318E+01 -3.0283E-01  5.7998E-01 -6.3420E-03
  5.8000E+01  6.5295E-01  6.7893E+00  4.8318E+01 -3.0283E-01  5.7998E-01 -6.3420E-03
  5.8000E+01  6.5295E-01  6.7893E+00  4.8318E+01 -3.0283E-01  5.7998E-01 -6.3420E-03
  5.8000E+01  6.5295E-01  6.7893E+00  4.8318E+01 -3.0283E-01  5.7998E-01 -6.3420E-03
  5.9000E+01  3.7464E-01  4.1791E+00  6.3748E+01 -6.0128E-01  3.1822E-01  2.7078E-01
  5.9000E+01  3.7464E-01  4.1791E+00  6.3748E+01 -6.0128E-01  3.1822E-01  2.7078E-01
  5.9000E+01  3.7464E-01  4.1791E+00  6.3748E+01 -6.0128E-01  3.1822E-01  2.7078E-01
  5.9000E+01  3.7464E-01  4.1791E+00  6.3748E+01 -6.0128E-01  3.1822E-01  2.7078E-01
  5.9000E+01  3.7464E-01  4.1791E+00  6.3748E+01 -6.0128E-01  3.1822E-01  2.7078E-01
  5.9000E+01  3.7464E-01  4.1791E+00  6.3748E+01 -6.0128E-01  3.1822E-01  2.7078E-01
  5.9000E+01  3.7464E-01  4.1791E+00  6.3748E+01 -6.0128E-01  3.1822E-01  2.7078E-01
  5.9000E+01  3.7464E-01  4.1791E+00  6.3748E+01 -6.0128E-01  3.1822E-01  2.7078E-01
  5.9000E+01  5.9334E-01  4.7731E+00  6.3748E+01 -6.0128E-01  3.1822E-01  2.7078E-01
  5.9000E+01  5.9334E-01  4.7731E+00  6.3748E+01 -6.0128E-01  3.1822E-01  2.7078E-01
  5.9000E+01  5.9334E-01  4.7731E+00  6.3748E+01 -6.0128E-01  3.1822E-01  2.7078E-01
  5.9000E+01  5.9334E-01  4.7731E+00  6.3748E+01 -6.0128E-01  3.1822E-01  2.7078E-01
  5.9000E+01  5.9334E-01  4.7731E+00  6.3748E+01 -6.0128E-01  3.1822E-01  2.7078E-01
  5.9000E+01  5.9334E-01  4.7731E+00  6.3748E+01 -6.0128E-01  3.1822E-01  2.7078E-01
  5.9000E+01  5.9334E-01  4.7731E+00  6.3748E+01 -6.0128E-01  3.1822E-01  2.7078E-01
  5.9000E+01  5.9334E-01  4.7731E+00  6.3748E+01 -6.0128E-01  3.1822E-01  2.7078E-01
  5.9000E+01  6.1293E-01  4.2022E+00  6.3748E+01 -6.0128E-01  3.1822E-01  2.7078E-01
  5.9000E+01  6.1293E-01  4.2022E+00  6.3748E+01 -6.0128E-01  3.1822E-01  2.7078E-01
  5.9000E+01  6.1293E-01  4.2022E+00  6.3748E+01 -6.0128E-01  3.1822E-01  2.7078E-01
  5.9000E+01  6.1293E-01  4.2022E+00  6.3748E+01 -6.0128E-01  3.1822E-01  2.7078E-01
  5.9000E+01  6.1293E-01  4.2022E+00  6.3748E+01 -6.0128E-01  3.1822E-01  2.7078E-01
  5.9000E+01  6.1293E-01  4.2022E+00  6.3748E+01 -6.0128E-01  3.1822E-01  2.7078E-01
  5.9000E+01  6.1293E-01  4.2022E+00  6.3748E+01 -6.0128E-01  3.1822E-01  2.7078E-01
  5.9000E+01  6.1293E-01  4.2022E+00  6.3748E+01 -6.0128E-01  3.1822E-01  2.7078E-01
  6.0000E+01  1.5430E+00  3.4007E+00  3.7321E+01  5.4022E-01  2.4148E-01 -2.6458E-01
  6.0000E+01  1.5430E+00  3.4007E+00  3.7321E+01  5.4022E-01  2.4148E-01 -2.6458E-01
  6.0000E+01  1.5430E+00  3.4007E+00  3.7321E+01  5.4022E-01  2.4148E-01 -2.6458E-01
  6.0000E+01  1.5430E+00  3.4007E+00  3.7321E+01  5.4022E-01  2.4148E-01 -2.6458E-01
  6.0000E+01  1.5430E+00  3.4007E+00  3.7321E+01  5.4022E-01  2.4148E-01 -2.6458E-01
  6.0000E+01  1.5430E+00  3.4007E+00  3.7321E+01  5.4022E-01  2.4148E-01 -2.6458E-01
  6.0000E+01  1.5430E+00  3.4007E+00  3.7321E+01  5.4022E-01  2.4148E-01 -2.6458E-01
  6.0000E+01  1.5430E+00  3.4007E+00  3.7321E+01  5.4022E-01  2.4148E-01 -2.6458E-01
  6.0000E+01  2.5889E+00  5.1695E+00  3.7321E+01  5.4022E-01  2.4148E-01 -2.6458E-01
  6.0000E+01  2.5889E+00  5.1695E+00  3.7321E+01  5.4022E-01  2.4148E-01 -2.6458E-01
  6.0000E+01  2.5889E+00  5.1695E+00  3.7321E+01  5.4022E-01  2.4148E-01 -2.6458E-01
  6.0000E+01  2.5889E+00  5.1695E+00  3.7321E+01  5.4022E-01  2.4148E-01 -2.6458E-01
  6.0000E+01  2.5889E+00  5.1695E+00  3.7321E+01  5.4022E-01  2.4148E-01 -2.6458E-01
  6.0000E+01  2.5889E+00  5.1695E+00  3.7321E+01  5.4022E-01  2.4148E-01 -2.6458E-01
  6.0000E+01  2.5889E+00  5.1695E+00  3.7321E+01  5.4022E-01  2.4148E-01 -2.6458E-01
  6.0000E+01  2.5889E+00  5.1695E+00  3.7321E+01  5.4022E-01  2.4148E-01 -2.6458E-01
  6.0000E+01  1.9612E+00  3.7605E+00  3.7321E+01  5.4022E-01  2.4148E-01 -2.6458E-01
  6.0000E+01  1.9612E+00  3.7605E+00  3.7321E+01  5.4022E-01  2.4148E-01 -2.6458E-01
  6.0000E+01  1.9612E+00  3.7605E+00  3.7321E+01  5.4022E-01  2.4148E-01 -2.6458E-01
  6.0000E+01  1.9612E+00  3.7605E+00  3.7321E+01  5.4022E-01  2.4148E-01 -2.6458E-01
  6.0000E+01  1.9612E+00  3.7605E+00  3.7321E+01  5.4022E-01  2.4148E-01 -2.6458E-01
  6.0000E+01  1.9612E+00  3.7605E+00  3.7321E+01  5.4022E-01  2.4148E-01 -2.6458E-01
  6.0000E+01  1.9612E+00  3.7605E+00  3.7321E+01  5.4022E-01  2.4148E-01 -2.6458E-01
  6.0000E+01  1.9612E+00  3.7605E+00  3.7321E+01  5.4022E-01  2.4148E-01 -2.6458E-01
