TABLE NO.  1
 ID          TIME        AMT         DV          MDV         EVID        OCC         KA          CL          V           IOVC        IOVK        IPRE        IWRE        CWRES       DV          PRED        RES         WRES
  1.0000E+00  0.0000E+00  1.0000E+02  0.0000E+00  1.0000E+00  1.0000E+00  1.0000E+00  1.3219E+00  3.8082E+00  5.6500E+01  1.3919E-01  3.4900E-01  0.0000E+00  0.0000E+00  0.0000E+00  0.0000E+00  0.0000E+00  0.0000E+00  0.0000E+00
  1.0000E+00  5.0000E-01  0.0000E+00  8.5300E-01  0.0000E+00  0.0000E+00  1.0000E+00  1.3219E+00  3.8082E+00  5.6500E+01  1.3919E-01  3.4900E-01  8.4020E-01  1.1599E-01  4.5309E-01  8.5300E-01  8.2422E-01  2.8780E-02  3.5977E-01
  1.0000E+00  1.0000E+00  0.0000E+00  1.4460E+00  0.0000E+00  0.0000E+00  1.0000E+00  1.3219E+00  3.8082E+00  5.6500E+01  1.3919E-01  3.4900E-01  1.2462E+00  1.2699E+00  1.4860E+00  1.4460E+00  1.2860E+00  1.6003E-01  1.3688E+00
  1.0000E+00  2.0000E+00  0.0000E+00  1.3090E+00  0.0000E+00  0.0000E+00  1.0000E+00  1.3219E+00  3.8082E+00  5.6500E+01  1.3919E-01  3.4900E-01  1.4972E+00 -1.0063E+00 -1.1007E+00  1.3090E+00  1.6561E+00 -3.4711E-01 -8.8918E-01
  1.0000E+00  4.0000E+00  0.0000E+00  1.4360E+00  0.0000E+00  0.0000E+00  1.0000E+00  1.3219E+00  3.8082E+00  5.6500E+01  1.3919E-01  3.4900E-01  1.4149E+00  1.1931E-01 -2.2399E-01  1.4360E+00  1.6583E+00 -2.2231E-01 -7.0533E-02
  1.0000E+00  8.0000E+00  0.0000E+00  1.1270E+00  0.0000E+00  0.0000E+00  1.0000E+00  1.3219E+00  3.8082E+00  5.6500E+01  1.3919E-01  3.4900E-01  1.0876E+00  2.8361E-01 -1.3505E-01  1.1270E+00  1.3046E+00 -1.7761E-01 -4.6674E-02
  1.0000E+00  1.2000E+01  0.0000E+00  8.4900E-01  0.0000E+00  0.0000E+00  1.0000E+00  1.3219E+00  3.8082E+00  5.6500E+01  1.3919E-01  3.4900E-01  8.3065E-01  1.6801E-01 -2.7913E-01  8.4900E-01  1.0070E+00 -1.5801E-01 -2.3896E-01
  1.0000E+00  2.4000E+01  0.0000E+00  3.4200E-01  0.0000E+00  0.0000E+00  1.0000E+00  1.3219E+00  3.8082E+00  5.6500E+01  1.3919E-01  3.4900E-01  3.6996E-01 -4.5876E-01 -8.9361E-01  3.4200E-01  4.6261E-01 -1.2061E-01 -8.9578E-01
  1.0000E+00  1.6800E+02  1.0000E+02  0.0000E+00  1.0000E+00  1.0000E+00  2.0000E+00  9.3514E-01  3.1366E+00  5.6500E+01 -5.4803E-02  2.8503E-03  1.2481E-04 -3.0451E-03  0.0000E+00  0.0000E+00  4.0863E-05  0.0000E+00  0.0000E+00
  1.0000E+00  1.6850E+02  0.0000E+00  6.2900E-01  0.0000E+00  0.0000E+00  2.0000E+00  9.3514E-01  3.1366E+00  5.6500E+01 -5.4803E-02  2.8503E-03  6.5135E-01 -2.5018E-01 -4.6141E-01  6.2900E-01  8.2426E-01 -1.9526E-01 -4.3032E-01
  1.0000E+00  1.6900E+02  0.0000E+00  1.1040E+00  0.0000E+00  0.0000E+00  2.0000E+00  9.3514E-01  3.1366E+00  5.6500E+01 -5.4803E-02  2.8503E-03  1.0415E+00  4.6822E-01  2.2217E-01  1.1040E+00  1.2860E+00 -1.8201E-01  1.4089E-01
  1.0000E+00  1.7000E+02  0.0000E+00  1.4480E+00  0.0000E+00  0.0000E+00  2.0000E+00  9.3514E-01  3.1366E+00  5.6500E+01 -5.4803E-02  2.8503E-03  1.3941E+00  3.0847E-01  6.3028E-02  1.4480E+00  1.6561E+00 -2.0815E-01  9.5204E-02
  1.0000E+00  1.7200E+02  0.0000E+00  1.4270E+00  0.0000E+00  0.0000E+00  2.0000E+00  9.3514E-01  3.1366E+00  5.6500E+01 -5.4803E-02  2.8503E-03  1.4624E+00 -1.9331E-01 -3.7765E-01  1.4270E+00  1.6583E+00 -2.3134E-01 -2.1503E-01
  1.0000E+00  1.7600E+02  0.0000E+00  1.3030E+00  0.0000E+00  0.0000E+00  2.0000E+00  9.3514E-01  3.1366E+00  5.6500E+01 -5.4803E-02  2.8503E-03  1.2059E+00  6.3655E-01  5.6209E-01  1.3030E+00  1.3046E+00 -1.6324E-03  5.8726E-01
  1.0000E+00  1.8000E+02  0.0000E+00  9.1100E-01  0.0000E+00  0.0000E+00  2.0000E+00  9.3514E-01  3.1366E+00  5.6500E+01 -5.4803E-02  2.8503E-03  9.6656E-01 -4.4537E-01 -4.4658E-01  9.1100E-01  1.0070E+00 -9.6033E-02 -3.8616E-01
  1.0000E+00  1.9200E+02  0.0000E+00  5.2600E-01  0.0000E+00  0.0000E+00  2.0000E+00  9.3514E-01  3.1366E+00  5.6500E+01 -5.4803E-02  2.8503E-03  4.9649E-01  4.0366E-01  4.8616E-01  5.2600E-01  4.6262E-01  6.3382E-02  3.0476E-01
  1.0000E+00  3.3600E+02  1.0000E+02  0.0000E+00  1.0000E+00  1.0000E+00  3.0000E+00  6.1508E-01  3.0595E+00  5.6500E+01 -7.9694E-02 -4.1609E-01  2.0388E-04 -4.9742E-03  0.0000E+00  0.0000E+00  4.0864E-05  0.0000E+00  0.0000E+00
  1.0000E+00  3.3650E+02  0.0000E+00  4.7200E-01  0.0000E+00  0.0000E+00  3.0000E+00  6.1508E-01  3.0595E+00  5.6500E+01 -7.9694E-02 -4.1609E-01  4.6217E-01  1.4106E-01 -3.2763E-01  4.7200E-01  8.2426E-01 -3.5226E-01 -4.7282E-01
  1.0000E+00  3.3700E+02  0.0000E+00  8.3300E-01  0.0000E+00  0.0000E+00  3.0000E+00  6.1508E-01  3.0595E+00  5.6500E+01 -7.9694E-02 -4.1609E-01  7.8949E-01  4.1592E-01 -2.2484E-01  8.3300E-01  1.2860E+00 -4.5301E-01 -5.1858E-01
  1.0000E+00  3.3800E+02  0.0000E+00  1.0080E+00  0.0000E+00  0.0000E+00  3.0000E+00  6.1508E-01  3.0595E+00  5.6500E+01 -7.9694E-02 -4.1609E-01  1.1746E+00 -1.1185E+00 -1.7692E+00  1.0080E+00  1.6561E+00 -6.4815E-01 -1.5501E+00
  1.0000E+00  3.4000E+02  0.0000E+00  1.2340E+00  0.0000E+00  0.0000E+00  3.0000E+00  6.1508E-01  3.0595E+00  5.6500E+01 -7.9694E-02 -4.1609E-01  1.3972E+00 -9.3176E-01 -1.3075E+00  1.2340E+00  1.6583E+00 -4.2434E-01 -1.1220E+00
  1.0000E+00  3.4400E+02  0.0000E+00  1.2120E+00  0.0000E+00  0.0000E+00  3.0000E+00  6.1508E-01  3.0595E+00  5.6500E+01 -7.9694E-02 -4.1609E-01  1.2444E+00 -2.0639E-01 -2.3013E-01  1.2120E+00  1.3046E+00 -9.2632E-02 -9.4825E-02
  1.0000E+00  3.4800E+02  0.0000E+00  1.1490E+00  0.0000E+00  0.0000E+00  3.0000E+00  6.1508E-01  3.0595E+00  5.6500E+01 -7.9694E-02 -4.1609E-01  1.0123E+00  1.0516E+00  1.1507E+00  1.1490E+00  1.0070E+00  1.4197E-01  1.1417E+00
  1.0000E+00  3.6000E+02  0.0000E+00  5.4000E-01  0.0000E+00  0.0000E+00  3.0000E+00  6.1508E-01  3.0595E+00  5.6500E+01 -7.9694E-02 -4.1609E-01  5.2918E-01  1.4162E-01  3.2944E-01  5.4000E-01  4.6262E-01  7.7382E-02  2.3040E-01
  2.0000E+00  0.0000E+00  1.0000E+02  0.0000E+00  1.0000E+00  1.0000E+00  1.0000E+00  7.3282E-01  5.5878E+00  4.5295E+01 -3.2738E-03  1.0408E-02  0.0000E+00  0.0000E+00  0.0000E+00  0.0000E+00  0.0000E+00  0.0000E+00  0.0000E+00
  2.0000E+00  5.0000E-01  0.0000E+00  6.3400E-01  0.0000E+00  0.0000E+00  1.0000E+00  7.3282E-01  5.5878E+00  4.5295E+01 -3.2738E-03  1.0408E-02  6.5559E-01 -2.4037E-01 -5.7983E-01  6.3400E-01  8.2422E-01 -1.9022E-01 -4.5385E-01
  2.0000E+00  1.0000E+00  0.0000E+00  1.0210E+00  0.0000E+00  0.0000E+00  1.0000E+00  7.3282E-01  5.5878E+00  4.5295E+01 -3.2738E-03  1.0408E-02  1.0708E+00 -3.6428E-01 -6.7449E-01  1.0210E+00  1.2860E+00 -2.6497E-01 -4.8919E-01
  2.0000E+00  2.0000E+00  0.0000E+00  1.7080E+00  0.0000E+00  0.0000E+00  1.0000E+00  7.3282E-01  5.5878E+00  4.5295E+01 -3.2738E-03  1.0408E-02  1.4612E+00  1.3506E+00  1.2099E+00  1.7080E+00  1.6561E+00  5.1888E-02  1.1858E+00
  2.0000E+00  4.0000E+00  0.0000E+00  1.5190E+00  0.0000E+00  0.0000E+00  1.0000E+00  7.3282E-01  5.5878E+00  4.5295E+01 -3.2738E-03  1.0408E-02  1.4791E+00  2.1576E-01  2.4714E-01  1.5190E+00  1.6583E+00 -1.3931E-01  3.7213E-01
  2.0000E+00  8.0000E+00  0.0000E+00  1.0540E+00  0.0000E+00  0.0000E+00  1.0000E+00  7.3282E-01  5.5878E+00  4.5295E+01 -3.2738E-03  1.0408E-02  9.8190E-01  5.6993E-01  3.5893E-01  1.0540E+00  1.3046E+00 -2.5061E-01  2.2949E-01
  2.0000E+00  1.2000E+01  0.0000E+00  6.0800E-01  0.0000E+00  0.0000E+00  1.0000E+00  7.3282E-01  5.5878E+00  4.5295E+01 -3.2738E-03  1.0408E-02  6.0367E-01  5.1422E-02 -4.8317E-01  6.0800E-01  1.0070E+00 -3.9901E-01 -4.8716E-01
  2.0000E+00  2.4000E+01  0.0000E+00  1.1800E-01  0.0000E+00  0.0000E+00  1.0000E+00  7.3282E-01  5.5878E+00  4.5295E+01 -3.2738E-03  1.0408E-02  1.3746E-01 -4.3947E-01 -1.0012E+00  1.1800E-01  4.6261E-01 -3.4461E-01 -4.4220E-01
  2.0000E+00  1.6800E+02  1.0000E+02  0.0000E+00  1.0000E+00  1.0000E+00  2.0000E+00  8.0419E-01  5.6469E+00  4.5295E+01  7.2392E-03  1.0335E-01  2.1963E-09 -5.3585E-08  0.0000E+00  0.0000E+00  4.0863E-05  0.0000E+00  0.0000E+00
  2.0000E+00  1.6850E+02  0.0000E+00  6.5100E-01  0.0000E+00  0.0000E+00  2.0000E+00  8.0419E-01  5.6469E+00  4.5295E+01  7.2392E-03  1.0335E-01  7.0715E-01 -5.8828E-01 -8.3253E-01  6.5100E-01  8.2426E-01 -1.7326E-01 -7.2393E-01
  2.0000E+00  1.6900E+02  0.0000E+00  1.2500E+00  0.0000E+00  0.0000E+00  2.0000E+00  8.0419E-01  5.6469E+00  4.5295E+01  7.2392E-03  1.0335E-01  1.1374E+00  7.7852E-01  6.0724E-01  1.2500E+00  1.2860E+00 -3.6006E-02  5.6144E-01
  2.0000E+00  1.7000E+02  0.0000E+00  1.6730E+00  0.0000E+00  0.0000E+00  2.0000E+00  8.0419E-01  5.6469E+00  4.5295E+01  7.2392E-03  1.0335E-01  1.5131E+00  8.4648E-01  8.4092E-01  1.6730E+00  1.6561E+00  1.6852E-02  8.8747E-01
  2.0000E+00  1.7200E+02  0.0000E+00  1.2820E+00  0.0000E+00  0.0000E+00  2.0000E+00  8.0419E-01  5.6469E+00  4.5295E+01  7.2392E-03  1.0335E-01  1.4821E+00 -1.0802E+00 -9.9136E-01  1.2820E+00  1.6583E+00 -3.7634E-01 -7.4309E-01
  2.0000E+00  1.7600E+02  0.0000E+00  9.9300E-01  0.0000E+00  0.0000E+00  2.0000E+00  8.0419E-01  5.6469E+00  4.5295E+01  7.2392E-03  1.0335E-01  9.5955E-01  2.6992E-01  5.4573E-02  9.9300E-01  1.3046E+00 -3.1163E-01 -4.1158E-02
  2.0000E+00  1.8000E+02  0.0000E+00  6.4700E-01  0.0000E+00  0.0000E+00  2.0000E+00  8.0419E-01  5.6469E+00  4.5295E+01  7.2392E-03  1.0335E-01  5.8515E-01  7.5182E-01  2.3658E-01  6.4700E-01  1.0070E+00 -3.6003E-01 -8.8730E-02
  2.0000E+00  1.9200E+02  0.0000E+00  1.0000E-01  0.0000E+00  0.0000E+00  2.0000E+00  8.0419E-01  5.6469E+00  4.5295E+01  7.2392E-03  1.0335E-01  1.3113E-01 -7.0749E-01 -1.2144E+00  1.0000E-01  4.6262E-01 -3.6262E-01 -4.8444E-01
  2.0000E+00  3.3600E+02  1.0000E+02  0.0000E+00  1.0000E+00  1.0000E+00  3.0000E+00  5.2867E-01  5.8947E+00  4.5295E+01  5.0194E-02 -3.1613E-01  9.5283E-10 -2.3247E-08  0.0000E+00  0.0000E+00  4.0864E-05  0.0000E+00  0.0000E+00
  2.0000E+00  3.3650E+02  0.0000E+00  5.2400E-01  0.0000E+00  0.0000E+00  3.0000E+00  5.2867E-01  5.8947E+00  4.5295E+01  5.0194E-02 -3.1613E-01  4.9578E-01  3.8649E-01 -1.8734E-01  5.2400E-01  8.2426E-01 -3.0026E-01 -3.5176E-01
  2.0000E+00  3.3700E+02  0.0000E+00  8.7500E-01  0.0000E+00  0.0000E+00  3.0000E+00  5.2867E-01  5.8947E+00  4.5295E+01  5.0194E-02 -3.1613E-01  8.4516E-01  2.6911E-01 -4.2694E-01  8.7500E-01  1.2860E+00 -4.1101E-01 -5.8304E-01
  2.0000E+00  3.3800E+02  0.0000E+00  1.0860E+00  0.0000E+00  0.0000E+00  3.0000E+00  5.2867E-01  5.8947E+00  4.5295E+01  5.0194E-02 -3.1613E-01  1.2402E+00 -9.8425E-01 -1.5813E+00  1.0860E+00  1.6561E+00 -5.7015E-01 -1.3691E+00
  2.0000E+00  3.4000E+02  0.0000E+00  1.3250E+00  0.0000E+00  0.0000E+00  3.0000E+00  5.2867E-01  5.8947E+00  4.5295E+01  5.0194E-02 -3.1613E-01  1.3868E+00 -3.5512E-01 -5.5913E-01  1.3250E+00  1.6583E+00 -3.3334E-01 -4.5054E-01
  2.0000E+00  3.4400E+02  0.0000E+00  6.5800E-01  0.0000E+00  0.0000E+00  3.0000E+00  5.2867E-01  5.8947E+00  4.5295E+01  5.0194E-02 -3.1613E-01  9.9135E-01 -2.6124E+00 -2.5369E+00  6.5800E-01  1.3046E+00 -6.4663E-01 -1.9952E+00
  2.0000E+00  3.4800E+02  0.0000E+00  7.5900E-01  0.0000E+00  0.0000E+00  3.0000E+00  5.2867E-01  5.8947E+00  4.5295E+01  5.0194E-02 -3.1613E-01  6.0925E-01  1.7655E+00  1.7431E+00  7.5900E-01  1.0070E+00 -2.4803E-01  7.9322E-01
  2.0000E+00  3.6000E+02  0.0000E+00  9.9000E-02  0.0000E+00  0.0000E+00  3.0000E+00  5.2867E-01  5.8947E+00  4.5295E+01  5.0194E-02 -3.1613E-01  1.2888E-01 -6.8075E-01 -8.4636E-01  9.9000E-02  4.6262E-01 -3.6362E-01 -2.4532E-01
  3.0000E+00  0.0000E+00  1.0000E+02  0.0000E+00  1.0000E+00  1.0000E+00  1.0000E+00  1.5529E+00  2.9636E+00  5.4474E+01 -5.1121E-03  1.6225E-01  0.0000E+00  0.0000E+00  0.0000E+00  0.0000E+00  0.0000E+00  0.0000E+00  0.0000E+00
  3.0000E+00  5.0000E-01  0.0000E+00  9.9300E-01  0.0000E+00  0.0000E+00  1.0000E+00  1.5529E+00  2.9636E+00  5.4474E+01 -5.1121E-03  1.6225E-01  9.7619E-01  1.3361E-01  3.7396E-01  9.9300E-01  8.2422E-01  1.6878E-01  3.3952E-01
  3.0000E+00  1.0000E+00  0.0000E+00  1.4210E+00  0.0000E+00  0.0000E+00  1.0000E+00  1.5529E+00  2.9636E+00  5.4474E+01 -5.1121E-03  1.6225E-01  1.3991E+00  1.2509E-01  2.0887E-01  1.4210E+00  1.2860E+00  1.3503E-01  1.3073E-01
  3.0000E+00  2.0000E+00  0.0000E+00  1.8710E+00  0.0000E+00  0.0000E+00  1.0000E+00  1.5529E+00  2.9636E+00  5.4474E+01 -5.1121E-03  1.6225E-01  1.6211E+00  1.2385E+00  1.0377E+00  1.8710E+00  1.6561E+00  2.1489E-01  9.3438E-01
  3.0000E+00  4.0000E+00  0.0000E+00  1.4800E+00  0.0000E+00  0.0000E+00  1.0000E+00  1.5529E+00  2.9636E+00  5.4474E+01 -5.1121E-03  1.6225E-01  1.5265E+00 -2.4421E-01 -5.3367E-01  1.4800E+00  1.6583E+00 -1.7831E-01 -4.7449E-01
  3.0000E+00  8.0000E+00  0.0000E+00  1.1220E+00  0.0000E+00  0.0000E+00  1.0000E+00  1.5529E+00  2.9636E+00  5.4474E+01 -5.1121E-03  1.6225E-01  1.2311E+00 -7.0109E-01 -8.3640E-01  1.1220E+00  1.3046E+00 -1.8261E-01 -7.0183E-01
  3.0000E+00  1.2000E+01  0.0000E+00  9.7000E-01  0.0000E+00  0.0000E+00  1.0000E+00  1.5529E+00  2.9636E+00  5.4474E+01 -5.1121E-03  1.6225E-01  9.9032E-01 -1.5937E-01 -1.6020E-01  9.7000E-01  1.0070E+00 -3.7014E-02 -1.0098E-01
  3.0000E+00  2.4000E+01  0.0000E+00  5.5200E-01  0.0000E+00  0.0000E+00  1.0000E+00  1.5529E+00  2.9636E+00  5.4474E+01 -5.1121E-03  1.6225E-01  5.1553E-01  4.8615E-01  6.9293E-01  5.5200E-01  4.6261E-01  8.9390E-02  6.3425E-01
  3.0000E+00  1.6800E+02  1.0000E+02  0.0000E+00  1.0000E+00  1.0000E+00  2.0000E+00  1.0515E+00  3.0920E+00  5.4474E+01  3.7314E-02 -2.2766E-01  1.4538E-04 -3.5470E-03  0.0000E+00  0.0000E+00  4.0863E-05  0.0000E+00  0.0000E+00
  3.0000E+00  1.6850E+02  0.0000E+00  7.8400E-01  0.0000E+00  0.0000E+00  2.0000E+00  1.0515E+00  3.0920E+00  5.4474E+01  3.7314E-02 -2.2766E-01  7.3929E-01  4.5157E-01  2.6448E-01  7.8400E-01  8.2426E-01 -4.0260E-02  1.7150E-01
  3.0000E+00  1.6900E+02  0.0000E+00  1.0760E+00  0.0000E+00  0.0000E+00  2.0000E+00  1.0515E+00  3.0920E+00  5.4474E+01  3.7314E-02 -2.2766E-01  1.1555E+00 -5.4212E-01 -8.0765E-01  1.0760E+00  1.2860E+00 -2.1001E-01 -7.2731E-01
  3.0000E+00  1.7000E+02  0.0000E+00  1.3080E+00  0.0000E+00  0.0000E+00  2.0000E+00  1.0515E+00  3.0920E+00  5.4474E+01  3.7314E-02 -2.2766E-01  1.4955E+00 -1.0033E+00 -1.3234E+00  1.3080E+00  1.6561E+00 -3.4815E-01 -1.1649E+00
  3.0000E+00  1.7200E+02  0.0000E+00  1.6920E+00  0.0000E+00  0.0000E+00  2.0000E+00  1.0515E+00  3.0920E+00  5.4474E+01  3.7314E-02 -2.2766E-01  1.5175E+00  9.2080E-01  6.2537E-01  1.6920E+00  1.6583E+00  3.3658E-02  6.0482E-01
  3.0000E+00  1.7600E+02  0.0000E+00  1.2150E+00  0.0000E+00  0.0000E+00  2.0000E+00  1.0515E+00  3.0920E+00  5.4474E+01  3.7314E-02 -2.2766E-01  1.2319E+00 -1.0871E-01 -2.7133E-01  1.2150E+00  1.3046E+00 -8.9632E-02 -2.0610E-01
  3.0000E+00  1.8000E+02  0.0000E+00  8.7400E-01  0.0000E+00  0.0000E+00  2.0000E+00  1.0515E+00  3.0920E+00  5.4474E+01  3.7314E-02 -2.2766E-01  9.8204E-01 -8.5387E-01 -9.0160E-01  8.7400E-01  1.0070E+00 -1.3303E-01 -7.9539E-01
  3.0000E+00  1.9200E+02  0.0000E+00  5.3000E-01  0.0000E+00  0.0000E+00  2.0000E+00  1.0515E+00  3.0920E+00  5.4474E+01  3.7314E-02 -2.2766E-01  4.9696E-01  4.5175E-01  5.8663E-01  5.3000E-01  4.6262E-01  6.7382E-02  5.0783E-01
  3.0000E+00  3.3600E+02  1.0000E+02  0.0000E+00  1.0000E+00  1.0000E+00  3.0000E+00  1.6003E+00  2.8691E+00  5.4474E+01 -3.7520E-02  1.9230E-01  2.5266E-04 -6.1642E-03  0.0000E+00  0.0000E+00  4.0864E-05  0.0000E+00  0.0000E+00
  3.0000E+00  3.3650E+02  0.0000E+00  1.0400E+00  0.0000E+00  0.0000E+00  3.0000E+00  1.6003E+00  2.8691E+00  5.4474E+01 -3.7520E-02  1.9230E-01  9.9634E-01  3.4066E-01  6.5538E-01  1.0400E+00  8.2426E-01  2.1574E-01  7.7362E-01
  3.0000E+00  3.3700E+02  0.0000E+00  1.5190E+00  0.0000E+00  0.0000E+00  3.0000E+00  1.6003E+00  2.8691E+00  5.4474E+01 -3.7520E-02  1.9230E-01  1.4179E+00  5.6892E-01  6.9928E-01  1.5190E+00  1.2860E+00  2.3299E-01  7.3341E-01
  3.0000E+00  3.3800E+02  0.0000E+00  1.5100E+00  0.0000E+00  0.0000E+00  3.0000E+00  1.6003E+00  2.8691E+00  5.4474E+01 -3.7520E-02  1.9230E-01  1.6313E+00 -5.9759E-01 -7.8653E-01  1.5100E+00  1.6561E+00 -1.4615E-01 -7.7118E-01
  3.0000E+00  3.4000E+02  0.0000E+00  1.5970E+00  0.0000E+00  0.0000E+00  3.0000E+00  1.6003E+00  2.8691E+00  5.4474E+01 -3.7520E-02  1.9230E-01  1.5347E+00  3.2543E-01  4.3564E-02  1.5970E+00  1.6583E+00 -6.1342E-02  4.9169E-02
  3.0000E+00  3.4400E+02  0.0000E+00  1.3570E+00  0.0000E+00  0.0000E+00  3.0000E+00  1.6003E+00  2.8691E+00  5.4474E+01 -3.7520E-02  1.9230E-01  1.2457E+00  7.0769E-01  5.8826E-01  1.3570E+00  1.3046E+00  5.2368E-02  5.9013E-01
  3.0000E+00  3.4800E+02  0.0000E+00  9.3000E-01  0.0000E+00  0.0000E+00  3.0000E+00  1.6003E+00  2.8691E+00  5.4474E+01 -3.7520E-02  1.9230E-01  1.0091E+00 -6.0984E-01 -5.8991E-01  9.3000E-01  1.0070E+00 -7.7033E-02 -5.2101E-01
  3.0000E+00  3.6000E+02  0.0000E+00  5.6400E-01  0.0000E+00  0.0000E+00  3.0000E+00  1.6003E+00  2.8691E+00  5.4474E+01 -3.7520E-02  1.9230E-01  5.3634E-01  3.5851E-01  5.9206E-01  5.6400E-01  4.6262E-01  1.0138E-01  5.4394E-01
  4.0000E+00  0.0000E+00  1.0000E+02  0.0000E+00  1.0000E+00  1.0000E+00  1.0000E+00  1.2495E+00  4.9284E+00  5.0865E+01 -1.1249E-02 -1.3768E-01  0.0000E+00  0.0000E+00  0.0000E+00  0.0000E+00  0.0000E+00  0.0000E+00  0.0000E+00
  4.0000E+00  5.0000E-01  0.0000E+00  8.8000E-01  0.0000E+00  0.0000E+00  1.0000E+00  1.2495E+00  4.9284E+00  5.0865E+01 -1.1249E-02 -1.3768E-01  8.8940E-01 -8.1088E-02 -1.8095E-01  8.8000E-01  8.2422E-01  5.5780E-02 -2.2880E-01
  4.0000E+00  1.0000E+00  0.0000E+00  1.3320E+00  0.0000E+00  0.0000E+00  1.0000E+00  1.2495E+00  4.9284E+00  5.0865E+01 -1.1249E-02 -1.3768E-01  1.3235E+00  5.0974E-02 -1.3351E-01  1.3320E+00  1.2860E+00  4.6033E-02 -8.6006E-02
  4.0000E+00  2.0000E+00  0.0000E+00  1.5190E+00  0.0000E+00  0.0000E+00  1.0000E+00  1.2495E+00  4.9284E+00  5.0865E+01 -1.1249E-02 -1.3768E-01  1.5807E+00 -3.1308E-01 -6.1710E-01  1.5190E+00  1.6561E+00 -1.3711E-01 -4.2659E-01
  4.0000E+00  4.0000E+00  0.0000E+00  1.4540E+00  0.0000E+00  0.0000E+00  1.0000E+00  1.2495E+00  4.9284E+00  5.0865E+01 -1.1249E-02 -1.3768E-01  1.4321E+00  1.2217E-01 -1.9369E-01  1.4540E+00  1.6583E+00 -2.0431E-01 -2.4432E-02
  4.0000E+00  8.0000E+00  0.0000E+00  9.3900E-01  0.0000E+00  0.0000E+00  1.0000E+00  1.2495E+00  4.9284E+00  5.0865E+01 -1.1249E-02 -1.3768E-01  9.8164E-01 -3.3711E-01 -4.1393E-01  9.3900E-01  1.3046E+00 -3.6561E-01 -4.1782E-01
  4.0000E+00  1.2000E+01  0.0000E+00  5.5700E-01  0.0000E+00  0.0000E+00  1.0000E+00  1.2495E+00  4.9284E+00  5.0865E+01 -1.1249E-02 -1.3768E-01  6.6631E-01 -1.2015E+00 -1.0520E+00  5.5700E-01  1.0070E+00 -4.5001E-01 -9.5926E-01
  4.0000E+00  2.4000E+01  0.0000E+00  2.6800E-01  0.0000E+00  0.0000E+00  1.0000E+00  1.2495E+00  4.9284E+00  5.0865E+01 -1.1249E-02 -1.3768E-01  2.0832E-01  1.2378E+00  1.5844E+00  2.6800E-01  4.6261E-01 -1.9461E-01  8.0188E-01
  4.0000E+00  1.6800E+02  1.0000E+02  0.0000E+00  1.0000E+00  1.0000E+00  2.0000E+00  1.9632E+00  4.3403E+00  5.0865E+01 -1.3834E-01  3.1415E-01  9.6035E-07 -2.3430E-05  0.0000E+00  0.0000E+00  4.0863E-05  0.0000E+00  0.0000E+00
  4.0000E+00  1.6850E+02  0.0000E+00  1.2090E+00  0.0000E+00  0.0000E+00  2.0000E+00  1.9632E+00  4.3403E+00  5.0865E+01 -1.3834E-01  3.1415E-01  1.1993E+00  6.3725E-02  6.1453E-01  1.2090E+00  8.2426E-01  3.8474E-01  5.2738E-01
  4.0000E+00  1.6900E+02  0.0000E+00  1.8400E+00  0.0000E+00  0.0000E+00  2.0000E+00  1.9632E+00  4.3403E+00  5.0865E+01 -1.3834E-01  3.1415E-01  1.5986E+00  1.2121E+00  1.4041E+00  1.8400E+00  1.2860E+00  5.5399E-01  1.4193E+00
  4.0000E+00  1.7000E+02  0.0000E+00  1.8310E+00  0.0000E+00  0.0000E+00  2.0000E+00  1.9632E+00  4.3403E+00  5.0865E+01 -1.3834E-01  3.1415E-01  1.6923E+00  6.5933E-01  4.2650E-01  1.8310E+00  1.6561E+00  1.7485E-01  3.2898E-01
  4.0000E+00  1.7200E+02  0.0000E+00  1.6860E+00  0.0000E+00  0.0000E+00  2.0000E+00  1.9632E+00  4.3403E+00  5.0865E+01 -1.3834E-01  3.1415E-01  1.4602E+00  1.2363E+00  1.0282E+00  1.6860E+00  1.6583E+00  2.7658E-02  9.7012E-01
  4.0000E+00  1.7600E+02  0.0000E+00  7.5000E-01  0.0000E+00  0.0000E+00  2.0000E+00  1.9632E+00  4.3403E+00  5.0865E+01 -1.3834E-01  3.1415E-01  1.0385E+00 -2.1683E+00 -1.9851E+00  7.5000E-01  1.3046E+00 -5.5463E-01 -1.5193E+00
  4.0000E+00  1.8000E+02  0.0000E+00  6.2500E-01  0.0000E+00  0.0000E+00  2.0000E+00  1.9632E+00  4.3403E+00  5.0865E+01 -1.3834E-01  3.1415E-01  7.3822E-01 -1.1450E+00 -6.3977E-01  6.2500E-01  1.0070E+00 -3.8203E-01 -5.5411E-01
  4.0000E+00  1.9200E+02  0.0000E+00  3.4600E-01  0.0000E+00  0.0000E+00  2.0000E+00  1.9632E+00  4.3403E+00  5.0865E+01 -1.3834E-01  3.1415E-01  2.6515E-01  1.5489E+00  2.3577E+00  3.4600E-01  4.6262E-01 -1.1662E-01  1.4037E+00
  4.0000E+00  3.3600E+02  1.0000E+02  0.0000E+00  1.0000E+00  1.0000E+00  3.0000E+00  1.4279E+00  6.0433E+00  5.0865E+01  1.9269E-01 -4.2193E-03  9.8466E-09 -2.4023E-07  0.0000E+00  0.0000E+00  4.0864E-05  0.0000E+00  0.0000E+00
  4.0000E+00  3.3650E+02  0.0000E+00  9.1700E-01  0.0000E+00  0.0000E+00  3.0000E+00  1.4279E+00  6.0433E+00  5.0865E+01  1.9269E-01 -4.2193E-03  9.7060E-01 -4.2810E-01 -3.6448E-01  9.1700E-01  8.2426E-01  9.2740E-02 -3.9371E-01
  4.0000E+00  3.3700E+02  0.0000E+00  1.5570E+00  0.0000E+00  0.0000E+00  3.0000E+00  1.4279E+00  6.0433E+00  5.0865E+01  1.9269E-01 -4.2193E-03  1.3899E+00  9.5846E-01  8.4913E-01  1.5570E+00  1.2860E+00  2.7099E-01  9.0752E-01
  4.0000E+00  3.3800E+02  0.0000E+00  1.4360E+00  0.0000E+00  0.0000E+00  3.0000E+00  1.4279E+00  6.0433E+00  5.0865E+01  1.9269E-01 -4.2193E-03  1.5675E+00 -6.7310E-01 -1.0956E+00  1.4360E+00  1.6561E+00 -2.2015E-01 -9.3665E-01
  4.0000E+00  3.4000E+02  0.0000E+00  1.4760E+00  0.0000E+00  0.0000E+00  3.0000E+00  1.4279E+00  6.0433E+00  5.0865E+01  1.9269E-01 -4.2193E-03  1.3262E+00  8.9854E-01  2.5383E-01  1.4760E+00  1.6583E+00 -1.8234E-01  1.8735E-01
  4.0000E+00  3.4400E+02  0.0000E+00  7.0400E-01  0.0000E+00  0.0000E+00  3.0000E+00  1.4279E+00  6.0433E+00  5.0865E+01  1.9269E-01 -4.2193E-03  8.2890E-01 -1.1455E+00 -1.7570E+00  7.0400E-01  1.3046E+00 -6.0063E-01 -1.4698E+00
  4.0000E+00  3.4800E+02  0.0000E+00  5.6100E-01  0.0000E+00  0.0000E+00  3.0000E+00  1.4279E+00  6.0433E+00  5.0865E+01  1.9269E-01 -4.2193E-03  5.1537E-01  6.0829E-01  1.3085E-01  5.6100E-01  1.0070E+00 -4.4603E-01 -4.2575E-01
  4.0000E+00  3.6000E+02  0.0000E+00  9.2000E-02  0.0000E+00  0.0000E+00  3.0000E+00  1.4279E+00  6.0433E+00  5.0865E+01  1.9269E-01 -4.2193E-03  1.2386E-01 -7.2943E-01 -8.8816E-01  9.2000E-02  4.6262E-01 -3.7062E-01 -4.1313E-01
  5.0000E+00  0.0000E+00  1.0000E+02  0.0000E+00  1.0000E+00  1.0000E+00  1.0000E+00  1.1265E+00  2.3024E+00  4.3476E+01  5.9575E-02 -1.7308E-03  0.0000E+00  0.0000E+00  0.0000E+00  0.0000E+00  0.0000E+00  0.0000E+00  0.0000E+00
  5.0000E+00  5.0000E-01  0.0000E+00  9.7700E-01  0.0000E+00  0.0000E+00  1.0000E+00  1.1265E+00  2.3024E+00  4.3476E+01  5.9575E-02 -1.7308E-03  9.7635E-01  5.1729E-03 -2.7910E-02  9.7700E-01  8.2422E-01  1.5278E-01 -6.6731E-02
  5.0000E+00  1.0000E+00  0.0000E+00  1.4330E+00  0.0000E+00  0.0000E+00  1.0000E+00  1.1265E+00  2.3024E+00  4.3476E+01  5.9575E-02 -1.7308E-03  1.5067E+00 -3.9174E-01 -3.8966E-01  1.4330E+00  1.2860E+00  1.4703E-01 -4.4917E-01
  5.0000E+00  2.0000E+00  0.0000E+00  2.1960E+00  0.0000E+00  0.0000E+00  1.0000E+00  1.1265E+00  2.3024E+00  4.3476E+01  5.9575E-02 -1.7308E-03  1.9174E+00  1.1740E+00  1.2121E+00  2.1960E+00  1.6561E+00  5.3989E-01  1.3666E+00
  5.0000E+00  4.0000E+00  0.0000E+00  2.0110E+00  0.0000E+00  0.0000E+00  1.0000E+00  1.1265E+00  2.3024E+00  4.3476E+01  5.9575E-02 -1.7308E-03  1.9262E+00  3.5584E-01  4.0867E-01  2.0110E+00  1.6583E+00  3.5269E-01  4.8345E-01
  5.0000E+00  8.0000E+00  0.0000E+00  1.5720E+00  0.0000E+00  0.0000E+00  1.0000E+00  1.1265E+00  2.3024E+00  4.3476E+01  5.9575E-02 -1.7308E-03  1.5797E+00 -3.9343E-02  4.9213E-03  1.5720E+00  1.3046E+00  2.6739E-01 -4.3109E-03
  5.0000E+00  1.2000E+01  0.0000E+00  1.2160E+00  0.0000E+00  0.0000E+00  1.0000E+00  1.1265E+00  2.3024E+00  4.3476E+01  5.9575E-02 -1.7308E-03  1.2784E+00 -3.8730E-01 -3.5818E-01  1.2160E+00  1.0070E+00  2.0899E-01 -4.4963E-01
  5.0000E+00  2.4000E+01  0.0000E+00  6.8700E-01  0.0000E+00  0.0000E+00  1.0000E+00  1.1265E+00  2.3024E+00  4.3476E+01  5.9575E-02 -1.7308E-03  6.7714E-01  1.0702E-01  8.7583E-02  6.8700E-01  4.6261E-01  2.2439E-01  1.0671E-01
  5.0000E+00  1.6800E+02  1.0000E+02  0.0000E+00  1.0000E+00  1.0000E+00  2.0000E+00  1.2111E+00  2.1189E+00  4.3476E+01 -2.3488E-02  7.0686E-02  6.0637E-04 -1.4794E-02  0.0000E+00  0.0000E+00  4.0863E-05  0.0000E+00  0.0000E+00
  5.0000E+00  1.6850E+02  0.0000E+00  1.1380E+00  0.0000E+00  0.0000E+00  2.0000E+00  1.2111E+00  2.1189E+00  4.3476E+01 -2.3488E-02  7.0686E-02  1.0315E+00  8.0528E-01  1.0291E+00  1.1380E+00  8.2426E-01  3.1374E-01  1.1746E+00
  5.0000E+00  1.6900E+02  0.0000E+00  1.3320E+00  0.0000E+00  0.0000E+00  2.0000E+00  1.2111E+00  2.1189E+00  4.3476E+01 -2.3488E-02  7.0686E-02  1.5693E+00 -1.2130E+00 -9.8919E-01  1.3320E+00  1.2860E+00  4.5994E-02 -1.1368E+00
  5.0000E+00  1.7000E+02  0.0000E+00  2.1250E+00  0.0000E+00  0.0000E+00  2.0000E+00  1.2111E+00  2.1189E+00  4.3476E+01 -2.3488E-02  7.0686E-02  1.9619E+00  6.7214E-01  8.3979E-01  2.1250E+00  1.6561E+00  4.6885E-01  9.7657E-01
  5.0000E+00  1.7200E+02  0.0000E+00  1.7000E+00  0.0000E+00  0.0000E+00  2.0000E+00  1.2111E+00  2.1189E+00  4.3476E+01 -2.3488E-02  7.0686E-02  1.9537E+00 -1.0499E+00 -9.2114E-01  1.7000E+00  1.6583E+00  4.1658E-02 -1.0394E+00
  5.0000E+00  1.7600E+02  0.0000E+00  1.6440E+00  0.0000E+00  0.0000E+00  2.0000E+00  1.2111E+00  2.1189E+00  4.3476E+01 -2.3488E-02  7.0686E-02  1.6230E+00  1.0373E-01  2.8509E-01  1.6440E+00  1.3046E+00  3.3937E-01  3.2830E-01
  5.0000E+00  1.8000E+02  0.0000E+00  1.1750E+00  0.0000E+00  0.0000E+00  2.0000E+00  1.2111E+00  2.1189E+00  4.3476E+01 -2.3488E-02  7.0686E-02  1.3357E+00 -9.5707E-01 -7.2113E-01  1.1750E+00  1.0070E+00  1.6797E-01 -9.0125E-01
  5.0000E+00  1.9200E+02  0.0000E+00  8.2100E-01  0.0000E+00  0.0000E+00  2.0000E+00  1.2111E+00  2.1189E+00  4.3476E+01 -2.3488E-02  7.0686E-02  7.4423E-01  7.7114E-01  1.0892E+00  8.2100E-01  4.6262E-01  3.5838E-01  1.3964E+00
  5.0000E+00  3.3600E+02  1.0000E+02  0.0000E+00  1.0000E+00  1.0000E+00  3.0000E+00  1.0969E+00  2.0201E+00  4.3476E+01 -7.1232E-02 -2.8353E-02  9.2442E-04 -2.2554E-02  0.0000E+00  0.0000E+00  4.0864E-05  0.0000E+00  0.0000E+00
  5.0000E+00  3.3650E+02  0.0000E+00  7.6800E-01  0.0000E+00  0.0000E+00  3.0000E+00  1.0969E+00  2.0201E+00  4.3476E+01 -7.1232E-02 -2.8353E-02  9.5973E-01 -1.5467E+00 -1.5911E+00  7.6800E-01  8.2426E-01 -5.6260E-02 -1.7432E+00
  5.0000E+00  3.3700E+02  0.0000E+00  1.7380E+00  0.0000E+00  0.0000E+00  3.0000E+00  1.0969E+00  2.0201E+00  4.3476E+01 -7.1232E-02 -2.8353E-02  1.4917E+00  1.3212E+00  1.2931E+00  1.7380E+00  1.2860E+00  4.5199E-01  1.3976E+00
  5.0000E+00  3.3800E+02  0.0000E+00  2.1220E+00  0.0000E+00  0.0000E+00  3.0000E+00  1.0969E+00  2.0201E+00  4.3476E+01 -7.1232E-02 -2.8353E-02  1.9218E+00  8.4186E-01  8.8263E-01  2.1220E+00  1.6561E+00  4.6585E-01  9.9370E-01
  5.0000E+00  3.4000E+02  0.0000E+00  2.0210E+00  0.0000E+00  0.0000E+00  3.0000E+00  1.0969E+00  2.0201E+00  4.3476E+01 -7.1232E-02 -2.8353E-02  1.9654E+00  2.2874E-01  3.5200E-01  2.0210E+00  1.6583E+00  3.6266E-01  3.9844E-01
  5.0000E+00  3.4400E+02  0.0000E+00  1.7570E+00  0.0000E+00  0.0000E+00  3.0000E+00  1.0969E+00  2.0201E+00  4.3476E+01 -7.1232E-02 -2.8353E-02  1.6565E+00  4.8793E-01  6.8558E-01  1.7570E+00  1.3046E+00  4.5237E-01  7.4637E-01
  5.0000E+00  3.4800E+02  0.0000E+00  1.3830E+00  0.0000E+00  0.0000E+00  3.0000E+00  1.0969E+00  2.0201E+00  4.3476E+01 -7.1232E-02 -2.8353E-02  1.3758E+00  4.1586E-02  2.8314E-01  1.3830E+00  1.0070E+00  3.7597E-01  2.1844E-01
  5.0000E+00  3.6000E+02  0.0000E+00  8.0900E-01  0.0000E+00  0.0000E+00  3.0000E+00  1.0969E+00  2.0201E+00  4.3476E+01 -7.1232E-02 -2.8353E-02  7.8779E-01  2.0315E-01  4.7975E-01  8.0900E-01  4.6262E-01  3.4638E-01  5.9138E-01
  6.0000E+00  0.0000E+00  1.0000E+02  0.0000E+00  1.0000E+00  1.0000E+00  1.0000E+00  1.6656E+00  4.8795E+00  3.4679E+01  1.9184E-01  2.2995E-01  0.0000E+00  0.0000E+00  0.0000E+00  0.0000E+00  0.0000E+00  0.0000E+00  0.0000E+00
  6.0000E+00  5.0000E-01  0.0000E+00  1.6140E+00  0.0000E+00  0.0000E+00  1.0000E+00  1.6656E+00  4.8795E+00  3.4679E+01  1.9184E-01  2.2995E-01  1.5661E+00  2.4516E-01  8.3031E-01  1.6140E+00  8.2422E-01  7.8978E-01  1.3660E+00
  6.0000E+00  1.0000E+00  0.0000E+00  2.3760E+00  0.0000E+00  0.0000E+00  1.0000E+00  1.6656E+00  4.8795E+00  3.4679E+01  1.9184E-01  2.2995E-01  2.1407E+00  8.9066E-01  1.5396E+00  2.3760E+00  1.2860E+00  1.0900E+00  2.0676E+00
  6.0000E+00  2.0000E+00  0.0000E+00  1.8850E+00  0.0000E+00  0.0000E+00  1.0000E+00  1.6656E+00  4.8795E+00  3.4679E+01  1.9184E-01  2.2995E-01  2.2645E+00 -1.3600E+00 -9.8252E-01  1.8850E+00  1.6561E+00  2.2889E-01 -1.5575E+00
  6.0000E+00  4.0000E+00  0.0000E+00  1.9780E+00  0.0000E+00  0.0000E+00  1.0000E+00  1.6656E+00  4.8795E+00  3.4679E+01  1.9184E-01  2.2995E-01  1.7900E+00  8.4665E-01  6.5100E-01  1.9780E+00  1.6583E+00  3.1969E-01  6.8871E-01
  6.0000E+00  8.0000E+00  0.0000E+00  9.8300E-01  0.0000E+00  0.0000E+00  1.0000E+00  1.6656E+00  4.8795E+00  3.4679E+01  1.9184E-01  2.2995E-01  1.0219E+00 -2.9661E-01 -1.1710E+00  9.8300E-01  1.3046E+00 -3.2161E-01 -1.2128E+00
  6.0000E+00  1.2000E+01  0.0000E+00  5.9400E-01  0.0000E+00  0.0000E+00  1.0000E+00  1.6656E+00  4.8795E+00  3.4679E+01  1.9184E-01  2.2995E-01  5.8208E-01  1.4549E-01 -9.3310E-01  5.9400E-01  1.0070E+00 -4.1301E-01 -1.2038E+00
  6.0000E+00  2.4000E+01  0.0000E+00  8.3000E-02  0.0000E+00  0.0000E+00  1.0000E+00  1.6656E+00  4.8795E+00  3.4679E+01  1.9184E-01  2.2995E-01  1.0757E-01 -5.7098E-01 -1.1416E+00  8.3000E-02  4.6261E-01 -3.7961E-01 -4.1651E-01
  6.0000E+00  1.6800E+02  1.0000E+02  0.0000E+00  1.0000E+00  1.0000E+00  2.0000E+00  1.0245E+00  4.0612E+00  3.4679E+01  8.2742E-03 -2.5600E-01  5.1048E-09 -1.2454E-07  0.0000E+00  0.0000E+00  4.0863E-05  0.0000E+00  0.0000E+00
  6.0000E+00  1.6850E+02  0.0000E+00  1.1890E+00  0.0000E+00  0.0000E+00  2.0000E+00  1.0245E+00  4.0612E+00  3.4679E+01  8.2742E-03 -2.5600E-01  1.1200E+00  4.8443E-01  2.8120E-01  1.1890E+00  8.2426E-01  3.6474E-01  2.1175E-01
  6.0000E+00  1.6900E+02  0.0000E+00  1.6090E+00  0.0000E+00  0.0000E+00  2.0000E+00  1.0245E+00  4.0612E+00  3.4679E+01  8.2742E-03 -2.5600E-01  1.7273E+00 -5.5132E-01 -5.7062E-01  1.6090E+00  1.2860E+00  3.2299E-01 -6.9250E-01
  6.0000E+00  1.7000E+02  0.0000E+00  1.9940E+00  0.0000E+00  0.0000E+00  2.0000E+00  1.0245E+00  4.0612E+00  3.4679E+01  8.2742E-03 -2.5600E-01  2.1564E+00 -6.1044E-01 -3.5924E-01  1.9940E+00  1.6561E+00  3.3785E-01 -2.6187E-01
  6.0000E+00  1.7200E+02  0.0000E+00  1.9270E+00  0.0000E+00  0.0000E+00  2.0000E+00  1.0245E+00  4.0612E+00  3.4679E+01  8.2742E-03 -2.5600E-01  1.9840E+00 -2.3230E-01  7.4549E-02  1.9270E+00  1.6583E+00  2.6866E-01  3.6497E-01
  6.0000E+00  1.7600E+02  0.0000E+00  1.1360E+00  0.0000E+00  0.0000E+00  2.0000E+00  1.0245E+00  4.0612E+00  3.4679E+01  8.2742E-03 -2.5600E-01  1.2749E+00 -8.6413E-01 -9.7410E-01  1.1360E+00  1.3046E+00 -1.6863E-01 -8.3982E-01
  6.0000E+00  1.8000E+02  0.0000E+00  1.0180E+00  0.0000E+00  0.0000E+00  2.0000E+00  1.0245E+00  4.0612E+00  3.4679E+01  8.2742E-03 -2.5600E-01  7.9860E-01  2.0772E+00  1.6774E+00  1.0180E+00  1.0070E+00  1.0967E-02  1.1172E+00
  6.0000E+00  1.9200E+02  0.0000E+00  1.2300E-01  0.0000E+00  0.0000E+00  2.0000E+00  1.0245E+00  4.0612E+00  3.4679E+01  8.2742E-03 -2.5600E-01  1.9590E-01 -1.5367E+00 -1.9363E+00  1.2300E-01  4.6262E-01 -3.3962E-01 -1.0706E+00
  6.0000E+00  3.3600E+02  1.0000E+02  0.0000E+00  1.0000E+00  1.0000E+00  3.0000E+00  1.5441E+00  3.3741E+00  3.4679E+01 -1.7705E-01  1.5422E-01  1.6116E-07 -3.9318E-06  0.0000E+00  0.0000E+00  4.0864E-05  0.0000E+00  0.0000E+00
  6.0000E+00  3.3650E+02  0.0000E+00  1.5290E+00  0.0000E+00  0.0000E+00  3.0000E+00  1.5441E+00  3.3741E+00  3.4679E+01 -1.7705E-01  1.5422E-01  1.5094E+00  1.0402E-01  5.4656E-01  1.5290E+00  8.2426E-01  7.0474E-01  6.3531E-01
  6.0000E+00  3.3700E+02  0.0000E+00  2.3110E+00  0.0000E+00  0.0000E+00  3.0000E+00  1.5441E+00  3.3741E+00  3.4679E+01 -1.7705E-01  1.5422E-01  2.1351E+00  6.6745E-01  1.3297E+00  2.3110E+00  1.2860E+00  1.0250E+00  1.6280E+00
  6.0000E+00  3.3800E+02  0.0000E+00  2.4870E+00  0.0000E+00  0.0000E+00  3.0000E+00  1.5441E+00  3.3741E+00  3.4679E+01 -1.7705E-01  1.5422E-01  2.3930E+00  3.1900E-01  1.0185E+00  2.4870E+00  1.6561E+00  8.3085E-01  1.1526E+00
  6.0000E+00  3.4000E+02  0.0000E+00  2.0440E+00  0.0000E+00  0.0000E+00  3.0000E+00  1.5441E+00  3.3741E+00  3.4679E+01 -1.7705E-01  1.5422E-01  2.0789E+00 -1.3614E-01  3.9008E-01  2.0440E+00  1.6583E+00  3.8566E-01  6.7160E-01
  6.0000E+00  3.4400E+02  0.0000E+00  1.6170E+00  0.0000E+00  0.0000E+00  3.0000E+00  1.5441E+00  3.3741E+00  3.4679E+01 -1.7705E-01  1.5422E-01  1.4130E+00  1.1520E+00  1.3383E+00  1.6170E+00  1.3046E+00  3.1237E-01  1.7093E+00
  6.0000E+00  3.4800E+02  0.0000E+00  9.6000E-01  0.0000E+00  0.0000E+00  3.0000E+00  1.5441E+00  3.3741E+00  3.4679E+01 -1.7705E-01  1.5422E-01  9.5749E-01  2.0293E-02 -3.1338E-02  9.6000E-01  1.0070E+00 -4.7033E-02  1.5624E-01
  6.0000E+00  3.6000E+02  0.0000E+00  3.0100E-01  0.0000E+00  0.0000E+00  3.0000E+00  1.5441E+00  3.3741E+00  3.4679E+01 -1.7705E-01  1.5422E-01  2.9790E-01  5.6630E-02 -2.3711E-01  3.0100E-01  4.6262E-01 -1.6162E-01 -1.4218E-01
  7.0000E+00  0.0000E+00  1.0000E+02  0.0000E+00  1.0000E+00  1.0000E+00  1.0000E+00  6.5144E-01  3.9032E+00  5.3694E+01  1.7274E-01 -4.0293E-01  0.0000E+00  0.0000E+00  0.0000E+00  0.0000E+00  0.0000E+00  0.0000E+00  0.0000E+00
  7.0000E+00  5.0000E-01  0.0000E+00  5.1400E-01  0.0000E+00  0.0000E+00  1.0000E+00  6.5144E-01  3.9032E+00  5.3694E+01  1.7274E-01 -4.0293E-01  5.0794E-01  8.1629E-02 -4.7823E-01  5.1400E-01  8.2422E-01 -3.1022E-01 -4.9448E-01
  7.0000E+00  1.0000E+00  0.0000E+00  8.0100E-01  0.0000E+00  0.0000E+00  1.0000E+00  6.5144E-01  3.9032E+00  5.3694E+01  1.7274E-01 -4.0293E-01  8.5654E-01 -4.9519E-01 -1.2390E+00  8.0100E-01  1.2860E+00 -4.8497E-01 -1.1000E+00
  7.0000E+00  2.0000E+00  0.0000E+00  1.1890E+00  0.0000E+00  0.0000E+00  1.0000E+00  6.5144E-01  3.9032E+00  5.3694E+01  1.7274E-01 -4.0293E-01  1.2430E+00 -3.4403E-01 -1.1053E+00  1.1890E+00  1.6561E+00 -4.6711E-01 -1.0492E+00
  7.0000E+00  4.0000E+00  0.0000E+00  1.4120E+00  0.0000E+00  0.0000E+00  1.0000E+00  6.5144E-01  3.9032E+00  5.3694E+01  1.7274E-01 -4.0293E-01  1.4126E+00 -3.3211E-03 -5.3444E-01  1.4120E+00  1.6583E+00 -2.4631E-01 -4.7263E-01
  7.0000E+00  8.0000E+00  0.0000E+00  1.1460E+00  0.0000E+00  0.0000E+00  1.0000E+00  6.5144E-01  3.9032E+00  5.3694E+01  1.7274E-01 -4.0293E-01  1.1605E+00 -9.8357E-02 -3.8718E-01  1.1460E+00  1.3046E+00 -1.5861E-01 -2.6057E-01
  7.0000E+00  1.2000E+01  0.0000E+00  7.8400E-01  0.0000E+00  0.0000E+00  1.0000E+00  6.5144E-01  3.9032E+00  5.3694E+01  1.7274E-01 -4.0293E-01  8.7538E-01 -7.9944E-01 -1.0225E+00  7.8400E-01  1.0070E+00 -2.2301E-01 -8.3050E-01
  7.0000E+00  2.4000E+01  0.0000E+00  3.7700E-01  0.0000E+00  0.0000E+00  1.0000E+00  6.5144E-01  3.9032E+00  5.3694E+01  1.7274E-01 -4.0293E-01  3.6624E-01  1.7746E-01  5.1017E-02  3.7700E-01  4.6261E-01 -8.5610E-02 -1.2155E-01
  7.0000E+00  1.6800E+02  1.0000E+02  0.0000E+00  1.0000E+00  1.0000E+00  2.0000E+00  1.1043E+00  3.5581E+00  5.3694E+01  8.0177E-02  1.2488E-01  2.6276E-05 -6.4106E-04  0.0000E+00  0.0000E+00  4.0863E-05  0.0000E+00  0.0000E+00
  7.0000E+00  1.6850E+02  0.0000E+00  7.0800E-01  0.0000E+00  0.0000E+00  2.0000E+00  1.1043E+00  3.5581E+00  5.3694E+01  8.0177E-02  1.2488E-01  7.7612E-01 -6.6069E-01 -6.6711E-01  7.0800E-01  8.2426E-01 -1.1626E-01 -6.4961E-01
  7.0000E+00  1.6900E+02  0.0000E+00  1.3780E+00  0.0000E+00  0.0000E+00  2.0000E+00  1.1043E+00  3.5581E+00  5.3694E+01  8.0177E-02  1.2488E-01  1.1976E+00  1.1896E+00  1.1053E+00  1.3780E+00  1.2860E+00  9.1994E-02  9.8069E-01
  7.0000E+00  1.7000E+02  0.0000E+00  1.4980E+00  0.0000E+00  0.0000E+00  2.0000E+00  1.1043E+00  3.5581E+00  5.3694E+01  8.0177E-02  1.2488E-01  1.5177E+00 -1.0422E-01 -3.2680E-01  1.4980E+00  1.6561E+00 -1.5815E-01 -2.2846E-01
  7.0000E+00  1.7200E+02  0.0000E+00  1.5800E+00  0.0000E+00  0.0000E+00  2.0000E+00  1.1043E+00  3.5581E+00  5.3694E+01  8.0177E-02  1.2488E-01  1.4961E+00  4.4902E-01  1.4091E-01  1.5800E+00  1.6583E+00 -7.8342E-02  2.2574E-01
  7.0000E+00  1.7600E+02  0.0000E+00  1.0820E+00  0.0000E+00  0.0000E+00  2.0000E+00  1.1043E+00  3.5581E+00  5.3694E+01  8.0177E-02  1.2488E-01  1.1658E+00 -5.6641E-01 -7.9278E-01  1.0820E+00  1.3046E+00 -2.2263E-01 -6.3762E-01
  7.0000E+00  1.8000E+02  0.0000E+00  8.2300E-01  0.0000E+00  0.0000E+00  2.0000E+00  1.1043E+00  3.5581E+00  5.3694E+01  8.0177E-02  1.2488E-01  8.9454E-01 -6.1416E-01 -7.3947E-01  8.2300E-01  1.0070E+00 -1.8403E-01 -6.3468E-01
  7.0000E+00  1.9200E+02  0.0000E+00  4.2900E-01  0.0000E+00  0.0000E+00  2.0000E+00  1.1043E+00  3.5581E+00  5.3694E+01  8.0177E-02  1.2488E-01  4.0388E-01  3.9215E-01  4.3863E-01  4.2900E-01  4.6262E-01 -3.3618E-02  1.9223E-01
  7.0000E+00  3.3600E+02  1.0000E+02  0.0000E+00  1.0000E+00  1.0000E+00  3.0000E+00  1.2368E+00  2.5600E+00  5.3694E+01 -2.4906E-01  2.3814E-01  4.2130E-04 -1.0279E-02  0.0000E+00  0.0000E+00  4.0864E-05  0.0000E+00  0.0000E+00
  7.0000E+00  3.3650E+02  0.0000E+00  8.8800E-01  0.0000E+00  0.0000E+00  3.0000E+00  1.2368E+00  2.5600E+00  5.3694E+01 -2.4906E-01  2.3814E-01  8.4814E-01  3.5845E-01  5.2505E-01  8.8800E-01  8.2426E-01  6.3740E-02  4.0147E-01
  7.0000E+00  3.3700E+02  0.0000E+00  1.2710E+00  0.0000E+00  0.0000E+00  3.0000E+00  1.2368E+00  2.5600E+00  5.3694E+01 -2.4906E-01  2.3814E-01  1.2849E+00 -8.5986E-02  4.8096E-03  1.2710E+00  1.2860E+00 -1.5006E-02 -2.5649E-02
  7.0000E+00  3.3800E+02  0.0000E+00  1.7940E+00  0.0000E+00  0.0000E+00  3.0000E+00  1.2368E+00  2.5600E+00  5.3694E+01 -2.4906E-01  2.3814E-01  1.5980E+00  9.8456E-01  9.0226E-01  1.7940E+00  1.6561E+00  1.3785E-01  9.2070E-01
  7.0000E+00  3.4000E+02  0.0000E+00  1.8860E+00  0.0000E+00  0.0000E+00  3.0000E+00  1.2368E+00  2.5600E+00  5.3694E+01 -2.4906E-01  2.3814E-01  1.5873E+00  1.5101E+00  1.3931E+00  1.8860E+00  1.6583E+00  2.2766E-01  1.4451E+00
  7.0000E+00  3.4400E+02  0.0000E+00  1.1410E+00  0.0000E+00  0.0000E+00  3.0000E+00  1.2368E+00  2.5600E+00  5.3694E+01 -2.4906E-01  2.3814E-01  1.3230E+00 -1.0938E+00 -9.3270E-01  1.1410E+00  1.3046E+00 -1.6363E-01 -8.0773E-01
  7.0000E+00  3.4800E+02  0.0000E+00  9.7800E-01  0.0000E+00  0.0000E+00  3.0000E+00  1.2368E+00  2.5600E+00  5.3694E+01 -2.4906E-01  2.3814E-01  1.0934E+00 -8.2743E-01 -4.0240E-01  9.7800E-01  1.0070E+00 -2.9033E-02 -3.7633E-01
  7.0000E+00  3.6000E+02  0.0000E+00  7.3500E-01  0.0000E+00  0.0000E+00  3.0000E+00  1.2368E+00  2.5600E+00  5.3694E+01 -2.4906E-01  2.3814E-01  6.1702E-01  1.3774E+00  2.2750E+00  7.3500E-01  4.6262E-01  2.7238E-01  2.2296E+00
  8.0000E+00  0.0000E+00  1.0000E+02  0.0000E+00  1.0000E+00  1.0000E+00  1.0000E+00  1.5231E+00  3.4697E+00  4.8340E+01  6.7947E-02  2.0624E-02  0.0000E+00  0.0000E+00  0.0000E+00  0.0000E+00  0.0000E+00  0.0000E+00  0.0000E+00
  8.0000E+00  5.0000E-01  0.0000E+00  1.1710E+00  0.0000E+00  0.0000E+00  1.0000E+00  1.5231E+00  3.4697E+00  4.8340E+01  6.7947E-02  2.0624E-02  1.0807E+00  6.5418E-01  9.6046E-01  1.1710E+00  8.2422E-01  3.4678E-01  1.2139E+00
  8.0000E+00  1.0000E+00  0.0000E+00  1.2470E+00  0.0000E+00  0.0000E+00  1.0000E+00  1.5231E+00  3.4697E+00  4.8340E+01  6.7947E-02  2.0624E-02  1.5473E+00 -1.5558E+00 -1.3465E+00  1.2470E+00  1.2860E+00 -3.8967E-02 -1.5400E+00
  8.0000E+00  2.0000E+00  0.0000E+00  2.1080E+00  0.0000E+00  0.0000E+00  1.0000E+00  1.5231E+00  3.4697E+00  4.8340E+01  6.7947E-02  2.0624E-02  1.7775E+00  1.4989E+00  1.4855E+00  2.1080E+00  1.6561E+00  4.5189E-01  1.5119E+00
  8.0000E+00  4.0000E+00  0.0000E+00  1.3240E+00  0.0000E+00  0.0000E+00  1.0000E+00  1.5231E+00  3.4697E+00  4.8340E+01  6.7947E-02  2.0624E-02  1.6243E+00 -1.4851E+00 -1.6307E+00  1.3240E+00  1.6583E+00 -3.3431E-01 -1.5603E+00
  8.0000E+00  8.0000E+00  0.0000E+00  1.4850E+00  0.0000E+00  0.0000E+00  1.0000E+00  1.5231E+00  3.4697E+00  4.8340E+01  6.7947E-02  2.0624E-02  1.2226E+00  1.6979E+00  1.5568E+00  1.4850E+00  1.3046E+00  1.8039E-01  1.4349E+00
  8.0000E+00  1.2000E+01  0.0000E+00  7.4600E-01  0.0000E+00  0.0000E+00  1.0000E+00  1.5231E+00  3.4697E+00  4.8340E+01  6.7947E-02  2.0624E-02  9.1746E-01 -1.4395E+00 -1.5562E+00  7.4600E-01  1.0070E+00 -2.6101E-01 -1.3561E+00
  8.0000E+00  2.4000E+01  0.0000E+00  3.9200E-01  0.0000E+00  0.0000E+00  1.0000E+00  1.5231E+00  3.4697E+00  4.8340E+01  6.7947E-02  2.0624E-02  3.8772E-01  6.8444E-02  1.8466E-02  3.9200E-01  4.6261E-01 -7.0610E-02 -1.0812E-01
  8.0000E+00  1.6800E+02  1.0000E+02  0.0000E+00  1.0000E+00  1.0000E+00  2.0000E+00  1.6808E+00  3.0786E+00  4.8340E+01 -5.1639E-02  1.1912E-01  4.0327E-05 -9.8389E-04  0.0000E+00  0.0000E+00  4.0863E-05  0.0000E+00  0.0000E+00
  8.0000E+00  1.6850E+02  0.0000E+00  1.2120E+00  0.0000E+00  0.0000E+00  2.0000E+00  1.6808E+00  3.0786E+00  4.8340E+01 -5.1639E-02  1.1912E-01  1.1549E+00  3.8927E-01  7.3122E-01  1.2120E+00  8.2426E-01  3.8774E-01  9.9329E-01
  8.0000E+00  1.6900E+02  0.0000E+00  1.6730E+00  0.0000E+00  0.0000E+00  2.0000E+00  1.6808E+00  3.0786E+00  4.8340E+01 -5.1639E-02  1.1912E-01  1.6171E+00  2.7760E-01  5.2262E-01  1.6730E+00  1.2860E+00  3.8699E-01  5.4505E-01
  8.0000E+00  1.7000E+02  0.0000E+00  1.7120E+00  0.0000E+00  0.0000E+00  2.0000E+00  1.6808E+00  3.0786E+00  4.8340E+01 -5.1639E-02  1.1912E-01  1.8185E+00 -4.7235E-01 -4.5959E-01  1.7120E+00  1.6561E+00  5.5852E-02 -5.9748E-01
  8.0000E+00  1.7200E+02  0.0000E+00  1.9300E+00  0.0000E+00  0.0000E+00  2.0000E+00  1.6808E+00  3.0786E+00  4.8340E+01 -5.1639E-02  1.1912E-01  1.6641E+00  1.2851E+00  1.2133E+00  1.9300E+00  1.6583E+00  2.7166E-01  1.2018E+00
  8.0000E+00  1.7600E+02  0.0000E+00  1.3330E+00  0.0000E+00  0.0000E+00  2.0000E+00  1.6808E+00  3.0786E+00  4.8340E+01 -5.1639E-02  1.1912E-01  1.2918E+00  2.5300E-01  2.4712E-01  1.3330E+00  1.3046E+00  2.8368E-02  3.1778E-01
  8.0000E+00  1.8000E+02  0.0000E+00  9.4500E-01  0.0000E+00  0.0000E+00  2.0000E+00  1.6808E+00  3.0786E+00  4.8340E+01 -5.1639E-02  1.1912E-01  1.0013E+00 -4.3739E-01 -3.9373E-01  9.4500E-01  1.0070E+00 -6.2033E-02 -3.1246E-01
  8.0000E+00  1.9200E+02  0.0000E+00  4.8700E-01  0.0000E+00  0.0000E+00  2.0000E+00  1.6808E+00  3.0786E+00  4.8340E+01 -5.1639E-02  1.1912E-01  4.6630E-01  2.9546E-01  3.6452E-01  4.8700E-01  4.6262E-01  2.4382E-02  2.6850E-01
  8.0000E+00  3.3600E+02  1.0000E+02  0.0000E+00  1.0000E+00  1.0000E+00  3.0000E+00  1.5753E+00  3.1978E+00  4.8340E+01 -1.3668E-02  5.4325E-02  3.4010E-05 -8.2975E-04  0.0000E+00  0.0000E+00  4.0864E-05  0.0000E+00  0.0000E+00
  8.0000E+00  3.3650E+02  0.0000E+00  1.0770E+00  0.0000E+00  0.0000E+00  3.0000E+00  1.5753E+00  3.1978E+00  4.8340E+01 -1.3668E-02  5.4325E-02  1.1068E+00 -2.1159E-01 -3.0453E-03  1.0770E+00  8.2426E-01  2.5274E-01  9.1965E-02
  8.0000E+00  3.3700E+02  0.0000E+00  1.7280E+00  0.0000E+00  0.0000E+00  3.0000E+00  1.5753E+00  3.1978E+00  4.8340E+01 -1.3668E-02  5.4325E-02  1.5743E+00  7.8318E-01  9.4417E-01  1.7280E+00  1.2860E+00  4.4199E-01  1.0508E+00
  8.0000E+00  3.3800E+02  0.0000E+00  1.7200E+00  0.0000E+00  0.0000E+00  3.0000E+00  1.5753E+00  3.1978E+00  4.8340E+01 -1.3668E-02  5.4325E-02  1.7993E+00 -3.5552E-01 -3.5809E-01  1.7200E+00  1.6561E+00  6.3852E-02 -4.5804E-01
  8.0000E+00  3.4000E+02  0.0000E+00  1.4910E+00  0.0000E+00  0.0000E+00  3.0000E+00  1.5753E+00  3.1978E+00  4.8340E+01 -1.3668E-02  5.4325E-02  1.6534E+00 -7.8961E-01 -8.5814E-01  1.4910E+00  1.6583E+00 -1.6734E-01 -8.3151E-01
  8.0000E+00  3.4400E+02  0.0000E+00  1.1830E+00  0.0000E+00  0.0000E+00  3.0000E+00  1.5753E+00  3.1978E+00  4.8340E+01 -1.3668E-02  5.4325E-02  1.2720E+00 -5.5508E-01 -5.5602E-01  1.1830E+00  1.3046E+00 -1.2163E-01 -4.5837E-01
  8.0000E+00  3.4800E+02  0.0000E+00  9.8900E-01  0.0000E+00  0.0000E+00  3.0000E+00  1.5753E+00  3.1978E+00  4.8340E+01 -1.3668E-02  5.4325E-02  9.7629E-01  1.0097E-01  1.5542E-01  9.8900E-01  1.0070E+00 -1.8033E-02  1.7409E-01
  8.0000E+00  3.6000E+02  0.0000E+00  4.7700E-01  0.0000E+00  0.0000E+00  3.0000E+00  1.5753E+00  3.1978E+00  4.8340E+01 -1.3668E-02  5.4325E-02  4.4139E-01  5.2645E-01  6.2092E-01  4.7700E-01  4.6262E-01  1.4382E-02  4.6711E-01
  9.0000E+00  0.0000E+00  1.0000E+02  0.0000E+00  1.0000E+00  1.0000E+00  1.0000E+00  1.7831E+00  2.3955E+00  6.0950E+01  3.9846E-02  1.8447E-01  0.0000E+00  0.0000E+00  0.0000E+00  0.0000E+00  0.0000E+00  0.0000E+00  0.0000E+00
  9.0000E+00  5.0000E-01  0.0000E+00  9.6900E-01  0.0000E+00  0.0000E+00  1.0000E+00  1.7831E+00  2.3955E+00  6.0950E+01  3.9846E-02  1.8447E-01  9.5715E-01  9.5828E-02  3.4438E-01  9.6900E-01  8.2422E-01  1.4478E-01  4.1338E-01
  9.0000E+00  1.0000E+00  0.0000E+00  1.4400E+00  0.0000E+00  0.0000E+00  1.0000E+00  1.7831E+00  2.3955E+00  6.0950E+01  3.9846E-02  1.8447E-01  1.3310E+00  6.5153E-01  6.6317E-01  1.4400E+00  1.2860E+00  1.5403E-01  6.3592E-01
  9.0000E+00  2.0000E+00  0.0000E+00  1.5510E+00  0.0000E+00  0.0000E+00  1.0000E+00  1.7831E+00  2.3955E+00  6.0950E+01  3.9846E-02  1.8447E-01  1.5034E+00  2.5328E-01 -7.2830E-02  1.5510E+00  1.6561E+00 -1.0511E-01 -9.6704E-02
  9.0000E+00  4.0000E+00  0.0000E+00  1.0460E+00  0.0000E+00  0.0000E+00  1.0000E+00  1.7831E+00  2.3955E+00  6.0950E+01  3.9846E-02  1.8447E-01  1.4323E+00 -2.1539E+00 -2.5304E+00  1.0460E+00  1.6583E+00 -6.1231E-01 -2.1098E+00
  9.0000E+00  8.0000E+00  0.0000E+00  1.1650E+00  0.0000E+00  0.0000E+00  1.0000E+00  1.7831E+00  2.3955E+00  6.0950E+01  3.9846E-02  1.8447E-01  1.2251E+00 -3.8780E-01 -5.7686E-01  1.1650E+00  1.3046E+00 -1.3961E-01 -4.3395E-01
  9.0000E+00  1.2000E+01  0.0000E+00  1.0400E+00  0.0000E+00  0.0000E+00  1.0000E+00  1.7831E+00  2.3955E+00  6.0950E+01  3.9846E-02  1.8447E-01  1.0468E+00 -5.0987E-02 -8.3841E-02  1.0400E+00  1.0070E+00  3.2986E-02 -5.0739E-02
  9.0000E+00  2.4000E+01  0.0000E+00  6.9000E-01  0.0000E+00  0.0000E+00  1.0000E+00  1.7831E+00  2.3955E+00  6.0950E+01  3.9846E-02  1.8447E-01  6.5320E-01  4.1094E-01  6.4926E-01  6.9000E-01  4.6261E-01  2.2739E-01  7.6106E-01
  9.0000E+00  1.6800E+02  1.0000E+02  0.0000E+00  1.0000E+00  1.0000E+00  2.0000E+00  1.2335E+00  2.0524E+00  6.0950E+01 -1.1476E-01 -1.8405E-01  5.1187E-03 -1.2487E-01  0.0000E+00  0.0000E+00  4.0863E-05  0.0000E+00  0.0000E+00
  9.0000E+00  1.6850E+02  0.0000E+00  7.2700E-01  0.0000E+00  0.0000E+00  2.0000E+00  1.2335E+00  2.0524E+00  6.0950E+01 -1.1476E-01 -1.8405E-01  7.5328E-01 -2.6133E-01 -4.9571E-01  7.2700E-01  8.2426E-01 -9.7260E-02 -4.5499E-01
  9.0000E+00  1.6900E+02  0.0000E+00  1.1430E+00  0.0000E+00  0.0000E+00  2.0000E+00  1.2335E+00  2.0524E+00  6.0950E+01 -1.1476E-01 -1.8405E-01  1.1445E+00 -1.0529E-02 -3.1122E-01  1.1430E+00  1.2860E+00 -1.4301E-01 -2.7086E-01
  9.0000E+00  1.7000E+02  0.0000E+00  1.5350E+00  0.0000E+00  0.0000E+00  2.0000E+00  1.2335E+00  2.0524E+00  6.0950E+01 -1.1476E-01 -1.8405E-01  1.4386E+00  5.3549E-01  1.8091E-01  1.5350E+00  1.6561E+00 -1.2115E-01  1.8186E-01
  9.0000E+00  1.7200E+02  0.0000E+00  1.3080E+00  0.0000E+00  0.0000E+00  2.0000E+00  1.2335E+00  2.0524E+00  6.0950E+01 -1.1476E-01 -1.8405E-01  1.4665E+00 -8.6435E-01 -1.1602E+00  1.3080E+00  1.6583E+00 -3.5034E-01 -9.5868E-01
  9.0000E+00  1.7600E+02  0.0000E+00  1.4020E+00  0.0000E+00  0.0000E+00  2.0000E+00  1.2335E+00  2.0524E+00  6.0950E+01 -1.1476E-01 -1.8405E-01  1.2922E+00  6.7436E-01  6.1004E-01  1.4020E+00  1.3046E+00  9.7368E-02  5.6148E-01
  9.0000E+00  1.8000E+02  0.0000E+00  1.0440E+00  0.0000E+00  0.0000E+00  2.0000E+00  1.2335E+00  2.0524E+00  6.0950E+01 -1.1476E-01 -1.8405E-01  1.1295E+00 -5.9500E-01 -4.5796E-01  1.0440E+00  1.0070E+00  3.6967E-02 -6.0076E-01
  9.0000E+00  1.9200E+02  0.0000E+00  8.4400E-01  0.0000E+00  0.0000E+00  2.0000E+00  1.2335E+00  2.0524E+00  6.0950E+01 -1.1476E-01 -1.8405E-01  7.5402E-01  8.9408E-01  1.4173E+00  8.4400E-01  4.6262E-01  3.8138E-01  1.6461E+00
  9.0000E+00  3.3600E+02  1.0000E+02  0.0000E+00  1.0000E+00  1.0000E+00  3.0000E+00  1.7933E+00  2.4088E+00  6.0950E+01  4.5350E-02  1.9020E-01  2.5459E-03 -6.2111E-02  0.0000E+00  0.0000E+00  4.0864E-05  0.0000E+00  0.0000E+00
  9.0000E+00  3.3650E+02  0.0000E+00  1.0750E+00  0.0000E+00  0.0000E+00  3.0000E+00  1.7933E+00  2.4088E+00  6.0950E+01  4.5350E-02  1.9020E-01  9.6298E-01  9.0097E-01  1.2769E+00  1.0750E+00  8.2426E-01  2.5074E-01  1.4360E+00
  9.0000E+00  3.3700E+02  0.0000E+00  1.2010E+00  0.0000E+00  0.0000E+00  3.0000E+00  1.7933E+00  2.4088E+00  6.0950E+01  4.5350E-02  1.9020E-01  1.3359E+00 -8.0359E-01 -7.1806E-01  1.2010E+00  1.2860E+00 -8.5006E-02 -6.8465E-01
  9.0000E+00  3.3800E+02  0.0000E+00  1.5940E+00  0.0000E+00  0.0000E+00  3.0000E+00  1.7933E+00  2.4088E+00  6.0950E+01  4.5350E-02  1.9020E-01  1.5061E+00  4.6745E-01  1.5768E-01  1.5940E+00  1.6561E+00 -6.2148E-02  1.3754E-01
  9.0000E+00  3.4000E+02  0.0000E+00  1.5040E+00  0.0000E+00  0.0000E+00  3.0000E+00  1.7933E+00  2.4088E+00  6.0950E+01  4.5350E-02  1.9020E-01  1.4332E+00  3.9426E-01  3.0234E-03  1.5040E+00  1.6583E+00 -1.5434E-01  4.0841E-02
  9.0000E+00  3.4400E+02  0.0000E+00  1.2420E+00  0.0000E+00  0.0000E+00  3.0000E+00  1.7933E+00  2.4088E+00  6.0950E+01  4.5350E-02  1.9020E-01  1.2248E+00  1.1125E-01 -1.1917E-01  1.2420E+00  1.3046E+00 -6.2632E-02 -6.5944E-02
  9.0000E+00  3.4800E+02  0.0000E+00  1.1720E+00  0.0000E+00  0.0000E+00  3.0000E+00  1.7933E+00  2.4088E+00  6.0950E+01  4.5350E-02  1.9020E-01  1.0457E+00  9.4336E-01  8.4497E-01  1.1720E+00  1.0070E+00  1.6497E-01  7.8240E-01
  9.0000E+00  3.6000E+02  0.0000E+00  5.8700E-01  0.0000E+00  0.0000E+00  3.0000E+00  1.7933E+00  2.4088E+00  6.0950E+01  4.5350E-02  1.9020E-01  6.5079E-01 -7.1440E-01 -5.9692E-01  5.8700E-01  4.6262E-01  1.2438E-01 -6.5407E-01
  1.0000E+01  0.0000E+00  1.0000E+02  0.0000E+00  1.0000E+00  1.0000E+00  1.0000E+00  1.4748E+00  1.6921E+00  4.9445E+01  7.5052E-02  1.0258E-01  0.0000E+00  0.0000E+00  0.0000E+00  0.0000E+00  0.0000E+00  0.0000E+00  0.0000E+00
  1.0000E+01  5.0000E-01  0.0000E+00  1.0220E+00  0.0000E+00  0.0000E+00  1.0000E+00  1.4748E+00  1.6921E+00  4.9445E+01  7.5052E-02  1.0258E-01  1.0449E+00 -1.7151E-01 -5.9740E-02  1.0220E+00  8.2422E-01  1.9778E-01 -2.3863E-01
  1.0000E+01  1.0000E+00  0.0000E+00  1.5940E+00  0.0000E+00  0.0000E+00  1.0000E+00  1.4748E+00  1.6921E+00  4.9445E+01  7.5052E-02  1.0258E-01  1.5271E+00  3.5112E-01  4.2578E-01  1.5940E+00  1.2860E+00  3.0803E-01  3.7289E-01
  1.0000E+01  2.0000E+00  0.0000E+00  2.0820E+00  0.0000E+00  0.0000E+00  1.0000E+00  1.4748E+00  1.6921E+00  4.9445E+01  7.5052E-02  1.0258E-01  1.8251E+00  1.1355E+00  1.0789E+00  2.0820E+00  1.6561E+00  4.2589E-01  1.1994E+00
  1.0000E+01  4.0000E+00  0.0000E+00  1.9000E+00  0.0000E+00  0.0000E+00  1.0000E+00  1.4748E+00  1.6921E+00  4.9445E+01  7.5052E-02  1.0258E-01  1.8000E+00  4.4824E-01  3.6378E-01  1.9000E+00  1.6583E+00  2.4169E-01  5.8362E-01
  1.0000E+01  8.0000E+00  0.0000E+00  1.3910E+00  0.0000E+00  0.0000E+00  1.0000E+00  1.4748E+00  1.6921E+00  4.9445E+01  7.5052E-02  1.0258E-01  1.5746E+00 -9.3556E-01 -8.8240E-01  1.3910E+00  1.3046E+00  8.6392E-02 -9.0403E-01
  1.0000E+01  1.2000E+01  0.0000E+00  1.2160E+00  0.0000E+00  0.0000E+00  1.0000E+00  1.4748E+00  1.6921E+00  4.9445E+01  7.5052E-02  1.0258E-01  1.3732E+00 -9.1215E-01 -7.3988E-01  1.2160E+00  1.0070E+00  2.0899E-01 -9.5993E-01
  1.0000E+01  2.4000E+01  0.0000E+00  9.5500E-01  0.0000E+00  0.0000E+00  1.0000E+00  1.4748E+00  1.6921E+00  4.9445E+01  7.5052E-02  1.0258E-01  9.1072E-01  3.7418E-01  7.4901E-01  9.5500E-01  4.6261E-01  4.9239E-01  1.1399E+00
  1.0000E+01  1.6800E+02  1.0000E+02  0.0000E+00  1.0000E+00  1.0000E+00  2.0000E+00  1.4768E+00  1.3341E+00  4.9445E+01 -1.6263E-01  1.0393E-01  1.8706E-02 -4.5568E-01  0.0000E+00  0.0000E+00  4.0863E-05  0.0000E+00  0.0000E+00
  1.0000E+01  1.6850E+02  0.0000E+00  1.1450E+00  0.0000E+00  0.0000E+00  2.0000E+00  1.4768E+00  1.3341E+00  4.9445E+01 -1.6263E-01  1.0393E-01  1.0665E+00  5.7606E-01  8.4540E-01  1.1450E+00  8.2426E-01  3.2074E-01  9.4376E-01
  1.0000E+01  1.6900E+02  0.0000E+00  1.5190E+00  0.0000E+00  0.0000E+00  2.0000E+00  1.4768E+00  1.3341E+00  4.9445E+01 -1.6263E-01  1.0393E-01  1.5530E+00 -1.7560E-01  4.0736E-02  1.5190E+00  1.2860E+00  2.3299E-01  1.1442E-02
  1.0000E+01  1.7000E+02  0.0000E+00  1.7940E+00  0.0000E+00  0.0000E+00  2.0000E+00  1.4768E+00  1.3341E+00  4.9445E+01 -1.6263E-01  1.0393E-01  1.8622E+00 -2.9553E-01 -2.1518E-01  1.7940E+00  1.6561E+00  1.3785E-01 -1.8428E-01
  1.0000E+01  1.7200E+02  0.0000E+00  1.6120E+00  0.0000E+00  0.0000E+00  2.0000E+00  1.4768E+00  1.3341E+00  4.9445E+01 -1.6263E-01  1.0393E-01  1.8605E+00 -1.0784E+00 -9.9575E-01  1.6120E+00  1.6583E+00 -4.6342E-02 -9.7229E-01
  1.0000E+01  1.7600E+02  0.0000E+00  1.4070E+00  0.0000E+00  0.0000E+00  2.0000E+00  1.4768E+00  1.3341E+00  4.9445E+01 -1.6263E-01  1.0393E-01  1.6752E+00 -1.2877E+00 -9.8424E-01  1.4070E+00  1.3046E+00  1.0237E-01 -1.2879E+00
  1.0000E+01  1.8000E+02  0.0000E+00  1.3550E+00  0.0000E+00  0.0000E+00  2.0000E+00  1.4768E+00  1.3341E+00  4.9445E+01 -1.6263E-01  1.0393E-01  1.5038E+00 -7.9232E-01 -2.8461E-01  1.3550E+00  1.0070E+00  3.4797E-01 -7.3815E-01
  1.0000E+01  1.9200E+02  0.0000E+00  1.3380E+00  0.0000E+00  0.0000E+00  2.0000E+00  1.4768E+00  1.3341E+00  4.9445E+01 -1.6263E-01  1.0393E-01  1.0879E+00  1.8021E+00  2.7556E+00  1.3380E+00  4.6262E-01  8.7538E-01  4.2701E+00
  1.0000E+01  3.3600E+02  1.0000E+02  0.0000E+00  1.0000E+00  1.0000E+00  3.0000E+00  1.2346E+00  1.6047E+00  4.9445E+01  2.2010E-02 -7.5201E-02  1.0162E-02 -2.4782E-01  0.0000E+00  0.0000E+00  4.0864E-05  0.0000E+00  0.0000E+00
  1.0000E+01  3.3650E+02  0.0000E+00  8.9400E-01  0.0000E+00  0.0000E+00  3.0000E+00  1.2346E+00  1.6047E+00  4.9445E+01  2.2010E-02 -7.5201E-02  9.3326E-01 -3.2472E-01 -4.1707E-01  8.9400E-01  8.2426E-01  6.9740E-02 -5.2573E-01
  1.0000E+01  3.3700E+02  0.0000E+00  1.5130E+00  0.0000E+00  0.0000E+00  3.0000E+00  1.2346E+00  1.6047E+00  4.9445E+01  2.2010E-02 -7.5201E-02  1.4163E+00  5.4527E-01  4.5640E-01  1.5130E+00  1.2860E+00  2.2699E-01  4.6819E-01
  1.0000E+01  3.3800E+02  0.0000E+00  1.7050E+00  0.0000E+00  0.0000E+00  3.0000E+00  1.2346E+00  1.6047E+00  4.9445E+01  2.2010E-02 -7.5201E-02  1.7802E+00 -3.4063E-01 -4.2990E-01  1.7050E+00  1.6561E+00  4.8852E-02 -3.4101E-01
  1.0000E+01  3.4000E+02  0.0000E+00  2.3470E+00  0.0000E+00  0.0000E+00  3.0000E+00  1.2346E+00  1.6047E+00  4.9445E+01  2.2010E-02 -7.5201E-02  1.8182E+00  2.3460E+00  2.3093E+00  2.3470E+00  1.6583E+00  6.8866E-01  2.6513E+00
  1.0000E+01  3.4400E+02  0.0000E+00  1.3700E+00  0.0000E+00  0.0000E+00  3.0000E+00  1.2346E+00  1.6047E+00  4.9445E+01  2.2010E-02 -7.5201E-02  1.6099E+00 -1.1965E+00 -1.0800E+00  1.3700E+00  1.3046E+00  6.5368E-02 -1.2784E+00
  1.0000E+01  3.4800E+02  0.0000E+00  1.5710E+00  0.0000E+00  0.0000E+00  3.0000E+00  1.2346E+00  1.6047E+00  4.9445E+01  2.2010E-02 -7.5201E-02  1.4140E+00  8.8643E-01  1.1311E+00  1.5710E+00  1.0070E+00  5.6397E-01  1.2353E+00
  1.0000E+01  3.6000E+02  0.0000E+00  8.9200E-01  0.0000E+00  0.0000E+00  3.0000E+00  1.2346E+00  1.6047E+00  4.9445E+01  2.2010E-02 -7.5201E-02  9.5786E-01 -5.3227E-01 -5.8267E-02  8.9200E-01  4.6262E-01  4.2938E-01 -1.9351E-01
  1.1000E+01  0.0000E+00  1.0000E+02  0.0000E+00  1.0000E+00  1.0000E+00  1.0000E+00  1.9776E+00  1.5030E+00  6.8355E+01 -6.0824E-02  3.7499E-01  0.0000E+00  0.0000E+00  0.0000E+00  0.0000E+00  0.0000E+00  0.0000E+00  0.0000E+00
  1.1000E+01  5.0000E-01  0.0000E+00  9.0100E-01  0.0000E+00  0.0000E+00  1.0000E+00  1.9776E+00  1.5030E+00  6.8355E+01 -6.0824E-02  3.7499E-01  9.1285E-01 -9.9945E-02  2.6014E-01  9.0100E-01  8.2422E-01  7.6780E-02  1.4090E-01
  1.1000E+01  1.0000E+00  0.0000E+00  1.5200E+00  0.0000E+00  0.0000E+00  1.0000E+00  1.9776E+00  1.5030E+00  6.8355E+01 -6.0824E-02  3.7499E-01  1.2425E+00  1.7688E+00  1.6864E+00  1.5200E+00  1.2860E+00  2.3403E-01  1.5351E+00
  1.1000E+01  2.0000E+00  0.0000E+00  1.3770E+00  0.0000E+00  0.0000E+00  1.0000E+00  1.9776E+00  1.5030E+00  6.8355E+01 -6.0824E-02  3.7499E-01  1.3874E+00 -5.9811E-02 -6.2193E-01  1.3770E+00  1.6561E+00 -2.7911E-01 -4.3573E-01
  1.1000E+01  4.0000E+00  0.0000E+00  1.1790E+00  0.0000E+00  0.0000E+00  1.0000E+00  1.9776E+00  1.5030E+00  6.8355E+01 -6.0824E-02  3.7499E-01  1.3543E+00 -1.0306E+00 -1.6231E+00  1.1790E+00  1.6583E+00 -4.7931E-01 -1.1308E+00
  1.1000E+01  8.0000E+00  0.0000E+00  1.3640E+00  0.0000E+00  0.0000E+00  1.0000E+00  1.9776E+00  1.5030E+00  6.8355E+01 -6.0824E-02  3.7499E-01  1.2408E+00  7.8646E-01  4.6038E-01  1.3640E+00  1.3046E+00  5.9392E-02  4.7996E-01
  1.1000E+01  1.2000E+01  0.0000E+00  1.1060E+00  0.0000E+00  0.0000E+00  1.0000E+00  1.9776E+00  1.5030E+00  6.8355E+01 -6.0824E-02  3.7499E-01  1.1363E+00 -2.0973E-01 -2.9300E-01  1.1060E+00  1.0070E+00  9.8986E-02 -4.8855E-01
  1.1000E+01  2.4000E+01  0.0000E+00  9.4400E-01  0.0000E+00  0.0000E+00  1.0000E+00  1.9776E+00  1.5030E+00  6.8355E+01 -6.0824E-02  3.7499E-01  8.7277E-01  6.2480E-01  1.1020E+00  9.4400E-01  4.6261E-01  4.8139E-01  1.3540E+00
  1.1000E+01  1.6800E+02  1.0000E+02  0.0000E+00  1.0000E+00  1.0000E+00  2.0000E+00  1.2627E+00  1.5233E+00  6.8355E+01 -4.7412E-02 -7.3619E-02  3.5255E-02 -8.5544E-01  0.0000E+00  0.0000E+00  4.0863E-05  0.0000E+00  0.0000E+00
  1.1000E+01  1.6850E+02  0.0000E+00  6.5400E-01  0.0000E+00  0.0000E+00  2.0000E+00  1.2627E+00  1.5233E+00  6.8355E+01 -4.7412E-02 -7.3619E-02  7.1552E-01 -6.3839E-01 -6.5788E-01  6.5400E-01  8.2426E-01 -1.7026E-01 -7.3345E-01
  1.1000E+01  1.6900E+02  0.0000E+00  1.1930E+00  0.0000E+00  0.0000E+00  2.0000E+00  1.2627E+00  1.5233E+00  6.8355E+01 -4.7412E-02 -7.3619E-02  1.0696E+00  9.0281E-01  7.1142E-01  1.1930E+00  1.2860E+00 -9.3006E-02  4.9523E-01
  1.1000E+01  1.7000E+02  0.0000E+00  1.3200E+00  0.0000E+00  0.0000E+00  2.0000E+00  1.2627E+00  1.5233E+00  6.8355E+01 -4.7412E-02 -7.3619E-02  1.3389E+00 -1.1207E-01 -4.6065E-01  1.3200E+00  1.6561E+00 -3.3615E-01 -2.8699E-01
  1.1000E+01  1.7200E+02  0.0000E+00  1.1570E+00  0.0000E+00  0.0000E+00  2.0000E+00  1.2627E+00  1.5233E+00  6.8355E+01 -4.7412E-02 -7.3619E-02  1.3849E+00 -1.3121E+00 -1.6489E+00  1.1570E+00  1.6583E+00 -5.0134E-01 -1.1990E+00
  1.1000E+01  1.7600E+02  0.0000E+00  1.1210E+00  0.0000E+00  0.0000E+00  2.0000E+00  1.2627E+00  1.5233E+00  6.8355E+01 -4.7412E-02 -7.3619E-02  1.2755E+00 -9.6080E-01 -1.0486E+00  1.1210E+00  1.3046E+00 -1.8363E-01 -1.0258E+00
  1.1000E+01  1.8000E+02  0.0000E+00  1.0910E+00  0.0000E+00  0.0000E+00  2.0000E+00  1.2627E+00  1.5233E+00  6.8355E+01 -4.7412E-02 -7.3619E-02  1.1668E+00 -5.1187E-01 -3.6126E-01  1.0910E+00  1.0070E+00  8.3967E-02 -6.7961E-01
  1.1000E+01  1.9200E+02  0.0000E+00  1.0510E+00  0.0000E+00  0.0000E+00  2.0000E+00  1.2627E+00  1.5233E+00  6.8355E+01 -4.7412E-02 -7.3619E-02  8.9298E-01  1.3586E+00  2.0585E+00  1.0510E+00  4.6262E-01  5.8838E-01  2.5737E+00
  1.1000E+01  3.3600E+02  1.0000E+02  0.0000E+00  1.0000E+00  1.0000E+00  3.0000E+00  1.1599E+00  1.6696E+00  6.8355E+01  4.4301E-02 -1.5854E-01  2.6503E-02 -6.4461E-01  0.0000E+00  0.0000E+00  4.0864E-05  0.0000E+00  0.0000E+00
  1.1000E+01  3.3650E+02  0.0000E+00  6.5800E-01  0.0000E+00  0.0000E+00  3.0000E+00  1.1599E+00  1.6696E+00  6.8355E+01  4.4301E-02 -1.5854E-01  6.6570E-01 -8.4728E-02 -2.6536E-01  6.5800E-01  8.2426E-01 -1.6626E-01 -3.7800E-01
  1.1000E+01  3.3700E+02  0.0000E+00  9.9500E-01  0.0000E+00  0.0000E+00  3.0000E+00  1.1599E+00  1.6696E+00  6.8355E+01  4.4301E-02 -1.5854E-01  1.0157E+00 -1.5874E-01 -4.9364E-01  9.9500E-01  1.2860E+00 -2.9101E-01 -4.3071E-01
  1.1000E+01  3.3800E+02  0.0000E+00  1.3670E+00  0.0000E+00  0.0000E+00  3.0000E+00  1.1599E+00  1.6696E+00  6.8355E+01  4.4301E-02 -1.5854E-01  1.3015E+00  3.9961E-01 -5.6908E-02  1.3670E+00  1.6561E+00 -2.8915E-01  6.4509E-02
  1.1000E+01  3.4000E+02  0.0000E+00  1.2380E+00  0.0000E+00  0.0000E+00  3.0000E+00  1.1599E+00  1.6696E+00  6.8355E+01  4.4301E-02 -1.5854E-01  1.3649E+00 -7.4065E-01 -1.1706E+00  1.2380E+00  1.6583E+00 -4.2034E-01 -7.5798E-01
  1.1000E+01  3.4400E+02  0.0000E+00  1.2700E+00  0.0000E+00  0.0000E+00  3.0000E+00  1.1599E+00  1.6696E+00  6.8355E+01  4.4301E-02 -1.5854E-01  1.2508E+00  1.2150E-01 -7.9981E-02  1.2700E+00  1.3046E+00 -3.4632E-02 -5.3882E-02
  1.1000E+01  3.4800E+02  0.0000E+00  1.1400E+00  0.0000E+00  0.0000E+00  3.0000E+00  1.1599E+00  1.6696E+00  6.8355E+01  4.4301E-02 -1.5854E-01  1.1345E+00  3.8034E-02  4.9954E-02  1.1400E+00  1.0070E+00  1.3297E-01 -1.4292E-01
  1.1000E+01  3.6000E+02  0.0000E+00  8.5600E-01  0.0000E+00  0.0000E+00  3.0000E+00  1.1599E+00  1.6696E+00  6.8355E+01  4.4301E-02 -1.5854E-01  8.4628E-01  8.7551E-02  5.6425E-01  8.5600E-01  4.6262E-01  3.9338E-01  6.2491E-01
  1.2000E+01  0.0000E+00  1.0000E+02  0.0000E+00  1.0000E+00  1.0000E+00  1.0000E+00  1.4331E+00  5.6718E+00  5.8697E+01  2.5459E-02 -2.0102E-01  0.0000E+00  0.0000E+00  0.0000E+00  0.0000E+00  0.0000E+00  0.0000E+00  0.0000E+00
  1.2000E+01  5.0000E-01  0.0000E+00  9.6000E-01  0.0000E+00  0.0000E+00  1.0000E+00  1.4331E+00  5.6718E+00  5.8697E+01  2.5459E-02 -2.0102E-01  8.4839E-01  1.0033E+00  1.2426E+00  9.6000E-01  8.2422E-01  1.3578E-01  1.4636E+00
  1.2000E+01  1.0000E+00  0.0000E+00  8.7500E-01  0.0000E+00  0.0000E+00  1.0000E+00  1.4331E+00  5.6718E+00  5.8697E+01  2.5459E-02 -2.0102E-01  1.2228E+00 -2.2497E+00 -2.2164E+00  8.7500E-01  1.2860E+00 -4.1097E-01 -1.7574E+00
  1.2000E+01  2.0000E+00  0.0000E+00  1.1770E+00  0.0000E+00  0.0000E+00  1.0000E+00  1.4331E+00  5.6718E+00  5.8697E+01  2.5459E-02 -2.0102E-01  1.4018E+00 -1.2795E+00 -1.5515E+00  1.1770E+00  1.6561E+00 -4.7911E-01 -1.1022E+00
  1.2000E+01  4.0000E+00  0.0000E+00  8.7400E-01  0.0000E+00  0.0000E+00  1.0000E+00  1.4331E+00  5.6718E+00  5.8697E+01  2.5459E-02 -2.0102E-01  1.2353E+00 -2.3151E+00 -2.7158E+00  8.7400E-01  1.6583E+00 -7.8431E-01 -1.9591E+00
  1.2000E+01  8.0000E+00  0.0000E+00  8.5500E-01  0.0000E+00  0.0000E+00  1.0000E+00  1.4331E+00  5.6718E+00  5.8697E+01  2.5459E-02 -2.0102E-01  8.4328E-01  1.0592E-01 -1.6552E-01  8.5500E-01  1.3046E+00 -4.4961E-01 -2.4135E-01
  1.2000E+01  1.2000E+01  0.0000E+00  6.6400E-01  0.0000E+00  0.0000E+00  1.0000E+00  1.4331E+00  5.6718E+00  5.8697E+01  2.5459E-02 -2.0102E-01  5.7295E-01  1.1243E+00  9.7362E-01  6.6400E-01  1.0070E+00 -3.4301E-01  3.2355E-01
  1.2000E+01  2.4000E+01  0.0000E+00  1.6500E-01  0.0000E+00  0.0000E+00  1.0000E+00  1.4331E+00  5.6718E+00  5.8697E+01  2.5459E-02 -2.0102E-01  1.7970E-01 -3.1622E-01 -3.1836E-01  1.6500E-01  4.6261E-01 -2.9761E-01 -3.3831E-01
  1.2000E+01  1.6800E+02  1.0000E+02  0.0000E+00  1.0000E+00  1.0000E+00  2.0000E+00  2.8134E+00  4.5629E+00  5.8697E+01 -1.9208E-01  4.7354E-01  2.4715E-06 -6.0298E-05  0.0000E+00  0.0000E+00  4.0863E-05  0.0000E+00  0.0000E+00
  1.2000E+01  1.6850E+02  0.0000E+00  1.4820E+00  0.0000E+00  0.0000E+00  2.0000E+00  2.8134E+00  4.5629E+00  5.8697E+01 -1.9208E-01  4.7354E-01  1.2561E+00  1.4250E+00  2.3123E+00  1.4820E+00  8.2426E-01  6.5774E-01  3.1770E+00
  1.2000E+01  1.6900E+02  0.0000E+00  1.5170E+00  0.0000E+00  0.0000E+00  2.0000E+00  2.8134E+00  4.5629E+00  5.8697E+01 -1.9208E-01  4.7354E-01  1.5159E+00  5.7054E-03  1.1958E-01  1.5170E+00  1.2860E+00  2.3099E-01  3.2608E-02
  1.2000E+01  1.7000E+02  0.0000E+00  1.4890E+00  0.0000E+00  0.0000E+00  2.0000E+00  2.8134E+00  4.5629E+00  5.8697E+01 -1.9208E-01  4.7354E-01  1.4935E+00 -2.4076E-02 -3.9795E-01  1.4890E+00  1.6561E+00 -1.6715E-01 -6.1647E-01
  1.2000E+01  1.7200E+02  0.0000E+00  1.4010E+00  0.0000E+00  0.0000E+00  2.0000E+00  2.8134E+00  4.5629E+00  5.8697E+01 -1.9208E-01  4.7354E-01  1.2838E+00  7.2437E-01  4.1403E-01  1.4010E+00  1.6583E+00 -2.5734E-01  3.2217E-01
  1.2000E+01  1.7600E+02  0.0000E+00  1.0780E+00  0.0000E+00  0.0000E+00  2.0000E+00  2.8134E+00  4.5629E+00  5.8697E+01 -1.9208E-01  4.7354E-01  9.4074E-01  1.1272E+00  1.0314E+00  1.0780E+00  1.3046E+00 -2.2663E-01  8.8270E-01
  1.2000E+01  1.8000E+02  0.0000E+00  7.0700E-01  0.0000E+00  0.0000E+00  2.0000E+00  2.8134E+00  4.5629E+00  5.8697E+01 -1.9208E-01  4.7354E-01  6.8932E-01  1.8906E-01  2.2764E-01  7.0700E-01  1.0070E+00 -3.0003E-01  2.2210E-01
  1.2000E+01  1.9200E+02  0.0000E+00  2.6700E-01  0.0000E+00  0.0000E+00  2.0000E+00  2.8134E+00  4.5629E+00  5.8697E+01 -1.9208E-01  4.7354E-01  2.7120E-01 -7.9791E-02  5.1634E-02  2.6700E-01  4.6262E-01 -1.9562E-01 -9.0643E-02
  1.2000E+01  3.3600E+02  1.0000E+02  0.0000E+00  1.0000E+00  1.0000E+00  3.0000E+00  1.7696E+00  6.8862E+00  5.8697E+01  2.1948E-01  9.8801E-03  1.2485E-08 -3.0461E-07  0.0000E+00  0.0000E+00  4.0864E-05  0.0000E+00  0.0000E+00
  1.2000E+01  3.3650E+02  0.0000E+00  9.6400E-01  0.0000E+00  0.0000E+00  3.0000E+00  1.7696E+00  6.8862E+00  5.8697E+01  2.1948E-01  9.8801E-03  9.6748E-01 -2.7865E-02  1.8551E-01  9.6400E-01  8.2426E-01  1.3974E-01  3.4440E-01
  1.2000E+01  3.3700E+02  0.0000E+00  1.3470E+00  0.0000E+00  0.0000E+00  3.0000E+00  1.7696E+00  6.8862E+00  5.8697E+01  2.1948E-01  9.8801E-03  1.3117E+00  2.1366E-01  1.5849E-01  1.3470E+00  1.2860E+00  6.0994E-02  1.9276E-01
  1.2000E+01  3.3800E+02  0.0000E+00  1.4110E+00  0.0000E+00  0.0000E+00  3.0000E+00  1.7696E+00  6.8862E+00  5.8697E+01  2.1948E-01  9.8801E-03  1.3900E+00  1.2018E-01 -3.6523E-01  1.4110E+00  1.6561E+00 -2.4515E-01 -3.6142E-01
  1.2000E+01  3.4000E+02  0.0000E+00  1.1670E+00  0.0000E+00  0.0000E+00  3.0000E+00  1.7696E+00  6.8862E+00  5.8697E+01  2.1948E-01  9.8801E-03  1.1397E+00  1.8852E-01 -5.3148E-01  1.1670E+00  1.6583E+00 -4.9134E-01 -5.0860E-01
  1.2000E+01  3.4400E+02  0.0000E+00  6.6300E-01  0.0000E+00  0.0000E+00  3.0000E+00  1.7696E+00  6.8862E+00  5.8697E+01  2.1948E-01  9.8801E-03  7.1379E-01 -5.2809E-01 -1.2947E+00  6.6300E-01  1.3046E+00 -6.4163E-01 -1.0771E+00
  1.2000E+01  3.4800E+02  0.0000E+00  4.1100E-01  0.0000E+00  0.0000E+00  3.0000E+00  1.7696E+00  6.8862E+00  5.8697E+01  2.1948E-01  9.8801E-03  4.4645E-01 -5.2028E-01 -1.2329E+00  4.1100E-01  1.0070E+00 -5.9603E-01 -1.0824E+00
  1.2000E+01  3.6000E+02  0.0000E+00  1.2300E-01  0.0000E+00  0.0000E+00  3.0000E+00  1.7696E+00  6.8862E+00  5.8697E+01  2.1948E-01  9.8801E-03  1.0923E-01  3.1940E-01 -4.5614E-02  1.2300E-01  4.6262E-01 -3.3962E-01 -1.6932E-01
  1.3000E+01  0.0000E+00  1.0000E+02  0.0000E+00  1.0000E+00  1.0000E+00  1.0000E+00  1.2094E+00  2.3807E+00  4.9200E+01 -7.0962E-02 -1.8440E-01  0.0000E+00  0.0000E+00  0.0000E+00  0.0000E+00  0.0000E+00  0.0000E+00  0.0000E+00
  1.3000E+01  5.0000E-01  0.0000E+00  9.6200E-01  0.0000E+00  0.0000E+00  1.0000E+00  1.2094E+00  2.3807E+00  4.9200E+01 -7.0962E-02 -1.8440E-01  9.1013E-01  4.3860E-01  3.8250E-01  9.6200E-01  8.2422E-01  1.3778E-01  3.6003E-01
  1.3000E+01  1.0000E+00  0.0000E+00  1.1890E+00  0.0000E+00  0.0000E+00  1.0000E+00  1.2094E+00  2.3807E+00  4.9200E+01 -7.0962E-02 -1.8440E-01  1.3855E+00 -1.1307E+00 -1.2059E+00  1.1890E+00  1.2860E+00 -9.6967E-02 -1.2256E+00
  1.3000E+01  2.0000E+00  0.0000E+00  1.8510E+00  0.0000E+00  0.0000E+00  1.0000E+00  1.2094E+00  2.3807E+00  4.9200E+01 -7.0962E-02 -1.8440E-01  1.7335E+00  5.4612E-01  4.4966E-01  1.8510E+00  1.6561E+00  1.9489E-01  5.2408E-01
  1.3000E+01  4.0000E+00  0.0000E+00  1.6640E+00  0.0000E+00  0.0000E+00  1.0000E+00  1.2094E+00  2.3807E+00  4.9200E+01 -7.0962E-02 -1.8440E-01  1.7279E+00 -2.9768E-01 -3.6556E-01  1.6640E+00  1.6583E+00  5.6893E-03 -2.5607E-01
  1.3000E+01  8.0000E+00  0.0000E+00  1.4110E+00  0.0000E+00  0.0000E+00  1.0000E+00  1.2094E+00  2.3807E+00  4.9200E+01 -7.0962E-02 -1.8440E-01  1.4375E+00 -1.4728E-01 -9.7160E-02  1.4110E+00  1.3046E+00  1.0639E-01 -4.7517E-02
  1.3000E+01  1.2000E+01  0.0000E+00  1.3460E+00  0.0000E+00  0.0000E+00  1.0000E+00  1.2094E+00  2.3807E+00  4.9200E+01 -7.0962E-02 -1.8440E-01  1.1846E+00  1.0749E+00  1.2179E+00  1.3460E+00  1.0070E+00  3.3899E-01  1.2723E+00
  1.3000E+01  2.4000E+01  0.0000E+00  6.5900E-01  0.0000E+00  0.0000E+00  1.0000E+00  1.2094E+00  2.3807E+00  4.9200E+01 -7.0962E-02 -1.8440E-01  6.6284E-01 -4.2389E-02  2.1896E-01  6.5900E-01  4.6261E-01  1.9639E-01  8.3786E-02
  1.3000E+01  1.6800E+02  1.0000E+02  0.0000E+00  1.0000E+00  1.0000E+00  2.0000E+00  2.1037E+00  2.5293E+00  4.9200E+01 -1.0431E-02  3.6916E-01  4.0403E-04 -9.8574E-03  0.0000E+00  0.0000E+00  4.0863E-05  0.0000E+00  0.0000E+00
  1.3000E+01  1.6850E+02  0.0000E+00  1.4440E+00  0.0000E+00  0.0000E+00  2.0000E+00  2.1037E+00  2.5293E+00  4.9200E+01 -1.0431E-02  3.6916E-01  1.3032E+00  8.5793E-01  1.5802E+00  1.4440E+00  8.2426E-01  6.1974E-01  2.0422E+00
  1.3000E+01  1.6900E+02  0.0000E+00  1.7000E+00  0.0000E+00  0.0000E+00  2.0000E+00  2.1037E+00  2.5293E+00  4.9200E+01 -1.0431E-02  3.6916E-01  1.7252E+00 -1.1781E-01  2.6136E-01  1.7000E+00  1.2860E+00  4.1399E-01  5.1166E-02
  1.3000E+01  1.7000E+02  0.0000E+00  2.0880E+00  0.0000E+00  0.0000E+00  2.0000E+00  2.1037E+00  2.5293E+00  4.9200E+01 -1.0431E-02  3.6916E-01  1.8492E+00  1.0422E+00  1.0027E+00  2.0880E+00  1.6561E+00  4.3185E-01  8.6394E-01
  1.3000E+01  1.7200E+02  0.0000E+00  1.5470E+00  0.0000E+00  0.0000E+00  2.0000E+00  2.1037E+00  2.5293E+00  4.9200E+01 -1.0431E-02  3.6916E-01  1.6961E+00 -7.0723E-01 -8.0443E-01  1.5470E+00  1.6583E+00 -1.1134E-01 -7.7042E-01
  1.3000E+01  1.7600E+02  0.0000E+00  1.1450E+00  0.0000E+00  0.0000E+00  2.0000E+00  2.1037E+00  2.5293E+00  4.9200E+01 -1.0431E-02  3.6916E-01  1.3812E+00 -1.3631E+00 -1.3280E+00  1.1450E+00  1.3046E+00 -1.5963E-01 -1.1821E+00
  1.3000E+01  1.8000E+02  0.0000E+00  1.0510E+00  0.0000E+00  0.0000E+00  2.0000E+00  2.1037E+00  2.5293E+00  4.9200E+01 -1.0431E-02  3.6916E-01  1.1245E+00 -5.1356E-01 -3.7120E-01  1.0510E+00  1.0070E+00  4.3967E-02 -2.8268E-01
  1.3000E+01  1.9200E+02  0.0000E+00  6.8100E-01  0.0000E+00  0.0000E+00  2.0000E+00  2.1037E+00  2.5293E+00  4.9200E+01 -1.0431E-02  3.6916E-01  6.0678E-01  8.7768E-01  1.1893E+00  6.8100E-01  4.6262E-01  2.1838E-01  1.1759E+00
  1.3000E+01  3.3600E+02  1.0000E+02  0.0000E+00  1.0000E+00  1.0000E+00  3.0000E+00  1.4474E+00  2.7184E+00  4.9200E+01  6.1671E-02 -4.7584E-03  2.1265E-04 -5.1882E-03  0.0000E+00  0.0000E+00  4.0864E-05  0.0000E+00  0.0000E+00
  1.3000E+01  3.3650E+02  0.0000E+00  9.6300E-01  0.0000E+00  0.0000E+00  3.0000E+00  1.4474E+00  2.7184E+00  4.9200E+01  6.1671E-02 -4.7584E-03  1.0310E+00 -5.1464E-01 -3.7650E-01  9.6300E-01  8.2426E-01  1.3874E-01 -4.0243E-01
  1.3000E+01  3.3700E+02  0.0000E+00  1.7310E+00  0.0000E+00  0.0000E+00  3.0000E+00  1.4474E+00  2.7184E+00  4.9200E+01  6.1671E-02 -4.7584E-03  1.5028E+00  1.2155E+00  1.2955E+00  1.7310E+00  1.2860E+00  4.4499E-01  1.4227E+00
  1.3000E+01  3.3800E+02  0.0000E+00  1.5650E+00  0.0000E+00  0.0000E+00  3.0000E+00  1.4474E+00  2.7184E+00  4.9200E+01  6.1671E-02 -4.7584E-03  1.7754E+00 -9.5536E-01 -1.0285E+00  1.5650E+00  1.6561E+00 -9.1148E-02 -1.0512E+00
  1.3000E+01  3.4000E+02  0.0000E+00  1.7220E+00  0.0000E+00  0.0000E+00  3.0000E+00  1.4474E+00  2.7184E+00  4.9200E+01  6.1671E-02 -4.7584E-03  1.6879E+00  1.6267E-01  4.0746E-03  1.7220E+00  1.6583E+00  6.3658E-02  1.0588E-01
  1.3000E+01  3.4400E+02  0.0000E+00  1.5530E+00  0.0000E+00  0.0000E+00  3.0000E+00  1.4474E+00  2.7184E+00  4.9200E+01  6.1671E-02 -4.7584E-03  1.3583E+00  1.1412E+00  1.0105E+00  1.5530E+00  1.3046E+00  2.4837E-01  1.0996E+00
  1.3000E+01  3.4800E+02  0.0000E+00  1.0680E+00  0.0000E+00  0.0000E+00  3.0000E+00  1.4474E+00  2.7184E+00  4.9200E+01  6.1671E-02 -4.7584E-03  1.0890E+00 -1.5129E-01 -2.5762E-01  1.0680E+00  1.0070E+00  6.0967E-02 -2.5094E-01
  1.3000E+01  3.6000E+02  0.0000E+00  5.3200E-01  0.0000E+00  0.0000E+00  3.0000E+00  1.4474E+00  2.7184E+00  4.9200E+01  6.1671E-02 -4.7584E-03  5.6116E-01 -3.6570E-01 -4.5521E-01  5.3200E-01  4.6262E-01  6.9382E-02 -6.1167E-01
  1.4000E+01  0.0000E+00  1.0000E+02  0.0000E+00  1.0000E+00  1.0000E+00  1.0000E+00  1.3091E+00  4.3075E+00  3.4092E+01 -1.9656E-01  3.3798E-01  0.0000E+00  0.0000E+00  0.0000E+00  0.0000E+00  0.0000E+00  0.0000E+00  0.0000E+00
  1.4000E+01  5.0000E-01  0.0000E+00  1.3430E+00  0.0000E+00  0.0000E+00  1.0000E+00  1.3091E+00  4.3075E+00  3.4092E+01 -1.9656E-01  3.3798E-01  1.3607E+00 -1.0335E-01  3.0253E-01  1.3430E+00  8.2422E-01  5.1878E-01  6.1267E-02
  1.4000E+01  1.0000E+00  0.0000E+00  2.2330E+00  0.0000E+00  0.0000E+00  1.0000E+00  1.3091E+00  4.3075E+00  3.4092E+01 -1.9656E-01  3.3798E-01  1.9845E+00  1.0130E+00  1.7083E+00  2.2330E+00  1.2860E+00  9.4703E-01  2.1235E+00
  1.4000E+01  2.0000E+00  0.0000E+00  2.6230E+00  0.0000E+00  0.0000E+00  1.0000E+00  1.3091E+00  4.3075E+00  3.4092E+01 -1.9656E-01  3.3798E-01  2.2849E+00  1.2012E+00  2.0165E+00  2.6230E+00  1.6561E+00  9.6689E-01  2.6074E+00
  1.4000E+01  4.0000E+00  0.0000E+00  1.7220E+00  0.0000E+00  0.0000E+00  1.0000E+00  1.3091E+00  4.3075E+00  3.4092E+01 -1.9656E-01  3.3798E-01  1.9413E+00 -9.1312E-01 -3.3700E-01  1.7220E+00  1.6583E+00  6.3689E-02 -9.7442E-02
  1.4000E+01  8.0000E+00  0.0000E+00  1.3450E+00  0.0000E+00  0.0000E+00  1.0000E+00  1.3091E+00  4.3075E+00  3.4092E+01 -1.9656E-01  3.3798E-01  1.1814E+00  1.0924E+00  1.0796E+00  1.3450E+00  1.3046E+00  4.0392E-02  1.1680E+00
  1.4000E+01  1.2000E+01  0.0000E+00  7.8900E-01  0.0000E+00  0.0000E+00  1.0000E+00  1.3091E+00  4.3075E+00  3.4092E+01 -1.9656E-01  3.3798E-01  7.1278E-01  7.9345E-01  4.2544E-01  7.8900E-01  1.0070E+00 -2.1801E-01  2.9986E-01
  1.4000E+01  2.4000E+01  0.0000E+00  1.1700E-01  0.0000E+00  0.0000E+00  1.0000E+00  1.3091E+00  4.3075E+00  3.4092E+01 -1.9656E-01  3.3798E-01  1.5649E-01 -8.7342E-01 -1.3038E+00  1.1700E-01  4.6261E-01 -3.4561E-01 -4.0388E-01
  1.4000E+01  1.6800E+02  1.0000E+02  0.0000E+00  1.0000E+00  1.0000E+00  2.0000E+00  9.5563E-01  6.2371E+00  3.4092E+01  1.7360E-01  2.3263E-02  5.6627E-13 -1.3816E-11  0.0000E+00  0.0000E+00  4.0863E-05  0.0000E+00  0.0000E+00
  1.4000E+01  1.6850E+02  0.0000E+00  1.0200E+00  0.0000E+00  0.0000E+00  2.0000E+00  9.5563E-01  6.2371E+00  3.4092E+01  1.7360E-01  2.3263E-02  1.0609E+00 -3.0171E-01 -4.6558E-01  1.0200E+00  8.2426E-01  1.9574E-01 -5.9469E-01
  1.4000E+01  1.6900E+02  0.0000E+00  1.7270E+00  0.0000E+00  0.0000E+00  2.0000E+00  9.5563E-01  6.2371E+00  3.4092E+01  1.7360E-01  2.3263E-02  1.6261E+00  4.9844E-01  4.9381E-01  1.7270E+00  1.2860E+00  4.4099E-01  6.9681E-01
  1.4000E+01  1.7000E+02  0.0000E+00  2.0490E+00  0.0000E+00  0.0000E+00  2.0000E+00  9.5563E-01  6.2371E+00  3.4092E+01  1.7360E-01  2.3263E-02  1.9796E+00  2.8357E-01  4.1088E-01  2.0490E+00  1.6561E+00  3.9285E-01  7.1886E-01
  1.4000E+01  1.7200E+02  0.0000E+00  1.4160E+00  0.0000E+00  0.0000E+00  2.0000E+00  9.5563E-01  6.2371E+00  3.4092E+01  1.7360E-01  2.3263E-02  1.6658E+00 -1.2057E+00 -1.3299E+00  1.4160E+00  1.6583E+00 -2.4234E-01 -1.2169E+00
  1.4000E+01  1.7600E+02  0.0000E+00  8.4500E-01  0.0000E+00  0.0000E+00  2.0000E+00  9.5563E-01  6.2371E+00  3.4092E+01  1.7360E-01  2.3263E-02  8.3773E-01  6.6055E-02 -7.9171E-01  8.4500E-01  1.3046E+00 -4.5963E-01 -1.2371E+00
  1.4000E+01  1.8000E+02  0.0000E+00  4.2600E-01  0.0000E+00  0.0000E+00  2.0000E+00  9.5563E-01  6.2371E+00  3.4092E+01  1.7360E-01  2.3263E-02  4.0378E-01  3.4691E-01 -6.8609E-01  4.2600E-01  1.0070E+00 -5.8103E-01 -1.3826E+00
  1.4000E+01  1.9200E+02  0.0000E+00  1.0000E-02  0.0000E+00  0.0000E+00  2.0000E+00  9.5563E-01  6.2371E+00  3.4092E+01  1.7360E-01  2.3263E-02  4.4950E-02 -8.4518E-01 -1.1929E+00  1.0000E-02  4.6262E-01 -4.5262E-01  1.8475E-01
  1.4000E+01  3.3600E+02  1.0000E+02  0.0000E+00  1.0000E+00  1.0000E+00  3.0000E+00  6.1052E-01  5.6279E+00  3.4092E+01  7.0821E-02 -4.2479E-01  2.1322E-12 -5.2021E-11  0.0000E+00  0.0000E+00  4.0864E-05  0.0000E+00  0.0000E+00
  1.4000E+01  3.3650E+02  0.0000E+00  7.0100E-01  0.0000E+00  0.0000E+00  3.0000E+00  6.1052E-01  5.6279E+00  3.4092E+01  7.0821E-02 -4.2479E-01  7.3911E-01 -3.8503E-01 -1.0684E+00  7.0100E-01  8.2426E-01 -1.2326E-01 -1.1973E+00
  1.4000E+01  3.3700E+02  0.0000E+00  1.0990E+00  0.0000E+00  0.0000E+00  3.0000E+00  6.1052E-01  5.6279E+00  3.4092E+01  7.0821E-02 -4.2479E-01  1.2252E+00 -8.1504E-01 -1.5647E+00  1.0990E+00  1.2860E+00 -1.8701E-01 -1.4873E+00
  1.4000E+01  3.3800E+02  0.0000E+00  1.8780E+00  0.0000E+00  0.0000E+00  3.0000E+00  6.1052E-01  5.6279E+00  3.4092E+01  7.0821E-02 -4.2479E-01  1.7042E+00  8.2105E-01  2.8789E-01  1.8780E+00  1.6561E+00  2.2185E-01  5.9077E-01
  1.4000E+01  3.4000E+02  0.0000E+00  1.7710E+00  0.0000E+00  0.0000E+00  3.0000E+00  6.1052E-01  5.6279E+00  3.4092E+01  7.0821E-02 -4.2479E-01  1.7276E+00  2.0252E-01  4.3868E-02  1.7710E+00  1.6583E+00  1.1266E-01  4.2751E-01
  1.4000E+01  3.4400E+02  0.0000E+00  1.0060E+00  0.0000E+00  0.0000E+00  3.0000E+00  6.1052E-01  5.6279E+00  3.4092E+01  7.0821E-02 -4.2479E-01  1.0429E+00 -2.7596E-01 -5.8858E-01  1.0060E+00  1.3046E+00 -2.9863E-01 -6.8748E-01
  1.4000E+01  3.4800E+02  0.0000E+00  5.8300E-01  0.0000E+00  0.0000E+00  3.0000E+00  6.1052E-01  5.6279E+00  3.4092E+01  7.0821E-02 -4.2479E-01  5.5190E-01  3.9482E-01 -2.7713E-01  5.8300E-01  1.0070E+00 -4.2403E-01 -7.8659E-01
  1.4000E+01  3.6000E+02  0.0000E+00  5.5000E-02  0.0000E+00  0.0000E+00  3.0000E+00  6.1052E-01  5.6279E+00  3.4092E+01  7.0821E-02 -4.2479E-01  7.6489E-02 -5.1122E-01 -9.4244E-01  5.5000E-02  4.6262E-01 -4.0762E-01 -6.8168E-02
  1.5000E+01  0.0000E+00  1.0000E+02  0.0000E+00  1.0000E+00  1.0000E+00  1.0000E+00  1.1287E+00  7.1865E-01  4.0470E+01 -7.3165E-02  9.6628E-02  0.0000E+00  0.0000E+00  0.0000E+00  0.0000E+00  0.0000E+00  0.0000E+00  0.0000E+00
  1.5000E+01  5.0000E-01  0.0000E+00  1.0480E+00  0.0000E+00  0.0000E+00  1.0000E+00  1.1287E+00  7.1865E-01  4.0470E+01 -7.3165E-02  9.6628E-02  1.0605E+00 -9.1858E-02  2.9498E-02  1.0480E+00  8.2422E-01  2.2378E-01 -2.6596E-01
  1.5000E+01  1.0000E+00  0.0000E+00  1.8910E+00  0.0000E+00  0.0000E+00  1.0000E+00  1.1287E+00  7.1865E-01  4.0470E+01 -7.3165E-02  9.6628E-02  1.6542E+00  1.1508E+00  1.3093E+00  1.8910E+00  1.2860E+00  6.0503E-01  1.6564E+00
  1.5000E+01  2.0000E+00  0.0000E+00  1.7040E+00  0.0000E+00  0.0000E+00  1.0000E+00  1.1287E+00  7.1865E-01  4.0470E+01 -7.3165E-02  9.6628E-02  2.1602E+00 -1.7118E+00 -1.5338E+00  1.7040E+00  1.6561E+00  4.7888E-02 -1.4652E+00
  1.5000E+01  4.0000E+00  0.0000E+00  2.5440E+00  0.0000E+00  0.0000E+00  1.0000E+00  1.1287E+00  7.1865E-01  4.0470E+01 -7.3165E-02  9.6628E-02  2.3108E+00  8.1918E-01  1.0427E+00  2.5440E+00  1.6583E+00  8.8569E-01  1.9003E+00
  1.5000E+01  8.0000E+00  0.0000E+00  2.3460E+00  0.0000E+00  0.0000E+00  1.0000E+00  1.1287E+00  7.1865E-01  4.0470E+01 -7.3165E-02  9.6628E-02  2.1777E+00  6.2667E-01  9.8377E-01  2.3460E+00  1.3046E+00  1.0414E+00  1.1174E+00
  1.5000E+01  1.2000E+01  0.0000E+00  1.7810E+00  0.0000E+00  0.0000E+00  1.0000E+00  1.1287E+00  7.1865E-01  4.0470E+01 -7.3165E-02  9.6628E-02  2.0286E+00 -9.8797E-01 -5.0509E-01  1.7810E+00  1.0070E+00  7.7399E-01 -2.1733E+00
  1.5000E+01  2.4000E+01  0.0000E+00  1.8310E+00  0.0000E+00  0.0000E+00  1.0000E+00  1.1287E+00  7.1865E-01  4.0470E+01 -7.3165E-02  9.6628E-02  1.6393E+00  9.3971E-01  1.7125E+00  1.8310E+00  4.6261E-01  1.3684E+00  3.0515E+00
  1.5000E+01  1.6800E+02  1.0000E+02  0.0000E+00  1.0000E+00  1.0000E+00  2.0000E+00  1.3455E+00  8.1260E-01  4.0470E+01  4.9689E-02  2.7239E-01  9.0984E-02 -2.1427E+00  0.0000E+00  0.0000E+00  4.0863E-05  0.0000E+00  0.0000E+00
  1.5000E+01  1.6850E+02  0.0000E+00  1.2940E+00  0.0000E+00  0.0000E+00  2.0000E+00  1.3455E+00  8.1260E-01  4.0470E+01  4.9689E-02  2.7239E-01  1.2934E+00  3.8095E-03  4.7121E-01  1.2940E+00  8.2426E-01  4.6974E-01  2.6544E-01
  1.5000E+01  1.6900E+02  0.0000E+00  2.1160E+00  0.0000E+00  0.0000E+00  2.0000E+00  1.3455E+00  8.1260E-01  4.0470E+01  4.9689E-02  2.7239E-01  1.8945E+00  9.4440E-01  1.4426E+00  2.1160E+00  1.2860E+00  8.2999E-01  1.8562E+00
  1.5000E+01  1.7000E+02  0.0000E+00  2.3680E+00  0.0000E+00  0.0000E+00  2.0000E+00  1.3455E+00  8.1260E-01  4.0470E+01  4.9689E-02  2.7239E-01  2.3270E+00  1.4323E-01  5.7826E-01  2.3680E+00  1.6561E+00  7.1185E-01  1.1637E+00
  1.5000E+01  1.7200E+02  0.0000E+00  2.4300E+00  0.0000E+00  0.0000E+00  2.0000E+00  1.3455E+00  8.1260E-01  4.0470E+01  4.9689E-02  2.7239E-01  2.3872E+00  1.4558E-01  5.4928E-01  2.4300E+00  1.6583E+00  7.7166E-01  1.3772E+00
  1.5000E+01  1.7600E+02  0.0000E+00  2.2930E+00  0.0000E+00  0.0000E+00  2.0000E+00  1.3455E+00  8.1260E-01  4.0470E+01  4.9689E-02  2.7239E-01  2.2136E+00  2.9101E-01  7.7467E-01  2.2930E+00  1.3046E+00  9.8837E-01  1.0829E+00
  1.5000E+01  1.8000E+02  0.0000E+00  2.1200E+00  0.0000E+00  0.0000E+00  2.0000E+00  1.3455E+00  8.1260E-01  4.0470E+01  4.9689E-02  2.7239E-01  2.0428E+00  3.0593E-01  8.6618E-01  2.1200E+00  1.0070E+00  1.1130E+00  6.5598E-01
  1.5000E+01  1.9200E+02  0.0000E+00  1.4840E+00  0.0000E+00  0.0000E+00  2.0000E+00  1.3455E+00  8.1260E-01  4.0470E+01  4.9689E-02  2.7239E-01  1.6054E+00 -6.0720E-01  9.7397E-02  1.4840E+00  4.6262E-01  1.0214E+00 -4.9319E-01
  1.5000E+01  3.3600E+02  1.0000E+02  0.0000E+00  1.0000E+00  1.0000E+00  3.0000E+00  6.9975E-01  6.9357E-01  4.0470E+01 -1.0870E-01 -3.8143E-01  1.3609E-01 -3.0777E+00  0.0000E+00  0.0000E+00  4.0864E-05  0.0000E+00  0.0000E+00
  1.5000E+01  3.3650E+02  0.0000E+00  8.0600E-01  0.0000E+00  0.0000E+00  3.0000E+00  6.9975E-01  6.9357E-01  4.0470E+01 -1.0870E-01 -3.8143E-01  8.6112E-01 -4.8912E-01 -5.4860E-01  8.0600E-01  8.2426E-01 -1.8260E-02 -9.9525E-01
  1.5000E+01  3.3700E+02  0.0000E+00  1.3750E+00  0.0000E+00  0.0000E+00  3.0000E+00  6.9975E-01  6.9357E-01  4.0470E+01 -1.0870E-01 -3.8143E-01  1.3656E+00  5.5025E-02 -1.4535E-01  1.3750E+00  1.2860E+00  8.8994E-02 -4.4704E-01
  1.5000E+01  3.3800E+02  0.0000E+00  2.1210E+00  0.0000E+00  0.0000E+00  3.0000E+00  6.9975E-01  6.9357E-01  4.0470E+01 -1.0870E-01 -3.8143E-01  1.9542E+00  6.9008E-01  6.0892E-01  2.1210E+00  1.6561E+00  4.6485E-01  8.9683E-01
  1.5000E+01  3.4000E+02  0.0000E+00  1.5610E+00  0.0000E+00  0.0000E+00  3.0000E+00  6.9975E-01  6.9357E-01  4.0470E+01 -1.0870E-01 -3.8143E-01  2.3380E+00 -2.6988E+00 -2.3591E+00  1.5610E+00  1.6583E+00 -9.7342E-02 -2.9022E+00
  1.5000E+01  3.4400E+02  0.0000E+00  2.5090E+00  0.0000E+00  0.0000E+00  3.0000E+00  6.9975E-01  6.9357E-01  4.0470E+01 -1.0870E-01 -3.8143E-01  2.3177E+00  6.7001E-01  1.4100E+00  2.5090E+00  1.3046E+00  1.2044E+00  1.5956E+00
  1.5000E+01  3.4800E+02  0.0000E+00  1.9480E+00  0.0000E+00  0.0000E+00  3.0000E+00  6.9975E-01  6.9357E-01  4.0470E+01 -1.0870E-01 -3.8143E-01  2.1724E+00 -8.3731E-01  6.1415E-02  1.9480E+00  1.0070E+00  9.4097E-01 -1.6968E+00
  1.5000E+01  3.6000E+02  0.0000E+00  2.1500E+00  0.0000E+00  0.0000E+00  3.0000E+00  6.9975E-01  6.9357E-01  4.0470E+01 -1.0870E-01 -3.8143E-01  1.7690E+00  1.7357E+00  2.9337E+00  2.1500E+00  4.6262E-01  1.6874E+00  5.6125E+00
  1.6000E+01  0.0000E+00  1.0000E+02  0.0000E+00  1.0000E+00  1.0000E+00  1.0000E+00  1.1030E+00  2.8139E+00  5.0339E+01 -6.3634E-02 -4.3173E-02  0.0000E+00  0.0000E+00  0.0000E+00  0.0000E+00  0.0000E+00  0.0000E+00  0.0000E+00
  1.6000E+01  5.0000E-01  0.0000E+00  6.8000E-01  0.0000E+00  0.0000E+00  1.0000E+00  1.1030E+00  2.8139E+00  5.0339E+01 -6.3634E-02 -4.3173E-02  8.2939E-01 -1.3694E+00 -1.5057E+00  6.8000E-01  8.2422E-01 -1.4422E-01 -1.4379E+00
  1.6000E+01  1.0000E+00  0.0000E+00  1.4930E+00  0.0000E+00  0.0000E+00  1.0000E+00  1.1030E+00  2.8139E+00  5.0339E+01 -6.3634E-02 -4.3173E-02  1.2843E+00  1.2894E+00  1.1545E+00  1.4930E+00  1.2860E+00  2.0703E-01  1.0901E+00
  1.6000E+01  2.0000E+00  0.0000E+00  1.7400E+00  0.0000E+00  0.0000E+00  1.0000E+00  1.1030E+00  2.8139E+00  5.0339E+01 -6.3634E-02 -4.3173E-02  1.6407E+00  4.8616E-01  3.9587E-01  1.7400E+00  1.6561E+00  8.3888E-02  3.9109E-01
  1.6000E+01  4.0000E+00  0.0000E+00  1.6670E+00  0.0000E+00  0.0000E+00  1.0000E+00  1.1030E+00  2.8139E+00  5.0339E+01 -6.3634E-02 -4.3173E-02  1.6479E+00  9.3099E-02  8.2647E-02  1.6670E+00  1.6583E+00  8.6893E-03  1.0235E-01
  1.6000E+01  8.0000E+00  0.0000E+00  1.4060E+00  0.0000E+00  0.0000E+00  1.0000E+00  1.1030E+00  2.8139E+00  5.0339E+01 -6.3634E-02 -4.3173E-02  1.3377E+00  4.0605E-01  5.0102E-01  1.4060E+00  1.3046E+00  1.0139E-01  5.0659E-01
  1.6000E+01  1.2000E+01  0.0000E+00  9.3300E-01  0.0000E+00  0.0000E+00  1.0000E+00  1.1030E+00  2.8139E+00  5.0339E+01 -6.3634E-02 -4.3173E-02  1.0699E+00 -1.0017E+00 -8.3789E-01  9.3300E-01  1.0070E+00 -7.4014E-02 -8.2602E-01
  1.6000E+01  2.4000E+01  0.0000E+00  5.9900E-01  0.0000E+00  0.0000E+00  1.0000E+00  1.1030E+00  2.8139E+00  5.0339E+01 -6.3634E-02 -4.3173E-02  5.4707E-01  6.6337E-01  8.8968E-01  5.9900E-01  4.6261E-01  1.3639E-01  8.5323E-01
  1.6000E+01  1.6800E+02  1.0000E+02  0.0000E+00  1.0000E+00  1.0000E+00  2.0000E+00  1.1697E+00  2.7615E+00  5.0339E+01 -8.2441E-02  1.5548E-02  2.0295E-04 -4.9514E-03  0.0000E+00  0.0000E+00  4.0863E-05  0.0000E+00  0.0000E+00
  1.6000E+01  1.6850E+02  0.0000E+00  8.3600E-01  0.0000E+00  0.0000E+00  2.0000E+00  1.1697E+00  2.7615E+00  5.0339E+01 -8.2441E-02  1.5548E-02  8.6674E-01 -2.7126E-01 -3.6162E-01  8.3600E-01  8.2426E-01  1.1740E-02 -3.5337E-01
  1.6000E+01  1.6900E+02  0.0000E+00  1.4160E+00  0.0000E+00  0.0000E+00  2.0000E+00  1.1697E+00  2.7615E+00  5.0339E+01 -8.2441E-02  1.5548E-02  1.3261E+00  5.3897E-01  4.7264E-01  1.4160E+00  1.2860E+00  1.2999E-01  4.5903E-01
  1.6000E+01  1.7000E+02  0.0000E+00  1.7580E+00  0.0000E+00  0.0000E+00  2.0000E+00  1.1697E+00  2.7615E+00  5.0339E+01 -8.2441E-02  1.5548E-02  1.6670E+00  4.3910E-01  3.8754E-01  1.7580E+00  1.6561E+00  1.0185E-01  3.7975E-01
  1.6000E+01  1.7200E+02  0.0000E+00  1.6880E+00  0.0000E+00  0.0000E+00  2.0000E+00  1.1697E+00  2.7615E+00  5.0339E+01 -8.2441E-02  1.5548E-02  1.6544E+00  1.6318E-01  1.4636E-01  1.6880E+00  1.6583E+00  2.9658E-02  1.5321E-01
  1.6000E+01  1.7600E+02  0.0000E+00  1.3310E+00  0.0000E+00  0.0000E+00  2.0000E+00  1.1697E+00  2.7615E+00  5.0339E+01 -8.2441E-02  1.5548E-02  1.3438E+00 -7.5989E-02 -1.2200E-02  1.3310E+00  1.3046E+00  2.6368E-02 -1.7234E-02
  1.6000E+01  1.8000E+02  0.0000E+00  1.2260E+00  0.0000E+00  0.0000E+00  2.0000E+00  1.1697E+00  2.7615E+00  5.0339E+01 -8.2441E-02  1.5548E-02  1.0792E+00  1.0653E+00  1.1811E+00  1.2260E+00  1.0070E+00  2.1897E-01  1.1392E+00
  1.6000E+01  1.9200E+02  0.0000E+00  5.4600E-01  0.0000E+00  0.0000E+00  2.0000E+00  1.1697E+00  2.7615E+00  5.0339E+01 -8.2441E-02  1.5548E-02  5.5875E-01 -1.6041E-01 -2.4141E-02  5.4600E-01  4.6262E-01  8.3382E-02 -6.3743E-02
  1.6000E+01  3.3600E+02  1.0000E+02  0.0000E+00  1.0000E+00  1.0000E+00  3.0000E+00  1.2468E+00  3.4542E+00  5.0339E+01  1.4139E-01  7.9396E-02  2.8573E-05 -6.9710E-04  0.0000E+00  0.0000E+00  4.0864E-05  0.0000E+00  0.0000E+00
  1.6000E+01  3.3650E+02  0.0000E+00  9.9700E-01  0.0000E+00  0.0000E+00  3.0000E+00  1.2468E+00  3.4542E+00  5.0339E+01  1.4139E-01  7.9396E-02  9.0431E-01  7.8812E-01  9.1092E-01  9.9700E-01  8.2426E-01  1.7274E-01  9.9968E-01
  1.6000E+01  3.3700E+02  0.0000E+00  1.2130E+00  0.0000E+00  0.0000E+00  3.0000E+00  1.2468E+00  3.4542E+00  5.0339E+01  1.4139E-01  7.9396E-02  1.3586E+00 -8.5351E-01 -7.5999E-01  1.2130E+00  1.2860E+00 -7.3006E-02 -7.1457E-01
  1.6000E+01  3.3800E+02  0.0000E+00  1.7030E+00  0.0000E+00  0.0000E+00  3.0000E+00  1.2468E+00  3.4542E+00  5.0339E+01  1.4139E-01  7.9396E-02  1.6590E+00  2.1327E-01  1.8625E-01  1.7030E+00  1.6561E+00  4.6852E-02  2.0363E-01
  1.6000E+01  3.4000E+02  0.0000E+00  1.1150E+00  0.0000E+00  0.0000E+00  3.0000E+00  1.2468E+00  3.4542E+00  5.0339E+01  1.4139E-01  7.9396E-02  1.5833E+00 -2.3735E+00 -2.5145E+00  1.1150E+00  1.6583E+00 -5.4334E-01 -2.3603E+00
  1.6000E+01  3.4400E+02  0.0000E+00  1.4290E+00  0.0000E+00  0.0000E+00  3.0000E+00  1.2468E+00  3.4542E+00  5.0339E+01  1.4139E-01  7.9396E-02  1.2141E+00  1.3997E+00  1.2232E+00  1.4290E+00  1.3046E+00  1.2437E-01  1.0789E+00
  1.6000E+01  3.4800E+02  0.0000E+00  7.5500E-01  0.0000E+00  0.0000E+00  3.0000E+00  1.2468E+00  3.4542E+00  5.0339E+01  1.4139E-01  7.9396E-02  9.2273E-01 -1.4011E+00 -1.5798E+00  7.5500E-01  1.0070E+00 -2.5203E-01 -1.4134E+00
  1.6000E+01  3.6000E+02  0.0000E+00  4.1500E-01  0.0000E+00  0.0000E+00  3.0000E+00  1.2468E+00  3.4542E+00  5.0339E+01  1.4139E-01  7.9396E-02  4.0502E-01  1.5561E-01  2.1231E-02  4.1500E-01  4.6262E-01 -4.7618E-02 -9.8267E-02
  1.7000E+01  0.0000E+00  1.0000E+02  0.0000E+00  1.0000E+00  1.0000E+00  1.0000E+00  1.6193E+00  2.9658E+00  3.5040E+01 -1.1493E-01  2.6457E-01  0.0000E+00  0.0000E+00  0.0000E+00  0.0000E+00  0.0000E+00  0.0000E+00  0.0000E+00
  1.7000E+01  5.0000E-01  0.0000E+00  1.6060E+00  0.0000E+00  0.0000E+00  1.0000E+00  1.6193E+00  2.9658E+00  3.5040E+01 -1.1493E-01  2.6457E-01  1.5464E+00  3.0891E-01  9.2357E-01  1.6060E+00  8.2422E-01  7.8178E-01  1.4015E+00
  1.7000E+01  1.0000E+00  0.0000E+00  2.3800E+00  0.0000E+00  0.0000E+00  1.0000E+00  1.6193E+00  2.9658E+00  3.5040E+01 -1.1493E-01  2.6457E-01  2.1705E+00  7.8242E-01  1.5702E+00  2.3800E+00  1.2860E+00  1.0940E+00  2.0390E+00
  1.7000E+01  2.0000E+00  0.0000E+00  2.3090E+00  0.0000E+00  0.0000E+00  1.0000E+00  1.6193E+00  2.9658E+00  3.5040E+01 -1.1493E-01  2.6457E-01  2.4242E+00 -3.8626E-01  3.5482E-01  2.3090E+00  1.6561E+00  6.5289E-01  1.1469E-01
  1.7000E+01  4.0000E+00  0.0000E+00  1.8430E+00  0.0000E+00  0.0000E+00  1.0000E+00  1.6193E+00  2.9658E+00  3.5040E+01 -1.1493E-01  2.6457E-01  2.1418E+00 -1.1306E+00 -5.9806E-01  1.8430E+00  1.6583E+00  1.8469E-01 -7.5605E-01
  1.7000E+01  8.0000E+00  0.0000E+00  1.6420E+00  0.0000E+00  0.0000E+00  1.0000E+00  1.6193E+00  2.9658E+00  3.5040E+01 -1.1493E-01  2.6457E-01  1.5300E+00  5.8677E-01  7.8596E-01  1.6420E+00  1.3046E+00  3.3739E-01  1.0824E+00
  1.7000E+01  1.2000E+01  0.0000E+00  1.2210E+00  0.0000E+00  0.0000E+00  1.0000E+00  1.6193E+00  2.9658E+00  3.5040E+01 -1.1493E-01  2.6457E-01  1.0906E+00  9.3774E-01  8.9424E-01  1.2210E+00  1.0070E+00  2.1399E-01  1.0522E+00
  1.7000E+01  2.4000E+01  0.0000E+00  3.8400E-01  0.0000E+00  0.0000E+00  1.0000E+00  1.6193E+00  2.9658E+00  3.5040E+01 -1.1493E-01  2.6457E-01  3.9495E-01 -1.7317E-01 -5.1992E-01  3.8400E-01  4.6261E-01 -7.8610E-02 -4.0664E-01
  1.7000E+01  1.6800E+02  1.0000E+02  0.0000E+00  1.0000E+00  1.0000E+00  2.0000E+00  1.2227E+00  4.0178E+00  3.5040E+01  1.8867E-01 -1.6292E-02  2.6644E-08 -6.5005E-07  0.0000E+00  0.0000E+00  4.0863E-05  0.0000E+00  0.0000E+00
  1.7000E+01  1.6850E+02  0.0000E+00  1.3240E+00  0.0000E+00  0.0000E+00  2.0000E+00  1.2227E+00  4.0178E+00  3.5040E+01  1.8867E-01 -1.6292E-02  1.2650E+00  3.7006E-01  4.8386E-01  1.3240E+00  8.2426E-01  4.9974E-01  7.0637E-01
  1.7000E+01  1.6900E+02  0.0000E+00  1.8150E+00  0.0000E+00  0.0000E+00  2.0000E+00  1.2227E+00  4.0178E+00  3.5040E+01  1.8867E-01 -1.6292E-02  1.8808E+00 -2.8272E-01  1.4412E-02  1.8150E+00  1.2860E+00  5.2899E-01 -2.0251E-02
  1.7000E+01  1.7000E+02  0.0000E+00  2.1930E+00  0.0000E+00  0.0000E+00  2.0000E+00  1.2227E+00  4.0178E+00  3.5040E+01  1.8867E-01 -1.6292E-02  2.2308E+00 -1.3761E-01  2.3153E-01  2.1930E+00  1.6561E+00  5.3685E-01  2.5510E-01
  1.7000E+01  1.7200E+02  0.0000E+00  1.7870E+00  0.0000E+00  0.0000E+00  2.0000E+00  1.2227E+00  4.0178E+00  3.5040E+01  1.8867E-01 -1.6292E-02  1.9670E+00 -7.4016E-01 -6.4445E-01  1.7870E+00  1.6583E+00  1.2866E-01 -7.0044E-01
  1.7000E+01  1.7600E+02  0.0000E+00  1.3200E+00  0.0000E+00  0.0000E+00  2.0000E+00  1.2227E+00  4.0178E+00  3.5040E+01  1.8867E-01 -1.6292E-02  1.2582E+00  3.8921E-01 -1.5968E-01  1.3200E+00  1.3046E+00  1.5368E-02 -2.5557E-01
  1.7000E+01  1.8000E+02  0.0000E+00  7.9800E-01  0.0000E+00  0.0000E+00  2.0000E+00  1.2227E+00  4.0178E+00  3.5040E+01  1.8867E-01 -1.6292E-02  7.9547E-01  2.4072E-02 -8.6950E-01  7.9800E-01  1.0070E+00 -2.0903E-01 -1.0313E+00
  1.7000E+01  1.9200E+02  0.0000E+00  1.8600E-01  0.0000E+00  0.0000E+00  2.0000E+00  1.2227E+00  4.0178E+00  3.5040E+01  1.8867E-01 -1.6292E-02  2.0093E-01 -3.1268E-01 -1.0891E+00  1.8600E-01  4.6262E-01 -2.7662E-01 -8.6180E-01
  1.7000E+01  3.3600E+02  1.0000E+02  0.0000E+00  1.0000E+00  1.0000E+00  3.0000E+00  1.0648E+00  3.1063E+00  3.5040E+01 -6.8652E-02 -1.5464E-01  5.7418E-07 -1.4008E-05  0.0000E+00  0.0000E+00  4.0864E-05  0.0000E+00  0.0000E+00
  1.7000E+01  3.3650E+02  0.0000E+00  1.2820E+00  0.0000E+00  0.0000E+00  3.0000E+00  1.0648E+00  3.1063E+00  3.5040E+01 -6.8652E-02 -1.5464E-01  1.1501E+00  9.0311E-01  9.5664E-01  1.2820E+00  8.2426E-01  4.5774E-01  1.1297E+00
  1.7000E+01  3.3700E+02  0.0000E+00  1.6020E+00  0.0000E+00  0.0000E+00  3.0000E+00  1.0648E+00  3.1063E+00  3.5040E+01 -6.8652E-02 -1.5464E-01  1.7756E+00 -7.8793E-01 -5.5578E-01  1.6020E+00  1.2860E+00  3.1599E-01 -7.4068E-01
  1.7000E+01  3.3800E+02  0.0000E+00  1.9630E+00  0.0000E+00  0.0000E+00  3.0000E+00  1.0648E+00  3.1063E+00  3.5040E+01 -6.8652E-02 -1.5464E-01  2.2372E+00 -9.9421E-01 -5.4625E-01  1.9630E+00  1.6561E+00  3.0685E-01 -6.6885E-01
  1.7000E+01  3.4000E+02  0.0000E+00  2.4390E+00  0.0000E+00  0.0000E+00  3.0000E+00  1.0648E+00  3.1063E+00  3.5040E+01 -6.8652E-02 -1.5464E-01  2.1397E+00  1.1337E+00  1.6026E+00  2.4390E+00  1.6583E+00  7.8066E-01  2.1547E+00
  1.7000E+01  3.4400E+02  0.0000E+00  1.9350E+00  0.0000E+00  0.0000E+00  3.0000E+00  1.0648E+00  3.1063E+00  3.5040E+01 -6.8652E-02 -1.5464E-01  1.5311E+00  2.1136E+00  2.2121E+00  1.9350E+00  1.3046E+00  6.3037E-01  2.6441E+00
  1.7000E+01  3.4800E+02  0.0000E+00  1.0040E+00  0.0000E+00  0.0000E+00  3.0000E+00  1.0648E+00  3.1063E+00  3.5040E+01 -6.8652E-02 -1.5464E-01  1.0744E+00 -5.1333E-01 -7.2750E-01  1.0040E+00  1.0070E+00 -3.0326E-03 -6.3658E-01
  1.7000E+01  3.6000E+02  0.0000E+00  3.3900E-01  0.0000E+00  0.0000E+00  3.0000E+00  1.0648E+00  3.1063E+00  3.5040E+01 -6.8652E-02 -1.5464E-01  3.7084E-01 -5.2183E-01 -1.0281E+00  3.3900E-01  4.6262E-01 -1.2362E-01 -9.4173E-01
  1.8000E+01  0.0000E+00  1.0000E+02  0.0000E+00  1.0000E+00  1.0000E+00  1.0000E+00  1.5044E+00  3.3333E+00  4.2272E+01 -1.1720E-02  6.0058E-02  0.0000E+00  0.0000E+00  0.0000E+00  0.0000E+00  0.0000E+00  0.0000E+00  0.0000E+00
  1.8000E+01  5.0000E-01  0.0000E+00  1.3100E+00  0.0000E+00  0.0000E+00  1.0000E+00  1.5044E+00  3.3333E+00  4.2272E+01 -1.1720E-02  6.0058E-02  1.2233E+00  5.6054E-01  9.5322E-01  1.3100E+00  8.2422E-01  4.8578E-01  1.4723E+00
  1.8000E+01  1.0000E+00  0.0000E+00  1.7610E+00  0.0000E+00  0.0000E+00  1.0000E+00  1.5044E+00  3.3333E+00  4.2272E+01 -1.1720E-02  6.0058E-02  1.7526E+00  3.8611E-02  4.5336E-01  1.7610E+00  1.2860E+00  4.7503E-01  6.2740E-01
  1.8000E+01  2.0000E+00  0.0000E+00  1.3970E+00  0.0000E+00  0.0000E+00  1.0000E+00  1.5044E+00  3.3333E+00  4.2272E+01 -1.1720E-02  6.0058E-02  2.0090E+00 -2.4650E+00 -2.1678E+00  1.3970E+00  1.6561E+00 -2.5911E-01 -2.5585E+00
  1.8000E+01  4.0000E+00  0.0000E+00  1.9720E+00  0.0000E+00  0.0000E+00  1.0000E+00  1.5044E+00  3.3333E+00  4.2272E+01 -1.1720E-02  6.0058E-02  1.8151E+00  6.9743E-01  8.8679E-01  1.9720E+00  1.6583E+00  3.1369E-01  1.0039E+00
  1.8000E+01  8.0000E+00  0.0000E+00  9.8700E-01  0.0000E+00  0.0000E+00  1.0000E+00  1.5044E+00  3.3333E+00  4.2272E+01 -1.1720E-02  6.0058E-02  1.3285E+00 -2.0443E+00 -1.8844E+00  9.8700E-01  1.3046E+00 -3.1761E-01 -1.7951E+00
  1.8000E+01  1.2000E+01  0.0000E+00  9.7900E-01  0.0000E+00  0.0000E+00  1.0000E+00  1.5044E+00  3.3333E+00  4.2272E+01 -1.1720E-02  6.0058E-02  9.6912E-01  7.9048E-02  2.4016E-01  9.7900E-01  1.0070E+00 -2.8014E-02  1.9884E-01
  1.8000E+01  2.4000E+01  0.0000E+00  4.2500E-01  0.0000E+00  0.0000E+00  1.0000E+00  1.5044E+00  3.3333E+00  4.2272E+01 -1.1720E-02  6.0058E-02  3.7620E-01  7.9340E-01  9.4392E-01  4.2500E-01  4.6261E-01 -3.7610E-02  6.4121E-01
  1.8000E+01  1.6800E+02  1.0000E+02  0.0000E+00  1.0000E+00  1.0000E+00  2.0000E+00  1.2014E+00  3.1285E+00  4.2272E+01 -7.5128E-02 -1.6488E-01  8.8501E-06 -2.1592E-04  0.0000E+00  0.0000E+00  4.0863E-05  0.0000E+00  0.0000E+00
  1.8000E+01  1.6850E+02  0.0000E+00  1.1140E+00  0.0000E+00  0.0000E+00  2.0000E+00  1.2014E+00  3.1285E+00  4.2272E+01 -7.5128E-02 -1.6488E-01  1.0468E+00  5.0150E-01  5.0075E-01  1.1140E+00  8.2426E-01  2.8974E-01  5.7621E-01
  1.8000E+01  1.6900E+02  0.0000E+00  1.4340E+00  0.0000E+00  0.0000E+00  2.0000E+00  1.2014E+00  3.1285E+00  4.2272E+01 -7.5128E-02 -1.6488E-01  1.5829E+00 -7.5465E-01 -6.6200E-01  1.4340E+00  1.2860E+00  1.4799E-01 -7.5970E-01
  1.8000E+01  1.7000E+02  0.0000E+00  1.8430E+00  0.0000E+00  0.0000E+00  2.0000E+00  1.2014E+00  3.1285E+00  4.2272E+01 -7.5128E-02 -1.6488E-01  1.9460E+00 -4.2800E-01 -2.4477E-01  1.8430E+00  1.6561E+00  1.8685E-01 -2.2816E-01
  1.8000E+01  1.7200E+02  0.0000E+00  1.9550E+00  0.0000E+00  0.0000E+00  2.0000E+00  1.2014E+00  3.1285E+00  4.2272E+01 -7.5128E-02 -1.6488E-01  1.8543E+00  4.3817E-01  6.5796E-01  1.9550E+00  1.6583E+00  2.9666E-01  8.4652E-01
  1.8000E+01  1.7600E+02  0.0000E+00  1.2730E+00  0.0000E+00  0.0000E+00  2.0000E+00  1.2014E+00  3.1285E+00  4.2272E+01 -7.5128E-02 -1.6488E-01  1.3944E+00 -6.9412E-01 -5.0455E-01  1.2730E+00  1.3046E+00 -3.1632E-02 -4.0133E-01
  1.8000E+01  1.8000E+02  0.0000E+00  1.0640E+00  0.0000E+00  0.0000E+00  2.0000E+00  1.2014E+00  3.1285E+00  4.2272E+01 -7.5128E-02 -1.6488E-01  1.0372E+00  2.0173E-01  3.5267E-01  1.0640E+00  1.0070E+00  5.6967E-02  3.9416E-01
  1.8000E+01  1.9200E+02  0.0000E+00  4.6100E-01  0.0000E+00  0.0000E+00  2.0000E+00  1.2014E+00  3.1285E+00  4.2272E+01 -7.5128E-02 -1.6488E-01  4.2673E-01  5.1750E-01  5.4666E-01  4.6100E-01  4.6262E-01 -1.6185E-03  3.8083E-01
  1.8000E+01  3.3600E+02  1.0000E+02  0.0000E+00  1.0000E+00  1.0000E+00  3.0000E+00  1.8566E+00  3.7021E+00  4.2272E+01  9.3211E-02  2.7043E-01  1.4227E-06 -3.4710E-05  0.0000E+00  0.0000E+00  4.0864E-05  0.0000E+00  0.0000E+00
  1.8000E+01  3.3650E+02  0.0000E+00  1.3320E+00  0.0000E+00  0.0000E+00  3.0000E+00  1.8566E+00  3.7021E+00  4.2272E+01  9.3211E-02  2.7043E-01  1.3952E+00 -3.6101E-01  2.7016E-01  1.3320E+00  8.2426E-01  5.0774E-01  7.1780E-02
  1.8000E+01  3.3700E+02  0.0000E+00  2.3010E+00  0.0000E+00  0.0000E+00  3.0000E+00  1.8566E+00  3.7021E+00  4.2272E+01  9.3211E-02  2.7043E-01  1.8868E+00  1.7732E+00  2.2811E+00  2.3010E+00  1.2860E+00  1.0150E+00  2.6492E+00
  1.8000E+01  3.3800E+02  0.0000E+00  2.1290E+00  0.0000E+00  0.0000E+00  3.0000E+00  1.8566E+00  3.7021E+00  4.2272E+01  9.3211E-02  2.7043E-01  2.0233E+00  4.2293E-01  5.9826E-01  2.1290E+00  1.6561E+00  4.7285E-01  3.5766E-01
  1.8000E+01  3.4000E+02  0.0000E+00  1.8620E+00  0.0000E+00  0.0000E+00  3.0000E+00  1.8566E+00  3.7021E+00  4.2272E+01  9.3211E-02  2.7043E-01  1.7475E+00  5.2767E-01  4.2608E-01  1.8620E+00  1.6583E+00  2.0366E-01  4.4916E-01
  1.8000E+01  3.4400E+02  0.0000E+00  1.5170E+00  0.0000E+00  0.0000E+00  3.0000E+00  1.8566E+00  3.7021E+00  4.2272E+01  9.3211E-02  2.7043E-01  1.2321E+00  1.8299E+00  1.4554E+00  1.5170E+00  1.3046E+00  2.1237E-01  1.4670E+00
  1.8000E+01  3.4800E+02  0.0000E+00  8.3800E-01  0.0000E+00  0.0000E+00  3.0000E+00  1.8566E+00  3.7021E+00  4.2272E+01  9.3211E-02  2.7043E-01  8.6799E-01 -2.6428E-01 -8.1076E-01  8.3800E-01  1.0070E+00 -1.6903E-01 -6.2353E-01
  1.8000E+01  3.6000E+02  0.0000E+00  2.3700E-01  0.0000E+00  0.0000E+00  3.0000E+00  1.8566E+00  3.7021E+00  4.2272E+01  9.3211E-02  2.7043E-01  3.0345E-01 -1.2036E+00 -1.8066E+00  2.3700E-01  4.6262E-01 -2.2562E-01 -1.3613E+00
  1.9000E+01  0.0000E+00  1.0000E+02  0.0000E+00  1.0000E+00  1.0000E+00  1.0000E+00  1.8594E+00  9.6993E-01  3.8495E+01 -8.1338E-03 -1.0822E-02  0.0000E+00  0.0000E+00  0.0000E+00  0.0000E+00  0.0000E+00  0.0000E+00  0.0000E+00
  1.9000E+01  5.0000E-01  0.0000E+00  1.5840E+00  0.0000E+00  0.0000E+00  1.0000E+00  1.8594E+00  9.6993E-01  3.8495E+01 -8.1338E-03 -1.0822E-02  1.5611E+00  1.1749E-01  5.3001E-01  1.5840E+00  8.2422E-01  7.5978E-01  5.6390E-01
  1.9000E+01  1.0000E+00  0.0000E+00  2.1130E+00  0.0000E+00  0.0000E+00  1.0000E+00  1.8594E+00  9.6993E-01  3.8495E+01 -8.1338E-03 -1.0822E-02  2.1577E+00 -1.6801E-01  1.5554E-01  2.1130E+00  1.2860E+00  8.2703E-01 -7.8907E-02
  1.9000E+01  2.0000E+00  0.0000E+00  2.7300E+00  0.0000E+00  0.0000E+00  1.0000E+00  1.8594E+00  9.6993E-01  3.8495E+01 -8.1338E-03 -1.0822E-02  2.4401E+00  9.6540E-01  1.0918E+00  2.7300E+00  1.6561E+00  1.0739E+00  1.5517E+00
  1.9000E+01  4.0000E+00  0.0000E+00  2.7390E+00  0.0000E+00  0.0000E+00  1.0000E+00  1.8594E+00  9.6993E-01  3.8495E+01 -8.1338E-03 -1.0822E-02  2.3794E+00  1.2275E+00  1.3410E+00  2.7390E+00  1.6583E+00  1.0807E+00  2.2865E+00
  1.9000E+01  8.0000E+00  0.0000E+00  1.7510E+00  0.0000E+00  0.0000E+00  1.0000E+00  1.8594E+00  9.6993E-01  3.8495E+01 -8.1338E-03 -1.0822E-02  2.1527E+00 -1.5125E+00 -1.2422E+00  1.7510E+00  1.3046E+00  4.4639E-01 -1.8594E+00
  1.9000E+01  1.2000E+01  0.0000E+00  2.0190E+00  0.0000E+00  0.0000E+00  1.0000E+00  1.8594E+00  9.6993E-01  3.8495E+01 -8.1338E-03 -1.0822E-02  1.9463E+00  3.0190E-01  7.1176E-01  2.0190E+00  1.0070E+00  1.0120E+00  7.6895E-01
  1.9000E+01  2.4000E+01  0.0000E+00  1.4810E+00  0.0000E+00  0.0000E+00  1.0000E+00  1.8594E+00  9.6993E-01  3.8495E+01 -8.1338E-03 -1.0822E-02  1.4385E+00  2.3621E-01  9.4339E-01  1.4810E+00  4.6261E-01  1.0184E+00  1.4994E+00
  1.9000E+01  1.6800E+02  1.0000E+02  0.0000E+00  1.0000E+00  1.0000E+00  2.0000E+00  3.2573E+00  9.4621E-01  3.8495E+01 -3.2892E-02  5.4982E-01  4.1752E-02 -1.0109E+00  0.0000E+00  0.0000E+00  4.0863E-05  0.0000E+00  0.0000E+00
  1.9000E+01  1.6850E+02  0.0000E+00  2.5430E+00  0.0000E+00  0.0000E+00  2.0000E+00  3.2573E+00  9.4621E-01  3.8495E+01 -3.2892E-02  5.4982E-01  2.1132E+00  1.6476E+00  2.9716E+00  2.5430E+00  8.2426E-01  1.7187E+00  5.9251E+00
  1.9000E+01  1.6900E+02  0.0000E+00  2.5240E+00  0.0000E+00  0.0000E+00  2.0000E+00  3.2573E+00  9.4621E-01  3.8495E+01 -3.2892E-02  5.4982E-01  2.4939E+00  9.7972E-02  6.6105E-01  2.5240E+00  1.2860E+00  1.2380E+00  3.3655E-01
  1.9000E+01  1.7000E+02  0.0000E+00  2.3400E+00  0.0000E+00  0.0000E+00  2.0000E+00  3.2573E+00  9.4621E-01  3.8495E+01 -3.2892E-02  5.4982E-01  2.5278E+00 -6.0424E-01 -4.1371E-01  2.3400E+00  1.6561E+00  6.8385E-01 -1.2418E+00
  1.9000E+01  1.7200E+02  0.0000E+00  2.6100E+00  0.0000E+00  0.0000E+00  2.0000E+00  3.2573E+00  9.4621E-01  3.8495E+01 -3.2892E-02  5.4982E-01  2.4102E+00  6.7338E-01  9.1633E-01  2.6100E+00  1.6583E+00  9.5166E-01  1.5659E+00
  1.9000E+01  1.7600E+02  0.0000E+00  2.1670E+00  0.0000E+00  0.0000E+00  2.0000E+00  3.2573E+00  9.4621E-01  3.8495E+01 -3.2892E-02  5.4982E-01  2.1845E+00 -6.5136E-02  3.3438E-01  2.1670E+00  1.3046E+00  8.6237E-01  6.9341E-01
  1.9000E+01  1.8000E+02  0.0000E+00  1.7010E+00  0.0000E+00  0.0000E+00  2.0000E+00  3.2573E+00  9.4621E-01  3.8495E+01 -3.2892E-02  5.4982E-01  1.9800E+00 -1.1396E+00 -6.0542E-01  1.7010E+00  1.0070E+00  6.9397E-01 -1.4603E+00
  1.9000E+01  1.9200E+02  0.0000E+00  1.6020E+00  0.0000E+00  0.0000E+00  2.0000E+00  3.2573E+00  9.4621E-01  3.8495E+01 -3.2892E-02  5.4982E-01  1.4742E+00  6.9333E-01  1.5140E+00  1.6020E+00  4.6262E-01  1.1394E+00  2.8163E+00
  1.9000E+01  3.3600E+02  1.0000E+02  0.0000E+00  1.0000E+00  1.0000E+00  3.0000E+00  1.5114E+00  9.1260E-01  3.8495E+01 -6.9062E-02 -2.1802E-01  4.8523E-02 -1.1717E+00  0.0000E+00  0.0000E+00  4.0864E-05  0.0000E+00  0.0000E+00
  1.9000E+01  3.3650E+02  0.0000E+00  1.4420E+00  0.0000E+00  0.0000E+00  3.0000E+00  1.5114E+00  9.1260E-01  3.8495E+01 -6.9062E-02 -2.1802E-01  1.4165E+00  1.4391E-01  4.1095E-01  1.4420E+00  8.2426E-01  6.1774E-01  4.2981E-01
  1.9000E+01  3.3700E+02  0.0000E+00  1.9110E+00  0.0000E+00  0.0000E+00  3.0000E+00  1.5114E+00  9.1260E-01  3.8495E+01 -6.9062E-02 -2.1802E-01  2.0425E+00 -5.2127E-01 -2.3706E-01  1.9110E+00  1.2860E+00  6.2499E-01 -4.9743E-01
  1.9000E+01  3.3800E+02  0.0000E+00  2.3540E+00  0.0000E+00  0.0000E+00  3.0000E+00  1.5114E+00  9.1260E-01  3.8495E+01 -6.9062E-02 -2.1802E-01  2.4348E+00 -2.6968E-01 -8.8136E-03  2.3540E+00  1.6561E+00  6.9785E-01  1.1274E-01
  1.9000E+01  3.4000E+02  0.0000E+00  2.6180E+00  0.0000E+00  0.0000E+00  3.0000E+00  1.5114E+00  9.1260E-01  3.8495E+01 -6.9062E-02 -2.1802E-01  2.4383E+00  5.9902E-01  9.0237E-01  2.6180E+00  1.6583E+00  9.5966E-01  1.6616E+00
  1.9000E+01  3.4400E+02  0.0000E+00  2.1600E+00  0.0000E+00  0.0000E+00  3.0000E+00  1.5114E+00  9.1260E-01  3.8495E+01 -6.9062E-02 -2.1802E-01  2.2234E+00 -2.3113E-01  2.4250E-01  2.1600E+00  1.3046E+00  8.5537E-01  2.6933E-01
  1.9000E+01  3.4800E+02  0.0000E+00  1.6340E+00  0.0000E+00  0.0000E+00  3.0000E+00  1.5114E+00  9.1260E-01  3.8495E+01 -6.9062E-02 -2.1802E-01  2.0222E+00 -1.5536E+00 -9.2557E-01  1.6340E+00  1.0070E+00  6.2697E-01 -2.3924E+00
  1.9000E+01  3.6000E+02  0.0000E+00  1.7640E+00  0.0000E+00  0.0000E+00  3.0000E+00  1.5114E+00  9.1260E-01  3.8495E+01 -6.9062E-02 -2.1802E-01  1.5215E+00  1.2766E+00  2.2502E+00  1.7640E+00  4.6262E-01  1.3014E+00  4.2495E+00
  2.0000E+01  0.0000E+00  1.0000E+02  0.0000E+00  1.0000E+00  1.0000E+00  1.0000E+00  6.7626E-01  6.0103E+00  5.1024E+01  1.8375E-02  4.7574E-01  0.0000E+00  0.0000E+00  0.0000E+00  0.0000E+00  0.0000E+00  0.0000E+00  0.0000E+00
  2.0000E+01  5.0000E-01  0.0000E+00  5.1400E-01  0.0000E+00  0.0000E+00  1.0000E+00  6.7626E-01  6.0103E+00  5.1024E+01  1.8375E-02  4.7574E-01  5.4514E-01 -3.9890E-01 -4.8278E-01  5.1400E-01  8.2422E-01 -3.1022E-01 -3.6426E-01
  2.0000E+01  1.0000E+00  0.0000E+00  1.0100E+00  0.0000E+00  0.0000E+00  1.0000E+00  6.7626E-01  6.0103E+00  5.1024E+01  1.8375E-02  4.7574E-01  9.0271E-01  9.1374E-01  8.2965E-01  1.0100E+00  1.2860E+00 -2.7597E-01  6.6153E-01
  2.0000E+01  2.0000E+00  0.0000E+00  1.4460E+00  0.0000E+00  0.0000E+00  1.0000E+00  6.7626E-01  6.0103E+00  5.1024E+01  1.8375E-02  4.7574E-01  1.2614E+00  1.1598E+00  1.0936E+00  1.4460E+00  1.6561E+00 -2.1011E-01  1.1182E+00
  2.0000E+01  4.0000E+00  0.0000E+00  1.2060E+00  0.0000E+00  0.0000E+00  1.0000E+00  6.7626E-01  6.0103E+00  5.1024E+01  1.8375E-02  4.7574E-01  1.3229E+00 -7.0237E-01 -7.7786E-01  1.2060E+00  1.6583E+00 -4.5231E-01 -1.2299E-01
  2.0000E+01  8.0000E+00  0.0000E+00  8.6800E-01  0.0000E+00  0.0000E+00  1.0000E+00  6.7626E-01  6.0103E+00  5.1024E+01  1.8375E-02  4.7574E-01  9.1427E-01 -3.8968E-01 -6.7275E-01  8.6800E-01  1.3046E+00 -4.3661E-01 -2.1407E-01
  2.0000E+01  1.2000E+01  0.0000E+00  6.6600E-01  0.0000E+00  0.0000E+00  1.0000E+00  6.7626E-01  6.0103E+00  5.1024E+01  1.8375E-02  4.7574E-01  5.7667E-01  1.0979E+00  6.2816E-01  6.6600E-01  1.0070E+00 -3.4101E-01  2.2559E-01
  2.0000E+01  2.4000E+01  0.0000E+00  1.0300E-01  0.0000E+00  0.0000E+00  1.0000E+00  6.7626E-01  6.0103E+00  5.1024E+01  1.8375E-02  4.7574E-01  1.4047E-01 -8.4342E-01 -1.2503E+00  1.0300E-01  4.6261E-01 -3.5961E-01 -1.1871E+00
  2.0000E+01  1.6800E+02  1.0000E+02  0.0000E+00  1.0000E+00  1.0000E+00  2.0000E+00  3.6159E-01  5.7585E+00  5.1024E+01 -2.4417E-02 -1.5033E-01  1.2288E-08 -2.9980E-07  0.0000E+00  0.0000E+00  4.0863E-05  0.0000E+00  0.0000E+00
  2.0000E+01  1.6850E+02  0.0000E+00  2.0400E-01  0.0000E+00  0.0000E+00  2.0000E+00  3.6159E-01  5.7585E+00  5.1024E+01 -2.4417E-02 -1.5033E-01  3.1491E-01 -1.9750E+00 -2.5025E+00  2.0400E-01  8.2426E-01 -6.2026E-01 -1.0363E+00
  2.0000E+01  1.6900E+02  0.0000E+00  6.5100E-01  0.0000E+00  0.0000E+00  2.0000E+00  3.6159E-01  5.7585E+00  5.1024E+01 -2.4417E-02 -1.5033E-01  5.6046E-01  1.1365E+00  3.3614E-01  6.5100E-01  1.2860E+00 -6.3501E-01 -3.4408E-02
  2.0000E+01  1.7000E+02  0.0000E+00  8.4600E-01  0.0000E+00  0.0000E+00  2.0000E+00  3.6159E-01  5.7585E+00  5.1024E+01 -2.4417E-02 -1.5033E-01  8.9104E-01 -3.8794E-01 -1.3363E+00  8.4600E-01  1.6561E+00 -8.1015E-01 -1.0676E+00
  2.0000E+01  1.7200E+02  0.0000E+00  1.2760E+00  0.0000E+00  0.0000E+00  2.0000E+00  3.6159E-01  5.7585E+00  5.1024E+01 -2.4417E-02 -1.5033E-01  1.1433E+00  9.1327E-01  1.9946E-01  1.2760E+00  1.6583E+00 -3.8234E-01  2.0851E-01
  2.0000E+01  1.7600E+02  0.0000E+00  1.0090E+00  0.0000E+00  0.0000E+00  2.0000E+00  3.6159E-01  5.7585E+00  5.1024E+01 -2.4417E-02 -1.5033E-01  9.9714E-01  9.2477E-02 -7.8431E-02  1.0090E+00  1.3046E+00 -2.9563E-01  3.3876E-01
  2.0000E+01  1.8000E+02  0.0000E+00  6.8900E-01  0.0000E+00  0.0000E+00  2.0000E+00  3.6159E-01  5.7585E+00  5.1024E+01 -2.4417E-02 -1.5033E-01  6.9826E-01 -9.7990E-02 -1.3409E-01  6.8900E-01  1.0070E+00 -3.1803E-01  3.7438E-02
  2.0000E+01  1.9200E+02  0.0000E+00  1.9600E-01  0.0000E+00  0.0000E+00  2.0000E+00  3.6159E-01  5.7585E+00  5.1024E+01 -2.4417E-02 -1.5033E-01  1.8935E-01  1.4143E-01 -7.6638E-02  1.9600E-01  4.6262E-01 -2.6662E-01 -5.6155E-01
  2.0000E+01  3.3600E+02  1.0000E+02  0.0000E+00  1.0000E+00  1.0000E+00  3.0000E+00  1.8368E-01  6.2973E+00  5.1024E+01  6.5021E-02 -8.2763E-01  3.6404E-09 -8.8818E-08  0.0000E+00  0.0000E+00  4.0864E-05  0.0000E+00  0.0000E+00
  2.0000E+01  3.3650E+02  0.0000E+00  1.3100E-01  0.0000E+00  0.0000E+00  3.0000E+00  1.8368E-01  6.2973E+00  5.1024E+01  6.5021E-02 -8.2763E-01  1.6670E-01 -7.8042E-01 -1.4870E+00  1.3100E-01  8.2426E-01 -6.9326E-01 -5.0833E-01
  2.0000E+01  3.3700E+02  0.0000E+00  2.9200E-01  0.0000E+00  0.0000E+00  3.0000E+00  1.8368E-01  6.2973E+00  5.1024E+01  6.5021E-02 -8.2763E-01  3.0880E-01 -3.0192E-01 -1.5029E+00  2.9200E-01  1.2860E+00 -9.9401E-01 -1.3039E+00
  2.0000E+01  3.3800E+02  0.0000E+00  4.7700E-01  0.0000E+00  0.0000E+00  3.0000E+00  1.8368E-01  6.2973E+00  5.1024E+01  6.5021E-02 -8.2763E-01  5.2993E-01 -6.9190E-01 -2.4345E+00  4.7700E-01  1.6561E+00 -1.1791E+00 -2.3913E+00
  2.0000E+01  3.4000E+02  0.0000E+00  8.1500E-01  0.0000E+00  0.0000E+00  3.0000E+00  1.8368E-01  6.2973E+00  5.1024E+01  6.5021E-02 -8.2763E-01  7.8103E-01  3.2778E-01 -1.6011E+00  8.1500E-01  1.6583E+00 -8.4334E-01 -1.8931E+00
  2.0000E+01  3.4400E+02  0.0000E+00  8.8600E-01  0.0000E+00  0.0000E+00  3.0000E+00  1.8368E-01  6.2973E+00  5.1024E+01  6.5021E-02 -8.2763E-01  8.5133E-01  3.1077E-01 -8.9672E-01  8.8600E-01  1.3046E+00 -4.1863E-01 -3.1853E-01
  2.0000E+01  3.4800E+02  0.0000E+00  6.1300E-01  0.0000E+00  0.0000E+00  3.0000E+00  1.8368E-01  6.2973E+00  5.1024E+01  6.5021E-02 -8.2763E-01  6.9930E-01 -9.1246E-01 -1.3049E+00  6.1300E-01  1.0070E+00 -3.9403E-01 -3.6546E-01
  2.0000E+01  3.6000E+02  0.0000E+00  2.5800E-01  0.0000E+00  0.0000E+00  3.0000E+00  1.8368E-01  6.2973E+00  5.1024E+01  6.5021E-02 -8.2763E-01  2.3618E-01  4.3554E-01  8.3250E-01  2.5800E-01  4.6262E-01 -2.0462E-01  5.2082E-01
  2.1000E+01  0.0000E+00  1.0000E+02  0.0000E+00  1.0000E+00  1.0000E+00  1.0000E+00  7.7735E-01  1.7786E+00  5.3100E+01  6.0725E-02  9.6376E-02  0.0000E+00  0.0000E+00  0.0000E+00  0.0000E+00  0.0000E+00  0.0000E+00  0.0000E+00
  2.1000E+01  5.0000E-01  0.0000E+00  6.8400E-01  0.0000E+00  0.0000E+00  1.0000E+00  7.7735E-01  1.7786E+00  5.3100E+01  6.0725E-02  9.6376E-02  6.0111E-01  9.8732E-01  9.2706E-01  6.8400E-01  8.2422E-01 -1.4022E-01  5.8342E-01
  2.1000E+01  1.0000E+00  0.0000E+00  8.5700E-01  0.0000E+00  0.0000E+00  1.0000E+00  7.7735E-01  1.7786E+00  5.3100E+01  6.0725E-02  9.6376E-02  9.9865E-01 -1.1028E+00 -1.2287E+00  8.5700E-01  1.2860E+00 -4.2897E-01 -9.5665E-01
  2.1000E+01  2.0000E+00  0.0000E+00  1.4780E+00  0.0000E+00  0.0000E+00  1.0000E+00  7.7735E-01  1.7786E+00  5.3100E+01  6.0725E-02  9.6376E-02  1.4248E+00  2.9838E-01  1.2872E-01  1.4780E+00  1.6561E+00 -1.7811E-01  1.9332E-01
  2.1000E+01  4.0000E+00  0.0000E+00  1.5990E+00  0.0000E+00  0.0000E+00  1.0000E+00  7.7735E-01  1.7786E+00  5.3100E+01  6.0725E-02  9.6376E-02  1.6334E+00 -1.6934E-01 -2.8976E-01  1.5990E+00  1.6583E+00 -5.9311E-02 -5.9950E-02
  2.1000E+01  8.0000E+00  0.0000E+00  1.2650E+00  0.0000E+00  0.0000E+00  1.0000E+00  7.7735E-01  1.7786E+00  5.3100E+01  6.0725E-02  9.6376E-02  1.5015E+00 -1.2609E+00 -1.2428E+00  1.2650E+00  1.3046E+00 -3.9608E-02 -1.2321E+00
  2.1000E+01  1.2000E+01  0.0000E+00  1.1390E+00  0.0000E+00  0.0000E+00  1.0000E+00  7.7735E-01  1.7786E+00  5.3100E+01  6.0725E-02  9.6376E-02  1.3165E+00 -1.0716E+00 -9.4145E-01  1.1390E+00  1.0070E+00  1.3199E-01 -1.1477E+00
  2.1000E+01  2.4000E+01  0.0000E+00  9.5600E-01  0.0000E+00  0.0000E+00  1.0000E+00  7.7735E-01  1.7786E+00  5.3100E+01  6.0725E-02  9.6376E-02  8.8086E-01  6.5376E-01  9.8988E-01  9.5600E-01  4.6261E-01  4.9339E-01  1.4979E+00
  2.1000E+01  1.6800E+02  1.0000E+02  0.0000E+00  1.0000E+00  1.0000E+00  2.0000E+00  7.2567E-01  1.5851E+00  5.3100E+01 -5.4431E-02  2.7586E-02  1.1968E-02 -2.9180E-01  0.0000E+00  0.0000E+00  4.0863E-05  0.0000E+00  0.0000E+00
  2.1000E+01  1.6850E+02  0.0000E+00  6.1400E-01  0.0000E+00  0.0000E+00  2.0000E+00  7.2567E-01  1.5851E+00  5.3100E+01 -5.4431E-02  2.7586E-02  5.8034E-01  4.1166E-01  2.1612E-01  6.1400E-01  8.2426E-01 -2.1026E-01  1.6867E-01
  2.1000E+01  1.6900E+02  0.0000E+00  9.1700E-01  0.0000E+00  0.0000E+00  2.0000E+00  7.2567E-01  1.5851E+00  5.3100E+01 -5.4431E-02  2.7586E-02  9.6729E-01 -4.0286E-01 -6.7356E-01  9.1700E-01  1.2860E+00 -3.6901E-01 -4.9639E-01
  2.1000E+01  1.7000E+02  0.0000E+00  1.4940E+00  0.0000E+00  0.0000E+00  2.0000E+00  7.2567E-01  1.5851E+00  5.3100E+01 -5.4431E-02  2.7586E-02  1.4014E+00  5.2720E-01  2.6042E-01  1.4940E+00  1.6561E+00 -1.6215E-01  2.6126E-01
  2.1000E+01  1.7200E+02  0.0000E+00  1.6330E+00  0.0000E+00  0.0000E+00  2.0000E+00  7.2567E-01  1.5851E+00  5.3100E+01 -5.4431E-02  2.7586E-02  1.6458E+00 -6.2558E-02 -1.8320E-01  1.6330E+00  1.6583E+00 -2.5342E-02 -6.8653E-02
  2.1000E+01  1.7600E+02  0.0000E+00  1.6740E+00  0.0000E+00  0.0000E+00  2.0000E+00  7.2567E-01  1.5851E+00  5.3100E+01 -5.4431E-02  2.7586E-02  1.5503E+00  6.3972E-01  7.3497E-01  1.6740E+00  1.3046E+00  3.6937E-01  7.3756E-01
  2.1000E+01  1.8000E+02  0.0000E+00  1.5590E+00  0.0000E+00  0.0000E+00  2.0000E+00  7.2567E-01  1.5851E+00  5.3100E+01 -5.4431E-02  2.7586E-02  1.3807E+00  1.0291E+00  1.2586E+00  1.5590E+00  1.0070E+00  5.5197E-01  1.2048E+00
  2.1000E+01  1.9200E+02  0.0000E+00  9.3000E-01  0.0000E+00  0.0000E+00  2.0000E+00  7.2567E-01  1.5851E+00  5.3100E+01 -5.4431E-02  2.7586E-02  9.6524E-01 -2.8287E-01  1.8412E-01  9.3000E-01  4.6262E-01  4.6738E-01 -1.5781E-02
  2.1000E+01  3.3600E+02  1.0000E+02  0.0000E+00  1.0000E+00  1.0000E+00  3.0000E+00  5.0188E-01  1.5672E+00  5.3100E+01 -6.5826E-02 -3.4116E-01  1.3769E-02 -3.3564E-01  0.0000E+00  0.0000E+00  4.0864E-05  0.0000E+00  0.0000E+00
  2.1000E+01  3.3650E+02  0.0000E+00  3.9000E-01  0.0000E+00  0.0000E+00  3.0000E+00  5.0188E-01  1.5672E+00  5.3100E+01 -6.5826E-02 -3.4116E-01  4.2831E-01 -5.7723E-01 -1.1447E+00  3.9000E-01  8.2426E-01 -4.3426E-01 -5.5185E-01
  2.1000E+01  3.3700E+02  0.0000E+00  6.5800E-01  0.0000E+00  0.0000E+00  3.0000E+00  5.0188E-01  1.5672E+00  5.3100E+01 -6.5826E-02 -3.4116E-01  7.4474E-01 -8.7087E-01 -1.6907E+00  6.5800E-01  1.2860E+00 -6.2801E-01 -1.1643E+00
  2.1000E+01  3.3800E+02  0.0000E+00  1.2820E+00  0.0000E+00  0.0000E+00  3.0000E+00  5.0188E-01  1.5672E+00  5.3100E+01 -6.5826E-02 -3.4116E-01  1.1659E+00  7.8528E-01 -9.3327E-02  1.2820E+00  1.6561E+00 -3.7415E-01 -3.3643E-01
  2.1000E+01  3.4000E+02  0.0000E+00  1.6670E+00  0.0000E+00  0.0000E+00  3.0000E+00  5.0188E-01  1.5672E+00  5.3100E+01 -6.5826E-02 -3.4116E-01  1.5216E+00  7.6570E-01  2.2778E-01  1.6670E+00  1.6583E+00  8.6577E-03  1.2728E-01
  2.1000E+01  3.4400E+02  0.0000E+00  1.6470E+00  0.0000E+00  0.0000E+00  3.0000E+00  5.0188E-01  1.5672E+00  5.3100E+01 -6.5826E-02 -3.4116E-01  1.5549E+00  4.7512E-01  5.1250E-01  1.6470E+00  1.3046E+00  3.4237E-01  4.9610E-01
  2.1000E+01  3.4800E+02  0.0000E+00  1.3740E+00  0.0000E+00  0.0000E+00  3.0000E+00  5.0188E-01  1.5672E+00  5.3100E+01 -6.5826E-02 -3.4116E-01  1.4090E+00 -1.9801E-01  9.4670E-02  1.3740E+00  1.0070E+00  3.6697E-01 -2.1321E-01
  2.1000E+01  3.6000E+02  0.0000E+00  1.0590E+00  0.0000E+00  0.0000E+00  3.0000E+00  5.0188E-01  1.5672E+00  5.3100E+01 -6.5826E-02 -3.4116E-01  9.9214E-01  5.2356E-01  1.1003E+00  1.0590E+00  4.6262E-01  5.9638E-01  1.4609E+00
  2.2000E+01  0.0000E+00  1.0000E+02  0.0000E+00  1.0000E+00  1.0000E+00  1.0000E+00  7.6493E-01  5.1267E+00  4.8663E+01 -5.1716E-02 -1.7909E-01  0.0000E+00  0.0000E+00  0.0000E+00  0.0000E+00  0.0000E+00  0.0000E+00  0.0000E+00
  2.2000E+01  5.0000E-01  0.0000E+00  5.9600E-01  0.0000E+00  0.0000E+00  1.0000E+00  7.6493E-01  5.1267E+00  4.8663E+01 -5.1716E-02 -1.7909E-01  6.3514E-01 -4.4680E-01 -8.6347E-01  5.9600E-01  8.2422E-01 -2.2822E-01 -6.5719E-01
  2.2000E+01  1.0000E+00  0.0000E+00  9.7700E-01  0.0000E+00  0.0000E+00  1.0000E+00  7.6493E-01  5.1267E+00  4.8663E+01 -5.1716E-02 -1.7909E-01  1.0358E+00 -4.4316E-01 -9.4210E-01  9.7700E-01  1.2860E+00 -3.0897E-01 -7.1577E-01
  2.2000E+01  2.0000E+00  0.0000E+00  1.5530E+00  0.0000E+00  0.0000E+00  1.0000E+00  7.6493E-01  5.1267E+00  4.8663E+01 -5.1716E-02 -1.7909E-01  1.4143E+00  7.8275E-01  3.5726E-01  1.5530E+00  1.6561E+00 -1.0311E-01  3.8498E-01
  2.2000E+01  4.0000E+00  0.0000E+00  1.7210E+00  0.0000E+00  0.0000E+00  1.0000E+00  7.6493E-01  5.1267E+00  4.8663E+01 -5.1716E-02 -1.7909E-01  1.4519E+00  1.4814E+00  1.2483E+00  1.7210E+00  1.6583E+00  6.2689E-02  1.1834E+00
  2.2000E+01  8.0000E+00  0.0000E+00  9.3800E-01  0.0000E+00  0.0000E+00  1.0000E+00  7.6493E-01  5.1267E+00  4.8663E+01 -5.1716E-02 -1.7909E-01  1.0207E+00 -6.3143E-01 -7.7953E-01  9.3800E-01  1.3046E+00 -3.6661E-01 -6.7305E-01
  2.2000E+01  1.2000E+01  0.0000E+00  6.7000E-01  0.0000E+00  0.0000E+00  1.0000E+00  7.6493E-01  5.1267E+00  4.8663E+01 -5.1716E-02 -1.7909E-01  6.7291E-01 -3.1725E-02 -1.6385E-01  6.7000E-01  1.0070E+00 -3.3701E-01 -3.2480E-01
  2.2000E+01  2.4000E+01  0.0000E+00  2.0400E-01  0.0000E+00  0.0000E+00  1.0000E+00  7.6493E-01  5.1267E+00  4.8663E+01 -5.1716E-02 -1.7909E-01  1.9014E-01  2.9437E-01  2.5918E-01  2.0400E-01  4.6261E-01 -2.5861E-01  1.5031E-01
  2.2000E+01  1.6800E+02  1.0000E+02  0.0000E+00  1.0000E+00  1.0000E+00  2.0000E+00  8.5870E-01  6.5816E+00  4.8663E+01  1.9810E-01 -6.3444E-02  6.6191E-10 -1.6149E-08  0.0000E+00  0.0000E+00  4.0863E-05  0.0000E+00  0.0000E+00
  2.2000E+01  1.6850E+02  0.0000E+00  4.7900E-01  0.0000E+00  0.0000E+00  2.0000E+00  8.5870E-01  6.5816E+00  4.8663E+01  1.9810E-01 -6.3444E-02  6.9193E-01 -2.2707E+00 -2.4254E+00  4.7900E-01  8.2426E-01 -3.4526E-01 -1.9279E+00
  2.2000E+01  1.6900E+02  0.0000E+00  1.3120E+00  0.0000E+00  0.0000E+00  2.0000E+00  8.5870E-01  6.5816E+00  4.8663E+01  1.9810E-01 -6.3444E-02  1.0971E+00  1.5365E+00  1.2529E+00  1.3120E+00  1.2860E+00  2.5994E-02  1.0741E+00
  2.2000E+01  1.7000E+02  0.0000E+00  1.4620E+00  0.0000E+00  0.0000E+00  2.0000E+00  8.5870E-01  6.5816E+00  4.8663E+01  1.9810E-01 -6.3444E-02  1.4232E+00  2.1793E-01 -1.5496E-01  1.4620E+00  1.6561E+00 -1.9415E-01 -8.2358E-02
  2.2000E+01  1.7200E+02  0.0000E+00  1.3570E+00  0.0000E+00  0.0000E+00  2.0000E+00  8.5870E-01  6.5816E+00  4.8663E+01  1.9810E-01 -6.3444E-02  1.3414E+00  9.2744E-02 -4.0570E-01  1.3570E+00  1.6583E+00 -3.0134E-01 -4.0261E-01
  2.2000E+01  1.7600E+02  0.0000E+00  8.1300E-01  0.0000E+00  0.0000E+00  2.0000E+00  8.5870E-01  6.5816E+00  4.8663E+01  1.9810E-01 -6.3444E-02  8.2413E-01 -1.0262E-01 -7.8809E-01  8.1300E-01  1.3046E+00 -4.9163E-01 -1.0147E+00
  2.2000E+01  1.8000E+02  0.0000E+00  3.7800E-01  0.0000E+00  0.0000E+00  2.0000E+00  8.5870E-01  6.5816E+00  4.8663E+01  1.9810E-01 -6.3444E-02  4.8118E-01 -1.4419E+00 -2.0802E+00  3.7800E-01  1.0070E+00 -6.2903E-01 -1.8154E+00
  2.2000E+01  1.9200E+02  0.0000E+00  1.4200E-01  0.0000E+00  0.0000E+00  2.0000E+00  8.5870E-01  6.5816E+00  4.8663E+01  1.9810E-01 -6.3444E-02  9.4956E-02  1.1046E+00  8.7854E-01  1.4200E-01  4.6262E-01 -3.2062E-01  4.9780E-01
  2.2000E+01  3.3600E+02  1.0000E+02  0.0000E+00  1.0000E+00  1.0000E+00  3.0000E+00  1.0822E+00  4.9058E+00  4.8663E+01 -9.5768E-02  1.6786E-01  4.7091E-08 -1.1489E-06  0.0000E+00  0.0000E+00  4.0864E-05  0.0000E+00  0.0000E+00
  2.2000E+01  3.3650E+02  0.0000E+00  8.4800E-01  0.0000E+00  0.0000E+00  3.0000E+00  1.0822E+00  4.9058E+00  4.8663E+01 -9.5768E-02  1.6786E-01  8.3556E-01  1.1332E-01  2.0473E-01  8.4800E-01  8.2426E-01  2.3740E-02  1.7755E-01
  2.2000E+01  3.3700E+02  0.0000E+00  1.4140E+00  0.0000E+00  0.0000E+00  3.0000E+00  1.0822E+00  4.9058E+00  4.8663E+01 -9.5768E-02  1.6786E-01  1.2809E+00  8.2468E-01  8.9467E-01  1.4140E+00  1.2860E+00  1.2799E-01  9.1233E-01
  2.2000E+01  3.3800E+02  0.0000E+00  1.4530E+00  0.0000E+00  0.0000E+00  3.0000E+00  1.0822E+00  4.9058E+00  4.8663E+01 -9.5768E-02  1.6786E-01  1.5921E+00 -7.0120E-01 -7.1661E-01  1.4530E+00  1.6561E+00 -2.0315E-01 -5.3681E-01
  2.2000E+01  3.4000E+02  0.0000E+00  1.4940E+00  0.0000E+00  0.0000E+00  3.0000E+00  1.0822E+00  4.9058E+00  4.8663E+01 -9.5768E-02  1.6786E-01  1.4842E+00  5.2919E-02 -6.6226E-02  1.4940E+00  1.6583E+00 -1.6434E-01  5.5704E-02
  2.2000E+01  3.4400E+02  0.0000E+00  9.7300E-01  0.0000E+00  0.0000E+00  3.0000E+00  1.0822E+00  4.9058E+00  4.8663E+01 -9.5768E-02  1.6786E-01  1.0112E+00 -2.9425E-01 -4.2328E-01  9.7300E-01  1.3046E+00 -3.3163E-01 -4.0678E-01
  2.2000E+01  3.4800E+02  0.0000E+00  7.2400E-01  0.0000E+00  0.0000E+00  3.0000E+00  1.0822E+00  4.9058E+00  4.8663E+01 -9.5768E-02  1.6786E-01  6.7590E-01  5.2265E-01  4.4942E-01  7.2400E-01  1.0070E+00 -2.8303E-01  1.0046E-01
  2.2000E+01  3.6000E+02  0.0000E+00  2.1500E-01  0.0000E+00  0.0000E+00  3.0000E+00  1.0822E+00  4.9058E+00  4.8663E+01 -9.5768E-02  1.6786E-01  2.0161E-01  2.8023E-01  3.1546E-01  2.1500E-01  4.6262E-01 -2.4762E-01  2.2979E-01
  2.3000E+01  0.0000E+00  1.0000E+02  0.0000E+00  1.0000E+00  1.0000E+00  1.0000E+00  1.2353E+00  1.1370E+00  5.6652E+01 -1.5040E-01  2.0928E-02  0.0000E+00  0.0000E+00  0.0000E+00  0.0000E+00  0.0000E+00  0.0000E+00  0.0000E+00
  2.3000E+01  5.0000E-01  0.0000E+00  9.0100E-01  0.0000E+00  0.0000E+00  1.0000E+00  1.2353E+00  1.1370E+00  5.6652E+01 -1.5040E-01  2.0928E-02  8.0887E-01  8.6278E-01  9.6729E-01  9.0100E-01  8.2422E-01  7.6780E-02  8.1275E-01
  2.3000E+01  1.0000E+00  0.0000E+00  1.0730E+00  0.0000E+00  0.0000E+00  1.0000E+00  1.2353E+00  1.1370E+00  5.6652E+01 -1.5040E-01  2.0928E-02  1.2370E+00 -1.0493E+00 -1.0729E+00  1.0730E+00  1.2860E+00 -2.1297E-01 -9.1718E-01
  2.3000E+01  2.0000E+00  0.0000E+00  1.5840E+00  0.0000E+00  0.0000E+00  1.0000E+00  1.2353E+00  1.1370E+00  5.6652E+01 -1.5040E-01  2.0928E-02  1.5720E+00  6.1093E-02 -1.7140E-01  1.5840E+00  1.6561E+00 -7.2112E-02  4.5627E-02
  2.3000E+01  4.0000E+00  0.0000E+00  1.7470E+00  0.0000E+00  0.0000E+00  1.0000E+00  1.2353E+00  1.1370E+00  5.6652E+01 -1.5040E-01  2.0928E-02  1.6431E+00  5.0837E-01  2.0806E-01  1.7470E+00  1.6583E+00  8.8689E-02  3.8297E-01
  2.3000E+01  8.0000E+00  0.0000E+00  1.6440E+00  0.0000E+00  0.0000E+00  1.0000E+00  1.2353E+00  1.1370E+00  5.6652E+01 -1.5040E-01  2.0928E-02  1.5281E+00  6.0788E-01  5.2045E-01  1.6440E+00  1.3046E+00  3.3939E-01  3.7210E-01
  2.3000E+01  1.2000E+01  0.0000E+00  1.3320E+00  0.0000E+00  0.0000E+00  1.0000E+00  1.2353E+00  1.1370E+00  5.6652E+01 -1.5040E-01  2.0928E-02  1.4103E+00 -4.4289E-01 -3.0657E-01  1.3320E+00  1.0070E+00  3.2499E-01 -9.6320E-01
  2.3000E+01  2.4000E+01  0.0000E+00  1.2860E+00  0.0000E+00  0.0000E+00  1.0000E+00  1.2353E+00  1.1370E+00  5.6652E+01 -1.5040E-01  2.0928E-02  1.1084E+00  1.2577E+00  1.9278E+00  1.2860E+00  4.6261E-01  8.2339E-01  2.8250E+00
  2.3000E+01  1.6800E+02  1.0000E+02  0.0000E+00  1.0000E+00  1.0000E+00  2.0000E+00  1.3971E+00  1.3565E+00  5.6652E+01  2.6071E-02  1.4403E-01  3.5262E-02 -8.5562E-01  0.0000E+00  0.0000E+00  4.0863E-05  0.0000E+00  0.0000E+00
  2.3000E+01  1.6850E+02  0.0000E+00  1.0340E+00  0.0000E+00  0.0000E+00  2.0000E+00  1.3971E+00  1.3565E+00  5.6652E+01  2.6071E-02  1.4403E-01  9.1628E-01  9.8948E-01  1.5001E+00  1.0340E+00  8.2426E-01  2.0974E-01  1.3726E+00
  2.3000E+01  1.6900E+02  0.0000E+00  1.0440E+00  0.0000E+00  0.0000E+00  2.0000E+00  1.3971E+00  1.3565E+00  5.6652E+01  2.6071E-02  1.4403E-01  1.3437E+00 -1.7751E+00 -1.4829E+00  1.0440E+00  1.2860E+00 -2.4201E-01 -1.4837E+00
  2.3000E+01  1.7000E+02  0.0000E+00  1.8890E+00  0.0000E+00  0.0000E+00  2.0000E+00  1.3971E+00  1.3565E+00  5.6652E+01  2.6071E-02  1.4403E-01  1.6357E+00  1.2442E+00  1.2072E+00  1.8890E+00  1.6561E+00  2.3285E-01  1.3465E+00
  2.3000E+01  1.7200E+02  0.0000E+00  1.6700E+00  0.0000E+00  0.0000E+00  2.0000E+00  1.3971E+00  1.3565E+00  5.6652E+01  2.6071E-02  1.4403E-01  1.6572E+00  6.1915E-02 -1.0040E-01  1.6700E+00  1.6583E+00  1.1658E-02  1.3790E-01
  2.3000E+01  1.7600E+02  0.0000E+00  1.6000E+00  0.0000E+00  0.0000E+00  2.0000E+00  1.3971E+00  1.3565E+00  5.6652E+01  2.6071E-02  1.4403E-01  1.5120E+00  4.6630E-01  4.7742E-01  1.6000E+00  1.3046E+00  2.9537E-01  4.9467E-01
  2.3000E+01  1.8000E+02  0.0000E+00  1.2530E+00  0.0000E+00  0.0000E+00  2.0000E+00  1.3971E+00  1.3565E+00  5.6652E+01  2.6071E-02  1.4403E-01  1.3739E+00 -7.0118E-01 -5.1380E-01  1.2530E+00  1.0070E+00  2.4597E-01 -9.3607E-01
  2.3000E+01  1.9200E+02  0.0000E+00  1.0420E+00  0.0000E+00  0.0000E+00  2.0000E+00  1.3971E+00  1.3565E+00  5.6652E+01  2.6071E-02  1.4403E-01  1.0308E+00  8.4819E-02  6.5329E-01  1.0420E+00  4.6262E-01  5.7938E-01  9.6768E-01
  2.3000E+01  3.3600E+02  1.0000E+02  0.0000E+00  1.0000E+00  1.0000E+00  3.0000E+00  1.1098E+00  1.3790E+00  5.6652E+01  4.2571E-02 -8.6168E-02  3.0964E-02 -7.5227E-01  0.0000E+00  0.0000E+00  4.0864E-05  0.0000E+00  0.0000E+00
  2.3000E+01  3.3650E+02  0.0000E+00  7.6900E-01  0.0000E+00  0.0000E+00  3.0000E+00  1.1098E+00  1.3790E+00  5.6652E+01  4.2571E-02 -8.6168E-02  7.7736E-01 -8.0935E-02 -1.1784E-01  7.6900E-01  8.2426E-01 -5.5260E-02 -2.8855E-01
  2.3000E+01  3.3700E+02  0.0000E+00  1.2090E+00  0.0000E+00  0.0000E+00  3.0000E+00  1.1098E+00  1.3790E+00  5.6652E+01  4.2571E-02 -8.6168E-02  1.1967E+00  8.1257E-02 -4.6883E-02  1.2090E+00  1.2860E+00 -7.7006E-02 -8.4088E-02
  2.3000E+01  3.3800E+02  0.0000E+00  1.6280E+00  0.0000E+00  0.0000E+00  3.0000E+00  1.1098E+00  1.3790E+00  5.6652E+01  4.2571E-02 -8.6168E-02  1.5524E+00  3.9047E-01  1.8348E-01  1.6280E+00  1.6561E+00 -2.8148E-02  3.1965E-01
  2.3000E+01  3.4000E+02  0.0000E+00  1.3160E+00  0.0000E+00  0.0000E+00  3.0000E+00  1.1098E+00  1.3790E+00  5.6652E+01  4.2571E-02 -8.6168E-02  1.6441E+00 -1.6039E+00 -1.7849E+00  1.3160E+00  1.6583E+00 -3.4234E-01 -1.5098E+00
  2.3000E+01  3.4400E+02  0.0000E+00  1.2550E+00  0.0000E+00  0.0000E+00  3.0000E+00  1.1098E+00  1.3790E+00  5.6652E+01  4.2571E-02 -8.6168E-02  1.5106E+00 -1.3551E+00 -1.3415E+00  1.2550E+00  1.3046E+00 -4.9632E-02 -1.5209E+00
  2.3000E+01  3.4800E+02  0.0000E+00  1.4580E+00  0.0000E+00  0.0000E+00  3.0000E+00  1.1098E+00  1.3790E+00  5.6652E+01  4.2571E-02 -8.6168E-02  1.3707E+00  5.0742E-01  7.0516E-01  1.4580E+00  1.0070E+00  4.5097E-01  5.6573E-01
  2.3000E+01  3.6000E+02  0.0000E+00  1.0760E+00  0.0000E+00  0.0000E+00  3.0000E+00  1.1098E+00  1.3790E+00  5.6652E+01  4.2571E-02 -8.6168E-02  1.0235E+00  3.9982E-01  1.0006E+00  1.0760E+00  4.6262E-01  6.1338E-01  1.4506E+00
  2.4000E+01  0.0000E+00  1.0000E+02  0.0000E+00  1.0000E+00  1.0000E+00  1.0000E+00  1.3019E+00  3.2421E+00  8.0607E+01  8.6896E-02  2.1295E-01  0.0000E+00  0.0000E+00  0.0000E+00  0.0000E+00  0.0000E+00  0.0000E+00  0.0000E+00
  2.4000E+01  5.0000E-01  0.0000E+00  5.6900E-01  0.0000E+00  0.0000E+00  1.0000E+00  1.3019E+00  3.2421E+00  8.0607E+01  8.6896E-02  2.1295E-01  5.8701E-01 -2.1838E-01 -2.0487E-01  5.6900E-01  8.2422E-01 -2.5522E-01 -1.7645E-01
  2.4000E+01  1.0000E+00  0.0000E+00  1.0270E+00  0.0000E+00  0.0000E+00  1.0000E+00  1.3019E+00  3.2421E+00  8.0607E+01  8.6896E-02  2.1295E-01  8.8147E-01  1.2655E+00  1.0251E+00  1.0270E+00  1.2860E+00 -2.5897E-01  6.8084E-01
  2.4000E+01  2.0000E+00  0.0000E+00  9.8800E-01  0.0000E+00  0.0000E+00  1.0000E+00  1.3019E+00  3.2421E+00  8.0607E+01  8.6896E-02  2.1295E-01  1.0865E+00 -7.1034E-01 -1.3273E+00  9.8800E-01  1.6561E+00 -6.6811E-01 -8.9142E-01
  2.4000E+01  4.0000E+00  0.0000E+00  1.0860E+00  0.0000E+00  0.0000E+00  1.0000E+00  1.3019E+00  3.2421E+00  8.0607E+01  8.6896E-02  2.1295E-01  1.0829E+00  2.2536E-02 -7.3850E-01  1.0860E+00  1.6583E+00 -5.7231E-01 -5.2108E-01
  2.4000E+01  8.0000E+00  0.0000E+00  8.6400E-01  0.0000E+00  0.0000E+00  1.0000E+00  1.3019E+00  3.2421E+00  8.0607E+01  8.6896E-02  2.1295E-01  9.2789E-01 -5.3104E-01 -1.0607E+00  8.6400E-01  1.3046E+00 -4.4061E-01 -7.4586E-01
  2.4000E+01  1.2000E+01  0.0000E+00  8.6900E-01  0.0000E+00  0.0000E+00  1.0000E+00  1.3019E+00  3.2421E+00  8.0607E+01  8.6896E-02  2.1295E-01  7.9003E-01  7.5458E-01  4.4902E-01  8.6900E-01  1.0070E+00 -1.3801E-01  3.5954E-01
  2.4000E+01  2.4000E+01  0.0000E+00  4.5300E-01  0.0000E+00  0.0000E+00  1.0000E+00  1.3019E+00  3.2421E+00  8.0607E+01  8.6896E-02  2.1295E-01  4.8756E-01 -4.7870E-01 -3.7015E-01  4.5300E-01  4.6261E-01 -9.6099E-03 -2.2481E-01
  2.4000E+01  1.6800E+02  1.0000E+02  0.0000E+00  1.0000E+00  1.0000E+00  2.0000E+00  1.0011E+00  3.3630E+00  8.0607E+01  1.2349E-01 -4.9795E-02  1.1992E-03 -2.9258E-02  0.0000E+00  0.0000E+00  4.0863E-05  0.0000E+00  0.0000E+00
  2.4000E+01  1.6850E+02  0.0000E+00  3.0500E-01  0.0000E+00  0.0000E+00  2.0000E+00  1.0011E+00  3.3630E+00  8.0607E+01  1.2349E-01 -4.9795E-02  4.8425E-01 -2.4943E+00 -2.6459E+00  3.0500E-01  8.2426E-01 -5.1926E-01 -1.7035E+00
  2.4000E+01  1.6900E+02  0.0000E+00  9.5900E-01  0.0000E+00  0.0000E+00  2.0000E+00  1.0011E+00  3.3630E+00  8.0607E+01  1.2349E-01 -4.9795E-02  7.6708E-01  1.8798E+00  1.4803E+00  9.5900E-01  1.2860E+00 -3.2701E-01  8.0107E-01
  2.4000E+01  1.7000E+02  0.0000E+00  1.0480E+00  0.0000E+00  0.0000E+00  2.0000E+00  1.0011E+00  3.3630E+00  8.0607E+01  1.2349E-01 -4.9795E-02  1.0172E+00  2.3587E-01 -4.1684E-01  1.0480E+00  1.6561E+00 -6.0815E-01 -3.4754E-01
  2.4000E+01  1.7200E+02  0.0000E+00  8.4400E-01  0.0000E+00  0.0000E+00  2.0000E+00  1.0011E+00  3.3630E+00  8.0607E+01  1.2349E-01 -4.9795E-02  1.0730E+00 -1.6706E+00 -2.3970E+00  8.4400E-01  1.6583E+00 -8.1434E-01 -1.6050E+00
  2.4000E+01  1.7600E+02  0.0000E+00  7.8700E-01  0.0000E+00  0.0000E+00  2.0000E+00  1.0011E+00  3.3630E+00  8.0607E+01  1.2349E-01 -4.9795E-02  9.2760E-01 -1.1691E+00 -1.6653E+00  7.8700E-01  1.3046E+00 -5.1763E-01 -1.1310E+00
  2.4000E+01  1.8000E+02  0.0000E+00  6.8800E-01  0.0000E+00  0.0000E+00  2.0000E+00  1.0011E+00  3.3630E+00  8.0607E+01  1.2349E-01 -4.9795E-02  7.8539E-01 -9.3516E-01 -1.1946E+00  6.8800E-01  1.0070E+00 -3.1903E-01 -8.1129E-01
  2.4000E+01  1.9200E+02  0.0000E+00  5.1700E-01  0.0000E+00  0.0000E+00  2.0000E+00  1.0011E+00  3.3630E+00  8.0607E+01  1.2349E-01 -4.9795E-02  4.7606E-01  5.7626E-01  7.6555E-01  5.1700E-01  4.6262E-01  5.4382E-02  8.3367E-01
  2.4000E+01  3.3600E+02  1.0000E+02  0.0000E+00  1.0000E+00  1.0000E+00  3.0000E+00  8.9575E-01  2.3951E+00  8.0607E+01 -2.1591E-01 -1.6100E-01  6.5987E-03 -1.6096E-01  0.0000E+00  0.0000E+00  4.0864E-05  0.0000E+00  0.0000E+00
  2.4000E+01  3.3650E+02  0.0000E+00  3.9800E-01  0.0000E+00  0.0000E+00  3.0000E+00  8.9575E-01  2.3951E+00  8.0607E+01 -2.1591E-01 -1.6100E-01  4.5081E-01 -7.7040E-01 -1.1608E+00  3.9800E-01  8.2426E-01 -4.2626E-01 -7.5733E-01
  2.4000E+01  3.3700E+02  0.0000E+00  7.9000E-01  0.0000E+00  0.0000E+00  3.0000E+00  8.9575E-01  2.3951E+00  8.0607E+01 -2.1591E-01 -1.6100E-01  7.2808E-01  6.3345E-01  3.9414E-02  7.9000E-01  1.2860E+00 -4.9601E-01 -1.0730E-01
  2.4000E+01  3.3800E+02  0.0000E+00  1.0340E+00  0.0000E+00  0.0000E+00  3.0000E+00  8.9575E-01  2.3951E+00  8.0607E+01 -2.1591E-01 -1.6100E-01  1.0014E+00  2.5301E-01 -4.7050E-01  1.0340E+00  1.6561E+00 -6.2215E-01 -4.4406E-01
  2.4000E+01  3.4000E+02  0.0000E+00  1.0870E+00  0.0000E+00  0.0000E+00  3.0000E+00  8.9575E-01  2.3951E+00  8.0607E+01 -2.1591E-01 -1.6100E-01  1.1096E+00 -1.5960E-01 -8.1186E-01  1.0870E+00  1.6583E+00 -5.7134E-01 -6.6482E-01
  2.4000E+01  3.4400E+02  0.0000E+00  1.1030E+00  0.0000E+00  0.0000E+00  3.0000E+00  8.9575E-01  2.3951E+00  8.0607E+01 -2.1591E-01 -1.6100E-01  1.0159E+00  6.6780E-01  3.4879E-01  1.1030E+00  1.3046E+00 -2.0163E-01  1.7280E-01
  2.4000E+01  3.4800E+02  0.0000E+00  8.4000E-01  0.0000E+00  0.0000E+00  3.0000E+00  8.9575E-01  2.3951E+00  8.0607E+01 -2.1591E-01 -1.6100E-01  9.0290E-01 -5.3560E-01 -5.4555E-01  8.4000E-01  1.0070E+00 -1.6703E-01 -5.9322E-01
  2.4000E+01  3.6000E+02  0.0000E+00  7.5400E-01  0.0000E+00  0.0000E+00  3.0000E+00  8.9575E-01  2.3951E+00  8.0607E+01 -2.1591E-01 -1.6100E-01  6.3213E-01  1.3964E+00  2.0500E+00  7.5400E-01  4.6262E-01  2.9138E-01  2.0724E+00
  2.5000E+01  0.0000E+00  1.0000E+02  0.0000E+00  1.0000E+00  1.0000E+00  1.0000E+00  7.1155E-01  5.3373E+00  4.3863E+01 -2.5922E-02 -1.5112E-01  0.0000E+00  0.0000E+00  0.0000E+00  0.0000E+00  0.0000E+00  0.0000E+00  0.0000E+00
  2.5000E+01  5.0000E-01  0.0000E+00  5.6300E-01  0.0000E+00  0.0000E+00  1.0000E+00  7.1155E-01  5.3373E+00  4.3863E+01 -2.5922E-02 -1.5112E-01  6.6097E-01 -1.0838E+00 -1.4583E+00  5.6300E-01  8.2422E-01 -2.6122E-01 -1.2535E+00
  2.5000E+01  1.0000E+00  0.0000E+00  1.2360E+00  0.0000E+00  0.0000E+00  1.0000E+00  7.1155E-01  5.3373E+00  4.3863E+01 -2.5922E-02 -1.5112E-01  1.0851E+00  1.0901E+00  6.8336E-01  1.2360E+00  1.2860E+00 -4.9967E-02  5.1021E-01
  2.5000E+01  2.0000E+00  0.0000E+00  1.5150E+00  0.0000E+00  0.0000E+00  1.0000E+00  7.1155E-01  5.3373E+00  4.3863E+01 -2.5922E-02 -1.5112E-01  1.4934E+00  1.1588E-01 -1.3355E-01  1.5150E+00  1.6561E+00 -1.4111E-01 -3.7134E-02
  2.5000E+01  4.0000E+00  0.0000E+00  1.2270E+00  0.0000E+00  0.0000E+00  1.0000E+00  7.1155E-01  5.3373E+00  4.3863E+01 -2.5922E-02 -1.5112E-01  1.5306E+00 -1.5895E+00 -1.5748E+00  1.2270E+00  1.6583E+00 -4.3131E-01 -1.3187E+00
  2.5000E+01  8.0000E+00  0.0000E+00  1.0050E+00  0.0000E+00  0.0000E+00  1.0000E+00  7.1155E-01  5.3373E+00  4.3863E+01 -2.5922E-02 -1.5112E-01  1.0297E+00 -1.8680E-01 -1.6807E-01  1.0050E+00  1.3046E+00 -2.9961E-01 -2.6409E-01
  2.5000E+01  1.2000E+01  0.0000E+00  6.3800E-01  0.0000E+00  0.0000E+00  1.0000E+00  7.1155E-01  5.3373E+00  4.3863E+01 -2.5922E-02 -1.5112E-01  6.3803E-01 -3.1457E-04 -9.3460E-02  6.3800E-01  1.0070E+00 -3.6901E-01 -3.7772E-01
  2.5000E+01  2.4000E+01  0.0000E+00  1.8400E-01  0.0000E+00  0.0000E+00  1.0000E+00  7.1155E-01  5.3373E+00  4.3863E+01 -2.5922E-02 -1.5112E-01  1.4827E-01  7.9760E-01  6.7606E-01  1.8400E-01  4.6261E-01 -2.7861E-01  4.6489E-01
  2.5000E+01  1.6800E+02  1.0000E+02  0.0000E+00  1.0000E+00  1.0000E+00  2.0000E+00  9.8832E-01  6.4976E+00  4.3863E+01  1.7080E-01  1.7745E-01  8.0700E-11 -1.9689E-09  0.0000E+00  0.0000E+00  4.0863E-05  0.0000E+00  0.0000E+00
  2.5000E+01  1.6850E+02  0.0000E+00  9.3100E-01  0.0000E+00  0.0000E+00  2.0000E+00  9.8832E-01  6.4976E+00  4.3863E+01  1.7080E-01  1.7745E-01  8.5423E-01  6.8608E-01  7.7136E-01  9.3100E-01  8.2426E-01  1.0674E-01  7.0750E-01
  2.5000E+01  1.6900E+02  0.0000E+00  1.2430E+00  0.0000E+00  0.0000E+00  2.0000E+00  9.8832E-01  6.4976E+00  4.3863E+01  1.7080E-01  1.7745E-01  1.3144E+00 -4.3167E-01 -3.3161E-01  1.2430E+00  1.2860E+00 -4.3006E-02 -2.7487E-01
  2.5000E+01  1.7000E+02  0.0000E+00  1.6630E+00  0.0000E+00  0.0000E+00  2.0000E+00  9.8832E-01  6.4976E+00  4.3863E+01  1.7080E-01  1.7745E-01  1.6226E+00  1.9985E-01  1.9423E-01  1.6630E+00  1.6561E+00  6.8521E-03  3.1070E-01
  2.5000E+01  1.7200E+02  0.0000E+00  1.7110E+00  0.0000E+00  0.0000E+00  2.0000E+00  9.8832E-01  6.4976E+00  4.3863E+01  1.7080E-01  1.7745E-01  1.4314E+00  1.5603E+00  1.1889E+00  1.7110E+00  1.6583E+00  5.2658E-02  1.0648E+00
  2.5000E+01  1.7600E+02  0.0000E+00  8.9400E-01  0.0000E+00  0.0000E+00  2.0000E+00  9.8832E-01  6.4976E+00  4.3863E+01  1.7080E-01  1.7745E-01  8.1889E-01  6.9605E-01 -2.1321E-01  8.9400E-01  1.3046E+00 -4.1063E-01 -5.6570E-01
  2.5000E+01  1.8000E+02  0.0000E+00  3.4900E-01  0.0000E+00  0.0000E+00  2.0000E+00  9.8832E-01  6.4976E+00  4.3863E+01  1.7080E-01  1.7745E-01  4.5331E-01 -1.5161E+00 -2.5117E+00  3.4900E-01  1.0070E+00 -6.5803E-01 -1.9410E+00
  2.5000E+01  1.9200E+02  0.0000E+00  6.7000E-02  0.0000E+00  0.0000E+00  2.0000E+00  9.8832E-01  6.4976E+00  4.3863E+01  1.7080E-01  1.7745E-01  7.6630E-02 -2.2906E-01 -6.4896E-01  6.7000E-02  4.6262E-01 -3.9562E-01 -6.7214E-02
  2.5000E+01  3.3600E+02  1.0000E+02  0.0000E+00  1.0000E+00  1.0000E+00  3.0000E+00  7.0799E-01  4.9915E+00  4.3863E+01 -9.2900E-02 -1.5613E-01  5.8559E-09 -1.4287E-07  0.0000E+00  0.0000E+00  4.0864E-05  0.0000E+00  0.0000E+00
  2.5000E+01  3.3650E+02  0.0000E+00  4.4100E-01  0.0000E+00  0.0000E+00  3.0000E+00  7.0799E-01  4.9915E+00  4.3863E+01 -9.2900E-02 -1.5613E-01  6.5959E-01 -2.4221E+00 -2.7953E+00  4.4100E-01  8.2426E-01 -3.8326E-01 -2.1639E+00
  2.5000E+01  3.3700E+02  0.0000E+00  1.1960E+00  0.0000E+00  0.0000E+00  3.0000E+00  7.0799E-01  4.9915E+00  4.3863E+01 -9.2900E-02 -1.5613E-01  1.0861E+00  7.9334E-01  3.5365E-01  1.1960E+00  1.2860E+00 -9.0006E-02  3.5397E-01
  2.5000E+01  3.3800E+02  0.0000E+00  1.7960E+00  0.0000E+00  0.0000E+00  3.0000E+00  7.0799E-01  4.9915E+00  4.3863E+01 -9.2900E-02 -1.5613E-01  1.5043E+00  1.5527E+00  1.2831E+00  1.7960E+00  1.6561E+00  1.3985E-01  1.3099E+00
  2.5000E+01  3.4000E+02  0.0000E+00  1.5480E+00  0.0000E+00  0.0000E+00  3.0000E+00  7.0799E-01  4.9915E+00  4.3863E+01 -9.2900E-02 -1.5613E-01  1.5631E+00 -7.7628E-02 -2.2977E-02  1.5480E+00  1.6583E+00 -1.1034E-01  1.6038E-01
  2.5000E+01  3.4400E+02  0.0000E+00  9.2900E-01  0.0000E+00  0.0000E+00  3.0000E+00  7.0799E-01  4.9915E+00  4.3863E+01 -9.2900E-02 -1.5613E-01  1.0836E+00 -1.1178E+00 -1.0103E+00  9.2900E-01  1.3046E+00 -3.7563E-01 -8.4387E-01
  2.5000E+01  3.4800E+02  0.0000E+00  7.6600E-01  0.0000E+00  0.0000E+00  3.0000E+00  7.0799E-01  4.9915E+00  4.3863E+01 -9.2900E-02 -1.5613E-01  6.9277E-01  7.8012E-01  7.6216E-01  7.6600E-01  1.0070E+00 -2.4103E-01  3.3591E-01
  2.5000E+01  3.6000E+02  0.0000E+00  1.8600E-01  0.0000E+00  0.0000E+00  3.0000E+00  7.0799E-01  4.9915E+00  4.3863E+01 -9.2900E-02 -1.5613E-01  1.7696E-01  1.9521E-01  9.0775E-02  1.8600E-01  4.6262E-01 -2.7662E-01  1.2616E-01
  2.6000E+01  0.0000E+00  1.0000E+02  0.0000E+00  1.0000E+00  1.0000E+00  1.0000E+00  8.8276E-01  2.4187E+00  3.3455E+01 -1.9489E-01 -1.8672E-02  0.0000E+00  0.0000E+00  0.0000E+00  0.0000E+00  0.0000E+00  0.0000E+00  0.0000E+00
  2.6000E+01  5.0000E-01  0.0000E+00  9.6500E-01  0.0000E+00  0.0000E+00  1.0000E+00  8.8276E-01  2.4187E+00  3.3455E+01 -1.9489E-01 -1.8672E-02  1.0462E+00 -6.0629E-01 -7.8266E-01  9.6500E-01  8.2422E-01  1.4078E-01 -8.7138E-01
  2.6000E+01  1.0000E+00  0.0000E+00  1.6160E+00  0.0000E+00  0.0000E+00  1.0000E+00  8.8276E-01  2.4187E+00  3.3455E+01 -1.9489E-01 -1.8672E-02  1.6819E+00 -3.1540E-01 -3.0846E-01  1.6160E+00  1.2860E+00  3.3003E-01 -3.0934E-01
  2.6000E+01  2.0000E+00  0.0000E+00  2.8260E+00  0.0000E+00  0.0000E+00  1.0000E+00  8.8276E-01  2.4187E+00  3.3455E+01 -1.9489E-01 -1.8672E-02  2.2604E+00  2.0306E+00  2.4232E+00  2.8260E+00  1.6561E+00  1.1699E+00  3.2336E+00
  2.6000E+01  4.0000E+00  0.0000E+00  2.3860E+00  0.0000E+00  0.0000E+00  1.0000E+00  8.8276E-01  2.4187E+00  3.3455E+01 -1.9489E-01 -1.8672E-02  2.3428E+00  1.4976E-01  8.7852E-01  2.3860E+00  1.6583E+00  7.2769E-01  1.1467E+00
  2.6000E+01  8.0000E+00  0.0000E+00  1.9150E+00  0.0000E+00  0.0000E+00  1.0000E+00  8.8276E-01  2.4187E+00  3.3455E+01 -1.9489E-01 -1.8672E-02  1.8230E+00  4.0695E-01  1.0043E+00  1.9150E+00  1.3046E+00  6.1039E-01  1.3048E+00
  2.6000E+01  1.2000E+01  0.0000E+00  1.5040E+00  0.0000E+00  0.0000E+00  1.0000E+00  8.8276E-01  2.4187E+00  3.3455E+01 -1.9489E-01 -1.8672E-02  1.3672E+00  7.9687E-01  1.1253E+00  1.5040E+00  1.0070E+00  4.9699E-01  1.4359E+00
  2.6000E+01  2.4000E+01  0.0000E+00  5.7300E-01  0.0000E+00  0.0000E+00  1.0000E+00  8.8276E-01  2.4187E+00  3.3455E+01 -1.9489E-01 -1.8672E-02  5.7424E-01 -1.5330E-02 -1.6818E-01  5.7300E-01  4.6261E-01  1.1039E-01 -1.4962E-01
  2.6000E+01  1.6800E+02  1.0000E+02  0.0000E+00  1.0000E+00  1.0000E+00  2.0000E+00  9.6959E-01  2.8137E+00  3.3455E+01 -4.3624E-02  7.5151E-02  3.1584E-06 -7.7057E-05  0.0000E+00  0.0000E+00  4.0863E-05  0.0000E+00  0.0000E+00
  2.6000E+01  1.6850E+02  0.0000E+00  1.1740E+00  0.0000E+00  0.0000E+00  2.0000E+00  9.6959E-01  2.8137E+00  3.3455E+01 -4.3624E-02  7.5151E-02  1.1226E+00  3.5968E-01  3.7291E-01  1.1740E+00  8.2426E-01  3.4974E-01  4.5830E-01
  2.6000E+01  1.6900E+02  0.0000E+00  1.7730E+00  0.0000E+00  0.0000E+00  2.0000E+00  9.6959E-01  2.8137E+00  3.3455E+01 -4.3624E-02  7.5151E-02  1.7677E+00  2.4051E-02  2.5887E-01  1.7730E+00  1.2860E+00  4.8699E-01  3.2991E-01
  2.6000E+01  1.7000E+02  0.0000E+00  2.3380E+00  0.0000E+00  0.0000E+00  2.0000E+00  9.6959E-01  2.8137E+00  3.3455E+01 -4.3624E-02  7.5151E-02  2.2955E+00  1.5021E-01  6.8382E-01  2.3380E+00  1.6561E+00  6.8185E-01  8.6927E-01
  2.6000E+01  1.7200E+02  0.0000E+00  1.8410E+00  0.0000E+00  0.0000E+00  2.0000E+00  9.6959E-01  2.8137E+00  3.3455E+01 -4.3624E-02  7.5151E-02  2.2703E+00 -1.5345E+00 -8.7292E-01  1.8410E+00  1.6583E+00  1.8266E-01 -1.2312E+00
  2.6000E+01  1.7600E+02  0.0000E+00  1.8060E+00  0.0000E+00  0.0000E+00  2.0000E+00  9.6959E-01  2.8137E+00  3.3455E+01 -4.3624E-02  7.5151E-02  1.6687E+00  6.6178E-01  1.0233E+00  1.8060E+00  1.3046E+00  5.0137E-01  1.2457E+00
  2.6000E+01  1.8000E+02  0.0000E+00  1.0800E+00  0.0000E+00  0.0000E+00  2.0000E+00  9.6959E-01  2.8137E+00  3.3455E+01 -4.3624E-02  7.5151E-02  1.1930E+00 -7.4769E-01 -6.6999E-01  1.0800E+00  1.0070E+00  7.2967E-02 -7.0928E-01
  2.6000E+01  1.9200E+02  0.0000E+00  4.7700E-01  0.0000E+00  0.0000E+00  2.0000E+00  9.6959E-01  2.8137E+00  3.3455E+01 -4.3624E-02  7.5151E-02  4.3485E-01  6.2912E-01  3.9134E-01  4.7700E-01  4.6262E-01  1.4382E-02  3.1450E-01
  2.6000E+01  3.3600E+02  1.0000E+02  0.0000E+00  1.0000E+00  1.0000E+00  3.0000E+00  7.8146E-01  3.7064E+00  3.3455E+01  2.3194E-01 -1.4057E-01  5.1285E-08 -1.2512E-06  0.0000E+00  0.0000E+00  4.0864E-05  0.0000E+00  0.0000E+00
  2.6000E+01  3.3650E+02  0.0000E+00  9.1700E-01  0.0000E+00  0.0000E+00  3.0000E+00  7.8146E-01  3.7064E+00  3.3455E+01  2.3194E-01 -1.4057E-01  9.3879E-01 -1.7926E-01 -5.3800E-01  9.1700E-01  8.2426E-01  9.2740E-02 -5.7187E-01
  2.6000E+01  3.3700E+02  0.0000E+00  1.5070E+00  0.0000E+00  0.0000E+00  3.0000E+00  7.8146E-01  3.7064E+00  3.3455E+01  2.3194E-01 -1.4057E-01  1.5234E+00 -8.5991E-02 -3.6276E-01  1.5070E+00  1.2860E+00  2.2099E-01 -3.7503E-01
  2.6000E+01  3.3800E+02  0.0000E+00  2.1800E+00  0.0000E+00  0.0000E+00  3.0000E+00  7.8146E-01  3.7064E+00  3.3455E+01  2.3194E-01 -1.4057E-01  2.0609E+00  4.6793E-01  4.3458E-01  2.1800E+00  1.6561E+00  5.2385E-01  5.9431E-01
  2.6000E+01  3.4000E+02  0.0000E+00  2.1230E+00  0.0000E+00  0.0000E+00  3.0000E+00  7.8146E-01  3.7064E+00  3.3455E+01  2.3194E-01 -1.4057E-01  2.0831E+00  1.5504E-01  2.4430E-01  2.1230E+00  1.6583E+00  4.6466E-01  3.4684E-01
  2.6000E+01  3.4400E+02  0.0000E+00  1.5310E+00  0.0000E+00  0.0000E+00  3.0000E+00  7.8146E-01  3.7064E+00  3.3455E+01  2.3194E-01 -1.4057E-01  1.4288E+00  5.7091E-01  1.0845E-01  1.5310E+00  1.3046E+00  2.2637E-01  5.1782E-02
  2.6000E+01  3.4800E+02  0.0000E+00  9.2400E-01  0.0000E+00  0.0000E+00  3.0000E+00  7.8146E-01  3.7064E+00  3.3455E+01  2.3194E-01 -1.4057E-01  9.2136E-01  2.2094E-02 -9.4285E-01  9.2400E-01  1.0070E+00 -8.3033E-02 -1.0992E+00
  2.6000E+01  3.6000E+02  0.0000E+00  2.0500E-01  0.0000E+00  0.0000E+00  3.0000E+00  7.8146E-01  3.7064E+00  3.3455E+01  2.3194E-01 -1.4057E-01  2.4390E-01 -7.6818E-01 -1.7724E+00  2.0500E-01  4.6262E-01 -2.5762E-01 -1.4777E+00
  2.7000E+01  0.0000E+00  1.0000E+02  0.0000E+00  1.0000E+00  1.0000E+00  1.0000E+00  9.3995E-01  2.8121E+00  5.5361E+01 -1.8014E-02  4.3617E-02  0.0000E+00  0.0000E+00  0.0000E+00  0.0000E+00  0.0000E+00  0.0000E+00  0.0000E+00
  2.7000E+01  5.0000E-01  0.0000E+00  6.8400E-01  0.0000E+00  0.0000E+00  1.0000E+00  9.3995E-01  2.8121E+00  5.5361E+01 -1.8014E-02  4.3617E-02  6.6815E-01  1.7387E-01  1.0259E-01  6.8400E-01  8.2422E-01 -1.4022E-01  5.6816E-02
  2.7000E+01  1.0000E+00  0.0000E+00  9.2700E-01  0.0000E+00  0.0000E+00  1.0000E+00  9.3995E-01  2.8121E+00  5.5361E+01 -1.8014E-02  4.3617E-02  1.0690E+00 -1.0395E+00 -1.1599E+00  9.2700E-01  1.2860E+00 -3.5897E-01 -9.4626E-01
  2.7000E+01  2.0000E+00  0.0000E+00  1.7820E+00  0.0000E+00  0.0000E+00  1.0000E+00  9.3995E-01  2.8121E+00  5.5361E+01 -1.8014E-02  4.3617E-02  1.4336E+00  1.9407E+00  1.7868E+00  1.7820E+00  1.6561E+00  1.2589E-01  1.5263E+00
  2.7000E+01  4.0000E+00  0.0000E+00  1.2500E+00  0.0000E+00  0.0000E+00  1.0000E+00  9.3995E-01  2.8121E+00  5.5361E+01 -1.8014E-02  4.3617E-02  1.5139E+00 -1.3962E+00 -1.5294E+00  1.2500E+00  1.6583E+00 -4.0831E-01 -1.3444E+00
  2.7000E+01  8.0000E+00  0.0000E+00  1.3100E+00  0.0000E+00  0.0000E+00  1.0000E+00  9.3995E-01  2.8121E+00  5.5361E+01 -1.8014E-02  4.3617E-02  1.2708E+00  2.4443E-01  1.8846E-01  1.3100E+00  1.3046E+00  5.3919E-03  1.8201E-01
  2.7000E+01  1.2000E+01  0.0000E+00  1.2250E+00  0.0000E+00  0.0000E+00  1.0000E+00  9.3995E-01  2.8121E+00  5.5361E+01 -1.8014E-02  4.3617E-02  1.0380E+00  1.4061E+00  1.4055E+00  1.2250E+00  1.0070E+00  2.1799E-01  1.3038E+00
  2.7000E+01  2.4000E+01  0.0000E+00  5.1300E-01  0.0000E+00  0.0000E+00  1.0000E+00  9.3995E-01  2.8121E+00  5.5361E+01 -1.8014E-02  4.3617E-02  5.6427E-01 -6.4031E-01 -5.8423E-01  5.1300E-01  4.6261E-01  5.0390E-02 -6.3596E-01
  2.7000E+01  1.6800E+02  1.0000E+02  0.0000E+00  1.0000E+00  1.0000E+00  2.0000E+00  8.5458E-01  3.3027E+00  5.5361E+01  1.4281E-01 -5.1600E-02  1.0486E-04 -2.5583E-03  0.0000E+00  0.0000E+00  4.0863E-05  0.0000E+00  0.0000E+00
  2.7000E+01  1.6850E+02  0.0000E+00  6.5400E-01  0.0000E+00  0.0000E+00  2.0000E+00  8.5458E-01  3.3027E+00  5.5361E+01  1.4281E-01 -5.1600E-02  6.1828E-01  4.1641E-01  1.9611E-01  6.5400E-01  8.2426E-01 -1.7026E-01  8.1119E-02
  2.7000E+01  1.6900E+02  0.0000E+00  9.5300E-01  0.0000E+00  0.0000E+00  2.0000E+00  8.5458E-01  3.3027E+00  5.5361E+01  1.4281E-01 -5.1600E-02  1.0033E+00 -3.9016E-01 -6.6303E-01  9.5300E-01  1.2860E+00 -3.3301E-01 -5.7003E-01
  2.7000E+01  1.7000E+02  0.0000E+00  1.4230E+00  0.0000E+00  0.0000E+00  2.0000E+00  8.5458E-01  3.3027E+00  5.5361E+01  1.4281E-01 -5.1600E-02  1.3721E+00  2.9587E-01  1.3659E-02  1.4230E+00  1.6561E+00 -2.3315E-01 -2.3261E-02
  2.7000E+01  1.7200E+02  0.0000E+00  1.2510E+00  0.0000E+00  0.0000E+00  2.0000E+00  8.5458E-01  3.3027E+00  5.5361E+01  1.4281E-01 -5.1600E-02  1.4661E+00 -1.1731E+00 -1.4125E+00  1.2510E+00  1.6583E+00 -4.0734E-01 -1.2027E+00
  2.7000E+01  1.7600E+02  0.0000E+00  1.3680E+00  0.0000E+00  0.0000E+00  2.0000E+00  8.5458E-01  3.3027E+00  5.5361E+01  1.4281E-01 -5.1600E-02  1.2029E+00  1.0846E+00  8.6157E-01  1.3680E+00  1.3046E+00  6.3368E-02  8.1402E-01
  2.7000E+01  1.8000E+02  0.0000E+00  8.4400E-01  0.0000E+00  0.0000E+00  2.0000E+00  8.5458E-01  3.3027E+00  5.5361E+01  1.4281E-01 -5.1600E-02  9.4909E-01 -8.5623E-01 -1.0955E+00  8.4400E-01  1.0070E+00 -1.6303E-01 -9.5455E-01
  2.7000E+01  1.9200E+02  0.0000E+00  4.5500E-01  0.0000E+00  0.0000E+00  2.0000E+00  8.5458E-01  3.3027E+00  5.5361E+01  1.4281E-01 -5.1600E-02  4.6391E-01 -1.2756E-01 -3.9769E-01  4.5500E-01  4.6262E-01 -7.6185E-03 -4.1332E-01
  2.7000E+01  3.3600E+02  1.0000E+02  0.0000E+00  1.0000E+00  1.0000E+00  3.0000E+00  8.3412E-01  2.5045E+00  5.5361E+01 -1.3384E-01 -7.5838E-02  6.8745E-04 -1.6772E-02  0.0000E+00  0.0000E+00  4.0864E-05  0.0000E+00  0.0000E+00
  2.7000E+01  3.3650E+02  0.0000E+00  6.6900E-01  0.0000E+00  0.0000E+00  3.0000E+00  8.3412E-01  2.5045E+00  5.5361E+01 -1.3384E-01 -7.5838E-02  6.0927E-01  7.0417E-01  5.0461E-01  6.6900E-01  8.2426E-01 -1.5526E-01  3.2128E-01
  2.7000E+01  3.3700E+02  0.0000E+00  8.9800E-01  0.0000E+00  0.0000E+00  3.0000E+00  8.3412E-01  2.5045E+00  5.5361E+01 -1.3384E-01 -7.5838E-02  9.9669E-01 -7.6972E-01 -1.0185E+00  8.9800E-01  1.2860E+00 -3.8801E-01 -8.3569E-01
  2.7000E+01  3.3800E+02  0.0000E+00  1.3820E+00  0.0000E+00  0.0000E+00  3.0000E+00  8.3412E-01  2.5045E+00  5.5361E+01 -1.3384E-01 -7.5838E-02  1.3851E+00 -1.8097E-02 -2.4478E-01  1.3820E+00  1.6561E+00 -2.7415E-01 -2.5006E-01
  2.7000E+01  3.4000E+02  0.0000E+00  1.5320E+00  0.0000E+00  0.0000E+00  3.0000E+00  8.3412E-01  2.5045E+00  5.5361E+01 -1.3384E-01 -7.5838E-02  1.5264E+00  2.9332E-02 -6.0727E-02  1.5320E+00  1.6583E+00 -1.2634E-01 -4.5618E-02
  2.7000E+01  3.4400E+02  0.0000E+00  1.3550E+00  0.0000E+00  0.0000E+00  3.0000E+00  8.3412E-01  2.5045E+00  5.5361E+01 -1.3384E-01 -7.5838E-02  1.3280E+00  1.6164E-01  2.7357E-01  1.3550E+00  1.3046E+00  5.0368E-02  2.7736E-01
  2.7000E+01  3.4800E+02  0.0000E+00  9.7900E-01  0.0000E+00  0.0000E+00  3.0000E+00  8.3412E-01  2.5045E+00  5.5361E+01 -1.3384E-01 -7.5838E-02  1.1101E+00 -9.2733E-01 -6.8090E-01  9.7900E-01  1.0070E+00 -2.8033E-02 -7.2576E-01
  2.7000E+01  3.6000E+02  0.0000E+00  7.3800E-01  0.0000E+00  0.0000E+00  3.0000E+00  8.3412E-01  2.5045E+00  5.5361E+01 -1.3384E-01 -7.5838E-02  6.4511E-01  1.0475E+00  1.4917E+00  7.3800E-01  4.6262E-01  2.7538E-01  1.6061E+00
  2.8000E+01  0.0000E+00  1.0000E+02  0.0000E+00  1.0000E+00  1.0000E+00  1.0000E+00  1.1203E+00  3.5693E+00  4.6313E+01 -1.5232E-01 -2.6183E-01  0.0000E+00  0.0000E+00  0.0000E+00  0.0000E+00  0.0000E+00  0.0000E+00  0.0000E+00
  2.8000E+01  5.0000E-01  0.0000E+00  8.5700E-01  0.0000E+00  0.0000E+00  1.0000E+00  1.1203E+00  3.5693E+00  4.6313E+01 -1.5232E-01 -2.6183E-01  9.0677E-01 -4.2220E-01 -7.1900E-01  8.5700E-01  8.2422E-01  3.2780E-02 -8.6667E-01
  2.8000E+01  1.0000E+00  0.0000E+00  1.3820E+00  0.0000E+00  0.0000E+00  1.0000E+00  1.1203E+00  3.5693E+00  4.6313E+01 -1.5232E-01 -2.6183E-01  1.3904E+00 -4.8091E-02 -3.0493E-01  1.3820E+00  1.2860E+00  9.6033E-02 -3.0777E-01
  2.8000E+01  2.0000E+00  0.0000E+00  1.9100E+00  0.0000E+00  0.0000E+00  1.0000E+00  1.1203E+00  3.5693E+00  4.6313E+01 -1.5232E-01 -2.6183E-01  1.7408E+00  7.8293E-01  6.4944E-01  1.9100E+00  1.6561E+00  2.5389E-01  8.5384E-01
  2.8000E+01  4.0000E+00  0.0000E+00  1.3720E+00  0.0000E+00  0.0000E+00  1.0000E+00  1.1203E+00  3.5693E+00  4.6313E+01 -1.5232E-01 -2.6183E-01  1.6774E+00 -1.4643E+00 -1.4431E+00  1.3720E+00  1.6583E+00 -2.8631E-01 -1.1197E+00
  2.8000E+01  8.0000E+00  0.0000E+00  1.1520E+00  0.0000E+00  0.0000E+00  1.0000E+00  1.1203E+00  3.5693E+00  4.6313E+01 -1.5232E-01 -2.6183E-01  1.2514E+00 -6.2911E-01 -4.5672E-01  1.1520E+00  1.3046E+00 -1.5261E-01 -2.2622E-01
  2.8000E+01  1.2000E+01  0.0000E+00  1.1240E+00  0.0000E+00  0.0000E+00  1.0000E+00  1.1203E+00  3.5693E+00  4.6313E+01 -1.5232E-01 -2.6183E-01  9.1961E-01  1.7125E+00  1.9809E+00  1.1240E+00  1.0070E+00  1.1699E-01  1.7358E+00
  2.8000E+01  2.4000E+01  0.0000E+00  3.5400E-01  0.0000E+00  0.0000E+00  1.0000E+00  1.1203E+00  3.5693E+00  4.6313E+01 -1.5232E-01 -2.6183E-01  3.6472E-01 -1.7724E-01  1.5779E-01  3.5400E-01  4.6261E-01 -1.0861E-01 -1.1687E-01
  2.8000E+01  1.6800E+02  1.0000E+02  0.0000E+00  1.0000E+00  1.0000E+00  2.0000E+00  1.5113E+00  5.0585E+00  4.6313E+01  1.9637E-01  3.7556E-02  5.3865E-08 -1.3142E-06  0.0000E+00  0.0000E+00  4.0863E-05  0.0000E+00  0.0000E+00
  2.8000E+01  1.6850E+02  0.0000E+00  1.1370E+00  0.0000E+00  0.0000E+00  2.0000E+00  1.5113E+00  5.0585E+00  4.6313E+01  1.9637E-01  3.7556E-02  1.1105E+00  1.8732E-01  3.7742E-01  1.1370E+00  8.2426E-01  3.1274E-01  4.6783E-01
  2.8000E+01  1.6900E+02  0.0000E+00  1.4840E+00  0.0000E+00  0.0000E+00  2.0000E+00  1.5113E+00  5.0585E+00  4.6313E+01  1.9637E-01  3.7556E-02  1.5731E+00 -4.5443E-01 -3.4475E-01  1.4840E+00  1.2860E+00  1.9799E-01 -4.2580E-01
  2.8000E+01  1.7000E+02  0.0000E+00  1.9400E+00  0.0000E+00  0.0000E+00  2.0000E+00  1.5113E+00  5.0585E+00  4.6313E+01  1.9637E-01  3.7556E-02  1.7574E+00  8.3712E-01  7.0402E-01  1.9400E+00  1.6561E+00  2.8385E-01  7.4536E-01
  2.8000E+01  1.7200E+02  0.0000E+00  1.3060E+00  0.0000E+00  0.0000E+00  2.0000E+00  1.5113E+00  5.0585E+00  4.6313E+01  1.9637E-01  3.7556E-02  1.4981E+00 -1.0264E+00 -1.3855E+00  1.3060E+00  1.6583E+00 -3.5234E-01 -1.1964E+00
  2.8000E+01  1.7600E+02  0.0000E+00  9.2700E-01  0.0000E+00  0.0000E+00  2.0000E+00  1.5113E+00  5.0585E+00  4.6313E+01  1.9637E-01  3.7556E-02  9.7138E-01 -3.5422E-01 -8.0432E-01  9.2700E-01  1.3046E+00 -3.7763E-01 -8.3181E-01
  2.8000E+01  1.8000E+02  0.0000E+00  5.3000E-01  0.0000E+00  0.0000E+00  2.0000E+00  1.5113E+00  5.0585E+00  4.6313E+01  1.9637E-01  3.7556E-02  6.2756E-01 -1.1242E+00 -1.5363E+00  5.3000E-01  1.0070E+00 -4.7703E-01 -1.4395E+00
  2.8000E+01  1.9200E+02  0.0000E+00  2.1200E-01  0.0000E+00  0.0000E+00  2.0000E+00  1.5113E+00  5.0585E+00  4.6313E+01  1.9637E-01  3.7556E-02  1.6921E-01  9.3246E-01  7.4539E-01  2.1200E-01  4.6262E-01 -2.5062E-01  1.1809E-01
  2.8000E+01  3.3600E+02  1.0000E+02  0.0000E+00  1.0000E+00  1.0000E+00  3.0000E+00  2.1817E+00  4.0823E+00  4.6313E+01 -1.8025E-02  4.0474E-01  5.1986E-07 -1.2683E-05  0.0000E+00  0.0000E+00  4.0864E-05  0.0000E+00  0.0000E+00
  2.8000E+01  3.3650E+02  0.0000E+00  1.4380E+00  0.0000E+00  0.0000E+00  3.0000E+00  2.1817E+00  4.0823E+00  4.6313E+01 -1.8025E-02  4.0474E-01  1.3972E+00  2.3264E-01  1.0060E+00  1.4380E+00  8.2426E-01  6.1374E-01  1.1501E+00
  2.8000E+01  3.3700E+02  0.0000E+00  2.1660E+00  0.0000E+00  0.0000E+00  3.0000E+00  2.1817E+00  4.0823E+00  4.6313E+01 -1.8025E-02  4.0474E-01  1.8064E+00  1.6057E+00  2.0030E+00  2.1660E+00  1.2860E+00  8.7999E-01  2.2129E+00
  2.8000E+01  3.3800E+02  0.0000E+00  1.8620E+00  0.0000E+00  0.0000E+00  3.0000E+00  2.1817E+00  4.0823E+00  4.6313E+01 -1.8025E-02  4.0474E-01  1.8578E+00  1.8263E-02 -4.6487E-02  1.8620E+00  1.6561E+00  2.0585E-01 -3.2725E-01
  2.8000E+01  3.4000E+02  0.0000E+00  1.6810E+00  0.0000E+00  0.0000E+00  3.0000E+00  2.1817E+00  4.0823E+00  4.6313E+01 -1.8025E-02  4.0474E-01  1.5812E+00  5.0656E-01  3.0930E-01  1.6810E+00  1.6583E+00  2.2658E-02  3.7594E-01
  2.8000E+01  3.4400E+02  0.0000E+00  1.1310E+00  0.0000E+00  0.0000E+00  3.0000E+00  2.1817E+00  4.0823E+00  4.6313E+01 -1.8025E-02  4.0474E-01  1.1116E+00  1.3691E-01 -5.1036E-02  1.1310E+00  1.3046E+00 -1.7363E-01  1.0248E-01
  2.8000E+01  3.4800E+02  0.0000E+00  7.6100E-01  0.0000E+00  0.0000E+00  3.0000E+00  2.1817E+00  4.0823E+00  4.6313E+01 -1.8025E-02  4.0474E-01  7.8132E-01 -1.9599E-01 -3.5955E-01  7.6100E-01  1.0070E+00 -2.4603E-01 -2.7677E-01
  2.8000E+01  3.6000E+02  0.0000E+00  2.8000E-01  0.0000E+00  0.0000E+00  3.0000E+00  2.1817E+00  4.0823E+00  4.6313E+01 -1.8025E-02  4.0474E-01  2.7130E-01  1.6518E-01  6.1719E-02  2.8000E-01  4.6262E-01 -1.8262E-01 -1.3743E-01
  2.9000E+01  0.0000E+00  1.0000E+02  0.0000E+00  1.0000E+00  1.0000E+00  1.0000E+00  4.5525E-01  1.0091E+00  4.4724E+01  2.0488E-02 -4.5789E-02  0.0000E+00  0.0000E+00  0.0000E+00  0.0000E+00  0.0000E+00  0.0000E+00  0.0000E+00
  2.9000E+01  5.0000E-01  0.0000E+00  4.2600E-01  0.0000E+00  0.0000E+00  1.0000E+00  4.5525E-01  1.0091E+00  4.4724E+01  2.0488E-02 -4.5789E-02  4.5253E-01 -3.8605E-01 -7.9535E-01  4.2600E-01  8.2422E-01 -3.9822E-01 -7.0745E-01
  2.9000E+01  1.0000E+00  0.0000E+00  9.0700E-01  0.0000E+00  0.0000E+00  1.0000E+00  4.5525E-01  1.0091E+00  4.4724E+01  2.0488E-02 -4.5789E-02  8.0786E-01  9.2946E-01  3.8284E-01  9.0700E-01  1.2860E+00 -3.7897E-01  1.0208E-01
  2.9000E+01  2.0000E+00  0.0000E+00  1.2410E+00  0.0000E+00  0.0000E+00  1.0000E+00  4.5525E-01  1.0091E+00  4.4724E+01  2.0488E-02 -4.5789E-02  1.3023E+00 -3.7362E-01 -9.0306E-01  1.2410E+00  1.6561E+00 -4.1511E-01 -5.2199E-01
  2.9000E+01  4.0000E+00  0.0000E+00  1.7400E+00  0.0000E+00  0.0000E+00  1.0000E+00  4.5525E-01  1.0091E+00  4.4724E+01  2.0488E-02 -4.5789E-02  1.7687E+00 -1.3087E-01 -3.1100E-01  1.7400E+00  1.6583E+00  8.1689E-02  2.8335E-01
  2.9000E+01  8.0000E+00  0.0000E+00  1.8310E+00  0.0000E+00  0.0000E+00  1.0000E+00  4.5525E-01  1.0091E+00  4.4724E+01  2.0488E-02 -4.5789E-02  1.9024E+00 -3.0309E-01  6.4670E-02  1.8310E+00  1.3046E+00  5.2639E-01  2.2428E-01
  2.9000E+01  1.2000E+01  0.0000E+00  1.8630E+00  0.0000E+00  0.0000E+00  1.0000E+00  4.5525E-01  1.0091E+00  4.4724E+01  2.0488E-02 -4.5789E-02  1.7845E+00  3.5447E-01  9.2233E-01  1.8630E+00  1.0070E+00  8.5599E-01  7.2232E-01
  2.9000E+01  2.4000E+01  0.0000E+00  1.3730E+00  0.0000E+00  0.0000E+00  1.0000E+00  4.5525E-01  1.0091E+00  4.4724E+01  2.0488E-02 -4.5789E-02  1.3688E+00  2.4411E-02  6.4285E-01  1.3730E+00  4.6261E-01  9.1039E-01  2.3675E-02
  2.9000E+01  1.6800E+02  1.0000E+02  0.0000E+00  1.0000E+00  1.0000E+00  2.0000E+00  5.6023E-01  9.0860E-01  4.4724E+01 -8.4460E-02  1.6171E-01  7.3425E-02 -1.7501E+00  0.0000E+00  0.0000E+00  4.0863E-05  0.0000E+00  0.0000E+00
  2.9000E+01  1.6850E+02  0.0000E+00  5.1500E-01  0.0000E+00  0.0000E+00  2.0000E+00  5.6023E-01  9.0860E-01  4.4724E+01 -8.4460E-02  1.6171E-01  6.1603E-01 -1.1810E+00 -1.3339E+00  5.1500E-01  8.2426E-01 -3.0926E-01 -1.0571E+00
  2.9000E+01  1.6900E+02  0.0000E+00  1.1370E+00  0.0000E+00  0.0000E+00  2.0000E+00  5.6023E-01  9.0860E-01  4.4724E+01 -8.4460E-02  1.6171E-01  1.0204E+00  8.9018E-01  6.8804E-01  1.1370E+00  1.2860E+00 -1.4901E-01  6.2985E-01
  2.9000E+01  1.7000E+02  0.0000E+00  1.7360E+00  0.0000E+00  0.0000E+00  2.0000E+00  5.6023E-01  9.0860E-01  4.4724E+01 -8.4460E-02  1.6171E-01  1.5416E+00  1.0110E+00  9.1876E-01  1.7360E+00  1.6561E+00  7.9852E-02  1.3772E+00
  2.9000E+01  1.7200E+02  0.0000E+00  1.9660E+00  0.0000E+00  0.0000E+00  2.0000E+00  5.6023E-01  9.0860E-01  4.4724E+01 -8.4460E-02  1.6171E-01  1.9599E+00  2.5058E-02  2.9169E-01  1.9660E+00  1.6583E+00  3.0766E-01  1.1789E+00
  2.9000E+01  1.7600E+02  0.0000E+00  1.4920E+00  0.0000E+00  0.0000E+00  2.0000E+00  5.6023E-01  9.0860E-01  4.4724E+01 -8.4460E-02  1.6171E-01  2.0082E+00 -2.0798E+00 -1.4030E+00  1.4920E+00  1.3046E+00  1.8737E-01 -2.0585E+00
  2.9000E+01  1.8000E+02  0.0000E+00  1.8760E+00  0.0000E+00  0.0000E+00  2.0000E+00  5.6023E-01  9.0860E-01  4.4724E+01 -8.4460E-02  1.6171E-01  1.8729E+00  1.3425E-02  8.2651E-01  1.8760E+00  1.0070E+00  8.6897E-01  2.7662E-01
  2.9000E+01  1.9200E+02  0.0000E+00  1.7370E+00  0.0000E+00  0.0000E+00  2.0000E+00  5.6023E-01  9.0860E-01  4.4724E+01 -8.4460E-02  1.6171E-01  1.4699E+00  1.4533E+00  2.3788E+00  1.7370E+00  4.6262E-01  1.2744E+00  3.2743E+00
  2.9000E+01  3.3600E+02  1.0000E+02  0.0000E+00  1.0000E+00  1.0000E+00  3.0000E+00  2.7523E-01  9.4509E-01  4.4724E+01 -4.5081E-02 -5.4902E-01  7.0104E-02 -1.6744E+00  0.0000E+00  0.0000E+00  4.0864E-05  0.0000E+00  0.0000E+00
  2.9000E+01  3.3650E+02  0.0000E+00  2.3400E-01  0.0000E+00  0.0000E+00  3.0000E+00  2.7523E-01  9.4509E-01  4.4724E+01 -4.5081E-02 -5.4902E-01  3.5529E-01 -2.0340E+00 -2.5526E+00  2.3400E-01  8.2426E-01 -5.9026E-01 -1.1542E+00
  2.9000E+01  3.3700E+02  0.0000E+00  6.2100E-01  0.0000E+00  0.0000E+00  3.0000E+00  2.7523E-01  9.4509E-01  4.4724E+01 -4.5081E-02 -5.4902E-01  6.0071E-01  2.4177E-01 -6.4579E-01  6.2100E-01  1.2860E+00 -6.6501E-01 -7.4362E-01
  2.9000E+01  3.3800E+02  0.0000E+00  1.0340E+00  0.0000E+00  0.0000E+00  3.0000E+00  2.7523E-01  9.4509E-01  4.4724E+01 -4.5081E-02 -5.4902E-01  9.9221E-01  3.2728E-01 -8.4855E-01  1.0340E+00  1.6561E+00 -6.2215E-01 -1.1566E+00
  2.9000E+01  3.4000E+02  0.0000E+00  1.6100E+00  0.0000E+00  0.0000E+00  3.0000E+00  2.7523E-01  9.4509E-01  4.4724E+01 -4.5081E-02 -5.4902E-01  1.4846E+00  6.7595E-01 -3.6351E-01  1.6100E+00  1.6583E+00 -4.8342E-02 -4.5996E-01
  2.9000E+01  3.4400E+02  0.0000E+00  1.6540E+00  0.0000E+00  0.0000E+00  3.0000E+00  2.7523E-01  9.4509E-01  4.4724E+01 -4.5081E-02 -5.4902E-01  1.8365E+00 -8.0208E-01 -1.0011E+00  1.6540E+00  1.3046E+00  3.4937E-01 -1.2868E+00
  2.9000E+01  3.4800E+02  0.0000E+00  1.9050E+00  0.0000E+00  0.0000E+00  3.0000E+00  2.7523E-01  9.4509E-01  4.4724E+01 -4.5081E-02 -5.4902E-01  1.8448E+00  2.6358E-01  6.9719E-01  1.9050E+00  1.0070E+00  8.9797E-01  2.9775E-01
  2.9000E+01  3.6000E+02  0.0000E+00  1.7900E+00  0.0000E+00  0.0000E+00  3.0000E+00  2.7523E-01  9.4509E-01  4.4724E+01 -4.5081E-02 -5.4902E-01  1.4974E+00  1.5640E+00  2.5726E+00  1.7900E+00  4.6262E-01  1.3274E+00  3.7454E+00
  3.0000E+01  0.0000E+00  1.0000E+02  0.0000E+00  1.0000E+00  1.0000E+00  1.0000E+00  1.0313E+00  4.3120E+00  4.5951E+01  2.9164E-01  1.2451E-01  0.0000E+00  0.0000E+00  0.0000E+00  0.0000E+00  0.0000E+00  0.0000E+00  0.0000E+00
  3.0000E+01  5.0000E-01  0.0000E+00  8.8100E-01  0.0000E+00  0.0000E+00  1.0000E+00  1.0313E+00  4.3120E+00  4.5951E+01  2.9164E-01  1.2451E-01  8.5481E-01  2.3395E-01  2.7095E-01  8.8100E-01  8.2422E-01  5.6780E-02  2.2265E-01
  3.0000E+01  1.0000E+00  0.0000E+00  1.3910E+00  0.0000E+00  0.0000E+00  1.0000E+00  1.0313E+00  4.3120E+00  4.5951E+01  2.9164E-01  1.2451E-01  1.3260E+00  3.8957E-01  4.4340E-01  1.3910E+00  1.2860E+00  1.0503E-01  4.6437E-01
  3.0000E+01  2.0000E+00  0.0000E+00  1.6070E+00  0.0000E+00  0.0000E+00  1.0000E+00  1.0313E+00  4.3120E+00  4.5951E+01  2.9164E-01  1.2451E-01  1.6801E+00 -3.4977E-01 -3.7284E-01  1.6070E+00  1.6561E+00 -4.9112E-02 -2.5190E-01
  3.0000E+01  4.0000E+00  0.0000E+00  1.8870E+00  0.0000E+00  0.0000E+00  1.0000E+00  1.0313E+00  4.3120E+00  4.5951E+01  2.9164E-01  1.2451E-01  1.6061E+00  1.4042E+00  1.1410E+00  1.8870E+00  1.6583E+00  2.2869E-01  1.2447E+00
  3.0000E+01  8.0000E+00  0.0000E+00  1.2710E+00  0.0000E+00  0.0000E+00  1.0000E+00  1.0313E+00  4.3120E+00  4.5951E+01  2.9164E-01  1.2451E-01  1.1294E+00  9.8547E-01  3.0371E-01  1.2710E+00  1.3046E+00 -3.3608E-02  2.5776E-01
  3.0000E+01  1.2000E+01  0.0000E+00  7.2700E-01  0.0000E+00  0.0000E+00  1.0000E+00  1.0313E+00  4.3120E+00  4.5951E+01  2.9164E-01  1.2451E-01  7.7640E-01 -4.7896E-01 -1.4055E+00  7.2700E-01  1.0070E+00 -2.8001E-01 -1.2596E+00
  3.0000E+01  2.4000E+01  0.0000E+00  1.8700E-01  0.0000E+00  0.0000E+00  1.0000E+00  1.0313E+00  4.3120E+00  4.5951E+01  2.9164E-01  1.2451E-01  2.5179E-01 -1.2654E+00 -2.1429E+00  1.8700E-01  4.6261E-01 -2.7561E-01 -1.8737E+00
  3.0000E+01  1.6800E+02  1.0000E+02  0.0000E+00  1.0000E+00  1.0000E+00  2.0000E+00  8.9002E-01  3.5650E+00  4.5951E+01  1.0140E-01 -2.2836E-02  3.5416E-06 -8.6405E-05  0.0000E+00  0.0000E+00  4.0863E-05  0.0000E+00  0.0000E+00
  3.0000E+01  1.6850E+02  0.0000E+00  6.9900E-01  0.0000E+00  0.0000E+00  2.0000E+00  8.9002E-01  3.5650E+00  4.5951E+01  1.0140E-01 -2.2836E-02  7.6559E-01 -6.5334E-01 -6.3891E-01  6.9900E-01  8.2426E-01 -1.2526E-01 -6.3131E-01
  3.0000E+01  1.6900E+02  0.0000E+00  1.4620E+00  0.0000E+00  0.0000E+00  2.0000E+00  8.9002E-01  3.5650E+00  4.5951E+01  1.0140E-01 -2.2836E-02  1.2271E+00  1.5148E+00  1.5251E+00  1.4620E+00  1.2860E+00  1.7599E-01  1.3761E+00
  3.0000E+01  1.7000E+02  0.0000E+00  1.2000E+00  0.0000E+00  0.0000E+00  2.0000E+00  8.9002E-01  3.5650E+00  4.5951E+01  1.0140E-01 -2.2836E-02  1.6394E+00 -2.1538E+00 -2.1087E+00  1.2000E+00  1.6561E+00 -4.5615E-01 -1.9657E+00
  3.0000E+01  1.7200E+02  0.0000E+00  1.5320E+00  0.0000E+00  0.0000E+00  2.0000E+00  8.9002E-01  3.5650E+00  4.5951E+01  1.0140E-01 -2.2836E-02  1.6802E+00 -7.0951E-01 -6.2825E-01  1.5320E+00  1.6583E+00 -1.2634E-01 -4.9283E-01
  3.0000E+01  1.7600E+02  0.0000E+00  1.0000E+00  0.0000E+00  0.0000E+00  2.0000E+00  8.9002E-01  3.5650E+00  4.5951E+01  1.0140E-01 -2.2836E-02  1.2797E+00 -1.7342E+00 -1.6970E+00  1.0000E+00  1.3046E+00 -3.0463E-01 -1.5506E+00
  3.0000E+01  1.8000E+02  0.0000E+00  8.8200E-01  0.0000E+00  0.0000E+00  2.0000E+00  8.9002E-01  3.5650E+00  4.5951E+01  1.0140E-01 -2.2836E-02  9.3965E-01 -4.7389E-01 -4.7211E-01  8.8200E-01  1.0070E+00 -1.2503E-01 -4.8398E-01
  3.0000E+01  1.9200E+02  0.0000E+00  4.2300E-01  0.0000E+00  0.0000E+00  2.0000E+00  8.9002E-01  3.5650E+00  4.5951E+01  1.0140E-01 -2.2836E-02  3.7040E-01  8.6259E-01  8.5878E-01  4.2300E-01  4.6262E-01 -3.9618E-02  3.4944E-01
  3.0000E+01  3.3600E+02  1.0000E+02  0.0000E+00  1.0000E+00  1.0000E+00  3.0000E+00  7.6136E-01  2.1788E+00  4.5951E+01 -3.9099E-01 -1.7897E-01  4.0123E-04 -9.7890E-03  0.0000E+00  0.0000E+00  4.0864E-05  0.0000E+00  0.0000E+00
  3.0000E+01  3.3650E+02  0.0000E+00  7.2300E-01  0.0000E+00  0.0000E+00  3.0000E+00  7.6136E-01  2.1788E+00  4.5951E+01 -3.9099E-01 -1.7897E-01  6.8077E-01  4.5624E-01  1.6680E-01  7.2300E-01  8.2426E-01 -1.0126E-01  1.3661E-01
  3.0000E+01  3.3700E+02  0.0000E+00  9.8600E-01  0.0000E+00  0.0000E+00  3.0000E+00  7.6136E-01  2.1788E+00  4.5951E+01 -3.9099E-01 -1.7897E-01  1.1298E+00 -1.0007E+00 -1.2947E+00  9.8600E-01  1.2860E+00 -3.0001E-01 -1.0830E+00
  3.0000E+01  3.3800E+02  0.0000E+00  1.6540E+00  0.0000E+00  0.0000E+00  3.0000E+00  7.6136E-01  2.1788E+00  4.5951E+01 -3.9099E-01 -1.7897E-01  1.6049E+00  2.4541E-01  1.2774E-01  1.6540E+00  1.6561E+00 -2.1479E-03  1.8688E-01
  3.0000E+01  3.4000E+02  0.0000E+00  2.0950E+00  0.0000E+00  0.0000E+00  3.0000E+00  7.6136E-01  2.1788E+00  4.5951E+01 -3.9099E-01 -1.7897E-01  1.8097E+00  1.2714E+00  1.5165E+00  2.0950E+00  1.6583E+00  4.3666E-01  1.7242E+00
  3.0000E+01  3.4400E+02  0.0000E+00  1.5350E+00  0.0000E+00  0.0000E+00  3.0000E+00  7.6136E-01  2.1788E+00  4.5951E+01 -3.9099E-01 -1.7897E-01  1.5832E+00 -2.4414E-01  3.4853E-01  1.5350E+00  1.3046E+00  2.3037E-01  3.8633E-01
  3.0000E+01  3.4800E+02  0.0000E+00  1.3570E+00  0.0000E+00  0.0000E+00  3.0000E+00  7.6136E-01  2.1788E+00  4.5951E+01 -3.9099E-01 -1.7897E-01  1.3138E+00  2.6163E-01  1.0181E+00  1.3570E+00  1.0070E+00  3.4997E-01  1.0316E+00
  3.0000E+01  3.6000E+02  0.0000E+00  8.7400E-01  0.0000E+00  0.0000E+00  3.0000E+00  7.6136E-01  2.1788E+00  4.5951E+01 -3.9099E-01 -1.7897E-01  7.4386E-01  1.3079E+00  2.2545E+00  8.7400E-01  4.6262E-01  4.1138E-01  2.3002E+00
  3.1000E+01  0.0000E+00  1.0000E+02  0.0000E+00  1.0000E+00  1.0000E+00  1.0000E+00  1.5242E+00  5.3501E+00  3.8293E+01  9.1074E-02  2.9119E-01  0.0000E+00  0.0000E+00  0.0000E+00  0.0000E+00  0.0000E+00  0.0000E+00  0.0000E+00
  3.1000E+01  5.0000E-01  0.0000E+00  1.4140E+00  0.0000E+00  0.0000E+00  1.0000E+00  1.5242E+00  5.3501E+00  3.8293E+01  9.1074E-02  2.9119E-01  1.3393E+00  4.4380E-01  9.7821E-01  1.4140E+00  8.2422E-01  5.8978E-01  1.1479E+00
  3.1000E+01  1.0000E+00  0.0000E+00  1.9470E+00  0.0000E+00  0.0000E+00  1.0000E+00  1.5242E+00  5.3501E+00  3.8293E+01  9.1074E-02  2.9119E-01  1.8740E+00  3.1474E-01  8.3340E-01  1.9470E+00  1.2860E+00  6.6103E-01  8.8304E-01
  3.1000E+01  2.0000E+00  0.0000E+00  2.2300E+00  0.0000E+00  0.0000E+00  1.0000E+00  1.5242E+00  5.3501E+00  3.8293E+01  9.1074E-02  2.9119E-01  2.0377E+00  7.6372E-01  9.7278E-01  2.2300E+00  1.6561E+00  5.7389E-01  1.1103E+00
  3.1000E+01  4.0000E+00  0.0000E+00  1.6960E+00  0.0000E+00  0.0000E+00  1.0000E+00  1.5242E+00  5.3501E+00  3.8293E+01  9.1074E-02  2.9119E-01  1.6376E+00  2.8648E-01  1.2517E-03  1.6960E+00  1.6583E+00  3.7689E-02  9.6957E-02
  3.1000E+01  8.0000E+00  0.0000E+00  1.0580E+00  0.0000E+00  0.0000E+00  1.0000E+00  1.5242E+00  5.3501E+00  3.8293E+01  9.1074E-02  2.9119E-01  9.4018E-01  9.6806E-01  2.4446E-01  1.0580E+00  1.3046E+00 -2.4661E-01 -1.3310E-01
  3.1000E+01  1.2000E+01  0.0000E+00  4.4200E-01  0.0000E+00  0.0000E+00  1.0000E+00  1.5242E+00  5.3501E+00  3.8293E+01  9.1074E-02  2.9119E-01  5.3766E-01 -1.2375E+00 -2.0082E+00  4.4200E-01  1.0070E+00 -5.6501E-01 -1.7263E+00
  3.1000E+01  2.4000E+01  0.0000E+00  1.0500E-01  0.0000E+00  0.0000E+00  1.0000E+00  1.5242E+00  5.3501E+00  3.8293E+01  9.1074E-02  2.9119E-01  1.0055E-01  1.0404E-01 -2.2704E-01  1.0500E-01  4.6261E-01 -3.5761E-01  9.8799E-02
  3.1000E+01  1.6800E+02  1.0000E+02  0.0000E+00  1.0000E+00  1.0000E+00  2.0000E+00  1.0309E+00  3.9460E+00  3.8293E+01 -2.1333E-01 -9.9877E-02  3.6133E-08 -8.8155E-07  0.0000E+00  0.0000E+00  4.0863E-05  0.0000E+00  0.0000E+00
  3.1000E+01  1.6850E+02  0.0000E+00  1.0880E+00  0.0000E+00  0.0000E+00  2.0000E+00  1.0309E+00  3.9460E+00  3.8293E+01 -2.1333E-01 -9.9877E-02  1.0229E+00  4.9601E-01  5.3026E-01  1.0880E+00  8.2426E-01  2.6374E-01  4.3601E-01
  3.1000E+01  1.6900E+02  0.0000E+00  1.6060E+00  0.0000E+00  0.0000E+00  2.0000E+00  1.0309E+00  3.9460E+00  3.8293E+01 -2.1333E-01 -9.9877E-02  1.5824E+00  1.1946E-01  2.6263E-01  1.6060E+00  1.2860E+00  3.1999E-01  3.4091E-01
  3.1000E+01  1.7000E+02  0.0000E+00  1.6180E+00  0.0000E+00  0.0000E+00  2.0000E+00  1.0309E+00  3.9460E+00  3.8293E+01 -2.1333E-01 -9.9877E-02  1.9919E+00 -1.5186E+00 -1.2163E+00  1.6180E+00  1.6561E+00 -3.8148E-02 -1.1635E+00
  3.1000E+01  1.7200E+02  0.0000E+00  1.7930E+00  0.0000E+00  0.0000E+00  2.0000E+00  1.0309E+00  3.9460E+00  3.8293E+01 -2.1333E-01 -9.9877E-02  1.8744E+00 -3.5061E-01  2.6842E-02  1.7930E+00  1.6583E+00  1.3466E-01  3.9592E-01
  3.1000E+01  1.7600E+02  0.0000E+00  1.2280E+00  0.0000E+00  0.0000E+00  2.0000E+00  1.0309E+00  3.9460E+00  3.8293E+01 -2.1333E-01 -9.9877E-02  1.2716E+00 -2.7165E-01  2.1091E-02  1.2280E+00  1.3046E+00 -7.6632E-02  1.8714E-01
  3.1000E+01  1.8000E+02  0.0000E+00  9.2800E-01  0.0000E+00  0.0000E+00  2.0000E+00  1.0309E+00  3.9460E+00  3.8293E+01 -2.1333E-01 -9.9877E-02  8.4251E-01  7.7315E-01  1.0137E+00  9.2800E-01  1.0070E+00 -7.9033E-02  7.7384E-01
  3.1000E+01  1.9200E+02  0.0000E+00  2.7000E-01  0.0000E+00  0.0000E+00  2.0000E+00  1.0309E+00  3.9460E+00  3.8293E+01 -2.1333E-01 -9.9877E-02  2.4465E-01  5.0016E-01  6.6026E-01  2.7000E-01  4.6262E-01 -1.9262E-01  4.0586E-01
  3.1000E+01  3.3600E+02  1.0000E+02  0.0000E+00  1.0000E+00  1.0000E+00  3.0000E+00  9.8487E-01  5.7517E+00  3.8293E+01  1.6345E-01 -1.4554E-01  9.8882E-11 -2.4125E-09  0.0000E+00  0.0000E+00  4.0864E-05  0.0000E+00  0.0000E+00
  3.1000E+01  3.3650E+02  0.0000E+00  8.3700E-01  0.0000E+00  0.0000E+00  3.0000E+00  9.8487E-01  5.7517E+00  3.8293E+01  1.6345E-01 -1.4554E-01  9.7530E-01 -1.0998E+00 -1.3027E+00  8.3700E-01  8.2426E-01  1.2740E-02 -1.5419E+00
  3.1000E+01  3.3700E+02  0.0000E+00  1.5790E+00  0.0000E+00  0.0000E+00  3.0000E+00  9.8487E-01  5.7517E+00  3.8293E+01  1.6345E-01 -1.4554E-01  1.5008E+00  4.1725E-01  2.5183E-01  1.5790E+00  1.2860E+00  2.9299E-01  3.1722E-01
  3.1000E+01  3.3800E+02  0.0000E+00  2.0640E+00  0.0000E+00  0.0000E+00  3.0000E+00  9.8487E-01  5.7517E+00  3.8293E+01  1.6345E-01 -1.4554E-01  1.8520E+00  9.2402E-01  8.1198E-01  2.0640E+00  1.6561E+00  4.0785E-01  1.0872E+00
  3.1000E+01  3.4000E+02  0.0000E+00  1.8520E+00  0.0000E+00  0.0000E+00  3.0000E+00  9.8487E-01  5.7517E+00  3.8293E+01  1.6345E-01 -1.4554E-01  1.6298E+00  1.0955E+00  8.0895E-01  1.8520E+00  1.6583E+00  1.9366E-01  9.2795E-01
  3.1000E+01  3.4400E+02  0.0000E+00  9.0200E-01  0.0000E+00  0.0000E+00  3.0000E+00  9.8487E-01  5.7517E+00  3.8293E+01  1.6345E-01 -1.4554E-01  9.2543E-01 -1.9521E-01 -9.1658E-01  9.0200E-01  1.3046E+00 -4.0263E-01 -1.1352E+00
  3.1000E+01  3.4800E+02  0.0000E+00  3.9500E-01  0.0000E+00  0.0000E+00  3.0000E+00  9.8487E-01  5.7517E+00  3.8293E+01  1.6345E-01 -1.4554E-01  5.0809E-01 -1.5227E+00 -2.2881E+00  3.9500E-01  1.0070E+00 -6.1203E-01 -2.1089E+00
  3.1000E+01  3.6000E+02  0.0000E+00  1.3000E-01  0.0000E+00  0.0000E+00  3.0000E+00  9.8487E-01  5.7517E+00  3.8293E+01  1.6345E-01 -1.4554E-01  8.3787E-02  1.0940E+00  8.0752E-01  1.3000E-01  4.6262E-01 -3.3262E-01  5.0274E-01
  3.2000E+01  0.0000E+00  1.0000E+02  0.0000E+00  1.0000E+00  1.0000E+00  1.0000E+00  1.1858E+00  1.1334E+00  4.7092E+01 -1.2291E-01  2.8487E-01  0.0000E+00  0.0000E+00  0.0000E+00  0.0000E+00  0.0000E+00  0.0000E+00  0.0000E+00
  3.2000E+01  5.0000E-01  0.0000E+00  1.0750E+00  0.0000E+00  0.0000E+00  1.0000E+00  1.1858E+00  1.1334E+00  4.7092E+01 -1.2291E-01  2.8487E-01  9.4357E-01  1.0764E+00  1.3715E+00  1.0750E+00  8.2422E-01  2.5078E-01  1.4122E+00
  3.2000E+01  1.0000E+00  0.0000E+00  1.3880E+00  0.0000E+00  0.0000E+00  1.0000E+00  1.1858E+00  1.1334E+00  4.7092E+01 -1.2291E-01  2.8487E-01  1.4538E+00 -3.6177E-01 -4.8536E-02  1.3880E+00  1.2860E+00  1.0203E-01  5.2802E-02
  3.2000E+01  2.0000E+00  0.0000E+00  1.7890E+00  0.0000E+00  0.0000E+00  1.0000E+00  1.1858E+00  1.1334E+00  4.7092E+01 -1.2291E-01  2.8487E-01  1.8633E+00 -3.2213E-01 -9.5830E-02  1.7890E+00  1.6561E+00  1.3289E-01  1.1816E-01
  3.2000E+01  4.0000E+00  0.0000E+00  1.6820E+00  0.0000E+00  0.0000E+00  1.0000E+00  1.1858E+00  1.1334E+00  4.7092E+01 -1.2291E-01  2.8487E-01  1.9497E+00 -1.1099E+00 -9.1991E-01  1.6820E+00  1.6583E+00  2.3689E-02 -9.0049E-01
  3.2000E+01  8.0000E+00  0.0000E+00  1.8370E+00  0.0000E+00  0.0000E+00  1.0000E+00  1.1858E+00  1.1334E+00  4.7092E+01 -1.2291E-01  2.8487E-01  1.7877E+00  2.2226E-01  5.6113E-01  1.8370E+00  1.3046E+00  5.3239E-01  4.0777E-01
  3.2000E+01  1.2000E+01  0.0000E+00  1.7160E+00  0.0000E+00  0.0000E+00  1.0000E+00  1.1858E+00  1.1334E+00  4.7092E+01 -1.2291E-01  2.8487E-01  1.6238E+00  4.5619E-01  9.4456E-01  1.7160E+00  1.0070E+00  7.0899E-01  6.2421E-01
  3.2000E+01  2.4000E+01  0.0000E+00  1.3540E+00  0.0000E+00  0.0000E+00  1.0000E+00  1.1858E+00  1.1334E+00  4.7092E+01 -1.2291E-01  2.8487E-01  1.2165E+00  8.9389E-01  1.6827E+00  1.3540E+00  4.6261E-01  8.9139E-01  2.4397E+00
  3.2000E+01  1.6800E+02  1.0000E+02  0.0000E+00  1.0000E+00  1.0000E+00  2.0000E+00  6.2187E-01  1.2814E+00  4.7092E+01 -1.4407E-04 -3.6062E-01  2.4177E-02 -5.8834E-01  0.0000E+00  0.0000E+00  4.0863E-05  0.0000E+00  0.0000E+00
  3.2000E+01  1.6850E+02  0.0000E+00  4.9400E-01  0.0000E+00  0.0000E+00  2.0000E+00  6.2187E-01  1.2814E+00  4.7092E+01 -1.4407E-04 -3.6062E-01  5.8728E-01 -1.1308E+00 -1.7202E+00  4.9400E-01  8.2426E-01 -3.3026E-01 -1.2448E+00
  3.2000E+01  1.6900E+02  0.0000E+00  9.9400E-01  0.0000E+00  0.0000E+00  2.0000E+00  6.2187E-01  1.2814E+00  4.7092E+01 -1.4407E-04 -3.6062E-01  9.9221E-01  1.4002E-02 -7.2333E-01  9.9400E-01  1.2860E+00 -2.9201E-01 -6.0094E-01
  3.2000E+01  1.7000E+02  0.0000E+00  1.4840E+00  0.0000E+00  0.0000E+00  2.0000E+00  6.2187E-01  1.2814E+00  4.7092E+01 -1.4407E-04 -3.6062E-01  1.4857E+00 -9.1790E-03 -6.2994E-01  1.4840E+00  1.6561E+00 -1.7215E-01 -4.9562E-01
  3.2000E+01  1.7200E+02  0.0000E+00  2.2560E+00  0.0000E+00  0.0000E+00  2.0000E+00  6.2187E-01  1.2814E+00  4.7092E+01 -1.4407E-04 -3.6062E-01  1.8287E+00  1.8850E+00  1.7361E+00  2.2560E+00  1.6583E+00  5.9766E-01  2.0339E+00
  3.2000E+01  1.7600E+02  0.0000E+00  1.4510E+00  0.0000E+00  0.0000E+00  2.0000E+00  6.2187E-01  1.2814E+00  4.7092E+01 -1.4407E-04 -3.6062E-01  1.7904E+00 -1.5283E+00 -1.1675E+00  1.4510E+00  1.3046E+00  1.4637E-01 -1.6763E+00
  3.2000E+01  1.8000E+02  0.0000E+00  1.4550E+00  0.0000E+00  0.0000E+00  2.0000E+00  6.2187E-01  1.2814E+00  4.7092E+01 -1.4407E-04 -3.6062E-01  1.6182E+00 -8.1011E-01 -2.6509E-01  1.4550E+00  1.0070E+00  4.4797E-01 -8.6205E-01
  3.2000E+01  1.9200E+02  0.0000E+00  1.2890E+00  0.0000E+00  0.0000E+00  2.0000E+00  6.2187E-01  1.2814E+00  4.7092E+01 -1.4407E-04 -3.6062E-01  1.1683E+00  8.1422E-01  1.5811E+00  1.2890E+00  4.6262E-01  8.2638E-01  2.5878E+00
  3.2000E+01  3.3600E+02  1.0000E+02  0.0000E+00  1.0000E+00  1.0000E+00  3.0000E+00  8.8041E-01  1.3318E+00  4.7092E+01  3.8409E-02 -1.2956E-02  1.9906E-02 -4.8480E-01  0.0000E+00  0.0000E+00  4.0864E-05  0.0000E+00  0.0000E+00
  3.2000E+01  3.3650E+02  0.0000E+00  7.0600E-01  0.0000E+00  0.0000E+00  3.0000E+00  8.8041E-01  1.3318E+00  4.7092E+01  3.8409E-02 -1.2956E-02  7.7008E-01 -6.2562E-01 -8.2727E-01  7.0600E-01  8.2426E-01 -1.1826E-01 -7.6204E-01
  3.2000E+01  3.3700E+02  0.0000E+00  1.3450E+00  0.0000E+00  0.0000E+00  3.0000E+00  8.8041E-01  1.3318E+00  4.7092E+01  3.8409E-02 -1.2956E-02  1.2425E+00  6.5334E-01  4.6344E-01  1.3450E+00  1.2860E+00  5.8994E-02  5.2293E-01
  3.2000E+01  3.3800E+02  0.0000E+00  1.5870E+00  0.0000E+00  0.0000E+00  3.0000E+00  8.8041E-01  1.3318E+00  4.7092E+01  3.8409E-02 -1.2956E-02  1.7150E+00 -6.0075E-01 -6.6369E-01  1.5870E+00  1.6561E+00 -6.9148E-02 -4.2519E-01
  3.2000E+01  3.4000E+02  0.0000E+00  2.5600E+00  0.0000E+00  0.0000E+00  3.0000E+00  8.8041E-01  1.3318E+00  4.7092E+01  3.8409E-02 -1.2956E-02  1.9122E+00  2.7369E+00  2.8971E+00  2.5600E+00  1.6583E+00  9.0166E-01  3.5332E+00
  3.2000E+01  3.4400E+02  0.0000E+00  1.5670E+00  0.0000E+00  0.0000E+00  3.0000E+00  8.8041E-01  1.3318E+00  4.7092E+01  3.8409E-02 -1.2956E-02  1.7637E+00 -8.9877E-01 -5.2406E-01  1.5670E+00  1.3046E+00  2.6237E-01 -6.9065E-01
  3.2000E+01  3.4800E+02  0.0000E+00  1.0760E+00  0.0000E+00  0.0000E+00  3.0000E+00  8.8041E-01  1.3318E+00  4.7092E+01  3.8409E-02 -1.2956E-02  1.5767E+00 -2.5480E+00 -2.0463E+00  1.0760E+00  1.0070E+00  6.8967E-02 -3.1503E+00
  3.2000E+01  3.6000E+02  0.0000E+00  1.2110E+00  0.0000E+00  0.0000E+00  3.0000E+00  8.8041E-01  1.3318E+00  4.7092E+01  3.8409E-02 -1.2956E-02  1.1230E+00  6.1569E-01  1.3476E+00  1.2110E+00  4.6262E-01  7.4838E-01  2.3669E+00
  3.3000E+01  0.0000E+00  1.0000E+02  0.0000E+00  1.0000E+00  1.0000E+00  1.0000E+00  1.7454E+00  8.0130E-01  5.2985E+01 -6.0382E-02  2.8868E-01  0.0000E+00  0.0000E+00  0.0000E+00  0.0000E+00  0.0000E+00  0.0000E+00  0.0000E+00
  3.3000E+01  5.0000E-01  0.0000E+00  1.2320E+00  0.0000E+00  0.0000E+00  1.0000E+00  1.7454E+00  8.0130E-01  5.2985E+01 -6.0382E-02  2.8868E-01  1.0940E+00  9.8909E-01  1.3965E+00  1.2320E+00  8.2422E-01  4.0778E-01  1.7906E+00
  3.3000E+01  1.0000E+00  0.0000E+00  1.5440E+00  0.0000E+00  0.0000E+00  1.0000E+00  1.7454E+00  8.0130E-01  5.2985E+01 -6.0382E-02  2.8868E-01  1.5429E+00  5.8403E-03  1.6624E-01  1.5440E+00  1.2860E+00  2.5803E-01  3.9208E-01
  3.3000E+01  2.0000E+00  0.0000E+00  1.3250E+00  0.0000E+00  0.0000E+00  1.0000E+00  1.7454E+00  8.0130E-01  5.2985E+01 -6.0382E-02  2.8868E-01  1.7891E+00 -2.0914E+00 -2.2860E+00  1.3250E+00  1.6561E+00 -3.3111E-01 -2.1194E+00
  3.3000E+01  4.0000E+00  0.0000E+00  1.4860E+00  0.0000E+00  0.0000E+00  1.0000E+00  1.7454E+00  8.0130E-01  5.2985E+01 -6.0382E-02  2.8868E-01  1.7903E+00 -1.3704E+00 -1.6430E+00  1.4860E+00  1.6583E+00 -1.7231E-01 -1.4772E+00
  3.3000E+01  8.0000E+00  0.0000E+00  1.8350E+00  0.0000E+00  0.0000E+00  1.0000E+00  1.7454E+00  8.0130E-01  5.2985E+01 -6.0382E-02  2.8868E-01  1.6869E+00  7.0650E-01  6.0260E-01  1.8350E+00  1.3046E+00  5.3039E-01  5.8971E-01
  3.3000E+01  1.2000E+01  0.0000E+00  1.3740E+00  0.0000E+00  0.0000E+00  1.0000E+00  1.7454E+00  8.0130E-01  5.2985E+01 -6.0382E-02  2.8868E-01  1.5879E+00 -1.0809E+00 -1.0205E+00  1.3740E+00  1.0070E+00  3.6699E-01 -1.9884E+00
  3.3000E+01  2.4000E+01  0.0000E+00  1.5090E+00  0.0000E+00  0.0000E+00  1.0000E+00  1.7454E+00  8.0130E-01  5.2985E+01 -6.0382E-02  2.8868E-01  1.3243E+00  1.1088E+00  1.5769E+00  1.5090E+00  4.6261E-01  1.0464E+00  3.2895E+00
  3.3000E+01  1.6800E+02  1.0000E+02  0.0000E+00  1.0000E+00  1.0000E+00  2.0000E+00  1.6383E+00  8.2539E-01  5.2985E+01 -3.0760E-02  2.2539E-01  1.4054E-01 -3.1636E+00  0.0000E+00  0.0000E+00  4.0863E-05  0.0000E+00  0.0000E+00
  3.3000E+01  1.6850E+02  0.0000E+00  1.2230E+00  0.0000E+00  0.0000E+00  2.0000E+00  1.6383E+00  8.2539E-01  5.2985E+01 -3.0760E-02  2.2539E-01  1.1902E+00  2.1766E-01  8.1682E-01  1.2230E+00  8.2426E-01  3.9874E-01  6.7039E-01
  3.3000E+01  1.6900E+02  0.0000E+00  1.7320E+00  0.0000E+00  0.0000E+00  2.0000E+00  1.6383E+00  8.2539E-01  5.2985E+01 -3.0760E-02  2.2539E-01  1.6441E+00  4.2962E-01  8.7559E-01  1.7320E+00  1.2860E+00  4.4599E-01  7.2498E-01
  3.3000E+01  1.7000E+02  0.0000E+00  2.1310E+00  0.0000E+00  0.0000E+00  2.0000E+00  1.6383E+00  8.2539E-01  5.2985E+01 -3.0760E-02  2.2539E-01  1.9113E+00  9.2885E-01  1.1538E+00  2.1310E+00  1.6561E+00  4.7485E-01  1.3013E+00
  3.3000E+01  1.7200E+02  0.0000E+00  2.2810E+00  0.0000E+00  0.0000E+00  2.0000E+00  1.6383E+00  8.2539E-01  5.2985E+01 -3.0760E-02  2.2539E-01  1.9197E+00  1.5210E+00  1.7017E+00  2.2810E+00  1.6583E+00  6.2266E-01  2.2143E+00
  3.3000E+01  1.7600E+02  0.0000E+00  1.8230E+00  0.0000E+00  0.0000E+00  2.0000E+00  1.6383E+00  8.2539E-01  5.2985E+01 -3.0760E-02  2.2539E-01  1.8062E+00  7.4813E-02  3.9241E-01  1.8230E+00  1.3046E+00  5.1837E-01  4.4730E-01
  3.3000E+01  1.8000E+02  0.0000E+00  1.5200E+00  0.0000E+00  0.0000E+00  2.0000E+00  1.6383E+00  8.2539E-01  5.2985E+01 -3.0760E-02  2.2539E-01  1.6971E+00 -8.3992E-01 -3.9123E-01  1.5200E+00  1.0070E+00  5.1297E-01 -1.0837E+00
  3.3000E+01  1.9200E+02  0.0000E+00  1.3840E+00  0.0000E+00  0.0000E+00  2.0000E+00  1.6383E+00  8.2539E-01  5.2985E+01 -3.0760E-02  2.2539E-01  1.4078E+00 -1.3474E-01  6.2379E-01  1.3840E+00  4.6262E-01  9.2138E-01  1.4735E+00
  3.3000E+01  3.3600E+02  1.0000E+02  0.0000E+00  1.0000E+00  1.0000E+00  3.0000E+00  8.8323E-01  8.2437E-01  5.2985E+01 -3.1996E-02 -3.9246E-01  1.4981E-01 -3.3386E+00  0.0000E+00  0.0000E+00  4.0864E-05  0.0000E+00  0.0000E+00
  3.3000E+01  3.3650E+02  0.0000E+00  7.4900E-01  0.0000E+00  0.0000E+00  3.0000E+00  8.8323E-01  8.2437E-01  5.2985E+01 -3.1996E-02 -3.9246E-01  8.1962E-01 -6.5393E-01 -6.9821E-01  7.4900E-01  8.2426E-01 -7.5260E-02 -8.4942E-01
  3.3000E+01  3.3700E+02  0.0000E+00  1.1030E+00  0.0000E+00  0.0000E+00  3.0000E+00  8.8323E-01  8.2437E-01  5.2985E+01 -3.1996E-02 -3.9246E-01  1.2447E+00 -9.0161E-01 -1.1114E+00  1.1030E+00  1.2860E+00 -1.8301E-01 -1.1750E+00
  3.3000E+01  3.3800E+02  0.0000E+00  1.9330E+00  0.0000E+00  0.0000E+00  3.0000E+00  8.8323E-01  8.2437E-01  5.2985E+01 -3.1996E-02 -3.9246E-01  1.6791E+00  1.2163E+00  1.0837E+00  1.9330E+00  1.6561E+00  2.7685E-01  1.1906E+00
  3.3000E+01  3.4000E+02  0.0000E+00  1.9420E+00  0.0000E+00  0.0000E+00  3.0000E+00  8.8323E-01  8.2437E-01  5.2985E+01 -3.1996E-02 -3.9246E-01  1.8899E+00  2.2276E-01  3.8549E-01  1.9420E+00  1.6583E+00  2.8366E-01  5.9136E-01
  3.3000E+01  3.4400E+02  0.0000E+00  1.6590E+00  0.0000E+00  0.0000E+00  3.0000E+00  8.8323E-01  8.2437E-01  5.2985E+01 -3.1996E-02 -3.9246E-01  1.8270E+00 -7.4173E-01 -3.0950E-01  1.6590E+00  1.3046E+00  3.5437E-01 -8.8655E-01
  3.3000E+01  3.4800E+02  0.0000E+00  1.4930E+00  0.0000E+00  0.0000E+00  3.0000E+00  8.8323E-01  8.2437E-01  5.2985E+01 -3.1996E-02 -3.9246E-01  1.7182E+00 -1.0553E+00 -4.7217E-01  1.4930E+00  1.0070E+00  4.8597E-01 -1.7837E+00
  3.3000E+01  3.6000E+02  0.0000E+00  1.7110E+00  0.0000E+00  0.0000E+00  3.0000E+00  8.8323E-01  8.2437E-01  5.2985E+01 -3.1996E-02 -3.9246E-01  1.4256E+00  1.5983E+00  2.5295E+00  1.7110E+00  4.6262E-01  1.2484E+00  4.6363E+00
  3.4000E+01  0.0000E+00  1.0000E+02  0.0000E+00  1.0000E+00  1.0000E+00  1.0000E+00  3.9404E-01  4.1360E+00  4.5849E+01  1.2648E-02 -6.3760E-01  0.0000E+00  0.0000E+00  0.0000E+00  0.0000E+00  0.0000E+00  0.0000E+00  0.0000E+00
  3.4000E+01  5.0000E-01  0.0000E+00  3.7600E-01  0.0000E+00  0.0000E+00  1.0000E+00  3.9404E-01  4.1360E+00  4.5849E+01  1.2648E-02 -6.3760E-01  3.8109E-01 -8.2143E-02 -8.2483E-01  3.7600E-01  8.2422E-01 -4.4822E-01 -6.0967E-01
  3.4000E+01  1.0000E+00  0.0000E+00  6.2500E-01  0.0000E+00  0.0000E+00  1.0000E+00  3.9404E-01  4.1360E+00  4.5849E+01  1.2648E-02 -6.3760E-01  6.7722E-01 -5.6661E-01 -1.6379E+00  6.2500E-01  1.2860E+00 -6.6097E-01 -1.4654E+00
  3.4000E+01  2.0000E+00  0.0000E+00  1.0120E+00  0.0000E+00  0.0000E+00  1.0000E+00  3.9404E-01  4.1360E+00  4.5849E+01  1.2648E-02 -6.3760E-01  1.0755E+00 -4.6211E-01 -1.6640E+00  1.0120E+00  1.6561E+00 -6.4411E-01 -1.7361E+00
  3.4000E+01  4.0000E+00  0.0000E+00  1.4390E+00  0.0000E+00  0.0000E+00  1.0000E+00  3.9404E-01  4.1360E+00  4.5849E+01  1.2648E-02 -6.3760E-01  1.3870E+00  2.9911E-01 -5.3177E-01  1.4390E+00  1.6583E+00 -2.1931E-01 -5.8132E-01
  3.4000E+01  8.0000E+00  0.0000E+00  1.2710E+00  0.0000E+00  0.0000E+00  1.0000E+00  3.9404E-01  4.1360E+00  4.5849E+01  1.2648E-02 -6.3760E-01  1.2536E+00  1.0987E-01  1.2088E-02  1.2710E+00  1.3046E+00 -3.3608E-02  3.0174E-01
  3.4000E+01  1.2000E+01  0.0000E+00  8.3100E-01  0.0000E+00  0.0000E+00  1.0000E+00  3.9404E-01  4.1360E+00  4.5849E+01  1.2648E-02 -6.3760E-01  9.3318E-01 -8.4510E-01 -6.9903E-01  8.3100E-01  1.0070E+00 -1.7601E-01 -4.3539E-01
  3.4000E+01  2.4000E+01  0.0000E+00  3.5700E-01  0.0000E+00  0.0000E+00  1.0000E+00  3.9404E-01  4.1360E+00  4.5849E+01  1.2648E-02 -6.3760E-01  3.2436E-01  5.7322E-01  6.3638E-01  3.5700E-01  4.6261E-01 -1.0561E-01  2.8386E-01
  3.4000E+01  1.6800E+02  1.0000E+02  0.0000E+00  1.0000E+00  1.0000E+00  2.0000E+00  9.2513E-01  3.2187E+00  4.5849E+01 -2.3812E-01  2.1587E-01  1.3212E-05 -3.2233E-04  0.0000E+00  0.0000E+00  4.0863E-05  0.0000E+00  0.0000E+00
  3.4000E+01  1.6850E+02  0.0000E+00  8.6400E-01  0.0000E+00  0.0000E+00  2.0000E+00  9.2513E-01  3.2187E+00  4.5849E+01 -2.3812E-01  2.1587E-01  7.9266E-01  6.7974E-01  7.6369E-01  8.6400E-01  8.2426E-01  3.9740E-02  6.3615E-01
  3.4000E+01  1.6900E+02  0.0000E+00  1.2110E+00  0.0000E+00  0.0000E+00  2.0000E+00  9.2513E-01  3.2187E+00  4.5849E+01 -2.3812E-01  2.1587E-01  1.2644E+00 -3.3496E-01 -2.0667E-01  1.2110E+00  1.2860E+00 -7.5006E-02 -1.4397E-01
  3.4000E+01  1.7000E+02  0.0000E+00  1.7510E+00  0.0000E+00  0.0000E+00  2.0000E+00  9.2513E-01  3.2187E+00  4.5849E+01 -2.3812E-01  2.1587E-01  1.6800E+00  3.3989E-01  5.1289E-01  1.7510E+00  1.6561E+00  9.4852E-02  6.9323E-01
  3.4000E+01  1.7200E+02  0.0000E+00  1.8840E+00  0.0000E+00  0.0000E+00  2.0000E+00  9.2513E-01  3.2187E+00  4.5849E+01 -2.3812E-01  2.1587E-01  1.7240E+00  7.4710E-01  9.7108E-01  1.8840E+00  1.6583E+00  2.2566E-01  1.2769E+00
  3.4000E+01  1.7600E+02  0.0000E+00  1.2380E+00  0.0000E+00  0.0000E+00  2.0000E+00  9.2513E-01  3.2187E+00  4.5849E+01 -2.3812E-01  2.1587E-01  1.3446E+00 -6.3070E-01 -3.3787E-01  1.2380E+00  1.3046E+00 -6.6632E-02 -1.2884E-01
  3.4000E+01  1.8000E+02  0.0000E+00  1.0730E+00  0.0000E+00  0.0000E+00  2.0000E+00  9.2513E-01  3.2187E+00  4.5849E+01 -2.3812E-01  2.1587E-01  1.0164E+00  4.3354E-01  7.7985E-01  1.0730E+00  1.0070E+00  6.5967E-02  7.9615E-01
  3.4000E+01  1.9200E+02  0.0000E+00  4.8500E-01  0.0000E+00  0.0000E+00  2.0000E+00  9.2513E-01  3.2187E+00  4.5849E+01 -2.3812E-01  2.1587E-01  4.3775E-01  7.0217E-01  1.0731E+00  4.8500E-01  4.6262E-01  2.2382E-02  6.3756E-01
  3.4000E+01  3.3600E+02  1.0000E+02  0.0000E+00  1.0000E+00  1.0000E+00  3.0000E+00  9.4252E-01  5.2431E+00  4.5849E+01  2.4983E-01  2.3450E-01  3.0869E-08 -7.5313E-07  0.0000E+00  0.0000E+00  4.0864E-05  0.0000E+00  0.0000E+00
  3.4000E+01  3.3650E+02  0.0000E+00  8.2900E-01  0.0000E+00  0.0000E+00  3.0000E+00  9.4252E-01  5.2431E+00  4.5849E+01  2.4983E-01  2.3450E-01  7.9485E-01  3.2464E-01  4.1384E-01  8.2900E-01  8.2426E-01  4.7403E-03  3.4287E-01
  3.4000E+01  3.3700E+02  0.0000E+00  1.1220E+00  0.0000E+00  0.0000E+00  3.0000E+00  9.4252E-01  5.2431E+00  4.5849E+01  2.4983E-01  2.3450E-01  1.2468E+00 -7.9301E-01 -7.3264E-01  1.1220E+00  1.2860E+00 -1.6401E-01 -6.2097E-01
  3.4000E+01  3.3800E+02  0.0000E+00  1.9150E+00  0.0000E+00  0.0000E+00  3.0000E+00  9.4252E-01  5.2431E+00  4.5849E+01  2.4983E-01  2.3450E-01  1.5979E+00  1.5930E+00  1.5245E+00  1.9150E+00  1.6561E+00  2.5885E-01  1.6065E+00
  3.4000E+01  3.4000E+02  0.0000E+00  1.5160E+00  0.0000E+00  0.0000E+00  3.0000E+00  9.4252E-01  5.2431E+00  4.5849E+01  2.4983E-01  2.3450E-01  1.5138E+00  1.1479E-02 -3.5743E-01  1.5160E+00  1.6583E+00 -1.4234E-01 -1.2324E-01
  3.4000E+01  3.4400E+02  0.0000E+00  1.0110E+00  0.0000E+00  0.0000E+00  3.0000E+00  9.4252E-01  5.2431E+00  4.5849E+01  2.4983E-01  2.3450E-01  9.9301E-01  1.4076E-01 -6.5584E-01  1.0110E+00  1.3046E+00 -2.9363E-01 -6.0259E-01
  3.4000E+01  3.4800E+02  0.0000E+00  5.9600E-01  0.0000E+00  0.0000E+00  3.0000E+00  9.4252E-01  5.2431E+00  4.5849E+01  2.4983E-01  2.3450E-01  6.2929E-01 -3.8277E-01 -1.3291E+00  5.9600E-01  1.0070E+00 -4.1103E-01 -1.2541E+00
  3.4000E+01  3.6000E+02  0.0000E+00  1.3600E-01  0.0000E+00  0.0000E+00  3.0000E+00  9.4252E-01  5.2431E+00  4.5849E+01  2.4983E-01  2.3450E-01  1.5955E-01 -5.1909E-01 -1.1337E+00  1.3600E-01  4.6262E-01 -3.2662E-01 -9.8841E-01
  3.5000E+01  0.0000E+00  1.0000E+02  0.0000E+00  1.0000E+00  1.0000E+00  1.0000E+00  1.7335E+00  1.0595E+01  3.9820E+01  3.9328E-01  3.6888E-01  0.0000E+00  0.0000E+00  0.0000E+00  0.0000E+00  0.0000E+00  0.0000E+00  0.0000E+00
  3.5000E+01  5.0000E-01  0.0000E+00  1.3810E+00  0.0000E+00  0.0000E+00  1.0000E+00  1.7335E+00  1.0595E+01  3.9820E+01  3.9328E-01  3.6888E-01  1.3502E+00  1.8185E-01  7.5713E-01  1.3810E+00  8.2422E-01  5.5678E-01  1.3333E+00
  3.5000E+01  1.0000E+00  0.0000E+00  1.9470E+00  0.0000E+00  0.0000E+00  1.0000E+00  1.7335E+00  1.0595E+01  3.9820E+01  3.9328E-01  3.6888E-01  1.7495E+00  9.0956E-01  1.1550E+00  1.9470E+00  1.2860E+00  6.6103E-01  1.6104E+00
  3.5000E+01  2.0000E+00  0.0000E+00  1.5140E+00  0.0000E+00  0.0000E+00  1.0000E+00  1.7335E+00  1.0595E+01  3.9820E+01  3.9328E-01  3.6888E-01  1.6499E+00 -6.6201E-01 -1.2856E+00  1.5140E+00  1.6561E+00 -1.4211E-01 -1.2169E+00
  3.5000E+01  4.0000E+00  0.0000E+00  9.5700E-01  0.0000E+00  0.0000E+00  1.0000E+00  1.7335E+00  1.0595E+01  3.9820E+01  3.9328E-01  3.6888E-01  1.0206E+00 -4.8527E-01 -2.0800E+00  9.5700E-01  1.6583E+00 -7.0131E-01 -1.9720E+00
  3.5000E+01  8.0000E+00  0.0000E+00  3.5000E-01  0.0000E+00  0.0000E+00  1.0000E+00  1.7335E+00  1.0595E+01  3.9820E+01  3.9328E-01  3.6888E-01  3.5307E-01 -5.1715E-02 -1.6748E+00  3.5000E-01  1.3046E+00 -9.5461E-01 -2.4531E+00
  3.5000E+01  1.2000E+01  0.0000E+00  9.3000E-02  0.0000E+00  0.0000E+00  1.0000E+00  1.7335E+00  1.0595E+01  3.9820E+01  3.9328E-01  3.6888E-01  1.2181E-01 -6.6079E-01 -1.6017E+00  9.3000E-02  1.0070E+00 -9.1401E-01 -2.1743E+00
  3.5000E+01  2.4000E+01  0.0000E+00  1.0000E-02  0.0000E+00  0.0000E+00  1.0000E+00  1.7335E+00  1.0595E+01  3.9820E+01  3.9328E-01  3.6888E-01  5.0012E-03  1.2194E-01  3.9943E-02  1.0000E-02  4.6261E-01 -4.5261E-01  1.2367E+00
  3.5000E+01  1.6800E+02  1.0000E+02  0.0000E+00  1.0000E+00  1.0000E+00  2.0000E+00  1.2976E+00  5.2732E+00  3.9820E+01 -3.0443E-01  7.9303E-02  2.6143E-11 -6.3781E-10  0.0000E+00  0.0000E+00  4.0863E-05  0.0000E+00  0.0000E+00
  3.5000E+01  1.6850E+02  0.0000E+00  1.1400E+00  0.0000E+00  0.0000E+00  2.0000E+00  1.2976E+00  5.2732E+00  3.9820E+01 -3.0443E-01  7.9303E-02  1.1558E+00 -1.0760E-01  8.8396E-02  1.1400E+00  8.2426E-01  3.1574E-01 -1.0071E-01
  3.5000E+01  1.6900E+02  0.0000E+00  1.9050E+00  0.0000E+00  0.0000E+00  2.0000E+00  1.2976E+00  5.2732E+00  3.9820E+01 -3.0443E-01  7.9303E-02  1.6858E+00  1.0460E+00  1.3928E+00  1.9050E+00  1.2860E+00  6.1899E-01  1.7539E+00
  3.5000E+01  1.7000E+02  0.0000E+00  1.7680E+00  0.0000E+00  0.0000E+00  2.0000E+00  1.2976E+00  5.2732E+00  3.9820E+01 -3.0443E-01  7.9303E-02  1.9373E+00 -7.0622E-01 -2.9836E-01  1.7680E+00  1.6561E+00  1.1185E-01  4.5031E-02
  3.5000E+01  1.7200E+02  0.0000E+00  1.6920E+00  0.0000E+00  0.0000E+00  2.0000E+00  1.2976E+00  5.2732E+00  3.9820E+01 -3.0443E-01  7.9303E-02  1.6311E+00  3.0015E-01  6.1607E-01  1.6920E+00  1.6583E+00  3.3658E-02  1.1759E+00
  3.5000E+01  1.7600E+02  0.0000E+00  1.0130E+00  0.0000E+00  0.0000E+00  2.0000E+00  1.2976E+00  5.2732E+00  3.9820E+01 -3.0443E-01  7.9303E-02  9.6942E-01  3.4841E-01  4.7866E-01  1.0130E+00  1.3046E+00 -2.9163E-01  5.0962E-01
  3.5000E+01  1.8000E+02  0.0000E+00  6.3800E-01  0.0000E+00  0.0000E+00  2.0000E+00  1.2976E+00  5.2732E+00  3.9820E+01 -3.0443E-01  7.9303E-02  5.7083E-01  8.3181E-01  8.6217E-01  6.3800E-01  1.0070E+00 -3.6903E-01  3.0580E-01
  3.5000E+01  1.9200E+02  0.0000E+00  1.1400E-01  0.0000E+00  0.0000E+00  2.0000E+00  1.2976E+00  5.2732E+00  3.9820E+01 -3.0443E-01  7.9303E-02  1.1651E-01 -5.7844E-02 -9.5282E-02  1.1400E-01  4.6262E-01 -3.4862E-01 -8.6103E-02
  3.5000E+01  3.3600E+02  1.0000E+02  0.0000E+00  1.0000E+00  1.0000E+00  3.0000E+00  8.2434E-01  7.0657E+00  3.9820E+01 -1.1814E-02 -3.7441E-01  9.3208E-13 -2.2740E-11  0.0000E+00  0.0000E+00  4.0864E-05  0.0000E+00  0.0000E+00
  3.5000E+01  3.3650E+02  0.0000E+00  6.4300E-01  0.0000E+00  0.0000E+00  3.0000E+00  8.2434E-01  7.0657E+00  3.9820E+01 -1.1814E-02 -3.7441E-01  8.0928E-01 -1.5566E+00 -2.0751E+00  6.4300E-01  8.2426E-01 -1.8126E-01 -2.1904E+00
  3.5000E+01  3.3700E+02  0.0000E+00  1.4010E+00  0.0000E+00  0.0000E+00  3.0000E+00  8.2434E-01  7.0657E+00  3.9820E+01 -1.1814E-02 -3.7441E-01  1.2765E+00  7.7382E-01  2.4247E-01  1.4010E+00  1.2860E+00  1.1499E-01  3.4774E-01
  3.5000E+01  3.3800E+02  0.0000E+00  1.7250E+00  0.0000E+00  0.0000E+00  3.0000E+00  8.2434E-01  7.0657E+00  3.9820E+01 -1.1814E-02 -3.7441E-01  1.6287E+00  4.7496E-01  1.2023E-01  1.7250E+00  1.6561E+00  6.8852E-02  6.3003E-01
  3.5000E+01  3.4000E+02  0.0000E+00  1.4690E+00  0.0000E+00  0.0000E+00  3.0000E+00  8.2434E-01  7.0657E+00  3.9820E+01 -1.1814E-02 -3.7441E-01  1.4554E+00  7.4937E-02 -1.4635E-01  1.4690E+00  1.6583E+00 -1.8934E-01  3.3347E-01
  3.5000E+01  3.4400E+02  0.0000E+00  8.2000E-01  0.0000E+00  0.0000E+00  3.0000E+00  8.2434E-01  7.0657E+00  3.9820E+01 -1.1814E-02 -3.7441E-01  7.6951E-01  4.9329E-01  1.0552E-02  8.2000E-01  1.3046E+00 -4.8463E-01 -3.7993E-01
  3.5000E+01  3.4800E+02  0.0000E+00  3.6300E-01  0.0000E+00  0.0000E+00  3.0000E+00  8.2434E-01  7.0657E+00  3.9820E+01 -1.1814E-02 -3.7441E-01  3.8040E-01 -2.8118E-01 -8.6666E-01  3.6300E-01  1.0070E+00 -6.4403E-01 -1.1928E+00
  3.5000E+01  3.6000E+02  0.0000E+00  5.0000E-02  0.0000E+00  0.0000E+00  3.0000E+00  8.2434E-01  7.0657E+00  3.9820E+01 -1.1814E-02 -3.7441E-01  4.5257E-02  1.1469E-01 -8.8521E-02  5.0000E-02  4.6262E-01 -4.1262E-01  2.0761E-01
  3.6000E+01  0.0000E+00  1.0000E+02  0.0000E+00  1.0000E+00  1.0000E+00  1.0000E+00  6.5240E-01  6.2656E+00  5.0940E+01  1.7290E-01  4.5474E-02  0.0000E+00  0.0000E+00  0.0000E+00  0.0000E+00  0.0000E+00  0.0000E+00  0.0000E+00
  3.6000E+01  5.0000E-01  0.0000E+00  5.2100E-01  0.0000E+00  0.0000E+00  1.0000E+00  6.5240E-01  6.2656E+00  5.0940E+01  1.7290E-01  4.5474E-02  5.2906E-01 -1.0543E-01 -3.8043E-01  5.2100E-01  8.2422E-01 -3.0322E-01 -3.0425E-01
  3.6000E+01  1.0000E+00  0.0000E+00  9.0200E-01  0.0000E+00  0.0000E+00  1.0000E+00  6.5240E-01  6.2656E+00  5.0940E+01  1.7290E-01  4.5474E-02  8.7930E-01  1.9782E-01 -1.5417E-01  9.0200E-01  1.2860E+00 -3.8397E-01 -1.8759E-01
  3.6000E+01  2.0000E+00  0.0000E+00  1.3260E+00  0.0000E+00  0.0000E+00  1.0000E+00  6.5240E-01  6.2656E+00  5.0940E+01  1.7290E-01  4.5474E-02  1.2355E+00  5.8006E-01  2.1386E-01  1.3260E+00  1.6561E+00 -3.3011E-01  1.3012E-01
  3.6000E+01  4.0000E+00  0.0000E+00  9.7000E-01  0.0000E+00  0.0000E+00  1.0000E+00  6.5240E-01  6.2656E+00  5.0940E+01  1.7290E-01  4.5474E-02  1.3011E+00 -2.0214E+00 -2.3487E+00  9.7000E-01  1.6583E+00 -6.8831E-01 -1.7653E+00
  3.6000E+01  8.0000E+00  0.0000E+00  9.5500E-01  0.0000E+00  0.0000E+00  1.0000E+00  6.5240E-01  6.2656E+00  5.0940E+01  1.7290E-01  4.5474E-02  8.9124E-01  5.4914E-01  1.5188E-01  9.5500E-01  1.3046E+00 -3.4961E-01 -7.4613E-02
  3.6000E+01  1.2000E+01  0.0000E+00  4.1400E-01  0.0000E+00  0.0000E+00  1.0000E+00  6.5240E-01  6.2656E+00  5.0940E+01  1.7290E-01  4.5474E-02  5.5195E-01 -1.7510E+00 -2.1760E+00  4.1400E-01  1.0070E+00 -5.9301E-01 -1.7349E+00
  3.6000E+01  2.4000E+01  0.0000E+00  1.7600E-01  0.0000E+00  0.0000E+00  1.0000E+00  6.5240E-01  6.2656E+00  5.0940E+01  1.7290E-01  4.5474E-02  1.2637E-01  1.1334E+00  9.1943E-01  1.7600E-01  4.6261E-01 -2.8661E-01  1.3138E-01
  3.6000E+01  1.6800E+02  1.0000E+02  0.0000E+00  1.0000E+00  1.0000E+00  2.0000E+00  4.4576E-01  6.1382E+00  5.0940E+01  1.5236E-01 -3.3540E-01  3.6810E-09 -8.9807E-08  0.0000E+00  0.0000E+00  4.0863E-05  0.0000E+00  0.0000E+00
  3.6000E+01  1.6850E+02  0.0000E+00  3.3800E-01  0.0000E+00  0.0000E+00  2.0000E+00  4.4576E-01  6.1382E+00  5.0940E+01  1.5236E-01 -3.3540E-01  3.8020E-01 -6.8202E-01 -1.2286E+00  3.3800E-01  8.2426E-01 -4.8626E-01 -7.5268E-01
  3.6000E+01  1.6900E+02  0.0000E+00  7.3500E-01  0.0000E+00  0.0000E+00  2.0000E+00  4.4576E-01  6.1382E+00  5.0940E+01  1.5236E-01 -3.3540E-01  6.6220E-01  8.0412E-01  1.3439E-02  7.3500E-01  1.2860E+00 -5.5101E-01 -3.7180E-01
  3.6000E+01  1.7000E+02  0.0000E+00  9.4200E-01  0.0000E+00  0.0000E+00  2.0000E+00  4.4576E-01  6.1382E+00  5.0940E+01  1.5236E-01 -3.3540E-01  1.0111E+00 -5.3174E-01 -1.4366E+00  9.4200E-01  1.6561E+00 -7.1415E-01 -1.3206E+00
  3.6000E+01  1.7200E+02  0.0000E+00  1.1090E+00  0.0000E+00  0.0000E+00  2.0000E+00  4.4576E-01  6.1382E+00  5.0940E+01  1.5236E-01 -3.3540E-01  1.2091E+00 -6.5439E-01 -1.3706E+00  1.1090E+00  1.6583E+00 -5.4934E-01 -1.1096E+00
  3.6000E+01  1.7600E+02  0.0000E+00  9.7400E-01  0.0000E+00  0.0000E+00  2.0000E+00  4.4576E-01  6.1382E+00  5.0940E+01  1.5236E-01 -3.3540E-01  9.4997E-01  1.9562E-01 -2.4858E-01  9.7400E-01  1.3046E+00 -3.3063E-01 -1.2780E-01
  3.6000E+01  1.8000E+02  0.0000E+00  6.0300E-01  0.0000E+00  0.0000E+00  2.0000E+00  4.4576E-01  6.1382E+00  5.0940E+01  1.5236E-01 -3.3540E-01  6.2084E-01 -2.0724E-01 -6.6700E-01  6.0300E-01  1.0070E+00 -4.0403E-01 -5.8693E-01
  3.6000E+01  1.9200E+02  0.0000E+00  1.4800E-01  0.0000E+00  0.0000E+00  2.0000E+00  4.4576E-01  6.1382E+00  5.0940E+01  1.5236E-01 -3.3540E-01  1.4917E-01 -2.6074E-02 -4.2685E-01  1.4800E-01  4.6262E-01 -3.1462E-01 -4.9693E-01
  3.6000E+01  3.3600E+02  1.0000E+02  0.0000E+00  1.0000E+00  1.0000E+00  3.0000E+00  6.2616E-01  3.9959E+00  5.0940E+01 -2.7691E-01  4.4161E-03  1.8543E-06 -4.5241E-05  0.0000E+00  0.0000E+00  4.0864E-05  0.0000E+00  0.0000E+00
  3.6000E+01  3.3650E+02  0.0000E+00  4.7700E-01  0.0000E+00  0.0000E+00  3.0000E+00  6.2616E-01  3.9959E+00  5.0940E+01 -2.7691E-01  4.4161E-03  5.1695E-01 -5.3145E-01 -9.2299E-01  4.7700E-01  8.2426E-01 -3.4726E-01 -5.2134E-01
  3.6000E+01  3.3700E+02  0.0000E+00  8.9700E-01  0.0000E+00  0.0000E+00  3.0000E+00  6.2616E-01  3.9959E+00  5.0940E+01 -2.7691E-01  4.4161E-03  8.7506E-01  1.9204E-01 -2.6829E-01  8.9700E-01  1.2860E+00 -3.8901E-01 -1.4837E-01
  3.6000E+01  3.3800E+02  0.0000E+00  1.3950E+00  0.0000E+00  0.0000E+00  3.0000E+00  6.2616E-01  3.9959E+00  5.0940E+01 -2.7691E-01  4.4161E-03  1.2769E+00  7.3390E-01  3.7513E-01  1.3950E+00  1.6561E+00 -2.6115E-01  3.7813E-01
  3.6000E+01  3.4000E+02  0.0000E+00  1.6820E+00  0.0000E+00  0.0000E+00  3.0000E+00  6.2616E-01  3.9959E+00  5.0940E+01 -2.7691E-01  4.4161E-03  1.4565E+00  1.2378E+00  1.1999E+00  1.6820E+00  1.6583E+00  2.3658E-02  1.2958E+00
  3.6000E+01  3.4400E+02  0.0000E+00  1.2110E+00  0.0000E+00  0.0000E+00  3.0000E+00  6.2616E-01  3.9959E+00  5.0940E+01 -2.7691E-01  4.4161E-03  1.1832E+00  1.8526E-01  4.3849E-01  1.2110E+00  1.3046E+00 -9.3632E-02  6.1214E-01
  3.6000E+01  3.4800E+02  0.0000E+00  1.0320E+00  0.0000E+00  0.0000E+00  3.0000E+00  6.2616E-01  3.9959E+00  5.0940E+01 -2.7691E-01  4.4161E-03  8.7429E-01  1.3812E+00  1.6752E+00  1.0320E+00  1.0070E+00  2.4967E-02  1.4191E+00
  3.6000E+01  3.6000E+02  0.0000E+00  3.2700E-01  0.0000E+00  0.0000E+00  3.0000E+00  6.2616E-01  3.9959E+00  5.0940E+01 -2.7691E-01  4.4161E-03  3.4155E-01 -2.4911E-01 -5.5124E-02  3.2700E-01  4.6262E-01 -1.3562E-01 -4.1077E-01
  3.7000E+01  0.0000E+00  1.0000E+02  0.0000E+00  1.0000E+00  1.0000E+00  1.0000E+00  1.7713E+00  4.2332E+00  4.4433E+01  1.0846E-01  2.4010E-01  0.0000E+00  0.0000E+00  0.0000E+00  0.0000E+00  0.0000E+00  0.0000E+00  0.0000E+00
  3.7000E+01  5.0000E-01  0.0000E+00  1.3210E+00  0.0000E+00  0.0000E+00  1.0000E+00  1.7713E+00  4.2332E+00  4.4433E+01  1.0846E-01  2.4010E-01  1.2869E+00  2.1054E-01  7.1484E-01  1.3210E+00  8.2422E-01  4.9678E-01  1.0200E+00
  3.7000E+01  1.0000E+00  0.0000E+00  1.9930E+00  0.0000E+00  0.0000E+00  1.0000E+00  1.7713E+00  4.2332E+00  4.4433E+01  1.0846E-01  2.4010E-01  1.7578E+00  1.0784E+00  1.4544E+00  1.9930E+00  1.2860E+00  7.0703E-01  1.7119E+00
  3.7000E+01  2.0000E+00  0.0000E+00  1.5890E+00  0.0000E+00  0.0000E+00  1.0000E+00  1.7713E+00  4.2332E+00  4.4433E+01  1.0846E-01  2.4010E-01  1.8970E+00 -1.3116E+00 -1.2603E+00  1.5890E+00  1.6561E+00 -6.7112E-02 -1.5765E+00
  3.7000E+01  4.0000E+00  0.0000E+00  1.9920E+00  0.0000E+00  0.0000E+00  1.0000E+00  1.7713E+00  4.2332E+00  4.4433E+01  1.0846E-01  2.4010E-01  1.6228E+00  1.8276E+00  1.6474E+00  1.9920E+00  1.6583E+00  3.3369E-01  1.5341E+00
  3.7000E+01  8.0000E+00  0.0000E+00  9.0900E-01  0.0000E+00  0.0000E+00  1.0000E+00  1.7713E+00  4.2332E+00  4.4433E+01  1.0846E-01  2.4010E-01  1.1099E+00 -1.4213E+00 -1.7375E+00  9.0900E-01  1.3046E+00 -3.9561E-01 -1.4994E+00
  3.7000E+01  1.2000E+01  0.0000E+00  8.2400E-01  0.0000E+00  0.0000E+00  1.0000E+00  1.7713E+00  4.2332E+00  4.4433E+01  1.0846E-01  2.4010E-01  7.5821E-01  6.5068E-01  2.8554E-01  8.2400E-01  1.0070E+00 -1.8301E-01  5.5868E-02
  3.7000E+01  2.4000E+01  0.0000E+00  2.1800E-01  0.0000E+00  0.0000E+00  1.0000E+00  1.7713E+00  4.2332E+00  4.4433E+01  1.0846E-01  2.4010E-01  2.4170E-01 -4.6955E-01 -7.6784E-01  2.1800E-01  4.6261E-01 -2.4461E-01 -5.0413E-01
  3.7000E+01  1.6800E+02  1.0000E+02  0.0000E+00  1.0000E+00  1.0000E+00  2.0000E+00  1.3640E+00  3.5905E+00  4.4433E+01 -5.6201E-02 -2.1212E-02  2.1366E-06 -5.2126E-05  0.0000E+00  0.0000E+00  4.0863E-05  0.0000E+00  0.0000E+00
  3.7000E+01  1.6850E+02  0.0000E+00  1.1260E+00  0.0000E+00  0.0000E+00  2.0000E+00  1.3640E+00  3.5905E+00  4.4433E+01 -5.6201E-02 -2.1212E-02  1.0880E+00  2.7371E-01  4.0285E-01  1.1260E+00  8.2426E-01  3.0174E-01  6.3887E-01
  3.7000E+01  1.6900E+02  0.0000E+00  1.6380E+00  0.0000E+00  0.0000E+00  2.0000E+00  1.3640E+00  3.5905E+00  4.4433E+01 -5.6201E-02 -2.1212E-02  1.5950E+00  2.1628E-01  3.8890E-01  1.6380E+00  1.2860E+00  3.5199E-01  5.3329E-01
  3.7000E+01  1.7000E+02  0.0000E+00  1.5520E+00  0.0000E+00  0.0000E+00  2.0000E+00  1.3640E+00  3.5905E+00  4.4433E+01 -5.6201E-02 -2.1212E-02  1.8790E+00 -1.4052E+00 -1.2640E+00  1.5520E+00  1.6561E+00 -1.0415E-01 -1.3501E+00
  3.7000E+01  1.7200E+02  0.0000E+00  1.4270E+00  0.0000E+00  0.0000E+00  2.0000E+00  1.3640E+00  3.5905E+00  4.4433E+01 -5.6201E-02 -2.1212E-02  1.7214E+00 -1.3768E+00 -1.2519E+00  1.4270E+00  1.6583E+00 -2.3134E-01 -1.2136E+00
  3.7000E+01  1.7600E+02  0.0000E+00  1.4000E+00  0.0000E+00  0.0000E+00  2.0000E+00  1.3640E+00  3.5905E+00  4.4433E+01 -5.6201E-02 -2.1212E-02  1.2533E+00  9.2761E-01  1.1366E+00  1.4000E+00  1.3046E+00  9.5368E-02  1.0652E+00
  3.7000E+01  1.8000E+02  0.0000E+00  6.9800E-01  0.0000E+00  0.0000E+00  2.0000E+00  1.3640E+00  3.5905E+00  4.4433E+01 -5.6201E-02 -2.1212E-02  9.0716E-01 -1.7736E+00 -1.4760E+00  6.9800E-01  1.0070E+00 -3.0903E-01 -1.3047E+00
  3.7000E+01  1.9200E+02  0.0000E+00  4.0700E-01  0.0000E+00  0.0000E+00  2.0000E+00  1.3640E+00  3.5905E+00  4.4433E+01 -5.6201E-02 -2.1212E-02  3.4400E-01  1.0745E+00  1.4490E+00  4.0700E-01  4.6262E-01 -5.5618E-02  1.0180E+00
  3.7000E+01  3.3600E+02  1.0000E+02  0.0000E+00  1.0000E+00  1.0000E+00  3.0000E+00  1.3089E+00  3.6685E+00  4.4433E+01 -3.4725E-02 -6.2473E-02  2.3620E-06 -5.7628E-05  0.0000E+00  0.0000E+00  4.0864E-05  0.0000E+00  0.0000E+00
  3.7000E+01  3.3650E+02  0.0000E+00  1.0100E+00  0.0000E+00  0.0000E+00  3.0000E+00  1.3089E+00  3.6685E+00  4.4433E+01 -3.4725E-02 -6.2473E-02  1.0565E+00 -3.4401E-01 -3.4817E-01  1.0100E+00  8.2426E-01  1.8574E-01 -4.9771E-01
  3.7000E+01  3.3700E+02  0.0000E+00  1.5490E+00  0.0000E+00  0.0000E+00  3.0000E+00  1.3089E+00  3.6685E+00  4.4433E+01 -3.4725E-02 -6.2473E-02  1.5629E+00 -7.1159E-02 -1.7332E-02  1.5490E+00  1.2860E+00  2.6299E-01 -1.1238E-01
  3.7000E+01  3.3800E+02  0.0000E+00  2.2050E+00  0.0000E+00  0.0000E+00  3.0000E+00  1.3089E+00  3.6685E+00  4.4433E+01 -3.4725E-02 -6.2473E-02  1.8612E+00  1.4913E+00  1.5569E+00  2.2050E+00  1.6561E+00  5.4885E-01  1.6693E+00
  3.7000E+01  3.4000E+02  0.0000E+00  1.9140E+00  0.0000E+00  0.0000E+00  3.0000E+00  1.3089E+00  3.6685E+00  4.4433E+01 -3.4725E-02 -6.2473E-02  1.7137E+00  9.4087E-01  9.8672E-01  1.9140E+00  1.6583E+00  2.5566E-01  1.0760E+00
  3.7000E+01  3.4400E+02  0.0000E+00  1.2710E+00  0.0000E+00  0.0000E+00  3.0000E+00  1.3089E+00  3.6685E+00  4.4433E+01 -3.4725E-02 -6.2473E-02  1.2408E+00  1.9240E-01  2.3005E-01  1.2710E+00  1.3046E+00 -3.3632E-02  2.6478E-01
  3.7000E+01  3.4800E+02  0.0000E+00  7.4500E-01  0.0000E+00  0.0000E+00  3.0000E+00  1.3089E+00  3.6685E+00  4.4433E+01 -3.4725E-02 -6.2473E-02  8.9190E-01 -1.2644E+00 -1.2208E+00  7.4500E-01  1.0070E+00 -2.6203E-01 -1.0381E+00
  3.7000E+01  3.6000E+02  0.0000E+00  3.6500E-01  0.0000E+00  0.0000E+00  3.0000E+00  1.3089E+00  3.6685E+00  4.4433E+01 -3.4725E-02 -6.2473E-02  3.3117E-01  5.8812E-01  6.1992E-01  3.6500E-01  4.6262E-01 -9.7618E-02  3.8872E-01
  3.8000E+01  0.0000E+00  1.0000E+02  0.0000E+00  1.0000E+00  1.0000E+00  1.0000E+00  8.5177E-01  3.5387E+00  5.2277E+01 -3.4970E-02 -9.6198E-03  0.0000E+00  0.0000E+00  0.0000E+00  0.0000E+00  0.0000E+00  0.0000E+00  0.0000E+00
  3.8000E+01  5.0000E-01  0.0000E+00  6.3400E-01  0.0000E+00  0.0000E+00  1.0000E+00  8.5177E-01  3.5387E+00  5.2277E+01 -3.4970E-02 -9.6198E-03  6.5152E-01 -1.9606E-01 -4.3813E-01  6.3400E-01  8.2422E-01 -1.9022E-01 -3.4278E-01
  3.8000E+01  1.0000E+00  0.0000E+00  1.1610E+00  0.0000E+00  0.0000E+00  1.0000E+00  8.5177E-01  3.5387E+00  5.2277E+01 -3.4970E-02 -9.6198E-03  1.0554E+00  7.8204E-01  5.2114E-01  1.1610E+00  1.2860E+00 -1.2497E-01  3.8832E-01
  3.8000E+01  2.0000E+00  0.0000E+00  1.3740E+00  0.0000E+00  0.0000E+00  1.0000E+00  8.5177E-01  3.5387E+00  5.2277E+01 -3.4970E-02 -9.6198E-03  1.4366E+00 -3.4824E-01 -5.5266E-01  1.3740E+00  1.6561E+00 -2.8211E-01 -4.9204E-01
  3.8000E+01  4.0000E+00  0.0000E+00  1.5130E+00  0.0000E+00  0.0000E+00  1.0000E+00  8.5177E-01  3.5387E+00  5.2277E+01 -3.4970E-02 -9.6198E-03  1.5162E+00 -1.7156E-02 -1.1430E-01  1.5130E+00  1.6583E+00 -1.4531E-01 -9.7145E-02
  3.8000E+01  8.0000E+00  0.0000E+00  1.3650E+00  0.0000E+00  0.0000E+00  1.0000E+00  8.5177E-01  3.5387E+00  5.2277E+01 -3.4970E-02 -9.6198E-03  1.2068E+00  1.0357E+00  9.6700E-01  1.3650E+00  1.3046E+00  6.0392E-02  8.8113E-01
  3.8000E+01  1.2000E+01  0.0000E+00  9.7300E-01  0.0000E+00  0.0000E+00  1.0000E+00  8.5177E-01  3.5387E+00  5.2277E+01 -3.4970E-02 -9.6198E-03  9.2223E-01  4.2430E-01  3.2144E-01  9.7300E-01  1.0070E+00 -3.4014E-02  2.7663E-01
  3.8000E+01  2.4000E+01  0.0000E+00  3.8700E-01  0.0000E+00  0.0000E+00  1.0000E+00  8.5177E-01  3.5387E+00  5.2277E+01 -3.4970E-02 -9.6198E-03  4.0935E-01 -3.4617E-01 -5.3060E-01  3.8700E-01  4.6261E-01 -7.5610E-02 -4.6784E-01
  3.8000E+01  1.6800E+02  1.0000E+02  0.0000E+00  1.0000E+00  1.0000E+00  2.0000E+00  1.0018E+00  3.7316E+00  5.2277E+01  1.8096E-02  1.5258E-01  1.4063E-05 -3.4310E-04  0.0000E+00  0.0000E+00  4.0863E-05  0.0000E+00  0.0000E+00
  3.8000E+01  1.6850E+02  0.0000E+00  7.9600E-01  0.0000E+00  0.0000E+00  2.0000E+00  1.0018E+00  3.7316E+00  5.2277E+01  1.8096E-02  1.5258E-01  7.3931E-01  5.7262E-01  5.6551E-01  7.9600E-01  8.2426E-01 -2.8260E-02  4.9193E-01
  3.8000E+01  1.6900E+02  0.0000E+00  1.1080E+00  0.0000E+00  0.0000E+00  2.0000E+00  1.0018E+00  3.7316E+00  5.2277E+01  1.8096E-02  1.5258E-01  1.1614E+00 -3.6231E-01 -3.6577E-01  1.1080E+00  1.2860E+00 -1.7801E-01 -3.0535E-01
  3.8000E+01  1.7000E+02  0.0000E+00  1.5930E+00  0.0000E+00  0.0000E+00  2.0000E+00  1.0018E+00  3.7316E+00  5.2277E+01  1.8096E-02  1.5258E-01  1.5079E+00  4.5199E-01  4.2496E-01  1.5930E+00  1.6561E+00 -6.3148E-02  3.9300E-01
  3.8000E+01  1.7200E+02  0.0000E+00  1.2130E+00  0.0000E+00  0.0000E+00  2.0000E+00  1.0018E+00  3.7316E+00  5.2277E+01  1.8096E-02  1.5258E-01  1.5106E+00 -1.5777E+00 -1.6341E+00  1.2130E+00  1.6583E+00 -4.4534E-01 -1.4539E+00
  3.8000E+01  1.7600E+02  0.0000E+00  1.0310E+00  0.0000E+00  0.0000E+00  2.0000E+00  1.0018E+00  3.7316E+00  5.2277E+01  1.8096E-02  1.5258E-01  1.1629E+00 -8.9382E-01 -9.6019E-01  1.0310E+00  1.3046E+00 -2.7363E-01 -8.3452E-01
  3.8000E+01  1.8000E+02  0.0000E+00  8.8800E-01  0.0000E+00  0.0000E+00  2.0000E+00  1.0018E+00  3.7316E+00  5.2277E+01  1.8096E-02  1.5258E-01  8.7455E-01  1.1773E-01  5.3514E-02  8.8800E-01  1.0070E+00 -1.1903E-01  2.1279E-02
  3.8000E+01  1.9200E+02  0.0000E+00  4.0700E-01  0.0000E+00  0.0000E+00  2.0000E+00  1.0018E+00  3.7316E+00  5.2277E+01  1.8096E-02  1.5258E-01  3.7136E-01  5.8370E-01  5.2988E-01  4.0700E-01  4.6262E-01 -5.5618E-02  3.6381E-01
  3.8000E+01  3.3600E+02  1.0000E+02  0.0000E+00  1.0000E+00  1.0000E+00  3.0000E+00  6.6866E-01  3.7802E+00  5.2277E+01  3.1047E-02 -2.5167E-01  1.1158E-05 -2.7222E-04  0.0000E+00  0.0000E+00  4.0864E-05  0.0000E+00  0.0000E+00
  3.8000E+01  3.3650E+02  0.0000E+00  4.4800E-01  0.0000E+00  0.0000E+00  3.0000E+00  6.6866E-01  3.7802E+00  5.2277E+01  3.1047E-02 -2.5167E-01  5.3337E-01 -1.1108E+00 -1.6835E+00  4.4800E-01  8.2426E-01 -3.7626E-01 -1.0872E+00
  3.8000E+01  3.3700E+02  0.0000E+00  8.9800E-01  0.0000E+00  0.0000E+00  3.0000E+00  6.6866E-01  3.7802E+00  5.2277E+01  3.1047E-02 -2.5167E-01  8.9622E-01  1.5265E-02 -6.8304E-01  8.9800E-01  1.2860E+00 -3.8801E-01 -5.5068E-01
  3.8000E+01  3.3800E+02  0.0000E+00  1.4730E+00  0.0000E+00  0.0000E+00  3.0000E+00  6.6866E-01  3.7802E+00  5.2277E+01  3.1047E-02 -2.5167E-01  1.2929E+00  1.1059E+00  4.9463E-01  1.4730E+00  1.6561E+00 -1.8315E-01  2.8007E-01
  3.8000E+01  3.4000E+02  0.0000E+00  1.4760E+00  0.0000E+00  0.0000E+00  3.0000E+00  6.6866E-01  3.7802E+00  5.2277E+01  3.1047E-02 -2.5167E-01  1.4583E+00  9.7172E-02 -1.9885E-01  1.4760E+00  1.6583E+00 -1.8234E-01 -1.9935E-01
  3.8000E+01  3.4400E+02  0.0000E+00  1.3680E+00  0.0000E+00  0.0000E+00  3.0000E+00  6.6866E-01  3.7802E+00  5.2277E+01  3.1047E-02 -2.5167E-01  1.1925E+00  1.1619E+00  1.0728E+00  1.3680E+00  1.3046E+00  6.3368E-02  9.6543E-01
  3.8000E+01  3.4800E+02  0.0000E+00  8.1000E-01  0.0000E+00  0.0000E+00  3.0000E+00  6.6866E-01  3.7802E+00  5.2277E+01  3.1047E-02 -2.5167E-01  8.9992E-01 -7.6789E-01 -8.8941E-01  8.1000E-01  1.0070E+00 -1.9703E-01 -7.5179E-01
  3.8000E+01  3.6000E+02  0.0000E+00  3.7600E-01  0.0000E+00  0.0000E+00  3.0000E+00  6.6866E-01  3.7802E+00  5.2277E+01  3.1047E-02 -2.5167E-01  3.7817E-01 -3.5255E-02 -2.6257E-01  3.7600E-01  4.6262E-01 -8.6618E-02 -2.6075E-01
  3.9000E+01  0.0000E+00  1.0000E+02  0.0000E+00  1.0000E+00  1.0000E+00  1.0000E+00  7.3558E-01  5.2493E+00  4.4676E+01  1.4912E-02 -3.2312E-01  0.0000E+00  0.0000E+00  0.0000E+00  0.0000E+00  0.0000E+00  0.0000E+00  0.0000E+00
  3.9000E+01  5.0000E-01  0.0000E+00  6.3900E-01  0.0000E+00  0.0000E+00  1.0000E+00  7.3558E-01  5.2493E+00  4.4676E+01  1.4912E-02 -3.2312E-01  6.6778E-01 -3.1577E-01 -6.1243E-01  6.3900E-01  8.2422E-01 -1.8522E-01 -5.5009E-01
  3.9000E+01  1.0000E+00  0.0000E+00  8.0600E-01  0.0000E+00  0.0000E+00  1.0000E+00  7.3558E-01  5.2493E+00  4.4676E+01  1.4912E-02 -3.2312E-01  1.0920E+00 -2.0532E+00 -2.4849E+00  8.0600E-01  1.2860E+00 -4.7997E-01 -2.0597E+00
  3.9000E+01  2.0000E+00  0.0000E+00  1.8270E+00  0.0000E+00  0.0000E+00  1.0000E+00  7.3558E-01  5.2493E+00  4.4676E+01  1.4912E-02 -3.2312E-01  1.4942E+00  1.7827E+00  1.3753E+00  1.8270E+00  1.6561E+00  1.7089E-01  1.3002E+00
  3.9000E+01  4.0000E+00  0.0000E+00  1.6800E+00  0.0000E+00  0.0000E+00  1.0000E+00  7.3558E-01  5.2493E+00  4.4676E+01  1.4912E-02 -3.2312E-01  1.5244E+00  8.1758E-01  5.5715E-01  1.6800E+00  1.6583E+00  2.1689E-02  6.3296E-01
  3.9000E+01  8.0000E+00  0.0000E+00  9.8500E-01  0.0000E+00  0.0000E+00  1.0000E+00  7.3558E-01  5.2493E+00  4.4676E+01  1.4912E-02 -3.2312E-01  1.0332E+00 -3.6379E-01 -6.2267E-01  9.8500E-01  1.3046E+00 -3.1961E-01 -5.9465E-01
  3.9000E+01  1.2000E+01  0.0000E+00  6.5300E-01  0.0000E+00  0.0000E+00  1.0000E+00  7.3558E-01  5.2493E+00  4.4676E+01  1.4912E-02 -3.2312E-01  6.4999E-01  3.3767E-02 -2.4597E-01  6.5300E-01  1.0070E+00 -3.5401E-01 -4.6677E-01
  3.9000E+01  2.4000E+01  0.0000E+00  1.5900E-01  0.0000E+00  0.0000E+00  1.0000E+00  7.3558E-01  5.2493E+00  4.4676E+01  1.4912E-02 -3.2312E-01  1.5879E-01  4.6202E-03 -1.3379E-01  1.5900E-01  4.6261E-01 -3.0361E-01  9.4204E-03
  3.9000E+01  1.6800E+02  1.0000E+02  0.0000E+00  1.0000E+00  1.0000E+00  2.0000E+00  1.2462E+00  5.2547E+00  4.4676E+01  1.5945E-02  2.0408E-01  7.0006E-09 -1.7080E-07  0.0000E+00  0.0000E+00  4.0863E-05  0.0000E+00  0.0000E+00
  3.9000E+01  1.6850E+02  0.0000E+00  1.0290E+00  0.0000E+00  0.0000E+00  2.0000E+00  1.2462E+00  5.2547E+00  4.4676E+01  1.5945E-02  2.0408E-01  1.0050E+00  1.8593E-01  4.4617E-01  1.0290E+00  8.2426E-01  2.0474E-01  3.6779E-01
  3.9000E+01  1.6900E+02  0.0000E+00  1.4840E+00  0.0000E+00  0.0000E+00  2.0000E+00  1.2462E+00  5.2547E+00  4.4676E+01  1.5945E-02  2.0408E-01  1.4865E+00 -1.3627E-02  2.0317E-01  1.4840E+00  1.2860E+00  1.9799E-01  1.9939E-01
  3.9000E+01  1.7000E+02  0.0000E+00  2.0380E+00  0.0000E+00  0.0000E+00  2.0000E+00  1.2462E+00  5.2547E+00  4.4676E+01  1.5945E-02  2.0408E-01  1.7491E+00  1.3307E+00  1.3398E+00  2.0380E+00  1.6561E+00  3.8185E-01  1.4857E+00
  3.9000E+01  1.7200E+02  0.0000E+00  1.6430E+00  0.0000E+00  0.0000E+00  2.0000E+00  1.2462E+00  5.2547E+00  4.4676E+01  1.5945E-02  2.0408E-01  1.5271E+00  6.0796E-01  3.4038E-01  1.6430E+00  1.6583E+00 -1.5342E-02  4.0927E-01
  3.9000E+01  1.7600E+02  0.0000E+00  9.1000E-01  0.0000E+00  0.0000E+00  2.0000E+00  1.2462E+00  5.2547E+00  4.4676E+01  1.5945E-02  2.0408E-01  9.6445E-01 -4.3731E-01 -8.5889E-01  9.1000E-01  1.3046E+00 -3.9463E-01 -8.2596E-01
  3.9000E+01  1.8000E+02  0.0000E+00  6.3500E-01  0.0000E+00  0.0000E+00  2.0000E+00  1.2462E+00  5.2547E+00  4.4676E+01  1.5945E-02  2.0408E-01  6.0257E-01  3.8560E-01 -1.9579E-02  6.3500E-01  1.0070E+00 -3.7203E-01 -3.6988E-01
  3.9000E+01  1.9200E+02  0.0000E+00  1.3300E-01  0.0000E+00  0.0000E+00  2.0000E+00  1.2462E+00  5.2547E+00  4.4676E+01  1.5945E-02  2.0408E-01  1.4690E-01 -3.1083E-01 -5.0215E-01  1.3300E-01  4.6262E-01 -3.2962E-01 -9.1191E-02
  3.9000E+01  3.3600E+02  1.0000E+02  0.0000E+00  1.0000E+00  1.0000E+00  3.0000E+00  1.1253E+00  5.2535E+00  4.4676E+01  1.5715E-02  1.0202E-01  6.5018E-09 -1.5863E-07  0.0000E+00  0.0000E+00  4.0864E-05  0.0000E+00  0.0000E+00
  3.9000E+01  3.3650E+02  0.0000E+00  1.0470E+00  0.0000E+00  0.0000E+00  3.0000E+00  1.1253E+00  5.2535E+00  4.4676E+01  1.5715E-02  1.0202E-01  9.3283E-01  9.4457E-01  1.2461E+00  1.0470E+00  8.2426E-01  2.2274E-01  1.2943E+00
  3.9000E+01  3.3700E+02  0.0000E+00  1.2890E+00  0.0000E+00  0.0000E+00  3.0000E+00  1.1253E+00  5.2535E+00  4.4676E+01  1.5715E-02  1.0202E-01  1.4110E+00 -6.8998E-01 -4.3617E-01  1.2890E+00  1.2860E+00  2.9944E-03 -3.7741E-01
  3.9000E+01  3.3800E+02  0.0000E+00  1.4430E+00  0.0000E+00  0.0000E+00  3.0000E+00  1.1253E+00  5.2535E+00  4.4676E+01  1.5715E-02  1.0202E-01  1.7124E+00 -1.2665E+00 -1.1800E+00  1.4430E+00  1.6561E+00 -2.1315E-01 -1.0482E+00
  3.9000E+01  3.4000E+02  0.0000E+00  1.7070E+00  0.0000E+00  0.0000E+00  3.0000E+00  1.1253E+00  5.2535E+00  4.4676E+01  1.5715E-02  1.0202E-01  1.5339E+00  9.0429E-01  7.9319E-01  1.7070E+00  1.6583E+00  4.8658E-02  7.5965E-01
  3.9000E+01  3.4400E+02  0.0000E+00  8.2100E-01  0.0000E+00  0.0000E+00  3.0000E+00  1.1253E+00  5.2535E+00  4.4676E+01  1.5715E-02  1.0202E-01  9.7536E-01 -1.2274E+00 -1.3206E+00  8.2100E-01  1.3046E+00 -4.8363E-01 -1.3508E+00
  3.9000E+01  3.4800E+02  0.0000E+00  4.8000E-01  0.0000E+00  0.0000E+00  3.0000E+00  1.1253E+00  5.2535E+00  4.4676E+01  1.5715E-02  1.0202E-01  6.0957E-01 -1.5269E+00 -1.4508E+00  4.8000E-01  1.0070E+00 -5.2703E-01 -1.4614E+00
  3.9000E+01  3.6000E+02  0.0000E+00  2.3700E-01  0.0000E+00  0.0000E+00  3.0000E+00  1.1253E+00  5.2535E+00  4.4676E+01  1.5715E-02  1.0202E-01  1.4866E-01  1.9712E+00  2.2121E+00  2.3700E-01  4.6262E-01 -2.2562E-01  1.2516E+00
  4.0000E+01  0.0000E+00  1.0000E+02  0.0000E+00  1.0000E+00  1.0000E+00  1.0000E+00  2.4073E-01  4.0345E+00  4.6455E+01 -2.3274E-02 -6.0906E-01  0.0000E+00  0.0000E+00  0.0000E+00  0.0000E+00  0.0000E+00  0.0000E+00  0.0000E+00
  4.0000E+01  5.0000E-01  0.0000E+00  2.1000E-01  0.0000E+00  0.0000E+00  1.0000E+00  2.4073E-01  4.0345E+00  4.6455E+01 -2.3274E-02 -6.0906E-01  2.3879E-01 -5.7261E-01 -1.2182E+00  2.1000E-01  8.2422E-01 -6.1422E-01 -2.4149E-01
  4.0000E+01  1.0000E+00  0.0000E+00  3.8600E-01  0.0000E+00  0.0000E+00  1.0000E+00  2.4073E-01  4.0345E+00  4.6455E+01 -2.3274E-02 -6.0906E-01  4.4035E-01 -8.0469E-01 -1.8500E+00  3.8600E-01  1.2860E+00 -8.9997E-01 -1.2689E+00
  4.0000E+01  2.0000E+00  0.0000E+00  6.6000E-01  0.0000E+00  0.0000E+00  1.0000E+00  2.4073E-01  4.0345E+00  4.6455E+01 -2.3274E-02 -6.0906E-01  7.4985E-01 -8.9697E-01 -2.2993E+00  6.6000E-01  1.6561E+00 -9.9611E-01 -2.2096E+00
  4.0000E+01  4.0000E+00  0.0000E+00  1.2160E+00  0.0000E+00  0.0000E+00  1.0000E+00  2.4073E-01  4.0345E+00  4.6455E+01 -2.3274E-02 -6.0906E-01  1.0936E+00  8.7758E-01 -4.7431E-01  1.2160E+00  1.6583E+00 -4.4231E-01 -9.6471E-01
  4.0000E+01  8.0000E+00  0.0000E+00  1.2380E+00  0.0000E+00  0.0000E+00  1.0000E+00  2.4073E-01  4.0345E+00  4.6455E+01 -2.3274E-02 -6.0906E-01  1.1902E+00  3.1720E-01 -2.8367E-01  1.2380E+00  1.3046E+00 -6.6608E-02  2.4779E-01
  4.0000E+01  1.2000E+01  0.0000E+00  1.2120E+00  0.0000E+00  0.0000E+00  1.0000E+00  2.4073E-01  4.0345E+00  4.6455E+01 -2.3274E-02 -6.0906E-01  1.0003E+00  1.6458E+00  1.5836E+00  1.2120E+00  1.0070E+00  2.0499E-01  2.0145E+00
  4.0000E+01  2.4000E+01  0.0000E+00  3.4400E-01  0.0000E+00  0.0000E+00  1.0000E+00  2.4073E-01  4.0345E+00  4.6455E+01 -2.3274E-02 -6.0906E-01  4.0845E-01 -9.9936E-01 -9.5843E-01  3.4400E-01  4.6261E-01 -1.1861E-01 -1.0868E+00
  4.0000E+01  1.6800E+02  1.0000E+02  0.0000E+00  1.0000E+00  1.0000E+00  2.0000E+00  3.7238E-01  4.1496E+00  4.6455E+01  4.8541E-03 -1.7281E-01  1.0815E-06 -2.6385E-05  0.0000E+00  0.0000E+00  4.0863E-05  0.0000E+00  0.0000E+00
  4.0000E+01  1.6850E+02  0.0000E+00  3.2300E-01  0.0000E+00  0.0000E+00  2.0000E+00  3.7238E-01  4.1496E+00  4.6455E+01  4.8541E-03 -1.7281E-01  3.5741E-01 -5.7521E-01 -9.1205E-01  3.2300E-01  8.2426E-01 -5.0126E-01 -5.6404E-01
  4.0000E+01  1.6900E+02  0.0000E+00  7.2900E-01  0.0000E+00  0.0000E+00  2.0000E+00  3.7238E-01  4.1496E+00  4.6455E+01  4.8541E-03 -1.7281E-01  6.3848E-01  1.0290E+00  5.1516E-01  7.2900E-01  1.2860E+00 -5.5701E-01 -1.7285E-01
  4.0000E+01  1.7000E+02  0.0000E+00  1.0690E+00  0.0000E+00  0.0000E+00  2.0000E+00  3.7238E-01  4.1496E+00  4.6455E+01  4.8541E-03 -1.7281E-01  1.0239E+00  3.4334E-01 -2.4834E-01  1.0690E+00  1.6561E+00 -5.8715E-01 -6.8687E-01
  4.0000E+01  1.7200E+02  0.0000E+00  9.8300E-01  0.0000E+00  0.0000E+00  2.0000E+00  3.7238E-01  4.1496E+00  4.6455E+01  4.8541E-03 -1.7281E-01  1.3426E+00 -2.1314E+00 -2.4877E+00  9.8300E-01  1.6583E+00 -6.7534E-01 -2.0311E+00
  4.0000E+01  1.7600E+02  0.0000E+00  1.2270E+00  0.0000E+00  0.0000E+00  2.0000E+00  3.7238E-01  4.1496E+00  4.6455E+01  4.8541E-03 -1.7281E-01  1.2419E+00 -9.5224E-02 -1.4129E-02  1.2270E+00  1.3046E+00 -7.7632E-02  4.6026E-01
  4.0000E+01  1.8000E+02  0.0000E+00  8.8400E-01  0.0000E+00  0.0000E+00  2.0000E+00  3.7238E-01  4.1496E+00  4.6455E+01  4.8541E-03 -1.7281E-01  9.3706E-01 -4.3726E-01 -3.0860E-01  8.8400E-01  1.0070E+00 -1.2303E-01  3.7304E-02
  4.0000E+01  1.9200E+02  0.0000E+00  3.6900E-01  0.0000E+00  0.0000E+00  2.0000E+00  3.7238E-01  4.1496E+00  4.6455E+01  4.8541E-03 -1.7281E-01  3.3155E-01  6.5068E-01  4.6507E-01  3.6900E-01  4.6262E-01 -9.3618E-02 -1.9667E-01
  4.0000E+01  3.3600E+02  1.0000E+02  0.0000E+00  1.0000E+00  1.0000E+00  3.0000E+00  6.0238E-01  4.3146E+00  4.6455E+01  4.3827E-02  3.0816E-01  5.1596E-07 -1.2588E-05  0.0000E+00  0.0000E+00  4.0864E-05  0.0000E+00  0.0000E+00
  4.0000E+01  3.3650E+02  0.0000E+00  6.1700E-01  0.0000E+00  0.0000E+00  3.0000E+00  6.0238E-01  4.3146E+00  4.6455E+01  4.3827E-02  3.0816E-01  5.4638E-01  9.0299E-01  8.7021E-01  6.1700E-01  8.2426E-01 -2.0726E-01  6.6687E-01
  4.0000E+01  3.3700E+02  0.0000E+00  8.1600E-01  0.0000E+00  0.0000E+00  3.0000E+00  6.0238E-01  4.3146E+00  4.6455E+01  4.3827E-02  3.0816E-01  9.2588E-01 -9.1511E-01 -9.3642E-01  8.1600E-01  1.2860E+00 -4.7001E-01 -5.7910E-01
  4.0000E+01  3.3800E+02  0.0000E+00  1.4360E+00  0.0000E+00  0.0000E+00  3.0000E+00  6.0238E-01  4.3146E+00  4.6455E+01  4.3827E-02  3.0816E-01  1.3507E+00  5.0282E-01  5.4287E-01  1.4360E+00  1.6561E+00 -2.2015E-01  6.1323E-01
  4.0000E+01  3.4000E+02  0.0000E+00  1.7070E+00  0.0000E+00  0.0000E+00  3.0000E+00  6.0238E-01  4.3146E+00  4.6455E+01  4.3827E-02  3.0816E-01  1.5266E+00  9.4671E-01  1.0620E+00  1.7070E+00  1.6583E+00  4.8658E-02  1.3760E+00
  4.0000E+01  3.4400E+02  0.0000E+00  1.2490E+00  0.0000E+00  0.0000E+00  3.0000E+00  6.0238E-01  4.3146E+00  4.6455E+01  4.3827E-02  3.0816E-01  1.1901E+00  3.9091E-01  2.8946E-01  1.2490E+00  1.3046E+00 -5.5632E-02  6.6970E-01
  4.0000E+01  3.4800E+02  0.0000E+00  8.4300E-01  0.0000E+00  0.0000E+00  3.0000E+00  6.0238E-01  4.3146E+00  4.6455E+01  4.3827E-02  3.0816E-01  8.3311E-01  9.0285E-02 -3.3645E-01  8.4300E-01  1.0070E+00 -1.6403E-01 -1.7161E-01
  4.0000E+01  3.6000E+02  0.0000E+00  2.5500E-01  0.0000E+00  0.0000E+00  3.0000E+00  6.0238E-01  4.3146E+00  4.6455E+01  4.3827E-02  3.0816E-01  2.7393E-01 -3.5799E-01 -1.0650E+00  2.5500E-01  4.6262E-01 -2.0762E-01 -1.4807E+00
  4.1000E+01  0.0000E+00  1.0000E+02  0.0000E+00  1.0000E+00  1.0000E+00  1.0000E+00  1.0547E+00  9.3045E-01  5.4117E+01 -1.4059E-01 -1.2646E-01  0.0000E+00  0.0000E+00  0.0000E+00  0.0000E+00  0.0000E+00  0.0000E+00  0.0000E+00
  4.1000E+01  5.0000E-01  0.0000E+00  8.3000E-01  0.0000E+00  0.0000E+00  1.0000E+00  1.0547E+00  9.3045E-01  5.4117E+01 -1.4059E-01 -1.2646E-01  7.5375E-01  7.5791E-01  6.2264E-01  8.3000E-01  8.2422E-01  5.7798E-03  3.5670E-01
  4.1000E+01  1.0000E+00  0.0000E+00  1.0470E+00  0.0000E+00  0.0000E+00  1.0000E+00  1.0547E+00  9.3045E-01  5.4117E+01 -1.4059E-01 -1.2646E-01  1.1921E+00 -9.6131E-01 -1.1953E+00  1.0470E+00  1.2860E+00 -2.3897E-01 -1.0373E+00
  4.1000E+01  2.0000E+00  0.0000E+00  1.5540E+00  0.0000E+00  0.0000E+00  1.0000E+00  1.0547E+00  9.3045E-01  5.4117E+01 -1.4059E-01 -1.2646E-01  1.5871E+00 -1.6720E-01 -4.8662E-01  1.5540E+00  1.6561E+00 -1.0211E-01 -2.1567E-01
  4.1000E+01  4.0000E+00  0.0000E+00  1.6600E+00  0.0000E+00  0.0000E+00  1.0000E+00  1.0547E+00  9.3045E-01  5.4117E+01 -1.4059E-01 -1.2646E-01  1.7260E+00 -3.0775E-01 -6.0763E-01  1.6600E+00  1.6583E+00  1.6893E-03 -3.8580E-01
  4.1000E+01  8.0000E+00  0.0000E+00  1.6400E+00  0.0000E+00  0.0000E+00  1.0000E+00  1.0547E+00  9.3045E-01  5.4117E+01 -1.4059E-01 -1.2646E-01  1.6367E+00  1.6402E-02 -9.3511E-02  1.6400E+00  1.3046E+00  3.3539E-01 -4.3256E-01
  4.1000E+01  1.2000E+01  0.0000E+00  1.6970E+00  0.0000E+00  0.0000E+00  1.0000E+00  1.0547E+00  9.3045E-01  5.4117E+01 -1.4059E-01 -1.2646E-01  1.5283E+00  8.8465E-01  9.6637E-01  1.6970E+00  1.0070E+00  6.8999E-01  5.0181E-01
  4.1000E+01  2.4000E+01  0.0000E+00  1.4070E+00  0.0000E+00  0.0000E+00  1.0000E+00  1.0547E+00  9.3045E-01  5.4117E+01 -1.4059E-01 -1.2646E-01  1.2434E+00  1.0423E+00  1.5956E+00  1.4070E+00  4.6261E-01  9.4439E-01  2.4096E+00
  4.1000E+01  1.6800E+02  1.0000E+02  0.0000E+00  1.0000E+00  1.0000E+00  2.0000E+00  1.4342E+00  9.7980E-01  5.4117E+01 -8.8914E-02  1.8092E-01  9.1693E-02 -2.1583E+00  0.0000E+00  0.0000E+00  4.0863E-05  0.0000E+00  0.0000E+00
  4.1000E+01  1.6850E+02  0.0000E+00  1.0890E+00  0.0000E+00  0.0000E+00  2.0000E+00  1.4342E+00  9.7980E-01  5.4117E+01 -8.8914E-02  1.8092E-01  1.0319E+00  4.3186E-01  9.2745E-01  1.0890E+00  8.2426E-01  2.6474E-01  8.1906E-01
  4.1000E+01  1.6900E+02  0.0000E+00  1.5070E+00  0.0000E+00  0.0000E+00  2.0000E+00  1.4342E+00  9.7980E-01  5.4117E+01 -8.8914E-02  1.8092E-01  1.4819E+00  1.3528E-01  4.8406E-01  1.5070E+00  1.2860E+00  2.2099E-01  4.1018E-01
  4.1000E+01  1.7000E+02  0.0000E+00  1.8680E+00  0.0000E+00  0.0000E+00  2.0000E+00  1.4342E+00  9.7980E-01  5.4117E+01 -8.8914E-02  1.8092E-01  1.7871E+00  3.6518E-01  4.9821E-01  1.8680E+00  1.6561E+00  2.1185E-01  6.7124E-01
  4.1000E+01  1.7200E+02  0.0000E+00  1.6670E+00  0.0000E+00  0.0000E+00  2.0000E+00  1.4342E+00  9.7980E-01  5.4117E+01 -8.8914E-02  1.8092E-01  1.8200E+00 -6.7807E-01 -6.0380E-01  1.6670E+00  1.6583E+00  8.6577E-03 -4.0610E-01
  4.1000E+01  1.7600E+02  0.0000E+00  1.6870E+00  0.0000E+00  0.0000E+00  2.0000E+00  1.4342E+00  9.7980E-01  5.4117E+01 -8.8914E-02  1.8092E-01  1.6984E+00 -5.4130E-02  1.8089E-01  1.6870E+00  1.3046E+00  3.8237E-01 -4.5640E-02
  4.1000E+01  1.8000E+02  0.0000E+00  1.7440E+00  0.0000E+00  0.0000E+00  2.0000E+00  1.4342E+00  9.7980E-01  5.4117E+01 -8.8914E-02  1.8092E-01  1.5798E+00  8.3405E-01  1.2287E+00  1.7440E+00  1.0070E+00  7.3697E-01  9.4635E-01
  4.1000E+01  1.9200E+02  0.0000E+00  1.3380E+00  0.0000E+00  0.0000E+00  2.0000E+00  1.4342E+00  9.7980E-01  5.4117E+01 -8.8914E-02  1.8092E-01  1.2713E+00  4.1618E-01  1.1853E+00  1.3380E+00  4.6262E-01  8.7538E-01  1.6408E+00
  4.1000E+01  3.3600E+02  1.0000E+02  0.0000E+00  1.0000E+00  1.0000E+00  3.0000E+00  1.2191E+00  1.2171E+00  5.4117E+01  1.2796E-01  1.8446E-02  4.9861E-02 -1.2033E+00  0.0000E+00  0.0000E+00  4.0864E-05  0.0000E+00  0.0000E+00
  4.1000E+01  3.3650E+02  0.0000E+00  8.0300E-01  0.0000E+00  0.0000E+00  3.0000E+00  1.2191E+00  1.2171E+00  5.4117E+01  1.2796E-01  1.8446E-02  8.8747E-01 -7.3015E-01 -6.2137E-01  8.0300E-01  8.2426E-01 -2.1260E-02 -8.1323E-01
  4.1000E+01  3.3700E+02  0.0000E+00  1.5370E+00  0.0000E+00  0.0000E+00  3.0000E+00  1.2191E+00  1.2171E+00  5.4117E+01  1.2796E-01  1.8446E-02  1.3332E+00  1.2163E+00  1.2228E+00  1.5370E+00  1.2860E+00  2.5099E-01  1.1925E+00
  4.1000E+01  3.3800E+02  0.0000E+00  1.6410E+00  0.0000E+00  0.0000E+00  3.0000E+00  1.2191E+00  1.2171E+00  5.4117E+01  1.2796E-01  1.8446E-02  1.6831E+00 -2.0100E-01 -3.1468E-01  1.6410E+00  1.6561E+00 -1.5148E-02 -4.4350E-02
  4.1000E+01  3.4000E+02  0.0000E+00  1.5040E+00  0.0000E+00  0.0000E+00  3.0000E+00  1.2191E+00  1.2171E+00  5.4117E+01  1.2796E-01  1.8446E-02  1.7518E+00 -1.1397E+00 -1.2771E+00  1.5040E+00  1.6583E+00 -1.5434E-01 -9.3617E-01
  4.1000E+01  3.4400E+02  0.0000E+00  1.6490E+00  0.0000E+00  0.0000E+00  3.0000E+00  1.2191E+00  1.2171E+00  5.4117E+01  1.2796E-01  1.8446E-02  1.6141E+00  1.7356E-01  1.7439E-01  1.6490E+00  1.3046E+00  3.4437E-01  2.2353E-01
  4.1000E+01  3.4800E+02  0.0000E+00  1.4260E+00  0.0000E+00  0.0000E+00  3.0000E+00  1.2191E+00  1.2171E+00  5.4117E+01  1.2796E-01  1.8446E-02  1.4754E+00 -2.6757E-01 -1.3136E-01  1.4260E+00  1.0070E+00  4.1897E-01 -5.1031E-01
  4.1000E+01  3.6000E+02  0.0000E+00  1.0940E+00  0.0000E+00  0.0000E+00  3.0000E+00  1.2191E+00  1.2171E+00  5.4117E+01  1.2796E-01  1.8446E-02  1.1264E+00 -2.2605E-01  2.0233E-01  1.0940E+00  4.6262E-01  6.3138E-01  3.2774E-01
  4.2000E+01  0.0000E+00  1.0000E+02  0.0000E+00  1.0000E+00  1.0000E+00  1.0000E+00  1.6322E+00  6.5048E+00  4.7749E+01  4.9492E-02  5.0914E-01  0.0000E+00  0.0000E+00  0.0000E+00  0.0000E+00  0.0000E+00  0.0000E+00  0.0000E+00
  4.2000E+01  5.0000E-01  0.0000E+00  1.2670E+00  0.0000E+00  0.0000E+00  1.0000E+00  1.6322E+00  6.5048E+00  4.7749E+01  4.9492E-02  5.0914E-01  1.1242E+00  9.9823E-01  1.7069E+00  1.2670E+00  8.2422E-01  4.4278E-01  1.8437E+00
  4.2000E+01  1.0000E+00  0.0000E+00  1.5590E+00  0.0000E+00  0.0000E+00  1.0000E+00  1.6322E+00  6.5048E+00  4.7749E+01  4.9492E-02  5.0914E-01  1.5473E+00  6.0799E-02  5.8035E-01  1.5590E+00  1.2860E+00  2.7303E-01  5.2679E-01
  4.2000E+01  2.0000E+00  0.0000E+00  1.7930E+00  0.0000E+00  0.0000E+00  1.0000E+00  1.6322E+00  6.5048E+00  4.7749E+01  4.9492E-02  5.0914E-01  1.6527E+00  6.8247E-01  7.0724E-01  1.7930E+00  1.6561E+00  1.3689E-01  7.6523E-01
  4.2000E+01  4.0000E+00  0.0000E+00  1.2440E+00  0.0000E+00  0.0000E+00  1.0000E+00  1.6322E+00  6.5048E+00  4.7749E+01  4.9492E-02  5.0914E-01  1.3217E+00 -4.6740E-01 -8.7991E-01  1.2440E+00  1.6583E+00 -4.1431E-01 -5.9651E-01
  4.2000E+01  8.0000E+00  0.0000E+00  7.9200E-01  0.0000E+00  0.0000E+00  1.0000E+00  1.6322E+00  6.5048E+00  4.7749E+01  4.9492E-02  5.0914E-01  7.6837E-01  2.3110E-01 -4.4734E-01  7.9200E-01  1.3046E+00 -5.1261E-01 -5.0395E-01
  4.2000E+01  1.2000E+01  0.0000E+00  4.9100E-01  0.0000E+00  0.0000E+00  1.0000E+00  1.6322E+00  6.5048E+00  4.7749E+01  4.9492E-02  5.0914E-01  4.4557E-01  6.6759E-01 -4.7025E-02  4.9100E-01  1.0070E+00 -5.1601E-01 -4.4018E-01
  4.2000E+01  2.4000E+01  0.0000E+00  3.5000E-02  0.0000E+00  0.0000E+00  1.0000E+00  1.6322E+00  6.5048E+00  4.7749E+01  4.9492E-02  5.0914E-01  8.6888E-02 -1.2257E+00 -1.5720E+00  3.5000E-02  4.6261E-01 -4.2761E-01 -5.4099E-01
  4.2000E+01  1.6800E+02  1.0000E+02  0.0000E+00  1.0000E+00  1.0000E+00  2.0000E+00  9.3933E-01  5.0744E+00  4.7749E+01 -1.9885E-01 -4.3385E-02  1.9629E-08 -4.7890E-07  0.0000E+00  0.0000E+00  4.0863E-05  0.0000E+00  0.0000E+00
  4.2000E+01  1.6850E+02  0.0000E+00  8.3600E-01  0.0000E+00  0.0000E+00  2.0000E+00  9.3933E-01  5.0744E+00  4.7749E+01 -1.9885E-01 -4.3385E-02  7.6284E-01  7.1999E-01  6.1543E-01  8.3600E-01  8.2426E-01  1.1740E-02  3.3706E-01
  4.2000E+01  1.6900E+02  0.0000E+00  1.1130E+00  0.0000E+00  0.0000E+00  2.0000E+00  9.3933E-01  5.0744E+00  4.7749E+01 -1.9885E-01 -4.3385E-02  1.2003E+00 -5.7452E-01 -6.4503E-01  1.1130E+00  1.2860E+00 -1.7301E-01 -5.6336E-01
  4.2000E+01  1.7000E+02  0.0000E+00  1.5930E+00  0.0000E+00  0.0000E+00  2.0000E+00  9.3933E-01  5.0744E+00  4.7749E+01 -1.9885E-01 -4.3385E-02  1.5485E+00  2.3058E-01  2.3662E-01  1.5930E+00  1.6561E+00 -6.3148E-02  4.8436E-01
  4.2000E+01  1.7200E+02  0.0000E+00  1.3230E+00  0.0000E+00  0.0000E+00  2.0000E+00  9.3933E-01  5.0744E+00  4.7749E+01 -1.9885E-01 -4.3385E-02  1.4886E+00 -8.9006E-01 -8.1586E-01  1.3230E+00  1.6583E+00 -3.3534E-01 -3.4199E-01
  4.2000E+01  1.7600E+02  0.0000E+00  1.1490E+00  0.0000E+00  0.0000E+00  2.0000E+00  9.3933E-01  5.0744E+00  4.7749E+01 -1.9885E-01 -4.3385E-02  1.0079E+00  1.0899E+00  1.1341E+00  1.1490E+00  1.3046E+00 -1.5563E-01  1.0041E+00
  4.2000E+01  1.8000E+02  0.0000E+00  7.3100E-01  0.0000E+00  0.0000E+00  2.0000E+00  9.3933E-01  5.0744E+00  4.7749E+01 -1.9885E-01 -4.3385E-02  6.5966E-01  7.9048E-01  7.7852E-01  7.3100E-01  1.0070E+00 -2.7603E-01  4.4496E-01
  4.2000E+01  1.9200E+02  0.0000E+00  1.6700E-01  0.0000E+00  0.0000E+00  2.0000E+00  9.3933E-01  5.0744E+00  4.7749E+01 -1.9885E-01 -4.3385E-02  1.8429E-01 -3.6990E-01 -4.4902E-01  1.6700E-01  4.6262E-01 -2.9562E-01 -3.2389E-01
  4.2000E+01  3.3600E+02  1.0000E+02  0.0000E+00  1.0000E+00  1.0000E+00  3.0000E+00  5.9373E-01  7.6591E+00  4.7749E+01  2.1284E-01 -5.0213E-01  1.7145E-11 -4.1831E-10  0.0000E+00  0.0000E+00  4.0864E-05  0.0000E+00  0.0000E+00
  4.2000E+01  3.3650E+02  0.0000E+00  4.5800E-01  0.0000E+00  0.0000E+00  3.0000E+00  5.9373E-01  7.6591E+00  4.7749E+01  2.1284E-01 -5.0213E-01  5.1589E-01 -7.7128E-01 -1.3776E+00  4.5800E-01  8.2426E-01 -3.6626E-01 -1.2529E+00
  4.2000E+01  3.3700E+02  0.0000E+00  9.5500E-01  0.0000E+00  0.0000E+00  3.0000E+00  5.9373E-01  7.6591E+00  4.7749E+01  2.1284E-01 -5.0213E-01  8.5952E-01  8.4869E-01  4.0067E-02  9.5500E-01  1.2860E+00 -3.3101E-01 -2.8636E-01
  4.2000E+01  3.3800E+02  0.0000E+00  1.0070E+00  0.0000E+00  0.0000E+00  3.0000E+00  5.9373E-01  7.6591E+00  4.7749E+01  2.1284E-01 -5.0213E-01  1.2068E+00 -1.3085E+00 -2.1403E+00  1.0070E+00  1.6561E+00 -6.4915E-01 -1.6393E+00
  4.2000E+01  3.4000E+02  0.0000E+00  1.1380E+00  0.0000E+00  0.0000E+00  3.0000E+00  5.9373E-01  7.6591E+00  4.7749E+01  2.1284E-01 -5.0213E-01  1.2437E+00 -6.7306E-01 -1.3247E+00  1.1380E+00  1.6583E+00 -5.2034E-01 -9.3893E-01
  4.2000E+01  3.4400E+02  0.0000E+00  7.2500E-01  0.0000E+00  0.0000E+00  3.0000E+00  5.9373E-01  7.6591E+00  4.7749E+01  2.1284E-01 -5.0213E-01  7.7043E-01 -4.4336E-01 -1.0682E+00  7.2500E-01  1.3046E+00 -5.7963E-01 -1.0193E+00
  4.2000E+01  3.4800E+02  0.0000E+00  4.3600E-01  0.0000E+00  0.0000E+00  3.0000E+00  5.9373E-01  7.6591E+00  4.7749E+01  2.1284E-01 -5.0213E-01  4.1635E-01  3.0123E-01 -3.8309E-01  4.3600E-01  1.0070E+00 -5.7103E-01 -8.6868E-01
  4.2000E+01  3.6000E+02  0.0000E+00  5.3000E-02  0.0000E+00  0.0000E+00  3.0000E+00  5.9373E-01  7.6591E+00  4.7749E+01  2.1284E-01 -5.0213E-01  6.1080E-02 -1.9397E-01 -4.9803E-01  5.3000E-02  4.6262E-01 -4.0962E-01 -7.4197E-02
  4.3000E+01  0.0000E+00  1.0000E+02  0.0000E+00  1.0000E+00  1.0000E+00  1.0000E+00  9.7890E-01  5.4680E+00  6.6249E+01  3.3921E-01  1.3516E-01  0.0000E+00  0.0000E+00  0.0000E+00  0.0000E+00  0.0000E+00  0.0000E+00  0.0000E+00
  4.3000E+01  5.0000E-01  0.0000E+00  6.0400E-01  0.0000E+00  0.0000E+00  1.0000E+00  9.7890E-01  5.4680E+00  6.6249E+01  3.3921E-01  1.3516E-01  5.7137E-01  4.0382E-01  3.0314E-01  6.0400E-01  8.2422E-01 -2.2022E-01  1.5602E-01
  4.3000E+01  1.0000E+00  0.0000E+00  8.8300E-01  0.0000E+00  0.0000E+00  1.0000E+00  9.7890E-01  5.4680E+00  6.6249E+01  3.3921E-01  1.3516E-01  8.9849E-01 -1.3249E-01 -3.7627E-01  8.8300E-01  1.2860E+00 -4.0297E-01 -2.9313E-01
  4.3000E+01  2.0000E+00  0.0000E+00  1.1660E+00  0.0000E+00  0.0000E+00  1.0000E+00  9.7890E-01  5.4680E+00  6.6249E+01  3.3921E-01  1.3516E-01  1.1649E+00  7.4504E-03 -4.8201E-01  1.1660E+00  1.6561E+00 -4.9011E-01 -3.3645E-01
  4.3000E+01  4.0000E+00  0.0000E+00  1.1930E+00  0.0000E+00  0.0000E+00  1.0000E+00  9.7890E-01  5.4680E+00  6.6249E+01  3.3921E-01  1.3516E-01  1.1521E+00  2.7969E-01 -4.4474E-01  1.1930E+00  1.6583E+00 -4.6531E-01 -2.8845E-01
  4.3000E+01  8.0000E+00  0.0000E+00  8.4100E-01  0.0000E+00  0.0000E+00  1.0000E+00  9.7890E-01  5.4680E+00  6.6249E+01  3.3921E-01  1.3516E-01  8.5109E-01 -9.0486E-02 -9.0147E-01  8.4100E-01  1.3046E+00 -4.6361E-01 -6.6555E-01
  4.3000E+01  1.2000E+01  0.0000E+00  5.0600E-01  0.0000E+00  0.0000E+00  1.0000E+00  9.7890E-01  5.4680E+00  6.6249E+01  3.3921E-01  1.3516E-01  6.1224E-01 -1.2477E+00 -2.0346E+00  5.0600E-01  1.0070E+00 -5.0101E-01 -1.4398E+00
  4.3000E+01  2.4000E+01  0.0000E+00  2.1800E-01  0.0000E+00  0.0000E+00  1.0000E+00  9.7890E-01  5.4680E+00  6.6249E+01  3.3921E-01  1.3516E-01  2.2739E-01 -1.8983E-01 -7.2347E-01  2.1800E-01  4.6261E-01 -2.4461E-01 -7.9173E-01
  4.3000E+01  1.6800E+02  1.0000E+02  0.0000E+00  1.0000E+00  1.0000E+00  2.0000E+00  8.5264E-01  3.4930E+00  6.6249E+01 -1.0894E-01 -2.9263E-03  1.1465E-04 -2.7972E-03  0.0000E+00  0.0000E+00  4.0863E-05  0.0000E+00  0.0000E+00
  4.3000E+01  1.6850E+02  0.0000E+00  5.1900E-01  0.0000E+00  0.0000E+00  2.0000E+00  8.5264E-01  3.4930E+00  6.6249E+01 -1.0894E-01 -2.9263E-03  5.1671E-01  3.0516E-02 -2.5063E-01  5.1900E-01  8.2426E-01 -3.0526E-01 -2.3269E-01
  4.3000E+01  1.6900E+02  0.0000E+00  8.4900E-01  0.0000E+00  0.0000E+00  2.0000E+00  8.5264E-01  3.4930E+00  6.6249E+01 -1.0894E-01 -2.9263E-03  8.4055E-01  7.6555E-02 -3.2175E-01  8.4900E-01  1.2860E+00 -4.3701E-01 -2.8857E-01
  4.3000E+01  1.7000E+02  0.0000E+00  1.2250E+00  0.0000E+00  0.0000E+00  2.0000E+00  8.5264E-01  3.4930E+00  6.6249E+01 -1.0894E-01 -2.9263E-03  1.1557E+00  4.7268E-01 -1.3048E-02  1.2250E+00  1.6561E+00 -4.3115E-01 -4.8797E-02
  4.3000E+01  1.7200E+02  0.0000E+00  1.2030E+00  0.0000E+00  0.0000E+00  2.0000E+00  8.5264E-01  3.4930E+00  6.6249E+01 -1.0894E-01 -2.9263E-03  1.2500E+00 -2.9775E-01 -7.4134E-01  1.2030E+00  1.6583E+00 -4.5534E-01 -4.9829E-01
  4.3000E+01  1.7600E+02  0.0000E+00  9.7300E-01  0.0000E+00  0.0000E+00  2.0000E+00  8.5264E-01  3.4930E+00  6.6249E+01 -1.0894E-01 -2.9263E-03  1.0536E+00 -5.9770E-01 -8.1088E-01  9.7300E-01  1.3046E+00 -3.3163E-01 -5.6245E-01
  4.3000E+01  1.8000E+02  0.0000E+00  9.7700E-01  0.0000E+00  0.0000E+00  2.0000E+00  8.5264E-01  3.4930E+00  6.6249E+01 -1.0894E-01 -2.9263E-03  8.5460E-01  1.0934E+00  1.0819E+00  9.7700E-01  1.0070E+00 -3.0033E-02  8.8055E-01
  4.3000E+01  1.9200E+02  0.0000E+00  4.6700E-01  0.0000E+00  0.0000E+00  2.0000E+00  8.5264E-01  3.4930E+00  6.6249E+01 -1.0894E-01 -2.9263E-03  4.5395E-01  1.8948E-01  4.9798E-01  4.6700E-01  4.6262E-01  4.3815E-03  2.3840E-01
  4.3000E+01  3.3600E+02  1.0000E+02  0.0000E+00  1.0000E+00  1.0000E+00  3.0000E+00  6.6995E-01  3.1561E+00  6.6249E+01 -2.1036E-01 -2.4406E-01  4.7604E-04 -1.1614E-02  0.0000E+00  0.0000E+00  4.0864E-05  0.0000E+00  0.0000E+00
  4.3000E+01  3.3650E+02  0.0000E+00  4.2500E-01  0.0000E+00  0.0000E+00  3.0000E+00  6.6995E-01  3.1561E+00  6.6249E+01 -2.1036E-01 -2.4406E-01  4.2477E-01  3.5229E-03 -4.5063E-01  4.2500E-01  8.2426E-01 -3.9926E-01 -4.0668E-01
  4.3000E+01  3.3700E+02  0.0000E+00  7.3500E-01  0.0000E+00  0.0000E+00  3.0000E+00  6.6995E-01  3.1561E+00  6.6249E+01 -2.1036E-01 -2.4406E-01  7.1830E-01  1.7278E-01 -4.5869E-01  7.3500E-01  1.2860E+00 -5.5101E-01 -5.1394E-01
  4.3000E+01  3.3800E+02  0.0000E+00  1.0530E+00  0.0000E+00  0.0000E+00  3.0000E+00  6.6995E-01  3.1561E+00  6.6249E+01 -2.1036E-01 -2.4406E-01  1.0522E+00  5.7796E-03 -6.8468E-01  1.0530E+00  1.6561E+00 -6.0315E-01 -6.7089E-01
  4.3000E+01  3.4000E+02  0.0000E+00  1.0660E+00  0.0000E+00  0.0000E+00  3.0000E+00  6.6995E-01  3.1561E+00  6.6249E+01 -2.1036E-01 -2.4406E-01  1.2320E+00 -1.0665E+00 -1.5659E+00  1.0660E+00  1.6583E+00 -5.9234E-01 -1.1933E+00
  4.3000E+01  3.4400E+02  0.0000E+00  1.0990E+00  0.0000E+00  0.0000E+00  3.0000E+00  6.6995E-01  3.1561E+00  6.6249E+01 -2.1036E-01 -2.4406E-01  1.1027E+00 -2.6492E-02 -1.3788E-01  1.0990E+00  1.3046E+00 -2.0563E-01 -1.4947E-02
  4.3000E+01  3.4800E+02  0.0000E+00  9.7300E-01  0.0000E+00  0.0000E+00  3.0000E+00  6.6995E-01  3.1561E+00  6.6249E+01 -2.1036E-01 -2.4406E-01  9.1719E-01  4.6872E-01  6.2365E-01  9.7300E-01  1.0070E+00 -3.4033E-02  5.6805E-01
  4.3000E+01  3.6000E+02  0.0000E+00  5.8700E-01  0.0000E+00  0.0000E+00  3.0000E+00  6.6995E-01  3.1561E+00  6.6249E+01 -2.1036E-01 -2.4406E-01  5.1811E-01  9.1495E-01  1.4974E+00  5.8700E-01  4.6262E-01  1.2438E-01  1.1970E+00
  4.4000E+01  0.0000E+00  1.0000E+02  0.0000E+00  1.0000E+00  1.0000E+00  1.0000E+00  9.8433E-01  1.4842E+00  4.7859E+01  1.1412E-01  1.7626E-01  0.0000E+00  0.0000E+00  0.0000E+00  0.0000E+00  0.0000E+00  0.0000E+00  0.0000E+00
  4.4000E+01  5.0000E-01  0.0000E+00  7.7300E-01  0.0000E+00  0.0000E+00  1.0000E+00  9.8433E-01  1.4842E+00  4.7859E+01  1.1412E-01  1.7626E-01  8.0539E-01 -3.0449E-01 -3.6291E-01  7.7300E-01  8.2422E-01 -5.1220E-02 -4.5476E-01
  4.4000E+01  1.0000E+00  0.0000E+00  1.4570E+00  0.0000E+00  0.0000E+00  1.0000E+00  9.8433E-01  1.4842E+00  4.7859E+01  1.1412E-01  1.7626E-01  1.2853E+00  1.0600E+00  1.0427E+00  1.4570E+00  1.2860E+00  1.7103E-01  1.0473E+00
  4.4000E+01  2.0000E+00  0.0000E+00  1.7440E+00  0.0000E+00  0.0000E+00  1.0000E+00  9.8433E-01  1.4842E+00  4.7859E+01  1.1412E-01  1.7626E-01  1.7264E+00  8.2061E-02  1.2489E-01  1.7440E+00  1.6561E+00  8.7888E-02  3.6057E-01
  4.4000E+01  4.0000E+00  0.0000E+00  1.2850E+00  0.0000E+00  0.0000E+00  1.0000E+00  9.8433E-01  1.4842E+00  4.7859E+01  1.1412E-01  1.7626E-01  1.8637E+00 -2.5068E+00 -2.3824E+00  1.2850E+00  1.6583E+00 -3.7331E-01 -2.3383E+00
  4.4000E+01  8.0000E+00  0.0000E+00  1.7740E+00  0.0000E+00  0.0000E+00  1.0000E+00  9.8433E-01  1.4842E+00  4.7859E+01  1.1412E-01  1.7626E-01  1.6826E+00  4.3710E-01  6.5146E-01  1.7740E+00  1.3046E+00  4.6939E-01  8.2509E-01
  4.4000E+01  1.2000E+01  0.0000E+00  1.2820E+00  0.0000E+00  0.0000E+00  1.0000E+00  9.8433E-01  1.4842E+00  4.7859E+01  1.1412E-01  1.7626E-01  1.4870E+00 -1.1031E+00 -8.3663E-01  1.2820E+00  1.0070E+00  2.7499E-01 -1.3017E+00
  4.4000E+01  2.4000E+01  0.0000E+00  1.0440E+00  0.0000E+00  0.0000E+00  1.0000E+00  9.8433E-01  1.4842E+00  4.7859E+01  1.1412E-01  1.7626E-01  1.0249E+00  1.4512E-01  4.4599E-01  1.0440E+00  4.6261E-01  5.8139E-01  8.7666E-01
  4.4000E+01  1.6800E+02  1.0000E+02  0.0000E+00  1.0000E+00  1.0000E+00  2.0000E+00  6.2462E-01  1.1679E+00  4.7859E+01 -1.2558E-01 -2.7856E-01  3.0520E-02 -7.4156E-01  0.0000E+00  0.0000E+00  4.0863E-05  0.0000E+00  0.0000E+00
  4.4000E+01  1.6850E+02  0.0000E+00  5.5600E-01  0.0000E+00  0.0000E+00  2.0000E+00  6.2462E-01  1.1679E+00  4.7859E+01 -1.2558E-01 -2.7856E-01  5.8705E-01 -3.7655E-01 -8.8701E-01  5.5600E-01  8.2426E-01 -2.6826E-01 -5.9606E-01
  4.4000E+01  1.6900E+02  0.0000E+00  8.4900E-01  0.0000E+00  0.0000E+00  2.0000E+00  6.2462E-01  1.1679E+00  4.7859E+01 -1.2558E-01 -2.7856E-01  9.8745E-01 -1.0888E+00 -1.7364E+00  8.4900E-01  1.2860E+00 -4.3701E-01 -1.3351E+00
  4.4000E+01  1.7000E+02  0.0000E+00  1.6660E+00  0.0000E+00  0.0000E+00  2.0000E+00  6.2462E-01  1.1679E+00  4.7859E+01 -1.2558E-01 -2.7856E-01  1.4764E+00  1.0270E+00  4.9108E-01  1.6660E+00  1.6561E+00  9.8521E-03  4.6621E-01
  4.4000E+01  1.7200E+02  0.0000E+00  2.0550E+00  0.0000E+00  0.0000E+00  2.0000E+00  6.2462E-01  1.1679E+00  4.7859E+01 -1.2558E-01 -2.7856E-01  1.8211E+00  1.0361E+00  9.5447E-01  2.0550E+00  1.6583E+00  3.9666E-01  1.0993E+00
  4.4000E+01  1.7600E+02  0.0000E+00  1.7050E+00  0.0000E+00  0.0000E+00  2.0000E+00  6.2462E-01  1.1679E+00  4.7859E+01 -1.2558E-01 -2.7856E-01  1.7992E+00 -4.2217E-01 -1.0842E-02  1.7050E+00  1.3046E+00  4.0037E-01 -3.7045E-01
  4.4000E+01  1.8000E+02  0.0000E+00  1.5240E+00  0.0000E+00  0.0000E+00  2.0000E+00  6.2462E-01  1.1679E+00  4.7859E+01 -1.2558E-01 -2.7856E-01  1.6440E+00 -5.8662E-01  7.2755E-03  1.5240E+00  1.0070E+00  5.1697E-01 -7.6030E-01
  4.4000E+01  1.9200E+02  0.0000E+00  1.4210E+00  0.0000E+00  0.0000E+00  2.0000E+00  6.2462E-01  1.1679E+00  4.7859E+01 -1.2558E-01 -2.7856E-01  1.2276E+00  1.2468E+00  2.0779E+00  1.4210E+00  4.6262E-01  9.5838E-01  3.3230E+00
  4.4000E+01  3.3600E+02  1.0000E+02  0.0000E+00  1.0000E+00  1.0000E+00  3.0000E+00  8.0163E-01  1.2345E+00  4.7859E+01 -7.0103E-02 -2.9059E-02  2.9914E-02 -7.2696E-01  0.0000E+00  0.0000E+00  4.0864E-05  0.0000E+00  0.0000E+00
  4.4000E+01  3.3650E+02  0.0000E+00  6.0400E-01  0.0000E+00  0.0000E+00  3.0000E+00  8.0163E-01  1.2345E+00  4.7859E+01 -7.0103E-02 -2.9059E-02  7.1480E-01 -1.1507E+00 -1.4492E+00  6.0400E-01  8.2426E-01 -2.2026E-01 -1.1707E+00
  4.4000E+01  3.3700E+02  0.0000E+00  1.1940E+00  0.0000E+00  0.0000E+00  3.0000E+00  8.0163E-01  1.2345E+00  4.7859E+01 -7.0103E-02 -2.9059E-02  1.1646E+00  1.9891E-01 -1.2158E-01  1.1940E+00  1.2860E+00 -9.2006E-02 -1.0661E-02
  4.4000E+01  3.3800E+02  0.0000E+00  1.9920E+00  0.0000E+00  0.0000E+00  3.0000E+00  8.0163E-01  1.2345E+00  4.7859E+01 -7.0103E-02 -2.9059E-02  1.6443E+00  1.6995E+00  1.5362E+00  1.9920E+00  1.6561E+00  3.3585E-01  1.6941E+00
  4.4000E+01  3.4000E+02  0.0000E+00  1.8440E+00  0.0000E+00  0.0000E+00  3.0000E+00  8.0163E-01  1.2345E+00  4.7859E+01 -7.0103E-02 -2.9059E-02  1.8868E+00 -1.8331E-01 -3.2468E-02  1.8440E+00  1.6583E+00  1.8566E-01  1.3203E-01
  4.4000E+01  3.4400E+02  0.0000E+00  2.1320E+00  0.0000E+00  0.0000E+00  3.0000E+00  8.0163E-01  1.2345E+00  4.7859E+01 -7.0103E-02 -2.9059E-02  1.7772E+00  1.6094E+00  2.0267E+00  2.1320E+00  1.3046E+00  8.2737E-01  2.3653E+00
  4.4000E+01  3.4800E+02  0.0000E+00  1.2670E+00  0.0000E+00  0.0000E+00  3.0000E+00  8.0163E-01  1.2345E+00  4.7859E+01 -7.0103E-02 -2.9059E-02  1.6060E+00 -1.6949E+00 -1.1594E+00  1.2670E+00  1.0070E+00  2.5997E-01 -2.2706E+00
  4.4000E+01  3.6000E+02  0.0000E+00  1.2740E+00  0.0000E+00  0.0000E+00  3.0000E+00  8.0163E-01  1.2345E+00  4.7859E+01 -7.0103E-02 -2.9059E-02  1.1786E+00  6.3884E-01  1.3612E+00  1.2740E+00  4.6262E-01  8.1138E-01  2.1217E+00
  4.5000E+01  0.0000E+00  1.0000E+02  0.0000E+00  1.0000E+00  1.0000E+00  1.0000E+00  7.0051E-01  2.1945E+00  7.6026E+01 -7.9674E-02  1.4559E-02  0.0000E+00  0.0000E+00  0.0000E+00  0.0000E+00  0.0000E+00  0.0000E+00  0.0000E+00
  4.5000E+01  5.0000E-01  0.0000E+00  4.3800E-01  0.0000E+00  0.0000E+00  1.0000E+00  7.0051E-01  2.1945E+00  7.6026E+01 -7.9674E-02  1.4559E-02  3.8572E-01  8.3815E-01  6.7264E-01  4.3800E-01  8.2422E-01 -3.8622E-01  2.4852E-01
  4.5000E+01  1.0000E+00  0.0000E+00  5.3800E-01  0.0000E+00  0.0000E+00  1.0000E+00  7.0051E-01  2.1945E+00  7.6026E+01 -7.9674E-02  1.4559E-02  6.5194E-01 -1.2742E+00 -1.6224E+00  5.3800E-01  1.2860E+00 -7.4797E-01 -1.0433E+00
  4.5000E+01  2.0000E+00  0.0000E+00  1.0650E+00  0.0000E+00  0.0000E+00  1.0000E+00  7.0051E-01  2.1945E+00  7.6026E+01 -7.9674E-02  1.4559E-02  9.5696E-01  8.7381E-01  3.0414E-01  1.0650E+00  1.6561E+00 -5.9111E-01 -8.5993E-03
  4.5000E+01  4.0000E+00  0.0000E+00  1.0800E+00  0.0000E+00  0.0000E+00  1.0000E+00  7.0051E-01  2.1945E+00  7.6026E+01 -7.9674E-02  1.4559E-02  1.1390E+00 -4.0770E-01 -1.0664E+00  1.0800E+00  1.6583E+00 -5.7831E-01 -7.3328E-01
  4.5000E+01  8.0000E+00  0.0000E+00  1.1380E+00  0.0000E+00  0.0000E+00  1.0000E+00  7.0051E-01  2.1945E+00  7.6026E+01 -7.9674E-02  1.4559E-02  1.0839E+00  3.9081E-01 -6.5824E-02  1.1380E+00  1.3046E+00 -1.6661E-01  3.5608E-02
  4.5000E+01  1.2000E+01  0.0000E+00  1.0590E+00  0.0000E+00  0.0000E+00  1.0000E+00  7.0051E-01  2.1945E+00  7.6026E+01 -7.9674E-02  1.4559E-02  9.6993E-01  7.1179E-01  5.1271E-01  1.0590E+00  1.0070E+00  5.1986E-02  4.2924E-01
  4.5000E+01  2.4000E+01  0.0000E+00  7.0900E-01  0.0000E+00  0.0000E+00  1.0000E+00  7.0051E-01  2.1945E+00  7.6026E+01 -7.9674E-02  1.4559E-02  6.8619E-01  2.4490E-01  6.2617E-01  7.0900E-01  4.6261E-01  2.4639E-01  6.1244E-01
  4.5000E+01  1.6800E+02  1.0000E+02  0.0000E+00  1.0000E+00  1.0000E+00  2.0000E+00  7.6465E-01  2.3222E+00  7.6026E+01 -2.3119E-02  1.0216E-01  8.4371E-03 -2.0578E-01  0.0000E+00  0.0000E+00  4.0863E-05  0.0000E+00  0.0000E+00
  4.5000E+01  1.6850E+02  0.0000E+00  4.9400E-01  0.0000E+00  0.0000E+00  2.0000E+00  7.6465E-01  2.3222E+00  7.6026E+01 -2.3119E-02  1.0216E-01  4.2285E-01  1.0804E+00  1.0809E+00  4.9400E-01  8.2426E-01 -3.3026E-01  4.4966E-01
  4.5000E+01  1.6900E+02  0.0000E+00  5.9700E-01  0.0000E+00  0.0000E+00  2.0000E+00  7.6465E-01  2.3222E+00  7.6026E+01 -2.3119E-02  1.0216E-01  6.9927E-01 -1.0813E+00 -1.2612E+00  5.9700E-01  1.2860E+00 -6.8901E-01 -8.8661E-01
  4.5000E+01  1.7000E+02  0.0000E+00  1.0620E+00  0.0000E+00  0.0000E+00  2.0000E+00  7.6465E-01  2.3222E+00  7.6026E+01 -2.3119E-02  1.0216E-01  9.9994E-01  4.8263E-01  5.0870E-02  1.0620E+00  1.6561E+00 -5.9415E-01 -9.4413E-02
  4.5000E+01  1.7200E+02  0.0000E+00  1.0570E+00  0.0000E+00  0.0000E+00  2.0000E+00  7.6465E-01  2.3222E+00  7.6026E+01 -2.3119E-02  1.0216E-01  1.1556E+00 -6.7231E-01 -1.2449E+00  1.0570E+00  1.6583E+00 -6.0134E-01 -7.9476E-01
  4.5000E+01  1.7600E+02  0.0000E+00  1.1770E+00  0.0000E+00  0.0000E+00  2.0000E+00  7.6465E-01  2.3222E+00  7.6026E+01 -2.3119E-02  1.0216E-01  1.0766E+00  7.3002E-01  3.3087E-01  1.1770E+00  1.3046E+00 -1.2763E-01  4.1694E-01
  4.5000E+01  1.8000E+02  0.0000E+00  8.1000E-01  0.0000E+00  0.0000E+00  2.0000E+00  7.6465E-01  2.3222E+00  7.6026E+01 -2.3119E-02  1.0216E-01  9.5534E-01 -1.1773E+00 -1.3270E+00  8.1000E-01  1.0070E+00 -1.9703E-01 -1.1298E+00
  4.5000E+01  1.9200E+02  0.0000E+00  7.1900E-01  0.0000E+00  0.0000E+00  2.0000E+00  7.6465E-01  2.3222E+00  7.6026E+01 -2.3119E-02  1.0216E-01  6.6227E-01  6.2662E-01  1.0311E+00  7.1900E-01  4.6262E-01  2.5638E-01  1.1380E+00
  4.5000E+01  3.3600E+02  1.0000E+02  0.0000E+00  1.0000E+00  1.0000E+00  3.0000E+00  4.8839E-01  2.5648E+00  7.6026E+01  7.6232E-02 -3.4615E-01  5.1434E-03 -1.2547E-01  0.0000E+00  0.0000E+00  4.0864E-05  0.0000E+00  0.0000E+00
  4.5000E+01  3.3650E+02  0.0000E+00  2.9200E-01  0.0000E+00  0.0000E+00  3.0000E+00  4.8839E-01  2.5648E+00  7.6026E+01  7.6232E-02 -3.4615E-01  2.8756E-01  8.2375E-02 -2.0038E-01  2.9200E-01  8.2426E-01 -5.3226E-01 -3.1580E-01
  4.5000E+01  3.3700E+02  0.0000E+00  5.7300E-01  0.0000E+00  0.0000E+00  3.0000E+00  4.8839E-01  2.5648E+00  7.6026E+01  7.6232E-02 -3.4615E-01  5.0404E-01  9.3369E-01  3.9152E-01  5.7300E-01  1.2860E+00 -7.1301E-01 -3.2811E-01
  4.5000E+01  3.3800E+02  0.0000E+00  5.8200E-01  0.0000E+00  0.0000E+00  3.0000E+00  4.8839E-01  2.5648E+00  7.6026E+01  7.6232E-02 -3.4615E-01  7.9355E-01 -2.0137E+00 -2.8167E+00  5.8200E-01  1.6561E+00 -1.0741E+00 -2.0131E+00
  4.5000E+01  3.4000E+02  0.0000E+00  9.5600E-01  0.0000E+00  0.0000E+00  3.0000E+00  4.8839E-01  2.5648E+00  7.6026E+01  7.6232E-02 -3.4615E-01  1.0388E+00 -6.2184E-01 -1.4439E+00  9.5600E-01  1.6583E+00 -7.0234E-01 -1.1854E+00
  4.5000E+01  3.4400E+02  0.0000E+00  1.1370E+00  0.0000E+00  0.0000E+00  3.0000E+00  4.8839E-01  2.5648E+00  7.6026E+01  7.6232E-02 -3.4615E-01  1.0543E+00  6.1340E-01  1.1138E-01  1.1370E+00  1.3046E+00 -1.6763E-01  2.7117E-01
  4.5000E+01  3.4800E+02  0.0000E+00  7.9600E-01  0.0000E+00  0.0000E+00  3.0000E+00  4.8839E-01  2.5648E+00  7.6026E+01  7.6232E-02 -3.4615E-01  9.4196E-01 -1.1972E+00 -1.4310E+00  7.9600E-01  1.0070E+00 -2.1103E-01 -1.0455E+00
  4.5000E+01  3.6000E+02  0.0000E+00  6.5300E-01  0.0000E+00  0.0000E+00  3.0000E+00  4.8839E-01  2.5648E+00  7.6026E+01  7.6232E-02 -3.4615E-01  6.3105E-01  2.5185E-01  5.1685E-01  6.5300E-01  4.6262E-01  1.9038E-01  7.6652E-01
  4.6000E+01  0.0000E+00  1.0000E+02  0.0000E+00  1.0000E+00  1.0000E+00  1.0000E+00  1.0680E+00  3.4053E+00  5.0548E+01  1.8817E-01  2.6692E-02  0.0000E+00  0.0000E+00  0.0000E+00  0.0000E+00  0.0000E+00  0.0000E+00  0.0000E+00
  4.6000E+01  5.0000E-01  0.0000E+00  8.7900E-01  0.0000E+00  0.0000E+00  1.0000E+00  1.0680E+00  3.4053E+00  5.0548E+01  1.8817E-01  2.6692E-02  8.0366E-01  7.0949E-01  7.1559E-01  8.7900E-01  8.2422E-01  5.4780E-02  6.4208E-01
  4.6000E+01  1.0000E+00  0.0000E+00  1.1350E+00  0.0000E+00  0.0000E+00  1.0000E+00  1.0680E+00  3.4053E+00  5.0548E+01  1.8817E-01  2.6692E-02  1.2482E+00 -7.1837E-01 -7.3562E-01  1.1350E+00  1.2860E+00 -1.5097E-01 -6.7210E-01
  4.6000E+01  2.0000E+00  0.0000E+00  1.6460E+00  0.0000E+00  0.0000E+00  1.0000E+00  1.0680E+00  3.4053E+00  5.0548E+01  1.8817E-01  2.6692E-02  1.5959E+00  2.5204E-01  1.6285E-01  1.6460E+00  1.6561E+00 -1.0112E-02  1.8929E-01
  4.6000E+01  4.0000E+00  0.0000E+00  1.4800E+00  0.0000E+00  0.0000E+00  1.0000E+00  1.0680E+00  3.4053E+00  5.0548E+01  1.8817E-01  2.6692E-02  1.5833E+00 -5.2337E-01 -7.3369E-01  1.4800E+00  1.6583E+00 -1.7831E-01 -6.3935E-01
  4.6000E+01  8.0000E+00  0.0000E+00  1.3840E+00  0.0000E+00  0.0000E+00  1.0000E+00  1.0680E+00  3.4053E+00  5.0548E+01  1.8817E-01  2.6692E-02  1.2314E+00  9.8098E-01  5.9709E-01  1.3840E+00  1.3046E+00  7.9392E-02  5.6068E-01
  4.6000E+01  1.2000E+01  0.0000E+00  1.0220E+00  0.0000E+00  0.0000E+00  1.0000E+00  1.0680E+00  3.4053E+00  5.0548E+01  1.8817E-01  2.6692E-02  9.4081E-01  6.6669E-01  1.5891E-01  1.0220E+00  1.0070E+00  1.4986E-02  9.8322E-02
  4.6000E+01  2.4000E+01  0.0000E+00  3.3700E-01  0.0000E+00  0.0000E+00  1.0000E+00  1.0680E+00  3.4053E+00  5.0548E+01  1.8817E-01  2.6692E-02  4.1920E-01 -1.2548E+00 -1.8564E+00  3.3700E-01  4.6261E-01 -1.2561E-01 -1.7076E+00
  4.6000E+01  1.6800E+02  1.0000E+02  0.0000E+00  1.0000E+00  1.0000E+00  2.0000E+00  1.0736E+00  2.4508E+00  5.0548E+01 -1.4075E-01  3.1980E-02  3.8931E-04 -9.4981E-03  0.0000E+00  0.0000E+00  4.0863E-05  0.0000E+00  0.0000E+00
  4.6000E+01  1.6850E+02  0.0000E+00  8.6600E-01  0.0000E+00  0.0000E+00  2.0000E+00  1.0736E+00  2.4508E+00  5.0548E+01 -1.4075E-01  3.1980E-02  8.1139E-01  5.1006E-01  4.8945E-01  8.6600E-01  8.2426E-01  4.1740E-02  4.4999E-01
  4.6000E+01  1.6900E+02  0.0000E+00  1.2120E+00  0.0000E+00  0.0000E+00  2.0000E+00  1.0736E+00  2.4508E+00  5.0548E+01 -1.4075E-01  3.1980E-02  1.2661E+00 -3.3870E-01 -3.4535E-01  1.2120E+00  1.2860E+00 -7.4006E-02 -3.1149E-01
  4.6000E+01  1.7000E+02  0.0000E+00  1.6920E+00  0.0000E+00  0.0000E+00  2.0000E+00  1.0736E+00  2.4508E+00  5.0548E+01 -1.4075E-01  3.1980E-02  1.6387E+00  2.6117E-01  2.6248E-01  1.6920E+00  1.6561E+00  3.5852E-02  2.8100E-01
  4.6000E+01  1.7200E+02  0.0000E+00  1.6280E+00  0.0000E+00  0.0000E+00  2.0000E+00  1.0736E+00  2.4508E+00  5.0548E+01 -1.4075E-01  3.1980E-02  1.6787E+00 -2.4280E-01 -2.0916E-01  1.6280E+00  1.6583E+00 -3.0342E-02 -1.8483E-01
  4.6000E+01  1.7600E+02  0.0000E+00  1.5150E+00  0.0000E+00  0.0000E+00  2.0000E+00  1.0736E+00  2.4508E+00  5.0548E+01 -1.4075E-01  3.1980E-02  1.4056E+00  6.2078E-01  7.3866E-01  1.5150E+00  1.3046E+00  2.1037E-01  7.2784E-01
  4.6000E+01  1.8000E+02  0.0000E+00  1.2290E+00  0.0000E+00  0.0000E+00  2.0000E+00  1.0736E+00  2.4508E+00  5.0548E+01 -1.4075E-01  3.1980E-02  1.1581E+00  4.8198E-01  6.5981E-01  1.2290E+00  1.0070E+00  2.2197E-01  6.1000E-01
  4.6000E+01  1.9200E+02  0.0000E+00  6.7400E-01  0.0000E+00  0.0000E+00  2.0000E+00  1.0736E+00  2.4508E+00  5.0548E+01 -1.4075E-01  3.1980E-02  6.4728E-01  3.0057E-01  5.3100E-01  6.7400E-01  4.6262E-01  2.1138E-01  5.0672E-01
  4.6000E+01  3.3600E+02  1.0000E+02  0.0000E+00  1.0000E+00  1.0000E+00  3.0000E+00  9.7632E-01  2.6626E+00  5.0548E+01 -5.7850E-02 -6.3029E-02  3.2877E-04 -8.0211E-03  0.0000E+00  0.0000E+00  4.0864E-05  0.0000E+00  0.0000E+00
  4.6000E+01  3.3650E+02  0.0000E+00  6.8800E-01  0.0000E+00  0.0000E+00  3.0000E+00  9.7632E-01  2.6626E+00  5.0548E+01 -5.7850E-02 -6.3029E-02  7.5365E-01 -6.5261E-01 -8.2679E-01  6.8800E-01  8.2426E-01 -1.3626E-01 -7.5680E-01
  4.6000E+01  3.3700E+02  0.0000E+00  1.3650E+00  0.0000E+00  0.0000E+00  3.0000E+00  9.7632E-01  2.6626E+00  5.0548E+01 -5.7850E-02 -6.3029E-02  1.1964E+00  1.1128E+00  9.3797E-01  1.3650E+00  1.2860E+00  7.8994E-02  8.2155E-01
  4.6000E+01  3.3800E+02  0.0000E+00  1.4910E+00  0.0000E+00  0.0000E+00  3.0000E+00  9.7632E-01  2.6626E+00  5.0548E+01 -5.7850E-02 -6.3029E-02  1.5856E+00 -4.7879E-01 -5.9150E-01  1.4910E+00  1.6561E+00 -1.6515E-01 -5.3101E-01
  4.6000E+01  3.4000E+02  0.0000E+00  1.4680E+00  0.0000E+00  0.0000E+00  3.0000E+00  9.7632E-01  2.6626E+00  5.0548E+01 -5.7850E-02 -6.3029E-02  1.6520E+00 -8.9540E-01 -9.0674E-01  1.4680E+00  1.6583E+00 -1.9034E-01 -8.4589E-01
  4.6000E+01  3.4400E+02  0.0000E+00  1.3490E+00  0.0000E+00  0.0000E+00  3.0000E+00  9.7632E-01  2.6626E+00  5.0548E+01 -5.7850E-02 -6.3029E-02  1.3714E+00 -1.3022E-01 -5.9349E-02  1.3490E+00  1.3046E+00  4.4368E-02 -4.4848E-02
  4.6000E+01  3.4800E+02  0.0000E+00  1.1170E+00  0.0000E+00  0.0000E+00  3.0000E+00  9.7632E-01  2.6626E+00  5.0548E+01 -5.7850E-02 -6.3029E-02  1.1115E+00  3.8584E-02  1.4639E-01  1.1170E+00  1.0070E+00  1.0997E-01  1.3587E-01
  4.6000E+01  3.6000E+02  0.0000E+00  6.3700E-01  0.0000E+00  0.0000E+00  3.0000E+00  9.7632E-01  2.6626E+00  5.0548E+01 -5.7850E-02 -6.3029E-02  5.9076E-01  5.5800E-01  6.8881E-01  6.3700E-01  4.6262E-01  1.7438E-01  6.9273E-01
  4.7000E+01  0.0000E+00  1.0000E+02  0.0000E+00  1.0000E+00  1.0000E+00  1.0000E+00  1.2771E+00  7.5445E+00  4.1380E+01  1.8400E-01  2.1097E-02  0.0000E+00  0.0000E+00  0.0000E+00  0.0000E+00  0.0000E+00  0.0000E+00  0.0000E+00
  4.7000E+01  5.0000E-01  0.0000E+00  9.2300E-01  0.0000E+00  0.0000E+00  1.0000E+00  1.2771E+00  7.5445E+00  4.1380E+01  1.8400E-01  2.1097E-02  1.0848E+00 -1.1690E+00 -1.0838E+00  9.2300E-01  8.2422E-01  9.8780E-02 -1.4060E+00
  4.7000E+01  1.0000E+00  0.0000E+00  1.7030E+00  0.0000E+00  0.0000E+00  1.0000E+00  1.2771E+00  7.5445E+00  4.1380E+01  1.8400E-01  2.1097E-02  1.5632E+00  7.1741E-01  7.8779E-01  1.7030E+00  1.2860E+00  4.1703E-01  8.9845E-01
  4.7000E+01  2.0000E+00  0.0000E+00  2.1400E+00  0.0000E+00  0.0000E+00  1.0000E+00  1.2771E+00  7.5445E+00  4.1380E+01  1.8400E-01  2.1097E-02  1.7385E+00  1.8601E+00  1.7236E+00  2.1400E+00  1.6561E+00  4.8389E-01  1.8933E+00
  4.7000E+01  4.0000E+00  0.0000E+00  1.2350E+00  0.0000E+00  0.0000E+00  1.0000E+00  1.2771E+00  7.5445E+00  4.1380E+01  1.8400E-01  2.1097E-02  1.3425E+00 -6.3704E-01 -1.2390E+00  1.2350E+00  1.6583E+00 -4.2331E-01 -1.0236E+00
  4.7000E+01  8.0000E+00  0.0000E+00  6.4600E-01  0.0000E+00  0.0000E+00  1.0000E+00  1.2771E+00  7.5445E+00  4.1380E+01  1.8400E-01  2.1097E-02  6.5551E-01 -1.0595E-01 -1.1097E+00  6.4600E-01  1.3046E+00 -6.5861E-01 -1.4099E+00
  4.7000E+01  1.2000E+01  0.0000E+00  2.9100E-01  0.0000E+00  0.0000E+00  1.0000E+00  1.2771E+00  7.5445E+00  4.1380E+01  1.8400E-01  2.1097E-02  3.1617E-01 -4.4735E-01 -1.3551E+00  2.9100E-01  1.0070E+00 -7.1601E-01 -1.6030E+00
  4.7000E+01  2.4000E+01  0.0000E+00  4.7000E-02  0.0000E+00  0.0000E+00  1.0000E+00  1.2771E+00  7.5445E+00  4.1380E+01  1.8400E-01  2.1097E-02  3.5459E-02  2.8002E-01  3.5785E-02  4.7000E-02  4.6261E-01 -4.1561E-01  5.7273E-01
  4.7000E+01  1.6800E+02  1.0000E+02  0.0000E+00  1.0000E+00  1.0000E+00  2.0000E+00  1.0355E+00  6.2840E+00  4.1380E+01  1.1766E-03 -1.8859E-01  1.1286E-11 -2.7534E-10  0.0000E+00  0.0000E+00  4.0863E-05  0.0000E+00  0.0000E+00
  4.7000E+01  1.6850E+02  0.0000E+00  1.0020E+00  0.0000E+00  0.0000E+00  2.0000E+00  1.0355E+00  6.2840E+00  4.1380E+01  1.1766E-03 -1.8859E-01  9.3747E-01  5.3156E-01  3.9167E-01  1.0020E+00  8.2426E-01  1.7774E-01  2.1765E-01
  4.7000E+01  1.6900E+02  0.0000E+00  1.3020E+00  0.0000E+00  0.0000E+00  2.0000E+00  1.0355E+00  6.2840E+00  4.1380E+01  1.1766E-03 -1.8859E-01  1.4275E+00 -7.0208E-01 -7.9732E-01  1.3020E+00  1.2860E+00  1.5994E-02 -7.7801E-01
  4.7000E+01  1.7000E+02  0.0000E+00  1.6670E+00  0.0000E+00  0.0000E+00  2.0000E+00  1.0355E+00  6.2840E+00  4.1380E+01  1.1766E-03 -1.8859E-01  1.7332E+00 -3.0761E-01 -3.5975E-01  1.6670E+00  1.6561E+00  1.0852E-02 -5.2753E-02
  4.7000E+01  1.7200E+02  0.0000E+00  1.7490E+00  0.0000E+00  0.0000E+00  2.0000E+00  1.0355E+00  6.2840E+00  4.1380E+01  1.1766E-03 -1.8859E-01  1.4977E+00  1.3432E+00  1.1658E+00  1.7490E+00  1.6583E+00  9.0658E-02  1.3426E+00
  4.7000E+01  1.7600E+02  0.0000E+00  9.1800E-01  0.0000E+00  0.0000E+00  2.0000E+00  1.0355E+00  6.2840E+00  4.1380E+01  1.1766E-03 -1.8859E-01  8.3964E-01  7.1071E-01  2.0993E-01  9.1800E-01  1.3046E+00 -3.8663E-01 -1.4143E-01
  4.7000E+01  1.8000E+02  0.0000E+00  3.9900E-01  0.0000E+00  0.0000E+00  2.0000E+00  1.0355E+00  6.2840E+00  4.1380E+01  1.1766E-03 -1.8859E-01  4.5777E-01 -8.4877E-01 -1.4343E+00  3.9900E-01  1.0070E+00 -6.0803E-01 -1.2986E+00
  4.7000E+01  1.9200E+02  0.0000E+00  7.6000E-02  0.0000E+00  0.0000E+00  2.0000E+00  1.0355E+00  6.2840E+00  4.1380E+01  1.1766E-03 -1.8859E-01  7.3998E-02  4.7703E-02 -2.2108E-01  7.6000E-02  4.6262E-01 -3.8662E-01  1.4593E-01
  4.7000E+01  3.3600E+02  1.0000E+02  0.0000E+00  1.0000E+00  1.0000E+00  3.0000E+00  1.6291E+00  5.5647E+00  4.1380E+01 -1.2039E-01  2.6450E-01  2.8782E-10 -7.0222E-09  0.0000E+00  0.0000E+00  4.0864E-05  0.0000E+00  0.0000E+00
  4.7000E+01  3.3650E+02  0.0000E+00  1.2850E+00  0.0000E+00  0.0000E+00  3.0000E+00  1.6291E+00  5.5647E+00  4.1380E+01 -1.2039E-01  2.6450E-01  1.2963E+00 -6.9268E-02  4.5209E-01  1.2850E+00  8.2426E-01  4.6074E-01  5.9961E-01
  4.7000E+01  3.3700E+02  0.0000E+00  2.0580E+00  0.0000E+00  0.0000E+00  3.0000E+00  1.6291E+00  5.5647E+00  4.1380E+01 -1.2039E-01  2.6450E-01  1.7861E+00  1.2274E+00  1.7488E+00  2.0580E+00  1.2860E+00  7.7199E-01  2.2043E+00
  4.7000E+01  3.3800E+02  0.0000E+00  1.6680E+00  0.0000E+00  0.0000E+00  3.0000E+00  1.6291E+00  5.5647E+00  4.1380E+01 -1.2039E-01  2.6450E-01  1.9116E+00 -1.0296E+00 -7.1941E-01  1.6680E+00  1.6561E+00  1.1852E-02 -7.5274E-01
  4.7000E+01  3.4000E+02  0.0000E+00  1.2590E+00  0.0000E+00  0.0000E+00  3.0000E+00  1.6291E+00  5.5647E+00  4.1380E+01 -1.2039E-01  2.6450E-01  1.5343E+00 -1.4380E+00 -1.3342E+00  1.2590E+00  1.6583E+00 -3.9934E-01 -1.0796E+00
  4.7000E+01  3.4400E+02  0.0000E+00  8.2300E-01  0.0000E+00  0.0000E+00  3.0000E+00  1.6291E+00  5.5647E+00  4.1380E+01 -1.2039E-01  2.6450E-01  8.9826E-01 -6.4371E-01 -6.1388E-01  8.2300E-01  1.3046E+00 -4.8163E-01 -6.4343E-01
  4.7000E+01  3.4800E+02  0.0000E+00  6.1100E-01  0.0000E+00  0.0000E+00  3.0000E+00  1.6291E+00  5.5647E+00  4.1380E+01 -1.2039E-01  2.6450E-01  5.2455E-01  1.1382E+00  1.1746E+00  6.1100E-01  1.0070E+00 -3.9603E-01  2.1612E-01
  4.7000E+01  3.6000E+02  0.0000E+00  1.1900E-01  0.0000E+00  0.0000E+00  3.0000E+00  1.6291E+00  5.5647E+00  4.1380E+01 -1.2039E-01  2.6450E-01  1.0446E-01  3.3877E-01  3.4863E-01  1.1900E-01  4.6262E-01 -3.4362E-01  4.4796E-01
  4.8000E+01  0.0000E+00  1.0000E+02  0.0000E+00  1.0000E+00  1.0000E+00  1.0000E+00  8.6189E-01  4.3674E+00  4.0207E+01 -3.4413E-02 -6.4672E-03  0.0000E+00  0.0000E+00  0.0000E+00  0.0000E+00  0.0000E+00  0.0000E+00  0.0000E+00
  4.8000E+01  5.0000E-01  0.0000E+00  8.3300E-01  0.0000E+00  0.0000E+00  1.0000E+00  8.6189E-01  4.3674E+00  4.0207E+01 -3.4413E-02 -6.4672E-03  8.4588E-01 -1.1611E-01 -3.4353E-01  8.3300E-01  8.2422E-01  8.7798E-03 -3.5346E-01
  4.8000E+01  1.0000E+00  0.0000E+00  1.3700E+00  0.0000E+00  0.0000E+00  1.0000E+00  8.6189E-01  4.3674E+00  4.0207E+01 -3.4413E-02 -6.4672E-03  1.3509E+00  1.1255E-01 -1.8746E-02  1.3700E+00  1.2860E+00  8.4033E-02  2.1991E-02
  4.8000E+01  2.0000E+00  0.0000E+00  1.9290E+00  0.0000E+00  0.0000E+00  1.0000E+00  8.6189E-01  4.3674E+00  4.0207E+01 -3.4413E-02 -6.4672E-03  1.7824E+00  6.6294E-01  7.4036E-01  1.9290E+00  1.6561E+00  2.7289E-01  8.6645E-01
  4.8000E+01  4.0000E+00  0.0000E+00  1.6070E+00  0.0000E+00  0.0000E+00  1.0000E+00  8.6189E-01  4.3674E+00  4.0207E+01 -3.4413E-02 -6.4672E-03  1.7523E+00 -6.6825E-01 -4.5684E-01  1.6070E+00  1.6583E+00 -5.1311E-02 -4.0244E-01
  4.8000E+01  8.0000E+00  0.0000E+00  1.1150E+00  0.0000E+00  0.0000E+00  1.0000E+00  8.6189E-01  4.3674E+00  4.0207E+01 -3.4413E-02 -6.4672E-03  1.1906E+00 -5.0116E-01 -5.2051E-01  1.1150E+00  1.3046E+00 -1.8961E-01 -5.1767E-01
  4.8000E+01  1.2000E+01  0.0000E+00  8.4800E-01  0.0000E+00  0.0000E+00  1.0000E+00  8.6189E-01  4.3674E+00  4.0207E+01 -3.4413E-02 -6.4672E-03  7.7279E-01  7.3213E-01  4.9588E-01  8.4800E-01  1.0070E+00 -1.5901E-01  2.1057E-01
  4.8000E+01  2.4000E+01  0.0000E+00  2.1200E-01  0.0000E+00  0.0000E+00  1.0000E+00  8.6189E-01  4.3674E+00  4.0207E+01 -3.4413E-02 -6.4672E-03  2.0991E-01  4.3335E-02 -2.6808E-01  2.1200E-01  4.6261E-01 -2.5061E-01 -1.2507E-02
  4.8000E+01  1.6800E+02  1.0000E+02  0.0000E+00  1.0000E+00  1.0000E+00  2.0000E+00  7.9103E-01  4.5004E+00  4.0207E+01 -4.4182E-03 -9.2255E-02  2.0996E-08 -5.1226E-07  0.0000E+00  0.0000E+00  4.0863E-05  0.0000E+00  0.0000E+00
  4.8000E+01  1.6850E+02  0.0000E+00  7.5600E-01  0.0000E+00  0.0000E+00  2.0000E+00  7.9103E-01  4.5004E+00  4.0207E+01 -4.4182E-03 -9.2255E-02  7.8869E-01 -3.1281E-01 -6.4484E-01  7.5600E-01  8.2426E-01 -6.8260E-02 -6.2689E-01
  4.8000E+01  1.6900E+02  0.0000E+00  1.3540E+00  0.0000E+00  0.0000E+00  2.0000E+00  7.9103E-01  4.5004E+00  4.0207E+01 -4.4182E-03 -9.2255E-02  1.2768E+00  4.7956E-01  2.0227E-01  1.3540E+00  1.2860E+00  6.7994E-02  2.0646E-01
  4.8000E+01  1.7000E+02  0.0000E+00  1.7290E+00  0.0000E+00  0.0000E+00  2.0000E+00  7.9103E-01  4.5004E+00  4.0207E+01 -4.4182E-03 -9.2255E-02  1.7205E+00  3.9822E-02 -2.9417E-02  1.7290E+00  1.6561E+00  7.2852E-02  5.6215E-02
  4.8000E+01  1.7200E+02  0.0000E+00  1.7250E+00  0.0000E+00  0.0000E+00  2.0000E+00  7.9103E-01  4.5004E+00  4.0207E+01 -4.4182E-03 -9.2255E-02  1.7291E+00 -1.8886E-02  9.8264E-02  1.7250E+00  1.6583E+00  6.6658E-02  1.8268E-01
  4.8000E+01  1.7600E+02  0.0000E+00  1.1300E+00  0.0000E+00  0.0000E+00  2.0000E+00  7.9103E-01  4.5004E+00  4.0207E+01 -4.4182E-03 -9.2255E-02  1.1781E+00 -3.2187E-01 -4.2322E-01  1.1300E+00  1.3046E+00 -1.7463E-01 -4.2548E-01
  4.8000E+01  1.8000E+02  0.0000E+00  8.2400E-01  0.0000E+00  0.0000E+00  2.0000E+00  7.9103E-01  4.5004E+00  4.0207E+01 -4.4182E-03 -9.2255E-02  7.5597E-01  6.7452E-01  3.2343E-01  8.2400E-01  1.0070E+00 -1.8303E-01  6.3379E-02
  4.8000E+01  1.9200E+02  0.0000E+00  1.8900E-01  0.0000E+00  0.0000E+00  2.0000E+00  7.9103E-01  4.5004E+00  4.0207E+01 -4.4182E-03 -9.2255E-02  1.9738E-01 -1.7636E-01 -5.8299E-01  1.8900E-01  4.6262E-01 -2.7362E-01 -2.0521E-01
  4.8000E+01  3.3600E+02  1.0000E+02  0.0000E+00  1.0000E+00  1.0000E+00  3.0000E+00  8.6296E-01  4.8614E+00  4.0207E+01  7.2742E-02 -5.2221E-03  5.4191E-09 -1.3221E-07  0.0000E+00  0.0000E+00  4.0864E-05  0.0000E+00  0.0000E+00
  4.8000E+01  3.3650E+02  0.0000E+00  8.3200E-01  0.0000E+00  0.0000E+00  3.0000E+00  8.6296E-01  4.8614E+00  4.0207E+01  7.2742E-02 -5.2221E-03  8.4397E-01 -1.0805E-01 -3.1964E-01  8.3200E-01  8.2426E-01  7.7403E-03 -2.9636E-01
  4.8000E+01  3.3700E+02  0.0000E+00  1.3440E+00  0.0000E+00  0.0000E+00  3.0000E+00  8.6296E-01  4.8614E+00  4.0207E+01  7.2742E-02 -5.2221E-03  1.3427E+00  7.9994E-03 -1.3251E-01  1.3440E+00  1.2860E+00  5.7994E-02 -7.4492E-02
  4.8000E+01  3.3800E+02  0.0000E+00  1.8310E+00  0.0000E+00  0.0000E+00  3.0000E+00  8.6296E-01  4.8614E+00  4.0207E+01  7.2742E-02 -5.2221E-03  1.7562E+00  3.4308E-01  3.4381E-01  1.8310E+00  1.6561E+00  1.7485E-01  4.4913E-01
  4.8000E+01  3.4000E+02  0.0000E+00  2.0180E+00  0.0000E+00  0.0000E+00  3.0000E+00  8.6296E-01  4.8614E+00  4.0207E+01  7.2742E-02 -5.2221E-03  1.6916E+00  1.5525E+00  1.5538E+00  2.0180E+00  1.6583E+00  3.5966E-01  1.6163E+00
  4.8000E+01  3.4400E+02  0.0000E+00  1.1120E+00  0.0000E+00  0.0000E+00  3.0000E+00  8.6296E-01  4.8614E+00  4.0207E+01  7.2742E-02 -5.2221E-03  1.0965E+00  1.1054E-01 -3.0013E-01  1.1120E+00  1.3046E+00 -1.9263E-01 -3.9437E-01
  4.8000E+01  3.4800E+02  0.0000E+00  6.2500E-01  0.0000E+00  0.0000E+00  3.0000E+00  8.6296E-01  4.8614E+00  4.0207E+01  7.2742E-02 -5.2221E-03  6.7776E-01 -5.7212E-01 -1.2495E+00  6.2500E-01  1.0070E+00 -3.8203E-01 -1.1593E+00
  4.8000E+01  3.6000E+02  0.0000E+00  1.5600E-01  0.0000E+00  0.0000E+00  3.0000E+00  8.6296E-01  4.8614E+00  4.0207E+01  7.2742E-02 -5.2221E-03  1.5886E-01 -6.3155E-02 -5.8843E-01  1.5600E-01  4.6262E-01 -3.0662E-01 -2.3135E-01
  4.9000E+01  0.0000E+00  1.0000E+02  0.0000E+00  1.0000E+00  1.0000E+00  1.0000E+00  8.5782E-01  4.8989E+00  3.8504E+01  9.9301E-02 -1.8729E-01  0.0000E+00  0.0000E+00  0.0000E+00  0.0000E+00  0.0000E+00  0.0000E+00  0.0000E+00
  4.9000E+01  5.0000E-01  0.0000E+00  9.5400E-01  0.0000E+00  0.0000E+00  1.0000E+00  8.5782E-01  4.8989E+00  3.8504E+01  9.9301E-02 -1.8729E-01  8.7562E-01  6.8554E-01  5.7147E-01  9.5400E-01  8.2422E-01  1.2978E-01  4.3146E-01
  4.9000E+01  1.0000E+00  0.0000E+00  1.2480E+00  0.0000E+00  0.0000E+00  1.0000E+00  8.5782E-01  4.8989E+00  3.8504E+01  9.9301E-02 -1.8729E-01  1.3919E+00 -8.2429E-01 -9.3002E-01  1.2480E+00  1.2860E+00 -3.7967E-02 -9.8136E-01
  4.9000E+01  2.0000E+00  0.0000E+00  1.6710E+00  0.0000E+00  0.0000E+00  1.0000E+00  8.5782E-01  4.8989E+00  3.8504E+01  9.9301E-02 -1.8729E-01  1.8159E+00 -6.4354E-01 -6.8514E-01  1.6710E+00  1.6561E+00  1.4888E-02 -6.3187E-01
  4.9000E+01  4.0000E+00  0.0000E+00  1.7730E+00  0.0000E+00  0.0000E+00  1.0000E+00  8.5782E-01  4.8989E+00  3.8504E+01  9.9301E-02 -1.8729E-01  1.7345E+00  1.7882E-01  1.0082E-01  1.7730E+00  1.6583E+00  1.1469E-01  2.0597E-01
  4.9000E+01  8.0000E+00  0.0000E+00  1.0730E+00  0.0000E+00  0.0000E+00  1.0000E+00  8.5782E-01  4.8989E+00  3.8504E+01  9.9301E-02 -1.8729E-01  1.0988E+00 -1.8407E-01 -5.6568E-01  1.0730E+00  1.3046E+00 -2.3161E-01 -7.0257E-01
  4.9000E+01  1.2000E+01  0.0000E+00  6.6000E-01  0.0000E+00  0.0000E+00  1.0000E+00  8.5782E-01  4.8989E+00  3.8504E+01  9.9301E-02 -1.8729E-01  6.6234E-01 -2.5868E-02 -5.3547E-01  6.6000E-01  1.0070E+00 -3.4701E-01 -8.3608E-01
  4.9000E+01  2.4000E+01  0.0000E+00  1.5200E-01  0.0000E+00  0.0000E+00  1.0000E+00  8.5782E-01  4.8989E+00  3.8504E+01  9.9301E-02 -1.8729E-01  1.4391E-01  1.8148E-01 -1.2928E-01  1.5200E-01  4.6261E-01 -3.1061E-01  1.0032E-01
  4.9000E+01  1.6800E+02  1.0000E+02  0.0000E+00  1.0000E+00  1.0000E+00  2.0000E+00  1.1464E+00  4.2470E+00  3.8504E+01 -4.3488E-02  1.0271E-01  1.8201E-08 -4.4405E-07  0.0000E+00  0.0000E+00  4.0863E-05  0.0000E+00  0.0000E+00
  4.9000E+01  1.6850E+02  0.0000E+00  1.2050E+00  0.0000E+00  0.0000E+00  2.0000E+00  1.1464E+00  4.2470E+00  3.8504E+01 -4.3488E-02  1.0271E-01  1.0995E+00  7.5270E-01  1.0495E+00  1.2050E+00  8.2426E-01  3.8074E-01  1.1391E+00
  4.9000E+01  1.6900E+02  0.0000E+00  1.4530E+00  0.0000E+00  0.0000E+00  2.0000E+00  1.1464E+00  4.2470E+00  3.8504E+01 -4.3488E-02  1.0271E-01  1.6603E+00 -1.0040E+00 -6.4062E-01  1.4530E+00  1.2860E+00  1.6699E-01 -8.2177E-01
  4.9000E+01  1.7000E+02  0.0000E+00  2.1840E+00  0.0000E+00  0.0000E+00  2.0000E+00  1.1464E+00  4.2470E+00  3.8504E+01 -4.3488E-02  1.0271E-01  2.0145E+00  6.8067E-01  1.0105E+00  2.1840E+00  1.6561E+00  5.2785E-01  1.2686E+00
  4.9000E+01  1.7200E+02  0.0000E+00  2.0410E+00  0.0000E+00  0.0000E+00  2.0000E+00  1.1464E+00  4.2470E+00  3.8504E+01 -4.3488E-02  1.0271E-01  1.8192E+00  9.8370E-01  1.1349E+00  2.0410E+00  1.6583E+00  3.8266E-01  1.3492E+00
  4.9000E+01  1.7600E+02  0.0000E+00  1.2980E+00  0.0000E+00  0.0000E+00  2.0000E+00  1.1464E+00  4.2470E+00  3.8504E+01 -4.3488E-02  1.0271E-01  1.1888E+00  7.2543E-01  6.6890E-01  1.2980E+00  1.3046E+00 -6.6324E-03  4.8910E-01
  4.9000E+01  1.8000E+02  0.0000E+00  5.6100E-01  0.0000E+00  0.0000E+00  2.0000E+00  1.1464E+00  4.2470E+00  3.8504E+01 -4.3488E-02  1.0271E-01  7.6487E-01 -2.0018E+00 -2.0853E+00  5.6100E-01  1.0070E+00 -4.4603E-01 -1.8142E+00
  4.9000E+01  1.9200E+02  0.0000E+00  2.4600E-01  0.0000E+00  0.0000E+00  2.0000E+00  1.1464E+00  4.2470E+00  3.8504E+01 -4.3488E-02  1.0271E-01  2.0359E-01  8.8509E-01  9.1668E-01  2.4600E-01  4.6262E-01 -2.1662E-01  6.2535E-01
  4.9000E+01  3.3600E+02  1.0000E+02  0.0000E+00  1.0000E+00  1.0000E+00  3.0000E+00  1.1178E+00  4.3320E+00  3.8504E+01 -2.3677E-02  7.7401E-02  1.8739E-08 -4.5717E-07  0.0000E+00  0.0000E+00  4.0864E-05  0.0000E+00  0.0000E+00
  4.9000E+01  3.3650E+02  0.0000E+00  1.1150E+00  0.0000E+00  0.0000E+00  3.0000E+00  1.1178E+00  4.3320E+00  3.8504E+01 -2.3677E-02  7.7401E-02  1.0784E+00  2.6553E-01  4.0013E-01  1.1150E+00  8.2426E-01  2.9074E-01  3.5590E-01
  4.9000E+01  3.3700E+02  0.0000E+00  1.5470E+00  0.0000E+00  0.0000E+00  3.0000E+00  1.1178E+00  4.3320E+00  3.8504E+01 -2.3677E-02  7.7401E-02  1.6362E+00 -4.3785E-01 -2.1021E-01  1.5470E+00  1.2860E+00  2.6099E-01 -2.8311E-01
  4.9000E+01  3.3800E+02  0.0000E+00  2.2570E+00  0.0000E+00  0.0000E+00  3.0000E+00  1.1178E+00  4.3320E+00  3.8504E+01 -2.3677E-02  7.7401E-02  1.9971E+00  1.0528E+00  1.3037E+00  2.2570E+00  1.6561E+00  6.0085E-01  1.6100E+00
  4.9000E+01  3.4000E+02  0.0000E+00  2.0000E+00  0.0000E+00  0.0000E+00  3.0000E+00  1.1178E+00  4.3320E+00  3.8504E+01 -2.3677E-02  7.7401E-02  1.8083E+00  8.5527E-01  9.6172E-01  2.0000E+00  1.6583E+00  3.4166E-01  1.1675E+00
  4.9000E+01  3.4400E+02  0.0000E+00  9.4000E-01  0.0000E+00  0.0000E+00  3.0000E+00  1.1178E+00  4.3320E+00  3.8504E+01 -2.3677E-02  7.7401E-02  1.1736E+00 -1.5700E+00 -1.7185E+00  9.4000E-01  1.3046E+00 -3.6463E-01 -1.5734E+00
  4.9000E+01  3.4800E+02  0.0000E+00  8.7200E-01  0.0000E+00  0.0000E+00  3.0000E+00  1.1178E+00  4.3320E+00  3.8504E+01 -2.3677E-02  7.7401E-02  7.4856E-01  1.2341E+00  1.0014E+00  8.7200E-01  1.0070E+00 -1.3503E-01  4.7907E-01
  4.9000E+01  3.6000E+02  0.0000E+00  1.7000E-01  0.0000E+00  0.0000E+00  3.0000E+00  1.1178E+00  4.3320E+00  3.8504E+01 -2.3677E-02  7.7401E-02  1.9404E-01 -5.0802E-01 -6.5103E-01  1.7000E-01  4.6262E-01 -2.9262E-01 -1.9001E-01
  5.0000E+01  0.0000E+00  1.0000E+02  0.0000E+00  1.0000E+00  1.0000E+00  1.0000E+00  1.4734E+00  2.5630E+00  5.4553E+01 -4.7319E-02  3.5752E-02  0.0000E+00  0.0000E+00  0.0000E+00  0.0000E+00  0.0000E+00  0.0000E+00  0.0000E+00
  5.0000E+01  5.0000E-01  0.0000E+00  9.0900E-01  0.0000E+00  0.0000E+00  1.0000E+00  1.4734E+00  2.5630E+00  5.4553E+01 -4.7319E-02  3.5752E-02  9.4313E-01 -2.7963E-01 -2.4826E-01  9.0900E-01  8.2422E-01  8.4780E-02 -3.2795E-01
  5.0000E+01  1.0000E+00  0.0000E+00  1.4200E+00  0.0000E+00  0.0000E+00  1.0000E+00  1.4734E+00  2.5630E+00  5.4553E+01 -4.7319E-02  3.5752E-02  1.3727E+00  2.7460E-01  2.2542E-01  1.4200E+00  1.2860E+00  1.3403E-01  1.5974E-01
  5.0000E+01  2.0000E+00  0.0000E+00  1.9120E+00  0.0000E+00  0.0000E+00  1.0000E+00  1.4734E+00  2.5630E+00  5.4553E+01 -4.7319E-02  3.5752E-02  1.6242E+00  1.4233E+00  1.2197E+00  1.9120E+00  1.6561E+00  2.5589E-01  1.1598E+00
  5.0000E+01  4.0000E+00  0.0000E+00  1.4200E+00  0.0000E+00  0.0000E+00  1.0000E+00  1.4734E+00  2.5630E+00  5.4553E+01 -4.7319E-02  3.5752E-02  1.5638E+00 -7.3774E-01 -9.6135E-01  1.4200E+00  1.6583E+00 -2.3831E-01 -7.9159E-01
  5.0000E+01  8.0000E+00  0.0000E+00  1.2200E+00  0.0000E+00  0.0000E+00  1.0000E+00  1.4734E+00  2.5630E+00  5.4553E+01 -4.7319E-02  3.5752E-02  1.3002E+00 -4.9011E-01 -5.4319E-01  1.2200E+00  1.3046E+00 -8.4608E-02 -4.2417E-01
  5.0000E+01  1.2000E+01  0.0000E+00  1.2300E+00  0.0000E+00  0.0000E+00  1.0000E+00  1.4734E+00  2.5630E+00  5.4553E+01 -4.7319E-02  3.5752E-02  1.0775E+00  1.1085E+00  1.1972E+00  1.2300E+00  1.0070E+00  2.2299E-01  1.1859E+00
  5.0000E+01  2.4000E+01  0.0000E+00  6.0600E-01  0.0000E+00  0.0000E+00  1.0000E+00  1.4734E+00  2.5630E+00  5.4553E+01 -4.7319E-02  3.5752E-02  6.1315E-01 -8.3902E-02  2.2342E-01  6.0600E-01  4.6261E-01  1.4339E-01  6.0968E-02
  5.0000E+01  1.6800E+02  1.0000E+02  0.0000E+00  1.0000E+00  1.0000E+00  2.0000E+00  1.3502E+00  2.2022E+00  5.4553E+01 -1.9900E-01 -5.1590E-02  1.8321E-03 -4.4698E-02  0.0000E+00  0.0000E+00  4.0863E-05  0.0000E+00  0.0000E+00
  5.0000E+01  1.6850E+02  0.0000E+00  8.7200E-01  0.0000E+00  0.0000E+00  2.0000E+00  1.3502E+00  2.2022E+00  5.4553E+01 -1.9900E-01 -5.1590E-02  8.9162E-01 -1.6891E-01 -2.5126E-01  8.7200E-01  8.2426E-01  4.7740E-02 -2.7850E-01
  5.0000E+01  1.6900E+02  0.0000E+00  1.3770E+00  0.0000E+00  0.0000E+00  2.0000E+00  1.3502E+00  2.2022E+00  5.4553E+01 -1.9900E-01 -5.1590E-02  1.3268E+00  3.0077E-01  1.8041E-01  1.3770E+00  1.2860E+00  9.0994E-02  1.6257E-01
  5.0000E+01  1.7000E+02  0.0000E+00  1.6700E+00  0.0000E+00  0.0000E+00  2.0000E+00  1.3502E+00  2.2022E+00  5.4553E+01 -1.9900E-01 -5.1590E-02  1.6178E+00  2.5934E-01  7.5392E-02  1.6700E+00  1.6561E+00  1.3852E-02  1.1200E-01
  5.0000E+01  1.7200E+02  0.0000E+00  1.4520E+00  0.0000E+00  0.0000E+00  2.0000E+00  1.3502E+00  2.2022E+00  5.4553E+01 -1.9900E-01 -5.1590E-02  1.6009E+00 -7.4651E-01 -8.7127E-01  1.4520E+00  1.6583E+00 -2.0634E-01 -7.0387E-01
  5.0000E+01  1.7600E+02  0.0000E+00  1.1710E+00  0.0000E+00  0.0000E+00  2.0000E+00  1.3502E+00  2.2022E+00  5.4553E+01 -1.9900E-01 -5.1590E-02  1.3694E+00 -1.1541E+00 -1.0114E+00  1.1710E+00  1.3046E+00 -1.3363E-01 -9.2654E-01
  5.0000E+01  1.8000E+02  0.0000E+00  1.1210E+00  0.0000E+00  0.0000E+00  2.0000E+00  1.3502E+00  2.2022E+00  5.4553E+01 -1.9900E-01 -5.1590E-02  1.1652E+00 -2.9902E-01  7.6406E-02  1.1210E+00  1.0070E+00  1.1397E-01  6.1292E-02
  5.0000E+01  1.9200E+02  0.0000E+00  8.5900E-01  0.0000E+00  0.0000E+00  2.0000E+00  1.3502E+00  2.2022E+00  5.4553E+01 -1.9900E-01 -5.1590E-02  7.1782E-01  1.4611E+00  2.2719E+00  8.5900E-01  4.6262E-01  3.9638E-01  2.4768E+00
  5.0000E+01  3.3600E+02  1.0000E+02  0.0000E+00  1.0000E+00  1.0000E+00  3.0000E+00  1.7078E+00  3.3865E+00  5.4553E+01  2.3131E-01  1.8336E-01  9.4146E-05 -2.2969E-03  0.0000E+00  0.0000E+00  4.0864E-05  0.0000E+00  0.0000E+00
  5.0000E+01  3.3650E+02  0.0000E+00  1.0360E+00  0.0000E+00  0.0000E+00  3.0000E+00  1.7078E+00  3.3865E+00  5.4553E+01  2.3131E-01  1.8336E-01  1.0343E+00  1.2786E-02  2.6013E-01  1.0360E+00  8.2426E-01  2.1174E-01  2.7123E-01
  5.0000E+01  3.3700E+02  0.0000E+00  1.5690E+00  0.0000E+00  0.0000E+00  3.0000E+00  1.7078E+00  3.3865E+00  5.4553E+01  2.3131E-01  1.8336E-01  1.4430E+00  6.9756E-01  7.5511E-01  1.5690E+00  1.2860E+00  2.8299E-01  7.2156E-01
  5.0000E+01  3.3800E+02  0.0000E+00  1.6950E+00  0.0000E+00  0.0000E+00  3.0000E+00  1.7078E+00  3.3865E+00  5.4553E+01  2.3131E-01  1.8336E-01  1.6177E+00  3.8374E-01  1.1610E-01  1.6950E+00  1.6561E+00  3.8852E-02  5.5357E-02
  5.0000E+01  3.4000E+02  0.0000E+00  1.3920E+00  0.0000E+00  0.0000E+00  3.0000E+00  1.7078E+00  3.3865E+00  5.4553E+01  2.3131E-01  1.8336E-01  1.4820E+00 -4.8578E-01 -8.9273E-01  1.3920E+00  1.6583E+00 -2.6634E-01 -7.2517E-01
  5.0000E+01  3.4400E+02  0.0000E+00  1.2590E+00  0.0000E+00  0.0000E+00  3.0000E+00  1.7078E+00  3.3865E+00  5.4553E+01  2.3131E-01  1.8336E-01  1.1577E+00  6.8917E-01  3.0043E-01  1.2590E+00  1.3046E+00 -4.5632E-02  3.5474E-01
  5.0000E+01  3.4800E+02  0.0000E+00  7.6300E-01  0.0000E+00  0.0000E+00  3.0000E+00  1.7078E+00  3.3865E+00  5.4553E+01  2.3131E-01  1.8336E-01  9.0316E-01 -1.1932E+00 -1.5573E+00  7.6300E-01  1.0070E+00 -2.4403E-01 -1.3057E+00
  5.0000E+01  3.6000E+02  0.0000E+00  4.1600E-01  0.0000E+00  0.0000E+00  3.0000E+00  1.7078E+00  3.3865E+00  5.4553E+01  2.3131E-01  1.8336E-01  4.2879E-01 -1.9262E-01 -4.7942E-01  4.1600E-01  4.6262E-01 -4.6618E-02 -6.4364E-01
  5.1000E+01  0.0000E+00  1.0000E+02  0.0000E+00  1.0000E+00  1.0000E+00  1.0000E+00  1.9587E+00  2.9901E+00  4.4470E+01 -6.9084E-02  3.9133E-03  0.0000E+00  0.0000E+00  0.0000E+00  0.0000E+00  0.0000E+00  0.0000E+00  0.0000E+00
  5.1000E+01  5.0000E-01  0.0000E+00  1.4830E+00  0.0000E+00  0.0000E+00  1.0000E+00  1.9587E+00  2.9901E+00  4.4470E+01 -6.9084E-02  3.9133E-03  1.3771E+00  6.1288E-01  1.1065E+00  1.4830E+00  8.2422E-01  6.5878E-01  1.9902E+00
  5.1000E+01  1.0000E+00  0.0000E+00  1.6730E+00  0.0000E+00  0.0000E+00  1.0000E+00  1.9587E+00  2.9901E+00  4.4470E+01 -6.9084E-02  3.9133E-03  1.8488E+00 -7.6732E-01 -3.8493E-01  1.6730E+00  1.2860E+00  3.8703E-01 -5.3725E-01
  5.1000E+01  2.0000E+00  0.0000E+00  1.9300E+00  0.0000E+00  0.0000E+00  1.0000E+00  1.9587E+00  2.9901E+00  4.4470E+01 -6.9084E-02  3.9133E-03  1.9893E+00 -2.4112E-01 -9.9595E-02  1.9300E+00  1.6561E+00  2.7389E-01 -2.5858E-01
  5.1000E+01  4.0000E+00  0.0000E+00  1.7850E+00  0.0000E+00  0.0000E+00  1.0000E+00  1.9587E+00  2.9901E+00  4.4470E+01 -6.9084E-02  3.9133E-03  1.7786E+00  2.9140E-02  8.6191E-02  1.7850E+00  1.6583E+00  1.2669E-01  1.6823E-01
  5.1000E+01  8.0000E+00  0.0000E+00  1.3650E+00  0.0000E+00  0.0000E+00  1.0000E+00  1.9587E+00  2.9901E+00  4.4470E+01 -6.9084E-02  3.9133E-03  1.3599E+00  3.0114E-02  8.4208E-02  1.3650E+00  1.3046E+00  6.0392E-02  2.6391E-01
  5.1000E+01  1.2000E+01  0.0000E+00  1.2400E+00  0.0000E+00  0.0000E+00  1.0000E+00  1.9587E+00  2.9901E+00  4.4470E+01 -6.9084E-02  3.9133E-03  1.0392E+00  1.5084E+00  1.5466E+00  1.2400E+00  1.0070E+00  2.3299E-01  1.5620E+00
  5.1000E+01  2.4000E+01  0.0000E+00  4.2300E-01  0.0000E+00  0.0000E+00  1.0000E+00  1.9587E+00  2.9901E+00  4.4470E+01 -6.9084E-02  3.9133E-03  4.6375E-01 -5.8360E-01 -6.3346E-01  4.2300E-01  4.6261E-01 -3.9610E-02 -7.5824E-01
  5.1000E+01  1.6800E+02  1.0000E+02  0.0000E+00  1.0000E+00  1.0000E+00  2.0000E+00  2.6190E+00  2.8063E+00  4.4470E+01 -1.3250E-01  2.9444E-01  5.2453E-05 -1.2797E-03  0.0000E+00  0.0000E+00  4.0863E-05  0.0000E+00  0.0000E+00
  5.1000E+01  1.6850E+02  0.0000E+00  1.7670E+00  0.0000E+00  0.0000E+00  2.0000E+00  2.6190E+00  2.8063E+00  4.4470E+01 -1.3250E-01  2.9444E-01  1.6107E+00  7.7954E-01  1.6687E+00  1.7670E+00  8.2426E-01  9.4274E-01  2.8421E+00
  5.1000E+01  1.6900E+02  0.0000E+00  2.1240E+00  0.0000E+00  0.0000E+00  2.0000E+00  2.6190E+00  2.8063E+00  4.4470E+01 -1.3250E-01  2.9444E-01  1.9954E+00  5.2130E-01  1.0101E+00  2.1240E+00  1.2860E+00  8.3799E-01  9.8755E-01
  5.1000E+01  1.7000E+02  0.0000E+00  1.8650E+00  0.0000E+00  0.0000E+00  2.0000E+00  2.6190E+00  2.8063E+00  4.4470E+01 -1.3250E-01  2.9444E-01  2.0188E+00 -6.1650E-01 -4.7937E-01  1.8650E+00  1.6561E+00  2.0885E-01 -1.1066E+00
  5.1000E+01  1.7200E+02  0.0000E+00  2.3140E+00  0.0000E+00  0.0000E+00  2.0000E+00  2.6190E+00  2.8063E+00  4.4470E+01 -1.3250E-01  2.9444E-01  1.7902E+00  2.3594E+00  2.4856E+00  2.3140E+00  1.6583E+00  6.5566E-01  2.6248E+00
  5.1000E+01  1.7600E+02  0.0000E+00  1.1800E+00  0.0000E+00  0.0000E+00  2.0000E+00  2.6190E+00  2.8063E+00  4.4470E+01 -1.3250E-01  2.9444E-01  1.3908E+00 -1.2088E+00 -1.0002E+00  1.1800E+00  1.3046E+00 -1.2463E-01 -7.6681E-01
  5.1000E+01  1.8000E+02  0.0000E+00  1.0540E+00  0.0000E+00  0.0000E+00  2.0000E+00  2.6190E+00  2.8063E+00  4.4470E+01 -1.3250E-01  2.9444E-01  1.0806E+00 -1.9264E-01  6.8387E-02  1.0540E+00  1.0070E+00  4.6967E-02  2.3721E-01
  5.1000E+01  1.9200E+02  0.0000E+00  5.5000E-01  0.0000E+00  0.0000E+00  2.0000E+00  2.6190E+00  2.8063E+00  4.4470E+01 -1.3250E-01  2.9444E-01  5.0673E-01  5.8367E-01  8.5209E-01  5.5000E-01  4.6262E-01  8.7382E-02  6.5454E-01
  5.1000E+01  3.3600E+02  1.0000E+02  0.0000E+00  1.0000E+00  1.0000E+00  3.0000E+00  2.0370E+00  3.9255E+00  4.4470E+01  2.0312E-01  4.3110E-02  1.5289E-06 -3.7301E-05  0.0000E+00  0.0000E+00  4.0864E-05  0.0000E+00  0.0000E+00
  5.1000E+01  3.3650E+02  0.0000E+00  1.5470E+00  0.0000E+00  0.0000E+00  3.0000E+00  2.0370E+00  3.9255E+00  4.4470E+01  2.0312E-01  4.3110E-02  1.4002E+00  8.3647E-01  1.4322E+00  1.5470E+00  8.2426E-01  7.2274E-01  2.8468E+00
  5.1000E+01  3.3700E+02  0.0000E+00  1.5360E+00  0.0000E+00  0.0000E+00  3.0000E+00  2.0370E+00  3.9255E+00  4.4470E+01  2.0312E-01  4.3110E-02  1.8454E+00 -1.3531E+00 -9.7038E-01  1.5360E+00  1.2860E+00  2.4999E-01 -1.0781E+00
  5.1000E+01  3.3800E+02  0.0000E+00  1.5880E+00  0.0000E+00  0.0000E+00  3.0000E+00  2.0370E+00  3.9255E+00  4.4470E+01  2.0312E-01  4.3110E-02  1.9302E+00 -1.4327E+00 -1.4172E+00  1.5880E+00  1.6561E+00 -6.8148E-02 -1.6646E+00
  5.1000E+01  3.4000E+02  0.0000E+00  1.4030E+00  0.0000E+00  0.0000E+00  3.0000E+00  2.0370E+00  3.9255E+00  4.4470E+01  2.0312E-01  4.3110E-02  1.6506E+00 -1.2059E+00 -1.4064E+00  1.4030E+00  1.6583E+00 -2.5534E-01 -1.3879E+00
  5.1000E+01  3.4400E+02  0.0000E+00  1.4180E+00  0.0000E+00  0.0000E+00  3.0000E+00  2.0370E+00  3.9255E+00  4.4470E+01  2.0312E-01  4.3110E-02  1.1601E+00  1.7520E+00  1.3935E+00  1.4180E+00  1.3046E+00  1.1337E-01  1.1663E+00
  5.1000E+01  3.4800E+02  0.0000E+00  6.5400E-01  0.0000E+00  0.0000E+00  3.0000E+00  2.0370E+00  3.9255E+00  4.4470E+01  2.0312E-01  4.3110E-02  8.1496E-01 -1.4978E+00 -1.9276E+00  6.5400E-01  1.0070E+00 -3.5303E-01 -1.6900E+00
  5.1000E+01  3.6000E+02  0.0000E+00  2.7900E-01  0.0000E+00  0.0000E+00  3.0000E+00  2.0370E+00  3.9255E+00  4.4470E+01  2.0312E-01  4.3110E-02  2.8255E-01 -6.6385E-02 -4.3034E-01  2.7900E-01  4.6262E-01 -1.8362E-01 -6.8141E-01
  5.2000E+01  0.0000E+00  1.0000E+02  0.0000E+00  1.0000E+00  1.0000E+00  1.0000E+00  6.6533E-01  5.8641E+00  5.1604E+01  1.2928E-01 -7.3352E-02  0.0000E+00  0.0000E+00  0.0000E+00  0.0000E+00  0.0000E+00  0.0000E+00  0.0000E+00
  5.2000E+01  5.0000E-01  0.0000E+00  5.3200E-01  0.0000E+00  0.0000E+00  1.0000E+00  6.6533E-01  5.8641E+00  5.1604E+01  1.2928E-01 -7.3352E-02  5.3226E-01 -3.3729E-03 -3.9417E-01  5.3200E-01  8.2422E-01 -2.9222E-01 -2.8116E-01
  5.2000E+01  1.0000E+00  0.0000E+00  8.4200E-01  0.0000E+00  0.0000E+00  1.0000E+00  6.6533E-01  5.8641E+00  5.1604E+01  1.2928E-01 -7.3352E-02  8.8450E-01 -3.6843E-01 -8.2298E-01  8.4200E-01  1.2860E+00 -4.4397E-01 -6.0994E-01
  5.2000E+01  2.0000E+00  0.0000E+00  1.3460E+00  0.0000E+00  0.0000E+00  1.0000E+00  6.6533E-01  5.8641E+00  5.1604E+01  1.2928E-01 -7.3352E-02  1.2442E+00  6.4792E-01  2.3790E-01  1.3460E+00  1.6561E+00 -3.1011E-01  1.7253E-01
  5.2000E+01  4.0000E+00  0.0000E+00  1.3770E+00  0.0000E+00  0.0000E+00  1.0000E+00  6.6533E-01  5.8641E+00  5.1604E+01  1.2928E-01 -7.3352E-02  1.3201E+00  3.4256E-01  3.1994E-02  1.3770E+00  1.6583E+00 -2.8131E-01  1.2100E-01
  5.2000E+01  8.0000E+00  0.0000E+00  1.0910E+00  0.0000E+00  0.0000E+00  1.0000E+00  6.6533E-01  5.8641E+00  5.1604E+01  1.2928E-01 -7.3352E-02  9.3015E-01  1.3342E+00  8.4050E-01  1.0910E+00  1.3046E+00 -2.1361E-01  5.9730E-01
  5.2000E+01  1.2000E+01  0.0000E+00  5.4100E-01  0.0000E+00  0.0000E+00  1.0000E+00  6.6533E-01  5.8641E+00  5.1604E+01  1.2928E-01 -7.3352E-02  5.9684E-01 -6.6872E-01 -1.4149E+00  5.4100E-01  1.0070E+00 -4.6601E-01 -1.0284E+00
  5.2000E+01  2.4000E+01  0.0000E+00  1.1800E-01  0.0000E+00  0.0000E+00  1.0000E+00  6.6533E-01  5.8641E+00  5.1604E+01  1.2928E-01 -7.3352E-02  1.5283E-01 -7.7368E-01 -1.4566E+00  1.1800E-01  4.6261E-01 -3.4461E-01 -9.4839E-01
  5.2000E+01  1.6800E+02  1.0000E+02  0.0000E+00  1.0000E+00  1.0000E+00  2.0000E+00  9.1525E-01  4.5838E+00  5.1604E+01 -1.1704E-01  2.4557E-01  4.2577E-07 -1.0388E-05  0.0000E+00  0.0000E+00  4.0863E-05  0.0000E+00  0.0000E+00
  5.2000E+01  1.6850E+02  0.0000E+00  7.1700E-01  0.0000E+00  0.0000E+00  2.0000E+00  9.1525E-01  4.5838E+00  5.1604E+01 -1.1704E-01  2.4557E-01  6.9486E-01  2.3532E-01  3.4017E-01  7.1700E-01  8.2426E-01 -1.0726E-01  1.8900E-01
  5.2000E+01  1.6900E+02  0.0000E+00  1.2580E+00  0.0000E+00  0.0000E+00  2.0000E+00  9.1525E-01  4.5838E+00  5.1604E+01 -1.1704E-01  2.4557E-01  1.1044E+00  1.0918E+00  1.2600E+00  1.2580E+00  1.2860E+00 -2.8006E-02  1.0276E+00
  5.2000E+01  1.7000E+02  0.0000E+00  1.3000E+00  0.0000E+00  0.0000E+00  2.0000E+00  9.1525E-01  4.5838E+00  5.1604E+01 -1.1704E-01  2.4557E-01  1.4527E+00 -8.4016E-01 -6.3943E-01  1.3000E+00  1.6561E+00 -3.5615E-01 -4.6560E-01
  5.2000E+01  1.7200E+02  0.0000E+00  1.0340E+00  0.0000E+00  0.0000E+00  2.0000E+00  9.1525E-01  4.5838E+00  5.1604E+01 -1.1704E-01  2.4557E-01  1.4492E+00 -2.2895E+00 -2.0962E+00  1.0340E+00  1.6583E+00 -6.2434E-01 -1.6577E+00
  5.2000E+01  1.7600E+02  0.0000E+00  1.2160E+00  0.0000E+00  0.0000E+00  2.0000E+00  9.1525E-01  4.5838E+00  5.1604E+01 -1.1704E-01  2.4557E-01  1.0531E+00  1.2092E+00  1.3379E+00  1.2160E+00  1.3046E+00 -8.8632E-02  1.1217E+00
  5.2000E+01  1.8000E+02  0.0000E+00  6.6600E-01  0.0000E+00  0.0000E+00  2.0000E+00  9.1525E-01  4.5838E+00  5.1604E+01 -1.1704E-01  2.4557E-01  7.3911E-01 -7.3868E-01 -6.7342E-01  6.6600E-01  1.0070E+00 -3.4103E-01 -5.2198E-01
  5.2000E+01  1.9200E+02  0.0000E+00  2.9400E-01  0.0000E+00  0.0000E+00  2.0000E+00  9.1525E-01  4.5838E+00  5.1604E+01 -1.1704E-01  2.4557E-01  2.5457E-01  7.6692E-01  7.1539E-01  2.9400E-01  4.6262E-01 -1.6862E-01  3.2227E-01
  5.2000E+01  3.3600E+02  1.0000E+02  0.0000E+00  1.0000E+00  1.0000E+00  3.0000E+00  4.8881E-01  5.3310E+00  5.1604E+01  3.3982E-02 -3.8165E-01  8.8145E-08 -2.1505E-06  0.0000E+00  0.0000E+00  4.0864E-05  0.0000E+00  0.0000E+00
  5.2000E+01  3.3650E+02  0.0000E+00  4.0000E-01  0.0000E+00  0.0000E+00  3.0000E+00  4.8881E-01  5.3310E+00  5.1604E+01  3.3982E-02 -3.8165E-01  4.0908E-01 -1.4074E-01 -4.9039E-01  4.0000E-01  8.2426E-01 -4.2426E-01 -4.3759E-01
  5.2000E+01  3.3700E+02  0.0000E+00  7.9500E-01  0.0000E+00  0.0000E+00  3.0000E+00  4.8881E-01  5.3310E+00  5.1604E+01  3.3982E-02 -3.8165E-01  7.0887E-01  9.0056E-01  3.5876E-01  7.9500E-01  1.2860E+00 -4.9101E-01 -1.9041E-01
  5.2000E+01  3.3800E+02  0.0000E+00  7.3100E-01  0.0000E+00  0.0000E+00  3.0000E+00  4.8881E-01  5.3310E+00  5.1604E+01  3.3982E-02 -3.8165E-01  1.0741E+00 -2.5008E+00 -3.1101E+00  7.3100E-01  1.6561E+00 -9.2515E-01 -2.4262E+00
  5.2000E+01  3.4000E+02  0.0000E+00  1.3700E+00  0.0000E+00  0.0000E+00  3.0000E+00  4.8881E-01  5.3310E+00  5.1604E+01  3.3982E-02 -3.8165E-01  1.2777E+00  5.7333E-01  1.8162E-01  1.3700E+00  1.6583E+00 -2.8834E-01  5.3947E-02
  5.2000E+01  3.4400E+02  0.0000E+00  1.0270E+00  0.0000E+00  0.0000E+00  3.0000E+00  4.8881E-01  5.3310E+00  5.1604E+01  3.3982E-02 -3.8165E-01  1.0260E+00  7.4436E-03 -1.7166E-01  1.0270E+00  1.3046E+00 -2.7763E-01  4.6242E-03
  5.2000E+01  3.4800E+02  0.0000E+00  7.6600E-01  0.0000E+00  0.0000E+00  3.0000E+00  4.8881E-01  5.3310E+00  5.1604E+01  3.3982E-02 -3.8165E-01  7.0432E-01  6.4836E-01  3.5063E-01  7.6600E-01  1.0070E+00 -2.4103E-01  2.8033E-01
  5.2000E+01  3.6000E+02  0.0000E+00  1.8600E-01  0.0000E+00  0.0000E+00  3.0000E+00  4.8881E-01  5.3310E+00  5.1604E+01  3.3982E-02 -3.8165E-01  2.0588E-01 -4.1367E-01 -9.0358E-01  1.8600E-01  4.6262E-01 -2.7662E-01 -6.3487E-01
  5.3000E+01  0.0000E+00  1.0000E+02  0.0000E+00  1.0000E+00  1.0000E+00  1.0000E+00  1.5498E+00  3.8155E+00  4.9999E+01 -1.9189E-01  3.1037E-01  0.0000E+00  0.0000E+00  0.0000E+00  0.0000E+00  0.0000E+00  0.0000E+00  0.0000E+00
  5.3000E+01  5.0000E-01  0.0000E+00  1.2450E+00  0.0000E+00  0.0000E+00  1.0000E+00  1.5498E+00  3.8155E+00  4.9999E+01 -1.9189E-01  3.1037E-01  1.0556E+00  1.4024E+00  2.0920E+00  1.2450E+00  8.2422E-01  4.2078E-01  2.5133E+00
  5.3000E+01  1.0000E+00  0.0000E+00  1.3310E+00  0.0000E+00  0.0000E+00  1.0000E+00  1.5498E+00  3.8155E+00  4.9999E+01 -1.9189E-01  3.1037E-01  1.5025E+00 -9.1367E-01 -3.4551E-01  1.3310E+00  1.2860E+00  4.5033E-02 -3.3154E-01
  5.3000E+01  2.0000E+00  0.0000E+00  1.4690E+00  0.0000E+00  0.0000E+00  1.0000E+00  1.5498E+00  3.8155E+00  4.9999E+01 -1.9189E-01  3.1037E-01  1.7111E+00 -1.1387E+00 -8.8225E-01  1.4690E+00  1.6561E+00 -1.8711E-01 -8.4152E-01
  5.3000E+01  4.0000E+00  0.0000E+00  1.6120E+00  0.0000E+00  0.0000E+00  1.0000E+00  1.5498E+00  3.8155E+00  4.9999E+01 -1.9189E-01  3.1037E-01  1.5460E+00  3.4237E-01  4.3753E-01  1.6120E+00  1.6583E+00 -4.6311E-02  4.4566E-01
  5.3000E+01  8.0000E+00  0.0000E+00  1.3270E+00  0.0000E+00  0.0000E+00  1.0000E+00  1.5498E+00  3.8155E+00  4.9999E+01 -1.9189E-01  3.1037E-01  1.1424E+00  1.2714E+00  1.4087E+00  1.3270E+00  1.3046E+00  2.2392E-02  1.2435E+00
  5.3000E+01  1.2000E+01  0.0000E+00  7.2200E-01  0.0000E+00  0.0000E+00  1.0000E+00  1.5498E+00  3.8155E+00  4.9999E+01 -1.9189E-01  3.1037E-01  8.4191E-01 -1.0851E+00 -9.0904E-01  7.2200E-01  1.0070E+00 -2.8501E-01 -6.9714E-01
  5.3000E+01  2.4000E+01  0.0000E+00  3.8200E-01  0.0000E+00  0.0000E+00  1.0000E+00  1.5498E+00  3.8155E+00  4.9999E+01 -1.9189E-01  3.1037E-01  3.3695E-01  7.7637E-01  9.4791E-01  3.8200E-01  4.6261E-01 -8.0610E-02  6.8829E-01
  5.3000E+01  1.6800E+02  1.0000E+02  0.0000E+00  1.0000E+00  1.0000E+00  2.0000E+00  9.6979E-01  5.4939E+00  4.9999E+01  1.7267E-01 -1.5841E-01  4.5277E-08 -1.1047E-06  0.0000E+00  0.0000E+00  4.0863E-05  0.0000E+00  0.0000E+00
  5.3000E+01  1.6850E+02  0.0000E+00  6.9700E-01  0.0000E+00  0.0000E+00  2.0000E+00  9.6979E-01  5.4939E+00  4.9999E+01  1.7267E-01 -1.5841E-01  7.4611E-01 -4.9229E-01 -6.2996E-01  6.9700E-01  8.2426E-01 -1.2726E-01 -5.7405E-01
  5.3000E+01  1.6900E+02  0.0000E+00  1.3330E+00  0.0000E+00  0.0000E+00  2.0000E+00  9.6979E-01  5.4939E+00  4.9999E+01  1.7267E-01 -1.5841E-01  1.1656E+00  1.1317E+00  9.6414E-01  1.3330E+00  1.2860E+00  4.6994E-02  8.4178E-01
  5.3000E+01  1.7000E+02  0.0000E+00  1.1540E+00  0.0000E+00  0.0000E+00  2.0000E+00  9.6979E-01  5.4939E+00  4.9999E+01  1.7267E-01 -1.5841E-01  1.4863E+00 -1.7891E+00 -1.9822E+00  1.1540E+00  1.6561E+00 -5.0215E-01 -1.7110E+00
  5.3000E+01  1.7200E+02  0.0000E+00  1.3950E+00  0.0000E+00  0.0000E+00  2.0000E+00  9.6979E-01  5.4939E+00  4.9999E+01  1.7267E-01 -1.5841E-01  1.4068E+00 -6.6767E-02 -3.7403E-01  1.3950E+00  1.6583E+00 -2.6334E-01 -3.1557E-01
  5.3000E+01  1.7600E+02  0.0000E+00  1.0260E+00  0.0000E+00  0.0000E+00  2.0000E+00  9.6979E-01  5.4939E+00  4.9999E+01  1.7267E-01 -1.5841E-01  9.3552E-01  7.4663E-01  1.4850E-01  1.0260E+00  1.3046E+00 -2.7863E-01 -7.2210E-02
  5.3000E+01  1.8000E+02  0.0000E+00  5.8100E-01  0.0000E+00  0.0000E+00  2.0000E+00  9.6979E-01  5.4939E+00  4.9999E+01  1.7267E-01 -1.5841E-01  6.0340E-01 -2.6607E-01 -1.0172E+00  5.8100E-01  1.0070E+00 -4.2603E-01 -9.1930E-01
  5.3000E+01  1.9200E+02  0.0000E+00  1.4000E-01  0.0000E+00  0.0000E+00  2.0000E+00  9.6979E-01  5.4939E+00  4.9999E+01  1.7267E-01 -1.5841E-01  1.6143E-01 -4.7132E-01 -1.0382E+00  1.4000E-01  4.6262E-01 -3.2262E-01 -6.1660E-01
  5.3000E+01  3.3600E+02  1.0000E+02  0.0000E+00  1.0000E+00  1.0000E+00  3.0000E+00  1.0204E+00  4.8852E+00  4.9999E+01  5.5241E-02 -1.0758E-01  1.2521E-07 -3.0548E-06  0.0000E+00  0.0000E+00  4.0864E-05  0.0000E+00  0.0000E+00
  5.3000E+01  3.3650E+02  0.0000E+00  8.5400E-01  0.0000E+00  0.0000E+00  3.0000E+00  1.0204E+00  4.8852E+00  4.9999E+01  5.5241E-02 -1.0758E-01  7.7842E-01  7.3121E-01  6.6037E-01  8.5400E-01  8.2426E-01  2.9740E-02  5.5884E-01
  5.3000E+01  3.3700E+02  0.0000E+00  1.1490E+00  0.0000E+00  0.0000E+00  3.0000E+00  1.0204E+00  4.8852E+00  4.9999E+01  5.5241E-02 -1.0758E-01  1.2087E+00 -3.9013E-01 -4.5521E-01  1.1490E+00  1.2860E+00 -1.3701E-01 -3.9649E-01
  5.3000E+01  3.3800E+02  0.0000E+00  1.3700E+00  0.0000E+00  0.0000E+00  3.0000E+00  1.0204E+00  4.8852E+00  4.9999E+01  5.5241E-02 -1.0758E-01  1.5318E+00 -8.4654E-01 -9.2426E-01  1.3700E+00  1.6561E+00 -2.8615E-01 -7.8696E-01
  5.3000E+01  3.4000E+02  0.0000E+00  1.4420E+00  0.0000E+00  0.0000E+00  3.0000E+00  1.0204E+00  4.8852E+00  4.9999E+01  5.5241E-02 -1.0758E-01  1.4590E+00 -9.2952E-02 -2.5328E-01  1.4420E+00  1.6583E+00 -2.1634E-01 -1.7604E-01
  5.3000E+01  3.4400E+02  0.0000E+00  1.2750E+00  0.0000E+00  0.0000E+00  3.0000E+00  1.0204E+00  4.8852E+00  4.9999E+01  5.5241E-02 -1.0758E-01  1.0116E+00  2.0268E+00  1.6700E+00  1.2750E+00  1.3046E+00 -2.9632E-02  1.2129E+00
  5.3000E+01  3.4800E+02  0.0000E+00  6.0300E-01  0.0000E+00  0.0000E+00  3.0000E+00  1.0204E+00  4.8852E+00  4.9999E+01  5.5241E-02 -1.0758E-01  6.8478E-01 -8.7942E-01 -1.3527E+00  6.0300E-01  1.0070E+00 -4.0403E-01 -1.0472E+00
  5.3000E+01  3.6000E+02  0.0000E+00  1.8600E-01  0.0000E+00  0.0000E+00  3.0000E+00  1.0204E+00  4.8852E+00  4.9999E+01  5.5241E-02 -1.0758E-01  2.1201E-01 -5.3684E-01 -9.5455E-01  1.8600E-01  4.6262E-01 -2.7662E-01 -6.0307E-01
  5.4000E+01  0.0000E+00  1.0000E+02  0.0000E+00  1.0000E+00  1.0000E+00  1.0000E+00  4.0192E-01  5.8484E+00  4.4962E+01  6.6705E-02 -6.0623E-01  0.0000E+00  0.0000E+00  0.0000E+00  0.0000E+00  0.0000E+00  0.0000E+00  0.0000E+00
  5.4000E+01  5.0000E-01  0.0000E+00  3.7300E-01  0.0000E+00  0.0000E+00  1.0000E+00  4.0192E-01  5.8484E+00  4.4962E+01  6.6705E-02 -6.0623E-01  3.9159E-01 -2.9544E-01 -9.9688E-01  3.7300E-01  8.2422E-01 -4.5122E-01 -8.5576E-01
  5.4000E+01  1.0000E+00  0.0000E+00  7.0000E-01  0.0000E+00  0.0000E+00  1.0000E+00  4.0192E-01  5.8484E+00  4.4962E+01  6.6705E-02 -6.0623E-01  6.8723E-01  1.3694E-01 -8.7103E-01  7.0000E-01  1.2860E+00 -5.8597E-01 -1.0712E+00
  5.4000E+01  2.0000E+00  0.0000E+00  1.0070E+00  0.0000E+00  0.0000E+00  1.0000E+00  4.0192E-01  5.8484E+00  4.4962E+01  6.6705E-02 -6.0623E-01  1.0632E+00 -4.1339E-01 -1.5473E+00  1.0070E+00  1.6561E+00 -6.4911E-01 -1.5358E+00
  5.4000E+01  4.0000E+00  0.0000E+00  1.1940E+00  0.0000E+00  0.0000E+00  1.0000E+00  4.0192E-01  5.8484E+00  4.4962E+01  6.6705E-02 -6.0623E-01  1.2956E+00 -6.2243E-01 -1.4480E+00  1.1940E+00  1.6583E+00 -4.6431E-01 -1.1700E+00
  5.4000E+01  8.0000E+00  0.0000E+00  1.0560E+00  0.0000E+00  0.0000E+00  1.0000E+00  4.0192E-01  5.8484E+00  4.4962E+01  6.6705E-02 -6.0623E-01  1.0296E+00  2.0013E-01 -9.1628E-02  1.0560E+00  1.3046E+00 -2.4861E-01  7.4526E-02
  5.4000E+01  1.2000E+01  0.0000E+00  6.7900E-01  0.0000E+00  0.0000E+00  1.0000E+00  4.0192E-01  5.8484E+00  4.4962E+01  6.6705E-02 -6.0623E-01  6.6393E-01  1.6608E-01 -3.8756E-02  6.7900E-01  1.0070E+00 -3.2801E-01 -1.2791E-01
  5.4000E+01  2.4000E+01  0.0000E+00  1.4300E-01  0.0000E+00  0.0000E+00  1.0000E+00  4.0192E-01  5.8484E+00  4.4962E+01  6.6705E-02 -6.0623E-01  1.4473E-01 -3.8865E-02 -2.8500E-01  1.4300E-01  4.6261E-01 -3.1961E-01 -2.1580E-01
  5.4000E+01  1.6800E+02  1.0000E+02  0.0000E+00  1.0000E+00  1.0000E+00  2.0000E+00  6.6537E-01  5.3703E+00  4.4962E+01 -1.8570E-02 -1.0212E-01  4.9144E-09 -1.1990E-07  0.0000E+00  0.0000E+00  4.0863E-05  0.0000E+00  0.0000E+00
  5.4000E+01  1.6850E+02  0.0000E+00  6.2200E-01  0.0000E+00  0.0000E+00  2.0000E+00  6.6537E-01  5.3703E+00  4.4962E+01 -1.8570E-02 -1.0212E-01  6.0999E-01  1.4144E-01 -2.0746E-01  6.2200E-01  8.2426E-01 -2.0226E-01 -2.1631E-01
  5.4000E+01  1.6900E+02  0.0000E+00  9.3700E-01  0.0000E+00  0.0000E+00  2.0000E+00  6.6537E-01  5.3703E+00  4.4962E+01 -1.8570E-02 -1.0212E-01  1.0120E+00 -5.7690E-01 -9.7932E-01  9.3700E-01  1.2860E+00 -3.4901E-01 -7.5332E-01
  5.4000E+01  1.7000E+02  0.0000E+00  1.4550E+00  0.0000E+00  0.0000E+00  2.0000E+00  6.6537E-01  5.3703E+00  4.4962E+01 -1.8570E-02 -1.0212E-01  1.4183E+00  2.0655E-01 -1.1310E-01  1.4550E+00  1.6561E+00 -2.0115E-01  5.8746E-02
  5.4000E+01  1.7200E+02  0.0000E+00  1.7340E+00  0.0000E+00  0.0000E+00  2.0000E+00  6.6537E-01  5.3703E+00  4.4962E+01 -1.8570E-02 -1.0212E-01  1.4918E+00  1.2996E+00  1.1601E+00  1.7340E+00  1.6583E+00  7.5658E-02  1.3165E+00
  5.4000E+01  1.7600E+02  0.0000E+00  1.1540E+00  0.0000E+00  0.0000E+00  2.0000E+00  6.6537E-01  5.3703E+00  4.4962E+01 -1.8570E-02 -1.0212E-01  1.0293E+00  9.4452E-01  7.7232E-01  1.1540E+00  1.3046E+00 -1.5063E-01  6.4574E-01
  5.4000E+01  1.8000E+02  0.0000E+00  5.2000E-01  0.0000E+00  0.0000E+00  2.0000E+00  6.6537E-01  5.3703E+00  4.4962E+01 -1.8570E-02 -1.0212E-01  6.4563E-01 -1.4159E+00 -1.6950E+00  5.2000E-01  1.0070E+00 -4.8703E-01 -1.3374E+00
  5.4000E+01  1.9200E+02  0.0000E+00  1.7300E-01  0.0000E+00  0.0000E+00  2.0000E+00  6.6537E-01  5.3703E+00  4.4962E+01 -1.8570E-02 -1.0212E-01  1.5422E-01  4.1650E-01  2.0831E-01  1.7300E-01  4.6262E-01 -2.8962E-01 -8.4493E-02
  5.4000E+01  3.3600E+02  1.0000E+02  0.0000E+00  1.0000E+00  1.0000E+00  3.0000E+00  1.2330E+00  5.4915E+00  4.4962E+01  3.7306E-03  5.1476E-01  3.5486E-09 -8.6577E-08  0.0000E+00  0.0000E+00  4.0864E-05  0.0000E+00  0.0000E+00
  5.4000E+01  3.3650E+02  0.0000E+00  1.0760E+00  0.0000E+00  0.0000E+00  3.0000E+00  1.2330E+00  5.4915E+00  4.4962E+01  3.7306E-03  5.1476E-01  9.8975E-01  6.7690E-01  1.1990E+00  1.0760E+00  8.2426E-01  2.5174E-01  1.1300E+00
  5.4000E+01  3.3700E+02  0.0000E+00  1.6010E+00  0.0000E+00  0.0000E+00  3.0000E+00  1.2330E+00  5.4915E+00  4.4962E+01  3.7306E-03  5.1476E-01  1.4654E+00  7.3985E-01  1.2631E+00  1.6010E+00  1.2860E+00  3.1499E-01  1.3454E+00
  5.4000E+01  3.3800E+02  0.0000E+00  1.6230E+00  0.0000E+00  0.0000E+00  3.0000E+00  1.2330E+00  5.4915E+00  4.4962E+01  3.7306E-03  5.1476E-01  1.7240E+00 -4.7157E-01 -1.9702E-01  1.6230E+00  1.6561E+00 -3.3148E-02  1.5936E-02
  5.4000E+01  3.4000E+02  0.0000E+00  1.5570E+00  0.0000E+00  0.0000E+00  3.0000E+00  1.2330E+00  5.4915E+00  4.4962E+01  3.7306E-03  5.1476E-01  1.4967E+00  3.2225E-01  2.2058E-01  1.5570E+00  1.6583E+00 -1.0134E-01  4.5728E-01
  5.4000E+01  3.4400E+02  0.0000E+00  7.9400E-01  0.0000E+00  0.0000E+00  3.0000E+00  1.2330E+00  5.4915E+00  4.4962E+01  3.7306E-03  5.1476E-01  9.2908E-01 -1.1216E+00 -1.4999E+00  7.9400E-01  1.3046E+00 -5.1063E-01 -1.1671E+00
  5.4000E+01  3.4800E+02  0.0000E+00  6.5400E-01  0.0000E+00  0.0000E+00  3.0000E+00  1.2330E+00  5.4915E+00  4.4962E+01  3.7306E-03  5.1476E-01  5.7009E-01  1.0401E+00  6.1089E-01  6.5400E-01  1.0070E+00 -3.5303E-01 -1.2271E-02
  5.4000E+01  3.6000E+02  0.0000E+00  1.1600E-01  0.0000E+00  0.0000E+00  3.0000E+00  1.2330E+00  5.4915E+00  4.4962E+01  3.7306E-03  5.1476E-01  1.3165E-01 -3.5565E-01 -5.9328E-01  1.1600E-01  4.6262E-01 -3.4662E-01 -3.2849E-01
  5.5000E+01  0.0000E+00  1.0000E+02  0.0000E+00  1.0000E+00  1.0000E+00  1.0000E+00  5.5724E-01  1.4921E+00  4.7164E+01 -1.1056E-01  2.0528E-01  0.0000E+00  0.0000E+00  0.0000E+00  0.0000E+00  0.0000E+00  0.0000E+00  0.0000E+00
  5.5000E+01  5.0000E-01  0.0000E+00  5.5600E-01  0.0000E+00  0.0000E+00  1.0000E+00  5.5724E-01  1.4921E+00  4.7164E+01 -1.1056E-01  2.0528E-01  5.1134E-01  5.9862E-01  4.9840E-01  5.5600E-01  8.2422E-01 -2.6822E-01  2.1517E-01
  5.5000E+01  1.0000E+00  0.0000E+00  9.4000E-01  0.0000E+00  0.0000E+00  1.0000E+00  5.5724E-01  1.4921E+00  4.7164E+01 -1.1056E-01  2.0528E-01  8.9032E-01  4.2826E-01  3.1286E-01  9.4000E-01  1.2860E+00 -3.4597E-01  1.5153E-01
  5.5000E+01  2.0000E+00  0.0000E+00  1.3940E+00  0.0000E+00  0.0000E+00  1.0000E+00  5.5724E-01  1.4921E+00  4.7164E+01 -1.1056E-01  2.0528E-01  1.3726E+00  1.2447E-01  7.1655E-02  1.3940E+00  1.6561E+00 -2.6211E-01  1.7049E-01
  5.5000E+01  4.0000E+00  0.0000E+00  1.4630E+00  0.0000E+00  0.0000E+00  1.0000E+00  5.5724E-01  1.4921E+00  4.7164E+01 -1.1056E-01  2.0528E-01  1.7387E+00 -1.2773E+00 -1.1047E+00  1.4630E+00  1.6583E+00 -1.9531E-01 -7.5757E-01
  5.5000E+01  8.0000E+00  0.0000E+00  1.6460E+00  0.0000E+00  0.0000E+00  1.0000E+00  5.5724E-01  1.4921E+00  4.7164E+01 -1.1056E-01  2.0528E-01  1.7192E+00 -3.4289E-01  9.2886E-02  1.6460E+00  1.3046E+00  3.4139E-01  2.3192E-01
  5.5000E+01  1.2000E+01  0.0000E+00  1.6510E+00  0.0000E+00  0.0000E+00  1.0000E+00  5.5724E-01  1.4921E+00  4.7164E+01 -1.1056E-01  2.0528E-01  1.5350E+00  6.0552E-01  1.1131E+00  1.6510E+00  1.0070E+00  6.4399E-01  1.1075E+00
  5.5000E+01  2.4000E+01  0.0000E+00  1.1480E+00  0.0000E+00  0.0000E+00  1.0000E+00  5.5724E-01  1.4921E+00  4.7164E+01 -1.1056E-01  2.0528E-01  1.0520E+00  7.1274E-01  1.2021E+00  1.1480E+00  4.6261E-01  6.8539E-01  1.0226E+00
  5.5000E+01  1.6800E+02  1.0000E+02  0.0000E+00  1.0000E+00  1.0000E+00  2.0000E+00  3.2661E-01  1.8903E+00  4.7164E+01  1.2600E-01 -3.2893E-01  3.2778E-03 -7.9965E-02  0.0000E+00  0.0000E+00  4.0863E-05  0.0000E+00  0.0000E+00
  5.5000E+01  1.6850E+02  0.0000E+00  2.4000E-01  0.0000E+00  0.0000E+00  2.0000E+00  3.2661E-01  1.8903E+00  4.7164E+01  1.2600E-01 -3.2893E-01  3.1941E-01 -1.4046E+00 -2.0214E+00  2.4000E-01  8.2426E-01 -5.8426E-01 -7.7099E-01
  5.5000E+01  1.6900E+02  0.0000E+00  5.6100E-01  0.0000E+00  0.0000E+00  2.0000E+00  3.2661E-01  1.8903E+00  4.7164E+01  1.2600E-01 -3.2893E-01  5.8162E-01 -2.5184E-01 -1.1725E+00  5.6100E-01  1.2860E+00 -7.2501E-01 -8.2263E-01
  5.5000E+01  1.7000E+02  0.0000E+00  1.0970E+00  0.0000E+00  0.0000E+00  2.0000E+00  3.2661E-01  1.8903E+00  4.7164E+01  1.2600E-01 -3.2893E-01  9.7606E-01  9.6103E-01 -1.4255E-01  1.0970E+00  1.6561E+00 -5.5915E-01 -5.7679E-01
  5.5000E+01  1.7200E+02  0.0000E+00  1.3750E+00  0.0000E+00  0.0000E+00  2.0000E+00  3.2661E-01  1.8903E+00  4.7164E+01  1.2600E-01 -3.2893E-01  1.4072E+00 -1.8264E-01 -1.0564E+00  1.3750E+00  1.6583E+00 -2.8334E-01 -9.3539E-01
  5.5000E+01  1.7600E+02  0.0000E+00  1.6900E+00  0.0000E+00  0.0000E+00  2.0000E+00  3.2661E-01  1.8903E+00  4.7164E+01  1.2600E-01 -3.2893E-01  1.5791E+00  5.6377E-01  3.9175E-01  1.6900E+00  1.3046E+00  3.8537E-01  8.5317E-01
  5.5000E+01  1.8000E+02  0.0000E+00  1.5000E+00  0.0000E+00  0.0000E+00  2.0000E+00  3.2661E-01  1.8903E+00  4.7164E+01  1.2600E-01 -3.2893E-01  1.4481E+00  2.8623E-01  4.6320E-01  1.5000E+00  1.0070E+00  4.9297E-01  6.9298E-01
  5.5000E+01  1.9200E+02  0.0000E+00  8.4100E-01  0.0000E+00  0.0000E+00  2.0000E+00  3.2661E-01  1.8903E+00  4.7164E+01  1.2600E-01 -3.2893E-01  9.2394E-01 -6.9205E-01 -5.7866E-01  8.4100E-01  4.6262E-01  3.7838E-01 -1.2516E+00
  5.5000E+01  3.3600E+02  1.0000E+02  0.0000E+00  1.0000E+00  1.0000E+00  3.0000E+00  3.2421E-01  1.5455E+00  4.7164E+01 -7.5381E-02 -3.3633E-01  8.2566E-03 -2.0138E-01  0.0000E+00  0.0000E+00  4.0864E-05  0.0000E+00  0.0000E+00
  5.5000E+01  3.3650E+02  0.0000E+00  2.9600E-01  0.0000E+00  0.0000E+00  3.0000E+00  3.2421E-01  1.5455E+00  4.7164E+01 -7.5381E-02 -3.3633E-01  3.2276E-01 -4.7100E-01 -1.0455E+00  2.9600E-01  8.2426E-01 -5.2826E-01 -2.9707E-01
  5.5000E+01  3.3700E+02  0.0000E+00  5.3100E-01  0.0000E+00  0.0000E+00  3.0000E+00  3.2421E-01  1.5455E+00  4.7164E+01 -7.5381E-02 -3.3633E-01  5.8507E-01 -6.5730E-01 -1.5228E+00  5.3100E-01  1.2860E+00 -7.5501E-01 -1.0235E+00
  5.5000E+01  3.3800E+02  0.0000E+00  1.0780E+00  0.0000E+00  0.0000E+00  3.0000E+00  3.2421E-01  1.5455E+00  4.7164E+01 -7.5381E-02 -3.3633E-01  9.8349E-01  7.4595E-01 -2.9733E-01  1.0780E+00  1.6561E+00 -5.7815E-01 -7.3766E-01
  5.5000E+01  3.4000E+02  0.0000E+00  1.3460E+00  0.0000E+00  0.0000E+00  3.0000E+00  3.2421E-01  1.5455E+00  4.7164E+01 -7.5381E-02 -3.3633E-01  1.4313E+00 -4.7596E-01 -1.2780E+00  1.3460E+00  1.6583E+00 -3.1234E-01 -1.2577E+00
  5.5000E+01  3.4400E+02  0.0000E+00  1.9220E+00  0.0000E+00  0.0000E+00  3.0000E+00  3.2421E-01  1.5455E+00  4.7164E+01 -7.5381E-02 -3.3633E-01  1.6448E+00  1.3546E+00  1.3172E+00  1.9220E+00  1.3046E+00  6.1737E-01  1.7620E+00
  5.5000E+01  3.4800E+02  0.0000E+00  1.5730E+00  0.0000E+00  0.0000E+00  3.0000E+00  3.2421E-01  1.5455E+00  4.7164E+01 -7.5381E-02 -3.3633E-01  1.5492E+00  1.2324E-01  5.2481E-01  1.5730E+00  1.0070E+00  5.6597E-01  4.8585E-01
  5.5000E+01  3.6000E+02  0.0000E+00  1.1150E+00  0.0000E+00  0.0000E+00  3.0000E+00  3.2421E-01  1.5455E+00  4.7164E+01 -7.5381E-02 -3.3633E-01  1.0771E+00  2.7586E-01  8.6112E-01  1.1150E+00  4.6262E-01  6.5238E-01  6.6804E-01
  5.6000E+01  0.0000E+00  1.0000E+02  0.0000E+00  1.0000E+00  1.0000E+00  1.0000E+00  1.7111E+00  5.8994E+00  3.6270E+01  1.6047E-01  6.5356E-02  0.0000E+00  0.0000E+00  0.0000E+00  0.0000E+00  0.0000E+00  0.0000E+00  0.0000E+00
  5.6000E+01  5.0000E-01  0.0000E+00  1.5660E+00  0.0000E+00  0.0000E+00  1.0000E+00  1.7111E+00  5.8994E+00  3.6270E+01  1.6047E-01  6.5356E-02  1.5137E+00  2.7658E-01  6.7111E-01  1.5660E+00  8.2422E-01  7.4178E-01  1.3102E+00
  5.6000E+01  1.0000E+00  0.0000E+00  2.0080E+00  0.0000E+00  0.0000E+00  1.0000E+00  1.7111E+00  5.8994E+00  3.6270E+01  1.6047E-01  6.5356E-02  2.0389E+00 -1.2269E-01  3.1174E-01  2.0080E+00  1.2860E+00  7.2203E-01  3.5431E-01
  5.6000E+01  2.0000E+00  0.0000E+00  2.0320E+00  0.0000E+00  0.0000E+00  1.0000E+00  1.7111E+00  5.8994E+00  3.6270E+01  1.6047E-01  6.5356E-02  2.1012E+00 -2.6683E-01 -8.9348E-02  2.0320E+00  1.6561E+00  3.7589E-01 -2.3993E-01
  5.6000E+01  4.0000E+00  0.0000E+00  1.3830E+00  0.0000E+00  0.0000E+00  1.0000E+00  1.7111E+00  5.8994E+00  3.6270E+01  1.6047E-01  6.5356E-02  1.5863E+00 -1.0286E+00 -1.3219E+00  1.3830E+00  1.6583E+00 -2.7531E-01 -1.2901E+00
  5.6000E+01  8.0000E+00  0.0000E+00  7.6000E-01  0.0000E+00  0.0000E+00  1.0000E+00  1.7111E+00  5.8994E+00  3.6270E+01  1.6047E-01  6.5356E-02  8.2931E-01 -6.3538E-01 -1.3449E+00  7.6000E-01  1.3046E+00 -5.4461E-01 -1.4420E+00
  5.6000E+01  1.2000E+01  0.0000E+00  5.0700E-01  0.0000E+00  0.0000E+00  1.0000E+00  1.7111E+00  5.8994E+00  3.6270E+01  1.6047E-01  6.5356E-02  4.3267E-01  1.1127E+00  3.9381E-01  5.0700E-01  1.0070E+00 -5.0001E-01 -6.3971E-01
  5.6000E+01  2.4000E+01  0.0000E+00  1.0000E-02  0.0000E+00  0.0000E+00  1.0000E+00  1.7111E+00  5.8994E+00  3.6270E+01  1.6047E-01  6.5356E-02  6.1445E-02 -1.2347E+00 -1.4924E+00  1.0000E-02  4.6261E-01 -4.5261E-01 -1.0936E-01
  5.6000E+01  1.6800E+02  1.0000E+02  0.0000E+00  1.0000E+00  1.0000E+00  2.0000E+00  1.8371E+00  4.2815E+00  3.6270E+01 -1.6008E-01  1.3640E-01  2.5475E-09 -6.2152E-08  0.0000E+00  0.0000E+00  4.0863E-05  0.0000E+00  0.0000E+00
  5.6000E+01  1.6850E+02  0.0000E+00  1.6080E+00  0.0000E+00  0.0000E+00  2.0000E+00  1.8371E+00  4.2815E+00  3.6270E+01 -1.6008E-01  1.3640E-01  1.6016E+00  3.1975E-02  6.0832E-01  1.6080E+00  8.2426E-01  7.8374E-01  9.4093E-01
  5.6000E+01  1.6900E+02  0.0000E+00  2.4130E+00  0.0000E+00  0.0000E+00  2.0000E+00  1.8371E+00  4.2815E+00  3.6270E+01 -1.6008E-01  1.3640E-01  2.1490E+00  9.9553E-01  1.6464E+00  2.4130E+00  1.2860E+00  1.1270E+00  2.1791E+00
  5.6000E+01  1.7000E+02  0.0000E+00  1.9710E+00  0.0000E+00  0.0000E+00  2.0000E+00  1.8371E+00  4.2815E+00  3.6270E+01 -1.6008E-01  1.3640E-01  2.2521E+00 -1.0126E+00 -5.0675E-01  1.9710E+00  1.6561E+00  3.1485E-01 -8.7850E-01
  5.6000E+01  1.7200E+02  0.0000E+00  2.0230E+00  0.0000E+00  0.0000E+00  2.0000E+00  1.8371E+00  4.2815E+00  3.6270E+01 -1.6008E-01  1.3640E-01  1.8356E+00  8.2376E-01  1.1115E+00  2.0230E+00  1.6583E+00  3.6466E-01  1.4812E+00
  5.6000E+01  1.7600E+02  0.0000E+00  1.0920E+00  0.0000E+00  0.0000E+00  2.0000E+00  1.8371E+00  4.2815E+00  3.6270E+01 -1.6008E-01  1.3640E-01  1.1459E+00 -3.7056E-01 -3.1996E-01  1.0920E+00  1.3046E+00 -2.1263E-01 -6.5712E-02
  5.6000E+01  1.8000E+02  0.0000E+00  7.5500E-01  0.0000E+00  0.0000E+00  2.0000E+00  1.8371E+00  4.2815E+00  3.6270E+01 -1.6008E-01  1.3640E-01  7.1466E-01  4.1904E-01  3.4683E-01  7.5500E-01  1.0070E+00 -2.5203E-01  2.0116E-01
  5.6000E+01  1.9200E+02  0.0000E+00  1.9000E-01  0.0000E+00  0.0000E+00  2.0000E+00  1.8371E+00  4.2815E+00  3.6270E+01 -1.6008E-01  1.3640E-01  1.7334E-01  3.6127E-01  2.3002E-01  1.9000E-01  4.6262E-01 -2.7262E-01  2.6007E-01
  5.6000E+01  3.3600E+02  1.0000E+02  0.0000E+00  1.0000E+00  1.0000E+00  3.0000E+00  1.6544E+00  5.2480E+00  3.6270E+01  4.3471E-02  3.1668E-02  1.5488E-10 -3.7786E-09  0.0000E+00  0.0000E+00  4.0864E-05  0.0000E+00  0.0000E+00
  5.6000E+01  3.3650E+02  0.0000E+00  1.5030E+00  0.0000E+00  0.0000E+00  3.0000E+00  1.6544E+00  5.2480E+00  3.6270E+01  4.3471E-02  3.1668E-02  1.4893E+00  7.3486E-02  3.7791E-01  1.5030E+00  8.2426E-01  6.7874E-01  5.6746E-01
  5.6000E+01  3.3700E+02  0.0000E+00  2.1990E+00  0.0000E+00  0.0000E+00  3.0000E+00  1.6544E+00  5.2480E+00  3.6270E+01  4.3471E-02  3.1668E-02  2.0366E+00  6.4533E-01  1.0523E+00  2.1990E+00  1.2860E+00  9.1299E-01  1.3136E+00
  5.6000E+01  3.3800E+02  0.0000E+00  2.1100E+00  0.0000E+00  0.0000E+00  3.0000E+00  1.6544E+00  5.2480E+00  3.6270E+01  4.3471E-02  3.1668E-02  2.1517E+00 -1.5703E-01  9.6939E-02  2.1100E+00  1.6561E+00  4.5385E-01  1.6644E-02
  5.6000E+01  3.4000E+02  0.0000E+00  1.7170E+00  0.0000E+00  0.0000E+00  3.0000E+00  1.6544E+00  5.2480E+00  3.6270E+01  4.3471E-02  3.1668E-02  1.6897E+00  1.3008E-01 -1.9251E-02  1.7170E+00  1.6583E+00  5.8658E-02  1.9478E-01
  5.6000E+01  3.4400E+02  0.0000E+00  1.2430E+00  0.0000E+00  0.0000E+00  3.0000E+00  1.6544E+00  5.2480E+00  3.6270E+01  4.3471E-02  3.1668E-02  9.4947E-01  2.3907E+00  1.7613E+00  1.2430E+00  1.3046E+00 -6.1632E-02  1.1672E+00
  5.6000E+01  3.4800E+02  0.0000E+00  4.2400E-01  0.0000E+00  0.0000E+00  3.0000E+00  1.6544E+00  5.2480E+00  3.6270E+01  4.3471E-02  3.1668E-02  5.3226E-01 -1.4107E+00 -2.1477E+00  4.2400E-01  1.0070E+00 -5.8303E-01 -1.5944E+00
  5.6000E+01  3.6000E+02  0.0000E+00  3.2000E-02  0.0000E+00  0.0000E+00  3.0000E+00  1.6544E+00  5.2480E+00  3.6270E+01  4.3471E-02  3.1668E-02  9.3767E-02 -1.4516E+00 -1.7824E+00  3.2000E-02  4.6262E-01 -4.3062E-01 -5.0028E-01
  5.7000E+01  0.0000E+00  1.0000E+02  0.0000E+00  1.0000E+00  1.0000E+00  1.0000E+00  2.0939E+00  6.9828E+00  5.4133E+01  1.7162E-01  6.2581E-02  0.0000E+00  0.0000E+00  0.0000E+00  0.0000E+00  0.0000E+00  0.0000E+00  0.0000E+00
  5.7000E+01  5.0000E-01  0.0000E+00  1.2020E+00  0.0000E+00  0.0000E+00  1.0000E+00  2.0939E+00  6.9828E+00  5.4133E+01  1.7162E-01  6.2581E-02  1.1547E+00  3.2299E-01  7.1611E-01  1.2020E+00  8.2422E-01  3.7778E-01  1.0212E+00
  5.7000E+01  1.0000E+00  0.0000E+00  1.4100E+00  0.0000E+00  0.0000E+00  1.0000E+00  2.0939E+00  6.9828E+00  5.4133E+01  1.7162E-01  6.2581E-02  1.4878E+00 -4.1852E-01 -4.7050E-01  1.4100E+00  1.2860E+00  1.2403E-01 -5.1638E-01
  5.7000E+01  2.0000E+00  0.0000E+00  1.7460E+00  0.0000E+00  0.0000E+00  1.0000E+00  2.0939E+00  6.9828E+00  5.4133E+01  1.7162E-01  6.2581E-02  1.4911E+00  1.3683E+00  7.8467E-01  1.7460E+00  1.6561E+00  8.9888E-02  5.9482E-01
  5.7000E+01  4.0000E+00  0.0000E+00  1.1260E+00  0.0000E+00  0.0000E+00  1.0000E+00  2.0939E+00  6.9828E+00  5.4133E+01  1.7162E-01  6.2581E-02  1.1746E+00 -3.2653E-01 -1.0784E+00  1.1260E+00  1.6583E+00 -5.3231E-01 -8.8470E-01
  5.7000E+01  8.0000E+00  0.0000E+00  6.7100E-01  0.0000E+00  0.0000E+00  1.0000E+00  2.0939E+00  6.9828E+00  5.4133E+01  1.7162E-01  6.2581E-02  7.0143E-01 -3.2091E-01 -9.8648E-01  6.7100E-01  1.3046E+00 -6.3361E-01 -9.4573E-01
  5.7000E+01  1.2000E+01  0.0000E+00  3.7900E-01  0.0000E+00  0.0000E+00  1.0000E+00  2.0939E+00  6.9828E+00  5.4133E+01  1.7162E-01  6.2581E-02  4.1869E-01 -6.0640E-01 -1.1221E+00  3.7900E-01  1.0070E+00 -6.2801E-01 -1.1028E+00
  5.7000E+01  2.4000E+01  0.0000E+00  1.1300E-01  0.0000E+00  0.0000E+00  1.0000E+00  2.0939E+00  6.9828E+00  5.4133E+01  1.7162E-01  6.2581E-02  8.9051E-02  5.6483E-01  3.9013E-01  1.1300E-01  4.6261E-01 -3.4961E-01  1.1071E-01
  5.7000E+01  1.6800E+02  1.0000E+02  0.0000E+00  1.0000E+00  1.0000E+00  2.0000E+00  2.0487E+00  4.9455E+00  5.4133E+01 -1.7335E-01  4.0731E-02  1.7226E-07 -4.2026E-06  0.0000E+00  0.0000E+00  4.0863E-05  0.0000E+00  0.0000E+00
  5.7000E+01  1.6850E+02  0.0000E+00  1.2720E+00  0.0000E+00  0.0000E+00  2.0000E+00  2.0487E+00  4.9455E+00  5.4133E+01 -1.7335E-01  4.0731E-02  1.1530E+00  8.1285E-01  1.3186E+00  1.2720E+00  8.2426E-01  4.4774E-01  2.1316E+00
  5.7000E+01  1.6900E+02  0.0000E+00  1.2510E+00  0.0000E+00  0.0000E+00  2.0000E+00  2.0487E+00  4.9455E+00  5.4133E+01 -1.7335E-01  4.0731E-02  1.5155E+00 -1.3977E+00 -1.2892E+00  1.2510E+00  1.2860E+00 -3.5006E-02 -1.0957E+00
  5.7000E+01  1.7000E+02  0.0000E+00  1.3620E+00  0.0000E+00  0.0000E+00  2.0000E+00  2.0487E+00  4.9455E+00  5.4133E+01 -1.7335E-01  4.0731E-02  1.5785E+00 -1.1006E+00 -1.4053E+00  1.3620E+00  1.6561E+00 -2.9415E-01 -1.1078E+00
  5.7000E+01  1.7200E+02  0.0000E+00  1.2020E+00  0.0000E+00  0.0000E+00  2.0000E+00  2.0487E+00  4.9455E+00  5.4133E+01 -1.7335E-01  4.0731E-02  1.3411E+00 -8.2556E-01 -1.0742E+00  1.2020E+00  1.6583E+00 -4.5634E-01 -6.8361E-01
  5.7000E+01  1.7600E+02  0.0000E+00  9.1400E-01  0.0000E+00  0.0000E+00  2.0000E+00  2.0487E+00  4.9455E+00  5.4133E+01 -1.7335E-01  4.0731E-02  9.3098E-01 -1.4071E-01 -7.4530E-03  9.1400E-01  1.3046E+00 -3.9063E-01  1.5222E-02
  5.7000E+01  1.8000E+02  0.0000E+00  6.0100E-01  0.0000E+00  0.0000E+00  2.0000E+00  2.0487E+00  4.9455E+00  5.4133E+01 -1.7335E-01  4.0731E-02  6.4600E-01 -5.0691E-01 -9.9962E-02  6.0100E-01  1.0070E+00 -4.0603E-01 -2.2930E-01
  5.7000E+01  1.9200E+02  0.0000E+00  2.8900E-01  0.0000E+00  0.0000E+00  2.0000E+00  2.0487E+00  4.9455E+00  5.4133E+01 -1.7335E-01  4.0731E-02  2.1583E-01  1.5023E+00  2.0599E+00  2.8900E-01  4.6262E-01 -1.7362E-01  9.2259E-01
  5.7000E+01  3.3600E+02  1.0000E+02  0.0000E+00  1.0000E+00  1.0000E+00  3.0000E+00  2.5070E+00  6.2479E+00  5.4133E+01  6.0406E-02  2.4261E-01  1.3064E-08 -3.1872E-07  0.0000E+00  0.0000E+00  4.0864E-05  0.0000E+00  0.0000E+00
  5.7000E+01  3.3650E+02  0.0000E+00  1.3460E+00  0.0000E+00  0.0000E+00  3.0000E+00  2.5070E+00  6.2479E+00  5.4133E+01  6.0406E-02  2.4261E-01  1.2750E+00  4.4173E-01  1.0450E+00  1.3460E+00  8.2426E-01  5.2174E-01  1.3302E+00
  5.7000E+01  3.3700E+02  0.0000E+00  1.6950E+00  0.0000E+00  0.0000E+00  3.0000E+00  2.5070E+00  6.2479E+00  5.4133E+01  6.0406E-02  2.4261E-01  1.5675E+00  6.5228E-01  6.2945E-01  1.6950E+00  1.2860E+00  4.0899E-01  4.9206E-01
  5.7000E+01  3.3800E+02  0.0000E+00  1.8200E+00  0.0000E+00  0.0000E+00  3.0000E+00  2.5070E+00  6.2479E+00  5.4133E+01  6.0406E-02  2.4261E-01  1.5244E+00  1.5532E+00  9.9460E-01  1.8200E+00  1.6561E+00  1.6385E-01  6.1026E-01
  5.7000E+01  3.4000E+02  0.0000E+00  1.1830E+00  0.0000E+00  0.0000E+00  3.0000E+00  2.5070E+00  6.2479E+00  5.4133E+01  6.0406E-02  2.4261E-01  1.2203E+00 -2.4198E-01 -8.5630E-01  1.1830E+00  1.6583E+00 -4.7534E-01 -6.9382E-01
  5.7000E+01  3.4400E+02  0.0000E+00  7.6400E-01  0.0000E+00  0.0000E+00  3.0000E+00  2.5070E+00  6.2479E+00  5.4133E+01  6.0406E-02  2.4261E-01  7.6915E-01 -5.0292E-02 -5.2522E-01  7.6400E-01  1.3046E+00 -5.4063E-01 -4.7133E-01
  5.7000E+01  3.4800E+02  0.0000E+00  4.5400E-01  0.0000E+00  0.0000E+00  3.0000E+00  2.5070E+00  6.2479E+00  5.4133E+01  6.0406E-02  2.4261E-01  4.8474E-01 -4.2745E-01 -7.6447E-01  4.5400E-01  1.0070E+00 -5.5303E-01 -7.1668E-01
  5.7000E+01  3.6000E+02  0.0000E+00  1.3400E-01  0.0000E+00  0.0000E+00  3.0000E+00  2.5070E+00  6.2479E+00  5.4133E+01  6.0406E-02  2.4261E-01  1.2134E-01  2.9053E-01  1.8883E-01  1.3400E-01  4.6262E-01 -3.2862E-01  3.6662E-03
  5.8000E+01  0.0000E+00  1.0000E+02  0.0000E+00  1.0000E+00  1.0000E+00  1.0000E+00  6.9448E-01  6.0659E+00  4.8318E+01  7.4668E-02 -1.0875E-01  0.0000E+00  0.0000E+00  0.0000E+00  0.0000E+00  0.0000E+00  0.0000E+00  0.0000E+00
  5.8000E+01  5.0000E-01  0.0000E+00  5.4400E-01  0.0000E+00  0.0000E+00  1.0000E+00  6.9448E-01  6.0659E+00  4.8318E+01  7.4668E-02 -1.0875E-01  5.8742E-01 -5.2633E-01 -8.1096E-01  5.4400E-01  8.2422E-01 -2.8022E-01 -6.7045E-01
  5.8000E+01  1.0000E+00  0.0000E+00  1.1180E+00  0.0000E+00  0.0000E+00  1.0000E+00  6.9448E-01  6.0659E+00  4.8318E+01  7.4668E-02 -1.0875E-01  9.6678E-01  1.2120E+00  8.5171E-01  1.1180E+00  1.2860E+00 -1.6797E-01  5.2351E-01
  5.8000E+01  2.0000E+00  0.0000E+00  1.1140E+00  0.0000E+00  0.0000E+00  1.0000E+00  6.9448E-01  6.0659E+00  4.8318E+01  7.4668E-02 -1.0875E-01  1.3355E+00 -1.3193E+00 -1.6518E+00  1.1140E+00  1.6561E+00 -5.4211E-01 -1.3496E+00
  5.8000E+01  4.0000E+00  0.0000E+00  1.2960E+00  0.0000E+00  0.0000E+00  1.0000E+00  6.9448E-01  6.0659E+00  4.8318E+01  7.4668E-02 -1.0875E-01  1.3719E+00 -4.4087E-01 -6.7612E-01  1.2960E+00  1.6583E+00 -3.6231E-01 -5.3961E-01
  5.8000E+01  8.0000E+00  0.0000E+00  8.1900E-01  0.0000E+00  0.0000E+00  1.0000E+00  6.9448E-01  6.0659E+00  4.8318E+01  7.4668E-02 -1.0875E-01  9.1559E-01 -8.1241E-01 -1.1229E+00  8.1900E-01  1.3046E+00 -4.8561E-01 -9.8673E-01
  5.8000E+01  1.2000E+01  0.0000E+00  5.9300E-01  0.0000E+00  0.0000E+00  1.0000E+00  6.9448E-01  6.0659E+00  4.8318E+01  7.4668E-02 -1.0875E-01  5.5943E-01  4.2188E-01  2.1600E-02  5.9300E-01  1.0070E+00 -4.1401E-01 -3.8111E-01
  5.8000E+01  2.4000E+01  0.0000E+00  1.3800E-01  0.0000E+00  0.0000E+00  1.0000E+00  6.9448E-01  6.0659E+00  4.8318E+01  7.4668E-02 -1.0875E-01  1.2415E-01  3.1694E-01  5.0519E-02  1.3800E-01  4.6261E-01 -3.2461E-01  1.1203E-01
  5.8000E+01  1.6800E+02  1.0000E+02  0.0000E+00  1.0000E+00  1.0000E+00  2.0000E+00  8.6668E-01  4.5749E+00  4.8318E+01 -2.0744E-01  1.1276E-01  1.4883E-07 -3.6310E-06  0.0000E+00  0.0000E+00  4.0863E-05  0.0000E+00  0.0000E+00
  5.8000E+01  1.6850E+02  0.0000E+00  6.9100E-01  0.0000E+00  0.0000E+00  2.0000E+00  8.6668E-01  4.5749E+00  4.8318E+01 -2.0744E-01  1.1276E-01  7.0964E-01 -1.9468E-01 -3.5900E-01  6.9100E-01  8.2426E-01 -1.3326E-01 -3.0160E-01
  5.8000E+01  1.6900E+02  0.0000E+00  1.1410E+00  0.0000E+00  0.0000E+00  2.0000E+00  8.6668E-01  4.5749E+00  4.8318E+01 -2.0744E-01  1.1276E-01  1.1369E+00  2.8323E-02 -9.3883E-02  1.1410E+00  1.2860E+00 -1.4501E-01 -8.2708E-03
  5.8000E+01  1.7000E+02  0.0000E+00  1.7150E+00  0.0000E+00  0.0000E+00  2.0000E+00  8.6668E-01  4.5749E+00  4.8318E+01 -2.0744E-01  1.1276E-01  1.5121E+00  1.0746E+00  1.0671E+00  1.7150E+00  1.6561E+00  5.8852E-02  1.1147E+00
  5.8000E+01  1.7200E+02  0.0000E+00  1.6960E+00  0.0000E+00  0.0000E+00  2.0000E+00  8.6668E-01  4.5749E+00  4.8318E+01 -2.0744E-01  1.1276E-01  1.5184E+00  9.3684E-01  1.0637E+00  1.6960E+00  1.6583E+00  3.7658E-02  1.1515E+00
  5.8000E+01  1.7600E+02  0.0000E+00  9.8900E-01  0.0000E+00  0.0000E+00  2.0000E+00  8.6668E-01  4.5749E+00  4.8318E+01 -2.0744E-01  1.1276E-01  1.0871E+00 -7.0725E-01 -5.4753E-01  9.8900E-01  1.3046E+00 -3.1563E-01 -3.8476E-01
  5.8000E+01  1.8000E+02  0.0000E+00  7.9500E-01  0.0000E+00  0.0000E+00  2.0000E+00  8.6668E-01  4.5749E+00  4.8318E+01 -2.0744E-01  1.1276E-01  7.4585E-01  4.9283E-01  6.2578E-01  7.9500E-01  1.0070E+00 -2.1203E-01  4.0235E-01
  5.8000E+01  1.9200E+02  0.0000E+00  2.6300E-01  0.0000E+00  0.0000E+00  2.0000E+00  8.6668E-01  4.5749E+00  4.8318E+01 -2.0744E-01  1.1276E-01  2.3947E-01  4.6758E-01  5.1228E-01  2.6300E-01  4.6262E-01 -1.9962E-01  3.1149E-01
  5.8000E+01  3.3600E+02  1.0000E+02  0.0000E+00  1.0000E+00  1.0000E+00  3.0000E+00  6.5295E-01  6.7893E+00  4.8318E+01  1.8733E-01 -1.7042E-01  3.9069E-10 -9.5318E-09  0.0000E+00  0.0000E+00  4.0864E-05  0.0000E+00  0.0000E+00
  5.8000E+01  3.3650E+02  0.0000E+00  5.6100E-01  0.0000E+00  0.0000E+00  3.0000E+00  6.5295E-01  6.7893E+00  4.8318E+01  1.8733E-01 -1.7042E-01  5.5562E-01  6.7957E-02 -4.0075E-01  5.6100E-01  8.2426E-01 -2.6326E-01 -3.3032E-01
  5.8000E+01  3.3700E+02  0.0000E+00  8.7500E-01  0.0000E+00  0.0000E+00  3.0000E+00  6.5295E-01  6.7893E+00  4.8318E+01  1.8733E-01 -1.7042E-01  9.1878E-01 -3.6713E-01 -9.5247E-01  8.7500E-01  1.2860E+00 -4.1101E-01 -7.5840E-01
  5.8000E+01  3.3800E+02  0.0000E+00  1.3330E+00  0.0000E+00  0.0000E+00  3.0000E+00  6.5295E-01  6.7893E+00  4.8318E+01  1.8733E-01 -1.7042E-01  1.2766E+00  3.5063E-01 -2.3755E-01  1.3330E+00  1.6561E+00 -3.2315E-01 -2.2223E-01
  5.8000E+01  3.4000E+02  0.0000E+00  1.3340E+00  0.0000E+00  0.0000E+00  3.0000E+00  6.5295E-01  6.7893E+00  4.8318E+01  1.8733E-01 -1.7042E-01  1.3097E+00  1.4749E-01 -3.8287E-01  1.3340E+00  1.6583E+00 -3.2434E-01 -2.8997E-01
  5.8000E+01  3.4400E+02  0.0000E+00  8.3400E-01  0.0000E+00  0.0000E+00  3.0000E+00  6.5295E-01  6.7893E+00  4.8318E+01  1.8733E-01 -1.7042E-01  8.4271E-01 -7.8754E-02 -8.0483E-01  8.3400E-01  1.3046E+00 -4.7063E-01 -7.5455E-01
  5.8000E+01  3.4800E+02  0.0000E+00  5.4500E-01  0.0000E+00  0.0000E+00  3.0000E+00  6.5295E-01  6.7893E+00  4.8318E+01  1.8733E-01 -1.7042E-01  4.8743E-01  7.9750E-01 -8.3863E-02  5.4500E-01  1.0070E+00 -4.6203E-01 -4.8016E-01
  5.8000E+01  3.6000E+02  0.0000E+00  1.0000E-02  0.0000E+00  0.0000E+00  3.0000E+00  6.5295E-01  6.7893E+00  4.8318E+01  1.8733E-01 -1.7042E-01  9.0481E-02 -1.8961E+00 -2.3801E+00  1.0000E-02  4.6262E-01 -4.5262E-01 -9.3926E-01
  5.9000E+01  0.0000E+00  1.0000E+02  0.0000E+00  1.0000E+00  1.0000E+00  1.0000E+00  3.7464E-01  4.1791E+00  6.3748E+01 -3.6160E-02 -4.2751E-01  0.0000E+00  0.0000E+00  0.0000E+00  0.0000E+00  0.0000E+00  0.0000E+00  0.0000E+00
  5.9000E+01  5.0000E-01  0.0000E+00  2.0000E-01  0.0000E+00  0.0000E+00  1.0000E+00  3.7464E-01  4.1791E+00  6.3748E+01 -3.6160E-02 -4.2751E-01  2.6348E-01 -1.2192E+00 -1.8532E+00  2.0000E-01  8.2422E-01 -6.2422E-01 -7.8910E-01
  5.9000E+01  1.0000E+00  0.0000E+00  4.9800E-01  0.0000E+00  0.0000E+00  1.0000E+00  3.7464E-01  4.1791E+00  6.3748E+01 -3.6160E-02 -4.2751E-01  4.7346E-01  3.4661E-01 -6.2405E-01  4.9800E-01  1.2860E+00 -7.8797E-01 -7.0848E-01
  5.9000E+01  2.0000E+00  0.0000E+00  8.0300E-01  0.0000E+00  0.0000E+00  1.0000E+00  3.7464E-01  4.1791E+00  6.3748E+01 -3.6160E-02 -4.2751E-01  7.6895E-01  3.3288E-01 -8.6331E-01  8.0300E-01  1.6561E+00 -8.5311E-01 -1.1597E+00
  5.9000E+01  4.0000E+00  0.0000E+00  9.9200E-01  0.0000E+00  0.0000E+00  1.0000E+00  3.7464E-01  4.1791E+00  6.3748E+01 -3.6160E-02 -4.2751E-01  1.0379E+00 -3.4546E-01 -1.3537E+00  9.9200E-01  1.6583E+00 -6.6631E-01 -1.2329E+00
  5.9000E+01  8.0000E+00  0.0000E+00  1.0310E+00  0.0000E+00  0.0000E+00  1.0000E+00  3.7464E-01  4.1791E+00  6.3748E+01 -3.6160E-02 -4.2751E-01  1.0305E+00  4.0878E-03 -3.3440E-01  1.0310E+00  1.3046E+00 -2.7361E-01 -6.2327E-04
  5.9000E+01  1.2000E+01  0.0000E+00  7.0300E-01  0.0000E+00  0.0000E+00  1.0000E+00  3.7464E-01  4.1791E+00  6.3748E+01 -3.6160E-02 -4.2751E-01  8.4460E-01 -1.2778E+00 -1.2296E+00  7.0300E-01  1.0070E+00 -3.0401E-01 -6.9458E-01
  5.9000E+01  2.4000E+01  0.0000E+00  4.5000E-01  0.0000E+00  0.0000E+00  1.0000E+00  3.7464E-01  4.1791E+00  6.3748E+01 -3.6160E-02 -4.2751E-01  3.9401E-01  8.8673E-01  1.2093E+00  4.5000E-01  4.6261E-01 -1.2610E-02  8.7646E-01
  5.9000E+01  1.6800E+02  1.0000E+02  0.0000E+00  1.0000E+00  1.0000E+00  2.0000E+00  5.9334E-01  4.7731E+00  6.3748E+01  9.6743E-02  3.2303E-02  8.1879E-06 -1.9976E-04  0.0000E+00  0.0000E+00  4.0863E-05  0.0000E+00  0.0000E+00
  5.9000E+01  1.6850E+02  0.0000E+00  4.0800E-01  0.0000E+00  0.0000E+00  2.0000E+00  5.9334E-01  4.7731E+00  6.3748E+01  9.6743E-02  3.2303E-02  3.9490E-01  2.0725E-01 -7.3886E-02  4.0800E-01  8.2426E-01 -4.1626E-01 -3.5720E-02
  5.9000E+01  1.6900E+02  0.0000E+00  7.0800E-01  0.0000E+00  0.0000E+00  2.0000E+00  5.9334E-01  4.7731E+00  6.3748E+01  9.6743E-02  3.2303E-02  6.7390E-01  3.7141E-01 -6.1752E-02  7.0800E-01  1.2860E+00 -5.7801E-01 -1.9925E-01
  5.9000E+01  1.7000E+02  0.0000E+00  9.0900E-01  0.0000E+00  0.0000E+00  2.0000E+00  5.9334E-01  4.7731E+00  6.3748E+01  9.6743E-02  3.2303E-02  9.9760E-01 -6.9044E-01 -1.2464E+00  9.0900E-01  1.6561E+00 -7.4715E-01 -9.8671E-01
  5.9000E+01  1.7200E+02  0.0000E+00  1.2710E+00  0.0000E+00  0.0000E+00  2.0000E+00  5.9334E-01  4.7731E+00  6.3748E+01  9.6743E-02  3.2303E-02  1.1634E+00  7.2925E-01  1.8240E-01  1.2710E+00  1.6583E+00 -3.8734E-01  1.1323E-01
  5.9000E+01  1.7600E+02  0.0000E+00  1.0370E+00  0.0000E+00  0.0000E+00  2.0000E+00  5.9334E-01  4.7731E+00  6.3748E+01  9.6743E-02  3.2303E-02  9.7065E-01  5.2989E-01  6.2438E-02  1.0370E+00  1.3046E+00 -2.6763E-01  2.2110E-01
  5.9000E+01  1.8000E+02  0.0000E+00  7.5700E-01  0.0000E+00  0.0000E+00  2.0000E+00  5.9334E-01  4.7731E+00  6.3748E+01  9.6743E-02  3.2303E-02  7.2953E-01  2.8053E-01 -1.6142E-01  7.5700E-01  1.0070E+00 -2.5003E-01 -4.0520E-02
  5.9000E+01  1.9200E+02  0.0000E+00  2.6200E-01  0.0000E+00  0.0000E+00  2.0000E+00  5.9334E-01  4.7731E+00  6.3748E+01  9.6743E-02  3.2303E-02  2.9764E-01 -6.5108E-01 -9.9557E-01  2.6200E-01  4.6262E-01 -2.0062E-01 -9.5179E-01
  5.9000E+01  3.3600E+02  1.0000E+02  0.0000E+00  1.0000E+00  1.0000E+00  3.0000E+00  6.1293E-01  4.2022E+00  6.3748E+01 -3.0653E-02  6.4784E-02  2.2450E-05 -5.4772E-04  0.0000E+00  0.0000E+00  4.0864E-05  0.0000E+00  0.0000E+00
  5.9000E+01  3.3650E+02  0.0000E+00  4.5900E-01  0.0000E+00  0.0000E+00  3.0000E+00  6.1293E-01  4.2022E+00  6.3748E+01 -3.0653E-02  6.4784E-02  4.0699E-01  8.0815E-01  6.1595E-01  4.5900E-01  8.2426E-01 -3.6526E-01  2.9622E-01
  5.9000E+01  3.3700E+02  0.0000E+00  6.9700E-01  0.0000E+00  0.0000E+00  3.0000E+00  6.1293E-01  4.2022E+00  6.3748E+01 -3.0653E-02  6.4784E-02  6.9335E-01  3.8884E-02 -2.8242E-01  6.9700E-01  1.2860E+00 -5.8901E-01 -3.4515E-01
  5.9000E+01  3.3800E+02  0.0000E+00  9.2100E-01  0.0000E+00  0.0000E+00  3.0000E+00  6.1293E-01  4.2022E+00  6.3748E+01 -3.0653E-02  6.4784E-02  1.0247E+00 -7.8907E-01 -1.2244E+00  9.2100E-01  1.6561E+00 -7.3515E-01 -9.8843E-01
  5.9000E+01  3.4000E+02  0.0000E+00  1.2320E+00  0.0000E+00  0.0000E+00  3.0000E+00  6.1293E-01  4.2022E+00  6.3748E+01 -3.0653E-02  6.4784E-02  1.1989E+00  2.1794E-01 -1.9687E-01  1.2320E+00  1.6583E+00 -4.2634E-01 -1.3814E-01
  5.9000E+01  3.4400E+02  0.0000E+00  1.0430E+00  0.0000E+00  0.0000E+00  3.0000E+00  6.1293E-01  4.2022E+00  6.3748E+01 -3.0653E-02  6.4784E-02  1.0243E+00  1.4217E-01 -1.2300E-01  1.0430E+00  1.3046E+00 -2.6163E-01  1.0767E-01
  5.9000E+01  3.4800E+02  0.0000E+00  7.9600E-01  0.0000E+00  0.0000E+00  3.0000E+00  6.1293E-01  4.2022E+00  6.3748E+01 -3.0653E-02  6.4784E-02  7.9580E-01  1.8975E-03 -1.5790E-01  7.9600E-01  1.0070E+00 -2.1103E-01 -7.9224E-03
  5.9000E+01  3.6000E+02  0.0000E+00  3.7800E-01  0.0000E+00  0.0000E+00  3.0000E+00  6.1293E-01  4.2022E+00  6.3748E+01 -3.0653E-02  6.4784E-02  3.6131E-01  2.7746E-01  2.7453E-01  3.7800E-01  4.6262E-01 -8.4618E-02 -3.6733E-02
  6.0000E+01  0.0000E+00  1.0000E+02  0.0000E+00  1.0000E+00  1.0000E+00  1.0000E+00  1.5430E+00  3.4007E+00  3.7321E+01 -1.6556E-01 -1.5349E-01  0.0000E+00  0.0000E+00  0.0000E+00  0.0000E+00  0.0000E+00  0.0000E+00  0.0000E+00
  6.0000E+01  5.0000E-01  0.0000E+00  1.1280E+00  0.0000E+00  0.0000E+00  1.0000E+00  1.5430E+00  3.4007E+00  3.7321E+01 -1.6556E-01 -1.5349E-01  1.4043E+00 -1.5695E+00 -1.2813E+00  1.1280E+00  8.2422E-01  3.0378E-01 -2.2818E+00
  6.0000E+01  1.0000E+00  0.0000E+00  2.2660E+00  0.0000E+00  0.0000E+00  1.0000E+00  1.5430E+00  3.4007E+00  3.7321E+01 -1.6556E-01 -1.5349E-01  1.9909E+00  1.1176E+00  1.4789E+00  2.2660E+00  1.2860E+00  9.8003E-01  1.7981E+00
  6.0000E+01  2.0000E+00  0.0000E+00  2.7300E+00  0.0000E+00  0.0000E+00  1.0000E+00  1.5430E+00  3.4007E+00  3.7321E+01 -1.6556E-01 -1.5349E-01  2.2431E+00  1.7611E+00  2.1096E+00  2.7300E+00  1.6561E+00  1.0739E+00  2.6893E+00
  6.0000E+01  4.0000E+00  0.0000E+00  1.9650E+00  0.0000E+00  0.0000E+00  1.0000E+00  1.5430E+00  3.4007E+00  3.7321E+01 -1.6556E-01 -1.5349E-01  1.9719E+00 -2.8229E-02  2.5302E-01  1.9650E+00  1.6583E+00  3.0669E-01  6.6100E-01
  6.0000E+01  8.0000E+00  0.0000E+00  1.2740E+00  0.0000E+00  0.0000E+00  1.0000E+00  1.5430E+00  3.4007E+00  3.7321E+01 -1.6556E-01 -1.5349E-01  1.3737E+00 -5.7841E-01 -3.6632E-01  1.2740E+00  1.3046E+00 -3.0608E-02 -2.4309E-02
  6.0000E+01  1.2000E+01  0.0000E+00  1.0330E+00  0.0000E+00  0.0000E+00  1.0000E+00  1.5430E+00  3.4007E+00  3.7321E+01 -1.6556E-01 -1.5349E-01  9.5414E-01  6.3949E-01  8.1017E-01  1.0330E+00  1.0070E+00  2.5986E-02  8.3384E-01
  6.0000E+01  2.4000E+01  0.0000E+00  3.3400E-01  0.0000E+00  0.0000E+00  1.0000E+00  1.5430E+00  3.4007E+00  3.7321E+01 -1.6556E-01 -1.5349E-01  3.1970E-01  2.5276E-01  3.2827E-01  3.3400E-01  4.6261E-01 -1.2861E-01  1.3555E-02
  6.0000E+01  1.6800E+02  1.0000E+02  0.0000E+00  1.0000E+00  1.0000E+00  2.0000E+00  2.5889E+00  5.1695E+00  3.7321E+01  2.5325E-01  3.6402E-01  6.9562E-10 -1.6971E-08  0.0000E+00  0.0000E+00  4.0863E-05  0.0000E+00  0.0000E+00
  6.0000E+01  1.6850E+02  0.0000E+00  2.1810E+00  0.0000E+00  0.0000E+00  2.0000E+00  2.5889E+00  5.1695E+00  3.7321E+01  2.5325E-01  3.6402E-01  1.8657E+00  1.3647E+00  2.5253E+00  2.1810E+00  8.2426E-01  1.3567E+00  5.0938E+00
  6.0000E+01  1.6900E+02  0.0000E+00  1.8320E+00  0.0000E+00  0.0000E+00  2.0000E+00  2.5889E+00  5.1695E+00  3.7321E+01  2.5325E-01  3.6402E-01  2.2521E+00 -1.5135E+00 -9.2571E-01  1.8320E+00  1.2860E+00  5.4599E-01 -1.8258E+00
  6.0000E+01  1.7000E+02  0.0000E+00  2.2550E+00  0.0000E+00  0.0000E+00  2.0000E+00  2.5889E+00  5.1695E+00  3.7321E+01  2.5325E-01  3.6402E-01  2.1299E+00  4.7579E-01  3.9725E-01  2.2550E+00  1.6561E+00  5.9885E-01  6.6901E-02
  6.0000E+01  1.7200E+02  0.0000E+00  1.5360E+00  0.0000E+00  0.0000E+00  2.0000E+00  2.5889E+00  5.1695E+00  3.7321E+01  2.5325E-01  3.6402E-01  1.6266E+00 -4.4740E-01 -9.7213E-01  1.5360E+00  1.6583E+00 -1.2234E-01 -1.0685E+00
  6.0000E+01  1.7600E+02  0.0000E+00  1.0910E+00  0.0000E+00  0.0000E+00  2.0000E+00  2.5889E+00  5.1695E+00  3.7321E+01  2.5325E-01  3.6402E-01  9.3471E-01  1.2907E+00  4.2927E-01  1.0910E+00  1.3046E+00 -2.1363E-01 -1.3485E-01
  6.0000E+01  1.8000E+02  0.0000E+00  3.9700E-01  0.0000E+00  0.0000E+00  2.0000E+00  2.5889E+00  5.1695E+00  3.7321E+01  2.5325E-01  3.6402E-01  5.3710E-01 -1.8138E+00 -2.6627E+00  3.9700E-01  1.0070E+00 -6.1003E-01 -2.2666E+00
  6.0000E+01  1.9200E+02  0.0000E+00  1.0700E-01  0.0000E+00  0.0000E+00  2.0000E+00  2.5889E+00  5.1695E+00  3.7321E+01  2.5325E-01  3.6402E-01  1.0190E-01  1.1898E-01 -2.2564E-01  1.0700E-01  4.6262E-01 -3.5562E-01 -1.2954E-01
  6.0000E+01  3.3600E+02  1.0000E+02  0.0000E+00  1.0000E+00  1.0000E+00  3.0000E+00  1.9612E+00  3.7605E+00  3.7321E+01 -6.4981E-02  8.6341E-02  5.0920E-08 -1.2423E-06  0.0000E+00  0.0000E+00  4.0864E-05  0.0000E+00  0.0000E+00
  6.0000E+01  3.3650E+02  0.0000E+00  1.7850E+00  0.0000E+00  0.0000E+00  3.0000E+00  1.9612E+00  3.7605E+00  3.7321E+01 -6.4981E-02  8.6341E-02  1.6263E+00  7.8391E-01  1.5238E+00  1.7850E+00  8.2426E-01  9.6074E-01  2.7471E+00
  6.0000E+01  3.3700E+02  0.0000E+00  1.8310E+00  0.0000E+00  0.0000E+00  3.0000E+00  1.9612E+00  3.7605E+00  3.7321E+01 -6.4981E-02  8.6341E-02  2.1564E+00 -1.2232E+00 -5.9885E-01  1.8310E+00  1.2860E+00  5.4499E-01 -1.1337E+00
  6.0000E+01  3.3800E+02  0.0000E+00  2.3590E+00  0.0000E+00  0.0000E+00  3.0000E+00  1.9612E+00  3.7605E+00  3.7321E+01 -6.4981E-02  8.6341E-02  2.2531E+00  3.8130E-01  7.0957E-01  2.3590E+00  1.6561E+00  7.0285E-01  8.0408E-01
  6.0000E+01  3.4000E+02  0.0000E+00  1.6230E+00  0.0000E+00  0.0000E+00  3.0000E+00  1.9612E+00  3.7605E+00  3.7321E+01 -6.4981E-02  8.6341E-02  1.8865E+00 -1.1281E+00 -9.9314E-01  1.6230E+00  1.6583E+00 -3.5342E-02 -8.7284E-01
  6.0000E+01  3.4400E+02  0.0000E+00  1.2530E+00  0.0000E+00  0.0000E+00  3.0000E+00  1.9612E+00  3.7605E+00  3.7321E+01 -6.4981E-02  8.6341E-02  1.2615E+00 -5.3191E-02 -3.5559E-02  1.2530E+00  1.3046E+00 -5.1632E-02  1.5086E-01
  6.0000E+01  3.4800E+02  0.0000E+00  9.1500E-01  0.0000E+00  0.0000E+00  3.0000E+00  1.9612E+00  3.7605E+00  3.7321E+01 -6.4981E-02  8.6341E-02  8.4302E-01  6.5060E-01  6.1856E-01  9.1500E-01  1.0070E+00 -9.2033E-02  4.3828E-01
  6.0000E+01  3.6000E+02  0.0000E+00  2.6000E-01  0.0000E+00  0.0000E+00  3.0000E+00  1.9612E+00  3.7605E+00  3.7321E+01 -6.4981E-02  8.6341E-02  2.5161E-01  1.6386E-01  9.9776E-02  2.6000E-01  4.6262E-01 -2.0262E-01 -9.4722E-02
