TABLE NO.  2
 ID          KA          CL          V           ETA1        ETA2        ETA3
  1.0000E+00  9.4089E-01  3.3258E+00  5.7631E+01 -1.4508E-01  3.9850E-02  1.5127E-01
  1.0000E+00  9.4089E-01  3.3258E+00  5.7631E+01 -1.4508E-01  3.9850E-02  1.5127E-01
  1.0000E+00  9.4089E-01  3.3258E+00  5.7631E+01 -1.4508E-01  3.9850E-02  1.5127E-01
  1.0000E+00  9.4089E-01  3.3258E+00  5.7631E+01 -1.4508E-01  3.9850E-02  1.5127E-01
  1.0000E+00  9.4089E-01  3.3258E+00  5.7631E+01 -1.4508E-01  3.9850E-02  1.5127E-01
  1.0000E+00  9.4089E-01  3.3258E+00  5.7631E+01 -1.4508E-01  3.9850E-02  1.5127E-01
  1.0000E+00  9.4089E-01  3.3258E+00  5.7631E+01 -1.4508E-01  3.9850E-02  1.5127E-01
  1.0000E+00  9.4089E-01  3.3258E+00  5.7631E+01 -1.4508E-01  3.9850E-02  1.5127E-01
  1.0000E+00  9.4089E-01  3.3258E+00  5.7631E+01 -1.4508E-01  3.9850E-02  1.5127E-01
  1.0000E+00  9.4089E-01  3.3258E+00  5.7631E+01 -1.4508E-01  3.9850E-02  1.5127E-01
  1.0000E+00  9.4089E-01  3.3258E+00  5.7631E+01 -1.4508E-01  3.9850E-02  1.5127E-01
  1.0000E+00  9.4089E-01  3.3258E+00  5.7631E+01 -1.4508E-01  3.9850E-02  1.5127E-01
  1.0000E+00  9.4089E-01  3.3258E+00  5.7631E+01 -1.4508E-01  3.9850E-02  1.5127E-01
  1.0000E+00  9.4089E-01  3.3258E+00  5.7631E+01 -1.4508E-01  3.9850E-02  1.5127E-01
  1.0000E+00  9.4089E-01  3.3258E+00  5.7631E+01 -1.4508E-01  3.9850E-02  1.5127E-01
  1.0000E+00  9.4089E-01  3.3258E+00  5.7631E+01 -1.4508E-01  3.9850E-02  1.5127E-01
  1.0000E+00  9.4089E-01  3.3258E+00  5.7631E+01 -1.4508E-01  3.9850E-02  1.5127E-01
  1.0000E+00  9.4089E-01  3.3258E+00  5.7631E+01 -1.4508E-01  3.9850E-02  1.5127E-01
  1.0000E+00  9.4089E-01  3.3258E+00  5.7631E+01 -1.4508E-01  3.9850E-02  1.5127E-01
  1.0000E+00  9.4089E-01  3.3258E+00  5.7631E+01 -1.4508E-01  3.9850E-02  1.5127E-01
  1.0000E+00  9.4089E-01  3.3258E+00  5.7631E+01 -1.4508E-01  3.9850E-02  1.5127E-01
  1.0000E+00  9.4089E-01  3.3258E+00  5.7631E+01 -1.4508E-01  3.9850E-02  1.5127E-01
  1.0000E+00  9.4089E-01  3.3258E+00  5.7631E+01 -1.4508E-01  3.9850E-02  1.5127E-01
  1.0000E+00  9.4089E-01  3.3258E+00  5.7631E+01 -1.4508E-01  3.9850E-02  1.5127E-01
  2.0000E+00  9.0015E-01  5.1036E+00  5.2973E+01 -1.8934E-01  4.6810E-01  6.6990E-02
  2.0000E+00  9.0015E-01  5.1036E+00  5.2973E+01 -1.8934E-01  4.6810E-01  6.6990E-02
  2.0000E+00  9.0015E-01  5.1036E+00  5.2973E+01 -1.8934E-01  4.6810E-01  6.6990E-02
  2.0000E+00  9.0015E-01  5.1036E+00  5.2973E+01 -1.8934E-01  4.6810E-01  6.6990E-02
  2.0000E+00  9.0015E-01  5.1036E+00  5.2973E+01 -1.8934E-01  4.6810E-01  6.6990E-02
  2.0000E+00  9.0015E-01  5.1036E+00  5.2973E+01 -1.8934E-01  4.6810E-01  6.6990E-02
  2.0000E+00  9.0015E-01  5.1036E+00  5.2973E+01 -1.8934E-01  4.6810E-01  6.6990E-02
  2.0000E+00  9.0015E-01  5.1036E+00  5.2973E+01 -1.8934E-01  4.6810E-01  6.6990E-02
  2.0000E+00  9.0015E-01  5.1036E+00  5.2973E+01 -1.8934E-01  4.6810E-01  6.6990E-02
  2.0000E+00  9.0015E-01  5.1036E+00  5.2973E+01 -1.8934E-01  4.6810E-01  6.6990E-02
  2.0000E+00  9.0015E-01  5.1036E+00  5.2973E+01 -1.8934E-01  4.6810E-01  6.6990E-02
  2.0000E+00  9.0015E-01  5.1036E+00  5.2973E+01 -1.8934E-01  4.6810E-01  6.6990E-02
  2.0000E+00  9.0015E-01  5.1036E+00  5.2973E+01 -1.8934E-01  4.6810E-01  6.6990E-02
  2.0000E+00  9.0015E-01  5.1036E+00  5.2973E+01 -1.8934E-01  4.6810E-01  6.6990E-02
  2.0000E+00  9.0015E-01  5.1036E+00  5.2973E+01 -1.8934E-01  4.6810E-01  6.6990E-02
  2.0000E+00  9.0015E-01  5.1036E+00  5.2973E+01 -1.8934E-01  4.6810E-01  6.6990E-02
  2.0000E+00  9.0015E-01  5.1036E+00  5.2973E+01 -1.8934E-01  4.6810E-01  6.6990E-02
  2.0000E+00  9.0015E-01  5.1036E+00  5.2973E+01 -1.8934E-01  4.6810E-01  6.6990E-02
  2.0000E+00  9.0015E-01  5.1036E+00  5.2973E+01 -1.8934E-01  4.6810E-01  6.6990E-02
  2.0000E+00  9.0015E-01  5.1036E+00  5.2973E+01 -1.8934E-01  4.6810E-01  6.6990E-02
  2.0000E+00  9.0015E-01  5.1036E+00  5.2973E+01 -1.8934E-01  4.6810E-01  6.6990E-02
  2.0000E+00  9.0015E-01  5.1036E+00  5.2973E+01 -1.8934E-01  4.6810E-01  6.6990E-02
  2.0000E+00  9.0015E-01  5.1036E+00  5.2973E+01 -1.8934E-01  4.6810E-01  6.6990E-02
  2.0000E+00  9.0015E-01  5.1036E+00  5.2973E+01 -1.8934E-01  4.6810E-01  6.6990E-02
  3.0000E+00  1.3471E+00  3.0780E+00  5.3535E+01  2.1381E-01 -3.7580E-02  7.7559E-02
  3.0000E+00  1.3471E+00  3.0780E+00  5.3535E+01  2.1381E-01 -3.7580E-02  7.7559E-02
  3.0000E+00  1.3471E+00  3.0780E+00  5.3535E+01  2.1381E-01 -3.7580E-02  7.7559E-02
  3.0000E+00  1.3471E+00  3.0780E+00  5.3535E+01  2.1381E-01 -3.7580E-02  7.7559E-02
  3.0000E+00  1.3471E+00  3.0780E+00  5.3535E+01  2.1381E-01 -3.7580E-02  7.7559E-02
  3.0000E+00  1.3471E+00  3.0780E+00  5.3535E+01  2.1381E-01 -3.7580E-02  7.7559E-02
  3.0000E+00  1.3471E+00  3.0780E+00  5.3535E+01  2.1381E-01 -3.7580E-02  7.7559E-02
  3.0000E+00  1.3471E+00  3.0780E+00  5.3535E+01  2.1381E-01 -3.7580E-02  7.7559E-02
  3.0000E+00  1.3471E+00  3.0780E+00  5.3535E+01  2.1381E-01 -3.7580E-02  7.7559E-02
  3.0000E+00  1.3471E+00  3.0780E+00  5.3535E+01  2.1381E-01 -3.7580E-02  7.7559E-02
  3.0000E+00  1.3471E+00  3.0780E+00  5.3535E+01  2.1381E-01 -3.7580E-02  7.7559E-02
  3.0000E+00  1.3471E+00  3.0780E+00  5.3535E+01  2.1381E-01 -3.7580E-02  7.7559E-02
  3.0000E+00  1.3471E+00  3.0780E+00  5.3535E+01  2.1381E-01 -3.7580E-02  7.7559E-02
  3.0000E+00  1.3471E+00  3.0780E+00  5.3535E+01  2.1381E-01 -3.7580E-02  7.7559E-02
  3.0000E+00  1.3471E+00  3.0780E+00  5.3535E+01  2.1381E-01 -3.7580E-02  7.7559E-02
  3.0000E+00  1.3471E+00  3.0780E+00  5.3535E+01  2.1381E-01 -3.7580E-02  7.7559E-02
  3.0000E+00  1.3471E+00  3.0780E+00  5.3535E+01  2.1381E-01 -3.7580E-02  7.7559E-02
  3.0000E+00  1.3471E+00  3.0780E+00  5.3535E+01  2.1381E-01 -3.7580E-02  7.7559E-02
  3.0000E+00  1.3471E+00  3.0780E+00  5.3535E+01  2.1381E-01 -3.7580E-02  7.7559E-02
  3.0000E+00  1.3471E+00  3.0780E+00  5.3535E+01  2.1381E-01 -3.7580E-02  7.7559E-02
  3.0000E+00  1.3471E+00  3.0780E+00  5.3535E+01  2.1381E-01 -3.7580E-02  7.7559E-02
  3.0000E+00  1.3471E+00  3.0780E+00  5.3535E+01  2.1381E-01 -3.7580E-02  7.7559E-02
  3.0000E+00  1.3471E+00  3.0780E+00  5.3535E+01  2.1381E-01 -3.7580E-02  7.7559E-02
  3.0000E+00  1.3471E+00  3.0780E+00  5.3535E+01  2.1381E-01 -3.7580E-02  7.7559E-02
  4.0000E+00  1.4343E+00  5.4052E+00  4.8279E+01  2.7650E-01  5.2550E-01 -2.5783E-02
  4.0000E+00  1.4343E+00  5.4052E+00  4.8279E+01  2.7650E-01  5.2550E-01 -2.5783E-02
  4.0000E+00  1.4343E+00  5.4052E+00  4.8279E+01  2.7650E-01  5.2550E-01 -2.5783E-02
  4.0000E+00  1.4343E+00  5.4052E+00  4.8279E+01  2.7650E-01  5.2550E-01 -2.5783E-02
  4.0000E+00  1.4343E+00  5.4052E+00  4.8279E+01  2.7650E-01  5.2550E-01 -2.5783E-02
  4.0000E+00  1.4343E+00  5.4052E+00  4.8279E+01  2.7650E-01  5.2550E-01 -2.5783E-02
  4.0000E+00  1.4343E+00  5.4052E+00  4.8279E+01  2.7650E-01  5.2550E-01 -2.5783E-02
  4.0000E+00  1.4343E+00  5.4052E+00  4.8279E+01  2.7650E-01  5.2550E-01 -2.5783E-02
  4.0000E+00  1.4343E+00  5.4052E+00  4.8279E+01  2.7650E-01  5.2550E-01 -2.5783E-02
  4.0000E+00  1.4343E+00  5.4052E+00  4.8279E+01  2.7650E-01  5.2550E-01 -2.5783E-02
  4.0000E+00  1.4343E+00  5.4052E+00  4.8279E+01  2.7650E-01  5.2550E-01 -2.5783E-02
  4.0000E+00  1.4343E+00  5.4052E+00  4.8279E+01  2.7650E-01  5.2550E-01 -2.5783E-02
  4.0000E+00  1.4343E+00  5.4052E+00  4.8279E+01  2.7650E-01  5.2550E-01 -2.5783E-02
  4.0000E+00  1.4343E+00  5.4052E+00  4.8279E+01  2.7650E-01  5.2550E-01 -2.5783E-02
  4.0000E+00  1.4343E+00  5.4052E+00  4.8279E+01  2.7650E-01  5.2550E-01 -2.5783E-02
  4.0000E+00  1.4343E+00  5.4052E+00  4.8279E+01  2.7650E-01  5.2550E-01 -2.5783E-02
  4.0000E+00  1.4343E+00  5.4052E+00  4.8279E+01  2.7650E-01  5.2550E-01 -2.5783E-02
  4.0000E+00  1.4343E+00  5.4052E+00  4.8279E+01  2.7650E-01  5.2550E-01 -2.5783E-02
  4.0000E+00  1.4343E+00  5.4052E+00  4.8279E+01  2.7650E-01  5.2550E-01 -2.5783E-02
  4.0000E+00  1.4343E+00  5.4052E+00  4.8279E+01  2.7650E-01  5.2550E-01 -2.5783E-02
  4.0000E+00  1.4343E+00  5.4052E+00  4.8279E+01  2.7650E-01  5.2550E-01 -2.5783E-02
  4.0000E+00  1.4343E+00  5.4052E+00  4.8279E+01  2.7650E-01  5.2550E-01 -2.5783E-02
  4.0000E+00  1.4343E+00  5.4052E+00  4.8279E+01  2.7650E-01  5.2550E-01 -2.5783E-02
  4.0000E+00  1.4343E+00  5.4052E+00  4.8279E+01  2.7650E-01  5.2550E-01 -2.5783E-02
  5.0000E+00  1.1466E+00  2.1816E+00  4.3400E+01  5.2664E-02 -3.8179E-01 -1.3231E-01
  5.0000E+00  1.1466E+00  2.1816E+00  4.3400E+01  5.2664E-02 -3.8179E-01 -1.3231E-01
  5.0000E+00  1.1466E+00  2.1816E+00  4.3400E+01  5.2664E-02 -3.8179E-01 -1.3231E-01
  5.0000E+00  1.1466E+00  2.1816E+00  4.3400E+01  5.2664E-02 -3.8179E-01 -1.3231E-01
  5.0000E+00  1.1466E+00  2.1816E+00  4.3400E+01  5.2664E-02 -3.8179E-01 -1.3231E-01
  5.0000E+00  1.1466E+00  2.1816E+00  4.3400E+01  5.2664E-02 -3.8179E-01 -1.3231E-01
  5.0000E+00  1.1466E+00  2.1816E+00  4.3400E+01  5.2664E-02 -3.8179E-01 -1.3231E-01
  5.0000E+00  1.1466E+00  2.1816E+00  4.3400E+01  5.2664E-02 -3.8179E-01 -1.3231E-01
  5.0000E+00  1.1466E+00  2.1816E+00  4.3400E+01  5.2664E-02 -3.8179E-01 -1.3231E-01
  5.0000E+00  1.1466E+00  2.1816E+00  4.3400E+01  5.2664E-02 -3.8179E-01 -1.3231E-01
  5.0000E+00  1.1466E+00  2.1816E+00  4.3400E+01  5.2664E-02 -3.8179E-01 -1.3231E-01
  5.0000E+00  1.1466E+00  2.1816E+00  4.3400E+01  5.2664E-02 -3.8179E-01 -1.3231E-01
  5.0000E+00  1.1466E+00  2.1816E+00  4.3400E+01  5.2664E-02 -3.8179E-01 -1.3231E-01
  5.0000E+00  1.1466E+00  2.1816E+00  4.3400E+01  5.2664E-02 -3.8179E-01 -1.3231E-01
  5.0000E+00  1.1466E+00  2.1816E+00  4.3400E+01  5.2664E-02 -3.8179E-01 -1.3231E-01
  5.0000E+00  1.1466E+00  2.1816E+00  4.3400E+01  5.2664E-02 -3.8179E-01 -1.3231E-01
  5.0000E+00  1.1466E+00  2.1816E+00  4.3400E+01  5.2664E-02 -3.8179E-01 -1.3231E-01
  5.0000E+00  1.1466E+00  2.1816E+00  4.3400E+01  5.2664E-02 -3.8179E-01 -1.3231E-01
  5.0000E+00  1.1466E+00  2.1816E+00  4.3400E+01  5.2664E-02 -3.8179E-01 -1.3231E-01
  5.0000E+00  1.1466E+00  2.1816E+00  4.3400E+01  5.2664E-02 -3.8179E-01 -1.3231E-01
  5.0000E+00  1.1466E+00  2.1816E+00  4.3400E+01  5.2664E-02 -3.8179E-01 -1.3231E-01
  5.0000E+00  1.1466E+00  2.1816E+00  4.3400E+01  5.2664E-02 -3.8179E-01 -1.3231E-01
  5.0000E+00  1.1466E+00  2.1816E+00  4.3400E+01  5.2664E-02 -3.8179E-01 -1.3231E-01
  5.0000E+00  1.1466E+00  2.1816E+00  4.3400E+01  5.2664E-02 -3.8179E-01 -1.3231E-01
  6.0000E+00  1.6777E+00  3.7356E+00  3.8189E+01  4.3329E-01  1.5604E-01 -2.6025E-01
  6.0000E+00  1.6777E+00  3.7356E+00  3.8189E+01  4.3329E-01  1.5604E-01 -2.6025E-01
  6.0000E+00  1.6777E+00  3.7356E+00  3.8189E+01  4.3329E-01  1.5604E-01 -2.6025E-01
  6.0000E+00  1.6777E+00  3.7356E+00  3.8189E+01  4.3329E-01  1.5604E-01 -2.6025E-01
  6.0000E+00  1.6777E+00  3.7356E+00  3.8189E+01  4.3329E-01  1.5604E-01 -2.6025E-01
  6.0000E+00  1.6777E+00  3.7356E+00  3.8189E+01  4.3329E-01  1.5604E-01 -2.6025E-01
  6.0000E+00  1.6777E+00  3.7356E+00  3.8189E+01  4.3329E-01  1.5604E-01 -2.6025E-01
  6.0000E+00  1.6777E+00  3.7356E+00  3.8189E+01  4.3329E-01  1.5604E-01 -2.6025E-01
  6.0000E+00  1.6777E+00  3.7356E+00  3.8189E+01  4.3329E-01  1.5604E-01 -2.6025E-01
  6.0000E+00  1.6777E+00  3.7356E+00  3.8189E+01  4.3329E-01  1.5604E-01 -2.6025E-01
  6.0000E+00  1.6777E+00  3.7356E+00  3.8189E+01  4.3329E-01  1.5604E-01 -2.6025E-01
  6.0000E+00  1.6777E+00  3.7356E+00  3.8189E+01  4.3329E-01  1.5604E-01 -2.6025E-01
  6.0000E+00  1.6777E+00  3.7356E+00  3.8189E+01  4.3329E-01  1.5604E-01 -2.6025E-01
  6.0000E+00  1.6777E+00  3.7356E+00  3.8189E+01  4.3329E-01  1.5604E-01 -2.6025E-01
  6.0000E+00  1.6777E+00  3.7356E+00  3.8189E+01  4.3329E-01  1.5604E-01 -2.6025E-01
  6.0000E+00  1.6777E+00  3.7356E+00  3.8189E+01  4.3329E-01  1.5604E-01 -2.6025E-01
  6.0000E+00  1.6777E+00  3.7356E+00  3.8189E+01  4.3329E-01  1.5604E-01 -2.6025E-01
  6.0000E+00  1.6777E+00  3.7356E+00  3.8189E+01  4.3329E-01  1.5604E-01 -2.6025E-01
  6.0000E+00  1.6777E+00  3.7356E+00  3.8189E+01  4.3329E-01  1.5604E-01 -2.6025E-01
  6.0000E+00  1.6777E+00  3.7356E+00  3.8189E+01  4.3329E-01  1.5604E-01 -2.6025E-01
  6.0000E+00  1.6777E+00  3.7356E+00  3.8189E+01  4.3329E-01  1.5604E-01 -2.6025E-01
  6.0000E+00  1.6777E+00  3.7356E+00  3.8189E+01  4.3329E-01  1.5604E-01 -2.6025E-01
  6.0000E+00  1.6777E+00  3.7356E+00  3.8189E+01  4.3329E-01  1.5604E-01 -2.6025E-01
  6.0000E+00  1.6777E+00  3.7356E+00  3.8189E+01  4.3329E-01  1.5604E-01 -2.6025E-01
  7.0000E+00  9.5697E-01  3.7035E+00  5.1373E+01 -1.2813E-01  1.4741E-01  3.6328E-02
  7.0000E+00  9.5697E-01  3.7035E+00  5.1373E+01 -1.2813E-01  1.4741E-01  3.6328E-02
  7.0000E+00  9.5697E-01  3.7035E+00  5.1373E+01 -1.2813E-01  1.4741E-01  3.6328E-02
  7.0000E+00  9.5697E-01  3.7035E+00  5.1373E+01 -1.2813E-01  1.4741E-01  3.6328E-02
  7.0000E+00  9.5697E-01  3.7035E+00  5.1373E+01 -1.2813E-01  1.4741E-01  3.6328E-02
  7.0000E+00  9.5697E-01  3.7035E+00  5.1373E+01 -1.2813E-01  1.4741E-01  3.6328E-02
  7.0000E+00  9.5697E-01  3.7035E+00  5.1373E+01 -1.2813E-01  1.4741E-01  3.6328E-02
  7.0000E+00  9.5697E-01  3.7035E+00  5.1373E+01 -1.2813E-01  1.4741E-01  3.6328E-02
  7.0000E+00  9.5697E-01  3.7035E+00  5.1373E+01 -1.2813E-01  1.4741E-01  3.6328E-02
  7.0000E+00  9.5697E-01  3.7035E+00  5.1373E+01 -1.2813E-01  1.4741E-01  3.6328E-02
  7.0000E+00  9.5697E-01  3.7035E+00  5.1373E+01 -1.2813E-01  1.4741E-01  3.6328E-02
  7.0000E+00  9.5697E-01  3.7035E+00  5.1373E+01 -1.2813E-01  1.4741E-01  3.6328E-02
  7.0000E+00  9.5697E-01  3.7035E+00  5.1373E+01 -1.2813E-01  1.4741E-01  3.6328E-02
  7.0000E+00  9.5697E-01  3.7035E+00  5.1373E+01 -1.2813E-01  1.4741E-01  3.6328E-02
  7.0000E+00  9.5697E-01  3.7035E+00  5.1373E+01 -1.2813E-01  1.4741E-01  3.6328E-02
  7.0000E+00  9.5697E-01  3.7035E+00  5.1373E+01 -1.2813E-01  1.4741E-01  3.6328E-02
  7.0000E+00  9.5697E-01  3.7035E+00  5.1373E+01 -1.2813E-01  1.4741E-01  3.6328E-02
  7.0000E+00  9.5697E-01  3.7035E+00  5.1373E+01 -1.2813E-01  1.4741E-01  3.6328E-02
  7.0000E+00  9.5697E-01  3.7035E+00  5.1373E+01 -1.2813E-01  1.4741E-01  3.6328E-02
  7.0000E+00  9.5697E-01  3.7035E+00  5.1373E+01 -1.2813E-01  1.4741E-01  3.6328E-02
  7.0000E+00  9.5697E-01  3.7035E+00  5.1373E+01 -1.2813E-01  1.4741E-01  3.6328E-02
  7.0000E+00  9.5697E-01  3.7035E+00  5.1373E+01 -1.2813E-01  1.4741E-01  3.6328E-02
  7.0000E+00  9.5697E-01  3.7035E+00  5.1373E+01 -1.2813E-01  1.4741E-01  3.6328E-02
  7.0000E+00  9.5697E-01  3.7035E+00  5.1373E+01 -1.2813E-01  1.4741E-01  3.6328E-02
  8.0000E+00  1.4135E+00  3.7403E+00  4.5512E+01  2.6189E-01  1.5732E-01 -8.4801E-02
  8.0000E+00  1.4135E+00  3.7403E+00  4.5512E+01  2.6189E-01  1.5732E-01 -8.4801E-02
  8.0000E+00  1.4135E+00  3.7403E+00  4.5512E+01  2.6189E-01  1.5732E-01 -8.4801E-02
  8.0000E+00  1.4135E+00  3.7403E+00  4.5512E+01  2.6189E-01  1.5732E-01 -8.4801E-02
  8.0000E+00  1.4135E+00  3.7403E+00  4.5512E+01  2.6189E-01  1.5732E-01 -8.4801E-02
  8.0000E+00  1.4135E+00  3.7403E+00  4.5512E+01  2.6189E-01  1.5732E-01 -8.4801E-02
  8.0000E+00  1.4135E+00  3.7403E+00  4.5512E+01  2.6189E-01  1.5732E-01 -8.4801E-02
  8.0000E+00  1.4135E+00  3.7403E+00  4.5512E+01  2.6189E-01  1.5732E-01 -8.4801E-02
  8.0000E+00  1.4135E+00  3.7403E+00  4.5512E+01  2.6189E-01  1.5732E-01 -8.4801E-02
  8.0000E+00  1.4135E+00  3.7403E+00  4.5512E+01  2.6189E-01  1.5732E-01 -8.4801E-02
  8.0000E+00  1.4135E+00  3.7403E+00  4.5512E+01  2.6189E-01  1.5732E-01 -8.4801E-02
  8.0000E+00  1.4135E+00  3.7403E+00  4.5512E+01  2.6189E-01  1.5732E-01 -8.4801E-02
  8.0000E+00  1.4135E+00  3.7403E+00  4.5512E+01  2.6189E-01  1.5732E-01 -8.4801E-02
  8.0000E+00  1.4135E+00  3.7403E+00  4.5512E+01  2.6189E-01  1.5732E-01 -8.4801E-02
  8.0000E+00  1.4135E+00  3.7403E+00  4.5512E+01  2.6189E-01  1.5732E-01 -8.4801E-02
  8.0000E+00  1.4135E+00  3.7403E+00  4.5512E+01  2.6189E-01  1.5732E-01 -8.4801E-02
  8.0000E+00  1.4135E+00  3.7403E+00  4.5512E+01  2.6189E-01  1.5732E-01 -8.4801E-02
  8.0000E+00  1.4135E+00  3.7403E+00  4.5512E+01  2.6189E-01  1.5732E-01 -8.4801E-02
  8.0000E+00  1.4135E+00  3.7403E+00  4.5512E+01  2.6189E-01  1.5732E-01 -8.4801E-02
  8.0000E+00  1.4135E+00  3.7403E+00  4.5512E+01  2.6189E-01  1.5732E-01 -8.4801E-02
  8.0000E+00  1.4135E+00  3.7403E+00  4.5512E+01  2.6189E-01  1.5732E-01 -8.4801E-02
  8.0000E+00  1.4135E+00  3.7403E+00  4.5512E+01  2.6189E-01  1.5732E-01 -8.4801E-02
  8.0000E+00  1.4135E+00  3.7403E+00  4.5512E+01  2.6189E-01  1.5732E-01 -8.4801E-02
  8.0000E+00  1.4135E+00  3.7403E+00  4.5512E+01  2.6189E-01  1.5732E-01 -8.4801E-02
  9.0000E+00  1.5371E+00  2.3529E+00  6.0290E+01  3.4572E-01 -3.0622E-01  1.9639E-01
  9.0000E+00  1.5371E+00  2.3529E+00  6.0290E+01  3.4572E-01 -3.0622E-01  1.9639E-01
  9.0000E+00  1.5371E+00  2.3529E+00  6.0290E+01  3.4572E-01 -3.0622E-01  1.9639E-01
  9.0000E+00  1.5371E+00  2.3529E+00  6.0290E+01  3.4572E-01 -3.0622E-01  1.9639E-01
  9.0000E+00  1.5371E+00  2.3529E+00  6.0290E+01  3.4572E-01 -3.0622E-01  1.9639E-01
  9.0000E+00  1.5371E+00  2.3529E+00  6.0290E+01  3.4572E-01 -3.0622E-01  1.9639E-01
  9.0000E+00  1.5371E+00  2.3529E+00  6.0290E+01  3.4572E-01 -3.0622E-01  1.9639E-01
  9.0000E+00  1.5371E+00  2.3529E+00  6.0290E+01  3.4572E-01 -3.0622E-01  1.9639E-01
  9.0000E+00  1.5371E+00  2.3529E+00  6.0290E+01  3.4572E-01 -3.0622E-01  1.9639E-01
  9.0000E+00  1.5371E+00  2.3529E+00  6.0290E+01  3.4572E-01 -3.0622E-01  1.9639E-01
  9.0000E+00  1.5371E+00  2.3529E+00  6.0290E+01  3.4572E-01 -3.0622E-01  1.9639E-01
  9.0000E+00  1.5371E+00  2.3529E+00  6.0290E+01  3.4572E-01 -3.0622E-01  1.9639E-01
  9.0000E+00  1.5371E+00  2.3529E+00  6.0290E+01  3.4572E-01 -3.0622E-01  1.9639E-01
  9.0000E+00  1.5371E+00  2.3529E+00  6.0290E+01  3.4572E-01 -3.0622E-01  1.9639E-01
  9.0000E+00  1.5371E+00  2.3529E+00  6.0290E+01  3.4572E-01 -3.0622E-01  1.9639E-01
  9.0000E+00  1.5371E+00  2.3529E+00  6.0290E+01  3.4572E-01 -3.0622E-01  1.9639E-01
  9.0000E+00  1.5371E+00  2.3529E+00  6.0290E+01  3.4572E-01 -3.0622E-01  1.9639E-01
  9.0000E+00  1.5371E+00  2.3529E+00  6.0290E+01  3.4572E-01 -3.0622E-01  1.9639E-01
  9.0000E+00  1.5371E+00  2.3529E+00  6.0290E+01  3.4572E-01 -3.0622E-01  1.9639E-01
  9.0000E+00  1.5371E+00  2.3529E+00  6.0290E+01  3.4572E-01 -3.0622E-01  1.9639E-01
  9.0000E+00  1.5371E+00  2.3529E+00  6.0290E+01  3.4572E-01 -3.0622E-01  1.9639E-01
  9.0000E+00  1.5371E+00  2.3529E+00  6.0290E+01  3.4572E-01 -3.0622E-01  1.9639E-01
  9.0000E+00  1.5371E+00  2.3529E+00  6.0290E+01  3.4572E-01 -3.0622E-01  1.9639E-01
  9.0000E+00  1.5371E+00  2.3529E+00  6.0290E+01  3.4572E-01 -3.0622E-01  1.9639E-01
  1.0000E+01  1.4005E+00  1.5898E+00  4.9434E+01  2.5267E-01 -6.9824E-01 -2.1438E-03
  1.0000E+01  1.4005E+00  1.5898E+00  4.9434E+01  2.5267E-01 -6.9824E-01 -2.1438E-03
  1.0000E+01  1.4005E+00  1.5898E+00  4.9434E+01  2.5267E-01 -6.9824E-01 -2.1438E-03
  1.0000E+01  1.4005E+00  1.5898E+00  4.9434E+01  2.5267E-01 -6.9824E-01 -2.1438E-03
  1.0000E+01  1.4005E+00  1.5898E+00  4.9434E+01  2.5267E-01 -6.9824E-01 -2.1438E-03
  1.0000E+01  1.4005E+00  1.5898E+00  4.9434E+01  2.5267E-01 -6.9824E-01 -2.1438E-03
  1.0000E+01  1.4005E+00  1.5898E+00  4.9434E+01  2.5267E-01 -6.9824E-01 -2.1438E-03
  1.0000E+01  1.4005E+00  1.5898E+00  4.9434E+01  2.5267E-01 -6.9824E-01 -2.1438E-03
  1.0000E+01  1.4005E+00  1.5898E+00  4.9434E+01  2.5267E-01 -6.9824E-01 -2.1438E-03
  1.0000E+01  1.4005E+00  1.5898E+00  4.9434E+01  2.5267E-01 -6.9824E-01 -2.1438E-03
  1.0000E+01  1.4005E+00  1.5898E+00  4.9434E+01  2.5267E-01 -6.9824E-01 -2.1438E-03
  1.0000E+01  1.4005E+00  1.5898E+00  4.9434E+01  2.5267E-01 -6.9824E-01 -2.1438E-03
  1.0000E+01  1.4005E+00  1.5898E+00  4.9434E+01  2.5267E-01 -6.9824E-01 -2.1438E-03
  1.0000E+01  1.4005E+00  1.5898E+00  4.9434E+01  2.5267E-01 -6.9824E-01 -2.1438E-03
  1.0000E+01  1.4005E+00  1.5898E+00  4.9434E+01  2.5267E-01 -6.9824E-01 -2.1438E-03
  1.0000E+01  1.4005E+00  1.5898E+00  4.9434E+01  2.5267E-01 -6.9824E-01 -2.1438E-03
  1.0000E+01  1.4005E+00  1.5898E+00  4.9434E+01  2.5267E-01 -6.9824E-01 -2.1438E-03
  1.0000E+01  1.4005E+00  1.5898E+00  4.9434E+01  2.5267E-01 -6.9824E-01 -2.1438E-03
  1.0000E+01  1.4005E+00  1.5898E+00  4.9434E+01  2.5267E-01 -6.9824E-01 -2.1438E-03
  1.0000E+01  1.4005E+00  1.5898E+00  4.9434E+01  2.5267E-01 -6.9824E-01 -2.1438E-03
  1.0000E+01  1.4005E+00  1.5898E+00  4.9434E+01  2.5267E-01 -6.9824E-01 -2.1438E-03
  1.0000E+01  1.4005E+00  1.5898E+00  4.9434E+01  2.5267E-01 -6.9824E-01 -2.1438E-03
  1.0000E+01  1.4005E+00  1.5898E+00  4.9434E+01  2.5267E-01 -6.9824E-01 -2.1438E-03
  1.0000E+01  1.4005E+00  1.5898E+00  4.9434E+01  2.5267E-01 -6.9824E-01 -2.1438E-03
  1.1000E+01  1.4305E+00  1.7484E+00  6.6659E+01  2.7386E-01 -6.0315E-01  2.9680E-01
  1.1000E+01  1.4305E+00  1.7484E+00  6.6659E+01  2.7386E-01 -6.0315E-01  2.9680E-01
  1.1000E+01  1.4305E+00  1.7484E+00  6.6659E+01  2.7386E-01 -6.0315E-01  2.9680E-01
  1.1000E+01  1.4305E+00  1.7484E+00  6.6659E+01  2.7386E-01 -6.0315E-01  2.9680E-01
  1.1000E+01  1.4305E+00  1.7484E+00  6.6659E+01  2.7386E-01 -6.0315E-01  2.9680E-01
  1.1000E+01  1.4305E+00  1.7484E+00  6.6659E+01  2.7386E-01 -6.0315E-01  2.9680E-01
  1.1000E+01  1.4305E+00  1.7484E+00  6.6659E+01  2.7386E-01 -6.0315E-01  2.9680E-01
  1.1000E+01  1.4305E+00  1.7484E+00  6.6659E+01  2.7386E-01 -6.0315E-01  2.9680E-01
  1.1000E+01  1.4305E+00  1.7484E+00  6.6659E+01  2.7386E-01 -6.0315E-01  2.9680E-01
  1.1000E+01  1.4305E+00  1.7484E+00  6.6659E+01  2.7386E-01 -6.0315E-01  2.9680E-01
  1.1000E+01  1.4305E+00  1.7484E+00  6.6659E+01  2.7386E-01 -6.0315E-01  2.9680E-01
  1.1000E+01  1.4305E+00  1.7484E+00  6.6659E+01  2.7386E-01 -6.0315E-01  2.9680E-01
  1.1000E+01  1.4305E+00  1.7484E+00  6.6659E+01  2.7386E-01 -6.0315E-01  2.9680E-01
  1.1000E+01  1.4305E+00  1.7484E+00  6.6659E+01  2.7386E-01 -6.0315E-01  2.9680E-01
  1.1000E+01  1.4305E+00  1.7484E+00  6.6659E+01  2.7386E-01 -6.0315E-01  2.9680E-01
  1.1000E+01  1.4305E+00  1.7484E+00  6.6659E+01  2.7386E-01 -6.0315E-01  2.9680E-01
  1.1000E+01  1.4305E+00  1.7484E+00  6.6659E+01  2.7386E-01 -6.0315E-01  2.9680E-01
  1.1000E+01  1.4305E+00  1.7484E+00  6.6659E+01  2.7386E-01 -6.0315E-01  2.9680E-01
  1.1000E+01  1.4305E+00  1.7484E+00  6.6659E+01  2.7386E-01 -6.0315E-01  2.9680E-01
  1.1000E+01  1.4305E+00  1.7484E+00  6.6659E+01  2.7386E-01 -6.0315E-01  2.9680E-01
  1.1000E+01  1.4305E+00  1.7484E+00  6.6659E+01  2.7386E-01 -6.0315E-01  2.9680E-01
  1.1000E+01  1.4305E+00  1.7484E+00  6.6659E+01  2.7386E-01 -6.0315E-01  2.9680E-01
  1.1000E+01  1.4305E+00  1.7484E+00  6.6659E+01  2.7386E-01 -6.0315E-01  2.9680E-01
  1.1000E+01  1.4305E+00  1.7484E+00  6.6659E+01  2.7386E-01 -6.0315E-01  2.9680E-01
  1.2000E+01  2.0422E+00  5.4362E+00  6.0686E+01  6.2990E-01  5.3123E-01  2.0293E-01
  1.2000E+01  2.0422E+00  5.4362E+00  6.0686E+01  6.2990E-01  5.3123E-01  2.0293E-01
  1.2000E+01  2.0422E+00  5.4362E+00  6.0686E+01  6.2990E-01  5.3123E-01  2.0293E-01
  1.2000E+01  2.0422E+00  5.4362E+00  6.0686E+01  6.2990E-01  5.3123E-01  2.0293E-01
  1.2000E+01  2.0422E+00  5.4362E+00  6.0686E+01  6.2990E-01  5.3123E-01  2.0293E-01
  1.2000E+01  2.0422E+00  5.4362E+00  6.0686E+01  6.2990E-01  5.3123E-01  2.0293E-01
  1.2000E+01  2.0422E+00  5.4362E+00  6.0686E+01  6.2990E-01  5.3123E-01  2.0293E-01
  1.2000E+01  2.0422E+00  5.4362E+00  6.0686E+01  6.2990E-01  5.3123E-01  2.0293E-01
  1.2000E+01  2.0422E+00  5.4362E+00  6.0686E+01  6.2990E-01  5.3123E-01  2.0293E-01
  1.2000E+01  2.0422E+00  5.4362E+00  6.0686E+01  6.2990E-01  5.3123E-01  2.0293E-01
  1.2000E+01  2.0422E+00  5.4362E+00  6.0686E+01  6.2990E-01  5.3123E-01  2.0293E-01
  1.2000E+01  2.0422E+00  5.4362E+00  6.0686E+01  6.2990E-01  5.3123E-01  2.0293E-01
  1.2000E+01  2.0422E+00  5.4362E+00  6.0686E+01  6.2990E-01  5.3123E-01  2.0293E-01
  1.2000E+01  2.0422E+00  5.4362E+00  6.0686E+01  6.2990E-01  5.3123E-01  2.0293E-01
  1.2000E+01  2.0422E+00  5.4362E+00  6.0686E+01  6.2990E-01  5.3123E-01  2.0293E-01
  1.2000E+01  2.0422E+00  5.4362E+00  6.0686E+01  6.2990E-01  5.3123E-01  2.0293E-01
  1.2000E+01  2.0422E+00  5.4362E+00  6.0686E+01  6.2990E-01  5.3123E-01  2.0293E-01
  1.2000E+01  2.0422E+00  5.4362E+00  6.0686E+01  6.2990E-01  5.3123E-01  2.0293E-01
  1.2000E+01  2.0422E+00  5.4362E+00  6.0686E+01  6.2990E-01  5.3123E-01  2.0293E-01
  1.2000E+01  2.0422E+00  5.4362E+00  6.0686E+01  6.2990E-01  5.3123E-01  2.0293E-01
  1.2000E+01  2.0422E+00  5.4362E+00  6.0686E+01  6.2990E-01  5.3123E-01  2.0293E-01
  1.2000E+01  2.0422E+00  5.4362E+00  6.0686E+01  6.2990E-01  5.3123E-01  2.0293E-01
  1.2000E+01  2.0422E+00  5.4362E+00  6.0686E+01  6.2990E-01  5.3123E-01  2.0293E-01
  1.2000E+01  2.0422E+00  5.4362E+00  6.0686E+01  6.2990E-01  5.3123E-01  2.0293E-01
  1.3000E+01  1.5951E+00  2.5506E+00  4.9667E+01  3.8278E-01 -2.2554E-01  2.5593E-03
  1.3000E+01  1.5951E+00  2.5506E+00  4.9667E+01  3.8278E-01 -2.2554E-01  2.5593E-03
  1.3000E+01  1.5951E+00  2.5506E+00  4.9667E+01  3.8278E-01 -2.2554E-01  2.5593E-03
  1.3000E+01  1.5951E+00  2.5506E+00  4.9667E+01  3.8278E-01 -2.2554E-01  2.5593E-03
  1.3000E+01  1.5951E+00  2.5506E+00  4.9667E+01  3.8278E-01 -2.2554E-01  2.5593E-03
  1.3000E+01  1.5951E+00  2.5506E+00  4.9667E+01  3.8278E-01 -2.2554E-01  2.5593E-03
  1.3000E+01  1.5951E+00  2.5506E+00  4.9667E+01  3.8278E-01 -2.2554E-01  2.5593E-03
  1.3000E+01  1.5951E+00  2.5506E+00  4.9667E+01  3.8278E-01 -2.2554E-01  2.5593E-03
  1.3000E+01  1.5951E+00  2.5506E+00  4.9667E+01  3.8278E-01 -2.2554E-01  2.5593E-03
  1.3000E+01  1.5951E+00  2.5506E+00  4.9667E+01  3.8278E-01 -2.2554E-01  2.5593E-03
  1.3000E+01  1.5951E+00  2.5506E+00  4.9667E+01  3.8278E-01 -2.2554E-01  2.5593E-03
  1.3000E+01  1.5951E+00  2.5506E+00  4.9667E+01  3.8278E-01 -2.2554E-01  2.5593E-03
  1.3000E+01  1.5951E+00  2.5506E+00  4.9667E+01  3.8278E-01 -2.2554E-01  2.5593E-03
  1.3000E+01  1.5951E+00  2.5506E+00  4.9667E+01  3.8278E-01 -2.2554E-01  2.5593E-03
  1.3000E+01  1.5951E+00  2.5506E+00  4.9667E+01  3.8278E-01 -2.2554E-01  2.5593E-03
  1.3000E+01  1.5951E+00  2.5506E+00  4.9667E+01  3.8278E-01 -2.2554E-01  2.5593E-03
  1.3000E+01  1.5951E+00  2.5506E+00  4.9667E+01  3.8278E-01 -2.2554E-01  2.5593E-03
  1.3000E+01  1.5951E+00  2.5506E+00  4.9667E+01  3.8278E-01 -2.2554E-01  2.5593E-03
  1.3000E+01  1.5951E+00  2.5506E+00  4.9667E+01  3.8278E-01 -2.2554E-01  2.5593E-03
  1.3000E+01  1.5951E+00  2.5506E+00  4.9667E+01  3.8278E-01 -2.2554E-01  2.5593E-03
  1.3000E+01  1.5951E+00  2.5506E+00  4.9667E+01  3.8278E-01 -2.2554E-01  2.5593E-03
  1.3000E+01  1.5951E+00  2.5506E+00  4.9667E+01  3.8278E-01 -2.2554E-01  2.5593E-03
  1.3000E+01  1.5951E+00  2.5506E+00  4.9667E+01  3.8278E-01 -2.2554E-01  2.5593E-03
  1.3000E+01  1.5951E+00  2.5506E+00  4.9667E+01  3.8278E-01 -2.2554E-01  2.5593E-03
  1.4000E+01  1.2397E+00  4.8562E+00  3.9291E+01  1.3073E-01  4.1841E-01 -2.3180E-01
  1.4000E+01  1.2397E+00  4.8562E+00  3.9291E+01  1.3073E-01  4.1841E-01 -2.3180E-01
  1.4000E+01  1.2397E+00  4.8562E+00  3.9291E+01  1.3073E-01  4.1841E-01 -2.3180E-01
  1.4000E+01  1.2397E+00  4.8562E+00  3.9291E+01  1.3073E-01  4.1841E-01 -2.3180E-01
  1.4000E+01  1.2397E+00  4.8562E+00  3.9291E+01  1.3073E-01  4.1841E-01 -2.3180E-01
  1.4000E+01  1.2397E+00  4.8562E+00  3.9291E+01  1.3073E-01  4.1841E-01 -2.3180E-01
  1.4000E+01  1.2397E+00  4.8562E+00  3.9291E+01  1.3073E-01  4.1841E-01 -2.3180E-01
  1.4000E+01  1.2397E+00  4.8562E+00  3.9291E+01  1.3073E-01  4.1841E-01 -2.3180E-01
  1.4000E+01  1.2397E+00  4.8562E+00  3.9291E+01  1.3073E-01  4.1841E-01 -2.3180E-01
  1.4000E+01  1.2397E+00  4.8562E+00  3.9291E+01  1.3073E-01  4.1841E-01 -2.3180E-01
  1.4000E+01  1.2397E+00  4.8562E+00  3.9291E+01  1.3073E-01  4.1841E-01 -2.3180E-01
  1.4000E+01  1.2397E+00  4.8562E+00  3.9291E+01  1.3073E-01  4.1841E-01 -2.3180E-01
  1.4000E+01  1.2397E+00  4.8562E+00  3.9291E+01  1.3073E-01  4.1841E-01 -2.3180E-01
  1.4000E+01  1.2397E+00  4.8562E+00  3.9291E+01  1.3073E-01  4.1841E-01 -2.3180E-01
  1.4000E+01  1.2397E+00  4.8562E+00  3.9291E+01  1.3073E-01  4.1841E-01 -2.3180E-01
  1.4000E+01  1.2397E+00  4.8562E+00  3.9291E+01  1.3073E-01  4.1841E-01 -2.3180E-01
  1.4000E+01  1.2397E+00  4.8562E+00  3.9291E+01  1.3073E-01  4.1841E-01 -2.3180E-01
  1.4000E+01  1.2397E+00  4.8562E+00  3.9291E+01  1.3073E-01  4.1841E-01 -2.3180E-01
  1.4000E+01  1.2397E+00  4.8562E+00  3.9291E+01  1.3073E-01  4.1841E-01 -2.3180E-01
  1.4000E+01  1.2397E+00  4.8562E+00  3.9291E+01  1.3073E-01  4.1841E-01 -2.3180E-01
  1.4000E+01  1.2397E+00  4.8562E+00  3.9291E+01  1.3073E-01  4.1841E-01 -2.3180E-01
  1.4000E+01  1.2397E+00  4.8562E+00  3.9291E+01  1.3073E-01  4.1841E-01 -2.3180E-01
  1.4000E+01  1.2397E+00  4.8562E+00  3.9291E+01  1.3073E-01  4.1841E-01 -2.3180E-01
  1.4000E+01  1.2397E+00  4.8562E+00  3.9291E+01  1.3073E-01  4.1841E-01 -2.3180E-01
  1.5000E+01  1.1088E+00  7.4508E-01  4.1422E+01  1.9108E-02 -1.4561E+00 -1.7898E-01
  1.5000E+01  1.1088E+00  7.4508E-01  4.1422E+01  1.9108E-02 -1.4561E+00 -1.7898E-01
  1.5000E+01  1.1088E+00  7.4508E-01  4.1422E+01  1.9108E-02 -1.4561E+00 -1.7898E-01
  1.5000E+01  1.1088E+00  7.4508E-01  4.1422E+01  1.9108E-02 -1.4561E+00 -1.7898E-01
  1.5000E+01  1.1088E+00  7.4508E-01  4.1422E+01  1.9108E-02 -1.4561E+00 -1.7898E-01
  1.5000E+01  1.1088E+00  7.4508E-01  4.1422E+01  1.9108E-02 -1.4561E+00 -1.7898E-01
  1.5000E+01  1.1088E+00  7.4508E-01  4.1422E+01  1.9108E-02 -1.4561E+00 -1.7898E-01
  1.5000E+01  1.1088E+00  7.4508E-01  4.1422E+01  1.9108E-02 -1.4561E+00 -1.7898E-01
  1.5000E+01  1.1088E+00  7.4508E-01  4.1422E+01  1.9108E-02 -1.4561E+00 -1.7898E-01
  1.5000E+01  1.1088E+00  7.4508E-01  4.1422E+01  1.9108E-02 -1.4561E+00 -1.7898E-01
  1.5000E+01  1.1088E+00  7.4508E-01  4.1422E+01  1.9108E-02 -1.4561E+00 -1.7898E-01
  1.5000E+01  1.1088E+00  7.4508E-01  4.1422E+01  1.9108E-02 -1.4561E+00 -1.7898E-01
  1.5000E+01  1.1088E+00  7.4508E-01  4.1422E+01  1.9108E-02 -1.4561E+00 -1.7898E-01
  1.5000E+01  1.1088E+00  7.4508E-01  4.1422E+01  1.9108E-02 -1.4561E+00 -1.7898E-01
  1.5000E+01  1.1088E+00  7.4508E-01  4.1422E+01  1.9108E-02 -1.4561E+00 -1.7898E-01
  1.5000E+01  1.1088E+00  7.4508E-01  4.1422E+01  1.9108E-02 -1.4561E+00 -1.7898E-01
  1.5000E+01  1.1088E+00  7.4508E-01  4.1422E+01  1.9108E-02 -1.4561E+00 -1.7898E-01
  1.5000E+01  1.1088E+00  7.4508E-01  4.1422E+01  1.9108E-02 -1.4561E+00 -1.7898E-01
  1.5000E+01  1.1088E+00  7.4508E-01  4.1422E+01  1.9108E-02 -1.4561E+00 -1.7898E-01
  1.5000E+01  1.1088E+00  7.4508E-01  4.1422E+01  1.9108E-02 -1.4561E+00 -1.7898E-01
  1.5000E+01  1.1088E+00  7.4508E-01  4.1422E+01  1.9108E-02 -1.4561E+00 -1.7898E-01
  1.5000E+01  1.1088E+00  7.4508E-01  4.1422E+01  1.9108E-02 -1.4561E+00 -1.7898E-01
  1.5000E+01  1.1088E+00  7.4508E-01  4.1422E+01  1.9108E-02 -1.4561E+00 -1.7898E-01
  1.5000E+01  1.1088E+00  7.4508E-01  4.1422E+01  1.9108E-02 -1.4561E+00 -1.7898E-01
  1.6000E+01  1.1610E+00  3.1329E+00  4.9896E+01  6.5159E-02 -1.9882E-02  7.1628E-03
  1.6000E+01  1.1610E+00  3.1329E+00  4.9896E+01  6.5159E-02 -1.9882E-02  7.1628E-03
  1.6000E+01  1.1610E+00  3.1329E+00  4.9896E+01  6.5159E-02 -1.9882E-02  7.1628E-03
  1.6000E+01  1.1610E+00  3.1329E+00  4.9896E+01  6.5159E-02 -1.9882E-02  7.1628E-03
  1.6000E+01  1.1610E+00  3.1329E+00  4.9896E+01  6.5159E-02 -1.9882E-02  7.1628E-03
  1.6000E+01  1.1610E+00  3.1329E+00  4.9896E+01  6.5159E-02 -1.9882E-02  7.1628E-03
  1.6000E+01  1.1610E+00  3.1329E+00  4.9896E+01  6.5159E-02 -1.9882E-02  7.1628E-03
  1.6000E+01  1.1610E+00  3.1329E+00  4.9896E+01  6.5159E-02 -1.9882E-02  7.1628E-03
  1.6000E+01  1.1610E+00  3.1329E+00  4.9896E+01  6.5159E-02 -1.9882E-02  7.1628E-03
  1.6000E+01  1.1610E+00  3.1329E+00  4.9896E+01  6.5159E-02 -1.9882E-02  7.1628E-03
  1.6000E+01  1.1610E+00  3.1329E+00  4.9896E+01  6.5159E-02 -1.9882E-02  7.1628E-03
  1.6000E+01  1.1610E+00  3.1329E+00  4.9896E+01  6.5159E-02 -1.9882E-02  7.1628E-03
  1.6000E+01  1.1610E+00  3.1329E+00  4.9896E+01  6.5159E-02 -1.9882E-02  7.1628E-03
  1.6000E+01  1.1610E+00  3.1329E+00  4.9896E+01  6.5159E-02 -1.9882E-02  7.1628E-03
  1.6000E+01  1.1610E+00  3.1329E+00  4.9896E+01  6.5159E-02 -1.9882E-02  7.1628E-03
  1.6000E+01  1.1610E+00  3.1329E+00  4.9896E+01  6.5159E-02 -1.9882E-02  7.1628E-03
  1.6000E+01  1.1610E+00  3.1329E+00  4.9896E+01  6.5159E-02 -1.9882E-02  7.1628E-03
  1.6000E+01  1.1610E+00  3.1329E+00  4.9896E+01  6.5159E-02 -1.9882E-02  7.1628E-03
  1.6000E+01  1.1610E+00  3.1329E+00  4.9896E+01  6.5159E-02 -1.9882E-02  7.1628E-03
  1.6000E+01  1.1610E+00  3.1329E+00  4.9896E+01  6.5159E-02 -1.9882E-02  7.1628E-03
  1.6000E+01  1.1610E+00  3.1329E+00  4.9896E+01  6.5159E-02 -1.9882E-02  7.1628E-03
  1.6000E+01  1.1610E+00  3.1329E+00  4.9896E+01  6.5159E-02 -1.9882E-02  7.1628E-03
  1.6000E+01  1.1610E+00  3.1329E+00  4.9896E+01  6.5159E-02 -1.9882E-02  7.1628E-03
  1.6000E+01  1.1610E+00  3.1329E+00  4.9896E+01  6.5159E-02 -1.9882E-02  7.1628E-03
  1.7000E+01  1.4211E+00  3.2048E+00  3.7085E+01  2.6726E-01  2.7888E-03 -2.8958E-01
  1.7000E+01  1.4211E+00  3.2048E+00  3.7085E+01  2.6726E-01  2.7888E-03 -2.8958E-01
  1.7000E+01  1.4211E+00  3.2048E+00  3.7085E+01  2.6726E-01  2.7888E-03 -2.8958E-01
  1.7000E+01  1.4211E+00  3.2048E+00  3.7085E+01  2.6726E-01  2.7888E-03 -2.8958E-01
  1.7000E+01  1.4211E+00  3.2048E+00  3.7085E+01  2.6726E-01  2.7888E-03 -2.8958E-01
  1.7000E+01  1.4211E+00  3.2048E+00  3.7085E+01  2.6726E-01  2.7888E-03 -2.8958E-01
  1.7000E+01  1.4211E+00  3.2048E+00  3.7085E+01  2.6726E-01  2.7888E-03 -2.8958E-01
  1.7000E+01  1.4211E+00  3.2048E+00  3.7085E+01  2.6726E-01  2.7888E-03 -2.8958E-01
  1.7000E+01  1.4211E+00  3.2048E+00  3.7085E+01  2.6726E-01  2.7888E-03 -2.8958E-01
  1.7000E+01  1.4211E+00  3.2048E+00  3.7085E+01  2.6726E-01  2.7888E-03 -2.8958E-01
  1.7000E+01  1.4211E+00  3.2048E+00  3.7085E+01  2.6726E-01  2.7888E-03 -2.8958E-01
  1.7000E+01  1.4211E+00  3.2048E+00  3.7085E+01  2.6726E-01  2.7888E-03 -2.8958E-01
  1.7000E+01  1.4211E+00  3.2048E+00  3.7085E+01  2.6726E-01  2.7888E-03 -2.8958E-01
  1.7000E+01  1.4211E+00  3.2048E+00  3.7085E+01  2.6726E-01  2.7888E-03 -2.8958E-01
  1.7000E+01  1.4211E+00  3.2048E+00  3.7085E+01  2.6726E-01  2.7888E-03 -2.8958E-01
  1.7000E+01  1.4211E+00  3.2048E+00  3.7085E+01  2.6726E-01  2.7888E-03 -2.8958E-01
  1.7000E+01  1.4211E+00  3.2048E+00  3.7085E+01  2.6726E-01  2.7888E-03 -2.8958E-01
  1.7000E+01  1.4211E+00  3.2048E+00  3.7085E+01  2.6726E-01  2.7888E-03 -2.8958E-01
  1.7000E+01  1.4211E+00  3.2048E+00  3.7085E+01  2.6726E-01  2.7888E-03 -2.8958E-01
  1.7000E+01  1.4211E+00  3.2048E+00  3.7085E+01  2.6726E-01  2.7888E-03 -2.8958E-01
  1.7000E+01  1.4211E+00  3.2048E+00  3.7085E+01  2.6726E-01  2.7888E-03 -2.8958E-01
  1.7000E+01  1.4211E+00  3.2048E+00  3.7085E+01  2.6726E-01  2.7888E-03 -2.8958E-01
  1.7000E+01  1.4211E+00  3.2048E+00  3.7085E+01  2.6726E-01  2.7888E-03 -2.8958E-01
  1.7000E+01  1.4211E+00  3.2048E+00  3.7085E+01  2.6726E-01  2.7888E-03 -2.8958E-01
  1.8000E+01  1.5006E+00  3.6142E+00  4.1934E+01  3.2173E-01  1.2303E-01 -1.6668E-01
  1.8000E+01  1.5006E+00  3.6142E+00  4.1934E+01  3.2173E-01  1.2303E-01 -1.6668E-01
  1.8000E+01  1.5006E+00  3.6142E+00  4.1934E+01  3.2173E-01  1.2303E-01 -1.6668E-01
  1.8000E+01  1.5006E+00  3.6142E+00  4.1934E+01  3.2173E-01  1.2303E-01 -1.6668E-01
  1.8000E+01  1.5006E+00  3.6142E+00  4.1934E+01  3.2173E-01  1.2303E-01 -1.6668E-01
  1.8000E+01  1.5006E+00  3.6142E+00  4.1934E+01  3.2173E-01  1.2303E-01 -1.6668E-01
  1.8000E+01  1.5006E+00  3.6142E+00  4.1934E+01  3.2173E-01  1.2303E-01 -1.6668E-01
  1.8000E+01  1.5006E+00  3.6142E+00  4.1934E+01  3.2173E-01  1.2303E-01 -1.6668E-01
  1.8000E+01  1.5006E+00  3.6142E+00  4.1934E+01  3.2173E-01  1.2303E-01 -1.6668E-01
  1.8000E+01  1.5006E+00  3.6142E+00  4.1934E+01  3.2173E-01  1.2303E-01 -1.6668E-01
  1.8000E+01  1.5006E+00  3.6142E+00  4.1934E+01  3.2173E-01  1.2303E-01 -1.6668E-01
  1.8000E+01  1.5006E+00  3.6142E+00  4.1934E+01  3.2173E-01  1.2303E-01 -1.6668E-01
  1.8000E+01  1.5006E+00  3.6142E+00  4.1934E+01  3.2173E-01  1.2303E-01 -1.6668E-01
  1.8000E+01  1.5006E+00  3.6142E+00  4.1934E+01  3.2173E-01  1.2303E-01 -1.6668E-01
  1.8000E+01  1.5006E+00  3.6142E+00  4.1934E+01  3.2173E-01  1.2303E-01 -1.6668E-01
  1.8000E+01  1.5006E+00  3.6142E+00  4.1934E+01  3.2173E-01  1.2303E-01 -1.6668E-01
  1.8000E+01  1.5006E+00  3.6142E+00  4.1934E+01  3.2173E-01  1.2303E-01 -1.6668E-01
  1.8000E+01  1.5006E+00  3.6142E+00  4.1934E+01  3.2173E-01  1.2303E-01 -1.6668E-01
  1.8000E+01  1.5006E+00  3.6142E+00  4.1934E+01  3.2173E-01  1.2303E-01 -1.6668E-01
  1.8000E+01  1.5006E+00  3.6142E+00  4.1934E+01  3.2173E-01  1.2303E-01 -1.6668E-01
  1.8000E+01  1.5006E+00  3.6142E+00  4.1934E+01  3.2173E-01  1.2303E-01 -1.6668E-01
  1.8000E+01  1.5006E+00  3.6142E+00  4.1934E+01  3.2173E-01  1.2303E-01 -1.6668E-01
  1.8000E+01  1.5006E+00  3.6142E+00  4.1934E+01  3.2173E-01  1.2303E-01 -1.6668E-01
  1.8000E+01  1.5006E+00  3.6142E+00  4.1934E+01  3.2173E-01  1.2303E-01 -1.6668E-01
  1.9000E+01  2.3232E+00  9.3988E-01  3.9210E+01  7.5879E-01 -1.2239E+00 -2.3386E-01
  1.9000E+01  2.3232E+00  9.3988E-01  3.9210E+01  7.5879E-01 -1.2239E+00 -2.3386E-01
  1.9000E+01  2.3232E+00  9.3988E-01  3.9210E+01  7.5879E-01 -1.2239E+00 -2.3386E-01
  1.9000E+01  2.3232E+00  9.3988E-01  3.9210E+01  7.5879E-01 -1.2239E+00 -2.3386E-01
  1.9000E+01  2.3232E+00  9.3988E-01  3.9210E+01  7.5879E-01 -1.2239E+00 -2.3386E-01
  1.9000E+01  2.3232E+00  9.3988E-01  3.9210E+01  7.5879E-01 -1.2239E+00 -2.3386E-01
  1.9000E+01  2.3232E+00  9.3988E-01  3.9210E+01  7.5879E-01 -1.2239E+00 -2.3386E-01
  1.9000E+01  2.3232E+00  9.3988E-01  3.9210E+01  7.5879E-01 -1.2239E+00 -2.3386E-01
  1.9000E+01  2.3232E+00  9.3988E-01  3.9210E+01  7.5879E-01 -1.2239E+00 -2.3386E-01
  1.9000E+01  2.3232E+00  9.3988E-01  3.9210E+01  7.5879E-01 -1.2239E+00 -2.3386E-01
  1.9000E+01  2.3232E+00  9.3988E-01  3.9210E+01  7.5879E-01 -1.2239E+00 -2.3386E-01
  1.9000E+01  2.3232E+00  9.3988E-01  3.9210E+01  7.5879E-01 -1.2239E+00 -2.3386E-01
  1.9000E+01  2.3232E+00  9.3988E-01  3.9210E+01  7.5879E-01 -1.2239E+00 -2.3386E-01
  1.9000E+01  2.3232E+00  9.3988E-01  3.9210E+01  7.5879E-01 -1.2239E+00 -2.3386E-01
  1.9000E+01  2.3232E+00  9.3988E-01  3.9210E+01  7.5879E-01 -1.2239E+00 -2.3386E-01
  1.9000E+01  2.3232E+00  9.3988E-01  3.9210E+01  7.5879E-01 -1.2239E+00 -2.3386E-01
  1.9000E+01  2.3232E+00  9.3988E-01  3.9210E+01  7.5879E-01 -1.2239E+00 -2.3386E-01
  1.9000E+01  2.3232E+00  9.3988E-01  3.9210E+01  7.5879E-01 -1.2239E+00 -2.3386E-01
  1.9000E+01  2.3232E+00  9.3988E-01  3.9210E+01  7.5879E-01 -1.2239E+00 -2.3386E-01
  1.9000E+01  2.3232E+00  9.3988E-01  3.9210E+01  7.5879E-01 -1.2239E+00 -2.3386E-01
  1.9000E+01  2.3232E+00  9.3988E-01  3.9210E+01  7.5879E-01 -1.2239E+00 -2.3386E-01
  1.9000E+01  2.3232E+00  9.3988E-01  3.9210E+01  7.5879E-01 -1.2239E+00 -2.3386E-01
  1.9000E+01  2.3232E+00  9.3988E-01  3.9210E+01  7.5879E-01 -1.2239E+00 -2.3386E-01
  1.9000E+01  2.3232E+00  9.3988E-01  3.9210E+01  7.5879E-01 -1.2239E+00 -2.3386E-01
  2.0000E+01  5.5364E-01  5.4549E+00  6.2638E+01 -6.7538E-01  5.3466E-01  2.3458E-01
  2.0000E+01  5.5364E-01  5.4549E+00  6.2638E+01 -6.7538E-01  5.3466E-01  2.3458E-01
  2.0000E+01  5.5364E-01  5.4549E+00  6.2638E+01 -6.7538E-01  5.3466E-01  2.3458E-01
  2.0000E+01  5.5364E-01  5.4549E+00  6.2638E+01 -6.7538E-01  5.3466E-01  2.3458E-01
  2.0000E+01  5.5364E-01  5.4549E+00  6.2638E+01 -6.7538E-01  5.3466E-01  2.3458E-01
  2.0000E+01  5.5364E-01  5.4549E+00  6.2638E+01 -6.7538E-01  5.3466E-01  2.3458E-01
  2.0000E+01  5.5364E-01  5.4549E+00  6.2638E+01 -6.7538E-01  5.3466E-01  2.3458E-01
  2.0000E+01  5.5364E-01  5.4549E+00  6.2638E+01 -6.7538E-01  5.3466E-01  2.3458E-01
  2.0000E+01  5.5364E-01  5.4549E+00  6.2638E+01 -6.7538E-01  5.3466E-01  2.3458E-01
  2.0000E+01  5.5364E-01  5.4549E+00  6.2638E+01 -6.7538E-01  5.3466E-01  2.3458E-01
  2.0000E+01  5.5364E-01  5.4549E+00  6.2638E+01 -6.7538E-01  5.3466E-01  2.3458E-01
  2.0000E+01  5.5364E-01  5.4549E+00  6.2638E+01 -6.7538E-01  5.3466E-01  2.3458E-01
  2.0000E+01  5.5364E-01  5.4549E+00  6.2638E+01 -6.7538E-01  5.3466E-01  2.3458E-01
  2.0000E+01  5.5364E-01  5.4549E+00  6.2638E+01 -6.7538E-01  5.3466E-01  2.3458E-01
  2.0000E+01  5.5364E-01  5.4549E+00  6.2638E+01 -6.7538E-01  5.3466E-01  2.3458E-01
  2.0000E+01  5.5364E-01  5.4549E+00  6.2638E+01 -6.7538E-01  5.3466E-01  2.3458E-01
  2.0000E+01  5.5364E-01  5.4549E+00  6.2638E+01 -6.7538E-01  5.3466E-01  2.3458E-01
  2.0000E+01  5.5364E-01  5.4549E+00  6.2638E+01 -6.7538E-01  5.3466E-01  2.3458E-01
  2.0000E+01  5.5364E-01  5.4549E+00  6.2638E+01 -6.7538E-01  5.3466E-01  2.3458E-01
  2.0000E+01  5.5364E-01  5.4549E+00  6.2638E+01 -6.7538E-01  5.3466E-01  2.3458E-01
  2.0000E+01  5.5364E-01  5.4549E+00  6.2638E+01 -6.7538E-01  5.3466E-01  2.3458E-01
  2.0000E+01  5.5364E-01  5.4549E+00  6.2638E+01 -6.7538E-01  5.3466E-01  2.3458E-01
  2.0000E+01  5.5364E-01  5.4549E+00  6.2638E+01 -6.7538E-01  5.3466E-01  2.3458E-01
  2.0000E+01  5.5364E-01  5.4549E+00  6.2638E+01 -6.7538E-01  5.3466E-01  2.3458E-01
  2.1000E+01  6.5166E-01  1.6930E+00  5.2759E+01 -5.1238E-01 -6.3536E-01  6.2943E-02
  2.1000E+01  6.5166E-01  1.6930E+00  5.2759E+01 -5.1238E-01 -6.3536E-01  6.2943E-02
  2.1000E+01  6.5166E-01  1.6930E+00  5.2759E+01 -5.1238E-01 -6.3536E-01  6.2943E-02
  2.1000E+01  6.5166E-01  1.6930E+00  5.2759E+01 -5.1238E-01 -6.3536E-01  6.2943E-02
  2.1000E+01  6.5166E-01  1.6930E+00  5.2759E+01 -5.1238E-01 -6.3536E-01  6.2943E-02
  2.1000E+01  6.5166E-01  1.6930E+00  5.2759E+01 -5.1238E-01 -6.3536E-01  6.2943E-02
  2.1000E+01  6.5166E-01  1.6930E+00  5.2759E+01 -5.1238E-01 -6.3536E-01  6.2943E-02
  2.1000E+01  6.5166E-01  1.6930E+00  5.2759E+01 -5.1238E-01 -6.3536E-01  6.2943E-02
  2.1000E+01  6.5166E-01  1.6930E+00  5.2759E+01 -5.1238E-01 -6.3536E-01  6.2943E-02
  2.1000E+01  6.5166E-01  1.6930E+00  5.2759E+01 -5.1238E-01 -6.3536E-01  6.2943E-02
  2.1000E+01  6.5166E-01  1.6930E+00  5.2759E+01 -5.1238E-01 -6.3536E-01  6.2943E-02
  2.1000E+01  6.5166E-01  1.6930E+00  5.2759E+01 -5.1238E-01 -6.3536E-01  6.2943E-02
  2.1000E+01  6.5166E-01  1.6930E+00  5.2759E+01 -5.1238E-01 -6.3536E-01  6.2943E-02
  2.1000E+01  6.5166E-01  1.6930E+00  5.2759E+01 -5.1238E-01 -6.3536E-01  6.2943E-02
  2.1000E+01  6.5166E-01  1.6930E+00  5.2759E+01 -5.1238E-01 -6.3536E-01  6.2943E-02
  2.1000E+01  6.5166E-01  1.6930E+00  5.2759E+01 -5.1238E-01 -6.3536E-01  6.2943E-02
  2.1000E+01  6.5166E-01  1.6930E+00  5.2759E+01 -5.1238E-01 -6.3536E-01  6.2943E-02
  2.1000E+01  6.5166E-01  1.6930E+00  5.2759E+01 -5.1238E-01 -6.3536E-01  6.2943E-02
  2.1000E+01  6.5166E-01  1.6930E+00  5.2759E+01 -5.1238E-01 -6.3536E-01  6.2943E-02
  2.1000E+01  6.5166E-01  1.6930E+00  5.2759E+01 -5.1238E-01 -6.3536E-01  6.2943E-02
  2.1000E+01  6.5166E-01  1.6930E+00  5.2759E+01 -5.1238E-01 -6.3536E-01  6.2943E-02
  2.1000E+01  6.5166E-01  1.6930E+00  5.2759E+01 -5.1238E-01 -6.3536E-01  6.2943E-02
  2.1000E+01  6.5166E-01  1.6930E+00  5.2759E+01 -5.1238E-01 -6.3536E-01  6.2943E-02
  2.1000E+01  6.5166E-01  1.6930E+00  5.2759E+01 -5.1238E-01 -6.3536E-01  6.2943E-02
  2.2000E+01  8.8805E-01  5.4312E+00  4.8834E+01 -2.0287E-01  5.3031E-01 -1.4357E-02
  2.2000E+01  8.8805E-01  5.4312E+00  4.8834E+01 -2.0287E-01  5.3031E-01 -1.4357E-02
  2.2000E+01  8.8805E-01  5.4312E+00  4.8834E+01 -2.0287E-01  5.3031E-01 -1.4357E-02
  2.2000E+01  8.8805E-01  5.4312E+00  4.8834E+01 -2.0287E-01  5.3031E-01 -1.4357E-02
  2.2000E+01  8.8805E-01  5.4312E+00  4.8834E+01 -2.0287E-01  5.3031E-01 -1.4357E-02
  2.2000E+01  8.8805E-01  5.4312E+00  4.8834E+01 -2.0287E-01  5.3031E-01 -1.4357E-02
  2.2000E+01  8.8805E-01  5.4312E+00  4.8834E+01 -2.0287E-01  5.3031E-01 -1.4357E-02
  2.2000E+01  8.8805E-01  5.4312E+00  4.8834E+01 -2.0287E-01  5.3031E-01 -1.4357E-02
  2.2000E+01  8.8805E-01  5.4312E+00  4.8834E+01 -2.0287E-01  5.3031E-01 -1.4357E-02
  2.2000E+01  8.8805E-01  5.4312E+00  4.8834E+01 -2.0287E-01  5.3031E-01 -1.4357E-02
  2.2000E+01  8.8805E-01  5.4312E+00  4.8834E+01 -2.0287E-01  5.3031E-01 -1.4357E-02
  2.2000E+01  8.8805E-01  5.4312E+00  4.8834E+01 -2.0287E-01  5.3031E-01 -1.4357E-02
  2.2000E+01  8.8805E-01  5.4312E+00  4.8834E+01 -2.0287E-01  5.3031E-01 -1.4357E-02
  2.2000E+01  8.8805E-01  5.4312E+00  4.8834E+01 -2.0287E-01  5.3031E-01 -1.4357E-02
  2.2000E+01  8.8805E-01  5.4312E+00  4.8834E+01 -2.0287E-01  5.3031E-01 -1.4357E-02
  2.2000E+01  8.8805E-01  5.4312E+00  4.8834E+01 -2.0287E-01  5.3031E-01 -1.4357E-02
  2.2000E+01  8.8805E-01  5.4312E+00  4.8834E+01 -2.0287E-01  5.3031E-01 -1.4357E-02
  2.2000E+01  8.8805E-01  5.4312E+00  4.8834E+01 -2.0287E-01  5.3031E-01 -1.4357E-02
  2.2000E+01  8.8805E-01  5.4312E+00  4.8834E+01 -2.0287E-01  5.3031E-01 -1.4357E-02
  2.2000E+01  8.8805E-01  5.4312E+00  4.8834E+01 -2.0287E-01  5.3031E-01 -1.4357E-02
  2.2000E+01  8.8805E-01  5.4312E+00  4.8834E+01 -2.0287E-01  5.3031E-01 -1.4357E-02
  2.2000E+01  8.8805E-01  5.4312E+00  4.8834E+01 -2.0287E-01  5.3031E-01 -1.4357E-02
  2.2000E+01  8.8805E-01  5.4312E+00  4.8834E+01 -2.0287E-01  5.3031E-01 -1.4357E-02
  2.2000E+01  8.8805E-01  5.4312E+00  4.8834E+01 -2.0287E-01  5.3031E-01 -1.4357E-02
  2.3000E+01  1.1730E+00  1.3817E+00  5.5731E+01  7.5396E-02 -8.3851E-01  1.1774E-01
  2.3000E+01  1.1730E+00  1.3817E+00  5.5731E+01  7.5396E-02 -8.3851E-01  1.1774E-01
  2.3000E+01  1.1730E+00  1.3817E+00  5.5731E+01  7.5396E-02 -8.3851E-01  1.1774E-01
  2.3000E+01  1.1730E+00  1.3817E+00  5.5731E+01  7.5396E-02 -8.3851E-01  1.1774E-01
  2.3000E+01  1.1730E+00  1.3817E+00  5.5731E+01  7.5396E-02 -8.3851E-01  1.1774E-01
  2.3000E+01  1.1730E+00  1.3817E+00  5.5731E+01  7.5396E-02 -8.3851E-01  1.1774E-01
  2.3000E+01  1.1730E+00  1.3817E+00  5.5731E+01  7.5396E-02 -8.3851E-01  1.1774E-01
  2.3000E+01  1.1730E+00  1.3817E+00  5.5731E+01  7.5396E-02 -8.3851E-01  1.1774E-01
  2.3000E+01  1.1730E+00  1.3817E+00  5.5731E+01  7.5396E-02 -8.3851E-01  1.1774E-01
  2.3000E+01  1.1730E+00  1.3817E+00  5.5731E+01  7.5396E-02 -8.3851E-01  1.1774E-01
  2.3000E+01  1.1730E+00  1.3817E+00  5.5731E+01  7.5396E-02 -8.3851E-01  1.1774E-01
  2.3000E+01  1.1730E+00  1.3817E+00  5.5731E+01  7.5396E-02 -8.3851E-01  1.1774E-01
  2.3000E+01  1.1730E+00  1.3817E+00  5.5731E+01  7.5396E-02 -8.3851E-01  1.1774E-01
  2.3000E+01  1.1730E+00  1.3817E+00  5.5731E+01  7.5396E-02 -8.3851E-01  1.1774E-01
  2.3000E+01  1.1730E+00  1.3817E+00  5.5731E+01  7.5396E-02 -8.3851E-01  1.1774E-01
  2.3000E+01  1.1730E+00  1.3817E+00  5.5731E+01  7.5396E-02 -8.3851E-01  1.1774E-01
  2.3000E+01  1.1730E+00  1.3817E+00  5.5731E+01  7.5396E-02 -8.3851E-01  1.1774E-01
  2.3000E+01  1.1730E+00  1.3817E+00  5.5731E+01  7.5396E-02 -8.3851E-01  1.1774E-01
  2.3000E+01  1.1730E+00  1.3817E+00  5.5731E+01  7.5396E-02 -8.3851E-01  1.1774E-01
  2.3000E+01  1.1730E+00  1.3817E+00  5.5731E+01  7.5396E-02 -8.3851E-01  1.1774E-01
  2.3000E+01  1.1730E+00  1.3817E+00  5.5731E+01  7.5396E-02 -8.3851E-01  1.1774E-01
  2.3000E+01  1.1730E+00  1.3817E+00  5.5731E+01  7.5396E-02 -8.3851E-01  1.1774E-01
  2.3000E+01  1.1730E+00  1.3817E+00  5.5731E+01  7.5396E-02 -8.3851E-01  1.1774E-01
  2.3000E+01  1.1730E+00  1.3817E+00  5.5731E+01  7.5396E-02 -8.3851E-01  1.1774E-01
  2.4000E+01  9.1593E-01  3.5317E+00  7.4738E+01 -1.7196E-01  9.9937E-02  4.1120E-01
  2.4000E+01  9.1593E-01  3.5317E+00  7.4738E+01 -1.7196E-01  9.9937E-02  4.1120E-01
  2.4000E+01  9.1593E-01  3.5317E+00  7.4738E+01 -1.7196E-01  9.9937E-02  4.1120E-01
  2.4000E+01  9.1593E-01  3.5317E+00  7.4738E+01 -1.7196E-01  9.9937E-02  4.1120E-01
  2.4000E+01  9.1593E-01  3.5317E+00  7.4738E+01 -1.7196E-01  9.9937E-02  4.1120E-01
  2.4000E+01  9.1593E-01  3.5317E+00  7.4738E+01 -1.7196E-01  9.9937E-02  4.1120E-01
  2.4000E+01  9.1593E-01  3.5317E+00  7.4738E+01 -1.7196E-01  9.9937E-02  4.1120E-01
  2.4000E+01  9.1593E-01  3.5317E+00  7.4738E+01 -1.7196E-01  9.9937E-02  4.1120E-01
  2.4000E+01  9.1593E-01  3.5317E+00  7.4738E+01 -1.7196E-01  9.9937E-02  4.1120E-01
  2.4000E+01  9.1593E-01  3.5317E+00  7.4738E+01 -1.7196E-01  9.9937E-02  4.1120E-01
  2.4000E+01  9.1593E-01  3.5317E+00  7.4738E+01 -1.7196E-01  9.9937E-02  4.1120E-01
  2.4000E+01  9.1593E-01  3.5317E+00  7.4738E+01 -1.7196E-01  9.9937E-02  4.1120E-01
  2.4000E+01  9.1593E-01  3.5317E+00  7.4738E+01 -1.7196E-01  9.9937E-02  4.1120E-01
  2.4000E+01  9.1593E-01  3.5317E+00  7.4738E+01 -1.7196E-01  9.9937E-02  4.1120E-01
  2.4000E+01  9.1593E-01  3.5317E+00  7.4738E+01 -1.7196E-01  9.9937E-02  4.1120E-01
  2.4000E+01  9.1593E-01  3.5317E+00  7.4738E+01 -1.7196E-01  9.9937E-02  4.1120E-01
  2.4000E+01  9.1593E-01  3.5317E+00  7.4738E+01 -1.7196E-01  9.9937E-02  4.1120E-01
  2.4000E+01  9.1593E-01  3.5317E+00  7.4738E+01 -1.7196E-01  9.9937E-02  4.1120E-01
  2.4000E+01  9.1593E-01  3.5317E+00  7.4738E+01 -1.7196E-01  9.9937E-02  4.1120E-01
  2.4000E+01  9.1593E-01  3.5317E+00  7.4738E+01 -1.7196E-01  9.9937E-02  4.1120E-01
  2.4000E+01  9.1593E-01  3.5317E+00  7.4738E+01 -1.7196E-01  9.9937E-02  4.1120E-01
  2.4000E+01  9.1593E-01  3.5317E+00  7.4738E+01 -1.7196E-01  9.9937E-02  4.1120E-01
  2.4000E+01  9.1593E-01  3.5317E+00  7.4738E+01 -1.7196E-01  9.9937E-02  4.1120E-01
  2.4000E+01  9.1593E-01  3.5317E+00  7.4738E+01 -1.7196E-01  9.9937E-02  4.1120E-01
  2.5000E+01  8.9081E-01  5.3476E+00  4.7281E+01 -1.9977E-01  5.1480E-01 -4.6680E-02
  2.5000E+01  8.9081E-01  5.3476E+00  4.7281E+01 -1.9977E-01  5.1480E-01 -4.6680E-02
  2.5000E+01  8.9081E-01  5.3476E+00  4.7281E+01 -1.9977E-01  5.1480E-01 -4.6680E-02
  2.5000E+01  8.9081E-01  5.3476E+00  4.7281E+01 -1.9977E-01  5.1480E-01 -4.6680E-02
  2.5000E+01  8.9081E-01  5.3476E+00  4.7281E+01 -1.9977E-01  5.1480E-01 -4.6680E-02
  2.5000E+01  8.9081E-01  5.3476E+00  4.7281E+01 -1.9977E-01  5.1480E-01 -4.6680E-02
  2.5000E+01  8.9081E-01  5.3476E+00  4.7281E+01 -1.9977E-01  5.1480E-01 -4.6680E-02
  2.5000E+01  8.9081E-01  5.3476E+00  4.7281E+01 -1.9977E-01  5.1480E-01 -4.6680E-02
  2.5000E+01  8.9081E-01  5.3476E+00  4.7281E+01 -1.9977E-01  5.1480E-01 -4.6680E-02
  2.5000E+01  8.9081E-01  5.3476E+00  4.7281E+01 -1.9977E-01  5.1480E-01 -4.6680E-02
  2.5000E+01  8.9081E-01  5.3476E+00  4.7281E+01 -1.9977E-01  5.1480E-01 -4.6680E-02
  2.5000E+01  8.9081E-01  5.3476E+00  4.7281E+01 -1.9977E-01  5.1480E-01 -4.6680E-02
  2.5000E+01  8.9081E-01  5.3476E+00  4.7281E+01 -1.9977E-01  5.1480E-01 -4.6680E-02
  2.5000E+01  8.9081E-01  5.3476E+00  4.7281E+01 -1.9977E-01  5.1480E-01 -4.6680E-02
  2.5000E+01  8.9081E-01  5.3476E+00  4.7281E+01 -1.9977E-01  5.1480E-01 -4.6680E-02
  2.5000E+01  8.9081E-01  5.3476E+00  4.7281E+01 -1.9977E-01  5.1480E-01 -4.6680E-02
  2.5000E+01  8.9081E-01  5.3476E+00  4.7281E+01 -1.9977E-01  5.1480E-01 -4.6680E-02
  2.5000E+01  8.9081E-01  5.3476E+00  4.7281E+01 -1.9977E-01  5.1480E-01 -4.6680E-02
  2.5000E+01  8.9081E-01  5.3476E+00  4.7281E+01 -1.9977E-01  5.1480E-01 -4.6680E-02
  2.5000E+01  8.9081E-01  5.3476E+00  4.7281E+01 -1.9977E-01  5.1480E-01 -4.6680E-02
  2.5000E+01  8.9081E-01  5.3476E+00  4.7281E+01 -1.9977E-01  5.1480E-01 -4.6680E-02
  2.5000E+01  8.9081E-01  5.3476E+00  4.7281E+01 -1.9977E-01  5.1480E-01 -4.6680E-02
  2.5000E+01  8.9081E-01  5.3476E+00  4.7281E+01 -1.9977E-01  5.1480E-01 -4.6680E-02
  2.5000E+01  8.9081E-01  5.3476E+00  4.7281E+01 -1.9977E-01  5.1480E-01 -4.6680E-02
  2.6000E+01  9.3910E-01  2.8895E+00  3.4592E+01 -1.4698E-01 -1.0076E-01 -3.5916E-01
  2.6000E+01  9.3910E-01  2.8895E+00  3.4592E+01 -1.4698E-01 -1.0076E-01 -3.5916E-01
  2.6000E+01  9.3910E-01  2.8895E+00  3.4592E+01 -1.4698E-01 -1.0076E-01 -3.5916E-01
  2.6000E+01  9.3910E-01  2.8895E+00  3.4592E+01 -1.4698E-01 -1.0076E-01 -3.5916E-01
  2.6000E+01  9.3910E-01  2.8895E+00  3.4592E+01 -1.4698E-01 -1.0076E-01 -3.5916E-01
  2.6000E+01  9.3910E-01  2.8895E+00  3.4592E+01 -1.4698E-01 -1.0076E-01 -3.5916E-01
  2.6000E+01  9.3910E-01  2.8895E+00  3.4592E+01 -1.4698E-01 -1.0076E-01 -3.5916E-01
  2.6000E+01  9.3910E-01  2.8895E+00  3.4592E+01 -1.4698E-01 -1.0076E-01 -3.5916E-01
  2.6000E+01  9.3910E-01  2.8895E+00  3.4592E+01 -1.4698E-01 -1.0076E-01 -3.5916E-01
  2.6000E+01  9.3910E-01  2.8895E+00  3.4592E+01 -1.4698E-01 -1.0076E-01 -3.5916E-01
  2.6000E+01  9.3910E-01  2.8895E+00  3.4592E+01 -1.4698E-01 -1.0076E-01 -3.5916E-01
  2.6000E+01  9.3910E-01  2.8895E+00  3.4592E+01 -1.4698E-01 -1.0076E-01 -3.5916E-01
  2.6000E+01  9.3910E-01  2.8895E+00  3.4592E+01 -1.4698E-01 -1.0076E-01 -3.5916E-01
  2.6000E+01  9.3910E-01  2.8895E+00  3.4592E+01 -1.4698E-01 -1.0076E-01 -3.5916E-01
  2.6000E+01  9.3910E-01  2.8895E+00  3.4592E+01 -1.4698E-01 -1.0076E-01 -3.5916E-01
  2.6000E+01  9.3910E-01  2.8895E+00  3.4592E+01 -1.4698E-01 -1.0076E-01 -3.5916E-01
  2.6000E+01  9.3910E-01  2.8895E+00  3.4592E+01 -1.4698E-01 -1.0076E-01 -3.5916E-01
  2.6000E+01  9.3910E-01  2.8895E+00  3.4592E+01 -1.4698E-01 -1.0076E-01 -3.5916E-01
  2.6000E+01  9.3910E-01  2.8895E+00  3.4592E+01 -1.4698E-01 -1.0076E-01 -3.5916E-01
  2.6000E+01  9.3910E-01  2.8895E+00  3.4592E+01 -1.4698E-01 -1.0076E-01 -3.5916E-01
  2.6000E+01  9.3910E-01  2.8895E+00  3.4592E+01 -1.4698E-01 -1.0076E-01 -3.5916E-01
  2.6000E+01  9.3910E-01  2.8895E+00  3.4592E+01 -1.4698E-01 -1.0076E-01 -3.5916E-01
  2.6000E+01  9.3910E-01  2.8895E+00  3.4592E+01 -1.4698E-01 -1.0076E-01 -3.5916E-01
  2.6000E+01  9.3910E-01  2.8895E+00  3.4592E+01 -1.4698E-01 -1.0076E-01 -3.5916E-01
  2.7000E+01  8.5961E-01  3.0329E+00  5.4679E+01 -2.3542E-01 -5.2344E-02  9.8698E-02
  2.7000E+01  8.5961E-01  3.0329E+00  5.4679E+01 -2.3542E-01 -5.2344E-02  9.8698E-02
  2.7000E+01  8.5961E-01  3.0329E+00  5.4679E+01 -2.3542E-01 -5.2344E-02  9.8698E-02
  2.7000E+01  8.5961E-01  3.0329E+00  5.4679E+01 -2.3542E-01 -5.2344E-02  9.8698E-02
  2.7000E+01  8.5961E-01  3.0329E+00  5.4679E+01 -2.3542E-01 -5.2344E-02  9.8698E-02
  2.7000E+01  8.5961E-01  3.0329E+00  5.4679E+01 -2.3542E-01 -5.2344E-02  9.8698E-02
  2.7000E+01  8.5961E-01  3.0329E+00  5.4679E+01 -2.3542E-01 -5.2344E-02  9.8698E-02
  2.7000E+01  8.5961E-01  3.0329E+00  5.4679E+01 -2.3542E-01 -5.2344E-02  9.8698E-02
  2.7000E+01  8.5961E-01  3.0329E+00  5.4679E+01 -2.3542E-01 -5.2344E-02  9.8698E-02
  2.7000E+01  8.5961E-01  3.0329E+00  5.4679E+01 -2.3542E-01 -5.2344E-02  9.8698E-02
  2.7000E+01  8.5961E-01  3.0329E+00  5.4679E+01 -2.3542E-01 -5.2344E-02  9.8698E-02
  2.7000E+01  8.5961E-01  3.0329E+00  5.4679E+01 -2.3542E-01 -5.2344E-02  9.8698E-02
  2.7000E+01  8.5961E-01  3.0329E+00  5.4679E+01 -2.3542E-01 -5.2344E-02  9.8698E-02
  2.7000E+01  8.5961E-01  3.0329E+00  5.4679E+01 -2.3542E-01 -5.2344E-02  9.8698E-02
  2.7000E+01  8.5961E-01  3.0329E+00  5.4679E+01 -2.3542E-01 -5.2344E-02  9.8698E-02
  2.7000E+01  8.5961E-01  3.0329E+00  5.4679E+01 -2.3542E-01 -5.2344E-02  9.8698E-02
  2.7000E+01  8.5961E-01  3.0329E+00  5.4679E+01 -2.3542E-01 -5.2344E-02  9.8698E-02
  2.7000E+01  8.5961E-01  3.0329E+00  5.4679E+01 -2.3542E-01 -5.2344E-02  9.8698E-02
  2.7000E+01  8.5961E-01  3.0329E+00  5.4679E+01 -2.3542E-01 -5.2344E-02  9.8698E-02
  2.7000E+01  8.5961E-01  3.0329E+00  5.4679E+01 -2.3542E-01 -5.2344E-02  9.8698E-02
  2.7000E+01  8.5961E-01  3.0329E+00  5.4679E+01 -2.3542E-01 -5.2344E-02  9.8698E-02
  2.7000E+01  8.5961E-01  3.0329E+00  5.4679E+01 -2.3542E-01 -5.2344E-02  9.8698E-02
  2.7000E+01  8.5961E-01  3.0329E+00  5.4679E+01 -2.3542E-01 -5.2344E-02  9.8698E-02
  2.7000E+01  8.5961E-01  3.0329E+00  5.4679E+01 -2.3542E-01 -5.2344E-02  9.8698E-02
  2.8000E+01  1.6534E+00  4.2370E+00  4.6845E+01  4.1868E-01  2.8199E-01 -5.5931E-02
  2.8000E+01  1.6534E+00  4.2370E+00  4.6845E+01  4.1868E-01  2.8199E-01 -5.5931E-02
  2.8000E+01  1.6534E+00  4.2370E+00  4.6845E+01  4.1868E-01  2.8199E-01 -5.5931E-02
  2.8000E+01  1.6534E+00  4.2370E+00  4.6845E+01  4.1868E-01  2.8199E-01 -5.5931E-02
  2.8000E+01  1.6534E+00  4.2370E+00  4.6845E+01  4.1868E-01  2.8199E-01 -5.5931E-02
  2.8000E+01  1.6534E+00  4.2370E+00  4.6845E+01  4.1868E-01  2.8199E-01 -5.5931E-02
  2.8000E+01  1.6534E+00  4.2370E+00  4.6845E+01  4.1868E-01  2.8199E-01 -5.5931E-02
  2.8000E+01  1.6534E+00  4.2370E+00  4.6845E+01  4.1868E-01  2.8199E-01 -5.5931E-02
  2.8000E+01  1.6534E+00  4.2370E+00  4.6845E+01  4.1868E-01  2.8199E-01 -5.5931E-02
  2.8000E+01  1.6534E+00  4.2370E+00  4.6845E+01  4.1868E-01  2.8199E-01 -5.5931E-02
  2.8000E+01  1.6534E+00  4.2370E+00  4.6845E+01  4.1868E-01  2.8199E-01 -5.5931E-02
  2.8000E+01  1.6534E+00  4.2370E+00  4.6845E+01  4.1868E-01  2.8199E-01 -5.5931E-02
  2.8000E+01  1.6534E+00  4.2370E+00  4.6845E+01  4.1868E-01  2.8199E-01 -5.5931E-02
  2.8000E+01  1.6534E+00  4.2370E+00  4.6845E+01  4.1868E-01  2.8199E-01 -5.5931E-02
  2.8000E+01  1.6534E+00  4.2370E+00  4.6845E+01  4.1868E-01  2.8199E-01 -5.5931E-02
  2.8000E+01  1.6534E+00  4.2370E+00  4.6845E+01  4.1868E-01  2.8199E-01 -5.5931E-02
  2.8000E+01  1.6534E+00  4.2370E+00  4.6845E+01  4.1868E-01  2.8199E-01 -5.5931E-02
  2.8000E+01  1.6534E+00  4.2370E+00  4.6845E+01  4.1868E-01  2.8199E-01 -5.5931E-02
  2.8000E+01  1.6534E+00  4.2370E+00  4.6845E+01  4.1868E-01  2.8199E-01 -5.5931E-02
  2.8000E+01  1.6534E+00  4.2370E+00  4.6845E+01  4.1868E-01  2.8199E-01 -5.5931E-02
  2.8000E+01  1.6534E+00  4.2370E+00  4.6845E+01  4.1868E-01  2.8199E-01 -5.5931E-02
  2.8000E+01  1.6534E+00  4.2370E+00  4.6845E+01  4.1868E-01  2.8199E-01 -5.5931E-02
  2.8000E+01  1.6534E+00  4.2370E+00  4.6845E+01  4.1868E-01  2.8199E-01 -5.5931E-02
  2.8000E+01  1.6534E+00  4.2370E+00  4.6845E+01  4.1868E-01  2.8199E-01 -5.5931E-02
  2.9000E+01  4.7784E-01  8.8430E-01  4.8159E+01 -8.2262E-01 -1.2848E+00 -2.8268E-02
  2.9000E+01  4.7784E-01  8.8430E-01  4.8159E+01 -8.2262E-01 -1.2848E+00 -2.8268E-02
  2.9000E+01  4.7784E-01  8.8430E-01  4.8159E+01 -8.2262E-01 -1.2848E+00 -2.8268E-02
  2.9000E+01  4.7784E-01  8.8430E-01  4.8159E+01 -8.2262E-01 -1.2848E+00 -2.8268E-02
  2.9000E+01  4.7784E-01  8.8430E-01  4.8159E+01 -8.2262E-01 -1.2848E+00 -2.8268E-02
  2.9000E+01  4.7784E-01  8.8430E-01  4.8159E+01 -8.2262E-01 -1.2848E+00 -2.8268E-02
  2.9000E+01  4.7784E-01  8.8430E-01  4.8159E+01 -8.2262E-01 -1.2848E+00 -2.8268E-02
  2.9000E+01  4.7784E-01  8.8430E-01  4.8159E+01 -8.2262E-01 -1.2848E+00 -2.8268E-02
  2.9000E+01  4.7784E-01  8.8430E-01  4.8159E+01 -8.2262E-01 -1.2848E+00 -2.8268E-02
  2.9000E+01  4.7784E-01  8.8430E-01  4.8159E+01 -8.2262E-01 -1.2848E+00 -2.8268E-02
  2.9000E+01  4.7784E-01  8.8430E-01  4.8159E+01 -8.2262E-01 -1.2848E+00 -2.8268E-02
  2.9000E+01  4.7784E-01  8.8430E-01  4.8159E+01 -8.2262E-01 -1.2848E+00 -2.8268E-02
  2.9000E+01  4.7784E-01  8.8430E-01  4.8159E+01 -8.2262E-01 -1.2848E+00 -2.8268E-02
  2.9000E+01  4.7784E-01  8.8430E-01  4.8159E+01 -8.2262E-01 -1.2848E+00 -2.8268E-02
  2.9000E+01  4.7784E-01  8.8430E-01  4.8159E+01 -8.2262E-01 -1.2848E+00 -2.8268E-02
  2.9000E+01  4.7784E-01  8.8430E-01  4.8159E+01 -8.2262E-01 -1.2848E+00 -2.8268E-02
  2.9000E+01  4.7784E-01  8.8430E-01  4.8159E+01 -8.2262E-01 -1.2848E+00 -2.8268E-02
  2.9000E+01  4.7784E-01  8.8430E-01  4.8159E+01 -8.2262E-01 -1.2848E+00 -2.8268E-02
  2.9000E+01  4.7784E-01  8.8430E-01  4.8159E+01 -8.2262E-01 -1.2848E+00 -2.8268E-02
  2.9000E+01  4.7784E-01  8.8430E-01  4.8159E+01 -8.2262E-01 -1.2848E+00 -2.8268E-02
  2.9000E+01  4.7784E-01  8.8430E-01  4.8159E+01 -8.2262E-01 -1.2848E+00 -2.8268E-02
  2.9000E+01  4.7784E-01  8.8430E-01  4.8159E+01 -8.2262E-01 -1.2848E+00 -2.8268E-02
  2.9000E+01  4.7784E-01  8.8430E-01  4.8159E+01 -8.2262E-01 -1.2848E+00 -2.8268E-02
  2.9000E+01  4.7784E-01  8.8430E-01  4.8159E+01 -8.2262E-01 -1.2848E+00 -2.8268E-02
  3.0000E+01  9.3993E-01  3.1708E+00  4.7798E+01 -1.4609E-01 -7.8579E-03 -3.5803E-02
  3.0000E+01  9.3993E-01  3.1708E+00  4.7798E+01 -1.4609E-01 -7.8579E-03 -3.5803E-02
  3.0000E+01  9.3993E-01  3.1708E+00  4.7798E+01 -1.4609E-01 -7.8579E-03 -3.5803E-02
  3.0000E+01  9.3993E-01  3.1708E+00  4.7798E+01 -1.4609E-01 -7.8579E-03 -3.5803E-02
  3.0000E+01  9.3993E-01  3.1708E+00  4.7798E+01 -1.4609E-01 -7.8579E-03 -3.5803E-02
  3.0000E+01  9.3993E-01  3.1708E+00  4.7798E+01 -1.4609E-01 -7.8579E-03 -3.5803E-02
  3.0000E+01  9.3993E-01  3.1708E+00  4.7798E+01 -1.4609E-01 -7.8579E-03 -3.5803E-02
  3.0000E+01  9.3993E-01  3.1708E+00  4.7798E+01 -1.4609E-01 -7.8579E-03 -3.5803E-02
  3.0000E+01  9.3993E-01  3.1708E+00  4.7798E+01 -1.4609E-01 -7.8579E-03 -3.5803E-02
  3.0000E+01  9.3993E-01  3.1708E+00  4.7798E+01 -1.4609E-01 -7.8579E-03 -3.5803E-02
  3.0000E+01  9.3993E-01  3.1708E+00  4.7798E+01 -1.4609E-01 -7.8579E-03 -3.5803E-02
  3.0000E+01  9.3993E-01  3.1708E+00  4.7798E+01 -1.4609E-01 -7.8579E-03 -3.5803E-02
  3.0000E+01  9.3993E-01  3.1708E+00  4.7798E+01 -1.4609E-01 -7.8579E-03 -3.5803E-02
  3.0000E+01  9.3993E-01  3.1708E+00  4.7798E+01 -1.4609E-01 -7.8579E-03 -3.5803E-02
  3.0000E+01  9.3993E-01  3.1708E+00  4.7798E+01 -1.4609E-01 -7.8579E-03 -3.5803E-02
  3.0000E+01  9.3993E-01  3.1708E+00  4.7798E+01 -1.4609E-01 -7.8579E-03 -3.5803E-02
  3.0000E+01  9.3993E-01  3.1708E+00  4.7798E+01 -1.4609E-01 -7.8579E-03 -3.5803E-02
  3.0000E+01  9.3993E-01  3.1708E+00  4.7798E+01 -1.4609E-01 -7.8579E-03 -3.5803E-02
  3.0000E+01  9.3993E-01  3.1708E+00  4.7798E+01 -1.4609E-01 -7.8579E-03 -3.5803E-02
  3.0000E+01  9.3993E-01  3.1708E+00  4.7798E+01 -1.4609E-01 -7.8579E-03 -3.5803E-02
  3.0000E+01  9.3993E-01  3.1708E+00  4.7798E+01 -1.4609E-01 -7.8579E-03 -3.5803E-02
  3.0000E+01  9.3993E-01  3.1708E+00  4.7798E+01 -1.4609E-01 -7.8579E-03 -3.5803E-02
  3.0000E+01  9.3993E-01  3.1708E+00  4.7798E+01 -1.4609E-01 -7.8579E-03 -3.5803E-02
  3.0000E+01  9.3993E-01  3.1708E+00  4.7798E+01 -1.4609E-01 -7.8579E-03 -3.5803E-02
  3.1000E+01  1.2613E+00  4.9278E+00  3.9891E+01  1.4798E-01  4.3303E-01 -2.1663E-01
  3.1000E+01  1.2613E+00  4.9278E+00  3.9891E+01  1.4798E-01  4.3303E-01 -2.1663E-01
  3.1000E+01  1.2613E+00  4.9278E+00  3.9891E+01  1.4798E-01  4.3303E-01 -2.1663E-01
  3.1000E+01  1.2613E+00  4.9278E+00  3.9891E+01  1.4798E-01  4.3303E-01 -2.1663E-01
  3.1000E+01  1.2613E+00  4.9278E+00  3.9891E+01  1.4798E-01  4.3303E-01 -2.1663E-01
  3.1000E+01  1.2613E+00  4.9278E+00  3.9891E+01  1.4798E-01  4.3303E-01 -2.1663E-01
  3.1000E+01  1.2613E+00  4.9278E+00  3.9891E+01  1.4798E-01  4.3303E-01 -2.1663E-01
  3.1000E+01  1.2613E+00  4.9278E+00  3.9891E+01  1.4798E-01  4.3303E-01 -2.1663E-01
  3.1000E+01  1.2613E+00  4.9278E+00  3.9891E+01  1.4798E-01  4.3303E-01 -2.1663E-01
  3.1000E+01  1.2613E+00  4.9278E+00  3.9891E+01  1.4798E-01  4.3303E-01 -2.1663E-01
  3.1000E+01  1.2613E+00  4.9278E+00  3.9891E+01  1.4798E-01  4.3303E-01 -2.1663E-01
  3.1000E+01  1.2613E+00  4.9278E+00  3.9891E+01  1.4798E-01  4.3303E-01 -2.1663E-01
  3.1000E+01  1.2613E+00  4.9278E+00  3.9891E+01  1.4798E-01  4.3303E-01 -2.1663E-01
  3.1000E+01  1.2613E+00  4.9278E+00  3.9891E+01  1.4798E-01  4.3303E-01 -2.1663E-01
  3.1000E+01  1.2613E+00  4.9278E+00  3.9891E+01  1.4798E-01  4.3303E-01 -2.1663E-01
  3.1000E+01  1.2613E+00  4.9278E+00  3.9891E+01  1.4798E-01  4.3303E-01 -2.1663E-01
  3.1000E+01  1.2613E+00  4.9278E+00  3.9891E+01  1.4798E-01  4.3303E-01 -2.1663E-01
  3.1000E+01  1.2613E+00  4.9278E+00  3.9891E+01  1.4798E-01  4.3303E-01 -2.1663E-01
  3.1000E+01  1.2613E+00  4.9278E+00  3.9891E+01  1.4798E-01  4.3303E-01 -2.1663E-01
  3.1000E+01  1.2613E+00  4.9278E+00  3.9891E+01  1.4798E-01  4.3303E-01 -2.1663E-01
  3.1000E+01  1.2613E+00  4.9278E+00  3.9891E+01  1.4798E-01  4.3303E-01 -2.1663E-01
  3.1000E+01  1.2613E+00  4.9278E+00  3.9891E+01  1.4798E-01  4.3303E-01 -2.1663E-01
  3.1000E+01  1.2613E+00  4.9278E+00  3.9891E+01  1.4798E-01  4.3303E-01 -2.1663E-01
  3.1000E+01  1.2613E+00  4.9278E+00  3.9891E+01  1.4798E-01  4.3303E-01 -2.1663E-01
  3.2000E+01  8.5329E-01  1.3391E+00  4.6875E+01 -2.4280E-01 -8.6985E-01 -5.5290E-02
  3.2000E+01  8.5329E-01  1.3391E+00  4.6875E+01 -2.4280E-01 -8.6985E-01 -5.5290E-02
  3.2000E+01  8.5329E-01  1.3391E+00  4.6875E+01 -2.4280E-01 -8.6985E-01 -5.5290E-02
  3.2000E+01  8.5329E-01  1.3391E+00  4.6875E+01 -2.4280E-01 -8.6985E-01 -5.5290E-02
  3.2000E+01  8.5329E-01  1.3391E+00  4.6875E+01 -2.4280E-01 -8.6985E-01 -5.5290E-02
  3.2000E+01  8.5329E-01  1.3391E+00  4.6875E+01 -2.4280E-01 -8.6985E-01 -5.5290E-02
  3.2000E+01  8.5329E-01  1.3391E+00  4.6875E+01 -2.4280E-01 -8.6985E-01 -5.5290E-02
  3.2000E+01  8.5329E-01  1.3391E+00  4.6875E+01 -2.4280E-01 -8.6985E-01 -5.5290E-02
  3.2000E+01  8.5329E-01  1.3391E+00  4.6875E+01 -2.4280E-01 -8.6985E-01 -5.5290E-02
  3.2000E+01  8.5329E-01  1.3391E+00  4.6875E+01 -2.4280E-01 -8.6985E-01 -5.5290E-02
  3.2000E+01  8.5329E-01  1.3391E+00  4.6875E+01 -2.4280E-01 -8.6985E-01 -5.5290E-02
  3.2000E+01  8.5329E-01  1.3391E+00  4.6875E+01 -2.4280E-01 -8.6985E-01 -5.5290E-02
  3.2000E+01  8.5329E-01  1.3391E+00  4.6875E+01 -2.4280E-01 -8.6985E-01 -5.5290E-02
  3.2000E+01  8.5329E-01  1.3391E+00  4.6875E+01 -2.4280E-01 -8.6985E-01 -5.5290E-02
  3.2000E+01  8.5329E-01  1.3391E+00  4.6875E+01 -2.4280E-01 -8.6985E-01 -5.5290E-02
  3.2000E+01  8.5329E-01  1.3391E+00  4.6875E+01 -2.4280E-01 -8.6985E-01 -5.5290E-02
  3.2000E+01  8.5329E-01  1.3391E+00  4.6875E+01 -2.4280E-01 -8.6985E-01 -5.5290E-02
  3.2000E+01  8.5329E-01  1.3391E+00  4.6875E+01 -2.4280E-01 -8.6985E-01 -5.5290E-02
  3.2000E+01  8.5329E-01  1.3391E+00  4.6875E+01 -2.4280E-01 -8.6985E-01 -5.5290E-02
  3.2000E+01  8.5329E-01  1.3391E+00  4.6875E+01 -2.4280E-01 -8.6985E-01 -5.5290E-02
  3.2000E+01  8.5329E-01  1.3391E+00  4.6875E+01 -2.4280E-01 -8.6985E-01 -5.5290E-02
  3.2000E+01  8.5329E-01  1.3391E+00  4.6875E+01 -2.4280E-01 -8.6985E-01 -5.5290E-02
  3.2000E+01  8.5329E-01  1.3391E+00  4.6875E+01 -2.4280E-01 -8.6985E-01 -5.5290E-02
  3.2000E+01  8.5329E-01  1.3391E+00  4.6875E+01 -2.4280E-01 -8.6985E-01 -5.5290E-02
  3.3000E+01  1.3919E+00  9.0005E-01  5.2035E+01  2.4649E-01 -1.2672E+00  4.9135E-02
  3.3000E+01  1.3919E+00  9.0005E-01  5.2035E+01  2.4649E-01 -1.2672E+00  4.9135E-02
  3.3000E+01  1.3919E+00  9.0005E-01  5.2035E+01  2.4649E-01 -1.2672E+00  4.9135E-02
  3.3000E+01  1.3919E+00  9.0005E-01  5.2035E+01  2.4649E-01 -1.2672E+00  4.9135E-02
  3.3000E+01  1.3919E+00  9.0005E-01  5.2035E+01  2.4649E-01 -1.2672E+00  4.9135E-02
  3.3000E+01  1.3919E+00  9.0005E-01  5.2035E+01  2.4649E-01 -1.2672E+00  4.9135E-02
  3.3000E+01  1.3919E+00  9.0005E-01  5.2035E+01  2.4649E-01 -1.2672E+00  4.9135E-02
  3.3000E+01  1.3919E+00  9.0005E-01  5.2035E+01  2.4649E-01 -1.2672E+00  4.9135E-02
  3.3000E+01  1.3919E+00  9.0005E-01  5.2035E+01  2.4649E-01 -1.2672E+00  4.9135E-02
  3.3000E+01  1.3919E+00  9.0005E-01  5.2035E+01  2.4649E-01 -1.2672E+00  4.9135E-02
  3.3000E+01  1.3919E+00  9.0005E-01  5.2035E+01  2.4649E-01 -1.2672E+00  4.9135E-02
  3.3000E+01  1.3919E+00  9.0005E-01  5.2035E+01  2.4649E-01 -1.2672E+00  4.9135E-02
  3.3000E+01  1.3919E+00  9.0005E-01  5.2035E+01  2.4649E-01 -1.2672E+00  4.9135E-02
  3.3000E+01  1.3919E+00  9.0005E-01  5.2035E+01  2.4649E-01 -1.2672E+00  4.9135E-02
  3.3000E+01  1.3919E+00  9.0005E-01  5.2035E+01  2.4649E-01 -1.2672E+00  4.9135E-02
  3.3000E+01  1.3919E+00  9.0005E-01  5.2035E+01  2.4649E-01 -1.2672E+00  4.9135E-02
  3.3000E+01  1.3919E+00  9.0005E-01  5.2035E+01  2.4649E-01 -1.2672E+00  4.9135E-02
  3.3000E+01  1.3919E+00  9.0005E-01  5.2035E+01  2.4649E-01 -1.2672E+00  4.9135E-02
  3.3000E+01  1.3919E+00  9.0005E-01  5.2035E+01  2.4649E-01 -1.2672E+00  4.9135E-02
  3.3000E+01  1.3919E+00  9.0005E-01  5.2035E+01  2.4649E-01 -1.2672E+00  4.9135E-02
  3.3000E+01  1.3919E+00  9.0005E-01  5.2035E+01  2.4649E-01 -1.2672E+00  4.9135E-02
  3.3000E+01  1.3919E+00  9.0005E-01  5.2035E+01  2.4649E-01 -1.2672E+00  4.9135E-02
  3.3000E+01  1.3919E+00  9.0005E-01  5.2035E+01  2.4649E-01 -1.2672E+00  4.9135E-02
  3.3000E+01  1.3919E+00  9.0005E-01  5.2035E+01  2.4649E-01 -1.2672E+00  4.9135E-02
  3.4000E+01  7.6701E-01  4.2087E+00  4.6677E+01 -3.4941E-01  2.7529E-01 -5.9532E-02
  3.4000E+01  7.6701E-01  4.2087E+00  4.6677E+01 -3.4941E-01  2.7529E-01 -5.9532E-02
  3.4000E+01  7.6701E-01  4.2087E+00  4.6677E+01 -3.4941E-01  2.7529E-01 -5.9532E-02
  3.4000E+01  7.6701E-01  4.2087E+00  4.6677E+01 -3.4941E-01  2.7529E-01 -5.9532E-02
  3.4000E+01  7.6701E-01  4.2087E+00  4.6677E+01 -3.4941E-01  2.7529E-01 -5.9532E-02
  3.4000E+01  7.6701E-01  4.2087E+00  4.6677E+01 -3.4941E-01  2.7529E-01 -5.9532E-02
  3.4000E+01  7.6701E-01  4.2087E+00  4.6677E+01 -3.4941E-01  2.7529E-01 -5.9532E-02
  3.4000E+01  7.6701E-01  4.2087E+00  4.6677E+01 -3.4941E-01  2.7529E-01 -5.9532E-02
  3.4000E+01  7.6701E-01  4.2087E+00  4.6677E+01 -3.4941E-01  2.7529E-01 -5.9532E-02
  3.4000E+01  7.6701E-01  4.2087E+00  4.6677E+01 -3.4941E-01  2.7529E-01 -5.9532E-02
  3.4000E+01  7.6701E-01  4.2087E+00  4.6677E+01 -3.4941E-01  2.7529E-01 -5.9532E-02
  3.4000E+01  7.6701E-01  4.2087E+00  4.6677E+01 -3.4941E-01  2.7529E-01 -5.9532E-02
  3.4000E+01  7.6701E-01  4.2087E+00  4.6677E+01 -3.4941E-01  2.7529E-01 -5.9532E-02
  3.4000E+01  7.6701E-01  4.2087E+00  4.6677E+01 -3.4941E-01  2.7529E-01 -5.9532E-02
  3.4000E+01  7.6701E-01  4.2087E+00  4.6677E+01 -3.4941E-01  2.7529E-01 -5.9532E-02
  3.4000E+01  7.6701E-01  4.2087E+00  4.6677E+01 -3.4941E-01  2.7529E-01 -5.9532E-02
  3.4000E+01  7.6701E-01  4.2087E+00  4.6677E+01 -3.4941E-01  2.7529E-01 -5.9532E-02
  3.4000E+01  7.6701E-01  4.2087E+00  4.6677E+01 -3.4941E-01  2.7529E-01 -5.9532E-02
  3.4000E+01  7.6701E-01  4.2087E+00  4.6677E+01 -3.4941E-01  2.7529E-01 -5.9532E-02
  3.4000E+01  7.6701E-01  4.2087E+00  4.6677E+01 -3.4941E-01  2.7529E-01 -5.9532E-02
  3.4000E+01  7.6701E-01  4.2087E+00  4.6677E+01 -3.4941E-01  2.7529E-01 -5.9532E-02
  3.4000E+01  7.6701E-01  4.2087E+00  4.6677E+01 -3.4941E-01  2.7529E-01 -5.9532E-02
  3.4000E+01  7.6701E-01  4.2087E+00  4.6677E+01 -3.4941E-01  2.7529E-01 -5.9532E-02
  3.4000E+01  7.6701E-01  4.2087E+00  4.6677E+01 -3.4941E-01  2.7529E-01 -5.9532E-02
  3.5000E+01  1.5608E+00  6.4757E+00  4.5475E+01  3.6102E-01  7.0620E-01 -8.5621E-02
  3.5000E+01  1.5608E+00  6.4757E+00  4.5475E+01  3.6102E-01  7.0620E-01 -8.5621E-02
  3.5000E+01  1.5608E+00  6.4757E+00  4.5475E+01  3.6102E-01  7.0620E-01 -8.5621E-02
  3.5000E+01  1.5608E+00  6.4757E+00  4.5475E+01  3.6102E-01  7.0620E-01 -8.5621E-02
  3.5000E+01  1.5608E+00  6.4757E+00  4.5475E+01  3.6102E-01  7.0620E-01 -8.5621E-02
  3.5000E+01  1.5608E+00  6.4757E+00  4.5475E+01  3.6102E-01  7.0620E-01 -8.5621E-02
  3.5000E+01  1.5608E+00  6.4757E+00  4.5475E+01  3.6102E-01  7.0620E-01 -8.5621E-02
  3.5000E+01  1.5608E+00  6.4757E+00  4.5475E+01  3.6102E-01  7.0620E-01 -8.5621E-02
  3.5000E+01  1.5608E+00  6.4757E+00  4.5475E+01  3.6102E-01  7.0620E-01 -8.5621E-02
  3.5000E+01  1.5608E+00  6.4757E+00  4.5475E+01  3.6102E-01  7.0620E-01 -8.5621E-02
  3.5000E+01  1.5608E+00  6.4757E+00  4.5475E+01  3.6102E-01  7.0620E-01 -8.5621E-02
  3.5000E+01  1.5608E+00  6.4757E+00  4.5475E+01  3.6102E-01  7.0620E-01 -8.5621E-02
  3.5000E+01  1.5608E+00  6.4757E+00  4.5475E+01  3.6102E-01  7.0620E-01 -8.5621E-02
  3.5000E+01  1.5608E+00  6.4757E+00  4.5475E+01  3.6102E-01  7.0620E-01 -8.5621E-02
  3.5000E+01  1.5608E+00  6.4757E+00  4.5475E+01  3.6102E-01  7.0620E-01 -8.5621E-02
  3.5000E+01  1.5608E+00  6.4757E+00  4.5475E+01  3.6102E-01  7.0620E-01 -8.5621E-02
  3.5000E+01  1.5608E+00  6.4757E+00  4.5475E+01  3.6102E-01  7.0620E-01 -8.5621E-02
  3.5000E+01  1.5608E+00  6.4757E+00  4.5475E+01  3.6102E-01  7.0620E-01 -8.5621E-02
  3.5000E+01  1.5608E+00  6.4757E+00  4.5475E+01  3.6102E-01  7.0620E-01 -8.5621E-02
  3.5000E+01  1.5608E+00  6.4757E+00  4.5475E+01  3.6102E-01  7.0620E-01 -8.5621E-02
  3.5000E+01  1.5608E+00  6.4757E+00  4.5475E+01  3.6102E-01  7.0620E-01 -8.5621E-02
  3.5000E+01  1.5608E+00  6.4757E+00  4.5475E+01  3.6102E-01  7.0620E-01 -8.5621E-02
  3.5000E+01  1.5608E+00  6.4757E+00  4.5475E+01  3.6102E-01  7.0620E-01 -8.5621E-02
  3.5000E+01  1.5608E+00  6.4757E+00  4.5475E+01  3.6102E-01  7.0620E-01 -8.5621E-02
  3.6000E+01  6.2610E-01  5.0736E+00  5.4670E+01 -5.5239E-01  4.6220E-01  9.8529E-02
  3.6000E+01  6.2610E-01  5.0736E+00  5.4670E+01 -5.5239E-01  4.6220E-01  9.8529E-02
  3.6000E+01  6.2610E-01  5.0736E+00  5.4670E+01 -5.5239E-01  4.6220E-01  9.8529E-02
  3.6000E+01  6.2610E-01  5.0736E+00  5.4670E+01 -5.5239E-01  4.6220E-01  9.8529E-02
  3.6000E+01  6.2610E-01  5.0736E+00  5.4670E+01 -5.5239E-01  4.6220E-01  9.8529E-02
  3.6000E+01  6.2610E-01  5.0736E+00  5.4670E+01 -5.5239E-01  4.6220E-01  9.8529E-02
  3.6000E+01  6.2610E-01  5.0736E+00  5.4670E+01 -5.5239E-01  4.6220E-01  9.8529E-02
  3.6000E+01  6.2610E-01  5.0736E+00  5.4670E+01 -5.5239E-01  4.6220E-01  9.8529E-02
  3.6000E+01  6.2610E-01  5.0736E+00  5.4670E+01 -5.5239E-01  4.6220E-01  9.8529E-02
  3.6000E+01  6.2610E-01  5.0736E+00  5.4670E+01 -5.5239E-01  4.6220E-01  9.8529E-02
  3.6000E+01  6.2610E-01  5.0736E+00  5.4670E+01 -5.5239E-01  4.6220E-01  9.8529E-02
  3.6000E+01  6.2610E-01  5.0736E+00  5.4670E+01 -5.5239E-01  4.6220E-01  9.8529E-02
  3.6000E+01  6.2610E-01  5.0736E+00  5.4670E+01 -5.5239E-01  4.6220E-01  9.8529E-02
  3.6000E+01  6.2610E-01  5.0736E+00  5.4670E+01 -5.5239E-01  4.6220E-01  9.8529E-02
  3.6000E+01  6.2610E-01  5.0736E+00  5.4670E+01 -5.5239E-01  4.6220E-01  9.8529E-02
  3.6000E+01  6.2610E-01  5.0736E+00  5.4670E+01 -5.5239E-01  4.6220E-01  9.8529E-02
  3.6000E+01  6.2610E-01  5.0736E+00  5.4670E+01 -5.5239E-01  4.6220E-01  9.8529E-02
  3.6000E+01  6.2610E-01  5.0736E+00  5.4670E+01 -5.5239E-01  4.6220E-01  9.8529E-02
  3.6000E+01  6.2610E-01  5.0736E+00  5.4670E+01 -5.5239E-01  4.6220E-01  9.8529E-02
  3.6000E+01  6.2610E-01  5.0736E+00  5.4670E+01 -5.5239E-01  4.6220E-01  9.8529E-02
  3.6000E+01  6.2610E-01  5.0736E+00  5.4670E+01 -5.5239E-01  4.6220E-01  9.8529E-02
  3.6000E+01  6.2610E-01  5.0736E+00  5.4670E+01 -5.5239E-01  4.6220E-01  9.8529E-02
  3.6000E+01  6.2610E-01  5.0736E+00  5.4670E+01 -5.5239E-01  4.6220E-01  9.8529E-02
  3.6000E+01  6.2610E-01  5.0736E+00  5.4670E+01 -5.5239E-01  4.6220E-01  9.8529E-02
  3.7000E+01  1.4011E+00  4.1069E+00  4.3089E+01  2.5309E-01  2.5082E-01 -1.3951E-01
  3.7000E+01  1.4011E+00  4.1069E+00  4.3089E+01  2.5309E-01  2.5082E-01 -1.3951E-01
  3.7000E+01  1.4011E+00  4.1069E+00  4.3089E+01  2.5309E-01  2.5082E-01 -1.3951E-01
  3.7000E+01  1.4011E+00  4.1069E+00  4.3089E+01  2.5309E-01  2.5082E-01 -1.3951E-01
  3.7000E+01  1.4011E+00  4.1069E+00  4.3089E+01  2.5309E-01  2.5082E-01 -1.3951E-01
  3.7000E+01  1.4011E+00  4.1069E+00  4.3089E+01  2.5309E-01  2.5082E-01 -1.3951E-01
  3.7000E+01  1.4011E+00  4.1069E+00  4.3089E+01  2.5309E-01  2.5082E-01 -1.3951E-01
  3.7000E+01  1.4011E+00  4.1069E+00  4.3089E+01  2.5309E-01  2.5082E-01 -1.3951E-01
  3.7000E+01  1.4011E+00  4.1069E+00  4.3089E+01  2.5309E-01  2.5082E-01 -1.3951E-01
  3.7000E+01  1.4011E+00  4.1069E+00  4.3089E+01  2.5309E-01  2.5082E-01 -1.3951E-01
  3.7000E+01  1.4011E+00  4.1069E+00  4.3089E+01  2.5309E-01  2.5082E-01 -1.3951E-01
  3.7000E+01  1.4011E+00  4.1069E+00  4.3089E+01  2.5309E-01  2.5082E-01 -1.3951E-01
  3.7000E+01  1.4011E+00  4.1069E+00  4.3089E+01  2.5309E-01  2.5082E-01 -1.3951E-01
  3.7000E+01  1.4011E+00  4.1069E+00  4.3089E+01  2.5309E-01  2.5082E-01 -1.3951E-01
  3.7000E+01  1.4011E+00  4.1069E+00  4.3089E+01  2.5309E-01  2.5082E-01 -1.3951E-01
  3.7000E+01  1.4011E+00  4.1069E+00  4.3089E+01  2.5309E-01  2.5082E-01 -1.3951E-01
  3.7000E+01  1.4011E+00  4.1069E+00  4.3089E+01  2.5309E-01  2.5082E-01 -1.3951E-01
  3.7000E+01  1.4011E+00  4.1069E+00  4.3089E+01  2.5309E-01  2.5082E-01 -1.3951E-01
  3.7000E+01  1.4011E+00  4.1069E+00  4.3089E+01  2.5309E-01  2.5082E-01 -1.3951E-01
  3.7000E+01  1.4011E+00  4.1069E+00  4.3089E+01  2.5309E-01  2.5082E-01 -1.3951E-01
  3.7000E+01  1.4011E+00  4.1069E+00  4.3089E+01  2.5309E-01  2.5082E-01 -1.3951E-01
  3.7000E+01  1.4011E+00  4.1069E+00  4.3089E+01  2.5309E-01  2.5082E-01 -1.3951E-01
  3.7000E+01  1.4011E+00  4.1069E+00  4.3089E+01  2.5309E-01  2.5082E-01 -1.3951E-01
  3.7000E+01  1.4011E+00  4.1069E+00  4.3089E+01  2.5309E-01  2.5082E-01 -1.3951E-01
  3.8000E+01  7.6654E-01  4.0531E+00  4.9945E+01 -3.5002E-01  2.3764E-01  8.1461E-03
  3.8000E+01  7.6654E-01  4.0531E+00  4.9945E+01 -3.5002E-01  2.3764E-01  8.1461E-03
  3.8000E+01  7.6654E-01  4.0531E+00  4.9945E+01 -3.5002E-01  2.3764E-01  8.1461E-03
  3.8000E+01  7.6654E-01  4.0531E+00  4.9945E+01 -3.5002E-01  2.3764E-01  8.1461E-03
  3.8000E+01  7.6654E-01  4.0531E+00  4.9945E+01 -3.5002E-01  2.3764E-01  8.1461E-03
  3.8000E+01  7.6654E-01  4.0531E+00  4.9945E+01 -3.5002E-01  2.3764E-01  8.1461E-03
  3.8000E+01  7.6654E-01  4.0531E+00  4.9945E+01 -3.5002E-01  2.3764E-01  8.1461E-03
  3.8000E+01  7.6654E-01  4.0531E+00  4.9945E+01 -3.5002E-01  2.3764E-01  8.1461E-03
  3.8000E+01  7.6654E-01  4.0531E+00  4.9945E+01 -3.5002E-01  2.3764E-01  8.1461E-03
  3.8000E+01  7.6654E-01  4.0531E+00  4.9945E+01 -3.5002E-01  2.3764E-01  8.1461E-03
  3.8000E+01  7.6654E-01  4.0531E+00  4.9945E+01 -3.5002E-01  2.3764E-01  8.1461E-03
  3.8000E+01  7.6654E-01  4.0531E+00  4.9945E+01 -3.5002E-01  2.3764E-01  8.1461E-03
  3.8000E+01  7.6654E-01  4.0531E+00  4.9945E+01 -3.5002E-01  2.3764E-01  8.1461E-03
  3.8000E+01  7.6654E-01  4.0531E+00  4.9945E+01 -3.5002E-01  2.3764E-01  8.1461E-03
  3.8000E+01  7.6654E-01  4.0531E+00  4.9945E+01 -3.5002E-01  2.3764E-01  8.1461E-03
  3.8000E+01  7.6654E-01  4.0531E+00  4.9945E+01 -3.5002E-01  2.3764E-01  8.1461E-03
  3.8000E+01  7.6654E-01  4.0531E+00  4.9945E+01 -3.5002E-01  2.3764E-01  8.1461E-03
  3.8000E+01  7.6654E-01  4.0531E+00  4.9945E+01 -3.5002E-01  2.3764E-01  8.1461E-03
  3.8000E+01  7.6654E-01  4.0531E+00  4.9945E+01 -3.5002E-01  2.3764E-01  8.1461E-03
  3.8000E+01  7.6654E-01  4.0531E+00  4.9945E+01 -3.5002E-01  2.3764E-01  8.1461E-03
  3.8000E+01  7.6654E-01  4.0531E+00  4.9945E+01 -3.5002E-01  2.3764E-01  8.1461E-03
  3.8000E+01  7.6654E-01  4.0531E+00  4.9945E+01 -3.5002E-01  2.3764E-01  8.1461E-03
  3.8000E+01  7.6654E-01  4.0531E+00  4.9945E+01 -3.5002E-01  2.3764E-01  8.1461E-03
  3.8000E+01  7.6654E-01  4.0531E+00  4.9945E+01 -3.5002E-01  2.3764E-01  8.1461E-03
  3.9000E+01  9.9716E-01  5.4047E+00  4.3931E+01 -8.6996E-02  5.2542E-01 -1.2017E-01
  3.9000E+01  9.9716E-01  5.4047E+00  4.3931E+01 -8.6996E-02  5.2542E-01 -1.2017E-01
  3.9000E+01  9.9716E-01  5.4047E+00  4.3931E+01 -8.6996E-02  5.2542E-01 -1.2017E-01
  3.9000E+01  9.9716E-01  5.4047E+00  4.3931E+01 -8.6996E-02  5.2542E-01 -1.2017E-01
  3.9000E+01  9.9716E-01  5.4047E+00  4.3931E+01 -8.6996E-02  5.2542E-01 -1.2017E-01
  3.9000E+01  9.9716E-01  5.4047E+00  4.3931E+01 -8.6996E-02  5.2542E-01 -1.2017E-01
  3.9000E+01  9.9716E-01  5.4047E+00  4.3931E+01 -8.6996E-02  5.2542E-01 -1.2017E-01
  3.9000E+01  9.9716E-01  5.4047E+00  4.3931E+01 -8.6996E-02  5.2542E-01 -1.2017E-01
  3.9000E+01  9.9716E-01  5.4047E+00  4.3931E+01 -8.6996E-02  5.2542E-01 -1.2017E-01
  3.9000E+01  9.9716E-01  5.4047E+00  4.3931E+01 -8.6996E-02  5.2542E-01 -1.2017E-01
  3.9000E+01  9.9716E-01  5.4047E+00  4.3931E+01 -8.6996E-02  5.2542E-01 -1.2017E-01
  3.9000E+01  9.9716E-01  5.4047E+00  4.3931E+01 -8.6996E-02  5.2542E-01 -1.2017E-01
  3.9000E+01  9.9716E-01  5.4047E+00  4.3931E+01 -8.6996E-02  5.2542E-01 -1.2017E-01
  3.9000E+01  9.9716E-01  5.4047E+00  4.3931E+01 -8.6996E-02  5.2542E-01 -1.2017E-01
  3.9000E+01  9.9716E-01  5.4047E+00  4.3931E+01 -8.6996E-02  5.2542E-01 -1.2017E-01
  3.9000E+01  9.9716E-01  5.4047E+00  4.3931E+01 -8.6996E-02  5.2542E-01 -1.2017E-01
  3.9000E+01  9.9716E-01  5.4047E+00  4.3931E+01 -8.6996E-02  5.2542E-01 -1.2017E-01
  3.9000E+01  9.9716E-01  5.4047E+00  4.3931E+01 -8.6996E-02  5.2542E-01 -1.2017E-01
  3.9000E+01  9.9716E-01  5.4047E+00  4.3931E+01 -8.6996E-02  5.2542E-01 -1.2017E-01
  3.9000E+01  9.9716E-01  5.4047E+00  4.3931E+01 -8.6996E-02  5.2542E-01 -1.2017E-01
  3.9000E+01  9.9716E-01  5.4047E+00  4.3931E+01 -8.6996E-02  5.2542E-01 -1.2017E-01
  3.9000E+01  9.9716E-01  5.4047E+00  4.3931E+01 -8.6996E-02  5.2542E-01 -1.2017E-01
  3.9000E+01  9.9716E-01  5.4047E+00  4.3931E+01 -8.6996E-02  5.2542E-01 -1.2017E-01
  3.9000E+01  9.9716E-01  5.4047E+00  4.3931E+01 -8.6996E-02  5.2542E-01 -1.2017E-01
  4.0000E+01  4.4278E-01  4.1382E+00  5.0292E+01 -8.9882E-01  2.5841E-01  1.5056E-02
  4.0000E+01  4.4278E-01  4.1382E+00  5.0292E+01 -8.9882E-01  2.5841E-01  1.5056E-02
  4.0000E+01  4.4278E-01  4.1382E+00  5.0292E+01 -8.9882E-01  2.5841E-01  1.5056E-02
  4.0000E+01  4.4278E-01  4.1382E+00  5.0292E+01 -8.9882E-01  2.5841E-01  1.5056E-02
  4.0000E+01  4.4278E-01  4.1382E+00  5.0292E+01 -8.9882E-01  2.5841E-01  1.5056E-02
  4.0000E+01  4.4278E-01  4.1382E+00  5.0292E+01 -8.9882E-01  2.5841E-01  1.5056E-02
  4.0000E+01  4.4278E-01  4.1382E+00  5.0292E+01 -8.9882E-01  2.5841E-01  1.5056E-02
  4.0000E+01  4.4278E-01  4.1382E+00  5.0292E+01 -8.9882E-01  2.5841E-01  1.5056E-02
  4.0000E+01  4.4278E-01  4.1382E+00  5.0292E+01 -8.9882E-01  2.5841E-01  1.5056E-02
  4.0000E+01  4.4278E-01  4.1382E+00  5.0292E+01 -8.9882E-01  2.5841E-01  1.5056E-02
  4.0000E+01  4.4278E-01  4.1382E+00  5.0292E+01 -8.9882E-01  2.5841E-01  1.5056E-02
  4.0000E+01  4.4278E-01  4.1382E+00  5.0292E+01 -8.9882E-01  2.5841E-01  1.5056E-02
  4.0000E+01  4.4278E-01  4.1382E+00  5.0292E+01 -8.9882E-01  2.5841E-01  1.5056E-02
  4.0000E+01  4.4278E-01  4.1382E+00  5.0292E+01 -8.9882E-01  2.5841E-01  1.5056E-02
  4.0000E+01  4.4278E-01  4.1382E+00  5.0292E+01 -8.9882E-01  2.5841E-01  1.5056E-02
  4.0000E+01  4.4278E-01  4.1382E+00  5.0292E+01 -8.9882E-01  2.5841E-01  1.5056E-02
  4.0000E+01  4.4278E-01  4.1382E+00  5.0292E+01 -8.9882E-01  2.5841E-01  1.5056E-02
  4.0000E+01  4.4278E-01  4.1382E+00  5.0292E+01 -8.9882E-01  2.5841E-01  1.5056E-02
  4.0000E+01  4.4278E-01  4.1382E+00  5.0292E+01 -8.9882E-01  2.5841E-01  1.5056E-02
  4.0000E+01  4.4278E-01  4.1382E+00  5.0292E+01 -8.9882E-01  2.5841E-01  1.5056E-02
  4.0000E+01  4.4278E-01  4.1382E+00  5.0292E+01 -8.9882E-01  2.5841E-01  1.5056E-02
  4.0000E+01  4.4278E-01  4.1382E+00  5.0292E+01 -8.9882E-01  2.5841E-01  1.5056E-02
  4.0000E+01  4.4278E-01  4.1382E+00  5.0292E+01 -8.9882E-01  2.5841E-01  1.5056E-02
  4.0000E+01  4.4278E-01  4.1382E+00  5.0292E+01 -8.9882E-01  2.5841E-01  1.5056E-02
  4.1000E+01  1.2274E+00  1.0430E+00  5.4393E+01  1.2074E-01 -1.1197E+00  9.3449E-02
  4.1000E+01  1.2274E+00  1.0430E+00  5.4393E+01  1.2074E-01 -1.1197E+00  9.3449E-02
  4.1000E+01  1.2274E+00  1.0430E+00  5.4393E+01  1.2074E-01 -1.1197E+00  9.3449E-02
  4.1000E+01  1.2274E+00  1.0430E+00  5.4393E+01  1.2074E-01 -1.1197E+00  9.3449E-02
  4.1000E+01  1.2274E+00  1.0430E+00  5.4393E+01  1.2074E-01 -1.1197E+00  9.3449E-02
  4.1000E+01  1.2274E+00  1.0430E+00  5.4393E+01  1.2074E-01 -1.1197E+00  9.3449E-02
  4.1000E+01  1.2274E+00  1.0430E+00  5.4393E+01  1.2074E-01 -1.1197E+00  9.3449E-02
  4.1000E+01  1.2274E+00  1.0430E+00  5.4393E+01  1.2074E-01 -1.1197E+00  9.3449E-02
  4.1000E+01  1.2274E+00  1.0430E+00  5.4393E+01  1.2074E-01 -1.1197E+00  9.3449E-02
  4.1000E+01  1.2274E+00  1.0430E+00  5.4393E+01  1.2074E-01 -1.1197E+00  9.3449E-02
  4.1000E+01  1.2274E+00  1.0430E+00  5.4393E+01  1.2074E-01 -1.1197E+00  9.3449E-02
  4.1000E+01  1.2274E+00  1.0430E+00  5.4393E+01  1.2074E-01 -1.1197E+00  9.3449E-02
  4.1000E+01  1.2274E+00  1.0430E+00  5.4393E+01  1.2074E-01 -1.1197E+00  9.3449E-02
  4.1000E+01  1.2274E+00  1.0430E+00  5.4393E+01  1.2074E-01 -1.1197E+00  9.3449E-02
  4.1000E+01  1.2274E+00  1.0430E+00  5.4393E+01  1.2074E-01 -1.1197E+00  9.3449E-02
  4.1000E+01  1.2274E+00  1.0430E+00  5.4393E+01  1.2074E-01 -1.1197E+00  9.3449E-02
  4.1000E+01  1.2274E+00  1.0430E+00  5.4393E+01  1.2074E-01 -1.1197E+00  9.3449E-02
  4.1000E+01  1.2274E+00  1.0430E+00  5.4393E+01  1.2074E-01 -1.1197E+00  9.3449E-02
  4.1000E+01  1.2274E+00  1.0430E+00  5.4393E+01  1.2074E-01 -1.1197E+00  9.3449E-02
  4.1000E+01  1.2274E+00  1.0430E+00  5.4393E+01  1.2074E-01 -1.1197E+00  9.3449E-02
  4.1000E+01  1.2274E+00  1.0430E+00  5.4393E+01  1.2074E-01 -1.1197E+00  9.3449E-02
  4.1000E+01  1.2274E+00  1.0430E+00  5.4393E+01  1.2074E-01 -1.1197E+00  9.3449E-02
  4.1000E+01  1.2274E+00  1.0430E+00  5.4393E+01  1.2074E-01 -1.1197E+00  9.3449E-02
  4.1000E+01  1.2274E+00  1.0430E+00  5.4393E+01  1.2074E-01 -1.1197E+00  9.3449E-02
  4.2000E+01  1.2279E+00  6.0100E+00  5.3947E+01  1.2118E-01  6.3158E-01  8.5224E-02
  4.2000E+01  1.2279E+00  6.0100E+00  5.3947E+01  1.2118E-01  6.3158E-01  8.5224E-02
  4.2000E+01  1.2279E+00  6.0100E+00  5.3947E+01  1.2118E-01  6.3158E-01  8.5224E-02
  4.2000E+01  1.2279E+00  6.0100E+00  5.3947E+01  1.2118E-01  6.3158E-01  8.5224E-02
  4.2000E+01  1.2279E+00  6.0100E+00  5.3947E+01  1.2118E-01  6.3158E-01  8.5224E-02
  4.2000E+01  1.2279E+00  6.0100E+00  5.3947E+01  1.2118E-01  6.3158E-01  8.5224E-02
  4.2000E+01  1.2279E+00  6.0100E+00  5.3947E+01  1.2118E-01  6.3158E-01  8.5224E-02
  4.2000E+01  1.2279E+00  6.0100E+00  5.3947E+01  1.2118E-01  6.3158E-01  8.5224E-02
  4.2000E+01  1.2279E+00  6.0100E+00  5.3947E+01  1.2118E-01  6.3158E-01  8.5224E-02
  4.2000E+01  1.2279E+00  6.0100E+00  5.3947E+01  1.2118E-01  6.3158E-01  8.5224E-02
  4.2000E+01  1.2279E+00  6.0100E+00  5.3947E+01  1.2118E-01  6.3158E-01  8.5224E-02
  4.2000E+01  1.2279E+00  6.0100E+00  5.3947E+01  1.2118E-01  6.3158E-01  8.5224E-02
  4.2000E+01  1.2279E+00  6.0100E+00  5.3947E+01  1.2118E-01  6.3158E-01  8.5224E-02
  4.2000E+01  1.2279E+00  6.0100E+00  5.3947E+01  1.2118E-01  6.3158E-01  8.5224E-02
  4.2000E+01  1.2279E+00  6.0100E+00  5.3947E+01  1.2118E-01  6.3158E-01  8.5224E-02
  4.2000E+01  1.2279E+00  6.0100E+00  5.3947E+01  1.2118E-01  6.3158E-01  8.5224E-02
  4.2000E+01  1.2279E+00  6.0100E+00  5.3947E+01  1.2118E-01  6.3158E-01  8.5224E-02
  4.2000E+01  1.2279E+00  6.0100E+00  5.3947E+01  1.2118E-01  6.3158E-01  8.5224E-02
  4.2000E+01  1.2279E+00  6.0100E+00  5.3947E+01  1.2118E-01  6.3158E-01  8.5224E-02
  4.2000E+01  1.2279E+00  6.0100E+00  5.3947E+01  1.2118E-01  6.3158E-01  8.5224E-02
  4.2000E+01  1.2279E+00  6.0100E+00  5.3947E+01  1.2118E-01  6.3158E-01  8.5224E-02
  4.2000E+01  1.2279E+00  6.0100E+00  5.3947E+01  1.2118E-01  6.3158E-01  8.5224E-02
  4.2000E+01  1.2279E+00  6.0100E+00  5.3947E+01  1.2118E-01  6.3158E-01  8.5224E-02
  4.2000E+01  1.2279E+00  6.0100E+00  5.3947E+01  1.2118E-01  6.3158E-01  8.5224E-02
  4.3000E+01  7.7462E-01  4.1468E+00  6.4419E+01 -3.3953E-01  2.6048E-01  2.6262E-01
  4.3000E+01  7.7462E-01  4.1468E+00  6.4419E+01 -3.3953E-01  2.6048E-01  2.6262E-01
  4.3000E+01  7.7462E-01  4.1468E+00  6.4419E+01 -3.3953E-01  2.6048E-01  2.6262E-01
  4.3000E+01  7.7462E-01  4.1468E+00  6.4419E+01 -3.3953E-01  2.6048E-01  2.6262E-01
  4.3000E+01  7.7462E-01  4.1468E+00  6.4419E+01 -3.3953E-01  2.6048E-01  2.6262E-01
  4.3000E+01  7.7462E-01  4.1468E+00  6.4419E+01 -3.3953E-01  2.6048E-01  2.6262E-01
  4.3000E+01  7.7462E-01  4.1468E+00  6.4419E+01 -3.3953E-01  2.6048E-01  2.6262E-01
  4.3000E+01  7.7462E-01  4.1468E+00  6.4419E+01 -3.3953E-01  2.6048E-01  2.6262E-01
  4.3000E+01  7.7462E-01  4.1468E+00  6.4419E+01 -3.3953E-01  2.6048E-01  2.6262E-01
  4.3000E+01  7.7462E-01  4.1468E+00  6.4419E+01 -3.3953E-01  2.6048E-01  2.6262E-01
  4.3000E+01  7.7462E-01  4.1468E+00  6.4419E+01 -3.3953E-01  2.6048E-01  2.6262E-01
  4.3000E+01  7.7462E-01  4.1468E+00  6.4419E+01 -3.3953E-01  2.6048E-01  2.6262E-01
  4.3000E+01  7.7462E-01  4.1468E+00  6.4419E+01 -3.3953E-01  2.6048E-01  2.6262E-01
  4.3000E+01  7.7462E-01  4.1468E+00  6.4419E+01 -3.3953E-01  2.6048E-01  2.6262E-01
  4.3000E+01  7.7462E-01  4.1468E+00  6.4419E+01 -3.3953E-01  2.6048E-01  2.6262E-01
  4.3000E+01  7.7462E-01  4.1468E+00  6.4419E+01 -3.3953E-01  2.6048E-01  2.6262E-01
  4.3000E+01  7.7462E-01  4.1468E+00  6.4419E+01 -3.3953E-01  2.6048E-01  2.6262E-01
  4.3000E+01  7.7462E-01  4.1468E+00  6.4419E+01 -3.3953E-01  2.6048E-01  2.6262E-01
  4.3000E+01  7.7462E-01  4.1468E+00  6.4419E+01 -3.3953E-01  2.6048E-01  2.6262E-01
  4.3000E+01  7.7462E-01  4.1468E+00  6.4419E+01 -3.3953E-01  2.6048E-01  2.6262E-01
  4.3000E+01  7.7462E-01  4.1468E+00  6.4419E+01 -3.3953E-01  2.6048E-01  2.6262E-01
  4.3000E+01  7.7462E-01  4.1468E+00  6.4419E+01 -3.3953E-01  2.6048E-01  2.6262E-01
  4.3000E+01  7.7462E-01  4.1468E+00  6.4419E+01 -3.3953E-01  2.6048E-01  2.6262E-01
  4.3000E+01  7.7462E-01  4.1468E+00  6.4419E+01 -3.3953E-01  2.6048E-01  2.6262E-01
  4.4000E+01  8.6205E-01  1.2931E+00  4.8856E+01 -2.3259E-01 -9.0479E-01 -1.3914E-02
  4.4000E+01  8.6205E-01  1.2931E+00  4.8856E+01 -2.3259E-01 -9.0479E-01 -1.3914E-02
  4.4000E+01  8.6205E-01  1.2931E+00  4.8856E+01 -2.3259E-01 -9.0479E-01 -1.3914E-02
  4.4000E+01  8.6205E-01  1.2931E+00  4.8856E+01 -2.3259E-01 -9.0479E-01 -1.3914E-02
  4.4000E+01  8.6205E-01  1.2931E+00  4.8856E+01 -2.3259E-01 -9.0479E-01 -1.3914E-02
  4.4000E+01  8.6205E-01  1.2931E+00  4.8856E+01 -2.3259E-01 -9.0479E-01 -1.3914E-02
  4.4000E+01  8.6205E-01  1.2931E+00  4.8856E+01 -2.3259E-01 -9.0479E-01 -1.3914E-02
  4.4000E+01  8.6205E-01  1.2931E+00  4.8856E+01 -2.3259E-01 -9.0479E-01 -1.3914E-02
  4.4000E+01  8.6205E-01  1.2931E+00  4.8856E+01 -2.3259E-01 -9.0479E-01 -1.3914E-02
  4.4000E+01  8.6205E-01  1.2931E+00  4.8856E+01 -2.3259E-01 -9.0479E-01 -1.3914E-02
  4.4000E+01  8.6205E-01  1.2931E+00  4.8856E+01 -2.3259E-01 -9.0479E-01 -1.3914E-02
  4.4000E+01  8.6205E-01  1.2931E+00  4.8856E+01 -2.3259E-01 -9.0479E-01 -1.3914E-02
  4.4000E+01  8.6205E-01  1.2931E+00  4.8856E+01 -2.3259E-01 -9.0479E-01 -1.3914E-02
  4.4000E+01  8.6205E-01  1.2931E+00  4.8856E+01 -2.3259E-01 -9.0479E-01 -1.3914E-02
  4.4000E+01  8.6205E-01  1.2931E+00  4.8856E+01 -2.3259E-01 -9.0479E-01 -1.3914E-02
  4.4000E+01  8.6205E-01  1.2931E+00  4.8856E+01 -2.3259E-01 -9.0479E-01 -1.3914E-02
  4.4000E+01  8.6205E-01  1.2931E+00  4.8856E+01 -2.3259E-01 -9.0479E-01 -1.3914E-02
  4.4000E+01  8.6205E-01  1.2931E+00  4.8856E+01 -2.3259E-01 -9.0479E-01 -1.3914E-02
  4.4000E+01  8.6205E-01  1.2931E+00  4.8856E+01 -2.3259E-01 -9.0479E-01 -1.3914E-02
  4.4000E+01  8.6205E-01  1.2931E+00  4.8856E+01 -2.3259E-01 -9.0479E-01 -1.3914E-02
  4.4000E+01  8.6205E-01  1.2931E+00  4.8856E+01 -2.3259E-01 -9.0479E-01 -1.3914E-02
  4.4000E+01  8.6205E-01  1.2931E+00  4.8856E+01 -2.3259E-01 -9.0479E-01 -1.3914E-02
  4.4000E+01  8.6205E-01  1.2931E+00  4.8856E+01 -2.3259E-01 -9.0479E-01 -1.3914E-02
  4.4000E+01  8.6205E-01  1.2931E+00  4.8856E+01 -2.3259E-01 -9.0479E-01 -1.3914E-02
  4.5000E+01  5.1545E-01  2.6875E+00  6.9981E+01 -7.4687E-01 -1.7326E-01  3.4545E-01
  4.5000E+01  5.1545E-01  2.6875E+00  6.9981E+01 -7.4687E-01 -1.7326E-01  3.4545E-01
  4.5000E+01  5.1545E-01  2.6875E+00  6.9981E+01 -7.4687E-01 -1.7326E-01  3.4545E-01
  4.5000E+01  5.1545E-01  2.6875E+00  6.9981E+01 -7.4687E-01 -1.7326E-01  3.4545E-01
  4.5000E+01  5.1545E-01  2.6875E+00  6.9981E+01 -7.4687E-01 -1.7326E-01  3.4545E-01
  4.5000E+01  5.1545E-01  2.6875E+00  6.9981E+01 -7.4687E-01 -1.7326E-01  3.4545E-01
  4.5000E+01  5.1545E-01  2.6875E+00  6.9981E+01 -7.4687E-01 -1.7326E-01  3.4545E-01
  4.5000E+01  5.1545E-01  2.6875E+00  6.9981E+01 -7.4687E-01 -1.7326E-01  3.4545E-01
  4.5000E+01  5.1545E-01  2.6875E+00  6.9981E+01 -7.4687E-01 -1.7326E-01  3.4545E-01
  4.5000E+01  5.1545E-01  2.6875E+00  6.9981E+01 -7.4687E-01 -1.7326E-01  3.4545E-01
  4.5000E+01  5.1545E-01  2.6875E+00  6.9981E+01 -7.4687E-01 -1.7326E-01  3.4545E-01
  4.5000E+01  5.1545E-01  2.6875E+00  6.9981E+01 -7.4687E-01 -1.7326E-01  3.4545E-01
  4.5000E+01  5.1545E-01  2.6875E+00  6.9981E+01 -7.4687E-01 -1.7326E-01  3.4545E-01
  4.5000E+01  5.1545E-01  2.6875E+00  6.9981E+01 -7.4687E-01 -1.7326E-01  3.4545E-01
  4.5000E+01  5.1545E-01  2.6875E+00  6.9981E+01 -7.4687E-01 -1.7326E-01  3.4545E-01
  4.5000E+01  5.1545E-01  2.6875E+00  6.9981E+01 -7.4687E-01 -1.7326E-01  3.4545E-01
  4.5000E+01  5.1545E-01  2.6875E+00  6.9981E+01 -7.4687E-01 -1.7326E-01  3.4545E-01
  4.5000E+01  5.1545E-01  2.6875E+00  6.9981E+01 -7.4687E-01 -1.7326E-01  3.4545E-01
  4.5000E+01  5.1545E-01  2.6875E+00  6.9981E+01 -7.4687E-01 -1.7326E-01  3.4545E-01
  4.5000E+01  5.1545E-01  2.6875E+00  6.9981E+01 -7.4687E-01 -1.7326E-01  3.4545E-01
  4.5000E+01  5.1545E-01  2.6875E+00  6.9981E+01 -7.4687E-01 -1.7326E-01  3.4545E-01
  4.5000E+01  5.1545E-01  2.6875E+00  6.9981E+01 -7.4687E-01 -1.7326E-01  3.4545E-01
  4.5000E+01  5.1545E-01  2.6875E+00  6.9981E+01 -7.4687E-01 -1.7326E-01  3.4545E-01
  4.5000E+01  5.1545E-01  2.6875E+00  6.9981E+01 -7.4687E-01 -1.7326E-01  3.4545E-01
  4.6000E+01  1.0619E+00  2.7865E+00  5.1485E+01 -2.4126E-02 -1.3707E-01  3.8497E-02
  4.6000E+01  1.0619E+00  2.7865E+00  5.1485E+01 -2.4126E-02 -1.3707E-01  3.8497E-02
  4.6000E+01  1.0619E+00  2.7865E+00  5.1485E+01 -2.4126E-02 -1.3707E-01  3.8497E-02
  4.6000E+01  1.0619E+00  2.7865E+00  5.1485E+01 -2.4126E-02 -1.3707E-01  3.8497E-02
  4.6000E+01  1.0619E+00  2.7865E+00  5.1485E+01 -2.4126E-02 -1.3707E-01  3.8497E-02
  4.6000E+01  1.0619E+00  2.7865E+00  5.1485E+01 -2.4126E-02 -1.3707E-01  3.8497E-02
  4.6000E+01  1.0619E+00  2.7865E+00  5.1485E+01 -2.4126E-02 -1.3707E-01  3.8497E-02
  4.6000E+01  1.0619E+00  2.7865E+00  5.1485E+01 -2.4126E-02 -1.3707E-01  3.8497E-02
  4.6000E+01  1.0619E+00  2.7865E+00  5.1485E+01 -2.4126E-02 -1.3707E-01  3.8497E-02
  4.6000E+01  1.0619E+00  2.7865E+00  5.1485E+01 -2.4126E-02 -1.3707E-01  3.8497E-02
  4.6000E+01  1.0619E+00  2.7865E+00  5.1485E+01 -2.4126E-02 -1.3707E-01  3.8497E-02
  4.6000E+01  1.0619E+00  2.7865E+00  5.1485E+01 -2.4126E-02 -1.3707E-01  3.8497E-02
  4.6000E+01  1.0619E+00  2.7865E+00  5.1485E+01 -2.4126E-02 -1.3707E-01  3.8497E-02
  4.6000E+01  1.0619E+00  2.7865E+00  5.1485E+01 -2.4126E-02 -1.3707E-01  3.8497E-02
  4.6000E+01  1.0619E+00  2.7865E+00  5.1485E+01 -2.4126E-02 -1.3707E-01  3.8497E-02
  4.6000E+01  1.0619E+00  2.7865E+00  5.1485E+01 -2.4126E-02 -1.3707E-01  3.8497E-02
  4.6000E+01  1.0619E+00  2.7865E+00  5.1485E+01 -2.4126E-02 -1.3707E-01  3.8497E-02
  4.6000E+01  1.0619E+00  2.7865E+00  5.1485E+01 -2.4126E-02 -1.3707E-01  3.8497E-02
  4.6000E+01  1.0619E+00  2.7865E+00  5.1485E+01 -2.4126E-02 -1.3707E-01  3.8497E-02
  4.6000E+01  1.0619E+00  2.7865E+00  5.1485E+01 -2.4126E-02 -1.3707E-01  3.8497E-02
  4.6000E+01  1.0619E+00  2.7865E+00  5.1485E+01 -2.4126E-02 -1.3707E-01  3.8497E-02
  4.6000E+01  1.0619E+00  2.7865E+00  5.1485E+01 -2.4126E-02 -1.3707E-01  3.8497E-02
  4.6000E+01  1.0619E+00  2.7865E+00  5.1485E+01 -2.4126E-02 -1.3707E-01  3.8497E-02
  4.6000E+01  1.0619E+00  2.7865E+00  5.1485E+01 -2.4126E-02 -1.3707E-01  3.8497E-02
  4.7000E+01  1.4215E+00  6.2509E+00  4.3408E+01  2.6757E-01  6.7087E-01 -1.3215E-01
  4.7000E+01  1.4215E+00  6.2509E+00  4.3408E+01  2.6757E-01  6.7087E-01 -1.3215E-01
  4.7000E+01  1.4215E+00  6.2509E+00  4.3408E+01  2.6757E-01  6.7087E-01 -1.3215E-01
  4.7000E+01  1.4215E+00  6.2509E+00  4.3408E+01  2.6757E-01  6.7087E-01 -1.3215E-01
  4.7000E+01  1.4215E+00  6.2509E+00  4.3408E+01  2.6757E-01  6.7087E-01 -1.3215E-01
  4.7000E+01  1.4215E+00  6.2509E+00  4.3408E+01  2.6757E-01  6.7087E-01 -1.3215E-01
  4.7000E+01  1.4215E+00  6.2509E+00  4.3408E+01  2.6757E-01  6.7087E-01 -1.3215E-01
  4.7000E+01  1.4215E+00  6.2509E+00  4.3408E+01  2.6757E-01  6.7087E-01 -1.3215E-01
  4.7000E+01  1.4215E+00  6.2509E+00  4.3408E+01  2.6757E-01  6.7087E-01 -1.3215E-01
  4.7000E+01  1.4215E+00  6.2509E+00  4.3408E+01  2.6757E-01  6.7087E-01 -1.3215E-01
  4.7000E+01  1.4215E+00  6.2509E+00  4.3408E+01  2.6757E-01  6.7087E-01 -1.3215E-01
  4.7000E+01  1.4215E+00  6.2509E+00  4.3408E+01  2.6757E-01  6.7087E-01 -1.3215E-01
  4.7000E+01  1.4215E+00  6.2509E+00  4.3408E+01  2.6757E-01  6.7087E-01 -1.3215E-01
  4.7000E+01  1.4215E+00  6.2509E+00  4.3408E+01  2.6757E-01  6.7087E-01 -1.3215E-01
  4.7000E+01  1.4215E+00  6.2509E+00  4.3408E+01  2.6757E-01  6.7087E-01 -1.3215E-01
  4.7000E+01  1.4215E+00  6.2509E+00  4.3408E+01  2.6757E-01  6.7087E-01 -1.3215E-01
  4.7000E+01  1.4215E+00  6.2509E+00  4.3408E+01  2.6757E-01  6.7087E-01 -1.3215E-01
  4.7000E+01  1.4215E+00  6.2509E+00  4.3408E+01  2.6757E-01  6.7087E-01 -1.3215E-01
  4.7000E+01  1.4215E+00  6.2509E+00  4.3408E+01  2.6757E-01  6.7087E-01 -1.3215E-01
  4.7000E+01  1.4215E+00  6.2509E+00  4.3408E+01  2.6757E-01  6.7087E-01 -1.3215E-01
  4.7000E+01  1.4215E+00  6.2509E+00  4.3408E+01  2.6757E-01  6.7087E-01 -1.3215E-01
  4.7000E+01  1.4215E+00  6.2509E+00  4.3408E+01  2.6757E-01  6.7087E-01 -1.3215E-01
  4.7000E+01  1.4215E+00  6.2509E+00  4.3408E+01  2.6757E-01  6.7087E-01 -1.3215E-01
  4.7000E+01  1.4215E+00  6.2509E+00  4.3408E+01  2.6757E-01  6.7087E-01 -1.3215E-01
  4.8000E+01  9.4199E-01  4.3290E+00  4.2895E+01 -1.4391E-01  3.0348E-01 -1.4402E-01
  4.8000E+01  9.4199E-01  4.3290E+00  4.2895E+01 -1.4391E-01  3.0348E-01 -1.4402E-01
  4.8000E+01  9.4199E-01  4.3290E+00  4.2895E+01 -1.4391E-01  3.0348E-01 -1.4402E-01
  4.8000E+01  9.4199E-01  4.3290E+00  4.2895E+01 -1.4391E-01  3.0348E-01 -1.4402E-01
  4.8000E+01  9.4199E-01  4.3290E+00  4.2895E+01 -1.4391E-01  3.0348E-01 -1.4402E-01
  4.8000E+01  9.4199E-01  4.3290E+00  4.2895E+01 -1.4391E-01  3.0348E-01 -1.4402E-01
  4.8000E+01  9.4199E-01  4.3290E+00  4.2895E+01 -1.4391E-01  3.0348E-01 -1.4402E-01
  4.8000E+01  9.4199E-01  4.3290E+00  4.2895E+01 -1.4391E-01  3.0348E-01 -1.4402E-01
  4.8000E+01  9.4199E-01  4.3290E+00  4.2895E+01 -1.4391E-01  3.0348E-01 -1.4402E-01
  4.8000E+01  9.4199E-01  4.3290E+00  4.2895E+01 -1.4391E-01  3.0348E-01 -1.4402E-01
  4.8000E+01  9.4199E-01  4.3290E+00  4.2895E+01 -1.4391E-01  3.0348E-01 -1.4402E-01
  4.8000E+01  9.4199E-01  4.3290E+00  4.2895E+01 -1.4391E-01  3.0348E-01 -1.4402E-01
  4.8000E+01  9.4199E-01  4.3290E+00  4.2895E+01 -1.4391E-01  3.0348E-01 -1.4402E-01
  4.8000E+01  9.4199E-01  4.3290E+00  4.2895E+01 -1.4391E-01  3.0348E-01 -1.4402E-01
  4.8000E+01  9.4199E-01  4.3290E+00  4.2895E+01 -1.4391E-01  3.0348E-01 -1.4402E-01
  4.8000E+01  9.4199E-01  4.3290E+00  4.2895E+01 -1.4391E-01  3.0348E-01 -1.4402E-01
  4.8000E+01  9.4199E-01  4.3290E+00  4.2895E+01 -1.4391E-01  3.0348E-01 -1.4402E-01
  4.8000E+01  9.4199E-01  4.3290E+00  4.2895E+01 -1.4391E-01  3.0348E-01 -1.4402E-01
  4.8000E+01  9.4199E-01  4.3290E+00  4.2895E+01 -1.4391E-01  3.0348E-01 -1.4402E-01
  4.8000E+01  9.4199E-01  4.3290E+00  4.2895E+01 -1.4391E-01  3.0348E-01 -1.4402E-01
  4.8000E+01  9.4199E-01  4.3290E+00  4.2895E+01 -1.4391E-01  3.0348E-01 -1.4402E-01
  4.8000E+01  9.4199E-01  4.3290E+00  4.2895E+01 -1.4391E-01  3.0348E-01 -1.4402E-01
  4.8000E+01  9.4199E-01  4.3290E+00  4.2895E+01 -1.4391E-01  3.0348E-01 -1.4402E-01
  4.8000E+01  9.4199E-01  4.3290E+00  4.2895E+01 -1.4391E-01  3.0348E-01 -1.4402E-01
  4.9000E+01  1.0712E+00  4.3733E+00  3.9531E+01 -1.5352E-02  3.1368E-01 -2.2569E-01
  4.9000E+01  1.0712E+00  4.3733E+00  3.9531E+01 -1.5352E-02  3.1368E-01 -2.2569E-01
  4.9000E+01  1.0712E+00  4.3733E+00  3.9531E+01 -1.5352E-02  3.1368E-01 -2.2569E-01
  4.9000E+01  1.0712E+00  4.3733E+00  3.9531E+01 -1.5352E-02  3.1368E-01 -2.2569E-01
  4.9000E+01  1.0712E+00  4.3733E+00  3.9531E+01 -1.5352E-02  3.1368E-01 -2.2569E-01
  4.9000E+01  1.0712E+00  4.3733E+00  3.9531E+01 -1.5352E-02  3.1368E-01 -2.2569E-01
  4.9000E+01  1.0712E+00  4.3733E+00  3.9531E+01 -1.5352E-02  3.1368E-01 -2.2569E-01
  4.9000E+01  1.0712E+00  4.3733E+00  3.9531E+01 -1.5352E-02  3.1368E-01 -2.2569E-01
  4.9000E+01  1.0712E+00  4.3733E+00  3.9531E+01 -1.5352E-02  3.1368E-01 -2.2569E-01
  4.9000E+01  1.0712E+00  4.3733E+00  3.9531E+01 -1.5352E-02  3.1368E-01 -2.2569E-01
  4.9000E+01  1.0712E+00  4.3733E+00  3.9531E+01 -1.5352E-02  3.1368E-01 -2.2569E-01
  4.9000E+01  1.0712E+00  4.3733E+00  3.9531E+01 -1.5352E-02  3.1368E-01 -2.2569E-01
  4.9000E+01  1.0712E+00  4.3733E+00  3.9531E+01 -1.5352E-02  3.1368E-01 -2.2569E-01
  4.9000E+01  1.0712E+00  4.3733E+00  3.9531E+01 -1.5352E-02  3.1368E-01 -2.2569E-01
  4.9000E+01  1.0712E+00  4.3733E+00  3.9531E+01 -1.5352E-02  3.1368E-01 -2.2569E-01
  4.9000E+01  1.0712E+00  4.3733E+00  3.9531E+01 -1.5352E-02  3.1368E-01 -2.2569E-01
  4.9000E+01  1.0712E+00  4.3733E+00  3.9531E+01 -1.5352E-02  3.1368E-01 -2.2569E-01
  4.9000E+01  1.0712E+00  4.3733E+00  3.9531E+01 -1.5352E-02  3.1368E-01 -2.2569E-01
  4.9000E+01  1.0712E+00  4.3733E+00  3.9531E+01 -1.5352E-02  3.1368E-01 -2.2569E-01
  4.9000E+01  1.0712E+00  4.3733E+00  3.9531E+01 -1.5352E-02  3.1368E-01 -2.2569E-01
  4.9000E+01  1.0712E+00  4.3733E+00  3.9531E+01 -1.5352E-02  3.1368E-01 -2.2569E-01
  4.9000E+01  1.0712E+00  4.3733E+00  3.9531E+01 -1.5352E-02  3.1368E-01 -2.2569E-01
  4.9000E+01  1.0712E+00  4.3733E+00  3.9531E+01 -1.5352E-02  3.1368E-01 -2.2569E-01
  4.9000E+01  1.0712E+00  4.3733E+00  3.9531E+01 -1.5352E-02  3.1368E-01 -2.2569E-01
  5.0000E+01  1.4936E+00  2.8464E+00  5.3925E+01  3.1703E-01 -1.1581E-01  8.4800E-02
  5.0000E+01  1.4936E+00  2.8464E+00  5.3925E+01  3.1703E-01 -1.1581E-01  8.4800E-02
  5.0000E+01  1.4936E+00  2.8464E+00  5.3925E+01  3.1703E-01 -1.1581E-01  8.4800E-02
  5.0000E+01  1.4936E+00  2.8464E+00  5.3925E+01  3.1703E-01 -1.1581E-01  8.4800E-02
  5.0000E+01  1.4936E+00  2.8464E+00  5.3925E+01  3.1703E-01 -1.1581E-01  8.4800E-02
  5.0000E+01  1.4936E+00  2.8464E+00  5.3925E+01  3.1703E-01 -1.1581E-01  8.4800E-02
  5.0000E+01  1.4936E+00  2.8464E+00  5.3925E+01  3.1703E-01 -1.1581E-01  8.4800E-02
  5.0000E+01  1.4936E+00  2.8464E+00  5.3925E+01  3.1703E-01 -1.1581E-01  8.4800E-02
  5.0000E+01  1.4936E+00  2.8464E+00  5.3925E+01  3.1703E-01 -1.1581E-01  8.4800E-02
  5.0000E+01  1.4936E+00  2.8464E+00  5.3925E+01  3.1703E-01 -1.1581E-01  8.4800E-02
  5.0000E+01  1.4936E+00  2.8464E+00  5.3925E+01  3.1703E-01 -1.1581E-01  8.4800E-02
  5.0000E+01  1.4936E+00  2.8464E+00  5.3925E+01  3.1703E-01 -1.1581E-01  8.4800E-02
  5.0000E+01  1.4936E+00  2.8464E+00  5.3925E+01  3.1703E-01 -1.1581E-01  8.4800E-02
  5.0000E+01  1.4936E+00  2.8464E+00  5.3925E+01  3.1703E-01 -1.1581E-01  8.4800E-02
  5.0000E+01  1.4936E+00  2.8464E+00  5.3925E+01  3.1703E-01 -1.1581E-01  8.4800E-02
  5.0000E+01  1.4936E+00  2.8464E+00  5.3925E+01  3.1703E-01 -1.1581E-01  8.4800E-02
  5.0000E+01  1.4936E+00  2.8464E+00  5.3925E+01  3.1703E-01 -1.1581E-01  8.4800E-02
  5.0000E+01  1.4936E+00  2.8464E+00  5.3925E+01  3.1703E-01 -1.1581E-01  8.4800E-02
  5.0000E+01  1.4936E+00  2.8464E+00  5.3925E+01  3.1703E-01 -1.1581E-01  8.4800E-02
  5.0000E+01  1.4936E+00  2.8464E+00  5.3925E+01  3.1703E-01 -1.1581E-01  8.4800E-02
  5.0000E+01  1.4936E+00  2.8464E+00  5.3925E+01  3.1703E-01 -1.1581E-01  8.4800E-02
  5.0000E+01  1.4936E+00  2.8464E+00  5.3925E+01  3.1703E-01 -1.1581E-01  8.4800E-02
  5.0000E+01  1.4936E+00  2.8464E+00  5.3925E+01  3.1703E-01 -1.1581E-01  8.4800E-02
  5.0000E+01  1.4936E+00  2.8464E+00  5.3925E+01  3.1703E-01 -1.1581E-01  8.4800E-02
  5.1000E+01  2.1866E+00  3.2636E+00  4.4907E+01  6.9820E-01  2.0978E-02 -9.8185E-02
  5.1000E+01  2.1866E+00  3.2636E+00  4.4907E+01  6.9820E-01  2.0978E-02 -9.8185E-02
  5.1000E+01  2.1866E+00  3.2636E+00  4.4907E+01  6.9820E-01  2.0978E-02 -9.8185E-02
  5.1000E+01  2.1866E+00  3.2636E+00  4.4907E+01  6.9820E-01  2.0978E-02 -9.8185E-02
  5.1000E+01  2.1866E+00  3.2636E+00  4.4907E+01  6.9820E-01  2.0978E-02 -9.8185E-02
  5.1000E+01  2.1866E+00  3.2636E+00  4.4907E+01  6.9820E-01  2.0978E-02 -9.8185E-02
  5.1000E+01  2.1866E+00  3.2636E+00  4.4907E+01  6.9820E-01  2.0978E-02 -9.8185E-02
  5.1000E+01  2.1866E+00  3.2636E+00  4.4907E+01  6.9820E-01  2.0978E-02 -9.8185E-02
  5.1000E+01  2.1866E+00  3.2636E+00  4.4907E+01  6.9820E-01  2.0978E-02 -9.8185E-02
  5.1000E+01  2.1866E+00  3.2636E+00  4.4907E+01  6.9820E-01  2.0978E-02 -9.8185E-02
  5.1000E+01  2.1866E+00  3.2636E+00  4.4907E+01  6.9820E-01  2.0978E-02 -9.8185E-02
  5.1000E+01  2.1866E+00  3.2636E+00  4.4907E+01  6.9820E-01  2.0978E-02 -9.8185E-02
  5.1000E+01  2.1866E+00  3.2636E+00  4.4907E+01  6.9820E-01  2.0978E-02 -9.8185E-02
  5.1000E+01  2.1866E+00  3.2636E+00  4.4907E+01  6.9820E-01  2.0978E-02 -9.8185E-02
  5.1000E+01  2.1866E+00  3.2636E+00  4.4907E+01  6.9820E-01  2.0978E-02 -9.8185E-02
  5.1000E+01  2.1866E+00  3.2636E+00  4.4907E+01  6.9820E-01  2.0978E-02 -9.8185E-02
  5.1000E+01  2.1866E+00  3.2636E+00  4.4907E+01  6.9820E-01  2.0978E-02 -9.8185E-02
  5.1000E+01  2.1866E+00  3.2636E+00  4.4907E+01  6.9820E-01  2.0978E-02 -9.8185E-02
  5.1000E+01  2.1866E+00  3.2636E+00  4.4907E+01  6.9820E-01  2.0978E-02 -9.8185E-02
  5.1000E+01  2.1866E+00  3.2636E+00  4.4907E+01  6.9820E-01  2.0978E-02 -9.8185E-02
  5.1000E+01  2.1866E+00  3.2636E+00  4.4907E+01  6.9820E-01  2.0978E-02 -9.8185E-02
  5.1000E+01  2.1866E+00  3.2636E+00  4.4907E+01  6.9820E-01  2.0978E-02 -9.8185E-02
  5.1000E+01  2.1866E+00  3.2636E+00  4.4907E+01  6.9820E-01  2.0978E-02 -9.8185E-02
  5.1000E+01  2.1866E+00  3.2636E+00  4.4907E+01  6.9820E-01  2.0978E-02 -9.8185E-02
  5.2000E+01  7.5118E-01  4.8581E+00  5.6541E+01 -3.7025E-01  4.1879E-01  1.3217E-01
  5.2000E+01  7.5118E-01  4.8581E+00  5.6541E+01 -3.7025E-01  4.1879E-01  1.3217E-01
  5.2000E+01  7.5118E-01  4.8581E+00  5.6541E+01 -3.7025E-01  4.1879E-01  1.3217E-01
  5.2000E+01  7.5118E-01  4.8581E+00  5.6541E+01 -3.7025E-01  4.1879E-01  1.3217E-01
  5.2000E+01  7.5118E-01  4.8581E+00  5.6541E+01 -3.7025E-01  4.1879E-01  1.3217E-01
  5.2000E+01  7.5118E-01  4.8581E+00  5.6541E+01 -3.7025E-01  4.1879E-01  1.3217E-01
  5.2000E+01  7.5118E-01  4.8581E+00  5.6541E+01 -3.7025E-01  4.1879E-01  1.3217E-01
  5.2000E+01  7.5118E-01  4.8581E+00  5.6541E+01 -3.7025E-01  4.1879E-01  1.3217E-01
  5.2000E+01  7.5118E-01  4.8581E+00  5.6541E+01 -3.7025E-01  4.1879E-01  1.3217E-01
  5.2000E+01  7.5118E-01  4.8581E+00  5.6541E+01 -3.7025E-01  4.1879E-01  1.3217E-01
  5.2000E+01  7.5118E-01  4.8581E+00  5.6541E+01 -3.7025E-01  4.1879E-01  1.3217E-01
  5.2000E+01  7.5118E-01  4.8581E+00  5.6541E+01 -3.7025E-01  4.1879E-01  1.3217E-01
  5.2000E+01  7.5118E-01  4.8581E+00  5.6541E+01 -3.7025E-01  4.1879E-01  1.3217E-01
  5.2000E+01  7.5118E-01  4.8581E+00  5.6541E+01 -3.7025E-01  4.1879E-01  1.3217E-01
  5.2000E+01  7.5118E-01  4.8581E+00  5.6541E+01 -3.7025E-01  4.1879E-01  1.3217E-01
  5.2000E+01  7.5118E-01  4.8581E+00  5.6541E+01 -3.7025E-01  4.1879E-01  1.3217E-01
  5.2000E+01  7.5118E-01  4.8581E+00  5.6541E+01 -3.7025E-01  4.1879E-01  1.3217E-01
  5.2000E+01  7.5118E-01  4.8581E+00  5.6541E+01 -3.7025E-01  4.1879E-01  1.3217E-01
  5.2000E+01  7.5118E-01  4.8581E+00  5.6541E+01 -3.7025E-01  4.1879E-01  1.3217E-01
  5.2000E+01  7.5118E-01  4.8581E+00  5.6541E+01 -3.7025E-01  4.1879E-01  1.3217E-01
  5.2000E+01  7.5118E-01  4.8581E+00  5.6541E+01 -3.7025E-01  4.1879E-01  1.3217E-01
  5.2000E+01  7.5118E-01  4.8581E+00  5.6541E+01 -3.7025E-01  4.1879E-01  1.3217E-01
  5.2000E+01  7.5118E-01  4.8581E+00  5.6541E+01 -3.7025E-01  4.1879E-01  1.3217E-01
  5.2000E+01  7.5118E-01  4.8581E+00  5.6541E+01 -3.7025E-01  4.1879E-01  1.3217E-01
  5.3000E+01  1.2133E+00  4.4639E+00  5.2640E+01  1.0922E-01  3.3416E-01  6.0696E-02
  5.3000E+01  1.2133E+00  4.4639E+00  5.2640E+01  1.0922E-01  3.3416E-01  6.0696E-02
  5.3000E+01  1.2133E+00  4.4639E+00  5.2640E+01  1.0922E-01  3.3416E-01  6.0696E-02
  5.3000E+01  1.2133E+00  4.4639E+00  5.2640E+01  1.0922E-01  3.3416E-01  6.0696E-02
  5.3000E+01  1.2133E+00  4.4639E+00  5.2640E+01  1.0922E-01  3.3416E-01  6.0696E-02
  5.3000E+01  1.2133E+00  4.4639E+00  5.2640E+01  1.0922E-01  3.3416E-01  6.0696E-02
  5.3000E+01  1.2133E+00  4.4639E+00  5.2640E+01  1.0922E-01  3.3416E-01  6.0696E-02
  5.3000E+01  1.2133E+00  4.4639E+00  5.2640E+01  1.0922E-01  3.3416E-01  6.0696E-02
  5.3000E+01  1.2133E+00  4.4639E+00  5.2640E+01  1.0922E-01  3.3416E-01  6.0696E-02
  5.3000E+01  1.2133E+00  4.4639E+00  5.2640E+01  1.0922E-01  3.3416E-01  6.0696E-02
  5.3000E+01  1.2133E+00  4.4639E+00  5.2640E+01  1.0922E-01  3.3416E-01  6.0696E-02
  5.3000E+01  1.2133E+00  4.4639E+00  5.2640E+01  1.0922E-01  3.3416E-01  6.0696E-02
  5.3000E+01  1.2133E+00  4.4639E+00  5.2640E+01  1.0922E-01  3.3416E-01  6.0696E-02
  5.3000E+01  1.2133E+00  4.4639E+00  5.2640E+01  1.0922E-01  3.3416E-01  6.0696E-02
  5.3000E+01  1.2133E+00  4.4639E+00  5.2640E+01  1.0922E-01  3.3416E-01  6.0696E-02
  5.3000E+01  1.2133E+00  4.4639E+00  5.2640E+01  1.0922E-01  3.3416E-01  6.0696E-02
  5.3000E+01  1.2133E+00  4.4639E+00  5.2640E+01  1.0922E-01  3.3416E-01  6.0696E-02
  5.3000E+01  1.2133E+00  4.4639E+00  5.2640E+01  1.0922E-01  3.3416E-01  6.0696E-02
  5.3000E+01  1.2133E+00  4.4639E+00  5.2640E+01  1.0922E-01  3.3416E-01  6.0696E-02
  5.3000E+01  1.2133E+00  4.4639E+00  5.2640E+01  1.0922E-01  3.3416E-01  6.0696E-02
  5.3000E+01  1.2133E+00  4.4639E+00  5.2640E+01  1.0922E-01  3.3416E-01  6.0696E-02
  5.3000E+01  1.2133E+00  4.4639E+00  5.2640E+01  1.0922E-01  3.3416E-01  6.0696E-02
  5.3000E+01  1.2133E+00  4.4639E+00  5.2640E+01  1.0922E-01  3.3416E-01  6.0696E-02
  5.3000E+01  1.2133E+00  4.4639E+00  5.2640E+01  1.0922E-01  3.3416E-01  6.0696E-02
  5.4000E+01  8.9564E-01  5.0210E+00  5.1114E+01 -1.9437E-01  4.5178E-01  3.1280E-02
  5.4000E+01  8.9564E-01  5.0210E+00  5.1114E+01 -1.9437E-01  4.5178E-01  3.1280E-02
  5.4000E+01  8.9564E-01  5.0210E+00  5.1114E+01 -1.9437E-01  4.5178E-01  3.1280E-02
  5.4000E+01  8.9564E-01  5.0210E+00  5.1114E+01 -1.9437E-01  4.5178E-01  3.1280E-02
  5.4000E+01  8.9564E-01  5.0210E+00  5.1114E+01 -1.9437E-01  4.5178E-01  3.1280E-02
  5.4000E+01  8.9564E-01  5.0210E+00  5.1114E+01 -1.9437E-01  4.5178E-01  3.1280E-02
  5.4000E+01  8.9564E-01  5.0210E+00  5.1114E+01 -1.9437E-01  4.5178E-01  3.1280E-02
  5.4000E+01  8.9564E-01  5.0210E+00  5.1114E+01 -1.9437E-01  4.5178E-01  3.1280E-02
  5.4000E+01  8.9564E-01  5.0210E+00  5.1114E+01 -1.9437E-01  4.5178E-01  3.1280E-02
  5.4000E+01  8.9564E-01  5.0210E+00  5.1114E+01 -1.9437E-01  4.5178E-01  3.1280E-02
  5.4000E+01  8.9564E-01  5.0210E+00  5.1114E+01 -1.9437E-01  4.5178E-01  3.1280E-02
  5.4000E+01  8.9564E-01  5.0210E+00  5.1114E+01 -1.9437E-01  4.5178E-01  3.1280E-02
  5.4000E+01  8.9564E-01  5.0210E+00  5.1114E+01 -1.9437E-01  4.5178E-01  3.1280E-02
  5.4000E+01  8.9564E-01  5.0210E+00  5.1114E+01 -1.9437E-01  4.5178E-01  3.1280E-02
  5.4000E+01  8.9564E-01  5.0210E+00  5.1114E+01 -1.9437E-01  4.5178E-01  3.1280E-02
  5.4000E+01  8.9564E-01  5.0210E+00  5.1114E+01 -1.9437E-01  4.5178E-01  3.1280E-02
  5.4000E+01  8.9564E-01  5.0210E+00  5.1114E+01 -1.9437E-01  4.5178E-01  3.1280E-02
  5.4000E+01  8.9564E-01  5.0210E+00  5.1114E+01 -1.9437E-01  4.5178E-01  3.1280E-02
  5.4000E+01  8.9564E-01  5.0210E+00  5.1114E+01 -1.9437E-01  4.5178E-01  3.1280E-02
  5.4000E+01  8.9564E-01  5.0210E+00  5.1114E+01 -1.9437E-01  4.5178E-01  3.1280E-02
  5.4000E+01  8.9564E-01  5.0210E+00  5.1114E+01 -1.9437E-01  4.5178E-01  3.1280E-02
  5.4000E+01  8.9564E-01  5.0210E+00  5.1114E+01 -1.9437E-01  4.5178E-01  3.1280E-02
  5.4000E+01  8.9564E-01  5.0210E+00  5.1114E+01 -1.9437E-01  4.5178E-01  3.1280E-02
  5.4000E+01  8.9564E-01  5.0210E+00  5.1114E+01 -1.9437E-01  4.5178E-01  3.1280E-02
  5.5000E+01  4.2221E-01  1.6060E+00  4.8682E+01 -9.4639E-01 -6.8808E-01 -1.7469E-02
  5.5000E+01  4.2221E-01  1.6060E+00  4.8682E+01 -9.4639E-01 -6.8808E-01 -1.7469E-02
  5.5000E+01  4.2221E-01  1.6060E+00  4.8682E+01 -9.4639E-01 -6.8808E-01 -1.7469E-02
  5.5000E+01  4.2221E-01  1.6060E+00  4.8682E+01 -9.4639E-01 -6.8808E-01 -1.7469E-02
  5.5000E+01  4.2221E-01  1.6060E+00  4.8682E+01 -9.4639E-01 -6.8808E-01 -1.7469E-02
  5.5000E+01  4.2221E-01  1.6060E+00  4.8682E+01 -9.4639E-01 -6.8808E-01 -1.7469E-02
  5.5000E+01  4.2221E-01  1.6060E+00  4.8682E+01 -9.4639E-01 -6.8808E-01 -1.7469E-02
  5.5000E+01  4.2221E-01  1.6060E+00  4.8682E+01 -9.4639E-01 -6.8808E-01 -1.7469E-02
  5.5000E+01  4.2221E-01  1.6060E+00  4.8682E+01 -9.4639E-01 -6.8808E-01 -1.7469E-02
  5.5000E+01  4.2221E-01  1.6060E+00  4.8682E+01 -9.4639E-01 -6.8808E-01 -1.7469E-02
  5.5000E+01  4.2221E-01  1.6060E+00  4.8682E+01 -9.4639E-01 -6.8808E-01 -1.7469E-02
  5.5000E+01  4.2221E-01  1.6060E+00  4.8682E+01 -9.4639E-01 -6.8808E-01 -1.7469E-02
  5.5000E+01  4.2221E-01  1.6060E+00  4.8682E+01 -9.4639E-01 -6.8808E-01 -1.7469E-02
  5.5000E+01  4.2221E-01  1.6060E+00  4.8682E+01 -9.4639E-01 -6.8808E-01 -1.7469E-02
  5.5000E+01  4.2221E-01  1.6060E+00  4.8682E+01 -9.4639E-01 -6.8808E-01 -1.7469E-02
  5.5000E+01  4.2221E-01  1.6060E+00  4.8682E+01 -9.4639E-01 -6.8808E-01 -1.7469E-02
  5.5000E+01  4.2221E-01  1.6060E+00  4.8682E+01 -9.4639E-01 -6.8808E-01 -1.7469E-02
  5.5000E+01  4.2221E-01  1.6060E+00  4.8682E+01 -9.4639E-01 -6.8808E-01 -1.7469E-02
  5.5000E+01  4.2221E-01  1.6060E+00  4.8682E+01 -9.4639E-01 -6.8808E-01 -1.7469E-02
  5.5000E+01  4.2221E-01  1.6060E+00  4.8682E+01 -9.4639E-01 -6.8808E-01 -1.7469E-02
  5.5000E+01  4.2221E-01  1.6060E+00  4.8682E+01 -9.4639E-01 -6.8808E-01 -1.7469E-02
  5.5000E+01  4.2221E-01  1.6060E+00  4.8682E+01 -9.4639E-01 -6.8808E-01 -1.7469E-02
  5.5000E+01  4.2221E-01  1.6060E+00  4.8682E+01 -9.4639E-01 -6.8808E-01 -1.7469E-02
  5.5000E+01  4.2221E-01  1.6060E+00  4.8682E+01 -9.4639E-01 -6.8808E-01 -1.7469E-02
  5.6000E+01  1.9683E+00  4.8379E+00  3.8933E+01  5.9302E-01  4.1463E-01 -2.4095E-01
  5.6000E+01  1.9683E+00  4.8379E+00  3.8933E+01  5.9302E-01  4.1463E-01 -2.4095E-01
  5.6000E+01  1.9683E+00  4.8379E+00  3.8933E+01  5.9302E-01  4.1463E-01 -2.4095E-01
  5.6000E+01  1.9683E+00  4.8379E+00  3.8933E+01  5.9302E-01  4.1463E-01 -2.4095E-01
  5.6000E+01  1.9683E+00  4.8379E+00  3.8933E+01  5.9302E-01  4.1463E-01 -2.4095E-01
  5.6000E+01  1.9683E+00  4.8379E+00  3.8933E+01  5.9302E-01  4.1463E-01 -2.4095E-01
  5.6000E+01  1.9683E+00  4.8379E+00  3.8933E+01  5.9302E-01  4.1463E-01 -2.4095E-01
  5.6000E+01  1.9683E+00  4.8379E+00  3.8933E+01  5.9302E-01  4.1463E-01 -2.4095E-01
  5.6000E+01  1.9683E+00  4.8379E+00  3.8933E+01  5.9302E-01  4.1463E-01 -2.4095E-01
  5.6000E+01  1.9683E+00  4.8379E+00  3.8933E+01  5.9302E-01  4.1463E-01 -2.4095E-01
  5.6000E+01  1.9683E+00  4.8379E+00  3.8933E+01  5.9302E-01  4.1463E-01 -2.4095E-01
  5.6000E+01  1.9683E+00  4.8379E+00  3.8933E+01  5.9302E-01  4.1463E-01 -2.4095E-01
  5.6000E+01  1.9683E+00  4.8379E+00  3.8933E+01  5.9302E-01  4.1463E-01 -2.4095E-01
  5.6000E+01  1.9683E+00  4.8379E+00  3.8933E+01  5.9302E-01  4.1463E-01 -2.4095E-01
  5.6000E+01  1.9683E+00  4.8379E+00  3.8933E+01  5.9302E-01  4.1463E-01 -2.4095E-01
  5.6000E+01  1.9683E+00  4.8379E+00  3.8933E+01  5.9302E-01  4.1463E-01 -2.4095E-01
  5.6000E+01  1.9683E+00  4.8379E+00  3.8933E+01  5.9302E-01  4.1463E-01 -2.4095E-01
  5.6000E+01  1.9683E+00  4.8379E+00  3.8933E+01  5.9302E-01  4.1463E-01 -2.4095E-01
  5.6000E+01  1.9683E+00  4.8379E+00  3.8933E+01  5.9302E-01  4.1463E-01 -2.4095E-01
  5.6000E+01  1.9683E+00  4.8379E+00  3.8933E+01  5.9302E-01  4.1463E-01 -2.4095E-01
  5.6000E+01  1.9683E+00  4.8379E+00  3.8933E+01  5.9302E-01  4.1463E-01 -2.4095E-01
  5.6000E+01  1.9683E+00  4.8379E+00  3.8933E+01  5.9302E-01  4.1463E-01 -2.4095E-01
  5.6000E+01  1.9683E+00  4.8379E+00  3.8933E+01  5.9302E-01  4.1463E-01 -2.4095E-01
  5.6000E+01  1.9683E+00  4.8379E+00  3.8933E+01  5.9302E-01  4.1463E-01 -2.4095E-01
  5.7000E+01  1.9533E+00  6.5155E+00  5.1390E+01  5.8536E-01  7.1233E-01  3.6658E-02
  5.7000E+01  1.9533E+00  6.5155E+00  5.1390E+01  5.8536E-01  7.1233E-01  3.6658E-02
  5.7000E+01  1.9533E+00  6.5155E+00  5.1390E+01  5.8536E-01  7.1233E-01  3.6658E-02
  5.7000E+01  1.9533E+00  6.5155E+00  5.1390E+01  5.8536E-01  7.1233E-01  3.6658E-02
  5.7000E+01  1.9533E+00  6.5155E+00  5.1390E+01  5.8536E-01  7.1233E-01  3.6658E-02
  5.7000E+01  1.9533E+00  6.5155E+00  5.1390E+01  5.8536E-01  7.1233E-01  3.6658E-02
  5.7000E+01  1.9533E+00  6.5155E+00  5.1390E+01  5.8536E-01  7.1233E-01  3.6658E-02
  5.7000E+01  1.9533E+00  6.5155E+00  5.1390E+01  5.8536E-01  7.1233E-01  3.6658E-02
  5.7000E+01  1.9533E+00  6.5155E+00  5.1390E+01  5.8536E-01  7.1233E-01  3.6658E-02
  5.7000E+01  1.9533E+00  6.5155E+00  5.1390E+01  5.8536E-01  7.1233E-01  3.6658E-02
  5.7000E+01  1.9533E+00  6.5155E+00  5.1390E+01  5.8536E-01  7.1233E-01  3.6658E-02
  5.7000E+01  1.9533E+00  6.5155E+00  5.1390E+01  5.8536E-01  7.1233E-01  3.6658E-02
  5.7000E+01  1.9533E+00  6.5155E+00  5.1390E+01  5.8536E-01  7.1233E-01  3.6658E-02
  5.7000E+01  1.9533E+00  6.5155E+00  5.1390E+01  5.8536E-01  7.1233E-01  3.6658E-02
  5.7000E+01  1.9533E+00  6.5155E+00  5.1390E+01  5.8536E-01  7.1233E-01  3.6658E-02
  5.7000E+01  1.9533E+00  6.5155E+00  5.1390E+01  5.8536E-01  7.1233E-01  3.6658E-02
  5.7000E+01  1.9533E+00  6.5155E+00  5.1390E+01  5.8536E-01  7.1233E-01  3.6658E-02
  5.7000E+01  1.9533E+00  6.5155E+00  5.1390E+01  5.8536E-01  7.1233E-01  3.6658E-02
  5.7000E+01  1.9533E+00  6.5155E+00  5.1390E+01  5.8536E-01  7.1233E-01  3.6658E-02
  5.7000E+01  1.9533E+00  6.5155E+00  5.1390E+01  5.8536E-01  7.1233E-01  3.6658E-02
  5.7000E+01  1.9533E+00  6.5155E+00  5.1390E+01  5.8536E-01  7.1233E-01  3.6658E-02
  5.7000E+01  1.9533E+00  6.5155E+00  5.1390E+01  5.8536E-01  7.1233E-01  3.6658E-02
  5.7000E+01  1.9533E+00  6.5155E+00  5.1390E+01  5.8536E-01  7.1233E-01  3.6658E-02
  5.7000E+01  1.9533E+00  6.5155E+00  5.1390E+01  5.8536E-01  7.1233E-01  3.6658E-02
  5.8000E+01  8.6241E-01  5.2301E+00  5.2779E+01 -2.3217E-01  4.9257E-01  6.3331E-02
  5.8000E+01  8.6241E-01  5.2301E+00  5.2779E+01 -2.3217E-01  4.9257E-01  6.3331E-02
  5.8000E+01  8.6241E-01  5.2301E+00  5.2779E+01 -2.3217E-01  4.9257E-01  6.3331E-02
  5.8000E+01  8.6241E-01  5.2301E+00  5.2779E+01 -2.3217E-01  4.9257E-01  6.3331E-02
  5.8000E+01  8.6241E-01  5.2301E+00  5.2779E+01 -2.3217E-01  4.9257E-01  6.3331E-02
  5.8000E+01  8.6241E-01  5.2301E+00  5.2779E+01 -2.3217E-01  4.9257E-01  6.3331E-02
  5.8000E+01  8.6241E-01  5.2301E+00  5.2779E+01 -2.3217E-01  4.9257E-01  6.3331E-02
  5.8000E+01  8.6241E-01  5.2301E+00  5.2779E+01 -2.3217E-01  4.9257E-01  6.3331E-02
  5.8000E+01  8.6241E-01  5.2301E+00  5.2779E+01 -2.3217E-01  4.9257E-01  6.3331E-02
  5.8000E+01  8.6241E-01  5.2301E+00  5.2779E+01 -2.3217E-01  4.9257E-01  6.3331E-02
  5.8000E+01  8.6241E-01  5.2301E+00  5.2779E+01 -2.3217E-01  4.9257E-01  6.3331E-02
  5.8000E+01  8.6241E-01  5.2301E+00  5.2779E+01 -2.3217E-01  4.9257E-01  6.3331E-02
  5.8000E+01  8.6241E-01  5.2301E+00  5.2779E+01 -2.3217E-01  4.9257E-01  6.3331E-02
  5.8000E+01  8.6241E-01  5.2301E+00  5.2779E+01 -2.3217E-01  4.9257E-01  6.3331E-02
  5.8000E+01  8.6241E-01  5.2301E+00  5.2779E+01 -2.3217E-01  4.9257E-01  6.3331E-02
  5.8000E+01  8.6241E-01  5.2301E+00  5.2779E+01 -2.3217E-01  4.9257E-01  6.3331E-02
  5.8000E+01  8.6241E-01  5.2301E+00  5.2779E+01 -2.3217E-01  4.9257E-01  6.3331E-02
  5.8000E+01  8.6241E-01  5.2301E+00  5.2779E+01 -2.3217E-01  4.9257E-01  6.3331E-02
  5.8000E+01  8.6241E-01  5.2301E+00  5.2779E+01 -2.3217E-01  4.9257E-01  6.3331E-02
  5.8000E+01  8.6241E-01  5.2301E+00  5.2779E+01 -2.3217E-01  4.9257E-01  6.3331E-02
  5.8000E+01  8.6241E-01  5.2301E+00  5.2779E+01 -2.3217E-01  4.9257E-01  6.3331E-02
  5.8000E+01  8.6241E-01  5.2301E+00  5.2779E+01 -2.3217E-01  4.9257E-01  6.3331E-02
  5.8000E+01  8.6241E-01  5.2301E+00  5.2779E+01 -2.3217E-01  4.9257E-01  6.3331E-02
  5.8000E+01  8.6241E-01  5.2301E+00  5.2779E+01 -2.3217E-01  4.9257E-01  6.3331E-02
  5.9000E+01  4.2827E-01  5.0347E+00  5.7730E+01 -9.3215E-01  4.5451E-01  1.5300E-01
  5.9000E+01  4.2827E-01  5.0347E+00  5.7730E+01 -9.3215E-01  4.5451E-01  1.5300E-01
  5.9000E+01  4.2827E-01  5.0347E+00  5.7730E+01 -9.3215E-01  4.5451E-01  1.5300E-01
  5.9000E+01  4.2827E-01  5.0347E+00  5.7730E+01 -9.3215E-01  4.5451E-01  1.5300E-01
  5.9000E+01  4.2827E-01  5.0347E+00  5.7730E+01 -9.3215E-01  4.5451E-01  1.5300E-01
  5.9000E+01  4.2827E-01  5.0347E+00  5.7730E+01 -9.3215E-01  4.5451E-01  1.5300E-01
  5.9000E+01  4.2827E-01  5.0347E+00  5.7730E+01 -9.3215E-01  4.5451E-01  1.5300E-01
  5.9000E+01  4.2827E-01  5.0347E+00  5.7730E+01 -9.3215E-01  4.5451E-01  1.5300E-01
  5.9000E+01  4.2827E-01  5.0347E+00  5.7730E+01 -9.3215E-01  4.5451E-01  1.5300E-01
  5.9000E+01  4.2827E-01  5.0347E+00  5.7730E+01 -9.3215E-01  4.5451E-01  1.5300E-01
  5.9000E+01  4.2827E-01  5.0347E+00  5.7730E+01 -9.3215E-01  4.5451E-01  1.5300E-01
  5.9000E+01  4.2827E-01  5.0347E+00  5.7730E+01 -9.3215E-01  4.5451E-01  1.5300E-01
  5.9000E+01  4.2827E-01  5.0347E+00  5.7730E+01 -9.3215E-01  4.5451E-01  1.5300E-01
  5.9000E+01  4.2827E-01  5.0347E+00  5.7730E+01 -9.3215E-01  4.5451E-01  1.5300E-01
  5.9000E+01  4.2827E-01  5.0347E+00  5.7730E+01 -9.3215E-01  4.5451E-01  1.5300E-01
  5.9000E+01  4.2827E-01  5.0347E+00  5.7730E+01 -9.3215E-01  4.5451E-01  1.5300E-01
  5.9000E+01  4.2827E-01  5.0347E+00  5.7730E+01 -9.3215E-01  4.5451E-01  1.5300E-01
  5.9000E+01  4.2827E-01  5.0347E+00  5.7730E+01 -9.3215E-01  4.5451E-01  1.5300E-01
  5.9000E+01  4.2827E-01  5.0347E+00  5.7730E+01 -9.3215E-01  4.5451E-01  1.5300E-01
  5.9000E+01  4.2827E-01  5.0347E+00  5.7730E+01 -9.3215E-01  4.5451E-01  1.5300E-01
  5.9000E+01  4.2827E-01  5.0347E+00  5.7730E+01 -9.3215E-01  4.5451E-01  1.5300E-01
  5.9000E+01  4.2827E-01  5.0347E+00  5.7730E+01 -9.3215E-01  4.5451E-01  1.5300E-01
  5.9000E+01  4.2827E-01  5.0347E+00  5.7730E+01 -9.3215E-01  4.5451E-01  1.5300E-01
  5.9000E+01  4.2827E-01  5.0347E+00  5.7730E+01 -9.3215E-01  4.5451E-01  1.5300E-01
  6.0000E+01  2.0405E+00  4.0173E+00  3.8114E+01  6.2904E-01  2.2875E-01 -2.6221E-01
  6.0000E+01  2.0405E+00  4.0173E+00  3.8114E+01  6.2904E-01  2.2875E-01 -2.6221E-01
  6.0000E+01  2.0405E+00  4.0173E+00  3.8114E+01  6.2904E-01  2.2875E-01 -2.6221E-01
  6.0000E+01  2.0405E+00  4.0173E+00  3.8114E+01  6.2904E-01  2.2875E-01 -2.6221E-01
  6.0000E+01  2.0405E+00  4.0173E+00  3.8114E+01  6.2904E-01  2.2875E-01 -2.6221E-01
  6.0000E+01  2.0405E+00  4.0173E+00  3.8114E+01  6.2904E-01  2.2875E-01 -2.6221E-01
  6.0000E+01  2.0405E+00  4.0173E+00  3.8114E+01  6.2904E-01  2.2875E-01 -2.6221E-01
  6.0000E+01  2.0405E+00  4.0173E+00  3.8114E+01  6.2904E-01  2.2875E-01 -2.6221E-01
  6.0000E+01  2.0405E+00  4.0173E+00  3.8114E+01  6.2904E-01  2.2875E-01 -2.6221E-01
  6.0000E+01  2.0405E+00  4.0173E+00  3.8114E+01  6.2904E-01  2.2875E-01 -2.6221E-01
  6.0000E+01  2.0405E+00  4.0173E+00  3.8114E+01  6.2904E-01  2.2875E-01 -2.6221E-01
  6.0000E+01  2.0405E+00  4.0173E+00  3.8114E+01  6.2904E-01  2.2875E-01 -2.6221E-01
  6.0000E+01  2.0405E+00  4.0173E+00  3.8114E+01  6.2904E-01  2.2875E-01 -2.6221E-01
  6.0000E+01  2.0405E+00  4.0173E+00  3.8114E+01  6.2904E-01  2.2875E-01 -2.6221E-01
  6.0000E+01  2.0405E+00  4.0173E+00  3.8114E+01  6.2904E-01  2.2875E-01 -2.6221E-01
  6.0000E+01  2.0405E+00  4.0173E+00  3.8114E+01  6.2904E-01  2.2875E-01 -2.6221E-01
  6.0000E+01  2.0405E+00  4.0173E+00  3.8114E+01  6.2904E-01  2.2875E-01 -2.6221E-01
  6.0000E+01  2.0405E+00  4.0173E+00  3.8114E+01  6.2904E-01  2.2875E-01 -2.6221E-01
  6.0000E+01  2.0405E+00  4.0173E+00  3.8114E+01  6.2904E-01  2.2875E-01 -2.6221E-01
  6.0000E+01  2.0405E+00  4.0173E+00  3.8114E+01  6.2904E-01  2.2875E-01 -2.6221E-01
  6.0000E+01  2.0405E+00  4.0173E+00  3.8114E+01  6.2904E-01  2.2875E-01 -2.6221E-01
  6.0000E+01  2.0405E+00  4.0173E+00  3.8114E+01  6.2904E-01  2.2875E-01 -2.6221E-01
  6.0000E+01  2.0405E+00  4.0173E+00  3.8114E+01  6.2904E-01  2.2875E-01 -2.6221E-01
  6.0000E+01  2.0405E+00  4.0173E+00  3.8114E+01  6.2904E-01  2.2875E-01 -2.6221E-01
