TABLE NO.  1
 ID          TIME        AMT         DV          MDV         EVID        OCC         BLQ         KA          CL          V           IPRE        IWRE        CWRES       DV          PRED        RES         WRES
  1.0000E+00  0.0000E+00  1.0000E+02  0.0000E+00  1.0000E+00  1.0000E+00  1.0000E+00  0.0000E+00  9.4089E-01  3.3258E+00  5.7631E+01  0.0000E+00  0.0000E+00  0.0000E+00  0.0000E+00  0.0000E+00  0.0000E+00  0.0000E+00
  1.0000E+00  5.0000E-01  0.0000E+00  8.5300E-01  0.0000E+00  0.0000E+00  1.0000E+00  0.0000E+00  9.4089E-01  3.3258E+00  5.7631E+01  6.4114E-01  1.2181E+00  1.1291E+00  8.5300E-01  8.3210E-01  2.0902E-02  1.0595E+00
  1.0000E+00  1.0000E+00  0.0000E+00  1.4460E+00  0.0000E+00  0.0000E+00  1.0000E+00  0.0000E+00  9.4089E-01  3.3258E+00  5.7631E+01  1.0234E+00  2.1536E+00  1.9990E+00  1.4460E+00  1.2887E+00  1.5729E-01  1.7823E+00
  1.0000E+00  2.0000E+00  0.0000E+00  1.3090E+00  0.0000E+00  0.0000E+00  1.0000E+00  0.0000E+00  9.4089E-01  3.3258E+00  5.7631E+01  1.3655E+00 -2.5495E-01 -4.6725E-01  1.3090E+00  1.6424E+00 -3.3344E-01 -4.4407E-01
  1.0000E+00  4.0000E+00  0.0000E+00  1.4360E+00  0.0000E+00  0.0000E+00  1.0000E+00  0.0000E+00  9.4089E-01  3.3258E+00  5.7631E+01  1.4246E+00  5.0228E-02 -1.5886E-01  1.4360E+00  1.6301E+00 -1.9412E-01 -1.4222E-01
  1.0000E+00  8.0000E+00  0.0000E+00  1.1270E+00  0.0000E+00  0.0000E+00  1.0000E+00  0.0000E+00  9.4089E-01  3.3258E+00  5.7631E+01  1.1640E+00 -1.7965E-01 -3.1306E-01  1.1270E+00  1.2804E+00 -1.5338E-01 -2.8042E-01
  1.0000E+00  1.2000E+01  0.0000E+00  8.4900E-01  0.0000E+00  0.0000E+00  1.0000E+00  0.0000E+00  9.4089E-01  3.3258E+00  5.7631E+01  9.2486E-01 -3.9975E-01 -4.6921E-01  8.4900E-01  9.8945E-01 -1.4045E-01 -4.4730E-01
  1.0000E+00  2.4000E+01  0.0000E+00  2.5000E-01  0.0000E+00  0.0000E+00  1.0000E+00  1.0000E+00  9.4089E-01  3.3258E+00  5.7631E+01  4.6274E-01 -1.2783E+00 -1.2516E+00  2.5000E-01  4.5625E-01 -2.0625E-01 -1.2582E+00
  1.0000E+00  1.6800E+02  1.0000E+02  0.0000E+00  1.0000E+00  1.0000E+00  2.0000E+00  0.0000E+00  9.4089E-01  3.3258E+00  5.7631E+01  1.1386E-04 -7.2120E-04  0.0000E+00  0.0000E+00  4.2154E-05  0.0000E+00  0.0000E+00
  1.0000E+00  1.6850E+02  0.0000E+00  6.2900E-01  0.0000E+00  0.0000E+00  2.0000E+00  0.0000E+00  9.4089E-01  3.3258E+00  5.7631E+01  6.4125E-01 -7.0449E-02 -1.5921E-01  6.2900E-01  8.3214E-01 -2.0314E-01 -1.5146E-01
  1.0000E+00  1.6900E+02  0.0000E+00  1.1040E+00  0.0000E+00  0.0000E+00  2.0000E+00  0.0000E+00  9.4089E-01  3.3258E+00  5.7631E+01  1.0236E+00  4.1000E-01  2.5561E-01  1.1040E+00  1.2887E+00 -1.8475E-01  2.1014E-01
  1.0000E+00  1.7000E+02  0.0000E+00  1.4480E+00  0.0000E+00  0.0000E+00  2.0000E+00  0.0000E+00  9.4089E-01  3.3258E+00  5.7631E+01  1.3656E+00  3.7195E-01  1.5982E-01  1.4480E+00  1.6425E+00 -1.9448E-01  1.1960E-01
  1.0000E+00  1.7200E+02  0.0000E+00  1.4270E+00  0.0000E+00  0.0000E+00  2.0000E+00  0.0000E+00  9.4089E-01  3.3258E+00  5.7631E+01  1.4247E+00  1.0064E-02 -1.9888E-01  1.4270E+00  1.6301E+00 -2.0315E-01 -1.7917E-01
  1.0000E+00  1.7600E+02  0.0000E+00  1.3030E+00  0.0000E+00  0.0000E+00  2.0000E+00  0.0000E+00  9.4089E-01  3.3258E+00  5.7631E+01  1.1641E+00  6.7388E-01  5.4059E-01  1.3030E+00  1.2804E+00  2.2590E-02  5.3180E-01
  1.0000E+00  1.8000E+02  0.0000E+00  9.1100E-01  0.0000E+00  0.0000E+00  2.0000E+00  0.0000E+00  9.4089E-01  3.3258E+00  5.7631E+01  9.2491E-01 -7.3321E-02 -1.4268E-01  9.1100E-01  9.8947E-01 -7.8469E-02 -1.3081E-01
  1.0000E+00  1.9200E+02  0.0000E+00  5.2600E-01  0.0000E+00  0.0000E+00  2.0000E+00  0.0000E+00  9.4089E-01  3.3258E+00  5.7631E+01  4.6277E-01  3.7993E-01  4.0666E-01  5.2600E-01  4.5625E-01  6.9745E-02  3.9659E-01
  1.0000E+00  3.3600E+02  1.0000E+02  0.0000E+00  1.0000E+00  1.0000E+00  3.0000E+00  0.0000E+00  9.4089E-01  3.3258E+00  5.7631E+01  1.1386E-04 -7.2125E-04  0.0000E+00  0.0000E+00  4.2155E-05  0.0000E+00  0.0000E+00
  1.0000E+00  3.3650E+02  0.0000E+00  2.5000E-01  0.0000E+00  0.0000E+00  3.0000E+00  1.0000E+00  9.4089E-01  3.3258E+00  5.7631E+01  6.4125E-01 -2.2495E+00 -2.3382E+00  2.5000E-01  8.3214E-01 -5.8214E-01 -2.1997E+00
  1.0000E+00  3.3700E+02  0.0000E+00  8.3300E-01  0.0000E+00  0.0000E+00  3.0000E+00  0.0000E+00  9.4089E-01  3.3258E+00  5.7631E+01  1.0236E+00 -9.7114E-01 -1.1255E+00  8.3300E-01  1.2887E+00 -4.5575E-01 -1.0354E+00
  1.0000E+00  3.3800E+02  0.0000E+00  1.0080E+00  0.0000E+00  0.0000E+00  3.0000E+00  0.0000E+00  9.4089E-01  3.3258E+00  5.7631E+01  1.3656E+00 -1.6139E+00 -1.8261E+00  1.0080E+00  1.6425E+00 -6.3448E-01 -1.6654E+00
  1.0000E+00  3.4000E+02  0.0000E+00  1.2340E+00  0.0000E+00  0.0000E+00  3.0000E+00  0.0000E+00  9.4089E-01  3.3258E+00  5.7631E+01  1.4247E+00 -8.4264E-01 -1.0516E+00  1.2340E+00  1.6301E+00 -3.9615E-01 -9.6683E-01
  1.0000E+00  3.4400E+02  0.0000E+00  1.2120E+00  0.0000E+00  0.0000E+00  3.0000E+00  0.0000E+00  9.4089E-01  3.3258E+00  5.7631E+01  1.1641E+00  2.3239E-01  9.9099E-02  1.2120E+00  1.2804E+00 -6.8410E-02  1.1174E-01
  1.0000E+00  3.4800E+02  0.0000E+00  1.1490E+00  0.0000E+00  0.0000E+00  3.0000E+00  0.0000E+00  9.4089E-01  3.3258E+00  5.7631E+01  9.2491E-01  1.1809E+00  1.1115E+00  1.1490E+00  9.8947E-01  1.5953E-01  1.0847E+00
  1.0000E+00  3.6000E+02  0.0000E+00  5.4000E-01  0.0000E+00  0.0000E+00  3.0000E+00  0.0000E+00  9.4089E-01  3.3258E+00  5.7631E+01  4.6277E-01  4.6405E-01  4.9078E-01  5.4000E-01  4.5625E-01  8.3745E-02  4.8053E-01
  2.0000E+00  0.0000E+00  1.0000E+02  0.0000E+00  1.0000E+00  1.0000E+00  1.0000E+00  0.0000E+00  9.0015E-01  5.1036E+00  5.2973E+01  0.0000E+00  0.0000E+00  0.0000E+00  0.0000E+00  0.0000E+00  0.0000E+00  0.0000E+00
  2.0000E+00  5.0000E-01  0.0000E+00  6.3400E-01  0.0000E+00  0.0000E+00  1.0000E+00  0.0000E+00  9.0015E-01  5.1036E+00  5.2973E+01  6.6675E-01 -1.8694E-01 -3.4102E-01  6.3400E-01  8.3210E-01 -1.9810E-01 -2.8546E-01
  2.0000E+00  1.0000E+00  0.0000E+00  1.0210E+00  0.0000E+00  0.0000E+00  1.0000E+00  0.0000E+00  9.0015E-01  5.1036E+00  5.2973E+01  1.0605E+00 -1.9872E-01 -4.0558E-01  1.0210E+00  1.2887E+00 -2.6771E-01 -3.3658E-01
  2.0000E+00  2.0000E+00  0.0000E+00  1.7080E+00  0.0000E+00  0.0000E+00  1.0000E+00  0.0000E+00  9.0015E-01  5.1036E+00  5.2973E+01  1.3942E+00  1.4018E+00  1.1881E+00  1.7080E+00  1.6424E+00  6.5562E-02  1.1069E+00
  2.0000E+00  4.0000E+00  0.0000E+00  1.5190E+00  0.0000E+00  0.0000E+00  1.0000E+00  0.0000E+00  9.0015E-01  5.1036E+00  5.2973E+01  1.3802E+00  6.2305E-01  4.2764E-01  1.5190E+00  1.6301E+00 -1.1112E-01  3.9465E-01
  2.0000E+00  8.0000E+00  0.0000E+00  1.0540E+00  0.0000E+00  0.0000E+00  1.0000E+00  0.0000E+00  9.0015E-01  5.1036E+00  5.2973E+01  9.7651E-01  4.0134E-01  1.7462E-01  1.0540E+00  1.2804E+00 -2.2638E-01  8.3374E-02
  2.0000E+00  1.2000E+01  0.0000E+00  6.0800E-01  0.0000E+00  0.0000E+00  1.0000E+00  0.0000E+00  9.0015E-01  5.1036E+00  5.2973E+01  6.6524E-01 -3.2692E-01 -5.6418E-01  6.0800E-01  9.8945E-01 -3.8145E-01 -6.0977E-01
  2.0000E+00  2.4000E+01  0.0000E+00  2.5000E-01  0.0000E+00  0.0000E+00  1.0000E+00  1.0000E+00  9.0015E-01  5.1036E+00  5.2973E+01  2.0936E-01  2.5451E-01  9.9887E-02  2.5000E-01  4.5625E-01 -2.0625E-01  9.9506E-02
  2.0000E+00  1.6800E+02  1.0000E+02  0.0000E+00  1.0000E+00  1.0000E+00  2.0000E+00  0.0000E+00  9.0015E-01  5.1036E+00  5.2973E+01  1.9754E-07 -1.2513E-06  0.0000E+00  0.0000E+00  4.2154E-05  0.0000E+00  0.0000E+00
  2.0000E+00  1.6850E+02  0.0000E+00  6.5100E-01  0.0000E+00  0.0000E+00  2.0000E+00  0.0000E+00  9.0015E-01  5.1036E+00  5.2973E+01  6.6675E-01 -8.9897E-02 -2.4397E-01  6.5100E-01  8.3214E-01 -1.8114E-01 -1.9312E-01
  2.0000E+00  1.6900E+02  0.0000E+00  1.2500E+00  0.0000E+00  0.0000E+00  2.0000E+00  0.0000E+00  9.0015E-01  5.1036E+00  5.2973E+01  1.0605E+00  9.5353E-01  7.4667E-01  1.2500E+00  1.2887E+00 -3.8745E-02  7.1626E-01
  2.0000E+00  1.7000E+02  0.0000E+00  1.6730E+00  0.0000E+00  0.0000E+00  2.0000E+00  0.0000E+00  9.0015E-01  5.1036E+00  5.2973E+01  1.3942E+00  1.2455E+00  1.0318E+00  1.6730E+00  1.6425E+00  3.0525E-02  9.6519E-01
  2.0000E+00  1.7200E+02  0.0000E+00  1.2820E+00  0.0000E+00  0.0000E+00  2.0000E+00  0.0000E+00  9.0015E-01  5.1036E+00  5.2973E+01  1.3802E+00 -4.4098E-01 -6.3640E-01  1.2820E+00  1.6301E+00 -3.4815E-01 -5.7232E-01
  2.0000E+00  1.7600E+02  0.0000E+00  9.9300E-01  0.0000E+00  0.0000E+00  2.0000E+00  0.0000E+00  9.0015E-01  5.1036E+00  5.2973E+01  9.7651E-01  8.5416E-02 -1.4130E-01  9.9300E-01  1.2804E+00 -2.8741E-01 -1.9796E-01
  2.0000E+00  1.8000E+02  0.0000E+00  6.4700E-01  0.0000E+00  0.0000E+00  2.0000E+00  0.0000E+00  9.0015E-01  5.1036E+00  5.2973E+01  6.6524E-01 -1.0419E-01 -3.4144E-01  6.4700E-01  9.8947E-01 -3.4247E-01 -4.1035E-01
  2.0000E+00  1.9200E+02  0.0000E+00  2.5000E-01  0.0000E+00  0.0000E+00  2.0000E+00  1.0000E+00  9.0015E-01  5.1036E+00  5.2973E+01  2.0936E-01  2.5451E-01  9.9887E-02  2.5000E-01  4.5625E-01 -2.0625E-01  9.9642E-02
  2.0000E+00  3.3600E+02  1.0000E+02  0.0000E+00  1.0000E+00  1.0000E+00  3.0000E+00  0.0000E+00  9.0015E-01  5.1036E+00  5.2973E+01  1.9754E-07 -1.2513E-06  0.0000E+00  0.0000E+00  4.2155E-05  0.0000E+00  0.0000E+00
  2.0000E+00  3.3650E+02  0.0000E+00  5.2400E-01  0.0000E+00  0.0000E+00  3.0000E+00  0.0000E+00  9.0015E-01  5.1036E+00  5.2973E+01  6.6675E-01 -8.1491E-01 -9.6899E-01  5.2400E-01  8.3214E-01 -3.0814E-01 -8.7948E-01
  2.0000E+00  3.3700E+02  0.0000E+00  8.7500E-01  0.0000E+00  0.0000E+00  3.0000E+00  0.0000E+00  9.0015E-01  5.1036E+00  5.2973E+01  1.0605E+00 -9.3334E-01 -1.1402E+00  8.7500E-01  1.2887E+00 -4.1375E-01 -1.0072E+00
  2.0000E+00  3.3800E+02  0.0000E+00  1.0860E+00  0.0000E+00  0.0000E+00  3.0000E+00  0.0000E+00  9.0015E-01  5.1036E+00  5.2973E+01  1.3942E+00 -1.3767E+00 -1.5904E+00  1.0860E+00  1.6425E+00 -5.5648E-01 -1.4162E+00
  2.0000E+00  3.4000E+02  0.0000E+00  1.3250E+00  0.0000E+00  0.0000E+00  3.0000E+00  0.0000E+00  9.0015E-01  5.1036E+00  5.2973E+01  1.3802E+00 -2.4793E-01 -4.4335E-01  1.3250E+00  1.6301E+00 -3.0515E-01 -3.9683E-01
  2.0000E+00  3.4400E+02  0.0000E+00  6.5800E-01  0.0000E+00  0.0000E+00  3.0000E+00  0.0000E+00  9.0015E-01  5.1036E+00  5.2973E+01  9.7651E-01 -1.6496E+00 -1.8763E+00  6.5800E-01  1.2804E+00 -6.2241E-01 -1.7443E+00
  2.0000E+00  3.4800E+02  0.0000E+00  7.5900E-01  0.0000E+00  0.0000E+00  3.0000E+00  0.0000E+00  9.0015E-01  5.1036E+00  5.2973E+01  6.6524E-01  5.3547E-01  2.9821E-01  7.5900E-01  9.8947E-01 -2.3047E-01  1.6166E-01
  2.0000E+00  3.6000E+02  0.0000E+00  2.5000E-01  0.0000E+00  0.0000E+00  3.0000E+00  1.0000E+00  9.0015E-01  5.1036E+00  5.2973E+01  2.0936E-01  2.5451E-01  9.9887E-02  2.5000E-01  4.5625E-01 -2.0625E-01  9.9642E-02
  3.0000E+00  0.0000E+00  1.0000E+02  0.0000E+00  1.0000E+00  1.0000E+00  1.0000E+00  0.0000E+00  1.3471E+00  3.0780E+00  5.3535E+01  0.0000E+00  0.0000E+00  0.0000E+00  0.0000E+00  0.0000E+00  0.0000E+00  0.0000E+00
  3.0000E+00  5.0000E-01  0.0000E+00  9.9300E-01  0.0000E+00  0.0000E+00  1.0000E+00  0.0000E+00  1.3471E+00  3.0780E+00  5.3535E+01  9.0100E-01  4.8865E-01  5.8585E-01  9.9300E-01  8.3210E-01  1.6090E-01  6.1977E-01
  3.0000E+00  1.0000E+00  0.0000E+00  1.4210E+00  0.0000E+00  0.0000E+00  1.0000E+00  0.0000E+00  1.3471E+00  3.0780E+00  5.3535E+01  1.3349E+00  3.9299E-01  4.2801E-01  1.4210E+00  1.2887E+00  1.3229E-01  4.4386E-01
  3.0000E+00  2.0000E+00  0.0000E+00  1.8710E+00  0.0000E+00  0.0000E+00  1.0000E+00  0.0000E+00  1.3471E+00  3.0780E+00  5.3535E+01  1.6074E+00  1.0909E+00  9.8903E-01  1.8710E+00  1.6424E+00  2.2856E-01  9.6763E-01
  3.0000E+00  4.0000E+00  0.0000E+00  1.4800E+00  0.0000E+00  0.0000E+00  1.0000E+00  0.0000E+00  1.3471E+00  3.0780E+00  5.3535E+01  1.5414E+00 -2.6018E-01 -4.2659E-01  1.4800E+00  1.6301E+00 -1.5012E-01 -4.1475E-01
  3.0000E+00  8.0000E+00  0.0000E+00  1.1220E+00  0.0000E+00  0.0000E+00  1.0000E+00  0.0000E+00  1.3471E+00  3.0780E+00  5.3535E+01  1.2318E+00 -5.1988E-01 -6.1590E-01  1.1220E+00  1.2804E+00 -1.5838E-01 -5.9404E-01
  3.0000E+00  1.2000E+01  0.0000E+00  9.7000E-01  0.0000E+00  0.0000E+00  1.0000E+00  0.0000E+00  1.3471E+00  3.0780E+00  5.3535E+01  9.7874E-01 -4.5243E-02 -7.8135E-02  9.7000E-01  9.8945E-01 -1.9450E-02 -6.9804E-02
  3.0000E+00  2.4000E+01  0.0000E+00  5.5200E-01  0.0000E+00  0.0000E+00  1.0000E+00  0.0000E+00  1.3471E+00  3.0780E+00  5.3535E+01  4.9095E-01  3.6455E-01  4.1971E-01  5.5200E-01  4.5625E-01  9.5754E-02  4.2911E-01
  3.0000E+00  1.6800E+02  1.0000E+02  0.0000E+00  1.0000E+00  1.0000E+00  2.0000E+00  0.0000E+00  1.3471E+00  3.0780E+00  5.3535E+01  1.2458E-04 -7.8912E-04  0.0000E+00  0.0000E+00  4.2154E-05  0.0000E+00  0.0000E+00
  3.0000E+00  1.6850E+02  0.0000E+00  7.8400E-01  0.0000E+00  0.0000E+00  2.0000E+00  0.0000E+00  1.3471E+00  3.0780E+00  5.3535E+01  9.0112E-01 -6.2210E-01 -5.2467E-01  7.8400E-01  8.3214E-01 -4.8139E-02 -5.1015E-01
  3.0000E+00  1.6900E+02  0.0000E+00  1.0760E+00  0.0000E+00  0.0000E+00  2.0000E+00  0.0000E+00  1.3471E+00  3.0780E+00  5.3535E+01  1.3350E+00 -1.1819E+00 -1.1467E+00  1.0760E+00  1.2887E+00 -2.1275E-01 -1.1420E+00
  3.0000E+00  1.7000E+02  0.0000E+00  1.3080E+00  0.0000E+00  0.0000E+00  2.0000E+00  0.0000E+00  1.3471E+00  3.0780E+00  5.3535E+01  1.6075E+00 -1.2391E+00 -1.3408E+00  1.3080E+00  1.6425E+00 -3.3448E-01 -1.3167E+00
  3.0000E+00  1.7200E+02  0.0000E+00  1.6920E+00  0.0000E+00  0.0000E+00  2.0000E+00  0.0000E+00  1.3471E+00  3.0780E+00  5.3535E+01  1.5415E+00  6.3753E-01  4.7130E-01  1.6920E+00  1.6301E+00  6.1850E-02  4.5024E-01
  3.0000E+00  1.7600E+02  0.0000E+00  1.2150E+00  0.0000E+00  0.0000E+00  2.0000E+00  0.0000E+00  1.3471E+00  3.0780E+00  5.3535E+01  1.2319E+00 -7.9818E-02 -1.7569E-01  1.2150E+00  1.2804E+00 -6.5410E-02 -1.6494E-01
  3.0000E+00  1.8000E+02  0.0000E+00  8.7400E-01  0.0000E+00  0.0000E+00  2.0000E+00  0.0000E+00  1.3471E+00  3.0780E+00  5.3535E+01  9.7880E-01 -5.4237E-01 -5.7514E-01  8.7400E-01  9.8947E-01 -1.1547E-01 -5.6028E-01
  3.0000E+00  1.9200E+02  0.0000E+00  5.3000E-01  0.0000E+00  0.0000E+00  2.0000E+00  0.0000E+00  1.3471E+00  3.0780E+00  5.3535E+01  4.9098E-01  2.3300E-01  2.8822E-01  5.3000E-01  4.5625E-01  7.3745E-02  2.9710E-01
  3.0000E+00  3.3600E+02  1.0000E+02  0.0000E+00  1.0000E+00  1.0000E+00  3.0000E+00  0.0000E+00  1.3471E+00  3.0780E+00  5.3535E+01  1.2459E-04 -7.8917E-04  0.0000E+00  0.0000E+00  4.2155E-05  0.0000E+00  0.0000E+00
  3.0000E+00  3.3650E+02  0.0000E+00  1.0400E+00  0.0000E+00  0.0000E+00  3.0000E+00  0.0000E+00  1.3471E+00  3.0780E+00  5.3535E+01  9.0112E-01  7.3763E-01  8.3506E-01  1.0400E+00  8.3214E-01  2.0786E-01  8.7339E-01
  3.0000E+00  3.3700E+02  0.0000E+00  1.5190E+00  0.0000E+00  0.0000E+00  3.0000E+00  0.0000E+00  1.3471E+00  3.0780E+00  5.3535E+01  1.3350E+00  8.3964E-01  8.7488E-01  1.5190E+00  1.2887E+00  2.3025E-01  8.9395E-01
  3.0000E+00  3.3800E+02  0.0000E+00  1.5100E+00  0.0000E+00  0.0000E+00  3.0000E+00  0.0000E+00  1.3471E+00  3.0780E+00  5.3535E+01  1.6075E+00 -4.0330E-01 -5.0495E-01  1.5100E+00  1.6425E+00 -1.3248E-01 -4.9717E-01
  3.0000E+00  3.4000E+02  0.0000E+00  1.5970E+00  0.0000E+00  0.0000E+00  3.0000E+00  0.0000E+00  1.3471E+00  3.0780E+00  5.3535E+01  1.5415E+00  2.3507E-01  6.8840E-02  1.5970E+00  1.6301E+00 -3.3150E-02  6.2531E-02
  3.0000E+00  3.4400E+02  0.0000E+00  1.3570E+00  0.0000E+00  0.0000E+00  3.0000E+00  0.0000E+00  1.3471E+00  3.0780E+00  5.3535E+01  1.2319E+00  5.9265E-01  4.9678E-01  1.3570E+00  1.2804E+00  7.6590E-02  4.9054E-01
  3.0000E+00  3.4800E+02  0.0000E+00  9.3000E-01  0.0000E+00  0.0000E+00  3.0000E+00  0.0000E+00  1.3471E+00  3.0780E+00  5.3535E+01  9.7880E-01 -2.5257E-01 -2.8533E-01  9.3000E-01  9.8947E-01 -5.9469E-02 -2.7427E-01
  3.0000E+00  3.6000E+02  0.0000E+00  5.6400E-01  0.0000E+00  0.0000E+00  3.0000E+00  0.0000E+00  1.3471E+00  3.0780E+00  5.3535E+01  4.9098E-01  4.3602E-01  4.9124E-01  5.6400E-01  4.5625E-01  1.0775E-01  5.0096E-01
  4.0000E+00  0.0000E+00  1.0000E+02  0.0000E+00  1.0000E+00  1.0000E+00  1.0000E+00  0.0000E+00  1.4343E+00  5.4052E+00  4.8279E+01  0.0000E+00  0.0000E+00  0.0000E+00  0.0000E+00  0.0000E+00  0.0000E+00  0.0000E+00
  4.0000E+00  5.0000E-01  0.0000E+00  8.8000E-01  0.0000E+00  0.0000E+00  1.0000E+00  0.0000E+00  1.4343E+00  5.4052E+00  4.8279E+01  1.0276E+00 -7.5136E-01 -5.7308E-01  8.8000E-01  8.3210E-01  4.7902E-02 -6.0162E-01
  4.0000E+00  1.0000E+00  0.0000E+00  1.3320E+00  0.0000E+00  0.0000E+00  1.0000E+00  0.0000E+00  1.4343E+00  5.4052E+00  4.8279E+01  1.4733E+00 -6.1360E-01 -4.8670E-01  1.3320E+00  1.2887E+00  4.3294E-02 -4.9270E-01
  4.0000E+00  2.0000E+00  0.0000E+00  1.5190E+00  0.0000E+00  0.0000E+00  1.0000E+00  0.0000E+00  1.4343E+00  5.4052E+00  4.8279E+01  1.6684E+00 -6.0479E-01 -6.5556E-01  1.5190E+00  1.6424E+00 -1.2344E-01 -5.9338E-01
  4.0000E+00  4.0000E+00  0.0000E+00  1.4540E+00  0.0000E+00  0.0000E+00  1.0000E+00  0.0000E+00  1.4343E+00  5.4052E+00  4.8279E+01  1.4284E+00  1.1293E-01 -1.1782E-01  1.4540E+00  1.6301E+00 -1.7612E-01 -6.6663E-02
  4.0000E+00  8.0000E+00  0.0000E+00  9.3900E-01  0.0000E+00  0.0000E+00  1.0000E+00  0.0000E+00  1.4343E+00  5.4052E+00  4.8279E+01  9.1738E-01  1.1422E-01 -1.9776E-01  9.3900E-01  1.2804E+00 -3.4138E-01 -3.2328E-01
  4.0000E+00  1.2000E+01  0.0000E+00  5.5700E-01  0.0000E+00  0.0000E+00  1.0000E+00  0.0000E+00  1.4343E+00  5.4052E+00  4.8279E+01  5.8624E-01 -1.7057E-01 -4.6962E-01  5.5700E-01  9.8945E-01 -4.3245E-01 -6.5181E-01
  4.0000E+00  2.4000E+01  0.0000E+00  2.5000E-01  0.0000E+00  0.0000E+00  1.0000E+00  1.0000E+00  1.4343E+00  5.4052E+00  4.8279E+01  1.5297E-01  6.1091E-01  4.5664E-01  2.5000E-01  4.5625E-01 -2.0625E-01  3.8584E-01
  4.0000E+00  1.6800E+02  1.0000E+02  0.0000E+00  1.0000E+00  1.0000E+00  2.0000E+00  0.0000E+00  1.4343E+00  5.4052E+00  4.8279E+01  1.5242E-08 -9.6546E-08  0.0000E+00  0.0000E+00  4.2154E-05  0.0000E+00  0.0000E+00
  4.0000E+00  1.6850E+02  0.0000E+00  1.2090E+00  0.0000E+00  0.0000E+00  2.0000E+00  0.0000E+00  1.4343E+00  5.4052E+00  4.8279E+01  1.0276E+00  9.2301E-01  1.1013E+00  1.2090E+00  8.3214E-01  3.7686E-01  1.1771E+00
  4.0000E+00  1.6900E+02  0.0000E+00  1.8400E+00  0.0000E+00  0.0000E+00  2.0000E+00  0.0000E+00  1.4343E+00  5.4052E+00  4.8279E+01  1.4733E+00  1.5919E+00  1.7188E+00  1.8400E+00  1.2887E+00  5.5125E-01  1.8426E+00
  4.0000E+00  1.7000E+02  0.0000E+00  1.8310E+00  0.0000E+00  0.0000E+00  2.0000E+00  0.0000E+00  1.4343E+00  5.4052E+00  4.8279E+01  1.6684E+00  6.5849E-01  6.0773E-01  1.8310E+00  1.6425E+00  1.8852E-01  6.7281E-01
  4.0000E+00  1.7200E+02  0.0000E+00  1.6860E+00  0.0000E+00  0.0000E+00  2.0000E+00  0.0000E+00  1.4343E+00  5.4052E+00  4.8279E+01  1.4284E+00  1.1366E+00  9.0583E-01  1.6860E+00  1.6301E+00  5.5850E-02  8.8055E-01
  4.0000E+00  1.7600E+02  0.0000E+00  7.5000E-01  0.0000E+00  0.0000E+00  2.0000E+00  0.0000E+00  1.4343E+00  5.4052E+00  4.8279E+01  9.1738E-01 -8.8426E-01 -1.1962E+00  7.5000E-01  1.2804E+00 -5.3041E-01 -1.1954E+00
  4.0000E+00  1.8000E+02  0.0000E+00  6.2500E-01  0.0000E+00  0.0000E+00  2.0000E+00  0.0000E+00  1.4343E+00  5.4052E+00  4.8279E+01  5.8624E-01  2.2617E-01 -7.2879E-02  6.2500E-01  9.8947E-01 -3.6447E-01 -3.0419E-01
  4.0000E+00  1.9200E+02  0.0000E+00  2.5000E-01  0.0000E+00  0.0000E+00  2.0000E+00  1.0000E+00  1.4343E+00  5.4052E+00  4.8279E+01  1.5297E-01  6.1091E-01  4.5664E-01  2.5000E-01  4.5625E-01 -2.0625E-01  3.8603E-01
  4.0000E+00  3.3600E+02  1.0000E+02  0.0000E+00  1.0000E+00  1.0000E+00  3.0000E+00  0.0000E+00  1.4343E+00  5.4052E+00  4.8279E+01  1.5242E-08 -9.6546E-08  0.0000E+00  0.0000E+00  4.2155E-05  0.0000E+00  0.0000E+00
  4.0000E+00  3.3650E+02  0.0000E+00  9.1700E-01  0.0000E+00  0.0000E+00  3.0000E+00  0.0000E+00  1.4343E+00  5.4052E+00  4.8279E+01  1.0276E+00 -5.6305E-01 -3.8478E-01  9.1700E-01  8.3214E-01  8.4861E-02 -4.0100E-01
  4.0000E+00  3.3700E+02  0.0000E+00  1.5570E+00  0.0000E+00  0.0000E+00  3.0000E+00  0.0000E+00  1.4343E+00  5.4052E+00  4.8279E+01  1.4733E+00  3.6323E-01  4.9013E-01  1.5570E+00  1.2887E+00  2.6825E-01  5.4192E-01
  4.0000E+00  3.3800E+02  0.0000E+00  1.4360E+00  0.0000E+00  0.0000E+00  3.0000E+00  0.0000E+00  1.4343E+00  5.4052E+00  4.8279E+01  1.6684E+00 -9.4086E-01 -9.9163E-01  1.4360E+00  1.6425E+00 -2.0648E-01 -9.2966E-01
  4.0000E+00  3.4000E+02  0.0000E+00  1.4760E+00  0.0000E+00  0.0000E+00  3.0000E+00  0.0000E+00  1.4343E+00  5.4052E+00  4.8279E+01  1.4284E+00  2.1000E-01 -2.0748E-02  1.4760E+00  1.6301E+00 -1.5415E-01  2.3508E-02
  4.0000E+00  3.4400E+02  0.0000E+00  7.0400E-01  0.0000E+00  0.0000E+00  3.0000E+00  0.0000E+00  1.4343E+00  5.4052E+00  4.8279E+01  9.1738E-01 -1.1273E+00 -1.4393E+00  7.0400E-01  1.2804E+00 -5.7641E-01 -1.4077E+00
  4.0000E+00  3.4800E+02  0.0000E+00  5.6100E-01  0.0000E+00  0.0000E+00  3.0000E+00  0.0000E+00  1.4343E+00  5.4052E+00  4.8279E+01  5.8624E-01 -1.4723E-01 -4.4628E-01  5.6100E-01  9.8947E-01 -4.2847E-01 -6.3106E-01
  4.0000E+00  3.6000E+02  0.0000E+00  2.5000E-01  0.0000E+00  0.0000E+00  3.0000E+00  1.0000E+00  1.4343E+00  5.4052E+00  4.8279E+01  1.5297E-01  6.1091E-01  4.5664E-01  2.5000E-01  4.5625E-01 -2.0625E-01  3.8603E-01
  5.0000E+00  0.0000E+00  1.0000E+02  0.0000E+00  1.0000E+00  1.0000E+00  1.0000E+00  0.0000E+00  1.1466E+00  2.1816E+00  4.3400E+01  0.0000E+00  0.0000E+00  0.0000E+00  0.0000E+00  0.0000E+00  0.0000E+00  0.0000E+00
  5.0000E+00  5.0000E-01  0.0000E+00  9.7700E-01  0.0000E+00  0.0000E+00  1.0000E+00  0.0000E+00  1.1466E+00  2.1816E+00  4.3400E+01  9.9167E-01 -7.5585E-02 -3.8858E-02  9.7700E-01  8.3210E-01  1.4490E-01 -5.1062E-02
  5.0000E+00  1.0000E+00  0.0000E+00  1.4330E+00  0.0000E+00  0.0000E+00  1.0000E+00  0.0000E+00  1.1466E+00  2.1816E+00  4.3400E+01  1.5260E+00 -3.9626E-01 -3.1658E-01  1.4330E+00  1.2887E+00  1.4429E-01 -3.4789E-01
  5.0000E+00  2.0000E+00  0.0000E+00  2.1960E+00  0.0000E+00  0.0000E+00  1.0000E+00  0.0000E+00  1.1466E+00  2.1816E+00  4.3400E+01  1.9360E+00  9.5888E-01  1.0926E+00  2.1960E+00  1.6424E+00  5.5356E-01  1.2044E+00
  5.0000E+00  4.0000E+00  0.0000E+00  2.0110E+00  0.0000E+00  0.0000E+00  1.0000E+00  0.0000E+00  1.1466E+00  2.1816E+00  4.3400E+01  1.9463E+00  2.3786E-01  4.0604E-01  2.0110E+00  1.6301E+00  3.8088E-01  4.5434E-01
  5.0000E+00  8.0000E+00  0.0000E+00  1.5720E+00  0.0000E+00  0.0000E+00  1.0000E+00  0.0000E+00  1.1466E+00  2.1816E+00  4.3400E+01  1.6116E+00 -1.6367E-01  1.0728E-02  1.5720E+00  1.2804E+00  2.9162E-01 -9.2988E-03
  5.0000E+00  1.2000E+01  0.0000E+00  1.2160E+00  0.0000E+00  0.0000E+00  1.0000E+00  0.0000E+00  1.1466E+00  2.1816E+00  4.3400E+01  1.3183E+00 -4.6953E-01 -3.0080E-01  1.2160E+00  9.8945E-01  2.2655E-01 -3.6263E-01
  5.0000E+00  2.4000E+01  0.0000E+00  6.8700E-01  0.0000E+00  0.0000E+00  1.0000E+00  0.0000E+00  1.1466E+00  2.1816E+00  4.3400E+01  7.2117E-01 -1.9203E-01 -5.7466E-02  6.8700E-01  4.5625E-01  2.3075E-01 -2.4155E-02
  5.0000E+00  1.6800E+02  1.0000E+02  0.0000E+00  1.0000E+00  1.0000E+00  2.0000E+00  0.0000E+00  1.1466E+00  2.1816E+00  4.3400E+01  5.1810E-04 -3.2818E-03  0.0000E+00  0.0000E+00  4.2154E-05  0.0000E+00  0.0000E+00
  5.0000E+00  1.6850E+02  0.0000E+00  1.1380E+00  0.0000E+00  0.0000E+00  2.0000E+00  0.0000E+00  1.1466E+00  2.1816E+00  4.3400E+01  9.9217E-01  7.5123E-01  7.8844E-01  1.1380E+00  8.3214E-01  3.0586E-01  8.1818E-01
  5.0000E+00  1.6900E+02  0.0000E+00  1.3320E+00  0.0000E+00  0.0000E+00  2.0000E+00  0.0000E+00  1.1466E+00  2.1816E+00  4.3400E+01  1.5265E+00 -8.2848E-01 -7.4831E-01  1.3320E+00  1.2887E+00  4.3255E-02 -8.1279E-01
  5.0000E+00  1.7000E+02  0.0000E+00  2.1250E+00  0.0000E+00  0.0000E+00  2.0000E+00  0.0000E+00  1.1466E+00  2.1816E+00  4.3400E+01  1.9365E+00  6.9515E-01  8.2929E-01  2.1250E+00  1.6425E+00  4.8252E-01  9.1573E-01
  5.0000E+00  1.7200E+02  0.0000E+00  1.7000E+00  0.0000E+00  0.0000E+00  2.0000E+00  0.0000E+00  1.1466E+00  2.1816E+00  4.3400E+01  1.9467E+00 -9.0670E-01 -7.3811E-01  1.7000E+00  1.6301E+00  6.9850E-02 -8.1544E-01
  5.0000E+00  1.7600E+02  0.0000E+00  1.6440E+00  0.0000E+00  0.0000E+00  2.0000E+00  0.0000E+00  1.1466E+00  2.1816E+00  4.3400E+01  1.6120E+00  1.3235E-01  3.0710E-01  1.6440E+00  1.2804E+00  3.6359E-01  3.2259E-01
  5.0000E+00  1.8000E+02  0.0000E+00  1.1750E+00  0.0000E+00  0.0000E+00  2.0000E+00  0.0000E+00  1.1466E+00  2.1816E+00  4.3400E+01  1.3186E+00 -6.5899E-01 -4.8998E-01  1.1750E+00  9.8947E-01  1.8553E-01 -5.7244E-01
  5.0000E+00  1.9200E+02  0.0000E+00  8.2100E-01  0.0000E+00  0.0000E+00  2.0000E+00  0.0000E+00  1.1466E+00  2.1816E+00  4.3400E+01  7.2133E-01  5.6013E-01  6.9486E-01  8.2100E-01  4.5625E-01  3.6475E-01  7.7909E-01
  5.0000E+00  3.3600E+02  1.0000E+02  0.0000E+00  1.0000E+00  1.0000E+00  3.0000E+00  0.0000E+00  1.1466E+00  2.1816E+00  4.3400E+01  5.1821E-04 -3.2825E-03  0.0000E+00  0.0000E+00  4.2155E-05  0.0000E+00  0.0000E+00
  5.0000E+00  3.3650E+02  0.0000E+00  7.6800E-01  0.0000E+00  0.0000E+00  3.0000E+00  0.0000E+00  1.1466E+00  2.1816E+00  4.3400E+01  9.9218E-01 -1.1549E+00 -1.1176E+00  7.6800E-01  8.3214E-01 -6.4139E-02 -1.1815E+00
  5.0000E+00  3.3700E+02  0.0000E+00  1.7380E+00  0.0000E+00  0.0000E+00  3.0000E+00  0.0000E+00  1.1466E+00  2.1816E+00  4.3400E+01  1.5265E+00  9.0078E-01  9.8095E-01  1.7380E+00  1.2887E+00  4.4925E-01  1.0532E+00
  5.0000E+00  3.3800E+02  0.0000E+00  2.1220E+00  0.0000E+00  0.0000E+00  3.0000E+00  0.0000E+00  1.1466E+00  2.1816E+00  4.3400E+01  1.9365E+00  6.8409E-01  8.1823E-01  2.1220E+00  1.6425E+00  4.7952E-01  9.0356E-01
  5.0000E+00  3.4000E+02  0.0000E+00  2.0210E+00  0.0000E+00  0.0000E+00  3.0000E+00  0.0000E+00  1.1466E+00  2.1816E+00  4.3400E+01  1.9467E+00  2.7302E-01  4.4161E-01  2.0210E+00  1.6301E+00  3.9085E-01  4.9462E-01
  5.0000E+00  3.4400E+02  0.0000E+00  1.7570E+00  0.0000E+00  0.0000E+00  3.0000E+00  0.0000E+00  1.1466E+00  2.1816E+00  4.3400E+01  1.6120E+00  5.9915E-01  7.7390E-01  1.7570E+00  1.2804E+00  4.7659E-01  8.4420E-01
  5.0000E+00  3.4800E+02  0.0000E+00  1.3830E+00  0.0000E+00  0.0000E+00  3.0000E+00  0.0000E+00  1.1466E+00  2.1816E+00  4.3400E+01  1.3186E+00  2.9583E-01  4.6484E-01  1.3830E+00  9.8947E-01  3.9353E-01  4.8988E-01
  5.0000E+00  3.6000E+02  0.0000E+00  8.0900E-01  0.0000E+00  0.0000E+00  3.0000E+00  0.0000E+00  1.1466E+00  2.1816E+00  4.3400E+01  7.2133E-01  4.9270E-01  6.2743E-01  8.0900E-01  4.5625E-01  3.5275E-01  7.0713E-01
  6.0000E+00  0.0000E+00  1.0000E+02  0.0000E+00  1.0000E+00  1.0000E+00  1.0000E+00  0.0000E+00  1.6777E+00  3.7356E+00  3.8189E+01  0.0000E+00  0.0000E+00  0.0000E+00  0.0000E+00  0.0000E+00  0.0000E+00  0.0000E+00
  6.0000E+00  5.0000E-01  0.0000E+00  1.6140E+00  0.0000E+00  0.0000E+00  1.0000E+00  0.0000E+00  1.6777E+00  3.7356E+00  3.8189E+01  1.4462E+00  7.3588E-01  1.2112E+00  1.6140E+00  8.3210E-01  7.8190E-01  1.5448E+00
  6.0000E+00  1.0000E+00  0.0000E+00  2.3760E+00  0.0000E+00  0.0000E+00  1.0000E+00  0.0000E+00  1.6777E+00  3.7356E+00  3.8189E+01  2.0022E+00  1.3484E+00  1.8496E+00  2.3760E+00  1.2887E+00  1.0873E+00  2.2442E+00
  6.0000E+00  2.0000E+00  0.0000E+00  1.8850E+00  0.0000E+00  0.0000E+00  1.0000E+00  0.0000E+00  1.6777E+00  3.7356E+00  3.8189E+01  2.1896E+00 -1.0323E+00 -6.8592E-01  1.8850E+00  1.6424E+00  2.4256E-01 -9.3802E-01
  6.0000E+00  4.0000E+00  0.0000E+00  1.9780E+00  0.0000E+00  0.0000E+00  1.0000E+00  0.0000E+00  1.6777E+00  3.7356E+00  3.8189E+01  1.8769E+00  3.8049E-01  5.0464E-01  1.9780E+00  1.6301E+00  3.4788E-01  6.1581E-01
  6.0000E+00  8.0000E+00  0.0000E+00  9.8300E-01  0.0000E+00  0.0000E+00  1.0000E+00  0.0000E+00  1.6777E+00  3.7356E+00  3.8189E+01  1.2714E+00 -1.3467E+00 -1.4447E+00  9.8300E-01  1.2804E+00 -2.9738E-01 -1.3669E+00
  6.0000E+00  1.2000E+01  0.0000E+00  5.9400E-01  0.0000E+00  0.0000E+00  1.0000E+00  0.0000E+00  1.6777E+00  3.7356E+00  3.8189E+01  8.5975E-01 -1.4307E+00 -1.6254E+00  5.9400E-01  9.8945E-01 -3.9545E-01 -1.5554E+00
  6.0000E+00  2.4000E+01  0.0000E+00  2.5000E-01  0.0000E+00  0.0000E+00  1.0000E+00  1.0000E+00  1.6777E+00  3.7356E+00  3.8189E+01  2.6582E-01 -9.8417E-02 -2.7985E-01  2.5000E-01  4.5625E-01 -2.0625E-01 -2.2445E-01
  6.0000E+00  1.6800E+02  1.0000E+02  0.0000E+00  1.0000E+00  1.0000E+00  2.0000E+00  0.0000E+00  1.6777E+00  3.7356E+00  3.8189E+01  2.0285E-07 -1.2849E-06  0.0000E+00  0.0000E+00  4.2154E-05  0.0000E+00  0.0000E+00
  6.0000E+00  1.6850E+02  0.0000E+00  1.1890E+00  0.0000E+00  0.0000E+00  2.0000E+00  0.0000E+00  1.6777E+00  3.7356E+00  3.8189E+01  1.4462E+00 -1.1274E+00 -6.5211E-01  1.1890E+00  8.3214E-01  3.5686E-01 -7.5150E-01
  6.0000E+00  1.6900E+02  0.0000E+00  1.6090E+00  0.0000E+00  0.0000E+00  2.0000E+00  0.0000E+00  1.6777E+00  3.7356E+00  3.8189E+01  2.0022E+00 -1.4180E+00 -9.1676E-01  1.6090E+00  1.2887E+00  3.2025E-01 -1.2804E+00
  6.0000E+00  1.7000E+02  0.0000E+00  1.9940E+00  0.0000E+00  0.0000E+00  2.0000E+00  0.0000E+00  1.6777E+00  3.7356E+00  3.8189E+01  2.1896E+00 -6.6285E-01 -3.1650E-01  1.9940E+00  1.6425E+00  3.5152E-01 -4.9544E-01
  6.0000E+00  1.7200E+02  0.0000E+00  1.9270E+00  0.0000E+00  0.0000E+00  2.0000E+00  0.0000E+00  1.6777E+00  3.7356E+00  3.8189E+01  1.8769E+00  1.8852E-01  3.1267E-01  1.9270E+00  1.6301E+00  2.9685E-01  4.0800E-01
  6.0000E+00  1.7600E+02  0.0000E+00  1.1360E+00  0.0000E+00  0.0000E+00  2.0000E+00  0.0000E+00  1.6777E+00  3.7356E+00  3.8189E+01  1.2714E+00 -6.3239E-01 -7.3040E-01  1.1360E+00  1.2804E+00 -1.4441E-01 -6.6027E-01
  6.0000E+00  1.8000E+02  0.0000E+00  1.0180E+00  0.0000E+00  0.0000E+00  2.0000E+00  0.0000E+00  1.6777E+00  3.7356E+00  3.8189E+01  8.5975E-01  8.5197E-01  6.5727E-01  1.0180E+00  9.8947E-01  2.8531E-02  6.1044E-01
  6.0000E+00  1.9200E+02  0.0000E+00  2.5000E-01  0.0000E+00  0.0000E+00  2.0000E+00  1.0000E+00  1.6777E+00  3.7356E+00  3.8189E+01  2.6582E-01 -9.8417E-02 -2.7985E-01  2.5000E-01  4.5625E-01 -2.0625E-01 -2.2428E-01
  6.0000E+00  3.3600E+02  1.0000E+02  0.0000E+00  1.0000E+00  1.0000E+00  3.0000E+00  0.0000E+00  1.6777E+00  3.7356E+00  3.8189E+01  2.0285E-07 -1.2849E-06  0.0000E+00  0.0000E+00  4.2155E-05  0.0000E+00  0.0000E+00
  6.0000E+00  3.3650E+02  0.0000E+00  1.5290E+00  0.0000E+00  0.0000E+00  3.0000E+00  0.0000E+00  1.6777E+00  3.7356E+00  3.8189E+01  1.4462E+00  3.6322E-01  8.3850E-01  1.5290E+00  8.3214E-01  6.9686E-01  1.0860E+00
  6.0000E+00  3.3700E+02  0.0000E+00  2.3110E+00  0.0000E+00  0.0000E+00  3.0000E+00  0.0000E+00  1.6777E+00  3.7356E+00  3.8189E+01  2.0022E+00  1.1139E+00  1.6151E+00  2.3110E+00  1.2887E+00  1.0223E+00  1.9459E+00
  6.0000E+00  3.3800E+02  0.0000E+00  2.4870E+00  0.0000E+00  0.0000E+00  3.0000E+00  0.0000E+00  1.6777E+00  3.7356E+00  3.8189E+01  2.1896E+00  1.0080E+00  1.3544E+00  2.4870E+00  1.6425E+00  8.4452E-01  1.5046E+00
  6.0000E+00  3.4000E+02  0.0000E+00  2.0440E+00  0.0000E+00  0.0000E+00  3.0000E+00  0.0000E+00  1.6777E+00  3.7356E+00  3.8189E+01  1.8769E+00  6.2892E-01  7.5307E-01  2.0440E+00  1.6301E+00  4.1385E-01  8.8550E-01
  6.0000E+00  3.4400E+02  0.0000E+00  1.6170E+00  0.0000E+00  0.0000E+00  3.0000E+00  0.0000E+00  1.6777E+00  3.7356E+00  3.8189E+01  1.2714E+00  1.6134E+00  1.5154E+00  1.6170E+00  1.2804E+00  3.3659E-01  1.5600E+00
  6.0000E+00  3.4800E+02  0.0000E+00  9.6000E-01  0.0000E+00  0.0000E+00  3.0000E+00  0.0000E+00  1.6777E+00  3.7356E+00  3.8189E+01  8.5975E-01  5.3972E-01  3.4502E-01  9.6000E-01  9.8947E-01 -2.9469E-02  3.1421E-01
  6.0000E+00  3.6000E+02  0.0000E+00  2.5000E-01  0.0000E+00  0.0000E+00  3.0000E+00  1.0000E+00  1.6777E+00  3.7356E+00  3.8189E+01  2.6582E-01 -9.8417E-02 -2.7985E-01  2.5000E-01  4.5625E-01 -2.0625E-01 -2.2428E-01
  7.0000E+00  0.0000E+00  1.0000E+02  0.0000E+00  1.0000E+00  1.0000E+00  1.0000E+00  0.0000E+00  9.5697E-01  3.7035E+00  5.1373E+01  0.0000E+00  0.0000E+00  0.0000E+00  0.0000E+00  0.0000E+00  0.0000E+00  0.0000E+00
  7.0000E+00  5.0000E-01  0.0000E+00  5.1400E-01  0.0000E+00  0.0000E+00  1.0000E+00  0.0000E+00  9.5697E-01  3.7035E+00  5.1373E+01  7.2601E-01 -1.1897E+00 -1.2629E+00  5.1400E-01  8.3210E-01 -3.1810E-01 -1.2029E+00
  7.0000E+00  1.0000E+00  0.0000E+00  8.0100E-01  0.0000E+00  0.0000E+00  1.0000E+00  0.0000E+00  9.5697E-01  3.7035E+00  5.1373E+01  1.1502E+00 -1.7026E+00 -1.8055E+00  8.0100E-01  1.2887E+00 -4.8771E-01 -1.6985E+00
  7.0000E+00  2.0000E+00  0.0000E+00  1.1890E+00  0.0000E+00  0.0000E+00  1.0000E+00  0.0000E+00  9.5697E-01  3.7035E+00  5.1373E+01  1.5120E+00 -1.3828E+00 -1.4898E+00  1.1890E+00  1.6424E+00 -4.5344E-01 -1.4157E+00
  7.0000E+00  4.0000E+00  0.0000E+00  1.4120E+00  0.0000E+00  0.0000E+00  1.0000E+00  0.0000E+00  9.5697E-01  3.7035E+00  5.1373E+01  1.5320E+00 -5.1003E-01 -5.9864E-01  1.4120E+00  1.6301E+00 -2.1812E-01 -5.7480E-01
  7.0000E+00  8.0000E+00  0.0000E+00  1.1460E+00  0.0000E+00  0.0000E+00  1.0000E+00  0.0000E+00  9.5697E-01  3.7035E+00  5.1373E+01  1.1815E+00 -1.7136E-01 -2.5619E-01  1.1460E+00  1.2804E+00 -1.3438E-01 -2.4944E-01
  7.0000E+00  1.2000E+01  0.0000E+00  7.8400E-01  0.0000E+00  0.0000E+00  1.0000E+00  0.0000E+00  9.5697E-01  3.7035E+00  5.1373E+01  8.8628E-01 -5.4591E-01 -6.2859E-01  7.8400E-01  9.8945E-01 -2.0545E-01 -6.1409E-01
  7.0000E+00  2.4000E+01  0.0000E+00  2.5000E-01  0.0000E+00  0.0000E+00  1.0000E+00  1.0000E+00  9.5697E-01  3.7035E+00  5.1373E+01  3.7315E-01 -7.5329E-01 -8.1049E-01  2.5000E-01  4.5625E-01 -2.0625E-01 -8.0586E-01
  7.0000E+00  1.6800E+02  1.0000E+02  0.0000E+00  1.0000E+00  1.0000E+00  2.0000E+00  0.0000E+00  9.5697E-01  3.7035E+00  5.1373E+01  1.1575E-05 -7.3321E-05  0.0000E+00  0.0000E+00  4.2154E-05  0.0000E+00  0.0000E+00
  7.0000E+00  1.6850E+02  0.0000E+00  7.0800E-01  0.0000E+00  0.0000E+00  2.0000E+00  0.0000E+00  9.5697E-01  3.7035E+00  5.1373E+01  7.2602E-01 -1.0111E-01 -1.7433E-01  7.0800E-01  8.3214E-01 -1.2414E-01 -1.5441E-01
  7.0000E+00  1.6900E+02  0.0000E+00  1.3780E+00  0.0000E+00  0.0000E+00  2.0000E+00  0.0000E+00  9.5697E-01  3.7035E+00  5.1373E+01  1.1502E+00  1.1105E+00  1.0076E+00  1.3780E+00  1.2887E+00  8.9255E-02  9.5336E-01
  7.0000E+00  1.7000E+02  0.0000E+00  1.4980E+00  0.0000E+00  0.0000E+00  2.0000E+00  0.0000E+00  9.5697E-01  3.7035E+00  5.1373E+01  1.5120E+00 -5.9881E-02 -1.6683E-01  1.4980E+00  1.6425E+00 -1.4448E-01 -1.6209E-01
  7.0000E+00  1.7200E+02  0.0000E+00  1.5800E+00  0.0000E+00  0.0000E+00  2.0000E+00  0.0000E+00  9.5697E-01  3.7035E+00  5.1373E+01  1.5320E+00  2.0408E-01  1.1547E-01  1.5800E+00  1.6301E+00 -5.0150E-02  1.1084E-01
  7.0000E+00  1.7600E+02  0.0000E+00  1.0820E+00  0.0000E+00  0.0000E+00  2.0000E+00  0.0000E+00  9.5697E-01  3.7035E+00  5.1373E+01  1.1815E+00 -4.7997E-01 -5.6481E-01  1.0820E+00  1.2804E+00 -1.9841E-01 -5.4486E-01
  7.0000E+00  1.8000E+02  0.0000E+00  8.2300E-01  0.0000E+00  0.0000E+00  2.0000E+00  0.0000E+00  9.5697E-01  3.7035E+00  5.1373E+01  8.8629E-01 -3.3778E-01 -4.2046E-01  8.2300E-01  9.8947E-01 -1.6647E-01 -4.1489E-01
  7.0000E+00  1.9200E+02  0.0000E+00  2.5000E-01  0.0000E+00  0.0000E+00  2.0000E+00  1.0000E+00  9.5697E-01  3.7035E+00  5.1373E+01  3.7315E-01 -7.5330E-01 -8.1051E-01  2.5000E-01  4.5625E-01 -2.0625E-01 -8.0585E-01
  7.0000E+00  3.3600E+02  1.0000E+02  0.0000E+00  1.0000E+00  1.0000E+00  3.0000E+00  0.0000E+00  9.5697E-01  3.7035E+00  5.1373E+01  1.1575E-05 -7.3321E-05  0.0000E+00  0.0000E+00  4.2155E-05  0.0000E+00  0.0000E+00
  7.0000E+00  3.3650E+02  0.0000E+00  8.8800E-01  0.0000E+00  0.0000E+00  3.0000E+00  0.0000E+00  9.5697E-01  3.7035E+00  5.1373E+01  7.2602E-01  9.0901E-01  8.3579E-01  8.8800E-01  8.3214E-01  5.5861E-02  8.1839E-01
  7.0000E+00  3.3700E+02  0.0000E+00  1.2710E+00  0.0000E+00  0.0000E+00  3.0000E+00  0.0000E+00  9.5697E-01  3.7035E+00  5.1373E+01  1.1502E+00  5.8878E-01  4.8594E-01  1.2710E+00  1.2887E+00 -1.7745E-02  4.6160E-01
  7.0000E+00  3.3800E+02  0.0000E+00  1.7940E+00  0.0000E+00  0.0000E+00  3.0000E+00  0.0000E+00  9.5697E-01  3.7035E+00  5.1373E+01  1.5120E+00  1.2075E+00  1.1005E+00  1.7940E+00  1.6425E+00  1.5152E-01  1.0387E+00
  7.0000E+00  3.4000E+02  0.0000E+00  1.8860E+00  0.0000E+00  0.0000E+00  3.0000E+00  0.0000E+00  9.5697E-01  3.7035E+00  5.1373E+01  1.5320E+00  1.5049E+00  1.4162E+00  1.8860E+00  1.6301E+00  2.5585E-01  1.3597E+00
  7.0000E+00  3.4400E+02  0.0000E+00  1.1410E+00  0.0000E+00  0.0000E+00  3.0000E+00  0.0000E+00  9.5697E-01  3.7035E+00  5.1373E+01  1.1815E+00 -1.9550E-01 -2.8034E-01  1.1410E+00  1.2804E+00 -1.3941E-01 -2.7251E-01
  7.0000E+00  3.4800E+02  0.0000E+00  9.7800E-01  0.0000E+00  0.0000E+00  3.0000E+00  0.0000E+00  9.5697E-01  3.7035E+00  5.1373E+01  8.8629E-01  4.8951E-01  4.0683E-01  9.7800E-01  9.8947E-01 -1.1469E-02  3.7674E-01
  7.0000E+00  3.6000E+02  0.0000E+00  7.3500E-01  0.0000E+00  0.0000E+00  3.0000E+00  0.0000E+00  9.5697E-01  3.7035E+00  5.1373E+01  3.7315E-01  2.2133E+00  2.1561E+00  7.3500E-01  4.5625E-01  2.7875E-01  2.1023E+00
  8.0000E+00  0.0000E+00  1.0000E+02  0.0000E+00  1.0000E+00  1.0000E+00  1.0000E+00  0.0000E+00  1.4135E+00  3.7403E+00  4.5512E+01  0.0000E+00  0.0000E+00  0.0000E+00  0.0000E+00  0.0000E+00  0.0000E+00  0.0000E+00
  8.0000E+00  5.0000E-01  0.0000E+00  1.1710E+00  0.0000E+00  0.0000E+00  1.0000E+00  0.0000E+00  1.4135E+00  3.7403E+00  4.5512E+01  1.0882E+00  4.1239E-01  6.0719E-01  1.1710E+00  8.3210E-01  3.3890E-01  7.2173E-01
  8.0000E+00  1.0000E+00  0.0000E+00  1.2470E+00  0.0000E+00  0.0000E+00  1.0000E+00  0.0000E+00  1.4135E+00  3.7403E+00  4.5512E+01  1.5812E+00 -1.3959E+00 -1.1820E+00  1.2470E+00  1.2887E+00 -4.1706E-02 -1.2966E+00
  8.0000E+00  2.0000E+00  0.0000E+00  2.1080E+00  0.0000E+00  0.0000E+00  1.0000E+00  0.0000E+00  1.4135E+00  3.7403E+00  4.5512E+01  1.8412E+00  1.0169E+00  1.1513E+00  2.1080E+00  1.6424E+00  4.6556E-01  1.1892E+00
  8.0000E+00  4.0000E+00  0.0000E+00  1.3240E+00  0.0000E+00  0.0000E+00  1.0000E+00  0.0000E+00  1.4135E+00  3.7403E+00  4.5512E+01  1.6711E+00 -1.4040E+00 -1.3910E+00  1.3240E+00  1.6301E+00 -3.0612E-01 -1.4106E+00
  8.0000E+00  8.0000E+00  0.0000E+00  1.4850E+00  0.0000E+00  0.0000E+00  1.0000E+00  0.0000E+00  1.4135E+00  3.7403E+00  4.5512E+01  1.2088E+00  1.3190E+00  1.2197E+00  1.4850E+00  1.2804E+00  2.0462E-01  1.1965E+00
  8.0000E+00  1.2000E+01  0.0000E+00  7.4600E-01  0.0000E+00  0.0000E+00  1.0000E+00  0.0000E+00  1.4135E+00  3.7403E+00  4.5512E+01  8.7014E-01 -6.6607E-01 -8.1967E-01  7.4600E-01  9.8945E-01 -2.4345E-01 -7.5837E-01
  8.0000E+00  2.4000E+01  0.0000E+00  2.5000E-01  0.0000E+00  0.0000E+00  1.0000E+00  1.0000E+00  1.4135E+00  3.7403E+00  4.5512E+01  3.2456E-01 -4.5985E-01 -6.1325E-01  2.5000E-01  4.5625E-01 -2.0625E-01 -5.2877E-01
  8.0000E+00  1.6800E+02  1.0000E+02  0.0000E+00  1.0000E+00  1.0000E+00  2.0000E+00  0.0000E+00  1.4135E+00  3.7403E+00  4.5512E+01  2.3536E-06 -1.4908E-05  0.0000E+00  0.0000E+00  4.2154E-05  0.0000E+00  0.0000E+00
  8.0000E+00  1.6850E+02  0.0000E+00  1.2120E+00  0.0000E+00  0.0000E+00  2.0000E+00  0.0000E+00  1.4135E+00  3.7403E+00  4.5512E+01  1.0882E+00  6.1669E-01  8.1148E-01  1.2120E+00  8.3214E-01  3.7986E-01  9.4356E-01
  8.0000E+00  1.6900E+02  0.0000E+00  1.6730E+00  0.0000E+00  0.0000E+00  2.0000E+00  0.0000E+00  1.4135E+00  3.7403E+00  4.5512E+01  1.5812E+00  3.8335E-01  5.9723E-01  1.6730E+00  1.2887E+00  3.8425E-01  6.6146E-01
  8.0000E+00  1.7000E+02  0.0000E+00  1.7120E+00  0.0000E+00  0.0000E+00  2.0000E+00  0.0000E+00  1.4135E+00  3.7403E+00  4.5512E+01  1.8412E+00 -4.9225E-01 -3.5784E-01  1.7120E+00  1.6425E+00  6.9525E-02 -4.1723E-01
  8.0000E+00  1.7200E+02  0.0000E+00  1.9300E+00  0.0000E+00  0.0000E+00  2.0000E+00  0.0000E+00  1.4135E+00  3.7403E+00  4.5512E+01  1.6711E+00  1.0473E+00  1.0603E+00  1.9300E+00  1.6301E+00  2.9985E-01  1.0627E+00
  8.0000E+00  1.7600E+02  0.0000E+00  1.3330E+00  0.0000E+00  0.0000E+00  2.0000E+00  0.0000E+00  1.4135E+00  3.7403E+00  4.5512E+01  1.2088E+00  5.9318E-01  4.9385E-01  1.3330E+00  1.2804E+00  5.2590E-02  4.9503E-01
  8.0000E+00  1.8000E+02  0.0000E+00  9.4500E-01  0.0000E+00  0.0000E+00  2.0000E+00  0.0000E+00  1.4135E+00  3.7403E+00  4.5512E+01  8.7014E-01  4.0166E-01  2.4806E-01  9.4500E-01  9.8947E-01 -4.4469E-02  2.5812E-01
  8.0000E+00  1.9200E+02  0.0000E+00  2.5000E-01  0.0000E+00  0.0000E+00  2.0000E+00  1.0000E+00  1.4135E+00  3.7403E+00  4.5512E+01  3.2456E-01 -4.5985E-01 -6.1326E-01  2.5000E-01  4.5625E-01 -2.0625E-01 -5.2869E-01
  8.0000E+00  3.3600E+02  1.0000E+02  0.0000E+00  1.0000E+00  1.0000E+00  3.0000E+00  0.0000E+00  1.4135E+00  3.7403E+00  4.5512E+01  2.3536E-06 -1.4908E-05  0.0000E+00  0.0000E+00  4.2155E-05  0.0000E+00  0.0000E+00
  8.0000E+00  3.3650E+02  0.0000E+00  1.0770E+00  0.0000E+00  0.0000E+00  3.0000E+00  0.0000E+00  1.4135E+00  3.7403E+00  4.5512E+01  1.0882E+00 -5.6038E-02  1.3875E-01  1.0770E+00  8.3214E-01  2.4486E-01  2.1395E-01
  8.0000E+00  3.3700E+02  0.0000E+00  1.7280E+00  0.0000E+00  0.0000E+00  3.0000E+00  0.0000E+00  1.4135E+00  3.7403E+00  4.5512E+01  1.5812E+00  6.1307E-01  8.2695E-01  1.7280E+00  1.2887E+00  4.3925E-01  9.1424E-01
  8.0000E+00  3.3800E+02  0.0000E+00  1.7200E+00  0.0000E+00  0.0000E+00  3.0000E+00  0.0000E+00  1.4135E+00  3.7403E+00  4.5512E+01  1.8412E+00 -4.6177E-01 -3.2735E-01  1.7200E+00  1.6425E+00  7.7525E-02 -3.8477E-01
  8.0000E+00  3.4000E+02  0.0000E+00  1.4910E+00  0.0000E+00  0.0000E+00  3.0000E+00  0.0000E+00  1.4135E+00  3.7403E+00  4.5512E+01  1.6711E+00 -7.2850E-01 -7.1550E-01  1.4910E+00  1.6301E+00 -1.3915E-01 -7.2893E-01
  8.0000E+00  3.4400E+02  0.0000E+00  1.1830E+00  0.0000E+00  0.0000E+00  3.0000E+00  0.0000E+00  1.4135E+00  3.7403E+00  4.5512E+01  1.2088E+00 -1.2306E-01 -2.2239E-01  1.1830E+00  1.2804E+00 -9.7410E-02 -1.9737E-01
  8.0000E+00  3.4800E+02  0.0000E+00  9.8900E-01  0.0000E+00  0.0000E+00  3.0000E+00  0.0000E+00  1.4135E+00  3.7403E+00  4.5512E+01  8.7014E-01  6.3775E-01  4.8415E-01  9.8900E-01  9.8947E-01 -4.6927E-04  4.8284E-01
  8.0000E+00  3.6000E+02  0.0000E+00  2.5000E-01  0.0000E+00  0.0000E+00  3.0000E+00  1.0000E+00  1.4135E+00  3.7403E+00  4.5512E+01  3.2456E-01 -4.5985E-01 -6.1326E-01  2.5000E-01  4.5625E-01 -2.0625E-01 -5.2869E-01
  9.0000E+00  0.0000E+00  1.0000E+02  0.0000E+00  1.0000E+00  1.0000E+00  1.0000E+00  0.0000E+00  1.5371E+00  2.3529E+00  6.0290E+01  0.0000E+00  0.0000E+00  0.0000E+00  0.0000E+00  0.0000E+00  0.0000E+00  0.0000E+00
  9.0000E+00  5.0000E-01  0.0000E+00  9.6900E-01  0.0000E+00  0.0000E+00  1.0000E+00  0.0000E+00  1.5371E+00  2.3529E+00  6.0290E+01  8.7982E-01  4.7698E-01  5.7814E-01  9.6900E-01  8.3210E-01  1.3690E-01  6.0772E-01
  9.0000E+00  1.0000E+00  0.0000E+00  1.4400E+00  0.0000E+00  0.0000E+00  1.0000E+00  0.0000E+00  1.5371E+00  2.3529E+00  6.0290E+01  1.2708E+00  7.9021E-01  7.5167E-01  1.4400E+00  1.2887E+00  1.5129E-01  7.6163E-01
  9.0000E+00  2.0000E+00  0.0000E+00  1.5510E+00  0.0000E+00  0.0000E+00  1.0000E+00  0.0000E+00  1.5371E+00  2.3529E+00  6.0290E+01  1.4954E+00  2.3951E-01 -1.9764E-02  1.5510E+00  1.6424E+00 -9.1438E-02  9.5844E-04
  9.0000E+00  4.0000E+00  0.0000E+00  1.0460E+00  0.0000E+00  0.0000E+00  1.0000E+00  0.0000E+00  1.5371E+00  2.3529E+00  6.0290E+01  1.4522E+00 -1.7771E+00 -2.0798E+00  1.0460E+00  1.6301E+00 -5.8412E-01 -1.9086E+00
  9.0000E+00  8.0000E+00  0.0000E+00  1.1650E+00  0.0000E+00  0.0000E+00  1.0000E+00  0.0000E+00  1.5371E+00  2.3529E+00  6.0290E+01  1.2455E+00 -3.7919E-01 -5.1459E-01  1.1650E+00  1.2804E+00 -1.1538E-01 -4.8441E-01
  9.0000E+00  1.2000E+01  0.0000E+00  1.0400E+00  0.0000E+00  0.0000E+00  1.0000E+00  0.0000E+00  1.5371E+00  2.3529E+00  6.0290E+01  1.0655E+00 -1.2791E-01 -1.2180E-01  1.0400E+00  9.8945E-01  5.0550E-02 -1.2758E-01
  9.0000E+00  2.4000E+01  0.0000E+00  6.9000E-01  0.0000E+00  0.0000E+00  1.0000E+00  0.0000E+00  1.5371E+00  2.3529E+00  6.0290E+01  6.6705E-01  1.3102E-01  3.7724E-01  6.9000E-01  4.5625E-01  2.3375E-01  4.5077E-01
  9.0000E+00  1.6800E+02  1.0000E+02  0.0000E+00  1.0000E+00  1.0000E+00  2.0000E+00  0.0000E+00  1.5371E+00  2.3529E+00  6.0290E+01  2.4186E-03 -1.5320E-02  0.0000E+00  0.0000E+00  4.2154E-05  0.0000E+00  0.0000E+00
  9.0000E+00  1.6850E+02  0.0000E+00  7.2700E-01  0.0000E+00  0.0000E+00  2.0000E+00  0.0000E+00  1.5371E+00  2.3529E+00  6.0290E+01  8.8219E-01 -8.2944E-01 -7.1713E-01  7.2700E-01  8.3214E-01 -1.0514E-01 -7.0116E-01
  9.0000E+00  1.6900E+02  0.0000E+00  1.1430E+00  0.0000E+00  0.0000E+00  2.0000E+00  0.0000E+00  1.5371E+00  2.3529E+00  6.0290E+01  1.2731E+00 -6.0715E-01 -6.3508E-01  1.1430E+00  1.2887E+00 -1.4575E-01 -6.0416E-01
  9.0000E+00  1.7000E+02  0.0000E+00  1.5350E+00  0.0000E+00  0.0000E+00  2.0000E+00  0.0000E+00  1.5371E+00  2.3529E+00  6.0290E+01  1.4976E+00  1.6083E-01 -8.8371E-02  1.5350E+00  1.6425E+00 -1.0748E-01 -6.4588E-02
  9.0000E+00  1.7200E+02  0.0000E+00  1.3080E+00  0.0000E+00  0.0000E+00  2.0000E+00  0.0000E+00  1.5371E+00  2.3529E+00  6.0290E+01  1.4543E+00 -6.3959E-01 -9.3276E-01  1.3080E+00  1.6301E+00 -3.2215E-01 -8.3991E-01
  9.0000E+00  1.7600E+02  0.0000E+00  1.4020E+00  0.0000E+00  0.0000E+00  2.0000E+00  0.0000E+00  1.5371E+00  2.3529E+00  6.0290E+01  1.2472E+00  7.2891E-01  6.0198E-01  1.4020E+00  1.2804E+00  1.2159E-01  6.0908E-01
  9.0000E+00  1.8000E+02  0.0000E+00  1.0440E+00  0.0000E+00  0.0000E+00  2.0000E+00  0.0000E+00  1.5371E+00  2.3529E+00  6.0290E+01  1.0670E+00 -1.1536E-01 -1.0172E-01  1.0440E+00  9.8947E-01  5.4531E-02 -1.0761E-01
  9.0000E+00  1.9200E+02  0.0000E+00  8.4400E-01  0.0000E+00  0.0000E+00  2.0000E+00  0.0000E+00  1.5371E+00  2.3529E+00  6.0290E+01  6.6800E-01  1.0044E+00  1.2558E+00  8.4400E-01  4.5625E-01  3.8775E-01  1.3739E+00
  9.0000E+00  3.3600E+02  1.0000E+02  0.0000E+00  1.0000E+00  1.0000E+00  3.0000E+00  0.0000E+00  1.5371E+00  2.3529E+00  6.0290E+01  2.4221E-03 -1.5342E-02  0.0000E+00  0.0000E+00  4.2155E-05  0.0000E+00  0.0000E+00
  9.0000E+00  3.3650E+02  0.0000E+00  1.0750E+00  0.0000E+00  0.0000E+00  3.0000E+00  0.0000E+00  1.5371E+00  2.3529E+00  6.0290E+01  8.8220E-01  1.0304E+00  1.1428E+00  1.0750E+00  8.3214E-01  2.4286E-01  1.1796E+00
  9.0000E+00  3.3700E+02  0.0000E+00  1.2010E+00  0.0000E+00  0.0000E+00  3.0000E+00  0.0000E+00  1.5371E+00  2.3529E+00  6.0290E+01  1.2731E+00 -3.3653E-01 -3.6443E-01  1.2010E+00  1.2887E+00 -8.7745E-02 -3.3760E-01
  9.0000E+00  3.3800E+02  0.0000E+00  1.5940E+00  0.0000E+00  0.0000E+00  3.0000E+00  0.0000E+00  1.5371E+00  2.3529E+00  6.0290E+01  1.4976E+00  4.1473E-01  1.6556E-01  1.5940E+00  1.6425E+00 -4.8475E-02  1.7477E-01
  9.0000E+00  3.4000E+02  0.0000E+00  1.5040E+00  0.0000E+00  0.0000E+00  3.0000E+00  0.0000E+00  1.5371E+00  2.3529E+00  6.0290E+01  1.4543E+00  2.1716E-01 -7.5975E-02  1.5040E+00  1.6301E+00 -1.2615E-01 -4.0002E-02
  9.0000E+00  3.4400E+02  0.0000E+00  1.2420E+00  0.0000E+00  0.0000E+00  3.0000E+00  0.0000E+00  1.5371E+00  2.3529E+00  6.0290E+01  1.2472E+00 -2.4654E-02 -1.5155E-01  1.2420E+00  1.2804E+00 -3.8410E-02 -1.2949E-01
  9.0000E+00  3.4800E+02  0.0000E+00  1.1720E+00  0.0000E+00  0.0000E+00  3.0000E+00  0.0000E+00  1.5371E+00  2.3529E+00  6.0290E+01  1.0670E+00  5.2722E-01  5.4089E-01  1.1720E+00  9.8947E-01  1.8253E-01  5.4613E-01
  9.0000E+00  3.6000E+02  0.0000E+00  5.8700E-01  0.0000E+00  0.0000E+00  3.0000E+00  0.0000E+00  1.5371E+00  2.3529E+00  6.0290E+01  6.6800E-01 -4.6223E-01 -2.1079E-01  5.8700E-01  4.5625E-01  1.3075E-01 -1.6710E-01
  1.0000E+01  0.0000E+00  1.0000E+02  0.0000E+00  1.0000E+00  1.0000E+00  1.0000E+00  0.0000E+00  1.4005E+00  1.5898E+00  4.9434E+01  0.0000E+00  0.0000E+00  0.0000E+00  0.0000E+00  0.0000E+00  0.0000E+00  0.0000E+00
  1.0000E+01  5.0000E-01  0.0000E+00  1.0220E+00  0.0000E+00  0.0000E+00  1.0000E+00  0.0000E+00  1.4005E+00  1.5898E+00  4.9434E+01  1.0095E+00  6.3937E-02  1.5956E-01  1.0220E+00  8.3210E-01  1.8990E-01  1.3980E-01
  1.0000E+01  1.0000E+00  0.0000E+00  1.5940E+00  0.0000E+00  0.0000E+00  1.0000E+00  0.0000E+00  1.4005E+00  1.5898E+00  4.9434E+01  1.4946E+00  4.2826E-01  4.9206E-01  1.5940E+00  1.2887E+00  3.0529E-01  5.0639E-01
  1.0000E+01  2.0000E+00  0.0000E+00  2.0820E+00  0.0000E+00  0.0000E+00  1.0000E+00  0.0000E+00  1.4005E+00  1.5898E+00  4.9434E+01  1.8157E+00  1.0239E+00  1.0024E+00  2.0820E+00  1.6424E+00  4.3956E-01  1.0879E+00
  1.0000E+01  4.0000E+00  0.0000E+00  1.9000E+00  0.0000E+00  0.0000E+00  1.0000E+00  0.0000E+00  1.4005E+00  1.5898E+00  4.9434E+01  1.8129E+00  3.3530E-01  3.1290E-01  1.9000E+00  1.6301E+00  2.6988E-01  3.9928E-01
  1.0000E+01  8.0000E+00  0.0000E+00  1.3910E+00  0.0000E+00  0.0000E+00  1.0000E+00  0.0000E+00  1.4005E+00  1.5898E+00  4.9434E+01  1.6007E+00 -8.6989E-01 -7.4452E-01  1.3910E+00  1.2804E+00  1.1062E-01 -8.3566E-01
  1.0000E+01  1.2000E+01  0.0000E+00  1.2160E+00  0.0000E+00  0.0000E+00  1.0000E+00  0.0000E+00  1.4005E+00  1.5898E+00  4.9434E+01  1.4075E+00 -8.5149E-01 -5.9784E-01  1.2160E+00  9.8945E-01  2.2655E-01 -7.3731E-01
  1.0000E+01  2.4000E+01  0.0000E+00  9.5500E-01  0.0000E+00  0.0000E+00  1.0000E+00  0.0000E+00  1.4005E+00  1.5898E+00  4.9434E+01  9.5688E-01 -9.7847E-03  4.7367E-01  9.5500E-01  4.5625E-01  4.9875E-01  7.1430E-01
  1.0000E+01  1.6800E+02  1.0000E+02  0.0000E+00  1.0000E+00  1.0000E+00  2.0000E+00  0.0000E+00  1.4005E+00  1.5898E+00  4.9434E+01  9.3243E-03 -5.9062E-02  0.0000E+00  0.0000E+00  4.2154E-05  0.0000E+00  0.0000E+00
  1.0000E+01  1.6850E+02  0.0000E+00  1.1450E+00  0.0000E+00  0.0000E+00  2.0000E+00  0.0000E+00  1.4005E+00  1.5898E+00  4.9434E+01  1.0187E+00  6.4481E-01  7.8032E-01  1.1450E+00  8.3214E-01  3.1286E-01  8.0298E-01
  1.0000E+01  1.6900E+02  0.0000E+00  1.5190E+00  0.0000E+00  0.0000E+00  2.0000E+00  0.0000E+00  1.4005E+00  1.5898E+00  4.9434E+01  1.5036E+00  6.6013E-02  1.6729E-01  1.5190E+00  1.2887E+00  2.3025E-01  1.6043E-01
  1.0000E+01  1.7000E+02  0.0000E+00  1.7940E+00  0.0000E+00  0.0000E+00  2.0000E+00  0.0000E+00  1.4005E+00  1.5898E+00  4.9434E+01  1.8244E+00 -1.1662E-01 -1.0290E-01  1.7940E+00  1.6425E+00  1.5152E-01 -8.1536E-02
  1.0000E+01  1.7200E+02  0.0000E+00  1.6120E+00  0.0000E+00  0.0000E+00  2.0000E+00  0.0000E+00  1.4005E+00  1.5898E+00  4.9434E+01  1.8211E+00 -8.0234E-01 -7.9128E-01  1.6120E+00  1.6301E+00 -1.8150E-02 -7.7702E-01
  1.0000E+01  1.7600E+02  0.0000E+00  1.4070E+00  0.0000E+00  0.0000E+00  2.0000E+00  0.0000E+00  1.4005E+00  1.5898E+00  4.9434E+01  1.6079E+00 -8.3129E-01 -6.7520E-01  1.4070E+00  1.2804E+00  1.2659E-01 -7.6262E-01
  1.0000E+01  1.8000E+02  0.0000E+00  1.3550E+00  0.0000E+00  0.0000E+00  2.0000E+00  0.0000E+00  1.4005E+00  1.5898E+00  4.9434E+01  1.4139E+00 -2.6113E-01  2.0655E-02  1.3550E+00  9.8947E-01  3.6553E-01 -2.8123E-02
  1.0000E+01  1.9200E+02  0.0000E+00  1.3380E+00  0.0000E+00  0.0000E+00  2.0000E+00  0.0000E+00  1.4005E+00  1.5898E+00  4.9434E+01  9.6119E-01  1.9617E+00  2.4665E+00  1.3380E+00  4.5625E-01  8.8175E-01  3.0104E+00
  1.0000E+01  3.3600E+02  1.0000E+02  0.0000E+00  1.0000E+00  1.0000E+00  3.0000E+00  0.0000E+00  1.4005E+00  1.5898E+00  4.9434E+01  9.3663E-03 -5.9328E-02  0.0000E+00  0.0000E+00  4.2155E-05  0.0000E+00  0.0000E+00
  1.0000E+01  3.3650E+02  0.0000E+00  8.9400E-01  0.0000E+00  0.0000E+00  3.0000E+00  0.0000E+00  1.4005E+00  1.5898E+00  4.9434E+01  1.0187E+00 -6.3674E-01 -5.0086E-01  8.9400E-01  8.3214E-01  6.1861E-02 -5.5354E-01
  1.0000E+01  3.3700E+02  0.0000E+00  1.5130E+00  0.0000E+00  0.0000E+00  3.0000E+00  0.0000E+00  1.4005E+00  1.5898E+00  4.9434E+01  1.5037E+00  4.0071E-02  1.4169E-01  1.5130E+00  1.2887E+00  2.2425E-01  1.3286E-01
  1.0000E+01  3.3800E+02  0.0000E+00  1.7050E+00  0.0000E+00  0.0000E+00  3.0000E+00  0.0000E+00  1.4005E+00  1.5898E+00  4.9434E+01  1.8245E+00 -4.5791E-01 -4.4387E-01  1.7050E+00  1.6425E+00  6.2525E-02 -4.4260E-01
  1.0000E+01  3.4000E+02  0.0000E+00  2.3470E+00  0.0000E+00  0.0000E+00  3.0000E+00  0.0000E+00  1.4005E+00  1.5898E+00  4.9434E+01  1.8211E+00  2.0181E+00  2.0295E+00  2.3470E+00  1.6301E+00  7.1685E-01  2.2226E+00
  1.0000E+01  3.4400E+02  0.0000E+00  1.3700E+00  0.0000E+00  0.0000E+00  3.0000E+00  0.0000E+00  1.4005E+00  1.5898E+00  4.9434E+01  1.6080E+00 -9.8448E-01 -8.2811E-01  1.3700E+00  1.2804E+00  8.9590E-02 -9.3341E-01
  1.0000E+01  3.4800E+02  0.0000E+00  1.5710E+00  0.0000E+00  0.0000E+00  3.0000E+00  0.0000E+00  1.4005E+00  1.5898E+00  4.9434E+01  1.4139E+00  6.9679E-01  9.7883E-01  1.5710E+00  9.8947E-01  5.8153E-01  1.0751E+00
  1.0000E+01  3.6000E+02  0.0000E+00  8.9200E-01  0.0000E+00  0.0000E+00  3.0000E+00  0.0000E+00  1.4005E+00  1.5898E+00  4.9434E+01  9.6121E-01 -3.6028E-01  1.4468E-01  8.9200E-01  4.5625E-01  4.3575E-01  3.3611E-01
  1.1000E+01  0.0000E+00  1.0000E+02  0.0000E+00  1.0000E+00  1.0000E+00  1.0000E+00  0.0000E+00  1.4305E+00  1.7484E+00  6.6659E+01  0.0000E+00  0.0000E+00  0.0000E+00  0.0000E+00  0.0000E+00  0.0000E+00  0.0000E+00
  1.1000E+01  5.0000E-01  0.0000E+00  9.0100E-01  0.0000E+00  0.0000E+00  1.0000E+00  0.0000E+00  1.4305E+00  1.7484E+00  6.6659E+01  7.6089E-01  7.7809E-01  7.6629E-01  9.0100E-01  8.3210E-01  6.8902E-02  7.1268E-01
  1.1000E+01  1.0000E+00  0.0000E+00  1.5200E+00  0.0000E+00  0.0000E+00  1.0000E+00  0.0000E+00  1.4305E+00  1.7484E+00  6.6659E+01  1.1231E+00  1.9537E+00  1.7761E+00  1.5200E+00  1.2887E+00  2.3129E-01  1.6885E+00
  1.1000E+01  2.0000E+00  0.0000E+00  1.3770E+00  0.0000E+00  0.0000E+00  1.0000E+00  0.0000E+00  1.4305E+00  1.7484E+00  6.6659E+01  1.3627E+00  6.4752E-02 -3.4367E-01  1.3770E+00  1.6424E+00 -2.6544E-01 -2.0114E-01
  1.1000E+01  4.0000E+00  0.0000E+00  1.1790E+00  0.0000E+00  0.0000E+00  1.0000E+00  0.0000E+00  1.4305E+00  1.7484E+00  6.6659E+01  1.3710E+00 -8.6483E-01 -1.3168E+00  1.1790E+00  1.6301E+00 -4.5112E-01 -1.0699E+00
  1.1000E+01  8.0000E+00  0.0000E+00  1.3640E+00  0.0000E+00  0.0000E+00  1.0000E+00  0.0000E+00  1.4305E+00  1.7484E+00  6.6659E+01  1.2389E+00  5.9081E-01  3.4648E-01  1.3640E+00  1.2804E+00  8.3615E-02  3.4520E-01
  1.1000E+01  1.2000E+01  0.0000E+00  1.1060E+00  0.0000E+00  0.0000E+00  1.0000E+00  0.0000E+00  1.4305E+00  1.7484E+00  6.6659E+01  1.1155E+00 -4.7103E-02 -9.8961E-02  1.1060E+00  9.8945E-01  1.1655E-01 -1.8315E-01
  1.1000E+01  2.4000E+01  0.0000E+00  9.4400E-01  0.0000E+00  0.0000E+00  1.0000E+00  0.0000E+00  1.4305E+00  1.7484E+00  6.6659E+01  8.1431E-01  7.0837E-01  1.0573E+00  9.4400E-01  4.5625E-01  4.8775E-01  1.2213E+00
  1.1000E+01  1.6800E+02  1.0000E+02  0.0000E+00  1.0000E+00  1.0000E+00  2.0000E+00  0.0000E+00  1.4305E+00  1.7484E+00  6.6659E+01  1.8640E-02 -1.1806E-01  0.0000E+00  0.0000E+00  4.2154E-05  0.0000E+00  0.0000E+00
  1.1000E+01  1.6850E+02  0.0000E+00  6.5400E-01  0.0000E+00  0.0000E+00  2.0000E+00  0.0000E+00  1.4305E+00  1.7484E+00  6.6659E+01  7.7928E-01 -6.9184E-01 -5.8940E-01  6.5400E-01  8.3214E-01 -1.7814E-01 -6.2379E-01
  1.1000E+01  1.6900E+02  0.0000E+00  1.1930E+00  0.0000E+00  0.0000E+00  2.0000E+00  0.0000E+00  1.4305E+00  1.7484E+00  6.6659E+01  1.1413E+00  2.5305E-01  1.8481E-01  1.1930E+00  1.2887E+00 -9.5745E-02  1.8437E-01
  1.1000E+01  1.7000E+02  0.0000E+00  1.3200E+00  0.0000E+00  0.0000E+00  2.0000E+00  0.0000E+00  1.4305E+00  1.7484E+00  6.6659E+01  1.3804E+00 -2.7096E-01 -5.7458E-01  1.3200E+00  1.6425E+00 -3.2248E-01 -4.3338E-01
  1.1000E+01  1.7200E+02  0.0000E+00  1.1570E+00  0.0000E+00  0.0000E+00  2.0000E+00  0.0000E+00  1.4305E+00  1.7484E+00  6.6659E+01  1.3878E+00 -1.0333E+00 -1.3844E+00  1.1570E+00  1.6301E+00 -4.7315E-01 -1.1605E+00
  1.1000E+01  1.7600E+02  0.0000E+00  1.1210E+00  0.0000E+00  0.0000E+00  2.0000E+00  0.0000E+00  1.4305E+00  1.7484E+00  6.6659E+01  1.2540E+00 -6.2504E-01 -7.7524E-01  1.1210E+00  1.2804E+00 -1.5941E-01 -7.7732E-01
  1.1000E+01  1.8000E+02  0.0000E+00  1.0910E+00  0.0000E+00  0.0000E+00  2.0000E+00  0.0000E+00  1.4305E+00  1.7484E+00  6.6659E+01  1.1292E+00 -1.8739E-01 -1.5147E-01  1.0910E+00  9.8947E-01  1.0153E-01 -2.6048E-01
  1.1000E+01  1.9200E+02  0.0000E+00  1.0510E+00  0.0000E+00  0.0000E+00  2.0000E+00  0.0000E+00  1.4305E+00  1.7484E+00  6.6659E+01  8.2425E-01  1.2347E+00  1.6541E+00  1.0510E+00  4.5625E-01  5.9475E-01  1.8624E+00
  1.1000E+01  3.3600E+02  1.0000E+02  0.0000E+00  1.0000E+00  1.0000E+00  3.0000E+00  0.0000E+00  1.4305E+00  1.7484E+00  6.6659E+01  1.8868E-02 -1.1950E-01  0.0000E+00  0.0000E+00  4.2155E-05  0.0000E+00  0.0000E+00
  1.1000E+01  3.3650E+02  0.0000E+00  6.5800E-01  0.0000E+00  0.0000E+00  3.0000E+00  0.0000E+00  1.4305E+00  1.7484E+00  6.6659E+01  7.7951E-01 -6.7094E-01 -5.6560E-01  6.5800E-01  8.3214E-01 -1.7414E-01 -6.0217E-01
  1.1000E+01  3.3700E+02  0.0000E+00  9.9500E-01  0.0000E+00  0.0000E+00  3.0000E+00  0.0000E+00  1.4305E+00  1.7484E+00  6.6659E+01  1.1415E+00 -7.1639E-01 -7.8187E-01  9.9500E-01  1.2887E+00 -2.9375E-01 -7.2563E-01
  1.1000E+01  3.3800E+02  0.0000E+00  1.3670E+00  0.0000E+00  0.0000E+00  3.0000E+00  0.0000E+00  1.4305E+00  1.7484E+00  6.6659E+01  1.3806E+00 -6.0924E-02 -3.6191E-01  1.3670E+00  1.6425E+00 -2.7548E-01 -2.4271E-01
  1.1000E+01  3.4000E+02  0.0000E+00  1.2380E+00  0.0000E+00  0.0000E+00  3.0000E+00  0.0000E+00  1.4305E+00  1.7484E+00  6.6659E+01  1.3880E+00 -6.7147E-01 -1.0201E+00  1.2380E+00  1.6301E+00 -3.9215E-01 -8.2997E-01
  1.1000E+01  3.4400E+02  0.0000E+00  1.2700E+00  0.0000E+00  0.0000E+00  3.0000E+00  0.0000E+00  1.4305E+00  1.7484E+00  6.6659E+01  1.2542E+00  7.4117E-02 -7.3757E-02  1.2700E+00  1.2804E+00 -1.0410E-02 -8.9533E-02
  1.1000E+01  3.4800E+02  0.0000E+00  1.1400E+00  0.0000E+00  0.0000E+00  3.0000E+00  0.0000E+00  1.4305E+00  1.7484E+00  6.6659E+01  1.1293E+00  5.2474E-02  9.0539E-02  1.1400E+00  9.8947E-01  1.5053E-01 -1.0226E-02
  1.1000E+01  3.6000E+02  0.0000E+00  8.5600E-01  0.0000E+00  0.0000E+00  3.0000E+00  0.0000E+00  1.4305E+00  1.7484E+00  6.6659E+01  8.2437E-01  1.7223E-01  5.9334E-01  8.5600E-01  4.5625E-01  3.9975E-01  6.9319E-01
  1.2000E+01  0.0000E+00  1.0000E+02  0.0000E+00  1.0000E+00  1.0000E+00  1.0000E+00  0.0000E+00  2.0422E+00  5.4362E+00  6.0686E+01  0.0000E+00  0.0000E+00  0.0000E+00  0.0000E+00  0.0000E+00  0.0000E+00  0.0000E+00
  1.2000E+01  5.0000E-01  0.0000E+00  9.6000E-01  0.0000E+00  0.0000E+00  1.0000E+00  0.0000E+00  2.0422E+00  5.4362E+00  6.0686E+01  1.0272E+00 -3.4189E-01  1.7209E-02  9.6000E-01  8.3210E-01  1.2790E-01  2.5403E-01
  1.2000E+01  1.0000E+00  0.0000E+00  8.7500E-01  0.0000E+00  0.0000E+00  1.0000E+00  0.0000E+00  2.0422E+00  5.4362E+00  6.0686E+01  1.3522E+00 -2.1640E+00 -2.1427E+00  8.7500E-01  1.2887E+00 -4.1371E-01 -1.9998E+00
  1.2000E+01  2.0000E+00  0.0000E+00  1.1770E+00  0.0000E+00  0.0000E+00  1.0000E+00  0.0000E+00  2.0422E+00  5.4362E+00  6.0686E+01  1.4117E+00 -1.0419E+00 -1.4184E+00  1.1770E+00  1.6424E+00 -4.6544E-01 -1.2891E+00
  1.2000E+01  4.0000E+00  0.0000E+00  8.7400E-01  0.0000E+00  0.0000E+00  1.0000E+00  0.0000E+00  2.0422E+00  5.4362E+00  6.0686E+01  1.2039E+00 -1.5781E+00 -2.0098E+00  8.7400E-01  1.6301E+00 -7.5612E-01 -1.7746E+00
  1.2000E+01  8.0000E+00  0.0000E+00  8.5500E-01  0.0000E+00  0.0000E+00  1.0000E+00  0.0000E+00  2.0422E+00  5.4362E+00  6.0686E+01  8.4171E-01  7.1981E-02 -2.2531E-01  8.5500E-01  1.2804E+00 -4.2538E-01 -2.8422E-01
  1.2000E+01  1.2000E+01  0.0000E+00  6.6400E-01  0.0000E+00  0.0000E+00  1.0000E+00  0.0000E+00  2.0422E+00  5.4362E+00  6.0686E+01  5.8823E-01  4.4185E-01  2.4664E-01  6.6400E-01  9.8945E-01 -3.2545E-01  9.3127E-02
  1.2000E+01  2.4000E+01  0.0000E+00  2.5000E-01  0.0000E+00  0.0000E+00  1.0000E+00  1.0000E+00  2.0422E+00  5.4362E+00  6.0686E+01  2.0077E-01  3.0861E-01  2.5907E-01  2.5000E-01  4.5625E-01 -2.0625E-01  1.9708E-01
  1.2000E+01  1.6800E+02  1.0000E+02  0.0000E+00  1.0000E+00  1.0000E+00  2.0000E+00  0.0000E+00  2.0422E+00  5.4362E+00  6.0686E+01  5.0187E-07 -3.1790E-06  0.0000E+00  0.0000E+00  4.2154E-05  0.0000E+00  0.0000E+00
  1.2000E+01  1.6850E+02  0.0000E+00  1.4820E+00  0.0000E+00  0.0000E+00  2.0000E+00  0.0000E+00  2.0422E+00  5.4362E+00  6.0686E+01  1.0272E+00  2.3151E+00  2.6742E+00  1.4820E+00  8.3214E-01  6.4986E-01  3.0755E+00
  1.2000E+01  1.6900E+02  0.0000E+00  1.5170E+00  0.0000E+00  0.0000E+00  2.0000E+00  0.0000E+00  2.0422E+00  5.4362E+00  6.0686E+01  1.3522E+00  7.4762E-01  7.6891E-01  1.5170E+00  1.2887E+00  2.2825E-01  9.5108E-01
  1.2000E+01  1.7000E+02  0.0000E+00  1.4890E+00  0.0000E+00  0.0000E+00  2.0000E+00  0.0000E+00  2.0422E+00  5.4362E+00  6.0686E+01  1.4117E+00  3.4303E-01 -3.3513E-02  1.4890E+00  1.6425E+00 -1.5348E-01 -2.3051E-02
  1.2000E+01  1.7200E+02  0.0000E+00  1.4010E+00  0.0000E+00  0.0000E+00  2.0000E+00  0.0000E+00  2.0422E+00  5.4362E+00  6.0686E+01  1.2039E+00  9.4266E-01  5.1095E-01  1.4010E+00  1.6301E+00 -2.2915E-01  3.7640E-01
  1.2000E+01  1.7600E+02  0.0000E+00  1.0780E+00  0.0000E+00  0.0000E+00  2.0000E+00  0.0000E+00  2.0422E+00  5.4362E+00  6.0686E+01  8.4171E-01  1.2795E+00  9.8221E-01  1.0780E+00  1.2804E+00 -2.0241E-01  7.4536E-01
  1.2000E+01  1.8000E+02  0.0000E+00  7.0700E-01  0.0000E+00  0.0000E+00  2.0000E+00  0.0000E+00  2.0422E+00  5.4362E+00  6.0686E+01  5.8823E-01  6.9260E-01  4.9738E-01  7.0700E-01  9.8947E-01 -2.8247E-01  3.1291E-01
  1.2000E+01  1.9200E+02  0.0000E+00  2.5000E-01  0.0000E+00  0.0000E+00  2.0000E+00  1.0000E+00  2.0422E+00  5.4362E+00  6.0686E+01  2.0077E-01  3.0861E-01  2.5907E-01  2.5000E-01  4.5625E-01 -2.0625E-01  1.9718E-01
  1.2000E+01  3.3600E+02  1.0000E+02  0.0000E+00  1.0000E+00  1.0000E+00  3.0000E+00  0.0000E+00  2.0422E+00  5.4362E+00  6.0686E+01  5.0187E-07 -3.1790E-06  0.0000E+00  0.0000E+00  4.2155E-05  0.0000E+00  0.0000E+00
  1.2000E+01  3.3650E+02  0.0000E+00  9.6400E-01  0.0000E+00  0.0000E+00  3.0000E+00  0.0000E+00  2.0422E+00  5.4362E+00  6.0686E+01  1.0272E+00 -3.2154E-01  3.7567E-02  9.6400E-01  8.3214E-01  1.3186E-01  2.7600E-01
  1.2000E+01  3.3700E+02  0.0000E+00  1.3470E+00  0.0000E+00  0.0000E+00  3.0000E+00  0.0000E+00  2.0422E+00  5.4362E+00  6.0686E+01  1.3522E+00 -2.3375E-02 -2.0804E-03  1.3470E+00  1.2887E+00  5.8255E-02  1.6977E-01
  1.2000E+01  3.3800E+02  0.0000E+00  1.4110E+00  0.0000E+00  0.0000E+00  3.0000E+00  0.0000E+00  2.0422E+00  5.4362E+00  6.0686E+01  1.4117E+00 -3.2015E-03 -3.7975E-01  1.4110E+00  1.6425E+00 -2.3148E-01 -3.3949E-01
  1.2000E+01  3.4000E+02  0.0000E+00  1.1670E+00  0.0000E+00  0.0000E+00  3.0000E+00  0.0000E+00  2.0422E+00  5.4362E+00  6.0686E+01  1.2039E+00 -1.7662E-01 -6.0833E-01  1.1670E+00  1.6301E+00 -4.6315E-01 -5.7859E-01
  1.2000E+01  3.4400E+02  0.0000E+00  6.6300E-01  0.0000E+00  0.0000E+00  3.0000E+00  0.0000E+00  2.0422E+00  5.4362E+00  6.0686E+01  8.4171E-01 -9.6769E-01 -1.2650E+00  6.6300E-01  1.2804E+00 -6.1741E-01 -1.1703E+00
  1.2000E+01  3.4800E+02  0.0000E+00  2.5000E-01  0.0000E+00  0.0000E+00  3.0000E+00  1.0000E+00  2.0422E+00  5.4362E+00  6.0686E+01  5.8823E-01 -1.9724E+00 -2.1676E+00  2.5000E-01  9.8947E-01 -7.3947E-01 -2.0211E+00
  1.2000E+01  3.6000E+02  0.0000E+00  2.5000E-01  0.0000E+00  0.0000E+00  3.0000E+00  1.0000E+00  2.0422E+00  5.4362E+00  6.0686E+01  2.0077E-01  3.0861E-01  2.5907E-01  2.5000E-01  4.5625E-01 -2.0625E-01  1.9718E-01
  1.3000E+01  0.0000E+00  1.0000E+02  0.0000E+00  1.0000E+00  1.0000E+00  1.0000E+00  0.0000E+00  1.5951E+00  2.5506E+00  4.9667E+01  0.0000E+00  0.0000E+00  0.0000E+00  0.0000E+00  0.0000E+00  0.0000E+00  0.0000E+00
  1.3000E+01  5.0000E-01  0.0000E+00  9.6200E-01  0.0000E+00  0.0000E+00  1.0000E+00  0.0000E+00  1.5951E+00  2.5506E+00  4.9667E+01  1.0906E+00 -6.4015E-01 -3.5493E-01  9.6200E-01  8.3210E-01  1.2990E-01 -3.4447E-01
  1.3000E+01  1.0000E+00  0.0000E+00  1.1890E+00  0.0000E+00  0.0000E+00  1.0000E+00  0.0000E+00  1.5951E+00  2.5506E+00  4.9667E+01  1.5542E+00 -1.5399E+00 -1.3409E+00  1.1890E+00  1.2887E+00 -9.9706E-02 -1.4655E+00
  1.3000E+01  2.0000E+00  0.0000E+00  1.8510E+00  0.0000E+00  0.0000E+00  1.0000E+00  0.0000E+00  1.5951E+00  2.5506E+00  4.9667E+01  1.7917E+00  2.2999E-01  2.3208E-01  1.8510E+00  1.6424E+00  2.0856E-01  2.2133E-01
  1.3000E+01  4.0000E+00  0.0000E+00  1.6640E+00  0.0000E+00  0.0000E+00  1.0000E+00  0.0000E+00  1.5951E+00  2.5506E+00  4.9667E+01  1.6906E+00 -1.0666E-01 -1.7845E-01  1.6640E+00  1.6301E+00  3.3883E-02 -1.6001E-01
  1.3000E+01  8.0000E+00  0.0000E+00  1.4110E+00  0.0000E+00  0.0000E+00  1.0000E+00  0.0000E+00  1.5951E+00  2.5506E+00  4.9667E+01  1.3795E+00  1.4146E-01  1.4168E-01  1.4110E+00  1.2804E+00  1.3062E-01  1.7440E-01
  1.3000E+01  1.2000E+01  0.0000E+00  1.3460E+00  0.0000E+00  0.0000E+00  1.0000E+00  0.0000E+00  1.5951E+00  2.5506E+00  4.9667E+01  1.1233E+00  1.0959E+00  1.1551E+00  1.3460E+00  9.8945E-01  3.5655E-01  1.1997E+00
  1.3000E+01  2.4000E+01  0.0000E+00  6.5900E-01  0.0000E+00  0.0000E+00  1.0000E+00  0.0000E+00  1.5951E+00  2.5506E+00  4.9667E+01  6.0658E-01  3.0424E-01  4.3887E-01  6.5900E-01  4.5625E-01  2.0275E-01  4.4161E-01
  1.3000E+01  1.6800E+02  1.0000E+02  0.0000E+00  1.0000E+00  1.0000E+00  2.0000E+00  0.0000E+00  1.5951E+00  2.5506E+00  4.9667E+01  3.7269E-04 -2.3607E-03  0.0000E+00  0.0000E+00  4.2154E-05  0.0000E+00  0.0000E+00
  1.3000E+01  1.6850E+02  0.0000E+00  1.4440E+00  0.0000E+00  0.0000E+00  2.0000E+00  0.0000E+00  1.5951E+00  2.5506E+00  4.9667E+01  1.0909E+00  1.7577E+00  2.0438E+00  1.4440E+00  8.3214E-01  6.1186E-01  2.2598E+00
  1.3000E+01  1.6900E+02  0.0000E+00  1.7000E+00  0.0000E+00  0.0000E+00  2.0000E+00  0.0000E+00  1.5951E+00  2.5506E+00  4.9667E+01  1.5545E+00  6.1351E-01  8.1329E-01  1.7000E+00  1.2887E+00  4.1125E-01  8.8253E-01
  1.3000E+01  1.7000E+02  0.0000E+00  2.0880E+00  0.0000E+00  0.0000E+00  2.0000E+00  0.0000E+00  1.5951E+00  2.5506E+00  4.9667E+01  1.7920E+00  1.1474E+00  1.1502E+00  2.0880E+00  1.6425E+00  4.4552E-01  1.1824E+00
  1.3000E+01  1.7200E+02  0.0000E+00  1.5470E+00  0.0000E+00  0.0000E+00  2.0000E+00  0.0000E+00  1.5951E+00  2.5506E+00  4.9667E+01  1.6909E+00 -5.7785E-01 -6.4897E-01  1.5470E+00  1.6301E+00 -8.3150E-02 -6.3790E-01
  1.3000E+01  1.7600E+02  0.0000E+00  1.1450E+00  0.0000E+00  0.0000E+00  2.0000E+00  0.0000E+00  1.5951E+00  2.5506E+00  4.9667E+01  1.3797E+00 -1.0541E+00 -1.0533E+00  1.1450E+00  1.2804E+00 -1.3541E-01 -1.0538E+00
  1.3000E+01  1.8000E+02  0.0000E+00  1.0510E+00  0.0000E+00  0.0000E+00  2.0000E+00  0.0000E+00  1.5951E+00  2.5506E+00  4.9667E+01  1.1235E+00 -3.5706E-01 -2.9743E-01  1.0510E+00  9.8947E-01  6.1531E-02 -3.0733E-01
  1.3000E+01  1.9200E+02  0.0000E+00  6.8100E-01  0.0000E+00  0.0000E+00  2.0000E+00  0.0000E+00  1.5951E+00  2.5506E+00  4.9667E+01  6.0669E-01  4.3127E-01  5.6619E-01  6.8100E-01  4.5625E-01  2.2475E-01  5.7333E-01
  1.3000E+01  3.3600E+02  1.0000E+02  0.0000E+00  1.0000E+00  1.0000E+00  3.0000E+00  0.0000E+00  1.5951E+00  2.5506E+00  4.9667E+01  3.7275E-04 -2.3612E-03  0.0000E+00  0.0000E+00  4.2155E-05  0.0000E+00  0.0000E+00
  1.3000E+01  3.3650E+02  0.0000E+00  9.6300E-01  0.0000E+00  0.0000E+00  3.0000E+00  0.0000E+00  1.5951E+00  2.5506E+00  4.9667E+01  1.0909E+00 -6.3690E-01 -3.5088E-01  9.6300E-01  8.3214E-01  1.3086E-01 -3.3975E-01
  1.3000E+01  3.3700E+02  0.0000E+00  1.7310E+00  0.0000E+00  0.0000E+00  3.0000E+00  0.0000E+00  1.5951E+00  2.5506E+00  4.9667E+01  1.5545E+00  7.4423E-01  9.4401E-01  1.7310E+00  1.2887E+00  4.4225E-01  1.0250E+00
  1.3000E+01  3.3800E+02  0.0000E+00  1.5650E+00  0.0000E+00  0.0000E+00  3.0000E+00  0.0000E+00  1.5951E+00  2.5506E+00  4.9667E+01  1.7920E+00 -8.8005E-01 -8.7725E-01  1.5650E+00  1.6425E+00 -7.7475E-02 -9.3940E-01
  1.3000E+01  3.4000E+02  0.0000E+00  1.7220E+00  0.0000E+00  0.0000E+00  3.0000E+00  0.0000E+00  1.5951E+00  2.5506E+00  4.9667E+01  1.6909E+00  1.2511E-01  5.3984E-02  1.7220E+00  1.6301E+00  9.1850E-02  7.6301E-02
  1.3000E+01  3.4400E+02  0.0000E+00  1.5530E+00  0.0000E+00  0.0000E+00  3.0000E+00  0.0000E+00  1.5951E+00  2.5506E+00  4.9667E+01  1.3797E+00  7.7797E-01  7.7875E-01  1.5530E+00  1.2804E+00  2.7259E-01  8.2951E-01
  1.3000E+01  3.4800E+02  0.0000E+00  1.0680E+00  0.0000E+00  0.0000E+00  3.0000E+00  0.0000E+00  1.5951E+00  2.5506E+00  4.9667E+01  1.1235E+00 -2.7339E-01 -2.1376E-01  1.0680E+00  9.8947E-01  7.8531E-02 -2.2051E-01
  1.3000E+01  3.6000E+02  0.0000E+00  5.3200E-01  0.0000E+00  0.0000E+00  3.0000E+00  0.0000E+00  1.5951E+00  2.5506E+00  4.9667E+01  6.0669E-01 -4.3342E-01 -2.9850E-01  5.3200E-01  4.5625E-01  7.5745E-02 -3.2009E-01
  1.4000E+01  0.0000E+00  1.0000E+02  0.0000E+00  1.0000E+00  1.0000E+00  1.0000E+00  0.0000E+00  1.2397E+00  4.8562E+00  3.9291E+01  0.0000E+00  0.0000E+00  0.0000E+00  0.0000E+00  0.0000E+00  0.0000E+00  0.0000E+00
  1.4000E+01  5.0000E-01  0.0000E+00  1.3430E+00  0.0000E+00  0.0000E+00  1.0000E+00  0.0000E+00  1.2397E+00  4.8562E+00  3.9291E+01  1.1366E+00  1.0112E+00  1.2850E+00  1.3430E+00  8.3210E-01  5.1090E-01  1.3356E+00
  1.4000E+01  1.0000E+00  0.0000E+00  2.2330E+00  0.0000E+00  0.0000E+00  1.0000E+00  0.0000E+00  1.2397E+00  4.8562E+00  3.9291E+01  1.6800E+00  2.2299E+00  2.5713E+00  2.2330E+00  1.2887E+00  9.4429E-01  2.8962E+00
  1.4000E+01  2.0000E+00  0.0000E+00  2.6230E+00  0.0000E+00  0.0000E+00  1.0000E+00  0.0000E+00  1.2397E+00  4.8562E+00  3.9291E+01  1.9710E+00  2.3766E+00  2.6750E+00  2.6230E+00  1.6424E+00  9.8056E-01  3.0528E+00
  1.4000E+01  4.0000E+00  0.0000E+00  1.7220E+00  0.0000E+00  0.0000E+00  1.0000E+00  0.0000E+00  1.2397E+00  4.8562E+00  3.9291E+01  1.7045E+00  7.0158E-02  1.3783E-01  1.7220E+00  1.6301E+00  9.1883E-02  2.4694E-01
  1.4000E+01  8.0000E+00  0.0000E+00  1.3450E+00  0.0000E+00  0.0000E+00  1.0000E+00  0.0000E+00  1.2397E+00  4.8562E+00  3.9291E+01  1.0516E+00  1.4810E+00  1.2378E+00  1.3450E+00  1.2804E+00  6.4615E-02  9.9404E-01
  1.4000E+01  1.2000E+01  0.0000E+00  7.8900E-01  0.0000E+00  0.0000E+00  1.0000E+00  0.0000E+00  1.2397E+00  4.8562E+00  3.9291E+01  6.4149E-01  8.4806E-01  5.1383E-01  7.8900E-01  9.8945E-01 -2.0045E-01  1.9752E-01
  1.4000E+01  2.4000E+01  0.0000E+00  2.5000E-01  0.0000E+00  0.0000E+00  1.0000E+00  1.0000E+00  1.2397E+00  4.8562E+00  3.9291E+01  1.4556E-01  6.5792E-01  4.5426E-01  2.5000E-01  4.5625E-01 -2.0625E-01  4.5993E-01
  1.4000E+01  1.6800E+02  1.0000E+02  0.0000E+00  1.0000E+00  1.0000E+00  2.0000E+00  0.0000E+00  1.2397E+00  4.8562E+00  3.9291E+01  2.7128E-09 -1.7184E-08  0.0000E+00  0.0000E+00  4.2154E-05  0.0000E+00  0.0000E+00
  1.4000E+01  1.6850E+02  0.0000E+00  1.0200E+00  0.0000E+00  0.0000E+00  2.0000E+00  0.0000E+00  1.2397E+00  4.8562E+00  3.9291E+01  1.1366E+00 -5.7120E-01 -2.9742E-01  1.0200E+00  8.3214E-01  1.8786E-01 -4.0912E-01
  1.4000E+01  1.6900E+02  0.0000E+00  1.7270E+00  0.0000E+00  0.0000E+00  2.0000E+00  0.0000E+00  1.2397E+00  4.8562E+00  3.9291E+01  1.6800E+00  1.8956E-01  5.3091E-01  1.7270E+00  1.2887E+00  4.3825E-01  5.7131E-01
  1.4000E+01  1.7000E+02  0.0000E+00  2.0490E+00  0.0000E+00  0.0000E+00  2.0000E+00  0.0000E+00  1.2397E+00  4.8562E+00  3.9291E+01  1.9710E+00  2.8442E-01  5.8280E-01  2.0490E+00  1.6425E+00  4.0652E-01  7.2470E-01
  1.4000E+01  1.7200E+02  0.0000E+00  1.4160E+00  0.0000E+00  0.0000E+00  2.0000E+00  0.0000E+00  1.2397E+00  4.8562E+00  3.9291E+01  1.7045E+00 -1.1531E+00 -1.0854E+00  1.4160E+00  1.6301E+00 -2.1415E-01 -1.0014E+00
  1.4000E+01  1.7600E+02  0.0000E+00  8.4500E-01  0.0000E+00  0.0000E+00  2.0000E+00  0.0000E+00  1.2397E+00  4.8562E+00  3.9291E+01  1.0516E+00 -1.0427E+00 -1.2859E+00  8.4500E-01  1.2804E+00 -4.3541E-01 -1.3135E+00
  1.4000E+01  1.8000E+02  0.0000E+00  2.5000E-01  0.0000E+00  0.0000E+00  2.0000E+00  1.0000E+00  1.2397E+00  4.8562E+00  3.9291E+01  6.4149E-01 -2.2507E+00 -2.5849E+00  2.5000E-01  9.8947E-01 -7.3947E-01 -2.5549E+00
  1.4000E+01  1.9200E+02  0.0000E+00  2.5000E-01  0.0000E+00  0.0000E+00  2.0000E+00  1.0000E+00  1.2397E+00  4.8562E+00  3.9291E+01  1.4556E-01  6.5792E-01  4.5426E-01  2.5000E-01  4.5625E-01 -2.0625E-01  4.6019E-01
  1.4000E+01  3.3600E+02  1.0000E+02  0.0000E+00  1.0000E+00  1.0000E+00  3.0000E+00  0.0000E+00  1.2397E+00  4.8562E+00  3.9291E+01  2.7128E-09 -1.7184E-08  0.0000E+00  0.0000E+00  4.2155E-05  0.0000E+00  0.0000E+00
  1.4000E+01  3.3650E+02  0.0000E+00  7.0100E-01  0.0000E+00  0.0000E+00  3.0000E+00  0.0000E+00  1.2397E+00  4.8562E+00  3.9291E+01  1.1366E+00 -2.1340E+00 -1.8602E+00  7.0100E-01  8.3214E-01 -1.3114E-01 -2.1332E+00
  1.4000E+01  3.3700E+02  0.0000E+00  1.0990E+00  0.0000E+00  0.0000E+00  3.0000E+00  0.0000E+00  1.2397E+00  4.8562E+00  3.9291E+01  1.6800E+00 -2.3428E+00 -2.0014E+00  1.0990E+00  1.2887E+00 -1.8975E-01 -2.3149E+00
  1.4000E+01  3.3800E+02  0.0000E+00  1.8780E+00  0.0000E+00  0.0000E+00  3.0000E+00  0.0000E+00  1.2397E+00  4.8562E+00  3.9291E+01  1.9710E+00 -3.3886E-01 -4.0489E-02  1.8780E+00  1.6425E+00  2.3552E-01  3.0972E-02
  1.4000E+01  3.4000E+02  0.0000E+00  1.7710E+00  0.0000E+00  0.0000E+00  3.0000E+00  0.0000E+00  1.2397E+00  4.8562E+00  3.9291E+01  1.7045E+00  2.6604E-01  3.3372E-01  1.7710E+00  1.6301E+00  1.4085E-01  4.4744E-01
  1.4000E+01  3.4400E+02  0.0000E+00  1.0060E+00  0.0000E+00  0.0000E+00  3.0000E+00  0.0000E+00  1.2397E+00  4.8562E+00  3.9291E+01  1.0516E+00 -2.3006E-01 -4.7326E-01  1.0060E+00  1.2804E+00 -2.7441E-01 -5.7033E-01
  1.4000E+01  3.4800E+02  0.0000E+00  5.8300E-01  0.0000E+00  0.0000E+00  3.0000E+00  0.0000E+00  1.2397E+00  4.8562E+00  3.9291E+01  6.4149E-01 -3.3624E-01 -6.7047E-01  5.8300E-01  9.8947E-01 -4.0647E-01 -8.5416E-01
  1.4000E+01  3.6000E+02  0.0000E+00  2.5000E-01  0.0000E+00  0.0000E+00  3.0000E+00  1.0000E+00  1.2397E+00  4.8562E+00  3.9291E+01  1.4556E-01  6.5792E-01  4.5426E-01  2.5000E-01  4.5625E-01 -2.0625E-01  4.6019E-01
  1.5000E+01  0.0000E+00  1.0000E+02  0.0000E+00  1.0000E+00  1.0000E+00  1.0000E+00  0.0000E+00  1.1088E+00  7.4508E-01  4.1422E+01  0.0000E+00  0.0000E+00  0.0000E+00  0.0000E+00  0.0000E+00  0.0000E+00  0.0000E+00
  1.5000E+01  5.0000E-01  0.0000E+00  1.0480E+00  0.0000E+00  0.0000E+00  1.0000E+00  0.0000E+00  1.1088E+00  7.4508E-01  4.1422E+01  1.0224E+00  1.3054E-01  1.3082E-01  1.0480E+00  8.3210E-01  2.1590E-01 -1.2149E-01
  1.5000E+01  1.0000E+00  0.0000E+00  1.8910E+00  0.0000E+00  0.0000E+00  1.0000E+00  0.0000E+00  1.1088E+00  7.4508E-01  4.1422E+01  1.6005E+00  1.2048E+00  1.2317E+00  1.8910E+00  1.2887E+00  6.0229E-01  1.2973E+00
  1.5000E+01  2.0000E+00  0.0000E+00  1.7040E+00  0.0000E+00  0.0000E+00  1.0000E+00  0.0000E+00  1.1088E+00  7.4508E-01  4.1422E+01  2.1001E+00 -1.3826E+00 -1.2875E+00  1.7040E+00  1.6424E+00  6.1562E-02 -1.2732E+00
  1.5000E+01  4.0000E+00  0.0000E+00  2.5440E+00  0.0000E+00  0.0000E+00  1.0000E+00  0.0000E+00  1.1088E+00  7.4508E-01  4.1422E+01  2.2546E+00  9.6056E-01  1.1559E+00  2.5440E+00  1.6301E+00  9.1388E-01  1.6255E+00
  1.5000E+01  8.0000E+00  0.0000E+00  2.3460E+00  0.0000E+00  0.0000E+00  1.0000E+00  0.0000E+00  1.1088E+00  7.4508E-01  4.1422E+01  2.1248E+00  7.6594E-01  1.0925E+00  2.3460E+00  1.2804E+00  1.0656E+00  1.0341E+00
  1.5000E+01  1.2000E+01  0.0000E+00  1.7810E+00  0.0000E+00  0.0000E+00  1.0000E+00  0.0000E+00  1.1088E+00  7.4508E-01  4.1422E+01  1.9776E+00 -7.1488E-01 -2.7956E-01  1.7810E+00  9.8945E-01  7.9155E-01 -1.1896E+00
  1.5000E+01  2.4000E+01  0.0000E+00  1.8310E+00  0.0000E+00  0.0000E+00  1.0000E+00  0.0000E+00  1.1088E+00  7.4508E-01  4.1422E+01  1.5936E+00  9.8700E-01  1.6679E+00  1.8310E+00  4.5625E-01  1.3748E+00  2.2332E+00
  1.5000E+01  1.6800E+02  1.0000E+02  0.0000E+00  1.0000E+00  1.0000E+00  2.0000E+00  0.0000E+00  1.1088E+00  7.4508E-01  4.1422E+01  1.1953E-01 -7.5432E-01  0.0000E+00  0.0000E+00  4.2154E-05  0.0000E+00  0.0000E+00
  1.5000E+01  1.6850E+02  0.0000E+00  1.2940E+00  0.0000E+00  0.0000E+00  2.0000E+00  0.0000E+00  1.1088E+00  7.4508E-01  4.1422E+01  1.1409E+00  7.4915E-01  1.1006E+00  1.2940E+00  8.3214E-01  4.6186E-01  1.2043E+00
  1.5000E+01  1.6900E+02  0.0000E+00  2.1160E+00  0.0000E+00  0.0000E+00  2.0000E+00  0.0000E+00  1.1088E+00  7.4508E-01  4.1422E+01  1.7179E+00  1.5838E+00  1.9447E+00  2.1160E+00  1.2887E+00  8.2725E-01  2.3284E+00
  1.5000E+01  1.7000E+02  0.0000E+00  2.3680E+00  0.0000E+00  0.0000E+00  2.0000E+00  0.0000E+00  1.1088E+00  7.4508E-01  4.1422E+01  2.2154E+00  5.1281E-01  9.2488E-01  2.3680E+00  1.6425E+00  7.2552E-01  1.4182E+00
  1.5000E+01  1.7200E+02  0.0000E+00  2.4300E+00  0.0000E+00  0.0000E+00  2.0000E+00  0.0000E+00  1.1088E+00  7.4508E-01  4.1422E+01  2.3658E+00  2.0571E-01  7.0602E-01  2.4300E+00  1.6301E+00  7.9985E-01  1.1581E+00
  1.5000E+01  1.7600E+02  0.0000E+00  2.2930E+00  0.0000E+00  0.0000E+00  2.0000E+00  0.0000E+00  1.1088E+00  7.4508E-01  4.1422E+01  2.2283E+00  2.1666E-01  8.3570E-01  2.2930E+00  1.2804E+00  1.0126E+00  7.8744E-01
  1.5000E+01  1.8000E+02  0.0000E+00  2.1200E+00  0.0000E+00  0.0000E+00  2.0000E+00  0.0000E+00  1.1088E+00  7.4508E-01  4.1422E+01  2.0739E+00  1.6236E-01  8.7857E-01  2.1200E+00  9.8947E-01  1.1305E+00  5.4007E-01
  1.5000E+01  1.9200E+02  0.0000E+00  1.4840E+00  0.0000E+00  0.0000E+00  2.0000E+00  0.0000E+00  1.1088E+00  7.4508E-01  4.1422E+01  1.6713E+00 -7.5741E-01  1.7130E-01  1.4840E+00  4.5625E-01  1.0277E+00  1.5153E-01
  1.5000E+01  3.3600E+02  1.0000E+02  0.0000E+00  1.0000E+00  1.0000E+00  3.0000E+00  0.0000E+00  1.1088E+00  7.4508E-01  4.1422E+01  1.2535E-01 -7.9077E-01  0.0000E+00  0.0000E+00  4.2155E-05  0.0000E+00  0.0000E+00
  1.5000E+01  3.3650E+02  0.0000E+00  8.0600E-01  0.0000E+00  0.0000E+00  3.0000E+00  0.0000E+00  1.1088E+00  7.4508E-01  4.1422E+01  1.1466E+00 -1.6628E+00 -1.2775E+00  8.0600E-01  8.3214E-01 -2.6139E-02 -1.4330E+00
  1.5000E+01  3.3700E+02  0.0000E+00  1.3750E+00  0.0000E+00  0.0000E+00  3.0000E+00  0.0000E+00  1.1088E+00  7.4508E-01  4.1422E+01  1.7236E+00 -1.3844E+00 -9.9133E-01  1.3750E+00  1.2887E+00  8.6255E-02 -1.0771E+00
  1.5000E+01  3.3800E+02  0.0000E+00  2.1210E+00  0.0000E+00  0.0000E+00  3.0000E+00  0.0000E+00  1.1088E+00  7.4508E-01  4.1422E+01  2.2210E+00 -3.3558E-01  1.0688E-01  2.1210E+00  1.6425E+00  4.7852E-01  4.1616E-01
  1.5000E+01  3.4000E+02  0.0000E+00  1.5610E+00  0.0000E+00  0.0000E+00  3.0000E+00  0.0000E+00  1.1088E+00  7.4508E-01  4.1422E+01  2.3712E+00 -2.5908E+00 -2.0614E+00  1.5610E+00  1.6301E+00 -6.9150E-02 -2.3885E+00
  1.5000E+01  3.4400E+02  0.0000E+00  2.5090E+00  0.0000E+00  0.0000E+00  3.0000E+00  0.0000E+00  1.1088E+00  7.4508E-01  4.1422E+01  2.2333E+00  9.2121E-01  1.5679E+00  2.5090E+00  1.2804E+00  1.2286E+00  1.7845E+00
  1.5000E+01  3.4800E+02  0.0000E+00  1.9480E+00  0.0000E+00  0.0000E+00  3.0000E+00  0.0000E+00  1.1088E+00  7.4508E-01  4.1422E+01  2.0786E+00 -4.5904E-01  2.8350E-01  1.9480E+00  9.8947E-01  9.5853E-01 -3.3839E-01
  1.5000E+01  3.6000E+02  0.0000E+00  2.1500E+00  0.0000E+00  0.0000E+00  3.0000E+00  0.0000E+00  1.1088E+00  7.4508E-01  4.1422E+01  1.6750E+00  1.9186E+00  2.8699E+00  2.1500E+00  4.5625E-01  1.6937E+00  4.1450E+00
  1.6000E+01  0.0000E+00  1.0000E+02  0.0000E+00  1.0000E+00  1.0000E+00  1.0000E+00  0.0000E+00  1.1610E+00  3.1329E+00  4.9896E+01  0.0000E+00  0.0000E+00  0.0000E+00  0.0000E+00  0.0000E+00  0.0000E+00  0.0000E+00
  1.6000E+01  5.0000E-01  0.0000E+00  6.8000E-01  0.0000E+00  0.0000E+00  1.0000E+00  0.0000E+00  1.1610E+00  3.1329E+00  4.9896E+01  8.6759E-01 -1.0073E+00 -1.0229E+00  6.8000E-01  8.3210E-01 -1.5210E-01 -1.0285E+00
  1.6000E+01  1.0000E+00  0.0000E+00  1.4930E+00  0.0000E+00  0.0000E+00  1.0000E+00  0.0000E+00  1.1610E+00  3.1329E+00  4.9896E+01  1.3263E+00  7.6318E-01  7.4637E-01  1.4930E+00  1.2887E+00  2.0429E-01  7.4797E-01
  1.6000E+01  2.0000E+00  0.0000E+00  1.7400E+00  0.0000E+00  0.0000E+00  1.0000E+00  0.0000E+00  1.1610E+00  3.1329E+00  4.9896E+01  1.6609E+00  3.2108E-01  2.9923E-01  1.7400E+00  1.6424E+00  9.7562E-02  2.9686E-01
  1.6000E+01  4.0000E+00  0.0000E+00  1.6670E+00  0.0000E+00  0.0000E+00  1.0000E+00  0.0000E+00  1.1610E+00  3.1329E+00  4.9896E+01  1.6278E+00  1.6106E-01  1.3702E-01  1.6670E+00  1.6301E+00  3.6883E-02  1.3747E-01
  1.6000E+01  8.0000E+00  0.0000E+00  1.4060E+00  0.0000E+00  0.0000E+00  1.0000E+00  0.0000E+00  1.1610E+00  3.1329E+00  4.9896E+01  1.2819E+00  5.7716E-01  5.6414E-01  1.4060E+00  1.2804E+00  1.2562E-01  5.6208E-01
  1.6000E+01  1.2000E+01  0.0000E+00  9.3300E-01  0.0000E+00  0.0000E+00  1.0000E+00  0.0000E+00  1.1610E+00  3.1329E+00  4.9896E+01  9.9736E-01 -3.3094E-01 -3.3518E-01  9.3300E-01  9.8945E-01 -5.6450E-02 -3.3261E-01
  1.6000E+01  2.4000E+01  0.0000E+00  5.9900E-01  0.0000E+00  0.0000E+00  1.0000E+00  0.0000E+00  1.1610E+00  3.1329E+00  4.9896E+01  4.6949E-01  7.7705E-01  7.8389E-01  5.9900E-01  4.5625E-01  1.4275E-01  7.8085E-01
  1.6000E+01  1.6800E+02  1.0000E+02  0.0000E+00  1.0000E+00  1.0000E+00  2.0000E+00  0.0000E+00  1.1610E+00  3.1329E+00  4.9896E+01  5.5579E-05 -3.5205E-04  0.0000E+00  0.0000E+00  4.2154E-05  0.0000E+00  0.0000E+00
  1.6000E+01  1.6850E+02  0.0000E+00  8.3600E-01  0.0000E+00  0.0000E+00  2.0000E+00  0.0000E+00  1.1610E+00  3.1329E+00  4.9896E+01  8.6764E-01 -1.6991E-01 -1.8545E-01  8.3600E-01  8.3214E-01  3.8608E-03 -1.8562E-01
  1.6000E+01  1.6900E+02  0.0000E+00  1.4160E+00  0.0000E+00  0.0000E+00  2.0000E+00  0.0000E+00  1.1610E+00  3.1329E+00  4.9896E+01  1.3263E+00  4.1045E-01  3.9366E-01  1.4160E+00  1.2887E+00  1.2725E-01  3.9385E-01
  1.6000E+01  1.7000E+02  0.0000E+00  1.7580E+00  0.0000E+00  0.0000E+00  2.0000E+00  0.0000E+00  1.1610E+00  3.1329E+00  4.9896E+01  1.6610E+00  3.9395E-01  3.7211E-01  1.7580E+00  1.6425E+00  1.1552E-01  3.6970E-01
  1.6000E+01  1.7200E+02  0.0000E+00  1.6880E+00  0.0000E+00  0.0000E+00  2.0000E+00  0.0000E+00  1.1610E+00  3.1329E+00  4.9896E+01  1.6278E+00  2.4715E-01  2.2311E-01  1.6880E+00  1.6301E+00  5.7850E-02  2.2300E-01
  1.6000E+01  1.7600E+02  0.0000E+00  1.3310E+00  0.0000E+00  0.0000E+00  2.0000E+00  0.0000E+00  1.1610E+00  3.1329E+00  4.9896E+01  1.2820E+00  2.2815E-01  2.1513E-01  1.3310E+00  1.2804E+00  5.0590E-02  2.1572E-01
  1.6000E+01  1.8000E+02  0.0000E+00  1.2260E+00  0.0000E+00  0.0000E+00  2.0000E+00  0.0000E+00  1.1610E+00  3.1329E+00  4.9896E+01  9.9738E-01  1.1757E+00  1.1714E+00  1.2260E+00  9.8947E-01  2.3653E-01  1.1637E+00
  1.6000E+01  1.9200E+02  0.0000E+00  5.4600E-01  0.0000E+00  0.0000E+00  2.0000E+00  0.0000E+00  1.1610E+00  3.1329E+00  4.9896E+01  4.6950E-01  4.5898E-01  4.6583E-01  5.4600E-01  4.5625E-01  8.9745E-02  4.6298E-01
  1.6000E+01  3.3600E+02  1.0000E+02  0.0000E+00  1.0000E+00  1.0000E+00  3.0000E+00  0.0000E+00  1.1610E+00  3.1329E+00  4.9896E+01  5.5580E-05 -3.5206E-04  0.0000E+00  0.0000E+00  4.2155E-05  0.0000E+00  0.0000E+00
  1.6000E+01  3.3650E+02  0.0000E+00  9.9700E-01  0.0000E+00  0.0000E+00  3.0000E+00  0.0000E+00  1.1610E+00  3.1329E+00  4.9896E+01  8.6764E-01  6.9464E-01  6.7911E-01  9.9700E-01  8.3214E-01  1.6486E-01  6.8450E-01
  1.6000E+01  3.3700E+02  0.0000E+00  1.2130E+00  0.0000E+00  0.0000E+00  3.0000E+00  0.0000E+00  1.1610E+00  3.1329E+00  4.9896E+01  1.3263E+00 -5.1881E-01 -5.3561E-01  1.2130E+00  1.2887E+00 -7.5745E-02 -5.3912E-01
  1.6000E+01  3.3800E+02  0.0000E+00  1.7030E+00  0.0000E+00  0.0000E+00  3.0000E+00  0.0000E+00  1.1610E+00  3.1329E+00  4.9896E+01  1.6610E+00  1.7067E-01  1.4883E-01  1.7030E+00  1.6425E+00  6.0525E-02  1.4657E-01
  1.6000E+01  3.4000E+02  0.0000E+00  1.1150E+00  0.0000E+00  0.0000E+00  3.0000E+00  0.0000E+00  1.1610E+00  3.1329E+00  4.9896E+01  1.6278E+00 -2.1066E+00 -2.1306E+00  1.1150E+00  1.6301E+00 -5.1515E-01 -2.1155E+00
  1.6000E+01  3.4400E+02  0.0000E+00  1.4290E+00  0.0000E+00  0.0000E+00  3.0000E+00  0.0000E+00  1.1610E+00  3.1329E+00  4.9896E+01  1.2820E+00  6.8398E-01  6.7096E-01  1.4290E+00  1.2804E+00  1.4859E-01  6.6809E-01
  1.6000E+01  3.4800E+02  0.0000E+00  7.5500E-01  0.0000E+00  0.0000E+00  3.0000E+00  0.0000E+00  1.1610E+00  3.1329E+00  4.9896E+01  9.9738E-01 -1.2464E+00 -1.2506E+00  7.5500E-01  9.8947E-01 -2.3447E-01 -1.2418E+00
  1.6000E+01  3.6000E+02  0.0000E+00  2.5000E-01  0.0000E+00  0.0000E+00  3.0000E+00  1.0000E+00  1.1610E+00  3.1329E+00  4.9896E+01  4.6950E-01 -1.3170E+00 -1.3101E+00  2.5000E-01  4.5625E-01 -2.0625E-01 -1.3119E+00
  1.7000E+01  0.0000E+00  1.0000E+02  0.0000E+00  1.0000E+00  1.0000E+00  1.0000E+00  0.0000E+00  1.4211E+00  3.2048E+00  3.7085E+01  0.0000E+00  0.0000E+00  0.0000E+00  0.0000E+00  0.0000E+00  0.0000E+00  0.0000E+00
  1.7000E+01  5.0000E-01  0.0000E+00  1.6060E+00  0.0000E+00  0.0000E+00  1.0000E+00  0.0000E+00  1.4211E+00  3.2048E+00  3.7085E+01  1.3389E+00  1.2172E+00  1.5494E+00  1.6060E+00  8.3210E-01  7.7390E-01  1.9238E+00
  1.7000E+01  1.0000E+00  0.0000E+00  2.3800E+00  0.0000E+00  0.0000E+00  1.0000E+00  0.0000E+00  1.4211E+00  3.2048E+00  3.7085E+01  1.9402E+00  1.6200E+00  2.0832E+00  2.3800E+00  1.2887E+00  1.0913E+00  2.5572E+00
  1.7000E+01  2.0000E+00  0.0000E+00  2.3090E+00  0.0000E+00  0.0000E+00  1.0000E+00  0.0000E+00  1.4211E+00  3.2048E+00  3.7085E+01  2.2480E+00  2.0278E-01  6.7975E-01  2.3090E+00  1.6424E+00  6.6656E-01  7.2324E-01
  1.7000E+01  4.0000E+00  0.0000E+00  1.8430E+00  0.0000E+00  0.0000E+00  1.0000E+00  0.0000E+00  1.4211E+00  3.2048E+00  3.7085E+01  2.0223E+00 -6.4221E-01 -3.2716E-01  1.8430E+00  1.6301E+00  2.1288E-01 -3.7123E-01
  1.7000E+01  8.0000E+00  0.0000E+00  1.6420E+00  0.0000E+00  0.0000E+00  1.0000E+00  0.0000E+00  1.4211E+00  3.2048E+00  3.7085E+01  1.4381E+00  8.9640E-01  9.2224E-01  1.6420E+00  1.2804E+00  3.6162E-01  1.0499E+00
  1.7000E+01  1.2000E+01  0.0000E+00  1.2210E+00  0.0000E+00  0.0000E+00  1.0000E+00  0.0000E+00  1.4211E+00  3.2048E+00  3.7085E+01  1.0179E+00  1.0374E+00  8.9470E-01  1.2210E+00  9.8945E-01  2.3155E-01  9.7688E-01
  1.7000E+01  2.4000E+01  0.0000E+00  2.5000E-01  0.0000E+00  0.0000E+00  1.0000E+00  1.0000E+00  1.4211E+00  3.2048E+00  3.7085E+01  3.6084E-01 -6.7947E-01 -9.1460E-01  2.5000E-01  4.5625E-01 -2.0625E-01 -7.8945E-01
  1.7000E+01  1.6800E+02  1.0000E+02  0.0000E+00  1.0000E+00  1.0000E+00  2.0000E+00  0.0000E+00  1.4211E+00  3.2048E+00  3.7085E+01  1.4219E-06 -9.0071E-06  0.0000E+00  0.0000E+00  4.2154E-05  0.0000E+00  0.0000E+00
  1.7000E+01  1.6850E+02  0.0000E+00  1.3240E+00  0.0000E+00  0.0000E+00  2.0000E+00  0.0000E+00  1.4211E+00  3.2048E+00  3.7085E+01  1.3389E+00 -6.7877E-02  2.6433E-01  1.3240E+00  8.3214E-01  4.9186E-01  4.0005E-01
  1.7000E+01  1.6900E+02  0.0000E+00  1.8150E+00  0.0000E+00  0.0000E+00  2.0000E+00  0.0000E+00  1.4211E+00  3.2048E+00  3.7085E+01  1.9402E+00 -4.6109E-01  2.0639E-03  1.8150E+00  1.2887E+00  5.2625E-01 -3.9270E-02
  1.7000E+01  1.7000E+02  0.0000E+00  2.1930E+00  0.0000E+00  0.0000E+00  2.0000E+00  0.0000E+00  1.4211E+00  3.2048E+00  3.7085E+01  2.2480E+00 -1.8300E-01  2.9397E-01  2.1930E+00  1.6425E+00  5.5052E-01  2.5284E-01
  1.7000E+01  1.7200E+02  0.0000E+00  1.7870E+00  0.0000E+00  0.0000E+00  2.0000E+00  0.0000E+00  1.4211E+00  3.2048E+00  3.7085E+01  2.0223E+00 -8.4282E-01 -5.2778E-01  1.7870E+00  1.6301E+00  1.5685E-01 -5.9959E-01
  1.7000E+01  1.7600E+02  0.0000E+00  1.3200E+00  0.0000E+00  0.0000E+00  2.0000E+00  0.0000E+00  1.4211E+00  3.2048E+00  3.7085E+01  1.4381E+00 -5.1939E-01 -4.9355E-01  1.3200E+00  1.2804E+00  3.9590E-02 -4.3632E-01
  1.7000E+01  1.8000E+02  0.0000E+00  7.9800E-01  0.0000E+00  0.0000E+00  2.0000E+00  0.0000E+00  1.4211E+00  3.2048E+00  3.7085E+01  1.0179E+00 -1.1227E+00 -1.2653E+00  7.9800E-01  9.8947E-01 -1.9147E-01 -1.1834E+00
  1.7000E+01  1.9200E+02  0.0000E+00  2.5000E-01  0.0000E+00  0.0000E+00  2.0000E+00  1.0000E+00  1.4211E+00  3.2048E+00  3.7085E+01  3.6084E-01 -6.7947E-01 -9.1460E-01  2.5000E-01  4.5625E-01 -2.0625E-01 -7.8934E-01
  1.7000E+01  3.3600E+02  1.0000E+02  0.0000E+00  1.0000E+00  1.0000E+00  3.0000E+00  0.0000E+00  1.4211E+00  3.2048E+00  3.7085E+01  1.4219E-06 -9.0071E-06  0.0000E+00  0.0000E+00  4.2155E-05  0.0000E+00  0.0000E+00
  1.7000E+01  3.3650E+02  0.0000E+00  1.2820E+00  0.0000E+00  0.0000E+00  3.0000E+00  0.0000E+00  1.4211E+00  3.2048E+00  3.7085E+01  1.3389E+00 -2.5927E-01  7.2933E-02  1.2820E+00  8.3214E-01  4.4986E-01  1.7306E-01
  1.7000E+01  3.3700E+02  0.0000E+00  1.6020E+00  0.0000E+00  0.0000E+00  3.0000E+00  0.0000E+00  1.4211E+00  3.2048E+00  3.7085E+01  1.9402E+00 -1.2456E+00 -7.8249E-01  1.6020E+00  1.2887E+00  3.1325E-01 -1.0182E+00
  1.7000E+01  3.3800E+02  0.0000E+00  1.9630E+00  0.0000E+00  0.0000E+00  3.0000E+00  0.0000E+00  1.4211E+00  3.2048E+00  3.7085E+01  2.2480E+00 -9.4789E-01 -4.7092E-01  1.9630E+00  1.6425E+00  3.2052E-01 -6.8025E-01
  1.7000E+01  3.4000E+02  0.0000E+00  2.4390E+00  0.0000E+00  0.0000E+00  3.0000E+00  0.0000E+00  1.4211E+00  3.2048E+00  3.7085E+01  2.0223E+00  1.4928E+00  1.8079E+00  2.4390E+00  1.6301E+00  8.0885E-01  2.0613E+00
  1.7000E+01  3.4400E+02  0.0000E+00  1.9350E+00  0.0000E+00  0.0000E+00  3.0000E+00  0.0000E+00  1.4211E+00  3.2048E+00  3.7085E+01  1.4381E+00  2.1847E+00  2.2105E+00  1.9350E+00  1.2804E+00  6.5459E-01  2.4025E+00
  1.7000E+01  3.4800E+02  0.0000E+00  1.0040E+00  0.0000E+00  0.0000E+00  3.0000E+00  0.0000E+00  1.4211E+00  3.2048E+00  3.7085E+01  1.0179E+00 -7.0730E-02 -2.1340E-01  1.0040E+00  9.8947E-01  1.4531E-02 -1.3125E-01
  1.7000E+01  3.6000E+02  0.0000E+00  2.5000E-01  0.0000E+00  0.0000E+00  3.0000E+00  1.0000E+00  1.4211E+00  3.2048E+00  3.7085E+01  3.6084E-01 -6.7947E-01 -9.1460E-01  2.5000E-01  4.5625E-01 -2.0625E-01 -7.8934E-01
  1.8000E+01  0.0000E+00  1.0000E+02  0.0000E+00  1.0000E+00  1.0000E+00  1.0000E+00  0.0000E+00  1.5006E+00  3.6142E+00  4.1934E+01  0.0000E+00  0.0000E+00  0.0000E+00  0.0000E+00  0.0000E+00  0.0000E+00  0.0000E+00
  1.8000E+01  5.0000E-01  0.0000E+00  1.3100E+00  0.0000E+00  0.0000E+00  1.0000E+00  0.0000E+00  1.5006E+00  3.6142E+00  4.1934E+01  1.2286E+00  3.8608E-01  7.2294E-01  1.3100E+00  8.3210E-01  4.7790E-01  9.1766E-01
  1.8000E+01  1.0000E+00  0.0000E+00  1.7610E+00  0.0000E+00  0.0000E+00  1.0000E+00  0.0000E+00  1.5006E+00  3.6142E+00  4.1934E+01  1.7569E+00  1.6076E-02  3.9299E-01  1.7610E+00  1.2887E+00  4.7229E-01  4.5211E-01
  1.8000E+01  2.0000E+00  0.0000E+00  1.3970E+00  0.0000E+00  0.0000E+00  1.0000E+00  0.0000E+00  1.5006E+00  3.6142E+00  4.1934E+01  2.0036E+00 -2.1867E+00 -1.9060E+00  1.3970E+00  1.6424E+00 -2.4544E-01 -2.2103E+00
  1.8000E+01  4.0000E+00  0.0000E+00  1.9720E+00  0.0000E+00  0.0000E+00  1.0000E+00  0.0000E+00  1.5006E+00  3.6142E+00  4.1934E+01  1.7860E+00  7.2266E-01  8.3531E-01  1.9720E+00  1.6301E+00  3.4188E-01  8.7535E-01
  1.8000E+01  8.0000E+00  0.0000E+00  9.8700E-01  0.0000E+00  0.0000E+00  1.0000E+00  0.0000E+00  1.5006E+00  3.6142E+00  4.1934E+01  1.2696E+00 -1.3203E+00 -1.3919E+00  9.8700E-01  1.2804E+00 -2.9338E-01 -1.3389E+00
  1.8000E+01  1.2000E+01  0.0000E+00  9.7900E-01  0.0000E+00  0.0000E+00  1.0000E+00  0.0000E+00  1.5006E+00  3.6142E+00  4.1934E+01  8.9939E-01  4.2309E-01  2.5489E-01  9.7900E-01  9.8945E-01 -1.0450E-02  2.7785E-01
  1.8000E+01  2.4000E+01  0.0000E+00  2.5000E-01  0.0000E+00  0.0000E+00  1.0000E+00  1.0000E+00  1.5006E+00  3.6142E+00  4.1934E+01  3.1972E-01 -4.3037E-01 -6.2354E-01  2.5000E-01  4.5625E-01 -2.0625E-01 -5.2678E-01
  1.8000E+01  1.6800E+02  1.0000E+02  0.0000E+00  1.0000E+00  1.0000E+00  2.0000E+00  0.0000E+00  1.5006E+00  3.6142E+00  4.1934E+01  1.3023E-06 -8.2494E-06  0.0000E+00  0.0000E+00  4.2154E-05  0.0000E+00  0.0000E+00
  1.8000E+01  1.6850E+02  0.0000E+00  1.1140E+00  0.0000E+00  0.0000E+00  2.0000E+00  0.0000E+00  1.5006E+00  3.6142E+00  4.1934E+01  1.2286E+00 -5.4321E-01 -2.0636E-01  1.1140E+00  8.3214E-01  2.8186E-01 -1.4129E-01
  1.8000E+01  1.6900E+02  0.0000E+00  1.4340E+00  0.0000E+00  0.0000E+00  2.0000E+00  0.0000E+00  1.5006E+00  3.6142E+00  4.1934E+01  1.7569E+00 -1.2672E+00 -8.9034E-01  1.4340E+00  1.2887E+00  1.4525E-01 -1.0505E+00
  1.8000E+01  1.7000E+02  0.0000E+00  1.8430E+00  0.0000E+00  0.0000E+00  2.0000E+00  0.0000E+00  1.5006E+00  3.6142E+00  4.1934E+01  2.0036E+00 -5.7893E-01 -2.9824E-01  1.8430E+00  1.6425E+00  2.0052E-01 -4.0066E-01
  1.8000E+01  1.7200E+02  0.0000E+00  1.9550E+00  0.0000E+00  0.0000E+00  2.0000E+00  0.0000E+00  1.5006E+00  3.6142E+00  4.1934E+01  1.7860E+00  6.5661E-01  7.6926E-01  1.9550E+00  1.6301E+00  3.2485E-01  8.0614E-01
  1.8000E+01  1.7600E+02  0.0000E+00  1.2730E+00  0.0000E+00  0.0000E+00  2.0000E+00  0.0000E+00  1.5006E+00  3.6142E+00  4.1934E+01  1.2696E+00  1.5899E-02 -5.5739E-02  1.2730E+00  1.2804E+00 -7.4098E-03 -1.8517E-02
  1.8000E+01  1.8000E+02  0.0000E+00  1.0640E+00  0.0000E+00  0.0000E+00  2.0000E+00  0.0000E+00  1.5006E+00  3.6142E+00  4.1934E+01  8.9939E-01  8.7482E-01  7.0661E-01  1.0640E+00  9.8947E-01  7.4531E-02  7.1213E-01
  1.8000E+01  1.9200E+02  0.0000E+00  2.5000E-01  0.0000E+00  0.0000E+00  2.0000E+00  1.0000E+00  1.5006E+00  3.6142E+00  4.1934E+01  3.1972E-01 -4.3037E-01 -6.2355E-01  2.5000E-01  4.5625E-01 -2.0625E-01 -5.2667E-01
  1.8000E+01  3.3600E+02  1.0000E+02  0.0000E+00  1.0000E+00  1.0000E+00  3.0000E+00  0.0000E+00  1.5006E+00  3.6142E+00  4.1934E+01  1.3023E-06 -8.2495E-06  0.0000E+00  0.0000E+00  4.2155E-05  0.0000E+00  0.0000E+00
  1.8000E+01  3.3650E+02  0.0000E+00  1.3320E+00  0.0000E+00  0.0000E+00  3.0000E+00  0.0000E+00  1.5006E+00  3.6142E+00  4.1934E+01  1.2286E+00  4.9038E-01  8.2724E-01  1.3320E+00  8.3214E-01  4.9986E-01  1.0369E+00
  1.8000E+01  3.3700E+02  0.0000E+00  2.3010E+00  0.0000E+00  0.0000E+00  3.0000E+00  0.0000E+00  1.5006E+00  3.6142E+00  4.1934E+01  1.7569E+00  2.1353E+00  2.5122E+00  2.3010E+00  1.2887E+00  1.0123E+00  2.9342E+00
  1.8000E+01  3.3800E+02  0.0000E+00  2.1290E+00  0.0000E+00  0.0000E+00  3.0000E+00  0.0000E+00  1.5006E+00  3.6142E+00  4.1934E+01  2.0036E+00  4.5208E-01  7.3277E-01  2.1290E+00  1.6425E+00  4.8652E-01  7.5961E-01
  1.8000E+01  3.4000E+02  0.0000E+00  1.8620E+00  0.0000E+00  0.0000E+00  3.0000E+00  0.0000E+00  1.5006E+00  3.6142E+00  4.1934E+01  1.7860E+00  2.9533E-01  4.0797E-01  1.8620E+00  1.6301E+00  2.3185E-01  4.2659E-01
  1.8000E+01  3.4400E+02  0.0000E+00  1.5170E+00  0.0000E+00  0.0000E+00  3.0000E+00  0.0000E+00  1.5006E+00  3.6142E+00  4.1934E+01  1.2696E+00  1.1559E+00  1.0842E+00  1.5170E+00  1.2804E+00  2.3659E-01  1.1078E+00
  1.8000E+01  3.4800E+02  0.0000E+00  8.3800E-01  0.0000E+00  0.0000E+00  3.0000E+00  0.0000E+00  1.5006E+00  3.6142E+00  4.1934E+01  8.9939E-01 -3.2625E-01 -4.9446E-01  8.3800E-01  9.8947E-01 -1.5147E-01 -4.4212E-01
  1.8000E+01  3.6000E+02  0.0000E+00  2.5000E-01  0.0000E+00  0.0000E+00  3.0000E+00  1.0000E+00  1.5006E+00  3.6142E+00  4.1934E+01  3.1972E-01 -4.3037E-01 -6.2355E-01  2.5000E-01  4.5625E-01 -2.0625E-01 -5.2667E-01
  1.9000E+01  0.0000E+00  1.0000E+02  0.0000E+00  1.0000E+00  1.0000E+00  1.0000E+00  0.0000E+00  2.3232E+00  9.3988E-01  3.9210E+01  0.0000E+00  0.0000E+00  0.0000E+00  0.0000E+00  0.0000E+00  0.0000E+00  0.0000E+00
  1.9000E+01  5.0000E-01  0.0000E+00  1.5840E+00  0.0000E+00  0.0000E+00  1.0000E+00  0.0000E+00  2.3232E+00  9.3988E-01  3.9210E+01  1.7397E+00 -6.1479E-01  1.9719E-01  1.5840E+00  8.3210E-01  7.5190E-01  4.0372E-01
  1.9000E+01  1.0000E+00  0.0000E+00  2.1130E+00  0.0000E+00  0.0000E+00  1.0000E+00  0.0000E+00  2.3232E+00  9.3988E-01  3.9210E+01  2.2635E+00 -4.9800E-01 -6.5831E-03  2.1130E+00  1.2887E+00  8.2429E-01 -6.9324E-02
  1.9000E+01  2.0000E+00  0.0000E+00  2.7300E+00  0.0000E+00  0.0000E+00  1.0000E+00  0.0000E+00  2.3232E+00  9.3988E-01  3.9210E+01  2.4316E+00  9.3633E-01  1.0891E+00  2.7300E+00  1.6424E+00  1.0876E+00  1.3150E+00
  1.9000E+01  4.0000E+00  0.0000E+00  2.7390E+00  0.0000E+00  0.0000E+00  1.0000E+00  0.0000E+00  2.3232E+00  9.3988E-01  3.9210E+01  2.3411E+00  1.2844E+00  1.4322E+00  2.7390E+00  1.6301E+00  1.1089E+00  1.9339E+00
  1.9000E+01  8.0000E+00  0.0000E+00  1.7510E+00  0.0000E+00  0.0000E+00  1.0000E+00  0.0000E+00  2.3232E+00  9.3988E-01  3.9210E+01  2.1273E+00 -1.3017E+00 -1.0041E+00  1.7510E+00  1.2804E+00  4.7062E-01 -1.3732E+00
  1.9000E+01  1.2000E+01  0.0000E+00  2.0190E+00  0.0000E+00  0.0000E+00  1.0000E+00  0.0000E+00  2.3232E+00  9.3988E-01  3.9210E+01  1.9328E+00  3.1830E-01  7.4510E-01  2.0190E+00  9.8945E-01  1.0296E+00  8.3070E-01
  1.9000E+01  2.4000E+01  0.0000E+00  1.4810E+00  0.0000E+00  0.0000E+00  1.0000E+00  0.0000E+00  2.3232E+00  9.3988E-01  3.9210E+01  1.4497E+00  1.3726E-01  8.3442E-01  1.4810E+00  4.5625E-01  1.0248E+00  1.4142E+00
  1.9000E+01  1.6800E+02  1.0000E+02  0.0000E+00  1.0000E+00  1.0000E+00  2.0000E+00  0.0000E+00  2.3232E+00  9.3988E-01  3.9210E+01  4.5940E-02 -2.9084E-01  0.0000E+00  0.0000E+00  4.2154E-05  0.0000E+00  0.0000E+00
  1.9000E+01  1.6850E+02  0.0000E+00  2.5430E+00  0.0000E+00  0.0000E+00  2.0000E+00  0.0000E+00  2.3232E+00  9.3988E-01  3.9210E+01  1.7851E+00  2.9452E+00  3.9103E+00  2.5430E+00  8.3214E-01  1.7109E+00  5.5838E+00
  1.9000E+01  1.6900E+02  0.0000E+00  2.5240E+00  0.0000E+00  0.0000E+00  2.0000E+00  0.0000E+00  2.3232E+00  9.3988E-01  3.9210E+01  2.3083E+00  7.0346E-01  1.3413E+00  2.5240E+00  1.2887E+00  1.2353E+00  1.8174E+00
  1.9000E+01  1.7000E+02  0.0000E+00  2.3400E+00  0.0000E+00  0.0000E+00  2.0000E+00  0.0000E+00  2.3232E+00  9.3988E-01  3.9210E+01  2.4754E+00 -4.1920E-01 -1.2265E-01  2.3400E+00  1.6425E+00  6.9752E-01 -2.6903E-01
  1.9000E+01  1.7200E+02  0.0000E+00  2.6100E+00  0.0000E+00  0.0000E+00  2.0000E+00  0.0000E+00  2.3232E+00  9.3988E-01  3.9210E+01  2.3829E+00  7.2366E-01  1.0116E+00  2.6100E+00  1.6301E+00  9.7985E-01  1.4058E+00
  1.9000E+01  1.7600E+02  0.0000E+00  2.1670E+00  0.0000E+00  0.0000E+00  2.0000E+00  0.0000E+00  2.3232E+00  9.3988E-01  3.9210E+01  2.1652E+00  6.0792E-03  4.3616E-01  2.1670E+00  1.2804E+00  8.8659E-01  5.4562E-01
  1.9000E+01  1.8000E+02  0.0000E+00  1.7010E+00  0.0000E+00  0.0000E+00  2.0000E+00  0.0000E+00  2.3232E+00  9.3988E-01  3.9210E+01  1.9673E+00 -9.7172E-01 -4.1978E-01  1.7010E+00  9.8947E-01  7.1153E-01 -7.9474E-01
  1.9000E+01  1.9200E+02  0.0000E+00  1.6020E+00  0.0000E+00  0.0000E+00  2.0000E+00  0.0000E+00  2.3232E+00  9.3988E-01  3.9210E+01  1.4755E+00  5.4878E-01  1.3505E+00  1.6020E+00  4.5625E-01  1.1457E+00  2.1390E+00
  1.9000E+01  3.3600E+02  1.0000E+02  0.0000E+00  1.0000E+00  1.0000E+00  3.0000E+00  0.0000E+00  2.3232E+00  9.3988E-01  3.9210E+01  4.6759E-02 -2.9602E-01  0.0000E+00  0.0000E+00  4.2155E-05  0.0000E+00  0.0000E+00
  1.9000E+01  3.3650E+02  0.0000E+00  1.4420E+00  0.0000E+00  0.0000E+00  3.0000E+00  0.0000E+00  2.3232E+00  9.3988E-01  3.9210E+01  1.7859E+00 -1.3361E+00 -3.6544E-01  1.4420E+00  8.3214E-01  6.0986E-01 -3.6649E-01
  1.9000E+01  3.3700E+02  0.0000E+00  1.9110E+00  0.0000E+00  0.0000E+00  3.0000E+00  0.0000E+00  2.3232E+00  9.3988E-01  3.9210E+01  2.3091E+00 -1.2984E+00 -6.5534E-01  1.9110E+00  1.2887E+00  6.2225E-01 -9.9992E-01
  1.9000E+01  3.3800E+02  0.0000E+00  2.3540E+00  0.0000E+00  0.0000E+00  3.0000E+00  0.0000E+00  2.3232E+00  9.3988E-01  3.9210E+01  2.4762E+00 -3.7818E-01 -7.6560E-02  2.3540E+00  1.6425E+00  7.1152E-01 -2.1223E-01
  1.9000E+01  3.4000E+02  0.0000E+00  2.6180E+00  0.0000E+00  0.0000E+00  3.0000E+00  0.0000E+00  2.3232E+00  9.3988E-01  3.9210E+01  2.3836E+00  7.4661E-01  1.0395E+00  2.6180E+00  1.6301E+00  9.8785E-01  1.4385E+00
  1.9000E+01  3.4400E+02  0.0000E+00  2.1600E+00  0.0000E+00  0.0000E+00  3.0000E+00  0.0000E+00  2.3232E+00  9.3988E-01  3.9210E+01  2.1659E+00 -2.0140E-02  4.1456E-01  2.1600E+00  1.2804E+00  8.7959E-01  5.1330E-01
  1.9000E+01  3.4800E+02  0.0000E+00  1.6340E+00  0.0000E+00  0.0000E+00  3.0000E+00  0.0000E+00  2.3232E+00  9.3988E-01  3.9210E+01  1.9679E+00 -1.2182E+00 -6.6196E-01  1.6340E+00  9.8947E-01  6.4453E-01 -1.1369E+00
  1.9000E+01  3.6000E+02  0.0000E+00  1.7640E+00  0.0000E+00  0.0000E+00  3.0000E+00  0.0000E+00  2.3232E+00  9.3988E-01  3.9210E+01  1.4760E+00  1.2493E+00  2.0546E+00  1.7640E+00  4.5625E-01  1.3077E+00  3.1103E+00
  2.0000E+01  0.0000E+00  1.0000E+02  0.0000E+00  1.0000E+00  1.0000E+00  1.0000E+00  0.0000E+00  5.5364E-01  5.4549E+00  6.2638E+01  0.0000E+00  0.0000E+00  0.0000E+00  0.0000E+00  0.0000E+00  0.0000E+00  0.0000E+00
  2.0000E+01  5.0000E-01  0.0000E+00  5.1400E-01  0.0000E+00  0.0000E+00  1.0000E+00  0.0000E+00  5.5364E-01  5.4549E+00  6.2638E+01  3.7738E-01  8.3501E-01  6.1279E-01  5.1400E-01  8.3210E-01 -3.1810E-01  6.3032E-01
  2.0000E+01  1.0000E+00  0.0000E+00  1.0100E+00  0.0000E+00  0.0000E+00  1.0000E+00  0.0000E+00  5.5364E-01  5.4549E+00  6.2638E+01  6.4743E-01  2.0810E+00  1.7242E+00  1.0100E+00  1.2887E+00 -2.7871E-01  1.3100E+00
  2.0000E+01  2.0000E+00  0.0000E+00  1.4460E+00  0.0000E+00  0.0000E+00  1.0000E+00  0.0000E+00  5.5364E-01  5.4549E+00  6.2638E+01  9.6561E-01  2.4972E+00  2.0363E+00  1.4460E+00  1.6424E+00 -1.9644E-01  1.3994E+00
  2.0000E+01  4.0000E+00  0.0000E+00  1.2060E+00  0.0000E+00  0.0000E+00  1.0000E+00  0.0000E+00  5.5364E-01  5.4549E+00  6.2638E+01  1.1304E+00  3.7143E-01 -4.1170E-02  1.2060E+00  1.6301E+00 -4.2412E-01 -4.6081E-02
  2.0000E+01  8.0000E+00  0.0000E+00  8.6800E-01  0.0000E+00  0.0000E+00  1.0000E+00  0.0000E+00  5.5364E-01  5.4549E+00  6.2638E+01  9.2130E-01 -2.8120E-01 -5.5773E-01  8.6800E-01  1.2804E+00 -4.1238E-01 -3.4792E-01
  2.0000E+01  1.2000E+01  0.0000E+00  6.6600E-01  0.0000E+00  0.0000E+00  1.0000E+00  0.0000E+00  5.5364E-01  5.4549E+00  6.2638E+01  6.6378E-01  1.2673E-02 -2.1576E-01  6.6600E-01  9.8945E-01 -3.2345E-01 -1.4851E-01
  2.0000E+01  2.4000E+01  0.0000E+00  2.5000E-01  0.0000E+00  0.0000E+00  1.0000E+00  1.0000E+00  5.5364E-01  5.4549E+00  6.2638E+01  2.3430E-01  9.8040E-02 -3.8375E-02  2.5000E-01  4.5625E-01 -2.0625E-01 -1.5132E-01
  2.0000E+01  1.6800E+02  1.0000E+02  0.0000E+00  1.0000E+00  1.0000E+00  2.0000E+00  0.0000E+00  5.5364E-01  5.4549E+00  6.2638E+01  8.3860E-07 -5.3119E-06  0.0000E+00  0.0000E+00  4.2154E-05  0.0000E+00  0.0000E+00
  2.0000E+01  1.6850E+02  0.0000E+00  2.5000E-01  0.0000E+00  0.0000E+00  2.0000E+00  1.0000E+00  5.5364E-01  5.4549E+00  6.2638E+01  3.7738E-01 -7.7858E-01 -1.0008E+00  2.5000E-01  8.3214E-01 -5.8214E-01 -7.9635E-01
  2.0000E+01  1.6900E+02  0.0000E+00  6.5100E-01  0.0000E+00  0.0000E+00  2.0000E+00  0.0000E+00  5.5364E-01  5.4549E+00  6.2638E+01  6.4743E-01  2.0475E-02 -3.3632E-01  6.5100E-01  1.2887E+00 -6.3775E-01 -3.3991E-01
  2.0000E+01  1.7000E+02  0.0000E+00  8.4600E-01  0.0000E+00  0.0000E+00  2.0000E+00  0.0000E+00  5.5364E-01  5.4549E+00  6.2638E+01  9.6561E-01 -6.2178E-01 -1.0827E+00  8.4600E-01  1.6425E+00 -7.9648E-01 -1.0347E+00
  2.0000E+01  1.7200E+02  0.0000E+00  1.2760E+00  0.0000E+00  0.0000E+00  2.0000E+00  0.0000E+00  5.5364E-01  5.4549E+00  6.2638E+01  1.1304E+00  7.1512E-01  3.0252E-01  1.2760E+00  1.6301E+00 -3.5415E-01  2.3967E-01
  2.0000E+01  1.7600E+02  0.0000E+00  1.0090E+00  0.0000E+00  0.0000E+00  2.0000E+00  0.0000E+00  5.5364E-01  5.4549E+00  6.2638E+01  9.2130E-01  4.6272E-01  1.8619E-01  1.0090E+00  1.2804E+00 -2.7141E-01  3.0301E-01
  2.0000E+01  1.8000E+02  0.0000E+00  6.8900E-01  0.0000E+00  0.0000E+00  2.0000E+00  0.0000E+00  5.5364E-01  5.4549E+00  6.2638E+01  6.6378E-01  1.4408E-01 -8.4354E-02  6.8900E-01  9.8947E-01 -3.0047E-01 -3.0978E-02
  2.0000E+01  1.9200E+02  0.0000E+00  2.5000E-01  0.0000E+00  0.0000E+00  2.0000E+00  1.0000E+00  5.5364E-01  5.4549E+00  6.2638E+01  2.3430E-01  9.8040E-02 -3.8376E-02  2.5000E-01  4.5625E-01 -2.0625E-01 -1.5128E-01
  2.0000E+01  3.3600E+02  1.0000E+02  0.0000E+00  1.0000E+00  1.0000E+00  3.0000E+00  0.0000E+00  5.5364E-01  5.4549E+00  6.2638E+01  8.3860E-07 -5.3120E-06  0.0000E+00  0.0000E+00  4.2155E-05  0.0000E+00  0.0000E+00
  2.0000E+01  3.3650E+02  0.0000E+00  2.5000E-01  0.0000E+00  0.0000E+00  3.0000E+00  1.0000E+00  5.5364E-01  5.4549E+00  6.2638E+01  3.7738E-01 -7.7858E-01 -1.0008E+00  2.5000E-01  8.3214E-01 -5.8214E-01 -7.9635E-01
  2.0000E+01  3.3700E+02  0.0000E+00  2.5000E-01  0.0000E+00  0.0000E+00  3.0000E+00  1.0000E+00  5.5364E-01  5.4549E+00  6.2638E+01  6.4743E-01 -2.2811E+00 -2.6379E+00  2.5000E-01  1.2887E+00 -1.0387E+00 -2.1829E+00
  2.0000E+01  3.3800E+02  0.0000E+00  2.5000E-01  0.0000E+00  0.0000E+00  3.0000E+00  1.0000E+00  5.5364E-01  5.4549E+00  6.2638E+01  9.6561E-01 -3.7199E+00 -4.1808E+00  2.5000E-01  1.6425E+00 -1.3925E+00 -3.4526E+00
  2.0000E+01  3.4000E+02  0.0000E+00  8.1500E-01  0.0000E+00  0.0000E+00  3.0000E+00  0.0000E+00  5.5364E-01  5.4549E+00  6.2638E+01  1.1304E+00 -1.5483E+00 -1.9609E+00  8.1500E-01  1.6301E+00 -8.1515E-01 -1.6417E+00
  2.0000E+01  3.4400E+02  0.0000E+00  8.8600E-01  0.0000E+00  0.0000E+00  3.0000E+00  0.0000E+00  5.5364E-01  5.4549E+00  6.2638E+01  9.2130E-01 -1.8624E-01 -4.6277E-01  8.8600E-01  1.2804E+00 -3.9441E-01 -2.6476E-01
  2.0000E+01  3.4800E+02  0.0000E+00  6.1300E-01  0.0000E+00  0.0000E+00  3.0000E+00  0.0000E+00  5.5364E-01  5.4549E+00  6.2638E+01  6.6378E-01 -2.9015E-01 -5.1858E-01  6.1300E-01  9.8947E-01 -3.7647E-01 -4.1913E-01
  2.0000E+01  3.6000E+02  0.0000E+00  2.5000E-01  0.0000E+00  0.0000E+00  3.0000E+00  1.0000E+00  5.5364E-01  5.4549E+00  6.2638E+01  2.3430E-01  9.8040E-02 -3.8376E-02  2.5000E-01  4.5625E-01 -2.0625E-01 -1.5128E-01
  2.1000E+01  0.0000E+00  1.0000E+02  0.0000E+00  1.0000E+00  1.0000E+00  1.0000E+00  0.0000E+00  6.5166E-01  1.6930E+00  5.2759E+01  0.0000E+00  0.0000E+00  0.0000E+00  0.0000E+00  0.0000E+00  0.0000E+00  0.0000E+00
  2.1000E+01  5.0000E-01  0.0000E+00  6.8400E-01  0.0000E+00  0.0000E+00  1.0000E+00  0.0000E+00  6.5166E-01  1.6930E+00  5.2759E+01  5.2263E-01  9.5649E-01  6.8044E-01  6.8400E-01  8.3210E-01 -1.4810E-01  7.0505E-01
  2.1000E+01  1.0000E+00  0.0000E+00  8.5700E-01  0.0000E+00  0.0000E+00  1.0000E+00  0.0000E+00  6.5166E-01  1.6930E+00  5.2759E+01  8.9162E-01 -1.8443E-01 -5.7501E-01  8.5700E-01  1.2887E+00 -4.3171E-01 -4.8558E-01
  2.1000E+01  2.0000E+00  0.0000E+00  1.4780E+00  0.0000E+00  0.0000E+00  1.0000E+00  0.0000E+00  6.5166E-01  1.6930E+00  5.2759E+01  1.3281E+00  6.8551E-01  2.9466E-01  1.4780E+00  1.6424E+00 -1.6444E-01  2.3009E-01
  2.1000E+01  4.0000E+00  0.0000E+00  1.5990E+00  0.0000E+00  0.0000E+00  1.0000E+00  0.0000E+00  6.5166E-01  1.6930E+00  5.2759E+01  1.6064E+00 -3.0433E-02 -2.1071E-01  1.5990E+00  1.6301E+00 -3.1117E-02 -1.6857E-01
  2.1000E+01  8.0000E+00  0.0000E+00  1.2650E+00  0.0000E+00  0.0000E+00  1.0000E+00  0.0000E+00  6.5166E-01  1.6930E+00  5.2759E+01  1.5314E+00 -1.1326E+00 -1.0393E+00  1.2650E+00  1.2804E+00 -1.5385E-02 -1.1475E+00
  2.1000E+01  1.2000E+01  0.0000E+00  1.1390E+00  0.0000E+00  0.0000E+00  1.0000E+00  0.0000E+00  6.5166E-01  1.6930E+00  5.2759E+01  1.3556E+00 -9.8130E-01 -7.6566E-01  1.1390E+00  9.8945E-01  1.4955E-01 -9.8515E-01
  2.1000E+01  2.4000E+01  0.0000E+00  9.5600E-01  0.0000E+00  0.0000E+00  1.0000E+00  0.0000E+00  6.5166E-01  1.6930E+00  5.2759E+01  9.2293E-01  1.7439E-01  5.6274E-01  9.5600E-01  4.5625E-01  4.9975E-01  6.7404E-01
  2.1000E+01  1.6800E+02  1.0000E+02  0.0000E+00  1.0000E+00  1.0000E+00  2.0000E+00  0.0000E+00  6.5166E-01  1.6930E+00  5.2759E+01  9.0857E-03 -5.7551E-02  0.0000E+00  0.0000E+00  4.2154E-05  0.0000E+00  0.0000E+00
  2.1000E+01  1.6850E+02  0.0000E+00  6.1400E-01  0.0000E+00  0.0000E+00  2.0000E+00  0.0000E+00  6.5166E-01  1.6930E+00  5.2759E+01  5.3157E-01  4.8753E-01  2.4385E-01  6.1400E-01  8.3214E-01 -2.1814E-01  3.2503E-01
  2.1000E+01  1.6900E+02  0.0000E+00  9.1700E-01  0.0000E+00  0.0000E+00  2.0000E+00  0.0000E+00  6.5166E-01  1.6930E+00  5.2759E+01  9.0041E-01  8.8117E-02 -2.7088E-01  9.1700E-01  1.2887E+00 -3.7175E-01 -2.1119E-01
  2.1000E+01  1.7000E+02  0.0000E+00  1.4940E+00  0.0000E+00  0.0000E+00  2.0000E+00  0.0000E+00  6.5166E-01  1.6930E+00  5.2759E+01  1.3367E+00  7.1752E-01  3.5671E-01  1.4940E+00  1.6425E+00 -1.4848E-01  2.9388E-01
  2.1000E+01  1.7200E+02  0.0000E+00  1.6330E+00  0.0000E+00  0.0000E+00  2.0000E+00  0.0000E+00  6.5166E-01  1.6930E+00  5.2759E+01  1.6143E+00  7.7005E-02 -7.5438E-02  1.6330E+00  1.6301E+00  2.8503E-03 -3.0802E-02
  2.1000E+01  1.7600E+02  0.0000E+00  1.6740E+00  0.0000E+00  0.0000E+00  2.0000E+00  0.0000E+00  6.5166E-01  1.6930E+00  5.2759E+01  1.5384E+00  5.7510E-01  6.9344E-01  1.6740E+00  1.2804E+00  3.9359E-01  7.3957E-01
  2.1000E+01  1.8000E+02  0.0000E+00  1.5590E+00  0.0000E+00  0.0000E+00  2.0000E+00  0.0000E+00  6.5166E-01  1.6930E+00  5.2759E+01  1.3618E+00  8.9112E-01  1.1295E+00  1.5590E+00  9.8947E-01  5.6953E-01  1.1591E+00
  2.1000E+01  1.9200E+02  0.0000E+00  9.3000E-01  0.0000E+00  0.0000E+00  2.0000E+00  0.0000E+00  6.5166E-01  1.6930E+00  5.2759E+01  9.2714E-01  1.5086E-02  4.2040E-01  9.3000E-01  4.5625E-01  4.7375E-01  5.1767E-01
  2.1000E+01  3.3600E+02  1.0000E+02  0.0000E+00  1.0000E+00  1.0000E+00  3.0000E+00  0.0000E+00  6.5166E-01  1.6930E+00  5.2759E+01  9.1271E-03 -5.7813E-02  0.0000E+00  0.0000E+00  4.2155E-05  0.0000E+00  0.0000E+00
  2.1000E+01  3.3650E+02  0.0000E+00  2.5000E-01  0.0000E+00  0.0000E+00  3.0000E+00  1.0000E+00  6.5166E-01  1.6930E+00  5.2759E+01  5.3161E-01 -1.6656E+00 -1.9090E+00  2.5000E-01  8.3214E-01 -5.8214E-01 -1.6422E+00
  2.1000E+01  3.3700E+02  0.0000E+00  6.5800E-01  0.0000E+00  0.0000E+00  3.0000E+00  0.0000E+00  6.5166E-01  1.6930E+00  5.2759E+01  9.0045E-01 -1.2881E+00 -1.6468E+00  6.5800E-01  1.2887E+00 -6.3075E-01 -1.4015E+00
  2.1000E+01  3.3800E+02  0.0000E+00  1.2820E+00  0.0000E+00  0.0000E+00  3.0000E+00  0.0000E+00  6.5166E-01  1.6930E+00  5.2759E+01  1.3367E+00 -2.4951E-01 -6.1005E-01  1.2820E+00  1.6425E+00 -3.6048E-01 -5.6618E-01
  2.1000E+01  3.4000E+02  0.0000E+00  1.6670E+00  0.0000E+00  0.0000E+00  3.0000E+00  0.0000E+00  6.5166E-01  1.6930E+00  5.2759E+01  1.6144E+00  2.1719E-01  6.4997E-02  1.6670E+00  1.6301E+00  3.6850E-02  1.0796E-01
  2.1000E+01  3.4400E+02  0.0000E+00  1.6470E+00  0.0000E+00  0.0000E+00  3.0000E+00  0.0000E+00  6.5166E-01  1.6930E+00  5.2759E+01  1.5384E+00  4.6045E-01  5.7901E-01  1.6470E+00  1.2804E+00  3.6659E-01  6.1494E-01
  2.1000E+01  3.4800E+02  0.0000E+00  1.3740E+00  0.0000E+00  0.0000E+00  3.0000E+00  0.0000E+00  6.5166E-01  1.6930E+00  5.2759E+01  1.3619E+00  5.4888E-02  2.9350E-01  1.3740E+00  9.8947E-01  3.8453E-01  2.1428E-01
  2.1000E+01  3.6000E+02  0.0000E+00  1.0590E+00  0.0000E+00  0.0000E+00  3.0000E+00  0.0000E+00  6.5166E-01  1.6930E+00  5.2759E+01  9.2715E-01  6.9428E-01  1.0997E+00  1.0590E+00  4.5625E-01  6.0275E-01  1.2912E+00
  2.2000E+01  0.0000E+00  1.0000E+02  0.0000E+00  1.0000E+00  1.0000E+00  1.0000E+00  0.0000E+00  8.8805E-01  5.4312E+00  4.8834E+01  0.0000E+00  0.0000E+00  0.0000E+00  0.0000E+00  0.0000E+00  0.0000E+00  0.0000E+00
  2.2000E+01  5.0000E-01  0.0000E+00  5.9600E-01  0.0000E+00  0.0000E+00  1.0000E+00  0.0000E+00  8.8805E-01  5.4312E+00  4.8834E+01  7.1272E-01 -6.5757E-01 -7.7899E-01  5.9600E-01  8.3210E-01 -2.3610E-01 -7.1138E-01
  2.2000E+01  1.0000E+00  0.0000E+00  9.7700E-01  0.0000E+00  0.0000E+00  1.0000E+00  0.0000E+00  8.8805E-01  5.4312E+00  4.8834E+01  1.1313E+00 -7.5752E-01 -9.1382E-01  9.7700E-01  1.2887E+00 -3.1171E-01 -8.0149E-01
  2.2000E+01  2.0000E+00  0.0000E+00  1.5530E+00  0.0000E+00  0.0000E+00  1.0000E+00  0.0000E+00  8.8805E-01  5.4312E+00  4.8834E+01  1.4778E+00  3.2615E-01  1.7635E-01  1.5530E+00  1.6424E+00 -8.9438E-02  2.3722E-01
  2.2000E+01  4.0000E+00  0.0000E+00  1.7210E+00  0.0000E+00  0.0000E+00  1.0000E+00  0.0000E+00  8.8805E-01  5.4312E+00  4.8834E+01  1.4332E+00  1.2676E+00  1.1109E+00  1.7210E+00  1.6301E+00  9.0883E-02  1.0629E+00
  2.2000E+01  8.0000E+00  0.0000E+00  9.3800E-01  0.0000E+00  0.0000E+00  1.0000E+00  0.0000E+00  8.8805E-01  5.4312E+00  4.8834E+01  9.5964E-01 -1.1273E-01 -3.7269E-01  9.3800E-01  1.2804E+00 -3.4238E-01 -4.5889E-01
  2.2000E+01  1.2000E+01  0.0000E+00  6.7000E-01  0.0000E+00  0.0000E+00  1.0000E+00  0.0000E+00  8.8805E-01  5.4312E+00  4.8834E+01  6.1622E-01  3.1131E-01  1.7941E-02  6.7000E-01  9.8945E-01 -3.1945E-01 -1.8243E-01
  2.2000E+01  2.4000E+01  0.0000E+00  2.5000E-01  0.0000E+00  0.0000E+00  1.0000E+00  1.0000E+00  8.8805E-01  5.4312E+00  4.8834E+01  1.6224E-01  5.5212E-01  3.7454E-01  2.5000E-01  4.5625E-01 -2.0625E-01  3.5715E-01
  2.2000E+01  1.6800E+02  1.0000E+02  0.0000E+00  1.0000E+00  1.0000E+00  2.0000E+00  0.0000E+00  8.8805E-01  5.4312E+00  4.8834E+01  1.7981E-08 -1.1390E-07  0.0000E+00  0.0000E+00  4.2154E-05  0.0000E+00  0.0000E+00
  2.2000E+01  1.6850E+02  0.0000E+00  2.5000E-01  0.0000E+00  0.0000E+00  2.0000E+00  1.0000E+00  8.8805E-01  5.4312E+00  4.8834E+01  7.1272E-01 -2.6069E+00 -2.7283E+00  2.5000E-01  8.3214E-01 -5.8214E-01 -2.5807E+00
  2.2000E+01  1.6900E+02  0.0000E+00  1.3120E+00  0.0000E+00  0.0000E+00  2.0000E+00  0.0000E+00  8.8805E-01  5.4312E+00  4.8834E+01  1.1313E+00  8.8672E-01  7.3042E-01  1.3120E+00  1.2887E+00  2.3255E-02  7.3869E-01
  2.2000E+01  1.7000E+02  0.0000E+00  1.4620E+00  0.0000E+00  0.0000E+00  2.0000E+00  0.0000E+00  8.8805E-01  5.4312E+00  4.8834E+01  1.4778E+00 -6.8295E-02 -2.1809E-01  1.4620E+00  1.6425E+00 -1.8048E-01 -1.3152E-01
  2.2000E+01  1.7200E+02  0.0000E+00  1.3570E+00  0.0000E+00  0.0000E+00  2.0000E+00  0.0000E+00  8.8805E-01  5.4312E+00  4.8834E+01  1.4332E+00 -3.3573E-01 -4.9235E-01  1.3570E+00  1.6301E+00 -2.7315E-01 -4.2232E-01
  2.2000E+01  1.7600E+02  0.0000E+00  8.1300E-01  0.0000E+00  0.0000E+00  2.0000E+00  0.0000E+00  8.8805E-01  5.4312E+00  4.8834E+01  9.5964E-01 -7.6383E-01 -1.0238E+00  8.1300E-01  1.2804E+00 -4.6741E-01 -1.0355E+00
  2.2000E+01  1.8000E+02  0.0000E+00  2.5000E-01  0.0000E+00  0.0000E+00  2.0000E+00  1.0000E+00  8.8805E-01  5.4312E+00  4.8834E+01  6.1622E-01 -2.1199E+00 -2.4133E+00  2.5000E-01  9.8947E-01 -7.3947E-01 -2.3272E+00
  2.2000E+01  1.9200E+02  0.0000E+00  2.5000E-01  0.0000E+00  0.0000E+00  2.0000E+00  1.0000E+00  8.8805E-01  5.4312E+00  4.8834E+01  1.6224E-01  5.5212E-01  3.7454E-01  2.5000E-01  4.5625E-01 -2.0625E-01  3.5735E-01
  2.2000E+01  3.3600E+02  1.0000E+02  0.0000E+00  1.0000E+00  1.0000E+00  3.0000E+00  0.0000E+00  8.8805E-01  5.4312E+00  4.8834E+01  1.7981E-08 -1.1390E-07  0.0000E+00  0.0000E+00  4.2155E-05  0.0000E+00  0.0000E+00
  2.2000E+01  3.3650E+02  0.0000E+00  8.4800E-01  0.0000E+00  0.0000E+00  3.0000E+00  0.0000E+00  8.8805E-01  5.4312E+00  4.8834E+01  7.1272E-01  7.6215E-01  6.4073E-01  8.4800E-01  8.3214E-01  1.5861E-02  6.5122E-01
  2.2000E+01  3.3700E+02  0.0000E+00  1.4140E+00  0.0000E+00  0.0000E+00  3.0000E+00  0.0000E+00  8.8805E-01  5.4312E+00  4.8834E+01  1.1313E+00  1.3873E+00  1.2311E+00  1.4140E+00  1.2887E+00  1.2525E-01  1.2075E+00
  2.2000E+01  3.3800E+02  0.0000E+00  1.4530E+00  0.0000E+00  0.0000E+00  3.0000E+00  0.0000E+00  8.8805E-01  5.4312E+00  4.8834E+01  1.4778E+00 -1.0731E-01 -2.5710E-01  1.4530E+00  1.6425E+00 -1.8948E-01 -1.6803E-01
  2.2000E+01  3.4000E+02  0.0000E+00  1.4940E+00  0.0000E+00  0.0000E+00  3.0000E+00  0.0000E+00  8.8805E-01  5.4312E+00  4.8834E+01  1.4332E+00  2.6770E-01  1.1108E-01  1.4940E+00  1.6301E+00 -1.3615E-01  1.3680E-01
  2.2000E+01  3.4400E+02  0.0000E+00  9.7300E-01  0.0000E+00  0.0000E+00  3.0000E+00  0.0000E+00  8.8805E-01  5.4312E+00  4.8834E+01  9.5964E-01  6.9576E-02 -1.9038E-01  9.7300E-01  1.2804E+00 -3.0741E-01 -2.9696E-01
  2.2000E+01  3.4800E+02  0.0000E+00  7.2400E-01  0.0000E+00  0.0000E+00  3.0000E+00  0.0000E+00  8.8805E-01  5.4312E+00  4.8834E+01  6.1622E-01  6.2389E-01  3.3052E-01  7.2400E-01  9.8947E-01 -2.6547E-01  9.3688E-02
  2.2000E+01  3.6000E+02  0.0000E+00  2.5000E-01  0.0000E+00  0.0000E+00  3.0000E+00  1.0000E+00  8.8805E-01  5.4312E+00  4.8834E+01  1.6224E-01  5.5212E-01  3.7454E-01  2.5000E-01  4.5625E-01 -2.0625E-01  3.5735E-01
  2.3000E+01  0.0000E+00  1.0000E+02  0.0000E+00  1.0000E+00  1.0000E+00  1.0000E+00  0.0000E+00  1.1730E+00  1.3817E+00  5.5731E+01  0.0000E+00  0.0000E+00  0.0000E+00  0.0000E+00  0.0000E+00  0.0000E+00  0.0000E+00
  2.3000E+01  5.0000E-01  0.0000E+00  9.0100E-01  0.0000E+00  0.0000E+00  1.0000E+00  0.0000E+00  1.1730E+00  1.3817E+00  5.5731E+01  7.9080E-01  6.0637E-01  5.5009E-01  9.0100E-01  8.3210E-01  6.8902E-02  4.7197E-01
  2.3000E+01  1.0000E+00  0.0000E+00  1.0730E+00  0.0000E+00  0.0000E+00  1.0000E+00  0.0000E+00  1.1730E+00  1.3817E+00  5.5731E+01  1.2210E+00 -7.0344E-01 -8.3424E-01  1.0730E+00  1.2887E+00 -2.1571E-01 -8.0055E-01
  2.3000E+01  2.0000E+00  0.0000E+00  1.5840E+00  0.0000E+00  0.0000E+00  1.0000E+00  0.0000E+00  1.1730E+00  1.3817E+00  5.5731E+01  1.5689E+00  6.3415E-02 -1.5841E-01  1.5840E+00  1.6424E+00 -5.8438E-02 -4.0584E-02
  2.3000E+01  4.0000E+00  0.0000E+00  1.7470E+00  0.0000E+00  0.0000E+00  1.0000E+00  0.0000E+00  1.1730E+00  1.3817E+00  5.5731E+01  1.6432E+00  4.2399E-01  2.0574E-01  1.7470E+00  1.6301E+00  1.1688E-01  3.2649E-01
  2.3000E+01  8.0000E+00  0.0000E+00  1.6440E+00  0.0000E+00  0.0000E+00  1.0000E+00  0.0000E+00  1.1730E+00  1.3817E+00  5.5731E+01  1.5031E+00  6.0501E-01  5.6158E-01  1.6440E+00  1.2804E+00  3.6362E-01  5.4073E-01
  2.3000E+01  1.2000E+01  0.0000E+00  1.3320E+00  0.0000E+00  0.0000E+00  1.0000E+00  0.0000E+00  1.1730E+00  1.3817E+00  5.5731E+01  1.3614E+00 -1.3272E-01 -1.0364E-02  1.3320E+00  9.8945E-01  3.4255E-01 -1.7610E-01
  2.3000E+01  2.4000E+01  0.0000E+00  1.2860E+00  0.0000E+00  0.0000E+00  1.0000E+00  0.0000E+00  1.1730E+00  1.3817E+00  5.5731E+01  1.0110E+00  1.4074E+00  1.8784E+00  1.2860E+00  4.5625E-01  8.2975E-01  2.3252E+00
  2.3000E+01  1.6800E+02  1.0000E+02  0.0000E+00  1.0000E+00  1.0000E+00  2.0000E+00  0.0000E+00  1.1730E+00  1.3817E+00  5.5731E+01  2.8460E-02 -1.8024E-01  0.0000E+00  0.0000E+00  4.2154E-05  0.0000E+00  0.0000E+00
  2.3000E+01  1.6850E+02  0.0000E+00  1.0340E+00  0.0000E+00  0.0000E+00  2.0000E+00  0.0000E+00  1.1730E+00  1.3817E+00  5.5731E+01  8.1891E-01  1.1732E+00  1.2602E+00  1.0340E+00  8.3214E-01  2.0186E-01  1.1888E+00
  2.3000E+01  1.6900E+02  0.0000E+00  1.0440E+00  0.0000E+00  0.0000E+00  2.0000E+00  0.0000E+00  1.1730E+00  1.3817E+00  5.5731E+01  1.2487E+00 -9.6368E-01 -9.5773E-01  1.0440E+00  1.2887E+00 -2.4475E-01 -9.3537E-01
  2.3000E+01  1.7000E+02  0.0000E+00  1.8890E+00  0.0000E+00  0.0000E+00  2.0000E+00  0.0000E+00  1.1730E+00  1.3817E+00  5.5731E+01  1.5960E+00  1.2175E+00  1.1254E+00  1.8890E+00  1.6425E+00  2.4652E-01  1.1955E+00
  2.3000E+01  1.7200E+02  0.0000E+00  1.6700E+00  0.0000E+00  0.0000E+00  2.0000E+00  0.0000E+00  1.1730E+00  1.3817E+00  5.5731E+01  1.6690E+00  4.0931E-03 -9.0034E-02  1.6700E+00  1.6301E+00  3.9850E-02  1.1115E-02
  2.3000E+01  1.7600E+02  0.0000E+00  1.6000E+00  0.0000E+00  0.0000E+00  2.0000E+00  0.0000E+00  1.1730E+00  1.3817E+00  5.5731E+01  1.5265E+00  3.1314E-01  3.8623E-01  1.6000E+00  1.2804E+00  3.1959E-01  3.3659E-01
  2.3000E+01  1.8000E+02  0.0000E+00  1.2530E+00  0.0000E+00  0.0000E+00  2.0000E+00  0.0000E+00  1.1730E+00  1.3817E+00  5.5731E+01  1.3825E+00 -5.8092E-01 -3.4923E-01  1.2530E+00  9.8947E-01  2.6353E-01 -5.8048E-01
  2.3000E+01  1.9200E+02  0.0000E+00  1.0420E+00  0.0000E+00  0.0000E+00  2.0000E+00  0.0000E+00  1.1730E+00  1.3817E+00  5.5731E+01  1.0267E+00  7.7754E-02  6.3825E-01  1.0420E+00  4.5625E-01  5.8575E-01  8.6161E-01
  2.3000E+01  3.3600E+02  1.0000E+02  0.0000E+00  1.0000E+00  1.0000E+00  3.0000E+00  0.0000E+00  1.1730E+00  1.3817E+00  5.5731E+01  2.8902E-02 -1.8304E-01  0.0000E+00  0.0000E+00  4.2155E-05  0.0000E+00  0.0000E+00
  2.3000E+01  3.3650E+02  0.0000E+00  7.6900E-01  0.0000E+00  0.0000E+00  3.0000E+00  0.0000E+00  1.1730E+00  1.3817E+00  5.5731E+01  8.1935E-01 -2.7457E-01 -1.8295E-01  7.6900E-01  8.3214E-01 -6.3139E-02 -2.4336E-01
  2.3000E+01  3.3700E+02  0.0000E+00  1.2090E+00  0.0000E+00  0.0000E+00  3.0000E+00  0.0000E+00  1.1730E+00  1.3817E+00  5.5731E+01  1.2492E+00 -1.8900E-01 -1.7871E-01  1.2090E+00  1.2887E+00 -7.9745E-02 -1.7704E-01
  2.3000E+01  3.3800E+02  0.0000E+00  1.6280E+00  0.0000E+00  0.0000E+00  3.0000E+00  0.0000E+00  1.1730E+00  1.3817E+00  5.5731E+01  1.5964E+00  1.3132E-01  4.3358E-02  1.6280E+00  1.6425E+00 -1.4475E-02  1.3666E-01
  2.3000E+01  3.4000E+02  0.0000E+00  1.3160E+00  0.0000E+00  0.0000E+00  3.0000E+00  0.0000E+00  1.1730E+00  1.3817E+00  5.5731E+01  1.6694E+00 -1.4304E+00 -1.5206E+00  1.3160E+00  1.6301E+00 -3.1415E-01 -1.4336E+00
  2.3000E+01  3.4400E+02  0.0000E+00  1.2550E+00  0.0000E+00  0.0000E+00  3.0000E+00  0.0000E+00  1.1730E+00  1.3817E+00  5.5731E+01  1.5268E+00 -1.1577E+00 -1.0810E+00  1.2550E+00  1.2804E+00 -2.5410E-02 -1.2559E+00
  2.3000E+01  3.4800E+02  0.0000E+00  1.4580E+00  0.0000E+00  0.0000E+00  3.0000E+00  0.0000E+00  1.1730E+00  1.3817E+00  5.5731E+01  1.3828E+00  3.3718E-01  5.7223E-01  1.4580E+00  9.8947E-01  4.6853E-01  4.6652E-01
  2.3000E+01  3.6000E+02  0.0000E+00  1.0760E+00  0.0000E+00  0.0000E+00  3.0000E+00  0.0000E+00  1.1730E+00  1.3817E+00  5.5731E+01  1.0270E+00  2.4958E-01  8.1275E-01  1.0760E+00  4.5625E-01  6.1975E-01  1.0655E+00
  2.4000E+01  0.0000E+00  1.0000E+02  0.0000E+00  1.0000E+00  1.0000E+00  1.0000E+00  0.0000E+00  9.1593E-01  3.5317E+00  7.4738E+01  0.0000E+00  0.0000E+00  0.0000E+00  0.0000E+00  0.0000E+00  0.0000E+00  0.0000E+00
  2.4000E+01  5.0000E-01  0.0000E+00  5.6900E-01  0.0000E+00  0.0000E+00  1.0000E+00  0.0000E+00  9.1593E-01  3.5317E+00  7.4738E+01  4.8543E-01  4.9965E-01  2.6872E-01  5.6900E-01  8.3210E-01 -2.6310E-01  2.7165E-01
  2.4000E+01  1.0000E+00  0.0000E+00  1.0270E+00  0.0000E+00  0.0000E+00  1.0000E+00  0.0000E+00  9.1593E-01  3.5317E+00  7.4738E+01  7.8116E-01  1.3568E+00  9.7188E-01  1.0270E+00  1.2887E+00 -2.6171E-01  7.9951E-01
  2.4000E+01  2.0000E+00  0.0000E+00  9.8800E-01  0.0000E+00  0.0000E+00  1.0000E+00  0.0000E+00  9.1593E-01  3.5317E+00  7.4738E+01  1.0577E+00 -3.5094E-01 -8.8353E-01  9.8800E-01  1.6424E+00 -6.5444E-01 -7.5311E-01
  2.4000E+01  4.0000E+00  0.0000E+00  1.0860E+00  0.0000E+00  0.0000E+00  1.0000E+00  0.0000E+00  9.1593E-01  3.5317E+00  7.4738E+01  1.1316E+00 -2.2401E-01 -7.6844E-01  1.0860E+00  1.6301E+00 -5.4412E-01 -6.3641E-01
  2.4000E+01  8.0000E+00  0.0000E+00  8.6400E-01  0.0000E+00  0.0000E+00  1.0000E+00  0.0000E+00  9.1593E-01  3.5317E+00  7.4738E+01  9.6575E-01 -5.2892E-01 -8.7489E-01  8.6400E-01  1.2804E+00 -4.1638E-01 -7.1270E-01
  2.4000E+01  1.2000E+01  0.0000E+00  8.6900E-01  0.0000E+00  0.0000E+00  1.0000E+00  0.0000E+00  9.1593E-01  3.5317E+00  7.4738E+01  8.0017E-01  3.7766E-01  2.1285E-01  8.6900E-01  9.8945E-01 -1.2045E-01  2.7161E-01
  2.4000E+01  2.4000E+01  0.0000E+00  2.5000E-01  0.0000E+00  0.0000E+00  1.0000E+00  1.0000E+00  9.1593E-01  3.5317E+00  7.4738E+01  4.5386E-01 -1.2273E+00 -1.0965E+00  2.5000E-01  4.5625E-01 -2.0625E-01 -1.0362E+00
  2.4000E+01  1.6800E+02  1.0000E+02  0.0000E+00  1.0000E+00  1.0000E+00  2.0000E+00  0.0000E+00  9.1593E-01  3.5317E+00  7.4738E+01  5.0313E-04 -3.1870E-03  0.0000E+00  0.0000E+00  4.2154E-05  0.0000E+00  0.0000E+00
  2.4000E+01  1.6850E+02  0.0000E+00  2.5000E-01  0.0000E+00  0.0000E+00  2.0000E+00  1.0000E+00  9.1593E-01  3.5317E+00  7.4738E+01  4.8592E-01 -1.4103E+00 -1.6382E+00  2.5000E-01  8.3214E-01 -5.8214E-01 -1.4528E+00
  2.4000E+01  1.6900E+02  0.0000E+00  9.5900E-01  0.0000E+00  0.0000E+00  2.0000E+00  0.0000E+00  9.1593E-01  3.5317E+00  7.4738E+01  7.8164E-01  9.7871E-01  5.9673E-01  9.5900E-01  1.2887E+00 -3.2975E-01  4.8660E-01
  2.4000E+01  1.7000E+02  0.0000E+00  1.0480E+00  0.0000E+00  0.0000E+00  2.0000E+00  0.0000E+00  9.1593E-01  3.5317E+00  7.4738E+01  1.0581E+00 -5.1043E-02 -5.8092E-01  1.0480E+00  1.6425E+00 -5.9448E-01 -5.0998E-01
  2.4000E+01  1.7200E+02  0.0000E+00  8.4400E-01  0.0000E+00  0.0000E+00  2.0000E+00  0.0000E+00  9.1593E-01  3.5317E+00  7.4738E+01  1.1321E+00 -1.4135E+00 -1.9554E+00  8.4400E-01  1.6301E+00 -7.8615E-01 -1.6243E+00
  2.4000E+01  1.7600E+02  0.0000E+00  7.8700E-01  0.0000E+00  0.0000E+00  2.0000E+00  0.0000E+00  9.1593E-01  3.5317E+00  7.4738E+01  9.6610E-01 -9.3085E-01 -1.2747E+00  7.8700E-01  1.2804E+00 -4.9341E-01 -1.0684E+00
  2.4000E+01  1.8000E+02  0.0000E+00  6.8800E-01  0.0000E+00  0.0000E+00  2.0000E+00  0.0000E+00  9.1593E-01  3.5317E+00  7.4738E+01  8.0045E-01 -6.1691E-01 -7.7986E-01  6.8800E-01  9.8947E-01 -3.0147E-01 -6.5303E-01
  2.4000E+01  1.9200E+02  0.0000E+00  5.1700E-01  0.0000E+00  0.0000E+00  2.0000E+00  0.0000E+00  9.1593E-01  3.5317E+00  7.4738E+01  4.5402E-01  3.7912E-01  5.1110E-01  5.1700E-01  4.5625E-01  6.0745E-02  5.6469E-01
  2.4000E+01  3.3600E+02  1.0000E+02  0.0000E+00  1.0000E+00  1.0000E+00  3.0000E+00  0.0000E+00  9.1593E-01  3.5317E+00  7.4738E+01  5.0330E-04 -3.1881E-03  0.0000E+00  0.0000E+00  4.2155E-05  0.0000E+00  0.0000E+00
  2.4000E+01  3.3650E+02  0.0000E+00  2.5000E-01  0.0000E+00  0.0000E+00  3.0000E+00  1.0000E+00  9.1593E-01  3.5317E+00  7.4738E+01  4.8592E-01 -1.4103E+00 -1.6382E+00  2.5000E-01  8.3214E-01 -5.8214E-01 -1.4528E+00
  2.4000E+01  3.3700E+02  0.0000E+00  7.9000E-01  0.0000E+00  0.0000E+00  3.0000E+00  0.0000E+00  9.1593E-01  3.5317E+00  7.4738E+01  7.8164E-01  4.6141E-02 -3.3584E-01  7.9000E-01  1.2887E+00 -4.9875E-01 -2.9011E-01
  2.4000E+01  3.3800E+02  0.0000E+00  1.0340E+00  0.0000E+00  0.0000E+00  3.0000E+00  0.0000E+00  9.1593E-01  3.5317E+00  7.4738E+01  1.0581E+00 -1.2155E-01 -6.5142E-01  1.0340E+00  1.6425E+00 -6.0848E-01 -5.6677E-01
  2.4000E+01  3.4000E+02  0.0000E+00  1.0870E+00  0.0000E+00  0.0000E+00  3.0000E+00  0.0000E+00  9.1593E-01  3.5317E+00  7.4738E+01  1.1321E+00 -2.2112E-01 -7.6306E-01  1.0870E+00  1.6301E+00 -5.4315E-01 -6.3259E-01
  2.4000E+01  3.4400E+02  0.0000E+00  1.1030E+00  0.0000E+00  0.0000E+00  3.0000E+00  0.0000E+00  9.1593E-01  3.5317E+00  7.4738E+01  9.6610E-01  7.1153E-01  3.6771E-01  1.1030E+00  1.2804E+00 -1.7741E-01  3.9030E-01
  2.4000E+01  3.4800E+02  0.0000E+00  8.4000E-01  0.0000E+00  0.0000E+00  3.0000E+00  0.0000E+00  9.1593E-01  3.5317E+00  7.4738E+01  8.0045E-01  2.1696E-01  5.4019E-02  8.4000E-01  9.8947E-01 -1.4947E-01  1.2328E-01
  2.4000E+01  3.6000E+02  0.0000E+00  7.5400E-01  0.0000E+00  0.0000E+00  3.0000E+00  0.0000E+00  9.1593E-01  3.5317E+00  7.4738E+01  4.5402E-01  1.8058E+00  1.9378E+00  7.5400E-01  4.5625E-01  2.9775E-01  1.9858E+00
  2.5000E+01  0.0000E+00  1.0000E+02  0.0000E+00  1.0000E+00  1.0000E+00  1.0000E+00  0.0000E+00  8.9081E-01  5.3476E+00  4.7281E+01  0.0000E+00  0.0000E+00  0.0000E+00  0.0000E+00  0.0000E+00  0.0000E+00  0.0000E+00
  2.5000E+01  5.0000E-01  0.0000E+00  5.6300E-01  0.0000E+00  0.0000E+00  1.0000E+00  0.0000E+00  8.9081E-01  5.3476E+00  4.7281E+01  7.3757E-01 -9.7630E-01 -1.1041E+00  5.6300E-01  8.3210E-01 -2.6910E-01 -1.0216E+00
  2.5000E+01  1.0000E+00  0.0000E+00  1.2360E+00  0.0000E+00  0.0000E+00  1.0000E+00  0.0000E+00  8.9081E-01  5.3476E+00  4.7281E+01  1.1695E+00  3.2210E-01  1.7168E-01  1.2360E+00  1.2887E+00 -5.2706E-02  2.3057E-01
  2.5000E+01  2.0000E+00  0.0000E+00  1.5150E+00  0.0000E+00  0.0000E+00  1.0000E+00  0.0000E+00  8.9081E-01  5.3476E+00  4.7281E+01  1.5243E+00 -3.9556E-02 -1.5895E-01  1.5150E+00  1.6424E+00 -1.2744E-01 -6.8281E-02
  2.5000E+01  4.0000E+00  0.0000E+00  1.2270E+00  0.0000E+00  0.0000E+00  1.0000E+00  0.0000E+00  8.9081E-01  5.3476E+00  4.7281E+01  1.4723E+00 -1.0655E+00 -1.1786E+00  1.2270E+00  1.6301E+00 -4.0312E-01 -1.0757E+00
  2.5000E+01  8.0000E+00  0.0000E+00  1.0050E+00  0.0000E+00  0.0000E+00  1.0000E+00  0.0000E+00  8.9081E-01  5.3476E+00  4.7281E+01  9.7827E-01  1.3836E-01 -1.0361E-01  1.0050E+00  1.2804E+00 -2.7538E-01 -2.3133E-01
  2.5000E+01  1.2000E+01  0.0000E+00  6.3800E-01  0.0000E+00  0.0000E+00  1.0000E+00  0.0000E+00  8.9081E-01  5.3476E+00  4.7281E+01  6.2345E-01  8.4064E-02 -2.1124E-01  6.3800E-01  9.8945E-01 -3.5145E-01 -3.9361E-01
  2.5000E+01  2.4000E+01  0.0000E+00  2.5000E-01  0.0000E+00  0.0000E+00  1.0000E+00  1.0000E+00  8.9081E-01  5.3476E+00  4.7281E+01  1.6047E-01  5.6335E-01  3.7646E-01  2.5000E-01  4.5625E-01 -2.0625E-01  3.7068E-01
  2.5000E+01  1.6800E+02  1.0000E+02  0.0000E+00  1.0000E+00  1.0000E+00  2.0000E+00  0.0000E+00  8.9081E-01  5.3476E+00  4.7281E+01  1.3554E-08 -8.5853E-08  0.0000E+00  0.0000E+00  4.2154E-05  0.0000E+00  0.0000E+00
  2.5000E+01  1.6850E+02  0.0000E+00  9.3100E-01  0.0000E+00  0.0000E+00  2.0000E+00  0.0000E+00  8.9081E-01  5.3476E+00  4.7281E+01  7.3757E-01  1.0817E+00  9.5394E-01  9.3100E-01  8.3214E-01  9.8861E-02  9.6793E-01
  2.5000E+01  1.6900E+02  0.0000E+00  1.2430E+00  0.0000E+00  0.0000E+00  2.0000E+00  0.0000E+00  8.9081E-01  5.3476E+00  4.7281E+01  1.1695E+00  3.5600E-01  2.0558E-01  1.2430E+00  1.2887E+00 -4.5745E-02  2.6330E-01
  2.5000E+01  1.7000E+02  0.0000E+00  1.6630E+00  0.0000E+00  0.0000E+00  2.0000E+00  0.0000E+00  8.9081E-01  5.3476E+00  4.7281E+01  1.5243E+00  5.9132E-01  4.7193E-01  1.6630E+00  1.6425E+00  2.0525E-02  5.3260E-01
  2.5000E+01  1.7200E+02  0.0000E+00  1.7110E+00  0.0000E+00  0.0000E+00  2.0000E+00  0.0000E+00  8.9081E-01  5.3476E+00  4.7281E+01  1.4723E+00  1.0366E+00  9.2340E-01  1.7110E+00  1.6301E+00  8.0850E-02  9.0006E-01
  2.5000E+01  1.7600E+02  0.0000E+00  8.9400E-01  0.0000E+00  0.0000E+00  2.0000E+00  0.0000E+00  8.9081E-01  5.3476E+00  4.7281E+01  9.7827E-01 -4.3617E-01 -6.7815E-01  8.9400E-01  1.2804E+00 -3.8641E-01 -7.4333E-01
  2.5000E+01  1.8000E+02  0.0000E+00  2.5000E-01  0.0000E+00  0.0000E+00  2.0000E+00  1.0000E+00  8.9081E-01  5.3476E+00  4.7281E+01  6.2345E-01 -2.1575E+00 -2.4528E+00  2.5000E-01  9.8947E-01 -7.3947E-01 -2.3749E+00
  2.5000E+01  1.9200E+02  0.0000E+00  2.5000E-01  0.0000E+00  0.0000E+00  2.0000E+00  1.0000E+00  8.9081E-01  5.3476E+00  4.7281E+01  1.6047E-01  5.6335E-01  3.7646E-01  2.5000E-01  4.5625E-01 -2.0625E-01  3.7088E-01
  2.5000E+01  3.3600E+02  1.0000E+02  0.0000E+00  1.0000E+00  1.0000E+00  3.0000E+00  0.0000E+00  8.9081E-01  5.3476E+00  4.7281E+01  1.3554E-08 -8.5853E-08  0.0000E+00  0.0000E+00  4.2155E-05  0.0000E+00  0.0000E+00
  2.5000E+01  3.3650E+02  0.0000E+00  2.5000E-01  0.0000E+00  0.0000E+00  3.0000E+00  1.0000E+00  8.9081E-01  5.3476E+00  4.7281E+01  7.3757E-01 -2.7268E+00 -2.8546E+00  2.5000E-01  8.3214E-01 -5.8214E-01 -2.7125E+00
  2.5000E+01  3.3700E+02  0.0000E+00  1.1960E+00  0.0000E+00  0.0000E+00  3.0000E+00  0.0000E+00  8.9081E-01  5.3476E+00  4.7281E+01  1.1695E+00  1.2841E-01 -2.2010E-02  1.1960E+00  1.2887E+00 -9.2745E-02  4.7295E-02
  2.5000E+01  3.3800E+02  0.0000E+00  1.7960E+00  0.0000E+00  0.0000E+00  3.0000E+00  0.0000E+00  8.9081E-01  5.3476E+00  4.7281E+01  1.5243E+00  1.1583E+00  1.0389E+00  1.7960E+00  1.6425E+00  1.5352E-01  1.0722E+00
  2.5000E+01  3.4000E+02  0.0000E+00  1.5480E+00  0.0000E+00  0.0000E+00  3.0000E+00  0.0000E+00  8.9081E-01  5.3476E+00  4.7281E+01  1.4723E+00  3.2865E-01  2.1549E-01  1.5480E+00  1.6301E+00 -8.2150E-02  2.3483E-01
  2.5000E+01  3.4400E+02  0.0000E+00  9.2900E-01  0.0000E+00  0.0000E+00  3.0000E+00  0.0000E+00  8.9081E-01  5.3476E+00  4.7281E+01  9.7827E-01 -2.5501E-01 -4.9699E-01  9.2900E-01  1.2804E+00 -3.5141E-01 -5.8177E-01
  2.5000E+01  3.4800E+02  0.0000E+00  7.6600E-01  0.0000E+00  0.0000E+00  3.0000E+00  0.0000E+00  8.9081E-01  5.3476E+00  4.7281E+01  6.2345E-01  8.2356E-01  5.2826E-01  7.6600E-01  9.8947E-01 -2.2347E-01  2.6047E-01
  2.5000E+01  3.6000E+02  0.0000E+00  2.5000E-01  0.0000E+00  0.0000E+00  3.0000E+00  1.0000E+00  8.9081E-01  5.3476E+00  4.7281E+01  1.6047E-01  5.6335E-01  3.7646E-01  2.5000E-01  4.5625E-01 -2.0625E-01  3.7088E-01
  2.6000E+01  0.0000E+00  1.0000E+02  0.0000E+00  1.0000E+00  1.0000E+00  1.0000E+00  0.0000E+00  9.3910E-01  2.8895E+00  3.4592E+01  0.0000E+00  0.0000E+00  0.0000E+00  0.0000E+00  0.0000E+00  0.0000E+00  0.0000E+00
  2.6000E+01  5.0000E-01  0.0000E+00  9.6500E-01  0.0000E+00  0.0000E+00  1.0000E+00  0.0000E+00  9.3910E-01  2.8895E+00  3.4592E+01  1.0592E+00 -4.7423E-01 -5.2041E-01  9.6500E-01  8.3210E-01  1.3290E-01 -5.4549E-01
  2.6000E+01  1.0000E+00  0.0000E+00  1.6160E+00  0.0000E+00  0.0000E+00  1.0000E+00  0.0000E+00  9.3910E-01  2.8895E+00  3.4592E+01  1.6782E+00 -2.5091E-01 -1.5187E-01  1.6160E+00  1.2887E+00  3.2729E-01 -1.4722E-01
  2.6000E+01  2.0000E+00  0.0000E+00  2.8260E+00  0.0000E+00  0.0000E+00  1.0000E+00  0.0000E+00  9.3910E-01  2.8895E+00  3.4592E+01  2.1998E+00  2.1151E+00  2.4917E+00  2.8260E+00  1.6424E+00  1.1836E+00  3.0003E+00
  2.6000E+01  4.0000E+00  0.0000E+00  2.3860E+00  0.0000E+00  0.0000E+00  1.0000E+00  0.0000E+00  9.3910E-01  2.8895E+00  3.4592E+01  2.1977E+00  6.3666E-01  1.1628E+00  2.3860E+00  1.6301E+00  7.5588E-01  1.3857E+00
  2.6000E+01  8.0000E+00  0.0000E+00  1.9150E+00  0.0000E+00  0.0000E+00  1.0000E+00  0.0000E+00  9.3910E-01  2.8895E+00  3.4592E+01  1.6248E+00  1.1934E+00  1.4211E+00  1.9150E+00  1.2804E+00  6.3462E-01  1.6301E+00
  2.6000E+01  1.2000E+01  0.0000E+00  1.5040E+00  0.0000E+00  0.0000E+00  1.0000E+00  0.0000E+00  9.3910E-01  2.8895E+00  3.4592E+01  1.1645E+00  1.6469E+00  1.5951E+00  1.5040E+00  9.8945E-01  5.1455E-01  1.7384E+00
  2.6000E+01  2.4000E+01  0.0000E+00  5.7300E-01  0.0000E+00  0.0000E+00  1.0000E+00  0.0000E+00  9.3910E-01  2.8895E+00  3.4592E+01  4.2739E-01  8.8143E-01  5.9125E-01  5.7300E-01  4.5625E-01  1.1675E-01  6.3552E-01
  2.6000E+01  1.6800E+02  1.0000E+02  0.0000E+00  1.0000E+00  1.0000E+00  2.0000E+00  0.0000E+00  9.3910E-01  2.8895E+00  3.4592E+01  2.5520E-06 -1.6165E-05  0.0000E+00  0.0000E+00  4.2154E-05  0.0000E+00  0.0000E+00
  2.6000E+01  1.6850E+02  0.0000E+00  1.1740E+00  0.0000E+00  0.0000E+00  2.0000E+00  0.0000E+00  9.3910E-01  2.8895E+00  3.4592E+01  1.0592E+00  5.7784E-01  5.3164E-01  1.1740E+00  8.3214E-01  3.4186E-01  5.8421E-01
  2.6000E+01  1.6900E+02  0.0000E+00  1.7730E+00  0.0000E+00  0.0000E+00  2.0000E+00  0.0000E+00  9.3910E-01  2.8895E+00  3.4592E+01  1.6782E+00  3.8256E-01  4.8159E-01  1.7730E+00  1.2887E+00  4.8425E-01  5.7445E-01
  2.6000E+01  1.7000E+02  0.0000E+00  2.3380E+00  0.0000E+00  0.0000E+00  2.0000E+00  0.0000E+00  9.3910E-01  2.8895E+00  3.4592E+01  2.1998E+00  4.6671E-01  8.4323E-01  2.3380E+00  1.6425E+00  6.9552E-01  1.0205E+00
  2.6000E+01  1.7200E+02  0.0000E+00  1.8410E+00  0.0000E+00  0.0000E+00  2.0000E+00  0.0000E+00  9.3910E-01  2.8895E+00  3.4592E+01  2.1977E+00 -1.2056E+00 -6.7946E-01  1.8410E+00  1.6301E+00  2.1085E-01 -8.3844E-01
  2.6000E+01  1.7600E+02  0.0000E+00  1.8060E+00  0.0000E+00  0.0000E+00  2.0000E+00  0.0000E+00  9.3910E-01  2.8895E+00  3.4592E+01  1.6248E+00  7.4514E-01  9.7284E-01  1.8060E+00  1.2804E+00  5.2559E-01  1.1270E+00
  2.6000E+01  1.8000E+02  0.0000E+00  1.0800E+00  0.0000E+00  0.0000E+00  2.0000E+00  0.0000E+00  9.3910E-01  2.8895E+00  3.4592E+01  1.1645E+00 -4.0987E-01 -4.6169E-01  1.0800E+00  9.8947E-01  9.0531E-02 -4.2707E-01
  2.6000E+01  1.9200E+02  0.0000E+00  2.5000E-01  0.0000E+00  0.0000E+00  2.0000E+00  1.0000E+00  9.3910E-01  2.8895E+00  3.4592E+01  4.2739E-01 -1.0738E+00 -1.3640E+00  2.5000E-01  4.5625E-01 -2.0625E-01 -1.3012E+00
  2.6000E+01  3.3600E+02  1.0000E+02  0.0000E+00  1.0000E+00  1.0000E+00  3.0000E+00  0.0000E+00  9.3910E-01  2.8895E+00  3.4592E+01  2.5520E-06 -1.6165E-05  0.0000E+00  0.0000E+00  4.2155E-05  0.0000E+00  0.0000E+00
  2.6000E+01  3.3650E+02  0.0000E+00  9.1700E-01  0.0000E+00  0.0000E+00  3.0000E+00  0.0000E+00  9.3910E-01  2.8895E+00  3.4592E+01  1.0592E+00 -7.1587E-01 -7.6207E-01  9.1700E-01  8.3214E-01  8.4861E-02 -8.0473E-01
  2.6000E+01  3.3700E+02  0.0000E+00  1.5070E+00  0.0000E+00  0.0000E+00  3.0000E+00  0.0000E+00  9.3910E-01  2.8895E+00  3.4592E+01  1.6782E+00 -6.9073E-01 -5.9170E-01  1.5070E+00  1.2887E+00  2.1825E-01 -6.4807E-01
  2.6000E+01  3.3800E+02  0.0000E+00  2.1800E+00  0.0000E+00  0.0000E+00  3.0000E+00  0.0000E+00  9.3910E-01  2.8895E+00  3.4592E+01  2.1998E+00 -6.7003E-02  3.0952E-01  2.1800E+00  1.6425E+00  5.3752E-01  3.7956E-01
  2.6000E+01  3.4000E+02  0.0000E+00  2.1230E+00  0.0000E+00  0.0000E+00  3.0000E+00  0.0000E+00  9.3910E-01  2.8895E+00  3.4592E+01  2.1977E+00 -2.5237E-01  2.7379E-01  2.1230E+00  1.6301E+00  4.9285E-01  3.1245E-01
  2.6000E+01  3.4400E+02  0.0000E+00  1.5310E+00  0.0000E+00  0.0000E+00  3.0000E+00  0.0000E+00  9.3910E-01  2.8895E+00  3.4592E+01  1.6248E+00 -3.8571E-01 -1.5801E-01  1.5310E+00  1.2804E+00  2.5059E-01 -1.4236E-01
  2.6000E+01  3.4800E+02  0.0000E+00  9.2400E-01  0.0000E+00  0.0000E+00  3.0000E+00  0.0000E+00  9.3910E-01  2.8895E+00  3.4592E+01  1.1645E+00 -1.1666E+00 -1.2184E+00  9.2400E-01  9.8947E-01 -6.5469E-02 -1.2238E+00
  2.6000E+01  3.6000E+02  0.0000E+00  2.5000E-01  0.0000E+00  0.0000E+00  3.0000E+00  1.0000E+00  9.3910E-01  2.8895E+00  3.4592E+01  4.2739E-01 -1.0738E+00 -1.3640E+00  2.5000E-01  4.5625E-01 -2.0625E-01 -1.3012E+00
  2.7000E+01  0.0000E+00  1.0000E+02  0.0000E+00  1.0000E+00  1.0000E+00  1.0000E+00  0.0000E+00  8.5961E-01  3.0329E+00  5.4679E+01  0.0000E+00  0.0000E+00  0.0000E+00  0.0000E+00  0.0000E+00  0.0000E+00  0.0000E+00
  2.7000E+01  5.0000E-01  0.0000E+00  6.8400E-01  0.0000E+00  0.0000E+00  1.0000E+00  0.0000E+00  8.5961E-01  3.0329E+00  5.4679E+01  6.2953E-01  3.1416E-01  1.3548E-01  6.8400E-01  8.3210E-01 -1.4810E-01  1.2859E-01
  2.7000E+01  1.0000E+00  0.0000E+00  9.2700E-01  0.0000E+00  0.0000E+00  1.0000E+00  0.0000E+00  8.5961E-01  3.0329E+00  5.4679E+01  1.0219E+00 -4.8398E-01 -7.2331E-01  9.2700E-01  1.2887E+00 -3.6171E-01 -6.7449E-01
  2.7000E+01  2.0000E+00  0.0000E+00  1.7820E+00  0.0000E+00  0.0000E+00  1.0000E+00  0.0000E+00  8.5961E-01  3.0329E+00  5.4679E+01  1.3994E+00  1.7060E+00  1.4769E+00  1.7820E+00  1.6424E+00  1.3956E-01  1.3179E+00
  2.7000E+01  4.0000E+00  0.0000E+00  1.2500E+00  0.0000E+00  0.0000E+00  1.0000E+00  0.0000E+00  8.5961E-01  3.0329E+00  5.4679E+01  1.5032E+00 -1.0876E+00 -1.2202E+00  1.2500E+00  1.6301E+00 -3.8012E-01 -1.1490E+00
  2.7000E+01  8.0000E+00  0.0000E+00  1.3100E+00  0.0000E+00  0.0000E+00  1.0000E+00  0.0000E+00  8.5961E-01  3.0329E+00  5.4679E+01  1.2524E+00  2.7086E-01  2.3421E-01  1.3100E+00  1.2804E+00  2.9615E-02  2.5009E-01
  2.7000E+01  1.2000E+01  0.0000E+00  1.2250E+00  0.0000E+00  0.0000E+00  1.0000E+00  0.0000E+00  8.5961E-01  3.0329E+00  5.4679E+01  1.0047E+00  1.1298E+00  1.1370E+00  1.2250E+00  9.8945E-01  2.3555E-01  1.1346E+00
  2.7000E+01  2.4000E+01  0.0000E+00  5.1300E-01  0.0000E+00  0.0000E+00  1.0000E+00  0.0000E+00  8.5961E-01  3.0329E+00  5.4679E+01  5.1643E-01 -2.0380E-02  3.9537E-02  5.1300E-01  4.5625E-01  5.6754E-02  2.5426E-02
  2.7000E+01  1.6800E+02  1.0000E+02  0.0000E+00  1.0000E+00  1.0000E+00  2.0000E+00  0.0000E+00  8.5961E-01  3.0329E+00  5.4679E+01  1.7548E-04 -1.1115E-03  0.0000E+00  0.0000E+00  4.2154E-05  0.0000E+00  0.0000E+00
  2.7000E+01  1.6850E+02  0.0000E+00  6.5400E-01  0.0000E+00  0.0000E+00  2.0000E+00  0.0000E+00  8.5961E-01  3.0329E+00  5.4679E+01  6.2970E-01  1.4013E-01 -3.8294E-02  6.5400E-01  8.3214E-01 -1.7814E-01 -3.4059E-02
  2.7000E+01  1.6900E+02  0.0000E+00  9.5300E-01  0.0000E+00  0.0000E+00  2.0000E+00  0.0000E+00  8.5961E-01  3.0329E+00  5.4679E+01  1.0221E+00 -3.5222E-01 -5.9131E-01  9.5300E-01  1.2887E+00 -3.3575E-01 -5.5540E-01
  2.7000E+01  1.7000E+02  0.0000E+00  1.4230E+00  0.0000E+00  0.0000E+00  2.0000E+00  0.0000E+00  8.5961E-01  3.0329E+00  5.4679E+01  1.3995E+00  1.0464E-01 -1.2424E-01  1.4230E+00  1.6425E+00 -2.1948E-01 -1.3888E-01
  2.7000E+01  1.7200E+02  0.0000E+00  1.2510E+00  0.0000E+00  0.0000E+00  2.0000E+00  0.0000E+00  8.5961E-01  3.0329E+00  5.4679E+01  1.5034E+00 -1.0838E+00 -1.2163E+00  1.2510E+00  1.6301E+00 -3.7915E-01 -1.1452E+00
  2.7000E+01  1.7600E+02  0.0000E+00  1.3680E+00  0.0000E+00  0.0000E+00  2.0000E+00  0.0000E+00  8.5961E-01  3.0329E+00  5.4679E+01  1.2525E+00  5.4297E-01  5.0648E-01  1.3680E+00  1.2804E+00  8.7590E-02  5.1755E-01
  2.7000E+01  1.8000E+02  0.0000E+00  8.4400E-01  0.0000E+00  0.0000E+00  2.0000E+00  0.0000E+00  8.5961E-01  3.0329E+00  5.4679E+01  1.0048E+00 -8.2493E-01 -8.1767E-01  8.4400E-01  9.8947E-01 -1.4547E-01 -8.1156E-01
  2.7000E+01  1.9200E+02  0.0000E+00  2.5000E-01  0.0000E+00  0.0000E+00  2.0000E+00  1.0000E+00  8.5961E-01  3.0329E+00  5.4679E+01  5.1648E-01 -1.5818E+00 -1.5218E+00  2.5000E-01  4.5625E-01 -2.0625E-01 -1.5517E+00
  2.7000E+01  3.3600E+02  1.0000E+02  0.0000E+00  1.0000E+00  1.0000E+00  3.0000E+00  0.0000E+00  8.5961E-01  3.0329E+00  5.4679E+01  1.7549E-04 -1.1116E-03  0.0000E+00  0.0000E+00  4.2155E-05  0.0000E+00  0.0000E+00
  2.7000E+01  3.3650E+02  0.0000E+00  6.6900E-01  0.0000E+00  0.0000E+00  3.0000E+00  0.0000E+00  8.5961E-01  3.0329E+00  5.4679E+01  6.2970E-01  2.2664E-01  4.8219E-02  6.6900E-01  8.3214E-01 -1.6314E-01  4.7008E-02
  2.7000E+01  3.3700E+02  0.0000E+00  8.9800E-01  0.0000E+00  0.0000E+00  3.0000E+00  0.0000E+00  8.5961E-01  3.0329E+00  5.4679E+01  1.0221E+00 -6.3267E-01 -8.7176E-01  8.9800E-01  1.2887E+00 -3.9075E-01 -8.0818E-01
  2.7000E+01  3.3800E+02  0.0000E+00  1.3820E+00  0.0000E+00  0.0000E+00  3.0000E+00  0.0000E+00  8.5961E-01  3.0329E+00  5.4679E+01  1.3995E+00 -7.8159E-02 -3.0703E-01  1.3820E+00  1.6425E+00 -2.6048E-01 -3.0521E-01
  2.7000E+01  3.4000E+02  0.0000E+00  1.5320E+00  0.0000E+00  0.0000E+00  3.0000E+00  0.0000E+00  8.5961E-01  3.0329E+00  5.4679E+01  1.5034E+00  1.2303E-01 -9.4046E-03  1.5320E+00  1.6301E+00 -9.8150E-02  1.6384E-03
  2.7000E+01  3.4400E+02  0.0000E+00  1.3550E+00  0.0000E+00  0.0000E+00  3.0000E+00  0.0000E+00  8.5961E-01  3.0329E+00  5.4679E+01  1.2525E+00  4.8186E-01  4.4537E-01  1.3550E+00  1.2804E+00  7.4590E-02  4.5754E-01
  2.7000E+01  3.4800E+02  0.0000E+00  9.7900E-01  0.0000E+00  0.0000E+00  3.0000E+00  0.0000E+00  8.5961E-01  3.0329E+00  5.4679E+01  1.0048E+00 -1.3247E-01 -1.2521E-01  9.7900E-01  9.8947E-01 -1.0469E-02 -1.2207E-01
  2.7000E+01  3.6000E+02  0.0000E+00  7.3800E-01  0.0000E+00  0.0000E+00  3.0000E+00  0.0000E+00  8.5961E-01  3.0329E+00  5.4679E+01  5.1648E-01  1.3149E+00  1.3749E+00  7.3800E-01  4.5625E-01  2.8175E-01  1.3744E+00
  2.8000E+01  0.0000E+00  1.0000E+02  0.0000E+00  1.0000E+00  1.0000E+00  1.0000E+00  0.0000E+00  1.6534E+00  4.2370E+00  4.6845E+01  0.0000E+00  0.0000E+00  0.0000E+00  0.0000E+00  0.0000E+00  0.0000E+00  0.0000E+00
  2.8000E+01  5.0000E-01  0.0000E+00  8.5700E-01  0.0000E+00  0.0000E+00  1.0000E+00  0.0000E+00  1.6534E+00  4.2370E+00  4.6845E+01  1.1704E+00 -1.5171E+00 -1.1601E+00  8.5700E-01  8.3210E-01  2.4902E-02 -1.2892E+00
  2.8000E+01  1.0000E+00  0.0000E+00  1.3820E+00  0.0000E+00  0.0000E+00  1.0000E+00  0.0000E+00  1.6534E+00  4.2370E+00  4.6845E+01  1.6307E+00 -1.0206E+00 -7.5443E-01  1.3820E+00  1.2887E+00  9.3294E-02 -8.9096E-01
  2.8000E+01  2.0000E+00  0.0000E+00  1.9100E+00  0.0000E+00  0.0000E+00  1.0000E+00  0.0000E+00  1.6534E+00  4.2370E+00  4.6845E+01  1.8018E+00  4.1799E-01  4.4911E-01  1.9100E+00  1.6424E+00  2.6756E-01  4.4064E-01
  2.8000E+01  4.0000E+00  0.0000E+00  1.3720E+00  0.0000E+00  0.0000E+00  1.0000E+00  0.0000E+00  1.6534E+00  4.2370E+00  4.6845E+01  1.5697E+00 -8.2898E-01 -9.5005E-01  1.3720E+00  1.6301E+00 -2.5812E-01 -8.8013E-01
  2.8000E+01  8.0000E+00  0.0000E+00  1.1520E+00  0.0000E+00  0.0000E+00  1.0000E+00  0.0000E+00  1.6534E+00  4.2370E+00  4.6845E+01  1.0953E+00  2.8198E-01  1.2261E-01  1.1520E+00  1.2804E+00 -1.2838E-01  1.1492E-01
  2.8000E+01  1.2000E+01  0.0000E+00  1.1240E+00  0.0000E+00  0.0000E+00  1.0000E+00  0.0000E+00  1.6534E+00  4.2370E+00  4.6845E+01  7.6279E-01  2.0048E+00  1.8495E+00  1.1240E+00  9.8945E-01  1.3455E-01  1.6432E+00
  2.8000E+01  2.4000E+01  0.0000E+00  2.5000E-01  0.0000E+00  0.0000E+00  1.0000E+00  1.0000E+00  1.6534E+00  4.2370E+00  4.6845E+01  2.5766E-01 -4.7696E-02 -1.4174E-01  2.5000E-01  4.5625E-01 -2.0625E-01 -1.5577E-01
  2.8000E+01  1.6800E+02  1.0000E+02  0.0000E+00  1.0000E+00  1.0000E+00  2.0000E+00  0.0000E+00  1.6534E+00  4.2370E+00  4.6845E+01  5.6850E-07 -3.6010E-06  0.0000E+00  0.0000E+00  4.2154E-05  0.0000E+00  0.0000E+00
  2.8000E+01  1.6850E+02  0.0000E+00  1.1370E+00  0.0000E+00  0.0000E+00  2.0000E+00  0.0000E+00  1.6534E+00  4.2370E+00  4.6845E+01  1.1704E+00 -1.6173E-01  1.9530E-01  1.1370E+00  8.3214E-01  3.0486E-01  2.2446E-01
  2.8000E+01  1.6900E+02  0.0000E+00  1.4840E+00  0.0000E+00  0.0000E+00  2.0000E+00  0.0000E+00  1.6534E+00  4.2370E+00  4.6845E+01  1.6307E+00 -6.0201E-01 -3.3588E-01  1.4840E+00  1.2887E+00  1.9525E-01 -4.2184E-01
  2.8000E+01  1.7000E+02  0.0000E+00  1.9400E+00  0.0000E+00  0.0000E+00  2.0000E+00  0.0000E+00  1.6534E+00  4.2370E+00  4.6845E+01  1.8018E+00  5.3389E-01  5.6501E-01  1.9400E+00  1.6425E+00  2.9752E-01  5.6260E-01
  2.8000E+01  1.7200E+02  0.0000E+00  1.3060E+00  0.0000E+00  0.0000E+00  2.0000E+00  0.0000E+00  1.6534E+00  4.2370E+00  4.6845E+01  1.5697E+00 -1.1058E+00 -1.2268E+00  1.3060E+00  1.6301E+00 -3.2415E-01 -1.1492E+00
  2.8000E+01  1.7600E+02  0.0000E+00  9.2700E-01  0.0000E+00  0.0000E+00  2.0000E+00  0.0000E+00  1.6534E+00  4.2370E+00  4.6845E+01  1.0953E+00 -8.3647E-01 -9.9584E-01  9.2700E-01  1.2804E+00 -3.5341E-01 -9.2347E-01
  2.8000E+01  1.8000E+02  0.0000E+00  5.3000E-01  0.0000E+00  0.0000E+00  2.0000E+00  0.0000E+00  1.6534E+00  4.2370E+00  4.6845E+01  7.6279E-01 -1.2920E+00 -1.4472E+00  5.3000E-01  9.8947E-01 -4.5947E-01 -1.3903E+00
  2.8000E+01  1.9200E+02  0.0000E+00  2.5000E-01  0.0000E+00  0.0000E+00  2.0000E+00  1.0000E+00  1.6534E+00  4.2370E+00  4.6845E+01  2.5766E-01 -4.7696E-02 -1.4174E-01  2.5000E-01  4.5625E-01 -2.0625E-01 -1.5565E-01
  2.8000E+01  3.3600E+02  1.0000E+02  0.0000E+00  1.0000E+00  1.0000E+00  3.0000E+00  0.0000E+00  1.6534E+00  4.2370E+00  4.6845E+01  5.6850E-07 -3.6011E-06  0.0000E+00  0.0000E+00  4.2155E-05  0.0000E+00  0.0000E+00
  2.8000E+01  3.3650E+02  0.0000E+00  1.4380E+00  0.0000E+00  0.0000E+00  3.0000E+00  0.0000E+00  1.6534E+00  4.2370E+00  4.6845E+01  1.1704E+00  1.2953E+00  1.6523E+00  1.4380E+00  8.3214E-01  6.0586E-01  1.8512E+00
  2.8000E+01  3.3700E+02  0.0000E+00  2.1660E+00  0.0000E+00  0.0000E+00  3.0000E+00  0.0000E+00  1.6534E+00  4.2370E+00  4.6845E+01  1.6307E+00  2.1966E+00  2.4627E+00  2.1660E+00  1.2887E+00  8.7725E-01  2.7126E+00
  2.8000E+01  3.3800E+02  0.0000E+00  1.8620E+00  0.0000E+00  0.0000E+00  3.0000E+00  0.0000E+00  1.6534E+00  4.2370E+00  4.6845E+01  1.8018E+00  2.3255E-01  2.6366E-01  1.8620E+00  1.6425E+00  2.1952E-01  2.4616E-01
  2.8000E+01  3.4000E+02  0.0000E+00  1.6810E+00  0.0000E+00  0.0000E+00  3.0000E+00  0.0000E+00  1.6534E+00  4.2370E+00  4.6845E+01  1.5697E+00  4.6693E-01  3.4586E-01  1.6810E+00  1.6301E+00  5.0850E-02  3.8120E-01
  2.8000E+01  3.4400E+02  0.0000E+00  1.1310E+00  0.0000E+00  0.0000E+00  3.0000E+00  0.0000E+00  1.6534E+00  4.2370E+00  4.6845E+01  1.0953E+00  1.7759E-01  1.8221E-02  1.1310E+00  1.2804E+00 -1.4941E-01  1.8198E-02
  2.8000E+01  3.4800E+02  0.0000E+00  7.6100E-01  0.0000E+00  0.0000E+00  3.0000E+00  0.0000E+00  1.6534E+00  4.2370E+00  4.6845E+01  7.6279E-01 -9.9301E-03 -1.6517E-01  7.6100E-01  9.8947E-01 -2.2847E-01 -2.1053E-01
  2.8000E+01  3.6000E+02  0.0000E+00  2.5000E-01  0.0000E+00  0.0000E+00  3.0000E+00  1.0000E+00  1.6534E+00  4.2370E+00  4.6845E+01  2.5766E-01 -4.7696E-02 -1.4174E-01  2.5000E-01  4.5625E-01 -2.0625E-01 -1.5565E-01
  2.9000E+01  0.0000E+00  1.0000E+02  0.0000E+00  1.0000E+00  1.0000E+00  1.0000E+00  0.0000E+00  4.7784E-01  8.8430E-01  4.8159E+01  0.0000E+00  0.0000E+00  0.0000E+00  0.0000E+00  0.0000E+00  0.0000E+00  0.0000E+00
  2.9000E+01  5.0000E-01  0.0000E+00  2.5000E-01  0.0000E+00  0.0000E+00  1.0000E+00  1.0000E+00  4.7784E-01  8.8430E-01  4.8159E+01  4.3919E-01 -1.1425E+00 -1.5096E+00  2.5000E-01  8.3210E-01 -5.8210E-01 -1.3872E+00
  2.9000E+01  1.0000E+00  0.0000E+00  9.0700E-01  0.0000E+00  0.0000E+00  1.0000E+00  0.0000E+00  4.7784E-01  8.8430E-01  4.8159E+01  7.8103E-01  6.9524E-01  1.3258E-01  9.0700E-01  1.2887E+00 -3.8171E-01  2.1409E-02
  2.9000E+01  2.0000E+00  0.0000E+00  1.2410E+00  0.0000E+00  0.0000E+00  1.0000E+00  0.0000E+00  4.7784E-01  8.8430E-01  4.8159E+01  1.2512E+00 -4.7750E-02 -6.9918E-01  1.2410E+00  1.6424E+00 -4.0144E-01 -5.9965E-01
  2.9000E+01  4.0000E+00  0.0000E+00  1.7400E+00  0.0000E+00  0.0000E+00  1.0000E+00  0.0000E+00  4.7784E-01  8.8430E-01  4.8159E+01  1.6872E+00  2.1250E-01 -1.9136E-01  1.7400E+00  1.6301E+00  1.0988E-01  5.6202E-02
  2.9000E+01  8.0000E+00  0.0000E+00  1.8310E+00  0.0000E+00  0.0000E+00  1.0000E+00  0.0000E+00  4.7784E-01  8.8430E-01  4.8159E+01  1.8172E+00  5.3093E-02  1.5526E-01  1.8310E+00  1.2804E+00  5.5062E-01  1.0820E-01
  2.9000E+01  1.2000E+01  0.0000E+00  1.8630E+00  0.0000E+00  0.0000E+00  1.0000E+00  0.0000E+00  4.7784E-01  8.8430E-01  4.8159E+01  1.7254E+00  5.4605E-01  8.9504E-01  1.8630E+00  9.8945E-01  8.7355E-01  5.9730E-01
  2.9000E+01  2.4000E+01  0.0000E+00  1.3730E+00  0.0000E+00  0.0000E+00  1.0000E+00  0.0000E+00  4.7784E-01  8.8430E-01  4.8159E+01  1.3898E+00 -7.5011E-02  6.0653E-01  1.3730E+00  4.5625E-01  9.1675E-01  4.2899E-01
  2.9000E+01  1.6800E+02  1.0000E+02  0.0000E+00  1.0000E+00  1.0000E+00  2.0000E+00  0.0000E+00  4.7784E-01  8.8430E-01  4.8159E+01  9.8769E-02 -6.2406E-01  0.0000E+00  0.0000E+00  4.2154E-05  0.0000E+00  0.0000E+00
  2.9000E+01  1.6850E+02  0.0000E+00  5.1500E-01  0.0000E+00  0.0000E+00  2.0000E+00  0.0000E+00  4.7784E-01  8.8430E-01  4.8159E+01  5.3706E-01 -1.3030E-01 -1.0779E-01  5.1500E-01  8.3214E-01 -3.1714E-01  4.1629E-02
  2.9000E+01  1.6900E+02  0.0000E+00  1.1370E+00  0.0000E+00  0.0000E+00  2.0000E+00  0.0000E+00  4.7784E-01  8.8430E-01  4.8159E+01  8.7800E-01  1.3861E+00  1.2034E+00  1.1370E+00  1.2887E+00 -1.5175E-01  1.0757E+00
  2.9000E+01  1.7000E+02  0.0000E+00  1.7360E+00  0.0000E+00  0.0000E+00  2.0000E+00  0.0000E+00  4.7784E-01  8.8430E-01  4.8159E+01  1.3464E+00  1.7708E+00  1.4814E+00  1.7360E+00  1.6425E+00  9.3525E-02  1.4063E+00
  2.9000E+01  1.7200E+02  0.0000E+00  1.9660E+00  0.0000E+00  0.0000E+00  2.0000E+00  0.0000E+00  4.7784E-01  8.8430E-01  4.8159E+01  1.7789E+00  7.2847E-01  6.6224E-01  1.9660E+00  1.6301E+00  3.3585E-01  9.7655E-01
  2.9000E+01  1.7600E+02  0.0000E+00  1.4920E+00  0.0000E+00  0.0000E+00  2.0000E+00  0.0000E+00  4.7784E-01  8.8430E-01  4.8159E+01  1.9025E+00 -1.5315E+00 -1.1158E+00  1.4920E+00  1.2804E+00  2.1159E-01 -1.4585E+00
  2.9000E+01  1.8000E+02  0.0000E+00  1.8760E+00  0.0000E+00  0.0000E+00  2.0000E+00  0.0000E+00  4.7784E-01  8.8430E-01  4.8159E+01  1.8046E+00  2.7546E-01  9.2353E-01  1.8760E+00  9.8947E-01  8.8653E-01  6.6208E-01
  2.9000E+01  1.9200E+02  0.0000E+00  1.7370E+00  0.0000E+00  0.0000E+00  2.0000E+00  0.0000E+00  4.7784E-01  8.8430E-01  4.8159E+01  1.4533E+00  1.2404E+00  2.1851E+00  1.7370E+00  4.5625E-01  1.2807E+00  2.6106E+00
  2.9000E+01  3.3600E+02  1.0000E+02  0.0000E+00  1.0000E+00  1.0000E+00  3.0000E+00  0.0000E+00  4.7784E-01  8.8430E-01  4.8159E+01  1.0329E-01 -6.5245E-01  0.0000E+00  0.0000E+00  4.2155E-05  0.0000E+00  0.0000E+00
  2.9000E+01  3.3650E+02  0.0000E+00  2.5000E-01  0.0000E+00  0.0000E+00  3.0000E+00  1.0000E+00  4.7784E-01  8.8430E-01  4.8159E+01  5.4153E-01 -1.7202E+00 -1.6620E+00  2.5000E-01  8.3214E-01 -5.8214E-01 -1.3906E+00
  2.9000E+01  3.3700E+02  0.0000E+00  6.2100E-01  0.0000E+00  0.0000E+00  3.0000E+00  0.0000E+00  4.7784E-01  8.8430E-01  4.8159E+01  8.8244E-01 -1.3972E+00 -1.5453E+00  6.2100E-01  1.2887E+00 -6.6775E-01 -1.2958E+00
  2.9000E+01  3.3800E+02  0.0000E+00  1.0340E+00  0.0000E+00  0.0000E+00  3.0000E+00  0.0000E+00  4.7784E-01  8.8430E-01  4.8159E+01  1.3507E+00 -1.4371E+00 -1.6939E+00  1.0340E+00  1.6425E+00 -6.0848E-01 -1.4416E+00
  2.9000E+01  3.4000E+02  0.0000E+00  1.6100E+00  0.0000E+00  0.0000E+00  3.0000E+00  0.0000E+00  4.7784E-01  8.8430E-01  4.8159E+01  1.7831E+00 -6.7328E-01 -7.0917E-01  1.6100E+00  1.6301E+00 -2.0150E-02 -4.7634E-01
  2.9000E+01  3.4400E+02  0.0000E+00  1.6540E+00  0.0000E+00  0.0000E+00  3.0000E+00  0.0000E+00  4.7784E-01  8.8430E-01  4.8159E+01  1.9064E+00 -9.4034E-01 -4.9662E-01  1.6540E+00  1.2804E+00  3.7359E-01 -7.1065E-01
  2.9000E+01  3.4800E+02  0.0000E+00  1.9050E+00  0.0000E+00  0.0000E+00  3.0000E+00  0.0000E+00  4.7784E-01  8.8430E-01  4.8159E+01  1.8083E+00  3.7293E-01  1.0475E+00  1.9050E+00  9.8947E-01  9.1553E-01  8.1019E-01
  2.9000E+01  3.6000E+02  0.0000E+00  1.7900E+00  0.0000E+00  0.0000E+00  3.0000E+00  0.0000E+00  4.7784E-01  8.8430E-01  4.8159E+01  1.4562E+00  1.4579E+00  2.4253E+00  1.7900E+00  4.5625E-01  1.3337E+00  2.9284E+00
  3.0000E+01  0.0000E+00  1.0000E+02  0.0000E+00  1.0000E+00  1.0000E+00  1.0000E+00  0.0000E+00  9.3993E-01  3.1708E+00  4.7798E+01  0.0000E+00  0.0000E+00  0.0000E+00  0.0000E+00  0.0000E+00  0.0000E+00  0.0000E+00
  3.0000E+01  5.0000E-01  0.0000E+00  8.8100E-01  0.0000E+00  0.0000E+00  1.0000E+00  0.0000E+00  9.3993E-01  3.1708E+00  4.7798E+01  7.7064E-01  6.1105E-01  5.3775E-01  8.8100E-01  8.3210E-01  4.8902E-02  5.2816E-01
  3.0000E+01  1.0000E+00  0.0000E+00  1.3910E+00  0.0000E+00  0.0000E+00  1.0000E+00  0.0000E+00  9.3993E-01  3.1708E+00  4.7798E+01  1.2272E+00  7.7719E-01  7.0805E-01  1.3910E+00  1.2887E+00  1.0229E-01  6.8285E-01
  3.0000E+01  2.0000E+00  0.0000E+00  1.6070E+00  0.0000E+00  0.0000E+00  1.0000E+00  0.0000E+00  9.3993E-01  3.1708E+00  4.7798E+01  1.6278E+00 -8.5409E-02 -9.4491E-02  1.6070E+00  1.6424E+00 -3.5438E-02 -9.7616E-02
  3.0000E+01  4.0000E+00  0.0000E+00  1.8870E+00  0.0000E+00  0.0000E+00  1.0000E+00  0.0000E+00  9.3993E-01  3.1708E+00  4.7798E+01  1.6740E+00  8.6092E-01  9.2887E-01  1.8870E+00  1.6301E+00  2.5688E-01  9.4114E-01
  3.0000E+01  8.0000E+00  0.0000E+00  1.2710E+00  0.0000E+00  0.0000E+00  1.0000E+00  0.0000E+00  9.3993E-01  3.1708E+00  4.7798E+01  1.3228E+00 -2.3742E-01 -1.6231E-01  1.2710E+00  1.2804E+00 -9.3847E-03 -1.5822E-01
  3.0000E+01  1.2000E+01  0.0000E+00  7.2700E-01  0.0000E+00  0.0000E+00  1.0000E+00  0.0000E+00  9.3993E-01  3.1708E+00  4.7798E+01  1.0154E+00 -1.4740E+00 -1.4167E+00  7.2700E-01  9.8945E-01 -2.6245E-01 -1.4156E+00
  3.0000E+01  2.4000E+01  0.0000E+00  2.5000E-01  0.0000E+00  0.0000E+00  1.0000E+00  1.0000E+00  9.3993E-01  3.1708E+00  4.7798E+01  4.5807E-01 -1.2515E+00 -1.2258E+00  2.5000E-01  4.5625E-01 -2.0625E-01 -1.2304E+00
  3.0000E+01  1.6800E+02  1.0000E+02  0.0000E+00  1.0000E+00  1.0000E+00  2.0000E+00  0.0000E+00  9.3993E-01  3.1708E+00  4.7798E+01  3.2527E-05 -2.0603E-04  0.0000E+00  0.0000E+00  4.2154E-05  0.0000E+00  0.0000E+00
  3.0000E+01  1.6850E+02  0.0000E+00  6.9900E-01  0.0000E+00  0.0000E+00  2.0000E+00  0.0000E+00  9.3993E-01  3.1708E+00  4.7798E+01  7.7067E-01 -3.9682E-01 -4.7012E-01  6.9900E-01  8.3214E-01 -1.3314E-01 -4.5564E-01
  3.0000E+01  1.6900E+02  0.0000E+00  1.4620E+00  0.0000E+00  0.0000E+00  2.0000E+00  0.0000E+00  9.3993E-01  3.1708E+00  4.7798E+01  1.2272E+00  1.1138E+00  1.0447E+00  1.4620E+00  1.2887E+00  1.7325E-01  1.0090E+00
  3.0000E+01  1.7000E+02  0.0000E+00  1.2000E+00  0.0000E+00  0.0000E+00  2.0000E+00  0.0000E+00  9.3993E-01  3.1708E+00  4.7798E+01  1.6278E+00 -1.7574E+00 -1.7665E+00  1.2000E+00  1.6425E+00 -4.4248E-01 -1.7489E+00
  3.0000E+01  1.7200E+02  0.0000E+00  1.5320E+00  0.0000E+00  0.0000E+00  2.0000E+00  0.0000E+00  9.3993E-01  3.1708E+00  4.7798E+01  1.6740E+00 -5.7373E-01 -5.0578E-01  1.5320E+00  1.6301E+00 -9.8150E-02 -5.0780E-01
  3.0000E+01  1.7600E+02  0.0000E+00  1.0000E+00  0.0000E+00  0.0000E+00  2.0000E+00  0.0000E+00  9.3993E-01  3.1708E+00  4.7798E+01  1.3228E+00 -1.4796E+00 -1.4045E+00  1.0000E+00  1.2804E+00 -2.8041E-01 -1.4093E+00
  3.0000E+01  1.8000E+02  0.0000E+00  8.8200E-01  0.0000E+00  0.0000E+00  2.0000E+00  0.0000E+00  9.3993E-01  3.1708E+00  4.7798E+01  1.0154E+00 -6.8189E-01 -6.2462E-01  8.8200E-01  9.8947E-01 -1.0747E-01 -6.2402E-01
  3.0000E+01  1.9200E+02  0.0000E+00  2.5000E-01  0.0000E+00  0.0000E+00  2.0000E+00  1.0000E+00  9.3993E-01  3.1708E+00  4.7798E+01  4.5807E-01 -1.2515E+00 -1.2259E+00  2.5000E-01  4.5625E-01 -2.0625E-01 -1.2305E+00
  3.0000E+01  3.3600E+02  1.0000E+02  0.0000E+00  1.0000E+00  1.0000E+00  3.0000E+00  0.0000E+00  9.3993E-01  3.1708E+00  4.7798E+01  3.2527E-05 -2.0604E-04  0.0000E+00  0.0000E+00  4.2155E-05  0.0000E+00  0.0000E+00
  3.0000E+01  3.3650E+02  0.0000E+00  7.2300E-01  0.0000E+00  0.0000E+00  3.0000E+00  0.0000E+00  9.3993E-01  3.1708E+00  4.7798E+01  7.7067E-01 -2.6394E-01 -3.3724E-01  7.2300E-01  8.3214E-01 -1.0914E-01 -3.2593E-01
  3.0000E+01  3.3700E+02  0.0000E+00  9.8600E-01  0.0000E+00  0.0000E+00  3.0000E+00  0.0000E+00  9.3993E-01  3.1708E+00  4.7798E+01  1.2272E+00 -1.1441E+00 -1.2133E+00  9.8600E-01  1.2887E+00 -3.0275E-01 -1.1787E+00
  3.0000E+01  3.3800E+02  0.0000E+00  1.6540E+00  0.0000E+00  0.0000E+00  3.0000E+00  0.0000E+00  9.3993E-01  3.1708E+00  4.7798E+01  1.6278E+00  1.0754E-01  9.8449E-02  1.6540E+00  1.6425E+00  1.1525E-02  9.2933E-02
  3.0000E+01  3.4000E+02  0.0000E+00  2.0950E+00  0.0000E+00  0.0000E+00  3.0000E+00  0.0000E+00  9.3993E-01  3.1708E+00  4.7798E+01  1.6740E+00  1.7013E+00  1.7693E+00  2.0950E+00  1.6301E+00  4.6485E-01  1.7899E+00
  3.0000E+01  3.4400E+02  0.0000E+00  1.5350E+00  0.0000E+00  0.0000E+00  3.0000E+00  0.0000E+00  9.3993E-01  3.1708E+00  4.7798E+01  1.3228E+00  9.7252E-01  1.0476E+00  1.5350E+00  1.2804E+00  2.5459E-01  1.0603E+00
  3.0000E+01  3.4800E+02  0.0000E+00  1.3570E+00  0.0000E+00  0.0000E+00  3.0000E+00  0.0000E+00  9.3993E-01  3.1708E+00  4.7798E+01  1.0154E+00  1.7457E+00  1.8030E+00  1.3570E+00  9.8947E-01  3.6753E-01  1.8020E+00
  3.0000E+01  3.6000E+02  0.0000E+00  8.7400E-01  0.0000E+00  0.0000E+00  3.0000E+00  0.0000E+00  9.3993E-01  3.1708E+00  4.7798E+01  4.5807E-01  2.5017E+00  2.5273E+00  8.7400E-01  4.5625E-01  4.1775E-01  2.5111E+00
  3.1000E+01  0.0000E+00  1.0000E+02  0.0000E+00  1.0000E+00  1.0000E+00  1.0000E+00  0.0000E+00  1.2613E+00  4.9278E+00  3.9891E+01  0.0000E+00  0.0000E+00  0.0000E+00  0.0000E+00  0.0000E+00  0.0000E+00  0.0000E+00
  3.1000E+01  5.0000E-01  0.0000E+00  1.4140E+00  0.0000E+00  0.0000E+00  1.0000E+00  0.0000E+00  1.2613E+00  4.9278E+00  3.9891E+01  1.1334E+00  1.3761E+00  1.5661E+00  1.4140E+00  8.3210E-01  5.8190E-01  1.6803E+00
  3.1000E+01  1.0000E+00  0.0000E+00  1.9470E+00  0.0000E+00  0.0000E+00  1.0000E+00  0.0000E+00  1.2613E+00  4.9278E+00  3.9891E+01  1.6688E+00  1.1262E+00  1.3789E+00  1.9470E+00  1.2887E+00  6.5829E-01  1.5569E+00
  3.1000E+01  2.0000E+00  0.0000E+00  2.2300E+00  0.0000E+00  0.0000E+00  1.0000E+00  0.0000E+00  1.2613E+00  4.9278E+00  3.9891E+01  1.9476E+00  1.0374E+00  1.2530E+00  2.2300E+00  1.6424E+00  5.8756E-01  1.4656E+00
  3.1000E+01  4.0000E+00  0.0000E+00  1.6960E+00  0.0000E+00  0.0000E+00  1.0000E+00  0.0000E+00  1.2613E+00  4.9278E+00  3.9891E+01  1.6776E+00  7.4302E-02  8.0370E-02  1.6960E+00  1.6301E+00  6.5883E-02  1.8080E-01
  3.1000E+01  8.0000E+00  0.0000E+00  1.0580E+00  0.0000E+00  0.0000E+00  1.0000E+00  0.0000E+00  1.2613E+00  4.9278E+00  3.9891E+01  1.0343E+00  1.2027E-01 -1.4071E-01  1.0580E+00  1.2804E+00 -2.2238E-01 -2.7126E-01
  3.1000E+01  1.2000E+01  0.0000E+00  2.5000E-01  0.0000E+00  0.0000E+00  1.0000E+00  1.0000E+00  1.2613E+00  4.9278E+00  3.9891E+01  6.3111E-01 -2.1972E+00 -2.5223E+00  2.5000E-01  9.8945E-01 -7.3945E-01 -2.4891E+00
  3.1000E+01  2.4000E+01  0.0000E+00  2.5000E-01  0.0000E+00  0.0000E+00  1.0000E+00  1.0000E+00  1.2613E+00  4.9278E+00  3.9891E+01  1.4333E-01  6.7213E-01  4.8622E-01  2.5000E-01  4.5625E-01 -2.0625E-01  5.1957E-01
  3.1000E+01  1.6800E+02  1.0000E+02  0.0000E+00  1.0000E+00  1.0000E+00  2.0000E+00  0.0000E+00  1.2613E+00  4.9278E+00  3.9891E+01  2.6974E-09 -1.7086E-08  0.0000E+00  0.0000E+00  4.2154E-05  0.0000E+00  0.0000E+00
  3.1000E+01  1.6850E+02  0.0000E+00  1.0880E+00  0.0000E+00  0.0000E+00  2.0000E+00  0.0000E+00  1.2613E+00  4.9278E+00  3.9891E+01  1.1334E+00 -2.2280E-01 -3.2790E-02  1.0880E+00  8.3214E-01  2.5586E-01 -8.0621E-02
  3.1000E+01  1.6900E+02  0.0000E+00  1.6060E+00  0.0000E+00  0.0000E+00  2.0000E+00  0.0000E+00  1.2613E+00  4.9278E+00  3.9891E+01  1.6688E+00 -2.5426E-01 -1.6084E-03  1.6060E+00  1.2887E+00  3.1725E-01 -9.6030E-03
  3.1000E+01  1.7000E+02  0.0000E+00  1.6180E+00  0.0000E+00  0.0000E+00  2.0000E+00  0.0000E+00  1.2613E+00  4.9278E+00  3.9891E+01  1.9476E+00 -1.2111E+00 -9.9543E-01  1.6180E+00  1.6425E+00 -2.4475E-02 -1.0166E+00
  3.1000E+01  1.7200E+02  0.0000E+00  1.7930E+00  0.0000E+00  0.0000E+00  2.0000E+00  0.0000E+00  1.2613E+00  4.9278E+00  3.9891E+01  1.6776E+00  4.6577E-01  4.7184E-01  1.7930E+00  1.6301E+00  1.6285E-01  5.7721E-01
  3.1000E+01  1.7600E+02  0.0000E+00  1.2280E+00  0.0000E+00  0.0000E+00  2.0000E+00  0.0000E+00  1.2613E+00  4.9278E+00  3.9891E+01  1.0343E+00  9.8345E-01  7.2247E-01  1.2280E+00  1.2804E+00 -5.2410E-02  5.1397E-01
  3.1000E+01  1.8000E+02  0.0000E+00  9.2800E-01  0.0000E+00  0.0000E+00  2.0000E+00  0.0000E+00  1.2613E+00  4.9278E+00  3.9891E+01  6.3111E-01  1.7117E+00  1.3866E+00  9.2800E-01  9.8947E-01 -6.1469E-02  9.7415E-01
  3.1000E+01  1.9200E+02  0.0000E+00  2.5000E-01  0.0000E+00  0.0000E+00  2.0000E+00  1.0000E+00  1.2613E+00  4.9278E+00  3.9891E+01  1.4333E-01  6.7213E-01  4.8622E-01  2.5000E-01  4.5625E-01 -2.0625E-01  5.1984E-01
  3.1000E+01  3.3600E+02  1.0000E+02  0.0000E+00  1.0000E+00  1.0000E+00  3.0000E+00  0.0000E+00  1.2613E+00  4.9278E+00  3.9891E+01  2.6974E-09 -1.7086E-08  0.0000E+00  0.0000E+00  4.2155E-05  0.0000E+00  0.0000E+00
  3.1000E+01  3.3650E+02  0.0000E+00  8.3700E-01  0.0000E+00  0.0000E+00  3.0000E+00  0.0000E+00  1.2613E+00  4.9278E+00  3.9891E+01  1.1334E+00 -1.4538E+00 -1.2638E+00  8.3700E-01  8.3214E-01  4.8608E-03 -1.4371E+00
  3.1000E+01  3.3700E+02  0.0000E+00  1.5790E+00  0.0000E+00  0.0000E+00  3.0000E+00  0.0000E+00  1.2613E+00  4.9278E+00  3.9891E+01  1.6688E+00 -3.6357E-01 -1.1091E-01  1.5790E+00  1.2887E+00  2.9025E-01 -1.3369E-01
  3.1000E+01  3.3800E+02  0.0000E+00  2.0640E+00  0.0000E+00  0.0000E+00  3.0000E+00  0.0000E+00  1.2613E+00  4.9278E+00  3.9891E+01  1.9476E+00  4.2752E-01  6.4317E-01  2.0640E+00  1.6425E+00  4.2152E-01  7.9277E-01
  3.1000E+01  3.4000E+02  0.0000E+00  1.8520E+00  0.0000E+00  0.0000E+00  3.0000E+00  0.0000E+00  1.2613E+00  4.9278E+00  3.9891E+01  1.6776E+00  7.0388E-01  7.0995E-01  1.8520E+00  1.6301E+00  2.2185E-01  8.1800E-01
  3.1000E+01  3.4400E+02  0.0000E+00  9.0200E-01  0.0000E+00  0.0000E+00  3.0000E+00  0.0000E+00  1.2613E+00  4.9278E+00  3.9891E+01  1.0343E+00 -6.7183E-01 -9.3281E-01  9.0200E-01  1.2804E+00 -3.7841E-01 -9.9086E-01
  3.1000E+01  3.4800E+02  0.0000E+00  2.5000E-01  0.0000E+00  0.0000E+00  3.0000E+00  1.0000E+00  1.2613E+00  4.9278E+00  3.9891E+01  6.3111E-01 -2.1972E+00 -2.5223E+00  2.5000E-01  9.8947E-01 -7.3947E-01 -2.4886E+00
  3.1000E+01  3.6000E+02  0.0000E+00  2.5000E-01  0.0000E+00  0.0000E+00  3.0000E+00  1.0000E+00  1.2613E+00  4.9278E+00  3.9891E+01  1.4333E-01  6.7213E-01  4.8622E-01  2.5000E-01  4.5625E-01 -2.0625E-01  5.1984E-01
  3.2000E+01  0.0000E+00  1.0000E+02  0.0000E+00  1.0000E+00  1.0000E+00  1.0000E+00  0.0000E+00  8.5329E-01  1.3391E+00  4.6875E+01  0.0000E+00  0.0000E+00  0.0000E+00  0.0000E+00  0.0000E+00  0.0000E+00  0.0000E+00
  3.2000E+01  5.0000E-01  0.0000E+00  1.0750E+00  0.0000E+00  0.0000E+00  1.0000E+00  0.0000E+00  8.5329E-01  1.3391E+00  4.6875E+01  7.3527E-01  1.9012E+00  1.7853E+00  1.0750E+00  8.3210E-01  2.4290E-01  1.7407E+00
  3.2000E+01  1.0000E+00  0.0000E+00  1.3880E+00  0.0000E+00  0.0000E+00  1.0000E+00  0.0000E+00  8.5329E-01  1.3391E+00  4.6875E+01  1.2048E+00  8.7627E-01  7.4230E-01  1.3880E+00  1.2887E+00  9.9294E-02  7.6001E-01
  3.2000E+01  2.0000E+00  0.0000E+00  1.7890E+00  0.0000E+00  0.0000E+00  1.0000E+00  0.0000E+00  8.5329E-01  1.3391E+00  4.6875E+01  1.6841E+00  4.2256E-01  3.6001E-01  1.7890E+00  1.6424E+00  1.4656E-01  4.5560E-01
  3.2000E+01  4.0000E+00  0.0000E+00  1.6820E+00  0.0000E+00  0.0000E+00  1.0000E+00  0.0000E+00  8.5329E-01  1.3391E+00  4.6875E+01  1.8962E+00 -8.0083E-01 -6.9197E-01  1.6820E+00  1.6301E+00  5.1883E-02 -6.8412E-01
  3.2000E+01  8.0000E+00  0.0000E+00  1.8370E+00  0.0000E+00  0.0000E+00  1.0000E+00  0.0000E+00  8.5329E-01  1.3391E+00  4.6875E+01  1.7539E+00  3.2659E-01  6.1385E-01  1.8370E+00  1.2804E+00  5.5662E-01  5.9685E-01
  3.2000E+01  1.2000E+01  0.0000E+00  1.7160E+00  0.0000E+00  0.0000E+00  1.0000E+00  0.0000E+00  8.5329E-01  1.3391E+00  4.6875E+01  1.5665E+00  6.2752E-01  1.0205E+00  1.7160E+00  9.8945E-01  7.2655E-01  1.0145E+00
  3.2000E+01  2.4000E+01  0.0000E+00  1.3540E+00  0.0000E+00  0.0000E+00  1.0000E+00  0.0000E+00  8.5329E-01  1.3391E+00  4.6875E+01  1.1119E+00  1.1962E+00  1.7712E+00  1.3540E+00  4.5625E-01  8.9775E-01  2.2499E+00
  3.2000E+01  1.6800E+02  1.0000E+02  0.0000E+00  1.0000E+00  1.0000E+00  2.0000E+00  0.0000E+00  8.5329E-01  1.3391E+00  4.6875E+01  1.8177E-02 -1.1513E-01  0.0000E+00  0.0000E+00  4.2154E-05  0.0000E+00  0.0000E+00
  3.2000E+01  1.6850E+02  0.0000E+00  2.5000E-01  0.0000E+00  0.0000E+00  2.0000E+00  1.0000E+00  8.5329E-01  1.3391E+00  4.6875E+01  7.5319E-01 -2.8009E+00 -2.8508E+00  2.5000E-01  8.3214E-01 -5.8214E-01 -2.7201E+00
  3.2000E+01  1.6900E+02  0.0000E+00  9.9400E-01  0.0000E+00  0.0000E+00  2.0000E+00  0.0000E+00  8.5329E-01  1.3391E+00  4.6875E+01  1.2224E+00 -1.0854E+00 -1.1560E+00  9.9400E-01  1.2887E+00 -2.9475E-01 -1.0524E+00
  3.2000E+01  1.7000E+02  0.0000E+00  1.4840E+00  0.0000E+00  0.0000E+00  2.0000E+00  0.0000E+00  8.5329E-01  1.3391E+00  4.6875E+01  1.7012E+00 -8.6938E-01 -8.7235E-01  1.4840E+00  1.6425E+00 -1.5848E-01 -7.8309E-01
  3.2000E+01  1.7200E+02  0.0000E+00  2.2560E+00  0.0000E+00  0.0000E+00  2.0000E+00  0.0000E+00  8.5329E-01  1.3391E+00  4.6875E+01  1.9124E+00  1.2777E+00  1.4423E+00  2.2560E+00  1.6301E+00  6.2585E-01  1.6573E+00
  3.2000E+01  1.7600E+02  0.0000E+00  1.4510E+00  0.0000E+00  0.0000E+00  2.0000E+00  0.0000E+00  8.5329E-01  1.3391E+00  4.6875E+01  1.7683E+00 -1.2404E+00 -9.0186E-01  1.4510E+00  1.2804E+00  1.7059E-01 -1.1860E+00
  3.2000E+01  1.8000E+02  0.0000E+00  1.4550E+00  0.0000E+00  0.0000E+00  2.0000E+00  0.0000E+00  8.5329E-01  1.3391E+00  4.6875E+01  1.5794E+00 -5.2008E-01 -7.9618E-02  1.4550E+00  9.8947E-01  4.6553E-01 -3.1952E-01
  3.2000E+01  1.9200E+02  0.0000E+00  1.2890E+00  0.0000E+00  0.0000E+00  2.0000E+00  0.0000E+00  8.5329E-01  1.3391E+00  4.6875E+01  1.1211E+00  8.2704E-01  1.4393E+00  1.2890E+00  4.5625E-01  8.3275E-01  1.8596E+00
  3.2000E+01  3.3600E+02  1.0000E+02  0.0000E+00  1.0000E+00  1.0000E+00  3.0000E+00  0.0000E+00  8.5329E-01  1.3391E+00  4.6875E+01  1.8327E-02 -1.1608E-01  0.0000E+00  0.0000E+00  4.2155E-05  0.0000E+00  0.0000E+00
  3.2000E+01  3.3650E+02  0.0000E+00  7.0600E-01  0.0000E+00  0.0000E+00  3.0000E+00  0.0000E+00  8.5329E-01  1.3391E+00  4.6875E+01  7.5334E-01 -2.6348E-01 -3.1230E-01  7.0600E-01  8.3214E-01 -1.2614E-01 -2.5564E-01
  3.2000E+01  3.3700E+02  0.0000E+00  1.3450E+00  0.0000E+00  0.0000E+00  3.0000E+00  0.0000E+00  8.5329E-01  1.3391E+00  4.6875E+01  1.2226E+00  5.8176E-01  5.1219E-01  1.3450E+00  1.2887E+00  5.6255E-02  5.6073E-01
  3.2000E+01  3.3800E+02  0.0000E+00  1.5870E+00  0.0000E+00  0.0000E+00  3.0000E+00  0.0000E+00  8.5329E-01  1.3391E+00  4.6875E+01  1.7014E+00 -4.5770E-01 -4.5970E-01  1.5870E+00  1.6425E+00 -5.5475E-02 -3.6523E-01
  3.2000E+01  3.4000E+02  0.0000E+00  2.5600E+00  0.0000E+00  0.0000E+00  3.0000E+00  0.0000E+00  8.5329E-01  1.3391E+00  4.6875E+01  1.9125E+00  2.4076E+00  2.5731E+00  2.5600E+00  1.6301E+00  9.2985E-01  2.8980E+00
  3.2000E+01  3.4400E+02  0.0000E+00  1.5670E+00  0.0000E+00  0.0000E+00  3.0000E+00  0.0000E+00  8.5329E-01  1.3391E+00  4.6875E+01  1.7685E+00 -7.8742E-01 -4.4804E-01  1.5670E+00  1.2804E+00  2.8659E-01 -6.5057E-01
  3.2000E+01  3.4800E+02  0.0000E+00  1.0760E+00  0.0000E+00  0.0000E+00  3.0000E+00  0.0000E+00  8.5329E-01  1.3391E+00  4.6875E+01  1.5795E+00 -2.1044E+00 -1.6632E+00  1.0760E+00  9.8947E-01  8.6531E-02 -2.2552E+00
  3.2000E+01  3.6000E+02  0.0000E+00  1.2110E+00  0.0000E+00  0.0000E+00  3.0000E+00  0.0000E+00  8.5329E-01  1.3391E+00  4.6875E+01  1.1212E+00  4.4244E-01  1.0552E+00  1.2110E+00  4.5625E-01  7.5475E-01  1.3919E+00
  3.3000E+01  0.0000E+00  1.0000E+02  0.0000E+00  1.0000E+00  1.0000E+00  1.0000E+00  0.0000E+00  1.3919E+00  9.0005E-01  5.2035E+01  0.0000E+00  0.0000E+00  0.0000E+00  0.0000E+00  0.0000E+00  0.0000E+00  0.0000E+00
  3.3000E+01  5.0000E-01  0.0000E+00  1.2320E+00  0.0000E+00  0.0000E+00  1.0000E+00  0.0000E+00  1.3919E+00  9.0005E-01  5.2035E+01  9.5892E-01  1.4227E+00  1.4903E+00  1.2320E+00  8.3210E-01  3.9990E-01  1.3870E+00
  3.3000E+01  1.0000E+00  0.0000E+00  1.5440E+00  0.0000E+00  0.0000E+00  1.0000E+00  0.0000E+00  1.3919E+00  9.0005E-01  5.2035E+01  1.4288E+00  5.0823E-01  4.8657E-01  1.5440E+00  1.2887E+00  2.5529E-01  4.3749E-01
  3.3000E+01  2.0000E+00  0.0000E+00  1.3250E+00  0.0000E+00  0.0000E+00  1.0000E+00  0.0000E+00  1.3919E+00  9.0005E-01  5.2035E+01  1.7595E+00 -1.7037E+00 -1.8692E+00  1.3250E+00  1.6424E+00 -3.1744E-01 -1.8540E+00
  3.3000E+01  4.0000E+00  0.0000E+00  1.4860E+00  0.0000E+00  0.0000E+00  1.0000E+00  0.0000E+00  1.3919E+00  9.0005E-01  5.2035E+01  1.8084E+00 -1.2428E+00 -1.4387E+00  1.4860E+00  1.6301E+00 -1.4412E-01 -1.4266E+00
  3.3000E+01  8.0000E+00  0.0000E+00  1.8350E+00  0.0000E+00  0.0000E+00  1.0000E+00  0.0000E+00  1.3919E+00  9.0005E-01  5.2035E+01  1.6945E+00  5.6382E-01  5.1503E-01  1.8350E+00  1.2804E+00  5.5462E-01  4.1396E-01
  3.3000E+01  1.2000E+01  0.0000E+00  1.3740E+00  0.0000E+00  0.0000E+00  1.0000E+00  0.0000E+00  1.3919E+00  9.0005E-01  5.2035E+01  1.5812E+00 -8.6545E-01 -7.6966E-01  1.3740E+00  9.8945E-01  3.8455E-01 -1.2489E+00
  3.3000E+01  2.4000E+01  0.0000E+00  1.5090E+00  0.0000E+00  0.0000E+00  1.0000E+00  0.0000E+00  1.3919E+00  9.0005E-01  5.2035E+01  1.2848E+00  1.0416E+00  1.4772E+00  1.5090E+00  4.5625E-01  1.0528E+00  2.2548E+00
  3.3000E+01  1.6800E+02  1.0000E+02  0.0000E+00  1.0000E+00  1.0000E+00  2.0000E+00  0.0000E+00  1.3919E+00  9.0005E-01  5.2035E+01  1.0644E-01 -6.7228E-01  0.0000E+00  0.0000E+00  4.2154E-05  0.0000E+00  0.0000E+00
  3.3000E+01  1.6850E+02  0.0000E+00  1.2230E+00  0.0000E+00  0.0000E+00  2.0000E+00  0.0000E+00  1.3919E+00  9.0005E-01  5.2035E+01  1.0645E+00  7.9665E-01  1.2608E+00  1.2230E+00  8.3214E-01  3.9086E-01  1.3356E+00
  3.3000E+01  1.6900E+02  0.0000E+00  1.7320E+00  0.0000E+00  0.0000E+00  2.0000E+00  0.0000E+00  1.3919E+00  9.0005E-01  5.2035E+01  1.5334E+00  8.4372E-01  1.2033E+00  1.7320E+00  1.2887E+00  4.4325E-01  1.2993E+00
  3.3000E+01  1.7000E+02  0.0000E+00  2.1310E+00  0.0000E+00  0.0000E+00  2.0000E+00  0.0000E+00  1.3919E+00  9.0005E-01  5.2035E+01  1.8623E+00  1.0164E+00  1.2199E+00  2.1310E+00  1.6425E+00  4.8852E-01  1.4141E+00
  3.3000E+01  1.7200E+02  0.0000E+00  2.2810E+00  0.0000E+00  0.0000E+00  2.0000E+00  0.0000E+00  1.3919E+00  9.0005E-01  5.2035E+01  1.9078E+00  1.3901E+00  1.5548E+00  2.2810E+00  1.6301E+00  6.5085E-01  1.8163E+00
  3.3000E+01  1.7600E+02  0.0000E+00  1.8230E+00  0.0000E+00  0.0000E+00  2.0000E+00  0.0000E+00  1.3919E+00  9.0005E-01  5.2035E+01  1.7871E+00  1.3922E-01  4.3756E-01  1.8230E+00  1.2804E+00  5.4259E-01  3.5712E-01
  3.3000E+01  1.8000E+02  0.0000E+00  1.5200E+00  0.0000E+00  0.0000E+00  2.0000E+00  0.0000E+00  1.3919E+00  9.0005E-01  5.2035E+01  1.6677E+00 -5.9820E-01 -1.6843E-01  1.5200E+00  9.8947E-01  5.3053E-01 -5.0447E-01
  3.3000E+01  1.9200E+02  0.0000E+00  1.3840E+00  0.0000E+00  0.0000E+00  2.0000E+00  0.0000E+00  1.3919E+00  9.0005E-01  5.2035E+01  1.3551E+00  1.3086E-01  8.6266E-01  1.3840E+00  4.5625E-01  9.2775E-01  1.5045E+00
  3.3000E+01  3.3600E+02  1.0000E+02  0.0000E+00  1.0000E+00  1.0000E+00  3.0000E+00  0.0000E+00  1.3919E+00  9.0005E-01  5.2035E+01  1.1227E-01 -7.0882E-01  0.0000E+00  0.0000E+00  4.2155E-05  0.0000E+00  0.0000E+00
  3.3000E+01  3.3650E+02  0.0000E+00  7.4900E-01  0.0000E+00  0.0000E+00  3.0000E+00  0.0000E+00  1.3919E+00  9.0005E-01  5.2035E+01  1.0702E+00 -1.6108E+00 -1.1021E+00  7.4900E-01  8.3214E-01 -8.3139E-02 -1.2261E+00
  3.3000E+01  3.3700E+02  0.0000E+00  1.1030E+00  0.0000E+00  0.0000E+00  3.0000E+00  0.0000E+00  1.3919E+00  9.0005E-01  5.2035E+01  1.5391E+00 -1.8492E+00 -1.4471E+00  1.1030E+00  1.2887E+00 -1.8575E-01 -1.5915E+00
  3.3000E+01  3.3800E+02  0.0000E+00  1.9330E+00  0.0000E+00  0.0000E+00  3.0000E+00  0.0000E+00  1.3919E+00  9.0005E-01  5.2035E+01  1.8680E+00  2.4555E-01  4.8998E-01  1.9330E+00  1.6425E+00  2.9052E-01  6.1085E-01
  3.3000E+01  3.4000E+02  0.0000E+00  1.9420E+00  0.0000E+00  0.0000E+00  3.0000E+00  0.0000E+00  1.3919E+00  9.0005E-01  5.2035E+01  1.9132E+00  1.0705E-01  3.1141E-01  1.9420E+00  1.6301E+00  3.1185E-01  4.3283E-01
  3.3000E+01  3.4400E+02  0.0000E+00  1.6590E+00  0.0000E+00  0.0000E+00  3.0000E+00  0.0000E+00  1.3919E+00  9.0005E-01  5.2035E+01  1.7922E+00 -5.1640E-01 -1.8024E-01  1.6590E+00  1.2804E+00  3.7859E-01 -3.9991E-01
  3.3000E+01  3.4800E+02  0.0000E+00  1.4930E+00  0.0000E+00  0.0000E+00  3.0000E+00  0.0000E+00  1.3919E+00  9.0005E-01  5.2035E+01  1.6724E+00 -7.2549E-01 -2.5967E-01  1.4930E+00  9.8947E-01  5.0353E-01 -6.4237E-01
  3.3000E+01  3.6000E+02  0.0000E+00  1.7110E+00  0.0000E+00  0.0000E+00  3.0000E+00  0.0000E+00  1.3919E+00  9.0005E-01  5.2035E+01  1.3590E+00  1.5927E+00  2.3556E+00  1.7110E+00  4.5625E-01  1.2547E+00  3.4652E+00
  3.4000E+01  0.0000E+00  1.0000E+02  0.0000E+00  1.0000E+00  1.0000E+00  1.0000E+00  0.0000E+00  7.6701E-01  4.2087E+00  4.6677E+01  0.0000E+00  0.0000E+00  0.0000E+00  0.0000E+00  0.0000E+00  0.0000E+00  0.0000E+00
  3.4000E+01  5.0000E-01  0.0000E+00  2.5000E-01  0.0000E+00  0.0000E+00  1.0000E+00  1.0000E+00  7.6701E-01  4.2087E+00  4.6677E+01  6.6630E-01 -2.3769E+00 -2.4804E+00  2.5000E-01  8.3210E-01 -5.8210E-01 -2.2845E+00
  3.4000E+01  1.0000E+00  0.0000E+00  6.2500E-01  0.0000E+00  0.0000E+00  1.0000E+00  0.0000E+00  7.6701E-01  4.2087E+00  4.6677E+01  1.0910E+00 -2.3199E+00 -2.4401E+00  6.2500E-01  1.2887E+00 -6.6371E-01 -2.2343E+00
  3.4000E+01  2.0000E+00  0.0000E+00  1.0120E+00  0.0000E+00  0.0000E+00  1.0000E+00  0.0000E+00  7.6701E-01  4.2087E+00  4.6677E+01  1.5036E+00 -2.1111E+00 -2.1706E+00  1.0120E+00  1.6424E+00 -6.3044E-01 -2.0675E+00
  3.4000E+01  4.0000E+00  0.0000E+00  1.4390E+00  0.0000E+00  0.0000E+00  1.0000E+00  0.0000E+00  7.6701E-01  4.2087E+00  4.6677E+01  1.5798E+00 -5.8820E-01 -5.5463E-01  1.4390E+00  1.6301E+00 -1.9112E-01 -5.3410E-01
  3.4000E+01  8.0000E+00  0.0000E+00  1.2710E+00  0.0000E+00  0.0000E+00  1.0000E+00  0.0000E+00  7.6701E-01  4.2087E+00  4.6677E+01  1.1749E+00  4.6439E-01  4.0457E-01  1.2710E+00  1.2804E+00 -9.3847E-03  4.0659E-01
  3.4000E+01  1.2000E+01  0.0000E+00  8.3100E-01  0.0000E+00  0.0000E+00  1.0000E+00  0.0000E+00  7.6701E-01  4.2087E+00  4.6677E+01  8.2258E-01  4.5855E-02 -1.2884E-01  8.3100E-01  9.8945E-01 -1.5845E-01 -1.2035E-01
  3.4000E+01  2.4000E+01  0.0000E+00  2.5000E-01  0.0000E+00  0.0000E+00  1.0000E+00  1.0000E+00  7.6701E-01  4.2087E+00  4.6677E+01  2.7887E-01 -1.7931E-01 -3.9044E-01  2.5000E-01  4.5625E-01 -2.0625E-01 -3.4398E-01
  3.4000E+01  1.6800E+02  1.0000E+02  0.0000E+00  1.0000E+00  1.0000E+00  2.0000E+00  0.0000E+00  7.6701E-01  4.2087E+00  4.6677E+01  6.4064E-07 -4.0580E-06  0.0000E+00  0.0000E+00  4.2154E-05  0.0000E+00  0.0000E+00
  3.4000E+01  1.6850E+02  0.0000E+00  8.6400E-01  0.0000E+00  0.0000E+00  2.0000E+00  0.0000E+00  7.6701E-01  4.2087E+00  4.6677E+01  6.6630E-01  1.1288E+00  1.0252E+00  8.6400E-01  8.3214E-01  3.1861E-02  1.0342E+00
  3.4000E+01  1.6900E+02  0.0000E+00  1.2110E+00  0.0000E+00  0.0000E+00  2.0000E+00  0.0000E+00  7.6701E-01  4.2087E+00  4.6677E+01  1.0910E+00  5.9743E-01  4.7718E-01  1.2110E+00  1.2887E+00 -7.7745E-02  4.5920E-01
  3.4000E+01  1.7000E+02  0.0000E+00  1.7510E+00  0.0000E+00  0.0000E+00  2.0000E+00  0.0000E+00  7.6701E-01  4.2087E+00  4.6677E+01  1.5036E+00  1.0625E+00  1.0030E+00  1.7510E+00  1.6425E+00  1.0852E-01  9.3077E-01
  3.4000E+01  1.7200E+02  0.0000E+00  1.8840E+00  0.0000E+00  0.0000E+00  2.0000E+00  0.0000E+00  7.6701E-01  4.2087E+00  4.6677E+01  1.5798E+00  1.2714E+00  1.3049E+00  1.8840E+00  1.6301E+00  2.5385E-01  1.2822E+00
  3.4000E+01  1.7600E+02  0.0000E+00  1.2380E+00  0.0000E+00  0.0000E+00  2.0000E+00  0.0000E+00  7.6701E-01  4.2087E+00  4.6677E+01  1.1749E+00  3.0491E-01  2.4508E-01  1.2380E+00  1.2804E+00 -4.2410E-02  2.5444E-01
  3.4000E+01  1.8000E+02  0.0000E+00  1.0730E+00  0.0000E+00  0.0000E+00  2.0000E+00  0.0000E+00  7.6701E-01  4.2087E+00  4.6677E+01  8.2258E-01  1.3643E+00  1.1896E+00  1.0730E+00  9.8947E-01  8.3531E-02  1.1158E+00
  3.4000E+01  1.9200E+02  0.0000E+00  2.5000E-01  0.0000E+00  0.0000E+00  2.0000E+00  1.0000E+00  7.6701E-01  4.2087E+00  4.6677E+01  2.7887E-01 -1.7931E-01 -3.9044E-01  2.5000E-01  4.5625E-01 -2.0625E-01 -3.4387E-01
  3.4000E+01  3.3600E+02  1.0000E+02  0.0000E+00  1.0000E+00  1.0000E+00  3.0000E+00  0.0000E+00  7.6701E-01  4.2087E+00  4.6677E+01  6.4064E-07 -4.0580E-06  0.0000E+00  0.0000E+00  4.2155E-05  0.0000E+00  0.0000E+00
  3.4000E+01  3.3650E+02  0.0000E+00  8.2900E-01  0.0000E+00  0.0000E+00  3.0000E+00  0.0000E+00  7.6701E-01  4.2087E+00  4.6677E+01  6.6630E-01  9.2892E-01  8.2535E-01  8.2900E-01  8.3214E-01 -3.1392E-03  8.4500E-01
  3.4000E+01  3.3700E+02  0.0000E+00  1.1220E+00  0.0000E+00  0.0000E+00  3.0000E+00  0.0000E+00  7.6701E-01  4.2087E+00  4.6677E+01  1.0910E+00  1.5436E-01  3.4103E-02  1.1220E+00  1.2887E+00 -1.6675E-01  5.0160E-02
  3.4000E+01  3.3800E+02  0.0000E+00  1.9150E+00  0.0000E+00  0.0000E+00  3.0000E+00  0.0000E+00  7.6701E-01  4.2087E+00  4.6677E+01  1.5036E+00  1.7668E+00  1.7073E+00  1.9150E+00  1.6425E+00  2.7252E-01  1.5961E+00
  3.4000E+01  3.4000E+02  0.0000E+00  1.5160E+00  0.0000E+00  0.0000E+00  3.0000E+00  0.0000E+00  7.6701E-01  4.2087E+00  4.6677E+01  1.5798E+00 -2.6644E-01 -2.3287E-01  1.5160E+00  1.6301E+00 -1.1415E-01 -2.1966E-01
  3.4000E+01  3.4400E+02  0.0000E+00  1.0110E+00  0.0000E+00  0.0000E+00  3.0000E+00  0.0000E+00  7.6701E-01  4.2087E+00  4.6677E+01  1.1749E+00 -7.9217E-01 -8.5199E-01  1.0110E+00  1.2804E+00 -2.6941E-01 -7.9340E-01
  3.4000E+01  3.4800E+02  0.0000E+00  5.9600E-01  0.0000E+00  0.0000E+00  3.0000E+00  0.0000E+00  7.6701E-01  4.2087E+00  4.6677E+01  8.2258E-01 -1.2344E+00 -1.4091E+00  5.9600E-01  9.8947E-01 -3.9347E-01 -1.3204E+00
  3.4000E+01  3.6000E+02  0.0000E+00  2.5000E-01  0.0000E+00  0.0000E+00  3.0000E+00  1.0000E+00  7.6701E-01  4.2087E+00  4.6677E+01  2.7887E-01 -1.7931E-01 -3.9044E-01  2.5000E-01  4.5625E-01 -2.0625E-01 -3.4387E-01
  3.5000E+01  0.0000E+00  1.0000E+02  0.0000E+00  1.0000E+00  1.0000E+00  1.0000E+00  0.0000E+00  1.5608E+00  6.4757E+00  4.5475E+01  0.0000E+00  0.0000E+00  0.0000E+00  0.0000E+00  0.0000E+00  0.0000E+00  0.0000E+00
  3.5000E+01  5.0000E-01  0.0000E+00  1.3810E+00  0.0000E+00  0.0000E+00  1.0000E+00  0.0000E+00  1.5608E+00  6.4757E+00  4.5475E+01  1.1447E+00  1.1545E+00  1.4797E+00  1.3810E+00  8.3210E-01  5.4890E-01  1.6166E+00
  3.5000E+01  1.0000E+00  0.0000E+00  1.9470E+00  0.0000E+00  0.0000E+00  1.0000E+00  0.0000E+00  1.5608E+00  6.4757E+00  4.5475E+01  1.5905E+00  1.4839E+00  1.7319E+00  1.9470E+00  1.2887E+00  6.5829E-01  1.9389E+00
  3.5000E+01  2.0000E+00  0.0000E+00  1.5140E+00  0.0000E+00  0.0000E+00  1.0000E+00  0.0000E+00  1.5608E+00  6.4757E+00  4.5475E+01  1.7134E+00 -7.9457E-01 -8.0470E-01  1.5140E+00  1.6424E+00 -1.2844E-01 -6.8553E-01
  3.5000E+01  4.0000E+00  0.0000E+00  9.5700E-01  0.0000E+00  0.0000E+00  1.0000E+00  0.0000E+00  1.5608E+00  6.4757E+00  4.5475E+01  1.3643E+00 -1.8391E+00 -2.1004E+00  9.5700E-01  1.6301E+00 -6.7312E-01 -1.8165E+00
  3.5000E+01  8.0000E+00  0.0000E+00  2.5000E-01  0.0000E+00  0.0000E+00  1.0000E+00  1.0000E+00  1.5608E+00  6.4757E+00  4.5475E+01  7.7450E-01 -2.9006E+00 -3.2536E+00  2.5000E-01  1.2804E+00 -1.0304E+00 -3.0553E+00
  3.5000E+01  1.2000E+01  0.0000E+00  2.5000E-01  0.0000E+00  0.0000E+00  1.0000E+00  1.0000E+00  1.5608E+00  6.4757E+00  4.5475E+01  4.3818E-01 -1.1366E+00 -1.4454E+00  2.5000E-01  9.8945E-01 -7.3945E-01 -1.7281E+00
  3.5000E+01  2.4000E+01  0.0000E+00  2.5000E-01  0.0000E+00  0.0000E+00  1.0000E+00  1.0000E+00  1.5608E+00  6.4757E+00  4.5475E+01  7.9347E-02  1.0792E+00  9.6417E-01  2.5000E-01  4.5625E-01 -2.0625E-01  8.1490E-01
  3.5000E+01  1.6800E+02  1.0000E+02  0.0000E+00  1.0000E+00  1.0000E+00  2.0000E+00  0.0000E+00  1.5608E+00  6.4757E+00  4.5475E+01  9.8638E-11 -6.2480E-10  0.0000E+00  0.0000E+00  4.2154E-05  0.0000E+00  0.0000E+00
  3.5000E+01  1.6850E+02  0.0000E+00  1.1400E+00  0.0000E+00  0.0000E+00  2.0000E+00  0.0000E+00  1.5608E+00  6.4757E+00  4.5475E+01  1.1447E+00 -2.2783E-02  3.0239E-01  1.1400E+00  8.3214E-01  3.0786E-01  3.1494E-01
  3.5000E+01  1.6900E+02  0.0000E+00  1.9050E+00  0.0000E+00  0.0000E+00  2.0000E+00  0.0000E+00  1.5608E+00  6.4757E+00  4.5475E+01  1.5905E+00  1.3091E+00  1.5570E+00  1.9050E+00  1.2887E+00  6.1625E-01  1.7465E+00
  3.5000E+01  1.7000E+02  0.0000E+00  1.7680E+00  0.0000E+00  0.0000E+00  2.0000E+00  0.0000E+00  1.5608E+00  6.4757E+00  4.5475E+01  1.7134E+00  2.1764E-01  2.0751E-01  1.7680E+00  1.6425E+00  1.2552E-01  3.4549E-01
  3.5000E+01  1.7200E+02  0.0000E+00  1.6920E+00  0.0000E+00  0.0000E+00  2.0000E+00  0.0000E+00  1.5608E+00  6.4757E+00  4.5475E+01  1.3643E+00  1.4798E+00  1.2184E+00  1.6920E+00  1.6301E+00  6.1850E-02  1.1837E+00
  3.5000E+01  1.7600E+02  0.0000E+00  1.0130E+00  0.0000E+00  0.0000E+00  2.0000E+00  0.0000E+00  1.5608E+00  6.4757E+00  4.5475E+01  7.7450E-01  1.3190E+00  9.6600E-01  1.0130E+00  1.2804E+00 -2.6741E-01  4.6727E-01
  3.5000E+01  1.8000E+02  0.0000E+00  6.3800E-01  0.0000E+00  0.0000E+00  2.0000E+00  0.0000E+00  1.5608E+00  6.4757E+00  4.5475E+01  4.3818E-01  1.2069E+00  8.9810E-01  6.3800E-01  9.8947E-01 -3.5147E-01  2.5401E-01
  3.5000E+01  1.9200E+02  0.0000E+00  2.5000E-01  0.0000E+00  0.0000E+00  2.0000E+00  1.0000E+00  1.5608E+00  6.4757E+00  4.5475E+01  7.9347E-02  1.0792E+00  9.6417E-01  2.5000E-01  4.5625E-01 -2.0625E-01  8.1514E-01
  3.5000E+01  3.3600E+02  1.0000E+02  0.0000E+00  1.0000E+00  1.0000E+00  3.0000E+00  0.0000E+00  1.5608E+00  6.4757E+00  4.5475E+01  9.8638E-11 -6.2480E-10  0.0000E+00  0.0000E+00  4.2155E-05  0.0000E+00  0.0000E+00
  3.5000E+01  3.3650E+02  0.0000E+00  6.4300E-01  0.0000E+00  0.0000E+00  3.0000E+00  0.0000E+00  1.5608E+00  6.4757E+00  4.5475E+01  1.1447E+00 -2.4507E+00 -2.1255E+00  6.4300E-01  8.3214E-01 -1.8914E-01 -2.3711E+00
  3.5000E+01  3.3700E+02  0.0000E+00  1.4010E+00  0.0000E+00  0.0000E+00  3.0000E+00  0.0000E+00  1.5608E+00  6.4757E+00  4.5475E+01  1.5905E+00 -7.8892E-01 -5.4097E-01  1.4010E+00  1.2887E+00  1.1225E-01 -5.6981E-01
  3.5000E+01  3.3800E+02  0.0000E+00  1.7250E+00  0.0000E+00  0.0000E+00  3.0000E+00  0.0000E+00  1.5608E+00  6.4757E+00  4.5475E+01  1.7134E+00  4.6281E-02  3.6151E-02  1.7250E+00  1.6425E+00  8.2525E-02  1.7104E-01
  3.5000E+01  3.4000E+02  0.0000E+00  1.4690E+00  0.0000E+00  0.0000E+00  3.0000E+00  0.0000E+00  1.5608E+00  6.4757E+00  4.5475E+01  1.3643E+00  4.7281E-01  2.1148E-01  1.4690E+00  1.6301E+00 -1.6115E-01  2.7361E-01
  3.5000E+01  3.4400E+02  0.0000E+00  8.2000E-01  0.0000E+00  0.0000E+00  3.0000E+00  0.0000E+00  1.5608E+00  6.4757E+00  4.5475E+01  7.7450E-01  2.5162E-01 -1.0134E-01  8.2000E-01  1.2804E+00 -4.6041E-01 -4.2362E-01
  3.5000E+01  3.4800E+02  0.0000E+00  2.5000E-01  0.0000E+00  0.0000E+00  3.0000E+00  1.0000E+00  1.5608E+00  6.4757E+00  4.5475E+01  4.3818E-01 -1.1366E+00 -1.4454E+00  2.5000E-01  9.8947E-01 -7.3947E-01 -1.7276E+00
  3.5000E+01  3.6000E+02  0.0000E+00  2.5000E-01  0.0000E+00  0.0000E+00  3.0000E+00  1.0000E+00  1.5608E+00  6.4757E+00  4.5475E+01  7.9347E-02  1.0792E+00  9.6417E-01  2.5000E-01  4.5625E-01 -2.0625E-01  8.1514E-01
  3.6000E+01  0.0000E+00  1.0000E+02  0.0000E+00  1.0000E+00  1.0000E+00  1.0000E+00  0.0000E+00  6.2610E-01  5.0736E+00  5.4670E+01  0.0000E+00  0.0000E+00  0.0000E+00  0.0000E+00  0.0000E+00  0.0000E+00  0.0000E+00
  3.6000E+01  5.0000E-01  0.0000E+00  5.2100E-01  0.0000E+00  0.0000E+00  1.0000E+00  0.0000E+00  6.2610E-01  5.0736E+00  5.4670E+01  4.7984E-01  2.4639E-01 -4.4544E-02  5.2100E-01  8.3210E-01 -3.1110E-01  1.0769E-01
  3.6000E+01  1.0000E+00  0.0000E+00  9.0200E-01  0.0000E+00  0.0000E+00  1.0000E+00  0.0000E+00  6.2610E-01  5.0736E+00  5.4670E+01  8.0895E-01  5.0912E-01  9.7132E-02  9.0200E-01  1.2887E+00 -3.8671E-01  1.1878E-01
  3.6000E+01  2.0000E+00  0.0000E+00  1.3260E+00  0.0000E+00  0.0000E+00  1.0000E+00  0.0000E+00  6.2610E-01  5.0736E+00  5.4670E+01  1.1698E+00  7.5640E-01  3.3373E-01  1.3260E+00  1.6424E+00 -3.1644E-01  2.1470E-01
  3.6000E+01  4.0000E+00  0.0000E+00  9.7000E-01  0.0000E+00  0.0000E+00  1.0000E+00  0.0000E+00  6.2610E-01  5.0736E+00  5.4670E+01  1.3060E+00 -1.5495E+00 -1.8022E+00  9.7000E-01  1.6301E+00 -6.6012E-01 -1.5993E+00
  3.6000E+01  8.0000E+00  0.0000E+00  9.5500E-01  0.0000E+00  0.0000E+00  1.0000E+00  0.0000E+00  6.2610E-01  5.0736E+00  5.4670E+01  1.0078E+00 -2.7030E-01 -3.9429E-01  9.5500E-01  1.2804E+00 -3.2538E-01 -3.3006E-01
  3.6000E+01  1.2000E+01  0.0000E+00  2.5000E-01  0.0000E+00  0.0000E+00  1.0000E+00  1.0000E+00  6.2610E-01  5.0736E+00  5.4670E+01  7.0396E-01 -2.5641E+00 -2.7032E+00  2.5000E-01  9.8945E-01 -7.3945E-01 -2.4748E+00
  3.6000E+01  2.4000E+01  0.0000E+00  2.5000E-01  0.0000E+00  0.0000E+00  1.0000E+00  1.0000E+00  6.2610E-01  5.0736E+00  5.4670E+01  2.3153E-01  1.1537E-01 -1.3194E-02  2.5000E-01  4.5625E-01 -2.0625E-01 -3.5556E-02
  3.6000E+01  1.6800E+02  1.0000E+02  0.0000E+00  1.0000E+00  1.0000E+00  2.0000E+00  0.0000E+00  6.2610E-01  5.0736E+00  5.4670E+01  3.6371E-07 -2.3039E-06  0.0000E+00  0.0000E+00  4.2154E-05  0.0000E+00  0.0000E+00
  3.6000E+01  1.6850E+02  0.0000E+00  2.5000E-01  0.0000E+00  0.0000E+00  2.0000E+00  1.0000E+00  6.2610E-01  5.0736E+00  5.4670E+01  4.7984E-01 -1.3759E+00 -1.6668E+00  2.5000E-01  8.3214E-01 -5.8214E-01 -1.3566E+00
  3.6000E+01  1.6900E+02  0.0000E+00  7.3500E-01  0.0000E+00  0.0000E+00  2.0000E+00  0.0000E+00  6.2610E-01  5.0736E+00  5.4670E+01  8.0895E-01 -4.0461E-01 -8.1660E-01  7.3500E-01  1.2887E+00 -5.5375E-01 -6.4847E-01
  3.6000E+01  1.7000E+02  0.0000E+00  9.4200E-01  0.0000E+00  0.0000E+00  2.0000E+00  0.0000E+00  6.2610E-01  5.0736E+00  5.4670E+01  1.1698E+00 -1.1028E+00 -1.5255E+00  9.4200E-01  1.6425E+00 -7.0048E-01 -1.3429E+00
  3.6000E+01  1.7200E+02  0.0000E+00  1.1090E+00  0.0000E+00  0.0000E+00  2.0000E+00  0.0000E+00  6.2610E-01  5.0736E+00  5.4670E+01  1.3060E+00 -9.0852E-01 -1.1612E+00  1.1090E+00  1.6301E+00 -5.2115E-01 -1.0318E+00
  3.6000E+01  1.7600E+02  0.0000E+00  9.7400E-01  0.0000E+00  0.0000E+00  2.0000E+00  0.0000E+00  6.2610E-01  5.0736E+00  5.4670E+01  1.0078E+00 -1.7294E-01 -2.9693E-01  9.7400E-01  1.2804E+00 -3.0641E-01 -2.4217E-01
  3.6000E+01  1.8000E+02  0.0000E+00  6.0300E-01  0.0000E+00  0.0000E+00  2.0000E+00  0.0000E+00  6.2610E-01  5.0736E+00  5.4670E+01  7.0396E-01 -5.7026E-01 -7.0940E-01  6.0300E-01  9.8947E-01 -3.8647E-01 -6.7177E-01
  3.6000E+01  1.9200E+02  0.0000E+00  2.5000E-01  0.0000E+00  0.0000E+00  2.0000E+00  1.0000E+00  6.2610E-01  5.0736E+00  5.4670E+01  2.3153E-01  1.1537E-01 -1.3195E-02  2.5000E-01  4.5625E-01 -2.0625E-01 -3.5454E-02
  3.6000E+01  3.3600E+02  1.0000E+02  0.0000E+00  1.0000E+00  1.0000E+00  3.0000E+00  0.0000E+00  6.2610E-01  5.0736E+00  5.4670E+01  3.6371E-07 -2.3039E-06  0.0000E+00  0.0000E+00  4.2155E-05  0.0000E+00  0.0000E+00
  3.6000E+01  3.3650E+02  0.0000E+00  2.5000E-01  0.0000E+00  0.0000E+00  3.0000E+00  1.0000E+00  6.2610E-01  5.0736E+00  5.4670E+01  4.7984E-01 -1.3759E+00 -1.6668E+00  2.5000E-01  8.3214E-01 -5.8214E-01 -1.3566E+00
  3.6000E+01  3.3700E+02  0.0000E+00  8.9700E-01  0.0000E+00  0.0000E+00  3.0000E+00  0.0000E+00  6.2610E-01  5.0736E+00  5.4670E+01  8.0895E-01  4.8176E-01  6.9771E-02  8.9700E-01  1.2887E+00 -3.9175E-01  9.6067E-02
  3.6000E+01  3.3800E+02  0.0000E+00  1.3950E+00  0.0000E+00  0.0000E+00  3.0000E+00  0.0000E+00  6.2610E-01  5.0736E+00  5.4670E+01  1.1698E+00  1.0905E+00  6.6781E-01  1.3950E+00  1.6425E+00 -2.4748E-01  4.9484E-01
  3.6000E+01  3.4000E+02  0.0000E+00  1.6820E+00  0.0000E+00  0.0000E+00  3.0000E+00  0.0000E+00  6.2610E-01  5.0736E+00  5.4670E+01  1.3060E+00  1.7337E+00  1.4810E+00  1.6820E+00  1.6301E+00  5.1850E-02  1.3067E+00
  3.6000E+01  3.4400E+02  0.0000E+00  1.2110E+00  0.0000E+00  0.0000E+00  3.0000E+00  0.0000E+00  6.2610E-01  5.0736E+00  5.4670E+01  1.0078E+00  1.0415E+00  9.1750E-01  1.2110E+00  1.2804E+00 -6.9410E-02  8.5183E-01
  3.6000E+01  3.4800E+02  0.0000E+00  1.0320E+00  0.0000E+00  0.0000E+00  3.0000E+00  0.0000E+00  6.2610E-01  5.0736E+00  5.4670E+01  7.0396E-01  1.8528E+00  1.7137E+00  1.0320E+00  9.8947E-01  4.2531E-02  1.5193E+00
  3.6000E+01  3.6000E+02  0.0000E+00  2.5000E-01  0.0000E+00  0.0000E+00  3.0000E+00  1.0000E+00  6.2610E-01  5.0736E+00  5.4670E+01  2.3153E-01  1.1537E-01 -1.3195E-02  2.5000E-01  4.5625E-01 -2.0625E-01 -3.5454E-02
  3.7000E+01  0.0000E+00  1.0000E+02  0.0000E+00  1.0000E+00  1.0000E+00  1.0000E+00  0.0000E+00  1.4011E+00  4.1069E+00  4.3089E+01  0.0000E+00  0.0000E+00  0.0000E+00  0.0000E+00  0.0000E+00  0.0000E+00  0.0000E+00
  3.7000E+01  5.0000E-01  0.0000E+00  1.3210E+00  0.0000E+00  0.0000E+00  1.0000E+00  0.0000E+00  1.4011E+00  4.1069E+00  4.3089E+01  1.1384E+00  8.9419E-01  1.1144E+00  1.3210E+00  8.3210E-01  4.8890E-01  1.2756E+00
  3.7000E+01  1.0000E+00  0.0000E+00  1.9930E+00  0.0000E+00  0.0000E+00  1.0000E+00  0.0000E+00  1.4011E+00  4.1069E+00  4.3089E+01  1.6504E+00  1.3962E+00  1.6629E+00  1.9930E+00  1.2887E+00  7.0429E-01  1.8682E+00
  3.7000E+01  2.0000E+00  0.0000E+00  1.5890E+00  0.0000E+00  0.0000E+00  1.0000E+00  0.0000E+00  1.4011E+00  4.1069E+00  4.3089E+01  1.9069E+00 -1.1843E+00 -9.8002E-01  1.5890E+00  1.6424E+00 -5.3438E-02 -1.0905E+00
  3.7000E+01  4.0000E+00  0.0000E+00  1.9920E+00  0.0000E+00  0.0000E+00  1.0000E+00  0.0000E+00  1.4011E+00  4.1069E+00  4.3089E+01  1.6916E+00  1.2062E+00  1.2538E+00  1.9920E+00  1.6301E+00  3.6188E-01  1.2931E+00
  3.7000E+01  8.0000E+00  0.0000E+00  9.0900E-01  0.0000E+00  0.0000E+00  1.0000E+00  0.0000E+00  1.4011E+00  4.1069E+00  4.3089E+01  1.1616E+00 -1.2267E+00 -1.3665E+00  9.0900E-01  1.2804E+00 -3.7138E-01 -1.3047E+00
  3.7000E+01  1.2000E+01  0.0000E+00  8.2400E-01  0.0000E+00  0.0000E+00  1.0000E+00  0.0000E+00  1.4011E+00  4.1069E+00  4.3089E+01  7.9343E-01  1.6807E-01 -5.5177E-02  8.2400E-01  9.8945E-01 -1.6545E-01 -8.2483E-02
  3.7000E+01  2.4000E+01  0.0000E+00  2.5000E-01  0.0000E+00  0.0000E+00  1.0000E+00  1.0000E+00  1.4011E+00  4.1069E+00  4.3089E+01  2.5281E-01 -1.7495E-02 -2.1588E-01  2.5000E-01  4.5625E-01 -2.0625E-01 -1.4314E-01
  3.7000E+01  1.6800E+02  1.0000E+02  0.0000E+00  1.0000E+00  1.0000E+00  2.0000E+00  0.0000E+00  1.4011E+00  4.1069E+00  4.3089E+01  2.7679E-07 -1.7533E-06  0.0000E+00  0.0000E+00  4.2154E-05  0.0000E+00  0.0000E+00
  3.7000E+01  1.6850E+02  0.0000E+00  1.1260E+00  0.0000E+00  0.0000E+00  2.0000E+00  0.0000E+00  1.4011E+00  4.1069E+00  4.3089E+01  1.1384E+00 -6.0533E-02  1.5971E-01  1.1260E+00  8.3214E-01  2.9386E-01  2.2218E-01
  3.7000E+01  1.6900E+02  0.0000E+00  1.6380E+00  0.0000E+00  0.0000E+00  2.0000E+00  0.0000E+00  1.4011E+00  4.1069E+00  4.3089E+01  1.6504E+00 -5.0439E-02  2.1627E-01  1.6380E+00  1.2887E+00  3.4925E-01  2.3706E-01
  3.7000E+01  1.7000E+02  0.0000E+00  1.5520E+00  0.0000E+00  0.0000E+00  2.0000E+00  0.0000E+00  1.4011E+00  4.1069E+00  4.3089E+01  1.9069E+00 -1.3221E+00 -1.1179E+00  1.5520E+00  1.6425E+00 -9.0475E-02 -1.2402E+00
  3.7000E+01  1.7200E+02  0.0000E+00  1.4270E+00  0.0000E+00  0.0000E+00  2.0000E+00  0.0000E+00  1.4011E+00  4.1069E+00  4.3089E+01  1.6916E+00 -1.0627E+00 -1.0152E+00  1.4270E+00  1.6301E+00 -2.0315E-01 -1.0125E+00
  3.7000E+01  1.7600E+02  0.0000E+00  1.4000E+00  0.0000E+00  0.0000E+00  2.0000E+00  0.0000E+00  1.4011E+00  4.1069E+00  4.3089E+01  1.1616E+00  1.1574E+00  1.0177E+00  1.4000E+00  1.2804E+00  1.1959E-01  9.6203E-01
  3.7000E+01  1.8000E+02  0.0000E+00  6.9800E-01  0.0000E+00  0.0000E+00  2.0000E+00  0.0000E+00  1.4011E+00  4.1069E+00  4.3089E+01  7.9343E-01 -5.2468E-01 -7.4793E-01  6.9800E-01  9.8947E-01 -2.9147E-01 -7.2576E-01
  3.7000E+01  1.9200E+02  0.0000E+00  2.5000E-01  0.0000E+00  0.0000E+00  2.0000E+00  1.0000E+00  1.4011E+00  4.1069E+00  4.3089E+01  2.5281E-01 -1.7495E-02 -2.1588E-01  2.5000E-01  4.5625E-01 -2.0625E-01 -1.4299E-01
  3.7000E+01  3.3600E+02  1.0000E+02  0.0000E+00  1.0000E+00  1.0000E+00  3.0000E+00  0.0000E+00  1.4011E+00  4.1069E+00  4.3089E+01  2.7679E-07 -1.7533E-06  0.0000E+00  0.0000E+00  4.2155E-05  0.0000E+00  0.0000E+00
  3.7000E+01  3.3650E+02  0.0000E+00  1.0100E+00  0.0000E+00  0.0000E+00  3.0000E+00  0.0000E+00  1.4011E+00  4.1069E+00  4.3089E+01  1.1384E+00 -6.2847E-01 -4.0823E-01  1.0100E+00  8.3214E-01  1.7786E-01 -4.0474E-01
  3.7000E+01  3.3700E+02  0.0000E+00  1.5490E+00  0.0000E+00  0.0000E+00  3.0000E+00  0.0000E+00  1.4011E+00  4.1069E+00  4.3089E+01  1.6504E+00 -4.1311E-01 -1.4640E-01  1.5490E+00  1.2887E+00  2.6025E-01 -1.7198E-01
  3.7000E+01  3.3800E+02  0.0000E+00  2.2050E+00  0.0000E+00  0.0000E+00  3.0000E+00  0.0000E+00  1.4011E+00  4.1069E+00  4.3089E+01  1.9069E+00  1.1106E+00  1.3149E+00  2.2050E+00  1.6425E+00  5.6252E-01  1.4089E+00
  3.7000E+01  3.4000E+02  0.0000E+00  1.9140E+00  0.0000E+00  0.0000E+00  3.0000E+00  0.0000E+00  1.4011E+00  4.1069E+00  4.3089E+01  1.6916E+00  8.9294E-01  9.4053E-01  1.9140E+00  1.6301E+00  2.8385E-01  9.7507E-01
  3.7000E+01  3.4400E+02  0.0000E+00  1.2710E+00  0.0000E+00  0.0000E+00  3.0000E+00  0.0000E+00  1.4011E+00  4.1069E+00  4.3089E+01  1.1616E+00  5.3105E-01  3.9127E-01  1.2710E+00  1.2804E+00 -9.4098E-03  3.6656E-01
  3.7000E+01  3.4800E+02  0.0000E+00  7.4500E-01  0.0000E+00  0.0000E+00  3.0000E+00  0.0000E+00  1.4011E+00  4.1069E+00  4.3089E+01  7.9343E-01 -2.6628E-01 -4.8952E-01  7.4500E-01  9.8947E-01 -2.4447E-01 -4.8571E-01
  3.7000E+01  3.6000E+02  0.0000E+00  2.5000E-01  0.0000E+00  0.0000E+00  3.0000E+00  1.0000E+00  1.4011E+00  4.1069E+00  4.3089E+01  2.5281E-01 -1.7495E-02 -2.1588E-01  2.5000E-01  4.5625E-01 -2.0625E-01 -1.4299E-01
  3.8000E+01  0.0000E+00  1.0000E+02  0.0000E+00  1.0000E+00  1.0000E+00  1.0000E+00  0.0000E+00  7.6654E-01  4.0531E+00  4.9945E+01  0.0000E+00  0.0000E+00  0.0000E+00  0.0000E+00  0.0000E+00  0.0000E+00  0.0000E+00
  3.8000E+01  5.0000E-01  0.0000E+00  6.3400E-01  0.0000E+00  0.0000E+00  1.0000E+00  0.0000E+00  7.6654E-01  4.0531E+00  4.9945E+01  6.2387E-01  5.8511E-02 -1.4863E-01  6.3400E-01  8.3210E-01 -1.9810E-01 -1.0680E-01
  3.8000E+01  1.0000E+00  0.0000E+00  1.1610E+00  0.0000E+00  0.0000E+00  1.0000E+00  0.0000E+00  7.6654E-01  4.0531E+00  4.9945E+01  1.0243E+00  6.9644E-01  4.3755E-01  1.1610E+00  1.2887E+00 -1.2771E-01  3.8360E-01
  3.8000E+01  2.0000E+00  0.0000E+00  1.3740E+00  0.0000E+00  0.0000E+00  1.0000E+00  0.0000E+00  7.6654E-01  4.0531E+00  4.9945E+01  1.4204E+00 -2.0526E-01 -4.0958E-01  1.3740E+00  1.6424E+00 -2.6844E-01 -4.0660E-01
  3.8000E+01  4.0000E+00  0.0000E+00  1.5130E+00  0.0000E+00  0.0000E+00  1.0000E+00  0.0000E+00  7.6654E-01  4.0531E+00  4.9945E+01  1.5142E+00 -5.1685E-03 -7.4440E-02  1.5130E+00  1.6301E+00 -1.1712E-01 -5.9304E-02
  3.8000E+01  8.0000E+00  0.0000E+00  1.3650E+00  0.0000E+00  0.0000E+00  1.0000E+00  0.0000E+00  7.6654E-01  4.0531E+00  4.9945E+01  1.1651E+00  9.6973E-01  8.9416E-01  1.3650E+00  1.2804E+00  8.4615E-02  8.8790E-01
  3.8000E+01  1.2000E+01  0.0000E+00  9.7300E-01  0.0000E+00  0.0000E+00  1.0000E+00  0.0000E+00  7.6654E-01  4.0531E+00  4.9945E+01  8.4540E-01  6.9012E-01  5.4424E-01  9.7300E-01  9.8945E-01 -1.6450E-02  5.3856E-01
  3.8000E+01  2.4000E+01  0.0000E+00  2.5000E-01  0.0000E+00  0.0000E+00  1.0000E+00  1.0000E+00  7.6654E-01  4.0531E+00  4.9945E+01  3.1934E-01 -4.2804E-01 -6.0389E-01  2.5000E-01  4.5625E-01 -2.0625E-01 -5.6266E-01
  3.8000E+01  1.6800E+02  1.0000E+02  0.0000E+00  1.0000E+00  1.0000E+00  2.0000E+00  0.0000E+00  7.6654E-01  4.0531E+00  4.9945E+01  2.6865E-06 -1.7017E-05  0.0000E+00  0.0000E+00  4.2154E-05  0.0000E+00  0.0000E+00
  3.8000E+01  1.6850E+02  0.0000E+00  7.9600E-01  0.0000E+00  0.0000E+00  2.0000E+00  0.0000E+00  7.6654E-01  4.0531E+00  4.9945E+01  6.2387E-01  9.9432E-01  7.8716E-01  7.9600E-01  8.3214E-01 -3.6139E-02  7.6887E-01
  3.8000E+01  1.6900E+02  0.0000E+00  1.1080E+00  0.0000E+00  0.0000E+00  2.0000E+00  0.0000E+00  7.6654E-01  4.0531E+00  4.9945E+01  1.0243E+00  4.2638E-01  1.6749E-01  1.1080E+00  1.2887E+00 -1.8075E-01  1.4012E-01
  3.8000E+01  1.7000E+02  0.0000E+00  1.5930E+00  0.0000E+00  0.0000E+00  2.0000E+00  0.0000E+00  7.6654E-01  4.0531E+00  4.9945E+01  1.4204E+00  7.6382E-01  5.5949E-01  1.5930E+00  1.6425E+00 -4.9475E-02  4.8195E-01
  3.8000E+01  1.7200E+02  0.0000E+00  1.2130E+00  0.0000E+00  0.0000E+00  2.0000E+00  0.0000E+00  7.6654E-01  4.0531E+00  4.9945E+01  1.5142E+00 -1.2886E+00 -1.3579E+00  1.2130E+00  1.6301E+00 -4.1715E-01 -1.2836E+00
  3.8000E+01  1.7600E+02  0.0000E+00  1.0310E+00  0.0000E+00  0.0000E+00  2.0000E+00  0.0000E+00  7.6654E-01  4.0531E+00  4.9945E+01  1.1651E+00 -6.5014E-01 -7.2572E-01  1.0310E+00  1.2804E+00 -2.4941E-01 -6.5379E-01
  3.8000E+01  1.8000E+02  0.0000E+00  8.8800E-01  0.0000E+00  0.0000E+00  2.0000E+00  0.0000E+00  7.6654E-01  4.0531E+00  4.9945E+01  8.4540E-01  2.3039E-01  8.4505E-02  8.8800E-01  9.8947E-01 -1.0147E-01  1.0451E-01
  3.8000E+01  1.9200E+02  0.0000E+00  2.5000E-01  0.0000E+00  0.0000E+00  2.0000E+00  1.0000E+00  7.6654E-01  4.0531E+00  4.9945E+01  3.1934E-01 -4.2804E-01 -6.0390E-01  2.5000E-01  4.5625E-01 -2.0625E-01 -5.6261E-01
  3.8000E+01  3.3600E+02  1.0000E+02  0.0000E+00  1.0000E+00  1.0000E+00  3.0000E+00  0.0000E+00  7.6654E-01  4.0531E+00  4.9945E+01  2.6865E-06 -1.7017E-05  0.0000E+00  0.0000E+00  4.2155E-05  0.0000E+00  0.0000E+00
  3.8000E+01  3.3650E+02  0.0000E+00  2.5000E-01  0.0000E+00  0.0000E+00  3.0000E+00  1.0000E+00  7.6654E-01  4.0531E+00  4.9945E+01  6.2387E-01 -2.1597E+00 -2.3669E+00  2.5000E-01  8.3214E-01 -5.8214E-01 -2.1820E+00
  3.8000E+01  3.3700E+02  0.0000E+00  8.9800E-01  0.0000E+00  0.0000E+00  3.0000E+00  0.0000E+00  7.6654E-01  4.0531E+00  4.9945E+01  1.0243E+00 -6.4359E-01 -9.0248E-01  8.9800E-01  1.2887E+00 -3.9075E-01 -8.2503E-01
  3.8000E+01  3.3800E+02  0.0000E+00  1.4730E+00  0.0000E+00  0.0000E+00  3.0000E+00  0.0000E+00  7.6654E-01  4.0531E+00  4.9945E+01  1.4204E+00  2.3281E-01  2.8483E-02  1.4730E+00  1.6425E+00 -1.6948E-01 -4.8790E-03
  3.8000E+01  3.4000E+02  0.0000E+00  1.4760E+00  0.0000E+00  0.0000E+00  3.0000E+00  0.0000E+00  7.6654E-01  4.0531E+00  4.9945E+01  1.5142E+00 -1.6347E-01 -2.3275E-01  1.4760E+00  1.6301E+00 -1.5415E-01 -2.1023E-01
  3.8000E+01  3.4400E+02  0.0000E+00  1.3680E+00  0.0000E+00  0.0000E+00  3.0000E+00  0.0000E+00  7.6654E-01  4.0531E+00  4.9945E+01  1.1651E+00  9.8428E-01  9.0869E-01  1.3680E+00  1.2804E+00  8.7590E-02  9.0181E-01
  3.8000E+01  3.4800E+02  0.0000E+00  8.1000E-01  0.0000E+00  0.0000E+00  3.0000E+00  0.0000E+00  7.6654E-01  4.0531E+00  4.9945E+01  8.4540E-01 -1.9148E-01 -3.3736E-01  8.1000E-01  9.8947E-01 -1.7947E-01 -2.9386E-01
  3.8000E+01  3.6000E+02  0.0000E+00  2.5000E-01  0.0000E+00  0.0000E+00  3.0000E+00  1.0000E+00  7.6654E-01  4.0531E+00  4.9945E+01  3.1934E-01 -4.2804E-01 -6.0390E-01  2.5000E-01  4.5625E-01 -2.0625E-01 -5.6261E-01
  3.9000E+01  0.0000E+00  1.0000E+02  0.0000E+00  1.0000E+00  1.0000E+00  1.0000E+00  0.0000E+00  9.9716E-01  5.4047E+00  4.3931E+01  0.0000E+00  0.0000E+00  0.0000E+00  0.0000E+00  0.0000E+00  0.0000E+00  0.0000E+00
  3.9000E+01  5.0000E-01  0.0000E+00  6.3900E-01  0.0000E+00  0.0000E+00  1.0000E+00  0.0000E+00  9.9716E-01  5.4047E+00  4.3931E+01  8.6456E-01 -1.2124E+00 -1.1790E+00  6.3900E-01  8.3210E-01 -1.9310E-01 -1.2105E+00
  3.9000E+01  1.0000E+00  0.0000E+00  8.0600E-01  0.0000E+00  0.0000E+00  1.0000E+00  0.0000E+00  9.9716E-01  5.4047E+00  4.3931E+01  1.3381E+00 -2.4255E+00 -2.3729E+00  8.0600E-01  1.2887E+00 -4.8271E-01 -2.3551E+00
  3.9000E+01  2.0000E+00  0.0000E+00  1.8270E+00  0.0000E+00  0.0000E+00  1.0000E+00  0.0000E+00  9.9716E-01  5.4047E+00  4.3931E+01  1.6769E+00  6.0607E-01  6.5650E-01  1.8270E+00  1.6424E+00  1.8456E-01  7.7403E-01
  3.9000E+01  4.0000E+00  0.0000E+00  1.6800E+00  0.0000E+00  0.0000E+00  1.0000E+00  0.0000E+00  9.9716E-01  5.4047E+00  4.3931E+01  1.5393E+00  5.9638E-01  5.2629E-01  1.6800E+00  1.6301E+00  4.9883E-02  5.8450E-01
  3.9000E+01  8.0000E+00  0.0000E+00  9.8500E-01  0.0000E+00  0.0000E+00  1.0000E+00  0.0000E+00  9.9716E-01  5.4047E+00  4.3931E+01  9.6956E-01  8.0149E-02 -2.2633E-01  9.8500E-01  1.2804E+00 -2.9538E-01 -3.6830E-01
  3.9000E+01  1.2000E+01  0.0000E+00  6.5300E-01  0.0000E+00  0.0000E+00  1.0000E+00  0.0000E+00  9.9716E-01  5.4047E+00  4.3931E+01  5.9325E-01  3.4796E-01 -2.1321E-02  6.5300E-01  9.8945E-01 -3.3645E-01 -2.8888E-01
  3.9000E+01  2.4000E+01  0.0000E+00  2.5000E-01  0.0000E+00  0.0000E+00  1.0000E+00  1.0000E+00  9.9716E-01  5.4047E+00  4.3931E+01  1.3554E-01  7.2156E-01  5.1250E-01  2.5000E-01  4.5625E-01 -2.0625E-01  4.9313E-01
  3.9000E+01  1.6800E+02  1.0000E+02  0.0000E+00  1.0000E+00  1.0000E+00  2.0000E+00  0.0000E+00  9.9716E-01  5.4047E+00  4.3931E+01  2.7420E-09 -1.7369E-08  0.0000E+00  0.0000E+00  4.2154E-05  0.0000E+00  0.0000E+00
  3.9000E+01  1.6850E+02  0.0000E+00  1.0290E+00  0.0000E+00  0.0000E+00  2.0000E+00  0.0000E+00  9.9716E-01  5.4047E+00  4.3931E+01  8.6456E-01  8.8393E-01  9.1737E-01  1.0290E+00  8.3214E-01  1.9686E-01  8.9812E-01
  3.9000E+01  1.6900E+02  0.0000E+00  1.4840E+00  0.0000E+00  0.0000E+00  2.0000E+00  0.0000E+00  9.9716E-01  5.4047E+00  4.3931E+01  1.3381E+00  6.6504E-01  7.1762E-01  1.4840E+00  1.2887E+00  1.9525E-01  7.6168E-01
  3.9000E+01  1.7000E+02  0.0000E+00  2.0380E+00  0.0000E+00  0.0000E+00  2.0000E+00  0.0000E+00  9.9716E-01  5.4047E+00  4.3931E+01  1.6769E+00  1.4578E+00  1.5083E+00  2.0380E+00  1.6425E+00  3.9552E-01  1.6306E+00
  3.9000E+01  1.7200E+02  0.0000E+00  1.6430E+00  0.0000E+00  0.0000E+00  2.0000E+00  0.0000E+00  9.9716E-01  5.4047E+00  4.3931E+01  1.5393E+00  4.3951E-01  3.6942E-01  1.6430E+00  1.6301E+00  1.2850E-02  4.3397E-01
  3.9000E+01  1.7600E+02  0.0000E+00  9.1000E-01  0.0000E+00  0.0000E+00  2.0000E+00  0.0000E+00  9.9716E-01  5.4047E+00  4.3931E+01  9.6956E-01 -3.0920E-01 -6.1568E-01  9.1000E-01  1.2804E+00 -3.7041E-01 -7.1406E-01
  3.9000E+01  1.8000E+02  0.0000E+00  6.3500E-01  0.0000E+00  0.0000E+00  2.0000E+00  0.0000E+00  9.9716E-01  5.4047E+00  4.3931E+01  5.9325E-01  2.4313E-01 -1.2615E-01  6.3500E-01  9.8947E-01 -3.5447E-01 -3.8042E-01
  3.9000E+01  1.9200E+02  0.0000E+00  2.5000E-01  0.0000E+00  0.0000E+00  2.0000E+00  1.0000E+00  9.9716E-01  5.4047E+00  4.3931E+01  1.3554E-01  7.2156E-01  5.1250E-01  2.5000E-01  4.5625E-01 -2.0625E-01  4.9336E-01
  3.9000E+01  3.3600E+02  1.0000E+02  0.0000E+00  1.0000E+00  1.0000E+00  3.0000E+00  0.0000E+00  9.9716E-01  5.4047E+00  4.3931E+01  2.7420E-09 -1.7369E-08  0.0000E+00  0.0000E+00  4.2155E-05  0.0000E+00  0.0000E+00
  3.9000E+01  3.3650E+02  0.0000E+00  1.0470E+00  0.0000E+00  0.0000E+00  3.0000E+00  0.0000E+00  9.9716E-01  5.4047E+00  4.3931E+01  8.6456E-01  9.8068E-01  1.0141E+00  1.0470E+00  8.3214E-01  2.1486E-01  9.9540E-01
  3.9000E+01  3.3700E+02  0.0000E+00  1.2890E+00  0.0000E+00  0.0000E+00  3.0000E+00  0.0000E+00  9.9716E-01  5.4047E+00  4.3931E+01  1.3381E+00 -2.2382E-01 -1.7125E-01  1.2890E+00  1.2887E+00  2.5468E-04 -1.3453E-01
  3.9000E+01  3.3800E+02  0.0000E+00  1.4430E+00  0.0000E+00  0.0000E+00  3.0000E+00  0.0000E+00  9.9716E-01  5.4047E+00  4.3931E+01  1.6769E+00 -9.4407E-01 -8.9364E-01  1.4430E+00  1.6425E+00 -1.9948E-01 -7.8329E-01
  3.9000E+01  3.4000E+02  0.0000E+00  1.7070E+00  0.0000E+00  0.0000E+00  3.0000E+00  0.0000E+00  9.9716E-01  5.4047E+00  4.3931E+01  1.5393E+00  7.1085E-01  6.4076E-01  1.7070E+00  1.6301E+00  7.6850E-02  6.9516E-01
  3.9000E+01  3.4400E+02  0.0000E+00  8.2100E-01  0.0000E+00  0.0000E+00  3.0000E+00  0.0000E+00  9.9716E-01  5.4047E+00  4.3931E+01  9.6956E-01 -7.7123E-01 -1.0777E+00  8.2100E-01  1.2804E+00 -4.5941E-01 -1.1249E+00
  3.9000E+01  3.4800E+02  0.0000E+00  2.5000E-01  0.0000E+00  0.0000E+00  3.0000E+00  1.0000E+00  9.9716E-01  5.4047E+00  4.3931E+01  5.9325E-01 -1.9990E+00 -2.3683E+00  2.5000E-01  9.8947E-01 -7.3947E-01 -2.3467E+00
  3.9000E+01  3.6000E+02  0.0000E+00  2.5000E-01  0.0000E+00  0.0000E+00  3.0000E+00  1.0000E+00  9.9716E-01  5.4047E+00  4.3931E+01  1.3554E-01  7.2156E-01  5.1250E-01  2.5000E-01  4.5625E-01 -2.0625E-01  4.9336E-01
  4.0000E+01  0.0000E+00  1.0000E+02  0.0000E+00  1.0000E+00  1.0000E+00  1.0000E+00  0.0000E+00  4.4278E-01  4.1382E+00  5.0292E+01  0.0000E+00  0.0000E+00  0.0000E+00  0.0000E+00  0.0000E+00  0.0000E+00  0.0000E+00
  4.0000E+01  5.0000E-01  0.0000E+00  2.5000E-01  0.0000E+00  0.0000E+00  1.0000E+00  1.0000E+00  4.4278E-01  4.1382E+00  5.0292E+01  3.8658E-01 -8.3339E-01 -1.1162E+00  2.5000E-01  8.3210E-01 -5.8210E-01 -8.1699E-01
  4.0000E+01  1.0000E+00  0.0000E+00  2.5000E-01  0.0000E+00  0.0000E+00  1.0000E+00  1.0000E+00  4.4278E-01  4.1382E+00  5.0292E+01  6.8081E-01 -2.4496E+00 -2.8811E+00  2.5000E-01  1.2887E+00 -1.0387E+00 -2.3898E+00
  4.0000E+01  2.0000E+00  0.0000E+00  6.6000E-01  0.0000E+00  0.0000E+00  1.0000E+00  0.0000E+00  4.4278E-01  4.1382E+00  5.0292E+01  1.0643E+00 -2.0315E+00 -2.5268E+00  6.6000E-01  1.6424E+00 -9.8244E-01 -2.2925E+00
  4.0000E+01  4.0000E+00  0.0000E+00  1.2160E+00  0.0000E+00  0.0000E+00  1.0000E+00  0.0000E+00  4.4278E-01  4.1382E+00  5.0292E+01  1.3418E+00 -5.7260E-01 -8.7589E-01  1.2160E+00  1.6301E+00 -4.1412E-01 -7.9368E-01
  4.0000E+01  8.0000E+00  0.0000E+00  1.2380E+00  0.0000E+00  0.0000E+00  1.0000E+00  0.0000E+00  4.4278E-01  4.1382E+00  5.0292E+01  1.1938E+00  2.1236E-01  1.8815E-01  1.2380E+00  1.2804E+00 -4.2385E-02  4.3203E-01
  4.0000E+01  1.2000E+01  0.0000E+00  1.2120E+00  0.0000E+00  0.0000E+00  1.0000E+00  0.0000E+00  4.4278E-01  4.1382E+00  5.0292E+01  8.9781E-01  1.6706E+00  1.6323E+00  1.2120E+00  9.8945E-01  2.2255E-01  1.7026E+00
  4.0000E+01  2.4000E+01  0.0000E+00  2.5000E-01  0.0000E+00  0.0000E+00  1.0000E+00  1.0000E+00  4.4278E-01  4.1382E+00  5.0292E+01  3.3889E-01 -5.4698E-01 -7.3569E-01  2.5000E-01  4.5625E-01 -2.0625E-01 -8.7043E-01
  4.0000E+01  1.6800E+02  1.0000E+02  0.0000E+00  1.0000E+00  1.0000E+00  2.0000E+00  0.0000E+00  4.4278E-01  4.1382E+00  5.0292E+01  2.4223E-06 -1.5343E-05  0.0000E+00  0.0000E+00  4.2154E-05  0.0000E+00  0.0000E+00
  4.0000E+01  1.6850E+02  0.0000E+00  2.5000E-01  0.0000E+00  0.0000E+00  2.0000E+00  1.0000E+00  4.4278E-01  4.1382E+00  5.0292E+01  3.8659E-01 -8.3341E-01 -1.1162E+00  2.5000E-01  8.3214E-01 -5.8214E-01 -8.1712E-01
  4.0000E+01  1.6900E+02  0.0000E+00  7.2900E-01  0.0000E+00  0.0000E+00  2.0000E+00  0.0000E+00  4.4278E-01  4.1382E+00  5.0292E+01  6.8081E-01  2.7399E-01 -1.5752E-01  7.2900E-01  1.2887E+00 -5.5975E-01 -1.8845E-01
  4.0000E+01  1.7000E+02  0.0000E+00  1.0690E+00  0.0000E+00  0.0000E+00  2.0000E+00  0.0000E+00  4.4278E-01  4.1382E+00  5.0292E+01  1.0643E+00  2.3695E-02 -4.7159E-01  1.0690E+00  1.6425E+00 -5.7348E-01 -6.3329E-01
  4.0000E+01  1.7200E+02  0.0000E+00  9.8300E-01  0.0000E+00  0.0000E+00  2.0000E+00  0.0000E+00  4.4278E-01  4.1382E+00  5.0292E+01  1.3418E+00 -1.6333E+00 -1.9366E+00  9.8300E-01  1.6301E+00 -6.4715E-01 -1.7447E+00
  4.0000E+01  1.7600E+02  0.0000E+00  1.2270E+00  0.0000E+00  0.0000E+00  2.0000E+00  0.0000E+00  4.4278E-01  4.1382E+00  5.0292E+01  1.1938E+00  1.5954E-01  1.3533E-01  1.2270E+00  1.2804E+00 -5.3410E-02  3.8117E-01
  4.0000E+01  1.8000E+02  0.0000E+00  8.8400E-01  0.0000E+00  0.0000E+00  2.0000E+00  0.0000E+00  4.4278E-01  4.1382E+00  5.0292E+01  8.9781E-01 -7.3430E-02 -1.1173E-01  8.8400E-01  9.8947E-01 -1.0547E-01  2.7296E-02
  4.0000E+01  1.9200E+02  0.0000E+00  2.5000E-01  0.0000E+00  0.0000E+00  2.0000E+00  1.0000E+00  4.4278E-01  4.1382E+00  5.0292E+01  3.3889E-01 -5.4698E-01 -7.3570E-01  2.5000E-01  4.5625E-01 -2.0625E-01 -8.7046E-01
  4.0000E+01  3.3600E+02  1.0000E+02  0.0000E+00  1.0000E+00  1.0000E+00  3.0000E+00  0.0000E+00  4.4278E-01  4.1382E+00  5.0292E+01  2.4223E-06 -1.5343E-05  0.0000E+00  0.0000E+00  4.2155E-05  0.0000E+00  0.0000E+00
  4.0000E+01  3.3650E+02  0.0000E+00  6.1700E-01  0.0000E+00  0.0000E+00  3.0000E+00  0.0000E+00  4.4278E-01  4.1382E+00  5.0292E+01  3.8659E-01  1.4059E+00  1.1231E+00  6.1700E-01  8.3214E-01 -2.1514E-01  1.1663E+00
  4.0000E+01  3.3700E+02  0.0000E+00  8.1600E-01  0.0000E+00  0.0000E+00  3.0000E+00  0.0000E+00  4.4278E-01  4.1382E+00  5.0292E+01  6.8081E-01  7.6868E-01  3.3716E-01  8.1600E-01  1.2887E+00 -4.7275E-01  2.1139E-01
  4.0000E+01  3.3800E+02  0.0000E+00  1.4360E+00  0.0000E+00  0.0000E+00  3.0000E+00  0.0000E+00  4.4278E-01  4.1382E+00  5.0292E+01  1.0643E+00  1.8679E+00  1.3726E+00  1.4360E+00  1.6425E+00 -2.0648E-01  8.5559E-01
  4.0000E+01  3.4000E+02  0.0000E+00  1.7070E+00  0.0000E+00  0.0000E+00  3.0000E+00  0.0000E+00  4.4278E-01  4.1382E+00  5.0292E+01  1.3418E+00  1.6625E+00  1.3592E+00  1.7070E+00  1.6301E+00  7.6850E-02  1.2101E+00
  4.0000E+01  3.4400E+02  0.0000E+00  1.2490E+00  0.0000E+00  0.0000E+00  3.0000E+00  0.0000E+00  4.4278E-01  4.1382E+00  5.0292E+01  1.1938E+00  2.6516E-01  2.4094E-01  1.2490E+00  1.2804E+00 -3.1410E-02  4.8272E-01
  4.0000E+01  3.4800E+02  0.0000E+00  8.4300E-01  0.0000E+00  0.0000E+00  3.0000E+00  0.0000E+00  4.4278E-01  4.1382E+00  5.0292E+01  8.9781E-01 -2.9144E-01 -3.2974E-01  8.4300E-01  9.8947E-01 -1.4647E-01 -1.8210E-01
  4.0000E+01  3.6000E+02  0.0000E+00  2.5000E-01  0.0000E+00  0.0000E+00  3.0000E+00  1.0000E+00  4.4278E-01  4.1382E+00  5.0292E+01  3.3889E-01 -5.4698E-01 -7.3570E-01  2.5000E-01  4.5625E-01 -2.0625E-01 -8.7046E-01
  4.1000E+01  0.0000E+00  1.0000E+02  0.0000E+00  1.0000E+00  1.0000E+00  1.0000E+00  0.0000E+00  1.2274E+00  1.0430E+00  5.4393E+01  0.0000E+00  0.0000E+00  0.0000E+00  0.0000E+00  0.0000E+00  0.0000E+00  0.0000E+00
  4.1000E+01  5.0000E-01  0.0000E+00  8.3000E-01  0.0000E+00  0.0000E+00  1.0000E+00  0.0000E+00  1.2274E+00  1.0430E+00  5.4393E+01  8.3878E-01 -4.7608E-02 -1.4217E-01  8.3000E-01  8.3210E-01 -2.0983E-03 -2.7387E-01
  4.1000E+01  1.0000E+00  0.0000E+00  1.0470E+00  0.0000E+00  0.0000E+00  1.0000E+00  0.0000E+00  1.2274E+00  1.0430E+00  5.4393E+01  1.2849E+00 -1.1052E+00 -1.2839E+00  1.0470E+00  1.2887E+00 -2.4171E-01 -1.2922E+00
  4.1000E+01  2.0000E+00  0.0000E+00  1.5540E+00  0.0000E+00  0.0000E+00  1.0000E+00  0.0000E+00  1.2274E+00  1.0430E+00  5.4393E+01  1.6370E+00 -3.3977E-01 -6.0801E-01  1.5540E+00  1.6424E+00 -8.8438E-02 -4.6045E-01
  4.1000E+01  4.0000E+00  0.0000E+00  1.6600E+00  0.0000E+00  0.0000E+00  1.0000E+00  0.0000E+00  1.2274E+00  1.0430E+00  5.4393E+01  1.7160E+00 -2.2288E-01 -4.8238E-01  1.6600E+00  1.6301E+00  2.9883E-02 -3.4274E-01
  4.1000E+01  8.0000E+00  0.0000E+00  1.6400E+00  0.0000E+00  0.0000E+00  1.0000E+00  0.0000E+00  1.2274E+00  1.0430E+00  5.4393E+01  1.6019E+00  1.5779E-01  6.6642E-02  1.6400E+00  1.2804E+00  3.5962E-01 -7.3854E-02
  4.1000E+01  1.2000E+01  0.0000E+00  1.6970E+00  0.0000E+00  0.0000E+00  1.0000E+00  0.0000E+00  1.2274E+00  1.0430E+00  5.4393E+01  1.4838E+00  9.2233E-01  9.9345E-01  1.6970E+00  9.8945E-01  7.0755E-01  8.5859E-01
  4.1000E+01  2.4000E+01  0.0000E+00  1.4070E+00  0.0000E+00  0.0000E+00  1.0000E+00  0.0000E+00  1.2274E+00  1.0430E+00  5.4393E+01  1.1788E+00  1.1015E+00  1.5463E+00  1.4070E+00  4.5625E-01  9.5075E-01  2.0687E+00
  4.1000E+01  1.6800E+02  1.0000E+02  0.0000E+00  1.0000E+00  1.0000E+00  2.0000E+00  0.0000E+00  1.2274E+00  1.0430E+00  5.4393E+01  7.4511E-02 -4.7130E-01  0.0000E+00  0.0000E+00  4.2154E-05  0.0000E+00  0.0000E+00
  4.1000E+01  1.6850E+02  0.0000E+00  1.0890E+00  0.0000E+00  0.0000E+00  2.0000E+00  0.0000E+00  1.2274E+00  1.0430E+00  5.4393E+01  9.1258E-01  9.3348E-01  1.1716E+00  1.0890E+00  8.3214E-01  2.5686E-01  1.1234E+00
  4.1000E+01  1.6900E+02  0.0000E+00  1.5070E+00  0.0000E+00  0.0000E+00  2.0000E+00  0.0000E+00  1.2274E+00  1.0430E+00  5.4393E+01  1.3579E+00  6.7457E-01  8.1447E-01  1.5070E+00  1.2887E+00  2.1825E-01  8.1997E-01
  4.1000E+01  1.7000E+02  0.0000E+00  1.8680E+00  0.0000E+00  0.0000E+00  2.0000E+00  0.0000E+00  1.2274E+00  1.0430E+00  5.4393E+01  1.7087E+00  6.3590E-01  6.7240E-01  1.8680E+00  1.6425E+00  2.2552E-01  8.1179E-01
  4.1000E+01  1.7200E+02  0.0000E+00  1.6670E+00  0.0000E+00  0.0000E+00  2.0000E+00  0.0000E+00  1.2274E+00  1.0430E+00  5.4393E+01  1.7850E+00 -4.5853E-01 -4.2327E-01  1.6670E+00  1.6301E+00  3.6850E-02 -3.1563E-01
  4.1000E+01  1.7600E+02  0.0000E+00  1.6870E+00  0.0000E+00  0.0000E+00  2.0000E+00  0.0000E+00  1.2274E+00  1.0430E+00  5.4393E+01  1.6659E+00  8.5697E-02  2.7650E-01  1.6870E+00  1.2804E+00  4.0659E-01  1.4177E-01
  4.1000E+01  1.8000E+02  0.0000E+00  1.7440E+00  0.0000E+00  0.0000E+00  2.0000E+00  0.0000E+00  1.2274E+00  1.0430E+00  5.4393E+01  1.5430E+00  8.5129E-01  1.1921E+00  1.7440E+00  9.8947E-01  7.5453E-01  1.0974E+00
  4.1000E+01  1.9200E+02  0.0000E+00  1.3380E+00  0.0000E+00  0.0000E+00  2.0000E+00  0.0000E+00  1.2274E+00  1.0430E+00  5.4393E+01  1.2258E+00  5.3252E-01  1.2121E+00  1.3380E+00  4.5625E-01  8.8175E-01  1.6543E+00
  4.1000E+01  3.3600E+02  1.0000E+02  0.0000E+00  1.0000E+00  1.0000E+00  3.0000E+00  0.0000E+00  1.2274E+00  1.0430E+00  5.4393E+01  7.7484E-02 -4.9005E-01  0.0000E+00  0.0000E+00  4.2155E-05  0.0000E+00  0.0000E+00
  4.1000E+01  3.3650E+02  0.0000E+00  8.0300E-01  0.0000E+00  0.0000E+00  3.0000E+00  0.0000E+00  1.2274E+00  1.0430E+00  5.4393E+01  9.1553E-01 -5.9485E-01 -3.2950E-01  8.0300E-01  8.3214E-01 -2.9139E-02 -4.2230E-01
  4.1000E+01  3.3700E+02  0.0000E+00  1.5370E+00  0.0000E+00  0.0000E+00  3.0000E+00  0.0000E+00  1.2274E+00  1.0430E+00  5.4393E+01  1.3609E+00  7.9631E-01  9.6218E-01  1.5370E+00  1.2887E+00  2.4825E-01  9.5785E-01
  4.1000E+01  3.3800E+02  0.0000E+00  1.6410E+00  0.0000E+00  0.0000E+00  3.0000E+00  0.0000E+00  1.2274E+00  1.0430E+00  5.4393E+01  1.7116E+00 -2.8134E-01 -2.2016E-01  1.6410E+00  1.6425E+00 -1.4754E-03 -1.0913E-01
  4.1000E+01  3.4000E+02  0.0000E+00  1.5040E+00  0.0000E+00  0.0000E+00  3.0000E+00  0.0000E+00  1.2274E+00  1.0430E+00  5.4393E+01  1.7877E+00 -1.1016E+00 -1.0426E+00  1.5040E+00  1.6301E+00 -1.2615E-01 -9.8086E-01
  4.1000E+01  3.4400E+02  0.0000E+00  1.6490E+00  0.0000E+00  0.0000E+00  3.0000E+00  0.0000E+00  1.2274E+00  1.0430E+00  5.4393E+01  1.6684E+00 -7.8565E-02  1.3471E-01  1.6490E+00  1.2804E+00  3.6859E-01 -3.3643E-02
  4.1000E+01  3.4800E+02  0.0000E+00  1.4260E+00  0.0000E+00  0.0000E+00  3.0000E+00  0.0000E+00  1.2274E+00  1.0430E+00  5.4393E+01  1.5453E+00 -5.0476E-01 -1.4263E-01  1.4260E+00  9.8947E-01  4.3653E-01 -5.2668E-01
  4.1000E+01  3.6000E+02  0.0000E+00  1.0940E+00  0.0000E+00  0.0000E+00  3.0000E+00  0.0000E+00  1.2274E+00  1.0430E+00  5.4393E+01  1.2277E+00 -6.3398E-01  6.3645E-02  1.0940E+00  4.5625E-01  6.3775E-01  1.9125E-01
  4.2000E+01  0.0000E+00  1.0000E+02  0.0000E+00  1.0000E+00  1.0000E+00  1.0000E+00  0.0000E+00  1.2279E+00  6.0100E+00  5.3947E+01  0.0000E+00  0.0000E+00  0.0000E+00  0.0000E+00  0.0000E+00  0.0000E+00  0.0000E+00
  4.2000E+01  5.0000E-01  0.0000E+00  1.2670E+00  0.0000E+00  0.0000E+00  1.0000E+00  0.0000E+00  1.2279E+00  6.0100E+00  5.3947E+01  8.2486E-01  2.4070E+00  2.5542E+00  1.2670E+00  8.3210E-01  4.3490E-01  2.5280E+00
  4.2000E+01  1.0000E+00  0.0000E+00  1.5590E+00  0.0000E+00  0.0000E+00  1.0000E+00  0.0000E+00  1.2279E+00  6.0100E+00  5.3947E+01  1.2266E+00  1.5772E+00  1.6446E+00  1.5590E+00  1.2887E+00  2.7029E-01  1.6404E+00
  4.2000E+01  2.0000E+00  0.0000E+00  1.7930E+00  0.0000E+00  0.0000E+00  1.0000E+00  0.0000E+00  1.2279E+00  6.0100E+00  5.3947E+01  1.4565E+00  1.4696E+00  1.3393E+00  1.7930E+00  1.6424E+00  1.5056E-01  1.3405E+00
  4.2000E+01  4.0000E+00  0.0000E+00  1.2440E+00  0.0000E+00  0.0000E+00  1.0000E+00  0.0000E+00  1.2279E+00  6.0100E+00  5.3947E+01  1.2906E+00 -2.1598E-01 -5.2249E-01  1.2440E+00  1.6301E+00 -3.8612E-01 -4.3335E-01
  4.2000E+01  8.0000E+00  0.0000E+00  7.9200E-01  0.0000E+00  0.0000E+00  1.0000E+00  0.0000E+00  1.2279E+00  6.0100E+00  5.3947E+01  8.3602E-01 -2.3879E-01 -5.6364E-01  7.9200E-01  1.2804E+00 -4.8838E-01 -6.6026E-01
  4.2000E+01  1.2000E+01  0.0000E+00  2.5000E-01  0.0000E+00  0.0000E+00  1.0000E+00  1.0000E+00  1.2279E+00  6.0100E+00  5.3947E+01  5.3548E-01 -1.6869E+00 -1.9599E+00  2.5000E-01  9.8945E-01 -7.3945E-01 -1.9432E+00
  4.2000E+01  2.4000E+01  0.0000E+00  2.5000E-01  0.0000E+00  0.0000E+00  1.0000E+00  1.0000E+00  1.2279E+00  6.0100E+00  5.3947E+01  1.4065E-01  6.8910E-01  5.6890E-01  2.5000E-01  4.5625E-01 -2.0625E-01  5.0893E-01
  4.2000E+01  1.6800E+02  1.0000E+02  0.0000E+00  1.0000E+00  1.0000E+00  2.0000E+00  0.0000E+00  1.2279E+00  6.0100E+00  5.3947E+01  1.5172E-08 -9.6104E-08  0.0000E+00  0.0000E+00  4.2154E-05  0.0000E+00  0.0000E+00
  4.2000E+01  1.6850E+02  0.0000E+00  8.3600E-01  0.0000E+00  0.0000E+00  2.0000E+00  0.0000E+00  1.2279E+00  6.0100E+00  5.3947E+01  8.2486E-01  6.0637E-02  2.0782E-01  8.3600E-01  8.3214E-01  3.8608E-03  1.9927E-01
  4.2000E+01  1.6900E+02  0.0000E+00  1.1130E+00  0.0000E+00  0.0000E+00  2.0000E+00  0.0000E+00  1.2279E+00  6.0100E+00  5.3947E+01  1.2266E+00 -5.3893E-01 -4.7151E-01  1.1130E+00  1.2887E+00 -1.7575E-01 -4.0889E-01
  4.2000E+01  1.7000E+02  0.0000E+00  1.5930E+00  0.0000E+00  0.0000E+00  2.0000E+00  0.0000E+00  1.2279E+00  6.0100E+00  5.3947E+01  1.4565E+00  5.9602E-01  4.6574E-01  1.5930E+00  1.6425E+00 -4.9475E-02  5.2953E-01
  4.2000E+01  1.7200E+02  0.0000E+00  1.3230E+00  0.0000E+00  0.0000E+00  2.0000E+00  0.0000E+00  1.2279E+00  6.0100E+00  5.3947E+01  1.2906E+00  1.5034E-01 -1.5617E-01  1.3230E+00  1.6301E+00 -3.0715E-01 -1.1056E-01
  4.2000E+01  1.7600E+02  0.0000E+00  1.1490E+00  0.0000E+00  0.0000E+00  2.0000E+00  0.0000E+00  1.2279E+00  6.0100E+00  5.3947E+01  8.3602E-01  1.6979E+00  1.3730E+00  1.1490E+00  1.2804E+00 -1.3141E-01  9.8801E-01
  4.2000E+01  1.8000E+02  0.0000E+00  7.3100E-01  0.0000E+00  0.0000E+00  2.0000E+00  0.0000E+00  1.2279E+00  6.0100E+00  5.3947E+01  5.3548E-01  1.1554E+00  8.8236E-01  7.3100E-01  9.8947E-01 -2.5847E-01  5.1370E-01
  4.2000E+01  1.9200E+02  0.0000E+00  2.5000E-01  0.0000E+00  0.0000E+00  2.0000E+00  1.0000E+00  1.2279E+00  6.0100E+00  5.3947E+01  1.4065E-01  6.8910E-01  5.6890E-01  2.5000E-01  4.5625E-01 -2.0625E-01  5.0911E-01
  4.2000E+01  3.3600E+02  1.0000E+02  0.0000E+00  1.0000E+00  1.0000E+00  3.0000E+00  0.0000E+00  1.2279E+00  6.0100E+00  5.3947E+01  1.5172E-08 -9.6104E-08  0.0000E+00  0.0000E+00  4.2155E-05  0.0000E+00  0.0000E+00
  4.2000E+01  3.3650E+02  0.0000E+00  2.5000E-01  0.0000E+00  0.0000E+00  3.0000E+00  1.0000E+00  1.2279E+00  6.0100E+00  5.3947E+01  8.2486E-01 -3.1296E+00 -2.9824E+00  2.5000E-01  8.3214E-01 -5.8214E-01 -2.9678E+00
  4.2000E+01  3.3700E+02  0.0000E+00  9.5500E-01  0.0000E+00  0.0000E+00  3.0000E+00  0.0000E+00  1.2279E+00  6.0100E+00  5.3947E+01  1.2266E+00 -1.2886E+00 -1.2212E+00  9.5500E-01  1.2887E+00 -3.3375E-01 -1.1350E+00
  4.2000E+01  3.3800E+02  0.0000E+00  1.0070E+00  0.0000E+00  0.0000E+00  3.0000E+00  0.0000E+00  1.2279E+00  6.0100E+00  5.3947E+01  1.4565E+00 -1.9635E+00 -2.0938E+00  1.0070E+00  1.6425E+00 -6.3548E-01 -1.8478E+00
  4.2000E+01  3.4000E+02  0.0000E+00  1.1380E+00  0.0000E+00  0.0000E+00  3.0000E+00  0.0000E+00  1.2279E+00  6.0100E+00  5.3947E+01  1.2906E+00 -7.0750E-01 -1.0140E+00  1.1380E+00  1.6301E+00 -4.9215E-01 -8.6558E-01
  4.2000E+01  3.4400E+02  0.0000E+00  7.2500E-01  0.0000E+00  0.0000E+00  3.0000E+00  0.0000E+00  1.2279E+00  6.0100E+00  5.3947E+01  8.3602E-01 -6.0225E-01 -9.2710E-01  7.2500E-01  1.2804E+00 -5.5541E-01 -9.6918E-01
  4.2000E+01  3.4800E+02  0.0000E+00  2.5000E-01  0.0000E+00  0.0000E+00  3.0000E+00  1.0000E+00  1.2279E+00  6.0100E+00  5.3947E+01  5.3548E-01 -1.6869E+00 -1.9599E+00  2.5000E-01  9.8947E-01 -7.3947E-01 -1.9429E+00
  4.2000E+01  3.6000E+02  0.0000E+00  2.5000E-01  0.0000E+00  0.0000E+00  3.0000E+00  1.0000E+00  1.2279E+00  6.0100E+00  5.3947E+01  1.4065E-01  6.8910E-01  5.6890E-01  2.5000E-01  4.5625E-01 -2.0625E-01  5.0911E-01
  4.3000E+01  0.0000E+00  1.0000E+02  0.0000E+00  1.0000E+00  1.0000E+00  1.0000E+00  0.0000E+00  7.7462E-01  4.1468E+00  6.4419E+01  0.0000E+00  0.0000E+00  0.0000E+00  0.0000E+00  0.0000E+00  0.0000E+00  0.0000E+00
  4.3000E+01  5.0000E-01  0.0000E+00  6.0400E-01  0.0000E+00  0.0000E+00  1.0000E+00  0.0000E+00  7.7462E-01  4.1468E+00  6.4419E+01  4.9004E-01  6.8059E-01  4.1487E-01  6.0400E-01  8.3210E-01 -2.2810E-01  4.0708E-01
  4.3000E+01  1.0000E+00  0.0000E+00  8.8300E-01  0.0000E+00  0.0000E+00  1.0000E+00  0.0000E+00  7.7462E-01  4.1468E+00  6.4419E+01  8.0720E-01  4.1495E-01  1.6882E-02  8.8300E-01  1.2887E+00 -4.0571E-01 -1.8254E-02
  4.3000E+01  2.0000E+00  0.0000E+00  1.1660E+00  0.0000E+00  0.0000E+00  1.0000E+00  0.0000E+00  7.7462E-01  4.1468E+00  6.4419E+01  1.1289E+00  1.8226E-01 -2.8750E-01  1.1660E+00  1.6424E+00 -4.7644E-01 -3.1031E-01
  4.3000E+01  4.0000E+00  0.0000E+00  1.1930E+00  0.0000E+00  0.0000E+00  1.0000E+00  0.0000E+00  7.7462E-01  4.1468E+00  6.4419E+01  1.2323E+00 -1.8614E-01 -5.8557E-01  1.1930E+00  1.6301E+00 -4.3712E-01 -5.0742E-01
  4.3000E+01  8.0000E+00  0.0000E+00  8.4100E-01  0.0000E+00  0.0000E+00  1.0000E+00  0.0000E+00  7.7462E-01  4.1468E+00  6.4419E+01  1.0082E+00 -8.5645E-01 -1.0927E+00  8.4100E-01  1.2804E+00 -4.3938E-01 -9.3141E-01
  4.3000E+01  1.2000E+01  0.0000E+00  5.0600E-01  0.0000E+00  0.0000E+00  1.0000E+00  0.0000E+00  7.7462E-01  4.1468E+00  6.4419E+01  7.8181E-01 -1.5219E+00 -1.6520E+00  5.0600E-01  9.8945E-01 -4.8345E-01 -1.4971E+00
  4.3000E+01  2.4000E+01  0.0000E+00  2.5000E-01  0.0000E+00  0.0000E+00  1.0000E+00  1.0000E+00  7.7462E-01  4.1468E+00  6.4419E+01  3.6117E-01 -6.8144E-01 -6.6271E-01  2.5000E-01  4.5625E-01 -2.0625E-01 -6.7180E-01
  4.3000E+01  1.6800E+02  1.0000E+02  0.0000E+00  1.0000E+00  1.0000E+00  2.0000E+00  0.0000E+00  7.7462E-01  4.1468E+00  6.4419E+01  3.4038E-05 -2.1561E-04  0.0000E+00  0.0000E+00  4.2154E-05  0.0000E+00  0.0000E+00
  4.3000E+01  1.6850E+02  0.0000E+00  5.1900E-01  0.0000E+00  0.0000E+00  2.0000E+00  0.0000E+00  7.7462E-01  4.1468E+00  6.4419E+01  4.9008E-01  1.7274E-01 -9.2897E-02  5.1900E-01  8.3214E-01 -3.1314E-01 -5.2448E-02
  4.3000E+01  1.6900E+02  0.0000E+00  8.4900E-01  0.0000E+00  0.0000E+00  2.0000E+00  0.0000E+00  7.7462E-01  4.1468E+00  6.4419E+01  8.0723E-01  2.2864E-01 -1.6934E-01  8.4900E-01  1.2887E+00 -4.3975E-01 -1.7463E-01
  4.3000E+01  1.7000E+02  0.0000E+00  1.2250E+00  0.0000E+00  0.0000E+00  2.0000E+00  0.0000E+00  7.7462E-01  4.1468E+00  6.4419E+01  1.1289E+00  4.7194E-01  2.2558E-03  1.2250E+00  1.6425E+00 -4.1748E-01 -7.1035E-02
  4.3000E+01  1.7200E+02  0.0000E+00  1.2030E+00  0.0000E+00  0.0000E+00  2.0000E+00  0.0000E+00  7.7462E-01  4.1468E+00  6.4419E+01  1.2323E+00 -1.3892E-01 -5.3828E-01  1.2030E+00  1.6301E+00 -4.2715E-01 -4.6668E-01
  4.3000E+01  1.7600E+02  0.0000E+00  9.7300E-01  0.0000E+00  0.0000E+00  2.0000E+00  0.0000E+00  7.7462E-01  4.1468E+00  6.4419E+01  1.0082E+00 -1.8026E-01 -4.1650E-01  9.7300E-01  1.2804E+00 -3.0741E-01 -3.2215E-01
  4.3000E+01  1.8000E+02  0.0000E+00  9.7700E-01  0.0000E+00  0.0000E+00  2.0000E+00  0.0000E+00  7.7462E-01  4.1468E+00  6.4419E+01  7.8182E-01  1.0769E+00  9.4687E-01  9.7700E-01  9.8947E-01 -1.2469E-02  9.0837E-01
  4.3000E+01  1.9200E+02  0.0000E+00  2.5000E-01  0.0000E+00  0.0000E+00  2.0000E+00  1.0000E+00  7.7462E-01  4.1468E+00  6.4419E+01  3.6117E-01 -6.8148E-01 -6.6273E-01  2.5000E-01  4.5625E-01 -2.0625E-01 -6.7184E-01
  4.3000E+01  3.3600E+02  1.0000E+02  0.0000E+00  1.0000E+00  1.0000E+00  3.0000E+00  0.0000E+00  7.7462E-01  4.1468E+00  6.4419E+01  3.4039E-05 -2.1561E-04  0.0000E+00  0.0000E+00  4.2155E-05  0.0000E+00  0.0000E+00
  4.3000E+01  3.3650E+02  0.0000E+00  2.5000E-01  0.0000E+00  0.0000E+00  3.0000E+00  1.0000E+00  7.7462E-01  4.1468E+00  6.4419E+01  4.9008E-01 -1.4338E+00 -1.6995E+00  2.5000E-01  8.3214E-01 -5.8214E-01 -1.5062E+00
  4.3000E+01  3.3700E+02  0.0000E+00  7.3500E-01  0.0000E+00  0.0000E+00  3.0000E+00  0.0000E+00  7.7462E-01  4.1468E+00  6.4419E+01  8.0723E-01 -3.9544E-01 -7.9342E-01  7.3500E-01  1.2887E+00 -5.5375E-01 -6.9856E-01
  4.3000E+01  3.3800E+02  0.0000E+00  1.0530E+00  0.0000E+00  0.0000E+00  3.0000E+00  0.0000E+00  7.7462E-01  4.1468E+00  6.4419E+01  1.1289E+00 -3.7299E-01 -8.4267E-01  1.0530E+00  1.6425E+00 -5.8948E-01 -7.6882E-01
  4.3000E+01  3.4000E+02  0.0000E+00  1.0660E+00  0.0000E+00  0.0000E+00  3.0000E+00  0.0000E+00  7.7462E-01  4.1468E+00  6.4419E+01  1.2323E+00 -7.8759E-01 -1.1870E+00  1.0660E+00  1.6301E+00 -5.6415E-01 -1.0258E+00
  4.3000E+01  3.4400E+02  0.0000E+00  1.0990E+00  0.0000E+00  0.0000E+00  3.0000E+00  0.0000E+00  7.7462E-01  4.1468E+00  6.4419E+01  1.0082E+00  4.6529E-01  2.2906E-01  1.0990E+00  1.2804E+00 -1.8141E-01  2.5947E-01
  4.3000E+01  3.4800E+02  0.0000E+00  9.7300E-01  0.0000E+00  0.0000E+00  3.0000E+00  0.0000E+00  7.7462E-01  4.1468E+00  6.4419E+01  7.8182E-01  1.0549E+00  9.2480E-01  9.7300E-01  9.8947E-01 -1.6469E-02  8.8794E-01
  4.3000E+01  3.6000E+02  0.0000E+00  5.8700E-01  0.0000E+00  0.0000E+00  3.0000E+00  0.0000E+00  7.7462E-01  4.1468E+00  6.4419E+01  3.6117E-01  1.3843E+00  1.4030E+00  5.8700E-01  4.5625E-01  1.3075E-01  1.3489E+00
  4.4000E+01  0.0000E+00  1.0000E+02  0.0000E+00  1.0000E+00  1.0000E+00  1.0000E+00  0.0000E+00  8.6205E-01  1.2931E+00  4.8856E+01  0.0000E+00  0.0000E+00  0.0000E+00  0.0000E+00  0.0000E+00  0.0000E+00  0.0000E+00
  4.4000E+01  5.0000E-01  0.0000E+00  7.7300E-01  0.0000E+00  0.0000E+00  1.0000E+00  0.0000E+00  8.6205E-01  1.2931E+00  4.8856E+01  7.1166E-01  3.4568E-01  1.7949E-01  7.7300E-01  8.3210E-01 -5.9098E-02  1.6328E-01
  4.4000E+01  1.0000E+00  0.0000E+00  1.4570E+00  0.0000E+00  0.0000E+00  1.0000E+00  0.0000E+00  8.6205E-01  1.2931E+00  4.8856E+01  1.1648E+00  1.4174E+00  1.2143E+00  1.4570E+00  1.2887E+00  1.6829E-01  1.1752E+00
  4.4000E+01  2.0000E+00  0.0000E+00  1.7440E+00  0.0000E+00  0.0000E+00  1.0000E+00  0.0000E+00  8.6205E-01  1.2931E+00  4.8856E+01  1.6262E+00  4.8408E-01  3.4103E-01  1.7440E+00  1.6424E+00  1.0156E-01  4.1970E-01
  4.4000E+01  4.0000E+00  0.0000E+00  1.2850E+00  0.0000E+00  0.0000E+00  1.0000E+00  0.0000E+00  8.6205E-01  1.2931E+00  4.8856E+01  1.8324E+00 -2.0924E+00 -2.0659E+00  1.2850E+00  1.6301E+00 -3.4512E-01 -2.1386E+00
  4.4000E+01  8.0000E+00  0.0000E+00  1.7740E+00  0.0000E+00  0.0000E+00  1.0000E+00  0.0000E+00  8.6205E-01  1.2931E+00  4.8856E+01  1.7066E+00  2.6935E-01  4.8144E-01  1.7740E+00  1.2804E+00  4.9362E-01  4.2245E-01
  4.4000E+01  1.2000E+01  0.0000E+00  1.2820E+00  0.0000E+00  0.0000E+00  1.0000E+00  0.0000E+00  8.6205E-01  1.2931E+00  4.8856E+01  1.5370E+00 -1.0820E+00 -7.5504E-01  1.2820E+00  9.8945E-01  2.9255E-01 -1.1411E+00
  4.4000E+01  2.4000E+01  0.0000E+00  1.0440E+00  0.0000E+00  0.0000E+00  1.0000E+00  0.0000E+00  8.6205E-01  1.2931E+00  4.8856E+01  1.1188E+00 -3.6869E-01  1.6914E-01  1.0440E+00  4.5625E-01  5.8775E-01  3.5688E-01
  4.4000E+01  1.6800E+02  1.0000E+02  0.0000E+00  1.0000E+00  1.0000E+00  2.0000E+00  0.0000E+00  8.6205E-01  1.2931E+00  4.8856E+01  2.4743E-02 -1.5671E-01  0.0000E+00  0.0000E+00  4.2154E-05  0.0000E+00  0.0000E+00
  4.4000E+01  1.6850E+02  0.0000E+00  5.5600E-01  0.0000E+00  0.0000E+00  2.0000E+00  0.0000E+00  8.6205E-01  1.2931E+00  4.8856E+01  7.3608E-01 -1.0075E+00 -1.0831E+00  5.5600E-01  8.3214E-01 -2.7614E-01 -1.0116E+00
  4.4000E+01  1.6900E+02  0.0000E+00  8.4900E-01  0.0000E+00  0.0000E+00  2.0000E+00  0.0000E+00  8.6205E-01  1.2931E+00  4.8856E+01  1.1889E+00 -1.6344E+00 -1.7497E+00  8.4900E-01  1.2887E+00 -4.3975E-01 -1.6208E+00
  4.4000E+01  1.7000E+02  0.0000E+00  1.6660E+00  0.0000E+00  0.0000E+00  2.0000E+00  0.0000E+00  8.6205E-01  1.2931E+00  4.8856E+01  1.6497E+00  6.6480E-02  6.9277E-03  1.6660E+00  1.6425E+00  2.3525E-02  1.0187E-01
  4.4000E+01  1.7200E+02  0.0000E+00  2.0550E+00  0.0000E+00  0.0000E+00  2.0000E+00  0.0000E+00  8.6205E-01  1.2931E+00  4.8856E+01  1.8546E+00  7.6000E-01  8.6512E-01  2.0550E+00  1.6301E+00  4.2485E-01  1.0027E+00
  4.4000E+01  1.7600E+02  0.0000E+00  1.7050E+00  0.0000E+00  0.0000E+00  2.0000E+00  0.0000E+00  8.6205E-01  1.2931E+00  4.8856E+01  1.7266E+00 -8.5650E-02  1.9919E-01  1.7050E+00  1.2804E+00  4.2459E-01  1.0282E-01
  4.4000E+01  1.8000E+02  0.0000E+00  1.5240E+00  0.0000E+00  0.0000E+00  2.0000E+00  0.0000E+00  8.6205E-01  1.2931E+00  4.8856E+01  1.5550E+00 -1.3065E-01  2.6389E-01  1.5240E+00  9.8947E-01  5.3453E-01  9.3888E-02
  4.4000E+01  1.9200E+02  0.0000E+00  1.4210E+00  0.0000E+00  0.0000E+00  2.0000E+00  0.0000E+00  8.6205E-01  1.2931E+00  4.8856E+01  1.1319E+00  1.4187E+00  2.0104E+00  1.4210E+00  4.5625E-01  9.6475E-01  2.6168E+00
  4.4000E+01  3.3600E+02  1.0000E+02  0.0000E+00  1.0000E+00  1.0000E+00  3.0000E+00  0.0000E+00  8.6205E-01  1.2931E+00  4.8856E+01  2.5033E-02 -1.5854E-01  0.0000E+00  0.0000E+00  4.2155E-05  0.0000E+00  0.0000E+00
  4.4000E+01  3.3650E+02  0.0000E+00  6.0400E-01  0.0000E+00  0.0000E+00  3.0000E+00  0.0000E+00  8.6205E-01  1.2931E+00  4.8856E+01  7.3636E-01 -7.4052E-01 -8.1397E-01  6.0400E-01  8.3214E-01 -2.2814E-01 -7.5218E-01
  4.4000E+01  3.3700E+02  0.0000E+00  1.1940E+00  0.0000E+00  0.0000E+00  3.0000E+00  0.0000E+00  8.6205E-01  1.2931E+00  4.8856E+01  1.1892E+00  2.3318E-02 -8.9888E-02  1.1940E+00  1.2887E+00 -9.4745E-02 -3.5223E-02
  4.4000E+01  3.3800E+02  0.0000E+00  1.9920E+00  0.0000E+00  0.0000E+00  3.0000E+00  0.0000E+00  8.6205E-01  1.2931E+00  4.8856E+01  1.6500E+00  1.3940E+00  1.3364E+00  1.9920E+00  1.6425E+00  3.4952E-01  1.4244E+00
  4.4000E+01  3.4000E+02  0.0000E+00  1.8440E+00  0.0000E+00  0.0000E+00  3.0000E+00  0.0000E+00  8.6205E-01  1.2931E+00  4.8856E+01  1.8549E+00 -4.1341E-02  6.5605E-02  1.8440E+00  1.6301E+00  2.1385E-01  1.4162E-01
  4.4000E+01  3.4400E+02  0.0000E+00  2.1320E+00  0.0000E+00  0.0000E+00  3.0000E+00  0.0000E+00  8.6205E-01  1.2931E+00  4.8856E+01  1.7268E+00  1.6070E+00  1.8935E+00  2.1320E+00  1.2804E+00  8.5159E-01  2.0739E+00
  4.4000E+01  3.4800E+02  0.0000E+00  1.2670E+00  0.0000E+00  0.0000E+00  3.0000E+00  0.0000E+00  8.6205E-01  1.2931E+00  4.8856E+01  1.5552E+00 -1.2150E+00 -8.1888E-01  1.2670E+00  9.8947E-01  2.7753E-01 -1.2187E+00
  4.4000E+01  3.6000E+02  0.0000E+00  1.2740E+00  0.0000E+00  0.0000E+00  3.0000E+00  0.0000E+00  8.6205E-01  1.2931E+00  4.8856E+01  1.1320E+00  6.9655E-01  1.2894E+00  1.2740E+00  4.5625E-01  8.1775E-01  1.7354E+00
  4.5000E+01  0.0000E+00  1.0000E+02  0.0000E+00  1.0000E+00  1.0000E+00  1.0000E+00  0.0000E+00  5.1545E-01  2.6875E+00  6.9981E+01  0.0000E+00  0.0000E+00  0.0000E+00  0.0000E+00  0.0000E+00  0.0000E+00  0.0000E+00
  4.5000E+01  5.0000E-01  0.0000E+00  2.5000E-01  0.0000E+00  0.0000E+00  1.0000E+00  1.0000E+00  5.1545E-01  2.6875E+00  6.9981E+01  3.2142E-01 -4.4069E-01 -7.7678E-01  2.5000E-01  8.3210E-01 -5.8210E-01 -5.6982E-01
  4.5000E+01  1.0000E+00  0.0000E+00  5.3800E-01  0.0000E+00  0.0000E+00  1.0000E+00  0.0000E+00  5.1545E-01  2.6875E+00  6.9981E+01  5.6370E-01 -1.5079E-01 -6.8829E-01  5.3800E-01  1.2887E+00 -7.5071E-01 -6.0672E-01
  4.5000E+01  2.0000E+00  0.0000E+00  1.0650E+00  0.0000E+00  0.0000E+00  1.0000E+00  0.0000E+00  5.1545E-01  2.6875E+00  6.9981E+01  8.7912E-01  9.9445E-01  3.0040E-01  1.0650E+00  1.6424E+00 -5.7744E-01  6.7189E-03
  4.5000E+01  4.0000E+00  0.0000E+00  1.0800E+00  0.0000E+00  0.0000E+00  1.0000E+00  0.0000E+00  5.1545E-01  2.6875E+00  6.9981E+01  1.1277E+00 -2.3439E-01 -8.4924E-01  1.0800E+00  1.6301E+00 -5.5012E-01 -7.3370E-01
  4.5000E+01  8.0000E+00  0.0000E+00  1.1380E+00  0.0000E+00  0.0000E+00  1.0000E+00  0.0000E+00  5.1545E-01  2.6875E+00  6.9981E+01  1.1106E+00  1.3552E-01 -1.5395E-01  1.1380E+00  1.2804E+00 -1.4238E-01  5.7010E-02
  4.5000E+01  1.2000E+01  0.0000E+00  1.0590E+00  0.0000E+00  0.0000E+00  1.0000E+00  0.0000E+00  5.1545E-01  2.6875E+00  6.9981E+01  9.7070E-01  4.5820E-01  3.7389E-01  1.0590E+00  9.8945E-01  6.9550E-02  5.1295E-01
  4.5000E+01  2.4000E+01  0.0000E+00  7.0900E-01  0.0000E+00  0.0000E+00  1.0000E+00  0.0000E+00  5.1545E-01  2.6875E+00  6.9981E+01  6.1428E-01  5.4858E-01  7.6026E-01  7.0900E-01  4.5625E-01  2.5275E-01  8.2184E-01
  4.5000E+01  1.6800E+02  1.0000E+02  0.0000E+00  1.0000E+00  1.0000E+00  2.0000E+00  0.0000E+00  5.1545E-01  2.6875E+00  6.9981E+01  2.4364E-03 -1.5433E-02  0.0000E+00  0.0000E+00  4.2154E-05  0.0000E+00  0.0000E+00
  4.5000E+01  1.6850E+02  0.0000E+00  2.5000E-01  0.0000E+00  0.0000E+00  2.0000E+00  1.0000E+00  5.1545E-01  2.6875E+00  6.9981E+01  3.2381E-01 -4.5527E-01 -7.7804E-01  2.5000E-01  8.3214E-01 -5.8214E-01 -5.7083E-01
  4.5000E+01  1.6900E+02  0.0000E+00  5.9700E-01  0.0000E+00  0.0000E+00  2.0000E+00  0.0000E+00  5.1545E-01  2.6875E+00  6.9981E+01  5.6604E-01  1.8156E-01 -3.4299E-01  5.9700E-01  1.2887E+00 -6.9175E-01 -3.3636E-01
  4.5000E+01  1.7000E+02  0.0000E+00  1.0620E+00  0.0000E+00  0.0000E+00  2.0000E+00  0.0000E+00  5.1545E-01  2.6875E+00  6.9981E+01  8.8137E-01  9.6562E-01  2.8383E-01  1.0620E+00  1.6425E+00 -5.8048E-01 -6.1043E-03
  4.5000E+01  1.7200E+02  0.0000E+00  1.0570E+00  0.0000E+00  0.0000E+00  2.0000E+00  0.0000E+00  5.1545E-01  2.6875E+00  6.9981E+01  1.1298E+00 -3.5743E-01 -9.6107E-01  1.0570E+00  1.6301E+00 -5.7315E-01 -8.2814E-01
  4.5000E+01  1.7600E+02  0.0000E+00  1.1770E+00  0.0000E+00  0.0000E+00  2.0000E+00  0.0000E+00  5.1545E-01  2.6875E+00  6.9981E+01  1.1124E+00  3.1928E-01  3.9636E-02  1.1770E+00  1.2804E+00 -1.0341E-01  2.3650E-01
  4.5000E+01  1.8000E+02  0.0000E+00  8.1000E-01  0.0000E+00  0.0000E+00  2.0000E+00  0.0000E+00  5.1545E-01  2.6875E+00  6.9981E+01  9.7224E-01 -8.4147E-01 -9.1705E-01  8.1000E-01  9.8947E-01 -1.7947E-01 -7.5925E-01
  4.5000E+01  1.9200E+02  0.0000E+00  7.1900E-01  0.0000E+00  0.0000E+00  2.0000E+00  0.0000E+00  5.1545E-01  2.6875E+00  6.9981E+01  6.1525E-01  6.0073E-01  8.1849E-01  7.1900E-01  4.5625E-01  2.6275E-01  8.8152E-01
  4.5000E+01  3.3600E+02  1.0000E+02  0.0000E+00  1.0000E+00  1.0000E+00  3.0000E+00  0.0000E+00  5.1545E-01  2.6875E+00  6.9981E+01  2.4402E-03 -1.5457E-02  0.0000E+00  0.0000E+00  4.2155E-05  0.0000E+00  0.0000E+00
  4.5000E+01  3.3650E+02  0.0000E+00  2.5000E-01  0.0000E+00  0.0000E+00  3.0000E+00  1.0000E+00  5.1545E-01  2.6875E+00  6.9981E+01  3.2381E-01 -4.5529E-01 -7.7802E-01  2.5000E-01  8.3214E-01 -5.8214E-01 -5.7083E-01
  4.5000E+01  3.3700E+02  0.0000E+00  5.7300E-01  0.0000E+00  0.0000E+00  3.0000E+00  0.0000E+00  5.1545E-01  2.6875E+00  6.9981E+01  5.6604E-01  4.0790E-02 -4.8372E-01  5.7300E-01  1.2887E+00 -7.1575E-01 -4.4667E-01
  4.5000E+01  3.3800E+02  0.0000E+00  5.8200E-01  0.0000E+00  0.0000E+00  3.0000E+00  0.0000E+00  5.1545E-01  2.6875E+00  6.9981E+01  8.8138E-01 -1.6005E+00 -2.2822E+00  5.8200E-01  1.6425E+00 -1.0605E+00 -1.9534E+00
  4.5000E+01  3.4000E+02  0.0000E+00  9.5600E-01  0.0000E+00  0.0000E+00  3.0000E+00  0.0000E+00  5.1545E-01  2.6875E+00  6.9981E+01  1.1298E+00 -8.5344E-01 -1.4570E+00  9.5600E-01  1.6301E+00 -6.7415E-01 -1.2403E+00
  4.5000E+01  3.4400E+02  0.0000E+00  1.1370E+00  0.0000E+00  0.0000E+00  3.0000E+00  0.0000E+00  5.1545E-01  2.6875E+00  6.9981E+01  1.1124E+00  1.2163E-01 -1.5799E-01  1.1370E+00  1.2804E+00 -1.4341E-01  5.1861E-02
  4.5000E+01  3.4800E+02  0.0000E+00  7.9600E-01  0.0000E+00  0.0000E+00  3.0000E+00  0.0000E+00  5.1545E-01  2.6875E+00  6.9981E+01  9.7224E-01 -9.1410E-01 -9.8964E-01  7.9600E-01  9.8947E-01 -1.9347E-01 -8.3075E-01
  4.5000E+01  3.6000E+02  0.0000E+00  6.5300E-01  0.0000E+00  0.0000E+00  3.0000E+00  0.0000E+00  5.1545E-01  2.6875E+00  6.9981E+01  6.1525E-01  2.1857E-01  4.3636E-01  6.5300E-01  4.5625E-01  1.9675E-01  4.8578E-01
  4.6000E+01  0.0000E+00  1.0000E+02  0.0000E+00  1.0000E+00  1.0000E+00  1.0000E+00  0.0000E+00  1.0619E+00  2.7865E+00  5.1485E+01  0.0000E+00  0.0000E+00  0.0000E+00  0.0000E+00  0.0000E+00  0.0000E+00  0.0000E+00
  4.6000E+01  5.0000E-01  0.0000E+00  8.7900E-01  0.0000E+00  0.0000E+00  1.0000E+00  0.0000E+00  1.0619E+00  2.7865E+00  5.1485E+01  7.8846E-01  4.9857E-01  4.3268E-01  8.7900E-01  8.3210E-01  4.6902E-02  4.1935E-01
  4.6000E+01  1.0000E+00  0.0000E+00  1.1350E+00  0.0000E+00  0.0000E+00  1.0000E+00  0.0000E+00  1.0619E+00  2.7865E+00  5.1485E+01  1.2311E+00 -4.5507E-01 -5.4376E-01  1.1350E+00  1.2887E+00 -1.5371E-01 -5.2848E-01
  4.6000E+01  2.0000E+00  0.0000E+00  1.6460E+00  0.0000E+00  0.0000E+00  1.0000E+00  0.0000E+00  1.0619E+00  2.7865E+00  5.1485E+01  1.5919E+00  2.2498E-01  1.3147E-01  1.6460E+00  1.6424E+00  3.5617E-03  1.3511E-01
  4.6000E+01  4.0000E+00  0.0000E+00  1.4800E+00  0.0000E+00  0.0000E+00  1.0000E+00  0.0000E+00  1.0619E+00  2.7865E+00  5.1485E+01  1.6190E+00 -5.7269E-01 -6.4163E-01  1.4800E+00  1.6301E+00 -1.5012E-01 -6.2766E-01
  4.6000E+01  8.0000E+00  0.0000E+00  1.3840E+00  0.0000E+00  0.0000E+00  1.0000E+00  0.0000E+00  1.0619E+00  2.7865E+00  5.1485E+01  1.3270E+00  2.6095E-01  2.4418E-01  1.3840E+00  1.2804E+00  1.0362E-01  2.3774E-01
  4.6000E+01  1.2000E+01  0.0000E+00  1.0220E+00  0.0000E+00  0.0000E+00  1.0000E+00  0.0000E+00  1.0619E+00  2.7865E+00  5.1485E+01  1.0690E+00 -2.3580E-01 -2.1494E-01  1.0220E+00  9.8945E-01  3.2550E-02 -2.3811E-01
  4.6000E+01  2.4000E+01  0.0000E+00  2.5000E-01  0.0000E+00  0.0000E+00  1.0000E+00  1.0000E+00  1.0619E+00  2.7865E+00  5.1485E+01  5.5837E-01 -1.8119E+00 -1.7418E+00  2.5000E-01  4.5625E-01 -2.0625E-01 -1.7862E+00
  4.6000E+01  1.6800E+02  1.0000E+02  0.0000E+00  1.0000E+00  1.0000E+00  2.0000E+00  0.0000E+00  1.0619E+00  2.7865E+00  5.1485E+01  2.3024E-04 -1.4584E-03  0.0000E+00  0.0000E+00  4.2154E-05  0.0000E+00  0.0000E+00
  4.6000E+01  1.6850E+02  0.0000E+00  8.6600E-01  0.0000E+00  0.0000E+00  2.0000E+00  0.0000E+00  1.0619E+00  2.7865E+00  5.1485E+01  7.8868E-01  4.2572E-01  3.6015E-01  8.6600E-01  8.3214E-01  3.3861E-02  3.4851E-01
  4.6000E+01  1.6900E+02  0.0000E+00  1.2120E+00  0.0000E+00  0.0000E+00  2.0000E+00  0.0000E+00  1.0619E+00  2.7865E+00  5.1485E+01  1.2313E+00 -9.1345E-02 -1.7973E-01  1.2120E+00  1.2887E+00 -7.6745E-02 -1.7506E-01
  4.6000E+01  1.7000E+02  0.0000E+00  1.6920E+00  0.0000E+00  0.0000E+00  2.0000E+00  0.0000E+00  1.0619E+00  2.7865E+00  5.1485E+01  1.5921E+00  4.1548E-01  3.2226E-01  1.6920E+00  1.6425E+00  4.9525E-02  3.2134E-01
  4.6000E+01  1.7200E+02  0.0000E+00  1.6280E+00  0.0000E+00  0.0000E+00  2.0000E+00  0.0000E+00  1.0619E+00  2.7865E+00  5.1485E+01  1.6192E+00  3.6408E-02 -3.2271E-02  1.6280E+00  1.6301E+00 -2.1497E-03 -2.3976E-02
  4.6000E+01  1.7600E+02  0.0000E+00  1.5150E+00  0.0000E+00  0.0000E+00  2.0000E+00  0.0000E+00  1.0619E+00  2.7865E+00  5.1485E+01  1.3271E+00  8.5975E-01  8.4320E-01  1.5150E+00  1.2804E+00  2.3459E-01  8.4213E-01
  4.6000E+01  1.8000E+02  0.0000E+00  1.2290E+00  0.0000E+00  0.0000E+00  2.0000E+00  0.0000E+00  1.0619E+00  2.7865E+00  5.1485E+01  1.0691E+00  8.0203E-01  8.2308E-01  1.2290E+00  9.8947E-01  2.3953E-01  8.1884E-01
  4.6000E+01  1.9200E+02  0.0000E+00  6.7400E-01  0.0000E+00  0.0000E+00  2.0000E+00  0.0000E+00  1.0619E+00  2.7865E+00  5.1485E+01  5.5843E-01  6.7907E-01  7.4933E-01  6.7400E-01  4.5625E-01  2.1775E-01  7.5599E-01
  4.6000E+01  3.3600E+02  1.0000E+02  0.0000E+00  1.0000E+00  1.0000E+00  3.0000E+00  0.0000E+00  1.0619E+00  2.7865E+00  5.1485E+01  2.3027E-04 -1.4586E-03  0.0000E+00  0.0000E+00  4.2155E-05  0.0000E+00  0.0000E+00
  4.6000E+01  3.3650E+02  0.0000E+00  6.8800E-01  0.0000E+00  0.0000E+00  3.0000E+00  0.0000E+00  1.0619E+00  2.7865E+00  5.1485E+01  7.8868E-01 -5.5437E-01 -6.1994E-01  6.8800E-01  8.3214E-01 -1.4414E-01 -6.1348E-01
  4.6000E+01  3.3700E+02  0.0000E+00  1.3650E+00  0.0000E+00  0.0000E+00  3.0000E+00  0.0000E+00  1.0619E+00  2.7865E+00  5.1485E+01  1.2313E+00  6.3337E-01  5.4498E-01  1.3650E+00  1.2887E+00  7.6255E-02  5.2812E-01
  4.6000E+01  3.3800E+02  0.0000E+00  1.4910E+00  0.0000E+00  0.0000E+00  3.0000E+00  0.0000E+00  1.0619E+00  2.7865E+00  5.1485E+01  1.5921E+00 -4.2075E-01 -5.1397E-01  1.4910E+00  1.6425E+00 -1.5148E-01 -4.9410E-01
  4.6000E+01  3.4000E+02  0.0000E+00  1.4680E+00  0.0000E+00  0.0000E+00  3.0000E+00  0.0000E+00  1.0619E+00  2.7865E+00  5.1485E+01  1.6192E+00 -6.2286E-01 -6.9154E-01  1.4680E+00  1.6301E+00 -1.6215E-01 -6.7696E-01
  4.6000E+01  3.4400E+02  0.0000E+00  1.3490E+00  0.0000E+00  0.0000E+00  3.0000E+00  0.0000E+00  1.0619E+00  2.7865E+00  5.1485E+01  1.3271E+00  1.0008E-01  8.3527E-02  1.3490E+00  1.2804E+00  6.8590E-02  7.5869E-02
  4.6000E+01  3.4800E+02  0.0000E+00  1.1170E+00  0.0000E+00  0.0000E+00  3.0000E+00  0.0000E+00  1.0619E+00  2.7865E+00  5.1485E+01  1.0691E+00  2.4018E-01  2.6122E-01  1.1170E+00  9.8947E-01  1.2753E-01  2.4682E-01
  4.6000E+01  3.6000E+02  0.0000E+00  6.3700E-01  0.0000E+00  0.0000E+00  3.0000E+00  0.0000E+00  1.0619E+00  2.7865E+00  5.1485E+01  5.5843E-01  4.6166E-01  5.3193E-01  6.3700E-01  4.5625E-01  1.8075E-01  5.3413E-01
  4.7000E+01  0.0000E+00  1.0000E+02  0.0000E+00  1.0000E+00  1.0000E+00  1.0000E+00  0.0000E+00  1.4215E+00  6.2509E+00  4.3408E+01  0.0000E+00  0.0000E+00  0.0000E+00  0.0000E+00  0.0000E+00  0.0000E+00  0.0000E+00
  4.7000E+01  5.0000E-01  0.0000E+00  9.2300E-01  0.0000E+00  0.0000E+00  1.0000E+00  0.0000E+00  1.4215E+00  6.2509E+00  4.3408E+01  1.1260E+00 -9.9820E-01 -7.5828E-01  9.2300E-01  8.3210E-01  9.0902E-02 -8.7031E-01
  4.7000E+01  1.0000E+00  0.0000E+00  1.7030E+00  0.0000E+00  0.0000E+00  1.0000E+00  0.0000E+00  1.4215E+00  6.2509E+00  4.3408E+01  1.6009E+00  4.2328E-01  6.5363E-01  1.7030E+00  1.2887E+00  4.1429E-01  7.4118E-01
  4.7000E+01  2.0000E+00  0.0000E+00  2.1400E+00  0.0000E+00  0.0000E+00  1.0000E+00  0.0000E+00  1.4215E+00  6.2509E+00  4.3408E+01  1.7726E+00  1.4339E+00  1.4905E+00  2.1400E+00  1.6424E+00  4.9756E-01  1.6852E+00
  4.7000E+01  4.0000E+00  0.0000E+00  1.2350E+00  0.0000E+00  0.0000E+00  1.0000E+00  0.0000E+00  1.4215E+00  6.2509E+00  4.3408E+01  1.4323E+00 -8.6926E-01 -1.0923E+00  1.2350E+00  1.6301E+00 -3.9512E-01 -9.1145E-01
  4.7000E+01  8.0000E+00  0.0000E+00  6.4600E-01  0.0000E+00  0.0000E+00  1.0000E+00  0.0000E+00  1.4215E+00  6.2509E+00  4.3408E+01  8.1000E-01 -8.9700E-01 -1.3174E+00  6.4600E-01  1.2804E+00 -6.3438E-01 -1.4211E+00
  4.7000E+01  1.2000E+01  0.0000E+00  2.5000E-01  0.0000E+00  0.0000E+00  1.0000E+00  1.0000E+00  1.4215E+00  6.2509E+00  4.3408E+01  4.5534E-01 -1.2358E+00 -1.6399E+00  2.5000E-01  9.8945E-01 -7.3945E-01 -1.8629E+00
  4.7000E+01  2.4000E+01  0.0000E+00  2.5000E-01  0.0000E+00  0.0000E+00  1.0000E+00  1.0000E+00  1.4215E+00  6.2509E+00  4.3408E+01  8.0883E-02  1.0694E+00  9.0884E-01  2.5000E-01  4.5625E-01 -2.0625E-01  8.0205E-01
  4.7000E+01  1.6800E+02  1.0000E+02  0.0000E+00  1.0000E+00  1.0000E+00  2.0000E+00  0.0000E+00  1.4215E+00  6.2509E+00  4.3408E+01  7.9815E-11 -5.0558E-10  0.0000E+00  0.0000E+00  4.2154E-05  0.0000E+00  0.0000E+00
  4.7000E+01  1.6850E+02  0.0000E+00  1.0020E+00  0.0000E+00  0.0000E+00  2.0000E+00  0.0000E+00  1.4215E+00  6.2509E+00  4.3408E+01  1.1260E+00 -6.0972E-01 -3.6981E-01  1.0020E+00  8.3214E-01  1.6986E-01 -4.4246E-01
  4.7000E+01  1.6900E+02  0.0000E+00  1.3020E+00  0.0000E+00  0.0000E+00  2.0000E+00  0.0000E+00  1.4215E+00  6.2509E+00  4.3408E+01  1.6009E+00 -1.2398E+00 -1.0094E+00  1.3020E+00  1.2887E+00  1.3255E-02 -1.1011E+00
  4.7000E+01  1.7000E+02  0.0000E+00  1.6670E+00  0.0000E+00  0.0000E+00  2.0000E+00  0.0000E+00  1.4215E+00  6.2509E+00  4.3408E+01  1.7726E+00 -4.1222E-01 -3.5561E-01  1.6670E+00  1.6425E+00  2.4525E-02 -2.3314E-01
  4.7000E+01  1.7200E+02  0.0000E+00  1.7490E+00  0.0000E+00  0.0000E+00  2.0000E+00  0.0000E+00  1.4215E+00  6.2509E+00  4.3408E+01  1.4323E+00  1.3955E+00  1.1724E+00  1.7490E+00  1.6301E+00  1.1885E-01  1.1868E+00
  4.7000E+01  1.7600E+02  0.0000E+00  9.1800E-01  0.0000E+00  0.0000E+00  2.0000E+00  0.0000E+00  1.4215E+00  6.2509E+00  4.3408E+01  8.1000E-01  5.9075E-01  1.7038E-01  9.1800E-01  1.2804E+00 -3.6241E-01 -1.6505E-01
  4.7000E+01  1.8000E+02  0.0000E+00  2.5000E-01  0.0000E+00  0.0000E+00  2.0000E+00  1.0000E+00  1.4215E+00  6.2509E+00  4.3408E+01  4.5534E-01 -1.2358E+00 -1.6399E+00  2.5000E-01  9.8947E-01 -7.3947E-01 -1.8625E+00
  4.7000E+01  1.9200E+02  0.0000E+00  2.5000E-01  0.0000E+00  0.0000E+00  2.0000E+00  1.0000E+00  1.4215E+00  6.2509E+00  4.3408E+01  8.0883E-02  1.0694E+00  9.0884E-01  2.5000E-01  4.5625E-01 -2.0625E-01  8.0231E-01
  4.7000E+01  3.3600E+02  1.0000E+02  0.0000E+00  1.0000E+00  1.0000E+00  3.0000E+00  0.0000E+00  1.4215E+00  6.2509E+00  4.3408E+01  7.9815E-11 -5.0558E-10  0.0000E+00  0.0000E+00  4.2155E-05  0.0000E+00  0.0000E+00
  4.7000E+01  3.3650E+02  0.0000E+00  1.2850E+00  0.0000E+00  0.0000E+00  3.0000E+00  0.0000E+00  1.4215E+00  6.2509E+00  4.3408E+01  1.1260E+00  7.8192E-01  1.0218E+00  1.2850E+00  8.3214E-01  4.5286E-01  1.0870E+00
  4.7000E+01  3.3700E+02  0.0000E+00  2.0580E+00  0.0000E+00  0.0000E+00  3.0000E+00  0.0000E+00  1.4215E+00  6.2509E+00  4.3408E+01  1.6009E+00  1.8956E+00  2.1259E+00  2.0580E+00  1.2887E+00  7.6925E-01  2.3735E+00
  4.7000E+01  3.3800E+02  0.0000E+00  1.6680E+00  0.0000E+00  0.0000E+00  3.0000E+00  0.0000E+00  1.4215E+00  6.2509E+00  4.3408E+01  1.7726E+00 -4.0832E-01 -3.5171E-01  1.6680E+00  1.6425E+00  2.5525E-02 -2.2909E-01
  4.7000E+01  3.4000E+02  0.0000E+00  1.2590E+00  0.0000E+00  0.0000E+00  3.0000E+00  0.0000E+00  1.4215E+00  6.2509E+00  4.3408E+01  1.4323E+00 -7.6351E-01 -9.8659E-01  1.2590E+00  1.6301E+00 -3.7115E-01 -8.1295E-01
  4.7000E+01  3.4400E+02  0.0000E+00  8.2300E-01  0.0000E+00  0.0000E+00  3.0000E+00  0.0000E+00  1.4215E+00  6.2509E+00  4.3408E+01  8.1000E-01  7.1129E-02 -3.4923E-01  8.2300E-01  1.2804E+00 -4.5741E-01 -6.0358E-01
  4.7000E+01  3.4800E+02  0.0000E+00  6.1100E-01  0.0000E+00  0.0000E+00  3.0000E+00  0.0000E+00  1.4215E+00  6.2509E+00  4.3408E+01  4.5534E-01  9.3678E-01  5.3272E-01  6.1100E-01  9.8947E-01 -3.7847E-01 -1.8725E-02
  4.7000E+01  3.6000E+02  0.0000E+00  2.5000E-01  0.0000E+00  0.0000E+00  3.0000E+00  1.0000E+00  1.4215E+00  6.2509E+00  4.3408E+01  8.0883E-02  1.0694E+00  9.0884E-01  2.5000E-01  4.5625E-01 -2.0625E-01  8.0231E-01
  4.8000E+01  0.0000E+00  1.0000E+02  0.0000E+00  1.0000E+00  1.0000E+00  1.0000E+00  0.0000E+00  9.4199E-01  4.3290E+00  4.2895E+01  0.0000E+00  0.0000E+00  0.0000E+00  0.0000E+00  0.0000E+00  0.0000E+00  0.0000E+00
  4.8000E+01  5.0000E-01  0.0000E+00  8.3300E-01  0.0000E+00  0.0000E+00  1.0000E+00  0.0000E+00  9.4199E-01  4.3290E+00  4.2895E+01  8.5225E-01 -1.0389E-01 -2.1331E-01  8.3300E-01  8.3210E-01  9.0166E-04 -2.0294E-01
  4.8000E+01  1.0000E+00  0.0000E+00  1.3700E+00  0.0000E+00  0.0000E+00  1.0000E+00  0.0000E+00  9.4199E-01  4.3290E+00  4.2895E+01  1.3424E+00  1.2541E-01  4.9003E-02  1.3700E+00  1.2887E+00  8.1294E-02  8.0362E-02
  4.8000E+01  2.0000E+00  0.0000E+00  1.9290E+00  0.0000E+00  0.0000E+00  1.0000E+00  0.0000E+00  9.4199E-01  4.3290E+00  4.2895E+01  1.7369E+00  7.5908E-01  7.8772E-01  1.9290E+00  1.6424E+00  2.8656E-01  8.5613E-01
  4.8000E+01  4.0000E+00  0.0000E+00  1.6070E+00  0.0000E+00  0.0000E+00  1.0000E+00  0.0000E+00  9.4199E-01  4.3290E+00  4.2895E+01  1.6835E+00 -3.0791E-01 -2.4699E-01  1.6070E+00  1.6301E+00 -2.3117E-02 -2.2341E-01
  4.8000E+01  8.0000E+00  0.0000E+00  1.1150E+00  0.0000E+00  0.0000E+00  1.0000E+00  0.0000E+00  9.4199E-01  4.3290E+00  4.2895E+01  1.1632E+00 -2.3390E-01 -3.7235E-01  1.1150E+00  1.2804E+00 -1.6538E-01 -3.9724E-01
  4.8000E+01  1.2000E+01  0.0000E+00  8.4800E-01  0.0000E+00  0.0000E+00  1.0000E+00  0.0000E+00  9.4199E-01  4.3290E+00  4.2895E+01  7.7775E-01  3.8811E-01  1.2392E-01  8.4800E-01  9.8945E-01 -1.4145E-01  4.4989E-02
  4.8000E+01  2.4000E+01  0.0000E+00  2.5000E-01  0.0000E+00  0.0000E+00  1.0000E+00  1.0000E+00  9.4199E-01  4.3290E+00  4.2895E+01  2.3169E-01  1.1438E-01 -1.2468E-01  2.5000E-01  4.5625E-01 -2.0625E-01 -5.3896E-02
  4.8000E+01  1.6800E+02  1.0000E+02  0.0000E+00  1.0000E+00  1.0000E+00  2.0000E+00  0.0000E+00  9.4199E-01  4.3290E+00  4.2895E+01  1.1313E-07 -7.1660E-07  0.0000E+00  0.0000E+00  4.2154E-05  0.0000E+00  0.0000E+00
  4.8000E+01  1.6850E+02  0.0000E+00  7.5600E-01  0.0000E+00  0.0000E+00  2.0000E+00  0.0000E+00  9.4199E-01  4.3290E+00  4.2895E+01  8.5225E-01 -5.1944E-01 -6.2885E-01  7.5600E-01  8.3214E-01 -7.6139E-02 -6.1849E-01
  4.8000E+01  1.6900E+02  0.0000E+00  1.3540E+00  0.0000E+00  0.0000E+00  2.0000E+00  0.0000E+00  9.4199E-01  4.3290E+00  4.2895E+01  1.3424E+00  5.2592E-02 -2.3817E-02  1.3540E+00  1.2887E+00  6.5255E-02  7.2951E-03
  4.8000E+01  1.7000E+02  0.0000E+00  1.7290E+00  0.0000E+00  0.0000E+00  2.0000E+00  0.0000E+00  9.4199E-01  4.3290E+00  4.2895E+01  1.7369E+00 -3.1348E-02 -2.7096E-03  1.7290E+00  1.6425E+00  8.6525E-02  4.5115E-02
  4.8000E+01  1.7200E+02  0.0000E+00  1.7250E+00  0.0000E+00  0.0000E+00  2.0000E+00  0.0000E+00  9.4199E-01  4.3290E+00  4.2895E+01  1.6835E+00  1.6732E-01  2.2825E-01  1.7250E+00  1.6301E+00  9.4850E-02  2.5851E-01
  4.8000E+01  1.7600E+02  0.0000E+00  1.1300E+00  0.0000E+00  0.0000E+00  2.0000E+00  0.0000E+00  9.4199E-01  4.3290E+00  4.2895E+01  1.1632E+00 -1.6111E-01 -2.9955E-01  1.1300E+00  1.2804E+00 -1.5041E-01 -3.2768E-01
  4.8000E+01  1.8000E+02  0.0000E+00  8.2400E-01  0.0000E+00  0.0000E+00  2.0000E+00  0.0000E+00  9.4199E-01  4.3290E+00  4.2895E+01  7.7775E-01  2.5552E-01 -8.6716E-03  8.2400E-01  9.8947E-01 -1.6547E-01 -7.7300E-02
  4.8000E+01  1.9200E+02  0.0000E+00  2.5000E-01  0.0000E+00  0.0000E+00  2.0000E+00  1.0000E+00  9.4199E-01  4.3290E+00  4.2895E+01  2.3169E-01  1.1438E-01 -1.2468E-01  2.5000E-01  4.5625E-01 -2.0625E-01 -5.3718E-02
  4.8000E+01  3.3600E+02  1.0000E+02  0.0000E+00  1.0000E+00  1.0000E+00  3.0000E+00  0.0000E+00  9.4199E-01  4.3290E+00  4.2895E+01  1.1313E-07 -7.1660E-07  0.0000E+00  0.0000E+00  4.2155E-05  0.0000E+00  0.0000E+00
  4.8000E+01  3.3650E+02  0.0000E+00  8.3200E-01  0.0000E+00  0.0000E+00  3.0000E+00  0.0000E+00  9.4199E-01  4.3290E+00  4.2895E+01  8.5225E-01 -1.0929E-01 -2.1871E-01  8.3200E-01  8.3214E-01 -1.3916E-04 -2.0775E-01
  4.8000E+01  3.3700E+02  0.0000E+00  1.3440E+00  0.0000E+00  0.0000E+00  3.0000E+00  0.0000E+00  9.4199E-01  4.3290E+00  4.2895E+01  1.3424E+00  7.0809E-03 -6.9328E-02  1.3440E+00  1.2887E+00  5.5255E-02 -3.8664E-02
  4.8000E+01  3.3800E+02  0.0000E+00  1.8310E+00  0.0000E+00  0.0000E+00  3.0000E+00  0.0000E+00  9.4199E-01  4.3290E+00  4.2895E+01  1.7369E+00  3.7177E-01  4.0041E-01  1.8310E+00  1.6425E+00  1.8852E-01  4.5892E-01
  4.8000E+01  3.4000E+02  0.0000E+00  2.0180E+00  0.0000E+00  0.0000E+00  3.0000E+00  0.0000E+00  9.4199E-01  4.3290E+00  4.2895E+01  1.6835E+00  1.3474E+00  1.4083E+00  2.0180E+00  1.6301E+00  3.8785E-01  1.4543E+00
  4.8000E+01  3.4400E+02  0.0000E+00  1.1120E+00  0.0000E+00  0.0000E+00  3.0000E+00  0.0000E+00  9.4199E-01  4.3290E+00  4.2895E+01  1.1632E+00 -2.4846E-01 -3.8691E-01  1.1120E+00  1.2804E+00 -1.6841E-01 -4.1076E-01
  4.8000E+01  3.4800E+02  0.0000E+00  6.2500E-01  0.0000E+00  0.0000E+00  3.0000E+00  0.0000E+00  9.4199E-01  4.3290E+00  4.2895E+01  7.7775E-01 -8.4391E-01 -1.1081E+00  6.2500E-01  9.8947E-01 -3.6447E-01 -1.0937E+00
  4.8000E+01  3.6000E+02  0.0000E+00  2.5000E-01  0.0000E+00  0.0000E+00  3.0000E+00  1.0000E+00  9.4199E-01  4.3290E+00  4.2895E+01  2.3169E-01  1.1438E-01 -1.2468E-01  2.5000E-01  4.5625E-01 -2.0625E-01 -5.3718E-02
  4.9000E+01  0.0000E+00  1.0000E+02  0.0000E+00  1.0000E+00  1.0000E+00  1.0000E+00  0.0000E+00  1.0712E+00  4.3733E+00  3.9531E+01  0.0000E+00  0.0000E+00  0.0000E+00  0.0000E+00  0.0000E+00  0.0000E+00  0.0000E+00
  4.9000E+01  5.0000E-01  0.0000E+00  9.5400E-01  0.0000E+00  0.0000E+00  1.0000E+00  0.0000E+00  1.0712E+00  4.3733E+00  3.9531E+01  1.0180E+00 -3.2688E-01 -2.5788E-01  9.5400E-01  8.3210E-01  1.2190E-01 -2.9543E-01
  4.9000E+01  1.0000E+00  0.0000E+00  1.2480E+00  0.0000E+00  0.0000E+00  1.0000E+00  0.0000E+00  1.0712E+00  4.3733E+00  3.9531E+01  1.5591E+00 -1.3096E+00 -1.1567E+00  1.2480E+00  1.2887E+00 -4.0706E-02 -1.2512E+00
  4.9000E+01  2.0000E+00  0.0000E+00  1.6710E+00  0.0000E+00  0.0000E+00  1.0000E+00  0.0000E+00  1.0712E+00  4.3733E+00  3.9531E+01  1.9299E+00 -9.5710E-01 -7.3152E-01  1.6710E+00  1.6424E+00  2.8562E-02 -7.4279E-01
  4.9000E+01  4.0000E+00  0.0000E+00  1.7730E+00  0.0000E+00  0.0000E+00  1.0000E+00  0.0000E+00  1.0712E+00  4.3733E+00  3.9531E+01  1.7734E+00 -1.4704E-03  1.2528E-01  1.7730E+00  1.6301E+00  1.4288E-01  1.9294E-01
  4.9000E+01  8.0000E+00  0.0000E+00  1.0730E+00  0.0000E+00  0.0000E+00  1.0000E+00  0.0000E+00  1.0712E+00  4.3733E+00  3.9531E+01  1.1637E+00 -4.3998E-01 -6.1999E-01  1.0730E+00  1.2804E+00 -2.0738E-01 -6.5246E-01
  4.9000E+01  1.2000E+01  0.0000E+00  6.6000E-01  0.0000E+00  0.0000E+00  1.0000E+00  0.0000E+00  1.0712E+00  4.3733E+00  3.9531E+01  7.4790E-01 -4.9006E-01 -8.0800E-01  6.6000E-01  9.8945E-01 -3.2945E-01 -8.6587E-01
  4.9000E+01  2.4000E+01  0.0000E+00  2.5000E-01  0.0000E+00  0.0000E+00  1.0000E+00  1.0000E+00  1.0712E+00  4.3733E+00  3.9531E+01  1.9829E-01  3.2426E-01  7.5097E-02  2.5000E-01  4.5625E-01 -2.0625E-01  1.4002E-01
  4.9000E+01  1.6800E+02  1.0000E+02  0.0000E+00  1.0000E+00  1.0000E+00  2.0000E+00  0.0000E+00  1.0712E+00  4.3733E+00  3.9531E+01  2.3917E-08 -1.5150E-07  0.0000E+00  0.0000E+00  4.2154E-05  0.0000E+00  0.0000E+00
  4.9000E+01  1.6850E+02  0.0000E+00  1.2050E+00  0.0000E+00  0.0000E+00  2.0000E+00  0.0000E+00  1.0712E+00  4.3733E+00  3.9531E+01  1.0180E+00  9.5477E-01  1.0238E+00  1.2050E+00  8.3214E-01  3.7286E-01  1.0619E+00
  4.9000E+01  1.6900E+02  0.0000E+00  1.4530E+00  0.0000E+00  0.0000E+00  2.0000E+00  0.0000E+00  1.0712E+00  4.3733E+00  3.9531E+01  1.5591E+00 -4.4662E-01 -2.9368E-01  1.4530E+00  1.2887E+00  1.6425E-01 -3.0838E-01
  4.9000E+01  1.7000E+02  0.0000E+00  2.1840E+00  0.0000E+00  0.0000E+00  2.0000E+00  0.0000E+00  1.0712E+00  4.3733E+00  3.9531E+01  1.9299E+00  9.3907E-01  1.1646E+00  2.1840E+00  1.6425E+00  5.4152E-01  1.3389E+00
  4.9000E+01  1.7200E+02  0.0000E+00  2.0410E+00  0.0000E+00  0.0000E+00  2.0000E+00  0.0000E+00  1.0712E+00  4.3733E+00  3.9531E+01  1.7734E+00  1.0443E+00  1.1710E+00  2.0410E+00  1.6301E+00  4.1085E-01  1.2871E+00
  4.9000E+01  1.7600E+02  0.0000E+00  1.2980E+00  0.0000E+00  0.0000E+00  2.0000E+00  0.0000E+00  1.0712E+00  4.3733E+00  3.9531E+01  1.1637E+00  6.5178E-01  4.7177E-01  1.2980E+00  1.2804E+00  1.7590E-02  3.8657E-01
  4.9000E+01  1.8000E+02  0.0000E+00  5.6100E-01  0.0000E+00  0.0000E+00  2.0000E+00  0.0000E+00  1.0712E+00  4.3733E+00  3.9531E+01  7.4790E-01 -1.0420E+00 -1.3599E+00  5.6100E-01  9.8947E-01 -4.2847E-01 -1.3711E+00
  4.9000E+01  1.9200E+02  0.0000E+00  2.5000E-01  0.0000E+00  0.0000E+00  2.0000E+00  1.0000E+00  1.0712E+00  4.3733E+00  3.9531E+01  1.9829E-01  3.2426E-01  7.5097E-02  2.5000E-01  4.5625E-01 -2.0625E-01  1.4025E-01
  4.9000E+01  3.3600E+02  1.0000E+02  0.0000E+00  1.0000E+00  1.0000E+00  3.0000E+00  0.0000E+00  1.0712E+00  4.3733E+00  3.9531E+01  2.3917E-08 -1.5150E-07  0.0000E+00  0.0000E+00  4.2155E-05  0.0000E+00  0.0000E+00
  4.9000E+01  3.3650E+02  0.0000E+00  1.1150E+00  0.0000E+00  0.0000E+00  3.0000E+00  0.0000E+00  1.0712E+00  4.3733E+00  3.9531E+01  1.0180E+00  4.9521E-01  5.6421E-01  1.1150E+00  8.3214E-01  2.8286E-01  5.7547E-01
  4.9000E+01  3.3700E+02  0.0000E+00  1.5470E+00  0.0000E+00  0.0000E+00  3.0000E+00  0.0000E+00  1.0712E+00  4.3733E+00  3.9531E+01  1.5591E+00 -5.0903E-02  1.0204E-01  1.5470E+00  1.2887E+00  2.5825E-01  1.2364E-01
  4.9000E+01  3.3800E+02  0.0000E+00  2.2570E+00  0.0000E+00  0.0000E+00  3.0000E+00  0.0000E+00  1.0712E+00  4.3733E+00  3.9531E+01  1.9299E+00  1.2089E+00  1.4345E+00  2.2570E+00  1.6425E+00  6.1452E-01  1.6350E+00
  4.9000E+01  3.4000E+02  0.0000E+00  2.0000E+00  0.0000E+00  0.0000E+00  3.0000E+00  0.0000E+00  1.0712E+00  4.3733E+00  3.9531E+01  1.7734E+00  8.8427E-01  1.0110E+00  2.0000E+00  1.6301E+00  3.6985E-01  1.1198E+00
  4.9000E+01  3.4400E+02  0.0000E+00  9.4000E-01  0.0000E+00  0.0000E+00  3.0000E+00  0.0000E+00  1.0712E+00  4.3733E+00  3.9531E+01  1.1637E+00 -1.0853E+00 -1.2653E+00  9.4000E-01  1.2804E+00 -3.4041E-01 -1.2660E+00
  4.9000E+01  3.4800E+02  0.0000E+00  8.7200E-01  0.0000E+00  0.0000E+00  3.0000E+00  0.0000E+00  1.0712E+00  4.3733E+00  3.9531E+01  7.4790E-01  6.9188E-01  3.7394E-01  8.7200E-01  9.8947E-01 -1.1747E-01  2.1726E-01
  4.9000E+01  3.6000E+02  0.0000E+00  2.5000E-01  0.0000E+00  0.0000E+00  3.0000E+00  1.0000E+00  1.0712E+00  4.3733E+00  3.9531E+01  1.9829E-01  3.2426E-01  7.5097E-02  2.5000E-01  4.5625E-01 -2.0625E-01  1.4025E-01
  5.0000E+01  0.0000E+00  1.0000E+02  0.0000E+00  1.0000E+00  1.0000E+00  1.0000E+00  0.0000E+00  1.4936E+00  2.8464E+00  5.3925E+01  0.0000E+00  0.0000E+00  0.0000E+00  0.0000E+00  0.0000E+00  0.0000E+00  0.0000E+00
  5.0000E+01  5.0000E-01  0.0000E+00  9.0900E-01  0.0000E+00  0.0000E+00  1.0000E+00  0.0000E+00  1.4936E+00  2.8464E+00  5.3925E+01  9.6132E-01 -2.7238E-01 -1.6096E-01  9.0900E-01  8.3210E-01  7.6902E-02 -1.7761E-01
  5.0000E+01  1.0000E+00  0.0000E+00  1.4200E+00  0.0000E+00  0.0000E+00  1.0000E+00  0.0000E+00  1.4936E+00  2.8464E+00  5.3925E+01  1.3918E+00  1.2590E-01  1.4886E-01  1.4200E+00  1.2887E+00  1.3129E-01  1.2502E-01
  5.0000E+01  2.0000E+00  0.0000E+00  1.9120E+00  0.0000E+00  0.0000E+00  1.0000E+00  0.0000E+00  1.4936E+00  2.8464E+00  5.3925E+01  1.6328E+00  1.1447E+00  1.0028E+00  1.9120E+00  1.6424E+00  2.6956E-01  9.7554E-01
  5.0000E+01  4.0000E+00  0.0000E+00  1.4200E+00  0.0000E+00  0.0000E+00  1.0000E+00  0.0000E+00  1.4936E+00  2.8464E+00  5.3925E+01  1.5516E+00 -5.5547E-01 -7.3965E-01  1.4200E+00  1.6301E+00 -2.1012E-01 -6.8296E-01
  5.0000E+01  8.0000E+00  0.0000E+00  1.2200E+00  0.0000E+00  0.0000E+00  1.0000E+00  0.0000E+00  1.4936E+00  2.8464E+00  5.3925E+01  1.2602E+00 -1.8852E-01 -2.5000E-01  1.2200E+00  1.2804E+00 -6.0385E-02 -2.0299E-01
  5.0000E+01  1.2000E+01  0.0000E+00  1.2300E+00  0.0000E+00  0.0000E+00  1.0000E+00  0.0000E+00  1.4936E+00  2.8464E+00  5.3925E+01  1.0204E+00  1.0696E+00  1.1082E+00  1.2300E+00  9.8945E-01  2.4055E-01  1.1271E+00
  5.0000E+01  2.4000E+01  0.0000E+00  6.0600E-01  0.0000E+00  0.0000E+00  1.0000E+00  0.0000E+00  1.4936E+00  2.8464E+00  5.3925E+01  5.4158E-01  3.8007E-01  5.5688E-01  6.0600E-01  4.5625E-01  1.4975E-01  5.4492E-01
  5.0000E+01  1.6800E+02  1.0000E+02  0.0000E+00  1.0000E+00  1.0000E+00  2.0000E+00  0.0000E+00  1.4936E+00  2.8464E+00  5.3925E+01  2.7079E-04 -1.7153E-03  0.0000E+00  0.0000E+00  4.2154E-05  0.0000E+00  0.0000E+00
  5.0000E+01  1.6850E+02  0.0000E+00  8.7200E-01  0.0000E+00  0.0000E+00  2.0000E+00  0.0000E+00  1.4936E+00  2.8464E+00  5.3925E+01  9.6159E-01 -4.6632E-01 -3.5396E-01  8.7200E-01  8.3214E-01  3.9861E-02 -3.7810E-01
  5.0000E+01  1.6900E+02  0.0000E+00  1.3770E+00  0.0000E+00  0.0000E+00  2.0000E+00  0.0000E+00  1.4936E+00  2.8464E+00  5.3925E+01  1.3921E+00 -6.7484E-02 -4.3672E-02  1.3770E+00  1.2887E+00  8.8255E-02 -7.3020E-02
  5.0000E+01  1.7000E+02  0.0000E+00  1.6700E+00  0.0000E+00  0.0000E+00  2.0000E+00  0.0000E+00  1.4936E+00  2.8464E+00  5.3925E+01  1.6331E+00  1.5137E-01  1.0255E-02  1.6700E+00  1.6425E+00  2.7525E-02 -6.5758E-03
  5.0000E+01  1.7200E+02  0.0000E+00  1.4520E+00  0.0000E+00  0.0000E+00  2.0000E+00  0.0000E+00  1.4936E+00  2.8464E+00  5.3925E+01  1.5518E+00 -4.2129E-01 -6.0474E-01  1.4520E+00  1.6301E+00 -1.7815E-01 -5.5265E-01
  5.0000E+01  1.7600E+02  0.0000E+00  1.1710E+00  0.0000E+00  0.0000E+00  2.0000E+00  0.0000E+00  1.4936E+00  2.8464E+00  5.3925E+01  1.2604E+00 -4.1902E-01 -4.7987E-01  1.1710E+00  1.2804E+00 -1.0941E-01 -4.2945E-01
  5.0000E+01  1.8000E+02  0.0000E+00  1.1210E+00  0.0000E+00  0.0000E+00  2.0000E+00  0.0000E+00  1.4936E+00  2.8464E+00  5.3925E+01  1.0205E+00  5.1271E-01  5.5188E-01  1.1210E+00  9.8947E-01  1.3153E-01  5.7015E-01
  5.0000E+01  1.9200E+02  0.0000E+00  8.5900E-01  0.0000E+00  0.0000E+00  2.0000E+00  0.0000E+00  1.4936E+00  2.8464E+00  5.3925E+01  5.4166E-01  1.8724E+00  2.0495E+00  8.5900E-01  4.5625E-01  4.0275E-01  2.0618E+00
  5.0000E+01  3.3600E+02  1.0000E+02  0.0000E+00  1.0000E+00  1.0000E+00  3.0000E+00  0.0000E+00  1.4936E+00  2.8464E+00  5.3925E+01  2.7082E-04 -1.7155E-03  0.0000E+00  0.0000E+00  4.2155E-05  0.0000E+00  0.0000E+00
  5.0000E+01  3.3650E+02  0.0000E+00  1.0360E+00  0.0000E+00  0.0000E+00  3.0000E+00  0.0000E+00  1.4936E+00  2.8464E+00  5.3925E+01  9.6159E-01  3.8735E-01  4.9972E-01  1.0360E+00  8.3214E-01  2.0386E-01  5.0823E-01
  5.0000E+01  3.3700E+02  0.0000E+00  1.5690E+00  0.0000E+00  0.0000E+00  3.0000E+00  0.0000E+00  1.4936E+00  2.8464E+00  5.3925E+01  1.3921E+00  7.9084E-01  8.1465E-01  1.5690E+00  1.2887E+00  2.8025E-01  8.0940E-01
  5.0000E+01  3.3800E+02  0.0000E+00  1.6950E+00  0.0000E+00  0.0000E+00  3.0000E+00  0.0000E+00  1.4936E+00  2.8464E+00  5.3925E+01  1.6331E+00  2.5387E-01  1.1276E-01  1.6950E+00  1.6425E+00  5.2525E-02  9.4846E-02
  5.0000E+01  3.4000E+02  0.0000E+00  1.3920E+00  0.0000E+00  0.0000E+00  3.0000E+00  0.0000E+00  1.4936E+00  2.8464E+00  5.3925E+01  1.5518E+00 -6.7454E-01 -8.5799E-01  1.3920E+00  1.6301E+00 -2.3815E-01 -7.9752E-01
  5.0000E+01  3.4400E+02  0.0000E+00  1.2590E+00  0.0000E+00  0.0000E+00  3.0000E+00  0.0000E+00  1.4936E+00  2.8464E+00  5.3925E+01  1.2604E+00 -6.5246E-03 -6.7370E-02  1.2590E+00  1.2804E+00 -2.1410E-02 -2.3235E-02
  5.0000E+01  3.4800E+02  0.0000E+00  7.6300E-01  0.0000E+00  0.0000E+00  3.0000E+00  0.0000E+00  1.4936E+00  2.8464E+00  5.3925E+01  1.0205E+00 -1.3137E+00 -1.2746E+00  7.6300E-01  9.8947E-01 -2.2647E-01 -1.2583E+00
  5.0000E+01  3.6000E+02  0.0000E+00  2.5000E-01  0.0000E+00  0.0000E+00  3.0000E+00  1.0000E+00  1.4936E+00  2.8464E+00  5.3925E+01  5.4166E-01 -1.7209E+00 -1.5437E+00  2.5000E-01  4.5625E-01 -2.0625E-01 -1.5898E+00
  5.1000E+01  0.0000E+00  1.0000E+02  0.0000E+00  1.0000E+00  1.0000E+00  1.0000E+00  0.0000E+00  2.1866E+00  3.2636E+00  4.4907E+01  0.0000E+00  0.0000E+00  0.0000E+00  0.0000E+00  0.0000E+00  0.0000E+00  0.0000E+00
  5.1000E+01  5.0000E-01  0.0000E+00  1.4830E+00  0.0000E+00  0.0000E+00  1.0000E+00  0.0000E+00  2.1866E+00  3.2636E+00  4.4907E+01  1.4493E+00  1.4760E-01  7.5853E-01  1.4830E+00  8.3210E-01  6.5090E-01  1.3051E+00
  5.1000E+01  1.0000E+00  0.0000E+00  1.6730E+00  0.0000E+00  0.0000E+00  1.0000E+00  0.0000E+00  2.1866E+00  3.2636E+00  4.4907E+01  1.8832E+00 -7.8967E-01 -3.8293E-01  1.6730E+00  1.2887E+00  3.8429E-01 -3.9678E-01
  5.1000E+01  2.0000E+00  0.0000E+00  1.9300E+00  0.0000E+00  0.0000E+00  1.0000E+00  0.0000E+00  2.1866E+00  3.2636E+00  4.4907E+01  1.9627E+00 -1.1961E-01 -1.5942E-02  1.9300E+00  1.6424E+00  2.8756E-01 -1.7582E-01
  5.1000E+01  4.0000E+00  0.0000E+00  1.7850E+00  0.0000E+00  0.0000E+00  1.0000E+00  0.0000E+00  2.1866E+00  3.2636E+00  4.4907E+01  1.7220E+00  2.5047E-01  2.5340E-01  1.7850E+00  1.6301E+00  1.5488E-01  2.2536E-01
  5.1000E+01  8.0000E+00  0.0000E+00  1.3650E+00  0.0000E+00  0.0000E+00  1.0000E+00  0.0000E+00  2.1866E+00  3.2636E+00  4.4907E+01  1.2879E+00  3.5807E-01  3.3373E-01  1.3650E+00  1.2804E+00  8.4615E-02  3.9331E-01
  5.1000E+01  1.2000E+01  0.0000E+00  1.2400E+00  0.0000E+00  0.0000E+00  1.0000E+00  0.0000E+00  2.1866E+00  3.2636E+00  4.4907E+01  9.6298E-01  1.4413E+00  1.4033E+00  1.2400E+00  9.8945E-01  2.5055E-01  1.4140E+00
  5.1000E+01  2.4000E+01  0.0000E+00  2.5000E-01  0.0000E+00  0.0000E+00  1.0000E+00  1.0000E+00  2.1866E+00  3.2636E+00  4.4907E+01  4.0260E-01 -9.2830E-01 -9.7047E-01  2.5000E-01  4.5625E-01 -2.0625E-01 -9.6110E-01
  5.1000E+01  1.6800E+02  1.0000E+02  0.0000E+00  1.0000E+00  1.0000E+00  2.0000E+00  0.0000E+00  2.1866E+00  3.2636E+00  4.4907E+01  1.1480E-05 -7.2719E-05  0.0000E+00  0.0000E+00  4.2154E-05  0.0000E+00  0.0000E+00
  5.1000E+01  1.6850E+02  0.0000E+00  1.7670E+00  0.0000E+00  0.0000E+00  2.0000E+00  0.0000E+00  2.1866E+00  3.2636E+00  4.4907E+01  1.4493E+00  1.3912E+00  2.0022E+00  1.7670E+00  8.3214E-01  9.3486E-01  2.8399E+00
  5.1000E+01  1.6900E+02  0.0000E+00  2.1240E+00  0.0000E+00  0.0000E+00  2.0000E+00  0.0000E+00  2.1866E+00  3.2636E+00  4.4907E+01  1.8833E+00  9.0420E-01  1.3109E+00  2.1240E+00  1.2887E+00  8.3525E-01  1.6760E+00
  5.1000E+01  1.7000E+02  0.0000E+00  1.8650E+00  0.0000E+00  0.0000E+00  2.0000E+00  0.0000E+00  2.1866E+00  3.2636E+00  4.4907E+01  1.9627E+00 -3.5723E-01 -2.5357E-01  1.8650E+00  1.6425E+00  2.2252E-01 -4.3952E-01
  5.1000E+01  1.7200E+02  0.0000E+00  2.3140E+00  0.0000E+00  0.0000E+00  2.0000E+00  0.0000E+00  2.1866E+00  3.2636E+00  4.4907E+01  1.7220E+00  2.3522E+00  2.3551E+00  2.3140E+00  1.6301E+00  6.8385E-01  2.3843E+00
  5.1000E+01  1.7600E+02  0.0000E+00  1.1800E+00  0.0000E+00  0.0000E+00  2.0000E+00  0.0000E+00  2.1866E+00  3.2636E+00  4.4907E+01  1.2879E+00 -5.0064E-01 -5.2498E-01  1.1800E+00  1.2804E+00 -1.0041E-01 -4.6067E-01
  5.1000E+01  1.8000E+02  0.0000E+00  1.0540E+00  0.0000E+00  0.0000E+00  2.0000E+00  0.0000E+00  2.1866E+00  3.2636E+00  4.4907E+01  9.6299E-01  4.7352E-01  4.3556E-01  1.0540E+00  9.8947E-01  6.4531E-02  4.6406E-01
  5.1000E+01  1.9200E+02  0.0000E+00  5.5000E-01  0.0000E+00  0.0000E+00  2.0000E+00  0.0000E+00  2.1866E+00  3.2636E+00  4.4907E+01  4.0260E-01  8.9664E-01  8.5446E-01  5.5000E-01  4.5625E-01  9.3745E-02  8.3774E-01
  5.1000E+01  3.3600E+02  1.0000E+02  0.0000E+00  1.0000E+00  1.0000E+00  3.0000E+00  0.0000E+00  2.1866E+00  3.2636E+00  4.4907E+01  1.1480E-05 -7.2719E-05  0.0000E+00  0.0000E+00  4.2155E-05  0.0000E+00  0.0000E+00
  5.1000E+01  3.3650E+02  0.0000E+00  1.5470E+00  0.0000E+00  0.0000E+00  3.0000E+00  0.0000E+00  2.1866E+00  3.2636E+00  4.4907E+01  1.4493E+00  4.2781E-01  1.0387E+00  1.5470E+00  8.3214E-01  7.1486E-01  1.6509E+00
  5.1000E+01  3.3700E+02  0.0000E+00  1.5360E+00  0.0000E+00  0.0000E+00  3.0000E+00  0.0000E+00  2.1866E+00  3.2636E+00  4.4907E+01  1.8833E+00 -1.3043E+00 -8.9753E-01  1.5360E+00  1.2887E+00  2.4725E-01 -1.0264E+00
  5.1000E+01  3.3800E+02  0.0000E+00  1.5880E+00  0.0000E+00  0.0000E+00  3.0000E+00  0.0000E+00  2.1866E+00  3.2636E+00  4.4907E+01  1.9627E+00 -1.3697E+00 -1.2661E+00  1.5880E+00  1.6425E+00 -5.4475E-02 -1.5633E+00
  5.1000E+01  3.4000E+02  0.0000E+00  1.4030E+00  0.0000E+00  0.0000E+00  3.0000E+00  0.0000E+00  2.1866E+00  3.2636E+00  4.4907E+01  1.7220E+00 -1.2673E+00 -1.2643E+00  1.4030E+00  1.6301E+00 -2.2715E-01 -1.3337E+00
  5.1000E+01  3.4400E+02  0.0000E+00  1.4180E+00  0.0000E+00  0.0000E+00  3.0000E+00  0.0000E+00  2.1866E+00  3.2636E+00  4.4907E+01  1.2879E+00  6.0403E-01  5.7969E-01  1.4180E+00  1.2804E+00  1.3759E-01  6.3795E-01
  5.1000E+01  3.4800E+02  0.0000E+00  6.5400E-01  0.0000E+00  0.0000E+00  3.0000E+00  0.0000E+00  2.1866E+00  3.2636E+00  4.4907E+01  9.6299E-01 -1.6076E+00 -1.6456E+00  6.5400E-01  9.8947E-01 -3.3547E-01 -1.5789E+00
  5.1000E+01  3.6000E+02  0.0000E+00  2.5000E-01  0.0000E+00  0.0000E+00  3.0000E+00  1.0000E+00  2.1866E+00  3.2636E+00  4.4907E+01  4.0260E-01 -9.2831E-01 -9.7048E-01  2.5000E-01  4.5625E-01 -2.0625E-01 -9.6109E-01
  5.2000E+01  0.0000E+00  1.0000E+02  0.0000E+00  1.0000E+00  1.0000E+00  1.0000E+00  0.0000E+00  7.5118E-01  4.8581E+00  5.6541E+01  0.0000E+00  0.0000E+00  0.0000E+00  0.0000E+00  0.0000E+00  0.0000E+00  0.0000E+00
  5.2000E+01  5.0000E-01  0.0000E+00  5.3200E-01  0.0000E+00  0.0000E+00  1.0000E+00  0.0000E+00  7.5118E-01  4.8581E+00  5.6541E+01  5.4134E-01 -5.5098E-02 -2.4191E-01  5.3200E-01  8.3210E-01 -3.0010E-01 -2.2228E-01
  5.2000E+01  1.0000E+00  0.0000E+00  8.4200E-01  0.0000E+00  0.0000E+00  1.0000E+00  0.0000E+00  7.5118E-01  4.8581E+00  5.6541E+01  8.9041E-01 -2.5803E-01 -5.2966E-01  8.4200E-01  1.2887E+00 -4.4671E-01 -5.0855E-01
  5.2000E+01  2.0000E+00  0.0000E+00  1.3460E+00  0.0000E+00  0.0000E+00  1.0000E+00  0.0000E+00  7.5118E-01  4.8581E+00  5.6541E+01  1.2372E+00  5.1426E-01  2.1403E-01  1.3460E+00  1.6424E+00 -2.9644E-01  1.2371E-01
  5.2000E+01  4.0000E+00  0.0000E+00  1.3770E+00  0.0000E+00  0.0000E+00  1.0000E+00  0.0000E+00  7.5118E-01  4.8581E+00  5.6541E+01  1.3173E+00  2.7434E-01  3.2128E-02  1.3770E+00  1.6301E+00 -2.5312E-01  5.0820E-02
  5.2000E+01  8.0000E+00  0.0000E+00  1.0910E+00  0.0000E+00  0.0000E+00  1.0000E+00  0.0000E+00  7.5118E-01  4.8581E+00  5.6541E+01  9.9941E-01  4.7066E-01  2.5918E-01  1.0910E+00  1.2804E+00 -1.8938E-01  2.7138E-01
  5.2000E+01  1.2000E+01  0.0000E+00  5.4100E-01  0.0000E+00  0.0000E+00  1.0000E+00  0.0000E+00  7.5118E-01  4.8581E+00  5.6541E+01  7.1197E-01 -9.6342E-01 -1.1759E+00  5.4100E-01  9.8945E-01 -4.4845E-01 -1.0714E+00
  5.2000E+01  2.4000E+01  0.0000E+00  2.5000E-01  0.0000E+00  0.0000E+00  1.0000E+00  1.0000E+00  7.5118E-01  4.8581E+00  5.6541E+01  2.5399E-01 -2.4891E-02 -1.7395E-01  2.5000E-01  4.5625E-01 -2.0625E-01 -1.8687E-01
  5.2000E+01  1.6800E+02  1.0000E+02  0.0000E+00  1.0000E+00  1.0000E+00  2.0000E+00  0.0000E+00  7.5118E-01  4.8581E+00  5.6541E+01  1.0750E-06 -6.8096E-06  0.0000E+00  0.0000E+00  4.2154E-05  0.0000E+00  0.0000E+00
  5.2000E+01  1.6850E+02  0.0000E+00  7.1700E-01  0.0000E+00  0.0000E+00  2.0000E+00  0.0000E+00  7.5118E-01  4.8581E+00  5.6541E+01  5.4134E-01  1.0365E+00  8.4970E-01  7.1700E-01  8.3214E-01 -1.1514E-01  7.7777E-01
  5.2000E+01  1.6900E+02  0.0000E+00  1.2580E+00  0.0000E+00  0.0000E+00  2.0000E+00  0.0000E+00  7.5118E-01  4.8581E+00  5.6541E+01  8.9041E-01  1.9593E+00  1.6877E+00  1.2580E+00  1.2887E+00 -3.0745E-02  1.4035E+00
  5.2000E+01  1.7000E+02  0.0000E+00  1.3000E+00  0.0000E+00  0.0000E+00  2.0000E+00  0.0000E+00  7.5118E-01  4.8581E+00  5.6541E+01  1.2372E+00  2.9683E-01 -3.4072E-03  1.3000E+00  1.6425E+00 -3.4248E-01 -6.2763E-02
  5.2000E+01  1.7200E+02  0.0000E+00  1.0340E+00  0.0000E+00  0.0000E+00  2.0000E+00  0.0000E+00  7.5118E-01  4.8581E+00  5.6541E+01  1.3173E+00 -1.3009E+00 -1.5431E+00  1.0340E+00  1.6301E+00 -5.9615E-01 -1.3489E+00
  5.2000E+01  1.7600E+02  0.0000E+00  1.2160E+00  0.0000E+00  0.0000E+00  2.0000E+00  0.0000E+00  7.5118E-01  4.8581E+00  5.6541E+01  9.9941E-01  1.1130E+00  9.0153E-01  1.2160E+00  1.2804E+00 -6.4410E-02  8.4851E-01
  5.2000E+01  1.8000E+02  0.0000E+00  6.6600E-01  0.0000E+00  0.0000E+00  2.0000E+00  0.0000E+00  7.5118E-01  4.8581E+00  5.6541E+01  7.1197E-01 -2.5904E-01 -4.7156E-01  6.6600E-01  9.8947E-01 -3.2347E-01 -4.3287E-01
  5.2000E+01  1.9200E+02  0.0000E+00  2.5000E-01  0.0000E+00  0.0000E+00  2.0000E+00  1.0000E+00  7.5118E-01  4.8581E+00  5.6541E+01  2.5400E-01 -2.4892E-02 -1.7395E-01  2.5000E-01  4.5625E-01 -2.0625E-01 -1.8680E-01
  5.2000E+01  3.3600E+02  1.0000E+02  0.0000E+00  1.0000E+00  1.0000E+00  3.0000E+00  0.0000E+00  7.5118E-01  4.8581E+00  5.6541E+01  1.0750E-06 -6.8096E-06  0.0000E+00  0.0000E+00  4.2155E-05  0.0000E+00  0.0000E+00
  5.2000E+01  3.3650E+02  0.0000E+00  2.5000E-01  0.0000E+00  0.0000E+00  3.0000E+00  1.0000E+00  7.5118E-01  4.8581E+00  5.6541E+01  5.4134E-01 -1.7191E+00 -1.9059E+00  2.5000E-01  8.3214E-01 -5.8214E-01 -1.7461E+00
  5.2000E+01  3.3700E+02  0.0000E+00  7.9500E-01  0.0000E+00  0.0000E+00  3.0000E+00  0.0000E+00  7.5118E-01  4.8581E+00  5.6541E+01  8.9041E-01 -5.0855E-01 -7.8019E-01  7.9500E-01  1.2887E+00 -4.9375E-01 -7.2437E-01
  5.2000E+01  3.3800E+02  0.0000E+00  7.3100E-01  0.0000E+00  0.0000E+00  3.0000E+00  0.0000E+00  7.5118E-01  4.8581E+00  5.6541E+01  1.2372E+00 -2.3926E+00 -2.6929E+00  7.3100E-01  1.6425E+00 -9.1148E-01 -2.3711E+00
  5.2000E+01  3.4000E+02  0.0000E+00  1.3700E+00  0.0000E+00  0.0000E+00  3.0000E+00  0.0000E+00  7.5118E-01  4.8581E+00  5.6541E+01  1.3173E+00  2.4219E-01 -2.6576E-05  1.3700E+00  1.6301E+00 -2.6015E-01  2.2381E-02
  5.2000E+01  3.4400E+02  0.0000E+00  1.0270E+00  0.0000E+00  0.0000E+00  3.0000E+00  0.0000E+00  7.5118E-01  4.8581E+00  5.6541E+01  9.9941E-01  1.4177E-01 -6.9715E-02  1.0270E+00  1.2804E+00 -2.5341E-01 -2.3923E-02
  5.2000E+01  3.4800E+02  0.0000E+00  7.6600E-01  0.0000E+00  0.0000E+00  3.0000E+00  0.0000E+00  7.5118E-01  4.8581E+00  5.6541E+01  7.1197E-01  3.0447E-01  9.1940E-02  7.6600E-01  9.8947E-01 -2.2347E-01  7.7863E-02
  5.2000E+01  3.6000E+02  0.0000E+00  2.5000E-01  0.0000E+00  0.0000E+00  3.0000E+00  1.0000E+00  7.5118E-01  4.8581E+00  5.6541E+01  2.5400E-01 -2.4892E-02 -1.7395E-01  2.5000E-01  4.5625E-01 -2.0625E-01 -1.8680E-01
  5.3000E+01  0.0000E+00  1.0000E+02  0.0000E+00  1.0000E+00  1.0000E+00  1.0000E+00  0.0000E+00  1.2133E+00  4.4639E+00  5.2640E+01  0.0000E+00  0.0000E+00  0.0000E+00  0.0000E+00  0.0000E+00  0.0000E+00  0.0000E+00
  5.3000E+01  5.0000E-01  0.0000E+00  1.2450E+00  0.0000E+00  0.0000E+00  1.0000E+00  0.0000E+00  1.2133E+00  4.4639E+00  5.2640E+01  8.4418E-01  2.1687E+00  2.2378E+00  1.2450E+00  8.3210E-01  4.1290E-01  2.2683E+00
  5.3000E+01  1.0000E+00  0.0000E+00  1.3310E+00  0.0000E+00  0.0000E+00  1.0000E+00  0.0000E+00  1.2133E+00  4.4639E+00  5.2640E+01  1.2694E+00  2.8804E-01  3.1959E-01  1.3310E+00  1.2887E+00  4.2294E-02  3.4519E-01
  5.3000E+01  2.0000E+00  0.0000E+00  1.4690E+00  0.0000E+00  0.0000E+00  1.0000E+00  0.0000E+00  1.2133E+00  4.4639E+00  5.2640E+01  1.5434E+00 -3.1501E-01 -3.8974E-01  1.4690E+00  1.6424E+00 -1.7344E-01 -3.6121E-01
  5.3000E+01  4.0000E+00  0.0000E+00  1.6120E+00  0.0000E+00  0.0000E+00  1.0000E+00  0.0000E+00  1.2133E+00  4.4639E+00  5.2640E+01  1.4390E+00  7.6053E-01  5.8125E-01  1.6120E+00  1.6301E+00 -1.8117E-02  5.2255E-01
  5.3000E+01  8.0000E+00  0.0000E+00  1.3270E+00  0.0000E+00  0.0000E+00  1.0000E+00  0.0000E+00  1.2133E+00  4.4639E+00  5.2640E+01  1.0363E+00  1.4752E+00  1.2613E+00  1.3270E+00  1.2804E+00  4.6615E-02  1.1139E+00
  5.3000E+01  1.2000E+01  0.0000E+00  7.2200E-01  0.0000E+00  0.0000E+00  1.0000E+00  0.0000E+00  1.2133E+00  4.4639E+00  5.2640E+01  7.3827E-01 -9.0949E-02 -2.9702E-01  7.2200E-01  9.8945E-01 -2.6745E-01 -2.9159E-01
  5.3000E+01  2.4000E+01  0.0000E+00  2.5000E-01  0.0000E+00  0.0000E+00  1.0000E+00  1.0000E+00  1.2133E+00  4.4639E+00  5.2640E+01  2.6686E-01 -1.0486E-01 -2.3602E-01  2.5000E-01  4.5625E-01 -2.0625E-01 -1.5794E-01
  5.3000E+01  1.6800E+02  1.0000E+02  0.0000E+00  1.0000E+00  1.0000E+00  2.0000E+00  0.0000E+00  1.2133E+00  4.4639E+00  5.2640E+01  1.3276E-06 -8.4094E-06  0.0000E+00  0.0000E+00  4.2154E-05  0.0000E+00  0.0000E+00
  5.3000E+01  1.6850E+02  0.0000E+00  6.9700E-01  0.0000E+00  0.0000E+00  2.0000E+00  0.0000E+00  1.2133E+00  4.4639E+00  5.2640E+01  8.4418E-01 -7.9634E-01 -7.2727E-01  6.9700E-01  8.3214E-01 -1.3514E-01 -6.9306E-01
  5.3000E+01  1.6900E+02  0.0000E+00  1.3330E+00  0.0000E+00  0.0000E+00  2.0000E+00  0.0000E+00  1.2133E+00  4.4639E+00  5.2640E+01  1.2694E+00  2.9738E-01  3.2893E-01  1.3330E+00  1.2887E+00  4.4255E-02  3.5464E-01
  5.3000E+01  1.7000E+02  0.0000E+00  1.1540E+00  0.0000E+00  0.0000E+00  2.0000E+00  0.0000E+00  1.2133E+00  4.4639E+00  5.2640E+01  1.5434E+00 -1.6486E+00 -1.7233E+00  1.1540E+00  1.6425E+00 -4.8848E-01 -1.6389E+00
  5.3000E+01  1.7200E+02  0.0000E+00  1.3950E+00  0.0000E+00  0.0000E+00  2.0000E+00  0.0000E+00  1.2133E+00  4.4639E+00  5.2640E+01  1.4390E+00 -1.9330E-01 -3.7258E-01  1.3950E+00  1.6301E+00 -2.3515E-01 -3.6288E-01
  5.3000E+01  1.7600E+02  0.0000E+00  1.0260E+00  0.0000E+00  0.0000E+00  2.0000E+00  0.0000E+00  1.2133E+00  4.4639E+00  5.2640E+01  1.0363E+00 -5.2113E-02 -2.6604E-01  1.0260E+00  1.2804E+00 -2.5441E-01 -2.7540E-01
  5.3000E+01  1.8000E+02  0.0000E+00  5.8100E-01  0.0000E+00  0.0000E+00  2.0000E+00  0.0000E+00  1.2133E+00  4.4639E+00  5.2640E+01  7.3827E-01 -8.7933E-01 -1.0854E+00  5.8100E-01  9.8947E-01 -4.0847E-01 -1.0116E+00
  5.3000E+01  1.9200E+02  0.0000E+00  2.5000E-01  0.0000E+00  0.0000E+00  2.0000E+00  1.0000E+00  1.2133E+00  4.4639E+00  5.2640E+01  2.6686E-01 -1.0486E-01 -2.3602E-01  2.5000E-01  4.5625E-01 -2.0625E-01 -1.5783E-01
  5.3000E+01  3.3600E+02  1.0000E+02  0.0000E+00  1.0000E+00  1.0000E+00  3.0000E+00  0.0000E+00  1.2133E+00  4.4639E+00  5.2640E+01  1.3276E-06 -8.4094E-06  0.0000E+00  0.0000E+00  4.2155E-05  0.0000E+00  0.0000E+00
  5.3000E+01  3.3650E+02  0.0000E+00  8.5400E-01  0.0000E+00  0.0000E+00  3.0000E+00  0.0000E+00  1.2133E+00  4.4639E+00  5.2640E+01  8.4418E-01  5.3129E-02  1.2220E-01  8.5400E-01  8.3214E-01  2.1861E-02  1.5544E-01
  5.3000E+01  3.3700E+02  0.0000E+00  1.1490E+00  0.0000E+00  0.0000E+00  3.0000E+00  0.0000E+00  1.2133E+00  4.4639E+00  5.2640E+01  1.2694E+00 -5.6235E-01 -5.3080E-01  1.1490E+00  1.2887E+00 -1.3975E-01 -4.9101E-01
  5.3000E+01  3.3800E+02  0.0000E+00  1.3700E+00  0.0000E+00  0.0000E+00  3.0000E+00  0.0000E+00  1.2133E+00  4.4639E+00  5.2640E+01  1.5434E+00 -7.3414E-01 -8.0886E-01  1.3700E+00  1.6425E+00 -2.7248E-01 -7.6262E-01
  5.3000E+01  3.4000E+02  0.0000E+00  1.4420E+00  0.0000E+00  0.0000E+00  3.0000E+00  0.0000E+00  1.2133E+00  4.4639E+00  5.2640E+01  1.4390E+00  1.3292E-02 -1.6599E-01  1.4420E+00  1.6301E+00 -1.8815E-01 -1.7106E-01
  5.3000E+01  3.4400E+02  0.0000E+00  1.2750E+00  0.0000E+00  0.0000E+00  3.0000E+00  0.0000E+00  1.2133E+00  4.4639E+00  5.2640E+01  1.0363E+00  1.2113E+00  9.9742E-01  1.2750E+00  1.2804E+00 -5.4098E-03  8.7399E-01
  5.3000E+01  3.4800E+02  0.0000E+00  6.0300E-01  0.0000E+00  0.0000E+00  3.0000E+00  0.0000E+00  1.2133E+00  4.4639E+00  5.2640E+01  7.3827E-01 -7.5632E-01 -9.6240E-01  6.0300E-01  9.8947E-01 -3.8647E-01 -8.9920E-01
  5.3000E+01  3.6000E+02  0.0000E+00  2.5000E-01  0.0000E+00  0.0000E+00  3.0000E+00  1.0000E+00  1.2133E+00  4.4639E+00  5.2640E+01  2.6686E-01 -1.0486E-01 -2.3602E-01  2.5000E-01  4.5625E-01 -2.0625E-01 -1.5783E-01
  5.4000E+01  0.0000E+00  1.0000E+02  0.0000E+00  1.0000E+00  1.0000E+00  1.0000E+00  0.0000E+00  8.9564E-01  5.0210E+00  5.1114E+01  0.0000E+00  0.0000E+00  0.0000E+00  0.0000E+00  0.0000E+00  0.0000E+00  0.0000E+00
  5.4000E+01  5.0000E-01  0.0000E+00  2.5000E-01  0.0000E+00  0.0000E+00  1.0000E+00  1.0000E+00  8.9564E-01  5.0210E+00  5.1114E+01  6.8790E-01 -2.4849E+00 -2.4982E+00  2.5000E-01  8.3210E-01 -5.8210E-01 -2.3686E+00
  5.4000E+01  1.0000E+00  0.0000E+00  7.0000E-01  0.0000E+00  0.0000E+00  1.0000E+00  0.0000E+00  8.9564E-01  5.0210E+00  5.1114E+01  1.0945E+00 -1.9616E+00 -2.0036E+00  7.0000E-01  1.2887E+00 -5.8871E-01 -1.8441E+00
  5.4000E+01  2.0000E+00  0.0000E+00  1.0070E+00  0.0000E+00  0.0000E+00  1.0000E+00  0.0000E+00  8.9564E-01  5.0210E+00  5.1114E+01  1.4390E+00 -1.8990E+00 -1.9767E+00  1.0070E+00  1.6424E+00 -6.3544E-01 -1.8063E+00
  5.4000E+01  4.0000E+00  0.0000E+00  1.1940E+00  0.0000E+00  0.0000E+00  1.0000E+00  0.0000E+00  8.9564E-01  5.0210E+00  5.1114E+01  1.4223E+00 -1.0096E+00 -1.1400E+00  1.1940E+00  1.6301E+00 -4.3612E-01 -1.0277E+00
  5.4000E+01  8.0000E+00  0.0000E+00  1.0560E+00  0.0000E+00  0.0000E+00  1.0000E+00  0.0000E+00  8.9564E-01  5.0210E+00  5.1114E+01  9.9973E-01  2.8914E-01  6.1423E-02  1.0560E+00  1.2804E+00 -2.2438E-01  8.0053E-03
  5.4000E+01  1.2000E+01  0.0000E+00  6.7900E-01  0.0000E+00  0.0000E+00  1.0000E+00  0.0000E+00  8.9564E-01  5.0210E+00  5.1114E+01  6.7599E-01  1.7111E-02 -2.4320E-01  6.7900E-01  9.8945E-01 -3.1045E-01 -3.0955E-01
  5.4000E+01  2.4000E+01  0.0000E+00  2.5000E-01  0.0000E+00  0.0000E+00  1.0000E+00  1.0000E+00  8.9564E-01  5.0210E+00  5.1114E+01  2.0799E-01  2.6318E-01  8.4273E-02  2.5000E-01  4.5625E-01 -2.0625E-01  8.6425E-02
  5.4000E+01  1.6800E+02  1.0000E+02  0.0000E+00  1.0000E+00  1.0000E+00  2.0000E+00  0.0000E+00  8.9564E-01  5.0210E+00  5.1114E+01  1.4955E-07 -9.4733E-07  0.0000E+00  0.0000E+00  4.2154E-05  0.0000E+00  0.0000E+00
  5.4000E+01  1.6850E+02  0.0000E+00  6.2200E-01  0.0000E+00  0.0000E+00  2.0000E+00  0.0000E+00  8.9564E-01  5.0210E+00  5.1114E+01  6.8790E-01 -3.7395E-01 -3.8724E-01  6.2200E-01  8.3214E-01 -2.1014E-01 -3.5760E-01
  5.4000E+01  1.6900E+02  0.0000E+00  9.3700E-01  0.0000E+00  0.0000E+00  2.0000E+00  0.0000E+00  8.9564E-01  5.0210E+00  5.1114E+01  1.0945E+00 -7.8318E-01 -8.2521E-01  9.3700E-01  1.2887E+00 -3.5175E-01 -7.5449E-01
  5.4000E+01  1.7000E+02  0.0000E+00  1.4550E+00  0.0000E+00  0.0000E+00  2.0000E+00  0.0000E+00  8.9564E-01  5.0210E+00  5.1114E+01  1.4390E+00  7.0118E-02 -7.5312E-03  1.4550E+00  1.6425E+00 -1.8748E-01  1.1509E-02
  5.4000E+01  1.7200E+02  0.0000E+00  1.7340E+00  0.0000E+00  0.0000E+00  2.0000E+00  0.0000E+00  8.9564E-01  5.0210E+00  5.1114E+01  1.4223E+00  1.3782E+00  1.2478E+00  1.7340E+00  1.6301E+00  1.0385E-01  1.1764E+00
  5.4000E+01  1.7600E+02  0.0000E+00  1.1540E+00  0.0000E+00  0.0000E+00  2.0000E+00  0.0000E+00  8.9564E-01  5.0210E+00  5.1114E+01  9.9973E-01  7.9269E-01  5.6497E-01  1.1540E+00  1.2804E+00 -1.2641E-01  4.6063E-01
  5.4000E+01  1.8000E+02  0.0000E+00  5.2000E-01  0.0000E+00  0.0000E+00  2.0000E+00  0.0000E+00  8.9564E-01  5.0210E+00  5.1114E+01  6.7599E-01 -8.8821E-01 -1.1485E+00  5.2000E-01  9.8947E-01 -4.6947E-01 -1.1214E+00
  5.4000E+01  1.9200E+02  0.0000E+00  2.5000E-01  0.0000E+00  0.0000E+00  2.0000E+00  1.0000E+00  8.9564E-01  5.0210E+00  5.1114E+01  2.0799E-01  2.6318E-01  8.4273E-02  2.5000E-01  4.5625E-01 -2.0625E-01  8.6566E-02
  5.4000E+01  3.3600E+02  1.0000E+02  0.0000E+00  1.0000E+00  1.0000E+00  3.0000E+00  0.0000E+00  8.9564E-01  5.0210E+00  5.1114E+01  1.4956E-07 -9.4733E-07  0.0000E+00  0.0000E+00  4.2155E-05  0.0000E+00  0.0000E+00
  5.4000E+01  3.3650E+02  0.0000E+00  1.0760E+00  0.0000E+00  0.0000E+00  3.0000E+00  0.0000E+00  8.9564E-01  5.0210E+00  5.1114E+01  6.8790E-01  2.2023E+00  2.1890E+00  1.0760E+00  8.3214E-01  2.4386E-01  2.0960E+00
  5.4000E+01  3.3700E+02  0.0000E+00  1.6010E+00  0.0000E+00  0.0000E+00  3.0000E+00  0.0000E+00  8.9564E-01  5.0210E+00  5.1114E+01  1.0945E+00  2.5184E+00  2.4763E+00  1.6010E+00  1.2887E+00  3.1225E-01  2.2972E+00
  5.4000E+01  3.3800E+02  0.0000E+00  1.6230E+00  0.0000E+00  0.0000E+00  3.0000E+00  0.0000E+00  8.9564E-01  5.0210E+00  5.1114E+01  1.4390E+00  8.0854E-01  7.3089E-01  1.6230E+00  1.6425E+00 -1.9475E-02  6.9307E-01
  5.4000E+01  3.4000E+02  0.0000E+00  1.5570E+00  0.0000E+00  0.0000E+00  3.0000E+00  0.0000E+00  8.9564E-01  5.0210E+00  5.1114E+01  1.4223E+00  5.9553E-01  4.6513E-01  1.5570E+00  1.6301E+00 -7.3150E-02  4.5406E-01
  5.4000E+01  3.4400E+02  0.0000E+00  7.9400E-01  0.0000E+00  0.0000E+00  3.0000E+00  0.0000E+00  8.9564E-01  5.0210E+00  5.1114E+01  9.9973E-01 -1.0571E+00 -1.2848E+00  7.9400E-01  1.2804E+00 -4.8641E-01 -1.2011E+00
  5.4000E+01  3.4800E+02  0.0000E+00  6.5400E-01  0.0000E+00  0.0000E+00  3.0000E+00  0.0000E+00  8.9564E-01  5.0210E+00  5.1114E+01  6.7599E-01 -1.2524E-01 -3.8555E-01  6.5400E-01  9.8947E-01 -3.3547E-01 -4.3700E-01
  5.4000E+01  3.6000E+02  0.0000E+00  2.5000E-01  0.0000E+00  0.0000E+00  3.0000E+00  1.0000E+00  8.9564E-01  5.0210E+00  5.1114E+01  2.0799E-01  2.6318E-01  8.4273E-02  2.5000E-01  4.5625E-01 -2.0625E-01  8.6566E-02
  5.5000E+01  0.0000E+00  1.0000E+02  0.0000E+00  1.0000E+00  1.0000E+00  1.0000E+00  0.0000E+00  4.2221E-01  1.6060E+00  4.8682E+01  0.0000E+00  0.0000E+00  0.0000E+00  0.0000E+00  0.0000E+00  0.0000E+00  0.0000E+00
  5.5000E+01  5.0000E-01  0.0000E+00  5.5600E-01  0.0000E+00  0.0000E+00  1.0000E+00  0.0000E+00  4.2221E-01  1.6060E+00  4.8682E+01  3.8761E-01  1.0273E+00  7.0985E-01  5.5600E-01  8.3210E-01 -2.7610E-01  7.2132E-01
  5.5000E+01  1.0000E+00  0.0000E+00  9.4000E-01  0.0000E+00  0.0000E+00  1.0000E+00  0.0000E+00  4.2221E-01  1.6060E+00  4.8682E+01  6.9511E-01  1.3868E+00  8.9502E-01  9.4000E-01  1.2887E+00 -3.4871E-01  6.3858E-01
  5.5000E+01  2.0000E+00  0.0000E+00  1.3940E+00  0.0000E+00  0.0000E+00  1.0000E+00  0.0000E+00  4.2221E-01  1.6060E+00  4.8682E+01  1.1283E+00  1.3057E+00  7.2803E-01  1.3940E+00  1.6424E+00 -2.4844E-01  4.1692E-01
  5.5000E+01  4.0000E+00  0.0000E+00  1.4630E+00  0.0000E+00  0.0000E+00  1.0000E+00  0.0000E+00  4.2221E-01  1.6060E+00  4.8682E+01  1.5411E+00 -3.3112E-01 -6.7918E-01  1.4630E+00  1.6301E+00 -1.6712E-01 -5.6004E-01
  5.5000E+01  8.0000E+00  0.0000E+00  1.6460E+00  0.0000E+00  0.0000E+00  1.0000E+00  0.0000E+00  4.2221E-01  1.6060E+00  4.8682E+01  1.6353E+00  4.3739E-02  1.9560E-01  1.6460E+00  1.2804E+00  3.6562E-01  3.5692E-01
  5.5000E+01  1.2000E+01  0.0000E+00  1.6510E+00  0.0000E+00  0.0000E+00  1.0000E+00  0.0000E+00  4.2221E-01  1.6060E+00  4.8682E+01  1.4857E+00  7.1423E-01  1.0737E+00  1.6510E+00  9.8945E-01  6.6155E-01  1.0948E+00
  5.5000E+01  2.4000E+01  0.0000E+00  1.1480E+00  0.0000E+00  0.0000E+00  1.0000E+00  0.0000E+00  4.2221E-01  1.6060E+00  4.8682E+01  1.0094E+00  7.0979E-01  1.1435E+00  1.1480E+00  4.5625E-01  6.9175E-01  1.0093E+00
  5.5000E+01  1.6800E+02  1.0000E+02  0.0000E+00  1.0000E+00  1.0000E+00  2.0000E+00  0.0000E+00  4.2221E-01  1.6060E+00  4.8682E+01  8.7287E-03 -5.5289E-02  0.0000E+00  0.0000E+00  4.2154E-05  0.0000E+00  0.0000E+00
  5.5000E+01  1.6850E+02  0.0000E+00  2.5000E-01  0.0000E+00  0.0000E+00  2.0000E+00  1.0000E+00  4.2221E-01  1.6060E+00  4.8682E+01  3.9619E-01 -8.9041E-01 -1.1902E+00  2.5000E-01  8.3214E-01 -5.8214E-01 -9.3472E-01
  5.5000E+01  1.6900E+02  0.0000E+00  5.6100E-01  0.0000E+00  0.0000E+00  2.0000E+00  0.0000E+00  4.2221E-01  1.6060E+00  4.8682E+01  7.0355E-01 -8.0527E-01 -1.2793E+00  5.6100E-01  1.2887E+00 -7.2775E-01 -1.1051E+00
  5.5000E+01  1.7000E+02  0.0000E+00  1.0970E+00  0.0000E+00  0.0000E+00  2.0000E+00  0.0000E+00  4.2221E-01  1.6060E+00  4.8682E+01  1.1364E+00 -1.9319E-01 -7.5328E-01  1.0970E+00  1.6425E+00 -5.4548E-01 -7.8947E-01
  5.5000E+01  1.7200E+02  0.0000E+00  1.3750E+00  0.0000E+00  0.0000E+00  2.0000E+00  0.0000E+00  4.2221E-01  1.6060E+00  4.8682E+01  1.5488E+00 -7.3436E-01 -1.0657E+00  1.3750E+00  1.6301E+00 -2.5515E-01 -9.2050E-01
  5.5000E+01  1.7600E+02  0.0000E+00  1.6900E+00  0.0000E+00  0.0000E+00  2.0000E+00  0.0000E+00  4.2221E-01  1.6060E+00  4.8682E+01  1.6420E+00  1.9607E-01  3.6266E-01  1.6900E+00  1.2804E+00  4.0959E-01  5.5881E-01
  5.5000E+01  1.8000E+02  0.0000E+00  1.5000E+00  0.0000E+00  0.0000E+00  2.0000E+00  0.0000E+00  4.2221E-01  1.6060E+00  4.8682E+01  1.4916E+00  3.6121E-02  4.0871E-01  1.5000E+00  9.8947E-01  5.1053E-01  3.2256E-01
  5.5000E+01  1.9200E+02  0.0000E+00  8.4100E-01  0.0000E+00  0.0000E+00  2.0000E+00  0.0000E+00  4.2221E-01  1.6060E+00  4.8682E+01  1.0134E+00 -8.8150E-01 -4.3850E-01  8.4100E-01  4.5625E-01  3.8475E-01 -8.3210E-01
  5.5000E+01  3.3600E+02  1.0000E+02  0.0000E+00  1.0000E+00  1.0000E+00  3.0000E+00  0.0000E+00  4.2221E-01  1.6060E+00  4.8682E+01  8.7629E-03 -5.5506E-02  0.0000E+00  0.0000E+00  4.2155E-05  0.0000E+00  0.0000E+00
  5.5000E+01  3.3650E+02  0.0000E+00  2.5000E-01  0.0000E+00  0.0000E+00  3.0000E+00  1.0000E+00  4.2221E-01  1.6060E+00  4.8682E+01  3.9623E-01 -8.9061E-01 -1.1903E+00  2.5000E-01  8.3214E-01 -5.8214E-01 -9.3472E-01
  5.5000E+01  3.3700E+02  0.0000E+00  5.3100E-01  0.0000E+00  0.0000E+00  3.0000E+00  0.0000E+00  4.2221E-01  1.6060E+00  4.8682E+01  7.0359E-01 -9.7492E-01 -1.4489E+00  5.3100E-01  1.2887E+00 -7.5775E-01 -1.2430E+00
  5.5000E+01  3.3800E+02  0.0000E+00  1.0780E+00  0.0000E+00  0.0000E+00  3.0000E+00  0.0000E+00  4.2221E-01  1.6060E+00  4.8682E+01  1.1365E+00 -2.8643E-01 -8.4639E-01  1.0780E+00  1.6425E+00 -5.6448E-01 -8.6655E-01
  5.5000E+01  3.4000E+02  0.0000E+00  1.3460E+00  0.0000E+00  0.0000E+00  3.0000E+00  0.0000E+00  4.2221E-01  1.6060E+00  4.8682E+01  1.5488E+00 -8.5701E-01 -1.1882E+00  1.3460E+00  1.6301E+00 -2.8415E-01 -1.0389E+00
  5.5000E+01  3.4400E+02  0.0000E+00  1.9220E+00  0.0000E+00  0.0000E+00  3.0000E+00  0.0000E+00  4.2221E-01  1.6060E+00  4.8682E+01  1.6421E+00  1.1441E+00  1.3108E+00  1.9220E+00  1.2804E+00  6.4159E-01  1.6297E+00
  5.5000E+01  3.4800E+02  0.0000E+00  1.5730E+00  0.0000E+00  0.0000E+00  3.0000E+00  0.0000E+00  4.2221E-01  1.6060E+00  4.8682E+01  1.4916E+00  3.5087E-01  7.2355E-01  1.5730E+00  9.8947E-01  5.8353E-01  6.9540E-01
  5.5000E+01  3.6000E+02  0.0000E+00  1.1150E+00  0.0000E+00  0.0000E+00  3.0000E+00  0.0000E+00  4.2221E-01  1.6060E+00  4.8682E+01  1.0134E+00  5.1975E-01  9.6281E-01  1.1150E+00  4.5625E-01  6.5875E-01  8.1084E-01
  5.6000E+01  0.0000E+00  1.0000E+02  0.0000E+00  1.0000E+00  1.0000E+00  1.0000E+00  0.0000E+00  1.9683E+00  4.8379E+00  3.8933E+01  0.0000E+00  0.0000E+00  0.0000E+00  0.0000E+00  0.0000E+00  0.0000E+00  0.0000E+00
  5.6000E+01  5.0000E-01  0.0000E+00  1.5660E+00  0.0000E+00  0.0000E+00  1.0000E+00  0.0000E+00  1.9683E+00  4.8379E+00  3.8933E+01  1.5518E+00  6.0116E-02  6.0609E-01  1.5660E+00  8.3210E-01  7.3390E-01  8.5134E-01
  5.6000E+01  1.0000E+00  0.0000E+00  2.0080E+00  0.0000E+00  0.0000E+00  1.0000E+00  0.0000E+00  1.9683E+00  4.8379E+00  3.8933E+01  2.0383E+00 -1.0782E-01  3.4955E-01  2.0080E+00  1.2887E+00  7.1929E-01  3.1909E-01
  5.6000E+01  2.0000E+00  0.0000E+00  2.0320E+00  0.0000E+00  0.0000E+00  1.0000E+00  0.0000E+00  1.9683E+00  4.8379E+00  3.8933E+01  2.0848E+00 -1.8530E-01 -1.8642E-02  2.0320E+00  1.6424E+00  3.8956E-01 -1.0676E-01
  5.6000E+01  4.0000E+00  0.0000E+00  1.3830E+00  0.0000E+00  0.0000E+00  1.0000E+00  0.0000E+00  1.9683E+00  4.8379E+00  3.8933E+01  1.6667E+00 -1.1495E+00 -1.2446E+00  1.3830E+00  1.6301E+00 -2.4712E-01 -1.1075E+00
  5.6000E+01  8.0000E+00  0.0000E+00  7.6000E-01  0.0000E+00  0.0000E+00  1.0000E+00  0.0000E+00  1.9683E+00  4.8379E+00  3.8933E+01  1.0145E+00 -1.3013E+00 -1.5762E+00  7.6000E-01  1.2804E+00 -5.2038E-01 -1.4992E+00
  5.6000E+01  1.2000E+01  0.0000E+00  5.0700E-01  0.0000E+00  0.0000E+00  1.0000E+00  0.0000E+00  1.9683E+00  4.8379E+00  3.8933E+01  6.1717E-01 -6.3756E-01 -9.3516E-01  5.0700E-01  9.8945E-01 -4.8245E-01 -1.0922E+00
  5.6000E+01  2.4000E+01  0.0000E+00  2.5000E-01  0.0000E+00  0.0000E+00  1.0000E+00  1.0000E+00  1.9683E+00  4.8379E+00  3.8933E+01  1.3893E-01  7.0004E-01  5.4606E-01  2.5000E-01  4.5625E-01 -2.0625E-01  4.6835E-01
  5.6000E+01  1.6800E+02  1.0000E+02  0.0000E+00  1.0000E+00  1.0000E+00  2.0000E+00  0.0000E+00  1.9683E+00  4.8379E+00  3.8933E+01  2.3528E-09 -1.4903E-08  0.0000E+00  0.0000E+00  4.2154E-05  0.0000E+00  0.0000E+00
  5.6000E+01  1.6850E+02  0.0000E+00  1.6080E+00  0.0000E+00  0.0000E+00  2.0000E+00  0.0000E+00  1.9683E+00  4.8379E+00  3.8933E+01  1.5518E+00  2.3739E-01  7.8337E-01  1.6080E+00  8.3214E-01  7.7586E-01  1.0792E+00
  5.6000E+01  1.6900E+02  0.0000E+00  2.4130E+00  0.0000E+00  0.0000E+00  2.0000E+00  0.0000E+00  1.9683E+00  4.8379E+00  3.8933E+01  2.0383E+00  1.3352E+00  1.7926E+00  2.4130E+00  1.2887E+00  1.1243E+00  2.1811E+00
  5.6000E+01  1.7000E+02  0.0000E+00  1.9710E+00  0.0000E+00  0.0000E+00  2.0000E+00  0.0000E+00  1.9683E+00  4.8379E+00  3.8933E+01  2.0848E+00 -3.9930E-01 -2.3264E-01  1.9710E+00  1.6425E+00  3.2852E-01 -3.5367E-01
  5.6000E+01  1.7200E+02  0.0000E+00  2.0230E+00  0.0000E+00  0.0000E+00  2.0000E+00  0.0000E+00  1.9683E+00  4.8379E+00  3.8933E+01  1.6667E+00  1.4433E+00  1.3482E+00  2.0230E+00  1.6301E+00  3.9285E-01  1.5049E+00
  5.6000E+01  1.7600E+02  0.0000E+00  1.0920E+00  0.0000E+00  0.0000E+00  2.0000E+00  0.0000E+00  1.9683E+00  4.8379E+00  3.8933E+01  1.0145E+00  3.9596E-01  1.2105E-01  1.0920E+00  1.2804E+00 -1.8841E-01  3.3843E-02
  5.6000E+01  1.8000E+02  0.0000E+00  7.5500E-01  0.0000E+00  0.0000E+00  2.0000E+00  0.0000E+00  1.9683E+00  4.8379E+00  3.8933E+01  6.1717E-01  7.9764E-01  5.0004E-01  7.5500E-01  9.8947E-01 -2.3447E-01  1.7481E-01
  5.6000E+01  1.9200E+02  0.0000E+00  2.5000E-01  0.0000E+00  0.0000E+00  2.0000E+00  1.0000E+00  1.9683E+00  4.8379E+00  3.8933E+01  1.3893E-01  7.0004E-01  5.4606E-01  2.5000E-01  4.5625E-01 -2.0625E-01  4.6859E-01
  5.6000E+01  3.3600E+02  1.0000E+02  0.0000E+00  1.0000E+00  1.0000E+00  3.0000E+00  0.0000E+00  1.9683E+00  4.8379E+00  3.8933E+01  2.3528E-09 -1.4903E-08  0.0000E+00  0.0000E+00  4.2155E-05  0.0000E+00  0.0000E+00
  5.6000E+01  3.3650E+02  0.0000E+00  1.5030E+00  0.0000E+00  0.0000E+00  3.0000E+00  0.0000E+00  1.9683E+00  4.8379E+00  3.8933E+01  1.5518E+00 -2.0580E-01  3.4018E-01  1.5030E+00  8.3214E-01  6.7086E-01  5.1168E-01
  5.6000E+01  3.3700E+02  0.0000E+00  2.1990E+00  0.0000E+00  0.0000E+00  3.0000E+00  0.0000E+00  1.9683E+00  4.8379E+00  3.8933E+01  2.0383E+00  5.7274E-01  1.0301E+00  2.1990E+00  1.2887E+00  9.1025E-01  1.1976E+00
  5.6000E+01  3.3800E+02  0.0000E+00  2.1100E+00  0.0000E+00  0.0000E+00  3.0000E+00  0.0000E+00  1.9683E+00  4.8379E+00  3.8933E+01  2.0848E+00  8.8336E-02  2.5499E-01  2.1100E+00  1.6425E+00  4.6752E-01  2.1023E-01
  5.6000E+01  3.4000E+02  0.0000E+00  1.7170E+00  0.0000E+00  0.0000E+00  3.0000E+00  0.0000E+00  1.9683E+00  4.8379E+00  3.8933E+01  1.6667E+00  2.0363E-01  1.0853E-01  1.7170E+00  1.6301E+00  8.6850E-02  2.5609E-01
  5.6000E+01  3.4400E+02  0.0000E+00  1.2430E+00  0.0000E+00  0.0000E+00  3.0000E+00  0.0000E+00  1.9683E+00  4.8379E+00  3.8933E+01  1.0145E+00  1.1679E+00  8.9300E-01  1.2430E+00  1.2804E+00 -3.7410E-02  7.3086E-01
  5.6000E+01  3.4800E+02  0.0000E+00  2.5000E-01  0.0000E+00  0.0000E+00  3.0000E+00  1.0000E+00  1.9683E+00  4.8379E+00  3.8933E+01  6.1717E-01 -2.1248E+00 -2.4224E+00  2.5000E-01  9.8947E-01 -7.3947E-01 -2.4044E+00
  5.6000E+01  3.6000E+02  0.0000E+00  2.5000E-01  0.0000E+00  0.0000E+00  3.0000E+00  1.0000E+00  1.9683E+00  4.8379E+00  3.8933E+01  1.3893E-01  7.0004E-01  5.4606E-01  2.5000E-01  4.5625E-01 -2.0625E-01  4.6859E-01
  5.7000E+01  0.0000E+00  1.0000E+02  0.0000E+00  1.0000E+00  1.0000E+00  1.0000E+00  0.0000E+00  1.9533E+00  6.5155E+00  5.1390E+01  0.0000E+00  0.0000E+00  0.0000E+00  0.0000E+00  0.0000E+00  0.0000E+00  0.0000E+00
  5.7000E+01  5.0000E-01  0.0000E+00  1.2020E+00  0.0000E+00  0.0000E+00  1.0000E+00  0.0000E+00  1.9533E+00  6.5155E+00  5.1390E+01  1.1695E+00  1.5731E-01  5.3183E-01  1.2020E+00  8.3210E-01  3.6990E-01  7.4876E-01
  5.7000E+01  1.0000E+00  0.0000E+00  1.4100E+00  0.0000E+00  0.0000E+00  1.0000E+00  0.0000E+00  1.9533E+00  6.5155E+00  5.1390E+01  1.5381E+00 -5.4328E-01 -4.2060E-01  1.4100E+00  1.2887E+00  1.2129E-01 -3.4928E-01
  5.7000E+01  2.0000E+00  0.0000E+00  1.7460E+00  0.0000E+00  0.0000E+00  1.0000E+00  0.0000E+00  1.9533E+00  6.5155E+00  5.1390E+01  1.5730E+00  7.2447E-01  4.6509E-01  1.7460E+00  1.6424E+00  1.0356E-01  5.1048E-01
  5.7000E+01  4.0000E+00  0.0000E+00  1.1260E+00  0.0000E+00  0.0000E+00  1.0000E+00  0.0000E+00  1.9533E+00  6.5155E+00  5.1390E+01  1.2524E+00 -5.9401E-01 -1.0111E+00  1.1260E+00  1.6301E+00 -5.0412E-01 -8.6213E-01
  5.7000E+01  8.0000E+00  0.0000E+00  6.7100E-01  0.0000E+00  0.0000E+00  1.0000E+00  0.0000E+00  1.9533E+00  6.5155E+00  5.1390E+01  7.5470E-01 -4.6567E-01 -8.5611E-01  6.7100E-01  1.2804E+00 -6.0938E-01 -9.6377E-01
  5.7000E+01  1.2000E+01  0.0000E+00  2.5000E-01  0.0000E+00  0.0000E+00  1.0000E+00  1.0000E+00  1.9533E+00  6.5155E+00  5.1390E+01  4.5449E-01 -1.2309E+00 -1.5432E+00  2.5000E-01  9.8945E-01 -7.3945E-01 -1.6986E+00
  5.7000E+01  2.4000E+01  0.0000E+00  2.5000E-01  0.0000E+00  0.0000E+00  1.0000E+00  1.0000E+00  1.9533E+00  6.5155E+00  5.1390E+01  9.9262E-02  9.5239E-01  8.3533E-01  2.5000E-01  4.5625E-01 -2.0625E-01  6.5960E-01
  5.7000E+01  1.6800E+02  1.0000E+02  0.0000E+00  1.0000E+00  1.0000E+00  2.0000E+00  0.0000E+00  1.9533E+00  6.5155E+00  5.1390E+01  1.1691E-09 -7.4057E-09  0.0000E+00  0.0000E+00  4.2154E-05  0.0000E+00  0.0000E+00
  5.7000E+01  1.6850E+02  0.0000E+00  1.2720E+00  0.0000E+00  0.0000E+00  2.0000E+00  0.0000E+00  1.9533E+00  6.5155E+00  5.1390E+01  1.1695E+00  4.9627E-01  8.7078E-01  1.2720E+00  8.3214E-01  4.3986E-01  1.1277E+00
  5.7000E+01  1.6900E+02  0.0000E+00  1.2510E+00  0.0000E+00  0.0000E+00  2.0000E+00  0.0000E+00  1.9533E+00  6.5155E+00  5.1390E+01  1.5381E+00 -1.2177E+00 -1.0950E+00  1.2510E+00  1.2887E+00 -3.7745E-02 -1.0795E+00
  5.7000E+01  1.7000E+02  0.0000E+00  1.3620E+00  0.0000E+00  0.0000E+00  2.0000E+00  0.0000E+00  1.9533E+00  6.5155E+00  5.1390E+01  1.5730E+00 -8.8403E-01 -1.1434E+00  1.3620E+00  1.6425E+00 -2.8048E-01 -1.0469E+00
  5.7000E+01  1.7200E+02  0.0000E+00  1.2020E+00  0.0000E+00  0.0000E+00  2.0000E+00  0.0000E+00  1.9533E+00  6.5155E+00  5.1390E+01  1.2524E+00 -2.3673E-01 -6.5383E-01  1.2020E+00  1.6301E+00 -4.2815E-01 -5.5154E-01
  5.7000E+01  1.7600E+02  0.0000E+00  9.1400E-01  0.0000E+00  0.0000E+00  2.0000E+00  0.0000E+00  1.9533E+00  6.5155E+00  5.1390E+01  7.5470E-01  8.8633E-01  4.9589E-01  9.1400E-01  1.2804E+00 -3.6641E-01  1.5830E-01
  5.7000E+01  1.8000E+02  0.0000E+00  6.0100E-01  0.0000E+00  0.0000E+00  2.0000E+00  0.0000E+00  1.9533E+00  6.5155E+00  5.1390E+01  4.5449E-01  8.8189E-01  5.6954E-01  6.0100E-01  9.8947E-01 -3.8847E-01  9.4386E-02
  5.7000E+01  1.9200E+02  0.0000E+00  2.5000E-01  0.0000E+00  0.0000E+00  2.0000E+00  1.0000E+00  1.9533E+00  6.5155E+00  5.1390E+01  9.9262E-02  9.5239E-01  8.3533E-01  2.5000E-01  4.5625E-01 -2.0625E-01  6.5979E-01
  5.7000E+01  3.3600E+02  1.0000E+02  0.0000E+00  1.0000E+00  1.0000E+00  3.0000E+00  0.0000E+00  1.9533E+00  6.5155E+00  5.1390E+01  1.1691E-09 -7.4057E-09  0.0000E+00  0.0000E+00  4.2155E-05  0.0000E+00  0.0000E+00
  5.7000E+01  3.3650E+02  0.0000E+00  1.3460E+00  0.0000E+00  0.0000E+00  3.0000E+00  0.0000E+00  1.9533E+00  6.5155E+00  5.1390E+01  1.1695E+00  8.5459E-01  1.2291E+00  1.3460E+00  8.3214E-01  5.1386E-01  1.5277E+00
  5.7000E+01  3.3700E+02  0.0000E+00  1.6950E+00  0.0000E+00  0.0000E+00  3.0000E+00  0.0000E+00  1.9533E+00  6.5155E+00  5.1390E+01  1.5381E+00  6.6558E-01  7.8826E-01  1.6950E+00  1.2887E+00  4.0625E-01  9.6112E-01
  5.7000E+01  3.3800E+02  0.0000E+00  1.8200E+00  0.0000E+00  0.0000E+00  3.0000E+00  0.0000E+00  1.9533E+00  6.5155E+00  5.1390E+01  1.5730E+00  1.0344E+00  7.7506E-01  1.8200E+00  1.6425E+00  1.7752E-01  8.1113E-01
  5.7000E+01  3.4000E+02  0.0000E+00  1.1830E+00  0.0000E+00  0.0000E+00  3.0000E+00  0.0000E+00  1.9533E+00  6.5155E+00  5.1390E+01  1.2524E+00 -3.2605E-01 -7.4315E-01  1.1830E+00  1.6301E+00 -4.4715E-01 -6.2909E-01
  5.7000E+01  3.4400E+02  0.0000E+00  7.6400E-01  0.0000E+00  0.0000E+00  3.0000E+00  0.0000E+00  1.9533E+00  6.5155E+00  5.1390E+01  7.5470E-01  5.1764E-02 -3.3868E-01  7.6400E-01  1.2804E+00 -5.1641E-01 -5.3410E-01
  5.7000E+01  3.4800E+02  0.0000E+00  2.5000E-01  0.0000E+00  0.0000E+00  3.0000E+00  1.0000E+00  1.9533E+00  6.5155E+00  5.1390E+01  4.5449E-01 -1.2309E+00 -1.5432E+00  2.5000E-01  9.8947E-01 -7.3947E-01 -1.6983E+00
  5.7000E+01  3.6000E+02  0.0000E+00  2.5000E-01  0.0000E+00  0.0000E+00  3.0000E+00  1.0000E+00  1.9533E+00  6.5155E+00  5.1390E+01  9.9262E-02  9.5239E-01  8.3533E-01  2.5000E-01  4.5625E-01 -2.0625E-01  6.5979E-01
  5.8000E+01  0.0000E+00  1.0000E+02  0.0000E+00  1.0000E+00  1.0000E+00  1.0000E+00  0.0000E+00  8.6241E-01  5.2301E+00  5.2779E+01  0.0000E+00  0.0000E+00  0.0000E+00  0.0000E+00  0.0000E+00  0.0000E+00  0.0000E+00
  5.8000E+01  5.0000E-01  0.0000E+00  5.4400E-01  0.0000E+00  0.0000E+00  1.0000E+00  0.0000E+00  8.6241E-01  5.2301E+00  5.2779E+01  6.4634E-01 -5.8757E-01 -7.6233E-01  5.4400E-01  8.3210E-01 -2.8810E-01 -6.8387E-01
  5.8000E+01  1.0000E+00  0.0000E+00  1.1180E+00  0.0000E+00  0.0000E+00  1.0000E+00  0.0000E+00  8.6241E-01  5.2301E+00  5.2779E+01  1.0350E+00  4.2113E-01  1.8810E-01  1.1180E+00  1.2887E+00 -1.7071E-01  1.9850E-01
  5.8000E+01  2.0000E+00  0.0000E+00  1.1140E+00  0.0000E+00  0.0000E+00  1.0000E+00  0.0000E+00  8.6241E-01  5.2301E+00  5.2779E+01  1.3743E+00 -1.1712E+00 -1.4063E+00  1.1140E+00  1.6424E+00 -5.2844E-01 -1.2412E+00
  5.8000E+01  4.0000E+00  0.0000E+00  1.2960E+00  0.0000E+00  0.0000E+00  1.0000E+00  0.0000E+00  8.6241E-01  5.2301E+00  5.2779E+01  1.3722E+00 -3.4291E-01 -5.4685E-01  1.2960E+00  1.6301E+00 -3.3412E-01 -4.8147E-01
  5.8000E+01  8.0000E+00  0.0000E+00  8.1900E-01  0.0000E+00  0.0000E+00  1.0000E+00  0.0000E+00  8.6241E-01  5.2301E+00  5.2779E+01  9.6670E-01 -7.6751E-01 -1.0054E+00  8.1900E-01  1.2804E+00 -4.6138E-01 -9.6606E-01
  5.8000E+01  1.2000E+01  0.0000E+00  5.9300E-01  0.0000E+00  0.0000E+00  1.0000E+00  0.0000E+00  8.6241E-01  5.2301E+00  5.2779E+01  6.5174E-01 -3.3673E-01 -5.9106E-01  5.9300E-01  9.8945E-01 -3.9645E-01 -6.4391E-01
  5.8000E+01  2.4000E+01  0.0000E+00  2.5000E-01  0.0000E+00  0.0000E+00  1.0000E+00  1.0000E+00  8.6241E-01  5.2301E+00  5.2779E+01  1.9847E-01  3.2313E-01  1.5695E-01  2.5000E-01  4.5625E-01 -2.0625E-01  1.4318E-01
  5.8000E+01  1.6800E+02  1.0000E+02  0.0000E+00  1.0000E+00  1.0000E+00  2.0000E+00  0.0000E+00  8.6241E-01  5.2301E+00  5.2779E+01  1.2605E-07 -7.9846E-07  0.0000E+00  0.0000E+00  4.2154E-05  0.0000E+00  0.0000E+00
  5.8000E+01  1.6850E+02  0.0000E+00  6.9100E-01  0.0000E+00  0.0000E+00  2.0000E+00  0.0000E+00  8.6241E-01  5.2301E+00  5.2779E+01  6.4634E-01  2.5641E-01  8.1651E-02  6.9100E-01  8.3214E-01 -1.4114E-01  1.1107E-01
  5.8000E+01  1.6900E+02  0.0000E+00  1.1410E+00  0.0000E+00  0.0000E+00  2.0000E+00  0.0000E+00  8.6241E-01  5.2301E+00  5.2779E+01  1.0350E+00  5.3788E-01  3.0485E-01  1.1410E+00  1.2887E+00 -1.4775E-01  3.0459E-01
  5.8000E+01  1.7000E+02  0.0000E+00  1.7150E+00  0.0000E+00  0.0000E+00  2.0000E+00  0.0000E+00  8.6241E-01  5.2301E+00  5.2779E+01  1.3743E+00  1.5327E+00  1.2977E+00  1.7150E+00  1.6425E+00  7.2525E-02  1.1973E+00
  5.8000E+01  1.7200E+02  0.0000E+00  1.6960E+00  0.0000E+00  0.0000E+00  2.0000E+00  0.0000E+00  8.6241E-01  5.2301E+00  5.2779E+01  1.3722E+00  1.4582E+00  1.2542E+00  1.6960E+00  1.6301E+00  6.5850E-02  1.1513E+00
  5.8000E+01  1.7600E+02  0.0000E+00  9.8900E-01  0.0000E+00  0.0000E+00  2.0000E+00  0.0000E+00  8.6241E-01  5.2301E+00  5.2779E+01  9.6670E-01  1.1587E-01 -1.2201E-01  9.8900E-01  1.2804E+00 -2.9141E-01 -1.8106E-01
  5.8000E+01  1.8000E+02  0.0000E+00  7.9500E-01  0.0000E+00  0.0000E+00  2.0000E+00  0.0000E+00  8.6241E-01  5.2301E+00  5.2779E+01  6.5174E-01  8.2129E-01  5.6696E-01  7.9500E-01  9.8947E-01 -1.9447E-01  3.8801E-01
  5.8000E+01  1.9200E+02  0.0000E+00  2.5000E-01  0.0000E+00  0.0000E+00  2.0000E+00  1.0000E+00  8.6241E-01  5.2301E+00  5.2779E+01  1.9847E-01  3.2313E-01  1.5695E-01  2.5000E-01  4.5625E-01 -2.0625E-01  1.4333E-01
  5.8000E+01  3.3600E+02  1.0000E+02  0.0000E+00  1.0000E+00  1.0000E+00  3.0000E+00  0.0000E+00  8.6241E-01  5.2301E+00  5.2779E+01  1.2605E-07 -7.9846E-07  0.0000E+00  0.0000E+00  4.2155E-05  0.0000E+00  0.0000E+00
  5.8000E+01  3.3650E+02  0.0000E+00  5.6100E-01  0.0000E+00  0.0000E+00  3.0000E+00  0.0000E+00  8.6241E-01  5.2301E+00  5.2779E+01  6.4634E-01 -4.8997E-01 -6.6472E-01  5.6100E-01  8.3214E-01 -2.7114E-01 -5.9151E-01
  5.8000E+01  3.3700E+02  0.0000E+00  8.7500E-01  0.0000E+00  0.0000E+00  3.0000E+00  0.0000E+00  8.6241E-01  5.2301E+00  5.2779E+01  1.0350E+00 -8.1241E-01 -1.0454E+00  8.7500E-01  1.2887E+00 -4.1375E-01 -9.1793E-01
  5.8000E+01  3.3800E+02  0.0000E+00  1.3330E+00  0.0000E+00  0.0000E+00  3.0000E+00  0.0000E+00  8.6241E-01  5.2301E+00  5.2779E+01  1.3743E+00 -1.8594E-01 -4.2097E-01  1.3330E+00  1.6425E+00 -3.0948E-01 -3.5239E-01
  5.8000E+01  3.4000E+02  0.0000E+00  1.3340E+00  0.0000E+00  0.0000E+00  3.0000E+00  0.0000E+00  8.6241E-01  5.2301E+00  5.2779E+01  1.3722E+00 -1.7181E-01 -3.7575E-01  1.3340E+00  1.6301E+00 -2.9615E-01 -3.2609E-01
  5.8000E+01  3.4400E+02  0.0000E+00  8.3400E-01  0.0000E+00  0.0000E+00  3.0000E+00  0.0000E+00  8.6241E-01  5.2301E+00  5.2779E+01  9.6670E-01 -6.8956E-01 -9.2745E-01  8.3400E-01  1.2804E+00 -4.4641E-01 -8.9655E-01
  5.8000E+01  3.4800E+02  0.0000E+00  5.4500E-01  0.0000E+00  0.0000E+00  3.0000E+00  0.0000E+00  8.6241E-01  5.2301E+00  5.2779E+01  6.5174E-01 -6.1190E-01 -8.6624E-01  5.4500E-01  9.8947E-01 -4.4447E-01 -8.8882E-01
  5.8000E+01  3.6000E+02  0.0000E+00  2.5000E-01  0.0000E+00  0.0000E+00  3.0000E+00  1.0000E+00  8.6241E-01  5.2301E+00  5.2779E+01  1.9847E-01  3.2313E-01  1.5695E-01  2.5000E-01  4.5625E-01 -2.0625E-01  1.4333E-01
  5.9000E+01  0.0000E+00  1.0000E+02  0.0000E+00  1.0000E+00  1.0000E+00  1.0000E+00  0.0000E+00  4.2827E-01  5.0347E+00  5.7730E+01  0.0000E+00  0.0000E+00  0.0000E+00  0.0000E+00  0.0000E+00  0.0000E+00  0.0000E+00
  5.9000E+01  5.0000E-01  0.0000E+00  2.5000E-01  0.0000E+00  0.0000E+00  1.0000E+00  1.0000E+00  4.2827E-01  5.0347E+00  5.7730E+01  3.2647E-01 -4.7149E-01 -8.2677E-01  2.5000E-01  8.3210E-01 -5.8210E-01 -4.8076E-01
  5.9000E+01  1.0000E+00  0.0000E+00  2.5000E-01  0.0000E+00  0.0000E+00  1.0000E+00  1.0000E+00  4.2827E-01  5.0347E+00  5.7730E+01  5.7608E-01 -1.9074E+00 -2.4700E+00  2.5000E-01  1.2887E+00 -1.0387E+00 -1.9467E+00
  5.9000E+01  2.0000E+00  0.0000E+00  8.0300E-01  0.0000E+00  0.0000E+00  1.0000E+00  0.0000E+00  4.2827E-01  5.0347E+00  5.7730E+01  9.0336E-01 -5.3266E-01 -1.2387E+00  8.0300E-01  1.6424E+00 -8.3944E-01 -1.2052E+00
  5.9000E+01  4.0000E+00  0.0000E+00  9.9200E-01  0.0000E+00  0.0000E+00  1.0000E+00  0.0000E+00  4.2827E-01  5.0347E+00  5.7730E+01  1.1424E+00 -7.3513E-01 -1.3105E+00  9.9200E-01  1.6301E+00 -6.3812E-01 -1.1504E+00
  5.9000E+01  8.0000E+00  0.0000E+00  1.0310E+00  0.0000E+00  0.0000E+00  1.0000E+00  0.0000E+00  4.2827E-01  5.0347E+00  5.7730E+01  1.0119E+00  9.7644E-02 -1.4395E-01  1.0310E+00  1.2804E+00 -2.4938E-01  9.0213E-02
  5.9000E+01  1.2000E+01  0.0000E+00  7.0300E-01  0.0000E+00  0.0000E+00  1.0000E+00  0.0000E+00  4.2827E-01  5.0347E+00  5.7730E+01  7.5105E-01 -2.6763E-01 -4.1910E-01  7.0300E-01  9.8945E-01 -2.8645E-01 -2.7336E-01
  5.9000E+01  2.4000E+01  0.0000E+00  2.5000E-01  0.0000E+00  0.0000E+00  1.0000E+00  1.0000E+00  4.2827E-01  5.0347E+00  5.7730E+01  2.6813E-01 -1.1278E-01 -2.5678E-01  2.5000E-01  4.5625E-01 -2.0625E-01 -3.8263E-01
  5.9000E+01  1.6800E+02  1.0000E+02  0.0000E+00  1.0000E+00  1.0000E+00  2.0000E+00  0.0000E+00  4.2827E-01  5.0347E+00  5.7730E+01  9.4277E-07 -5.9718E-06  0.0000E+00  0.0000E+00  4.2154E-05  0.0000E+00  0.0000E+00
  5.9000E+01  1.6850E+02  0.0000E+00  2.5000E-01  0.0000E+00  0.0000E+00  2.0000E+00  1.0000E+00  4.2827E-01  5.0347E+00  5.7730E+01  3.2647E-01 -4.7150E-01 -8.2678E-01  2.5000E-01  8.3214E-01 -5.8214E-01 -4.8072E-01
  5.9000E+01  1.6900E+02  0.0000E+00  7.0800E-01  0.0000E+00  0.0000E+00  2.0000E+00  0.0000E+00  4.2827E-01  5.0347E+00  5.7730E+01  5.7608E-01  7.7169E-01  2.0918E-01  7.0800E-01  1.2887E+00 -5.8075E-01  1.5827E-01
  5.9000E+01  1.7000E+02  0.0000E+00  9.0900E-01  0.0000E+00  0.0000E+00  2.0000E+00  0.0000E+00  4.2827E-01  5.0347E+00  5.7730E+01  9.0336E-01  2.9935E-02 -6.7613E-01  9.0900E-01  1.6425E+00 -7.3348E-01 -7.7515E-01
  5.9000E+01  1.7200E+02  0.0000E+00  1.2710E+00  0.0000E+00  0.0000E+00  2.0000E+00  0.0000E+00  4.2827E-01  5.0347E+00  5.7730E+01  1.1424E+00  6.2892E-01  5.3563E-02  1.2710E+00  1.6301E+00 -3.5915E-01 -1.1693E-02
  5.9000E+01  1.7600E+02  0.0000E+00  1.0370E+00  0.0000E+00  0.0000E+00  2.0000E+00  0.0000E+00  4.2827E-01  5.0347E+00  5.7730E+01  1.0119E+00  1.2834E-01 -1.1325E-01  1.0370E+00  1.2804E+00 -2.4341E-01  1.1793E-01
  5.9000E+01  1.8000E+02  0.0000E+00  7.5700E-01  0.0000E+00  0.0000E+00  2.0000E+00  0.0000E+00  4.2827E-01  5.0347E+00  5.7730E+01  7.5105E-01  3.3142E-02 -1.1833E-01  7.5700E-01  9.8947E-01 -2.3247E-01  2.4559E-03
  5.9000E+01  1.9200E+02  0.0000E+00  2.5000E-01  0.0000E+00  0.0000E+00  2.0000E+00  1.0000E+00  4.2827E-01  5.0347E+00  5.7730E+01  2.6813E-01 -1.1278E-01 -2.5679E-01  2.5000E-01  4.5625E-01 -2.0625E-01 -3.8262E-01
  5.9000E+01  3.3600E+02  1.0000E+02  0.0000E+00  1.0000E+00  1.0000E+00  3.0000E+00  0.0000E+00  4.2827E-01  5.0347E+00  5.7730E+01  9.4277E-07 -5.9718E-06  0.0000E+00  0.0000E+00  4.2155E-05  0.0000E+00  0.0000E+00
  5.9000E+01  3.3650E+02  0.0000E+00  2.5000E-01  0.0000E+00  0.0000E+00  3.0000E+00  1.0000E+00  4.2827E-01  5.0347E+00  5.7730E+01  3.2647E-01 -4.7150E-01 -8.2678E-01  2.5000E-01  8.3214E-01 -5.8214E-01 -4.8072E-01
  5.9000E+01  3.3700E+02  0.0000E+00  6.9700E-01  0.0000E+00  0.0000E+00  3.0000E+00  0.0000E+00  4.2827E-01  5.0347E+00  5.7730E+01  5.7608E-01  7.0735E-01  1.4483E-01  6.9700E-01  1.2887E+00 -5.9175E-01  1.0771E-01
  5.9000E+01  3.3800E+02  0.0000E+00  9.2100E-01  0.0000E+00  0.0000E+00  3.0000E+00  0.0000E+00  4.2827E-01  5.0347E+00  5.7730E+01  9.0336E-01  9.3625E-02 -6.1244E-01  9.2100E-01  1.6425E+00 -7.2148E-01 -7.2646E-01
  5.9000E+01  3.4000E+02  0.0000E+00  1.2320E+00  0.0000E+00  0.0000E+00  3.0000E+00  0.0000E+00  4.2827E-01  5.0347E+00  5.7730E+01  1.1424E+00  4.3825E-01 -1.3711E-01  1.2320E+00  1.6301E+00 -3.9815E-01 -1.7086E-01
  5.9000E+01  3.4400E+02  0.0000E+00  1.0430E+00  0.0000E+00  0.0000E+00  3.0000E+00  0.0000E+00  4.2827E-01  5.0347E+00  5.7730E+01  1.0119E+00  1.5904E-01 -8.2550E-02  1.0430E+00  1.2804E+00 -2.3741E-01  1.4563E-01
  5.9000E+01  3.4800E+02  0.0000E+00  7.9600E-01  0.0000E+00  0.0000E+00  3.0000E+00  0.0000E+00  4.2827E-01  5.0347E+00  5.7730E+01  7.5105E-01  2.5037E-01  9.8899E-02  7.9600E-01  9.8947E-01 -1.9347E-01  2.0164E-01
  5.9000E+01  3.6000E+02  0.0000E+00  2.5000E-01  0.0000E+00  0.0000E+00  3.0000E+00  1.0000E+00  4.2827E-01  5.0347E+00  5.7730E+01  2.6813E-01 -1.1278E-01 -2.5679E-01  2.5000E-01  4.5625E-01 -2.0625E-01 -3.8262E-01
  6.0000E+01  0.0000E+00  1.0000E+02  0.0000E+00  1.0000E+00  1.0000E+00  1.0000E+00  0.0000E+00  2.0405E+00  4.0173E+00  3.8114E+01  0.0000E+00  0.0000E+00  0.0000E+00  0.0000E+00  0.0000E+00  0.0000E+00  0.0000E+00
  6.0000E+01  5.0000E-01  0.0000E+00  1.1280E+00  0.0000E+00  0.0000E+00  1.0000E+00  0.0000E+00  2.0405E+00  4.0173E+00  3.8114E+01  1.6272E+00 -2.0511E+00 -1.2574E+00  1.1280E+00  8.3210E-01  2.9590E-01 -1.6310E+00
  6.0000E+01  1.0000E+00  0.0000E+00  2.2660E+00  0.0000E+00  0.0000E+00  1.0000E+00  0.0000E+00  2.0405E+00  4.0173E+00  3.8114E+01  2.1303E+00  4.6896E-01  1.0861E+00  2.2660E+00  1.2887E+00  9.7729E-01  1.2790E+00
  6.0000E+01  2.0000E+00  0.0000E+00  2.7300E+00  0.0000E+00  0.0000E+00  1.0000E+00  0.0000E+00  2.0405E+00  4.0173E+00  3.8114E+01  2.1941E+00  1.8138E+00  2.0690E+00  2.7300E+00  1.6424E+00  1.0876E+00  2.3572E+00
  6.0000E+01  4.0000E+00  0.0000E+00  1.9650E+00  0.0000E+00  0.0000E+00  1.0000E+00  0.0000E+00  2.0405E+00  4.0173E+00  3.8114E+01  1.8141E+00  5.8053E-01  5.9827E-01  1.9650E+00  1.6301E+00  3.3488E-01  7.6912E-01
  6.0000E+01  8.0000E+00  0.0000E+00  1.2740E+00  0.0000E+00  0.0000E+00  1.0000E+00  0.0000E+00  2.0405E+00  4.0173E+00  3.8114E+01  1.1905E+00  4.0109E-01  2.6836E-01  1.2740E+00  1.2804E+00 -6.3847E-03  3.0532E-01
  6.0000E+01  1.2000E+01  0.0000E+00  1.0330E+00  0.0000E+00  0.0000E+00  1.0000E+00  0.0000E+00  2.0405E+00  4.0173E+00  3.8114E+01  7.8099E-01  1.3909E+00  1.2153E+00  1.0330E+00  9.8945E-01  4.3550E-02  1.0226E+00
  6.0000E+01  2.4000E+01  0.0000E+00  2.5000E-01  0.0000E+00  0.0000E+00  1.0000E+00  1.0000E+00  2.0405E+00  4.0173E+00  3.8114E+01  2.2046E-01  1.8477E-01  6.2994E-02  2.5000E-01  4.5625E-01 -2.0625E-01  3.1294E-02
  6.0000E+01  1.6800E+02  1.0000E+02  0.0000E+00  1.0000E+00  1.0000E+00  2.0000E+00  0.0000E+00  2.0405E+00  4.0173E+00  3.8114E+01  5.6451E-08 -3.5758E-07  0.0000E+00  0.0000E+00  4.2154E-05  0.0000E+00  0.0000E+00
  6.0000E+01  1.6850E+02  0.0000E+00  2.1810E+00  0.0000E+00  0.0000E+00  2.0000E+00  0.0000E+00  2.0405E+00  4.0173E+00  3.8114E+01  1.6272E+00  2.2753E+00  3.0690E+00  2.1810E+00  8.3214E-01  1.3489E+00  4.0606E+00
  6.0000E+01  1.6900E+02  0.0000E+00  1.8320E+00  0.0000E+00  0.0000E+00  2.0000E+00  0.0000E+00  2.0405E+00  4.0173E+00  3.8114E+01  2.1303E+00 -1.0308E+00 -4.1365E-01  1.8320E+00  1.2887E+00  5.4325E-01 -7.1508E-01
  6.0000E+01  1.7000E+02  0.0000E+00  2.2550E+00  0.0000E+00  0.0000E+00  2.0000E+00  0.0000E+00  2.0405E+00  4.0173E+00  3.8114E+01  2.1941E+00  2.0627E-01  4.6151E-01  2.2550E+00  1.6425E+00  6.1252E-01  4.3061E-01
  6.0000E+01  1.7200E+02  0.0000E+00  1.5360E+00  0.0000E+00  0.0000E+00  2.0000E+00  0.0000E+00  2.0405E+00  4.0173E+00  3.8114E+01  1.8141E+00 -1.0698E+00 -1.0520E+00  1.5360E+00  1.6301E+00 -9.4150E-02 -9.8131E-01
  6.0000E+01  1.7600E+02  0.0000E+00  1.0910E+00  0.0000E+00  0.0000E+00  2.0000E+00  0.0000E+00  2.0405E+00  4.0173E+00  3.8114E+01  1.1905E+00 -4.7843E-01 -6.1115E-01  1.0910E+00  1.2804E+00 -1.8941E-01 -5.3906E-01
  6.0000E+01  1.8000E+02  0.0000E+00  2.5000E-01  0.0000E+00  0.0000E+00  2.0000E+00  1.0000E+00  2.0405E+00  4.0173E+00  3.8114E+01  7.8099E-01 -2.9307E+00 -3.1063E+00  2.5000E-01  9.8947E-01 -7.3947E-01 -2.9761E+00
  6.0000E+01  1.9200E+02  0.0000E+00  2.5000E-01  0.0000E+00  0.0000E+00  2.0000E+00  1.0000E+00  2.0405E+00  4.0173E+00  3.8114E+01  2.2046E-01  1.8477E-01  6.2994E-02  2.5000E-01  4.5625E-01 -2.0625E-01  3.1491E-02
  6.0000E+01  3.3600E+02  1.0000E+02  0.0000E+00  1.0000E+00  1.0000E+00  3.0000E+00  0.0000E+00  2.0405E+00  4.0173E+00  3.8114E+01  5.6451E-08 -3.5758E-07  0.0000E+00  0.0000E+00  4.2155E-05  0.0000E+00  0.0000E+00
  6.0000E+01  3.3650E+02  0.0000E+00  1.7850E+00  0.0000E+00  0.0000E+00  3.0000E+00  0.0000E+00  2.0405E+00  4.0173E+00  3.8114E+01  1.6272E+00  6.4830E-01  1.4419E+00  1.7850E+00  8.3214E-01  9.5286E-01  1.9204E+00
  6.0000E+01  3.3700E+02  0.0000E+00  1.8310E+00  0.0000E+00  0.0000E+00  3.0000E+00  0.0000E+00  2.0405E+00  4.0173E+00  3.8114E+01  2.1303E+00 -1.0343E+00 -4.1710E-01  1.8310E+00  1.2887E+00  5.4225E-01 -7.1968E-01
  6.0000E+01  3.3800E+02  0.0000E+00  2.3590E+00  0.0000E+00  0.0000E+00  3.0000E+00  0.0000E+00  2.0405E+00  4.0173E+00  3.8114E+01  2.1941E+00  5.5824E-01  8.1348E-01  2.3590E+00  1.6425E+00  7.1652E-01  8.5253E-01
  6.0000E+01  3.4000E+02  0.0000E+00  1.6230E+00  0.0000E+00  0.0000E+00  3.0000E+00  0.0000E+00  2.0405E+00  4.0173E+00  3.8114E+01  1.8141E+00 -7.3512E-01 -7.1737E-01  1.6230E+00  1.6301E+00 -7.1497E-03 -6.2625E-01
  6.0000E+01  3.4400E+02  0.0000E+00  1.2530E+00  0.0000E+00  0.0000E+00  3.0000E+00  0.0000E+00  2.0405E+00  4.0173E+00  3.8114E+01  1.1905E+00  3.0016E-01  1.6744E-01  1.2530E+00  1.2804E+00 -2.7410E-02  2.0874E-01
  6.0000E+01  3.4800E+02  0.0000E+00  9.1500E-01  0.0000E+00  0.0000E+00  3.0000E+00  0.0000E+00  2.0405E+00  4.0173E+00  3.8114E+01  7.8099E-01  7.3964E-01  5.6399E-01  9.1500E-01  9.8947E-01 -7.4469E-02  4.2027E-01
  6.0000E+01  3.6000E+02  0.0000E+00  2.5000E-01  0.0000E+00  0.0000E+00  3.0000E+00  1.0000E+00  2.0405E+00  4.0173E+00  3.8114E+01  2.2046E-01  1.8477E-01  6.2994E-02  2.5000E-01  4.5625E-01 -2.0625E-01  3.1491E-02
