TABLE NO.  1
 ID          TIME        DV          MDV         DOSE        CAVG        LAM         DV          PRED        RES         WRES
  1.0000E+00  1.0000E+00  1.2000E+01  0.0000E+00  0.0000E+00  0.0000E+00  7.0968E+00  1.2000E+01  1.0107E+01  0.0000E+00  0.0000E+00
  1.0000E+00  2.0000E+00  2.0000E+00  0.0000E+00  0.0000E+00  0.0000E+00  7.0968E+00  2.0000E+00  5.5422E+00  0.0000E+00  0.0000E+00
  1.0000E+00  3.0000E+00  1.1000E+01  0.0000E+00  0.0000E+00  0.0000E+00  7.0968E+00  1.1000E+01  8.5397E+00  0.0000E+00  0.0000E+00
  1.0000E+00  4.0000E+00  1.0000E+00  0.0000E+00  0.0000E+00  0.0000E+00  7.0968E+00  1.0000E+00  7.5582E+00  0.0000E+00  0.0000E+00
  1.0000E+00  5.0000E+00  7.0000E+00  0.0000E+00  0.0000E+00  0.0000E+00  7.0968E+00  7.0000E+00  4.1947E+00  0.0000E+00  0.0000E+00
  1.0000E+00  6.0000E+00  1.0000E+01  0.0000E+00  0.0000E+00  0.0000E+00  7.0968E+00  1.0000E+01  7.1463E+00  0.0000E+00  0.0000E+00
  2.0000E+00  1.0000E+00  1.4000E+01  0.0000E+00  5.0000E+01  3.9600E-01  8.2713E+00  1.4000E+01  2.2011E+01  0.0000E+00  0.0000E+00
  2.0000E+00  2.0000E+00  8.0000E+00  0.0000E+00  5.0000E+01  3.9600E-01  8.2713E+00  8.0000E+00  8.0392E+00  0.0000E+00  0.0000E+00
  2.0000E+00  3.0000E+00  5.0000E+00  0.0000E+00  5.0000E+01  3.9600E-01  8.2713E+00  5.0000E+00  4.0059E+00  0.0000E+00  0.0000E+00
  2.0000E+00  4.0000E+00  6.0000E+00  0.0000E+00  5.0000E+01  3.9600E-01  8.2713E+00  6.0000E+00  5.0558E+00  0.0000E+00  0.0000E+00
  2.0000E+00  5.0000E+00  8.0000E+00  0.0000E+00  5.0000E+01  3.9600E-01  8.2713E+00  8.0000E+00  8.0392E+00  0.0000E+00  0.0000E+00
  2.0000E+00  6.0000E+00  1.0000E+01  0.0000E+00  5.0000E+01  3.9600E-01  8.2713E+00  1.0000E+01  1.1972E+01  0.0000E+00  0.0000E+00
  3.0000E+00  1.0000E+00  1.7000E+01  0.0000E+00  1.0000E+02  1.0977E+00  1.6403E+01  1.7000E+01  3.2724E+01  0.0000E+00  0.0000E+00
  3.0000E+00  2.0000E+00  2.4000E+01  0.0000E+00  1.0000E+02  1.0977E+00  1.6403E+01  2.4000E+01  5.8419E+01  0.0000E+00  0.0000E+00
  3.0000E+00  3.0000E+00  6.0000E+00  0.0000E+00  1.0000E+02  1.0977E+00  1.6403E+01  6.0000E+00  5.3741E+00  0.0000E+00  0.0000E+00
  3.0000E+00  4.0000E+00  9.0000E+00  0.0000E+00  1.0000E+02  1.0977E+00  1.6403E+01  9.0000E+00  1.0592E+01  0.0000E+00  0.0000E+00
  3.0000E+00  5.0000E+00  1.8000E+01  0.0000E+00  1.0000E+02  1.0977E+00  1.6403E+01  1.8000E+01  3.6096E+01  0.0000E+00  0.0000E+00
  3.0000E+00  6.0000E+00  2.7000E+01  0.0000E+00  1.0000E+02  1.0977E+00  1.6403E+01  2.7000E+01  7.0737E+01  0.0000E+00  0.0000E+00
  4.0000E+00  1.0000E+00  5.0000E+00  0.0000E+00  0.0000E+00  0.0000E+00  6.7760E+00  5.0000E+00  3.5240E+00  0.0000E+00  0.0000E+00
  4.0000E+00  2.0000E+00  1.0000E+00  0.0000E+00  0.0000E+00  0.0000E+00  6.7760E+00  1.0000E+00  7.5582E+00  0.0000E+00  0.0000E+00
  4.0000E+00  3.0000E+00  1.8000E+01  0.0000E+00  0.0000E+00  0.0000E+00  6.7760E+00  1.8000E+01  2.2510E+01  0.0000E+00  0.0000E+00
  4.0000E+00  4.0000E+00  3.0000E+00  0.0000E+00  0.0000E+00  0.0000E+00  6.7760E+00  3.0000E+00  4.3371E+00  0.0000E+00  0.0000E+00
  4.0000E+00  5.0000E+00  7.0000E+00  0.0000E+00  0.0000E+00  0.0000E+00  6.7760E+00  7.0000E+00  4.1947E+00  0.0000E+00  0.0000E+00
  4.0000E+00  6.0000E+00  7.0000E+00  0.0000E+00  0.0000E+00  0.0000E+00  6.7760E+00  7.0000E+00  4.1947E+00  0.0000E+00  0.0000E+00
  5.0000E+00  1.0000E+00  4.0000E+00  0.0000E+00  5.0000E+01  3.8810E-01  6.8238E+00  4.0000E+00  3.3191E+00  0.0000E+00  0.0000E+00
  5.0000E+00  2.0000E+00  8.0000E+00  0.0000E+00  5.0000E+01  3.8810E-01  6.8238E+00  8.0000E+00  8.0239E+00  0.0000E+00  0.0000E+00
  5.0000E+00  3.0000E+00  8.0000E+00  0.0000E+00  5.0000E+01  3.8810E-01  6.8238E+00  8.0000E+00  8.0239E+00  0.0000E+00  0.0000E+00
  5.0000E+00  4.0000E+00  8.0000E+00  0.0000E+00  5.0000E+01  3.8810E-01  6.8238E+00  8.0000E+00  8.0239E+00  0.0000E+00  0.0000E+00
  5.0000E+00  5.0000E+00  9.0000E+00  0.0000E+00  5.0000E+01  3.8810E-01  6.8238E+00  9.0000E+00  9.8813E+00  0.0000E+00  0.0000E+00
  5.0000E+00  6.0000E+00  5.0000E+00  0.0000E+00  5.0000E+01  3.8810E-01  6.8238E+00  5.0000E+00  4.0009E+00  0.0000E+00  0.0000E+00
  6.0000E+00  1.0000E+00  3.0000E+00  0.0000E+00  1.0000E+02  6.1860E-01  1.4078E+00  3.0000E+00  3.0493E+00  0.0000E+00  0.0000E+00
  6.0000E+00  2.0000E+00  1.0000E+00  0.0000E+00  1.0000E+02  6.1860E-01  1.4078E+00  1.0000E+00  4.4014E+00  0.0000E+00  0.0000E+00
  6.0000E+00  3.0000E+00  1.0000E+00  0.0000E+00  1.0000E+02  6.1860E-01  1.4078E+00  1.0000E+00  4.4014E+00  0.0000E+00  0.0000E+00
  6.0000E+00  4.0000E+00  2.0000E+00  0.0000E+00  1.0000E+02  6.1860E-01  1.4078E+00  2.0000E+00  3.3199E+00  0.0000E+00  0.0000E+00
  6.0000E+00  5.0000E+00  0.0000E+00  0.0000E+00  1.0000E+02  6.1860E-01  1.4078E+00  0.0000E+00  6.8692E+00  0.0000E+00  0.0000E+00
  6.0000E+00  6.0000E+00  0.0000E+00  0.0000E+00  1.0000E+02  6.1860E-01  1.4078E+00  0.0000E+00  6.8692E+00  0.0000E+00  0.0000E+00
  7.0000E+00  1.0000E+00  2.0000E+01  0.0000E+00  0.0000E+00  0.0000E+00  2.6243E+01  2.0000E+01  2.7586E+01  0.0000E+00  0.0000E+00
  7.0000E+00  2.0000E+00  1.7000E+01  0.0000E+00  0.0000E+00  0.0000E+00  2.6243E+01  1.7000E+01  2.0131E+01  0.0000E+00  0.0000E+00
  7.0000E+00  3.0000E+00  3.5000E+01  0.0000E+00  0.0000E+00  0.0000E+00  2.6243E+01  3.5000E+01  7.6152E+01  0.0000E+00  0.0000E+00
  7.0000E+00  4.0000E+00  3.7000E+01  0.0000E+00  0.0000E+00  0.0000E+00  2.6243E+01  3.7000E+01  8.3736E+01  0.0000E+00  0.0000E+00
  7.0000E+00  5.0000E+00  3.4000E+01  0.0000E+00  0.0000E+00  0.0000E+00  2.6243E+01  3.4000E+01  7.2444E+01  0.0000E+00  0.0000E+00
  7.0000E+00  6.0000E+00  1.7000E+01  0.0000E+00  0.0000E+00  0.0000E+00  2.6243E+01  1.7000E+01  2.0131E+01  0.0000E+00  0.0000E+00
  8.0000E+00  1.0000E+00  3.0000E+00  0.0000E+00  5.0000E+01  6.9530E-01  5.3769E+00  3.0000E+00  3.0433E+00  0.0000E+00  0.0000E+00
  8.0000E+00  2.0000E+00  6.0000E+00  0.0000E+00  5.0000E+01  6.9530E-01  5.3769E+00  6.0000E+00  5.2573E+00  0.0000E+00  0.0000E+00
  8.0000E+00  3.0000E+00  7.0000E+00  0.0000E+00  5.0000E+01  6.9530E-01  5.3769E+00  7.0000E+00  6.6955E+00  0.0000E+00  0.0000E+00
  8.0000E+00  4.0000E+00  9.0000E+00  0.0000E+00  5.0000E+01  6.9530E-01  5.3769E+00  9.0000E+00  1.0341E+01  0.0000E+00  0.0000E+00
  8.0000E+00  5.0000E+00  0.0000E+00  0.0000E+00  5.0000E+01  6.9530E-01  5.3769E+00  0.0000E+00  6.8208E+00  0.0000E+00  0.0000E+00
  8.0000E+00  6.0000E+00  8.0000E+00  0.0000E+00  5.0000E+01  6.9530E-01  5.3769E+00  8.0000E+00  8.4007E+00  0.0000E+00  0.0000E+00
  9.0000E+00  1.0000E+00  1.0000E+00  0.0000E+00  1.0000E+02  6.0400E-01  2.1296E+00  1.0000E+00  4.4088E+00  0.0000E+00  0.0000E+00
  9.0000E+00  2.0000E+00  3.0000E+00  0.0000E+00  1.0000E+02  6.0400E-01  2.1296E+00  3.0000E+00  3.0506E+00  0.0000E+00  0.0000E+00
  9.0000E+00  3.0000E+00  4.0000E+00  0.0000E+00  1.0000E+02  6.0400E-01  2.1296E+00  4.0000E+00  3.3524E+00  0.0000E+00  0.0000E+00
  9.0000E+00  4.0000E+00  0.0000E+00  0.0000E+00  1.0000E+02  6.0400E-01  2.1296E+00  0.0000E+00  6.8796E+00  0.0000E+00  0.0000E+00
  9.0000E+00  5.0000E+00  3.0000E+00  0.0000E+00  1.0000E+02  6.0400E-01  2.1296E+00  3.0000E+00  3.0506E+00  0.0000E+00  0.0000E+00
  9.0000E+00  6.0000E+00  1.0000E+00  0.0000E+00  1.0000E+02  6.0400E-01  2.1296E+00  1.0000E+00  4.4088E+00  0.0000E+00  0.0000E+00
  1.0000E+01  1.0000E+00  6.0000E+00  0.0000E+00  0.0000E+00  0.0000E+00  6.6158E+00  6.0000E+00  3.7052E+00  0.0000E+00  0.0000E+00
  1.0000E+01  2.0000E+00  0.0000E+00  0.0000E+00  0.0000E+00  0.0000E+00  6.6158E+00  0.0000E+00  1.0961E+01  0.0000E+00  0.0000E+00
  1.0000E+01  3.0000E+00  4.0000E+00  0.0000E+00  0.0000E+00  0.0000E+00  6.6158E+00  4.0000E+00  3.7074E+00  0.0000E+00  0.0000E+00
  1.0000E+01  4.0000E+00  7.0000E+00  0.0000E+00  0.0000E+00  0.0000E+00  6.6158E+00  7.0000E+00  4.1947E+00  0.0000E+00  0.0000E+00
  1.0000E+01  5.0000E+00  1.3000E+01  0.0000E+00  0.0000E+00  0.0000E+00  6.6158E+00  1.3000E+01  1.1835E+01  0.0000E+00  0.0000E+00
  1.0000E+01  6.0000E+00  1.0000E+01  0.0000E+00  0.0000E+00  0.0000E+00  6.6158E+00  1.0000E+01  7.1463E+00  0.0000E+00  0.0000E+00
  1.1000E+01  1.0000E+00  1.0000E+00  0.0000E+00  5.0000E+01  4.5850E-01  1.4125E+00  1.0000E+00  4.5052E+00  0.0000E+00  0.0000E+00
  1.1000E+01  2.0000E+00  3.0000E+00  0.0000E+00  5.0000E+01  4.5850E-01  1.4125E+00  3.0000E+00  3.0691E+00  0.0000E+00  0.0000E+00
  1.1000E+01  3.0000E+00  1.0000E+00  0.0000E+00  5.0000E+01  4.5850E-01  1.4125E+00  1.0000E+00  4.5052E+00  0.0000E+00  0.0000E+00
  1.1000E+01  4.0000E+00  1.0000E+00  0.0000E+00  5.0000E+01  4.5850E-01  1.4125E+00  1.0000E+00  4.5052E+00  0.0000E+00  0.0000E+00
  1.1000E+01  5.0000E+00  1.0000E+00  0.0000E+00  5.0000E+01  4.5850E-01  1.4125E+00  1.0000E+00  4.5052E+00  0.0000E+00  0.0000E+00
  1.1000E+01  6.0000E+00  0.0000E+00  0.0000E+00  5.0000E+01  4.5850E-01  1.4125E+00  0.0000E+00  7.0151E+00  0.0000E+00  0.0000E+00
  1.2000E+01  1.0000E+00  4.0000E+00  0.0000E+00  1.0000E+02  1.3506E+00  3.7963E+00  4.0000E+00  3.4005E+00  0.0000E+00  0.0000E+00
  1.2000E+01  2.0000E+00  4.0000E+00  0.0000E+00  1.0000E+02  1.3506E+00  3.7963E+00  4.0000E+00  3.4005E+00  0.0000E+00  0.0000E+00
  1.2000E+01  3.0000E+00  6.0000E+00  0.0000E+00  1.0000E+02  1.3506E+00  3.7963E+00  6.0000E+00  5.4151E+00  0.0000E+00  0.0000E+00
  1.2000E+01  4.0000E+00  4.0000E+00  0.0000E+00  1.0000E+02  1.3506E+00  3.7963E+00  4.0000E+00  3.4005E+00  0.0000E+00  0.0000E+00
  1.2000E+01  5.0000E+00  4.0000E+00  0.0000E+00  1.0000E+02  1.3506E+00  3.7963E+00  4.0000E+00  3.4005E+00  0.0000E+00  0.0000E+00
  1.2000E+01  6.0000E+00  1.0000E+00  0.0000E+00  1.0000E+02  1.3506E+00  3.7963E+00  1.0000E+00  4.2261E+00  0.0000E+00  0.0000E+00
  1.3000E+01  1.0000E+00  4.0000E+00  0.0000E+00  0.0000E+00  0.0000E+00  4.0798E+00  4.0000E+00  3.7074E+00  0.0000E+00  0.0000E+00
  1.3000E+01  2.0000E+00  7.0000E+00  0.0000E+00  0.0000E+00  0.0000E+00  4.0798E+00  7.0000E+00  4.1947E+00  0.0000E+00  0.0000E+00
  1.3000E+01  3.0000E+00  2.0000E+00  0.0000E+00  0.0000E+00  0.0000E+00  4.0798E+00  2.0000E+00  5.5422E+00  0.0000E+00  0.0000E+00
  1.3000E+01  4.0000E+00  4.0000E+00  0.0000E+00  0.0000E+00  0.0000E+00  4.0798E+00  4.0000E+00  3.7074E+00  0.0000E+00  0.0000E+00
  1.3000E+01  5.0000E+00  4.0000E+00  0.0000E+00  0.0000E+00  0.0000E+00  4.0798E+00  4.0000E+00  3.7074E+00  0.0000E+00  0.0000E+00
  1.3000E+01  6.0000E+00  3.0000E+00  0.0000E+00  0.0000E+00  0.0000E+00  4.0798E+00  3.0000E+00  4.3371E+00  0.0000E+00  0.0000E+00
  1.4000E+01  1.0000E+00  1.0000E+00  0.0000E+00  5.0000E+01  5.5460E-01  1.4094E+00  1.0000E+00  4.4365E+00  0.0000E+00  0.0000E+00
  1.4000E+01  2.0000E+00  1.0000E+00  0.0000E+00  5.0000E+01  5.5460E-01  1.4094E+00  1.0000E+00  4.4365E+00  0.0000E+00  0.0000E+00
  1.4000E+01  3.0000E+00  0.0000E+00  0.0000E+00  5.0000E+01  5.5460E-01  1.4094E+00  0.0000E+00  6.9186E+00  0.0000E+00  0.0000E+00
  1.4000E+01  4.0000E+00  3.0000E+00  0.0000E+00  5.0000E+01  5.5460E-01  1.4094E+00  3.0000E+00  3.0557E+00  0.0000E+00  0.0000E+00
  1.4000E+01  5.0000E+00  2.0000E+00  0.0000E+00  5.0000E+01  5.5460E-01  1.4094E+00  2.0000E+00  3.3406E+00  0.0000E+00  0.0000E+00
  1.4000E+01  6.0000E+00  0.0000E+00  0.0000E+00  5.0000E+01  5.5460E-01  1.4094E+00  0.0000E+00  6.9186E+00  0.0000E+00  0.0000E+00
  1.5000E+01  1.0000E+00  4.0000E+00  0.0000E+00  1.0000E+02  9.2450E-01  2.7235E+00  4.0000E+00  3.3805E+00  0.0000E+00  0.0000E+00
  1.5000E+01  2.0000E+00  2.0000E+00  0.0000E+00  1.0000E+02  9.2450E-01  2.7235E+00  2.0000E+00  3.2588E+00  0.0000E+00  0.0000E+00
  1.5000E+01  3.0000E+00  2.0000E+00  0.0000E+00  1.0000E+02  9.2450E-01  2.7235E+00  2.0000E+00  3.2588E+00  0.0000E+00  0.0000E+00
  1.5000E+01  4.0000E+00  4.0000E+00  0.0000E+00  1.0000E+02  9.2450E-01  2.7235E+00  4.0000E+00  3.3805E+00  0.0000E+00  0.0000E+00
  1.5000E+01  5.0000E+00  1.0000E+00  0.0000E+00  1.0000E+02  9.2450E-01  2.7235E+00  1.0000E+00  4.2965E+00  0.0000E+00  0.0000E+00
  1.5000E+01  6.0000E+00  3.0000E+00  0.0000E+00  1.0000E+02  9.2450E-01  2.7235E+00  3.0000E+00  3.0319E+00  0.0000E+00  0.0000E+00
  1.6000E+01  1.0000E+00  1.3000E+01  0.0000E+00  0.0000E+00  0.0000E+00  1.5715E+01  1.3000E+01  1.1835E+01  0.0000E+00  0.0000E+00
  1.6000E+01  2.0000E+00  1.3000E+01  0.0000E+00  0.0000E+00  0.0000E+00  1.5715E+01  1.3000E+01  1.1835E+01  0.0000E+00  0.0000E+00
  1.6000E+01  3.0000E+00  1.4000E+01  0.0000E+00  0.0000E+00  0.0000E+00  1.5715E+01  1.4000E+01  1.3711E+01  0.0000E+00  0.0000E+00
  1.6000E+01  4.0000E+00  1.3000E+01  0.0000E+00  0.0000E+00  0.0000E+00  1.5715E+01  1.3000E+01  1.1835E+01  0.0000E+00  0.0000E+00
  1.6000E+01  5.0000E+00  3.3000E+01  0.0000E+00  0.0000E+00  0.0000E+00  1.5715E+01  3.3000E+01  6.8793E+01  0.0000E+00  0.0000E+00
  1.6000E+01  6.0000E+00  1.0000E+01  0.0000E+00  0.0000E+00  0.0000E+00  1.5715E+01  1.0000E+01  7.1463E+00  0.0000E+00  0.0000E+00
  1.7000E+01  1.0000E+00  2.0000E+00  0.0000E+00  5.0000E+01  5.6000E-01  3.3424E+00  2.0000E+00  3.3387E+00  0.0000E+00  0.0000E+00
  1.7000E+01  2.0000E+00  4.0000E+00  0.0000E+00  5.0000E+01  5.6000E-01  3.3424E+00  4.0000E+00  3.3469E+00  0.0000E+00  0.0000E+00
  1.7000E+01  3.0000E+00  1.0000E+00  0.0000E+00  5.0000E+01  5.6000E-01  3.3424E+00  1.0000E+00  4.4332E+00  0.0000E+00  0.0000E+00
  1.7000E+01  4.0000E+00  2.0000E+00  0.0000E+00  5.0000E+01  5.6000E-01  3.3424E+00  2.0000E+00  3.3387E+00  0.0000E+00  0.0000E+00
  1.7000E+01  5.0000E+00  1.0000E+01  0.0000E+00  5.0000E+01  5.6000E-01  3.3424E+00  1.0000E+01  1.2315E+01  0.0000E+00  0.0000E+00
  1.7000E+01  6.0000E+00  1.0000E+00  0.0000E+00  5.0000E+01  5.6000E-01  3.3424E+00  1.0000E+00  4.4332E+00  0.0000E+00  0.0000E+00
  1.8000E+01  1.0000E+00  1.9000E+01  0.0000E+00  1.0000E+02  8.6430E-01  2.2652E+01  1.9000E+01  3.9243E+01  0.0000E+00  0.0000E+00
  1.8000E+01  2.0000E+00  2.4000E+01  0.0000E+00  1.0000E+02  8.6430E-01  2.2652E+01  2.4000E+01  5.7980E+01  0.0000E+00  0.0000E+00
  1.8000E+01  3.0000E+00  2.2000E+01  0.0000E+00  1.0000E+02  8.6430E-01  2.2652E+01  2.2000E+01  5.0214E+01  0.0000E+00  0.0000E+00
  1.8000E+01  4.0000E+00  2.7000E+01  0.0000E+00  1.0000E+02  8.6430E-01  2.2652E+01  2.7000E+01  7.0234E+01  0.0000E+00  0.0000E+00
  1.8000E+01  5.0000E+00  2.7000E+01  0.0000E+00  1.0000E+02  8.6430E-01  2.2652E+01  2.7000E+01  7.0234E+01  0.0000E+00  0.0000E+00
  1.8000E+01  6.0000E+00  2.0000E+01  0.0000E+00  1.0000E+02  8.6430E-01  2.2652E+01  2.0000E+01  4.2804E+01  0.0000E+00  0.0000E+00
  1.9000E+01  1.0000E+00  7.0000E+00  0.0000E+00  0.0000E+00  0.0000E+00  2.2417E+00  7.0000E+00  4.1947E+00  0.0000E+00  0.0000E+00
  1.9000E+01  2.0000E+00  1.0000E+00  0.0000E+00  0.0000E+00  0.0000E+00  2.2417E+00  1.0000E+00  7.5582E+00  0.0000E+00  0.0000E+00
  1.9000E+01  3.0000E+00  1.0000E+00  0.0000E+00  0.0000E+00  0.0000E+00  2.2417E+00  1.0000E+00  7.5582E+00  0.0000E+00  0.0000E+00
  1.9000E+01  4.0000E+00  0.0000E+00  0.0000E+00  0.0000E+00  0.0000E+00  2.2417E+00  0.0000E+00  1.0961E+01  0.0000E+00  0.0000E+00
  1.9000E+01  5.0000E+00  1.0000E+00  0.0000E+00  0.0000E+00  0.0000E+00  2.2417E+00  1.0000E+00  7.5582E+00  0.0000E+00  0.0000E+00
  1.9000E+01  6.0000E+00  2.0000E+00  0.0000E+00  0.0000E+00  0.0000E+00  2.2417E+00  2.0000E+00  5.5422E+00  0.0000E+00  0.0000E+00
  2.0000E+01  1.0000E+00  0.0000E+00  0.0000E+00  5.0000E+01  4.0130E-01  1.4150E+00  0.0000E+00  7.0911E+00  0.0000E+00  0.0000E+00
  2.0000E+01  2.0000E+00  1.0000E+00  0.0000E+00  5.0000E+01  4.0130E-01  1.4150E+00  1.0000E+00  4.5597E+00  0.0000E+00  0.0000E+00
  2.0000E+01  3.0000E+00  2.0000E+00  0.0000E+00  5.0000E+01  4.0130E-01  1.4150E+00  2.0000E+00  3.4146E+00  0.0000E+00  0.0000E+00
  2.0000E+01  4.0000E+00  1.0000E+00  0.0000E+00  5.0000E+01  4.0130E-01  1.4150E+00  1.0000E+00  4.5597E+00  0.0000E+00  0.0000E+00
  2.0000E+01  5.0000E+00  1.0000E+00  0.0000E+00  5.0000E+01  4.0130E-01  1.4150E+00  1.0000E+00  4.5597E+00  0.0000E+00  0.0000E+00
  2.0000E+01  6.0000E+00  2.0000E+00  0.0000E+00  5.0000E+01  4.0130E-01  1.4150E+00  2.0000E+00  3.4146E+00  0.0000E+00  0.0000E+00
  2.1000E+01  1.0000E+00  0.0000E+00  0.0000E+00  1.0000E+02  8.9810E-01  2.4222E+00  0.0000E+00  6.7297E+00  0.0000E+00  0.0000E+00
  2.1000E+01  2.0000E+00  4.0000E+00  0.0000E+00  1.0000E+02  8.9810E-01  2.4222E+00  4.0000E+00  3.3787E+00  0.0000E+00  0.0000E+00
  2.1000E+01  3.0000E+00  6.0000E+00  0.0000E+00  1.0000E+02  8.9810E-01  2.4222E+00  6.0000E+00  5.3276E+00  0.0000E+00  0.0000E+00
  2.1000E+01  4.0000E+00  3.0000E+00  0.0000E+00  1.0000E+02  8.9810E-01  2.4222E+00  3.0000E+00  3.0329E+00  0.0000E+00  0.0000E+00
  2.1000E+01  5.0000E+00  1.0000E+00  0.0000E+00  1.0000E+02  8.9810E-01  2.4222E+00  1.0000E+00  4.3030E+00  0.0000E+00  0.0000E+00
  2.1000E+01  6.0000E+00  0.0000E+00  0.0000E+00  1.0000E+02  8.9810E-01  2.4222E+00  0.0000E+00  6.7297E+00  0.0000E+00  0.0000E+00
  2.2000E+01  1.0000E+00  4.0000E+00  0.0000E+00  0.0000E+00  0.0000E+00  2.2417E+00  4.0000E+00  3.7074E+00  0.0000E+00  0.0000E+00
  2.2000E+01  2.0000E+00  1.0000E+00  0.0000E+00  0.0000E+00  0.0000E+00  2.2417E+00  1.0000E+00  7.5582E+00  0.0000E+00  0.0000E+00
  2.2000E+01  3.0000E+00  3.0000E+00  0.0000E+00  0.0000E+00  0.0000E+00  2.2417E+00  3.0000E+00  4.3371E+00  0.0000E+00  0.0000E+00
  2.2000E+01  4.0000E+00  1.0000E+00  0.0000E+00  0.0000E+00  0.0000E+00  2.2417E+00  1.0000E+00  7.5582E+00  0.0000E+00  0.0000E+00
  2.2000E+01  5.0000E+00  0.0000E+00  0.0000E+00  0.0000E+00  0.0000E+00  2.2417E+00  0.0000E+00  1.0961E+01  0.0000E+00  0.0000E+00
  2.2000E+01  6.0000E+00  3.0000E+00  0.0000E+00  0.0000E+00  0.0000E+00  2.2417E+00  3.0000E+00  4.3371E+00  0.0000E+00  0.0000E+00
  2.3000E+01  1.0000E+00  2.0000E+00  0.0000E+00  5.0000E+01  3.8380E-01  1.5569E+00  2.0000E+00  3.4264E+00  0.0000E+00  0.0000E+00
  2.3000E+01  2.0000E+00  1.0000E+00  0.0000E+00  5.0000E+01  3.8380E-01  1.5569E+00  1.0000E+00  4.5791E+00  0.0000E+00  0.0000E+00
  2.3000E+01  3.0000E+00  0.0000E+00  0.0000E+00  5.0000E+01  3.8380E-01  1.5569E+00  0.0000E+00  7.1181E+00  0.0000E+00  0.0000E+00
  2.3000E+01  4.0000E+00  5.0000E+00  0.0000E+00  5.0000E+01  3.8380E-01  1.5569E+00  5.0000E+00  3.9981E+00  0.0000E+00  0.0000E+00
  2.3000E+01  5.0000E+00  0.0000E+00  0.0000E+00  5.0000E+01  3.8380E-01  1.5569E+00  0.0000E+00  7.1181E+00  0.0000E+00  0.0000E+00
  2.3000E+01  6.0000E+00  0.0000E+00  0.0000E+00  5.0000E+01  3.8380E-01  1.5569E+00  0.0000E+00  7.1181E+00  0.0000E+00  0.0000E+00
  2.4000E+01  1.0000E+00  2.0000E+00  0.0000E+00  1.0000E+02  5.8280E-01  4.1186E+00  2.0000E+00  3.3310E+00  0.0000E+00  0.0000E+00
  2.4000E+01  2.0000E+00  4.0000E+00  0.0000E+00  1.0000E+02  5.8280E-01  4.1186E+00  4.0000E+00  3.3498E+00  0.0000E+00  0.0000E+00
  2.4000E+01  3.0000E+00  6.0000E+00  0.0000E+00  1.0000E+02  5.8280E-01  4.1186E+00  6.0000E+00  5.2012E+00  0.0000E+00  0.0000E+00
  2.4000E+01  4.0000E+00  5.0000E+00  0.0000E+00  1.0000E+02  5.8280E-01  4.1186E+00  5.0000E+00  4.0932E+00  0.0000E+00  0.0000E+00
  2.4000E+01  5.0000E+00  3.0000E+00  0.0000E+00  1.0000E+02  5.8280E-01  4.1186E+00  3.0000E+00  3.0527E+00  0.0000E+00  0.0000E+00
  2.4000E+01  6.0000E+00  5.0000E+00  0.0000E+00  1.0000E+02  5.8280E-01  4.1186E+00  5.0000E+00  4.0932E+00  0.0000E+00  0.0000E+00
  2.5000E+01  1.0000E+00  2.0000E+00  0.0000E+00  0.0000E+00  0.0000E+00  1.8009E+00  2.0000E+00  5.5422E+00  0.0000E+00  0.0000E+00
  2.5000E+01  2.0000E+00  0.0000E+00  0.0000E+00  0.0000E+00  0.0000E+00  1.8009E+00  0.0000E+00  1.0961E+01  0.0000E+00  0.0000E+00
  2.5000E+01  3.0000E+00  2.0000E+00  0.0000E+00  0.0000E+00  0.0000E+00  1.8009E+00  2.0000E+00  5.5422E+00  0.0000E+00  0.0000E+00
  2.5000E+01  4.0000E+00  3.0000E+00  0.0000E+00  0.0000E+00  0.0000E+00  1.8009E+00  3.0000E+00  4.3371E+00  0.0000E+00  0.0000E+00
  2.5000E+01  5.0000E+00  2.0000E+00  0.0000E+00  0.0000E+00  0.0000E+00  1.8009E+00  2.0000E+00  5.5422E+00  0.0000E+00  0.0000E+00
  2.5000E+01  6.0000E+00  0.0000E+00  0.0000E+00  0.0000E+00  0.0000E+00  1.8009E+00  0.0000E+00  1.0961E+01  0.0000E+00  0.0000E+00
  2.6000E+01  1.0000E+00  0.0000E+00  0.0000E+00  5.0000E+01  3.0770E-01  1.1453E+00  0.0000E+00  7.2646E+00  0.0000E+00  0.0000E+00
  2.6000E+01  2.0000E+00  1.0000E+00  0.0000E+00  5.0000E+01  3.0770E-01  1.1453E+00  1.0000E+00  4.6849E+00  0.0000E+00  0.0000E+00
  2.6000E+01  3.0000E+00  0.0000E+00  0.0000E+00  5.0000E+01  3.0770E-01  1.1453E+00  0.0000E+00  7.2646E+00  0.0000E+00  0.0000E+00
  2.6000E+01  4.0000E+00  1.0000E+00  0.0000E+00  5.0000E+01  3.0770E-01  1.1453E+00  1.0000E+00  4.6849E+00  0.0000E+00  0.0000E+00
  2.6000E+01  5.0000E+00  1.0000E+00  0.0000E+00  5.0000E+01  3.0770E-01  1.1453E+00  1.0000E+00  4.6849E+00  0.0000E+00  0.0000E+00
  2.6000E+01  6.0000E+00  2.0000E+00  0.0000E+00  5.0000E+01  3.0770E-01  1.1453E+00  2.0000E+00  3.4915E+00  0.0000E+00  0.0000E+00
  2.7000E+01  1.0000E+00  5.0000E+00  0.0000E+00  1.0000E+02  8.8220E-01  3.6453E+00  5.0000E+00  4.1680E+00  0.0000E+00  0.0000E+00
  2.7000E+01  2.0000E+00  4.0000E+00  0.0000E+00  1.0000E+02  8.8220E-01  3.6453E+00  4.0000E+00  3.3777E+00  0.0000E+00  0.0000E+00
  2.7000E+01  3.0000E+00  4.0000E+00  0.0000E+00  1.0000E+02  8.8220E-01  3.6453E+00  4.0000E+00  3.3777E+00  0.0000E+00  0.0000E+00
  2.7000E+01  4.0000E+00  6.0000E+00  0.0000E+00  1.0000E+02  8.8220E-01  3.6453E+00  6.0000E+00  5.3231E+00  0.0000E+00  0.0000E+00
  2.7000E+01  5.0000E+00  2.0000E+00  0.0000E+00  1.0000E+02  8.8220E-01  3.6453E+00  2.0000E+00  3.2648E+00  0.0000E+00  0.0000E+00
  2.7000E+01  6.0000E+00  1.0000E+00  0.0000E+00  1.0000E+02  8.8220E-01  3.6453E+00  1.0000E+00  4.3070E+00  0.0000E+00  0.0000E+00
  2.8000E+01  1.0000E+00  5.0000E+00  0.0000E+00  0.0000E+00  0.0000E+00  2.8440E+00  5.0000E+00  3.5240E+00  0.0000E+00  0.0000E+00
  2.8000E+01  2.0000E+00  2.0000E+00  0.0000E+00  0.0000E+00  0.0000E+00  2.8440E+00  2.0000E+00  5.5422E+00  0.0000E+00  0.0000E+00
  2.8000E+01  3.0000E+00  1.0000E+00  0.0000E+00  0.0000E+00  0.0000E+00  2.8440E+00  1.0000E+00  7.5582E+00  0.0000E+00  0.0000E+00
  2.8000E+01  4.0000E+00  5.0000E+00  0.0000E+00  0.0000E+00  0.0000E+00  2.8440E+00  5.0000E+00  3.5240E+00  0.0000E+00  0.0000E+00
  2.8000E+01  5.0000E+00  1.0000E+00  0.0000E+00  0.0000E+00  0.0000E+00  2.8440E+00  1.0000E+00  7.5582E+00  0.0000E+00  0.0000E+00
  2.8000E+01  6.0000E+00  2.0000E+00  0.0000E+00  0.0000E+00  0.0000E+00  2.8440E+00  2.0000E+00  5.5422E+00  0.0000E+00  0.0000E+00
  2.9000E+01  1.0000E+00  0.0000E+00  0.0000E+00  5.0000E+01  4.2060E-01  3.6572E+00  0.0000E+00  7.0635E+00  0.0000E+00  0.0000E+00
  2.9000E+01  2.0000E+00  0.0000E+00  0.0000E+00  5.0000E+01  4.2060E-01  3.6572E+00  0.0000E+00  7.0635E+00  0.0000E+00  0.0000E+00
  2.9000E+01  3.0000E+00  3.0000E+00  0.0000E+00  5.0000E+01  4.2060E-01  3.6572E+00  3.0000E+00  3.0763E+00  0.0000E+00  0.0000E+00
  2.9000E+01  4.0000E+00  5.0000E+00  0.0000E+00  5.0000E+01  4.2060E-01  3.6572E+00  5.0000E+00  4.0206E+00  0.0000E+00  0.0000E+00
  2.9000E+01  5.0000E+00  3.0000E+00  0.0000E+00  5.0000E+01  4.2060E-01  3.6572E+00  3.0000E+00  3.0763E+00  0.0000E+00  0.0000E+00
  2.9000E+01  6.0000E+00  1.1000E+01  0.0000E+00  5.0000E+01  4.2060E-01  3.6572E+00  1.1000E+01  1.4309E+01  0.0000E+00  0.0000E+00
  3.0000E+01  1.0000E+00  2.0000E+00  0.0000E+00  1.0000E+02  4.2230E-01  7.6252E+00  2.0000E+00  3.4016E+00  0.0000E+00  0.0000E+00
  3.0000E+01  2.0000E+00  7.0000E+00  0.0000E+00  1.0000E+02  4.2230E-01  7.6252E+00  7.0000E+00  6.4510E+00  0.0000E+00  0.0000E+00
  3.0000E+01  3.0000E+00  1.1000E+01  0.0000E+00  1.0000E+02  4.2230E-01  7.6252E+00  1.1000E+01  1.4314E+01  0.0000E+00  0.0000E+00
  3.0000E+01  4.0000E+00  1.3000E+01  0.0000E+00  1.0000E+02  4.2230E-01  7.6252E+00  1.3000E+01  1.9368E+01  0.0000E+00  0.0000E+00
  3.0000E+01  5.0000E+00  1.2000E+01  0.0000E+00  1.0000E+02  4.2230E-01  7.6252E+00  1.2000E+01  1.6761E+01  0.0000E+00  0.0000E+00
  3.0000E+01  6.0000E+00  2.0000E+00  0.0000E+00  1.0000E+02  4.2230E-01  7.6252E+00  2.0000E+00  3.4016E+00  0.0000E+00  0.0000E+00
  3.1000E+01  1.0000E+00  2.0000E+00  0.0000E+00  0.0000E+00  0.0000E+00  3.7679E+00  2.0000E+00  5.5422E+00  0.0000E+00  0.0000E+00
  3.1000E+01  2.0000E+00  3.0000E+00  0.0000E+00  0.0000E+00  0.0000E+00  3.7679E+00  3.0000E+00  4.3371E+00  0.0000E+00  0.0000E+00
  3.1000E+01  3.0000E+00  6.0000E+00  0.0000E+00  0.0000E+00  0.0000E+00  3.7679E+00  6.0000E+00  3.7052E+00  0.0000E+00  0.0000E+00
  3.1000E+01  4.0000E+00  2.0000E+00  0.0000E+00  0.0000E+00  0.0000E+00  3.7679E+00  2.0000E+00  5.5422E+00  0.0000E+00  0.0000E+00
  3.1000E+01  5.0000E+00  6.0000E+00  0.0000E+00  0.0000E+00  0.0000E+00  3.7679E+00  6.0000E+00  3.7052E+00  0.0000E+00  0.0000E+00
  3.1000E+01  6.0000E+00  3.0000E+00  0.0000E+00  0.0000E+00  0.0000E+00  3.7679E+00  3.0000E+00  4.3371E+00  0.0000E+00  0.0000E+00
  3.2000E+01  1.0000E+00  2.0000E+00  0.0000E+00  5.0000E+01  2.6810E-01  4.1354E+00  2.0000E+00  3.5377E+00  0.0000E+00  0.0000E+00
  3.2000E+01  2.0000E+00  1.0000E+00  0.0000E+00  5.0000E+01  2.6810E-01  4.1354E+00  1.0000E+00  4.7591E+00  0.0000E+00  0.0000E+00
  3.2000E+01  3.0000E+00  6.0000E+00  0.0000E+00  5.0000E+01  2.6810E-01  4.1354E+00  6.0000E+00  4.8793E+00  0.0000E+00  0.0000E+00
  3.2000E+01  4.0000E+00  1.0000E+01  0.0000E+00  5.0000E+01  2.6810E-01  4.1354E+00  1.0000E+01  1.1499E+01  0.0000E+00  0.0000E+00
  3.2000E+01  5.0000E+00  3.0000E+00  0.0000E+00  5.0000E+01  2.6810E-01  4.1354E+00  3.0000E+00  3.1273E+00  0.0000E+00  0.0000E+00
  3.2000E+01  6.0000E+00  3.0000E+00  0.0000E+00  5.0000E+01  2.6810E-01  4.1354E+00  3.0000E+00  3.1273E+00  0.0000E+00  0.0000E+00
  3.3000E+01  1.0000E+00  4.0000E+00  0.0000E+00  1.0000E+02  1.6487E+00  6.9639E+00  4.0000E+00  3.4092E+00  0.0000E+00  0.0000E+00
  3.3000E+01  2.0000E+00  2.0000E+00  0.0000E+00  1.0000E+02  1.6487E+00  6.9639E+00  2.0000E+00  3.2025E+00  0.0000E+00  0.0000E+00
  3.3000E+01  3.0000E+00  5.0000E+00  0.0000E+00  1.0000E+02  1.6487E+00  6.9639E+00  5.0000E+00  4.2465E+00  0.0000E+00  0.0000E+00
  3.3000E+01  4.0000E+00  9.0000E+00  0.0000E+00  1.0000E+02  1.6487E+00  6.9639E+00  9.0000E+00  1.0749E+01  0.0000E+00  0.0000E+00
  3.3000E+01  5.0000E+00  5.0000E+00  0.0000E+00  1.0000E+02  1.6487E+00  6.9639E+00  5.0000E+00  4.2465E+00  0.0000E+00  0.0000E+00
  3.3000E+01  6.0000E+00  1.8000E+01  0.0000E+00  1.0000E+02  1.6487E+00  6.9639E+00  1.8000E+01  3.6502E+01  0.0000E+00  0.0000E+00
  3.4000E+01  1.0000E+00  4.0000E+00  0.0000E+00  0.0000E+00  0.0000E+00  4.3931E+00  4.0000E+00  3.7074E+00  0.0000E+00  0.0000E+00
  3.4000E+01  2.0000E+00  7.0000E+00  0.0000E+00  0.0000E+00  0.0000E+00  4.3931E+00  7.0000E+00  4.1947E+00  0.0000E+00  0.0000E+00
  3.4000E+01  3.0000E+00  2.0000E+00  0.0000E+00  0.0000E+00  0.0000E+00  4.3931E+00  2.0000E+00  5.5422E+00  0.0000E+00  0.0000E+00
  3.4000E+01  4.0000E+00  4.0000E+00  0.0000E+00  0.0000E+00  0.0000E+00  4.3931E+00  4.0000E+00  3.7074E+00  0.0000E+00  0.0000E+00
  3.4000E+01  5.0000E+00  9.0000E+00  0.0000E+00  0.0000E+00  0.0000E+00  4.3931E+00  9.0000E+00  5.9434E+00  0.0000E+00  0.0000E+00
  3.4000E+01  6.0000E+00  0.0000E+00  0.0000E+00  0.0000E+00  0.0000E+00  4.3931E+00  0.0000E+00  1.0961E+01  0.0000E+00  0.0000E+00
  3.5000E+01  1.0000E+00  2.0000E+00  0.0000E+00  5.0000E+01  4.1910E-01  2.8878E+00  2.0000E+00  3.4035E+00  0.0000E+00  0.0000E+00
  3.5000E+01  2.0000E+00  5.0000E+00  0.0000E+00  5.0000E+01  4.1910E-01  2.8878E+00  5.0000E+00  4.0197E+00  0.0000E+00  0.0000E+00
  3.5000E+01  3.0000E+00  2.0000E+00  0.0000E+00  5.0000E+01  4.1910E-01  2.8878E+00  2.0000E+00  3.4035E+00  0.0000E+00  0.0000E+00
  3.5000E+01  4.0000E+00  3.0000E+00  0.0000E+00  5.0000E+01  4.1910E-01  2.8878E+00  3.0000E+00  3.0766E+00  0.0000E+00  0.0000E+00
  3.5000E+01  5.0000E+00  3.0000E+00  0.0000E+00  5.0000E+01  4.1910E-01  2.8878E+00  3.0000E+00  3.0766E+00  0.0000E+00  0.0000E+00
  3.5000E+01  6.0000E+00  2.0000E+00  0.0000E+00  5.0000E+01  4.1910E-01  2.8878E+00  2.0000E+00  3.4035E+00  0.0000E+00  0.0000E+00
  3.6000E+01  1.0000E+00  3.0000E+00  0.0000E+00  1.0000E+02  6.7610E-01  1.4065E+00  3.0000E+00  3.0447E+00  0.0000E+00  0.0000E+00
  3.6000E+01  2.0000E+00  0.0000E+00  0.0000E+00  1.0000E+02  6.7610E-01  1.4065E+00  0.0000E+00  6.8320E+00  0.0000E+00  0.0000E+00
  3.6000E+01  3.0000E+00  1.0000E+00  0.0000E+00  1.0000E+02  6.7610E-01  1.4065E+00  1.0000E+00  4.3751E+00  0.0000E+00  0.0000E+00
  3.6000E+01  4.0000E+00  1.0000E+00  0.0000E+00  1.0000E+02  6.7610E-01  1.4065E+00  1.0000E+00  4.3751E+00  0.0000E+00  0.0000E+00
  3.6000E+01  5.0000E+00  0.0000E+00  0.0000E+00  1.0000E+02  6.7610E-01  1.4065E+00  0.0000E+00  6.8320E+00  0.0000E+00  0.0000E+00
  3.6000E+01  6.0000E+00  2.0000E+00  0.0000E+00  1.0000E+02  6.7610E-01  1.4065E+00  2.0000E+00  3.3044E+00  0.0000E+00  0.0000E+00
  3.7000E+01  1.0000E+00  3.7000E+01  0.0000E+00  0.0000E+00  0.0000E+00  1.8012E+01  3.7000E+01  8.3736E+01  0.0000E+00  0.0000E+00
  3.7000E+01  2.0000E+00  5.0000E+00  0.0000E+00  0.0000E+00  0.0000E+00  1.8012E+01  5.0000E+00  3.5240E+00  0.0000E+00  0.0000E+00
  3.7000E+01  3.0000E+00  1.6000E+01  0.0000E+00  0.0000E+00  0.0000E+00  1.8012E+01  1.6000E+01  1.7867E+01  0.0000E+00  0.0000E+00
  3.7000E+01  4.0000E+00  1.4000E+01  0.0000E+00  0.0000E+00  0.0000E+00  1.8012E+01  1.4000E+01  1.3711E+01  0.0000E+00  0.0000E+00
  3.7000E+01  5.0000E+00  1.8000E+01  0.0000E+00  0.0000E+00  0.0000E+00  1.8012E+01  1.8000E+01  2.2510E+01  0.0000E+00  0.0000E+00
  3.7000E+01  6.0000E+00  2.0000E+01  0.0000E+00  0.0000E+00  0.0000E+00  1.8012E+01  2.0000E+01  2.7586E+01  0.0000E+00  0.0000E+00
  3.8000E+01  1.0000E+00  3.0000E+00  0.0000E+00  5.0000E+01  4.3860E-01  3.0396E+00  3.0000E+00  3.0727E+00  0.0000E+00  0.0000E+00
  3.8000E+01  2.0000E+00  0.0000E+00  0.0000E+00  5.0000E+01  4.3860E-01  3.0396E+00  0.0000E+00  7.0396E+00  0.0000E+00  0.0000E+00
  3.8000E+01  3.0000E+00  4.0000E+00  0.0000E+00  5.0000E+01  4.3860E-01  3.0396E+00  4.0000E+00  3.3285E+00  0.0000E+00  0.0000E+00
  3.8000E+01  4.0000E+00  5.0000E+00  0.0000E+00  5.0000E+01  4.3860E-01  3.0396E+00  5.0000E+00  4.0305E+00  0.0000E+00  0.0000E+00
  3.8000E+01  5.0000E+00  4.0000E+00  0.0000E+00  5.0000E+01  4.3860E-01  3.0396E+00  4.0000E+00  3.3285E+00  0.0000E+00  0.0000E+00
  3.8000E+01  6.0000E+00  2.0000E+00  0.0000E+00  5.0000E+01  4.3860E-01  3.0396E+00  2.0000E+00  3.3923E+00  0.0000E+00  0.0000E+00
  3.9000E+01  1.0000E+00  2.0000E+00  0.0000E+00  1.0000E+02  7.4070E-01  3.0309E+00  2.0000E+00  3.2897E+00  0.0000E+00  0.0000E+00
  3.9000E+01  2.0000E+00  2.0000E+00  0.0000E+00  1.0000E+02  7.4070E-01  3.0309E+00  2.0000E+00  3.2897E+00  0.0000E+00  0.0000E+00
  3.9000E+01  3.0000E+00  5.0000E+00  0.0000E+00  1.0000E+02  7.4070E-01  3.0309E+00  5.0000E+00  4.1389E+00  0.0000E+00  0.0000E+00
  3.9000E+01  4.0000E+00  1.0000E+00  0.0000E+00  1.0000E+02  7.4070E-01  3.0309E+00  1.0000E+00  4.3500E+00  0.0000E+00  0.0000E+00
  3.9000E+01  5.0000E+00  4.0000E+00  0.0000E+00  1.0000E+02  7.4070E-01  3.0309E+00  4.0000E+00  3.3665E+00  0.0000E+00  0.0000E+00
  3.9000E+01  6.0000E+00  4.0000E+00  0.0000E+00  1.0000E+02  7.4070E-01  3.0309E+00  4.0000E+00  3.3665E+00  0.0000E+00  0.0000E+00
  4.0000E+01  1.0000E+00  4.0000E+00  0.0000E+00  0.0000E+00  0.0000E+00  2.9965E+00  4.0000E+00  3.7074E+00  0.0000E+00  0.0000E+00
  4.0000E+01  2.0000E+00  1.0000E+00  0.0000E+00  0.0000E+00  0.0000E+00  2.9965E+00  1.0000E+00  7.5582E+00  0.0000E+00  0.0000E+00
  4.0000E+01  3.0000E+00  1.0000E+00  0.0000E+00  0.0000E+00  0.0000E+00  2.9965E+00  1.0000E+00  7.5582E+00  0.0000E+00  0.0000E+00
  4.0000E+01  4.0000E+00  6.0000E+00  0.0000E+00  0.0000E+00  0.0000E+00  2.9965E+00  6.0000E+00  3.7052E+00  0.0000E+00  0.0000E+00
  4.0000E+01  5.0000E+00  4.0000E+00  0.0000E+00  0.0000E+00  0.0000E+00  2.9965E+00  4.0000E+00  3.7074E+00  0.0000E+00  0.0000E+00
  4.0000E+01  6.0000E+00  1.0000E+00  0.0000E+00  0.0000E+00  0.0000E+00  2.9965E+00  1.0000E+00  7.5582E+00  0.0000E+00  0.0000E+00
  4.1000E+01  1.0000E+00  1.0000E+00  0.0000E+00  5.0000E+01  3.0870E-01  3.5092E+00  1.0000E+00  4.6832E+00  0.0000E+00  0.0000E+00
  4.1000E+01  2.0000E+00  7.0000E+00  0.0000E+00  5.0000E+01  3.0870E-01  3.5092E+00  7.0000E+00  6.2589E+00  0.0000E+00  0.0000E+00
  4.1000E+01  3.0000E+00  5.0000E+00  0.0000E+00  5.0000E+01  3.0870E-01  3.5092E+00  5.0000E+00  3.9418E+00  0.0000E+00  0.0000E+00
  4.1000E+01  4.0000E+00  3.0000E+00  0.0000E+00  5.0000E+01  3.0870E-01  3.5092E+00  3.0000E+00  3.1085E+00  0.0000E+00  0.0000E+00
  4.1000E+01  5.0000E+00  3.0000E+00  0.0000E+00  5.0000E+01  3.0870E-01  3.5092E+00  3.0000E+00  3.1085E+00  0.0000E+00  0.0000E+00
  4.1000E+01  6.0000E+00  2.0000E+00  0.0000E+00  5.0000E+01  3.0870E-01  3.5092E+00  2.0000E+00  3.4904E+00  0.0000E+00  0.0000E+00
  4.2000E+01  1.0000E+00  1.0000E+01  0.0000E+00  1.0000E+02  6.3700E-01  1.4608E+01  1.0000E+01  1.2424E+01  0.0000E+00  0.0000E+00
  4.2000E+01  2.0000E+00  1.5000E+01  0.0000E+00  1.0000E+02  6.3700E-01  1.4608E+01  1.5000E+01  2.5693E+01  0.0000E+00  0.0000E+00
  4.2000E+01  3.0000E+00  2.0000E+01  0.0000E+00  1.0000E+02  6.3700E-01  1.4608E+01  2.0000E+01  4.2245E+01  0.0000E+00  0.0000E+00
  4.2000E+01  4.0000E+00  6.0000E+00  0.0000E+00  1.0000E+02  6.3700E-01  1.4608E+01  6.0000E+00  5.2303E+00  0.0000E+00  0.0000E+00
  4.2000E+01  5.0000E+00  2.8000E+01  0.0000E+00  1.0000E+02  6.3700E-01  1.4608E+01  2.8000E+01  7.3640E+01  0.0000E+00  0.0000E+00
  4.2000E+01  6.0000E+00  1.1000E+01  0.0000E+00  1.0000E+02  6.3700E-01  1.4608E+01  1.1000E+01  1.4756E+01  0.0000E+00  0.0000E+00
  4.3000E+01  1.0000E+00  6.0000E+00  0.0000E+00  0.0000E+00  0.0000E+00  1.3751E+01  6.0000E+00  3.7052E+00  0.0000E+00  0.0000E+00
  4.3000E+01  2.0000E+00  1.7000E+01  0.0000E+00  0.0000E+00  0.0000E+00  1.3751E+01  1.7000E+01  2.0131E+01  0.0000E+00  0.0000E+00
  4.3000E+01  3.0000E+00  1.8000E+01  0.0000E+00  0.0000E+00  0.0000E+00  1.3751E+01  1.8000E+01  2.2510E+01  0.0000E+00  0.0000E+00
  4.3000E+01  4.0000E+00  7.0000E+00  0.0000E+00  0.0000E+00  0.0000E+00  1.3751E+01  7.0000E+00  4.1947E+00  0.0000E+00  0.0000E+00
  4.3000E+01  5.0000E+00  7.0000E+00  0.0000E+00  0.0000E+00  0.0000E+00  1.3751E+01  7.0000E+00  4.1947E+00  0.0000E+00  0.0000E+00
  4.3000E+01  6.0000E+00  2.9000E+01  0.0000E+00  0.0000E+00  0.0000E+00  1.3751E+01  2.9000E+01  5.4808E+01  0.0000E+00  0.0000E+00
  4.4000E+01  1.0000E+00  1.0000E+00  0.0000E+00  5.0000E+01  5.1770E-01  1.1357E+00  1.0000E+00  4.4602E+00  0.0000E+00  0.0000E+00
  4.4000E+01  2.0000E+00  0.0000E+00  0.0000E+00  5.0000E+01  5.1770E-01  1.1357E+00  0.0000E+00  6.9519E+00  0.0000E+00  0.0000E+00
  4.4000E+01  3.0000E+00  1.0000E+00  0.0000E+00  5.0000E+01  5.1770E-01  1.1357E+00  1.0000E+00  4.4602E+00  0.0000E+00  0.0000E+00
  4.4000E+01  4.0000E+00  0.0000E+00  0.0000E+00  5.0000E+01  5.1770E-01  1.1357E+00  0.0000E+00  6.9519E+00  0.0000E+00  0.0000E+00
  4.4000E+01  5.0000E+00  0.0000E+00  0.0000E+00  5.0000E+01  5.1770E-01  1.1357E+00  0.0000E+00  6.9519E+00  0.0000E+00  0.0000E+00
  4.4000E+01  6.0000E+00  3.0000E+00  0.0000E+00  5.0000E+01  5.1770E-01  1.1357E+00  3.0000E+00  3.0602E+00  0.0000E+00  0.0000E+00
  4.5000E+01  1.0000E+00  3.0000E+00  0.0000E+00  1.0000E+02  4.3110E-01  4.5950E+00  3.0000E+00  3.0741E+00  0.0000E+00  0.0000E+00
  4.5000E+01  2.0000E+00  2.0000E+00  0.0000E+00  1.0000E+02  4.3110E-01  4.5950E+00  2.0000E+00  3.3965E+00  0.0000E+00  0.0000E+00
  4.5000E+01  3.0000E+00  7.0000E+00  0.0000E+00  1.0000E+02  4.3110E-01  4.5950E+00  7.0000E+00  6.4627E+00  0.0000E+00  0.0000E+00
  4.5000E+01  4.0000E+00  6.0000E+00  0.0000E+00  1.0000E+02  4.3110E-01  4.5950E+00  6.0000E+00  5.0904E+00  0.0000E+00  0.0000E+00
  4.5000E+01  5.0000E+00  8.0000E+00  0.0000E+00  1.0000E+02  4.3110E-01  4.5950E+00  8.0000E+00  8.1020E+00  0.0000E+00  0.0000E+00
  4.5000E+01  6.0000E+00  2.0000E+00  0.0000E+00  1.0000E+02  4.3110E-01  4.5950E+00  2.0000E+00  3.3965E+00  0.0000E+00  0.0000E+00
  4.6000E+01  1.0000E+00  4.0000E+00  0.0000E+00  0.0000E+00  0.0000E+00  6.1361E+00  4.0000E+00  3.7074E+00  0.0000E+00  0.0000E+00
  4.6000E+01  2.0000E+00  3.0000E+00  0.0000E+00  0.0000E+00  0.0000E+00  6.1361E+00  3.0000E+00  4.3371E+00  0.0000E+00  0.0000E+00
  4.6000E+01  3.0000E+00  7.0000E+00  0.0000E+00  0.0000E+00  0.0000E+00  6.1361E+00  7.0000E+00  4.1947E+00  0.0000E+00  0.0000E+00
  4.6000E+01  4.0000E+00  0.0000E+00  0.0000E+00  0.0000E+00  0.0000E+00  6.1361E+00  0.0000E+00  1.0961E+01  0.0000E+00  0.0000E+00
  4.6000E+01  5.0000E+00  1.1000E+01  0.0000E+00  0.0000E+00  0.0000E+00  6.1361E+00  1.1000E+01  8.5397E+00  0.0000E+00  0.0000E+00
  4.6000E+01  6.0000E+00  1.2000E+01  0.0000E+00  0.0000E+00  0.0000E+00  6.1361E+00  1.2000E+01  1.0107E+01  0.0000E+00  0.0000E+00
  4.7000E+01  1.0000E+00  2.0000E+00  0.0000E+00  5.0000E+01  5.3580E-01  3.9638E+00  2.0000E+00  3.3476E+00  0.0000E+00  0.0000E+00
  4.7000E+01  2.0000E+00  1.0000E+00  0.0000E+00  5.0000E+01  5.3580E-01  3.9638E+00  1.0000E+00  4.4482E+00  0.0000E+00  0.0000E+00
  4.7000E+01  3.0000E+00  1.1000E+01  0.0000E+00  5.0000E+01  5.3580E-01  3.9638E+00  1.1000E+01  1.4584E+01  0.0000E+00  0.0000E+00
  4.7000E+01  4.0000E+00  5.0000E+00  0.0000E+00  5.0000E+01  5.3580E-01  3.9638E+00  5.0000E+00  4.0756E+00  0.0000E+00  0.0000E+00
  4.7000E+01  5.0000E+00  2.0000E+00  0.0000E+00  5.0000E+01  5.3580E-01  3.9638E+00  2.0000E+00  3.3476E+00  0.0000E+00  0.0000E+00
  4.7000E+01  6.0000E+00  3.0000E+00  0.0000E+00  5.0000E+01  5.3580E-01  3.9638E+00  3.0000E+00  3.0579E+00  0.0000E+00  0.0000E+00
  4.8000E+01  1.0000E+00  7.0000E+00  0.0000E+00  1.0000E+02  4.8160E-01  6.9796E+00  7.0000E+00  6.5228E+00  0.0000E+00  0.0000E+00
  4.8000E+01  2.0000E+00  9.0000E+00  0.0000E+00  1.0000E+02  4.8160E-01  6.9796E+00  9.0000E+00  1.0071E+01  0.0000E+00  0.0000E+00
  4.8000E+01  3.0000E+00  8.0000E+00  0.0000E+00  1.0000E+02  4.8160E-01  6.9796E+00  8.0000E+00  8.1794E+00  0.0000E+00  0.0000E+00
  4.8000E+01  4.0000E+00  5.0000E+00  0.0000E+00  1.0000E+02  4.8160E-01  6.9796E+00  5.0000E+00  4.0522E+00  0.0000E+00  0.0000E+00
  4.8000E+01  5.0000E+00  7.0000E+00  0.0000E+00  1.0000E+02  4.8160E-01  6.9796E+00  7.0000E+00  6.5228E+00  0.0000E+00  0.0000E+00
  4.8000E+01  6.0000E+00  7.0000E+00  0.0000E+00  1.0000E+02  4.8160E-01  6.9796E+00  7.0000E+00  6.5228E+00  0.0000E+00  0.0000E+00
  4.9000E+01  1.0000E+00  8.0000E+00  0.0000E+00  0.0000E+00  0.0000E+00  8.3850E+00  8.0000E+00  4.9513E+00  0.0000E+00  0.0000E+00
  4.9000E+01  2.0000E+00  9.0000E+00  0.0000E+00  0.0000E+00  0.0000E+00  8.3850E+00  9.0000E+00  5.9434E+00  0.0000E+00  0.0000E+00
  4.9000E+01  3.0000E+00  9.0000E+00  0.0000E+00  0.0000E+00  0.0000E+00  8.3850E+00  9.0000E+00  5.9434E+00  0.0000E+00  0.0000E+00
  4.9000E+01  4.0000E+00  0.0000E+00  0.0000E+00  0.0000E+00  0.0000E+00  8.3850E+00  0.0000E+00  1.0961E+01  0.0000E+00  0.0000E+00
  4.9000E+01  5.0000E+00  1.0000E+01  0.0000E+00  0.0000E+00  0.0000E+00  8.3850E+00  1.0000E+01  7.1463E+00  0.0000E+00  0.0000E+00
  4.9000E+01  6.0000E+00  1.5000E+01  0.0000E+00  0.0000E+00  0.0000E+00  8.3850E+00  1.5000E+01  1.5724E+01  0.0000E+00  0.0000E+00
  5.0000E+01  1.0000E+00  2.0000E+00  0.0000E+00  5.0000E+01  5.2310E-01  2.1319E+00  2.0000E+00  3.3526E+00  0.0000E+00  0.0000E+00
  5.0000E+01  2.0000E+00  2.0000E+00  0.0000E+00  5.0000E+01  5.2310E-01  2.1319E+00  2.0000E+00  3.3526E+00  0.0000E+00  0.0000E+00
  5.0000E+01  3.0000E+00  2.0000E+00  0.0000E+00  5.0000E+01  5.2310E-01  2.1319E+00  2.0000E+00  3.3526E+00  0.0000E+00  0.0000E+00
  5.0000E+01  4.0000E+00  0.0000E+00  0.0000E+00  5.0000E+01  5.2310E-01  2.1319E+00  0.0000E+00  6.9468E+00  0.0000E+00  0.0000E+00
  5.0000E+01  5.0000E+00  5.0000E+00  0.0000E+00  5.0000E+01  5.2310E-01  2.1319E+00  5.0000E+00  4.0705E+00  0.0000E+00  0.0000E+00
  5.0000E+01  6.0000E+00  1.0000E+00  0.0000E+00  5.0000E+01  5.2310E-01  2.1319E+00  1.0000E+00  4.4565E+00  0.0000E+00  0.0000E+00
  5.1000E+01  1.0000E+00  1.0000E+01  0.0000E+00  1.0000E+02  7.5710E-01  5.0588E+00  1.0000E+01  1.2556E+01  0.0000E+00  0.0000E+00
  5.1000E+01  2.0000E+00  7.0000E+00  0.0000E+00  1.0000E+02  7.5710E-01  5.0588E+00  7.0000E+00  6.7298E+00  0.0000E+00  0.0000E+00
  5.1000E+01  3.0000E+00  4.0000E+00  0.0000E+00  1.0000E+02  7.5710E-01  5.0588E+00  4.0000E+00  3.3680E+00  0.0000E+00  0.0000E+00
  5.1000E+01  4.0000E+00  2.0000E+00  0.0000E+00  1.0000E+02  7.5710E-01  5.0588E+00  2.0000E+00  3.2864E+00  0.0000E+00  0.0000E+00
  5.1000E+01  5.0000E+00  0.0000E+00  0.0000E+00  1.0000E+02  7.5710E-01  5.0588E+00  0.0000E+00  6.7884E+00  0.0000E+00  0.0000E+00
  5.1000E+01  6.0000E+00  8.0000E+00  0.0000E+00  1.0000E+02  7.5710E-01  5.0588E+00  8.0000E+00  8.4446E+00  0.0000E+00  0.0000E+00
  5.2000E+01  1.0000E+00  1.0000E+00  0.0000E+00  0.0000E+00  0.0000E+00  2.9965E+00  1.0000E+00  7.5582E+00  0.0000E+00  0.0000E+00
  5.2000E+01  2.0000E+00  6.0000E+00  0.0000E+00  0.0000E+00  0.0000E+00  2.9965E+00  6.0000E+00  3.7052E+00  0.0000E+00  0.0000E+00
  5.2000E+01  3.0000E+00  2.0000E+00  0.0000E+00  0.0000E+00  0.0000E+00  2.9965E+00  2.0000E+00  5.5422E+00  0.0000E+00  0.0000E+00
  5.2000E+01  4.0000E+00  2.0000E+00  0.0000E+00  0.0000E+00  0.0000E+00  2.9965E+00  2.0000E+00  5.5422E+00  0.0000E+00  0.0000E+00
  5.2000E+01  5.0000E+00  2.0000E+00  0.0000E+00  0.0000E+00  0.0000E+00  2.9965E+00  2.0000E+00  5.5422E+00  0.0000E+00  0.0000E+00
  5.2000E+01  6.0000E+00  4.0000E+00  0.0000E+00  0.0000E+00  0.0000E+00  2.9965E+00  4.0000E+00  3.7074E+00  0.0000E+00  0.0000E+00
  5.3000E+01  1.0000E+00  1.3000E+01  0.0000E+00  5.0000E+01  2.2520E-01  1.0716E+01  1.3000E+01  1.8219E+01  0.0000E+00  0.0000E+00
  5.3000E+01  2.0000E+00  7.0000E+00  0.0000E+00  5.0000E+01  2.2520E-01  1.0716E+01  7.0000E+00  6.0389E+00  0.0000E+00  0.0000E+00
  5.3000E+01  3.0000E+00  1.2000E+01  0.0000E+00  5.0000E+01  2.2520E-01  1.0716E+01  1.2000E+01  1.5735E+01  0.0000E+00  0.0000E+00
  5.3000E+01  4.0000E+00  9.0000E+00  0.0000E+00  5.0000E+01  2.2520E-01  1.0716E+01  9.0000E+00  9.3010E+00  0.0000E+00  0.0000E+00
  5.3000E+01  5.0000E+00  1.6000E+01  0.0000E+00  5.0000E+01  2.2520E-01  1.0716E+01  1.6000E+01  2.6522E+01  0.0000E+00  0.0000E+00
  5.3000E+01  6.0000E+00  9.0000E+00  0.0000E+00  5.0000E+01  2.2520E-01  1.0716E+01  9.0000E+00  9.3010E+00  0.0000E+00  0.0000E+00
  5.4000E+01  1.0000E+00  2.0000E+00  0.0000E+00  1.0000E+02  8.6740E-01  3.9567E+00  2.0000E+00  3.2671E+00  0.0000E+00  0.0000E+00
  5.4000E+01  2.0000E+00  6.0000E+00  0.0000E+00  1.0000E+02  8.6740E-01  3.9567E+00  6.0000E+00  5.3188E+00  0.0000E+00  0.0000E+00
  5.4000E+01  3.0000E+00  5.0000E+00  0.0000E+00  1.0000E+02  8.6740E-01  3.9567E+00  5.0000E+00  4.1654E+00  0.0000E+00  0.0000E+00
  5.4000E+01  4.0000E+00  4.0000E+00  0.0000E+00  1.0000E+02  8.6740E-01  3.9567E+00  4.0000E+00  3.3766E+00  0.0000E+00  0.0000E+00
  5.4000E+01  5.0000E+00  2.0000E+00  0.0000E+00  1.0000E+02  8.6740E-01  3.9567E+00  2.0000E+00  3.2671E+00  0.0000E+00  0.0000E+00
  5.4000E+01  6.0000E+00  5.0000E+00  0.0000E+00  1.0000E+02  8.6740E-01  3.9567E+00  5.0000E+00  4.1654E+00  0.0000E+00  0.0000E+00
  5.5000E+01  1.0000E+00  5.0000E+00  0.0000E+00  0.0000E+00  0.0000E+00  5.0235E+00  5.0000E+00  3.5240E+00  0.0000E+00  0.0000E+00
  5.5000E+01  2.0000E+00  2.0000E+00  0.0000E+00  0.0000E+00  0.0000E+00  5.0235E+00  2.0000E+00  5.5422E+00  0.0000E+00  0.0000E+00
  5.5000E+01  3.0000E+00  3.0000E+00  0.0000E+00  0.0000E+00  0.0000E+00  5.0235E+00  3.0000E+00  4.3371E+00  0.0000E+00  0.0000E+00
  5.5000E+01  4.0000E+00  5.0000E+00  0.0000E+00  0.0000E+00  0.0000E+00  5.0235E+00  5.0000E+00  3.5240E+00  0.0000E+00  0.0000E+00
  5.5000E+01  5.0000E+00  1.0000E+00  0.0000E+00  0.0000E+00  0.0000E+00  5.0235E+00  1.0000E+00  7.5582E+00  0.0000E+00  0.0000E+00
  5.5000E+01  6.0000E+00  1.4000E+01  0.0000E+00  0.0000E+00  0.0000E+00  5.0235E+00  1.4000E+01  1.3711E+01  0.0000E+00  0.0000E+00
  5.6000E+01  1.0000E+00  6.0000E+00  0.0000E+00  5.0000E+01  3.6400E-01  2.7388E+00  6.0000E+00  5.0200E+00  0.0000E+00  0.0000E+00
  5.6000E+01  2.0000E+00  1.0000E+00  0.0000E+00  5.0000E+01  3.6400E-01  2.7388E+00  1.0000E+00  4.6030E+00  0.0000E+00  0.0000E+00
  5.6000E+01  3.0000E+00  1.0000E+00  0.0000E+00  5.0000E+01  3.6400E-01  2.7388E+00  1.0000E+00  4.6030E+00  0.0000E+00  0.0000E+00
  5.6000E+01  4.0000E+00  4.0000E+00  0.0000E+00  5.0000E+01  3.6400E-01  2.7388E+00  4.0000E+00  3.3142E+00  0.0000E+00  0.0000E+00
  5.6000E+01  5.0000E+00  3.0000E+00  0.0000E+00  5.0000E+01  3.6400E-01  2.7388E+00  3.0000E+00  3.0899E+00  0.0000E+00  0.0000E+00
  5.6000E+01  6.0000E+00  1.0000E+00  0.0000E+00  5.0000E+01  3.6400E-01  2.7388E+00  1.0000E+00  4.6030E+00  0.0000E+00  0.0000E+00
  5.7000E+01  1.0000E+00  0.0000E+00  0.0000E+00  1.0000E+02  8.4990E-01  1.9777E+00  0.0000E+00  6.7478E+00  0.0000E+00  0.0000E+00
  5.7000E+01  2.0000E+00  4.0000E+00  0.0000E+00  1.0000E+02  8.4990E-01  1.9777E+00  4.0000E+00  3.3754E+00  0.0000E+00  0.0000E+00
  5.7000E+01  3.0000E+00  2.0000E+00  0.0000E+00  1.0000E+02  8.4990E-01  1.9777E+00  2.0000E+00  3.2698E+00  0.0000E+00  0.0000E+00
  5.7000E+01  4.0000E+00  1.0000E+00  0.0000E+00  1.0000E+02  8.4990E-01  1.9777E+00  1.0000E+00  4.3156E+00  0.0000E+00  0.0000E+00
  5.7000E+01  5.0000E+00  3.0000E+00  0.0000E+00  1.0000E+02  8.4990E-01  1.9777E+00  3.0000E+00  3.0349E+00  0.0000E+00  0.0000E+00
  5.7000E+01  6.0000E+00  1.0000E+00  0.0000E+00  1.0000E+02  8.4990E-01  1.9777E+00  1.0000E+00  4.3156E+00  0.0000E+00  0.0000E+00
  5.8000E+01  1.0000E+00  1.0000E+00  0.0000E+00  0.0000E+00  0.0000E+00  5.1818E+00  1.0000E+00  7.5582E+00  0.0000E+00  0.0000E+00
  5.8000E+01  2.0000E+00  1.6000E+01  0.0000E+00  0.0000E+00  0.0000E+00  5.1818E+00  1.6000E+01  1.7867E+01  0.0000E+00  0.0000E+00
  5.8000E+01  3.0000E+00  6.0000E+00  0.0000E+00  0.0000E+00  0.0000E+00  5.1818E+00  6.0000E+00  3.7052E+00  0.0000E+00  0.0000E+00
  5.8000E+01  4.0000E+00  1.0000E+00  0.0000E+00  0.0000E+00  0.0000E+00  5.1818E+00  1.0000E+00  7.5582E+00  0.0000E+00  0.0000E+00
  5.8000E+01  5.0000E+00  6.0000E+00  0.0000E+00  0.0000E+00  0.0000E+00  5.1818E+00  6.0000E+00  3.7052E+00  0.0000E+00  0.0000E+00
  5.8000E+01  6.0000E+00  1.0000E+00  0.0000E+00  0.0000E+00  0.0000E+00  5.1818E+00  1.0000E+00  7.5582E+00  0.0000E+00  0.0000E+00
  5.9000E+01  1.0000E+00  3.0000E+00  0.0000E+00  5.0000E+01  2.6690E-01  1.7079E+00  3.0000E+00  3.1279E+00  0.0000E+00  0.0000E+00
  5.9000E+01  2.0000E+00  0.0000E+00  0.0000E+00  5.0000E+01  2.6690E-01  1.7079E+00  0.0000E+00  7.3702E+00  0.0000E+00  0.0000E+00
  5.9000E+01  3.0000E+00  1.0000E+00  0.0000E+00  5.0000E+01  2.6690E-01  1.7079E+00  1.0000E+00  4.7616E+00  0.0000E+00  0.0000E+00
  5.9000E+01  4.0000E+00  1.0000E+00  0.0000E+00  5.0000E+01  2.6690E-01  1.7079E+00  1.0000E+00  4.7616E+00  0.0000E+00  0.0000E+00
  5.9000E+01  5.0000E+00  2.0000E+00  0.0000E+00  5.0000E+01  2.6690E-01  1.7079E+00  2.0000E+00  3.5393E+00  0.0000E+00  0.0000E+00
  5.9000E+01  6.0000E+00  2.0000E+00  0.0000E+00  5.0000E+01  2.6690E-01  1.7079E+00  2.0000E+00  3.5393E+00  0.0000E+00  0.0000E+00
  6.0000E+01  1.0000E+00  2.0000E+00  0.0000E+00  1.0000E+02  1.2388E+00  2.2695E+00  2.0000E+00  3.2265E+00  0.0000E+00  0.0000E+00
  6.0000E+01  2.0000E+00  0.0000E+00  0.0000E+00  1.0000E+02  1.2388E+00  2.2695E+00  0.0000E+00  6.6401E+00  0.0000E+00  0.0000E+00
  6.0000E+01  3.0000E+00  2.0000E+00  0.0000E+00  1.0000E+02  1.2388E+00  2.2695E+00  2.0000E+00  3.2265E+00  0.0000E+00  0.0000E+00
  6.0000E+01  4.0000E+00  7.0000E+00  0.0000E+00  1.0000E+02  1.2388E+00  2.2695E+00  7.0000E+00  6.8907E+00  0.0000E+00  0.0000E+00
  6.0000E+01  5.0000E+00  0.0000E+00  0.0000E+00  1.0000E+02  1.2388E+00  2.2695E+00  0.0000E+00  6.6401E+00  0.0000E+00  0.0000E+00
  6.0000E+01  6.0000E+00  2.0000E+00  0.0000E+00  1.0000E+02  1.2388E+00  2.2695E+00  2.0000E+00  3.2265E+00  0.0000E+00  0.0000E+00
  6.1000E+01  1.0000E+00  3.0000E+00  0.0000E+00  0.0000E+00  0.0000E+00  1.0491E+01  3.0000E+00  4.3371E+00  0.0000E+00  0.0000E+00
  6.1000E+01  2.0000E+00  1.4000E+01  0.0000E+00  0.0000E+00  0.0000E+00  1.0491E+01  1.4000E+01  1.3711E+01  0.0000E+00  0.0000E+00
  6.1000E+01  3.0000E+00  1.2000E+01  0.0000E+00  0.0000E+00  0.0000E+00  1.0491E+01  1.2000E+01  1.0107E+01  0.0000E+00  0.0000E+00
  6.1000E+01  4.0000E+00  1.1000E+01  0.0000E+00  0.0000E+00  0.0000E+00  1.0491E+01  1.1000E+01  8.5397E+00  0.0000E+00  0.0000E+00
  6.1000E+01  5.0000E+00  1.0000E+01  0.0000E+00  0.0000E+00  0.0000E+00  1.0491E+01  1.0000E+01  7.1463E+00  0.0000E+00  0.0000E+00
  6.1000E+01  6.0000E+00  1.4000E+01  0.0000E+00  0.0000E+00  0.0000E+00  1.0491E+01  1.4000E+01  1.3711E+01  0.0000E+00  0.0000E+00
  6.2000E+01  1.0000E+00  4.0000E+00  0.0000E+00  5.0000E+01  3.5820E-01  3.6607E+00  4.0000E+00  3.3130E+00  0.0000E+00  0.0000E+00
  6.2000E+01  2.0000E+00  4.0000E+00  0.0000E+00  5.0000E+01  3.5820E-01  3.6607E+00  4.0000E+00  3.3130E+00  0.0000E+00  0.0000E+00
  6.2000E+01  3.0000E+00  4.0000E+00  0.0000E+00  5.0000E+01  3.5820E-01  3.6607E+00  4.0000E+00  3.3130E+00  0.0000E+00  0.0000E+00
  6.2000E+01  4.0000E+00  6.0000E+00  0.0000E+00  5.0000E+01  3.5820E-01  3.6607E+00  6.0000E+00  5.0130E+00  0.0000E+00  0.0000E+00
  6.2000E+01  5.0000E+00  3.0000E+00  0.0000E+00  5.0000E+01  3.5820E-01  3.6607E+00  3.0000E+00  3.0916E+00  0.0000E+00  0.0000E+00
  6.2000E+01  6.0000E+00  1.0000E+00  0.0000E+00  5.0000E+01  3.5820E-01  3.6607E+00  1.0000E+00  4.6105E+00  0.0000E+00  0.0000E+00
  6.3000E+01  1.0000E+00  3.0000E+00  0.0000E+00  1.0000E+02  1.1634E+00  1.6841E+00  3.0000E+00  3.0253E+00  0.0000E+00  0.0000E+00
  6.3000E+01  2.0000E+00  0.0000E+00  0.0000E+00  1.0000E+02  1.1634E+00  1.6841E+00  0.0000E+00  6.6557E+00  0.0000E+00  0.0000E+00
  6.3000E+01  3.0000E+00  5.0000E+00  0.0000E+00  1.0000E+02  1.1634E+00  1.6841E+00  5.0000E+00  4.2074E+00  0.0000E+00  0.0000E+00
  6.3000E+01  4.0000E+00  0.0000E+00  0.0000E+00  1.0000E+02  1.1634E+00  1.6841E+00  0.0000E+00  6.6557E+00  0.0000E+00  0.0000E+00
  6.3000E+01  5.0000E+00  1.0000E+00  0.0000E+00  1.0000E+02  1.1634E+00  1.6841E+00  1.0000E+00  4.2510E+00  0.0000E+00  0.0000E+00
  6.3000E+01  6.0000E+00  0.0000E+00  0.0000E+00  1.0000E+02  1.1634E+00  1.6841E+00  0.0000E+00  6.6557E+00  0.0000E+00  0.0000E+00
  6.4000E+01  1.0000E+00  7.0000E+00  0.0000E+00  0.0000E+00  0.0000E+00  4.8655E+00  7.0000E+00  4.1947E+00  0.0000E+00  0.0000E+00
  6.4000E+01  2.0000E+00  6.0000E+00  0.0000E+00  0.0000E+00  0.0000E+00  4.8655E+00  6.0000E+00  3.7052E+00  0.0000E+00  0.0000E+00
  6.4000E+01  3.0000E+00  3.0000E+00  0.0000E+00  0.0000E+00  0.0000E+00  4.8655E+00  3.0000E+00  4.3371E+00  0.0000E+00  0.0000E+00
  6.4000E+01  4.0000E+00  6.0000E+00  0.0000E+00  0.0000E+00  0.0000E+00  4.8655E+00  6.0000E+00  3.7052E+00  0.0000E+00  0.0000E+00
  6.4000E+01  5.0000E+00  4.0000E+00  0.0000E+00  0.0000E+00  0.0000E+00  4.8655E+00  4.0000E+00  3.7074E+00  0.0000E+00  0.0000E+00
  6.4000E+01  6.0000E+00  3.0000E+00  0.0000E+00  0.0000E+00  0.0000E+00  4.8655E+00  3.0000E+00  4.3371E+00  0.0000E+00  0.0000E+00
  6.5000E+01  1.0000E+00  4.0000E+00  0.0000E+00  5.0000E+01  4.9600E-01  3.8094E+00  4.0000E+00  3.3378E+00  0.0000E+00  0.0000E+00
  6.5000E+01  2.0000E+00  2.0000E+00  0.0000E+00  5.0000E+01  4.9600E-01  3.8094E+00  2.0000E+00  3.3639E+00  0.0000E+00  0.0000E+00
  6.5000E+01  3.0000E+00  6.0000E+00  0.0000E+00  5.0000E+01  4.9600E-01  3.8094E+00  6.0000E+00  5.1443E+00  0.0000E+00  0.0000E+00
  6.5000E+01  4.0000E+00  5.0000E+00  0.0000E+00  5.0000E+01  4.9600E-01  3.8094E+00  5.0000E+00  4.0588E+00  0.0000E+00  0.0000E+00
  6.5000E+01  5.0000E+00  3.0000E+00  0.0000E+00  5.0000E+01  4.9600E-01  3.8094E+00  3.0000E+00  3.0632E+00  0.0000E+00  0.0000E+00
  6.5000E+01  6.0000E+00  3.0000E+00  0.0000E+00  5.0000E+01  4.9600E-01  3.8094E+00  3.0000E+00  3.0632E+00  0.0000E+00  0.0000E+00
  6.6000E+01  1.0000E+00  2.0000E+00  0.0000E+00  1.0000E+02  1.2658E+00  1.6834E+00  2.0000E+00  3.2244E+00  0.0000E+00  0.0000E+00
  6.6000E+01  2.0000E+00  0.0000E+00  0.0000E+00  1.0000E+02  1.2658E+00  1.6834E+00  0.0000E+00  6.6350E+00  0.0000E+00  0.0000E+00
  6.6000E+01  3.0000E+00  0.0000E+00  0.0000E+00  1.0000E+02  1.2658E+00  1.6834E+00  0.0000E+00  6.6350E+00  0.0000E+00  0.0000E+00
  6.6000E+01  4.0000E+00  1.0000E+00  0.0000E+00  1.0000E+02  1.2658E+00  1.6834E+00  1.0000E+00  4.2366E+00  0.0000E+00  0.0000E+00
  6.6000E+01  5.0000E+00  3.0000E+00  0.0000E+00  1.0000E+02  1.2658E+00  1.6834E+00  3.0000E+00  3.0232E+00  0.0000E+00  0.0000E+00
  6.6000E+01  6.0000E+00  3.0000E+00  0.0000E+00  1.0000E+02  1.2658E+00  1.6834E+00  3.0000E+00  3.0232E+00  0.0000E+00  0.0000E+00
  6.7000E+01  1.0000E+00  1.5000E+01  0.0000E+00  0.0000E+00  0.0000E+00  1.3588E+01  1.5000E+01  1.5724E+01  0.0000E+00  0.0000E+00
  6.7000E+01  2.0000E+00  1.5000E+01  0.0000E+00  0.0000E+00  0.0000E+00  1.3588E+01  1.5000E+01  1.5724E+01  0.0000E+00  0.0000E+00
  6.7000E+01  3.0000E+00  1.8000E+01  0.0000E+00  0.0000E+00  0.0000E+00  1.3588E+01  1.8000E+01  2.2510E+01  0.0000E+00  0.0000E+00
  6.7000E+01  4.0000E+00  1.4000E+01  0.0000E+00  0.0000E+00  0.0000E+00  1.3588E+01  1.4000E+01  1.3711E+01  0.0000E+00  0.0000E+00
  6.7000E+01  5.0000E+00  4.0000E+00  0.0000E+00  0.0000E+00  0.0000E+00  1.3588E+01  4.0000E+00  3.7074E+00  0.0000E+00  0.0000E+00
  6.7000E+01  6.0000E+00  1.7000E+01  0.0000E+00  0.0000E+00  0.0000E+00  1.3588E+01  1.7000E+01  2.0131E+01  0.0000E+00  0.0000E+00
  6.8000E+01  1.0000E+00  1.0000E+00  0.0000E+00  5.0000E+01  3.2610E-01  2.8933E+00  1.0000E+00  4.6556E+00  0.0000E+00  0.0000E+00
  6.8000E+01  2.0000E+00  3.0000E+00  0.0000E+00  5.0000E+01  3.2610E-01  2.8933E+00  3.0000E+00  3.1020E+00  0.0000E+00  0.0000E+00
  6.8000E+01  3.0000E+00  7.0000E+00  0.0000E+00  5.0000E+01  3.2610E-01  2.8933E+00  7.0000E+00  6.2946E+00  0.0000E+00  0.0000E+00
  6.8000E+01  4.0000E+00  4.0000E+00  0.0000E+00  5.0000E+01  3.2610E-01  2.8933E+00  4.0000E+00  3.3060E+00  0.0000E+00  0.0000E+00
  6.8000E+01  5.0000E+00  1.0000E+00  0.0000E+00  5.0000E+01  3.2610E-01  2.8933E+00  1.0000E+00  4.6556E+00  0.0000E+00  0.0000E+00
  6.8000E+01  6.0000E+00  1.0000E+00  0.0000E+00  5.0000E+01  3.2610E-01  2.8933E+00  1.0000E+00  4.6556E+00  0.0000E+00  0.0000E+00
  6.9000E+01  1.0000E+00  0.0000E+00  0.0000E+00  1.0000E+02  5.3700E-01  1.5508E+00  0.0000E+00  6.9340E+00  0.0000E+00  0.0000E+00
  6.9000E+01  2.0000E+00  3.0000E+00  0.0000E+00  1.0000E+02  5.3700E-01  1.5508E+00  3.0000E+00  3.0578E+00  0.0000E+00  0.0000E+00
  6.9000E+01  3.0000E+00  1.0000E+00  0.0000E+00  1.0000E+02  5.3700E-01  1.5508E+00  1.0000E+00  4.4474E+00  0.0000E+00  0.0000E+00
  6.9000E+01  4.0000E+00  0.0000E+00  0.0000E+00  1.0000E+02  5.3700E-01  1.5508E+00  0.0000E+00  6.9340E+00  0.0000E+00  0.0000E+00
  6.9000E+01  5.0000E+00  1.0000E+00  0.0000E+00  1.0000E+02  5.3700E-01  1.5508E+00  1.0000E+00  4.4474E+00  0.0000E+00  0.0000E+00
  6.9000E+01  6.0000E+00  3.0000E+00  0.0000E+00  1.0000E+02  5.3700E-01  1.5508E+00  3.0000E+00  3.0578E+00  0.0000E+00  0.0000E+00
  7.0000E+01  1.0000E+00  3.0000E+00  0.0000E+00  0.0000E+00  0.0000E+00  2.8440E+00  3.0000E+00  4.3371E+00  0.0000E+00  0.0000E+00
  7.0000E+01  2.0000E+00  1.0000E+00  0.0000E+00  0.0000E+00  0.0000E+00  2.8440E+00  1.0000E+00  7.5582E+00  0.0000E+00  0.0000E+00
  7.0000E+01  3.0000E+00  8.0000E+00  0.0000E+00  0.0000E+00  0.0000E+00  2.8440E+00  8.0000E+00  4.9513E+00  0.0000E+00  0.0000E+00
  7.0000E+01  4.0000E+00  3.0000E+00  0.0000E+00  0.0000E+00  0.0000E+00  2.8440E+00  3.0000E+00  4.3371E+00  0.0000E+00  0.0000E+00
  7.0000E+01  5.0000E+00  0.0000E+00  0.0000E+00  0.0000E+00  0.0000E+00  2.8440E+00  0.0000E+00  1.0961E+01  0.0000E+00  0.0000E+00
  7.0000E+01  6.0000E+00  1.0000E+00  0.0000E+00  0.0000E+00  0.0000E+00  2.8440E+00  1.0000E+00  7.5582E+00  0.0000E+00  0.0000E+00
  7.1000E+01  1.0000E+00  1.1000E+01  0.0000E+00  5.0000E+01  3.6510E-01  4.1278E+00  1.1000E+01  1.4129E+01  0.0000E+00  0.0000E+00
  7.1000E+01  2.0000E+00  1.0000E+00  0.0000E+00  5.0000E+01  3.6510E-01  4.1278E+00  1.0000E+00  4.6016E+00  0.0000E+00  0.0000E+00
  7.1000E+01  3.0000E+00  2.0000E+00  0.0000E+00  5.0000E+01  3.6510E-01  4.1278E+00  2.0000E+00  3.4402E+00  0.0000E+00  0.0000E+00
  7.1000E+01  4.0000E+00  1.0000E+00  0.0000E+00  5.0000E+01  3.6510E-01  4.1278E+00  1.0000E+00  4.6016E+00  0.0000E+00  0.0000E+00
  7.1000E+01  5.0000E+00  5.0000E+00  0.0000E+00  5.0000E+01  3.6510E-01  4.1278E+00  5.0000E+00  3.9856E+00  0.0000E+00  0.0000E+00
  7.1000E+01  6.0000E+00  5.0000E+00  0.0000E+00  5.0000E+01  3.6510E-01  4.1278E+00  5.0000E+00  3.9856E+00  0.0000E+00  0.0000E+00
  7.2000E+01  1.0000E+00  4.0000E+00  0.0000E+00  1.0000E+02  6.6550E-01  8.5845E+00  4.0000E+00  3.3593E+00  0.0000E+00  0.0000E+00
  7.2000E+01  2.0000E+00  2.0000E+00  0.0000E+00  1.0000E+02  6.6550E-01  8.5845E+00  2.0000E+00  3.3071E+00  0.0000E+00  0.0000E+00
  7.2000E+01  3.0000E+00  7.0000E+00  0.0000E+00  1.0000E+02  6.6550E-01  8.5845E+00  7.0000E+00  6.6770E+00  0.0000E+00  0.0000E+00
  7.2000E+01  4.0000E+00  9.0000E+00  0.0000E+00  1.0000E+02  6.6550E-01  8.5845E+00  9.0000E+00  1.0313E+01  0.0000E+00  0.0000E+00
  7.2000E+01  5.0000E+00  2.5000E+01  0.0000E+00  1.0000E+02  6.6550E-01  8.5845E+00  2.5000E+01  6.1375E+01  0.0000E+00  0.0000E+00
  7.2000E+01  6.0000E+00  6.0000E+00  0.0000E+00  1.0000E+02  6.6550E-01  8.5845E+00  6.0000E+00  5.2440E+00  0.0000E+00  0.0000E+00
  7.3000E+01  1.0000E+00  0.0000E+00  0.0000E+00  0.0000E+00  0.0000E+00  2.8440E+00  0.0000E+00  1.0961E+01  0.0000E+00  0.0000E+00
  7.3000E+01  2.0000E+00  6.0000E+00  0.0000E+00  0.0000E+00  0.0000E+00  2.8440E+00  6.0000E+00  3.7052E+00  0.0000E+00  0.0000E+00
  7.3000E+01  3.0000E+00  3.0000E+00  0.0000E+00  0.0000E+00  0.0000E+00  2.8440E+00  3.0000E+00  4.3371E+00  0.0000E+00  0.0000E+00
  7.3000E+01  4.0000E+00  3.0000E+00  0.0000E+00  0.0000E+00  0.0000E+00  2.8440E+00  3.0000E+00  4.3371E+00  0.0000E+00  0.0000E+00
  7.3000E+01  5.0000E+00  0.0000E+00  0.0000E+00  0.0000E+00  0.0000E+00  2.8440E+00  0.0000E+00  1.0961E+01  0.0000E+00  0.0000E+00
  7.3000E+01  6.0000E+00  4.0000E+00  0.0000E+00  0.0000E+00  0.0000E+00  2.8440E+00  4.0000E+00  3.7074E+00  0.0000E+00  0.0000E+00
  7.4000E+01  1.0000E+00  9.0000E+00  0.0000E+00  5.0000E+01  4.1000E-01  4.2818E+00  9.0000E+00  9.9319E+00  0.0000E+00  0.0000E+00
  7.4000E+01  2.0000E+00  1.0000E+00  0.0000E+00  5.0000E+01  4.1000E-01  4.2818E+00  1.0000E+00  4.5506E+00  0.0000E+00  0.0000E+00
  7.4000E+01  3.0000E+00  4.0000E+00  0.0000E+00  5.0000E+01  4.1000E-01  4.2818E+00  4.0000E+00  3.3233E+00  0.0000E+00  0.0000E+00
  7.4000E+01  4.0000E+00  4.0000E+00  0.0000E+00  5.0000E+01  4.1000E-01  4.2818E+00  4.0000E+00  3.3233E+00  0.0000E+00  0.0000E+00
  7.4000E+01  5.0000E+00  3.0000E+00  0.0000E+00  5.0000E+01  4.1000E-01  4.2818E+00  3.0000E+00  3.0785E+00  0.0000E+00  0.0000E+00
  7.4000E+01  6.0000E+00  5.0000E+00  0.0000E+00  5.0000E+01  4.1000E-01  4.2818E+00  5.0000E+00  4.0144E+00  0.0000E+00  0.0000E+00
  7.5000E+01  1.0000E+00  1.0000E+01  0.0000E+00  1.0000E+02  7.3110E-01  1.1341E+01  1.0000E+01  1.2531E+01  0.0000E+00  0.0000E+00
  7.5000E+01  2.0000E+00  8.0000E+00  0.0000E+00  1.0000E+02  7.3110E-01  1.1341E+01  8.0000E+00  8.4269E+00  0.0000E+00  0.0000E+00
  7.5000E+01  3.0000E+00  3.2000E+01  0.0000E+00  1.0000E+02  7.3110E-01  1.1341E+01  3.2000E+01  9.1582E+01  0.0000E+00  0.0000E+00
  7.5000E+01  4.0000E+00  6.0000E+00  0.0000E+00  1.0000E+02  7.3110E-01  1.1341E+01  6.0000E+00  5.2721E+00  0.0000E+00  0.0000E+00
  7.5000E+01  5.0000E+00  1.2000E+01  0.0000E+00  1.0000E+02  7.3110E-01  1.1341E+01  1.2000E+01  1.7400E+01  0.0000E+00  0.0000E+00
  7.5000E+01  6.0000E+00  2.0000E+00  0.0000E+00  1.0000E+02  7.3110E-01  1.1341E+01  2.0000E+00  3.2918E+00  0.0000E+00  0.0000E+00
  7.6000E+01  1.0000E+00  5.0000E+00  0.0000E+00  0.0000E+00  0.0000E+00  2.6922E+00  5.0000E+00  3.5240E+00  0.0000E+00  0.0000E+00
  7.6000E+01  2.0000E+00  1.0000E+00  0.0000E+00  0.0000E+00  0.0000E+00  2.6922E+00  1.0000E+00  7.5582E+00  0.0000E+00  0.0000E+00
  7.6000E+01  3.0000E+00  2.0000E+00  0.0000E+00  0.0000E+00  0.0000E+00  2.6922E+00  2.0000E+00  5.5422E+00  0.0000E+00  0.0000E+00
  7.6000E+01  4.0000E+00  6.0000E+00  0.0000E+00  0.0000E+00  0.0000E+00  2.6922E+00  6.0000E+00  3.7052E+00  0.0000E+00  0.0000E+00
  7.6000E+01  5.0000E+00  0.0000E+00  0.0000E+00  0.0000E+00  0.0000E+00  2.6922E+00  0.0000E+00  1.0961E+01  0.0000E+00  0.0000E+00
  7.6000E+01  6.0000E+00  1.0000E+00  0.0000E+00  0.0000E+00  0.0000E+00  2.6922E+00  1.0000E+00  7.5582E+00  0.0000E+00  0.0000E+00
  7.7000E+01  1.0000E+00  7.0000E+00  0.0000E+00  5.0000E+01  4.2960E-01  3.1934E+00  7.0000E+00  6.4607E+00  0.0000E+00  0.0000E+00
  7.7000E+01  2.0000E+00  1.0000E+00  0.0000E+00  5.0000E+01  4.2960E-01  3.1934E+00  1.0000E+00  4.5312E+00  0.0000E+00  0.0000E+00
  7.7000E+01  3.0000E+00  7.0000E+00  0.0000E+00  5.0000E+01  4.2960E-01  3.1934E+00  7.0000E+00  6.4607E+00  0.0000E+00  0.0000E+00
  7.7000E+01  4.0000E+00  0.0000E+00  0.0000E+00  5.0000E+01  4.2960E-01  3.1934E+00  0.0000E+00  7.0513E+00  0.0000E+00  0.0000E+00
  7.7000E+01  5.0000E+00  2.0000E+00  0.0000E+00  5.0000E+01  4.2960E-01  3.1934E+00  2.0000E+00  3.3973E+00  0.0000E+00  0.0000E+00
  7.7000E+01  6.0000E+00  2.0000E+00  0.0000E+00  5.0000E+01  4.2960E-01  3.1934E+00  2.0000E+00  3.3973E+00  0.0000E+00  0.0000E+00
  7.8000E+01  1.0000E+00  6.0000E+00  0.0000E+00  1.0000E+02  7.4770E-01  9.2298E+00  6.0000E+00  5.2786E+00  0.0000E+00  0.0000E+00
  7.8000E+01  2.0000E+00  5.0000E+00  0.0000E+00  1.0000E+02  7.4770E-01  9.2298E+00  5.0000E+00  4.1405E+00  0.0000E+00  0.0000E+00
  7.8000E+01  3.0000E+00  7.0000E+00  0.0000E+00  1.0000E+02  7.4770E-01  9.2298E+00  7.0000E+00  6.7249E+00  0.0000E+00  0.0000E+00
  7.8000E+01  4.0000E+00  1.4000E+01  0.0000E+00  1.0000E+02  7.4770E-01  9.2298E+00  1.4000E+01  2.2939E+01  0.0000E+00  0.0000E+00
  7.8000E+01  5.0000E+00  9.0000E+00  0.0000E+00  1.0000E+02  7.4770E-01  9.2298E+00  9.0000E+00  1.0387E+01  0.0000E+00  0.0000E+00
  7.8000E+01  6.0000E+00  1.6000E+01  0.0000E+00  1.0000E+02  7.4770E-01  9.2298E+00  1.6000E+01  2.9009E+01  0.0000E+00  0.0000E+00
  7.9000E+01  1.0000E+00  1.0000E+01  0.0000E+00  0.0000E+00  0.0000E+00  5.3403E+00  1.0000E+01  7.1463E+00  0.0000E+00  0.0000E+00
  7.9000E+01  2.0000E+00  4.0000E+00  0.0000E+00  0.0000E+00  0.0000E+00  5.3403E+00  4.0000E+00  3.7074E+00  0.0000E+00  0.0000E+00
  7.9000E+01  3.0000E+00  8.0000E+00  0.0000E+00  0.0000E+00  0.0000E+00  5.3403E+00  8.0000E+00  4.9513E+00  0.0000E+00  0.0000E+00
  7.9000E+01  4.0000E+00  2.0000E+00  0.0000E+00  0.0000E+00  0.0000E+00  5.3403E+00  2.0000E+00  5.5422E+00  0.0000E+00  0.0000E+00
  7.9000E+01  5.0000E+00  4.0000E+00  0.0000E+00  0.0000E+00  0.0000E+00  5.3403E+00  4.0000E+00  3.7074E+00  0.0000E+00  0.0000E+00
  7.9000E+01  6.0000E+00  4.0000E+00  0.0000E+00  0.0000E+00  0.0000E+00  5.3403E+00  4.0000E+00  3.7074E+00  0.0000E+00  0.0000E+00
  8.0000E+01  1.0000E+00  1.1000E+01  0.0000E+00  5.0000E+01  2.5460E-01  1.6267E+01  1.1000E+01  1.3607E+01  0.0000E+00  0.0000E+00
  8.0000E+01  2.0000E+00  1.2000E+01  0.0000E+00  5.0000E+01  2.5460E-01  1.6267E+01  1.2000E+01  1.5958E+01  0.0000E+00  0.0000E+00
  8.0000E+01  3.0000E+00  1.8000E+01  0.0000E+00  5.0000E+01  2.5460E-01  1.6267E+01  1.8000E+01  3.3063E+01  0.0000E+00  0.0000E+00
  8.0000E+01  4.0000E+00  2.7000E+01  0.0000E+00  5.0000E+01  2.5460E-01  1.6267E+01  2.7000E+01  6.5820E+01  0.0000E+00  0.0000E+00
  8.0000E+01  5.0000E+00  4.0000E+00  0.0000E+00  5.0000E+01  2.5460E-01  1.6267E+01  4.0000E+00  3.2889E+00  0.0000E+00  0.0000E+00
  8.0000E+01  6.0000E+00  2.8000E+01  0.0000E+00  5.0000E+01  2.5460E-01  1.6267E+01  2.8000E+01  6.9866E+01  0.0000E+00  0.0000E+00
  8.1000E+01  1.0000E+00  1.0000E+00  0.0000E+00  1.0000E+02  9.6000E-01  1.8304E+00  1.0000E+00  4.2884E+00  0.0000E+00  0.0000E+00
  8.1000E+01  2.0000E+00  3.0000E+00  0.0000E+00  1.0000E+02  9.6000E-01  1.8304E+00  3.0000E+00  3.0307E+00  0.0000E+00  0.0000E+00
  8.1000E+01  3.0000E+00  0.0000E+00  0.0000E+00  1.0000E+02  9.6000E-01  1.8304E+00  0.0000E+00  6.7091E+00  0.0000E+00  0.0000E+00
  8.1000E+01  4.0000E+00  2.0000E+00  0.0000E+00  1.0000E+02  9.6000E-01  1.8304E+00  2.0000E+00  3.2541E+00  0.0000E+00  0.0000E+00
  8.1000E+01  5.0000E+00  3.0000E+00  0.0000E+00  1.0000E+02  9.6000E-01  1.8304E+00  3.0000E+00  3.0307E+00  0.0000E+00  0.0000E+00
  8.1000E+01  6.0000E+00  1.0000E+00  0.0000E+00  1.0000E+02  9.6000E-01  1.8304E+00  1.0000E+00  4.2884E+00  0.0000E+00  0.0000E+00
  8.2000E+01  1.0000E+00  2.0000E+00  0.0000E+00  0.0000E+00  0.0000E+00  3.3035E+00  2.0000E+00  5.5422E+00  0.0000E+00  0.0000E+00
  8.2000E+01  2.0000E+00  6.0000E+00  0.0000E+00  0.0000E+00  0.0000E+00  3.3035E+00  6.0000E+00  3.7052E+00  0.0000E+00  0.0000E+00
  8.2000E+01  3.0000E+00  3.0000E+00  0.0000E+00  0.0000E+00  0.0000E+00  3.3035E+00  3.0000E+00  4.3371E+00  0.0000E+00  0.0000E+00
  8.2000E+01  4.0000E+00  6.0000E+00  0.0000E+00  0.0000E+00  0.0000E+00  3.3035E+00  6.0000E+00  3.7052E+00  0.0000E+00  0.0000E+00
  8.2000E+01  5.0000E+00  1.0000E+00  0.0000E+00  0.0000E+00  0.0000E+00  3.3035E+00  1.0000E+00  7.5582E+00  0.0000E+00  0.0000E+00
  8.2000E+01  6.0000E+00  1.0000E+00  0.0000E+00  0.0000E+00  0.0000E+00  3.3035E+00  1.0000E+00  7.5582E+00  0.0000E+00  0.0000E+00
  8.3000E+01  1.0000E+00  1.0000E+00  0.0000E+00  5.0000E+01  3.0000E-01  1.8498E+00  1.0000E+00  4.6981E+00  0.0000E+00  0.0000E+00
  8.3000E+01  2.0000E+00  2.0000E+00  0.0000E+00  5.0000E+01  3.0000E-01  1.8498E+00  2.0000E+00  3.4996E+00  0.0000E+00  0.0000E+00
  8.3000E+01  3.0000E+00  4.0000E+00  0.0000E+00  5.0000E+01  3.0000E-01  1.8498E+00  4.0000E+00  3.3000E+00  0.0000E+00  0.0000E+00
  8.3000E+01  4.0000E+00  1.0000E+00  0.0000E+00  5.0000E+01  3.0000E-01  1.8498E+00  1.0000E+00  4.6981E+00  0.0000E+00  0.0000E+00
  8.3000E+01  5.0000E+00  1.0000E+00  0.0000E+00  5.0000E+01  3.0000E-01  1.8498E+00  1.0000E+00  4.6981E+00  0.0000E+00  0.0000E+00
  8.3000E+01  6.0000E+00  1.0000E+00  0.0000E+00  5.0000E+01  3.0000E-01  1.8498E+00  1.0000E+00  4.6981E+00  0.0000E+00  0.0000E+00
  8.4000E+01  1.0000E+00  3.0000E+00  0.0000E+00  1.0000E+02  5.9180E-01  3.4960E+00  3.0000E+00  3.0518E+00  0.0000E+00  0.0000E+00
  8.4000E+01  2.0000E+00  5.0000E+00  0.0000E+00  1.0000E+02  5.9180E-01  3.4960E+00  5.0000E+00  4.0963E+00  0.0000E+00  0.0000E+00
  8.4000E+01  3.0000E+00  4.0000E+00  0.0000E+00  1.0000E+02  5.9180E-01  3.4960E+00  4.0000E+00  3.3509E+00  0.0000E+00  0.0000E+00
  8.4000E+01  4.0000E+00  5.0000E+00  0.0000E+00  1.0000E+02  5.9180E-01  3.4960E+00  5.0000E+00  4.0963E+00  0.0000E+00  0.0000E+00
  8.4000E+01  5.0000E+00  1.0000E+00  0.0000E+00  1.0000E+02  5.9180E-01  3.4960E+00  1.0000E+00  4.4152E+00  0.0000E+00  0.0000E+00
  8.4000E+01  6.0000E+00  3.0000E+00  0.0000E+00  1.0000E+02  5.9180E-01  3.4960E+00  3.0000E+00  3.0518E+00  0.0000E+00  0.0000E+00
  8.5000E+01  1.0000E+00  7.0000E+00  0.0000E+00  0.0000E+00  0.0000E+00  7.2574E+00  7.0000E+00  4.1947E+00  0.0000E+00  0.0000E+00
  8.5000E+01  2.0000E+00  2.0000E+00  0.0000E+00  0.0000E+00  0.0000E+00  7.2574E+00  2.0000E+00  5.5422E+00  0.0000E+00  0.0000E+00
  8.5000E+01  3.0000E+00  9.0000E+00  0.0000E+00  0.0000E+00  0.0000E+00  7.2574E+00  9.0000E+00  5.9434E+00  0.0000E+00  0.0000E+00
  8.5000E+01  4.0000E+00  9.0000E+00  0.0000E+00  0.0000E+00  0.0000E+00  7.2574E+00  9.0000E+00  5.9434E+00  0.0000E+00  0.0000E+00
  8.5000E+01  5.0000E+00  1.1000E+01  0.0000E+00  0.0000E+00  0.0000E+00  7.2574E+00  1.1000E+01  8.5397E+00  0.0000E+00  0.0000E+00
  8.5000E+01  6.0000E+00  6.0000E+00  0.0000E+00  0.0000E+00  0.0000E+00  7.2574E+00  6.0000E+00  3.7052E+00  0.0000E+00  0.0000E+00
  8.6000E+01  1.0000E+00  2.0000E+00  0.0000E+00  5.0000E+01  5.2400E-01  1.2716E+00  2.0000E+00  3.3522E+00  0.0000E+00  0.0000E+00
  8.6000E+01  2.0000E+00  1.0000E+00  0.0000E+00  5.0000E+01  5.2400E-01  1.2716E+00  1.0000E+00  4.4559E+00  0.0000E+00  0.0000E+00
  8.6000E+01  3.0000E+00  2.0000E+00  0.0000E+00  5.0000E+01  5.2400E-01  1.2716E+00  2.0000E+00  3.3522E+00  0.0000E+00  0.0000E+00
  8.6000E+01  4.0000E+00  1.0000E+00  0.0000E+00  5.0000E+01  5.2400E-01  1.2716E+00  1.0000E+00  4.4559E+00  0.0000E+00  0.0000E+00
  8.6000E+01  5.0000E+00  0.0000E+00  0.0000E+00  5.0000E+01  5.2400E-01  1.2716E+00  0.0000E+00  6.9459E+00  0.0000E+00  0.0000E+00
  8.6000E+01  6.0000E+00  0.0000E+00  0.0000E+00  5.0000E+01  5.2400E-01  1.2716E+00  0.0000E+00  6.9459E+00  0.0000E+00  0.0000E+00
  8.7000E+01  1.0000E+00  3.0000E+00  0.0000E+00  1.0000E+02  4.8870E-01  3.4993E+00  3.0000E+00  3.0643E+00  0.0000E+00  0.0000E+00
  8.7000E+01  2.0000E+00  5.0000E+00  0.0000E+00  1.0000E+02  4.8870E-01  3.4993E+00  5.0000E+00  4.0554E+00  0.0000E+00  0.0000E+00
  8.7000E+01  3.0000E+00  3.0000E+00  0.0000E+00  1.0000E+02  4.8870E-01  3.4993E+00  3.0000E+00  3.0643E+00  0.0000E+00  0.0000E+00
  8.7000E+01  4.0000E+00  3.0000E+00  0.0000E+00  1.0000E+02  4.8870E-01  3.4993E+00  3.0000E+00  3.0643E+00  0.0000E+00  0.0000E+00
  8.7000E+01  5.0000E+00  1.0000E+00  0.0000E+00  1.0000E+02  4.8870E-01  3.4993E+00  1.0000E+00  4.4811E+00  0.0000E+00  0.0000E+00
  8.7000E+01  6.0000E+00  6.0000E+00  0.0000E+00  1.0000E+02  4.8870E-01  3.4993E+00  6.0000E+00  5.1388E+00  0.0000E+00  0.0000E+00
  8.8000E+01  1.0000E+00  2.0000E+00  0.0000E+00  0.0000E+00  0.0000E+00  3.4578E+00  2.0000E+00  5.5422E+00  0.0000E+00  0.0000E+00
  8.8000E+01  2.0000E+00  2.0000E+00  0.0000E+00  0.0000E+00  0.0000E+00  3.4578E+00  2.0000E+00  5.5422E+00  0.0000E+00  0.0000E+00
  8.8000E+01  3.0000E+00  2.0000E+00  0.0000E+00  0.0000E+00  0.0000E+00  3.4578E+00  2.0000E+00  5.5422E+00  0.0000E+00  0.0000E+00
  8.8000E+01  4.0000E+00  5.0000E+00  0.0000E+00  0.0000E+00  0.0000E+00  3.4578E+00  5.0000E+00  3.5240E+00  0.0000E+00  0.0000E+00
  8.8000E+01  5.0000E+00  3.0000E+00  0.0000E+00  0.0000E+00  0.0000E+00  3.4578E+00  3.0000E+00  4.3371E+00  0.0000E+00  0.0000E+00
  8.8000E+01  6.0000E+00  6.0000E+00  0.0000E+00  0.0000E+00  0.0000E+00  3.4578E+00  6.0000E+00  3.7052E+00  0.0000E+00  0.0000E+00
  8.9000E+01  1.0000E+00  2.2000E+01  0.0000E+00  5.0000E+01  6.8520E-01  2.4138E+01  2.2000E+01  4.9751E+01  0.0000E+00  0.0000E+00
  8.9000E+01  2.0000E+00  2.0000E+01  0.0000E+00  5.0000E+01  6.8520E-01  2.4138E+01  2.0000E+01  4.2391E+01  0.0000E+00  0.0000E+00
  8.9000E+01  3.0000E+00  1.2000E+01  0.0000E+00  5.0000E+01  6.8520E-01  2.4138E+01  1.2000E+01  1.7337E+01  0.0000E+00  0.0000E+00
  8.9000E+01  4.0000E+00  2.3000E+01  0.0000E+00  5.0000E+01  6.8520E-01  2.4138E+01  2.3000E+01  5.3567E+01  0.0000E+00  0.0000E+00
  8.9000E+01  5.0000E+00  3.4000E+01  0.0000E+00  5.0000E+01  6.8520E-01  2.4138E+01  3.4000E+01  1.0051E+02  0.0000E+00  0.0000E+00
  8.9000E+01  6.0000E+00  3.7000E+01  0.0000E+00  5.0000E+01  6.8520E-01  2.4138E+01  3.7000E+01  1.1464E+02  0.0000E+00  0.0000E+00
  9.0000E+01  1.0000E+00  3.0000E+00  0.0000E+00  1.0000E+02  6.7810E-01  1.8347E+00  3.0000E+00  3.0446E+00  0.0000E+00  0.0000E+00
  9.0000E+01  2.0000E+00  2.0000E+00  0.0000E+00  1.0000E+02  6.7810E-01  1.8347E+00  2.0000E+00  3.3039E+00  0.0000E+00  0.0000E+00
  9.0000E+01  3.0000E+00  0.0000E+00  0.0000E+00  1.0000E+02  6.7810E-01  1.8347E+00  0.0000E+00  6.8308E+00  0.0000E+00  0.0000E+00
  9.0000E+01  4.0000E+00  2.0000E+00  0.0000E+00  1.0000E+02  6.7810E-01  1.8347E+00  2.0000E+00  3.3039E+00  0.0000E+00  0.0000E+00
  9.0000E+01  5.0000E+00  2.0000E+00  0.0000E+00  1.0000E+02  6.7810E-01  1.8347E+00  2.0000E+00  3.3039E+00  0.0000E+00  0.0000E+00
  9.0000E+01  6.0000E+00  1.0000E+00  0.0000E+00  1.0000E+02  6.7810E-01  1.8347E+00  1.0000E+00  4.3742E+00  0.0000E+00  0.0000E+00
  9.1000E+01  1.0000E+00  2.0000E+00  0.0000E+00  0.0000E+00  0.0000E+00  1.6567E+00  2.0000E+00  5.5422E+00  0.0000E+00  0.0000E+00
  9.1000E+01  2.0000E+00  1.0000E+00  0.0000E+00  0.0000E+00  0.0000E+00  1.6567E+00  1.0000E+00  7.5582E+00  0.0000E+00  0.0000E+00
  9.1000E+01  3.0000E+00  0.0000E+00  0.0000E+00  0.0000E+00  0.0000E+00  1.6567E+00  0.0000E+00  1.0961E+01  0.0000E+00  0.0000E+00
  9.1000E+01  4.0000E+00  1.0000E+00  0.0000E+00  0.0000E+00  0.0000E+00  1.6567E+00  1.0000E+00  7.5582E+00  0.0000E+00  0.0000E+00
  9.1000E+01  5.0000E+00  1.0000E+00  0.0000E+00  0.0000E+00  0.0000E+00  1.6567E+00  1.0000E+00  7.5582E+00  0.0000E+00  0.0000E+00
  9.1000E+01  6.0000E+00  3.0000E+00  0.0000E+00  0.0000E+00  0.0000E+00  1.6567E+00  3.0000E+00  4.3371E+00  0.0000E+00  0.0000E+00
  9.2000E+01  1.0000E+00  5.0000E+00  0.0000E+00  5.0000E+01  5.6040E-01  4.7476E+00  5.0000E+00  4.0851E+00  0.0000E+00  0.0000E+00
  9.2000E+01  2.0000E+00  3.0000E+00  0.0000E+00  5.0000E+01  5.6040E-01  4.7476E+00  3.0000E+00  3.0551E+00  0.0000E+00  0.0000E+00
  9.2000E+01  3.0000E+00  4.0000E+00  0.0000E+00  5.0000E+01  5.6040E-01  4.7476E+00  4.0000E+00  3.3469E+00  0.0000E+00  0.0000E+00
  9.2000E+01  4.0000E+00  1.0000E+01  0.0000E+00  5.0000E+01  5.6040E-01  4.7476E+00  1.0000E+01  1.2315E+01  0.0000E+00  0.0000E+00
  9.2000E+01  5.0000E+00  6.0000E+00  0.0000E+00  5.0000E+01  5.6040E-01  4.7476E+00  6.0000E+00  5.1879E+00  0.0000E+00  0.0000E+00
  9.2000E+01  6.0000E+00  1.0000E+00  0.0000E+00  5.0000E+01  5.6040E-01  4.7476E+00  1.0000E+00  4.4330E+00  0.0000E+00  0.0000E+00
  9.3000E+01  1.0000E+00  5.0000E+00  0.0000E+00  1.0000E+02  8.0380E-01  4.7421E+00  5.0000E+00  4.1529E+00  0.0000E+00  0.0000E+00
  9.3000E+01  2.0000E+00  9.0000E+00  0.0000E+00  1.0000E+02  8.0380E-01  4.7421E+00  9.0000E+00  1.0431E+01  0.0000E+00  0.0000E+00
  9.3000E+01  3.0000E+00  3.0000E+00  0.0000E+00  1.0000E+02  8.0380E-01  4.7421E+00  3.0000E+00  3.0370E+00  0.0000E+00  0.0000E+00
  9.3000E+01  4.0000E+00  4.0000E+00  0.0000E+00  1.0000E+02  8.0380E-01  4.7421E+00  4.0000E+00  3.3718E+00  0.0000E+00  0.0000E+00
  9.3000E+01  5.0000E+00  6.0000E+00  0.0000E+00  1.0000E+02  8.0380E-01  4.7421E+00  6.0000E+00  5.2987E+00  0.0000E+00  0.0000E+00
  9.3000E+01  6.0000E+00  2.0000E+00  0.0000E+00  1.0000E+02  8.0380E-01  4.7421E+00  2.0000E+00  3.2776E+00  0.0000E+00  0.0000E+00
  9.4000E+01  1.0000E+00  4.0000E+00  0.0000E+00  0.0000E+00  0.0000E+00  5.0235E+00  4.0000E+00  3.7074E+00  0.0000E+00  0.0000E+00
  9.4000E+01  2.0000E+00  4.0000E+00  0.0000E+00  0.0000E+00  0.0000E+00  5.0235E+00  4.0000E+00  3.7074E+00  0.0000E+00  0.0000E+00
  9.4000E+01  3.0000E+00  1.0000E+00  0.0000E+00  0.0000E+00  0.0000E+00  5.0235E+00  1.0000E+00  7.5582E+00  0.0000E+00  0.0000E+00
  9.4000E+01  4.0000E+00  7.0000E+00  0.0000E+00  0.0000E+00  0.0000E+00  5.0235E+00  7.0000E+00  4.1947E+00  0.0000E+00  0.0000E+00
  9.4000E+01  5.0000E+00  3.0000E+00  0.0000E+00  0.0000E+00  0.0000E+00  5.0235E+00  3.0000E+00  4.3371E+00  0.0000E+00  0.0000E+00
  9.4000E+01  6.0000E+00  1.1000E+01  0.0000E+00  0.0000E+00  0.0000E+00  5.0235E+00  1.1000E+01  8.5397E+00  0.0000E+00  0.0000E+00
  9.5000E+01  1.0000E+00  8.0000E+00  0.0000E+00  5.0000E+01  3.8800E-01  5.3877E+00  8.0000E+00  8.0237E+00  0.0000E+00  0.0000E+00
  9.5000E+01  2.0000E+00  2.0000E+00  0.0000E+00  5.0000E+01  3.8800E-01  5.3877E+00  2.0000E+00  3.4235E+00  0.0000E+00  0.0000E+00
  9.5000E+01  3.0000E+00  0.0000E+00  0.0000E+00  5.0000E+01  3.8800E-01  5.3877E+00  0.0000E+00  7.1114E+00  0.0000E+00  0.0000E+00
  9.5000E+01  4.0000E+00  6.0000E+00  0.0000E+00  5.0000E+01  3.8800E-01  5.3877E+00  6.0000E+00  5.0472E+00  0.0000E+00  0.0000E+00
  9.5000E+01  5.0000E+00  1.2000E+01  0.0000E+00  5.0000E+01  3.8800E-01  5.3877E+00  1.2000E+01  1.6640E+01  0.0000E+00  0.0000E+00
  9.5000E+01  6.0000E+00  5.0000E+00  0.0000E+00  5.0000E+01  3.8800E-01  5.3877E+00  5.0000E+00  4.0008E+00  0.0000E+00  0.0000E+00
  9.6000E+01  1.0000E+00  6.0000E+00  0.0000E+00  1.0000E+02  7.5560E-01  3.8026E+00  6.0000E+00  5.2816E+00  0.0000E+00  0.0000E+00
  9.6000E+01  2.0000E+00  1.0000E+00  0.0000E+00  1.0000E+02  7.5560E-01  3.8026E+00  1.0000E+00  4.3447E+00  0.0000E+00  0.0000E+00
  9.6000E+01  3.0000E+00  1.0000E+00  0.0000E+00  1.0000E+02  7.5560E-01  3.8026E+00  1.0000E+00  4.3447E+00  0.0000E+00  0.0000E+00
  9.6000E+01  4.0000E+00  2.0000E+00  0.0000E+00  1.0000E+02  7.5560E-01  3.8026E+00  2.0000E+00  3.2867E+00  0.0000E+00  0.0000E+00
  9.6000E+01  5.0000E+00  7.0000E+00  0.0000E+00  1.0000E+02  7.5560E-01  3.8026E+00  7.0000E+00  6.7290E+00  0.0000E+00  0.0000E+00
  9.6000E+01  6.0000E+00  6.0000E+00  0.0000E+00  1.0000E+02  7.5560E-01  3.8026E+00  6.0000E+00  5.2816E+00  0.0000E+00  0.0000E+00
  9.7000E+01  1.0000E+00  1.2000E+01  0.0000E+00  0.0000E+00  0.0000E+00  1.4242E+01  1.2000E+01  1.0107E+01  0.0000E+00  0.0000E+00
  9.7000E+01  2.0000E+00  1.0000E+00  0.0000E+00  0.0000E+00  0.0000E+00  1.4242E+01  1.0000E+00  7.5582E+00  0.0000E+00  0.0000E+00
  9.7000E+01  3.0000E+00  2.3000E+01  0.0000E+00  0.0000E+00  0.0000E+00  1.4242E+01  2.3000E+01  3.5921E+01  0.0000E+00  0.0000E+00
  9.7000E+01  4.0000E+00  3.0000E+00  0.0000E+00  0.0000E+00  0.0000E+00  1.4242E+01  3.0000E+00  4.3371E+00  0.0000E+00  0.0000E+00
  9.7000E+01  5.0000E+00  1.9000E+01  0.0000E+00  0.0000E+00  0.0000E+00  1.4242E+01  1.9000E+01  2.4996E+01  0.0000E+00  0.0000E+00
  9.7000E+01  6.0000E+00  2.9000E+01  0.0000E+00  0.0000E+00  0.0000E+00  1.4242E+01  2.9000E+01  5.4808E+01  0.0000E+00  0.0000E+00
  9.8000E+01  1.0000E+00  5.0000E+00  0.0000E+00  5.0000E+01  6.8790E-01  4.4295E+00  5.0000E+00  4.1255E+00  0.0000E+00  0.0000E+00
  9.8000E+01  2.0000E+00  8.0000E+00  0.0000E+00  5.0000E+01  6.8790E-01  4.4295E+00  8.0000E+00  8.3950E+00  0.0000E+00  0.0000E+00
  9.8000E+01  3.0000E+00  2.0000E+00  0.0000E+00  5.0000E+01  6.8790E-01  4.4295E+00  2.0000E+00  3.3015E+00  0.0000E+00  0.0000E+00
  9.8000E+01  4.0000E+00  9.0000E+00  0.0000E+00  5.0000E+01  6.8790E-01  4.4295E+00  9.0000E+00  1.0335E+01  0.0000E+00  0.0000E+00
  9.8000E+01  5.0000E+00  1.0000E+00  0.0000E+00  5.0000E+01  6.8790E-01  4.4295E+00  1.0000E+00  4.3702E+00  0.0000E+00  0.0000E+00
  9.8000E+01  6.0000E+00  2.0000E+00  0.0000E+00  5.0000E+01  6.8790E-01  4.4295E+00  2.0000E+00  3.3015E+00  0.0000E+00  0.0000E+00
  9.9000E+01  1.0000E+00  6.0000E+00  0.0000E+00  1.0000E+02  1.5311E+00  5.0513E+00  6.0000E+00  5.4367E+00  0.0000E+00  0.0000E+00
  9.9000E+01  2.0000E+00  4.0000E+00  0.0000E+00  1.0000E+02  1.5311E+00  5.0513E+00  4.0000E+00  3.4061E+00  0.0000E+00  0.0000E+00
  9.9000E+01  3.0000E+00  8.0000E+00  0.0000E+00  1.0000E+02  1.5311E+00  5.0513E+00  8.0000E+00  8.7156E+00  0.0000E+00  0.0000E+00
  9.9000E+01  4.0000E+00  2.0000E+00  0.0000E+00  1.0000E+02  1.5311E+00  5.0513E+00  2.0000E+00  3.2081E+00  0.0000E+00  0.0000E+00
  9.9000E+01  5.0000E+00  8.0000E+00  0.0000E+00  1.0000E+02  1.5311E+00  5.0513E+00  8.0000E+00  8.7156E+00  0.0000E+00  0.0000E+00
  9.9000E+01  6.0000E+00  3.0000E+00  0.0000E+00  1.0000E+02  1.5311E+00  5.0513E+00  3.0000E+00  3.0194E+00  0.0000E+00  0.0000E+00
  1.0000E+02  1.0000E+00  2.0000E+00  0.0000E+00  0.0000E+00  0.0000E+00  6.9363E+00  2.0000E+00  5.5422E+00  0.0000E+00  0.0000E+00
  1.0000E+02  2.0000E+00  1.1000E+01  0.0000E+00  0.0000E+00  0.0000E+00  6.9363E+00  1.1000E+01  8.5397E+00  0.0000E+00  0.0000E+00
  1.0000E+02  3.0000E+00  4.0000E+00  0.0000E+00  0.0000E+00  0.0000E+00  6.9363E+00  4.0000E+00  3.7074E+00  0.0000E+00  0.0000E+00
  1.0000E+02  4.0000E+00  3.0000E+00  0.0000E+00  0.0000E+00  0.0000E+00  6.9363E+00  3.0000E+00  4.3371E+00  0.0000E+00  0.0000E+00
  1.0000E+02  5.0000E+00  1.6000E+01  0.0000E+00  0.0000E+00  0.0000E+00  6.9363E+00  1.6000E+01  1.7867E+01  0.0000E+00  0.0000E+00
  1.0000E+02  6.0000E+00  6.0000E+00  0.0000E+00  0.0000E+00  0.0000E+00  6.9363E+00  6.0000E+00  3.7052E+00  0.0000E+00  0.0000E+00
  1.0100E+02  1.0000E+00  5.0000E+00  0.0000E+00  5.0000E+01  2.5880E-01  4.4499E+00  5.0000E+00  3.8937E+00  0.0000E+00  0.0000E+00
  1.0100E+02  2.0000E+00  4.0000E+00  0.0000E+00  5.0000E+01  2.5880E-01  4.4499E+00  4.0000E+00  3.2899E+00  0.0000E+00  0.0000E+00
  1.0100E+02  3.0000E+00  4.0000E+00  0.0000E+00  5.0000E+01  2.5880E-01  4.4499E+00  4.0000E+00  3.2899E+00  0.0000E+00  0.0000E+00
  1.0100E+02  4.0000E+00  4.0000E+00  0.0000E+00  5.0000E+01  2.5880E-01  4.4499E+00  4.0000E+00  3.2899E+00  0.0000E+00  0.0000E+00
  1.0100E+02  5.0000E+00  7.0000E+00  0.0000E+00  5.0000E+01  2.5880E-01  4.4499E+00  7.0000E+00  6.1388E+00  0.0000E+00  0.0000E+00
  1.0100E+02  6.0000E+00  3.0000E+00  0.0000E+00  5.0000E+01  2.5880E-01  4.4499E+00  3.0000E+00  3.1324E+00  0.0000E+00  0.0000E+00
  1.0200E+02  1.0000E+00  9.0000E+00  0.0000E+00  1.0000E+02  1.4227E+00  4.8938E+00  9.0000E+00  1.0698E+01  0.0000E+00  0.0000E+00
  1.0200E+02  2.0000E+00  1.0000E+00  0.0000E+00  1.0000E+02  1.4227E+00  4.8938E+00  1.0000E+00  4.2182E+00  0.0000E+00  0.0000E+00
  1.0200E+02  3.0000E+00  3.0000E+00  0.0000E+00  1.0000E+02  1.4227E+00  4.8938E+00  3.0000E+00  3.0208E+00  0.0000E+00  0.0000E+00
  1.0200E+02  4.0000E+00  3.0000E+00  0.0000E+00  1.0000E+02  1.4227E+00  4.8938E+00  3.0000E+00  3.0208E+00  0.0000E+00  0.0000E+00
  1.0200E+02  5.0000E+00  5.0000E+00  0.0000E+00  1.0000E+02  1.4227E+00  4.8938E+00  5.0000E+00  4.2313E+00  0.0000E+00  0.0000E+00
  1.0200E+02  6.0000E+00  9.0000E+00  0.0000E+00  1.0000E+02  1.4227E+00  4.8938E+00  9.0000E+00  1.0698E+01  0.0000E+00  0.0000E+00
  1.0300E+02  1.0000E+00  1.8000E+01  0.0000E+00  0.0000E+00  0.0000E+00  2.8059E+01  1.8000E+01  2.2510E+01  0.0000E+00  0.0000E+00
  1.0300E+02  2.0000E+00  1.7000E+01  0.0000E+00  0.0000E+00  0.0000E+00  2.8059E+01  1.7000E+01  2.0131E+01  0.0000E+00  0.0000E+00
  1.0300E+02  3.0000E+00  3.2000E+01  0.0000E+00  0.0000E+00  0.0000E+00  2.8059E+01  3.2000E+01  6.5203E+01  0.0000E+00  0.0000E+00
  1.0300E+02  4.0000E+00  3.2000E+01  0.0000E+00  0.0000E+00  0.0000E+00  2.8059E+01  3.2000E+01  6.5203E+01  0.0000E+00  0.0000E+00
  1.0300E+02  5.0000E+00  3.1000E+01  0.0000E+00  0.0000E+00  0.0000E+00  2.8059E+01  3.1000E+01  6.1673E+01  0.0000E+00  0.0000E+00
  1.0300E+02  6.0000E+00  4.1000E+01  0.0000E+00  0.0000E+00  0.0000E+00  2.8059E+01  4.1000E+01  9.9534E+01  0.0000E+00  0.0000E+00
  1.0400E+02  1.0000E+00  0.0000E+00  0.0000E+00  5.0000E+01  3.5420E-01  8.7974E-01  0.0000E+00  7.1689E+00  0.0000E+00  0.0000E+00
  1.0400E+02  2.0000E+00  1.0000E+00  0.0000E+00  5.0000E+01  3.5420E-01  8.7974E-01  1.0000E+00  4.6157E+00  0.0000E+00  0.0000E+00
  1.0400E+02  3.0000E+00  1.0000E+00  0.0000E+00  5.0000E+01  3.5420E-01  8.7974E-01  1.0000E+00  4.6157E+00  0.0000E+00  0.0000E+00
  1.0400E+02  4.0000E+00  0.0000E+00  0.0000E+00  5.0000E+01  3.5420E-01  8.7974E-01  0.0000E+00  7.1689E+00  0.0000E+00  0.0000E+00
  1.0400E+02  5.0000E+00  1.0000E+00  0.0000E+00  5.0000E+01  3.5420E-01  8.7974E-01  1.0000E+00  4.6157E+00  0.0000E+00  0.0000E+00
  1.0400E+02  6.0000E+00  0.0000E+00  0.0000E+00  5.0000E+01  3.5420E-01  8.7974E-01  0.0000E+00  7.1689E+00  0.0000E+00  0.0000E+00
  1.0500E+02  1.0000E+00  4.0000E+00  0.0000E+00  1.0000E+02  5.5660E-01  4.9055E+00  4.0000E+00  3.3464E+00  0.0000E+00  0.0000E+00
  1.0500E+02  2.0000E+00  7.0000E+00  0.0000E+00  1.0000E+02  5.5660E-01  4.9055E+00  7.0000E+00  6.5958E+00  0.0000E+00  0.0000E+00
  1.0500E+02  3.0000E+00  3.0000E+00  0.0000E+00  1.0000E+02  5.5660E-01  4.9055E+00  3.0000E+00  3.0555E+00  0.0000E+00  0.0000E+00
  1.0500E+02  4.0000E+00  2.0000E+00  0.0000E+00  1.0000E+02  5.5660E-01  4.9055E+00  2.0000E+00  3.3399E+00  0.0000E+00  0.0000E+00
  1.0500E+02  5.0000E+00  3.0000E+00  0.0000E+00  1.0000E+02  5.5660E-01  4.9055E+00  3.0000E+00  3.0555E+00  0.0000E+00  0.0000E+00
  1.0500E+02  6.0000E+00  1.1000E+01  0.0000E+00  1.0000E+02  5.5660E-01  4.9055E+00  1.1000E+01  1.4624E+01  0.0000E+00  0.0000E+00
  1.0600E+02  1.0000E+00  4.0000E+00  0.0000E+00  0.0000E+00  0.0000E+00  5.1818E+00  4.0000E+00  3.7074E+00  0.0000E+00  0.0000E+00
  1.0600E+02  2.0000E+00  6.0000E+00  0.0000E+00  0.0000E+00  0.0000E+00  5.1818E+00  6.0000E+00  3.7052E+00  0.0000E+00  0.0000E+00
  1.0600E+02  3.0000E+00  0.0000E+00  0.0000E+00  0.0000E+00  0.0000E+00  5.1818E+00  0.0000E+00  1.0961E+01  0.0000E+00  0.0000E+00
  1.0600E+02  4.0000E+00  5.0000E+00  0.0000E+00  0.0000E+00  0.0000E+00  5.1818E+00  5.0000E+00  3.5240E+00  0.0000E+00  0.0000E+00
  1.0600E+02  5.0000E+00  9.0000E+00  0.0000E+00  0.0000E+00  0.0000E+00  5.1818E+00  9.0000E+00  5.9434E+00  0.0000E+00  0.0000E+00
  1.0600E+02  6.0000E+00  7.0000E+00  0.0000E+00  0.0000E+00  0.0000E+00  5.1818E+00  7.0000E+00  4.1947E+00  0.0000E+00  0.0000E+00
  1.0700E+02  1.0000E+00  2.0000E+00  0.0000E+00  5.0000E+01  2.7890E-01  2.4432E+00  2.0000E+00  3.5240E+00  0.0000E+00  0.0000E+00
  1.0700E+02  2.0000E+00  0.0000E+00  0.0000E+00  5.0000E+01  2.7890E-01  2.4432E+00  0.0000E+00  7.3366E+00  0.0000E+00  0.0000E+00
  1.0700E+02  3.0000E+00  0.0000E+00  0.0000E+00  5.0000E+01  2.7890E-01  2.4432E+00  0.0000E+00  7.3366E+00  0.0000E+00  0.0000E+00
  1.0700E+02  4.0000E+00  6.0000E+00  0.0000E+00  5.0000E+01  2.7890E-01  2.4432E+00  6.0000E+00  4.8984E+00  0.0000E+00  0.0000E+00
  1.0700E+02  5.0000E+00  1.0000E+00  0.0000E+00  5.0000E+01  2.7890E-01  2.4432E+00  1.0000E+00  4.7372E+00  0.0000E+00  0.0000E+00
  1.0700E+02  6.0000E+00  5.0000E+00  0.0000E+00  5.0000E+01  2.7890E-01  2.4432E+00  5.0000E+00  3.9143E+00  0.0000E+00  0.0000E+00
  1.0800E+02  1.0000E+00  3.0000E+00  0.0000E+00  1.0000E+02  7.5660E-01  6.1717E+00  3.0000E+00  3.0395E+00  0.0000E+00  0.0000E+00
  1.0800E+02  2.0000E+00  1.3000E+01  0.0000E+00  1.0000E+02  7.5660E-01  6.1717E+00  1.3000E+01  2.0118E+01  0.0000E+00  0.0000E+00
  1.0800E+02  3.0000E+00  7.0000E+00  0.0000E+00  1.0000E+02  7.5660E-01  6.1717E+00  7.0000E+00  6.7296E+00  0.0000E+00  0.0000E+00
  1.0800E+02  4.0000E+00  6.0000E+00  0.0000E+00  1.0000E+02  7.5660E-01  6.1717E+00  6.0000E+00  5.2819E+00  0.0000E+00  0.0000E+00
  1.0800E+02  5.0000E+00  6.0000E+00  0.0000E+00  1.0000E+02  7.5660E-01  6.1717E+00  6.0000E+00  5.2819E+00  0.0000E+00  0.0000E+00
  1.0800E+02  6.0000E+00  3.0000E+00  0.0000E+00  1.0000E+02  7.5660E-01  6.1717E+00  3.0000E+00  3.0395E+00  0.0000E+00  0.0000E+00
  1.0900E+02  1.0000E+00  4.0000E+00  0.0000E+00  0.0000E+00  0.0000E+00  1.8009E+00  4.0000E+00  3.7074E+00  0.0000E+00  0.0000E+00
  1.0900E+02  2.0000E+00  1.0000E+00  0.0000E+00  0.0000E+00  0.0000E+00  1.8009E+00  1.0000E+00  7.5582E+00  0.0000E+00  0.0000E+00
  1.0900E+02  3.0000E+00  1.0000E+00  0.0000E+00  0.0000E+00  0.0000E+00  1.8009E+00  1.0000E+00  7.5582E+00  0.0000E+00  0.0000E+00
  1.0900E+02  4.0000E+00  1.0000E+00  0.0000E+00  0.0000E+00  0.0000E+00  1.8009E+00  1.0000E+00  7.5582E+00  0.0000E+00  0.0000E+00
  1.0900E+02  5.0000E+00  2.0000E+00  0.0000E+00  0.0000E+00  0.0000E+00  1.8009E+00  2.0000E+00  5.5422E+00  0.0000E+00  0.0000E+00
  1.0900E+02  6.0000E+00  0.0000E+00  0.0000E+00  0.0000E+00  0.0000E+00  1.8009E+00  0.0000E+00  1.0961E+01  0.0000E+00  0.0000E+00
  1.1000E+02  1.0000E+00  6.0000E+00  0.0000E+00  5.0000E+01  4.9040E-01  4.2783E+00  6.0000E+00  5.1401E+00  0.0000E+00  0.0000E+00
  1.1000E+02  2.0000E+00  2.0000E+00  0.0000E+00  5.0000E+01  4.9040E-01  4.2783E+00  2.0000E+00  3.3664E+00  0.0000E+00  0.0000E+00
  1.1000E+02  3.0000E+00  1.0000E+00  0.0000E+00  5.0000E+01  4.9040E-01  4.2783E+00  1.0000E+00  4.4798E+00  0.0000E+00  0.0000E+00
  1.1000E+02  4.0000E+00  5.0000E+00  0.0000E+00  5.0000E+01  4.9040E-01  4.2783E+00  5.0000E+00  4.0562E+00  0.0000E+00  0.0000E+00
  1.1000E+02  5.0000E+00  7.0000E+00  0.0000E+00  5.0000E+01  4.9040E-01  4.2783E+00  7.0000E+00  6.5323E+00  0.0000E+00  0.0000E+00
  1.1000E+02  6.0000E+00  5.0000E+00  0.0000E+00  5.0000E+01  4.9040E-01  4.2783E+00  5.0000E+00  4.0562E+00  0.0000E+00  0.0000E+00
  1.1100E+02  1.0000E+00  5.0000E+00  0.0000E+00  1.0000E+02  7.9010E-01  4.5848E+00  5.0000E+00  4.1501E+00  0.0000E+00  0.0000E+00
  1.1100E+02  2.0000E+00  1.3000E+01  0.0000E+00  1.0000E+02  7.9010E-01  4.5848E+00  1.3000E+01  2.0163E+01  0.0000E+00  0.0000E+00
  1.1100E+02  3.0000E+00  1.0000E+00  0.0000E+00  1.0000E+02  7.9010E-01  4.5848E+00  1.0000E+00  4.3334E+00  0.0000E+00  0.0000E+00
  1.1100E+02  4.0000E+00  3.0000E+00  0.0000E+00  1.0000E+02  7.9010E-01  4.5848E+00  3.0000E+00  3.0377E+00  0.0000E+00  0.0000E+00
  1.1100E+02  5.0000E+00  2.0000E+00  0.0000E+00  1.0000E+02  7.9010E-01  4.5848E+00  2.0000E+00  3.2801E+00  0.0000E+00  0.0000E+00
  1.1100E+02  6.0000E+00  4.0000E+00  0.0000E+00  1.0000E+02  7.9010E-01  4.5848E+00  4.0000E+00  3.3707E+00  0.0000E+00  0.0000E+00
  1.1200E+02  1.0000E+00  9.0000E+00  0.0000E+00  0.0000E+00  0.0000E+00  1.0004E+01  9.0000E+00  5.9434E+00  0.0000E+00  0.0000E+00
  1.1200E+02  2.0000E+00  1.1000E+01  0.0000E+00  0.0000E+00  0.0000E+00  1.0004E+01  1.1000E+01  8.5397E+00  0.0000E+00  0.0000E+00
  1.1200E+02  3.0000E+00  1.3000E+01  0.0000E+00  0.0000E+00  0.0000E+00  1.0004E+01  1.3000E+01  1.1835E+01  0.0000E+00  0.0000E+00
  1.1200E+02  4.0000E+00  1.1000E+01  0.0000E+00  0.0000E+00  0.0000E+00  1.0004E+01  1.1000E+01  8.5397E+00  0.0000E+00  0.0000E+00
  1.1200E+02  5.0000E+00  1.0000E+01  0.0000E+00  0.0000E+00  0.0000E+00  1.0004E+01  1.0000E+01  7.1463E+00  0.0000E+00  0.0000E+00
  1.1200E+02  6.0000E+00  7.0000E+00  0.0000E+00  0.0000E+00  0.0000E+00  1.0004E+01  7.0000E+00  4.1947E+00  0.0000E+00  0.0000E+00
  1.1300E+02  1.0000E+00  5.0000E+00  0.0000E+00  5.0000E+01  3.5340E-01  6.3457E+00  5.0000E+00  3.9772E+00  0.0000E+00  0.0000E+00
  1.1300E+02  2.0000E+00  1.1000E+01  0.0000E+00  5.0000E+01  3.5340E-01  6.3457E+00  1.1000E+01  1.4085E+01  0.0000E+00  0.0000E+00
  1.1300E+02  3.0000E+00  5.0000E+00  0.0000E+00  5.0000E+01  3.5340E-01  6.3457E+00  5.0000E+00  3.9772E+00  0.0000E+00  0.0000E+00
  1.1300E+02  4.0000E+00  3.0000E+00  0.0000E+00  5.0000E+01  3.5340E-01  6.3457E+00  3.0000E+00  3.0930E+00  0.0000E+00  0.0000E+00
  1.1300E+02  5.0000E+00  1.3000E+01  0.0000E+00  5.0000E+01  3.5340E-01  6.3457E+00  1.3000E+01  1.9078E+01  0.0000E+00  0.0000E+00
  1.1300E+02  6.0000E+00  2.0000E+00  0.0000E+00  5.0000E+01  3.5340E-01  6.3457E+00  2.0000E+00  3.4494E+00  0.0000E+00  0.0000E+00
  1.1400E+02  1.0000E+00  1.0000E+00  0.0000E+00  1.0000E+02  9.9550E-01  2.5714E+00  1.0000E+00  4.2809E+00  0.0000E+00  0.0000E+00
  1.1400E+02  2.0000E+00  1.0000E+00  0.0000E+00  1.0000E+02  9.9550E-01  2.5714E+00  1.0000E+00  4.2809E+00  0.0000E+00  0.0000E+00
  1.1400E+02  3.0000E+00  3.0000E+00  0.0000E+00  1.0000E+02  9.9550E-01  2.5714E+00  3.0000E+00  3.0296E+00  0.0000E+00  0.0000E+00
  1.1400E+02  4.0000E+00  5.0000E+00  0.0000E+00  1.0000E+02  9.9550E-01  2.5714E+00  5.0000E+00  4.1862E+00  0.0000E+00  0.0000E+00
  1.1400E+02  5.0000E+00  3.0000E+00  0.0000E+00  1.0000E+02  9.9550E-01  2.5714E+00  3.0000E+00  3.0296E+00  0.0000E+00  0.0000E+00
  1.1400E+02  6.0000E+00  2.0000E+00  0.0000E+00  1.0000E+02  9.9550E-01  2.5714E+00  2.0000E+00  3.2498E+00  0.0000E+00  0.0000E+00
  1.1500E+02  1.0000E+00  7.0000E+00  0.0000E+00  0.0000E+00  0.0000E+00  5.6580E+00  7.0000E+00  4.1947E+00  0.0000E+00  0.0000E+00
  1.1500E+02  2.0000E+00  9.0000E+00  0.0000E+00  0.0000E+00  0.0000E+00  5.6580E+00  9.0000E+00  5.9434E+00  0.0000E+00  0.0000E+00
  1.1500E+02  3.0000E+00  8.0000E+00  0.0000E+00  0.0000E+00  0.0000E+00  5.6580E+00  8.0000E+00  4.9513E+00  0.0000E+00  0.0000E+00
  1.1500E+02  4.0000E+00  6.0000E+00  0.0000E+00  0.0000E+00  0.0000E+00  5.6580E+00  6.0000E+00  3.7052E+00  0.0000E+00  0.0000E+00
  1.1500E+02  5.0000E+00  0.0000E+00  0.0000E+00  0.0000E+00  0.0000E+00  5.6580E+00  0.0000E+00  1.0961E+01  0.0000E+00  0.0000E+00
  1.1500E+02  6.0000E+00  4.0000E+00  0.0000E+00  0.0000E+00  0.0000E+00  5.6580E+00  4.0000E+00  3.7074E+00  0.0000E+00  0.0000E+00
  1.1600E+02  1.0000E+00  1.0000E+00  0.0000E+00  5.0000E+01  4.8140E-01  1.6955E+00  1.0000E+00  4.4867E+00  0.0000E+00  0.0000E+00
  1.1600E+02  2.0000E+00  2.0000E+00  0.0000E+00  5.0000E+01  4.8140E-01  1.6955E+00  2.0000E+00  3.3706E+00  0.0000E+00  0.0000E+00
  1.1600E+02  3.0000E+00  2.0000E+00  0.0000E+00  5.0000E+01  4.8140E-01  1.6955E+00  2.0000E+00  3.3706E+00  0.0000E+00  0.0000E+00
  1.1600E+02  4.0000E+00  1.0000E+00  0.0000E+00  5.0000E+01  4.8140E-01  1.6955E+00  1.0000E+00  4.4867E+00  0.0000E+00  0.0000E+00
  1.1600E+02  5.0000E+00  0.0000E+00  0.0000E+00  5.0000E+01  4.8140E-01  1.6955E+00  0.0000E+00  6.9890E+00  0.0000E+00  0.0000E+00
  1.1600E+02  6.0000E+00  3.0000E+00  0.0000E+00  5.0000E+01  4.8140E-01  1.6955E+00  3.0000E+00  3.0654E+00  0.0000E+00  0.0000E+00
  1.1700E+02  1.0000E+00  8.0000E+00  0.0000E+00  1.0000E+02  6.8640E-01  4.1160E+00  8.0000E+00  8.3938E+00  0.0000E+00  0.0000E+00
  1.1700E+02  2.0000E+00  1.0000E+00  0.0000E+00  1.0000E+02  6.8640E-01  4.1160E+00  1.0000E+00  4.3708E+00  0.0000E+00  0.0000E+00
  1.1700E+02  3.0000E+00  0.0000E+00  0.0000E+00  1.0000E+02  6.8640E-01  4.1160E+00  0.0000E+00  6.8259E+00  0.0000E+00  0.0000E+00
  1.1700E+02  4.0000E+00  8.0000E+00  0.0000E+00  1.0000E+02  6.8640E-01  4.1160E+00  8.0000E+00  8.3938E+00  0.0000E+00  0.0000E+00
  1.1700E+02  5.0000E+00  5.0000E+00  0.0000E+00  1.0000E+02  6.8640E-01  4.1160E+00  5.0000E+00  4.1251E+00  0.0000E+00  0.0000E+00
  1.1700E+02  6.0000E+00  3.0000E+00  0.0000E+00  1.0000E+02  6.8640E-01  4.1160E+00  3.0000E+00  3.0440E+00  0.0000E+00  0.0000E+00
  1.1800E+02  1.0000E+00  9.0000E+00  0.0000E+00  0.0000E+00  0.0000E+00  7.4182E+00  9.0000E+00  5.9434E+00  0.0000E+00  0.0000E+00
  1.1800E+02  2.0000E+00  4.0000E+00  0.0000E+00  0.0000E+00  0.0000E+00  7.4182E+00  4.0000E+00  3.7074E+00  0.0000E+00  0.0000E+00
  1.1800E+02  3.0000E+00  8.0000E+00  0.0000E+00  0.0000E+00  0.0000E+00  7.4182E+00  8.0000E+00  4.9513E+00  0.0000E+00  0.0000E+00
  1.1800E+02  4.0000E+00  1.4000E+01  0.0000E+00  0.0000E+00  0.0000E+00  7.4182E+00  1.4000E+01  1.3711E+01  0.0000E+00  0.0000E+00
  1.1800E+02  5.0000E+00  6.0000E+00  0.0000E+00  0.0000E+00  0.0000E+00  7.4182E+00  6.0000E+00  3.7052E+00  0.0000E+00  0.0000E+00
  1.1800E+02  6.0000E+00  4.0000E+00  0.0000E+00  0.0000E+00  0.0000E+00  7.4182E+00  4.0000E+00  3.7074E+00  0.0000E+00  0.0000E+00
  1.1900E+02  1.0000E+00  3.0000E+00  0.0000E+00  5.0000E+01  3.7000E-01  1.1191E+01  3.0000E+00  3.0883E+00  0.0000E+00  0.0000E+00
  1.1900E+02  2.0000E+00  5.0000E+00  0.0000E+00  5.0000E+01  3.7000E-01  1.1191E+01  5.0000E+00  3.9889E+00  0.0000E+00  0.0000E+00
  1.1900E+02  3.0000E+00  1.3000E+01  0.0000E+00  5.0000E+01  3.7000E-01  1.1191E+01  1.3000E+01  1.9155E+01  0.0000E+00  0.0000E+00
  1.1900E+02  4.0000E+00  2.6000E+01  0.0000E+00  5.0000E+01  3.7000E-01  1.1191E+01  2.6000E+01  6.3484E+01  0.0000E+00  0.0000E+00
  1.1900E+02  5.0000E+00  4.0000E+00  0.0000E+00  5.0000E+01  3.7000E-01  1.1191E+01  4.0000E+00  3.3155E+00  0.0000E+00  0.0000E+00
  1.1900E+02  6.0000E+00  1.8000E+01  0.0000E+00  5.0000E+01  3.7000E-01  1.1191E+01  1.8000E+01  3.4115E+01  0.0000E+00  0.0000E+00
  1.2000E+02  1.0000E+00  1.0000E+00  0.0000E+00  1.0000E+02  1.4952E+00  2.7190E+00  1.0000E+00  4.2110E+00  0.0000E+00  0.0000E+00
  1.2000E+02  2.0000E+00  2.0000E+00  0.0000E+00  1.0000E+02  1.4952E+00  2.7190E+00  2.0000E+00  3.2100E+00  0.0000E+00  0.0000E+00
  1.2000E+02  3.0000E+00  1.0000E+00  0.0000E+00  1.0000E+02  1.4952E+00  2.7190E+00  1.0000E+00  4.2110E+00  0.0000E+00  0.0000E+00
  1.2000E+02  4.0000E+00  7.0000E+00  0.0000E+00  1.0000E+02  1.4952E+00  2.7190E+00  7.0000E+00  6.9373E+00  0.0000E+00  0.0000E+00
  1.2000E+02  5.0000E+00  4.0000E+00  0.0000E+00  1.0000E+02  1.4952E+00  2.7190E+00  4.0000E+00  3.4051E+00  0.0000E+00  0.0000E+00
  1.2000E+02  6.0000E+00  1.0000E+00  0.0000E+00  1.0000E+02  1.4952E+00  2.7190E+00  1.0000E+00  4.2110E+00  0.0000E+00  0.0000E+00
  1.2100E+02  1.0000E+00  1.1000E+01  0.0000E+00  0.0000E+00  0.0000E+00  5.8172E+00  1.1000E+01  8.5397E+00  0.0000E+00  0.0000E+00
  1.2100E+02  2.0000E+00  1.0000E+01  0.0000E+00  0.0000E+00  0.0000E+00  5.8172E+00  1.0000E+01  7.1463E+00  0.0000E+00  0.0000E+00
  1.2100E+02  3.0000E+00  4.0000E+00  0.0000E+00  0.0000E+00  0.0000E+00  5.8172E+00  4.0000E+00  3.7074E+00  0.0000E+00  0.0000E+00
  1.2100E+02  4.0000E+00  2.0000E+00  0.0000E+00  0.0000E+00  0.0000E+00  5.8172E+00  2.0000E+00  5.5422E+00  0.0000E+00  0.0000E+00
  1.2100E+02  5.0000E+00  4.0000E+00  0.0000E+00  0.0000E+00  0.0000E+00  5.8172E+00  4.0000E+00  3.7074E+00  0.0000E+00  0.0000E+00
  1.2100E+02  6.0000E+00  4.0000E+00  0.0000E+00  0.0000E+00  0.0000E+00  5.8172E+00  4.0000E+00  3.7074E+00  0.0000E+00  0.0000E+00
  1.2200E+02  1.0000E+00  1.1000E+01  0.0000E+00  5.0000E+01  6.1070E-01  6.0154E+00  1.1000E+01  1.4716E+01  0.0000E+00  0.0000E+00
  1.2200E+02  2.0000E+00  1.8000E+01  0.0000E+00  5.0000E+01  6.1070E-01  6.0154E+00  1.8000E+01  3.5216E+01  0.0000E+00  0.0000E+00
  1.2200E+02  3.0000E+00  0.0000E+00  0.0000E+00  5.0000E+01  6.1070E-01  6.0154E+00  0.0000E+00  6.8748E+00  0.0000E+00  0.0000E+00
  1.2200E+02  4.0000E+00  0.0000E+00  0.0000E+00  5.0000E+01  6.1070E-01  6.0154E+00  0.0000E+00  6.8748E+00  0.0000E+00  0.0000E+00
  1.2200E+02  5.0000E+00  2.0000E+00  0.0000E+00  5.0000E+01  6.1070E-01  6.0154E+00  2.0000E+00  3.3222E+00  0.0000E+00  0.0000E+00
  1.2200E+02  6.0000E+00  6.0000E+00  0.0000E+00  5.0000E+01  6.1070E-01  6.0154E+00  6.0000E+00  5.2167E+00  0.0000E+00  0.0000E+00
  1.2300E+02  1.0000E+00  6.0000E+00  0.0000E+00  1.0000E+02  9.5790E-01  5.0558E+00  6.0000E+00  5.3433E+00  0.0000E+00  0.0000E+00
  1.2300E+02  2.0000E+00  2.0000E+00  0.0000E+00  1.0000E+02  9.5790E-01  5.0558E+00  2.0000E+00  3.2544E+00  0.0000E+00  0.0000E+00
  1.2300E+02  3.0000E+00  4.0000E+00  0.0000E+00  1.0000E+02  9.5790E-01  5.0558E+00  4.0000E+00  3.3825E+00  0.0000E+00  0.0000E+00
  1.2300E+02  4.0000E+00  1.2000E+01  0.0000E+00  1.0000E+02  9.5790E-01  5.0558E+00  1.2000E+01  1.7634E+01  0.0000E+00  0.0000E+00
  1.2300E+02  5.0000E+00  0.0000E+00  0.0000E+00  1.0000E+02  9.5790E-01  5.0558E+00  0.0000E+00  6.7097E+00  0.0000E+00  0.0000E+00
  1.2300E+02  6.0000E+00  7.0000E+00  0.0000E+00  1.0000E+02  9.5790E-01  5.0558E+00  7.0000E+00  6.8143E+00  0.0000E+00  0.0000E+00
  1.2400E+02  1.0000E+00  4.1000E+01  0.0000E+00  0.0000E+00  0.0000E+00  4.6588E+01  4.1000E+01  9.9534E+01  0.0000E+00  0.0000E+00
  1.2400E+02  2.0000E+00  5.4000E+01  0.0000E+00  0.0000E+00  0.0000E+00  4.6588E+01  5.4000E+01  1.5588E+02  0.0000E+00  0.0000E+00
  1.2400E+02  3.0000E+00  2.4000E+01  0.0000E+00  0.0000E+00  0.0000E+00  4.6588E+01  2.4000E+01  3.8875E+01  0.0000E+00  0.0000E+00
  1.2400E+02  4.0000E+00  2.8000E+01  0.0000E+00  0.0000E+00  0.0000E+00  4.6588E+01  2.8000E+01  5.1475E+01  0.0000E+00  0.0000E+00
  1.2400E+02  5.0000E+00  3.9000E+01  0.0000E+00  0.0000E+00  0.0000E+00  4.6588E+01  3.9000E+01  9.1534E+01  0.0000E+00  0.0000E+00
  1.2400E+02  6.0000E+00  9.7000E+01  0.0000E+00  0.0000E+00  0.0000E+00  4.6588E+01  9.7000E+01  3.8084E+02  0.0000E+00  0.0000E+00
  1.2500E+02  1.0000E+00  2.0000E+00  0.0000E+00  5.0000E+01  4.1810E-01  3.6574E+00  2.0000E+00  3.4041E+00  0.0000E+00  0.0000E+00
  1.2500E+02  2.0000E+00  3.0000E+00  0.0000E+00  5.0000E+01  4.1810E-01  3.6574E+00  3.0000E+00  3.0768E+00  0.0000E+00  0.0000E+00
  1.2500E+02  3.0000E+00  2.0000E+00  0.0000E+00  5.0000E+01  4.1810E-01  3.6574E+00  2.0000E+00  3.4041E+00  0.0000E+00  0.0000E+00
  1.2500E+02  4.0000E+00  1.0000E+00  0.0000E+00  5.0000E+01  4.1810E-01  3.6574E+00  1.0000E+00  4.5424E+00  0.0000E+00  0.0000E+00
  1.2500E+02  5.0000E+00  6.0000E+00  0.0000E+00  5.0000E+01  4.1810E-01  3.6574E+00  6.0000E+00  5.0781E+00  0.0000E+00  0.0000E+00
  1.2500E+02  6.0000E+00  8.0000E+00  0.0000E+00  5.0000E+01  4.1810E-01  3.6574E+00  8.0000E+00  8.0797E+00  0.0000E+00  0.0000E+00
  1.2600E+02  1.0000E+00  2.0000E+00  0.0000E+00  1.0000E+02  6.1290E-01  2.4273E+00  2.0000E+00  3.3216E+00  0.0000E+00  0.0000E+00
  1.2600E+02  2.0000E+00  3.0000E+00  0.0000E+00  1.0000E+02  6.1290E-01  2.4273E+00  3.0000E+00  3.0498E+00  0.0000E+00  0.0000E+00
  1.2600E+02  3.0000E+00  7.0000E+00  0.0000E+00  1.0000E+02  6.1290E-01  2.4273E+00  7.0000E+00  6.6408E+00  0.0000E+00  0.0000E+00
  1.2600E+02  4.0000E+00  0.0000E+00  0.0000E+00  1.0000E+02  6.1290E-01  2.4273E+00  0.0000E+00  6.8732E+00  0.0000E+00  0.0000E+00
  1.2600E+02  5.0000E+00  1.0000E+00  0.0000E+00  1.0000E+02  6.1290E-01  2.4273E+00  1.0000E+00  4.4042E+00  0.0000E+00  0.0000E+00
  1.2600E+02  6.0000E+00  1.0000E+00  0.0000E+00  1.0000E+02  6.1290E-01  2.4273E+00  1.0000E+00  4.4042E+00  0.0000E+00  0.0000E+00
  1.2700E+02  1.0000E+00  1.2000E+01  0.0000E+00  0.0000E+00  0.0000E+00  1.0166E+01  1.2000E+01  1.0107E+01  0.0000E+00  0.0000E+00
  1.2700E+02  2.0000E+00  6.0000E+00  0.0000E+00  0.0000E+00  0.0000E+00  1.0166E+01  6.0000E+00  3.7052E+00  0.0000E+00  0.0000E+00
  1.2700E+02  3.0000E+00  6.0000E+00  0.0000E+00  0.0000E+00  0.0000E+00  1.0166E+01  6.0000E+00  3.7052E+00  0.0000E+00  0.0000E+00
  1.2700E+02  4.0000E+00  1.9000E+01  0.0000E+00  0.0000E+00  0.0000E+00  1.0166E+01  1.9000E+01  2.4996E+01  0.0000E+00  0.0000E+00
  1.2700E+02  5.0000E+00  5.0000E+00  0.0000E+00  0.0000E+00  0.0000E+00  1.0166E+01  5.0000E+00  3.5240E+00  0.0000E+00  0.0000E+00
  1.2700E+02  6.0000E+00  1.4000E+01  0.0000E+00  0.0000E+00  0.0000E+00  1.0166E+01  1.4000E+01  1.3711E+01  0.0000E+00  0.0000E+00
  1.2800E+02  1.0000E+00  4.0000E+00  0.0000E+00  5.0000E+01  4.1650E-01  5.2275E+00  4.0000E+00  3.3245E+00  0.0000E+00  0.0000E+00
  1.2800E+02  2.0000E+00  7.0000E+00  0.0000E+00  5.0000E+01  4.1650E-01  5.2275E+00  7.0000E+00  6.4432E+00  0.0000E+00  0.0000E+00
  1.2800E+02  3.0000E+00  2.0000E+00  0.0000E+00  5.0000E+01  4.1650E-01  5.2275E+00  2.0000E+00  3.4051E+00  0.0000E+00  0.0000E+00
  1.2800E+02  4.0000E+00  7.0000E+00  0.0000E+00  5.0000E+01  4.1650E-01  5.2275E+00  7.0000E+00  6.4432E+00  0.0000E+00  0.0000E+00
  1.2800E+02  5.0000E+00  1.0000E+01  0.0000E+00  5.0000E+01  4.1650E-01  5.2275E+00  1.0000E+01  1.2026E+01  0.0000E+00  0.0000E+00
  1.2800E+02  6.0000E+00  2.0000E+00  0.0000E+00  5.0000E+01  4.1650E-01  5.2275E+00  2.0000E+00  3.4051E+00  0.0000E+00  0.0000E+00
  1.2900E+02  1.0000E+00  4.0000E+00  0.0000E+00  1.0000E+02  8.1480E-01  3.3369E+00  4.0000E+00  3.3727E+00  0.0000E+00  0.0000E+00
  1.2900E+02  2.0000E+00  3.0000E+00  0.0000E+00  1.0000E+02  8.1480E-01  3.3369E+00  3.0000E+00  3.0365E+00  0.0000E+00  0.0000E+00
  1.2900E+02  3.0000E+00  6.0000E+00  0.0000E+00  1.0000E+02  8.1480E-01  3.3369E+00  6.0000E+00  5.3024E+00  0.0000E+00  0.0000E+00
  1.2900E+02  4.0000E+00  1.0000E+00  0.0000E+00  1.0000E+02  8.1480E-01  3.3369E+00  1.0000E+00  4.3257E+00  0.0000E+00  0.0000E+00
  1.2900E+02  5.0000E+00  3.0000E+00  0.0000E+00  1.0000E+02  8.1480E-01  3.3369E+00  3.0000E+00  3.0365E+00  0.0000E+00  0.0000E+00
  1.2900E+02  6.0000E+00  3.0000E+00  0.0000E+00  1.0000E+02  8.1480E-01  3.3369E+00  3.0000E+00  3.0365E+00  0.0000E+00  0.0000E+00
  1.3000E+02  1.0000E+00  6.0000E+00  0.0000E+00  0.0000E+00  0.0000E+00  3.6127E+00  6.0000E+00  3.7052E+00  0.0000E+00  0.0000E+00
  1.3000E+02  2.0000E+00  6.0000E+00  0.0000E+00  0.0000E+00  0.0000E+00  3.6127E+00  6.0000E+00  3.7052E+00  0.0000E+00  0.0000E+00
  1.3000E+02  3.0000E+00  3.0000E+00  0.0000E+00  0.0000E+00  0.0000E+00  3.6127E+00  3.0000E+00  4.3371E+00  0.0000E+00  0.0000E+00
  1.3000E+02  4.0000E+00  0.0000E+00  0.0000E+00  0.0000E+00  0.0000E+00  3.6127E+00  0.0000E+00  1.0961E+01  0.0000E+00  0.0000E+00
  1.3000E+02  5.0000E+00  3.0000E+00  0.0000E+00  0.0000E+00  0.0000E+00  3.6127E+00  3.0000E+00  4.3371E+00  0.0000E+00  0.0000E+00
  1.3000E+02  6.0000E+00  3.0000E+00  0.0000E+00  0.0000E+00  0.0000E+00  3.6127E+00  3.0000E+00  4.3371E+00  0.0000E+00  0.0000E+00
  1.3100E+02  1.0000E+00  3.0000E+00  0.0000E+00  5.0000E+01  4.6910E-01  2.4319E+00  3.0000E+00  3.0673E+00  0.0000E+00  0.0000E+00
  1.3100E+02  2.0000E+00  2.0000E+00  0.0000E+00  5.0000E+01  4.6910E-01  2.4319E+00  2.0000E+00  3.3764E+00  0.0000E+00  0.0000E+00
  1.3100E+02  3.0000E+00  2.0000E+00  0.0000E+00  5.0000E+01  4.6910E-01  2.4319E+00  2.0000E+00  3.3764E+00  0.0000E+00  0.0000E+00
  1.3100E+02  4.0000E+00  1.0000E+00  0.0000E+00  5.0000E+01  4.6910E-01  2.4319E+00  1.0000E+00  4.4964E+00  0.0000E+00  0.0000E+00
  1.3100E+02  5.0000E+00  4.0000E+00  0.0000E+00  5.0000E+01  4.6910E-01  2.4319E+00  4.0000E+00  3.3336E+00  0.0000E+00  0.0000E+00
  1.3100E+02  6.0000E+00  2.0000E+00  0.0000E+00  5.0000E+01  4.6910E-01  2.4319E+00  2.0000E+00  3.3764E+00  0.0000E+00  0.0000E+00
  1.3200E+02  1.0000E+00  0.0000E+00  0.0000E+00  1.0000E+02  6.5970E-01  2.5766E+00  0.0000E+00  6.8420E+00  0.0000E+00  0.0000E+00
  1.3200E+02  2.0000E+00  2.0000E+00  0.0000E+00  1.0000E+02  6.5970E-01  2.5766E+00  2.0000E+00  3.3086E+00  0.0000E+00  0.0000E+00
  1.3200E+02  3.0000E+00  4.0000E+00  0.0000E+00  1.0000E+02  6.5970E-01  2.5766E+00  4.0000E+00  3.3586E+00  0.0000E+00  0.0000E+00
  1.3200E+02  4.0000E+00  1.0000E+00  0.0000E+00  1.0000E+02  6.5970E-01  2.5766E+00  1.0000E+00  4.3821E+00  0.0000E+00  0.0000E+00
  1.3200E+02  5.0000E+00  1.0000E+00  0.0000E+00  1.0000E+02  6.5970E-01  2.5766E+00  1.0000E+00  4.3821E+00  0.0000E+00  0.0000E+00
  1.3200E+02  6.0000E+00  7.0000E+00  0.0000E+00  1.0000E+02  6.5970E-01  2.5766E+00  7.0000E+00  6.6733E+00  0.0000E+00  0.0000E+00
  1.3300E+02  1.0000E+00  5.0000E+00  0.0000E+00  0.0000E+00  0.0000E+00  2.2417E+00  5.0000E+00  3.5240E+00  0.0000E+00  0.0000E+00
  1.3300E+02  2.0000E+00  0.0000E+00  0.0000E+00  0.0000E+00  0.0000E+00  2.2417E+00  0.0000E+00  1.0961E+01  0.0000E+00  0.0000E+00
  1.3300E+02  3.0000E+00  2.0000E+00  0.0000E+00  0.0000E+00  0.0000E+00  2.2417E+00  2.0000E+00  5.5422E+00  0.0000E+00  0.0000E+00
  1.3300E+02  4.0000E+00  2.0000E+00  0.0000E+00  0.0000E+00  0.0000E+00  2.2417E+00  2.0000E+00  5.5422E+00  0.0000E+00  0.0000E+00
  1.3300E+02  5.0000E+00  2.0000E+00  0.0000E+00  0.0000E+00  0.0000E+00  2.2417E+00  2.0000E+00  5.5422E+00  0.0000E+00  0.0000E+00
  1.3300E+02  6.0000E+00  1.0000E+00  0.0000E+00  0.0000E+00  0.0000E+00  2.2417E+00  1.0000E+00  7.5582E+00  0.0000E+00  0.0000E+00
  1.3400E+02  1.0000E+00  2.0000E+00  0.0000E+00  5.0000E+01  3.0670E-01  3.2009E+00  2.0000E+00  3.4925E+00  0.0000E+00  0.0000E+00
  1.3400E+02  2.0000E+00  2.0000E+00  0.0000E+00  5.0000E+01  3.0670E-01  3.2009E+00  2.0000E+00  3.4925E+00  0.0000E+00  0.0000E+00
  1.3400E+02  3.0000E+00  8.0000E+00  0.0000E+00  5.0000E+01  3.0670E-01  3.2009E+00  8.0000E+00  7.8331E+00  0.0000E+00  0.0000E+00
  1.3400E+02  4.0000E+00  5.0000E+00  0.0000E+00  5.0000E+01  3.0670E-01  3.2009E+00  5.0000E+00  3.9400E+00  0.0000E+00  0.0000E+00
  1.3400E+02  5.0000E+00  0.0000E+00  0.0000E+00  5.0000E+01  3.0670E-01  3.2009E+00  0.0000E+00  7.2670E+00  0.0000E+00  0.0000E+00
  1.3400E+02  6.0000E+00  2.0000E+00  0.0000E+00  5.0000E+01  3.0670E-01  3.2009E+00  2.0000E+00  3.4925E+00  0.0000E+00  0.0000E+00
  1.3500E+02  1.0000E+00  1.7000E+01  0.0000E+00  1.0000E+02  7.3250E-01  6.8122E+00  1.7000E+01  3.2199E+01  0.0000E+00  0.0000E+00
  1.3500E+02  2.0000E+00  6.0000E+00  0.0000E+00  1.0000E+02  7.3250E-01  6.8122E+00  6.0000E+00  5.2727E+00  0.0000E+00  0.0000E+00
  1.3500E+02  3.0000E+00  6.0000E+00  0.0000E+00  1.0000E+02  7.3250E-01  6.8122E+00  6.0000E+00  5.2727E+00  0.0000E+00  0.0000E+00
  1.3500E+02  4.0000E+00  1.0000E+00  0.0000E+00  1.0000E+02  7.3250E-01  6.8122E+00  1.0000E+00  4.3529E+00  0.0000E+00  0.0000E+00
  1.3500E+02  5.0000E+00  4.0000E+00  0.0000E+00  1.0000E+02  7.3250E-01  6.8122E+00  4.0000E+00  3.3658E+00  0.0000E+00  0.0000E+00
  1.3500E+02  6.0000E+00  8.0000E+00  0.0000E+00  1.0000E+02  7.3250E-01  6.8122E+00  8.0000E+00  8.4279E+00  0.0000E+00  0.0000E+00
  1.3600E+02  1.0000E+00  2.4000E+01  0.0000E+00  0.0000E+00  0.0000E+00  1.6207E+01  2.4000E+01  3.8875E+01  0.0000E+00  0.0000E+00
  1.3600E+02  2.0000E+00  2.7000E+01  0.0000E+00  0.0000E+00  0.0000E+00  1.6207E+01  2.7000E+01  4.8213E+01  0.0000E+00  0.0000E+00
  1.3600E+02  3.0000E+00  2.0000E+01  0.0000E+00  0.0000E+00  0.0000E+00  1.6207E+01  2.0000E+01  2.7586E+01  0.0000E+00  0.0000E+00
  1.3600E+02  4.0000E+00  6.0000E+00  0.0000E+00  0.0000E+00  0.0000E+00  1.6207E+01  6.0000E+00  3.7052E+00  0.0000E+00  0.0000E+00
  1.3600E+02  5.0000E+00  8.0000E+00  0.0000E+00  0.0000E+00  0.0000E+00  1.6207E+01  8.0000E+00  4.9513E+00  0.0000E+00  0.0000E+00
  1.3600E+02  6.0000E+00  1.4000E+01  0.0000E+00  0.0000E+00  0.0000E+00  1.6207E+01  1.4000E+01  1.3711E+01  0.0000E+00  0.0000E+00
  1.3700E+02  1.0000E+00  3.0000E+00  0.0000E+00  5.0000E+01  5.0050E-01  2.2812E+00  3.0000E+00  3.0626E+00  0.0000E+00  0.0000E+00
  1.3700E+02  2.0000E+00  3.0000E+00  0.0000E+00  5.0000E+01  5.0050E-01  2.2812E+00  3.0000E+00  3.0626E+00  0.0000E+00  0.0000E+00
  1.3700E+02  3.0000E+00  0.0000E+00  0.0000E+00  5.0000E+01  5.0050E-01  2.2812E+00  0.0000E+00  6.9689E+00  0.0000E+00  0.0000E+00
  1.3700E+02  4.0000E+00  0.0000E+00  0.0000E+00  5.0000E+01  5.0050E-01  2.2812E+00  0.0000E+00  6.9689E+00  0.0000E+00  0.0000E+00
  1.3700E+02  5.0000E+00  2.0000E+00  0.0000E+00  5.0000E+01  5.0050E-01  2.2812E+00  2.0000E+00  3.3620E+00  0.0000E+00  0.0000E+00
  1.3700E+02  6.0000E+00  5.0000E+00  0.0000E+00  5.0000E+01  5.0050E-01  2.2812E+00  5.0000E+00  4.0608E+00  0.0000E+00  0.0000E+00
  1.3800E+02  1.0000E+00  0.0000E+00  0.0000E+00  1.0000E+02  8.1800E-01  1.8322E+00  0.0000E+00  6.7608E+00  0.0000E+00  0.0000E+00
  1.3800E+02  2.0000E+00  4.0000E+00  0.0000E+00  1.0000E+02  8.1800E-01  1.8322E+00  4.0000E+00  3.3730E+00  0.0000E+00  0.0000E+00
  1.3800E+02  3.0000E+00  0.0000E+00  0.0000E+00  1.0000E+02  8.1800E-01  1.8322E+00  0.0000E+00  6.7608E+00  0.0000E+00  0.0000E+00
  1.3800E+02  4.0000E+00  1.0000E+00  0.0000E+00  1.0000E+02  8.1800E-01  1.8322E+00  1.0000E+00  4.3248E+00  0.0000E+00  0.0000E+00
  1.3800E+02  5.0000E+00  3.0000E+00  0.0000E+00  1.0000E+02  8.1800E-01  1.8322E+00  3.0000E+00  3.0364E+00  0.0000E+00  0.0000E+00
  1.3800E+02  6.0000E+00  2.0000E+00  0.0000E+00  1.0000E+02  8.1800E-01  1.8322E+00  2.0000E+00  3.2751E+00  0.0000E+00  0.0000E+00
  1.3900E+02  1.0000E+00  0.0000E+00  0.0000E+00  0.0000E+00  0.0000E+00  1.1006E+00  0.0000E+00  1.0961E+01  0.0000E+00  0.0000E+00
  1.3900E+02  2.0000E+00  2.0000E+00  0.0000E+00  0.0000E+00  0.0000E+00  1.1006E+00  2.0000E+00  5.5422E+00  0.0000E+00  0.0000E+00
  1.3900E+02  3.0000E+00  1.0000E+00  0.0000E+00  0.0000E+00  0.0000E+00  1.1006E+00  1.0000E+00  7.5582E+00  0.0000E+00  0.0000E+00
  1.3900E+02  4.0000E+00  1.0000E+00  0.0000E+00  0.0000E+00  0.0000E+00  1.1006E+00  1.0000E+00  7.5582E+00  0.0000E+00  0.0000E+00
  1.3900E+02  5.0000E+00  0.0000E+00  0.0000E+00  0.0000E+00  0.0000E+00  1.1006E+00  0.0000E+00  1.0961E+01  0.0000E+00  0.0000E+00
  1.3900E+02  6.0000E+00  0.0000E+00  0.0000E+00  0.0000E+00  0.0000E+00  1.1006E+00  0.0000E+00  1.0961E+01  0.0000E+00  0.0000E+00
  1.4000E+02  1.0000E+00  2.0000E+00  0.0000E+00  5.0000E+01  2.6680E-01  4.7639E+00  2.0000E+00  3.5394E+00  0.0000E+00  0.0000E+00
  1.4000E+02  2.0000E+00  5.0000E+00  0.0000E+00  5.0000E+01  2.6680E-01  4.7639E+00  5.0000E+00  3.9021E+00  0.0000E+00  0.0000E+00
  1.4000E+02  3.0000E+00  9.0000E+00  0.0000E+00  5.0000E+01  2.6680E-01  4.7639E+00  9.0000E+00  9.4961E+00  0.0000E+00  0.0000E+00
  1.4000E+02  4.0000E+00  7.0000E+00  0.0000E+00  5.0000E+01  2.6680E-01  4.7639E+00  7.0000E+00  6.1601E+00  0.0000E+00  0.0000E+00
  1.4000E+02  5.0000E+00  6.0000E+00  0.0000E+00  5.0000E+01  2.6680E-01  4.7639E+00  6.0000E+00  4.8769E+00  0.0000E+00  0.0000E+00
  1.4000E+02  6.0000E+00  0.0000E+00  0.0000E+00  5.0000E+01  2.6680E-01  4.7639E+00  0.0000E+00  7.3705E+00  0.0000E+00  0.0000E+00
  1.4100E+02  1.0000E+00  3.0000E+00  0.0000E+00  1.0000E+02  9.5150E-01  2.1237E+00  3.0000E+00  3.0310E+00  0.0000E+00  0.0000E+00
  1.4100E+02  2.0000E+00  3.0000E+00  0.0000E+00  1.0000E+02  9.5150E-01  2.1237E+00  3.0000E+00  3.0310E+00  0.0000E+00  0.0000E+00
  1.4100E+02  3.0000E+00  1.0000E+00  0.0000E+00  1.0000E+02  9.5150E-01  2.1237E+00  1.0000E+00  4.2903E+00  0.0000E+00  0.0000E+00
  1.4100E+02  4.0000E+00  1.0000E+00  0.0000E+00  1.0000E+02  9.5150E-01  2.1237E+00  1.0000E+00  4.2903E+00  0.0000E+00  0.0000E+00
  1.4100E+02  5.0000E+00  3.0000E+00  0.0000E+00  1.0000E+02  9.5150E-01  2.1237E+00  3.0000E+00  3.0310E+00  0.0000E+00  0.0000E+00
  1.4100E+02  6.0000E+00  1.0000E+00  0.0000E+00  1.0000E+02  9.5150E-01  2.1237E+00  1.0000E+00  4.2903E+00  0.0000E+00  0.0000E+00
  1.4200E+02  1.0000E+00  1.2000E+01  0.0000E+00  0.0000E+00  0.0000E+00  7.0968E+00  1.2000E+01  1.0107E+01  0.0000E+00  0.0000E+00
  1.4200E+02  2.0000E+00  9.0000E+00  0.0000E+00  0.0000E+00  0.0000E+00  7.0968E+00  9.0000E+00  5.9434E+00  0.0000E+00  0.0000E+00
  1.4200E+02  3.0000E+00  3.0000E+00  0.0000E+00  0.0000E+00  0.0000E+00  7.0968E+00  3.0000E+00  4.3371E+00  0.0000E+00  0.0000E+00
  1.4200E+02  4.0000E+00  1.1000E+01  0.0000E+00  0.0000E+00  0.0000E+00  7.0968E+00  1.1000E+01  8.5397E+00  0.0000E+00  0.0000E+00
  1.4200E+02  5.0000E+00  4.0000E+00  0.0000E+00  0.0000E+00  0.0000E+00  7.0968E+00  4.0000E+00  3.7074E+00  0.0000E+00  0.0000E+00
  1.4200E+02  6.0000E+00  4.0000E+00  0.0000E+00  0.0000E+00  0.0000E+00  7.0968E+00  4.0000E+00  3.7074E+00  0.0000E+00  0.0000E+00
  1.4300E+02  1.0000E+00  3.0000E+00  0.0000E+00  5.0000E+01  3.8340E-01  1.8444E+00  3.0000E+00  3.0848E+00  0.0000E+00  0.0000E+00
  1.4300E+02  2.0000E+00  2.0000E+00  0.0000E+00  5.0000E+01  3.8340E-01  1.8444E+00  2.0000E+00  3.4267E+00  0.0000E+00  0.0000E+00
  1.4300E+02  3.0000E+00  1.0000E+00  0.0000E+00  5.0000E+01  3.8340E-01  1.8444E+00  1.0000E+00  4.5796E+00  0.0000E+00  0.0000E+00
  1.4300E+02  4.0000E+00  2.0000E+00  0.0000E+00  5.0000E+01  3.8340E-01  1.8444E+00  2.0000E+00  3.4267E+00  0.0000E+00  0.0000E+00
  1.4300E+02  5.0000E+00  0.0000E+00  0.0000E+00  5.0000E+01  3.8340E-01  1.8444E+00  0.0000E+00  7.1188E+00  0.0000E+00  0.0000E+00
  1.4300E+02  6.0000E+00  2.0000E+00  0.0000E+00  5.0000E+01  3.8340E-01  1.8444E+00  2.0000E+00  3.4267E+00  0.0000E+00  0.0000E+00
  1.4400E+02  1.0000E+00  4.0000E+00  0.0000E+00  1.0000E+02  6.0300E-01  3.6506E+00  4.0000E+00  3.3523E+00  0.0000E+00  0.0000E+00
  1.4400E+02  2.0000E+00  5.0000E+00  0.0000E+00  1.0000E+02  6.0300E-01  3.6506E+00  5.0000E+00  4.1001E+00  0.0000E+00  0.0000E+00
  1.4400E+02  3.0000E+00  2.0000E+00  0.0000E+00  1.0000E+02  6.0300E-01  3.6506E+00  2.0000E+00  3.3246E+00  0.0000E+00  0.0000E+00
  1.4400E+02  4.0000E+00  5.0000E+00  0.0000E+00  1.0000E+02  6.0300E-01  3.6506E+00  5.0000E+00  4.1001E+00  0.0000E+00  0.0000E+00
  1.4400E+02  5.0000E+00  1.0000E+00  0.0000E+00  1.0000E+02  6.0300E-01  3.6506E+00  1.0000E+00  4.4093E+00  0.0000E+00  0.0000E+00
  1.4400E+02  6.0000E+00  5.0000E+00  0.0000E+00  1.0000E+02  6.0300E-01  3.6506E+00  5.0000E+00  4.1001E+00  0.0000E+00  0.0000E+00
  1.4500E+02  1.0000E+00  4.0000E+00  0.0000E+00  0.0000E+00  0.0000E+00  3.7679E+00  4.0000E+00  3.7074E+00  0.0000E+00  0.0000E+00
  1.4500E+02  2.0000E+00  3.0000E+00  0.0000E+00  0.0000E+00  0.0000E+00  3.7679E+00  3.0000E+00  4.3371E+00  0.0000E+00  0.0000E+00
  1.4500E+02  3.0000E+00  3.0000E+00  0.0000E+00  0.0000E+00  0.0000E+00  3.7679E+00  3.0000E+00  4.3371E+00  0.0000E+00  0.0000E+00
  1.4500E+02  4.0000E+00  1.0000E+00  0.0000E+00  0.0000E+00  0.0000E+00  3.7679E+00  1.0000E+00  7.5582E+00  0.0000E+00  0.0000E+00
  1.4500E+02  5.0000E+00  2.0000E+00  0.0000E+00  0.0000E+00  0.0000E+00  3.7679E+00  2.0000E+00  5.5422E+00  0.0000E+00  0.0000E+00
  1.4500E+02  6.0000E+00  9.0000E+00  0.0000E+00  0.0000E+00  0.0000E+00  3.7679E+00  9.0000E+00  5.9434E+00  0.0000E+00  0.0000E+00
  1.4600E+02  1.0000E+00  1.3000E+01  0.0000E+00  5.0000E+01  3.0500E-01  1.0545E+01  1.3000E+01  1.8816E+01  0.0000E+00  0.0000E+00
  1.4600E+02  2.0000E+00  9.0000E+00  0.0000E+00  5.0000E+01  3.0500E-01  1.0545E+01  9.0000E+00  9.6413E+00  0.0000E+00  0.0000E+00
  1.4600E+02  3.0000E+00  1.1000E+01  0.0000E+00  5.0000E+01  3.0500E-01  1.0545E+01  1.1000E+01  1.3879E+01  0.0000E+00  0.0000E+00
  1.4600E+02  4.0000E+00  1.2000E+01  0.0000E+00  5.0000E+01  3.0500E-01  1.0545E+01  1.2000E+01  1.6268E+01  0.0000E+00  0.0000E+00
  1.4600E+02  5.0000E+00  1.6000E+01  0.0000E+00  5.0000E+01  3.0500E-01  1.0545E+01  1.6000E+01  2.7311E+01  0.0000E+00  0.0000E+00
  1.4600E+02  6.0000E+00  4.0000E+00  0.0000E+00  5.0000E+01  3.0500E-01  1.0545E+01  4.0000E+00  3.3011E+00  0.0000E+00  0.0000E+00
  1.4700E+02  1.0000E+00  2.0000E+00  0.0000E+00  1.0000E+02  7.8180E-01  3.3374E+00  2.0000E+00  3.2816E+00  0.0000E+00  0.0000E+00
  1.4700E+02  2.0000E+00  4.0000E+00  0.0000E+00  1.0000E+02  7.8180E-01  3.3374E+00  4.0000E+00  3.3701E+00  0.0000E+00  0.0000E+00
  1.4700E+02  3.0000E+00  2.0000E+00  0.0000E+00  1.0000E+02  7.8180E-01  3.3374E+00  2.0000E+00  3.2816E+00  0.0000E+00  0.0000E+00
  1.4700E+02  4.0000E+00  1.0000E+00  0.0000E+00  1.0000E+02  7.8180E-01  3.3374E+00  1.0000E+00  4.3360E+00  0.0000E+00  0.0000E+00
  1.4700E+02  5.0000E+00  4.0000E+00  0.0000E+00  1.0000E+02  7.8180E-01  3.3374E+00  4.0000E+00  3.3701E+00  0.0000E+00  0.0000E+00
  1.4700E+02  6.0000E+00  7.0000E+00  0.0000E+00  1.0000E+02  7.8180E-01  3.3374E+00  7.0000E+00  6.7422E+00  0.0000E+00  0.0000E+00
  1.4800E+02  1.0000E+00  2.0000E+00  0.0000E+00  0.0000E+00  0.0000E+00  1.5879E+01  2.0000E+00  5.5422E+00  0.0000E+00  0.0000E+00
  1.4800E+02  2.0000E+00  1.5000E+01  0.0000E+00  0.0000E+00  0.0000E+00  1.5879E+01  1.5000E+01  1.5724E+01  0.0000E+00  0.0000E+00
  1.4800E+02  3.0000E+00  2.5000E+01  0.0000E+00  0.0000E+00  0.0000E+00  1.5879E+01  2.5000E+01  4.1910E+01  0.0000E+00  0.0000E+00
  1.4800E+02  4.0000E+00  1.0000E+01  0.0000E+00  0.0000E+00  0.0000E+00  1.5879E+01  1.0000E+01  7.1463E+00  0.0000E+00  0.0000E+00
  1.4800E+02  5.0000E+00  1.7000E+01  0.0000E+00  0.0000E+00  0.0000E+00  1.5879E+01  1.7000E+01  2.0131E+01  0.0000E+00  0.0000E+00
  1.4800E+02  6.0000E+00  2.8000E+01  0.0000E+00  0.0000E+00  0.0000E+00  1.5879E+01  2.8000E+01  5.1475E+01  0.0000E+00  0.0000E+00
  1.4900E+02  1.0000E+00  8.0000E+00  0.0000E+00  5.0000E+01  5.0060E-01  6.6583E+00  8.0000E+00  8.2052E+00  0.0000E+00  0.0000E+00
  1.4900E+02  2.0000E+00  3.0000E+00  0.0000E+00  5.0000E+01  5.0060E-01  6.6583E+00  3.0000E+00  3.0625E+00  0.0000E+00  0.0000E+00
  1.4900E+02  3.0000E+00  5.0000E+00  0.0000E+00  5.0000E+01  5.0060E-01  6.6583E+00  5.0000E+00  4.0608E+00  0.0000E+00  0.0000E+00
  1.4900E+02  4.0000E+00  6.0000E+00  0.0000E+00  5.0000E+01  5.0060E-01  6.6583E+00  6.0000E+00  5.1477E+00  0.0000E+00  0.0000E+00
  1.4900E+02  5.0000E+00  9.0000E+00  0.0000E+00  5.0000E+01  5.0060E-01  6.6583E+00  9.0000E+00  1.0103E+01  0.0000E+00  0.0000E+00
  1.4900E+02  6.0000E+00  1.0000E+01  0.0000E+00  5.0000E+01  5.0060E-01  6.6583E+00  1.0000E+01  1.2212E+01  0.0000E+00  0.0000E+00
  1.5000E+02  1.0000E+00  1.5000E+01  0.0000E+00  1.0000E+02  9.6920E-01  6.4882E+00  1.5000E+01  2.6208E+01  0.0000E+00  0.0000E+00
  1.5000E+02  2.0000E+00  1.0000E+00  0.0000E+00  1.0000E+02  9.6920E-01  6.4882E+00  1.0000E+00  4.2864E+00  0.0000E+00  0.0000E+00
  1.5000E+02  3.0000E+00  5.0000E+00  0.0000E+00  1.0000E+02  9.6920E-01  6.4882E+00  5.0000E+00  4.1823E+00  0.0000E+00  0.0000E+00
  1.5000E+02  4.0000E+00  2.0000E+00  0.0000E+00  1.0000E+02  9.6920E-01  6.4882E+00  2.0000E+00  3.2530E+00  0.0000E+00  0.0000E+00
  1.5000E+02  5.0000E+00  1.4000E+01  0.0000E+00  1.0000E+02  9.6920E-01  6.4882E+00  1.4000E+01  2.3212E+01  0.0000E+00  0.0000E+00
  1.5000E+02  6.0000E+00  3.0000E+00  0.0000E+00  1.0000E+02  9.6920E-01  6.4882E+00  3.0000E+00  3.0304E+00  0.0000E+00  0.0000E+00
  1.5100E+02  1.0000E+00  6.0000E+00  0.0000E+00  0.0000E+00  0.0000E+00  4.2363E+00  6.0000E+00  3.7052E+00  0.0000E+00  0.0000E+00
  1.5100E+02  2.0000E+00  6.0000E+00  0.0000E+00  0.0000E+00  0.0000E+00  4.2363E+00  6.0000E+00  3.7052E+00  0.0000E+00  0.0000E+00
  1.5100E+02  3.0000E+00  3.0000E+00  0.0000E+00  0.0000E+00  0.0000E+00  4.2363E+00  3.0000E+00  4.3371E+00  0.0000E+00  0.0000E+00
  1.5100E+02  4.0000E+00  5.0000E+00  0.0000E+00  0.0000E+00  0.0000E+00  4.2363E+00  5.0000E+00  3.5240E+00  0.0000E+00  0.0000E+00
  1.5100E+02  5.0000E+00  3.0000E+00  0.0000E+00  0.0000E+00  0.0000E+00  4.2363E+00  3.0000E+00  4.3371E+00  0.0000E+00  0.0000E+00
  1.5100E+02  6.0000E+00  2.0000E+00  0.0000E+00  0.0000E+00  0.0000E+00  4.2363E+00  2.0000E+00  5.5422E+00  0.0000E+00  0.0000E+00
  1.5200E+02  1.0000E+00  1.0000E+00  0.0000E+00  5.0000E+01  4.6020E-01  1.6963E+00  1.0000E+00  4.5038E+00  0.0000E+00  0.0000E+00
  1.5200E+02  2.0000E+00  1.0000E+00  0.0000E+00  5.0000E+01  4.6020E-01  1.6963E+00  1.0000E+00  4.5038E+00  0.0000E+00  0.0000E+00
  1.5200E+02  3.0000E+00  5.0000E+00  0.0000E+00  5.0000E+01  4.6020E-01  1.6963E+00  5.0000E+00  4.0418E+00  0.0000E+00  0.0000E+00
  1.5200E+02  4.0000E+00  1.0000E+00  0.0000E+00  5.0000E+01  4.6020E-01  1.6963E+00  1.0000E+00  4.5038E+00  0.0000E+00  0.0000E+00
  1.5200E+02  5.0000E+00  0.0000E+00  0.0000E+00  5.0000E+01  4.6020E-01  1.6963E+00  0.0000E+00  7.0131E+00  0.0000E+00  0.0000E+00
  1.5200E+02  6.0000E+00  1.0000E+00  0.0000E+00  5.0000E+01  4.6020E-01  1.6963E+00  1.0000E+00  4.5038E+00  0.0000E+00  0.0000E+00
  1.5300E+02  1.0000E+00  1.0000E+00  0.0000E+00  1.0000E+02  1.0079E+00  7.9334E+00  1.0000E+00  4.2784E+00  0.0000E+00  0.0000E+00
  1.5300E+02  2.0000E+00  8.0000E+00  0.0000E+00  1.0000E+02  1.0079E+00  7.9334E+00  8.0000E+00  8.5732E+00  0.0000E+00  0.0000E+00
  1.5300E+02  3.0000E+00  4.0000E+00  0.0000E+00  1.0000E+02  1.0079E+00  7.9334E+00  4.0000E+00  3.3855E+00  0.0000E+00  0.0000E+00
  1.5300E+02  4.0000E+00  1.0000E+01  0.0000E+00  1.0000E+02  1.0079E+00  7.9334E+00  1.0000E+01  1.2740E+01  0.0000E+00  0.0000E+00
  1.5300E+02  5.0000E+00  1.5000E+01  0.0000E+00  1.0000E+02  1.0079E+00  7.9334E+00  1.5000E+01  2.6248E+01  0.0000E+00  0.0000E+00
  1.5300E+02  6.0000E+00  1.1000E+01  0.0000E+00  1.0000E+02  1.0079E+00  7.9334E+00  1.1000E+01  1.5120E+01  0.0000E+00  0.0000E+00
  1.5400E+02  1.0000E+00  9.0000E+00  0.0000E+00  0.0000E+00  0.0000E+00  9.8417E+00  9.0000E+00  5.9434E+00  0.0000E+00  0.0000E+00
  1.5400E+02  2.0000E+00  7.0000E+00  0.0000E+00  0.0000E+00  0.0000E+00  9.8417E+00  7.0000E+00  4.1947E+00  0.0000E+00  0.0000E+00
  1.5400E+02  3.0000E+00  1.9000E+01  0.0000E+00  0.0000E+00  0.0000E+00  9.8417E+00  1.9000E+01  2.4996E+01  0.0000E+00  0.0000E+00
  1.5400E+02  4.0000E+00  6.0000E+00  0.0000E+00  0.0000E+00  0.0000E+00  9.8417E+00  6.0000E+00  3.7052E+00  0.0000E+00  0.0000E+00
  1.5400E+02  5.0000E+00  0.0000E+00  0.0000E+00  0.0000E+00  0.0000E+00  9.8417E+00  0.0000E+00  1.0961E+01  0.0000E+00  0.0000E+00
  1.5400E+02  6.0000E+00  1.9000E+01  0.0000E+00  0.0000E+00  0.0000E+00  9.8417E+00  1.9000E+01  2.4996E+01  0.0000E+00  0.0000E+00
  1.5500E+02  1.0000E+00  1.1000E+01  0.0000E+00  5.0000E+01  2.2570E-01  1.1042E+01  1.1000E+01  1.3414E+01  0.0000E+00  0.0000E+00
  1.5500E+02  2.0000E+00  7.0000E+00  0.0000E+00  5.0000E+01  2.2570E-01  1.1042E+01  7.0000E+00  6.0405E+00  0.0000E+00  0.0000E+00
  1.5500E+02  3.0000E+00  1.0000E+01  0.0000E+00  5.0000E+01  2.2570E-01  1.1042E+01  1.0000E+01  1.1264E+01  0.0000E+00  0.0000E+00
  1.5500E+02  4.0000E+00  1.4000E+01  0.0000E+00  5.0000E+01  2.2570E-01  1.1042E+01  1.4000E+01  2.0857E+01  0.0000E+00  0.0000E+00
  1.5500E+02  5.0000E+00  2.0000E+01  0.0000E+00  5.0000E+01  2.2570E-01  1.1042E+01  2.0000E+01  3.9275E+01  0.0000E+00  0.0000E+00
  1.5500E+02  6.0000E+00  6.0000E+00  0.0000E+00  5.0000E+01  2.2570E-01  1.1042E+01  6.0000E+00  4.7938E+00  0.0000E+00  0.0000E+00
  1.5600E+02  1.0000E+00  9.0000E+00  0.0000E+00  1.0000E+02  6.9360E-01  6.3327E+00  9.0000E+00  1.0340E+01  0.0000E+00  0.0000E+00
  1.5600E+02  2.0000E+00  8.0000E+00  0.0000E+00  1.0000E+02  6.9360E-01  6.3327E+00  8.0000E+00  8.3994E+00  0.0000E+00  0.0000E+00
  1.5600E+02  3.0000E+00  3.0000E+00  0.0000E+00  1.0000E+02  6.9360E-01  6.3327E+00  3.0000E+00  3.0435E+00  0.0000E+00  0.0000E+00
  1.5600E+02  4.0000E+00  7.0000E+00  0.0000E+00  1.0000E+02  6.9360E-01  6.3327E+00  7.0000E+00  6.6945E+00  0.0000E+00  0.0000E+00
  1.5600E+02  5.0000E+00  5.0000E+00  0.0000E+00  1.0000E+02  6.9360E-01  6.3327E+00  5.0000E+00  4.1270E+00  0.0000E+00  0.0000E+00
  1.5600E+02  6.0000E+00  7.0000E+00  0.0000E+00  1.0000E+02  6.9360E-01  6.3327E+00  7.0000E+00  6.6945E+00  0.0000E+00  0.0000E+00
  1.5700E+02  1.0000E+00  6.7000E+01  0.0000E+00  0.0000E+00  0.0000E+00  4.6422E+01  6.7000E+01  2.1848E+02  0.0000E+00  0.0000E+00
  1.5700E+02  2.0000E+00  7.5000E+01  0.0000E+00  0.0000E+00  0.0000E+00  4.6422E+01  7.5000E+01  2.5957E+02  0.0000E+00  0.0000E+00
  1.5700E+02  3.0000E+00  2.1000E+01  0.0000E+00  0.0000E+00  0.0000E+00  4.6422E+01  2.1000E+01  3.0272E+01  0.0000E+00  0.0000E+00
  1.5700E+02  4.0000E+00  5.0000E+01  0.0000E+00  0.0000E+00  0.0000E+00  4.6422E+01  5.0000E+01  1.3780E+02  0.0000E+00  0.0000E+00
  1.5700E+02  5.0000E+00  2.7000E+01  0.0000E+00  0.0000E+00  0.0000E+00  4.6422E+01  2.7000E+01  4.8213E+01  0.0000E+00  0.0000E+00
  1.5700E+02  6.0000E+00  4.2000E+01  0.0000E+00  0.0000E+00  0.0000E+00  4.6422E+01  4.2000E+01  1.0361E+02  0.0000E+00  0.0000E+00
  1.5800E+02  1.0000E+00  6.0000E+00  0.0000E+00  5.0000E+01  4.7600E-01  6.4992E+00  6.0000E+00  5.1289E+00  0.0000E+00  0.0000E+00
  1.5800E+02  2.0000E+00  1.5000E+01  0.0000E+00  5.0000E+01  4.7600E-01  6.4992E+00  1.5000E+01  2.5232E+01  0.0000E+00  0.0000E+00
  1.5800E+02  3.0000E+00  4.0000E+00  0.0000E+00  5.0000E+01  4.7600E-01  6.4992E+00  4.0000E+00  3.3347E+00  0.0000E+00  0.0000E+00
  1.5800E+02  4.0000E+00  2.0000E+00  0.0000E+00  5.0000E+01  4.7600E-01  6.4992E+00  2.0000E+00  3.3731E+00  0.0000E+00  0.0000E+00
  1.5800E+02  5.0000E+00  6.0000E+00  0.0000E+00  5.0000E+01  4.7600E-01  6.4992E+00  6.0000E+00  5.1289E+00  0.0000E+00  0.0000E+00
  1.5800E+02  6.0000E+00  7.0000E+00  0.0000E+00  5.0000E+01  4.7600E-01  6.4992E+00  7.0000E+00  6.5167E+00  0.0000E+00  0.0000E+00
  1.5900E+02  1.0000E+00  1.0000E+00  0.0000E+00  1.0000E+02  7.6290E-01  2.5746E+00  1.0000E+00  4.3423E+00  0.0000E+00  0.0000E+00
  1.5900E+02  2.0000E+00  0.0000E+00  0.0000E+00  1.0000E+02  7.6290E-01  2.5746E+00  0.0000E+00  6.7856E+00  0.0000E+00  0.0000E+00
  1.5900E+02  3.0000E+00  8.0000E+00  0.0000E+00  1.0000E+02  7.6290E-01  2.5746E+00  8.0000E+00  8.4484E+00  0.0000E+00  0.0000E+00
  1.5900E+02  4.0000E+00  2.0000E+00  0.0000E+00  1.0000E+02  7.6290E-01  2.5746E+00  2.0000E+00  3.2853E+00  0.0000E+00  0.0000E+00
  1.5900E+02  5.0000E+00  2.0000E+00  0.0000E+00  1.0000E+02  7.6290E-01  2.5746E+00  2.0000E+00  3.2853E+00  0.0000E+00  0.0000E+00
  1.5900E+02  6.0000E+00  2.0000E+00  0.0000E+00  1.0000E+02  7.6290E-01  2.5746E+00  2.0000E+00  3.2853E+00  0.0000E+00  0.0000E+00
  1.6000E+02  1.0000E+00  2.0000E+00  0.0000E+00  0.0000E+00  0.0000E+00  2.5411E+00  2.0000E+00  5.5422E+00  0.0000E+00  0.0000E+00
  1.6000E+02  2.0000E+00  0.0000E+00  0.0000E+00  0.0000E+00  0.0000E+00  2.5411E+00  0.0000E+00  1.0961E+01  0.0000E+00  0.0000E+00
  1.6000E+02  3.0000E+00  7.0000E+00  0.0000E+00  0.0000E+00  0.0000E+00  2.5411E+00  7.0000E+00  4.1947E+00  0.0000E+00  0.0000E+00
  1.6000E+02  4.0000E+00  1.0000E+00  0.0000E+00  0.0000E+00  0.0000E+00  2.5411E+00  1.0000E+00  7.5582E+00  0.0000E+00  0.0000E+00
  1.6000E+02  5.0000E+00  1.0000E+00  0.0000E+00  0.0000E+00  0.0000E+00  2.5411E+00  1.0000E+00  7.5582E+00  0.0000E+00  0.0000E+00
  1.6000E+02  6.0000E+00  3.0000E+00  0.0000E+00  0.0000E+00  0.0000E+00  2.5411E+00  3.0000E+00  4.3371E+00  0.0000E+00  0.0000E+00
  1.6100E+02  1.0000E+00  4.0000E+00  0.0000E+00  5.0000E+01  3.8920E-01  1.6995E+00  4.0000E+00  3.3193E+00  0.0000E+00  0.0000E+00
  1.6100E+02  2.0000E+00  0.0000E+00  0.0000E+00  5.0000E+01  3.8920E-01  1.6995E+00  0.0000E+00  7.1096E+00  0.0000E+00  0.0000E+00
  1.6100E+02  3.0000E+00  1.0000E+00  0.0000E+00  5.0000E+01  3.8920E-01  1.6995E+00  1.0000E+00  4.5730E+00  0.0000E+00  0.0000E+00
  1.6100E+02  4.0000E+00  2.0000E+00  0.0000E+00  5.0000E+01  3.8920E-01  1.6995E+00  2.0000E+00  3.4227E+00  0.0000E+00  0.0000E+00
  1.6100E+02  5.0000E+00  1.0000E+00  0.0000E+00  5.0000E+01  3.8920E-01  1.6995E+00  1.0000E+00  4.5730E+00  0.0000E+00  0.0000E+00
  1.6100E+02  6.0000E+00  1.0000E+00  0.0000E+00  5.0000E+01  3.8920E-01  1.6995E+00  1.0000E+00  4.5730E+00  0.0000E+00  0.0000E+00
  1.6200E+02  1.0000E+00  0.0000E+00  0.0000E+00  1.0000E+02  1.1065E+00  1.5418E+00  0.0000E+00  6.6688E+00  0.0000E+00  0.0000E+00
  1.6200E+02  2.0000E+00  3.0000E+00  0.0000E+00  1.0000E+02  1.1065E+00  1.5418E+00  3.0000E+00  3.0266E+00  0.0000E+00  0.0000E+00
  1.6200E+02  3.0000E+00  0.0000E+00  0.0000E+00  1.0000E+02  1.1065E+00  1.5418E+00  0.0000E+00  6.6688E+00  0.0000E+00  0.0000E+00
  1.6200E+02  4.0000E+00  0.0000E+00  0.0000E+00  1.0000E+02  1.1065E+00  1.5418E+00  0.0000E+00  6.6688E+00  0.0000E+00  0.0000E+00
  1.6200E+02  5.0000E+00  2.0000E+00  0.0000E+00  1.0000E+02  1.1065E+00  1.5418E+00  2.0000E+00  3.2379E+00  0.0000E+00  0.0000E+00
  1.6200E+02  6.0000E+00  3.0000E+00  0.0000E+00  1.0000E+02  1.1065E+00  1.5418E+00  3.0000E+00  3.0266E+00  0.0000E+00  0.0000E+00
  1.6300E+02  1.0000E+00  0.0000E+00  0.0000E+00  0.0000E+00  0.0000E+00  2.5411E+00  0.0000E+00  1.0961E+01  0.0000E+00  0.0000E+00
  1.6300E+02  2.0000E+00  4.0000E+00  0.0000E+00  0.0000E+00  0.0000E+00  2.5411E+00  4.0000E+00  3.7074E+00  0.0000E+00  0.0000E+00
  1.6300E+02  3.0000E+00  2.0000E+00  0.0000E+00  0.0000E+00  0.0000E+00  2.5411E+00  2.0000E+00  5.5422E+00  0.0000E+00  0.0000E+00
  1.6300E+02  4.0000E+00  1.0000E+00  0.0000E+00  0.0000E+00  0.0000E+00  2.5411E+00  1.0000E+00  7.5582E+00  0.0000E+00  0.0000E+00
  1.6300E+02  5.0000E+00  5.0000E+00  0.0000E+00  0.0000E+00  0.0000E+00  2.5411E+00  5.0000E+00  3.5240E+00  0.0000E+00  0.0000E+00
  1.6300E+02  6.0000E+00  2.0000E+00  0.0000E+00  0.0000E+00  0.0000E+00  2.5411E+00  2.0000E+00  5.5422E+00  0.0000E+00  0.0000E+00
  1.6400E+02  1.0000E+00  4.0000E+00  0.0000E+00  5.0000E+01  3.7010E-01  8.4343E+00  4.0000E+00  3.3155E+00  0.0000E+00  0.0000E+00
  1.6400E+02  2.0000E+00  1.2000E+01  0.0000E+00  5.0000E+01  3.7010E-01  8.4343E+00  1.2000E+01  1.6571E+01  0.0000E+00  0.0000E+00
  1.6400E+02  3.0000E+00  3.0000E+00  0.0000E+00  5.0000E+01  3.7010E-01  8.4343E+00  3.0000E+00  3.0883E+00  0.0000E+00  0.0000E+00
  1.6400E+02  4.0000E+00  5.0000E+00  0.0000E+00  5.0000E+01  3.7010E-01  8.4343E+00  5.0000E+00  3.9890E+00  0.0000E+00  0.0000E+00
  1.6400E+02  5.0000E+00  1.7000E+01  0.0000E+00  5.0000E+01  3.7010E-01  8.4343E+00  1.7000E+01  3.0880E+01  0.0000E+00  0.0000E+00
  1.6400E+02  6.0000E+00  1.1000E+01  0.0000E+00  5.0000E+01  3.7010E-01  8.4343E+00  1.1000E+01  1.4147E+01  0.0000E+00  0.0000E+00
  1.6500E+02  1.0000E+00  0.0000E+00  0.0000E+00  1.0000E+02  9.8660E-01  9.9490E-01  0.0000E+00  6.7009E+00  0.0000E+00  0.0000E+00
  1.6500E+02  2.0000E+00  0.0000E+00  0.0000E+00  1.0000E+02  9.8660E-01  9.9490E-01  0.0000E+00  6.7009E+00  0.0000E+00  0.0000E+00
  1.6500E+02  3.0000E+00  2.0000E+00  0.0000E+00  1.0000E+02  9.8660E-01  9.9490E-01  2.0000E+00  3.2508E+00  0.0000E+00  0.0000E+00
  1.6500E+02  4.0000E+00  0.0000E+00  0.0000E+00  1.0000E+02  9.8660E-01  9.9490E-01  0.0000E+00  6.7009E+00  0.0000E+00  0.0000E+00
  1.6500E+02  5.0000E+00  2.0000E+00  0.0000E+00  1.0000E+02  9.8660E-01  9.9490E-01  2.0000E+00  3.2508E+00  0.0000E+00  0.0000E+00
  1.6500E+02  6.0000E+00  0.0000E+00  0.0000E+00  1.0000E+02  9.8660E-01  9.9490E-01  0.0000E+00  6.7009E+00  0.0000E+00  0.0000E+00
  1.6600E+02  1.0000E+00  5.0000E+00  0.0000E+00  0.0000E+00  0.0000E+00  6.1361E+00  5.0000E+00  3.5240E+00  0.0000E+00  0.0000E+00
  1.6600E+02  2.0000E+00  8.0000E+00  0.0000E+00  0.0000E+00  0.0000E+00  6.1361E+00  8.0000E+00  4.9513E+00  0.0000E+00  0.0000E+00
  1.6600E+02  3.0000E+00  6.0000E+00  0.0000E+00  0.0000E+00  0.0000E+00  6.1361E+00  6.0000E+00  3.7052E+00  0.0000E+00  0.0000E+00
  1.6600E+02  4.0000E+00  8.0000E+00  0.0000E+00  0.0000E+00  0.0000E+00  6.1361E+00  8.0000E+00  4.9513E+00  0.0000E+00  0.0000E+00
  1.6600E+02  5.0000E+00  4.0000E+00  0.0000E+00  0.0000E+00  0.0000E+00  6.1361E+00  4.0000E+00  3.7074E+00  0.0000E+00  0.0000E+00
  1.6600E+02  6.0000E+00  6.0000E+00  0.0000E+00  0.0000E+00  0.0000E+00  6.1361E+00  6.0000E+00  3.7052E+00  0.0000E+00  0.0000E+00
  1.6700E+02  1.0000E+00  3.0000E+00  0.0000E+00  5.0000E+01  5.3310E-01  4.2767E+00  3.0000E+00  3.0583E+00  0.0000E+00  0.0000E+00
  1.6700E+02  2.0000E+00  4.0000E+00  0.0000E+00  5.0000E+01  5.3310E-01  4.2767E+00  4.0000E+00  3.3433E+00  0.0000E+00  0.0000E+00
  1.6700E+02  3.0000E+00  8.0000E+00  0.0000E+00  5.0000E+01  5.3310E-01  4.2767E+00  8.0000E+00  8.2460E+00  0.0000E+00  0.0000E+00
  1.6700E+02  4.0000E+00  4.0000E+00  0.0000E+00  5.0000E+01  5.3310E-01  4.2767E+00  4.0000E+00  3.3433E+00  0.0000E+00  0.0000E+00
  1.6700E+02  5.0000E+00  6.0000E+00  0.0000E+00  5.0000E+01  5.3310E-01  4.2767E+00  6.0000E+00  5.1705E+00  0.0000E+00  0.0000E+00
  1.6700E+02  6.0000E+00  1.0000E+00  0.0000E+00  5.0000E+01  5.3310E-01  4.2767E+00  1.0000E+00  4.4499E+00  0.0000E+00  0.0000E+00
  1.6800E+02  1.0000E+00  0.0000E+00  0.0000E+00  1.0000E+02  1.1881E+00  4.1094E+00  0.0000E+00  6.6504E+00  0.0000E+00  0.0000E+00
  1.6800E+02  2.0000E+00  3.0000E+00  0.0000E+00  1.0000E+02  1.1881E+00  4.1094E+00  3.0000E+00  3.0247E+00  0.0000E+00  0.0000E+00
  1.6800E+02  3.0000E+00  5.0000E+00  0.0000E+00  1.0000E+02  1.1881E+00  4.1094E+00  5.0000E+00  4.2101E+00  0.0000E+00  0.0000E+00
  1.6800E+02  4.0000E+00  7.0000E+00  0.0000E+00  1.0000E+02  1.1881E+00  4.1094E+00  7.0000E+00  6.8793E+00  0.0000E+00  0.0000E+00
  1.6800E+02  5.0000E+00  4.0000E+00  0.0000E+00  1.0000E+02  1.1881E+00  4.1094E+00  4.0000E+00  3.3943E+00  0.0000E+00  0.0000E+00
  1.6800E+02  6.0000E+00  6.0000E+00  0.0000E+00  1.0000E+02  1.1881E+00  4.1094E+00  6.0000E+00  5.3906E+00  0.0000E+00  0.0000E+00
  1.6900E+02  1.0000E+00  7.0000E+00  0.0000E+00  0.0000E+00  0.0000E+00  6.1361E+00  7.0000E+00  4.1947E+00  0.0000E+00  0.0000E+00
  1.6900E+02  2.0000E+00  7.0000E+00  0.0000E+00  0.0000E+00  0.0000E+00  6.1361E+00  7.0000E+00  4.1947E+00  0.0000E+00  0.0000E+00
  1.6900E+02  3.0000E+00  5.0000E+00  0.0000E+00  0.0000E+00  0.0000E+00  6.1361E+00  5.0000E+00  3.5240E+00  0.0000E+00  0.0000E+00
  1.6900E+02  4.0000E+00  5.0000E+00  0.0000E+00  0.0000E+00  0.0000E+00  6.1361E+00  5.0000E+00  3.5240E+00  0.0000E+00  0.0000E+00
  1.6900E+02  5.0000E+00  9.0000E+00  0.0000E+00  0.0000E+00  0.0000E+00  6.1361E+00  9.0000E+00  5.9434E+00  0.0000E+00  0.0000E+00
  1.6900E+02  6.0000E+00  4.0000E+00  0.0000E+00  0.0000E+00  0.0000E+00  6.1361E+00  4.0000E+00  3.7074E+00  0.0000E+00  0.0000E+00
  1.7000E+02  1.0000E+00  0.0000E+00  0.0000E+00  5.0000E+01  4.3960E-01  1.1384E+00  0.0000E+00  7.0383E+00  0.0000E+00  0.0000E+00
  1.7000E+02  2.0000E+00  1.0000E+00  0.0000E+00  5.0000E+01  4.3960E-01  1.1384E+00  1.0000E+00  4.5219E+00  0.0000E+00  0.0000E+00
  1.7000E+02  3.0000E+00  2.0000E+00  0.0000E+00  5.0000E+01  4.3960E-01  1.1384E+00  2.0000E+00  3.3917E+00  0.0000E+00  0.0000E+00
  1.7000E+02  4.0000E+00  0.0000E+00  0.0000E+00  5.0000E+01  4.3960E-01  1.1384E+00  0.0000E+00  7.0383E+00  0.0000E+00  0.0000E+00
  1.7000E+02  5.0000E+00  1.0000E+00  0.0000E+00  5.0000E+01  4.3960E-01  1.1384E+00  1.0000E+00  4.5219E+00  0.0000E+00  0.0000E+00
  1.7000E+02  6.0000E+00  1.0000E+00  0.0000E+00  5.0000E+01  4.3960E-01  1.1384E+00  1.0000E+00  4.5219E+00  0.0000E+00  0.0000E+00
  1.7100E+02  1.0000E+00  3.0000E+00  0.0000E+00  1.0000E+02  7.2960E-01  1.5464E+00  3.0000E+00  3.0411E+00  0.0000E+00  0.0000E+00
  1.7100E+02  2.0000E+00  2.0000E+00  0.0000E+00  1.0000E+02  7.2960E-01  1.5464E+00  2.0000E+00  3.2921E+00  0.0000E+00  0.0000E+00
  1.7100E+02  3.0000E+00  1.0000E+00  0.0000E+00  1.0000E+02  7.2960E-01  1.5464E+00  1.0000E+00  4.3540E+00  0.0000E+00  0.0000E+00
  1.7100E+02  4.0000E+00  0.0000E+00  0.0000E+00  1.0000E+02  7.2960E-01  1.5464E+00  0.0000E+00  6.8022E+00  0.0000E+00  0.0000E+00
  1.7100E+02  5.0000E+00  1.0000E+00  0.0000E+00  1.0000E+02  7.2960E-01  1.5464E+00  1.0000E+00  4.3540E+00  0.0000E+00  0.0000E+00
  1.7100E+02  6.0000E+00  1.0000E+00  0.0000E+00  1.0000E+02  7.2960E-01  1.5464E+00  1.0000E+00  4.3540E+00  0.0000E+00  0.0000E+00
  1.7200E+02  1.0000E+00  2.4000E+01  0.0000E+00  0.0000E+00  0.0000E+00  9.8417E+00  2.4000E+01  3.8875E+01  0.0000E+00  0.0000E+00
  1.7200E+02  2.0000E+00  8.0000E+00  0.0000E+00  0.0000E+00  0.0000E+00  9.8417E+00  8.0000E+00  4.9513E+00  0.0000E+00  0.0000E+00
  1.7200E+02  3.0000E+00  6.0000E+00  0.0000E+00  0.0000E+00  0.0000E+00  9.8417E+00  6.0000E+00  3.7052E+00  0.0000E+00  0.0000E+00
  1.7200E+02  4.0000E+00  6.0000E+00  0.0000E+00  0.0000E+00  0.0000E+00  9.8417E+00  6.0000E+00  3.7052E+00  0.0000E+00  0.0000E+00
  1.7200E+02  5.0000E+00  1.1000E+01  0.0000E+00  0.0000E+00  0.0000E+00  9.8417E+00  1.1000E+01  8.5397E+00  0.0000E+00  0.0000E+00
  1.7200E+02  6.0000E+00  5.0000E+00  0.0000E+00  0.0000E+00  0.0000E+00  9.8417E+00  5.0000E+00  3.5240E+00  0.0000E+00  0.0000E+00
  1.7300E+02  1.0000E+00  5.0000E+00  0.0000E+00  5.0000E+01  3.7380E-01  2.4364E+00  5.0000E+00  3.9915E+00  0.0000E+00  0.0000E+00
  1.7300E+02  2.0000E+00  1.0000E+00  0.0000E+00  5.0000E+01  3.7380E-01  2.4364E+00  1.0000E+00  4.5909E+00  0.0000E+00  0.0000E+00
  1.7300E+02  3.0000E+00  1.0000E+00  0.0000E+00  5.0000E+01  3.7380E-01  2.4364E+00  1.0000E+00  4.5909E+00  0.0000E+00  0.0000E+00
  1.7300E+02  4.0000E+00  4.0000E+00  0.0000E+00  5.0000E+01  3.7380E-01  2.4364E+00  4.0000E+00  3.3162E+00  0.0000E+00  0.0000E+00
  1.7300E+02  5.0000E+00  1.0000E+00  0.0000E+00  5.0000E+01  3.7380E-01  2.4364E+00  1.0000E+00  4.5909E+00  0.0000E+00  0.0000E+00
  1.7300E+02  6.0000E+00  2.0000E+00  0.0000E+00  5.0000E+01  3.7380E-01  2.4364E+00  2.0000E+00  3.4336E+00  0.0000E+00  0.0000E+00
  1.7400E+02  1.0000E+00  0.0000E+00  0.0000E+00  1.0000E+02  5.2120E-01  1.6942E+00  0.0000E+00  6.9486E+00  0.0000E+00  0.0000E+00
  1.7400E+02  2.0000E+00  5.0000E+00  0.0000E+00  1.0000E+02  5.2120E-01  1.6942E+00  5.0000E+00  4.0697E+00  0.0000E+00  0.0000E+00
  1.7400E+02  3.0000E+00  1.0000E+00  0.0000E+00  1.0000E+02  5.2120E-01  1.6942E+00  1.0000E+00  4.4578E+00  0.0000E+00  0.0000E+00
  1.7400E+02  4.0000E+00  2.0000E+00  0.0000E+00  1.0000E+02  5.2120E-01  1.6942E+00  2.0000E+00  3.3533E+00  0.0000E+00  0.0000E+00
  1.7400E+02  5.0000E+00  1.0000E+00  0.0000E+00  1.0000E+02  5.2120E-01  1.6942E+00  1.0000E+00  4.4578E+00  0.0000E+00  0.0000E+00
  1.7400E+02  6.0000E+00  0.0000E+00  0.0000E+00  1.0000E+02  5.2120E-01  1.6942E+00  0.0000E+00  6.9486E+00  0.0000E+00  0.0000E+00
  1.7500E+02  1.0000E+00  8.0000E+00  0.0000E+00  0.0000E+00  0.0000E+00  4.3931E+00  8.0000E+00  4.9513E+00  0.0000E+00  0.0000E+00
  1.7500E+02  2.0000E+00  2.0000E+00  0.0000E+00  0.0000E+00  0.0000E+00  4.3931E+00  2.0000E+00  5.5422E+00  0.0000E+00  0.0000E+00
  1.7500E+02  3.0000E+00  2.0000E+00  0.0000E+00  0.0000E+00  0.0000E+00  4.3931E+00  2.0000E+00  5.5422E+00  0.0000E+00  0.0000E+00
  1.7500E+02  4.0000E+00  8.0000E+00  0.0000E+00  0.0000E+00  0.0000E+00  4.3931E+00  8.0000E+00  4.9513E+00  0.0000E+00  0.0000E+00
  1.7500E+02  5.0000E+00  1.0000E+00  0.0000E+00  0.0000E+00  0.0000E+00  4.3931E+00  1.0000E+00  7.5582E+00  0.0000E+00  0.0000E+00
  1.7500E+02  6.0000E+00  5.0000E+00  0.0000E+00  0.0000E+00  0.0000E+00  4.3931E+00  5.0000E+00  3.5240E+00  0.0000E+00  0.0000E+00
  1.7600E+02  1.0000E+00  1.1000E+01  0.0000E+00  5.0000E+01  4.0920E-01  6.9830E+00  1.1000E+01  1.4275E+01  0.0000E+00  0.0000E+00
  1.7600E+02  2.0000E+00  1.0000E+00  0.0000E+00  5.0000E+01  4.0920E-01  6.9830E+00  1.0000E+00  4.5514E+00  0.0000E+00  0.0000E+00
  1.7600E+02  3.0000E+00  1.2000E+01  0.0000E+00  5.0000E+01  4.0920E-01  6.9830E+00  1.2000E+01  1.6717E+01  0.0000E+00  0.0000E+00
  1.7600E+02  4.0000E+00  8.0000E+00  0.0000E+00  5.0000E+01  4.0920E-01  6.9830E+00  8.0000E+00  8.0638E+00  0.0000E+00  0.0000E+00
  1.7600E+02  5.0000E+00  8.0000E+00  0.0000E+00  5.0000E+01  4.0920E-01  6.9830E+00  8.0000E+00  8.0638E+00  0.0000E+00  0.0000E+00
  1.7600E+02  6.0000E+00  3.0000E+00  0.0000E+00  5.0000E+01  4.0920E-01  6.9830E+00  3.0000E+00  3.0787E+00  0.0000E+00  0.0000E+00
  1.7700E+02  1.0000E+00  3.0000E+00  0.0000E+00  1.0000E+02  5.5950E-01  1.8375E+00  3.0000E+00  3.0552E+00  0.0000E+00  0.0000E+00
  1.7700E+02  2.0000E+00  0.0000E+00  0.0000E+00  1.0000E+02  5.5950E-01  1.8375E+00  0.0000E+00  6.9144E+00  0.0000E+00  0.0000E+00
  1.7700E+02  3.0000E+00  3.0000E+00  0.0000E+00  1.0000E+02  5.5950E-01  1.8375E+00  3.0000E+00  3.0552E+00  0.0000E+00  0.0000E+00
  1.7700E+02  4.0000E+00  0.0000E+00  0.0000E+00  1.0000E+02  5.5950E-01  1.8375E+00  0.0000E+00  6.9144E+00  0.0000E+00  0.0000E+00
  1.7700E+02  5.0000E+00  3.0000E+00  0.0000E+00  1.0000E+02  5.5950E-01  1.8375E+00  3.0000E+00  3.0552E+00  0.0000E+00  0.0000E+00
  1.7700E+02  6.0000E+00  1.0000E+00  0.0000E+00  1.0000E+02  5.5950E-01  1.8375E+00  1.0000E+00  4.4335E+00  0.0000E+00  0.0000E+00
  1.7800E+02  1.0000E+00  4.0000E+00  0.0000E+00  0.0000E+00  0.0000E+00  2.2417E+00  4.0000E+00  3.7074E+00  0.0000E+00  0.0000E+00
  1.7800E+02  2.0000E+00  1.0000E+00  0.0000E+00  0.0000E+00  0.0000E+00  2.2417E+00  1.0000E+00  7.5582E+00  0.0000E+00  0.0000E+00
  1.7800E+02  3.0000E+00  0.0000E+00  0.0000E+00  0.0000E+00  0.0000E+00  2.2417E+00  0.0000E+00  1.0961E+01  0.0000E+00  0.0000E+00
  1.7800E+02  4.0000E+00  2.0000E+00  0.0000E+00  0.0000E+00  0.0000E+00  2.2417E+00  2.0000E+00  5.5422E+00  0.0000E+00  0.0000E+00
  1.7800E+02  5.0000E+00  2.0000E+00  0.0000E+00  0.0000E+00  0.0000E+00  2.2417E+00  2.0000E+00  5.5422E+00  0.0000E+00  0.0000E+00
  1.7800E+02  6.0000E+00  3.0000E+00  0.0000E+00  0.0000E+00  0.0000E+00  2.2417E+00  3.0000E+00  4.3371E+00  0.0000E+00  0.0000E+00
  1.7900E+02  1.0000E+00  1.0000E+00  0.0000E+00  5.0000E+01  3.2160E-01  1.2807E+00  1.0000E+00  4.6625E+00  0.0000E+00  0.0000E+00
  1.7900E+02  2.0000E+00  2.0000E+00  0.0000E+00  5.0000E+01  3.2160E-01  1.2807E+00  2.0000E+00  3.4776E+00  0.0000E+00  0.0000E+00
  1.7900E+02  3.0000E+00  0.0000E+00  0.0000E+00  5.0000E+01  3.2160E-01  1.2807E+00  0.0000E+00  7.2337E+00  0.0000E+00  0.0000E+00
  1.7900E+02  4.0000E+00  0.0000E+00  0.0000E+00  5.0000E+01  3.2160E-01  1.2807E+00  0.0000E+00  7.2337E+00  0.0000E+00  0.0000E+00
  1.7900E+02  5.0000E+00  2.0000E+00  0.0000E+00  5.0000E+01  3.2160E-01  1.2807E+00  2.0000E+00  3.4776E+00  0.0000E+00  0.0000E+00
  1.7900E+02  6.0000E+00  1.0000E+00  0.0000E+00  5.0000E+01  3.2160E-01  1.2807E+00  1.0000E+00  4.6625E+00  0.0000E+00  0.0000E+00
  1.8000E+02  1.0000E+00  4.0000E+00  0.0000E+00  1.0000E+02  8.9860E-01  4.4259E+00  4.0000E+00  3.3788E+00  0.0000E+00  0.0000E+00
  1.8000E+02  2.0000E+00  1.0000E+00  0.0000E+00  1.0000E+02  8.9860E-01  4.4259E+00  1.0000E+00  4.3028E+00  0.0000E+00  0.0000E+00
  1.8000E+02  3.0000E+00  1.0000E+00  0.0000E+00  1.0000E+02  8.9860E-01  4.4259E+00  1.0000E+00  4.3028E+00  0.0000E+00  0.0000E+00
  1.8000E+02  4.0000E+00  7.0000E+00  0.0000E+00  1.0000E+02  8.9860E-01  4.4259E+00  7.0000E+00  6.7928E+00  0.0000E+00  0.0000E+00
  1.8000E+02  5.0000E+00  8.0000E+00  0.0000E+00  1.0000E+02  8.9860E-01  4.4259E+00  8.0000E+00  8.5250E+00  0.0000E+00  0.0000E+00
  1.8000E+02  6.0000E+00  6.0000E+00  0.0000E+00  1.0000E+02  8.9860E-01  4.4259E+00  6.0000E+00  5.3277E+00  0.0000E+00  0.0000E+00
  1.8100E+02  1.0000E+00  2.0000E+00  0.0000E+00  0.0000E+00  0.0000E+00  2.6922E+00  2.0000E+00  5.5422E+00  0.0000E+00  0.0000E+00
  1.8100E+02  2.0000E+00  3.0000E+00  0.0000E+00  0.0000E+00  0.0000E+00  2.6922E+00  3.0000E+00  4.3371E+00  0.0000E+00  0.0000E+00
  1.8100E+02  3.0000E+00  1.0000E+00  0.0000E+00  0.0000E+00  0.0000E+00  2.6922E+00  1.0000E+00  7.5582E+00  0.0000E+00  0.0000E+00
  1.8100E+02  4.0000E+00  4.0000E+00  0.0000E+00  0.0000E+00  0.0000E+00  2.6922E+00  4.0000E+00  3.7074E+00  0.0000E+00  0.0000E+00
  1.8100E+02  5.0000E+00  3.0000E+00  0.0000E+00  0.0000E+00  0.0000E+00  2.6922E+00  3.0000E+00  4.3371E+00  0.0000E+00  0.0000E+00
  1.8100E+02  6.0000E+00  2.0000E+00  0.0000E+00  0.0000E+00  0.0000E+00  2.6922E+00  2.0000E+00  5.5422E+00  0.0000E+00  0.0000E+00
  1.8200E+02  1.0000E+00  1.0000E+00  0.0000E+00  5.0000E+01  4.5480E-01  1.0048E+00  1.0000E+00  4.5084E+00  0.0000E+00  0.0000E+00
  1.8200E+02  2.0000E+00  1.0000E+00  0.0000E+00  5.0000E+01  4.5480E-01  1.0048E+00  1.0000E+00  4.5084E+00  0.0000E+00  0.0000E+00
  1.8200E+02  3.0000E+00  1.0000E+00  0.0000E+00  5.0000E+01  4.5480E-01  1.0048E+00  1.0000E+00  4.5084E+00  0.0000E+00  0.0000E+00
  1.8200E+02  4.0000E+00  0.0000E+00  0.0000E+00  5.0000E+01  4.5480E-01  1.0048E+00  0.0000E+00  7.0195E+00  0.0000E+00  0.0000E+00
  1.8200E+02  5.0000E+00  0.0000E+00  0.0000E+00  5.0000E+01  4.5480E-01  1.0048E+00  0.0000E+00  7.0195E+00  0.0000E+00  0.0000E+00
  1.8200E+02  6.0000E+00  1.0000E+00  0.0000E+00  5.0000E+01  4.5480E-01  1.0048E+00  1.0000E+00  4.5084E+00  0.0000E+00  0.0000E+00
  1.8300E+02  1.0000E+00  5.0000E+00  0.0000E+00  1.0000E+02  9.9800E-01  3.7992E+00  5.0000E+00  4.1866E+00  0.0000E+00  0.0000E+00
  1.8300E+02  2.0000E+00  3.0000E+00  0.0000E+00  1.0000E+02  9.9800E-01  3.7992E+00  3.0000E+00  3.0295E+00  0.0000E+00  0.0000E+00
  1.8300E+02  3.0000E+00  3.0000E+00  0.0000E+00  1.0000E+02  9.9800E-01  3.7992E+00  3.0000E+00  3.0295E+00  0.0000E+00  0.0000E+00
  1.8300E+02  4.0000E+00  1.0000E+00  0.0000E+00  1.0000E+02  9.9800E-01  3.7992E+00  1.0000E+00  4.2804E+00  0.0000E+00  0.0000E+00
  1.8300E+02  5.0000E+00  6.0000E+00  0.0000E+00  1.0000E+02  9.9800E-01  3.7992E+00  6.0000E+00  5.3529E+00  0.0000E+00  0.0000E+00
  1.8300E+02  6.0000E+00  5.0000E+00  0.0000E+00  1.0000E+02  9.9800E-01  3.7992E+00  5.0000E+00  4.1866E+00  0.0000E+00  0.0000E+00
  1.8400E+02  1.0000E+00  6.0000E+00  0.0000E+00  0.0000E+00  0.0000E+00  2.6922E+00  6.0000E+00  3.7052E+00  0.0000E+00  0.0000E+00
  1.8400E+02  2.0000E+00  3.0000E+00  0.0000E+00  0.0000E+00  0.0000E+00  2.6922E+00  3.0000E+00  4.3371E+00  0.0000E+00  0.0000E+00
  1.8400E+02  3.0000E+00  1.0000E+00  0.0000E+00  0.0000E+00  0.0000E+00  2.6922E+00  1.0000E+00  7.5582E+00  0.0000E+00  0.0000E+00
  1.8400E+02  4.0000E+00  1.0000E+00  0.0000E+00  0.0000E+00  0.0000E+00  2.6922E+00  1.0000E+00  7.5582E+00  0.0000E+00  0.0000E+00
  1.8400E+02  5.0000E+00  1.0000E+00  0.0000E+00  0.0000E+00  0.0000E+00  2.6922E+00  1.0000E+00  7.5582E+00  0.0000E+00  0.0000E+00
  1.8400E+02  6.0000E+00  3.0000E+00  0.0000E+00  0.0000E+00  0.0000E+00  2.6922E+00  3.0000E+00  4.3371E+00  0.0000E+00  0.0000E+00
  1.8500E+02  1.0000E+00  1.2000E+01  0.0000E+00  5.0000E+01  4.9040E-01  3.0375E+00  1.2000E+01  1.6958E+01  0.0000E+00  0.0000E+00
  1.8500E+02  2.0000E+00  1.0000E+00  0.0000E+00  5.0000E+01  4.9040E-01  3.0375E+00  1.0000E+00  4.4798E+00  0.0000E+00  0.0000E+00
  1.8500E+02  3.0000E+00  2.0000E+00  0.0000E+00  5.0000E+01  4.9040E-01  3.0375E+00  2.0000E+00  3.3664E+00  0.0000E+00  0.0000E+00
  1.8500E+02  4.0000E+00  1.0000E+00  0.0000E+00  5.0000E+01  4.9040E-01  3.0375E+00  1.0000E+00  4.4798E+00  0.0000E+00  0.0000E+00
  1.8500E+02  5.0000E+00  0.0000E+00  0.0000E+00  5.0000E+01  4.9040E-01  3.0375E+00  0.0000E+00  6.9794E+00  0.0000E+00  0.0000E+00
  1.8500E+02  6.0000E+00  2.0000E+00  0.0000E+00  5.0000E+01  4.9040E-01  3.0375E+00  2.0000E+00  3.3664E+00  0.0000E+00  0.0000E+00
  1.8600E+02  1.0000E+00  0.0000E+00  0.0000E+00  1.0000E+02  8.5300E-01  6.2320E-01  0.0000E+00  6.7466E+00  0.0000E+00  0.0000E+00
  1.8600E+02  2.0000E+00  0.0000E+00  0.0000E+00  1.0000E+02  8.5300E-01  6.2320E-01  0.0000E+00  6.7466E+00  0.0000E+00  0.0000E+00
  1.8600E+02  3.0000E+00  0.0000E+00  0.0000E+00  1.0000E+02  8.5300E-01  6.2320E-01  0.0000E+00  6.7466E+00  0.0000E+00  0.0000E+00
  1.8600E+02  4.0000E+00  0.0000E+00  0.0000E+00  1.0000E+02  8.5300E-01  6.2320E-01  0.0000E+00  6.7466E+00  0.0000E+00  0.0000E+00
  1.8600E+02  5.0000E+00  1.0000E+00  0.0000E+00  1.0000E+02  8.5300E-01  6.2320E-01  1.0000E+00  4.3148E+00  0.0000E+00  0.0000E+00
  1.8600E+02  6.0000E+00  0.0000E+00  0.0000E+00  1.0000E+02  8.5300E-01  6.2320E-01  0.0000E+00  6.7466E+00  0.0000E+00  0.0000E+00
  1.8700E+02  1.0000E+00  3.0000E+00  0.0000E+00  0.0000E+00  0.0000E+00  2.8440E+00  3.0000E+00  4.3371E+00  0.0000E+00  0.0000E+00
  1.8700E+02  2.0000E+00  1.0000E+00  0.0000E+00  0.0000E+00  0.0000E+00  2.8440E+00  1.0000E+00  7.5582E+00  0.0000E+00  0.0000E+00
  1.8700E+02  3.0000E+00  0.0000E+00  0.0000E+00  0.0000E+00  0.0000E+00  2.8440E+00  0.0000E+00  1.0961E+01  0.0000E+00  0.0000E+00
  1.8700E+02  4.0000E+00  2.0000E+00  0.0000E+00  0.0000E+00  0.0000E+00  2.8440E+00  2.0000E+00  5.5422E+00  0.0000E+00  0.0000E+00
  1.8700E+02  5.0000E+00  8.0000E+00  0.0000E+00  0.0000E+00  0.0000E+00  2.8440E+00  8.0000E+00  4.9513E+00  0.0000E+00  0.0000E+00
  1.8700E+02  6.0000E+00  2.0000E+00  0.0000E+00  0.0000E+00  0.0000E+00  2.8440E+00  2.0000E+00  5.5422E+00  0.0000E+00  0.0000E+00
  1.8800E+02  1.0000E+00  3.0000E+00  0.0000E+00  5.0000E+01  4.5620E-01  5.2257E+00  3.0000E+00  3.0695E+00  0.0000E+00  0.0000E+00
  1.8800E+02  2.0000E+00  5.0000E+00  0.0000E+00  5.0000E+01  4.5620E-01  5.2257E+00  5.0000E+00  4.0397E+00  0.0000E+00  0.0000E+00
  1.8800E+02  3.0000E+00  9.0000E+00  0.0000E+00  5.0000E+01  4.5620E-01  5.2257E+00  9.0000E+00  1.0026E+01  0.0000E+00  0.0000E+00
  1.8800E+02  4.0000E+00  7.0000E+00  0.0000E+00  5.0000E+01  4.5620E-01  5.2257E+00  7.0000E+00  6.4939E+00  0.0000E+00  0.0000E+00
  1.8800E+02  5.0000E+00  1.0000E+00  0.0000E+00  5.0000E+01  4.5620E-01  5.2257E+00  1.0000E+00  4.5072E+00  0.0000E+00  0.0000E+00
  1.8800E+02  6.0000E+00  7.0000E+00  0.0000E+00  5.0000E+01  4.5620E-01  5.2257E+00  7.0000E+00  6.4939E+00  0.0000E+00  0.0000E+00
  1.8900E+02  1.0000E+00  6.0000E+00  0.0000E+00  1.0000E+02  1.0979E+00  1.9750E+00  6.0000E+00  5.3741E+00  0.0000E+00  0.0000E+00
  1.8900E+02  2.0000E+00  1.0000E+00  0.0000E+00  1.0000E+02  1.0979E+00  1.9750E+00  1.0000E+00  4.2617E+00  0.0000E+00  0.0000E+00
  1.8900E+02  3.0000E+00  2.0000E+00  0.0000E+00  1.0000E+02  1.0979E+00  1.9750E+00  2.0000E+00  3.2387E+00  0.0000E+00  0.0000E+00
  1.8900E+02  4.0000E+00  1.0000E+00  0.0000E+00  1.0000E+02  1.0979E+00  1.9750E+00  1.0000E+00  4.2617E+00  0.0000E+00  0.0000E+00
  1.8900E+02  5.0000E+00  0.0000E+00  0.0000E+00  1.0000E+02  1.0979E+00  1.9750E+00  0.0000E+00  6.6709E+00  0.0000E+00  0.0000E+00
  1.8900E+02  6.0000E+00  1.0000E+00  0.0000E+00  1.0000E+02  1.0979E+00  1.9750E+00  1.0000E+00  4.2617E+00  0.0000E+00  0.0000E+00
  1.9000E+02  1.0000E+00  4.0000E+00  0.0000E+00  0.0000E+00  0.0000E+00  4.2363E+00  4.0000E+00  3.7074E+00  0.0000E+00  0.0000E+00
  1.9000E+02  2.0000E+00  2.0000E+00  0.0000E+00  0.0000E+00  0.0000E+00  4.2363E+00  2.0000E+00  5.5422E+00  0.0000E+00  0.0000E+00
  1.9000E+02  3.0000E+00  2.0000E+00  0.0000E+00  0.0000E+00  0.0000E+00  4.2363E+00  2.0000E+00  5.5422E+00  0.0000E+00  0.0000E+00
  1.9000E+02  4.0000E+00  6.0000E+00  0.0000E+00  0.0000E+00  0.0000E+00  4.2363E+00  6.0000E+00  3.7052E+00  0.0000E+00  0.0000E+00
  1.9000E+02  5.0000E+00  7.0000E+00  0.0000E+00  0.0000E+00  0.0000E+00  4.2363E+00  7.0000E+00  4.1947E+00  0.0000E+00  0.0000E+00
  1.9000E+02  6.0000E+00  4.0000E+00  0.0000E+00  0.0000E+00  0.0000E+00  4.2363E+00  4.0000E+00  3.7074E+00  0.0000E+00  0.0000E+00
  1.9100E+02  1.0000E+00  5.1000E+01  0.0000E+00  5.0000E+01  3.5190E-01  3.4885E+01  5.1000E+01  1.8172E+02  0.0000E+00  0.0000E+00
  1.9100E+02  2.0000E+00  1.6000E+01  0.0000E+00  5.0000E+01  3.5190E-01  3.4885E+01  1.6000E+01  2.7647E+01  0.0000E+00  0.0000E+00
  1.9100E+02  3.0000E+00  4.4000E+01  0.0000E+00  5.0000E+01  3.5190E-01  3.4885E+01  4.4000E+01  1.4541E+02  0.0000E+00  0.0000E+00
  1.9100E+02  4.0000E+00  4.8000E+01  0.0000E+00  5.0000E+01  3.5190E-01  3.4885E+01  4.8000E+01  1.6591E+02  0.0000E+00  0.0000E+00
  1.9100E+02  5.0000E+00  2.1000E+01  0.0000E+00  5.0000E+01  3.5190E-01  3.4885E+01  2.1000E+01  4.4291E+01  0.0000E+00  0.0000E+00
  1.9100E+02  6.0000E+00  3.3000E+01  0.0000E+00  5.0000E+01  3.5190E-01  3.4885E+01  3.3000E+01  9.2987E+01  0.0000E+00  0.0000E+00
  1.9200E+02  1.0000E+00  0.0000E+00  0.0000E+00  1.0000E+02  6.8700E-01  1.5472E+00  0.0000E+00  6.8256E+00  0.0000E+00  0.0000E+00
  1.9200E+02  2.0000E+00  2.0000E+00  0.0000E+00  1.0000E+02  6.8700E-01  1.5472E+00  2.0000E+00  3.3018E+00  0.0000E+00  0.0000E+00
  1.9200E+02  3.0000E+00  2.0000E+00  0.0000E+00  1.0000E+02  6.8700E-01  1.5472E+00  2.0000E+00  3.3018E+00  0.0000E+00  0.0000E+00
  1.9200E+02  4.0000E+00  4.0000E+00  0.0000E+00  1.0000E+02  6.8700E-01  1.5472E+00  4.0000E+00  3.3614E+00  0.0000E+00  0.0000E+00
  1.9200E+02  5.0000E+00  0.0000E+00  0.0000E+00  1.0000E+02  6.8700E-01  1.5472E+00  0.0000E+00  6.8256E+00  0.0000E+00  0.0000E+00
  1.9200E+02  6.0000E+00  0.0000E+00  0.0000E+00  1.0000E+02  6.8700E-01  1.5472E+00  0.0000E+00  6.8256E+00  0.0000E+00  0.0000E+00
  1.9300E+02  1.0000E+00  1.4000E+01  0.0000E+00  0.0000E+00  0.0000E+00  9.1935E+00  1.4000E+01  1.3711E+01  0.0000E+00  0.0000E+00
  1.9300E+02  2.0000E+00  1.1000E+01  0.0000E+00  0.0000E+00  0.0000E+00  9.1935E+00  1.1000E+01  8.5397E+00  0.0000E+00  0.0000E+00
  1.9300E+02  3.0000E+00  1.3000E+01  0.0000E+00  0.0000E+00  0.0000E+00  9.1935E+00  1.3000E+01  1.1835E+01  0.0000E+00  0.0000E+00
  1.9300E+02  4.0000E+00  1.1000E+01  0.0000E+00  0.0000E+00  0.0000E+00  9.1935E+00  1.1000E+01  8.5397E+00  0.0000E+00  0.0000E+00
  1.9300E+02  5.0000E+00  6.0000E+00  0.0000E+00  0.0000E+00  0.0000E+00  9.1935E+00  6.0000E+00  3.7052E+00  0.0000E+00  0.0000E+00
  1.9300E+02  6.0000E+00  1.0000E+00  0.0000E+00  0.0000E+00  0.0000E+00  9.1935E+00  1.0000E+00  7.5582E+00  0.0000E+00  0.0000E+00
  1.9400E+02  1.0000E+00  3.0000E+00  0.0000E+00  5.0000E+01  2.3200E-01  3.5167E+00  3.0000E+00  3.1496E+00  0.0000E+00  0.0000E+00
  1.9400E+02  2.0000E+00  7.0000E+00  0.0000E+00  5.0000E+01  2.3200E-01  3.5167E+00  7.0000E+00  6.0606E+00  0.0000E+00  0.0000E+00
  1.9400E+02  3.0000E+00  4.0000E+00  0.0000E+00  5.0000E+01  2.3200E-01  3.5167E+00  4.0000E+00  3.2832E+00  0.0000E+00  0.0000E+00
  1.9400E+02  4.0000E+00  3.0000E+00  0.0000E+00  5.0000E+01  2.3200E-01  3.5167E+00  3.0000E+00  3.1496E+00  0.0000E+00  0.0000E+00
  1.9400E+02  5.0000E+00  4.0000E+00  0.0000E+00  5.0000E+01  2.3200E-01  3.5167E+00  4.0000E+00  3.2832E+00  0.0000E+00  0.0000E+00
  1.9400E+02  6.0000E+00  0.0000E+00  0.0000E+00  5.0000E+01  2.3200E-01  3.5167E+00  0.0000E+00  7.4829E+00  0.0000E+00  0.0000E+00
  1.9500E+02  1.0000E+00  1.5000E+01  0.0000E+00  1.0000E+02  1.3511E+00  1.1985E+01  1.5000E+01  2.6510E+01  0.0000E+00  0.0000E+00
  1.9500E+02  2.0000E+00  3.0000E+00  0.0000E+00  1.0000E+02  1.3511E+00  1.1985E+01  3.0000E+00  3.0218E+00  0.0000E+00  0.0000E+00
  1.9500E+02  3.0000E+00  9.0000E+00  0.0000E+00  1.0000E+02  1.3511E+00  1.1985E+01  9.0000E+00  1.0679E+01  0.0000E+00  0.0000E+00
  1.9500E+02  4.0000E+00  1.4000E+01  0.0000E+00  1.0000E+02  1.3511E+00  1.1985E+01  1.4000E+01  2.3488E+01  0.0000E+00  0.0000E+00
  1.9500E+02  5.0000E+00  2.1000E+01  0.0000E+00  1.0000E+02  1.3511E+00  1.1985E+01  2.1000E+01  4.7109E+01  0.0000E+00  0.0000E+00
  1.9500E+02  6.0000E+00  1.2000E+01  0.0000E+00  1.0000E+02  1.3511E+00  1.1985E+01  1.2000E+01  1.7868E+01  0.0000E+00  0.0000E+00
  1.9600E+02  1.0000E+00  4.0000E+00  0.0000E+00  0.0000E+00  0.0000E+00  8.3850E+00  4.0000E+00  3.7074E+00  0.0000E+00  0.0000E+00
  1.9600E+02  2.0000E+00  1.0000E+01  0.0000E+00  0.0000E+00  0.0000E+00  8.3850E+00  1.0000E+01  7.1463E+00  0.0000E+00  0.0000E+00
  1.9600E+02  3.0000E+00  1.0000E+01  0.0000E+00  0.0000E+00  0.0000E+00  8.3850E+00  1.0000E+01  7.1463E+00  0.0000E+00  0.0000E+00
  1.9600E+02  4.0000E+00  3.0000E+00  0.0000E+00  0.0000E+00  0.0000E+00  8.3850E+00  3.0000E+00  4.3371E+00  0.0000E+00  0.0000E+00
  1.9600E+02  5.0000E+00  2.2000E+01  0.0000E+00  0.0000E+00  0.0000E+00  8.3850E+00  2.2000E+01  3.3052E+01  0.0000E+00  0.0000E+00
  1.9600E+02  6.0000E+00  2.0000E+00  0.0000E+00  0.0000E+00  0.0000E+00  8.3850E+00  2.0000E+00  5.5422E+00  0.0000E+00  0.0000E+00
  1.9700E+02  1.0000E+00  6.0000E+00  0.0000E+00  5.0000E+01  3.3930E-01  7.6302E+00  6.0000E+00  4.9891E+00  0.0000E+00  0.0000E+00
  1.9700E+02  2.0000E+00  1.4000E+01  0.0000E+00  5.0000E+01  3.3930E-01  7.6302E+00  1.4000E+01  2.1724E+01  0.0000E+00  0.0000E+00
  1.9700E+02  3.0000E+00  6.0000E+00  0.0000E+00  5.0000E+01  3.3930E-01  7.6302E+00  6.0000E+00  4.9891E+00  0.0000E+00  0.0000E+00
  1.9700E+02  4.0000E+00  5.0000E+00  0.0000E+00  5.0000E+01  3.3930E-01  7.6302E+00  5.0000E+00  3.9667E+00  0.0000E+00  0.0000E+00
  1.9700E+02  5.0000E+00  3.0000E+00  0.0000E+00  5.0000E+01  3.3930E-01  7.6302E+00  3.0000E+00  3.0975E+00  0.0000E+00  0.0000E+00
  1.9700E+02  6.0000E+00  1.3000E+01  0.0000E+00  5.0000E+01  3.3930E-01  7.6302E+00  1.3000E+01  1.9007E+01  0.0000E+00  0.0000E+00
  1.9800E+02  1.0000E+00  1.0000E+01  0.0000E+00  1.0000E+02  5.7800E-01  4.1187E+00  1.0000E+01  1.2342E+01  0.0000E+00  0.0000E+00
  1.9800E+02  2.0000E+00  3.0000E+00  0.0000E+00  1.0000E+02  5.7800E-01  4.1187E+00  3.0000E+00  3.0532E+00  0.0000E+00  0.0000E+00
  1.9800E+02  3.0000E+00  4.0000E+00  0.0000E+00  1.0000E+02  5.7800E-01  4.1187E+00  4.0000E+00  3.3492E+00  0.0000E+00  0.0000E+00
  1.9800E+02  4.0000E+00  0.0000E+00  0.0000E+00  1.0000E+02  5.7800E-01  4.1187E+00  0.0000E+00  6.8994E+00  0.0000E+00  0.0000E+00
  1.9800E+02  5.0000E+00  1.0000E+00  0.0000E+00  1.0000E+02  5.7800E-01  4.1187E+00  1.0000E+00  4.4228E+00  0.0000E+00  0.0000E+00
  1.9800E+02  6.0000E+00  7.0000E+00  0.0000E+00  1.0000E+02  5.7800E-01  4.1187E+00  7.0000E+00  6.6137E+00  0.0000E+00  0.0000E+00
  1.9900E+02  1.0000E+00  8.0000E+00  0.0000E+00  0.0000E+00  0.0000E+00  4.0798E+00  8.0000E+00  4.9513E+00  0.0000E+00  0.0000E+00
  1.9900E+02  2.0000E+00  3.0000E+00  0.0000E+00  0.0000E+00  0.0000E+00  4.0798E+00  3.0000E+00  4.3371E+00  0.0000E+00  0.0000E+00
  1.9900E+02  3.0000E+00  7.0000E+00  0.0000E+00  0.0000E+00  0.0000E+00  4.0798E+00  7.0000E+00  4.1947E+00  0.0000E+00  0.0000E+00
  1.9900E+02  4.0000E+00  0.0000E+00  0.0000E+00  0.0000E+00  0.0000E+00  4.0798E+00  0.0000E+00  1.0961E+01  0.0000E+00  0.0000E+00
  1.9900E+02  5.0000E+00  1.0000E+00  0.0000E+00  0.0000E+00  0.0000E+00  4.0798E+00  1.0000E+00  7.5582E+00  0.0000E+00  0.0000E+00
  1.9900E+02  6.0000E+00  5.0000E+00  0.0000E+00  0.0000E+00  0.0000E+00  4.0798E+00  5.0000E+00  3.5240E+00  0.0000E+00  0.0000E+00
  2.0000E+02  1.0000E+00  1.0000E+00  0.0000E+00  5.0000E+01  3.2380E-01  2.4396E+00  1.0000E+00  4.6591E+00  0.0000E+00  0.0000E+00
  2.0000E+02  2.0000E+00  4.0000E+00  0.0000E+00  5.0000E+01  3.2380E-01  2.4396E+00  4.0000E+00  3.3055E+00  0.0000E+00  0.0000E+00
  2.0000E+02  3.0000E+00  3.0000E+00  0.0000E+00  5.0000E+01  3.2380E-01  2.4396E+00  3.0000E+00  3.1028E+00  0.0000E+00  0.0000E+00
  2.0000E+02  4.0000E+00  0.0000E+00  0.0000E+00  5.0000E+01  3.2380E-01  2.4396E+00  0.0000E+00  7.2290E+00  0.0000E+00  0.0000E+00
  2.0000E+02  5.0000E+00  2.0000E+00  0.0000E+00  5.0000E+01  3.2380E-01  2.4396E+00  2.0000E+00  3.4755E+00  0.0000E+00  0.0000E+00
  2.0000E+02  6.0000E+00  4.0000E+00  0.0000E+00  5.0000E+01  3.2380E-01  2.4396E+00  4.0000E+00  3.3055E+00  0.0000E+00  0.0000E+00
