TABLE NO.  2
 ID          CL          V           LB          PLMX        EC50        ETA1        ETA2        ETA3        ETA4        ETA5
  1.0000E+00  5.0618E+00  3.9239E+01  5.8103E-01  7.1175E-01  9.3010E-01  0.0000E+00  0.0000E+00 -2.8266E-01 -1.9132E-01  0.0000E+00
  1.0000E+00  5.0618E+00  3.9239E+01  5.8103E-01  7.1175E-01  9.3010E-01  0.0000E+00  0.0000E+00 -2.8266E-01 -1.9132E-01  0.0000E+00
  1.0000E+00  5.0618E+00  3.9239E+01  5.8103E-01  7.1175E-01  9.3010E-01  0.0000E+00  0.0000E+00 -2.8266E-01 -1.9132E-01  0.0000E+00
  1.0000E+00  5.0618E+00  3.9239E+01  5.8103E-01  7.1175E-01  9.3010E-01  0.0000E+00  0.0000E+00 -2.8266E-01 -1.9132E-01  0.0000E+00
  1.0000E+00  5.0618E+00  3.9239E+01  5.8103E-01  7.1175E-01  9.3010E-01  0.0000E+00  0.0000E+00 -2.8266E-01 -1.9132E-01  0.0000E+00
  1.0000E+00  5.0618E+00  3.9239E+01  5.8103E-01  7.1175E-01  9.3010E-01  0.0000E+00  0.0000E+00 -2.8266E-01 -1.9132E-01  0.0000E+00
  1.0000E+00  5.0618E+00  3.9239E+01  5.8103E-01  7.1175E-01  9.3010E-01  0.0000E+00  0.0000E+00 -2.8266E-01 -1.9132E-01  0.0000E+00
  1.0000E+00  5.0618E+00  3.9239E+01  5.8103E-01  7.1175E-01  9.3010E-01  0.0000E+00  0.0000E+00 -2.8266E-01 -1.9132E-01  0.0000E+00
  1.0000E+00  5.0618E+00  3.9239E+01  5.8103E-01  7.1175E-01  9.3010E-01  0.0000E+00  0.0000E+00 -2.8266E-01 -1.9132E-01  0.0000E+00
  2.0000E+00  5.0618E+00  3.9239E+01  8.8128E-01  7.6528E-01  9.3010E-01  0.0000E+00  0.0000E+00  1.7593E-02 -1.1879E-01  0.0000E+00
  2.0000E+00  5.0618E+00  3.9239E+01  8.8128E-01  7.6528E-01  9.3010E-01  0.0000E+00  0.0000E+00  1.7593E-02 -1.1879E-01  0.0000E+00
  2.0000E+00  5.0618E+00  3.9239E+01  8.8128E-01  7.6528E-01  9.3010E-01  0.0000E+00  0.0000E+00  1.7593E-02 -1.1879E-01  0.0000E+00
  2.0000E+00  5.0618E+00  3.9239E+01  8.8128E-01  7.6528E-01  9.3010E-01  0.0000E+00  0.0000E+00  1.7593E-02 -1.1879E-01  0.0000E+00
  2.0000E+00  5.0618E+00  3.9239E+01  8.8128E-01  7.6528E-01  9.3010E-01  0.0000E+00  0.0000E+00  1.7593E-02 -1.1879E-01  0.0000E+00
  2.0000E+00  5.0618E+00  3.9239E+01  8.8128E-01  7.6528E-01  9.3010E-01  0.0000E+00  0.0000E+00  1.7593E-02 -1.1879E-01  0.0000E+00
  2.0000E+00  5.0618E+00  3.9239E+01  8.8128E-01  7.6528E-01  9.3010E-01  0.0000E+00  0.0000E+00  1.7593E-02 -1.1879E-01  0.0000E+00
  2.0000E+00  5.0618E+00  3.9239E+01  8.8128E-01  7.6528E-01  9.3010E-01  0.0000E+00  0.0000E+00  1.7593E-02 -1.1879E-01  0.0000E+00
  2.0000E+00  5.0618E+00  3.9239E+01  8.8128E-01  7.6528E-01  9.3010E-01  0.0000E+00  0.0000E+00  1.7593E-02 -1.1879E-01  0.0000E+00
  3.0000E+00  5.0618E+00  3.9239E+01  9.3267E-01  8.2878E-01  9.3010E-01  0.0000E+00  0.0000E+00  6.8981E-02 -3.9081E-02  0.0000E+00
  3.0000E+00  5.0618E+00  3.9239E+01  9.3267E-01  8.2878E-01  9.3010E-01  0.0000E+00  0.0000E+00  6.8981E-02 -3.9081E-02  0.0000E+00
  3.0000E+00  5.0618E+00  3.9239E+01  9.3267E-01  8.2878E-01  9.3010E-01  0.0000E+00  0.0000E+00  6.8981E-02 -3.9081E-02  0.0000E+00
  3.0000E+00  5.0618E+00  3.9239E+01  9.3267E-01  8.2878E-01  9.3010E-01  0.0000E+00  0.0000E+00  6.8981E-02 -3.9081E-02  0.0000E+00
  3.0000E+00  5.0618E+00  3.9239E+01  9.3267E-01  8.2878E-01  9.3010E-01  0.0000E+00  0.0000E+00  6.8981E-02 -3.9081E-02  0.0000E+00
  3.0000E+00  5.0618E+00  3.9239E+01  9.3267E-01  8.2878E-01  9.3010E-01  0.0000E+00  0.0000E+00  6.8981E-02 -3.9081E-02  0.0000E+00
  3.0000E+00  5.0618E+00  3.9239E+01  9.3267E-01  8.2878E-01  9.3010E-01  0.0000E+00  0.0000E+00  6.8981E-02 -3.9081E-02  0.0000E+00
  3.0000E+00  5.0618E+00  3.9239E+01  9.3267E-01  8.2878E-01  9.3010E-01  0.0000E+00  0.0000E+00  6.8981E-02 -3.9081E-02  0.0000E+00
  3.0000E+00  5.0618E+00  3.9239E+01  9.3267E-01  8.2878E-01  9.3010E-01  0.0000E+00  0.0000E+00  6.8981E-02 -3.9081E-02  0.0000E+00
  4.0000E+00  5.0618E+00  3.9239E+01  5.4131E-01  1.7567E+00  9.3010E-01  0.0000E+00  0.0000E+00 -3.2238E-01  7.1217E-01  0.0000E+00
  4.0000E+00  5.0618E+00  3.9239E+01  5.4131E-01  1.7567E+00  9.3010E-01  0.0000E+00  0.0000E+00 -3.2238E-01  7.1217E-01  0.0000E+00
  4.0000E+00  5.0618E+00  3.9239E+01  5.4131E-01  1.7567E+00  9.3010E-01  0.0000E+00  0.0000E+00 -3.2238E-01  7.1217E-01  0.0000E+00
  4.0000E+00  5.0618E+00  3.9239E+01  5.4131E-01  1.7567E+00  9.3010E-01  0.0000E+00  0.0000E+00 -3.2238E-01  7.1217E-01  0.0000E+00
  4.0000E+00  5.0618E+00  3.9239E+01  5.4131E-01  1.7567E+00  9.3010E-01  0.0000E+00  0.0000E+00 -3.2238E-01  7.1217E-01  0.0000E+00
  4.0000E+00  5.0618E+00  3.9239E+01  5.4131E-01  1.7567E+00  9.3010E-01  0.0000E+00  0.0000E+00 -3.2238E-01  7.1217E-01  0.0000E+00
  4.0000E+00  5.0618E+00  3.9239E+01  5.4131E-01  1.7567E+00  9.3010E-01  0.0000E+00  0.0000E+00 -3.2238E-01  7.1217E-01  0.0000E+00
  4.0000E+00  5.0618E+00  3.9239E+01  5.4131E-01  1.7567E+00  9.3010E-01  0.0000E+00  0.0000E+00 -3.2238E-01  7.1217E-01  0.0000E+00
  4.0000E+00  5.0618E+00  3.9239E+01  5.4131E-01  1.7567E+00  9.3010E-01  0.0000E+00  0.0000E+00 -3.2238E-01  7.1217E-01  0.0000E+00
  5.0000E+00  5.0618E+00  3.9239E+01  6.4610E-01  6.6419E-01  9.3010E-01  0.0000E+00  0.0000E+00 -2.1759E-01 -2.6047E-01  0.0000E+00
  5.0000E+00  5.0618E+00  3.9239E+01  6.4610E-01  6.6419E-01  9.3010E-01  0.0000E+00  0.0000E+00 -2.1759E-01 -2.6047E-01  0.0000E+00
  5.0000E+00  5.0618E+00  3.9239E+01  6.4610E-01  6.6419E-01  9.3010E-01  0.0000E+00  0.0000E+00 -2.1759E-01 -2.6047E-01  0.0000E+00
  5.0000E+00  5.0618E+00  3.9239E+01  6.4610E-01  6.6419E-01  9.3010E-01  0.0000E+00  0.0000E+00 -2.1759E-01 -2.6047E-01  0.0000E+00
  5.0000E+00  5.0618E+00  3.9239E+01  6.4610E-01  6.6419E-01  9.3010E-01  0.0000E+00  0.0000E+00 -2.1759E-01 -2.6047E-01  0.0000E+00
  5.0000E+00  5.0618E+00  3.9239E+01  6.4610E-01  6.6419E-01  9.3010E-01  0.0000E+00  0.0000E+00 -2.1759E-01 -2.6047E-01  0.0000E+00
  5.0000E+00  5.0618E+00  3.9239E+01  6.4610E-01  6.6419E-01  9.3010E-01  0.0000E+00  0.0000E+00 -2.1759E-01 -2.6047E-01  0.0000E+00
  5.0000E+00  5.0618E+00  3.9239E+01  6.4610E-01  6.6419E-01  9.3010E-01  0.0000E+00  0.0000E+00 -2.1759E-01 -2.6047E-01  0.0000E+00
  5.0000E+00  5.0618E+00  3.9239E+01  6.4610E-01  6.6419E-01  9.3010E-01  0.0000E+00  0.0000E+00 -2.1759E-01 -2.6047E-01  0.0000E+00
  6.0000E+00  5.0618E+00  3.9239E+01  3.9917E-01  6.3457E-01  9.3010E-01  0.0000E+00  0.0000E+00 -4.6452E-01 -3.0609E-01  0.0000E+00
  6.0000E+00  5.0618E+00  3.9239E+01  3.9917E-01  6.3457E-01  9.3010E-01  0.0000E+00  0.0000E+00 -4.6452E-01 -3.0609E-01  0.0000E+00
  6.0000E+00  5.0618E+00  3.9239E+01  3.9917E-01  6.3457E-01  9.3010E-01  0.0000E+00  0.0000E+00 -4.6452E-01 -3.0609E-01  0.0000E+00
  6.0000E+00  5.0618E+00  3.9239E+01  3.9917E-01  6.3457E-01  9.3010E-01  0.0000E+00  0.0000E+00 -4.6452E-01 -3.0609E-01  0.0000E+00
  6.0000E+00  5.0618E+00  3.9239E+01  3.9917E-01  6.3457E-01  9.3010E-01  0.0000E+00  0.0000E+00 -4.6452E-01 -3.0609E-01  0.0000E+00
  6.0000E+00  5.0618E+00  3.9239E+01  3.9917E-01  6.3457E-01  9.3010E-01  0.0000E+00  0.0000E+00 -4.6452E-01 -3.0609E-01  0.0000E+00
  6.0000E+00  5.0618E+00  3.9239E+01  3.9917E-01  6.3457E-01  9.3010E-01  0.0000E+00  0.0000E+00 -4.6452E-01 -3.0609E-01  0.0000E+00
  6.0000E+00  5.0618E+00  3.9239E+01  3.9917E-01  6.3457E-01  9.3010E-01  0.0000E+00  0.0000E+00 -4.6452E-01 -3.0609E-01  0.0000E+00
  6.0000E+00  5.0618E+00  3.9239E+01  3.9917E-01  6.3457E-01  9.3010E-01  0.0000E+00  0.0000E+00 -4.6452E-01 -3.0609E-01  0.0000E+00
  7.0000E+00  5.0618E+00  3.9239E+01  1.0876E+00  7.4160E-01  9.3010E-01  0.0000E+00  0.0000E+00  2.2393E-01 -1.5023E-01  0.0000E+00
  7.0000E+00  5.0618E+00  3.9239E+01  1.0876E+00  7.4160E-01  9.3010E-01  0.0000E+00  0.0000E+00  2.2393E-01 -1.5023E-01  0.0000E+00
  7.0000E+00  5.0618E+00  3.9239E+01  1.0876E+00  7.4160E-01  9.3010E-01  0.0000E+00  0.0000E+00  2.2393E-01 -1.5023E-01  0.0000E+00
  7.0000E+00  5.0618E+00  3.9239E+01  1.0876E+00  7.4160E-01  9.3010E-01  0.0000E+00  0.0000E+00  2.2393E-01 -1.5023E-01  0.0000E+00
  7.0000E+00  5.0618E+00  3.9239E+01  1.0876E+00  7.4160E-01  9.3010E-01  0.0000E+00  0.0000E+00  2.2393E-01 -1.5023E-01  0.0000E+00
  7.0000E+00  5.0618E+00  3.9239E+01  1.0876E+00  7.4160E-01  9.3010E-01  0.0000E+00  0.0000E+00  2.2393E-01 -1.5023E-01  0.0000E+00
  7.0000E+00  5.0618E+00  3.9239E+01  1.0876E+00  7.4160E-01  9.3010E-01  0.0000E+00  0.0000E+00  2.2393E-01 -1.5023E-01  0.0000E+00
  7.0000E+00  5.0618E+00  3.9239E+01  1.0876E+00  7.4160E-01  9.3010E-01  0.0000E+00  0.0000E+00  2.2393E-01 -1.5023E-01  0.0000E+00
  7.0000E+00  5.0618E+00  3.9239E+01  1.0876E+00  7.4160E-01  9.3010E-01  0.0000E+00  0.0000E+00  2.2393E-01 -1.5023E-01  0.0000E+00
  8.0000E+00  5.0618E+00  3.9239E+01  7.3695E-01  8.7203E-01  9.3010E-01  0.0000E+00  0.0000E+00 -1.2675E-01  1.1790E-02  0.0000E+00
  8.0000E+00  5.0618E+00  3.9239E+01  7.3695E-01  8.7203E-01  9.3010E-01  0.0000E+00  0.0000E+00 -1.2675E-01  1.1790E-02  0.0000E+00
  8.0000E+00  5.0618E+00  3.9239E+01  7.3695E-01  8.7203E-01  9.3010E-01  0.0000E+00  0.0000E+00 -1.2675E-01  1.1790E-02  0.0000E+00
  8.0000E+00  5.0618E+00  3.9239E+01  7.3695E-01  8.7203E-01  9.3010E-01  0.0000E+00  0.0000E+00 -1.2675E-01  1.1790E-02  0.0000E+00
  8.0000E+00  5.0618E+00  3.9239E+01  7.3695E-01  8.7203E-01  9.3010E-01  0.0000E+00  0.0000E+00 -1.2675E-01  1.1790E-02  0.0000E+00
  8.0000E+00  5.0618E+00  3.9239E+01  7.3695E-01  8.7203E-01  9.3010E-01  0.0000E+00  0.0000E+00 -1.2675E-01  1.1790E-02  0.0000E+00
  8.0000E+00  5.0618E+00  3.9239E+01  7.3695E-01  8.7203E-01  9.3010E-01  0.0000E+00  0.0000E+00 -1.2675E-01  1.1790E-02  0.0000E+00
  8.0000E+00  5.0618E+00  3.9239E+01  7.3695E-01  8.7203E-01  9.3010E-01  0.0000E+00  0.0000E+00 -1.2675E-01  1.1790E-02  0.0000E+00
  8.0000E+00  5.0618E+00  3.9239E+01  7.3695E-01  8.7203E-01  9.3010E-01  0.0000E+00  0.0000E+00 -1.2675E-01  1.1790E-02  0.0000E+00
  9.0000E+00  5.0618E+00  3.9239E+01  8.8030E-01  6.4087E-01  9.3010E-01  0.0000E+00  0.0000E+00  1.6611E-02 -2.9622E-01  0.0000E+00
  9.0000E+00  5.0618E+00  3.9239E+01  8.8030E-01  6.4087E-01  9.3010E-01  0.0000E+00  0.0000E+00  1.6611E-02 -2.9622E-01  0.0000E+00
  9.0000E+00  5.0618E+00  3.9239E+01  8.8030E-01  6.4087E-01  9.3010E-01  0.0000E+00  0.0000E+00  1.6611E-02 -2.9622E-01  0.0000E+00
  9.0000E+00  5.0618E+00  3.9239E+01  8.8030E-01  6.4087E-01  9.3010E-01  0.0000E+00  0.0000E+00  1.6611E-02 -2.9622E-01  0.0000E+00
  9.0000E+00  5.0618E+00  3.9239E+01  8.8030E-01  6.4087E-01  9.3010E-01  0.0000E+00  0.0000E+00  1.6611E-02 -2.9622E-01  0.0000E+00
  9.0000E+00  5.0618E+00  3.9239E+01  8.8030E-01  6.4087E-01  9.3010E-01  0.0000E+00  0.0000E+00  1.6611E-02 -2.9622E-01  0.0000E+00
  9.0000E+00  5.0618E+00  3.9239E+01  8.8030E-01  6.4087E-01  9.3010E-01  0.0000E+00  0.0000E+00  1.6611E-02 -2.9622E-01  0.0000E+00
  9.0000E+00  5.0618E+00  3.9239E+01  8.8030E-01  6.4087E-01  9.3010E-01  0.0000E+00  0.0000E+00  1.6611E-02 -2.9622E-01  0.0000E+00
  9.0000E+00  5.0618E+00  3.9239E+01  8.8030E-01  6.4087E-01  9.3010E-01  0.0000E+00  0.0000E+00  1.6611E-02 -2.9622E-01  0.0000E+00
  1.0000E+01  5.0618E+00  3.9239E+01  1.0079E+00  1.2227E+00  9.3010E-01  0.0000E+00  0.0000E+00  1.4423E-01  3.4976E-01  0.0000E+00
  1.0000E+01  5.0618E+00  3.9239E+01  1.0079E+00  1.2227E+00  9.3010E-01  0.0000E+00  0.0000E+00  1.4423E-01  3.4976E-01  0.0000E+00
  1.0000E+01  5.0618E+00  3.9239E+01  1.0079E+00  1.2227E+00  9.3010E-01  0.0000E+00  0.0000E+00  1.4423E-01  3.4976E-01  0.0000E+00
  1.0000E+01  5.0618E+00  3.9239E+01  1.0079E+00  1.2227E+00  9.3010E-01  0.0000E+00  0.0000E+00  1.4423E-01  3.4976E-01  0.0000E+00
  1.0000E+01  5.0618E+00  3.9239E+01  1.0079E+00  1.2227E+00  9.3010E-01  0.0000E+00  0.0000E+00  1.4423E-01  3.4976E-01  0.0000E+00
  1.0000E+01  5.0618E+00  3.9239E+01  1.0079E+00  1.2227E+00  9.3010E-01  0.0000E+00  0.0000E+00  1.4423E-01  3.4976E-01  0.0000E+00
  1.0000E+01  5.0618E+00  3.9239E+01  1.0079E+00  1.2227E+00  9.3010E-01  0.0000E+00  0.0000E+00  1.4423E-01  3.4976E-01  0.0000E+00
  1.0000E+01  5.0618E+00  3.9239E+01  1.0079E+00  1.2227E+00  9.3010E-01  0.0000E+00  0.0000E+00  1.4423E-01  3.4976E-01  0.0000E+00
  1.0000E+01  5.0618E+00  3.9239E+01  1.0079E+00  1.2227E+00  9.3010E-01  0.0000E+00  0.0000E+00  1.4423E-01  3.4976E-01  0.0000E+00
  1.1000E+01  5.0618E+00  3.9239E+01  1.2496E+00  7.5217E-01  9.3010E-01  0.0000E+00  0.0000E+00  3.8596E-01 -1.3608E-01  0.0000E+00
  1.1000E+01  5.0618E+00  3.9239E+01  1.2496E+00  7.5217E-01  9.3010E-01  0.0000E+00  0.0000E+00  3.8596E-01 -1.3608E-01  0.0000E+00
  1.1000E+01  5.0618E+00  3.9239E+01  1.2496E+00  7.5217E-01  9.3010E-01  0.0000E+00  0.0000E+00  3.8596E-01 -1.3608E-01  0.0000E+00
  1.1000E+01  5.0618E+00  3.9239E+01  1.2496E+00  7.5217E-01  9.3010E-01  0.0000E+00  0.0000E+00  3.8596E-01 -1.3608E-01  0.0000E+00
  1.1000E+01  5.0618E+00  3.9239E+01  1.2496E+00  7.5217E-01  9.3010E-01  0.0000E+00  0.0000E+00  3.8596E-01 -1.3608E-01  0.0000E+00
  1.1000E+01  5.0618E+00  3.9239E+01  1.2496E+00  7.5217E-01  9.3010E-01  0.0000E+00  0.0000E+00  3.8596E-01 -1.3608E-01  0.0000E+00
  1.1000E+01  5.0618E+00  3.9239E+01  1.2496E+00  7.5217E-01  9.3010E-01  0.0000E+00  0.0000E+00  3.8596E-01 -1.3608E-01  0.0000E+00
  1.1000E+01  5.0618E+00  3.9239E+01  1.2496E+00  7.5217E-01  9.3010E-01  0.0000E+00  0.0000E+00  3.8596E-01 -1.3608E-01  0.0000E+00
  1.1000E+01  5.0618E+00  3.9239E+01  1.2496E+00  7.5217E-01  9.3010E-01  0.0000E+00  0.0000E+00  3.8596E-01 -1.3608E-01  0.0000E+00
  1.2000E+01  5.0618E+00  3.9239E+01  7.9388E-01  8.4540E-01  9.3010E-01  0.0000E+00  0.0000E+00 -6.9815E-02 -1.9227E-02  0.0000E+00
  1.2000E+01  5.0618E+00  3.9239E+01  7.9388E-01  8.4540E-01  9.3010E-01  0.0000E+00  0.0000E+00 -6.9815E-02 -1.9227E-02  0.0000E+00
  1.2000E+01  5.0618E+00  3.9239E+01  7.9388E-01  8.4540E-01  9.3010E-01  0.0000E+00  0.0000E+00 -6.9815E-02 -1.9227E-02  0.0000E+00
  1.2000E+01  5.0618E+00  3.9239E+01  7.9388E-01  8.4540E-01  9.3010E-01  0.0000E+00  0.0000E+00 -6.9815E-02 -1.9227E-02  0.0000E+00
  1.2000E+01  5.0618E+00  3.9239E+01  7.9388E-01  8.4540E-01  9.3010E-01  0.0000E+00  0.0000E+00 -6.9815E-02 -1.9227E-02  0.0000E+00
  1.2000E+01  5.0618E+00  3.9239E+01  7.9388E-01  8.4540E-01  9.3010E-01  0.0000E+00  0.0000E+00 -6.9815E-02 -1.9227E-02  0.0000E+00
  1.2000E+01  5.0618E+00  3.9239E+01  7.9388E-01  8.4540E-01  9.3010E-01  0.0000E+00  0.0000E+00 -6.9815E-02 -1.9227E-02  0.0000E+00
  1.2000E+01  5.0618E+00  3.9239E+01  7.9388E-01  8.4540E-01  9.3010E-01  0.0000E+00  0.0000E+00 -6.9815E-02 -1.9227E-02  0.0000E+00
  1.2000E+01  5.0618E+00  3.9239E+01  7.9388E-01  8.4540E-01  9.3010E-01  0.0000E+00  0.0000E+00 -6.9815E-02 -1.9227E-02  0.0000E+00
  1.3000E+01  5.0618E+00  3.9239E+01  1.1319E+00  5.8933E-01  9.3010E-01  0.0000E+00  0.0000E+00  2.6819E-01 -3.8005E-01  0.0000E+00
  1.3000E+01  5.0618E+00  3.9239E+01  1.1319E+00  5.8933E-01  9.3010E-01  0.0000E+00  0.0000E+00  2.6819E-01 -3.8005E-01  0.0000E+00
  1.3000E+01  5.0618E+00  3.9239E+01  1.1319E+00  5.8933E-01  9.3010E-01  0.0000E+00  0.0000E+00  2.6819E-01 -3.8005E-01  0.0000E+00
  1.3000E+01  5.0618E+00  3.9239E+01  1.1319E+00  5.8933E-01  9.3010E-01  0.0000E+00  0.0000E+00  2.6819E-01 -3.8005E-01  0.0000E+00
  1.3000E+01  5.0618E+00  3.9239E+01  1.1319E+00  5.8933E-01  9.3010E-01  0.0000E+00  0.0000E+00  2.6819E-01 -3.8005E-01  0.0000E+00
  1.3000E+01  5.0618E+00  3.9239E+01  1.1319E+00  5.8933E-01  9.3010E-01  0.0000E+00  0.0000E+00  2.6819E-01 -3.8005E-01  0.0000E+00
  1.3000E+01  5.0618E+00  3.9239E+01  1.1319E+00  5.8933E-01  9.3010E-01  0.0000E+00  0.0000E+00  2.6819E-01 -3.8005E-01  0.0000E+00
  1.3000E+01  5.0618E+00  3.9239E+01  1.1319E+00  5.8933E-01  9.3010E-01  0.0000E+00  0.0000E+00  2.6819E-01 -3.8005E-01  0.0000E+00
  1.3000E+01  5.0618E+00  3.9239E+01  1.1319E+00  5.8933E-01  9.3010E-01  0.0000E+00  0.0000E+00  2.6819E-01 -3.8005E-01  0.0000E+00
  1.4000E+01  5.0618E+00  3.9239E+01  1.1651E+00  5.5120E-01  9.3010E-01  0.0000E+00  0.0000E+00  3.0141E-01 -4.4695E-01  0.0000E+00
  1.4000E+01  5.0618E+00  3.9239E+01  1.1651E+00  5.5120E-01  9.3010E-01  0.0000E+00  0.0000E+00  3.0141E-01 -4.4695E-01  0.0000E+00
  1.4000E+01  5.0618E+00  3.9239E+01  1.1651E+00  5.5120E-01  9.3010E-01  0.0000E+00  0.0000E+00  3.0141E-01 -4.4695E-01  0.0000E+00
  1.4000E+01  5.0618E+00  3.9239E+01  1.1651E+00  5.5120E-01  9.3010E-01  0.0000E+00  0.0000E+00  3.0141E-01 -4.4695E-01  0.0000E+00
  1.4000E+01  5.0618E+00  3.9239E+01  1.1651E+00  5.5120E-01  9.3010E-01  0.0000E+00  0.0000E+00  3.0141E-01 -4.4695E-01  0.0000E+00
  1.4000E+01  5.0618E+00  3.9239E+01  1.1651E+00  5.5120E-01  9.3010E-01  0.0000E+00  0.0000E+00  3.0141E-01 -4.4695E-01  0.0000E+00
  1.4000E+01  5.0618E+00  3.9239E+01  1.1651E+00  5.5120E-01  9.3010E-01  0.0000E+00  0.0000E+00  3.0141E-01 -4.4695E-01  0.0000E+00
  1.4000E+01  5.0618E+00  3.9239E+01  1.1651E+00  5.5120E-01  9.3010E-01  0.0000E+00  0.0000E+00  3.0141E-01 -4.4695E-01  0.0000E+00
  1.4000E+01  5.0618E+00  3.9239E+01  1.1651E+00  5.5120E-01  9.3010E-01  0.0000E+00  0.0000E+00  3.0141E-01 -4.4695E-01  0.0000E+00
  1.5000E+01  5.0618E+00  3.9239E+01  5.2878E-01  1.1489E+00  9.3010E-01  0.0000E+00  0.0000E+00 -3.3491E-01  2.8749E-01  0.0000E+00
  1.5000E+01  5.0618E+00  3.9239E+01  5.2878E-01  1.1489E+00  9.3010E-01  0.0000E+00  0.0000E+00 -3.3491E-01  2.8749E-01  0.0000E+00
  1.5000E+01  5.0618E+00  3.9239E+01  5.2878E-01  1.1489E+00  9.3010E-01  0.0000E+00  0.0000E+00 -3.3491E-01  2.8749E-01  0.0000E+00
  1.5000E+01  5.0618E+00  3.9239E+01  5.2878E-01  1.1489E+00  9.3010E-01  0.0000E+00  0.0000E+00 -3.3491E-01  2.8749E-01  0.0000E+00
  1.5000E+01  5.0618E+00  3.9239E+01  5.2878E-01  1.1489E+00  9.3010E-01  0.0000E+00  0.0000E+00 -3.3491E-01  2.8749E-01  0.0000E+00
  1.5000E+01  5.0618E+00  3.9239E+01  5.2878E-01  1.1489E+00  9.3010E-01  0.0000E+00  0.0000E+00 -3.3491E-01  2.8749E-01  0.0000E+00
  1.5000E+01  5.0618E+00  3.9239E+01  5.2878E-01  1.1489E+00  9.3010E-01  0.0000E+00  0.0000E+00 -3.3491E-01  2.8749E-01  0.0000E+00
  1.5000E+01  5.0618E+00  3.9239E+01  5.2878E-01  1.1489E+00  9.3010E-01  0.0000E+00  0.0000E+00 -3.3491E-01  2.8749E-01  0.0000E+00
  1.5000E+01  5.0618E+00  3.9239E+01  5.2878E-01  1.1489E+00  9.3010E-01  0.0000E+00  0.0000E+00 -3.3491E-01  2.8749E-01  0.0000E+00
  1.6000E+01  5.0618E+00  3.9239E+01  7.3551E-01  6.9623E-01  9.3010E-01  0.0000E+00  0.0000E+00 -1.2818E-01 -2.1336E-01  0.0000E+00
  1.6000E+01  5.0618E+00  3.9239E+01  7.3551E-01  6.9623E-01  9.3010E-01  0.0000E+00  0.0000E+00 -1.2818E-01 -2.1336E-01  0.0000E+00
  1.6000E+01  5.0618E+00  3.9239E+01  7.3551E-01  6.9623E-01  9.3010E-01  0.0000E+00  0.0000E+00 -1.2818E-01 -2.1336E-01  0.0000E+00
  1.6000E+01  5.0618E+00  3.9239E+01  7.3551E-01  6.9623E-01  9.3010E-01  0.0000E+00  0.0000E+00 -1.2818E-01 -2.1336E-01  0.0000E+00
  1.6000E+01  5.0618E+00  3.9239E+01  7.3551E-01  6.9623E-01  9.3010E-01  0.0000E+00  0.0000E+00 -1.2818E-01 -2.1336E-01  0.0000E+00
  1.6000E+01  5.0618E+00  3.9239E+01  7.3551E-01  6.9623E-01  9.3010E-01  0.0000E+00  0.0000E+00 -1.2818E-01 -2.1336E-01  0.0000E+00
  1.6000E+01  5.0618E+00  3.9239E+01  7.3551E-01  6.9623E-01  9.3010E-01  0.0000E+00  0.0000E+00 -1.2818E-01 -2.1336E-01  0.0000E+00
  1.6000E+01  5.0618E+00  3.9239E+01  7.3551E-01  6.9623E-01  9.3010E-01  0.0000E+00  0.0000E+00 -1.2818E-01 -2.1336E-01  0.0000E+00
  1.6000E+01  5.0618E+00  3.9239E+01  7.3551E-01  6.9623E-01  9.3010E-01  0.0000E+00  0.0000E+00 -1.2818E-01 -2.1336E-01  0.0000E+00
  1.7000E+01  5.0618E+00  3.9239E+01  5.4671E-01  8.8081E-01  9.3010E-01  0.0000E+00  0.0000E+00 -3.1698E-01  2.1803E-02  0.0000E+00
  1.7000E+01  5.0618E+00  3.9239E+01  5.4671E-01  8.8081E-01  9.3010E-01  0.0000E+00  0.0000E+00 -3.1698E-01  2.1803E-02  0.0000E+00
  1.7000E+01  5.0618E+00  3.9239E+01  5.4671E-01  8.8081E-01  9.3010E-01  0.0000E+00  0.0000E+00 -3.1698E-01  2.1803E-02  0.0000E+00
  1.7000E+01  5.0618E+00  3.9239E+01  5.4671E-01  8.8081E-01  9.3010E-01  0.0000E+00  0.0000E+00 -3.1698E-01  2.1803E-02  0.0000E+00
  1.7000E+01  5.0618E+00  3.9239E+01  5.4671E-01  8.8081E-01  9.3010E-01  0.0000E+00  0.0000E+00 -3.1698E-01  2.1803E-02  0.0000E+00
  1.7000E+01  5.0618E+00  3.9239E+01  5.4671E-01  8.8081E-01  9.3010E-01  0.0000E+00  0.0000E+00 -3.1698E-01  2.1803E-02  0.0000E+00
  1.7000E+01  5.0618E+00  3.9239E+01  5.4671E-01  8.8081E-01  9.3010E-01  0.0000E+00  0.0000E+00 -3.1698E-01  2.1803E-02  0.0000E+00
  1.7000E+01  5.0618E+00  3.9239E+01  5.4671E-01  8.8081E-01  9.3010E-01  0.0000E+00  0.0000E+00 -3.1698E-01  2.1803E-02  0.0000E+00
  1.7000E+01  5.0618E+00  3.9239E+01  5.4671E-01  8.8081E-01  9.3010E-01  0.0000E+00  0.0000E+00 -3.1698E-01  2.1803E-02  0.0000E+00
  1.8000E+01  5.0618E+00  3.9239E+01  5.2322E-01  1.0787E+00  9.3010E-01  0.0000E+00  0.0000E+00 -3.4047E-01  2.2443E-01  0.0000E+00
  1.8000E+01  5.0618E+00  3.9239E+01  5.2322E-01  1.0787E+00  9.3010E-01  0.0000E+00  0.0000E+00 -3.4047E-01  2.2443E-01  0.0000E+00
  1.8000E+01  5.0618E+00  3.9239E+01  5.2322E-01  1.0787E+00  9.3010E-01  0.0000E+00  0.0000E+00 -3.4047E-01  2.2443E-01  0.0000E+00
  1.8000E+01  5.0618E+00  3.9239E+01  5.2322E-01  1.0787E+00  9.3010E-01  0.0000E+00  0.0000E+00 -3.4047E-01  2.2443E-01  0.0000E+00
  1.8000E+01  5.0618E+00  3.9239E+01  5.2322E-01  1.0787E+00  9.3010E-01  0.0000E+00  0.0000E+00 -3.4047E-01  2.2443E-01  0.0000E+00
  1.8000E+01  5.0618E+00  3.9239E+01  5.2322E-01  1.0787E+00  9.3010E-01  0.0000E+00  0.0000E+00 -3.4047E-01  2.2443E-01  0.0000E+00
  1.8000E+01  5.0618E+00  3.9239E+01  5.2322E-01  1.0787E+00  9.3010E-01  0.0000E+00  0.0000E+00 -3.4047E-01  2.2443E-01  0.0000E+00
  1.8000E+01  5.0618E+00  3.9239E+01  5.2322E-01  1.0787E+00  9.3010E-01  0.0000E+00  0.0000E+00 -3.4047E-01  2.2443E-01  0.0000E+00
  1.8000E+01  5.0618E+00  3.9239E+01  5.2322E-01  1.0787E+00  9.3010E-01  0.0000E+00  0.0000E+00 -3.4047E-01  2.2443E-01  0.0000E+00
  1.9000E+01  5.0618E+00  3.9239E+01  7.3943E-01  9.4738E-01  9.3010E-01  0.0000E+00  0.0000E+00 -1.2426E-01  9.4664E-02  0.0000E+00
  1.9000E+01  5.0618E+00  3.9239E+01  7.3943E-01  9.4738E-01  9.3010E-01  0.0000E+00  0.0000E+00 -1.2426E-01  9.4664E-02  0.0000E+00
  1.9000E+01  5.0618E+00  3.9239E+01  7.3943E-01  9.4738E-01  9.3010E-01  0.0000E+00  0.0000E+00 -1.2426E-01  9.4664E-02  0.0000E+00
  1.9000E+01  5.0618E+00  3.9239E+01  7.3943E-01  9.4738E-01  9.3010E-01  0.0000E+00  0.0000E+00 -1.2426E-01  9.4664E-02  0.0000E+00
  1.9000E+01  5.0618E+00  3.9239E+01  7.3943E-01  9.4738E-01  9.3010E-01  0.0000E+00  0.0000E+00 -1.2426E-01  9.4664E-02  0.0000E+00
  1.9000E+01  5.0618E+00  3.9239E+01  7.3943E-01  9.4738E-01  9.3010E-01  0.0000E+00  0.0000E+00 -1.2426E-01  9.4664E-02  0.0000E+00
  1.9000E+01  5.0618E+00  3.9239E+01  7.3943E-01  9.4738E-01  9.3010E-01  0.0000E+00  0.0000E+00 -1.2426E-01  9.4664E-02  0.0000E+00
  1.9000E+01  5.0618E+00  3.9239E+01  7.3943E-01  9.4738E-01  9.3010E-01  0.0000E+00  0.0000E+00 -1.2426E-01  9.4664E-02  0.0000E+00
  1.9000E+01  5.0618E+00  3.9239E+01  7.3943E-01  9.4738E-01  9.3010E-01  0.0000E+00  0.0000E+00 -1.2426E-01  9.4664E-02  0.0000E+00
  2.0000E+01  5.0618E+00  3.9239E+01  1.1156E+00  7.4097E-01  9.3010E-01  0.0000E+00  0.0000E+00  2.5192E-01 -1.5108E-01  0.0000E+00
  2.0000E+01  5.0618E+00  3.9239E+01  1.1156E+00  7.4097E-01  9.3010E-01  0.0000E+00  0.0000E+00  2.5192E-01 -1.5108E-01  0.0000E+00
  2.0000E+01  5.0618E+00  3.9239E+01  1.1156E+00  7.4097E-01  9.3010E-01  0.0000E+00  0.0000E+00  2.5192E-01 -1.5108E-01  0.0000E+00
  2.0000E+01  5.0618E+00  3.9239E+01  1.1156E+00  7.4097E-01  9.3010E-01  0.0000E+00  0.0000E+00  2.5192E-01 -1.5108E-01  0.0000E+00
  2.0000E+01  5.0618E+00  3.9239E+01  1.1156E+00  7.4097E-01  9.3010E-01  0.0000E+00  0.0000E+00  2.5192E-01 -1.5108E-01  0.0000E+00
  2.0000E+01  5.0618E+00  3.9239E+01  1.1156E+00  7.4097E-01  9.3010E-01  0.0000E+00  0.0000E+00  2.5192E-01 -1.5108E-01  0.0000E+00
  2.0000E+01  5.0618E+00  3.9239E+01  1.1156E+00  7.4097E-01  9.3010E-01  0.0000E+00  0.0000E+00  2.5192E-01 -1.5108E-01  0.0000E+00
  2.0000E+01  5.0618E+00  3.9239E+01  1.1156E+00  7.4097E-01  9.3010E-01  0.0000E+00  0.0000E+00  2.5192E-01 -1.5108E-01  0.0000E+00
  2.0000E+01  5.0618E+00  3.9239E+01  1.1156E+00  7.4097E-01  9.3010E-01  0.0000E+00  0.0000E+00  2.5192E-01 -1.5108E-01  0.0000E+00
  2.1000E+01  5.0618E+00  3.9239E+01  1.5879E+00  5.9186E-01  9.3010E-01  0.0000E+00  0.0000E+00  7.2426E-01 -3.7577E-01  0.0000E+00
  2.1000E+01  5.0618E+00  3.9239E+01  1.5879E+00  5.9186E-01  9.3010E-01  0.0000E+00  0.0000E+00  7.2426E-01 -3.7577E-01  0.0000E+00
  2.1000E+01  5.0618E+00  3.9239E+01  1.5879E+00  5.9186E-01  9.3010E-01  0.0000E+00  0.0000E+00  7.2426E-01 -3.7577E-01  0.0000E+00
  2.1000E+01  5.0618E+00  3.9239E+01  1.5879E+00  5.9186E-01  9.3010E-01  0.0000E+00  0.0000E+00  7.2426E-01 -3.7577E-01  0.0000E+00
  2.1000E+01  5.0618E+00  3.9239E+01  1.5879E+00  5.9186E-01  9.3010E-01  0.0000E+00  0.0000E+00  7.2426E-01 -3.7577E-01  0.0000E+00
  2.1000E+01  5.0618E+00  3.9239E+01  1.5879E+00  5.9186E-01  9.3010E-01  0.0000E+00  0.0000E+00  7.2426E-01 -3.7577E-01  0.0000E+00
  2.1000E+01  5.0618E+00  3.9239E+01  1.5879E+00  5.9186E-01  9.3010E-01  0.0000E+00  0.0000E+00  7.2426E-01 -3.7577E-01  0.0000E+00
  2.1000E+01  5.0618E+00  3.9239E+01  1.5879E+00  5.9186E-01  9.3010E-01  0.0000E+00  0.0000E+00  7.2426E-01 -3.7577E-01  0.0000E+00
  2.1000E+01  5.0618E+00  3.9239E+01  1.5879E+00  5.9186E-01  9.3010E-01  0.0000E+00  0.0000E+00  7.2426E-01 -3.7577E-01  0.0000E+00
  2.2000E+01  5.0618E+00  3.9239E+01  4.7938E-01  1.2398E+00  9.3010E-01  0.0000E+00  0.0000E+00 -3.8431E-01  3.6370E-01  0.0000E+00
  2.2000E+01  5.0618E+00  3.9239E+01  4.7938E-01  1.2398E+00  9.3010E-01  0.0000E+00  0.0000E+00 -3.8431E-01  3.6370E-01  0.0000E+00
  2.2000E+01  5.0618E+00  3.9239E+01  4.7938E-01  1.2398E+00  9.3010E-01  0.0000E+00  0.0000E+00 -3.8431E-01  3.6370E-01  0.0000E+00
  2.2000E+01  5.0618E+00  3.9239E+01  4.7938E-01  1.2398E+00  9.3010E-01  0.0000E+00  0.0000E+00 -3.8431E-01  3.6370E-01  0.0000E+00
  2.2000E+01  5.0618E+00  3.9239E+01  4.7938E-01  1.2398E+00  9.3010E-01  0.0000E+00  0.0000E+00 -3.8431E-01  3.6370E-01  0.0000E+00
  2.2000E+01  5.0618E+00  3.9239E+01  4.7938E-01  1.2398E+00  9.3010E-01  0.0000E+00  0.0000E+00 -3.8431E-01  3.6370E-01  0.0000E+00
  2.2000E+01  5.0618E+00  3.9239E+01  4.7938E-01  1.2398E+00  9.3010E-01  0.0000E+00  0.0000E+00 -3.8431E-01  3.6370E-01  0.0000E+00
  2.2000E+01  5.0618E+00  3.9239E+01  4.7938E-01  1.2398E+00  9.3010E-01  0.0000E+00  0.0000E+00 -3.8431E-01  3.6370E-01  0.0000E+00
  2.2000E+01  5.0618E+00  3.9239E+01  4.7938E-01  1.2398E+00  9.3010E-01  0.0000E+00  0.0000E+00 -3.8431E-01  3.6370E-01  0.0000E+00
  2.3000E+01  5.0618E+00  3.9239E+01  1.0230E+00  6.6739E-01  9.3010E-01  0.0000E+00  0.0000E+00  1.5936E-01 -2.5567E-01  0.0000E+00
  2.3000E+01  5.0618E+00  3.9239E+01  1.0230E+00  6.6739E-01  9.3010E-01  0.0000E+00  0.0000E+00  1.5936E-01 -2.5567E-01  0.0000E+00
  2.3000E+01  5.0618E+00  3.9239E+01  1.0230E+00  6.6739E-01  9.3010E-01  0.0000E+00  0.0000E+00  1.5936E-01 -2.5567E-01  0.0000E+00
  2.3000E+01  5.0618E+00  3.9239E+01  1.0230E+00  6.6739E-01  9.3010E-01  0.0000E+00  0.0000E+00  1.5936E-01 -2.5567E-01  0.0000E+00
  2.3000E+01  5.0618E+00  3.9239E+01  1.0230E+00  6.6739E-01  9.3010E-01  0.0000E+00  0.0000E+00  1.5936E-01 -2.5567E-01  0.0000E+00
  2.3000E+01  5.0618E+00  3.9239E+01  1.0230E+00  6.6739E-01  9.3010E-01  0.0000E+00  0.0000E+00  1.5936E-01 -2.5567E-01  0.0000E+00
  2.3000E+01  5.0618E+00  3.9239E+01  1.0230E+00  6.6739E-01  9.3010E-01  0.0000E+00  0.0000E+00  1.5936E-01 -2.5567E-01  0.0000E+00
  2.3000E+01  5.0618E+00  3.9239E+01  1.0230E+00  6.6739E-01  9.3010E-01  0.0000E+00  0.0000E+00  1.5936E-01 -2.5567E-01  0.0000E+00
  2.3000E+01  5.0618E+00  3.9239E+01  1.0230E+00  6.6739E-01  9.3010E-01  0.0000E+00  0.0000E+00  1.5936E-01 -2.5567E-01  0.0000E+00
  2.4000E+01  5.0618E+00  3.9239E+01  1.0312E+00  9.8835E-01  9.3010E-01  0.0000E+00  0.0000E+00  1.6754E-01  1.3700E-01  0.0000E+00
  2.4000E+01  5.0618E+00  3.9239E+01  1.0312E+00  9.8835E-01  9.3010E-01  0.0000E+00  0.0000E+00  1.6754E-01  1.3700E-01  0.0000E+00
  2.4000E+01  5.0618E+00  3.9239E+01  1.0312E+00  9.8835E-01  9.3010E-01  0.0000E+00  0.0000E+00  1.6754E-01  1.3700E-01  0.0000E+00
  2.4000E+01  5.0618E+00  3.9239E+01  1.0312E+00  9.8835E-01  9.3010E-01  0.0000E+00  0.0000E+00  1.6754E-01  1.3700E-01  0.0000E+00
  2.4000E+01  5.0618E+00  3.9239E+01  1.0312E+00  9.8835E-01  9.3010E-01  0.0000E+00  0.0000E+00  1.6754E-01  1.3700E-01  0.0000E+00
  2.4000E+01  5.0618E+00  3.9239E+01  1.0312E+00  9.8835E-01  9.3010E-01  0.0000E+00  0.0000E+00  1.6754E-01  1.3700E-01  0.0000E+00
  2.4000E+01  5.0618E+00  3.9239E+01  1.0312E+00  9.8835E-01  9.3010E-01  0.0000E+00  0.0000E+00  1.6754E-01  1.3700E-01  0.0000E+00
  2.4000E+01  5.0618E+00  3.9239E+01  1.0312E+00  9.8835E-01  9.3010E-01  0.0000E+00  0.0000E+00  1.6754E-01  1.3700E-01  0.0000E+00
  2.4000E+01  5.0618E+00  3.9239E+01  1.0312E+00  9.8835E-01  9.3010E-01  0.0000E+00  0.0000E+00  1.6754E-01  1.3700E-01  0.0000E+00
  2.5000E+01  5.0618E+00  3.9239E+01  9.3068E-01  6.9871E-01  9.3010E-01  0.0000E+00  0.0000E+00  6.6984E-02 -2.0981E-01  0.0000E+00
  2.5000E+01  5.0618E+00  3.9239E+01  9.3068E-01  6.9871E-01  9.3010E-01  0.0000E+00  0.0000E+00  6.6984E-02 -2.0981E-01  0.0000E+00
  2.5000E+01  5.0618E+00  3.9239E+01  9.3068E-01  6.9871E-01  9.3010E-01  0.0000E+00  0.0000E+00  6.6984E-02 -2.0981E-01  0.0000E+00
  2.5000E+01  5.0618E+00  3.9239E+01  9.3068E-01  6.9871E-01  9.3010E-01  0.0000E+00  0.0000E+00  6.6984E-02 -2.0981E-01  0.0000E+00
  2.5000E+01  5.0618E+00  3.9239E+01  9.3068E-01  6.9871E-01  9.3010E-01  0.0000E+00  0.0000E+00  6.6984E-02 -2.0981E-01  0.0000E+00
  2.5000E+01  5.0618E+00  3.9239E+01  9.3068E-01  6.9871E-01  9.3010E-01  0.0000E+00  0.0000E+00  6.6984E-02 -2.0981E-01  0.0000E+00
  2.5000E+01  5.0618E+00  3.9239E+01  9.3068E-01  6.9871E-01  9.3010E-01  0.0000E+00  0.0000E+00  6.6984E-02 -2.0981E-01  0.0000E+00
  2.5000E+01  5.0618E+00  3.9239E+01  9.3068E-01  6.9871E-01  9.3010E-01  0.0000E+00  0.0000E+00  6.6984E-02 -2.0981E-01  0.0000E+00
  2.5000E+01  5.0618E+00  3.9239E+01  9.3068E-01  6.9871E-01  9.3010E-01  0.0000E+00  0.0000E+00  6.6984E-02 -2.0981E-01  0.0000E+00
  2.6000E+01  5.0618E+00  3.9239E+01  9.1141E-01  1.0667E+00  9.3010E-01  0.0000E+00  0.0000E+00  4.7720E-02  2.1328E-01  0.0000E+00
  2.6000E+01  5.0618E+00  3.9239E+01  9.1141E-01  1.0667E+00  9.3010E-01  0.0000E+00  0.0000E+00  4.7720E-02  2.1328E-01  0.0000E+00
  2.6000E+01  5.0618E+00  3.9239E+01  9.1141E-01  1.0667E+00  9.3010E-01  0.0000E+00  0.0000E+00  4.7720E-02  2.1328E-01  0.0000E+00
  2.6000E+01  5.0618E+00  3.9239E+01  9.1141E-01  1.0667E+00  9.3010E-01  0.0000E+00  0.0000E+00  4.7720E-02  2.1328E-01  0.0000E+00
  2.6000E+01  5.0618E+00  3.9239E+01  9.1141E-01  1.0667E+00  9.3010E-01  0.0000E+00  0.0000E+00  4.7720E-02  2.1328E-01  0.0000E+00
  2.6000E+01  5.0618E+00  3.9239E+01  9.1141E-01  1.0667E+00  9.3010E-01  0.0000E+00  0.0000E+00  4.7720E-02  2.1328E-01  0.0000E+00
  2.6000E+01  5.0618E+00  3.9239E+01  9.1141E-01  1.0667E+00  9.3010E-01  0.0000E+00  0.0000E+00  4.7720E-02  2.1328E-01  0.0000E+00
  2.6000E+01  5.0618E+00  3.9239E+01  9.1141E-01  1.0667E+00  9.3010E-01  0.0000E+00  0.0000E+00  4.7720E-02  2.1328E-01  0.0000E+00
  2.6000E+01  5.0618E+00  3.9239E+01  9.1141E-01  1.0667E+00  9.3010E-01  0.0000E+00  0.0000E+00  4.7720E-02  2.1328E-01  0.0000E+00
  2.7000E+01  5.0618E+00  3.9239E+01  6.1542E-01  8.0946E-01  9.3010E-01  0.0000E+00  0.0000E+00 -2.4827E-01 -6.2667E-02  0.0000E+00
  2.7000E+01  5.0618E+00  3.9239E+01  6.1542E-01  8.0946E-01  9.3010E-01  0.0000E+00  0.0000E+00 -2.4827E-01 -6.2667E-02  0.0000E+00
  2.7000E+01  5.0618E+00  3.9239E+01  6.1542E-01  8.0946E-01  9.3010E-01  0.0000E+00  0.0000E+00 -2.4827E-01 -6.2667E-02  0.0000E+00
  2.7000E+01  5.0618E+00  3.9239E+01  6.1542E-01  8.0946E-01  9.3010E-01  0.0000E+00  0.0000E+00 -2.4827E-01 -6.2667E-02  0.0000E+00
  2.7000E+01  5.0618E+00  3.9239E+01  6.1542E-01  8.0946E-01  9.3010E-01  0.0000E+00  0.0000E+00 -2.4827E-01 -6.2667E-02  0.0000E+00
  2.7000E+01  5.0618E+00  3.9239E+01  6.1542E-01  8.0946E-01  9.3010E-01  0.0000E+00  0.0000E+00 -2.4827E-01 -6.2667E-02  0.0000E+00
  2.7000E+01  5.0618E+00  3.9239E+01  6.1542E-01  8.0946E-01  9.3010E-01  0.0000E+00  0.0000E+00 -2.4827E-01 -6.2667E-02  0.0000E+00
  2.7000E+01  5.0618E+00  3.9239E+01  6.1542E-01  8.0946E-01  9.3010E-01  0.0000E+00  0.0000E+00 -2.4827E-01 -6.2667E-02  0.0000E+00
  2.7000E+01  5.0618E+00  3.9239E+01  6.1542E-01  8.0946E-01  9.3010E-01  0.0000E+00  0.0000E+00 -2.4827E-01 -6.2667E-02  0.0000E+00
  2.8000E+01  5.0618E+00  3.9239E+01  3.6042E-01  1.5139E+00  9.3010E-01  0.0000E+00  0.0000E+00 -5.0327E-01  5.6340E-01  0.0000E+00
  2.8000E+01  5.0618E+00  3.9239E+01  3.6042E-01  1.5139E+00  9.3010E-01  0.0000E+00  0.0000E+00 -5.0327E-01  5.6340E-01  0.0000E+00
  2.8000E+01  5.0618E+00  3.9239E+01  3.6042E-01  1.5139E+00  9.3010E-01  0.0000E+00  0.0000E+00 -5.0327E-01  5.6340E-01  0.0000E+00
  2.8000E+01  5.0618E+00  3.9239E+01  3.6042E-01  1.5139E+00  9.3010E-01  0.0000E+00  0.0000E+00 -5.0327E-01  5.6340E-01  0.0000E+00
  2.8000E+01  5.0618E+00  3.9239E+01  3.6042E-01  1.5139E+00  9.3010E-01  0.0000E+00  0.0000E+00 -5.0327E-01  5.6340E-01  0.0000E+00
  2.8000E+01  5.0618E+00  3.9239E+01  3.6042E-01  1.5139E+00  9.3010E-01  0.0000E+00  0.0000E+00 -5.0327E-01  5.6340E-01  0.0000E+00
  2.8000E+01  5.0618E+00  3.9239E+01  3.6042E-01  1.5139E+00  9.3010E-01  0.0000E+00  0.0000E+00 -5.0327E-01  5.6340E-01  0.0000E+00
  2.8000E+01  5.0618E+00  3.9239E+01  3.6042E-01  1.5139E+00  9.3010E-01  0.0000E+00  0.0000E+00 -5.0327E-01  5.6340E-01  0.0000E+00
  2.8000E+01  5.0618E+00  3.9239E+01  3.6042E-01  1.5139E+00  9.3010E-01  0.0000E+00  0.0000E+00 -5.0327E-01  5.6340E-01  0.0000E+00
  2.9000E+01  5.0618E+00  3.9239E+01  8.6868E-01  1.0073E+00  9.3010E-01  0.0000E+00  0.0000E+00  4.9843E-03  1.5595E-01  0.0000E+00
  2.9000E+01  5.0618E+00  3.9239E+01  8.6868E-01  1.0073E+00  9.3010E-01  0.0000E+00  0.0000E+00  4.9843E-03  1.5595E-01  0.0000E+00
  2.9000E+01  5.0618E+00  3.9239E+01  8.6868E-01  1.0073E+00  9.3010E-01  0.0000E+00  0.0000E+00  4.9843E-03  1.5595E-01  0.0000E+00
  2.9000E+01  5.0618E+00  3.9239E+01  8.6868E-01  1.0073E+00  9.3010E-01  0.0000E+00  0.0000E+00  4.9843E-03  1.5595E-01  0.0000E+00
  2.9000E+01  5.0618E+00  3.9239E+01  8.6868E-01  1.0073E+00  9.3010E-01  0.0000E+00  0.0000E+00  4.9843E-03  1.5595E-01  0.0000E+00
  2.9000E+01  5.0618E+00  3.9239E+01  8.6868E-01  1.0073E+00  9.3010E-01  0.0000E+00  0.0000E+00  4.9843E-03  1.5595E-01  0.0000E+00
  2.9000E+01  5.0618E+00  3.9239E+01  8.6868E-01  1.0073E+00  9.3010E-01  0.0000E+00  0.0000E+00  4.9843E-03  1.5595E-01  0.0000E+00
  2.9000E+01  5.0618E+00  3.9239E+01  8.6868E-01  1.0073E+00  9.3010E-01  0.0000E+00  0.0000E+00  4.9843E-03  1.5595E-01  0.0000E+00
  2.9000E+01  5.0618E+00  3.9239E+01  8.6868E-01  1.0073E+00  9.3010E-01  0.0000E+00  0.0000E+00  4.9843E-03  1.5595E-01  0.0000E+00
  3.0000E+01  5.0618E+00  3.9239E+01  1.2611E+00  7.7466E-01  9.3010E-01  0.0000E+00  0.0000E+00  3.9740E-01 -1.0662E-01  0.0000E+00
  3.0000E+01  5.0618E+00  3.9239E+01  1.2611E+00  7.7466E-01  9.3010E-01  0.0000E+00  0.0000E+00  3.9740E-01 -1.0662E-01  0.0000E+00
  3.0000E+01  5.0618E+00  3.9239E+01  1.2611E+00  7.7466E-01  9.3010E-01  0.0000E+00  0.0000E+00  3.9740E-01 -1.0662E-01  0.0000E+00
  3.0000E+01  5.0618E+00  3.9239E+01  1.2611E+00  7.7466E-01  9.3010E-01  0.0000E+00  0.0000E+00  3.9740E-01 -1.0662E-01  0.0000E+00
  3.0000E+01  5.0618E+00  3.9239E+01  1.2611E+00  7.7466E-01  9.3010E-01  0.0000E+00  0.0000E+00  3.9740E-01 -1.0662E-01  0.0000E+00
  3.0000E+01  5.0618E+00  3.9239E+01  1.2611E+00  7.7466E-01  9.3010E-01  0.0000E+00  0.0000E+00  3.9740E-01 -1.0662E-01  0.0000E+00
  3.0000E+01  5.0618E+00  3.9239E+01  1.2611E+00  7.7466E-01  9.3010E-01  0.0000E+00  0.0000E+00  3.9740E-01 -1.0662E-01  0.0000E+00
  3.0000E+01  5.0618E+00  3.9239E+01  1.2611E+00  7.7466E-01  9.3010E-01  0.0000E+00  0.0000E+00  3.9740E-01 -1.0662E-01  0.0000E+00
  3.0000E+01  5.0618E+00  3.9239E+01  1.2611E+00  7.7466E-01  9.3010E-01  0.0000E+00  0.0000E+00  3.9740E-01 -1.0662E-01  0.0000E+00
  3.1000E+01  5.0618E+00  3.9239E+01  1.3925E+00  7.1302E-01  9.3010E-01  0.0000E+00  0.0000E+00  5.2876E-01 -1.8953E-01  0.0000E+00
  3.1000E+01  5.0618E+00  3.9239E+01  1.3925E+00  7.1302E-01  9.3010E-01  0.0000E+00  0.0000E+00  5.2876E-01 -1.8953E-01  0.0000E+00
  3.1000E+01  5.0618E+00  3.9239E+01  1.3925E+00  7.1302E-01  9.3010E-01  0.0000E+00  0.0000E+00  5.2876E-01 -1.8953E-01  0.0000E+00
  3.1000E+01  5.0618E+00  3.9239E+01  1.3925E+00  7.1302E-01  9.3010E-01  0.0000E+00  0.0000E+00  5.2876E-01 -1.8953E-01  0.0000E+00
  3.1000E+01  5.0618E+00  3.9239E+01  1.3925E+00  7.1302E-01  9.3010E-01  0.0000E+00  0.0000E+00  5.2876E-01 -1.8953E-01  0.0000E+00
  3.1000E+01  5.0618E+00  3.9239E+01  1.3925E+00  7.1302E-01  9.3010E-01  0.0000E+00  0.0000E+00  5.2876E-01 -1.8953E-01  0.0000E+00
  3.1000E+01  5.0618E+00  3.9239E+01  1.3925E+00  7.1302E-01  9.3010E-01  0.0000E+00  0.0000E+00  5.2876E-01 -1.8953E-01  0.0000E+00
  3.1000E+01  5.0618E+00  3.9239E+01  1.3925E+00  7.1302E-01  9.3010E-01  0.0000E+00  0.0000E+00  5.2876E-01 -1.8953E-01  0.0000E+00
  3.1000E+01  5.0618E+00  3.9239E+01  1.3925E+00  7.1302E-01  9.3010E-01  0.0000E+00  0.0000E+00  5.2876E-01 -1.8953E-01  0.0000E+00
  3.2000E+01  5.0618E+00  3.9239E+01  1.4965E+00  9.0375E-01  9.3010E-01  0.0000E+00  0.0000E+00  6.3283E-01  4.7517E-02  0.0000E+00
  3.2000E+01  5.0618E+00  3.9239E+01  1.4965E+00  9.0375E-01  9.3010E-01  0.0000E+00  0.0000E+00  6.3283E-01  4.7517E-02  0.0000E+00
  3.2000E+01  5.0618E+00  3.9239E+01  1.4965E+00  9.0375E-01  9.3010E-01  0.0000E+00  0.0000E+00  6.3283E-01  4.7517E-02  0.0000E+00
  3.2000E+01  5.0618E+00  3.9239E+01  1.4965E+00  9.0375E-01  9.3010E-01  0.0000E+00  0.0000E+00  6.3283E-01  4.7517E-02  0.0000E+00
  3.2000E+01  5.0618E+00  3.9239E+01  1.4965E+00  9.0375E-01  9.3010E-01  0.0000E+00  0.0000E+00  6.3283E-01  4.7517E-02  0.0000E+00
  3.2000E+01  5.0618E+00  3.9239E+01  1.4965E+00  9.0375E-01  9.3010E-01  0.0000E+00  0.0000E+00  6.3283E-01  4.7517E-02  0.0000E+00
  3.2000E+01  5.0618E+00  3.9239E+01  1.4965E+00  9.0375E-01  9.3010E-01  0.0000E+00  0.0000E+00  6.3283E-01  4.7517E-02  0.0000E+00
  3.2000E+01  5.0618E+00  3.9239E+01  1.4965E+00  9.0375E-01  9.3010E-01  0.0000E+00  0.0000E+00  6.3283E-01  4.7517E-02  0.0000E+00
  3.2000E+01  5.0618E+00  3.9239E+01  1.4965E+00  9.0375E-01  9.3010E-01  0.0000E+00  0.0000E+00  6.3283E-01  4.7517E-02  0.0000E+00
  3.3000E+01  5.0618E+00  3.9239E+01  7.7478E-01  1.1284E+00  9.3010E-01  0.0000E+00  0.0000E+00 -8.8908E-02  2.6948E-01  0.0000E+00
  3.3000E+01  5.0618E+00  3.9239E+01  7.7478E-01  1.1284E+00  9.3010E-01  0.0000E+00  0.0000E+00 -8.8908E-02  2.6948E-01  0.0000E+00
  3.3000E+01  5.0618E+00  3.9239E+01  7.7478E-01  1.1284E+00  9.3010E-01  0.0000E+00  0.0000E+00 -8.8908E-02  2.6948E-01  0.0000E+00
  3.3000E+01  5.0618E+00  3.9239E+01  7.7478E-01  1.1284E+00  9.3010E-01  0.0000E+00  0.0000E+00 -8.8908E-02  2.6948E-01  0.0000E+00
  3.3000E+01  5.0618E+00  3.9239E+01  7.7478E-01  1.1284E+00  9.3010E-01  0.0000E+00  0.0000E+00 -8.8908E-02  2.6948E-01  0.0000E+00
  3.3000E+01  5.0618E+00  3.9239E+01  7.7478E-01  1.1284E+00  9.3010E-01  0.0000E+00  0.0000E+00 -8.8908E-02  2.6948E-01  0.0000E+00
  3.3000E+01  5.0618E+00  3.9239E+01  7.7478E-01  1.1284E+00  9.3010E-01  0.0000E+00  0.0000E+00 -8.8908E-02  2.6948E-01  0.0000E+00
  3.3000E+01  5.0618E+00  3.9239E+01  7.7478E-01  1.1284E+00  9.3010E-01  0.0000E+00  0.0000E+00 -8.8908E-02  2.6948E-01  0.0000E+00
  3.3000E+01  5.0618E+00  3.9239E+01  7.7478E-01  1.1284E+00  9.3010E-01  0.0000E+00  0.0000E+00 -8.8908E-02  2.6948E-01  0.0000E+00
  3.4000E+01  5.0618E+00  3.9239E+01  5.0612E-01  5.8053E-01  9.3010E-01  0.0000E+00  0.0000E+00 -3.5757E-01 -3.9510E-01  0.0000E+00
  3.4000E+01  5.0618E+00  3.9239E+01  5.0612E-01  5.8053E-01  9.3010E-01  0.0000E+00  0.0000E+00 -3.5757E-01 -3.9510E-01  0.0000E+00
  3.4000E+01  5.0618E+00  3.9239E+01  5.0612E-01  5.8053E-01  9.3010E-01  0.0000E+00  0.0000E+00 -3.5757E-01 -3.9510E-01  0.0000E+00
  3.4000E+01  5.0618E+00  3.9239E+01  5.0612E-01  5.8053E-01  9.3010E-01  0.0000E+00  0.0000E+00 -3.5757E-01 -3.9510E-01  0.0000E+00
  3.4000E+01  5.0618E+00  3.9239E+01  5.0612E-01  5.8053E-01  9.3010E-01  0.0000E+00  0.0000E+00 -3.5757E-01 -3.9510E-01  0.0000E+00
  3.4000E+01  5.0618E+00  3.9239E+01  5.0612E-01  5.8053E-01  9.3010E-01  0.0000E+00  0.0000E+00 -3.5757E-01 -3.9510E-01  0.0000E+00
  3.4000E+01  5.0618E+00  3.9239E+01  5.0612E-01  5.8053E-01  9.3010E-01  0.0000E+00  0.0000E+00 -3.5757E-01 -3.9510E-01  0.0000E+00
  3.4000E+01  5.0618E+00  3.9239E+01  5.0612E-01  5.8053E-01  9.3010E-01  0.0000E+00  0.0000E+00 -3.5757E-01 -3.9510E-01  0.0000E+00
  3.4000E+01  5.0618E+00  3.9239E+01  5.0612E-01  5.8053E-01  9.3010E-01  0.0000E+00  0.0000E+00 -3.5757E-01 -3.9510E-01  0.0000E+00
  3.5000E+01  5.0618E+00  3.9239E+01  6.0361E-01  1.4415E+00  9.3010E-01  0.0000E+00  0.0000E+00 -2.6008E-01  5.1443E-01  0.0000E+00
  3.5000E+01  5.0618E+00  3.9239E+01  6.0361E-01  1.4415E+00  9.3010E-01  0.0000E+00  0.0000E+00 -2.6008E-01  5.1443E-01  0.0000E+00
  3.5000E+01  5.0618E+00  3.9239E+01  6.0361E-01  1.4415E+00  9.3010E-01  0.0000E+00  0.0000E+00 -2.6008E-01  5.1443E-01  0.0000E+00
  3.5000E+01  5.0618E+00  3.9239E+01  6.0361E-01  1.4415E+00  9.3010E-01  0.0000E+00  0.0000E+00 -2.6008E-01  5.1443E-01  0.0000E+00
  3.5000E+01  5.0618E+00  3.9239E+01  6.0361E-01  1.4415E+00  9.3010E-01  0.0000E+00  0.0000E+00 -2.6008E-01  5.1443E-01  0.0000E+00
  3.5000E+01  5.0618E+00  3.9239E+01  6.0361E-01  1.4415E+00  9.3010E-01  0.0000E+00  0.0000E+00 -2.6008E-01  5.1443E-01  0.0000E+00
  3.5000E+01  5.0618E+00  3.9239E+01  6.0361E-01  1.4415E+00  9.3010E-01  0.0000E+00  0.0000E+00 -2.6008E-01  5.1443E-01  0.0000E+00
  3.5000E+01  5.0618E+00  3.9239E+01  6.0361E-01  1.4415E+00  9.3010E-01  0.0000E+00  0.0000E+00 -2.6008E-01  5.1443E-01  0.0000E+00
  3.5000E+01  5.0618E+00  3.9239E+01  6.0361E-01  1.4415E+00  9.3010E-01  0.0000E+00  0.0000E+00 -2.6008E-01  5.1443E-01  0.0000E+00
  3.6000E+01  5.0618E+00  3.9239E+01  5.9018E-01  8.0267E-01  9.3010E-01  0.0000E+00  0.0000E+00 -2.7351E-01 -7.1095E-02  0.0000E+00
  3.6000E+01  5.0618E+00  3.9239E+01  5.9018E-01  8.0267E-01  9.3010E-01  0.0000E+00  0.0000E+00 -2.7351E-01 -7.1095E-02  0.0000E+00
  3.6000E+01  5.0618E+00  3.9239E+01  5.9018E-01  8.0267E-01  9.3010E-01  0.0000E+00  0.0000E+00 -2.7351E-01 -7.1095E-02  0.0000E+00
  3.6000E+01  5.0618E+00  3.9239E+01  5.9018E-01  8.0267E-01  9.3010E-01  0.0000E+00  0.0000E+00 -2.7351E-01 -7.1095E-02  0.0000E+00
  3.6000E+01  5.0618E+00  3.9239E+01  5.9018E-01  8.0267E-01  9.3010E-01  0.0000E+00  0.0000E+00 -2.7351E-01 -7.1095E-02  0.0000E+00
  3.6000E+01  5.0618E+00  3.9239E+01  5.9018E-01  8.0267E-01  9.3010E-01  0.0000E+00  0.0000E+00 -2.7351E-01 -7.1095E-02  0.0000E+00
  3.6000E+01  5.0618E+00  3.9239E+01  5.9018E-01  8.0267E-01  9.3010E-01  0.0000E+00  0.0000E+00 -2.7351E-01 -7.1095E-02  0.0000E+00
  3.6000E+01  5.0618E+00  3.9239E+01  5.9018E-01  8.0267E-01  9.3010E-01  0.0000E+00  0.0000E+00 -2.7351E-01 -7.1095E-02  0.0000E+00
  3.6000E+01  5.0618E+00  3.9239E+01  5.9018E-01  8.0267E-01  9.3010E-01  0.0000E+00  0.0000E+00 -2.7351E-01 -7.1095E-02  0.0000E+00
  3.7000E+01  5.0618E+00  3.9239E+01  1.2631E+00  8.1649E-01  9.3010E-01  0.0000E+00  0.0000E+00  3.9943E-01 -5.4031E-02  0.0000E+00
  3.7000E+01  5.0618E+00  3.9239E+01  1.2631E+00  8.1649E-01  9.3010E-01  0.0000E+00  0.0000E+00  3.9943E-01 -5.4031E-02  0.0000E+00
  3.7000E+01  5.0618E+00  3.9239E+01  1.2631E+00  8.1649E-01  9.3010E-01  0.0000E+00  0.0000E+00  3.9943E-01 -5.4031E-02  0.0000E+00
  3.7000E+01  5.0618E+00  3.9239E+01  1.2631E+00  8.1649E-01  9.3010E-01  0.0000E+00  0.0000E+00  3.9943E-01 -5.4031E-02  0.0000E+00
  3.7000E+01  5.0618E+00  3.9239E+01  1.2631E+00  8.1649E-01  9.3010E-01  0.0000E+00  0.0000E+00  3.9943E-01 -5.4031E-02  0.0000E+00
  3.7000E+01  5.0618E+00  3.9239E+01  1.2631E+00  8.1649E-01  9.3010E-01  0.0000E+00  0.0000E+00  3.9943E-01 -5.4031E-02  0.0000E+00
  3.7000E+01  5.0618E+00  3.9239E+01  1.2631E+00  8.1649E-01  9.3010E-01  0.0000E+00  0.0000E+00  3.9943E-01 -5.4031E-02  0.0000E+00
  3.7000E+01  5.0618E+00  3.9239E+01  1.2631E+00  8.1649E-01  9.3010E-01  0.0000E+00  0.0000E+00  3.9943E-01 -5.4031E-02  0.0000E+00
  3.7000E+01  5.0618E+00  3.9239E+01  1.2631E+00  8.1649E-01  9.3010E-01  0.0000E+00  0.0000E+00  3.9943E-01 -5.4031E-02  0.0000E+00
  3.8000E+01  5.0618E+00  3.9239E+01  8.5974E-01  1.1428E+00  9.3010E-01  0.0000E+00  0.0000E+00 -3.9483E-03  2.8221E-01  0.0000E+00
  3.8000E+01  5.0618E+00  3.9239E+01  8.5974E-01  1.1428E+00  9.3010E-01  0.0000E+00  0.0000E+00 -3.9483E-03  2.8221E-01  0.0000E+00
  3.8000E+01  5.0618E+00  3.9239E+01  8.5974E-01  1.1428E+00  9.3010E-01  0.0000E+00  0.0000E+00 -3.9483E-03  2.8221E-01  0.0000E+00
  3.8000E+01  5.0618E+00  3.9239E+01  8.5974E-01  1.1428E+00  9.3010E-01  0.0000E+00  0.0000E+00 -3.9483E-03  2.8221E-01  0.0000E+00
  3.8000E+01  5.0618E+00  3.9239E+01  8.5974E-01  1.1428E+00  9.3010E-01  0.0000E+00  0.0000E+00 -3.9483E-03  2.8221E-01  0.0000E+00
  3.8000E+01  5.0618E+00  3.9239E+01  8.5974E-01  1.1428E+00  9.3010E-01  0.0000E+00  0.0000E+00 -3.9483E-03  2.8221E-01  0.0000E+00
  3.8000E+01  5.0618E+00  3.9239E+01  8.5974E-01  1.1428E+00  9.3010E-01  0.0000E+00  0.0000E+00 -3.9483E-03  2.8221E-01  0.0000E+00
  3.8000E+01  5.0618E+00  3.9239E+01  8.5974E-01  1.1428E+00  9.3010E-01  0.0000E+00  0.0000E+00 -3.9483E-03  2.8221E-01  0.0000E+00
  3.8000E+01  5.0618E+00  3.9239E+01  8.5974E-01  1.1428E+00  9.3010E-01  0.0000E+00  0.0000E+00 -3.9483E-03  2.8221E-01  0.0000E+00
  3.9000E+01  5.0618E+00  3.9239E+01  1.1076E+00  7.1752E-01  9.3010E-01  0.0000E+00  0.0000E+00  2.4390E-01 -1.8324E-01  0.0000E+00
  3.9000E+01  5.0618E+00  3.9239E+01  1.1076E+00  7.1752E-01  9.3010E-01  0.0000E+00  0.0000E+00  2.4390E-01 -1.8324E-01  0.0000E+00
  3.9000E+01  5.0618E+00  3.9239E+01  1.1076E+00  7.1752E-01  9.3010E-01  0.0000E+00  0.0000E+00  2.4390E-01 -1.8324E-01  0.0000E+00
  3.9000E+01  5.0618E+00  3.9239E+01  1.1076E+00  7.1752E-01  9.3010E-01  0.0000E+00  0.0000E+00  2.4390E-01 -1.8324E-01  0.0000E+00
  3.9000E+01  5.0618E+00  3.9239E+01  1.1076E+00  7.1752E-01  9.3010E-01  0.0000E+00  0.0000E+00  2.4390E-01 -1.8324E-01  0.0000E+00
  3.9000E+01  5.0618E+00  3.9239E+01  1.1076E+00  7.1752E-01  9.3010E-01  0.0000E+00  0.0000E+00  2.4390E-01 -1.8324E-01  0.0000E+00
  3.9000E+01  5.0618E+00  3.9239E+01  1.1076E+00  7.1752E-01  9.3010E-01  0.0000E+00  0.0000E+00  2.4390E-01 -1.8324E-01  0.0000E+00
  3.9000E+01  5.0618E+00  3.9239E+01  1.1076E+00  7.1752E-01  9.3010E-01  0.0000E+00  0.0000E+00  2.4390E-01 -1.8324E-01  0.0000E+00
  3.9000E+01  5.0618E+00  3.9239E+01  1.1076E+00  7.1752E-01  9.3010E-01  0.0000E+00  0.0000E+00  2.4390E-01 -1.8324E-01  0.0000E+00
  4.0000E+01  5.0618E+00  3.9239E+01  9.5862E-01  1.1157E+00  9.3010E-01  0.0000E+00  0.0000E+00  9.4932E-02  2.5818E-01  0.0000E+00
  4.0000E+01  5.0618E+00  3.9239E+01  9.5862E-01  1.1157E+00  9.3010E-01  0.0000E+00  0.0000E+00  9.4932E-02  2.5818E-01  0.0000E+00
  4.0000E+01  5.0618E+00  3.9239E+01  9.5862E-01  1.1157E+00  9.3010E-01  0.0000E+00  0.0000E+00  9.4932E-02  2.5818E-01  0.0000E+00
  4.0000E+01  5.0618E+00  3.9239E+01  9.5862E-01  1.1157E+00  9.3010E-01  0.0000E+00  0.0000E+00  9.4932E-02  2.5818E-01  0.0000E+00
  4.0000E+01  5.0618E+00  3.9239E+01  9.5862E-01  1.1157E+00  9.3010E-01  0.0000E+00  0.0000E+00  9.4932E-02  2.5818E-01  0.0000E+00
  4.0000E+01  5.0618E+00  3.9239E+01  9.5862E-01  1.1157E+00  9.3010E-01  0.0000E+00  0.0000E+00  9.4932E-02  2.5818E-01  0.0000E+00
  4.0000E+01  5.0618E+00  3.9239E+01  9.5862E-01  1.1157E+00  9.3010E-01  0.0000E+00  0.0000E+00  9.4932E-02  2.5818E-01  0.0000E+00
  4.0000E+01  5.0618E+00  3.9239E+01  9.5862E-01  1.1157E+00  9.3010E-01  0.0000E+00  0.0000E+00  9.4932E-02  2.5818E-01  0.0000E+00
  4.0000E+01  5.0618E+00  3.9239E+01  9.5862E-01  1.1157E+00  9.3010E-01  0.0000E+00  0.0000E+00  9.4932E-02  2.5818E-01  0.0000E+00
  4.1000E+01  6.0293E+00  5.1836E+01  9.3803E-01  7.4579E-01  1.6216E+00  1.7490E-01  2.7840E-01  7.4337E-02 -1.4460E-01  5.5590E-01
  4.1000E+01  6.0293E+00  5.1836E+01  9.3803E-01  7.4579E-01  1.6216E+00  1.7490E-01  2.7840E-01  7.4337E-02 -1.4460E-01  5.5590E-01
  4.1000E+01  6.0293E+00  5.1836E+01  9.3803E-01  7.4579E-01  1.6216E+00  1.7490E-01  2.7840E-01  7.4337E-02 -1.4460E-01  5.5590E-01
  4.1000E+01  6.0293E+00  5.1836E+01  9.3803E-01  7.4579E-01  1.6216E+00  1.7490E-01  2.7840E-01  7.4337E-02 -1.4460E-01  5.5590E-01
  4.1000E+01  6.0293E+00  5.1836E+01  9.3803E-01  7.4579E-01  1.6216E+00  1.7490E-01  2.7840E-01  7.4337E-02 -1.4460E-01  5.5590E-01
  4.1000E+01  6.0293E+00  5.1836E+01  9.3803E-01  7.4579E-01  1.6216E+00  1.7490E-01  2.7840E-01  7.4337E-02 -1.4460E-01  5.5590E-01
  4.1000E+01  6.0293E+00  5.1836E+01  9.3803E-01  7.4579E-01  1.6216E+00  1.7490E-01  2.7840E-01  7.4337E-02 -1.4460E-01  5.5590E-01
  4.1000E+01  6.0293E+00  5.1836E+01  9.3803E-01  7.4579E-01  1.6216E+00  1.7490E-01  2.7840E-01  7.4337E-02 -1.4460E-01  5.5590E-01
  4.1000E+01  6.0293E+00  5.1836E+01  9.3803E-01  7.4579E-01  1.6216E+00  1.7490E-01  2.7840E-01  7.4337E-02 -1.4460E-01  5.5590E-01
  4.1000E+01  6.0293E+00  5.1836E+01  9.3803E-01  7.4579E-01  1.6216E+00  1.7490E-01  2.7840E-01  7.4337E-02 -1.4460E-01  5.5590E-01
  4.1000E+01  6.0293E+00  5.1836E+01  9.3803E-01  7.4579E-01  1.6216E+00  1.7490E-01  2.7840E-01  7.4337E-02 -1.4460E-01  5.5590E-01
  4.1000E+01  6.0293E+00  5.1836E+01  9.3803E-01  7.4579E-01  1.6216E+00  1.7490E-01  2.7840E-01  7.4337E-02 -1.4460E-01  5.5590E-01
  4.1000E+01  6.0293E+00  5.1836E+01  9.3803E-01  7.4579E-01  1.6216E+00  1.7490E-01  2.7840E-01  7.4337E-02 -1.4460E-01  5.5590E-01
  4.2000E+01  5.7001E+00  3.8334E+01  9.0171E-01  9.2453E-01  1.6075E+00  1.1875E-01 -2.3325E-02  3.8018E-02  7.0250E-02  5.4715E-01
  4.2000E+01  5.7001E+00  3.8334E+01  9.0171E-01  9.2453E-01  1.6075E+00  1.1875E-01 -2.3325E-02  3.8018E-02  7.0250E-02  5.4715E-01
  4.2000E+01  5.7001E+00  3.8334E+01  9.0171E-01  9.2453E-01  1.6075E+00  1.1875E-01 -2.3325E-02  3.8018E-02  7.0250E-02  5.4715E-01
  4.2000E+01  5.7001E+00  3.8334E+01  9.0171E-01  9.2453E-01  1.6075E+00  1.1875E-01 -2.3325E-02  3.8018E-02  7.0250E-02  5.4715E-01
  4.2000E+01  5.7001E+00  3.8334E+01  9.0171E-01  9.2453E-01  1.6075E+00  1.1875E-01 -2.3325E-02  3.8018E-02  7.0250E-02  5.4715E-01
  4.2000E+01  5.7001E+00  3.8334E+01  9.0171E-01  9.2453E-01  1.6075E+00  1.1875E-01 -2.3325E-02  3.8018E-02  7.0250E-02  5.4715E-01
  4.2000E+01  5.7001E+00  3.8334E+01  9.0171E-01  9.2453E-01  1.6075E+00  1.1875E-01 -2.3325E-02  3.8018E-02  7.0250E-02  5.4715E-01
  4.2000E+01  5.7001E+00  3.8334E+01  9.0171E-01  9.2453E-01  1.6075E+00  1.1875E-01 -2.3325E-02  3.8018E-02  7.0250E-02  5.4715E-01
  4.2000E+01  5.7001E+00  3.8334E+01  9.0171E-01  9.2453E-01  1.6075E+00  1.1875E-01 -2.3325E-02  3.8018E-02  7.0250E-02  5.4715E-01
  4.2000E+01  5.7001E+00  3.8334E+01  9.0171E-01  9.2453E-01  1.6075E+00  1.1875E-01 -2.3325E-02  3.8018E-02  7.0250E-02  5.4715E-01
  4.2000E+01  5.7001E+00  3.8334E+01  9.0171E-01  9.2453E-01  1.6075E+00  1.1875E-01 -2.3325E-02  3.8018E-02  7.0250E-02  5.4715E-01
  4.2000E+01  5.7001E+00  3.8334E+01  9.0171E-01  9.2453E-01  1.6075E+00  1.1875E-01 -2.3325E-02  3.8018E-02  7.0250E-02  5.4715E-01
  4.2000E+01  5.7001E+00  3.8334E+01  9.0171E-01  9.2453E-01  1.6075E+00  1.1875E-01 -2.3325E-02  3.8018E-02  7.0250E-02  5.4715E-01
  4.3000E+01  4.3816E+00  4.7843E+01  1.0458E+00  9.5908E-01  1.6681E+00 -1.4430E-01  1.9825E-01  1.8215E-01  1.0693E-01  5.8413E-01
  4.3000E+01  4.3816E+00  4.7843E+01  1.0458E+00  9.5908E-01  1.6681E+00 -1.4430E-01  1.9825E-01  1.8215E-01  1.0693E-01  5.8413E-01
  4.3000E+01  4.3816E+00  4.7843E+01  1.0458E+00  9.5908E-01  1.6681E+00 -1.4430E-01  1.9825E-01  1.8215E-01  1.0693E-01  5.8413E-01
  4.3000E+01  4.3816E+00  4.7843E+01  1.0458E+00  9.5908E-01  1.6681E+00 -1.4430E-01  1.9825E-01  1.8215E-01  1.0693E-01  5.8413E-01
  4.3000E+01  4.3816E+00  4.7843E+01  1.0458E+00  9.5908E-01  1.6681E+00 -1.4430E-01  1.9825E-01  1.8215E-01  1.0693E-01  5.8413E-01
  4.3000E+01  4.3816E+00  4.7843E+01  1.0458E+00  9.5908E-01  1.6681E+00 -1.4430E-01  1.9825E-01  1.8215E-01  1.0693E-01  5.8413E-01
  4.3000E+01  4.3816E+00  4.7843E+01  1.0458E+00  9.5908E-01  1.6681E+00 -1.4430E-01  1.9825E-01  1.8215E-01  1.0693E-01  5.8413E-01
  4.3000E+01  4.3816E+00  4.7843E+01  1.0458E+00  9.5908E-01  1.6681E+00 -1.4430E-01  1.9825E-01  1.8215E-01  1.0693E-01  5.8413E-01
  4.3000E+01  4.3816E+00  4.7843E+01  1.0458E+00  9.5908E-01  1.6681E+00 -1.4430E-01  1.9825E-01  1.8215E-01  1.0693E-01  5.8413E-01
  4.3000E+01  4.3816E+00  4.7843E+01  1.0458E+00  9.5908E-01  1.6681E+00 -1.4430E-01  1.9825E-01  1.8215E-01  1.0693E-01  5.8413E-01
  4.3000E+01  4.3816E+00  4.7843E+01  1.0458E+00  9.5908E-01  1.6681E+00 -1.4430E-01  1.9825E-01  1.8215E-01  1.0693E-01  5.8413E-01
  4.3000E+01  4.3816E+00  4.7843E+01  1.0458E+00  9.5908E-01  1.6681E+00 -1.4430E-01  1.9825E-01  1.8215E-01  1.0693E-01  5.8413E-01
  4.3000E+01  4.3816E+00  4.7843E+01  1.0458E+00  9.5908E-01  1.6681E+00 -1.4430E-01  1.9825E-01  1.8215E-01  1.0693E-01  5.8413E-01
  4.4000E+01  7.3947E+00  3.4612E+01  3.7976E-01  1.0421E+00  4.5871E-01  3.7904E-01 -1.2547E-01 -4.8393E-01  1.8999E-01 -7.0689E-01
  4.4000E+01  7.3947E+00  3.4612E+01  3.7976E-01  1.0421E+00  4.5871E-01  3.7904E-01 -1.2547E-01 -4.8393E-01  1.8999E-01 -7.0689E-01
  4.4000E+01  7.3947E+00  3.4612E+01  3.7976E-01  1.0421E+00  4.5871E-01  3.7904E-01 -1.2547E-01 -4.8393E-01  1.8999E-01 -7.0689E-01
  4.4000E+01  7.3947E+00  3.4612E+01  3.7976E-01  1.0421E+00  4.5871E-01  3.7904E-01 -1.2547E-01 -4.8393E-01  1.8999E-01 -7.0689E-01
  4.4000E+01  7.3947E+00  3.4612E+01  3.7976E-01  1.0421E+00  4.5871E-01  3.7904E-01 -1.2547E-01 -4.8393E-01  1.8999E-01 -7.0689E-01
  4.4000E+01  7.3947E+00  3.4612E+01  3.7976E-01  1.0421E+00  4.5871E-01  3.7904E-01 -1.2547E-01 -4.8393E-01  1.8999E-01 -7.0689E-01
  4.4000E+01  7.3947E+00  3.4612E+01  3.7976E-01  1.0421E+00  4.5871E-01  3.7904E-01 -1.2547E-01 -4.8393E-01  1.8999E-01 -7.0689E-01
  4.4000E+01  7.3947E+00  3.4612E+01  3.7976E-01  1.0421E+00  4.5871E-01  3.7904E-01 -1.2547E-01 -4.8393E-01  1.8999E-01 -7.0689E-01
  4.4000E+01  7.3947E+00  3.4612E+01  3.7976E-01  1.0421E+00  4.5871E-01  3.7904E-01 -1.2547E-01 -4.8393E-01  1.8999E-01 -7.0689E-01
  4.4000E+01  7.3947E+00  3.4612E+01  3.7976E-01  1.0421E+00  4.5871E-01  3.7904E-01 -1.2547E-01 -4.8393E-01  1.8999E-01 -7.0689E-01
  4.4000E+01  7.3947E+00  3.4612E+01  3.7976E-01  1.0421E+00  4.5871E-01  3.7904E-01 -1.2547E-01 -4.8393E-01  1.8999E-01 -7.0689E-01
  4.4000E+01  7.3947E+00  3.4612E+01  3.7976E-01  1.0421E+00  4.5871E-01  3.7904E-01 -1.2547E-01 -4.8393E-01  1.8999E-01 -7.0689E-01
  4.4000E+01  7.3947E+00  3.4612E+01  3.7976E-01  1.0421E+00  4.5871E-01  3.7904E-01 -1.2547E-01 -4.8393E-01  1.8999E-01 -7.0689E-01
  4.5000E+01  7.5247E+00  3.3493E+01  7.8485E-01  1.3315E+00  7.6325E-01  3.9647E-01 -1.5835E-01 -7.8845E-02  4.3504E-01 -1.9771E-01
  4.5000E+01  7.5247E+00  3.3493E+01  7.8485E-01  1.3315E+00  7.6325E-01  3.9647E-01 -1.5835E-01 -7.8845E-02  4.3504E-01 -1.9771E-01
  4.5000E+01  7.5247E+00  3.3493E+01  7.8485E-01  1.3315E+00  7.6325E-01  3.9647E-01 -1.5835E-01 -7.8845E-02  4.3504E-01 -1.9771E-01
  4.5000E+01  7.5247E+00  3.3493E+01  7.8485E-01  1.3315E+00  7.6325E-01  3.9647E-01 -1.5835E-01 -7.8845E-02  4.3504E-01 -1.9771E-01
  4.5000E+01  7.5247E+00  3.3493E+01  7.8485E-01  1.3315E+00  7.6325E-01  3.9647E-01 -1.5835E-01 -7.8845E-02  4.3504E-01 -1.9771E-01
  4.5000E+01  7.5247E+00  3.3493E+01  7.8485E-01  1.3315E+00  7.6325E-01  3.9647E-01 -1.5835E-01 -7.8845E-02  4.3504E-01 -1.9771E-01
  4.5000E+01  7.5247E+00  3.3493E+01  7.8485E-01  1.3315E+00  7.6325E-01  3.9647E-01 -1.5835E-01 -7.8845E-02  4.3504E-01 -1.9771E-01
  4.5000E+01  7.5247E+00  3.3493E+01  7.8485E-01  1.3315E+00  7.6325E-01  3.9647E-01 -1.5835E-01 -7.8845E-02  4.3504E-01 -1.9771E-01
  4.5000E+01  7.5247E+00  3.3493E+01  7.8485E-01  1.3315E+00  7.6325E-01  3.9647E-01 -1.5835E-01 -7.8845E-02  4.3504E-01 -1.9771E-01
  4.5000E+01  7.5247E+00  3.3493E+01  7.8485E-01  1.3315E+00  7.6325E-01  3.9647E-01 -1.5835E-01 -7.8845E-02  4.3504E-01 -1.9771E-01
  4.5000E+01  7.5247E+00  3.3493E+01  7.8485E-01  1.3315E+00  7.6325E-01  3.9647E-01 -1.5835E-01 -7.8845E-02  4.3504E-01 -1.9771E-01
  4.5000E+01  7.5247E+00  3.3493E+01  7.8485E-01  1.3315E+00  7.6325E-01  3.9647E-01 -1.5835E-01 -7.8845E-02  4.3504E-01 -1.9771E-01
  4.5000E+01  7.5247E+00  3.3493E+01  7.8485E-01  1.3315E+00  7.6325E-01  3.9647E-01 -1.5835E-01 -7.8845E-02  4.3504E-01 -1.9771E-01
  4.6000E+01  6.3629E+00  4.4425E+01  9.8269E-01  9.4684E-01  1.0712E+00  2.2876E-01  1.2414E-01  1.1899E-01  9.4096E-02  1.4125E-01
  4.6000E+01  6.3629E+00  4.4425E+01  9.8269E-01  9.4684E-01  1.0712E+00  2.2876E-01  1.2414E-01  1.1899E-01  9.4096E-02  1.4125E-01
  4.6000E+01  6.3629E+00  4.4425E+01  9.8269E-01  9.4684E-01  1.0712E+00  2.2876E-01  1.2414E-01  1.1899E-01  9.4096E-02  1.4125E-01
  4.6000E+01  6.3629E+00  4.4425E+01  9.8269E-01  9.4684E-01  1.0712E+00  2.2876E-01  1.2414E-01  1.1899E-01  9.4096E-02  1.4125E-01
  4.6000E+01  6.3629E+00  4.4425E+01  9.8269E-01  9.4684E-01  1.0712E+00  2.2876E-01  1.2414E-01  1.1899E-01  9.4096E-02  1.4125E-01
  4.6000E+01  6.3629E+00  4.4425E+01  9.8269E-01  9.4684E-01  1.0712E+00  2.2876E-01  1.2414E-01  1.1899E-01  9.4096E-02  1.4125E-01
  4.6000E+01  6.3629E+00  4.4425E+01  9.8269E-01  9.4684E-01  1.0712E+00  2.2876E-01  1.2414E-01  1.1899E-01  9.4096E-02  1.4125E-01
  4.6000E+01  6.3629E+00  4.4425E+01  9.8269E-01  9.4684E-01  1.0712E+00  2.2876E-01  1.2414E-01  1.1899E-01  9.4096E-02  1.4125E-01
  4.6000E+01  6.3629E+00  4.4425E+01  9.8269E-01  9.4684E-01  1.0712E+00  2.2876E-01  1.2414E-01  1.1899E-01  9.4096E-02  1.4125E-01
  4.6000E+01  6.3629E+00  4.4425E+01  9.8269E-01  9.4684E-01  1.0712E+00  2.2876E-01  1.2414E-01  1.1899E-01  9.4096E-02  1.4125E-01
  4.6000E+01  6.3629E+00  4.4425E+01  9.8269E-01  9.4684E-01  1.0712E+00  2.2876E-01  1.2414E-01  1.1899E-01  9.4096E-02  1.4125E-01
  4.6000E+01  6.3629E+00  4.4425E+01  9.8269E-01  9.4684E-01  1.0712E+00  2.2876E-01  1.2414E-01  1.1899E-01  9.4096E-02  1.4125E-01
  4.6000E+01  6.3629E+00  4.4425E+01  9.8269E-01  9.4684E-01  1.0712E+00  2.2876E-01  1.2414E-01  1.1899E-01  9.4096E-02  1.4125E-01
  4.7000E+01  3.7852E+00  2.9571E+01  6.6311E-01  1.6810E+00  6.1353E-01 -2.9062E-01 -2.8287E-01 -2.0058E-01  6.6808E-01 -4.1606E-01
  4.7000E+01  3.7852E+00  2.9571E+01  6.6311E-01  1.6810E+00  6.1353E-01 -2.9062E-01 -2.8287E-01 -2.0058E-01  6.6808E-01 -4.1606E-01
  4.7000E+01  3.7852E+00  2.9571E+01  6.6311E-01  1.6810E+00  6.1353E-01 -2.9062E-01 -2.8287E-01 -2.0058E-01  6.6808E-01 -4.1606E-01
  4.7000E+01  3.7852E+00  2.9571E+01  6.6311E-01  1.6810E+00  6.1353E-01 -2.9062E-01 -2.8287E-01 -2.0058E-01  6.6808E-01 -4.1606E-01
  4.7000E+01  3.7852E+00  2.9571E+01  6.6311E-01  1.6810E+00  6.1353E-01 -2.9062E-01 -2.8287E-01 -2.0058E-01  6.6808E-01 -4.1606E-01
  4.7000E+01  3.7852E+00  2.9571E+01  6.6311E-01  1.6810E+00  6.1353E-01 -2.9062E-01 -2.8287E-01 -2.0058E-01  6.6808E-01 -4.1606E-01
  4.7000E+01  3.7852E+00  2.9571E+01  6.6311E-01  1.6810E+00  6.1353E-01 -2.9062E-01 -2.8287E-01 -2.0058E-01  6.6808E-01 -4.1606E-01
  4.7000E+01  3.7852E+00  2.9571E+01  6.6311E-01  1.6810E+00  6.1353E-01 -2.9062E-01 -2.8287E-01 -2.0058E-01  6.6808E-01 -4.1606E-01
  4.7000E+01  3.7852E+00  2.9571E+01  6.6311E-01  1.6810E+00  6.1353E-01 -2.9062E-01 -2.8287E-01 -2.0058E-01  6.6808E-01 -4.1606E-01
  4.7000E+01  3.7852E+00  2.9571E+01  6.6311E-01  1.6810E+00  6.1353E-01 -2.9062E-01 -2.8287E-01 -2.0058E-01  6.6808E-01 -4.1606E-01
  4.7000E+01  3.7852E+00  2.9571E+01  6.6311E-01  1.6810E+00  6.1353E-01 -2.9062E-01 -2.8287E-01 -2.0058E-01  6.6808E-01 -4.1606E-01
  4.7000E+01  3.7852E+00  2.9571E+01  6.6311E-01  1.6810E+00  6.1353E-01 -2.9062E-01 -2.8287E-01 -2.0058E-01  6.6808E-01 -4.1606E-01
  4.7000E+01  3.7852E+00  2.9571E+01  6.6311E-01  1.6810E+00  6.1353E-01 -2.9062E-01 -2.8287E-01 -2.0058E-01  6.6808E-01 -4.1606E-01
  4.8000E+01  5.8765E+00  4.6329E+01  2.6375E-01  9.0604E-01  1.0400E+00  1.4924E-01  1.6610E-01 -5.9994E-01  5.0043E-02  1.1167E-01
  4.8000E+01  5.8765E+00  4.6329E+01  2.6375E-01  9.0604E-01  1.0400E+00  1.4924E-01  1.6610E-01 -5.9994E-01  5.0043E-02  1.1167E-01
  4.8000E+01  5.8765E+00  4.6329E+01  2.6375E-01  9.0604E-01  1.0400E+00  1.4924E-01  1.6610E-01 -5.9994E-01  5.0043E-02  1.1167E-01
  4.8000E+01  5.8765E+00  4.6329E+01  2.6375E-01  9.0604E-01  1.0400E+00  1.4924E-01  1.6610E-01 -5.9994E-01  5.0043E-02  1.1167E-01
  4.8000E+01  5.8765E+00  4.6329E+01  2.6375E-01  9.0604E-01  1.0400E+00  1.4924E-01  1.6610E-01 -5.9994E-01  5.0043E-02  1.1167E-01
  4.8000E+01  5.8765E+00  4.6329E+01  2.6375E-01  9.0604E-01  1.0400E+00  1.4924E-01  1.6610E-01 -5.9994E-01  5.0043E-02  1.1167E-01
  4.8000E+01  5.8765E+00  4.6329E+01  2.6375E-01  9.0604E-01  1.0400E+00  1.4924E-01  1.6610E-01 -5.9994E-01  5.0043E-02  1.1167E-01
  4.8000E+01  5.8765E+00  4.6329E+01  2.6375E-01  9.0604E-01  1.0400E+00  1.4924E-01  1.6610E-01 -5.9994E-01  5.0043E-02  1.1167E-01
  4.8000E+01  5.8765E+00  4.6329E+01  2.6375E-01  9.0604E-01  1.0400E+00  1.4924E-01  1.6610E-01 -5.9994E-01  5.0043E-02  1.1167E-01
  4.8000E+01  5.8765E+00  4.6329E+01  2.6375E-01  9.0604E-01  1.0400E+00  1.4924E-01  1.6610E-01 -5.9994E-01  5.0043E-02  1.1167E-01
  4.8000E+01  5.8765E+00  4.6329E+01  2.6375E-01  9.0604E-01  1.0400E+00  1.4924E-01  1.6610E-01 -5.9994E-01  5.0043E-02  1.1167E-01
  4.8000E+01  5.8765E+00  4.6329E+01  2.6375E-01  9.0604E-01  1.0400E+00  1.4924E-01  1.6610E-01 -5.9994E-01  5.0043E-02  1.1167E-01
  4.8000E+01  5.8765E+00  4.6329E+01  2.6375E-01  9.0604E-01  1.0400E+00  1.4924E-01  1.6610E-01 -5.9994E-01  5.0043E-02  1.1167E-01
  4.9000E+01  3.4189E+00  4.9138E+01  5.0987E-01  7.2225E-01  8.9147E-01 -3.9239E-01  2.2495E-01 -3.5382E-01 -1.7667E-01 -4.2425E-02
  4.9000E+01  3.4189E+00  4.9138E+01  5.0987E-01  7.2225E-01  8.9147E-01 -3.9239E-01  2.2495E-01 -3.5382E-01 -1.7667E-01 -4.2425E-02
  4.9000E+01  3.4189E+00  4.9138E+01  5.0987E-01  7.2225E-01  8.9147E-01 -3.9239E-01  2.2495E-01 -3.5382E-01 -1.7667E-01 -4.2425E-02
  4.9000E+01  3.4189E+00  4.9138E+01  5.0987E-01  7.2225E-01  8.9147E-01 -3.9239E-01  2.2495E-01 -3.5382E-01 -1.7667E-01 -4.2425E-02
  4.9000E+01  3.4189E+00  4.9138E+01  5.0987E-01  7.2225E-01  8.9147E-01 -3.9239E-01  2.2495E-01 -3.5382E-01 -1.7667E-01 -4.2425E-02
  4.9000E+01  3.4189E+00  4.9138E+01  5.0987E-01  7.2225E-01  8.9147E-01 -3.9239E-01  2.2495E-01 -3.5382E-01 -1.7667E-01 -4.2425E-02
  4.9000E+01  3.4189E+00  4.9138E+01  5.0987E-01  7.2225E-01  8.9147E-01 -3.9239E-01  2.2495E-01 -3.5382E-01 -1.7667E-01 -4.2425E-02
  4.9000E+01  3.4189E+00  4.9138E+01  5.0987E-01  7.2225E-01  8.9147E-01 -3.9239E-01  2.2495E-01 -3.5382E-01 -1.7667E-01 -4.2425E-02
  4.9000E+01  3.4189E+00  4.9138E+01  5.0987E-01  7.2225E-01  8.9147E-01 -3.9239E-01  2.2495E-01 -3.5382E-01 -1.7667E-01 -4.2425E-02
  4.9000E+01  3.4189E+00  4.9138E+01  5.0987E-01  7.2225E-01  8.9147E-01 -3.9239E-01  2.2495E-01 -3.5382E-01 -1.7667E-01 -4.2425E-02
  4.9000E+01  3.4189E+00  4.9138E+01  5.0987E-01  7.2225E-01  8.9147E-01 -3.9239E-01  2.2495E-01 -3.5382E-01 -1.7667E-01 -4.2425E-02
  4.9000E+01  3.4189E+00  4.9138E+01  5.0987E-01  7.2225E-01  8.9147E-01 -3.9239E-01  2.2495E-01 -3.5382E-01 -1.7667E-01 -4.2425E-02
  4.9000E+01  3.4189E+00  4.9138E+01  5.0987E-01  7.2225E-01  8.9147E-01 -3.9239E-01  2.2495E-01 -3.5382E-01 -1.7667E-01 -4.2425E-02
  5.0000E+01  3.1904E+00  3.4854E+01  6.1168E-01  7.9232E-01  5.1467E-01 -4.6156E-01 -1.1851E-01 -2.5201E-01 -8.4072E-02 -5.9176E-01
  5.0000E+01  3.1904E+00  3.4854E+01  6.1168E-01  7.9232E-01  5.1467E-01 -4.6156E-01 -1.1851E-01 -2.5201E-01 -8.4072E-02 -5.9176E-01
  5.0000E+01  3.1904E+00  3.4854E+01  6.1168E-01  7.9232E-01  5.1467E-01 -4.6156E-01 -1.1851E-01 -2.5201E-01 -8.4072E-02 -5.9176E-01
  5.0000E+01  3.1904E+00  3.4854E+01  6.1168E-01  7.9232E-01  5.1467E-01 -4.6156E-01 -1.1851E-01 -2.5201E-01 -8.4072E-02 -5.9176E-01
  5.0000E+01  3.1904E+00  3.4854E+01  6.1168E-01  7.9232E-01  5.1467E-01 -4.6156E-01 -1.1851E-01 -2.5201E-01 -8.4072E-02 -5.9176E-01
  5.0000E+01  3.1904E+00  3.4854E+01  6.1168E-01  7.9232E-01  5.1467E-01 -4.6156E-01 -1.1851E-01 -2.5201E-01 -8.4072E-02 -5.9176E-01
  5.0000E+01  3.1904E+00  3.4854E+01  6.1168E-01  7.9232E-01  5.1467E-01 -4.6156E-01 -1.1851E-01 -2.5201E-01 -8.4072E-02 -5.9176E-01
  5.0000E+01  3.1904E+00  3.4854E+01  6.1168E-01  7.9232E-01  5.1467E-01 -4.6156E-01 -1.1851E-01 -2.5201E-01 -8.4072E-02 -5.9176E-01
  5.0000E+01  3.1904E+00  3.4854E+01  6.1168E-01  7.9232E-01  5.1467E-01 -4.6156E-01 -1.1851E-01 -2.5201E-01 -8.4072E-02 -5.9176E-01
  5.0000E+01  3.1904E+00  3.4854E+01  6.1168E-01  7.9232E-01  5.1467E-01 -4.6156E-01 -1.1851E-01 -2.5201E-01 -8.4072E-02 -5.9176E-01
  5.0000E+01  3.1904E+00  3.4854E+01  6.1168E-01  7.9232E-01  5.1467E-01 -4.6156E-01 -1.1851E-01 -2.5201E-01 -8.4072E-02 -5.9176E-01
  5.0000E+01  3.1904E+00  3.4854E+01  6.1168E-01  7.9232E-01  5.1467E-01 -4.6156E-01 -1.1851E-01 -2.5201E-01 -8.4072E-02 -5.9176E-01
  5.0000E+01  3.1904E+00  3.4854E+01  6.1168E-01  7.9232E-01  5.1467E-01 -4.6156E-01 -1.1851E-01 -2.5201E-01 -8.4072E-02 -5.9176E-01
  5.1000E+01  5.3769E+00  4.0654E+01  1.1474E+00  7.6794E-01  7.9370E-01  6.0396E-02  3.5421E-02  2.8371E-01 -1.1533E-01 -1.5859E-01
  5.1000E+01  5.3769E+00  4.0654E+01  1.1474E+00  7.6794E-01  7.9370E-01  6.0396E-02  3.5421E-02  2.8371E-01 -1.1533E-01 -1.5859E-01
  5.1000E+01  5.3769E+00  4.0654E+01  1.1474E+00  7.6794E-01  7.9370E-01  6.0396E-02  3.5421E-02  2.8371E-01 -1.1533E-01 -1.5859E-01
  5.1000E+01  5.3769E+00  4.0654E+01  1.1474E+00  7.6794E-01  7.9370E-01  6.0396E-02  3.5421E-02  2.8371E-01 -1.1533E-01 -1.5859E-01
  5.1000E+01  5.3769E+00  4.0654E+01  1.1474E+00  7.6794E-01  7.9370E-01  6.0396E-02  3.5421E-02  2.8371E-01 -1.1533E-01 -1.5859E-01
  5.1000E+01  5.3769E+00  4.0654E+01  1.1474E+00  7.6794E-01  7.9370E-01  6.0396E-02  3.5421E-02  2.8371E-01 -1.1533E-01 -1.5859E-01
  5.1000E+01  5.3769E+00  4.0654E+01  1.1474E+00  7.6794E-01  7.9370E-01  6.0396E-02  3.5421E-02  2.8371E-01 -1.1533E-01 -1.5859E-01
  5.1000E+01  5.3769E+00  4.0654E+01  1.1474E+00  7.6794E-01  7.9370E-01  6.0396E-02  3.5421E-02  2.8371E-01 -1.1533E-01 -1.5859E-01
  5.1000E+01  5.3769E+00  4.0654E+01  1.1474E+00  7.6794E-01  7.9370E-01  6.0396E-02  3.5421E-02  2.8371E-01 -1.1533E-01 -1.5859E-01
  5.1000E+01  5.3769E+00  4.0654E+01  1.1474E+00  7.6794E-01  7.9370E-01  6.0396E-02  3.5421E-02  2.8371E-01 -1.1533E-01 -1.5859E-01
  5.1000E+01  5.3769E+00  4.0654E+01  1.1474E+00  7.6794E-01  7.9370E-01  6.0396E-02  3.5421E-02  2.8371E-01 -1.1533E-01 -1.5859E-01
  5.1000E+01  5.3769E+00  4.0654E+01  1.1474E+00  7.6794E-01  7.9370E-01  6.0396E-02  3.5421E-02  2.8371E-01 -1.1533E-01 -1.5859E-01
  5.1000E+01  5.3769E+00  4.0654E+01  1.1474E+00  7.6794E-01  7.9370E-01  6.0396E-02  3.5421E-02  2.8371E-01 -1.1533E-01 -1.5859E-01
  5.2000E+01  5.3114E+00  4.2291E+01  9.6835E-01  1.0629E+00  5.7255E-01  4.8134E-02  7.4892E-02  1.0466E-01  2.0972E-01 -4.8519E-01
  5.2000E+01  5.3114E+00  4.2291E+01  9.6835E-01  1.0629E+00  5.7255E-01  4.8134E-02  7.4892E-02  1.0466E-01  2.0972E-01 -4.8519E-01
  5.2000E+01  5.3114E+00  4.2291E+01  9.6835E-01  1.0629E+00  5.7255E-01  4.8134E-02  7.4892E-02  1.0466E-01  2.0972E-01 -4.8519E-01
  5.2000E+01  5.3114E+00  4.2291E+01  9.6835E-01  1.0629E+00  5.7255E-01  4.8134E-02  7.4892E-02  1.0466E-01  2.0972E-01 -4.8519E-01
  5.2000E+01  5.3114E+00  4.2291E+01  9.6835E-01  1.0629E+00  5.7255E-01  4.8134E-02  7.4892E-02  1.0466E-01  2.0972E-01 -4.8519E-01
  5.2000E+01  5.3114E+00  4.2291E+01  9.6835E-01  1.0629E+00  5.7255E-01  4.8134E-02  7.4892E-02  1.0466E-01  2.0972E-01 -4.8519E-01
  5.2000E+01  5.3114E+00  4.2291E+01  9.6835E-01  1.0629E+00  5.7255E-01  4.8134E-02  7.4892E-02  1.0466E-01  2.0972E-01 -4.8519E-01
  5.2000E+01  5.3114E+00  4.2291E+01  9.6835E-01  1.0629E+00  5.7255E-01  4.8134E-02  7.4892E-02  1.0466E-01  2.0972E-01 -4.8519E-01
  5.2000E+01  5.3114E+00  4.2291E+01  9.6835E-01  1.0629E+00  5.7255E-01  4.8134E-02  7.4892E-02  1.0466E-01  2.0972E-01 -4.8519E-01
  5.2000E+01  5.3114E+00  4.2291E+01  9.6835E-01  1.0629E+00  5.7255E-01  4.8134E-02  7.4892E-02  1.0466E-01  2.0972E-01 -4.8519E-01
  5.2000E+01  5.3114E+00  4.2291E+01  9.6835E-01  1.0629E+00  5.7255E-01  4.8134E-02  7.4892E-02  1.0466E-01  2.0972E-01 -4.8519E-01
  5.2000E+01  5.3114E+00  4.2291E+01  9.6835E-01  1.0629E+00  5.7255E-01  4.8134E-02  7.4892E-02  1.0466E-01  2.0972E-01 -4.8519E-01
  5.2000E+01  5.3114E+00  4.2291E+01  9.6835E-01  1.0629E+00  5.7255E-01  4.8134E-02  7.4892E-02  1.0466E-01  2.0972E-01 -4.8519E-01
  5.3000E+01  4.0223E+00  4.3685E+01  1.1733E+00  8.0900E-01  1.1929E+00 -2.2986E-01  1.0734E-01  3.0957E-01 -6.3236E-02  2.4881E-01
  5.3000E+01  4.0223E+00  4.3685E+01  1.1733E+00  8.0900E-01  1.1929E+00 -2.2986E-01  1.0734E-01  3.0957E-01 -6.3236E-02  2.4881E-01
  5.3000E+01  4.0223E+00  4.3685E+01  1.1733E+00  8.0900E-01  1.1929E+00 -2.2986E-01  1.0734E-01  3.0957E-01 -6.3236E-02  2.4881E-01
  5.3000E+01  4.0223E+00  4.3685E+01  1.1733E+00  8.0900E-01  1.1929E+00 -2.2986E-01  1.0734E-01  3.0957E-01 -6.3236E-02  2.4881E-01
  5.3000E+01  4.0223E+00  4.3685E+01  1.1733E+00  8.0900E-01  1.1929E+00 -2.2986E-01  1.0734E-01  3.0957E-01 -6.3236E-02  2.4881E-01
  5.3000E+01  4.0223E+00  4.3685E+01  1.1733E+00  8.0900E-01  1.1929E+00 -2.2986E-01  1.0734E-01  3.0957E-01 -6.3236E-02  2.4881E-01
  5.3000E+01  4.0223E+00  4.3685E+01  1.1733E+00  8.0900E-01  1.1929E+00 -2.2986E-01  1.0734E-01  3.0957E-01 -6.3236E-02  2.4881E-01
  5.3000E+01  4.0223E+00  4.3685E+01  1.1733E+00  8.0900E-01  1.1929E+00 -2.2986E-01  1.0734E-01  3.0957E-01 -6.3236E-02  2.4881E-01
  5.3000E+01  4.0223E+00  4.3685E+01  1.1733E+00  8.0900E-01  1.1929E+00 -2.2986E-01  1.0734E-01  3.0957E-01 -6.3236E-02  2.4881E-01
  5.3000E+01  4.0223E+00  4.3685E+01  1.1733E+00  8.0900E-01  1.1929E+00 -2.2986E-01  1.0734E-01  3.0957E-01 -6.3236E-02  2.4881E-01
  5.3000E+01  4.0223E+00  4.3685E+01  1.1733E+00  8.0900E-01  1.1929E+00 -2.2986E-01  1.0734E-01  3.0957E-01 -6.3236E-02  2.4881E-01
  5.3000E+01  4.0223E+00  4.3685E+01  1.1733E+00  8.0900E-01  1.1929E+00 -2.2986E-01  1.0734E-01  3.0957E-01 -6.3236E-02  2.4881E-01
  5.3000E+01  4.0223E+00  4.3685E+01  1.1733E+00  8.0900E-01  1.1929E+00 -2.2986E-01  1.0734E-01  3.0957E-01 -6.3236E-02  2.4881E-01
  5.4000E+01  3.9927E+00  3.1524E+01  8.9827E-01  7.2020E-01  8.6858E-01 -2.3726E-01 -2.1891E-01  3.4579E-02 -1.7952E-01 -6.8434E-02
  5.4000E+01  3.9927E+00  3.1524E+01  8.9827E-01  7.2020E-01  8.6858E-01 -2.3726E-01 -2.1891E-01  3.4579E-02 -1.7952E-01 -6.8434E-02
  5.4000E+01  3.9927E+00  3.1524E+01  8.9827E-01  7.2020E-01  8.6858E-01 -2.3726E-01 -2.1891E-01  3.4579E-02 -1.7952E-01 -6.8434E-02
  5.4000E+01  3.9927E+00  3.1524E+01  8.9827E-01  7.2020E-01  8.6858E-01 -2.3726E-01 -2.1891E-01  3.4579E-02 -1.7952E-01 -6.8434E-02
  5.4000E+01  3.9927E+00  3.1524E+01  8.9827E-01  7.2020E-01  8.6858E-01 -2.3726E-01 -2.1891E-01  3.4579E-02 -1.7952E-01 -6.8434E-02
  5.4000E+01  3.9927E+00  3.1524E+01  8.9827E-01  7.2020E-01  8.6858E-01 -2.3726E-01 -2.1891E-01  3.4579E-02 -1.7952E-01 -6.8434E-02
  5.4000E+01  3.9927E+00  3.1524E+01  8.9827E-01  7.2020E-01  8.6858E-01 -2.3726E-01 -2.1891E-01  3.4579E-02 -1.7952E-01 -6.8434E-02
  5.4000E+01  3.9927E+00  3.1524E+01  8.9827E-01  7.2020E-01  8.6858E-01 -2.3726E-01 -2.1891E-01  3.4579E-02 -1.7952E-01 -6.8434E-02
  5.4000E+01  3.9927E+00  3.1524E+01  8.9827E-01  7.2020E-01  8.6858E-01 -2.3726E-01 -2.1891E-01  3.4579E-02 -1.7952E-01 -6.8434E-02
  5.4000E+01  3.9927E+00  3.1524E+01  8.9827E-01  7.2020E-01  8.6858E-01 -2.3726E-01 -2.1891E-01  3.4579E-02 -1.7952E-01 -6.8434E-02
  5.4000E+01  3.9927E+00  3.1524E+01  8.9827E-01  7.2020E-01  8.6858E-01 -2.3726E-01 -2.1891E-01  3.4579E-02 -1.7952E-01 -6.8434E-02
  5.4000E+01  3.9927E+00  3.1524E+01  8.9827E-01  7.2020E-01  8.6858E-01 -2.3726E-01 -2.1891E-01  3.4579E-02 -1.7952E-01 -6.8434E-02
  5.4000E+01  3.9927E+00  3.1524E+01  8.9827E-01  7.2020E-01  8.6858E-01 -2.3726E-01 -2.1891E-01  3.4579E-02 -1.7952E-01 -6.8434E-02
  5.5000E+01  3.5412E+00  3.8955E+01  1.0752E+00  7.0944E-01  1.1308E+00 -3.5726E-01 -7.2550E-03  2.1150E-01 -1.9457E-01  1.9538E-01
  5.5000E+01  3.5412E+00  3.8955E+01  1.0752E+00  7.0944E-01  1.1308E+00 -3.5726E-01 -7.2550E-03  2.1150E-01 -1.9457E-01  1.9538E-01
  5.5000E+01  3.5412E+00  3.8955E+01  1.0752E+00  7.0944E-01  1.1308E+00 -3.5726E-01 -7.2550E-03  2.1150E-01 -1.9457E-01  1.9538E-01
  5.5000E+01  3.5412E+00  3.8955E+01  1.0752E+00  7.0944E-01  1.1308E+00 -3.5726E-01 -7.2550E-03  2.1150E-01 -1.9457E-01  1.9538E-01
  5.5000E+01  3.5412E+00  3.8955E+01  1.0752E+00  7.0944E-01  1.1308E+00 -3.5726E-01 -7.2550E-03  2.1150E-01 -1.9457E-01  1.9538E-01
  5.5000E+01  3.5412E+00  3.8955E+01  1.0752E+00  7.0944E-01  1.1308E+00 -3.5726E-01 -7.2550E-03  2.1150E-01 -1.9457E-01  1.9538E-01
  5.5000E+01  3.5412E+00  3.8955E+01  1.0752E+00  7.0944E-01  1.1308E+00 -3.5726E-01 -7.2550E-03  2.1150E-01 -1.9457E-01  1.9538E-01
  5.5000E+01  3.5412E+00  3.8955E+01  1.0752E+00  7.0944E-01  1.1308E+00 -3.5726E-01 -7.2550E-03  2.1150E-01 -1.9457E-01  1.9538E-01
  5.5000E+01  3.5412E+00  3.8955E+01  1.0752E+00  7.0944E-01  1.1308E+00 -3.5726E-01 -7.2550E-03  2.1150E-01 -1.9457E-01  1.9538E-01
  5.5000E+01  3.5412E+00  3.8955E+01  1.0752E+00  7.0944E-01  1.1308E+00 -3.5726E-01 -7.2550E-03  2.1150E-01 -1.9457E-01  1.9538E-01
  5.5000E+01  3.5412E+00  3.8955E+01  1.0752E+00  7.0944E-01  1.1308E+00 -3.5726E-01 -7.2550E-03  2.1150E-01 -1.9457E-01  1.9538E-01
  5.5000E+01  3.5412E+00  3.8955E+01  1.0752E+00  7.0944E-01  1.1308E+00 -3.5726E-01 -7.2550E-03  2.1150E-01 -1.9457E-01  1.9538E-01
  5.5000E+01  3.5412E+00  3.8955E+01  1.0752E+00  7.0944E-01  1.1308E+00 -3.5726E-01 -7.2550E-03  2.1150E-01 -1.9457E-01  1.9538E-01
  5.6000E+01  3.1941E+00  3.9048E+01  9.4622E-01  7.2941E-01  1.1336E+00 -4.6042E-01 -4.8682E-03  8.2531E-02 -1.6680E-01  1.9784E-01
  5.6000E+01  3.1941E+00  3.9048E+01  9.4622E-01  7.2941E-01  1.1336E+00 -4.6042E-01 -4.8682E-03  8.2531E-02 -1.6680E-01  1.9784E-01
  5.6000E+01  3.1941E+00  3.9048E+01  9.4622E-01  7.2941E-01  1.1336E+00 -4.6042E-01 -4.8682E-03  8.2531E-02 -1.6680E-01  1.9784E-01
  5.6000E+01  3.1941E+00  3.9048E+01  9.4622E-01  7.2941E-01  1.1336E+00 -4.6042E-01 -4.8682E-03  8.2531E-02 -1.6680E-01  1.9784E-01
  5.6000E+01  3.1941E+00  3.9048E+01  9.4622E-01  7.2941E-01  1.1336E+00 -4.6042E-01 -4.8682E-03  8.2531E-02 -1.6680E-01  1.9784E-01
  5.6000E+01  3.1941E+00  3.9048E+01  9.4622E-01  7.2941E-01  1.1336E+00 -4.6042E-01 -4.8682E-03  8.2531E-02 -1.6680E-01  1.9784E-01
  5.6000E+01  3.1941E+00  3.9048E+01  9.4622E-01  7.2941E-01  1.1336E+00 -4.6042E-01 -4.8682E-03  8.2531E-02 -1.6680E-01  1.9784E-01
  5.6000E+01  3.1941E+00  3.9048E+01  9.4622E-01  7.2941E-01  1.1336E+00 -4.6042E-01 -4.8682E-03  8.2531E-02 -1.6680E-01  1.9784E-01
  5.6000E+01  3.1941E+00  3.9048E+01  9.4622E-01  7.2941E-01  1.1336E+00 -4.6042E-01 -4.8682E-03  8.2531E-02 -1.6680E-01  1.9784E-01
  5.6000E+01  3.1941E+00  3.9048E+01  9.4622E-01  7.2941E-01  1.1336E+00 -4.6042E-01 -4.8682E-03  8.2531E-02 -1.6680E-01  1.9784E-01
  5.6000E+01  3.1941E+00  3.9048E+01  9.4622E-01  7.2941E-01  1.1336E+00 -4.6042E-01 -4.8682E-03  8.2531E-02 -1.6680E-01  1.9784E-01
  5.6000E+01  3.1941E+00  3.9048E+01  9.4622E-01  7.2941E-01  1.1336E+00 -4.6042E-01 -4.8682E-03  8.2531E-02 -1.6680E-01  1.9784E-01
  5.6000E+01  3.1941E+00  3.9048E+01  9.4622E-01  7.2941E-01  1.1336E+00 -4.6042E-01 -4.8682E-03  8.2531E-02 -1.6680E-01  1.9784E-01
  5.7000E+01  5.5871E+00  3.3618E+01  8.1196E-01  1.0661E+00  1.2819E+00  9.8740E-02 -1.5460E-01 -5.1732E-02  2.1271E-01  3.2079E-01
  5.7000E+01  5.5871E+00  3.3618E+01  8.1196E-01  1.0661E+00  1.2819E+00  9.8740E-02 -1.5460E-01 -5.1732E-02  2.1271E-01  3.2079E-01
  5.7000E+01  5.5871E+00  3.3618E+01  8.1196E-01  1.0661E+00  1.2819E+00  9.8740E-02 -1.5460E-01 -5.1732E-02  2.1271E-01  3.2079E-01
  5.7000E+01  5.5871E+00  3.3618E+01  8.1196E-01  1.0661E+00  1.2819E+00  9.8740E-02 -1.5460E-01 -5.1732E-02  2.1271E-01  3.2079E-01
  5.7000E+01  5.5871E+00  3.3618E+01  8.1196E-01  1.0661E+00  1.2819E+00  9.8740E-02 -1.5460E-01 -5.1732E-02  2.1271E-01  3.2079E-01
  5.7000E+01  5.5871E+00  3.3618E+01  8.1196E-01  1.0661E+00  1.2819E+00  9.8740E-02 -1.5460E-01 -5.1732E-02  2.1271E-01  3.2079E-01
  5.7000E+01  5.5871E+00  3.3618E+01  8.1196E-01  1.0661E+00  1.2819E+00  9.8740E-02 -1.5460E-01 -5.1732E-02  2.1271E-01  3.2079E-01
  5.7000E+01  5.5871E+00  3.3618E+01  8.1196E-01  1.0661E+00  1.2819E+00  9.8740E-02 -1.5460E-01 -5.1732E-02  2.1271E-01  3.2079E-01
  5.7000E+01  5.5871E+00  3.3618E+01  8.1196E-01  1.0661E+00  1.2819E+00  9.8740E-02 -1.5460E-01 -5.1732E-02  2.1271E-01  3.2079E-01
  5.7000E+01  5.5871E+00  3.3618E+01  8.1196E-01  1.0661E+00  1.2819E+00  9.8740E-02 -1.5460E-01 -5.1732E-02  2.1271E-01  3.2079E-01
  5.7000E+01  5.5871E+00  3.3618E+01  8.1196E-01  1.0661E+00  1.2819E+00  9.8740E-02 -1.5460E-01 -5.1732E-02  2.1271E-01  3.2079E-01
  5.7000E+01  5.5871E+00  3.3618E+01  8.1196E-01  1.0661E+00  1.2819E+00  9.8740E-02 -1.5460E-01 -5.1732E-02  2.1271E-01  3.2079E-01
  5.7000E+01  5.5871E+00  3.3618E+01  8.1196E-01  1.0661E+00  1.2819E+00  9.8740E-02 -1.5460E-01 -5.1732E-02  2.1271E-01  3.2079E-01
  5.8000E+01  3.4992E+00  2.9624E+01  5.3610E-01  1.0240E+00  1.1684E+00 -3.6919E-01 -2.8108E-01 -3.2759E-01  1.7247E-01  2.2811E-01
  5.8000E+01  3.4992E+00  2.9624E+01  5.3610E-01  1.0240E+00  1.1684E+00 -3.6919E-01 -2.8108E-01 -3.2759E-01  1.7247E-01  2.2811E-01
  5.8000E+01  3.4992E+00  2.9624E+01  5.3610E-01  1.0240E+00  1.1684E+00 -3.6919E-01 -2.8108E-01 -3.2759E-01  1.7247E-01  2.2811E-01
  5.8000E+01  3.4992E+00  2.9624E+01  5.3610E-01  1.0240E+00  1.1684E+00 -3.6919E-01 -2.8108E-01 -3.2759E-01  1.7247E-01  2.2811E-01
  5.8000E+01  3.4992E+00  2.9624E+01  5.3610E-01  1.0240E+00  1.1684E+00 -3.6919E-01 -2.8108E-01 -3.2759E-01  1.7247E-01  2.2811E-01
  5.8000E+01  3.4992E+00  2.9624E+01  5.3610E-01  1.0240E+00  1.1684E+00 -3.6919E-01 -2.8108E-01 -3.2759E-01  1.7247E-01  2.2811E-01
  5.8000E+01  3.4992E+00  2.9624E+01  5.3610E-01  1.0240E+00  1.1684E+00 -3.6919E-01 -2.8108E-01 -3.2759E-01  1.7247E-01  2.2811E-01
  5.8000E+01  3.4992E+00  2.9624E+01  5.3610E-01  1.0240E+00  1.1684E+00 -3.6919E-01 -2.8108E-01 -3.2759E-01  1.7247E-01  2.2811E-01
  5.8000E+01  3.4992E+00  2.9624E+01  5.3610E-01  1.0240E+00  1.1684E+00 -3.6919E-01 -2.8108E-01 -3.2759E-01  1.7247E-01  2.2811E-01
  5.8000E+01  3.4992E+00  2.9624E+01  5.3610E-01  1.0240E+00  1.1684E+00 -3.6919E-01 -2.8108E-01 -3.2759E-01  1.7247E-01  2.2811E-01
  5.8000E+01  3.4992E+00  2.9624E+01  5.3610E-01  1.0240E+00  1.1684E+00 -3.6919E-01 -2.8108E-01 -3.2759E-01  1.7247E-01  2.2811E-01
  5.8000E+01  3.4992E+00  2.9624E+01  5.3610E-01  1.0240E+00  1.1684E+00 -3.6919E-01 -2.8108E-01 -3.2759E-01  1.7247E-01  2.2811E-01
  5.8000E+01  3.4992E+00  2.9624E+01  5.3610E-01  1.0240E+00  1.1684E+00 -3.6919E-01 -2.8108E-01 -3.2759E-01  1.7247E-01  2.2811E-01
  5.9000E+01  5.2124E+00  4.0323E+01  5.9719E-01  8.5490E-01  4.3899E-01  2.9312E-02  2.7240E-02 -2.6650E-01 -8.0545E-03 -7.5083E-01
  5.9000E+01  5.2124E+00  4.0323E+01  5.9719E-01  8.5490E-01  4.3899E-01  2.9312E-02  2.7240E-02 -2.6650E-01 -8.0545E-03 -7.5083E-01
  5.9000E+01  5.2124E+00  4.0323E+01  5.9719E-01  8.5490E-01  4.3899E-01  2.9312E-02  2.7240E-02 -2.6650E-01 -8.0545E-03 -7.5083E-01
  5.9000E+01  5.2124E+00  4.0323E+01  5.9719E-01  8.5490E-01  4.3899E-01  2.9312E-02  2.7240E-02 -2.6650E-01 -8.0545E-03 -7.5083E-01
  5.9000E+01  5.2124E+00  4.0323E+01  5.9719E-01  8.5490E-01  4.3899E-01  2.9312E-02  2.7240E-02 -2.6650E-01 -8.0545E-03 -7.5083E-01
  5.9000E+01  5.2124E+00  4.0323E+01  5.9719E-01  8.5490E-01  4.3899E-01  2.9312E-02  2.7240E-02 -2.6650E-01 -8.0545E-03 -7.5083E-01
  5.9000E+01  5.2124E+00  4.0323E+01  5.9719E-01  8.5490E-01  4.3899E-01  2.9312E-02  2.7240E-02 -2.6650E-01 -8.0545E-03 -7.5083E-01
  5.9000E+01  5.2124E+00  4.0323E+01  5.9719E-01  8.5490E-01  4.3899E-01  2.9312E-02  2.7240E-02 -2.6650E-01 -8.0545E-03 -7.5083E-01
  5.9000E+01  5.2124E+00  4.0323E+01  5.9719E-01  8.5490E-01  4.3899E-01  2.9312E-02  2.7240E-02 -2.6650E-01 -8.0545E-03 -7.5083E-01
  5.9000E+01  5.2124E+00  4.0323E+01  5.9719E-01  8.5490E-01  4.3899E-01  2.9312E-02  2.7240E-02 -2.6650E-01 -8.0545E-03 -7.5083E-01
  5.9000E+01  5.2124E+00  4.0323E+01  5.9719E-01  8.5490E-01  4.3899E-01  2.9312E-02  2.7240E-02 -2.6650E-01 -8.0545E-03 -7.5083E-01
  5.9000E+01  5.2124E+00  4.0323E+01  5.9719E-01  8.5490E-01  4.3899E-01  2.9312E-02  2.7240E-02 -2.6650E-01 -8.0545E-03 -7.5083E-01
  5.9000E+01  5.2124E+00  4.0323E+01  5.9719E-01  8.5490E-01  4.3899E-01  2.9312E-02  2.7240E-02 -2.6650E-01 -8.0545E-03 -7.5083E-01
  6.0000E+01  4.5880E+00  4.1284E+01  5.9717E-01  1.0136E+00  1.1819E+00 -9.8280E-02  5.0805E-02 -2.6652E-01  1.6223E-01  2.3961E-01
  6.0000E+01  4.5880E+00  4.1284E+01  5.9717E-01  1.0136E+00  1.1819E+00 -9.8280E-02  5.0805E-02 -2.6652E-01  1.6223E-01  2.3961E-01
  6.0000E+01  4.5880E+00  4.1284E+01  5.9717E-01  1.0136E+00  1.1819E+00 -9.8280E-02  5.0805E-02 -2.6652E-01  1.6223E-01  2.3961E-01
  6.0000E+01  4.5880E+00  4.1284E+01  5.9717E-01  1.0136E+00  1.1819E+00 -9.8280E-02  5.0805E-02 -2.6652E-01  1.6223E-01  2.3961E-01
  6.0000E+01  4.5880E+00  4.1284E+01  5.9717E-01  1.0136E+00  1.1819E+00 -9.8280E-02  5.0805E-02 -2.6652E-01  1.6223E-01  2.3961E-01
  6.0000E+01  4.5880E+00  4.1284E+01  5.9717E-01  1.0136E+00  1.1819E+00 -9.8280E-02  5.0805E-02 -2.6652E-01  1.6223E-01  2.3961E-01
  6.0000E+01  4.5880E+00  4.1284E+01  5.9717E-01  1.0136E+00  1.1819E+00 -9.8280E-02  5.0805E-02 -2.6652E-01  1.6223E-01  2.3961E-01
  6.0000E+01  4.5880E+00  4.1284E+01  5.9717E-01  1.0136E+00  1.1819E+00 -9.8280E-02  5.0805E-02 -2.6652E-01  1.6223E-01  2.3961E-01
  6.0000E+01  4.5880E+00  4.1284E+01  5.9717E-01  1.0136E+00  1.1819E+00 -9.8280E-02  5.0805E-02 -2.6652E-01  1.6223E-01  2.3961E-01
  6.0000E+01  4.5880E+00  4.1284E+01  5.9717E-01  1.0136E+00  1.1819E+00 -9.8280E-02  5.0805E-02 -2.6652E-01  1.6223E-01  2.3961E-01
  6.0000E+01  4.5880E+00  4.1284E+01  5.9717E-01  1.0136E+00  1.1819E+00 -9.8280E-02  5.0805E-02 -2.6652E-01  1.6223E-01  2.3961E-01
  6.0000E+01  4.5880E+00  4.1284E+01  5.9717E-01  1.0136E+00  1.1819E+00 -9.8280E-02  5.0805E-02 -2.6652E-01  1.6223E-01  2.3961E-01
  6.0000E+01  4.5880E+00  4.1284E+01  5.9717E-01  1.0136E+00  1.1819E+00 -9.8280E-02  5.0805E-02 -2.6652E-01  1.6223E-01  2.3961E-01
  6.1000E+01  4.9407E+00  3.4157E+01  1.0264E+00  1.4161E+00  7.4599E-01 -2.4214E-02 -1.3871E-01  1.6267E-01  4.9663E-01 -2.2058E-01
  6.1000E+01  4.9407E+00  3.4157E+01  1.0264E+00  1.4161E+00  7.4599E-01 -2.4214E-02 -1.3871E-01  1.6267E-01  4.9663E-01 -2.2058E-01
  6.1000E+01  4.9407E+00  3.4157E+01  1.0264E+00  1.4161E+00  7.4599E-01 -2.4214E-02 -1.3871E-01  1.6267E-01  4.9663E-01 -2.2058E-01
  6.1000E+01  4.9407E+00  3.4157E+01  1.0264E+00  1.4161E+00  7.4599E-01 -2.4214E-02 -1.3871E-01  1.6267E-01  4.9663E-01 -2.2058E-01
  6.1000E+01  4.9407E+00  3.4157E+01  1.0264E+00  1.4161E+00  7.4599E-01 -2.4214E-02 -1.3871E-01  1.6267E-01  4.9663E-01 -2.2058E-01
  6.1000E+01  4.9407E+00  3.4157E+01  1.0264E+00  1.4161E+00  7.4599E-01 -2.4214E-02 -1.3871E-01  1.6267E-01  4.9663E-01 -2.2058E-01
  6.1000E+01  4.9407E+00  3.4157E+01  1.0264E+00  1.4161E+00  7.4599E-01 -2.4214E-02 -1.3871E-01  1.6267E-01  4.9663E-01 -2.2058E-01
  6.1000E+01  4.9407E+00  3.4157E+01  1.0264E+00  1.4161E+00  7.4599E-01 -2.4214E-02 -1.3871E-01  1.6267E-01  4.9663E-01 -2.2058E-01
  6.1000E+01  4.9407E+00  3.4157E+01  1.0264E+00  1.4161E+00  7.4599E-01 -2.4214E-02 -1.3871E-01  1.6267E-01  4.9663E-01 -2.2058E-01
  6.1000E+01  4.9407E+00  3.4157E+01  1.0264E+00  1.4161E+00  7.4599E-01 -2.4214E-02 -1.3871E-01  1.6267E-01  4.9663E-01 -2.2058E-01
  6.1000E+01  4.9407E+00  3.4157E+01  1.0264E+00  1.4161E+00  7.4599E-01 -2.4214E-02 -1.3871E-01  1.6267E-01  4.9663E-01 -2.2058E-01
  6.1000E+01  4.9407E+00  3.4157E+01  1.0264E+00  1.4161E+00  7.4599E-01 -2.4214E-02 -1.3871E-01  1.6267E-01  4.9663E-01 -2.2058E-01
  6.1000E+01  4.9407E+00  3.4157E+01  1.0264E+00  1.4161E+00  7.4599E-01 -2.4214E-02 -1.3871E-01  1.6267E-01  4.9663E-01 -2.2058E-01
  6.2000E+01  4.6414E+00  4.4364E+01  1.4405E+00  7.6441E-01  1.4076E+00 -8.6702E-02  1.2275E-01  5.7680E-01 -1.1993E-01  4.1433E-01
  6.2000E+01  4.6414E+00  4.4364E+01  1.4405E+00  7.6441E-01  1.4076E+00 -8.6702E-02  1.2275E-01  5.7680E-01 -1.1993E-01  4.1433E-01
  6.2000E+01  4.6414E+00  4.4364E+01  1.4405E+00  7.6441E-01  1.4076E+00 -8.6702E-02  1.2275E-01  5.7680E-01 -1.1993E-01  4.1433E-01
  6.2000E+01  4.6414E+00  4.4364E+01  1.4405E+00  7.6441E-01  1.4076E+00 -8.6702E-02  1.2275E-01  5.7680E-01 -1.1993E-01  4.1433E-01
  6.2000E+01  4.6414E+00  4.4364E+01  1.4405E+00  7.6441E-01  1.4076E+00 -8.6702E-02  1.2275E-01  5.7680E-01 -1.1993E-01  4.1433E-01
  6.2000E+01  4.6414E+00  4.4364E+01  1.4405E+00  7.6441E-01  1.4076E+00 -8.6702E-02  1.2275E-01  5.7680E-01 -1.1993E-01  4.1433E-01
  6.2000E+01  4.6414E+00  4.4364E+01  1.4405E+00  7.6441E-01  1.4076E+00 -8.6702E-02  1.2275E-01  5.7680E-01 -1.1993E-01  4.1433E-01
  6.2000E+01  4.6414E+00  4.4364E+01  1.4405E+00  7.6441E-01  1.4076E+00 -8.6702E-02  1.2275E-01  5.7680E-01 -1.1993E-01  4.1433E-01
  6.2000E+01  4.6414E+00  4.4364E+01  1.4405E+00  7.6441E-01  1.4076E+00 -8.6702E-02  1.2275E-01  5.7680E-01 -1.1993E-01  4.1433E-01
  6.2000E+01  4.6414E+00  4.4364E+01  1.4405E+00  7.6441E-01  1.4076E+00 -8.6702E-02  1.2275E-01  5.7680E-01 -1.1993E-01  4.1433E-01
  6.2000E+01  4.6414E+00  4.4364E+01  1.4405E+00  7.6441E-01  1.4076E+00 -8.6702E-02  1.2275E-01  5.7680E-01 -1.1993E-01  4.1433E-01
  6.2000E+01  4.6414E+00  4.4364E+01  1.4405E+00  7.6441E-01  1.4076E+00 -8.6702E-02  1.2275E-01  5.7680E-01 -1.1993E-01  4.1433E-01
  6.2000E+01  4.6414E+00  4.4364E+01  1.4405E+00  7.6441E-01  1.4076E+00 -8.6702E-02  1.2275E-01  5.7680E-01 -1.1993E-01  4.1433E-01
  6.3000E+01  6.7493E+00  3.9626E+01  6.9709E-01  1.2481E+00  8.3289E-01  2.8771E-01  9.8187E-03 -1.6660E-01  3.7032E-01 -1.1039E-01
  6.3000E+01  6.7493E+00  3.9626E+01  6.9709E-01  1.2481E+00  8.3289E-01  2.8771E-01  9.8187E-03 -1.6660E-01  3.7032E-01 -1.1039E-01
  6.3000E+01  6.7493E+00  3.9626E+01  6.9709E-01  1.2481E+00  8.3289E-01  2.8771E-01  9.8187E-03 -1.6660E-01  3.7032E-01 -1.1039E-01
  6.3000E+01  6.7493E+00  3.9626E+01  6.9709E-01  1.2481E+00  8.3289E-01  2.8771E-01  9.8187E-03 -1.6660E-01  3.7032E-01 -1.1039E-01
  6.3000E+01  6.7493E+00  3.9626E+01  6.9709E-01  1.2481E+00  8.3289E-01  2.8771E-01  9.8187E-03 -1.6660E-01  3.7032E-01 -1.1039E-01
  6.3000E+01  6.7493E+00  3.9626E+01  6.9709E-01  1.2481E+00  8.3289E-01  2.8771E-01  9.8187E-03 -1.6660E-01  3.7032E-01 -1.1039E-01
  6.3000E+01  6.7493E+00  3.9626E+01  6.9709E-01  1.2481E+00  8.3289E-01  2.8771E-01  9.8187E-03 -1.6660E-01  3.7032E-01 -1.1039E-01
  6.3000E+01  6.7493E+00  3.9626E+01  6.9709E-01  1.2481E+00  8.3289E-01  2.8771E-01  9.8187E-03 -1.6660E-01  3.7032E-01 -1.1039E-01
  6.3000E+01  6.7493E+00  3.9626E+01  6.9709E-01  1.2481E+00  8.3289E-01  2.8771E-01  9.8187E-03 -1.6660E-01  3.7032E-01 -1.1039E-01
  6.3000E+01  6.7493E+00  3.9626E+01  6.9709E-01  1.2481E+00  8.3289E-01  2.8771E-01  9.8187E-03 -1.6660E-01  3.7032E-01 -1.1039E-01
  6.3000E+01  6.7493E+00  3.9626E+01  6.9709E-01  1.2481E+00  8.3289E-01  2.8771E-01  9.8187E-03 -1.6660E-01  3.7032E-01 -1.1039E-01
  6.3000E+01  6.7493E+00  3.9626E+01  6.9709E-01  1.2481E+00  8.3289E-01  2.8771E-01  9.8187E-03 -1.6660E-01  3.7032E-01 -1.1039E-01
  6.3000E+01  6.7493E+00  3.9626E+01  6.9709E-01  1.2481E+00  8.3289E-01  2.8771E-01  9.8187E-03 -1.6660E-01  3.7032E-01 -1.1039E-01
  6.4000E+01  5.0686E+00  3.5665E+01  9.9971E-01  9.6852E-01  1.6434E+00  1.3397E-03 -9.5505E-02  1.3602E-01  1.1673E-01  5.6924E-01
  6.4000E+01  5.0686E+00  3.5665E+01  9.9971E-01  9.6852E-01  1.6434E+00  1.3397E-03 -9.5505E-02  1.3602E-01  1.1673E-01  5.6924E-01
  6.4000E+01  5.0686E+00  3.5665E+01  9.9971E-01  9.6852E-01  1.6434E+00  1.3397E-03 -9.5505E-02  1.3602E-01  1.1673E-01  5.6924E-01
  6.4000E+01  5.0686E+00  3.5665E+01  9.9971E-01  9.6852E-01  1.6434E+00  1.3397E-03 -9.5505E-02  1.3602E-01  1.1673E-01  5.6924E-01
  6.4000E+01  5.0686E+00  3.5665E+01  9.9971E-01  9.6852E-01  1.6434E+00  1.3397E-03 -9.5505E-02  1.3602E-01  1.1673E-01  5.6924E-01
  6.4000E+01  5.0686E+00  3.5665E+01  9.9971E-01  9.6852E-01  1.6434E+00  1.3397E-03 -9.5505E-02  1.3602E-01  1.1673E-01  5.6924E-01
  6.4000E+01  5.0686E+00  3.5665E+01  9.9971E-01  9.6852E-01  1.6434E+00  1.3397E-03 -9.5505E-02  1.3602E-01  1.1673E-01  5.6924E-01
  6.4000E+01  5.0686E+00  3.5665E+01  9.9971E-01  9.6852E-01  1.6434E+00  1.3397E-03 -9.5505E-02  1.3602E-01  1.1673E-01  5.6924E-01
  6.4000E+01  5.0686E+00  3.5665E+01  9.9971E-01  9.6852E-01  1.6434E+00  1.3397E-03 -9.5505E-02  1.3602E-01  1.1673E-01  5.6924E-01
  6.4000E+01  5.0686E+00  3.5665E+01  9.9971E-01  9.6852E-01  1.6434E+00  1.3397E-03 -9.5505E-02  1.3602E-01  1.1673E-01  5.6924E-01
  6.4000E+01  5.0686E+00  3.5665E+01  9.9971E-01  9.6852E-01  1.6434E+00  1.3397E-03 -9.5505E-02  1.3602E-01  1.1673E-01  5.6924E-01
  6.4000E+01  5.0686E+00  3.5665E+01  9.9971E-01  9.6852E-01  1.6434E+00  1.3397E-03 -9.5505E-02  1.3602E-01  1.1673E-01  5.6924E-01
  6.4000E+01  5.0686E+00  3.5665E+01  9.9971E-01  9.6852E-01  1.6434E+00  1.3397E-03 -9.5505E-02  1.3602E-01  1.1673E-01  5.6924E-01
  6.5000E+01  6.3989E+00  3.6871E+01  4.7880E-01  8.8735E-01  5.8029E-01  2.3441E-01 -6.2255E-02 -3.8490E-01  2.9202E-02 -4.7176E-01
  6.5000E+01  6.3989E+00  3.6871E+01  4.7880E-01  8.8735E-01  5.8029E-01  2.3441E-01 -6.2255E-02 -3.8490E-01  2.9202E-02 -4.7176E-01
  6.5000E+01  6.3989E+00  3.6871E+01  4.7880E-01  8.8735E-01  5.8029E-01  2.3441E-01 -6.2255E-02 -3.8490E-01  2.9202E-02 -4.7176E-01
  6.5000E+01  6.3989E+00  3.6871E+01  4.7880E-01  8.8735E-01  5.8029E-01  2.3441E-01 -6.2255E-02 -3.8490E-01  2.9202E-02 -4.7176E-01
  6.5000E+01  6.3989E+00  3.6871E+01  4.7880E-01  8.8735E-01  5.8029E-01  2.3441E-01 -6.2255E-02 -3.8490E-01  2.9202E-02 -4.7176E-01
  6.5000E+01  6.3989E+00  3.6871E+01  4.7880E-01  8.8735E-01  5.8029E-01  2.3441E-01 -6.2255E-02 -3.8490E-01  2.9202E-02 -4.7176E-01
  6.5000E+01  6.3989E+00  3.6871E+01  4.7880E-01  8.8735E-01  5.8029E-01  2.3441E-01 -6.2255E-02 -3.8490E-01  2.9202E-02 -4.7176E-01
  6.5000E+01  6.3989E+00  3.6871E+01  4.7880E-01  8.8735E-01  5.8029E-01  2.3441E-01 -6.2255E-02 -3.8490E-01  2.9202E-02 -4.7176E-01
  6.5000E+01  6.3989E+00  3.6871E+01  4.7880E-01  8.8735E-01  5.8029E-01  2.3441E-01 -6.2255E-02 -3.8490E-01  2.9202E-02 -4.7176E-01
  6.5000E+01  6.3989E+00  3.6871E+01  4.7880E-01  8.8735E-01  5.8029E-01  2.3441E-01 -6.2255E-02 -3.8490E-01  2.9202E-02 -4.7176E-01
  6.5000E+01  6.3989E+00  3.6871E+01  4.7880E-01  8.8735E-01  5.8029E-01  2.3441E-01 -6.2255E-02 -3.8490E-01  2.9202E-02 -4.7176E-01
  6.5000E+01  6.3989E+00  3.6871E+01  4.7880E-01  8.8735E-01  5.8029E-01  2.3441E-01 -6.2255E-02 -3.8490E-01  2.9202E-02 -4.7176E-01
  6.5000E+01  6.3989E+00  3.6871E+01  4.7880E-01  8.8735E-01  5.8029E-01  2.3441E-01 -6.2255E-02 -3.8490E-01  2.9202E-02 -4.7176E-01
  6.6000E+01  3.0811E+00  4.2019E+01  1.0936E+00  7.9443E-01  1.5212E+00 -4.9644E-01  6.8456E-02  2.2992E-01 -8.1413E-02  4.9193E-01
  6.6000E+01  3.0811E+00  4.2019E+01  1.0936E+00  7.9443E-01  1.5212E+00 -4.9644E-01  6.8456E-02  2.2992E-01 -8.1413E-02  4.9193E-01
  6.6000E+01  3.0811E+00  4.2019E+01  1.0936E+00  7.9443E-01  1.5212E+00 -4.9644E-01  6.8456E-02  2.2992E-01 -8.1413E-02  4.9193E-01
  6.6000E+01  3.0811E+00  4.2019E+01  1.0936E+00  7.9443E-01  1.5212E+00 -4.9644E-01  6.8456E-02  2.2992E-01 -8.1413E-02  4.9193E-01
  6.6000E+01  3.0811E+00  4.2019E+01  1.0936E+00  7.9443E-01  1.5212E+00 -4.9644E-01  6.8456E-02  2.2992E-01 -8.1413E-02  4.9193E-01
  6.6000E+01  3.0811E+00  4.2019E+01  1.0936E+00  7.9443E-01  1.5212E+00 -4.9644E-01  6.8456E-02  2.2992E-01 -8.1413E-02  4.9193E-01
  6.6000E+01  3.0811E+00  4.2019E+01  1.0936E+00  7.9443E-01  1.5212E+00 -4.9644E-01  6.8456E-02  2.2992E-01 -8.1413E-02  4.9193E-01
  6.6000E+01  3.0811E+00  4.2019E+01  1.0936E+00  7.9443E-01  1.5212E+00 -4.9644E-01  6.8456E-02  2.2992E-01 -8.1413E-02  4.9193E-01
  6.6000E+01  3.0811E+00  4.2019E+01  1.0936E+00  7.9443E-01  1.5212E+00 -4.9644E-01  6.8456E-02  2.2992E-01 -8.1413E-02  4.9193E-01
  6.6000E+01  3.0811E+00  4.2019E+01  1.0936E+00  7.9443E-01  1.5212E+00 -4.9644E-01  6.8456E-02  2.2992E-01 -8.1413E-02  4.9193E-01
  6.6000E+01  3.0811E+00  4.2019E+01  1.0936E+00  7.9443E-01  1.5212E+00 -4.9644E-01  6.8456E-02  2.2992E-01 -8.1413E-02  4.9193E-01
  6.6000E+01  3.0811E+00  4.2019E+01  1.0936E+00  7.9443E-01  1.5212E+00 -4.9644E-01  6.8456E-02  2.2992E-01 -8.1413E-02  4.9193E-01
  6.6000E+01  3.0811E+00  4.2019E+01  1.0936E+00  7.9443E-01  1.5212E+00 -4.9644E-01  6.8456E-02  2.2992E-01 -8.1413E-02  4.9193E-01
  6.7000E+01  1.0402E+01  2.7786E+01  4.1188E-01  1.0281E+00  3.9035E-01  7.2030E-01 -3.4515E-01 -4.5181E-01  1.7643E-01 -8.6824E-01
  6.7000E+01  1.0402E+01  2.7786E+01  4.1188E-01  1.0281E+00  3.9035E-01  7.2030E-01 -3.4515E-01 -4.5181E-01  1.7643E-01 -8.6824E-01
  6.7000E+01  1.0402E+01  2.7786E+01  4.1188E-01  1.0281E+00  3.9035E-01  7.2030E-01 -3.4515E-01 -4.5181E-01  1.7643E-01 -8.6824E-01
  6.7000E+01  1.0402E+01  2.7786E+01  4.1188E-01  1.0281E+00  3.9035E-01  7.2030E-01 -3.4515E-01 -4.5181E-01  1.7643E-01 -8.6824E-01
  6.7000E+01  1.0402E+01  2.7786E+01  4.1188E-01  1.0281E+00  3.9035E-01  7.2030E-01 -3.4515E-01 -4.5181E-01  1.7643E-01 -8.6824E-01
  6.7000E+01  1.0402E+01  2.7786E+01  4.1188E-01  1.0281E+00  3.9035E-01  7.2030E-01 -3.4515E-01 -4.5181E-01  1.7643E-01 -8.6824E-01
  6.7000E+01  1.0402E+01  2.7786E+01  4.1188E-01  1.0281E+00  3.9035E-01  7.2030E-01 -3.4515E-01 -4.5181E-01  1.7643E-01 -8.6824E-01
  6.7000E+01  1.0402E+01  2.7786E+01  4.1188E-01  1.0281E+00  3.9035E-01  7.2030E-01 -3.4515E-01 -4.5181E-01  1.7643E-01 -8.6824E-01
  6.7000E+01  1.0402E+01  2.7786E+01  4.1188E-01  1.0281E+00  3.9035E-01  7.2030E-01 -3.4515E-01 -4.5181E-01  1.7643E-01 -8.6824E-01
  6.7000E+01  1.0402E+01  2.7786E+01  4.1188E-01  1.0281E+00  3.9035E-01  7.2030E-01 -3.4515E-01 -4.5181E-01  1.7643E-01 -8.6824E-01
  6.7000E+01  1.0402E+01  2.7786E+01  4.1188E-01  1.0281E+00  3.9035E-01  7.2030E-01 -3.4515E-01 -4.5181E-01  1.7643E-01 -8.6824E-01
  6.7000E+01  1.0402E+01  2.7786E+01  4.1188E-01  1.0281E+00  3.9035E-01  7.2030E-01 -3.4515E-01 -4.5181E-01  1.7643E-01 -8.6824E-01
  6.7000E+01  1.0402E+01  2.7786E+01  4.1188E-01  1.0281E+00  3.9035E-01  7.2030E-01 -3.4515E-01 -4.5181E-01  1.7643E-01 -8.6824E-01
  6.8000E+01  4.9775E+00  4.6677E+01  8.4478E-01  1.0443E+00  6.5757E-01 -1.6794E-02  1.7358E-01 -1.8907E-02  1.9203E-01 -3.4674E-01
  6.8000E+01  4.9775E+00  4.6677E+01  8.4478E-01  1.0443E+00  6.5757E-01 -1.6794E-02  1.7358E-01 -1.8907E-02  1.9203E-01 -3.4674E-01
  6.8000E+01  4.9775E+00  4.6677E+01  8.4478E-01  1.0443E+00  6.5757E-01 -1.6794E-02  1.7358E-01 -1.8907E-02  1.9203E-01 -3.4674E-01
  6.8000E+01  4.9775E+00  4.6677E+01  8.4478E-01  1.0443E+00  6.5757E-01 -1.6794E-02  1.7358E-01 -1.8907E-02  1.9203E-01 -3.4674E-01
  6.8000E+01  4.9775E+00  4.6677E+01  8.4478E-01  1.0443E+00  6.5757E-01 -1.6794E-02  1.7358E-01 -1.8907E-02  1.9203E-01 -3.4674E-01
  6.8000E+01  4.9775E+00  4.6677E+01  8.4478E-01  1.0443E+00  6.5757E-01 -1.6794E-02  1.7358E-01 -1.8907E-02  1.9203E-01 -3.4674E-01
  6.8000E+01  4.9775E+00  4.6677E+01  8.4478E-01  1.0443E+00  6.5757E-01 -1.6794E-02  1.7358E-01 -1.8907E-02  1.9203E-01 -3.4674E-01
  6.8000E+01  4.9775E+00  4.6677E+01  8.4478E-01  1.0443E+00  6.5757E-01 -1.6794E-02  1.7358E-01 -1.8907E-02  1.9203E-01 -3.4674E-01
  6.8000E+01  4.9775E+00  4.6677E+01  8.4478E-01  1.0443E+00  6.5757E-01 -1.6794E-02  1.7358E-01 -1.8907E-02  1.9203E-01 -3.4674E-01
  6.8000E+01  4.9775E+00  4.6677E+01  8.4478E-01  1.0443E+00  6.5757E-01 -1.6794E-02  1.7358E-01 -1.8907E-02  1.9203E-01 -3.4674E-01
  6.8000E+01  4.9775E+00  4.6677E+01  8.4478E-01  1.0443E+00  6.5757E-01 -1.6794E-02  1.7358E-01 -1.8907E-02  1.9203E-01 -3.4674E-01
  6.8000E+01  4.9775E+00  4.6677E+01  8.4478E-01  1.0443E+00  6.5757E-01 -1.6794E-02  1.7358E-01 -1.8907E-02  1.9203E-01 -3.4674E-01
  6.8000E+01  4.9775E+00  4.6677E+01  8.4478E-01  1.0443E+00  6.5757E-01 -1.6794E-02  1.7358E-01 -1.8907E-02  1.9203E-01 -3.4674E-01
  6.9000E+01  5.8711E+00  5.0659E+01  1.2614E+00  8.5641E-01  1.3158E+00  1.4831E-01  2.5544E-01  3.9769E-01 -6.2904E-03  3.4687E-01
  6.9000E+01  5.8711E+00  5.0659E+01  1.2614E+00  8.5641E-01  1.3158E+00  1.4831E-01  2.5544E-01  3.9769E-01 -6.2904E-03  3.4687E-01
  6.9000E+01  5.8711E+00  5.0659E+01  1.2614E+00  8.5641E-01  1.3158E+00  1.4831E-01  2.5544E-01  3.9769E-01 -6.2904E-03  3.4687E-01
  6.9000E+01  5.8711E+00  5.0659E+01  1.2614E+00  8.5641E-01  1.3158E+00  1.4831E-01  2.5544E-01  3.9769E-01 -6.2904E-03  3.4687E-01
  6.9000E+01  5.8711E+00  5.0659E+01  1.2614E+00  8.5641E-01  1.3158E+00  1.4831E-01  2.5544E-01  3.9769E-01 -6.2904E-03  3.4687E-01
  6.9000E+01  5.8711E+00  5.0659E+01  1.2614E+00  8.5641E-01  1.3158E+00  1.4831E-01  2.5544E-01  3.9769E-01 -6.2904E-03  3.4687E-01
  6.9000E+01  5.8711E+00  5.0659E+01  1.2614E+00  8.5641E-01  1.3158E+00  1.4831E-01  2.5544E-01  3.9769E-01 -6.2904E-03  3.4687E-01
  6.9000E+01  5.8711E+00  5.0659E+01  1.2614E+00  8.5641E-01  1.3158E+00  1.4831E-01  2.5544E-01  3.9769E-01 -6.2904E-03  3.4687E-01
  6.9000E+01  5.8711E+00  5.0659E+01  1.2614E+00  8.5641E-01  1.3158E+00  1.4831E-01  2.5544E-01  3.9769E-01 -6.2904E-03  3.4687E-01
  6.9000E+01  5.8711E+00  5.0659E+01  1.2614E+00  8.5641E-01  1.3158E+00  1.4831E-01  2.5544E-01  3.9769E-01 -6.2904E-03  3.4687E-01
  6.9000E+01  5.8711E+00  5.0659E+01  1.2614E+00  8.5641E-01  1.3158E+00  1.4831E-01  2.5544E-01  3.9769E-01 -6.2904E-03  3.4687E-01
  6.9000E+01  5.8711E+00  5.0659E+01  1.2614E+00  8.5641E-01  1.3158E+00  1.4831E-01  2.5544E-01  3.9769E-01 -6.2904E-03  3.4687E-01
  6.9000E+01  5.8711E+00  5.0659E+01  1.2614E+00  8.5641E-01  1.3158E+00  1.4831E-01  2.5544E-01  3.9769E-01 -6.2904E-03  3.4687E-01
  7.0000E+01  5.5023E+00  4.5184E+01  1.1146E+00  1.2874E+00  7.3368E-01  8.3439E-02  1.4108E-01  2.5096E-01  4.0131E-01 -2.3722E-01
  7.0000E+01  5.5023E+00  4.5184E+01  1.1146E+00  1.2874E+00  7.3368E-01  8.3439E-02  1.4108E-01  2.5096E-01  4.0131E-01 -2.3722E-01
  7.0000E+01  5.5023E+00  4.5184E+01  1.1146E+00  1.2874E+00  7.3368E-01  8.3439E-02  1.4108E-01  2.5096E-01  4.0131E-01 -2.3722E-01
  7.0000E+01  5.5023E+00  4.5184E+01  1.1146E+00  1.2874E+00  7.3368E-01  8.3439E-02  1.4108E-01  2.5096E-01  4.0131E-01 -2.3722E-01
  7.0000E+01  5.5023E+00  4.5184E+01  1.1146E+00  1.2874E+00  7.3368E-01  8.3439E-02  1.4108E-01  2.5096E-01  4.0131E-01 -2.3722E-01
  7.0000E+01  5.5023E+00  4.5184E+01  1.1146E+00  1.2874E+00  7.3368E-01  8.3439E-02  1.4108E-01  2.5096E-01  4.0131E-01 -2.3722E-01
  7.0000E+01  5.5023E+00  4.5184E+01  1.1146E+00  1.2874E+00  7.3368E-01  8.3439E-02  1.4108E-01  2.5096E-01  4.0131E-01 -2.3722E-01
  7.0000E+01  5.5023E+00  4.5184E+01  1.1146E+00  1.2874E+00  7.3368E-01  8.3439E-02  1.4108E-01  2.5096E-01  4.0131E-01 -2.3722E-01
  7.0000E+01  5.5023E+00  4.5184E+01  1.1146E+00  1.2874E+00  7.3368E-01  8.3439E-02  1.4108E-01  2.5096E-01  4.0131E-01 -2.3722E-01
  7.0000E+01  5.5023E+00  4.5184E+01  1.1146E+00  1.2874E+00  7.3368E-01  8.3439E-02  1.4108E-01  2.5096E-01  4.0131E-01 -2.3722E-01
  7.0000E+01  5.5023E+00  4.5184E+01  1.1146E+00  1.2874E+00  7.3368E-01  8.3439E-02  1.4108E-01  2.5096E-01  4.0131E-01 -2.3722E-01
  7.0000E+01  5.5023E+00  4.5184E+01  1.1146E+00  1.2874E+00  7.3368E-01  8.3439E-02  1.4108E-01  2.5096E-01  4.0131E-01 -2.3722E-01
  7.0000E+01  5.5023E+00  4.5184E+01  1.1146E+00  1.2874E+00  7.3368E-01  8.3439E-02  1.4108E-01  2.5096E-01  4.0131E-01 -2.3722E-01
  7.1000E+01  7.8935E+00  4.0049E+01  1.1499E+00  7.5881E-01  7.2568E-01  4.4431E-01  2.0440E-02  2.8619E-01 -1.2729E-01 -2.4819E-01
  7.1000E+01  7.8935E+00  4.0049E+01  1.1499E+00  7.5881E-01  7.2568E-01  4.4431E-01  2.0440E-02  2.8619E-01 -1.2729E-01 -2.4819E-01
  7.1000E+01  7.8935E+00  4.0049E+01  1.1499E+00  7.5881E-01  7.2568E-01  4.4431E-01  2.0440E-02  2.8619E-01 -1.2729E-01 -2.4819E-01
  7.1000E+01  7.8935E+00  4.0049E+01  1.1499E+00  7.5881E-01  7.2568E-01  4.4431E-01  2.0440E-02  2.8619E-01 -1.2729E-01 -2.4819E-01
  7.1000E+01  7.8935E+00  4.0049E+01  1.1499E+00  7.5881E-01  7.2568E-01  4.4431E-01  2.0440E-02  2.8619E-01 -1.2729E-01 -2.4819E-01
  7.1000E+01  7.8935E+00  4.0049E+01  1.1499E+00  7.5881E-01  7.2568E-01  4.4431E-01  2.0440E-02  2.8619E-01 -1.2729E-01 -2.4819E-01
  7.1000E+01  7.8935E+00  4.0049E+01  1.1499E+00  7.5881E-01  7.2568E-01  4.4431E-01  2.0440E-02  2.8619E-01 -1.2729E-01 -2.4819E-01
  7.1000E+01  7.8935E+00  4.0049E+01  1.1499E+00  7.5881E-01  7.2568E-01  4.4431E-01  2.0440E-02  2.8619E-01 -1.2729E-01 -2.4819E-01
  7.1000E+01  7.8935E+00  4.0049E+01  1.1499E+00  7.5881E-01  7.2568E-01  4.4431E-01  2.0440E-02  2.8619E-01 -1.2729E-01 -2.4819E-01
  7.1000E+01  7.8935E+00  4.0049E+01  1.1499E+00  7.5881E-01  7.2568E-01  4.4431E-01  2.0440E-02  2.8619E-01 -1.2729E-01 -2.4819E-01
  7.1000E+01  7.8935E+00  4.0049E+01  1.1499E+00  7.5881E-01  7.2568E-01  4.4431E-01  2.0440E-02  2.8619E-01 -1.2729E-01 -2.4819E-01
  7.1000E+01  7.8935E+00  4.0049E+01  1.1499E+00  7.5881E-01  7.2568E-01  4.4431E-01  2.0440E-02  2.8619E-01 -1.2729E-01 -2.4819E-01
  7.1000E+01  7.8935E+00  4.0049E+01  1.1499E+00  7.5881E-01  7.2568E-01  4.4431E-01  2.0440E-02  2.8619E-01 -1.2729E-01 -2.4819E-01
  7.2000E+01  4.8892E+00  3.7270E+01  7.1879E-01  9.8314E-01  4.0357E-01 -3.4702E-02 -5.1495E-02 -1.4490E-01  1.3171E-01 -8.3495E-01
  7.2000E+01  4.8892E+00  3.7270E+01  7.1879E-01  9.8314E-01  4.0357E-01 -3.4702E-02 -5.1495E-02 -1.4490E-01  1.3171E-01 -8.3495E-01
  7.2000E+01  4.8892E+00  3.7270E+01  7.1879E-01  9.8314E-01  4.0357E-01 -3.4702E-02 -5.1495E-02 -1.4490E-01  1.3171E-01 -8.3495E-01
  7.2000E+01  4.8892E+00  3.7270E+01  7.1879E-01  9.8314E-01  4.0357E-01 -3.4702E-02 -5.1495E-02 -1.4490E-01  1.3171E-01 -8.3495E-01
  7.2000E+01  4.8892E+00  3.7270E+01  7.1879E-01  9.8314E-01  4.0357E-01 -3.4702E-02 -5.1495E-02 -1.4490E-01  1.3171E-01 -8.3495E-01
  7.2000E+01  4.8892E+00  3.7270E+01  7.1879E-01  9.8314E-01  4.0357E-01 -3.4702E-02 -5.1495E-02 -1.4490E-01  1.3171E-01 -8.3495E-01
  7.2000E+01  4.8892E+00  3.7270E+01  7.1879E-01  9.8314E-01  4.0357E-01 -3.4702E-02 -5.1495E-02 -1.4490E-01  1.3171E-01 -8.3495E-01
  7.2000E+01  4.8892E+00  3.7270E+01  7.1879E-01  9.8314E-01  4.0357E-01 -3.4702E-02 -5.1495E-02 -1.4490E-01  1.3171E-01 -8.3495E-01
  7.2000E+01  4.8892E+00  3.7270E+01  7.1879E-01  9.8314E-01  4.0357E-01 -3.4702E-02 -5.1495E-02 -1.4490E-01  1.3171E-01 -8.3495E-01
  7.2000E+01  4.8892E+00  3.7270E+01  7.1879E-01  9.8314E-01  4.0357E-01 -3.4702E-02 -5.1495E-02 -1.4490E-01  1.3171E-01 -8.3495E-01
  7.2000E+01  4.8892E+00  3.7270E+01  7.1879E-01  9.8314E-01  4.0357E-01 -3.4702E-02 -5.1495E-02 -1.4490E-01  1.3171E-01 -8.3495E-01
  7.2000E+01  4.8892E+00  3.7270E+01  7.1879E-01  9.8314E-01  4.0357E-01 -3.4702E-02 -5.1495E-02 -1.4490E-01  1.3171E-01 -8.3495E-01
  7.2000E+01  4.8892E+00  3.7270E+01  7.1879E-01  9.8314E-01  4.0357E-01 -3.4702E-02 -5.1495E-02 -1.4490E-01  1.3171E-01 -8.3495E-01
  7.3000E+01  3.9840E+00  5.5717E+01  8.2925E-01  7.9486E-01  8.2690E-01 -2.3943E-01  3.5061E-01 -3.4439E-02 -8.0876E-02 -1.1761E-01
  7.3000E+01  3.9840E+00  5.5717E+01  8.2925E-01  7.9486E-01  8.2690E-01 -2.3943E-01  3.5061E-01 -3.4439E-02 -8.0876E-02 -1.1761E-01
  7.3000E+01  3.9840E+00  5.5717E+01  8.2925E-01  7.9486E-01  8.2690E-01 -2.3943E-01  3.5061E-01 -3.4439E-02 -8.0876E-02 -1.1761E-01
  7.3000E+01  3.9840E+00  5.5717E+01  8.2925E-01  7.9486E-01  8.2690E-01 -2.3943E-01  3.5061E-01 -3.4439E-02 -8.0876E-02 -1.1761E-01
  7.3000E+01  3.9840E+00  5.5717E+01  8.2925E-01  7.9486E-01  8.2690E-01 -2.3943E-01  3.5061E-01 -3.4439E-02 -8.0876E-02 -1.1761E-01
  7.3000E+01  3.9840E+00  5.5717E+01  8.2925E-01  7.9486E-01  8.2690E-01 -2.3943E-01  3.5061E-01 -3.4439E-02 -8.0876E-02 -1.1761E-01
  7.3000E+01  3.9840E+00  5.5717E+01  8.2925E-01  7.9486E-01  8.2690E-01 -2.3943E-01  3.5061E-01 -3.4439E-02 -8.0876E-02 -1.1761E-01
  7.3000E+01  3.9840E+00  5.5717E+01  8.2925E-01  7.9486E-01  8.2690E-01 -2.3943E-01  3.5061E-01 -3.4439E-02 -8.0876E-02 -1.1761E-01
  7.3000E+01  3.9840E+00  5.5717E+01  8.2925E-01  7.9486E-01  8.2690E-01 -2.3943E-01  3.5061E-01 -3.4439E-02 -8.0876E-02 -1.1761E-01
  7.3000E+01  3.9840E+00  5.5717E+01  8.2925E-01  7.9486E-01  8.2690E-01 -2.3943E-01  3.5061E-01 -3.4439E-02 -8.0876E-02 -1.1761E-01
  7.3000E+01  3.9840E+00  5.5717E+01  8.2925E-01  7.9486E-01  8.2690E-01 -2.3943E-01  3.5061E-01 -3.4439E-02 -8.0876E-02 -1.1761E-01
  7.3000E+01  3.9840E+00  5.5717E+01  8.2925E-01  7.9486E-01  8.2690E-01 -2.3943E-01  3.5061E-01 -3.4439E-02 -8.0876E-02 -1.1761E-01
  7.3000E+01  3.9840E+00  5.5717E+01  8.2925E-01  7.9486E-01  8.2690E-01 -2.3943E-01  3.5061E-01 -3.4439E-02 -8.0876E-02 -1.1761E-01
  7.4000E+01  6.5336E+00  3.7189E+01  7.6831E-01  8.2369E-01  1.0911E+00  2.5524E-01 -5.3661E-02 -9.5378E-02 -4.5248E-02  1.5961E-01
  7.4000E+01  6.5336E+00  3.7189E+01  7.6831E-01  8.2369E-01  1.0911E+00  2.5524E-01 -5.3661E-02 -9.5378E-02 -4.5248E-02  1.5961E-01
  7.4000E+01  6.5336E+00  3.7189E+01  7.6831E-01  8.2369E-01  1.0911E+00  2.5524E-01 -5.3661E-02 -9.5378E-02 -4.5248E-02  1.5961E-01
  7.4000E+01  6.5336E+00  3.7189E+01  7.6831E-01  8.2369E-01  1.0911E+00  2.5524E-01 -5.3661E-02 -9.5378E-02 -4.5248E-02  1.5961E-01
  7.4000E+01  6.5336E+00  3.7189E+01  7.6831E-01  8.2369E-01  1.0911E+00  2.5524E-01 -5.3661E-02 -9.5378E-02 -4.5248E-02  1.5961E-01
  7.4000E+01  6.5336E+00  3.7189E+01  7.6831E-01  8.2369E-01  1.0911E+00  2.5524E-01 -5.3661E-02 -9.5378E-02 -4.5248E-02  1.5961E-01
  7.4000E+01  6.5336E+00  3.7189E+01  7.6831E-01  8.2369E-01  1.0911E+00  2.5524E-01 -5.3661E-02 -9.5378E-02 -4.5248E-02  1.5961E-01
  7.4000E+01  6.5336E+00  3.7189E+01  7.6831E-01  8.2369E-01  1.0911E+00  2.5524E-01 -5.3661E-02 -9.5378E-02 -4.5248E-02  1.5961E-01
  7.4000E+01  6.5336E+00  3.7189E+01  7.6831E-01  8.2369E-01  1.0911E+00  2.5524E-01 -5.3661E-02 -9.5378E-02 -4.5248E-02  1.5961E-01
  7.4000E+01  6.5336E+00  3.7189E+01  7.6831E-01  8.2369E-01  1.0911E+00  2.5524E-01 -5.3661E-02 -9.5378E-02 -4.5248E-02  1.5961E-01
  7.4000E+01  6.5336E+00  3.7189E+01  7.6831E-01  8.2369E-01  1.0911E+00  2.5524E-01 -5.3661E-02 -9.5378E-02 -4.5248E-02  1.5961E-01
  7.4000E+01  6.5336E+00  3.7189E+01  7.6831E-01  8.2369E-01  1.0911E+00  2.5524E-01 -5.3661E-02 -9.5378E-02 -4.5248E-02  1.5961E-01
  7.4000E+01  6.5336E+00  3.7189E+01  7.6831E-01  8.2369E-01  1.0911E+00  2.5524E-01 -5.3661E-02 -9.5378E-02 -4.5248E-02  1.5961E-01
  7.5000E+01  7.7765E+00  4.5099E+01  1.0568E+00  8.5118E-01  1.4321E+00  4.2939E-01  1.3919E-01  1.9310E-01 -1.2412E-02  4.3164E-01
  7.5000E+01  7.7765E+00  4.5099E+01  1.0568E+00  8.5118E-01  1.4321E+00  4.2939E-01  1.3919E-01  1.9310E-01 -1.2412E-02  4.3164E-01
  7.5000E+01  7.7765E+00  4.5099E+01  1.0568E+00  8.5118E-01  1.4321E+00  4.2939E-01  1.3919E-01  1.9310E-01 -1.2412E-02  4.3164E-01
  7.5000E+01  7.7765E+00  4.5099E+01  1.0568E+00  8.5118E-01  1.4321E+00  4.2939E-01  1.3919E-01  1.9310E-01 -1.2412E-02  4.3164E-01
  7.5000E+01  7.7765E+00  4.5099E+01  1.0568E+00  8.5118E-01  1.4321E+00  4.2939E-01  1.3919E-01  1.9310E-01 -1.2412E-02  4.3164E-01
  7.5000E+01  7.7765E+00  4.5099E+01  1.0568E+00  8.5118E-01  1.4321E+00  4.2939E-01  1.3919E-01  1.9310E-01 -1.2412E-02  4.3164E-01
  7.5000E+01  7.7765E+00  4.5099E+01  1.0568E+00  8.5118E-01  1.4321E+00  4.2939E-01  1.3919E-01  1.9310E-01 -1.2412E-02  4.3164E-01
  7.5000E+01  7.7765E+00  4.5099E+01  1.0568E+00  8.5118E-01  1.4321E+00  4.2939E-01  1.3919E-01  1.9310E-01 -1.2412E-02  4.3164E-01
  7.5000E+01  7.7765E+00  4.5099E+01  1.0568E+00  8.5118E-01  1.4321E+00  4.2939E-01  1.3919E-01  1.9310E-01 -1.2412E-02  4.3164E-01
  7.5000E+01  7.7765E+00  4.5099E+01  1.0568E+00  8.5118E-01  1.4321E+00  4.2939E-01  1.3919E-01  1.9310E-01 -1.2412E-02  4.3164E-01
  7.5000E+01  7.7765E+00  4.5099E+01  1.0568E+00  8.5118E-01  1.4321E+00  4.2939E-01  1.3919E-01  1.9310E-01 -1.2412E-02  4.3164E-01
  7.5000E+01  7.7765E+00  4.5099E+01  1.0568E+00  8.5118E-01  1.4321E+00  4.2939E-01  1.3919E-01  1.9310E-01 -1.2412E-02  4.3164E-01
  7.5000E+01  7.7765E+00  4.5099E+01  1.0568E+00  8.5118E-01  1.4321E+00  4.2939E-01  1.3919E-01  1.9310E-01 -1.2412E-02  4.3164E-01
  7.6000E+01  4.8325E+00  3.8328E+01  1.0030E+00  9.4589E-01  9.4596E-01 -4.6368E-02 -2.3503E-02  1.3929E-01  9.3088E-02  1.6900E-02
  7.6000E+01  4.8325E+00  3.8328E+01  1.0030E+00  9.4589E-01  9.4596E-01 -4.6368E-02 -2.3503E-02  1.3929E-01  9.3088E-02  1.6900E-02
  7.6000E+01  4.8325E+00  3.8328E+01  1.0030E+00  9.4589E-01  9.4596E-01 -4.6368E-02 -2.3503E-02  1.3929E-01  9.3088E-02  1.6900E-02
  7.6000E+01  4.8325E+00  3.8328E+01  1.0030E+00  9.4589E-01  9.4596E-01 -4.6368E-02 -2.3503E-02  1.3929E-01  9.3088E-02  1.6900E-02
  7.6000E+01  4.8325E+00  3.8328E+01  1.0030E+00  9.4589E-01  9.4596E-01 -4.6368E-02 -2.3503E-02  1.3929E-01  9.3088E-02  1.6900E-02
  7.6000E+01  4.8325E+00  3.8328E+01  1.0030E+00  9.4589E-01  9.4596E-01 -4.6368E-02 -2.3503E-02  1.3929E-01  9.3088E-02  1.6900E-02
  7.6000E+01  4.8325E+00  3.8328E+01  1.0030E+00  9.4589E-01  9.4596E-01 -4.6368E-02 -2.3503E-02  1.3929E-01  9.3088E-02  1.6900E-02
  7.6000E+01  4.8325E+00  3.8328E+01  1.0030E+00  9.4589E-01  9.4596E-01 -4.6368E-02 -2.3503E-02  1.3929E-01  9.3088E-02  1.6900E-02
  7.6000E+01  4.8325E+00  3.8328E+01  1.0030E+00  9.4589E-01  9.4596E-01 -4.6368E-02 -2.3503E-02  1.3929E-01  9.3088E-02  1.6900E-02
  7.6000E+01  4.8325E+00  3.8328E+01  1.0030E+00  9.4589E-01  9.4596E-01 -4.6368E-02 -2.3503E-02  1.3929E-01  9.3088E-02  1.6900E-02
  7.6000E+01  4.8325E+00  3.8328E+01  1.0030E+00  9.4589E-01  9.4596E-01 -4.6368E-02 -2.3503E-02  1.3929E-01  9.3088E-02  1.6900E-02
  7.6000E+01  4.8325E+00  3.8328E+01  1.0030E+00  9.4589E-01  9.4596E-01 -4.6368E-02 -2.3503E-02  1.3929E-01  9.3088E-02  1.6900E-02
  7.6000E+01  4.8325E+00  3.8328E+01  1.0030E+00  9.4589E-01  9.4596E-01 -4.6368E-02 -2.3503E-02  1.3929E-01  9.3088E-02  1.6900E-02
  7.7000E+01  5.8910E+00  3.5060E+01  8.6245E-01  9.2184E-01  1.8150E+00  1.5169E-01 -1.1261E-01 -1.2386E-03  6.7335E-02  6.6857E-01
  7.7000E+01  5.8910E+00  3.5060E+01  8.6245E-01  9.2184E-01  1.8150E+00  1.5169E-01 -1.1261E-01 -1.2386E-03  6.7335E-02  6.6857E-01
  7.7000E+01  5.8910E+00  3.5060E+01  8.6245E-01  9.2184E-01  1.8150E+00  1.5169E-01 -1.1261E-01 -1.2386E-03  6.7335E-02  6.6857E-01
  7.7000E+01  5.8910E+00  3.5060E+01  8.6245E-01  9.2184E-01  1.8150E+00  1.5169E-01 -1.1261E-01 -1.2386E-03  6.7335E-02  6.6857E-01
  7.7000E+01  5.8910E+00  3.5060E+01  8.6245E-01  9.2184E-01  1.8150E+00  1.5169E-01 -1.1261E-01 -1.2386E-03  6.7335E-02  6.6857E-01
  7.7000E+01  5.8910E+00  3.5060E+01  8.6245E-01  9.2184E-01  1.8150E+00  1.5169E-01 -1.1261E-01 -1.2386E-03  6.7335E-02  6.6857E-01
  7.7000E+01  5.8910E+00  3.5060E+01  8.6245E-01  9.2184E-01  1.8150E+00  1.5169E-01 -1.1261E-01 -1.2386E-03  6.7335E-02  6.6857E-01
  7.7000E+01  5.8910E+00  3.5060E+01  8.6245E-01  9.2184E-01  1.8150E+00  1.5169E-01 -1.1261E-01 -1.2386E-03  6.7335E-02  6.6857E-01
  7.7000E+01  5.8910E+00  3.5060E+01  8.6245E-01  9.2184E-01  1.8150E+00  1.5169E-01 -1.1261E-01 -1.2386E-03  6.7335E-02  6.6857E-01
  7.7000E+01  5.8910E+00  3.5060E+01  8.6245E-01  9.2184E-01  1.8150E+00  1.5169E-01 -1.1261E-01 -1.2386E-03  6.7335E-02  6.6857E-01
  7.7000E+01  5.8910E+00  3.5060E+01  8.6245E-01  9.2184E-01  1.8150E+00  1.5169E-01 -1.1261E-01 -1.2386E-03  6.7335E-02  6.6857E-01
  7.7000E+01  5.8910E+00  3.5060E+01  8.6245E-01  9.2184E-01  1.8150E+00  1.5169E-01 -1.1261E-01 -1.2386E-03  6.7335E-02  6.6857E-01
  7.7000E+01  5.8910E+00  3.5060E+01  8.6245E-01  9.2184E-01  1.8150E+00  1.5169E-01 -1.1261E-01 -1.2386E-03  6.7335E-02  6.6857E-01
  7.8000E+01  3.9122E+00  4.3147E+01  1.2588E-01  9.5530E-01  5.2268E-01 -2.5762E-01  9.4950E-02 -7.3781E-01  1.0298E-01 -5.7632E-01
  7.8000E+01  3.9122E+00  4.3147E+01  1.2588E-01  9.5530E-01  5.2268E-01 -2.5762E-01  9.4950E-02 -7.3781E-01  1.0298E-01 -5.7632E-01
  7.8000E+01  3.9122E+00  4.3147E+01  1.2588E-01  9.5530E-01  5.2268E-01 -2.5762E-01  9.4950E-02 -7.3781E-01  1.0298E-01 -5.7632E-01
  7.8000E+01  3.9122E+00  4.3147E+01  1.2588E-01  9.5530E-01  5.2268E-01 -2.5762E-01  9.4950E-02 -7.3781E-01  1.0298E-01 -5.7632E-01
  7.8000E+01  3.9122E+00  4.3147E+01  1.2588E-01  9.5530E-01  5.2268E-01 -2.5762E-01  9.4950E-02 -7.3781E-01  1.0298E-01 -5.7632E-01
  7.8000E+01  3.9122E+00  4.3147E+01  1.2588E-01  9.5530E-01  5.2268E-01 -2.5762E-01  9.4950E-02 -7.3781E-01  1.0298E-01 -5.7632E-01
  7.8000E+01  3.9122E+00  4.3147E+01  1.2588E-01  9.5530E-01  5.2268E-01 -2.5762E-01  9.4950E-02 -7.3781E-01  1.0298E-01 -5.7632E-01
  7.8000E+01  3.9122E+00  4.3147E+01  1.2588E-01  9.5530E-01  5.2268E-01 -2.5762E-01  9.4950E-02 -7.3781E-01  1.0298E-01 -5.7632E-01
  7.8000E+01  3.9122E+00  4.3147E+01  1.2588E-01  9.5530E-01  5.2268E-01 -2.5762E-01  9.4950E-02 -7.3781E-01  1.0298E-01 -5.7632E-01
  7.8000E+01  3.9122E+00  4.3147E+01  1.2588E-01  9.5530E-01  5.2268E-01 -2.5762E-01  9.4950E-02 -7.3781E-01  1.0298E-01 -5.7632E-01
  7.8000E+01  3.9122E+00  4.3147E+01  1.2588E-01  9.5530E-01  5.2268E-01 -2.5762E-01  9.4950E-02 -7.3781E-01  1.0298E-01 -5.7632E-01
  7.8000E+01  3.9122E+00  4.3147E+01  1.2588E-01  9.5530E-01  5.2268E-01 -2.5762E-01  9.4950E-02 -7.3781E-01  1.0298E-01 -5.7632E-01
  7.8000E+01  3.9122E+00  4.3147E+01  1.2588E-01  9.5530E-01  5.2268E-01 -2.5762E-01  9.4950E-02 -7.3781E-01  1.0298E-01 -5.7632E-01
  7.9000E+01  5.1609E+00  3.3596E+01  6.6806E-01  1.7968E+00  5.9914E-01  1.9389E-02 -1.5526E-01 -1.9563E-01  7.3474E-01 -4.3979E-01
  7.9000E+01  5.1609E+00  3.3596E+01  6.6806E-01  1.7968E+00  5.9914E-01  1.9389E-02 -1.5526E-01 -1.9563E-01  7.3474E-01 -4.3979E-01
  7.9000E+01  5.1609E+00  3.3596E+01  6.6806E-01  1.7968E+00  5.9914E-01  1.9389E-02 -1.5526E-01 -1.9563E-01  7.3474E-01 -4.3979E-01
  7.9000E+01  5.1609E+00  3.3596E+01  6.6806E-01  1.7968E+00  5.9914E-01  1.9389E-02 -1.5526E-01 -1.9563E-01  7.3474E-01 -4.3979E-01
  7.9000E+01  5.1609E+00  3.3596E+01  6.6806E-01  1.7968E+00  5.9914E-01  1.9389E-02 -1.5526E-01 -1.9563E-01  7.3474E-01 -4.3979E-01
  7.9000E+01  5.1609E+00  3.3596E+01  6.6806E-01  1.7968E+00  5.9914E-01  1.9389E-02 -1.5526E-01 -1.9563E-01  7.3474E-01 -4.3979E-01
  7.9000E+01  5.1609E+00  3.3596E+01  6.6806E-01  1.7968E+00  5.9914E-01  1.9389E-02 -1.5526E-01 -1.9563E-01  7.3474E-01 -4.3979E-01
  7.9000E+01  5.1609E+00  3.3596E+01  6.6806E-01  1.7968E+00  5.9914E-01  1.9389E-02 -1.5526E-01 -1.9563E-01  7.3474E-01 -4.3979E-01
  7.9000E+01  5.1609E+00  3.3596E+01  6.6806E-01  1.7968E+00  5.9914E-01  1.9389E-02 -1.5526E-01 -1.9563E-01  7.3474E-01 -4.3979E-01
  7.9000E+01  5.1609E+00  3.3596E+01  6.6806E-01  1.7968E+00  5.9914E-01  1.9389E-02 -1.5526E-01 -1.9563E-01  7.3474E-01 -4.3979E-01
  7.9000E+01  5.1609E+00  3.3596E+01  6.6806E-01  1.7968E+00  5.9914E-01  1.9389E-02 -1.5526E-01 -1.9563E-01  7.3474E-01 -4.3979E-01
  7.9000E+01  5.1609E+00  3.3596E+01  6.6806E-01  1.7968E+00  5.9914E-01  1.9389E-02 -1.5526E-01 -1.9563E-01  7.3474E-01 -4.3979E-01
  7.9000E+01  5.1609E+00  3.3596E+01  6.6806E-01  1.7968E+00  5.9914E-01  1.9389E-02 -1.5526E-01 -1.9563E-01  7.3474E-01 -4.3979E-01
  8.0000E+01  3.5168E+00  3.2176E+01  1.2555E+00  8.2280E-01  1.7491E+00 -3.6418E-01 -1.9846E-01  3.9179E-01 -4.6325E-02  6.3156E-01
  8.0000E+01  3.5168E+00  3.2176E+01  1.2555E+00  8.2280E-01  1.7491E+00 -3.6418E-01 -1.9846E-01  3.9179E-01 -4.6325E-02  6.3156E-01
  8.0000E+01  3.5168E+00  3.2176E+01  1.2555E+00  8.2280E-01  1.7491E+00 -3.6418E-01 -1.9846E-01  3.9179E-01 -4.6325E-02  6.3156E-01
  8.0000E+01  3.5168E+00  3.2176E+01  1.2555E+00  8.2280E-01  1.7491E+00 -3.6418E-01 -1.9846E-01  3.9179E-01 -4.6325E-02  6.3156E-01
  8.0000E+01  3.5168E+00  3.2176E+01  1.2555E+00  8.2280E-01  1.7491E+00 -3.6418E-01 -1.9846E-01  3.9179E-01 -4.6325E-02  6.3156E-01
  8.0000E+01  3.5168E+00  3.2176E+01  1.2555E+00  8.2280E-01  1.7491E+00 -3.6418E-01 -1.9846E-01  3.9179E-01 -4.6325E-02  6.3156E-01
  8.0000E+01  3.5168E+00  3.2176E+01  1.2555E+00  8.2280E-01  1.7491E+00 -3.6418E-01 -1.9846E-01  3.9179E-01 -4.6325E-02  6.3156E-01
  8.0000E+01  3.5168E+00  3.2176E+01  1.2555E+00  8.2280E-01  1.7491E+00 -3.6418E-01 -1.9846E-01  3.9179E-01 -4.6325E-02  6.3156E-01
  8.0000E+01  3.5168E+00  3.2176E+01  1.2555E+00  8.2280E-01  1.7491E+00 -3.6418E-01 -1.9846E-01  3.9179E-01 -4.6325E-02  6.3156E-01
  8.0000E+01  3.5168E+00  3.2176E+01  1.2555E+00  8.2280E-01  1.7491E+00 -3.6418E-01 -1.9846E-01  3.9179E-01 -4.6325E-02  6.3156E-01
  8.0000E+01  3.5168E+00  3.2176E+01  1.2555E+00  8.2280E-01  1.7491E+00 -3.6418E-01 -1.9846E-01  3.9179E-01 -4.6325E-02  6.3156E-01
  8.0000E+01  3.5168E+00  3.2176E+01  1.2555E+00  8.2280E-01  1.7491E+00 -3.6418E-01 -1.9846E-01  3.9179E-01 -4.6325E-02  6.3156E-01
  8.0000E+01  3.5168E+00  3.2176E+01  1.2555E+00  8.2280E-01  1.7491E+00 -3.6418E-01 -1.9846E-01  3.9179E-01 -4.6325E-02  6.3156E-01
  8.1000E+01  7.2531E+00  3.8440E+01  5.5282E-01  9.1867E-01  4.1049E-01  3.5971E-01 -2.0577E-02 -3.1087E-01  6.3883E-02 -8.1794E-01
  8.1000E+01  7.2531E+00  3.8440E+01  5.5282E-01  9.1867E-01  4.1049E-01  3.5971E-01 -2.0577E-02 -3.1087E-01  6.3883E-02 -8.1794E-01
  8.1000E+01  7.2531E+00  3.8440E+01  5.5282E-01  9.1867E-01  4.1049E-01  3.5971E-01 -2.0577E-02 -3.1087E-01  6.3883E-02 -8.1794E-01
  8.1000E+01  7.2531E+00  3.8440E+01  5.5282E-01  9.1867E-01  4.1049E-01  3.5971E-01 -2.0577E-02 -3.1087E-01  6.3883E-02 -8.1794E-01
  8.1000E+01  7.2531E+00  3.8440E+01  5.5282E-01  9.1867E-01  4.1049E-01  3.5971E-01 -2.0577E-02 -3.1087E-01  6.3883E-02 -8.1794E-01
  8.1000E+01  7.2531E+00  3.8440E+01  5.5282E-01  9.1867E-01  4.1049E-01  3.5971E-01 -2.0577E-02 -3.1087E-01  6.3883E-02 -8.1794E-01
  8.1000E+01  7.2531E+00  3.8440E+01  5.5282E-01  9.1867E-01  4.1049E-01  3.5971E-01 -2.0577E-02 -3.1087E-01  6.3883E-02 -8.1794E-01
  8.1000E+01  7.2531E+00  3.8440E+01  5.5282E-01  9.1867E-01  4.1049E-01  3.5971E-01 -2.0577E-02 -3.1087E-01  6.3883E-02 -8.1794E-01
  8.1000E+01  7.2531E+00  3.8440E+01  5.5282E-01  9.1867E-01  4.1049E-01  3.5971E-01 -2.0577E-02 -3.1087E-01  6.3883E-02 -8.1794E-01
  8.1000E+01  7.2531E+00  3.8440E+01  5.5282E-01  9.1867E-01  4.1049E-01  3.5971E-01 -2.0577E-02 -3.1087E-01  6.3883E-02 -8.1794E-01
  8.1000E+01  7.2531E+00  3.8440E+01  5.5282E-01  9.1867E-01  4.1049E-01  3.5971E-01 -2.0577E-02 -3.1087E-01  6.3883E-02 -8.1794E-01
  8.1000E+01  7.2531E+00  3.8440E+01  5.5282E-01  9.1867E-01  4.1049E-01  3.5971E-01 -2.0577E-02 -3.1087E-01  6.3883E-02 -8.1794E-01
  8.1000E+01  7.2531E+00  3.8440E+01  5.5282E-01  9.1867E-01  4.1049E-01  3.5971E-01 -2.0577E-02 -3.1087E-01  6.3883E-02 -8.1794E-01
  8.2000E+01  4.6140E+00  4.7813E+01  1.1753E+00  7.4847E-01  1.2467E+00 -9.2626E-02  1.9763E-01  3.1158E-01 -1.4101E-01  2.9298E-01
  8.2000E+01  4.6140E+00  4.7813E+01  1.1753E+00  7.4847E-01  1.2467E+00 -9.2626E-02  1.9763E-01  3.1158E-01 -1.4101E-01  2.9298E-01
  8.2000E+01  4.6140E+00  4.7813E+01  1.1753E+00  7.4847E-01  1.2467E+00 -9.2626E-02  1.9763E-01  3.1158E-01 -1.4101E-01  2.9298E-01
  8.2000E+01  4.6140E+00  4.7813E+01  1.1753E+00  7.4847E-01  1.2467E+00 -9.2626E-02  1.9763E-01  3.1158E-01 -1.4101E-01  2.9298E-01
  8.2000E+01  4.6140E+00  4.7813E+01  1.1753E+00  7.4847E-01  1.2467E+00 -9.2626E-02  1.9763E-01  3.1158E-01 -1.4101E-01  2.9298E-01
  8.2000E+01  4.6140E+00  4.7813E+01  1.1753E+00  7.4847E-01  1.2467E+00 -9.2626E-02  1.9763E-01  3.1158E-01 -1.4101E-01  2.9298E-01
  8.2000E+01  4.6140E+00  4.7813E+01  1.1753E+00  7.4847E-01  1.2467E+00 -9.2626E-02  1.9763E-01  3.1158E-01 -1.4101E-01  2.9298E-01
  8.2000E+01  4.6140E+00  4.7813E+01  1.1753E+00  7.4847E-01  1.2467E+00 -9.2626E-02  1.9763E-01  3.1158E-01 -1.4101E-01  2.9298E-01
  8.2000E+01  4.6140E+00  4.7813E+01  1.1753E+00  7.4847E-01  1.2467E+00 -9.2626E-02  1.9763E-01  3.1158E-01 -1.4101E-01  2.9298E-01
  8.2000E+01  4.6140E+00  4.7813E+01  1.1753E+00  7.4847E-01  1.2467E+00 -9.2626E-02  1.9763E-01  3.1158E-01 -1.4101E-01  2.9298E-01
  8.2000E+01  4.6140E+00  4.7813E+01  1.1753E+00  7.4847E-01  1.2467E+00 -9.2626E-02  1.9763E-01  3.1158E-01 -1.4101E-01  2.9298E-01
  8.2000E+01  4.6140E+00  4.7813E+01  1.1753E+00  7.4847E-01  1.2467E+00 -9.2626E-02  1.9763E-01  3.1158E-01 -1.4101E-01  2.9298E-01
  8.2000E+01  4.6140E+00  4.7813E+01  1.1753E+00  7.4847E-01  1.2467E+00 -9.2626E-02  1.9763E-01  3.1158E-01 -1.4101E-01  2.9298E-01
  8.3000E+01  3.6919E+00  3.7208E+01  5.2570E-01  1.0349E+00  7.3101E-01 -3.1559E-01 -5.3160E-02 -3.3799E-01  1.8306E-01 -2.4086E-01
  8.3000E+01  3.6919E+00  3.7208E+01  5.2570E-01  1.0349E+00  7.3101E-01 -3.1559E-01 -5.3160E-02 -3.3799E-01  1.8306E-01 -2.4086E-01
  8.3000E+01  3.6919E+00  3.7208E+01  5.2570E-01  1.0349E+00  7.3101E-01 -3.1559E-01 -5.3160E-02 -3.3799E-01  1.8306E-01 -2.4086E-01
  8.3000E+01  3.6919E+00  3.7208E+01  5.2570E-01  1.0349E+00  7.3101E-01 -3.1559E-01 -5.3160E-02 -3.3799E-01  1.8306E-01 -2.4086E-01
  8.3000E+01  3.6919E+00  3.7208E+01  5.2570E-01  1.0349E+00  7.3101E-01 -3.1559E-01 -5.3160E-02 -3.3799E-01  1.8306E-01 -2.4086E-01
  8.3000E+01  3.6919E+00  3.7208E+01  5.2570E-01  1.0349E+00  7.3101E-01 -3.1559E-01 -5.3160E-02 -3.3799E-01  1.8306E-01 -2.4086E-01
  8.3000E+01  3.6919E+00  3.7208E+01  5.2570E-01  1.0349E+00  7.3101E-01 -3.1559E-01 -5.3160E-02 -3.3799E-01  1.8306E-01 -2.4086E-01
  8.3000E+01  3.6919E+00  3.7208E+01  5.2570E-01  1.0349E+00  7.3101E-01 -3.1559E-01 -5.3160E-02 -3.3799E-01  1.8306E-01 -2.4086E-01
  8.3000E+01  3.6919E+00  3.7208E+01  5.2570E-01  1.0349E+00  7.3101E-01 -3.1559E-01 -5.3160E-02 -3.3799E-01  1.8306E-01 -2.4086E-01
  8.3000E+01  3.6919E+00  3.7208E+01  5.2570E-01  1.0349E+00  7.3101E-01 -3.1559E-01 -5.3160E-02 -3.3799E-01  1.8306E-01 -2.4086E-01
  8.3000E+01  3.6919E+00  3.7208E+01  5.2570E-01  1.0349E+00  7.3101E-01 -3.1559E-01 -5.3160E-02 -3.3799E-01  1.8306E-01 -2.4086E-01
  8.3000E+01  3.6919E+00  3.7208E+01  5.2570E-01  1.0349E+00  7.3101E-01 -3.1559E-01 -5.3160E-02 -3.3799E-01  1.8306E-01 -2.4086E-01
  8.3000E+01  3.6919E+00  3.7208E+01  5.2570E-01  1.0349E+00  7.3101E-01 -3.1559E-01 -5.3160E-02 -3.3799E-01  1.8306E-01 -2.4086E-01
  8.4000E+01  9.9300E+00  5.0527E+01  9.3122E-01  6.7632E-01  1.1731E+00  6.7384E-01  2.5283E-01  6.7534E-02 -2.4237E-01  2.3212E-01
  8.4000E+01  9.9300E+00  5.0527E+01  9.3122E-01  6.7632E-01  1.1731E+00  6.7384E-01  2.5283E-01  6.7534E-02 -2.4237E-01  2.3212E-01
  8.4000E+01  9.9300E+00  5.0527E+01  9.3122E-01  6.7632E-01  1.1731E+00  6.7384E-01  2.5283E-01  6.7534E-02 -2.4237E-01  2.3212E-01
  8.4000E+01  9.9300E+00  5.0527E+01  9.3122E-01  6.7632E-01  1.1731E+00  6.7384E-01  2.5283E-01  6.7534E-02 -2.4237E-01  2.3212E-01
  8.4000E+01  9.9300E+00  5.0527E+01  9.3122E-01  6.7632E-01  1.1731E+00  6.7384E-01  2.5283E-01  6.7534E-02 -2.4237E-01  2.3212E-01
  8.4000E+01  9.9300E+00  5.0527E+01  9.3122E-01  6.7632E-01  1.1731E+00  6.7384E-01  2.5283E-01  6.7534E-02 -2.4237E-01  2.3212E-01
  8.4000E+01  9.9300E+00  5.0527E+01  9.3122E-01  6.7632E-01  1.1731E+00  6.7384E-01  2.5283E-01  6.7534E-02 -2.4237E-01  2.3212E-01
  8.4000E+01  9.9300E+00  5.0527E+01  9.3122E-01  6.7632E-01  1.1731E+00  6.7384E-01  2.5283E-01  6.7534E-02 -2.4237E-01  2.3212E-01
  8.4000E+01  9.9300E+00  5.0527E+01  9.3122E-01  6.7632E-01  1.1731E+00  6.7384E-01  2.5283E-01  6.7534E-02 -2.4237E-01  2.3212E-01
  8.4000E+01  9.9300E+00  5.0527E+01  9.3122E-01  6.7632E-01  1.1731E+00  6.7384E-01  2.5283E-01  6.7534E-02 -2.4237E-01  2.3212E-01
  8.4000E+01  9.9300E+00  5.0527E+01  9.3122E-01  6.7632E-01  1.1731E+00  6.7384E-01  2.5283E-01  6.7534E-02 -2.4237E-01  2.3212E-01
  8.4000E+01  9.9300E+00  5.0527E+01  9.3122E-01  6.7632E-01  1.1731E+00  6.7384E-01  2.5283E-01  6.7534E-02 -2.4237E-01  2.3212E-01
  8.4000E+01  9.9300E+00  5.0527E+01  9.3122E-01  6.7632E-01  1.1731E+00  6.7384E-01  2.5283E-01  6.7534E-02 -2.4237E-01  2.3212E-01
  8.5000E+01  5.0310E+00  4.1551E+01  7.8233E-01  7.4467E-01  8.1683E-01 -6.1125E-03  5.7244E-02 -8.1358E-02 -1.4610E-01 -1.2987E-01
  8.5000E+01  5.0310E+00  4.1551E+01  7.8233E-01  7.4467E-01  8.1683E-01 -6.1125E-03  5.7244E-02 -8.1358E-02 -1.4610E-01 -1.2987E-01
  8.5000E+01  5.0310E+00  4.1551E+01  7.8233E-01  7.4467E-01  8.1683E-01 -6.1125E-03  5.7244E-02 -8.1358E-02 -1.4610E-01 -1.2987E-01
  8.5000E+01  5.0310E+00  4.1551E+01  7.8233E-01  7.4467E-01  8.1683E-01 -6.1125E-03  5.7244E-02 -8.1358E-02 -1.4610E-01 -1.2987E-01
  8.5000E+01  5.0310E+00  4.1551E+01  7.8233E-01  7.4467E-01  8.1683E-01 -6.1125E-03  5.7244E-02 -8.1358E-02 -1.4610E-01 -1.2987E-01
  8.5000E+01  5.0310E+00  4.1551E+01  7.8233E-01  7.4467E-01  8.1683E-01 -6.1125E-03  5.7244E-02 -8.1358E-02 -1.4610E-01 -1.2987E-01
  8.5000E+01  5.0310E+00  4.1551E+01  7.8233E-01  7.4467E-01  8.1683E-01 -6.1125E-03  5.7244E-02 -8.1358E-02 -1.4610E-01 -1.2987E-01
  8.5000E+01  5.0310E+00  4.1551E+01  7.8233E-01  7.4467E-01  8.1683E-01 -6.1125E-03  5.7244E-02 -8.1358E-02 -1.4610E-01 -1.2987E-01
  8.5000E+01  5.0310E+00  4.1551E+01  7.8233E-01  7.4467E-01  8.1683E-01 -6.1125E-03  5.7244E-02 -8.1358E-02 -1.4610E-01 -1.2987E-01
  8.5000E+01  5.0310E+00  4.1551E+01  7.8233E-01  7.4467E-01  8.1683E-01 -6.1125E-03  5.7244E-02 -8.1358E-02 -1.4610E-01 -1.2987E-01
  8.5000E+01  5.0310E+00  4.1551E+01  7.8233E-01  7.4467E-01  8.1683E-01 -6.1125E-03  5.7244E-02 -8.1358E-02 -1.4610E-01 -1.2987E-01
  8.5000E+01  5.0310E+00  4.1551E+01  7.8233E-01  7.4467E-01  8.1683E-01 -6.1125E-03  5.7244E-02 -8.1358E-02 -1.4610E-01 -1.2987E-01
  8.5000E+01  5.0310E+00  4.1551E+01  7.8233E-01  7.4467E-01  8.1683E-01 -6.1125E-03  5.7244E-02 -8.1358E-02 -1.4610E-01 -1.2987E-01
  8.6000E+01  8.1239E+00  3.2811E+01  5.5760E-01  9.0077E-01  1.3349E+00  4.7309E-01 -1.7891E-01 -3.0609E-01  4.4211E-02  3.6135E-01
  8.6000E+01  8.1239E+00  3.2811E+01  5.5760E-01  9.0077E-01  1.3349E+00  4.7309E-01 -1.7891E-01 -3.0609E-01  4.4211E-02  3.6135E-01
  8.6000E+01  8.1239E+00  3.2811E+01  5.5760E-01  9.0077E-01  1.3349E+00  4.7309E-01 -1.7891E-01 -3.0609E-01  4.4211E-02  3.6135E-01
  8.6000E+01  8.1239E+00  3.2811E+01  5.5760E-01  9.0077E-01  1.3349E+00  4.7309E-01 -1.7891E-01 -3.0609E-01  4.4211E-02  3.6135E-01
  8.6000E+01  8.1239E+00  3.2811E+01  5.5760E-01  9.0077E-01  1.3349E+00  4.7309E-01 -1.7891E-01 -3.0609E-01  4.4211E-02  3.6135E-01
  8.6000E+01  8.1239E+00  3.2811E+01  5.5760E-01  9.0077E-01  1.3349E+00  4.7309E-01 -1.7891E-01 -3.0609E-01  4.4211E-02  3.6135E-01
  8.6000E+01  8.1239E+00  3.2811E+01  5.5760E-01  9.0077E-01  1.3349E+00  4.7309E-01 -1.7891E-01 -3.0609E-01  4.4211E-02  3.6135E-01
  8.6000E+01  8.1239E+00  3.2811E+01  5.5760E-01  9.0077E-01  1.3349E+00  4.7309E-01 -1.7891E-01 -3.0609E-01  4.4211E-02  3.6135E-01
  8.6000E+01  8.1239E+00  3.2811E+01  5.5760E-01  9.0077E-01  1.3349E+00  4.7309E-01 -1.7891E-01 -3.0609E-01  4.4211E-02  3.6135E-01
  8.6000E+01  8.1239E+00  3.2811E+01  5.5760E-01  9.0077E-01  1.3349E+00  4.7309E-01 -1.7891E-01 -3.0609E-01  4.4211E-02  3.6135E-01
  8.6000E+01  8.1239E+00  3.2811E+01  5.5760E-01  9.0077E-01  1.3349E+00  4.7309E-01 -1.7891E-01 -3.0609E-01  4.4211E-02  3.6135E-01
  8.6000E+01  8.1239E+00  3.2811E+01  5.5760E-01  9.0077E-01  1.3349E+00  4.7309E-01 -1.7891E-01 -3.0609E-01  4.4211E-02  3.6135E-01
  8.6000E+01  8.1239E+00  3.2811E+01  5.5760E-01  9.0077E-01  1.3349E+00  4.7309E-01 -1.7891E-01 -3.0609E-01  4.4211E-02  3.6135E-01
  8.7000E+01  2.8691E+00  3.4860E+01  8.4118E-01  9.9864E-01  1.3446E+00 -5.6771E-01 -1.1832E-01 -2.2512E-02  1.4736E-01  3.6858E-01
  8.7000E+01  2.8691E+00  3.4860E+01  8.4118E-01  9.9864E-01  1.3446E+00 -5.6771E-01 -1.1832E-01 -2.2512E-02  1.4736E-01  3.6858E-01
  8.7000E+01  2.8691E+00  3.4860E+01  8.4118E-01  9.9864E-01  1.3446E+00 -5.6771E-01 -1.1832E-01 -2.2512E-02  1.4736E-01  3.6858E-01
  8.7000E+01  2.8691E+00  3.4860E+01  8.4118E-01  9.9864E-01  1.3446E+00 -5.6771E-01 -1.1832E-01 -2.2512E-02  1.4736E-01  3.6858E-01
  8.7000E+01  2.8691E+00  3.4860E+01  8.4118E-01  9.9864E-01  1.3446E+00 -5.6771E-01 -1.1832E-01 -2.2512E-02  1.4736E-01  3.6858E-01
  8.7000E+01  2.8691E+00  3.4860E+01  8.4118E-01  9.9864E-01  1.3446E+00 -5.6771E-01 -1.1832E-01 -2.2512E-02  1.4736E-01  3.6858E-01
  8.7000E+01  2.8691E+00  3.4860E+01  8.4118E-01  9.9864E-01  1.3446E+00 -5.6771E-01 -1.1832E-01 -2.2512E-02  1.4736E-01  3.6858E-01
  8.7000E+01  2.8691E+00  3.4860E+01  8.4118E-01  9.9864E-01  1.3446E+00 -5.6771E-01 -1.1832E-01 -2.2512E-02  1.4736E-01  3.6858E-01
  8.7000E+01  2.8691E+00  3.4860E+01  8.4118E-01  9.9864E-01  1.3446E+00 -5.6771E-01 -1.1832E-01 -2.2512E-02  1.4736E-01  3.6858E-01
  8.7000E+01  2.8691E+00  3.4860E+01  8.4118E-01  9.9864E-01  1.3446E+00 -5.6771E-01 -1.1832E-01 -2.2512E-02  1.4736E-01  3.6858E-01
  8.7000E+01  2.8691E+00  3.4860E+01  8.4118E-01  9.9864E-01  1.3446E+00 -5.6771E-01 -1.1832E-01 -2.2512E-02  1.4736E-01  3.6858E-01
  8.7000E+01  2.8691E+00  3.4860E+01  8.4118E-01  9.9864E-01  1.3446E+00 -5.6771E-01 -1.1832E-01 -2.2512E-02  1.4736E-01  3.6858E-01
  8.7000E+01  2.8691E+00  3.4860E+01  8.4118E-01  9.9864E-01  1.3446E+00 -5.6771E-01 -1.1832E-01 -2.2512E-02  1.4736E-01  3.6858E-01
  8.8000E+01  1.0565E+01  4.2531E+01  6.3876E-01  1.1855E+00  1.9191E+00  7.3585E-01  8.0564E-02 -2.2493E-01  3.1892E-01  7.2430E-01
  8.8000E+01  1.0565E+01  4.2531E+01  6.3876E-01  1.1855E+00  1.9191E+00  7.3585E-01  8.0564E-02 -2.2493E-01  3.1892E-01  7.2430E-01
  8.8000E+01  1.0565E+01  4.2531E+01  6.3876E-01  1.1855E+00  1.9191E+00  7.3585E-01  8.0564E-02 -2.2493E-01  3.1892E-01  7.2430E-01
  8.8000E+01  1.0565E+01  4.2531E+01  6.3876E-01  1.1855E+00  1.9191E+00  7.3585E-01  8.0564E-02 -2.2493E-01  3.1892E-01  7.2430E-01
  8.8000E+01  1.0565E+01  4.2531E+01  6.3876E-01  1.1855E+00  1.9191E+00  7.3585E-01  8.0564E-02 -2.2493E-01  3.1892E-01  7.2430E-01
  8.8000E+01  1.0565E+01  4.2531E+01  6.3876E-01  1.1855E+00  1.9191E+00  7.3585E-01  8.0564E-02 -2.2493E-01  3.1892E-01  7.2430E-01
  8.8000E+01  1.0565E+01  4.2531E+01  6.3876E-01  1.1855E+00  1.9191E+00  7.3585E-01  8.0564E-02 -2.2493E-01  3.1892E-01  7.2430E-01
  8.8000E+01  1.0565E+01  4.2531E+01  6.3876E-01  1.1855E+00  1.9191E+00  7.3585E-01  8.0564E-02 -2.2493E-01  3.1892E-01  7.2430E-01
  8.8000E+01  1.0565E+01  4.2531E+01  6.3876E-01  1.1855E+00  1.9191E+00  7.3585E-01  8.0564E-02 -2.2493E-01  3.1892E-01  7.2430E-01
  8.8000E+01  1.0565E+01  4.2531E+01  6.3876E-01  1.1855E+00  1.9191E+00  7.3585E-01  8.0564E-02 -2.2493E-01  3.1892E-01  7.2430E-01
  8.8000E+01  1.0565E+01  4.2531E+01  6.3876E-01  1.1855E+00  1.9191E+00  7.3585E-01  8.0564E-02 -2.2493E-01  3.1892E-01  7.2430E-01
  8.8000E+01  1.0565E+01  4.2531E+01  6.3876E-01  1.1855E+00  1.9191E+00  7.3585E-01  8.0564E-02 -2.2493E-01  3.1892E-01  7.2430E-01
  8.8000E+01  1.0565E+01  4.2531E+01  6.3876E-01  1.1855E+00  1.9191E+00  7.3585E-01  8.0564E-02 -2.2493E-01  3.1892E-01  7.2430E-01
  8.9000E+01  5.7492E+00  4.9205E+01  6.9431E-01  6.7426E-01  1.0058E+00  1.2734E-01  2.2631E-01 -1.6938E-01 -2.4542E-01  7.8233E-02
  8.9000E+01  5.7492E+00  4.9205E+01  6.9431E-01  6.7426E-01  1.0058E+00  1.2734E-01  2.2631E-01 -1.6938E-01 -2.4542E-01  7.8233E-02
  8.9000E+01  5.7492E+00  4.9205E+01  6.9431E-01  6.7426E-01  1.0058E+00  1.2734E-01  2.2631E-01 -1.6938E-01 -2.4542E-01  7.8233E-02
  8.9000E+01  5.7492E+00  4.9205E+01  6.9431E-01  6.7426E-01  1.0058E+00  1.2734E-01  2.2631E-01 -1.6938E-01 -2.4542E-01  7.8233E-02
  8.9000E+01  5.7492E+00  4.9205E+01  6.9431E-01  6.7426E-01  1.0058E+00  1.2734E-01  2.2631E-01 -1.6938E-01 -2.4542E-01  7.8233E-02
  8.9000E+01  5.7492E+00  4.9205E+01  6.9431E-01  6.7426E-01  1.0058E+00  1.2734E-01  2.2631E-01 -1.6938E-01 -2.4542E-01  7.8233E-02
  8.9000E+01  5.7492E+00  4.9205E+01  6.9431E-01  6.7426E-01  1.0058E+00  1.2734E-01  2.2631E-01 -1.6938E-01 -2.4542E-01  7.8233E-02
  8.9000E+01  5.7492E+00  4.9205E+01  6.9431E-01  6.7426E-01  1.0058E+00  1.2734E-01  2.2631E-01 -1.6938E-01 -2.4542E-01  7.8233E-02
  8.9000E+01  5.7492E+00  4.9205E+01  6.9431E-01  6.7426E-01  1.0058E+00  1.2734E-01  2.2631E-01 -1.6938E-01 -2.4542E-01  7.8233E-02
  8.9000E+01  5.7492E+00  4.9205E+01  6.9431E-01  6.7426E-01  1.0058E+00  1.2734E-01  2.2631E-01 -1.6938E-01 -2.4542E-01  7.8233E-02
  8.9000E+01  5.7492E+00  4.9205E+01  6.9431E-01  6.7426E-01  1.0058E+00  1.2734E-01  2.2631E-01 -1.6938E-01 -2.4542E-01  7.8233E-02
  8.9000E+01  5.7492E+00  4.9205E+01  6.9431E-01  6.7426E-01  1.0058E+00  1.2734E-01  2.2631E-01 -1.6938E-01 -2.4542E-01  7.8233E-02
  8.9000E+01  5.7492E+00  4.9205E+01  6.9431E-01  6.7426E-01  1.0058E+00  1.2734E-01  2.2631E-01 -1.6938E-01 -2.4542E-01  7.8233E-02
  9.0000E+01  7.2972E+00  4.0403E+01  9.0436E-01  8.5673E-01  1.0293E+00  3.6577E-01  2.9220E-02  4.0673E-02 -5.9183E-03  1.0135E-01
  9.0000E+01  7.2972E+00  4.0403E+01  9.0436E-01  8.5673E-01  1.0293E+00  3.6577E-01  2.9220E-02  4.0673E-02 -5.9183E-03  1.0135E-01
  9.0000E+01  7.2972E+00  4.0403E+01  9.0436E-01  8.5673E-01  1.0293E+00  3.6577E-01  2.9220E-02  4.0673E-02 -5.9183E-03  1.0135E-01
  9.0000E+01  7.2972E+00  4.0403E+01  9.0436E-01  8.5673E-01  1.0293E+00  3.6577E-01  2.9220E-02  4.0673E-02 -5.9183E-03  1.0135E-01
  9.0000E+01  7.2972E+00  4.0403E+01  9.0436E-01  8.5673E-01  1.0293E+00  3.6577E-01  2.9220E-02  4.0673E-02 -5.9183E-03  1.0135E-01
  9.0000E+01  7.2972E+00  4.0403E+01  9.0436E-01  8.5673E-01  1.0293E+00  3.6577E-01  2.9220E-02  4.0673E-02 -5.9183E-03  1.0135E-01
  9.0000E+01  7.2972E+00  4.0403E+01  9.0436E-01  8.5673E-01  1.0293E+00  3.6577E-01  2.9220E-02  4.0673E-02 -5.9183E-03  1.0135E-01
  9.0000E+01  7.2972E+00  4.0403E+01  9.0436E-01  8.5673E-01  1.0293E+00  3.6577E-01  2.9220E-02  4.0673E-02 -5.9183E-03  1.0135E-01
  9.0000E+01  7.2972E+00  4.0403E+01  9.0436E-01  8.5673E-01  1.0293E+00  3.6577E-01  2.9220E-02  4.0673E-02 -5.9183E-03  1.0135E-01
  9.0000E+01  7.2972E+00  4.0403E+01  9.0436E-01  8.5673E-01  1.0293E+00  3.6577E-01  2.9220E-02  4.0673E-02 -5.9183E-03  1.0135E-01
  9.0000E+01  7.2972E+00  4.0403E+01  9.0436E-01  8.5673E-01  1.0293E+00  3.6577E-01  2.9220E-02  4.0673E-02 -5.9183E-03  1.0135E-01
  9.0000E+01  7.2972E+00  4.0403E+01  9.0436E-01  8.5673E-01  1.0293E+00  3.6577E-01  2.9220E-02  4.0673E-02 -5.9183E-03  1.0135E-01
  9.0000E+01  7.2972E+00  4.0403E+01  9.0436E-01  8.5673E-01  1.0293E+00  3.6577E-01  2.9220E-02  4.0673E-02 -5.9183E-03  1.0135E-01
  9.1000E+01  4.6821E+00  3.0994E+01  9.8381E-01  5.5399E-01  8.1332E-01 -7.7974E-02 -2.3588E-01  1.2012E-01 -4.4189E-01 -1.3417E-01
  9.1000E+01  4.6821E+00  3.0994E+01  9.8381E-01  5.5399E-01  8.1332E-01 -7.7974E-02 -2.3588E-01  1.2012E-01 -4.4189E-01 -1.3417E-01
  9.1000E+01  4.6821E+00  3.0994E+01  9.8381E-01  5.5399E-01  8.1332E-01 -7.7974E-02 -2.3588E-01  1.2012E-01 -4.4189E-01 -1.3417E-01
  9.1000E+01  4.6821E+00  3.0994E+01  9.8381E-01  5.5399E-01  8.1332E-01 -7.7974E-02 -2.3588E-01  1.2012E-01 -4.4189E-01 -1.3417E-01
  9.1000E+01  4.6821E+00  3.0994E+01  9.8381E-01  5.5399E-01  8.1332E-01 -7.7974E-02 -2.3588E-01  1.2012E-01 -4.4189E-01 -1.3417E-01
  9.1000E+01  4.6821E+00  3.0994E+01  9.8381E-01  5.5399E-01  8.1332E-01 -7.7974E-02 -2.3588E-01  1.2012E-01 -4.4189E-01 -1.3417E-01
  9.1000E+01  4.6821E+00  3.0994E+01  9.8381E-01  5.5399E-01  8.1332E-01 -7.7974E-02 -2.3588E-01  1.2012E-01 -4.4189E-01 -1.3417E-01
  9.1000E+01  4.6821E+00  3.0994E+01  9.8381E-01  5.5399E-01  8.1332E-01 -7.7974E-02 -2.3588E-01  1.2012E-01 -4.4189E-01 -1.3417E-01
  9.1000E+01  4.6821E+00  3.0994E+01  9.8381E-01  5.5399E-01  8.1332E-01 -7.7974E-02 -2.3588E-01  1.2012E-01 -4.4189E-01 -1.3417E-01
  9.1000E+01  4.6821E+00  3.0994E+01  9.8381E-01  5.5399E-01  8.1332E-01 -7.7974E-02 -2.3588E-01  1.2012E-01 -4.4189E-01 -1.3417E-01
  9.1000E+01  4.6821E+00  3.0994E+01  9.8381E-01  5.5399E-01  8.1332E-01 -7.7974E-02 -2.3588E-01  1.2012E-01 -4.4189E-01 -1.3417E-01
  9.1000E+01  4.6821E+00  3.0994E+01  9.8381E-01  5.5399E-01  8.1332E-01 -7.7974E-02 -2.3588E-01  1.2012E-01 -4.4189E-01 -1.3417E-01
  9.1000E+01  4.6821E+00  3.0994E+01  9.8381E-01  5.5399E-01  8.1332E-01 -7.7974E-02 -2.3588E-01  1.2012E-01 -4.4189E-01 -1.3417E-01
  9.2000E+01  3.4627E+00  3.9456E+01  5.0744E-01  9.0686E-01  5.1560E-01 -3.7967E-01  5.5247E-03 -3.5626E-01  5.0953E-02 -5.8996E-01
  9.2000E+01  3.4627E+00  3.9456E+01  5.0744E-01  9.0686E-01  5.1560E-01 -3.7967E-01  5.5247E-03 -3.5626E-01  5.0953E-02 -5.8996E-01
  9.2000E+01  3.4627E+00  3.9456E+01  5.0744E-01  9.0686E-01  5.1560E-01 -3.7967E-01  5.5247E-03 -3.5626E-01  5.0953E-02 -5.8996E-01
  9.2000E+01  3.4627E+00  3.9456E+01  5.0744E-01  9.0686E-01  5.1560E-01 -3.7967E-01  5.5247E-03 -3.5626E-01  5.0953E-02 -5.8996E-01
  9.2000E+01  3.4627E+00  3.9456E+01  5.0744E-01  9.0686E-01  5.1560E-01 -3.7967E-01  5.5247E-03 -3.5626E-01  5.0953E-02 -5.8996E-01
  9.2000E+01  3.4627E+00  3.9456E+01  5.0744E-01  9.0686E-01  5.1560E-01 -3.7967E-01  5.5247E-03 -3.5626E-01  5.0953E-02 -5.8996E-01
  9.2000E+01  3.4627E+00  3.9456E+01  5.0744E-01  9.0686E-01  5.1560E-01 -3.7967E-01  5.5247E-03 -3.5626E-01  5.0953E-02 -5.8996E-01
  9.2000E+01  3.4627E+00  3.9456E+01  5.0744E-01  9.0686E-01  5.1560E-01 -3.7967E-01  5.5247E-03 -3.5626E-01  5.0953E-02 -5.8996E-01
  9.2000E+01  3.4627E+00  3.9456E+01  5.0744E-01  9.0686E-01  5.1560E-01 -3.7967E-01  5.5247E-03 -3.5626E-01  5.0953E-02 -5.8996E-01
  9.2000E+01  3.4627E+00  3.9456E+01  5.0744E-01  9.0686E-01  5.1560E-01 -3.7967E-01  5.5247E-03 -3.5626E-01  5.0953E-02 -5.8996E-01
  9.2000E+01  3.4627E+00  3.9456E+01  5.0744E-01  9.0686E-01  5.1560E-01 -3.7967E-01  5.5247E-03 -3.5626E-01  5.0953E-02 -5.8996E-01
  9.2000E+01  3.4627E+00  3.9456E+01  5.0744E-01  9.0686E-01  5.1560E-01 -3.7967E-01  5.5247E-03 -3.5626E-01  5.0953E-02 -5.8996E-01
  9.2000E+01  3.4627E+00  3.9456E+01  5.0744E-01  9.0686E-01  5.1560E-01 -3.7967E-01  5.5247E-03 -3.5626E-01  5.0953E-02 -5.8996E-01
  9.3000E+01  6.9415E+00  4.0110E+01  9.6012E-01  7.9591E-01  1.0890E+00  3.1579E-01  2.1945E-02  9.6432E-02 -7.9554E-02  1.5770E-01
  9.3000E+01  6.9415E+00  4.0110E+01  9.6012E-01  7.9591E-01  1.0890E+00  3.1579E-01  2.1945E-02  9.6432E-02 -7.9554E-02  1.5770E-01
  9.3000E+01  6.9415E+00  4.0110E+01  9.6012E-01  7.9591E-01  1.0890E+00  3.1579E-01  2.1945E-02  9.6432E-02 -7.9554E-02  1.5770E-01
  9.3000E+01  6.9415E+00  4.0110E+01  9.6012E-01  7.9591E-01  1.0890E+00  3.1579E-01  2.1945E-02  9.6432E-02 -7.9554E-02  1.5770E-01
  9.3000E+01  6.9415E+00  4.0110E+01  9.6012E-01  7.9591E-01  1.0890E+00  3.1579E-01  2.1945E-02  9.6432E-02 -7.9554E-02  1.5770E-01
  9.3000E+01  6.9415E+00  4.0110E+01  9.6012E-01  7.9591E-01  1.0890E+00  3.1579E-01  2.1945E-02  9.6432E-02 -7.9554E-02  1.5770E-01
  9.3000E+01  6.9415E+00  4.0110E+01  9.6012E-01  7.9591E-01  1.0890E+00  3.1579E-01  2.1945E-02  9.6432E-02 -7.9554E-02  1.5770E-01
  9.3000E+01  6.9415E+00  4.0110E+01  9.6012E-01  7.9591E-01  1.0890E+00  3.1579E-01  2.1945E-02  9.6432E-02 -7.9554E-02  1.5770E-01
  9.3000E+01  6.9415E+00  4.0110E+01  9.6012E-01  7.9591E-01  1.0890E+00  3.1579E-01  2.1945E-02  9.6432E-02 -7.9554E-02  1.5770E-01
  9.3000E+01  6.9415E+00  4.0110E+01  9.6012E-01  7.9591E-01  1.0890E+00  3.1579E-01  2.1945E-02  9.6432E-02 -7.9554E-02  1.5770E-01
  9.3000E+01  6.9415E+00  4.0110E+01  9.6012E-01  7.9591E-01  1.0890E+00  3.1579E-01  2.1945E-02  9.6432E-02 -7.9554E-02  1.5770E-01
  9.3000E+01  6.9415E+00  4.0110E+01  9.6012E-01  7.9591E-01  1.0890E+00  3.1579E-01  2.1945E-02  9.6432E-02 -7.9554E-02  1.5770E-01
  9.3000E+01  6.9415E+00  4.0110E+01  9.6012E-01  7.9591E-01  1.0890E+00  3.1579E-01  2.1945E-02  9.6432E-02 -7.9554E-02  1.5770E-01
  9.4000E+01  4.5749E+00  5.0594E+01  7.0809E-01  1.0062E+00  6.9578E-01 -1.0115E-01  2.5416E-01 -1.5560E-01  1.5491E-01 -2.9026E-01
  9.4000E+01  4.5749E+00  5.0594E+01  7.0809E-01  1.0062E+00  6.9578E-01 -1.0115E-01  2.5416E-01 -1.5560E-01  1.5491E-01 -2.9026E-01
  9.4000E+01  4.5749E+00  5.0594E+01  7.0809E-01  1.0062E+00  6.9578E-01 -1.0115E-01  2.5416E-01 -1.5560E-01  1.5491E-01 -2.9026E-01
  9.4000E+01  4.5749E+00  5.0594E+01  7.0809E-01  1.0062E+00  6.9578E-01 -1.0115E-01  2.5416E-01 -1.5560E-01  1.5491E-01 -2.9026E-01
  9.4000E+01  4.5749E+00  5.0594E+01  7.0809E-01  1.0062E+00  6.9578E-01 -1.0115E-01  2.5416E-01 -1.5560E-01  1.5491E-01 -2.9026E-01
  9.4000E+01  4.5749E+00  5.0594E+01  7.0809E-01  1.0062E+00  6.9578E-01 -1.0115E-01  2.5416E-01 -1.5560E-01  1.5491E-01 -2.9026E-01
  9.4000E+01  4.5749E+00  5.0594E+01  7.0809E-01  1.0062E+00  6.9578E-01 -1.0115E-01  2.5416E-01 -1.5560E-01  1.5491E-01 -2.9026E-01
  9.4000E+01  4.5749E+00  5.0594E+01  7.0809E-01  1.0062E+00  6.9578E-01 -1.0115E-01  2.5416E-01 -1.5560E-01  1.5491E-01 -2.9026E-01
  9.4000E+01  4.5749E+00  5.0594E+01  7.0809E-01  1.0062E+00  6.9578E-01 -1.0115E-01  2.5416E-01 -1.5560E-01  1.5491E-01 -2.9026E-01
  9.4000E+01  4.5749E+00  5.0594E+01  7.0809E-01  1.0062E+00  6.9578E-01 -1.0115E-01  2.5416E-01 -1.5560E-01  1.5491E-01 -2.9026E-01
  9.4000E+01  4.5749E+00  5.0594E+01  7.0809E-01  1.0062E+00  6.9578E-01 -1.0115E-01  2.5416E-01 -1.5560E-01  1.5491E-01 -2.9026E-01
  9.4000E+01  4.5749E+00  5.0594E+01  7.0809E-01  1.0062E+00  6.9578E-01 -1.0115E-01  2.5416E-01 -1.5560E-01  1.5491E-01 -2.9026E-01
  9.4000E+01  4.5749E+00  5.0594E+01  7.0809E-01  1.0062E+00  6.9578E-01 -1.0115E-01  2.5416E-01 -1.5560E-01  1.5491E-01 -2.9026E-01
  9.5000E+01  6.8190E+00  4.1725E+01  1.0254E+00  7.7239E-01  1.4949E+00  2.9798E-01  6.1422E-02  1.6167E-01 -1.0956E-01  4.7449E-01
  9.5000E+01  6.8190E+00  4.1725E+01  1.0254E+00  7.7239E-01  1.4949E+00  2.9798E-01  6.1422E-02  1.6167E-01 -1.0956E-01  4.7449E-01
  9.5000E+01  6.8190E+00  4.1725E+01  1.0254E+00  7.7239E-01  1.4949E+00  2.9798E-01  6.1422E-02  1.6167E-01 -1.0956E-01  4.7449E-01
  9.5000E+01  6.8190E+00  4.1725E+01  1.0254E+00  7.7239E-01  1.4949E+00  2.9798E-01  6.1422E-02  1.6167E-01 -1.0956E-01  4.7449E-01
  9.5000E+01  6.8190E+00  4.1725E+01  1.0254E+00  7.7239E-01  1.4949E+00  2.9798E-01  6.1422E-02  1.6167E-01 -1.0956E-01  4.7449E-01
  9.5000E+01  6.8190E+00  4.1725E+01  1.0254E+00  7.7239E-01  1.4949E+00  2.9798E-01  6.1422E-02  1.6167E-01 -1.0956E-01  4.7449E-01
  9.5000E+01  6.8190E+00  4.1725E+01  1.0254E+00  7.7239E-01  1.4949E+00  2.9798E-01  6.1422E-02  1.6167E-01 -1.0956E-01  4.7449E-01
  9.5000E+01  6.8190E+00  4.1725E+01  1.0254E+00  7.7239E-01  1.4949E+00  2.9798E-01  6.1422E-02  1.6167E-01 -1.0956E-01  4.7449E-01
  9.5000E+01  6.8190E+00  4.1725E+01  1.0254E+00  7.7239E-01  1.4949E+00  2.9798E-01  6.1422E-02  1.6167E-01 -1.0956E-01  4.7449E-01
  9.5000E+01  6.8190E+00  4.1725E+01  1.0254E+00  7.7239E-01  1.4949E+00  2.9798E-01  6.1422E-02  1.6167E-01 -1.0956E-01  4.7449E-01
  9.5000E+01  6.8190E+00  4.1725E+01  1.0254E+00  7.7239E-01  1.4949E+00  2.9798E-01  6.1422E-02  1.6167E-01 -1.0956E-01  4.7449E-01
  9.5000E+01  6.8190E+00  4.1725E+01  1.0254E+00  7.7239E-01  1.4949E+00  2.9798E-01  6.1422E-02  1.6167E-01 -1.0956E-01  4.7449E-01
  9.5000E+01  6.8190E+00  4.1725E+01  1.0254E+00  7.7239E-01  1.4949E+00  2.9798E-01  6.1422E-02  1.6167E-01 -1.0956E-01  4.7449E-01
  9.6000E+01  5.2307E+00  4.4923E+01  7.7708E-01  8.0142E-01  8.6981E-01  3.2819E-02  1.3527E-01 -8.6616E-02 -7.2653E-02 -6.7025E-02
  9.6000E+01  5.2307E+00  4.4923E+01  7.7708E-01  8.0142E-01  8.6981E-01  3.2819E-02  1.3527E-01 -8.6616E-02 -7.2653E-02 -6.7025E-02
  9.6000E+01  5.2307E+00  4.4923E+01  7.7708E-01  8.0142E-01  8.6981E-01  3.2819E-02  1.3527E-01 -8.6616E-02 -7.2653E-02 -6.7025E-02
  9.6000E+01  5.2307E+00  4.4923E+01  7.7708E-01  8.0142E-01  8.6981E-01  3.2819E-02  1.3527E-01 -8.6616E-02 -7.2653E-02 -6.7025E-02
  9.6000E+01  5.2307E+00  4.4923E+01  7.7708E-01  8.0142E-01  8.6981E-01  3.2819E-02  1.3527E-01 -8.6616E-02 -7.2653E-02 -6.7025E-02
  9.6000E+01  5.2307E+00  4.4923E+01  7.7708E-01  8.0142E-01  8.6981E-01  3.2819E-02  1.3527E-01 -8.6616E-02 -7.2653E-02 -6.7025E-02
  9.6000E+01  5.2307E+00  4.4923E+01  7.7708E-01  8.0142E-01  8.6981E-01  3.2819E-02  1.3527E-01 -8.6616E-02 -7.2653E-02 -6.7025E-02
  9.6000E+01  5.2307E+00  4.4923E+01  7.7708E-01  8.0142E-01  8.6981E-01  3.2819E-02  1.3527E-01 -8.6616E-02 -7.2653E-02 -6.7025E-02
  9.6000E+01  5.2307E+00  4.4923E+01  7.7708E-01  8.0142E-01  8.6981E-01  3.2819E-02  1.3527E-01 -8.6616E-02 -7.2653E-02 -6.7025E-02
  9.6000E+01  5.2307E+00  4.4923E+01  7.7708E-01  8.0142E-01  8.6981E-01  3.2819E-02  1.3527E-01 -8.6616E-02 -7.2653E-02 -6.7025E-02
  9.6000E+01  5.2307E+00  4.4923E+01  7.7708E-01  8.0142E-01  8.6981E-01  3.2819E-02  1.3527E-01 -8.6616E-02 -7.2653E-02 -6.7025E-02
  9.6000E+01  5.2307E+00  4.4923E+01  7.7708E-01  8.0142E-01  8.6981E-01  3.2819E-02  1.3527E-01 -8.6616E-02 -7.2653E-02 -6.7025E-02
  9.6000E+01  5.2307E+00  4.4923E+01  7.7708E-01  8.0142E-01  8.6981E-01  3.2819E-02  1.3527E-01 -8.6616E-02 -7.2653E-02 -6.7025E-02
  9.7000E+01  4.8876E+00  4.1923E+01  9.1552E-01  8.9938E-01  1.8190E+00 -3.5031E-02  6.6172E-02  5.1825E-02  4.2665E-02  6.7077E-01
  9.7000E+01  4.8876E+00  4.1923E+01  9.1552E-01  8.9938E-01  1.8190E+00 -3.5031E-02  6.6172E-02  5.1825E-02  4.2665E-02  6.7077E-01
  9.7000E+01  4.8876E+00  4.1923E+01  9.1552E-01  8.9938E-01  1.8190E+00 -3.5031E-02  6.6172E-02  5.1825E-02  4.2665E-02  6.7077E-01
  9.7000E+01  4.8876E+00  4.1923E+01  9.1552E-01  8.9938E-01  1.8190E+00 -3.5031E-02  6.6172E-02  5.1825E-02  4.2665E-02  6.7077E-01
  9.7000E+01  4.8876E+00  4.1923E+01  9.1552E-01  8.9938E-01  1.8190E+00 -3.5031E-02  6.6172E-02  5.1825E-02  4.2665E-02  6.7077E-01
  9.7000E+01  4.8876E+00  4.1923E+01  9.1552E-01  8.9938E-01  1.8190E+00 -3.5031E-02  6.6172E-02  5.1825E-02  4.2665E-02  6.7077E-01
  9.7000E+01  4.8876E+00  4.1923E+01  9.1552E-01  8.9938E-01  1.8190E+00 -3.5031E-02  6.6172E-02  5.1825E-02  4.2665E-02  6.7077E-01
  9.7000E+01  4.8876E+00  4.1923E+01  9.1552E-01  8.9938E-01  1.8190E+00 -3.5031E-02  6.6172E-02  5.1825E-02  4.2665E-02  6.7077E-01
  9.7000E+01  4.8876E+00  4.1923E+01  9.1552E-01  8.9938E-01  1.8190E+00 -3.5031E-02  6.6172E-02  5.1825E-02  4.2665E-02  6.7077E-01
  9.7000E+01  4.8876E+00  4.1923E+01  9.1552E-01  8.9938E-01  1.8190E+00 -3.5031E-02  6.6172E-02  5.1825E-02  4.2665E-02  6.7077E-01
  9.7000E+01  4.8876E+00  4.1923E+01  9.1552E-01  8.9938E-01  1.8190E+00 -3.5031E-02  6.6172E-02  5.1825E-02  4.2665E-02  6.7077E-01
  9.7000E+01  4.8876E+00  4.1923E+01  9.1552E-01  8.9938E-01  1.8190E+00 -3.5031E-02  6.6172E-02  5.1825E-02  4.2665E-02  6.7077E-01
  9.7000E+01  4.8876E+00  4.1923E+01  9.1552E-01  8.9938E-01  1.8190E+00 -3.5031E-02  6.6172E-02  5.1825E-02  4.2665E-02  6.7077E-01
  9.8000E+01  6.4755E+00  3.0929E+01  9.7651E-01  8.2402E-01  1.1431E+00  2.4630E-01 -2.3799E-01  1.1282E-01 -4.4844E-02  2.0622E-01
  9.8000E+01  6.4755E+00  3.0929E+01  9.7651E-01  8.2402E-01  1.1431E+00  2.4630E-01 -2.3799E-01  1.1282E-01 -4.4844E-02  2.0622E-01
  9.8000E+01  6.4755E+00  3.0929E+01  9.7651E-01  8.2402E-01  1.1431E+00  2.4630E-01 -2.3799E-01  1.1282E-01 -4.4844E-02  2.0622E-01
  9.8000E+01  6.4755E+00  3.0929E+01  9.7651E-01  8.2402E-01  1.1431E+00  2.4630E-01 -2.3799E-01  1.1282E-01 -4.4844E-02  2.0622E-01
  9.8000E+01  6.4755E+00  3.0929E+01  9.7651E-01  8.2402E-01  1.1431E+00  2.4630E-01 -2.3799E-01  1.1282E-01 -4.4844E-02  2.0622E-01
  9.8000E+01  6.4755E+00  3.0929E+01  9.7651E-01  8.2402E-01  1.1431E+00  2.4630E-01 -2.3799E-01  1.1282E-01 -4.4844E-02  2.0622E-01
  9.8000E+01  6.4755E+00  3.0929E+01  9.7651E-01  8.2402E-01  1.1431E+00  2.4630E-01 -2.3799E-01  1.1282E-01 -4.4844E-02  2.0622E-01
  9.8000E+01  6.4755E+00  3.0929E+01  9.7651E-01  8.2402E-01  1.1431E+00  2.4630E-01 -2.3799E-01  1.1282E-01 -4.4844E-02  2.0622E-01
  9.8000E+01  6.4755E+00  3.0929E+01  9.7651E-01  8.2402E-01  1.1431E+00  2.4630E-01 -2.3799E-01  1.1282E-01 -4.4844E-02  2.0622E-01
  9.8000E+01  6.4755E+00  3.0929E+01  9.7651E-01  8.2402E-01  1.1431E+00  2.4630E-01 -2.3799E-01  1.1282E-01 -4.4844E-02  2.0622E-01
  9.8000E+01  6.4755E+00  3.0929E+01  9.7651E-01  8.2402E-01  1.1431E+00  2.4630E-01 -2.3799E-01  1.1282E-01 -4.4844E-02  2.0622E-01
  9.8000E+01  6.4755E+00  3.0929E+01  9.7651E-01  8.2402E-01  1.1431E+00  2.4630E-01 -2.3799E-01  1.1282E-01 -4.4844E-02  2.0622E-01
  9.8000E+01  6.4755E+00  3.0929E+01  9.7651E-01  8.2402E-01  1.1431E+00  2.4630E-01 -2.3799E-01  1.1282E-01 -4.4844E-02  2.0622E-01
  9.9000E+01  7.7060E+00  3.6623E+01  1.1634E+00  8.1210E-01  1.0190E+00  4.2028E-01 -6.9005E-02  2.9973E-01 -5.9417E-02  9.1281E-02
  9.9000E+01  7.7060E+00  3.6623E+01  1.1634E+00  8.1210E-01  1.0190E+00  4.2028E-01 -6.9005E-02  2.9973E-01 -5.9417E-02  9.1281E-02
  9.9000E+01  7.7060E+00  3.6623E+01  1.1634E+00  8.1210E-01  1.0190E+00  4.2028E-01 -6.9005E-02  2.9973E-01 -5.9417E-02  9.1281E-02
  9.9000E+01  7.7060E+00  3.6623E+01  1.1634E+00  8.1210E-01  1.0190E+00  4.2028E-01 -6.9005E-02  2.9973E-01 -5.9417E-02  9.1281E-02
  9.9000E+01  7.7060E+00  3.6623E+01  1.1634E+00  8.1210E-01  1.0190E+00  4.2028E-01 -6.9005E-02  2.9973E-01 -5.9417E-02  9.1281E-02
  9.9000E+01  7.7060E+00  3.6623E+01  1.1634E+00  8.1210E-01  1.0190E+00  4.2028E-01 -6.9005E-02  2.9973E-01 -5.9417E-02  9.1281E-02
  9.9000E+01  7.7060E+00  3.6623E+01  1.1634E+00  8.1210E-01  1.0190E+00  4.2028E-01 -6.9005E-02  2.9973E-01 -5.9417E-02  9.1281E-02
  9.9000E+01  7.7060E+00  3.6623E+01  1.1634E+00  8.1210E-01  1.0190E+00  4.2028E-01 -6.9005E-02  2.9973E-01 -5.9417E-02  9.1281E-02
  9.9000E+01  7.7060E+00  3.6623E+01  1.1634E+00  8.1210E-01  1.0190E+00  4.2028E-01 -6.9005E-02  2.9973E-01 -5.9417E-02  9.1281E-02
  9.9000E+01  7.7060E+00  3.6623E+01  1.1634E+00  8.1210E-01  1.0190E+00  4.2028E-01 -6.9005E-02  2.9973E-01 -5.9417E-02  9.1281E-02
  9.9000E+01  7.7060E+00  3.6623E+01  1.1634E+00  8.1210E-01  1.0190E+00  4.2028E-01 -6.9005E-02  2.9973E-01 -5.9417E-02  9.1281E-02
  9.9000E+01  7.7060E+00  3.6623E+01  1.1634E+00  8.1210E-01  1.0190E+00  4.2028E-01 -6.9005E-02  2.9973E-01 -5.9417E-02  9.1281E-02
  9.9000E+01  7.7060E+00  3.6623E+01  1.1634E+00  8.1210E-01  1.0190E+00  4.2028E-01 -6.9005E-02  2.9973E-01 -5.9417E-02  9.1281E-02
  1.0000E+02  5.0426E+00  4.3305E+01  9.8965E-01  1.0672E+00  1.2532E+00 -3.7938E-03  9.8586E-02  1.2595E-01  2.1376E-01  2.9815E-01
  1.0000E+02  5.0426E+00  4.3305E+01  9.8965E-01  1.0672E+00  1.2532E+00 -3.7938E-03  9.8586E-02  1.2595E-01  2.1376E-01  2.9815E-01
  1.0000E+02  5.0426E+00  4.3305E+01  9.8965E-01  1.0672E+00  1.2532E+00 -3.7938E-03  9.8586E-02  1.2595E-01  2.1376E-01  2.9815E-01
  1.0000E+02  5.0426E+00  4.3305E+01  9.8965E-01  1.0672E+00  1.2532E+00 -3.7938E-03  9.8586E-02  1.2595E-01  2.1376E-01  2.9815E-01
  1.0000E+02  5.0426E+00  4.3305E+01  9.8965E-01  1.0672E+00  1.2532E+00 -3.7938E-03  9.8586E-02  1.2595E-01  2.1376E-01  2.9815E-01
  1.0000E+02  5.0426E+00  4.3305E+01  9.8965E-01  1.0672E+00  1.2532E+00 -3.7938E-03  9.8586E-02  1.2595E-01  2.1376E-01  2.9815E-01
  1.0000E+02  5.0426E+00  4.3305E+01  9.8965E-01  1.0672E+00  1.2532E+00 -3.7938E-03  9.8586E-02  1.2595E-01  2.1376E-01  2.9815E-01
  1.0000E+02  5.0426E+00  4.3305E+01  9.8965E-01  1.0672E+00  1.2532E+00 -3.7938E-03  9.8586E-02  1.2595E-01  2.1376E-01  2.9815E-01
  1.0000E+02  5.0426E+00  4.3305E+01  9.8965E-01  1.0672E+00  1.2532E+00 -3.7938E-03  9.8586E-02  1.2595E-01  2.1376E-01  2.9815E-01
  1.0000E+02  5.0426E+00  4.3305E+01  9.8965E-01  1.0672E+00  1.2532E+00 -3.7938E-03  9.8586E-02  1.2595E-01  2.1376E-01  2.9815E-01
  1.0000E+02  5.0426E+00  4.3305E+01  9.8965E-01  1.0672E+00  1.2532E+00 -3.7938E-03  9.8586E-02  1.2595E-01  2.1376E-01  2.9815E-01
  1.0000E+02  5.0426E+00  4.3305E+01  9.8965E-01  1.0672E+00  1.2532E+00 -3.7938E-03  9.8586E-02  1.2595E-01  2.1376E-01  2.9815E-01
  1.0000E+02  5.0426E+00  4.3305E+01  9.8965E-01  1.0672E+00  1.2532E+00 -3.7938E-03  9.8586E-02  1.2595E-01  2.1376E-01  2.9815E-01
  1.0100E+02  3.2663E+00  3.2587E+01  8.5631E-01  6.4981E-01  1.0907E+00 -4.3807E-01 -1.8575E-01 -7.3789E-03 -2.8236E-01  1.5931E-01
  1.0100E+02  3.2663E+00  3.2587E+01  8.5631E-01  6.4981E-01  1.0907E+00 -4.3807E-01 -1.8575E-01 -7.3789E-03 -2.8236E-01  1.5931E-01
  1.0100E+02  3.2663E+00  3.2587E+01  8.5631E-01  6.4981E-01  1.0907E+00 -4.3807E-01 -1.8575E-01 -7.3789E-03 -2.8236E-01  1.5931E-01
  1.0100E+02  3.2663E+00  3.2587E+01  8.5631E-01  6.4981E-01  1.0907E+00 -4.3807E-01 -1.8575E-01 -7.3789E-03 -2.8236E-01  1.5931E-01
  1.0100E+02  3.2663E+00  3.2587E+01  8.5631E-01  6.4981E-01  1.0907E+00 -4.3807E-01 -1.8575E-01 -7.3789E-03 -2.8236E-01  1.5931E-01
  1.0100E+02  3.2663E+00  3.2587E+01  8.5631E-01  6.4981E-01  1.0907E+00 -4.3807E-01 -1.8575E-01 -7.3789E-03 -2.8236E-01  1.5931E-01
  1.0100E+02  3.2663E+00  3.2587E+01  8.5631E-01  6.4981E-01  1.0907E+00 -4.3807E-01 -1.8575E-01 -7.3789E-03 -2.8236E-01  1.5931E-01
  1.0100E+02  3.2663E+00  3.2587E+01  8.5631E-01  6.4981E-01  1.0907E+00 -4.3807E-01 -1.8575E-01 -7.3789E-03 -2.8236E-01  1.5931E-01
  1.0100E+02  3.2663E+00  3.2587E+01  8.5631E-01  6.4981E-01  1.0907E+00 -4.3807E-01 -1.8575E-01 -7.3789E-03 -2.8236E-01  1.5931E-01
  1.0100E+02  3.2663E+00  3.2587E+01  8.5631E-01  6.4981E-01  1.0907E+00 -4.3807E-01 -1.8575E-01 -7.3789E-03 -2.8236E-01  1.5931E-01
  1.0100E+02  3.2663E+00  3.2587E+01  8.5631E-01  6.4981E-01  1.0907E+00 -4.3807E-01 -1.8575E-01 -7.3789E-03 -2.8236E-01  1.5931E-01
  1.0100E+02  3.2663E+00  3.2587E+01  8.5631E-01  6.4981E-01  1.0907E+00 -4.3807E-01 -1.8575E-01 -7.3789E-03 -2.8236E-01  1.5931E-01
  1.0100E+02  3.2663E+00  3.2587E+01  8.5631E-01  6.4981E-01  1.0907E+00 -4.3807E-01 -1.8575E-01 -7.3789E-03 -2.8236E-01  1.5931E-01
  1.0200E+02  5.3157E+00  4.9287E+01  7.9018E-01  1.0558E+00  1.2945E+00  4.8950E-02  2.2798E-01 -7.3506E-02  2.0306E-01  3.3060E-01
  1.0200E+02  5.3157E+00  4.9287E+01  7.9018E-01  1.0558E+00  1.2945E+00  4.8950E-02  2.2798E-01 -7.3506E-02  2.0306E-01  3.3060E-01
  1.0200E+02  5.3157E+00  4.9287E+01  7.9018E-01  1.0558E+00  1.2945E+00  4.8950E-02  2.2798E-01 -7.3506E-02  2.0306E-01  3.3060E-01
  1.0200E+02  5.3157E+00  4.9287E+01  7.9018E-01  1.0558E+00  1.2945E+00  4.8950E-02  2.2798E-01 -7.3506E-02  2.0306E-01  3.3060E-01
  1.0200E+02  5.3157E+00  4.9287E+01  7.9018E-01  1.0558E+00  1.2945E+00  4.8950E-02  2.2798E-01 -7.3506E-02  2.0306E-01  3.3060E-01
  1.0200E+02  5.3157E+00  4.9287E+01  7.9018E-01  1.0558E+00  1.2945E+00  4.8950E-02  2.2798E-01 -7.3506E-02  2.0306E-01  3.3060E-01
  1.0200E+02  5.3157E+00  4.9287E+01  7.9018E-01  1.0558E+00  1.2945E+00  4.8950E-02  2.2798E-01 -7.3506E-02  2.0306E-01  3.3060E-01
  1.0200E+02  5.3157E+00  4.9287E+01  7.9018E-01  1.0558E+00  1.2945E+00  4.8950E-02  2.2798E-01 -7.3506E-02  2.0306E-01  3.3060E-01
  1.0200E+02  5.3157E+00  4.9287E+01  7.9018E-01  1.0558E+00  1.2945E+00  4.8950E-02  2.2798E-01 -7.3506E-02  2.0306E-01  3.3060E-01
  1.0200E+02  5.3157E+00  4.9287E+01  7.9018E-01  1.0558E+00  1.2945E+00  4.8950E-02  2.2798E-01 -7.3506E-02  2.0306E-01  3.3060E-01
  1.0200E+02  5.3157E+00  4.9287E+01  7.9018E-01  1.0558E+00  1.2945E+00  4.8950E-02  2.2798E-01 -7.3506E-02  2.0306E-01  3.3060E-01
  1.0200E+02  5.3157E+00  4.9287E+01  7.9018E-01  1.0558E+00  1.2945E+00  4.8950E-02  2.2798E-01 -7.3506E-02  2.0306E-01  3.3060E-01
  1.0200E+02  5.3157E+00  4.9287E+01  7.9018E-01  1.0558E+00  1.2945E+00  4.8950E-02  2.2798E-01 -7.3506E-02  2.0306E-01  3.3060E-01
  1.0300E+02  3.6716E+00  3.9783E+01  1.0077E+00  7.5312E-01  1.8886E+00 -3.2109E-01  1.3765E-02  1.4398E-01 -1.3482E-01  7.0827E-01
  1.0300E+02  3.6716E+00  3.9783E+01  1.0077E+00  7.5312E-01  1.8886E+00 -3.2109E-01  1.3765E-02  1.4398E-01 -1.3482E-01  7.0827E-01
  1.0300E+02  3.6716E+00  3.9783E+01  1.0077E+00  7.5312E-01  1.8886E+00 -3.2109E-01  1.3765E-02  1.4398E-01 -1.3482E-01  7.0827E-01
  1.0300E+02  3.6716E+00  3.9783E+01  1.0077E+00  7.5312E-01  1.8886E+00 -3.2109E-01  1.3765E-02  1.4398E-01 -1.3482E-01  7.0827E-01
  1.0300E+02  3.6716E+00  3.9783E+01  1.0077E+00  7.5312E-01  1.8886E+00 -3.2109E-01  1.3765E-02  1.4398E-01 -1.3482E-01  7.0827E-01
  1.0300E+02  3.6716E+00  3.9783E+01  1.0077E+00  7.5312E-01  1.8886E+00 -3.2109E-01  1.3765E-02  1.4398E-01 -1.3482E-01  7.0827E-01
  1.0300E+02  3.6716E+00  3.9783E+01  1.0077E+00  7.5312E-01  1.8886E+00 -3.2109E-01  1.3765E-02  1.4398E-01 -1.3482E-01  7.0827E-01
  1.0300E+02  3.6716E+00  3.9783E+01  1.0077E+00  7.5312E-01  1.8886E+00 -3.2109E-01  1.3765E-02  1.4398E-01 -1.3482E-01  7.0827E-01
  1.0300E+02  3.6716E+00  3.9783E+01  1.0077E+00  7.5312E-01  1.8886E+00 -3.2109E-01  1.3765E-02  1.4398E-01 -1.3482E-01  7.0827E-01
  1.0300E+02  3.6716E+00  3.9783E+01  1.0077E+00  7.5312E-01  1.8886E+00 -3.2109E-01  1.3765E-02  1.4398E-01 -1.3482E-01  7.0827E-01
  1.0300E+02  3.6716E+00  3.9783E+01  1.0077E+00  7.5312E-01  1.8886E+00 -3.2109E-01  1.3765E-02  1.4398E-01 -1.3482E-01  7.0827E-01
  1.0300E+02  3.6716E+00  3.9783E+01  1.0077E+00  7.5312E-01  1.8886E+00 -3.2109E-01  1.3765E-02  1.4398E-01 -1.3482E-01  7.0827E-01
  1.0300E+02  3.6716E+00  3.9783E+01  1.0077E+00  7.5312E-01  1.8886E+00 -3.2109E-01  1.3765E-02  1.4398E-01 -1.3482E-01  7.0827E-01
  1.0400E+02  4.1196E+00  4.4585E+01  1.2708E+00  8.8063E-01  1.2586E+00 -2.0597E-01  1.2773E-01  4.0707E-01  2.1598E-02  3.0248E-01
  1.0400E+02  4.1196E+00  4.4585E+01  1.2708E+00  8.8063E-01  1.2586E+00 -2.0597E-01  1.2773E-01  4.0707E-01  2.1598E-02  3.0248E-01
  1.0400E+02  4.1196E+00  4.4585E+01  1.2708E+00  8.8063E-01  1.2586E+00 -2.0597E-01  1.2773E-01  4.0707E-01  2.1598E-02  3.0248E-01
  1.0400E+02  4.1196E+00  4.4585E+01  1.2708E+00  8.8063E-01  1.2586E+00 -2.0597E-01  1.2773E-01  4.0707E-01  2.1598E-02  3.0248E-01
  1.0400E+02  4.1196E+00  4.4585E+01  1.2708E+00  8.8063E-01  1.2586E+00 -2.0597E-01  1.2773E-01  4.0707E-01  2.1598E-02  3.0248E-01
  1.0400E+02  4.1196E+00  4.4585E+01  1.2708E+00  8.8063E-01  1.2586E+00 -2.0597E-01  1.2773E-01  4.0707E-01  2.1598E-02  3.0248E-01
  1.0400E+02  4.1196E+00  4.4585E+01  1.2708E+00  8.8063E-01  1.2586E+00 -2.0597E-01  1.2773E-01  4.0707E-01  2.1598E-02  3.0248E-01
  1.0400E+02  4.1196E+00  4.4585E+01  1.2708E+00  8.8063E-01  1.2586E+00 -2.0597E-01  1.2773E-01  4.0707E-01  2.1598E-02  3.0248E-01
  1.0400E+02  4.1196E+00  4.4585E+01  1.2708E+00  8.8063E-01  1.2586E+00 -2.0597E-01  1.2773E-01  4.0707E-01  2.1598E-02  3.0248E-01
  1.0400E+02  4.1196E+00  4.4585E+01  1.2708E+00  8.8063E-01  1.2586E+00 -2.0597E-01  1.2773E-01  4.0707E-01  2.1598E-02  3.0248E-01
  1.0400E+02  4.1196E+00  4.4585E+01  1.2708E+00  8.8063E-01  1.2586E+00 -2.0597E-01  1.2773E-01  4.0707E-01  2.1598E-02  3.0248E-01
  1.0400E+02  4.1196E+00  4.4585E+01  1.2708E+00  8.8063E-01  1.2586E+00 -2.0597E-01  1.2773E-01  4.0707E-01  2.1598E-02  3.0248E-01
  1.0400E+02  4.1196E+00  4.4585E+01  1.2708E+00  8.8063E-01  1.2586E+00 -2.0597E-01  1.2773E-01  4.0707E-01  2.1598E-02  3.0248E-01
  1.0500E+02  4.8004E+00  3.5492E+01  8.9836E-01  6.0434E-01  7.9245E-01 -5.3016E-02 -1.0036E-01  3.4670E-02 -3.5491E-01 -1.6017E-01
  1.0500E+02  4.8004E+00  3.5492E+01  8.9836E-01  6.0434E-01  7.9245E-01 -5.3016E-02 -1.0036E-01  3.4670E-02 -3.5491E-01 -1.6017E-01
  1.0500E+02  4.8004E+00  3.5492E+01  8.9836E-01  6.0434E-01  7.9245E-01 -5.3016E-02 -1.0036E-01  3.4670E-02 -3.5491E-01 -1.6017E-01
  1.0500E+02  4.8004E+00  3.5492E+01  8.9836E-01  6.0434E-01  7.9245E-01 -5.3016E-02 -1.0036E-01  3.4670E-02 -3.5491E-01 -1.6017E-01
  1.0500E+02  4.8004E+00  3.5492E+01  8.9836E-01  6.0434E-01  7.9245E-01 -5.3016E-02 -1.0036E-01  3.4670E-02 -3.5491E-01 -1.6017E-01
  1.0500E+02  4.8004E+00  3.5492E+01  8.9836E-01  6.0434E-01  7.9245E-01 -5.3016E-02 -1.0036E-01  3.4670E-02 -3.5491E-01 -1.6017E-01
  1.0500E+02  4.8004E+00  3.5492E+01  8.9836E-01  6.0434E-01  7.9245E-01 -5.3016E-02 -1.0036E-01  3.4670E-02 -3.5491E-01 -1.6017E-01
  1.0500E+02  4.8004E+00  3.5492E+01  8.9836E-01  6.0434E-01  7.9245E-01 -5.3016E-02 -1.0036E-01  3.4670E-02 -3.5491E-01 -1.6017E-01
  1.0500E+02  4.8004E+00  3.5492E+01  8.9836E-01  6.0434E-01  7.9245E-01 -5.3016E-02 -1.0036E-01  3.4670E-02 -3.5491E-01 -1.6017E-01
  1.0500E+02  4.8004E+00  3.5492E+01  8.9836E-01  6.0434E-01  7.9245E-01 -5.3016E-02 -1.0036E-01  3.4670E-02 -3.5491E-01 -1.6017E-01
  1.0500E+02  4.8004E+00  3.5492E+01  8.9836E-01  6.0434E-01  7.9245E-01 -5.3016E-02 -1.0036E-01  3.4670E-02 -3.5491E-01 -1.6017E-01
  1.0500E+02  4.8004E+00  3.5492E+01  8.9836E-01  6.0434E-01  7.9245E-01 -5.3016E-02 -1.0036E-01  3.4670E-02 -3.5491E-01 -1.6017E-01
  1.0500E+02  4.8004E+00  3.5492E+01  8.9836E-01  6.0434E-01  7.9245E-01 -5.3016E-02 -1.0036E-01  3.4670E-02 -3.5491E-01 -1.6017E-01
  1.0600E+02  4.0193E+00  3.3485E+01  1.4127E+00  6.6094E-01  1.0861E+00 -2.3062E-01 -1.5857E-01  5.4900E-01 -2.6538E-01  1.5505E-01
  1.0600E+02  4.0193E+00  3.3485E+01  1.4127E+00  6.6094E-01  1.0861E+00 -2.3062E-01 -1.5857E-01  5.4900E-01 -2.6538E-01  1.5505E-01
  1.0600E+02  4.0193E+00  3.3485E+01  1.4127E+00  6.6094E-01  1.0861E+00 -2.3062E-01 -1.5857E-01  5.4900E-01 -2.6538E-01  1.5505E-01
  1.0600E+02  4.0193E+00  3.3485E+01  1.4127E+00  6.6094E-01  1.0861E+00 -2.3062E-01 -1.5857E-01  5.4900E-01 -2.6538E-01  1.5505E-01
  1.0600E+02  4.0193E+00  3.3485E+01  1.4127E+00  6.6094E-01  1.0861E+00 -2.3062E-01 -1.5857E-01  5.4900E-01 -2.6538E-01  1.5505E-01
  1.0600E+02  4.0193E+00  3.3485E+01  1.4127E+00  6.6094E-01  1.0861E+00 -2.3062E-01 -1.5857E-01  5.4900E-01 -2.6538E-01  1.5505E-01
  1.0600E+02  4.0193E+00  3.3485E+01  1.4127E+00  6.6094E-01  1.0861E+00 -2.3062E-01 -1.5857E-01  5.4900E-01 -2.6538E-01  1.5505E-01
  1.0600E+02  4.0193E+00  3.3485E+01  1.4127E+00  6.6094E-01  1.0861E+00 -2.3062E-01 -1.5857E-01  5.4900E-01 -2.6538E-01  1.5505E-01
  1.0600E+02  4.0193E+00  3.3485E+01  1.4127E+00  6.6094E-01  1.0861E+00 -2.3062E-01 -1.5857E-01  5.4900E-01 -2.6538E-01  1.5505E-01
  1.0600E+02  4.0193E+00  3.3485E+01  1.4127E+00  6.6094E-01  1.0861E+00 -2.3062E-01 -1.5857E-01  5.4900E-01 -2.6538E-01  1.5505E-01
  1.0600E+02  4.0193E+00  3.3485E+01  1.4127E+00  6.6094E-01  1.0861E+00 -2.3062E-01 -1.5857E-01  5.4900E-01 -2.6538E-01  1.5505E-01
  1.0600E+02  4.0193E+00  3.3485E+01  1.4127E+00  6.6094E-01  1.0861E+00 -2.3062E-01 -1.5857E-01  5.4900E-01 -2.6538E-01  1.5505E-01
  1.0600E+02  4.0193E+00  3.3485E+01  1.4127E+00  6.6094E-01  1.0861E+00 -2.3062E-01 -1.5857E-01  5.4900E-01 -2.6538E-01  1.5505E-01
  1.0700E+02  5.6584E+00  3.8847E+01  1.0944E+00  9.5857E-01  8.2368E-01  1.1141E-01 -1.0035E-02  2.3067E-01  1.0640E-01 -1.2152E-01
  1.0700E+02  5.6584E+00  3.8847E+01  1.0944E+00  9.5857E-01  8.2368E-01  1.1141E-01 -1.0035E-02  2.3067E-01  1.0640E-01 -1.2152E-01
  1.0700E+02  5.6584E+00  3.8847E+01  1.0944E+00  9.5857E-01  8.2368E-01  1.1141E-01 -1.0035E-02  2.3067E-01  1.0640E-01 -1.2152E-01
  1.0700E+02  5.6584E+00  3.8847E+01  1.0944E+00  9.5857E-01  8.2368E-01  1.1141E-01 -1.0035E-02  2.3067E-01  1.0640E-01 -1.2152E-01
  1.0700E+02  5.6584E+00  3.8847E+01  1.0944E+00  9.5857E-01  8.2368E-01  1.1141E-01 -1.0035E-02  2.3067E-01  1.0640E-01 -1.2152E-01
  1.0700E+02  5.6584E+00  3.8847E+01  1.0944E+00  9.5857E-01  8.2368E-01  1.1141E-01 -1.0035E-02  2.3067E-01  1.0640E-01 -1.2152E-01
  1.0700E+02  5.6584E+00  3.8847E+01  1.0944E+00  9.5857E-01  8.2368E-01  1.1141E-01 -1.0035E-02  2.3067E-01  1.0640E-01 -1.2152E-01
  1.0700E+02  5.6584E+00  3.8847E+01  1.0944E+00  9.5857E-01  8.2368E-01  1.1141E-01 -1.0035E-02  2.3067E-01  1.0640E-01 -1.2152E-01
  1.0700E+02  5.6584E+00  3.8847E+01  1.0944E+00  9.5857E-01  8.2368E-01  1.1141E-01 -1.0035E-02  2.3067E-01  1.0640E-01 -1.2152E-01
  1.0700E+02  5.6584E+00  3.8847E+01  1.0944E+00  9.5857E-01  8.2368E-01  1.1141E-01 -1.0035E-02  2.3067E-01  1.0640E-01 -1.2152E-01
  1.0700E+02  5.6584E+00  3.8847E+01  1.0944E+00  9.5857E-01  8.2368E-01  1.1141E-01 -1.0035E-02  2.3067E-01  1.0640E-01 -1.2152E-01
  1.0700E+02  5.6584E+00  3.8847E+01  1.0944E+00  9.5857E-01  8.2368E-01  1.1141E-01 -1.0035E-02  2.3067E-01  1.0640E-01 -1.2152E-01
  1.0700E+02  5.6584E+00  3.8847E+01  1.0944E+00  9.5857E-01  8.2368E-01  1.1141E-01 -1.0035E-02  2.3067E-01  1.0640E-01 -1.2152E-01
  1.0800E+02  4.1038E+00  3.2898E+01  1.2269E+00  1.0794E+00  1.1369E+00 -2.0981E-01 -1.7625E-01  3.6324E-01  2.2509E-01  2.0075E-01
  1.0800E+02  4.1038E+00  3.2898E+01  1.2269E+00  1.0794E+00  1.1369E+00 -2.0981E-01 -1.7625E-01  3.6324E-01  2.2509E-01  2.0075E-01
  1.0800E+02  4.1038E+00  3.2898E+01  1.2269E+00  1.0794E+00  1.1369E+00 -2.0981E-01 -1.7625E-01  3.6324E-01  2.2509E-01  2.0075E-01
  1.0800E+02  4.1038E+00  3.2898E+01  1.2269E+00  1.0794E+00  1.1369E+00 -2.0981E-01 -1.7625E-01  3.6324E-01  2.2509E-01  2.0075E-01
  1.0800E+02  4.1038E+00  3.2898E+01  1.2269E+00  1.0794E+00  1.1369E+00 -2.0981E-01 -1.7625E-01  3.6324E-01  2.2509E-01  2.0075E-01
  1.0800E+02  4.1038E+00  3.2898E+01  1.2269E+00  1.0794E+00  1.1369E+00 -2.0981E-01 -1.7625E-01  3.6324E-01  2.2509E-01  2.0075E-01
  1.0800E+02  4.1038E+00  3.2898E+01  1.2269E+00  1.0794E+00  1.1369E+00 -2.0981E-01 -1.7625E-01  3.6324E-01  2.2509E-01  2.0075E-01
  1.0800E+02  4.1038E+00  3.2898E+01  1.2269E+00  1.0794E+00  1.1369E+00 -2.0981E-01 -1.7625E-01  3.6324E-01  2.2509E-01  2.0075E-01
  1.0800E+02  4.1038E+00  3.2898E+01  1.2269E+00  1.0794E+00  1.1369E+00 -2.0981E-01 -1.7625E-01  3.6324E-01  2.2509E-01  2.0075E-01
  1.0800E+02  4.1038E+00  3.2898E+01  1.2269E+00  1.0794E+00  1.1369E+00 -2.0981E-01 -1.7625E-01  3.6324E-01  2.2509E-01  2.0075E-01
  1.0800E+02  4.1038E+00  3.2898E+01  1.2269E+00  1.0794E+00  1.1369E+00 -2.0981E-01 -1.7625E-01  3.6324E-01  2.2509E-01  2.0075E-01
  1.0800E+02  4.1038E+00  3.2898E+01  1.2269E+00  1.0794E+00  1.1369E+00 -2.0981E-01 -1.7625E-01  3.6324E-01  2.2509E-01  2.0075E-01
  1.0800E+02  4.1038E+00  3.2898E+01  1.2269E+00  1.0794E+00  1.1369E+00 -2.0981E-01 -1.7625E-01  3.6324E-01  2.2509E-01  2.0075E-01
  1.0900E+02  3.7765E+00  4.1987E+01  9.7836E-01  6.3250E-01  1.7163E+00 -2.9293E-01  6.7678E-02  1.1467E-01 -3.0936E-01  6.1261E-01
  1.0900E+02  3.7765E+00  4.1987E+01  9.7836E-01  6.3250E-01  1.7163E+00 -2.9293E-01  6.7678E-02  1.1467E-01 -3.0936E-01  6.1261E-01
  1.0900E+02  3.7765E+00  4.1987E+01  9.7836E-01  6.3250E-01  1.7163E+00 -2.9293E-01  6.7678E-02  1.1467E-01 -3.0936E-01  6.1261E-01
  1.0900E+02  3.7765E+00  4.1987E+01  9.7836E-01  6.3250E-01  1.7163E+00 -2.9293E-01  6.7678E-02  1.1467E-01 -3.0936E-01  6.1261E-01
  1.0900E+02  3.7765E+00  4.1987E+01  9.7836E-01  6.3250E-01  1.7163E+00 -2.9293E-01  6.7678E-02  1.1467E-01 -3.0936E-01  6.1261E-01
  1.0900E+02  3.7765E+00  4.1987E+01  9.7836E-01  6.3250E-01  1.7163E+00 -2.9293E-01  6.7678E-02  1.1467E-01 -3.0936E-01  6.1261E-01
  1.0900E+02  3.7765E+00  4.1987E+01  9.7836E-01  6.3250E-01  1.7163E+00 -2.9293E-01  6.7678E-02  1.1467E-01 -3.0936E-01  6.1261E-01
  1.0900E+02  3.7765E+00  4.1987E+01  9.7836E-01  6.3250E-01  1.7163E+00 -2.9293E-01  6.7678E-02  1.1467E-01 -3.0936E-01  6.1261E-01
  1.0900E+02  3.7765E+00  4.1987E+01  9.7836E-01  6.3250E-01  1.7163E+00 -2.9293E-01  6.7678E-02  1.1467E-01 -3.0936E-01  6.1261E-01
  1.0900E+02  3.7765E+00  4.1987E+01  9.7836E-01  6.3250E-01  1.7163E+00 -2.9293E-01  6.7678E-02  1.1467E-01 -3.0936E-01  6.1261E-01
  1.0900E+02  3.7765E+00  4.1987E+01  9.7836E-01  6.3250E-01  1.7163E+00 -2.9293E-01  6.7678E-02  1.1467E-01 -3.0936E-01  6.1261E-01
  1.0900E+02  3.7765E+00  4.1987E+01  9.7836E-01  6.3250E-01  1.7163E+00 -2.9293E-01  6.7678E-02  1.1467E-01 -3.0936E-01  6.1261E-01
  1.0900E+02  3.7765E+00  4.1987E+01  9.7836E-01  6.3250E-01  1.7163E+00 -2.9293E-01  6.7678E-02  1.1467E-01 -3.0936E-01  6.1261E-01
  1.1000E+02  5.8420E+00  3.5627E+01  8.8517E-01  7.5657E-01  6.7120E-01  1.4336E-01 -9.6558E-02  2.1482E-02 -1.3025E-01 -3.2624E-01
  1.1000E+02  5.8420E+00  3.5627E+01  8.8517E-01  7.5657E-01  6.7120E-01  1.4336E-01 -9.6558E-02  2.1482E-02 -1.3025E-01 -3.2624E-01
  1.1000E+02  5.8420E+00  3.5627E+01  8.8517E-01  7.5657E-01  6.7120E-01  1.4336E-01 -9.6558E-02  2.1482E-02 -1.3025E-01 -3.2624E-01
  1.1000E+02  5.8420E+00  3.5627E+01  8.8517E-01  7.5657E-01  6.7120E-01  1.4336E-01 -9.6558E-02  2.1482E-02 -1.3025E-01 -3.2624E-01
  1.1000E+02  5.8420E+00  3.5627E+01  8.8517E-01  7.5657E-01  6.7120E-01  1.4336E-01 -9.6558E-02  2.1482E-02 -1.3025E-01 -3.2624E-01
  1.1000E+02  5.8420E+00  3.5627E+01  8.8517E-01  7.5657E-01  6.7120E-01  1.4336E-01 -9.6558E-02  2.1482E-02 -1.3025E-01 -3.2624E-01
  1.1000E+02  5.8420E+00  3.5627E+01  8.8517E-01  7.5657E-01  6.7120E-01  1.4336E-01 -9.6558E-02  2.1482E-02 -1.3025E-01 -3.2624E-01
  1.1000E+02  5.8420E+00  3.5627E+01  8.8517E-01  7.5657E-01  6.7120E-01  1.4336E-01 -9.6558E-02  2.1482E-02 -1.3025E-01 -3.2624E-01
  1.1000E+02  5.8420E+00  3.5627E+01  8.8517E-01  7.5657E-01  6.7120E-01  1.4336E-01 -9.6558E-02  2.1482E-02 -1.3025E-01 -3.2624E-01
  1.1000E+02  5.8420E+00  3.5627E+01  8.8517E-01  7.5657E-01  6.7120E-01  1.4336E-01 -9.6558E-02  2.1482E-02 -1.3025E-01 -3.2624E-01
  1.1000E+02  5.8420E+00  3.5627E+01  8.8517E-01  7.5657E-01  6.7120E-01  1.4336E-01 -9.6558E-02  2.1482E-02 -1.3025E-01 -3.2624E-01
  1.1000E+02  5.8420E+00  3.5627E+01  8.8517E-01  7.5657E-01  6.7120E-01  1.4336E-01 -9.6558E-02  2.1482E-02 -1.3025E-01 -3.2624E-01
  1.1000E+02  5.8420E+00  3.5627E+01  8.8517E-01  7.5657E-01  6.7120E-01  1.4336E-01 -9.6558E-02  2.1482E-02 -1.3025E-01 -3.2624E-01
  1.1100E+02  6.1664E+00  3.7129E+01  8.4665E-01  1.1061E+00  9.9047E-01  1.9739E-01 -5.5271E-02 -1.7042E-02  2.4958E-01  6.2881E-02
  1.1100E+02  6.1664E+00  3.7129E+01  8.4665E-01  1.1061E+00  9.9047E-01  1.9739E-01 -5.5271E-02 -1.7042E-02  2.4958E-01  6.2881E-02
  1.1100E+02  6.1664E+00  3.7129E+01  8.4665E-01  1.1061E+00  9.9047E-01  1.9739E-01 -5.5271E-02 -1.7042E-02  2.4958E-01  6.2881E-02
  1.1100E+02  6.1664E+00  3.7129E+01  8.4665E-01  1.1061E+00  9.9047E-01  1.9739E-01 -5.5271E-02 -1.7042E-02  2.4958E-01  6.2881E-02
  1.1100E+02  6.1664E+00  3.7129E+01  8.4665E-01  1.1061E+00  9.9047E-01  1.9739E-01 -5.5271E-02 -1.7042E-02  2.4958E-01  6.2881E-02
  1.1100E+02  6.1664E+00  3.7129E+01  8.4665E-01  1.1061E+00  9.9047E-01  1.9739E-01 -5.5271E-02 -1.7042E-02  2.4958E-01  6.2881E-02
  1.1100E+02  6.1664E+00  3.7129E+01  8.4665E-01  1.1061E+00  9.9047E-01  1.9739E-01 -5.5271E-02 -1.7042E-02  2.4958E-01  6.2881E-02
  1.1100E+02  6.1664E+00  3.7129E+01  8.4665E-01  1.1061E+00  9.9047E-01  1.9739E-01 -5.5271E-02 -1.7042E-02  2.4958E-01  6.2881E-02
  1.1100E+02  6.1664E+00  3.7129E+01  8.4665E-01  1.1061E+00  9.9047E-01  1.9739E-01 -5.5271E-02 -1.7042E-02  2.4958E-01  6.2881E-02
  1.1100E+02  6.1664E+00  3.7129E+01  8.4665E-01  1.1061E+00  9.9047E-01  1.9739E-01 -5.5271E-02 -1.7042E-02  2.4958E-01  6.2881E-02
  1.1100E+02  6.1664E+00  3.7129E+01  8.4665E-01  1.1061E+00  9.9047E-01  1.9739E-01 -5.5271E-02 -1.7042E-02  2.4958E-01  6.2881E-02
  1.1100E+02  6.1664E+00  3.7129E+01  8.4665E-01  1.1061E+00  9.9047E-01  1.9739E-01 -5.5271E-02 -1.7042E-02  2.4958E-01  6.2881E-02
  1.1100E+02  6.1664E+00  3.7129E+01  8.4665E-01  1.1061E+00  9.9047E-01  1.9739E-01 -5.5271E-02 -1.7042E-02  2.4958E-01  6.2881E-02
  1.1200E+02  4.0081E+00  3.5744E+01  7.4708E-01  8.3316E-01  6.9069E-01 -2.3341E-01 -9.3277E-02 -1.1661E-01 -3.3814E-02 -2.9761E-01
  1.1200E+02  4.0081E+00  3.5744E+01  7.4708E-01  8.3316E-01  6.9069E-01 -2.3341E-01 -9.3277E-02 -1.1661E-01 -3.3814E-02 -2.9761E-01
  1.1200E+02  4.0081E+00  3.5744E+01  7.4708E-01  8.3316E-01  6.9069E-01 -2.3341E-01 -9.3277E-02 -1.1661E-01 -3.3814E-02 -2.9761E-01
  1.1200E+02  4.0081E+00  3.5744E+01  7.4708E-01  8.3316E-01  6.9069E-01 -2.3341E-01 -9.3277E-02 -1.1661E-01 -3.3814E-02 -2.9761E-01
  1.1200E+02  4.0081E+00  3.5744E+01  7.4708E-01  8.3316E-01  6.9069E-01 -2.3341E-01 -9.3277E-02 -1.1661E-01 -3.3814E-02 -2.9761E-01
  1.1200E+02  4.0081E+00  3.5744E+01  7.4708E-01  8.3316E-01  6.9069E-01 -2.3341E-01 -9.3277E-02 -1.1661E-01 -3.3814E-02 -2.9761E-01
  1.1200E+02  4.0081E+00  3.5744E+01  7.4708E-01  8.3316E-01  6.9069E-01 -2.3341E-01 -9.3277E-02 -1.1661E-01 -3.3814E-02 -2.9761E-01
  1.1200E+02  4.0081E+00  3.5744E+01  7.4708E-01  8.3316E-01  6.9069E-01 -2.3341E-01 -9.3277E-02 -1.1661E-01 -3.3814E-02 -2.9761E-01
  1.1200E+02  4.0081E+00  3.5744E+01  7.4708E-01  8.3316E-01  6.9069E-01 -2.3341E-01 -9.3277E-02 -1.1661E-01 -3.3814E-02 -2.9761E-01
  1.1200E+02  4.0081E+00  3.5744E+01  7.4708E-01  8.3316E-01  6.9069E-01 -2.3341E-01 -9.3277E-02 -1.1661E-01 -3.3814E-02 -2.9761E-01
  1.1200E+02  4.0081E+00  3.5744E+01  7.4708E-01  8.3316E-01  6.9069E-01 -2.3341E-01 -9.3277E-02 -1.1661E-01 -3.3814E-02 -2.9761E-01
  1.1200E+02  4.0081E+00  3.5744E+01  7.4708E-01  8.3316E-01  6.9069E-01 -2.3341E-01 -9.3277E-02 -1.1661E-01 -3.3814E-02 -2.9761E-01
  1.1200E+02  4.0081E+00  3.5744E+01  7.4708E-01  8.3316E-01  6.9069E-01 -2.3341E-01 -9.3277E-02 -1.1661E-01 -3.3814E-02 -2.9761E-01
  1.1300E+02  4.4210E+00  5.4543E+01  1.2962E+00  1.6223E+00  2.1705E+00 -1.3537E-01  3.2932E-01  4.3250E-01  6.3255E-01  8.4740E-01
  1.1300E+02  4.4210E+00  5.4543E+01  1.2962E+00  1.6223E+00  2.1705E+00 -1.3537E-01  3.2932E-01  4.3250E-01  6.3255E-01  8.4740E-01
  1.1300E+02  4.4210E+00  5.4543E+01  1.2962E+00  1.6223E+00  2.1705E+00 -1.3537E-01  3.2932E-01  4.3250E-01  6.3255E-01  8.4740E-01
  1.1300E+02  4.4210E+00  5.4543E+01  1.2962E+00  1.6223E+00  2.1705E+00 -1.3537E-01  3.2932E-01  4.3250E-01  6.3255E-01  8.4740E-01
  1.1300E+02  4.4210E+00  5.4543E+01  1.2962E+00  1.6223E+00  2.1705E+00 -1.3537E-01  3.2932E-01  4.3250E-01  6.3255E-01  8.4740E-01
  1.1300E+02  4.4210E+00  5.4543E+01  1.2962E+00  1.6223E+00  2.1705E+00 -1.3537E-01  3.2932E-01  4.3250E-01  6.3255E-01  8.4740E-01
  1.1300E+02  4.4210E+00  5.4543E+01  1.2962E+00  1.6223E+00  2.1705E+00 -1.3537E-01  3.2932E-01  4.3250E-01  6.3255E-01  8.4740E-01
  1.1300E+02  4.4210E+00  5.4543E+01  1.2962E+00  1.6223E+00  2.1705E+00 -1.3537E-01  3.2932E-01  4.3250E-01  6.3255E-01  8.4740E-01
  1.1300E+02  4.4210E+00  5.4543E+01  1.2962E+00  1.6223E+00  2.1705E+00 -1.3537E-01  3.2932E-01  4.3250E-01  6.3255E-01  8.4740E-01
  1.1300E+02  4.4210E+00  5.4543E+01  1.2962E+00  1.6223E+00  2.1705E+00 -1.3537E-01  3.2932E-01  4.3250E-01  6.3255E-01  8.4740E-01
  1.1300E+02  4.4210E+00  5.4543E+01  1.2962E+00  1.6223E+00  2.1705E+00 -1.3537E-01  3.2932E-01  4.3250E-01  6.3255E-01  8.4740E-01
  1.1300E+02  4.4210E+00  5.4543E+01  1.2962E+00  1.6223E+00  2.1705E+00 -1.3537E-01  3.2932E-01  4.3250E-01  6.3255E-01  8.4740E-01
  1.1300E+02  4.4210E+00  5.4543E+01  1.2962E+00  1.6223E+00  2.1705E+00 -1.3537E-01  3.2932E-01  4.3250E-01  6.3255E-01  8.4740E-01
  1.1400E+02  3.5226E+00  4.1417E+01  9.4439E-01  6.3827E-01  9.8849E-01 -3.6252E-01  5.4020E-02  8.0704E-02 -3.0027E-01  6.0877E-02
  1.1400E+02  3.5226E+00  4.1417E+01  9.4439E-01  6.3827E-01  9.8849E-01 -3.6252E-01  5.4020E-02  8.0704E-02 -3.0027E-01  6.0877E-02
  1.1400E+02  3.5226E+00  4.1417E+01  9.4439E-01  6.3827E-01  9.8849E-01 -3.6252E-01  5.4020E-02  8.0704E-02 -3.0027E-01  6.0877E-02
  1.1400E+02  3.5226E+00  4.1417E+01  9.4439E-01  6.3827E-01  9.8849E-01 -3.6252E-01  5.4020E-02  8.0704E-02 -3.0027E-01  6.0877E-02
  1.1400E+02  3.5226E+00  4.1417E+01  9.4439E-01  6.3827E-01  9.8849E-01 -3.6252E-01  5.4020E-02  8.0704E-02 -3.0027E-01  6.0877E-02
  1.1400E+02  3.5226E+00  4.1417E+01  9.4439E-01  6.3827E-01  9.8849E-01 -3.6252E-01  5.4020E-02  8.0704E-02 -3.0027E-01  6.0877E-02
  1.1400E+02  3.5226E+00  4.1417E+01  9.4439E-01  6.3827E-01  9.8849E-01 -3.6252E-01  5.4020E-02  8.0704E-02 -3.0027E-01  6.0877E-02
  1.1400E+02  3.5226E+00  4.1417E+01  9.4439E-01  6.3827E-01  9.8849E-01 -3.6252E-01  5.4020E-02  8.0704E-02 -3.0027E-01  6.0877E-02
  1.1400E+02  3.5226E+00  4.1417E+01  9.4439E-01  6.3827E-01  9.8849E-01 -3.6252E-01  5.4020E-02  8.0704E-02 -3.0027E-01  6.0877E-02
  1.1400E+02  3.5226E+00  4.1417E+01  9.4439E-01  6.3827E-01  9.8849E-01 -3.6252E-01  5.4020E-02  8.0704E-02 -3.0027E-01  6.0877E-02
  1.1400E+02  3.5226E+00  4.1417E+01  9.4439E-01  6.3827E-01  9.8849E-01 -3.6252E-01  5.4020E-02  8.0704E-02 -3.0027E-01  6.0877E-02
  1.1400E+02  3.5226E+00  4.1417E+01  9.4439E-01  6.3827E-01  9.8849E-01 -3.6252E-01  5.4020E-02  8.0704E-02 -3.0027E-01  6.0877E-02
  1.1400E+02  3.5226E+00  4.1417E+01  9.4439E-01  6.3827E-01  9.8849E-01 -3.6252E-01  5.4020E-02  8.0704E-02 -3.0027E-01  6.0877E-02
  1.1500E+02  4.1010E+00  3.8098E+01  1.0030E+00  9.2465E-01  1.4178E+00 -2.1049E-01 -2.9507E-02  1.3929E-01  7.0379E-02  4.2157E-01
  1.1500E+02  4.1010E+00  3.8098E+01  1.0030E+00  9.2465E-01  1.4178E+00 -2.1049E-01 -2.9507E-02  1.3929E-01  7.0379E-02  4.2157E-01
  1.1500E+02  4.1010E+00  3.8098E+01  1.0030E+00  9.2465E-01  1.4178E+00 -2.1049E-01 -2.9507E-02  1.3929E-01  7.0379E-02  4.2157E-01
  1.1500E+02  4.1010E+00  3.8098E+01  1.0030E+00  9.2465E-01  1.4178E+00 -2.1049E-01 -2.9507E-02  1.3929E-01  7.0379E-02  4.2157E-01
  1.1500E+02  4.1010E+00  3.8098E+01  1.0030E+00  9.2465E-01  1.4178E+00 -2.1049E-01 -2.9507E-02  1.3929E-01  7.0379E-02  4.2157E-01
  1.1500E+02  4.1010E+00  3.8098E+01  1.0030E+00  9.2465E-01  1.4178E+00 -2.1049E-01 -2.9507E-02  1.3929E-01  7.0379E-02  4.2157E-01
  1.1500E+02  4.1010E+00  3.8098E+01  1.0030E+00  9.2465E-01  1.4178E+00 -2.1049E-01 -2.9507E-02  1.3929E-01  7.0379E-02  4.2157E-01
  1.1500E+02  4.1010E+00  3.8098E+01  1.0030E+00  9.2465E-01  1.4178E+00 -2.1049E-01 -2.9507E-02  1.3929E-01  7.0379E-02  4.2157E-01
  1.1500E+02  4.1010E+00  3.8098E+01  1.0030E+00  9.2465E-01  1.4178E+00 -2.1049E-01 -2.9507E-02  1.3929E-01  7.0379E-02  4.2157E-01
  1.1500E+02  4.1010E+00  3.8098E+01  1.0030E+00  9.2465E-01  1.4178E+00 -2.1049E-01 -2.9507E-02  1.3929E-01  7.0379E-02  4.2157E-01
  1.1500E+02  4.1010E+00  3.8098E+01  1.0030E+00  9.2465E-01  1.4178E+00 -2.1049E-01 -2.9507E-02  1.3929E-01  7.0379E-02  4.2157E-01
  1.1500E+02  4.1010E+00  3.8098E+01  1.0030E+00  9.2465E-01  1.4178E+00 -2.1049E-01 -2.9507E-02  1.3929E-01  7.0379E-02  4.2157E-01
  1.1500E+02  4.1010E+00  3.8098E+01  1.0030E+00  9.2465E-01  1.4178E+00 -2.1049E-01 -2.9507E-02  1.3929E-01  7.0379E-02  4.2157E-01
  1.1600E+02  2.8995E+00  3.9996E+01  4.6693E-01  7.9778E-01  7.6730E-01 -5.5717E-01  1.9118E-02 -3.9676E-01 -7.7210E-02 -1.9242E-01
  1.1600E+02  2.8995E+00  3.9996E+01  4.6693E-01  7.9778E-01  7.6730E-01 -5.5717E-01  1.9118E-02 -3.9676E-01 -7.7210E-02 -1.9242E-01
  1.1600E+02  2.8995E+00  3.9996E+01  4.6693E-01  7.9778E-01  7.6730E-01 -5.5717E-01  1.9118E-02 -3.9676E-01 -7.7210E-02 -1.9242E-01
  1.1600E+02  2.8995E+00  3.9996E+01  4.6693E-01  7.9778E-01  7.6730E-01 -5.5717E-01  1.9118E-02 -3.9676E-01 -7.7210E-02 -1.9242E-01
  1.1600E+02  2.8995E+00  3.9996E+01  4.6693E-01  7.9778E-01  7.6730E-01 -5.5717E-01  1.9118E-02 -3.9676E-01 -7.7210E-02 -1.9242E-01
  1.1600E+02  2.8995E+00  3.9996E+01  4.6693E-01  7.9778E-01  7.6730E-01 -5.5717E-01  1.9118E-02 -3.9676E-01 -7.7210E-02 -1.9242E-01
  1.1600E+02  2.8995E+00  3.9996E+01  4.6693E-01  7.9778E-01  7.6730E-01 -5.5717E-01  1.9118E-02 -3.9676E-01 -7.7210E-02 -1.9242E-01
  1.1600E+02  2.8995E+00  3.9996E+01  4.6693E-01  7.9778E-01  7.6730E-01 -5.5717E-01  1.9118E-02 -3.9676E-01 -7.7210E-02 -1.9242E-01
  1.1600E+02  2.8995E+00  3.9996E+01  4.6693E-01  7.9778E-01  7.6730E-01 -5.5717E-01  1.9118E-02 -3.9676E-01 -7.7210E-02 -1.9242E-01
  1.1600E+02  2.8995E+00  3.9996E+01  4.6693E-01  7.9778E-01  7.6730E-01 -5.5717E-01  1.9118E-02 -3.9676E-01 -7.7210E-02 -1.9242E-01
  1.1600E+02  2.8995E+00  3.9996E+01  4.6693E-01  7.9778E-01  7.6730E-01 -5.5717E-01  1.9118E-02 -3.9676E-01 -7.7210E-02 -1.9242E-01
  1.1600E+02  2.8995E+00  3.9996E+01  4.6693E-01  7.9778E-01  7.6730E-01 -5.5717E-01  1.9118E-02 -3.9676E-01 -7.7210E-02 -1.9242E-01
  1.1600E+02  2.8995E+00  3.9996E+01  4.6693E-01  7.9778E-01  7.6730E-01 -5.5717E-01  1.9118E-02 -3.9676E-01 -7.7210E-02 -1.9242E-01
  1.1700E+02  6.3483E+00  3.1858E+01  8.3157E-01  8.3423E-01  9.4933E-01  2.2646E-01 -2.0838E-01 -3.2125E-02 -3.2528E-02  2.0459E-02
  1.1700E+02  6.3483E+00  3.1858E+01  8.3157E-01  8.3423E-01  9.4933E-01  2.2646E-01 -2.0838E-01 -3.2125E-02 -3.2528E-02  2.0459E-02
  1.1700E+02  6.3483E+00  3.1858E+01  8.3157E-01  8.3423E-01  9.4933E-01  2.2646E-01 -2.0838E-01 -3.2125E-02 -3.2528E-02  2.0459E-02
  1.1700E+02  6.3483E+00  3.1858E+01  8.3157E-01  8.3423E-01  9.4933E-01  2.2646E-01 -2.0838E-01 -3.2125E-02 -3.2528E-02  2.0459E-02
  1.1700E+02  6.3483E+00  3.1858E+01  8.3157E-01  8.3423E-01  9.4933E-01  2.2646E-01 -2.0838E-01 -3.2125E-02 -3.2528E-02  2.0459E-02
  1.1700E+02  6.3483E+00  3.1858E+01  8.3157E-01  8.3423E-01  9.4933E-01  2.2646E-01 -2.0838E-01 -3.2125E-02 -3.2528E-02  2.0459E-02
  1.1700E+02  6.3483E+00  3.1858E+01  8.3157E-01  8.3423E-01  9.4933E-01  2.2646E-01 -2.0838E-01 -3.2125E-02 -3.2528E-02  2.0459E-02
  1.1700E+02  6.3483E+00  3.1858E+01  8.3157E-01  8.3423E-01  9.4933E-01  2.2646E-01 -2.0838E-01 -3.2125E-02 -3.2528E-02  2.0459E-02
  1.1700E+02  6.3483E+00  3.1858E+01  8.3157E-01  8.3423E-01  9.4933E-01  2.2646E-01 -2.0838E-01 -3.2125E-02 -3.2528E-02  2.0459E-02
  1.1700E+02  6.3483E+00  3.1858E+01  8.3157E-01  8.3423E-01  9.4933E-01  2.2646E-01 -2.0838E-01 -3.2125E-02 -3.2528E-02  2.0459E-02
  1.1700E+02  6.3483E+00  3.1858E+01  8.3157E-01  8.3423E-01  9.4933E-01  2.2646E-01 -2.0838E-01 -3.2125E-02 -3.2528E-02  2.0459E-02
  1.1700E+02  6.3483E+00  3.1858E+01  8.3157E-01  8.3423E-01  9.4933E-01  2.2646E-01 -2.0838E-01 -3.2125E-02 -3.2528E-02  2.0459E-02
  1.1700E+02  6.3483E+00  3.1858E+01  8.3157E-01  8.3423E-01  9.4933E-01  2.2646E-01 -2.0838E-01 -3.2125E-02 -3.2528E-02  2.0459E-02
  1.1800E+02  5.6758E+00  5.0635E+01  3.4347E-01  1.2323E+00  6.8313E-01  1.1448E-01  2.5497E-01 -5.2022E-01  3.5761E-01 -3.0861E-01
  1.1800E+02  5.6758E+00  5.0635E+01  3.4347E-01  1.2323E+00  6.8313E-01  1.1448E-01  2.5497E-01 -5.2022E-01  3.5761E-01 -3.0861E-01
  1.1800E+02  5.6758E+00  5.0635E+01  3.4347E-01  1.2323E+00  6.8313E-01  1.1448E-01  2.5497E-01 -5.2022E-01  3.5761E-01 -3.0861E-01
  1.1800E+02  5.6758E+00  5.0635E+01  3.4347E-01  1.2323E+00  6.8313E-01  1.1448E-01  2.5497E-01 -5.2022E-01  3.5761E-01 -3.0861E-01
  1.1800E+02  5.6758E+00  5.0635E+01  3.4347E-01  1.2323E+00  6.8313E-01  1.1448E-01  2.5497E-01 -5.2022E-01  3.5761E-01 -3.0861E-01
  1.1800E+02  5.6758E+00  5.0635E+01  3.4347E-01  1.2323E+00  6.8313E-01  1.1448E-01  2.5497E-01 -5.2022E-01  3.5761E-01 -3.0861E-01
  1.1800E+02  5.6758E+00  5.0635E+01  3.4347E-01  1.2323E+00  6.8313E-01  1.1448E-01  2.5497E-01 -5.2022E-01  3.5761E-01 -3.0861E-01
  1.1800E+02  5.6758E+00  5.0635E+01  3.4347E-01  1.2323E+00  6.8313E-01  1.1448E-01  2.5497E-01 -5.2022E-01  3.5761E-01 -3.0861E-01
  1.1800E+02  5.6758E+00  5.0635E+01  3.4347E-01  1.2323E+00  6.8313E-01  1.1448E-01  2.5497E-01 -5.2022E-01  3.5761E-01 -3.0861E-01
  1.1800E+02  5.6758E+00  5.0635E+01  3.4347E-01  1.2323E+00  6.8313E-01  1.1448E-01  2.5497E-01 -5.2022E-01  3.5761E-01 -3.0861E-01
  1.1800E+02  5.6758E+00  5.0635E+01  3.4347E-01  1.2323E+00  6.8313E-01  1.1448E-01  2.5497E-01 -5.2022E-01  3.5761E-01 -3.0861E-01
  1.1800E+02  5.6758E+00  5.0635E+01  3.4347E-01  1.2323E+00  6.8313E-01  1.1448E-01  2.5497E-01 -5.2022E-01  3.5761E-01 -3.0861E-01
  1.1800E+02  5.6758E+00  5.0635E+01  3.4347E-01  1.2323E+00  6.8313E-01  1.1448E-01  2.5497E-01 -5.2022E-01  3.5761E-01 -3.0861E-01
  1.1900E+02  3.3392E+00  3.7752E+01  7.3558E-01  1.3799E+00  5.7223E-01 -4.1600E-01 -3.8641E-02 -1.2811E-01  4.7076E-01 -4.8576E-01
  1.1900E+02  3.3392E+00  3.7752E+01  7.3558E-01  1.3799E+00  5.7223E-01 -4.1600E-01 -3.8641E-02 -1.2811E-01  4.7076E-01 -4.8576E-01
  1.1900E+02  3.3392E+00  3.7752E+01  7.3558E-01  1.3799E+00  5.7223E-01 -4.1600E-01 -3.8641E-02 -1.2811E-01  4.7076E-01 -4.8576E-01
  1.1900E+02  3.3392E+00  3.7752E+01  7.3558E-01  1.3799E+00  5.7223E-01 -4.1600E-01 -3.8641E-02 -1.2811E-01  4.7076E-01 -4.8576E-01
  1.1900E+02  3.3392E+00  3.7752E+01  7.3558E-01  1.3799E+00  5.7223E-01 -4.1600E-01 -3.8641E-02 -1.2811E-01  4.7076E-01 -4.8576E-01
  1.1900E+02  3.3392E+00  3.7752E+01  7.3558E-01  1.3799E+00  5.7223E-01 -4.1600E-01 -3.8641E-02 -1.2811E-01  4.7076E-01 -4.8576E-01
  1.1900E+02  3.3392E+00  3.7752E+01  7.3558E-01  1.3799E+00  5.7223E-01 -4.1600E-01 -3.8641E-02 -1.2811E-01  4.7076E-01 -4.8576E-01
  1.1900E+02  3.3392E+00  3.7752E+01  7.3558E-01  1.3799E+00  5.7223E-01 -4.1600E-01 -3.8641E-02 -1.2811E-01  4.7076E-01 -4.8576E-01
  1.1900E+02  3.3392E+00  3.7752E+01  7.3558E-01  1.3799E+00  5.7223E-01 -4.1600E-01 -3.8641E-02 -1.2811E-01  4.7076E-01 -4.8576E-01
  1.1900E+02  3.3392E+00  3.7752E+01  7.3558E-01  1.3799E+00  5.7223E-01 -4.1600E-01 -3.8641E-02 -1.2811E-01  4.7076E-01 -4.8576E-01
  1.1900E+02  3.3392E+00  3.7752E+01  7.3558E-01  1.3799E+00  5.7223E-01 -4.1600E-01 -3.8641E-02 -1.2811E-01  4.7076E-01 -4.8576E-01
  1.1900E+02  3.3392E+00  3.7752E+01  7.3558E-01  1.3799E+00  5.7223E-01 -4.1600E-01 -3.8641E-02 -1.2811E-01  4.7076E-01 -4.8576E-01
  1.1900E+02  3.3392E+00  3.7752E+01  7.3558E-01  1.3799E+00  5.7223E-01 -4.1600E-01 -3.8641E-02 -1.2811E-01  4.7076E-01 -4.8576E-01
  1.2000E+02  4.2655E+00  2.9259E+01  9.9688E-01  1.4654E+00  6.1677E-01 -1.7116E-01 -2.9348E-01  1.3319E-01  5.3082E-01 -4.1080E-01
  1.2000E+02  4.2655E+00  2.9259E+01  9.9688E-01  1.4654E+00  6.1677E-01 -1.7116E-01 -2.9348E-01  1.3319E-01  5.3082E-01 -4.1080E-01
  1.2000E+02  4.2655E+00  2.9259E+01  9.9688E-01  1.4654E+00  6.1677E-01 -1.7116E-01 -2.9348E-01  1.3319E-01  5.3082E-01 -4.1080E-01
  1.2000E+02  4.2655E+00  2.9259E+01  9.9688E-01  1.4654E+00  6.1677E-01 -1.7116E-01 -2.9348E-01  1.3319E-01  5.3082E-01 -4.1080E-01
  1.2000E+02  4.2655E+00  2.9259E+01  9.9688E-01  1.4654E+00  6.1677E-01 -1.7116E-01 -2.9348E-01  1.3319E-01  5.3082E-01 -4.1080E-01
  1.2000E+02  4.2655E+00  2.9259E+01  9.9688E-01  1.4654E+00  6.1677E-01 -1.7116E-01 -2.9348E-01  1.3319E-01  5.3082E-01 -4.1080E-01
  1.2000E+02  4.2655E+00  2.9259E+01  9.9688E-01  1.4654E+00  6.1677E-01 -1.7116E-01 -2.9348E-01  1.3319E-01  5.3082E-01 -4.1080E-01
  1.2000E+02  4.2655E+00  2.9259E+01  9.9688E-01  1.4654E+00  6.1677E-01 -1.7116E-01 -2.9348E-01  1.3319E-01  5.3082E-01 -4.1080E-01
  1.2000E+02  4.2655E+00  2.9259E+01  9.9688E-01  1.4654E+00  6.1677E-01 -1.7116E-01 -2.9348E-01  1.3319E-01  5.3082E-01 -4.1080E-01
  1.2000E+02  4.2655E+00  2.9259E+01  9.9688E-01  1.4654E+00  6.1677E-01 -1.7116E-01 -2.9348E-01  1.3319E-01  5.3082E-01 -4.1080E-01
  1.2000E+02  4.2655E+00  2.9259E+01  9.9688E-01  1.4654E+00  6.1677E-01 -1.7116E-01 -2.9348E-01  1.3319E-01  5.3082E-01 -4.1080E-01
  1.2000E+02  4.2655E+00  2.9259E+01  9.9688E-01  1.4654E+00  6.1677E-01 -1.7116E-01 -2.9348E-01  1.3319E-01  5.3082E-01 -4.1080E-01
  1.2000E+02  4.2655E+00  2.9259E+01  9.9688E-01  1.4654E+00  6.1677E-01 -1.7116E-01 -2.9348E-01  1.3319E-01  5.3082E-01 -4.1080E-01
  1.2100E+02  6.4790E+00  3.2663E+01  1.0586E+00  7.1290E-01  7.4439E-01  2.4684E-01 -1.8343E-01  1.9490E-01 -1.8970E-01 -2.2273E-01
  1.2100E+02  6.4790E+00  3.2663E+01  1.0586E+00  7.1290E-01  7.4439E-01  2.4684E-01 -1.8343E-01  1.9490E-01 -1.8970E-01 -2.2273E-01
  1.2100E+02  6.4790E+00  3.2663E+01  1.0586E+00  7.1290E-01  7.4439E-01  2.4684E-01 -1.8343E-01  1.9490E-01 -1.8970E-01 -2.2273E-01
  1.2100E+02  6.4790E+00  3.2663E+01  1.0586E+00  7.1290E-01  7.4439E-01  2.4684E-01 -1.8343E-01  1.9490E-01 -1.8970E-01 -2.2273E-01
  1.2100E+02  6.4790E+00  3.2663E+01  1.0586E+00  7.1290E-01  7.4439E-01  2.4684E-01 -1.8343E-01  1.9490E-01 -1.8970E-01 -2.2273E-01
  1.2100E+02  6.4790E+00  3.2663E+01  1.0586E+00  7.1290E-01  7.4439E-01  2.4684E-01 -1.8343E-01  1.9490E-01 -1.8970E-01 -2.2273E-01
  1.2100E+02  6.4790E+00  3.2663E+01  1.0586E+00  7.1290E-01  7.4439E-01  2.4684E-01 -1.8343E-01  1.9490E-01 -1.8970E-01 -2.2273E-01
  1.2100E+02  6.4790E+00  3.2663E+01  1.0586E+00  7.1290E-01  7.4439E-01  2.4684E-01 -1.8343E-01  1.9490E-01 -1.8970E-01 -2.2273E-01
  1.2100E+02  6.4790E+00  3.2663E+01  1.0586E+00  7.1290E-01  7.4439E-01  2.4684E-01 -1.8343E-01  1.9490E-01 -1.8970E-01 -2.2273E-01
  1.2100E+02  6.4790E+00  3.2663E+01  1.0586E+00  7.1290E-01  7.4439E-01  2.4684E-01 -1.8343E-01  1.9490E-01 -1.8970E-01 -2.2273E-01
  1.2100E+02  6.4790E+00  3.2663E+01  1.0586E+00  7.1290E-01  7.4439E-01  2.4684E-01 -1.8343E-01  1.9490E-01 -1.8970E-01 -2.2273E-01
  1.2100E+02  6.4790E+00  3.2663E+01  1.0586E+00  7.1290E-01  7.4439E-01  2.4684E-01 -1.8343E-01  1.9490E-01 -1.8970E-01 -2.2273E-01
  1.2100E+02  6.4790E+00  3.2663E+01  1.0586E+00  7.1290E-01  7.4439E-01  2.4684E-01 -1.8343E-01  1.9490E-01 -1.8970E-01 -2.2273E-01
  1.2200E+02  3.6250E+00  4.0426E+01  1.0667E+00  1.1165E+00  8.1880E-01 -3.3388E-01  2.9803E-02  2.0303E-01  2.5895E-01 -1.2746E-01
  1.2200E+02  3.6250E+00  4.0426E+01  1.0667E+00  1.1165E+00  8.1880E-01 -3.3388E-01  2.9803E-02  2.0303E-01  2.5895E-01 -1.2746E-01
  1.2200E+02  3.6250E+00  4.0426E+01  1.0667E+00  1.1165E+00  8.1880E-01 -3.3388E-01  2.9803E-02  2.0303E-01  2.5895E-01 -1.2746E-01
  1.2200E+02  3.6250E+00  4.0426E+01  1.0667E+00  1.1165E+00  8.1880E-01 -3.3388E-01  2.9803E-02  2.0303E-01  2.5895E-01 -1.2746E-01
  1.2200E+02  3.6250E+00  4.0426E+01  1.0667E+00  1.1165E+00  8.1880E-01 -3.3388E-01  2.9803E-02  2.0303E-01  2.5895E-01 -1.2746E-01
  1.2200E+02  3.6250E+00  4.0426E+01  1.0667E+00  1.1165E+00  8.1880E-01 -3.3388E-01  2.9803E-02  2.0303E-01  2.5895E-01 -1.2746E-01
  1.2200E+02  3.6250E+00  4.0426E+01  1.0667E+00  1.1165E+00  8.1880E-01 -3.3388E-01  2.9803E-02  2.0303E-01  2.5895E-01 -1.2746E-01
  1.2200E+02  3.6250E+00  4.0426E+01  1.0667E+00  1.1165E+00  8.1880E-01 -3.3388E-01  2.9803E-02  2.0303E-01  2.5895E-01 -1.2746E-01
  1.2200E+02  3.6250E+00  4.0426E+01  1.0667E+00  1.1165E+00  8.1880E-01 -3.3388E-01  2.9803E-02  2.0303E-01  2.5895E-01 -1.2746E-01
  1.2200E+02  3.6250E+00  4.0426E+01  1.0667E+00  1.1165E+00  8.1880E-01 -3.3388E-01  2.9803E-02  2.0303E-01  2.5895E-01 -1.2746E-01
  1.2200E+02  3.6250E+00  4.0426E+01  1.0667E+00  1.1165E+00  8.1880E-01 -3.3388E-01  2.9803E-02  2.0303E-01  2.5895E-01 -1.2746E-01
  1.2200E+02  3.6250E+00  4.0426E+01  1.0667E+00  1.1165E+00  8.1880E-01 -3.3388E-01  2.9803E-02  2.0303E-01  2.5895E-01 -1.2746E-01
  1.2200E+02  3.6250E+00  4.0426E+01  1.0667E+00  1.1165E+00  8.1880E-01 -3.3388E-01  2.9803E-02  2.0303E-01  2.5895E-01 -1.2746E-01
  1.2300E+02  4.5446E+00  4.2694E+01  8.9909E-01  1.0805E+00  7.8656E-01 -1.0778E-01  8.4397E-02  3.5394E-02  2.2614E-01 -1.6763E-01
  1.2300E+02  4.5446E+00  4.2694E+01  8.9909E-01  1.0805E+00  7.8656E-01 -1.0778E-01  8.4397E-02  3.5394E-02  2.2614E-01 -1.6763E-01
  1.2300E+02  4.5446E+00  4.2694E+01  8.9909E-01  1.0805E+00  7.8656E-01 -1.0778E-01  8.4397E-02  3.5394E-02  2.2614E-01 -1.6763E-01
  1.2300E+02  4.5446E+00  4.2694E+01  8.9909E-01  1.0805E+00  7.8656E-01 -1.0778E-01  8.4397E-02  3.5394E-02  2.2614E-01 -1.6763E-01
  1.2300E+02  4.5446E+00  4.2694E+01  8.9909E-01  1.0805E+00  7.8656E-01 -1.0778E-01  8.4397E-02  3.5394E-02  2.2614E-01 -1.6763E-01
  1.2300E+02  4.5446E+00  4.2694E+01  8.9909E-01  1.0805E+00  7.8656E-01 -1.0778E-01  8.4397E-02  3.5394E-02  2.2614E-01 -1.6763E-01
  1.2300E+02  4.5446E+00  4.2694E+01  8.9909E-01  1.0805E+00  7.8656E-01 -1.0778E-01  8.4397E-02  3.5394E-02  2.2614E-01 -1.6763E-01
  1.2300E+02  4.5446E+00  4.2694E+01  8.9909E-01  1.0805E+00  7.8656E-01 -1.0778E-01  8.4397E-02  3.5394E-02  2.2614E-01 -1.6763E-01
  1.2300E+02  4.5446E+00  4.2694E+01  8.9909E-01  1.0805E+00  7.8656E-01 -1.0778E-01  8.4397E-02  3.5394E-02  2.2614E-01 -1.6763E-01
  1.2300E+02  4.5446E+00  4.2694E+01  8.9909E-01  1.0805E+00  7.8656E-01 -1.0778E-01  8.4397E-02  3.5394E-02  2.2614E-01 -1.6763E-01
  1.2300E+02  4.5446E+00  4.2694E+01  8.9909E-01  1.0805E+00  7.8656E-01 -1.0778E-01  8.4397E-02  3.5394E-02  2.2614E-01 -1.6763E-01
  1.2300E+02  4.5446E+00  4.2694E+01  8.9909E-01  1.0805E+00  7.8656E-01 -1.0778E-01  8.4397E-02  3.5394E-02  2.2614E-01 -1.6763E-01
  1.2300E+02  4.5446E+00  4.2694E+01  8.9909E-01  1.0805E+00  7.8656E-01 -1.0778E-01  8.4397E-02  3.5394E-02  2.2614E-01 -1.6763E-01
  1.2400E+02  4.3309E+00  4.4876E+01  5.1491E-01  1.1822E+00  5.3940E-01 -1.5594E-01  1.3423E-01 -3.4878E-01  3.1608E-01 -5.4483E-01
  1.2400E+02  4.3309E+00  4.4876E+01  5.1491E-01  1.1822E+00  5.3940E-01 -1.5594E-01  1.3423E-01 -3.4878E-01  3.1608E-01 -5.4483E-01
  1.2400E+02  4.3309E+00  4.4876E+01  5.1491E-01  1.1822E+00  5.3940E-01 -1.5594E-01  1.3423E-01 -3.4878E-01  3.1608E-01 -5.4483E-01
  1.2400E+02  4.3309E+00  4.4876E+01  5.1491E-01  1.1822E+00  5.3940E-01 -1.5594E-01  1.3423E-01 -3.4878E-01  3.1608E-01 -5.4483E-01
  1.2400E+02  4.3309E+00  4.4876E+01  5.1491E-01  1.1822E+00  5.3940E-01 -1.5594E-01  1.3423E-01 -3.4878E-01  3.1608E-01 -5.4483E-01
  1.2400E+02  4.3309E+00  4.4876E+01  5.1491E-01  1.1822E+00  5.3940E-01 -1.5594E-01  1.3423E-01 -3.4878E-01  3.1608E-01 -5.4483E-01
  1.2400E+02  4.3309E+00  4.4876E+01  5.1491E-01  1.1822E+00  5.3940E-01 -1.5594E-01  1.3423E-01 -3.4878E-01  3.1608E-01 -5.4483E-01
  1.2400E+02  4.3309E+00  4.4876E+01  5.1491E-01  1.1822E+00  5.3940E-01 -1.5594E-01  1.3423E-01 -3.4878E-01  3.1608E-01 -5.4483E-01
  1.2400E+02  4.3309E+00  4.4876E+01  5.1491E-01  1.1822E+00  5.3940E-01 -1.5594E-01  1.3423E-01 -3.4878E-01  3.1608E-01 -5.4483E-01
  1.2400E+02  4.3309E+00  4.4876E+01  5.1491E-01  1.1822E+00  5.3940E-01 -1.5594E-01  1.3423E-01 -3.4878E-01  3.1608E-01 -5.4483E-01
  1.2400E+02  4.3309E+00  4.4876E+01  5.1491E-01  1.1822E+00  5.3940E-01 -1.5594E-01  1.3423E-01 -3.4878E-01  3.1608E-01 -5.4483E-01
  1.2400E+02  4.3309E+00  4.4876E+01  5.1491E-01  1.1822E+00  5.3940E-01 -1.5594E-01  1.3423E-01 -3.4878E-01  3.1608E-01 -5.4483E-01
  1.2400E+02  4.3309E+00  4.4876E+01  5.1491E-01  1.1822E+00  5.3940E-01 -1.5594E-01  1.3423E-01 -3.4878E-01  3.1608E-01 -5.4483E-01
  1.2500E+02  6.0687E+00  4.1646E+01  4.0398E-01  7.9217E-01  7.3045E-01  1.8142E-01  5.9523E-02 -4.5971E-01 -8.4262E-02 -2.4163E-01
  1.2500E+02  6.0687E+00  4.1646E+01  4.0398E-01  7.9217E-01  7.3045E-01  1.8142E-01  5.9523E-02 -4.5971E-01 -8.4262E-02 -2.4163E-01
  1.2500E+02  6.0687E+00  4.1646E+01  4.0398E-01  7.9217E-01  7.3045E-01  1.8142E-01  5.9523E-02 -4.5971E-01 -8.4262E-02 -2.4163E-01
  1.2500E+02  6.0687E+00  4.1646E+01  4.0398E-01  7.9217E-01  7.3045E-01  1.8142E-01  5.9523E-02 -4.5971E-01 -8.4262E-02 -2.4163E-01
  1.2500E+02  6.0687E+00  4.1646E+01  4.0398E-01  7.9217E-01  7.3045E-01  1.8142E-01  5.9523E-02 -4.5971E-01 -8.4262E-02 -2.4163E-01
  1.2500E+02  6.0687E+00  4.1646E+01  4.0398E-01  7.9217E-01  7.3045E-01  1.8142E-01  5.9523E-02 -4.5971E-01 -8.4262E-02 -2.4163E-01
  1.2500E+02  6.0687E+00  4.1646E+01  4.0398E-01  7.9217E-01  7.3045E-01  1.8142E-01  5.9523E-02 -4.5971E-01 -8.4262E-02 -2.4163E-01
  1.2500E+02  6.0687E+00  4.1646E+01  4.0398E-01  7.9217E-01  7.3045E-01  1.8142E-01  5.9523E-02 -4.5971E-01 -8.4262E-02 -2.4163E-01
  1.2500E+02  6.0687E+00  4.1646E+01  4.0398E-01  7.9217E-01  7.3045E-01  1.8142E-01  5.9523E-02 -4.5971E-01 -8.4262E-02 -2.4163E-01
  1.2500E+02  6.0687E+00  4.1646E+01  4.0398E-01  7.9217E-01  7.3045E-01  1.8142E-01  5.9523E-02 -4.5971E-01 -8.4262E-02 -2.4163E-01
  1.2500E+02  6.0687E+00  4.1646E+01  4.0398E-01  7.9217E-01  7.3045E-01  1.8142E-01  5.9523E-02 -4.5971E-01 -8.4262E-02 -2.4163E-01
  1.2500E+02  6.0687E+00  4.1646E+01  4.0398E-01  7.9217E-01  7.3045E-01  1.8142E-01  5.9523E-02 -4.5971E-01 -8.4262E-02 -2.4163E-01
  1.2500E+02  6.0687E+00  4.1646E+01  4.0398E-01  7.9217E-01  7.3045E-01  1.8142E-01  5.9523E-02 -4.5971E-01 -8.4262E-02 -2.4163E-01
  1.2600E+02  5.3909E+00  3.5917E+01  7.1555E-01  6.9954E-01  1.4002E+00  6.2991E-02 -8.8472E-02 -1.4815E-01 -2.0861E-01  4.0904E-01
  1.2600E+02  5.3909E+00  3.5917E+01  7.1555E-01  6.9954E-01  1.4002E+00  6.2991E-02 -8.8472E-02 -1.4815E-01 -2.0861E-01  4.0904E-01
  1.2600E+02  5.3909E+00  3.5917E+01  7.1555E-01  6.9954E-01  1.4002E+00  6.2991E-02 -8.8472E-02 -1.4815E-01 -2.0861E-01  4.0904E-01
  1.2600E+02  5.3909E+00  3.5917E+01  7.1555E-01  6.9954E-01  1.4002E+00  6.2991E-02 -8.8472E-02 -1.4815E-01 -2.0861E-01  4.0904E-01
  1.2600E+02  5.3909E+00  3.5917E+01  7.1555E-01  6.9954E-01  1.4002E+00  6.2991E-02 -8.8472E-02 -1.4815E-01 -2.0861E-01  4.0904E-01
  1.2600E+02  5.3909E+00  3.5917E+01  7.1555E-01  6.9954E-01  1.4002E+00  6.2991E-02 -8.8472E-02 -1.4815E-01 -2.0861E-01  4.0904E-01
  1.2600E+02  5.3909E+00  3.5917E+01  7.1555E-01  6.9954E-01  1.4002E+00  6.2991E-02 -8.8472E-02 -1.4815E-01 -2.0861E-01  4.0904E-01
  1.2600E+02  5.3909E+00  3.5917E+01  7.1555E-01  6.9954E-01  1.4002E+00  6.2991E-02 -8.8472E-02 -1.4815E-01 -2.0861E-01  4.0904E-01
  1.2600E+02  5.3909E+00  3.5917E+01  7.1555E-01  6.9954E-01  1.4002E+00  6.2991E-02 -8.8472E-02 -1.4815E-01 -2.0861E-01  4.0904E-01
  1.2600E+02  5.3909E+00  3.5917E+01  7.1555E-01  6.9954E-01  1.4002E+00  6.2991E-02 -8.8472E-02 -1.4815E-01 -2.0861E-01  4.0904E-01
  1.2600E+02  5.3909E+00  3.5917E+01  7.1555E-01  6.9954E-01  1.4002E+00  6.2991E-02 -8.8472E-02 -1.4815E-01 -2.0861E-01  4.0904E-01
  1.2600E+02  5.3909E+00  3.5917E+01  7.1555E-01  6.9954E-01  1.4002E+00  6.2991E-02 -8.8472E-02 -1.4815E-01 -2.0861E-01  4.0904E-01
  1.2600E+02  5.3909E+00  3.5917E+01  7.1555E-01  6.9954E-01  1.4002E+00  6.2991E-02 -8.8472E-02 -1.4815E-01 -2.0861E-01  4.0904E-01
  1.2700E+02  5.0082E+00  4.7736E+01  1.0497E+00  8.1287E-01  1.2342E+00 -1.0640E-02  1.9600E-01  1.8597E-01 -5.8464E-02  2.8290E-01
  1.2700E+02  5.0082E+00  4.7736E+01  1.0497E+00  8.1287E-01  1.2342E+00 -1.0640E-02  1.9600E-01  1.8597E-01 -5.8464E-02  2.8290E-01
  1.2700E+02  5.0082E+00  4.7736E+01  1.0497E+00  8.1287E-01  1.2342E+00 -1.0640E-02  1.9600E-01  1.8597E-01 -5.8464E-02  2.8290E-01
  1.2700E+02  5.0082E+00  4.7736E+01  1.0497E+00  8.1287E-01  1.2342E+00 -1.0640E-02  1.9600E-01  1.8597E-01 -5.8464E-02  2.8290E-01
  1.2700E+02  5.0082E+00  4.7736E+01  1.0497E+00  8.1287E-01  1.2342E+00 -1.0640E-02  1.9600E-01  1.8597E-01 -5.8464E-02  2.8290E-01
  1.2700E+02  5.0082E+00  4.7736E+01  1.0497E+00  8.1287E-01  1.2342E+00 -1.0640E-02  1.9600E-01  1.8597E-01 -5.8464E-02  2.8290E-01
  1.2700E+02  5.0082E+00  4.7736E+01  1.0497E+00  8.1287E-01  1.2342E+00 -1.0640E-02  1.9600E-01  1.8597E-01 -5.8464E-02  2.8290E-01
  1.2700E+02  5.0082E+00  4.7736E+01  1.0497E+00  8.1287E-01  1.2342E+00 -1.0640E-02  1.9600E-01  1.8597E-01 -5.8464E-02  2.8290E-01
  1.2700E+02  5.0082E+00  4.7736E+01  1.0497E+00  8.1287E-01  1.2342E+00 -1.0640E-02  1.9600E-01  1.8597E-01 -5.8464E-02  2.8290E-01
  1.2700E+02  5.0082E+00  4.7736E+01  1.0497E+00  8.1287E-01  1.2342E+00 -1.0640E-02  1.9600E-01  1.8597E-01 -5.8464E-02  2.8290E-01
  1.2700E+02  5.0082E+00  4.7736E+01  1.0497E+00  8.1287E-01  1.2342E+00 -1.0640E-02  1.9600E-01  1.8597E-01 -5.8464E-02  2.8290E-01
  1.2700E+02  5.0082E+00  4.7736E+01  1.0497E+00  8.1287E-01  1.2342E+00 -1.0640E-02  1.9600E-01  1.8597E-01 -5.8464E-02  2.8290E-01
  1.2700E+02  5.0082E+00  4.7736E+01  1.0497E+00  8.1287E-01  1.2342E+00 -1.0640E-02  1.9600E-01  1.8597E-01 -5.8464E-02  2.8290E-01
  1.2800E+02  4.3132E+00  3.3832E+01  1.0242E+00  8.9104E-01  1.1751E+00 -1.6005E-01 -1.4825E-01  1.6054E-01  3.3346E-02  2.3383E-01
  1.2800E+02  4.3132E+00  3.3832E+01  1.0242E+00  8.9104E-01  1.1751E+00 -1.6005E-01 -1.4825E-01  1.6054E-01  3.3346E-02  2.3383E-01
  1.2800E+02  4.3132E+00  3.3832E+01  1.0242E+00  8.9104E-01  1.1751E+00 -1.6005E-01 -1.4825E-01  1.6054E-01  3.3346E-02  2.3383E-01
  1.2800E+02  4.3132E+00  3.3832E+01  1.0242E+00  8.9104E-01  1.1751E+00 -1.6005E-01 -1.4825E-01  1.6054E-01  3.3346E-02  2.3383E-01
  1.2800E+02  4.3132E+00  3.3832E+01  1.0242E+00  8.9104E-01  1.1751E+00 -1.6005E-01 -1.4825E-01  1.6054E-01  3.3346E-02  2.3383E-01
  1.2800E+02  4.3132E+00  3.3832E+01  1.0242E+00  8.9104E-01  1.1751E+00 -1.6005E-01 -1.4825E-01  1.6054E-01  3.3346E-02  2.3383E-01
  1.2800E+02  4.3132E+00  3.3832E+01  1.0242E+00  8.9104E-01  1.1751E+00 -1.6005E-01 -1.4825E-01  1.6054E-01  3.3346E-02  2.3383E-01
  1.2800E+02  4.3132E+00  3.3832E+01  1.0242E+00  8.9104E-01  1.1751E+00 -1.6005E-01 -1.4825E-01  1.6054E-01  3.3346E-02  2.3383E-01
  1.2800E+02  4.3132E+00  3.3832E+01  1.0242E+00  8.9104E-01  1.1751E+00 -1.6005E-01 -1.4825E-01  1.6054E-01  3.3346E-02  2.3383E-01
  1.2800E+02  4.3132E+00  3.3832E+01  1.0242E+00  8.9104E-01  1.1751E+00 -1.6005E-01 -1.4825E-01  1.6054E-01  3.3346E-02  2.3383E-01
  1.2800E+02  4.3132E+00  3.3832E+01  1.0242E+00  8.9104E-01  1.1751E+00 -1.6005E-01 -1.4825E-01  1.6054E-01  3.3346E-02  2.3383E-01
  1.2800E+02  4.3132E+00  3.3832E+01  1.0242E+00  8.9104E-01  1.1751E+00 -1.6005E-01 -1.4825E-01  1.6054E-01  3.3346E-02  2.3383E-01
  1.2800E+02  4.3132E+00  3.3832E+01  1.0242E+00  8.9104E-01  1.1751E+00 -1.6005E-01 -1.4825E-01  1.6054E-01  3.3346E-02  2.3383E-01
  1.2900E+02  5.8821E+00  3.8363E+01  9.3991E-01  6.4916E-01  6.6238E-01  1.5019E-01 -2.2590E-02  7.6222E-02 -2.8336E-01 -3.3945E-01
  1.2900E+02  5.8821E+00  3.8363E+01  9.3991E-01  6.4916E-01  6.6238E-01  1.5019E-01 -2.2590E-02  7.6222E-02 -2.8336E-01 -3.3945E-01
  1.2900E+02  5.8821E+00  3.8363E+01  9.3991E-01  6.4916E-01  6.6238E-01  1.5019E-01 -2.2590E-02  7.6222E-02 -2.8336E-01 -3.3945E-01
  1.2900E+02  5.8821E+00  3.8363E+01  9.3991E-01  6.4916E-01  6.6238E-01  1.5019E-01 -2.2590E-02  7.6222E-02 -2.8336E-01 -3.3945E-01
  1.2900E+02  5.8821E+00  3.8363E+01  9.3991E-01  6.4916E-01  6.6238E-01  1.5019E-01 -2.2590E-02  7.6222E-02 -2.8336E-01 -3.3945E-01
  1.2900E+02  5.8821E+00  3.8363E+01  9.3991E-01  6.4916E-01  6.6238E-01  1.5019E-01 -2.2590E-02  7.6222E-02 -2.8336E-01 -3.3945E-01
  1.2900E+02  5.8821E+00  3.8363E+01  9.3991E-01  6.4916E-01  6.6238E-01  1.5019E-01 -2.2590E-02  7.6222E-02 -2.8336E-01 -3.3945E-01
  1.2900E+02  5.8821E+00  3.8363E+01  9.3991E-01  6.4916E-01  6.6238E-01  1.5019E-01 -2.2590E-02  7.6222E-02 -2.8336E-01 -3.3945E-01
  1.2900E+02  5.8821E+00  3.8363E+01  9.3991E-01  6.4916E-01  6.6238E-01  1.5019E-01 -2.2590E-02  7.6222E-02 -2.8336E-01 -3.3945E-01
  1.2900E+02  5.8821E+00  3.8363E+01  9.3991E-01  6.4916E-01  6.6238E-01  1.5019E-01 -2.2590E-02  7.6222E-02 -2.8336E-01 -3.3945E-01
  1.2900E+02  5.8821E+00  3.8363E+01  9.3991E-01  6.4916E-01  6.6238E-01  1.5019E-01 -2.2590E-02  7.6222E-02 -2.8336E-01 -3.3945E-01
  1.2900E+02  5.8821E+00  3.8363E+01  9.3991E-01  6.4916E-01  6.6238E-01  1.5019E-01 -2.2590E-02  7.6222E-02 -2.8336E-01 -3.3945E-01
  1.2900E+02  5.8821E+00  3.8363E+01  9.3991E-01  6.4916E-01  6.6238E-01  1.5019E-01 -2.2590E-02  7.6222E-02 -2.8336E-01 -3.3945E-01
  1.3000E+02  4.2697E+00  3.8224E+01  5.4696E-01  8.1509E-01  8.2891E-01 -1.7019E-01 -2.6196E-02 -3.1673E-01 -5.5743E-02 -1.1519E-01
  1.3000E+02  4.2697E+00  3.8224E+01  5.4696E-01  8.1509E-01  8.2891E-01 -1.7019E-01 -2.6196E-02 -3.1673E-01 -5.5743E-02 -1.1519E-01
  1.3000E+02  4.2697E+00  3.8224E+01  5.4696E-01  8.1509E-01  8.2891E-01 -1.7019E-01 -2.6196E-02 -3.1673E-01 -5.5743E-02 -1.1519E-01
  1.3000E+02  4.2697E+00  3.8224E+01  5.4696E-01  8.1509E-01  8.2891E-01 -1.7019E-01 -2.6196E-02 -3.1673E-01 -5.5743E-02 -1.1519E-01
  1.3000E+02  4.2697E+00  3.8224E+01  5.4696E-01  8.1509E-01  8.2891E-01 -1.7019E-01 -2.6196E-02 -3.1673E-01 -5.5743E-02 -1.1519E-01
  1.3000E+02  4.2697E+00  3.8224E+01  5.4696E-01  8.1509E-01  8.2891E-01 -1.7019E-01 -2.6196E-02 -3.1673E-01 -5.5743E-02 -1.1519E-01
  1.3000E+02  4.2697E+00  3.8224E+01  5.4696E-01  8.1509E-01  8.2891E-01 -1.7019E-01 -2.6196E-02 -3.1673E-01 -5.5743E-02 -1.1519E-01
  1.3000E+02  4.2697E+00  3.8224E+01  5.4696E-01  8.1509E-01  8.2891E-01 -1.7019E-01 -2.6196E-02 -3.1673E-01 -5.5743E-02 -1.1519E-01
  1.3000E+02  4.2697E+00  3.8224E+01  5.4696E-01  8.1509E-01  8.2891E-01 -1.7019E-01 -2.6196E-02 -3.1673E-01 -5.5743E-02 -1.1519E-01
  1.3000E+02  4.2697E+00  3.8224E+01  5.4696E-01  8.1509E-01  8.2891E-01 -1.7019E-01 -2.6196E-02 -3.1673E-01 -5.5743E-02 -1.1519E-01
  1.3000E+02  4.2697E+00  3.8224E+01  5.4696E-01  8.1509E-01  8.2891E-01 -1.7019E-01 -2.6196E-02 -3.1673E-01 -5.5743E-02 -1.1519E-01
  1.3000E+02  4.2697E+00  3.8224E+01  5.4696E-01  8.1509E-01  8.2891E-01 -1.7019E-01 -2.6196E-02 -3.1673E-01 -5.5743E-02 -1.1519E-01
  1.3000E+02  4.2697E+00  3.8224E+01  5.4696E-01  8.1509E-01  8.2891E-01 -1.7019E-01 -2.6196E-02 -3.1673E-01 -5.5743E-02 -1.1519E-01
  1.3100E+02  4.2620E+00  3.8078E+01  1.1789E+00  7.6187E-01  1.5037E+00 -1.7198E-01 -3.0025E-02  3.1525E-01 -1.2327E-01  4.8036E-01
  1.3100E+02  4.2620E+00  3.8078E+01  1.1789E+00  7.6187E-01  1.5037E+00 -1.7198E-01 -3.0025E-02  3.1525E-01 -1.2327E-01  4.8036E-01
  1.3100E+02  4.2620E+00  3.8078E+01  1.1789E+00  7.6187E-01  1.5037E+00 -1.7198E-01 -3.0025E-02  3.1525E-01 -1.2327E-01  4.8036E-01
  1.3100E+02  4.2620E+00  3.8078E+01  1.1789E+00  7.6187E-01  1.5037E+00 -1.7198E-01 -3.0025E-02  3.1525E-01 -1.2327E-01  4.8036E-01
  1.3100E+02  4.2620E+00  3.8078E+01  1.1789E+00  7.6187E-01  1.5037E+00 -1.7198E-01 -3.0025E-02  3.1525E-01 -1.2327E-01  4.8036E-01
  1.3100E+02  4.2620E+00  3.8078E+01  1.1789E+00  7.6187E-01  1.5037E+00 -1.7198E-01 -3.0025E-02  3.1525E-01 -1.2327E-01  4.8036E-01
  1.3100E+02  4.2620E+00  3.8078E+01  1.1789E+00  7.6187E-01  1.5037E+00 -1.7198E-01 -3.0025E-02  3.1525E-01 -1.2327E-01  4.8036E-01
  1.3100E+02  4.2620E+00  3.8078E+01  1.1789E+00  7.6187E-01  1.5037E+00 -1.7198E-01 -3.0025E-02  3.1525E-01 -1.2327E-01  4.8036E-01
  1.3100E+02  4.2620E+00  3.8078E+01  1.1789E+00  7.6187E-01  1.5037E+00 -1.7198E-01 -3.0025E-02  3.1525E-01 -1.2327E-01  4.8036E-01
  1.3100E+02  4.2620E+00  3.8078E+01  1.1789E+00  7.6187E-01  1.5037E+00 -1.7198E-01 -3.0025E-02  3.1525E-01 -1.2327E-01  4.8036E-01
  1.3100E+02  4.2620E+00  3.8078E+01  1.1789E+00  7.6187E-01  1.5037E+00 -1.7198E-01 -3.0025E-02  3.1525E-01 -1.2327E-01  4.8036E-01
  1.3100E+02  4.2620E+00  3.8078E+01  1.1789E+00  7.6187E-01  1.5037E+00 -1.7198E-01 -3.0025E-02  3.1525E-01 -1.2327E-01  4.8036E-01
  1.3100E+02  4.2620E+00  3.8078E+01  1.1789E+00  7.6187E-01  1.5037E+00 -1.7198E-01 -3.0025E-02  3.1525E-01 -1.2327E-01  4.8036E-01
  1.3200E+02  4.3049E+00  3.4363E+01  6.9946E-01  9.2376E-01  8.1546E-01 -1.6196E-01 -1.3270E-01 -1.6423E-01  6.9410E-02 -1.3155E-01
  1.3200E+02  4.3049E+00  3.4363E+01  6.9946E-01  9.2376E-01  8.1546E-01 -1.6196E-01 -1.3270E-01 -1.6423E-01  6.9410E-02 -1.3155E-01
  1.3200E+02  4.3049E+00  3.4363E+01  6.9946E-01  9.2376E-01  8.1546E-01 -1.6196E-01 -1.3270E-01 -1.6423E-01  6.9410E-02 -1.3155E-01
  1.3200E+02  4.3049E+00  3.4363E+01  6.9946E-01  9.2376E-01  8.1546E-01 -1.6196E-01 -1.3270E-01 -1.6423E-01  6.9410E-02 -1.3155E-01
  1.3200E+02  4.3049E+00  3.4363E+01  6.9946E-01  9.2376E-01  8.1546E-01 -1.6196E-01 -1.3270E-01 -1.6423E-01  6.9410E-02 -1.3155E-01
  1.3200E+02  4.3049E+00  3.4363E+01  6.9946E-01  9.2376E-01  8.1546E-01 -1.6196E-01 -1.3270E-01 -1.6423E-01  6.9410E-02 -1.3155E-01
  1.3200E+02  4.3049E+00  3.4363E+01  6.9946E-01  9.2376E-01  8.1546E-01 -1.6196E-01 -1.3270E-01 -1.6423E-01  6.9410E-02 -1.3155E-01
  1.3200E+02  4.3049E+00  3.4363E+01  6.9946E-01  9.2376E-01  8.1546E-01 -1.6196E-01 -1.3270E-01 -1.6423E-01  6.9410E-02 -1.3155E-01
  1.3200E+02  4.3049E+00  3.4363E+01  6.9946E-01  9.2376E-01  8.1546E-01 -1.6196E-01 -1.3270E-01 -1.6423E-01  6.9410E-02 -1.3155E-01
  1.3200E+02  4.3049E+00  3.4363E+01  6.9946E-01  9.2376E-01  8.1546E-01 -1.6196E-01 -1.3270E-01 -1.6423E-01  6.9410E-02 -1.3155E-01
  1.3200E+02  4.3049E+00  3.4363E+01  6.9946E-01  9.2376E-01  8.1546E-01 -1.6196E-01 -1.3270E-01 -1.6423E-01  6.9410E-02 -1.3155E-01
  1.3200E+02  4.3049E+00  3.4363E+01  6.9946E-01  9.2376E-01  8.1546E-01 -1.6196E-01 -1.3270E-01 -1.6423E-01  6.9410E-02 -1.3155E-01
  1.3200E+02  4.3049E+00  3.4363E+01  6.9946E-01  9.2376E-01  8.1546E-01 -1.6196E-01 -1.3270E-01 -1.6423E-01  6.9410E-02 -1.3155E-01
  1.3300E+02  7.3016E+00  3.9585E+01  8.3348E-01  1.2997E+00  8.4087E-01  3.6637E-01  8.7888E-03 -3.0207E-02  4.1084E-01 -1.0086E-01
  1.3300E+02  7.3016E+00  3.9585E+01  8.3348E-01  1.2997E+00  8.4087E-01  3.6637E-01  8.7888E-03 -3.0207E-02  4.1084E-01 -1.0086E-01
  1.3300E+02  7.3016E+00  3.9585E+01  8.3348E-01  1.2997E+00  8.4087E-01  3.6637E-01  8.7888E-03 -3.0207E-02  4.1084E-01 -1.0086E-01
  1.3300E+02  7.3016E+00  3.9585E+01  8.3348E-01  1.2997E+00  8.4087E-01  3.6637E-01  8.7888E-03 -3.0207E-02  4.1084E-01 -1.0086E-01
  1.3300E+02  7.3016E+00  3.9585E+01  8.3348E-01  1.2997E+00  8.4087E-01  3.6637E-01  8.7888E-03 -3.0207E-02  4.1084E-01 -1.0086E-01
  1.3300E+02  7.3016E+00  3.9585E+01  8.3348E-01  1.2997E+00  8.4087E-01  3.6637E-01  8.7888E-03 -3.0207E-02  4.1084E-01 -1.0086E-01
  1.3300E+02  7.3016E+00  3.9585E+01  8.3348E-01  1.2997E+00  8.4087E-01  3.6637E-01  8.7888E-03 -3.0207E-02  4.1084E-01 -1.0086E-01
  1.3300E+02  7.3016E+00  3.9585E+01  8.3348E-01  1.2997E+00  8.4087E-01  3.6637E-01  8.7888E-03 -3.0207E-02  4.1084E-01 -1.0086E-01
  1.3300E+02  7.3016E+00  3.9585E+01  8.3348E-01  1.2997E+00  8.4087E-01  3.6637E-01  8.7888E-03 -3.0207E-02  4.1084E-01 -1.0086E-01
  1.3300E+02  7.3016E+00  3.9585E+01  8.3348E-01  1.2997E+00  8.4087E-01  3.6637E-01  8.7888E-03 -3.0207E-02  4.1084E-01 -1.0086E-01
  1.3300E+02  7.3016E+00  3.9585E+01  8.3348E-01  1.2997E+00  8.4087E-01  3.6637E-01  8.7888E-03 -3.0207E-02  4.1084E-01 -1.0086E-01
  1.3300E+02  7.3016E+00  3.9585E+01  8.3348E-01  1.2997E+00  8.4087E-01  3.6637E-01  8.7888E-03 -3.0207E-02  4.1084E-01 -1.0086E-01
  1.3300E+02  7.3016E+00  3.9585E+01  8.3348E-01  1.2997E+00  8.4087E-01  3.6637E-01  8.7888E-03 -3.0207E-02  4.1084E-01 -1.0086E-01
  1.3400E+02  5.3074E+00  4.5316E+01  1.1421E+00  9.7646E-01  1.0512E+00  4.7388E-02  1.4399E-01  2.7844E-01  1.2490E-01  1.2239E-01
  1.3400E+02  5.3074E+00  4.5316E+01  1.1421E+00  9.7646E-01  1.0512E+00  4.7388E-02  1.4399E-01  2.7844E-01  1.2490E-01  1.2239E-01
  1.3400E+02  5.3074E+00  4.5316E+01  1.1421E+00  9.7646E-01  1.0512E+00  4.7388E-02  1.4399E-01  2.7844E-01  1.2490E-01  1.2239E-01
  1.3400E+02  5.3074E+00  4.5316E+01  1.1421E+00  9.7646E-01  1.0512E+00  4.7388E-02  1.4399E-01  2.7844E-01  1.2490E-01  1.2239E-01
  1.3400E+02  5.3074E+00  4.5316E+01  1.1421E+00  9.7646E-01  1.0512E+00  4.7388E-02  1.4399E-01  2.7844E-01  1.2490E-01  1.2239E-01
  1.3400E+02  5.3074E+00  4.5316E+01  1.1421E+00  9.7646E-01  1.0512E+00  4.7388E-02  1.4399E-01  2.7844E-01  1.2490E-01  1.2239E-01
  1.3400E+02  5.3074E+00  4.5316E+01  1.1421E+00  9.7646E-01  1.0512E+00  4.7388E-02  1.4399E-01  2.7844E-01  1.2490E-01  1.2239E-01
  1.3400E+02  5.3074E+00  4.5316E+01  1.1421E+00  9.7646E-01  1.0512E+00  4.7388E-02  1.4399E-01  2.7844E-01  1.2490E-01  1.2239E-01
  1.3400E+02  5.3074E+00  4.5316E+01  1.1421E+00  9.7646E-01  1.0512E+00  4.7388E-02  1.4399E-01  2.7844E-01  1.2490E-01  1.2239E-01
  1.3400E+02  5.3074E+00  4.5316E+01  1.1421E+00  9.7646E-01  1.0512E+00  4.7388E-02  1.4399E-01  2.7844E-01  1.2490E-01  1.2239E-01
  1.3400E+02  5.3074E+00  4.5316E+01  1.1421E+00  9.7646E-01  1.0512E+00  4.7388E-02  1.4399E-01  2.7844E-01  1.2490E-01  1.2239E-01
  1.3400E+02  5.3074E+00  4.5316E+01  1.1421E+00  9.7646E-01  1.0512E+00  4.7388E-02  1.4399E-01  2.7844E-01  1.2490E-01  1.2239E-01
  1.3400E+02  5.3074E+00  4.5316E+01  1.1421E+00  9.7646E-01  1.0512E+00  4.7388E-02  1.4399E-01  2.7844E-01  1.2490E-01  1.2239E-01
  1.3500E+02  3.3421E+00  4.5384E+01  1.0853E+00  1.0195E+00  1.1967E+00 -4.1512E-01  1.4548E-01  2.2156E-01  1.6805E-01  2.5199E-01
  1.3500E+02  3.3421E+00  4.5384E+01  1.0853E+00  1.0195E+00  1.1967E+00 -4.1512E-01  1.4548E-01  2.2156E-01  1.6805E-01  2.5199E-01
  1.3500E+02  3.3421E+00  4.5384E+01  1.0853E+00  1.0195E+00  1.1967E+00 -4.1512E-01  1.4548E-01  2.2156E-01  1.6805E-01  2.5199E-01
  1.3500E+02  3.3421E+00  4.5384E+01  1.0853E+00  1.0195E+00  1.1967E+00 -4.1512E-01  1.4548E-01  2.2156E-01  1.6805E-01  2.5199E-01
  1.3500E+02  3.3421E+00  4.5384E+01  1.0853E+00  1.0195E+00  1.1967E+00 -4.1512E-01  1.4548E-01  2.2156E-01  1.6805E-01  2.5199E-01
  1.3500E+02  3.3421E+00  4.5384E+01  1.0853E+00  1.0195E+00  1.1967E+00 -4.1512E-01  1.4548E-01  2.2156E-01  1.6805E-01  2.5199E-01
  1.3500E+02  3.3421E+00  4.5384E+01  1.0853E+00  1.0195E+00  1.1967E+00 -4.1512E-01  1.4548E-01  2.2156E-01  1.6805E-01  2.5199E-01
  1.3500E+02  3.3421E+00  4.5384E+01  1.0853E+00  1.0195E+00  1.1967E+00 -4.1512E-01  1.4548E-01  2.2156E-01  1.6805E-01  2.5199E-01
  1.3500E+02  3.3421E+00  4.5384E+01  1.0853E+00  1.0195E+00  1.1967E+00 -4.1512E-01  1.4548E-01  2.2156E-01  1.6805E-01  2.5199E-01
  1.3500E+02  3.3421E+00  4.5384E+01  1.0853E+00  1.0195E+00  1.1967E+00 -4.1512E-01  1.4548E-01  2.2156E-01  1.6805E-01  2.5199E-01
  1.3500E+02  3.3421E+00  4.5384E+01  1.0853E+00  1.0195E+00  1.1967E+00 -4.1512E-01  1.4548E-01  2.2156E-01  1.6805E-01  2.5199E-01
  1.3500E+02  3.3421E+00  4.5384E+01  1.0853E+00  1.0195E+00  1.1967E+00 -4.1512E-01  1.4548E-01  2.2156E-01  1.6805E-01  2.5199E-01
  1.3500E+02  3.3421E+00  4.5384E+01  1.0853E+00  1.0195E+00  1.1967E+00 -4.1512E-01  1.4548E-01  2.2156E-01  1.6805E-01  2.5199E-01
  1.3600E+02  4.0486E+00  3.7290E+01  8.8495E-01  7.3563E-01  1.2068E+00 -2.2335E-01 -5.0939E-02  2.1263E-02 -1.5832E-01  2.6042E-01
  1.3600E+02  4.0486E+00  3.7290E+01  8.8495E-01  7.3563E-01  1.2068E+00 -2.2335E-01 -5.0939E-02  2.1263E-02 -1.5832E-01  2.6042E-01
  1.3600E+02  4.0486E+00  3.7290E+01  8.8495E-01  7.3563E-01  1.2068E+00 -2.2335E-01 -5.0939E-02  2.1263E-02 -1.5832E-01  2.6042E-01
  1.3600E+02  4.0486E+00  3.7290E+01  8.8495E-01  7.3563E-01  1.2068E+00 -2.2335E-01 -5.0939E-02  2.1263E-02 -1.5832E-01  2.6042E-01
  1.3600E+02  4.0486E+00  3.7290E+01  8.8495E-01  7.3563E-01  1.2068E+00 -2.2335E-01 -5.0939E-02  2.1263E-02 -1.5832E-01  2.6042E-01
  1.3600E+02  4.0486E+00  3.7290E+01  8.8495E-01  7.3563E-01  1.2068E+00 -2.2335E-01 -5.0939E-02  2.1263E-02 -1.5832E-01  2.6042E-01
  1.3600E+02  4.0486E+00  3.7290E+01  8.8495E-01  7.3563E-01  1.2068E+00 -2.2335E-01 -5.0939E-02  2.1263E-02 -1.5832E-01  2.6042E-01
  1.3600E+02  4.0486E+00  3.7290E+01  8.8495E-01  7.3563E-01  1.2068E+00 -2.2335E-01 -5.0939E-02  2.1263E-02 -1.5832E-01  2.6042E-01
  1.3600E+02  4.0486E+00  3.7290E+01  8.8495E-01  7.3563E-01  1.2068E+00 -2.2335E-01 -5.0939E-02  2.1263E-02 -1.5832E-01  2.6042E-01
  1.3600E+02  4.0486E+00  3.7290E+01  8.8495E-01  7.3563E-01  1.2068E+00 -2.2335E-01 -5.0939E-02  2.1263E-02 -1.5832E-01  2.6042E-01
  1.3600E+02  4.0486E+00  3.7290E+01  8.8495E-01  7.3563E-01  1.2068E+00 -2.2335E-01 -5.0939E-02  2.1263E-02 -1.5832E-01  2.6042E-01
  1.3600E+02  4.0486E+00  3.7290E+01  8.8495E-01  7.3563E-01  1.2068E+00 -2.2335E-01 -5.0939E-02  2.1263E-02 -1.5832E-01  2.6042E-01
  1.3600E+02  4.0486E+00  3.7290E+01  8.8495E-01  7.3563E-01  1.2068E+00 -2.2335E-01 -5.0939E-02  2.1263E-02 -1.5832E-01  2.6042E-01
  1.3700E+02  8.5642E+00  3.4991E+01  1.1500E+00  7.9333E-01  1.6224E+00  5.2586E-01 -1.1459E-01  2.8635E-01 -8.2796E-02  5.5639E-01
  1.3700E+02  8.5642E+00  3.4991E+01  1.1500E+00  7.9333E-01  1.6224E+00  5.2586E-01 -1.1459E-01  2.8635E-01 -8.2796E-02  5.5639E-01
  1.3700E+02  8.5642E+00  3.4991E+01  1.1500E+00  7.9333E-01  1.6224E+00  5.2586E-01 -1.1459E-01  2.8635E-01 -8.2796E-02  5.5639E-01
  1.3700E+02  8.5642E+00  3.4991E+01  1.1500E+00  7.9333E-01  1.6224E+00  5.2586E-01 -1.1459E-01  2.8635E-01 -8.2796E-02  5.5639E-01
  1.3700E+02  8.5642E+00  3.4991E+01  1.1500E+00  7.9333E-01  1.6224E+00  5.2586E-01 -1.1459E-01  2.8635E-01 -8.2796E-02  5.5639E-01
  1.3700E+02  8.5642E+00  3.4991E+01  1.1500E+00  7.9333E-01  1.6224E+00  5.2586E-01 -1.1459E-01  2.8635E-01 -8.2796E-02  5.5639E-01
  1.3700E+02  8.5642E+00  3.4991E+01  1.1500E+00  7.9333E-01  1.6224E+00  5.2586E-01 -1.1459E-01  2.8635E-01 -8.2796E-02  5.5639E-01
  1.3700E+02  8.5642E+00  3.4991E+01  1.1500E+00  7.9333E-01  1.6224E+00  5.2586E-01 -1.1459E-01  2.8635E-01 -8.2796E-02  5.5639E-01
  1.3700E+02  8.5642E+00  3.4991E+01  1.1500E+00  7.9333E-01  1.6224E+00  5.2586E-01 -1.1459E-01  2.8635E-01 -8.2796E-02  5.5639E-01
  1.3700E+02  8.5642E+00  3.4991E+01  1.1500E+00  7.9333E-01  1.6224E+00  5.2586E-01 -1.1459E-01  2.8635E-01 -8.2796E-02  5.5639E-01
  1.3700E+02  8.5642E+00  3.4991E+01  1.1500E+00  7.9333E-01  1.6224E+00  5.2586E-01 -1.1459E-01  2.8635E-01 -8.2796E-02  5.5639E-01
  1.3700E+02  8.5642E+00  3.4991E+01  1.1500E+00  7.9333E-01  1.6224E+00  5.2586E-01 -1.1459E-01  2.8635E-01 -8.2796E-02  5.5639E-01
  1.3700E+02  8.5642E+00  3.4991E+01  1.1500E+00  7.9333E-01  1.6224E+00  5.2586E-01 -1.1459E-01  2.8635E-01 -8.2796E-02  5.5639E-01
  1.3800E+02  4.1981E+00  3.7649E+01  4.4376E-01  1.1778E+00  6.6163E-01 -1.8710E-01 -4.1379E-02 -4.1993E-01  3.1236E-01 -3.4059E-01
  1.3800E+02  4.1981E+00  3.7649E+01  4.4376E-01  1.1778E+00  6.6163E-01 -1.8710E-01 -4.1379E-02 -4.1993E-01  3.1236E-01 -3.4059E-01
  1.3800E+02  4.1981E+00  3.7649E+01  4.4376E-01  1.1778E+00  6.6163E-01 -1.8710E-01 -4.1379E-02 -4.1993E-01  3.1236E-01 -3.4059E-01
  1.3800E+02  4.1981E+00  3.7649E+01  4.4376E-01  1.1778E+00  6.6163E-01 -1.8710E-01 -4.1379E-02 -4.1993E-01  3.1236E-01 -3.4059E-01
  1.3800E+02  4.1981E+00  3.7649E+01  4.4376E-01  1.1778E+00  6.6163E-01 -1.8710E-01 -4.1379E-02 -4.1993E-01  3.1236E-01 -3.4059E-01
  1.3800E+02  4.1981E+00  3.7649E+01  4.4376E-01  1.1778E+00  6.6163E-01 -1.8710E-01 -4.1379E-02 -4.1993E-01  3.1236E-01 -3.4059E-01
  1.3800E+02  4.1981E+00  3.7649E+01  4.4376E-01  1.1778E+00  6.6163E-01 -1.8710E-01 -4.1379E-02 -4.1993E-01  3.1236E-01 -3.4059E-01
  1.3800E+02  4.1981E+00  3.7649E+01  4.4376E-01  1.1778E+00  6.6163E-01 -1.8710E-01 -4.1379E-02 -4.1993E-01  3.1236E-01 -3.4059E-01
  1.3800E+02  4.1981E+00  3.7649E+01  4.4376E-01  1.1778E+00  6.6163E-01 -1.8710E-01 -4.1379E-02 -4.1993E-01  3.1236E-01 -3.4059E-01
  1.3800E+02  4.1981E+00  3.7649E+01  4.4376E-01  1.1778E+00  6.6163E-01 -1.8710E-01 -4.1379E-02 -4.1993E-01  3.1236E-01 -3.4059E-01
  1.3800E+02  4.1981E+00  3.7649E+01  4.4376E-01  1.1778E+00  6.6163E-01 -1.8710E-01 -4.1379E-02 -4.1993E-01  3.1236E-01 -3.4059E-01
  1.3800E+02  4.1981E+00  3.7649E+01  4.4376E-01  1.1778E+00  6.6163E-01 -1.8710E-01 -4.1379E-02 -4.1993E-01  3.1236E-01 -3.4059E-01
  1.3800E+02  4.1981E+00  3.7649E+01  4.4376E-01  1.1778E+00  6.6163E-01 -1.8710E-01 -4.1379E-02 -4.1993E-01  3.1236E-01 -3.4059E-01
  1.3900E+02  3.7177E+00  3.2932E+01  1.0257E+00  5.6664E-01  1.3174E+00 -3.0863E-01 -1.7524E-01  1.6197E-01 -4.1932E-01  3.4815E-01
  1.3900E+02  3.7177E+00  3.2932E+01  1.0257E+00  5.6664E-01  1.3174E+00 -3.0863E-01 -1.7524E-01  1.6197E-01 -4.1932E-01  3.4815E-01
  1.3900E+02  3.7177E+00  3.2932E+01  1.0257E+00  5.6664E-01  1.3174E+00 -3.0863E-01 -1.7524E-01  1.6197E-01 -4.1932E-01  3.4815E-01
  1.3900E+02  3.7177E+00  3.2932E+01  1.0257E+00  5.6664E-01  1.3174E+00 -3.0863E-01 -1.7524E-01  1.6197E-01 -4.1932E-01  3.4815E-01
  1.3900E+02  3.7177E+00  3.2932E+01  1.0257E+00  5.6664E-01  1.3174E+00 -3.0863E-01 -1.7524E-01  1.6197E-01 -4.1932E-01  3.4815E-01
  1.3900E+02  3.7177E+00  3.2932E+01  1.0257E+00  5.6664E-01  1.3174E+00 -3.0863E-01 -1.7524E-01  1.6197E-01 -4.1932E-01  3.4815E-01
  1.3900E+02  3.7177E+00  3.2932E+01  1.0257E+00  5.6664E-01  1.3174E+00 -3.0863E-01 -1.7524E-01  1.6197E-01 -4.1932E-01  3.4815E-01
  1.3900E+02  3.7177E+00  3.2932E+01  1.0257E+00  5.6664E-01  1.3174E+00 -3.0863E-01 -1.7524E-01  1.6197E-01 -4.1932E-01  3.4815E-01
  1.3900E+02  3.7177E+00  3.2932E+01  1.0257E+00  5.6664E-01  1.3174E+00 -3.0863E-01 -1.7524E-01  1.6197E-01 -4.1932E-01  3.4815E-01
  1.3900E+02  3.7177E+00  3.2932E+01  1.0257E+00  5.6664E-01  1.3174E+00 -3.0863E-01 -1.7524E-01  1.6197E-01 -4.1932E-01  3.4815E-01
  1.3900E+02  3.7177E+00  3.2932E+01  1.0257E+00  5.6664E-01  1.3174E+00 -3.0863E-01 -1.7524E-01  1.6197E-01 -4.1932E-01  3.4815E-01
  1.3900E+02  3.7177E+00  3.2932E+01  1.0257E+00  5.6664E-01  1.3174E+00 -3.0863E-01 -1.7524E-01  1.6197E-01 -4.1932E-01  3.4815E-01
  1.3900E+02  3.7177E+00  3.2932E+01  1.0257E+00  5.6664E-01  1.3174E+00 -3.0863E-01 -1.7524E-01  1.6197E-01 -4.1932E-01  3.4815E-01
  1.4000E+02  5.5120E+00  2.5570E+01  7.9919E-01  9.2409E-01  8.0677E-01  8.5204E-02 -4.2827E-01 -6.4506E-02  6.9767E-02 -1.4226E-01
  1.4000E+02  5.5120E+00  2.5570E+01  7.9919E-01  9.2409E-01  8.0677E-01  8.5204E-02 -4.2827E-01 -6.4506E-02  6.9767E-02 -1.4226E-01
  1.4000E+02  5.5120E+00  2.5570E+01  7.9919E-01  9.2409E-01  8.0677E-01  8.5204E-02 -4.2827E-01 -6.4506E-02  6.9767E-02 -1.4226E-01
  1.4000E+02  5.5120E+00  2.5570E+01  7.9919E-01  9.2409E-01  8.0677E-01  8.5204E-02 -4.2827E-01 -6.4506E-02  6.9767E-02 -1.4226E-01
  1.4000E+02  5.5120E+00  2.5570E+01  7.9919E-01  9.2409E-01  8.0677E-01  8.5204E-02 -4.2827E-01 -6.4506E-02  6.9767E-02 -1.4226E-01
  1.4000E+02  5.5120E+00  2.5570E+01  7.9919E-01  9.2409E-01  8.0677E-01  8.5204E-02 -4.2827E-01 -6.4506E-02  6.9767E-02 -1.4226E-01
  1.4000E+02  5.5120E+00  2.5570E+01  7.9919E-01  9.2409E-01  8.0677E-01  8.5204E-02 -4.2827E-01 -6.4506E-02  6.9767E-02 -1.4226E-01
  1.4000E+02  5.5120E+00  2.5570E+01  7.9919E-01  9.2409E-01  8.0677E-01  8.5204E-02 -4.2827E-01 -6.4506E-02  6.9767E-02 -1.4226E-01
  1.4000E+02  5.5120E+00  2.5570E+01  7.9919E-01  9.2409E-01  8.0677E-01  8.5204E-02 -4.2827E-01 -6.4506E-02  6.9767E-02 -1.4226E-01
  1.4000E+02  5.5120E+00  2.5570E+01  7.9919E-01  9.2409E-01  8.0677E-01  8.5204E-02 -4.2827E-01 -6.4506E-02  6.9767E-02 -1.4226E-01
  1.4000E+02  5.5120E+00  2.5570E+01  7.9919E-01  9.2409E-01  8.0677E-01  8.5204E-02 -4.2827E-01 -6.4506E-02  6.9767E-02 -1.4226E-01
  1.4000E+02  5.5120E+00  2.5570E+01  7.9919E-01  9.2409E-01  8.0677E-01  8.5204E-02 -4.2827E-01 -6.4506E-02  6.9767E-02 -1.4226E-01
  1.4000E+02  5.5120E+00  2.5570E+01  7.9919E-01  9.2409E-01  8.0677E-01  8.5204E-02 -4.2827E-01 -6.4506E-02  6.9767E-02 -1.4226E-01
  1.4100E+02  5.5022E+00  6.0123E+01  1.0683E+00  1.0340E+00  1.5858E+00  8.3423E-02  4.2672E-01  2.0463E-01  1.8216E-01  5.3355E-01
  1.4100E+02  5.5022E+00  6.0123E+01  1.0683E+00  1.0340E+00  1.5858E+00  8.3423E-02  4.2672E-01  2.0463E-01  1.8216E-01  5.3355E-01
  1.4100E+02  5.5022E+00  6.0123E+01  1.0683E+00  1.0340E+00  1.5858E+00  8.3423E-02  4.2672E-01  2.0463E-01  1.8216E-01  5.3355E-01
  1.4100E+02  5.5022E+00  6.0123E+01  1.0683E+00  1.0340E+00  1.5858E+00  8.3423E-02  4.2672E-01  2.0463E-01  1.8216E-01  5.3355E-01
  1.4100E+02  5.5022E+00  6.0123E+01  1.0683E+00  1.0340E+00  1.5858E+00  8.3423E-02  4.2672E-01  2.0463E-01  1.8216E-01  5.3355E-01
  1.4100E+02  5.5022E+00  6.0123E+01  1.0683E+00  1.0340E+00  1.5858E+00  8.3423E-02  4.2672E-01  2.0463E-01  1.8216E-01  5.3355E-01
  1.4100E+02  5.5022E+00  6.0123E+01  1.0683E+00  1.0340E+00  1.5858E+00  8.3423E-02  4.2672E-01  2.0463E-01  1.8216E-01  5.3355E-01
  1.4100E+02  5.5022E+00  6.0123E+01  1.0683E+00  1.0340E+00  1.5858E+00  8.3423E-02  4.2672E-01  2.0463E-01  1.8216E-01  5.3355E-01
  1.4100E+02  5.5022E+00  6.0123E+01  1.0683E+00  1.0340E+00  1.5858E+00  8.3423E-02  4.2672E-01  2.0463E-01  1.8216E-01  5.3355E-01
  1.4100E+02  5.5022E+00  6.0123E+01  1.0683E+00  1.0340E+00  1.5858E+00  8.3423E-02  4.2672E-01  2.0463E-01  1.8216E-01  5.3355E-01
  1.4100E+02  5.5022E+00  6.0123E+01  1.0683E+00  1.0340E+00  1.5858E+00  8.3423E-02  4.2672E-01  2.0463E-01  1.8216E-01  5.3355E-01
  1.4100E+02  5.5022E+00  6.0123E+01  1.0683E+00  1.0340E+00  1.5858E+00  8.3423E-02  4.2672E-01  2.0463E-01  1.8216E-01  5.3355E-01
  1.4100E+02  5.5022E+00  6.0123E+01  1.0683E+00  1.0340E+00  1.5858E+00  8.3423E-02  4.2672E-01  2.0463E-01  1.8216E-01  5.3355E-01
  1.4200E+02  8.1895E+00  4.0954E+01  1.2286E+00  6.7100E-01  1.1106E+00  4.8113E-01  4.2774E-02  3.6489E-01 -2.5027E-01  1.7737E-01
  1.4200E+02  8.1895E+00  4.0954E+01  1.2286E+00  6.7100E-01  1.1106E+00  4.8113E-01  4.2774E-02  3.6489E-01 -2.5027E-01  1.7737E-01
  1.4200E+02  8.1895E+00  4.0954E+01  1.2286E+00  6.7100E-01  1.1106E+00  4.8113E-01  4.2774E-02  3.6489E-01 -2.5027E-01  1.7737E-01
  1.4200E+02  8.1895E+00  4.0954E+01  1.2286E+00  6.7100E-01  1.1106E+00  4.8113E-01  4.2774E-02  3.6489E-01 -2.5027E-01  1.7737E-01
  1.4200E+02  8.1895E+00  4.0954E+01  1.2286E+00  6.7100E-01  1.1106E+00  4.8113E-01  4.2774E-02  3.6489E-01 -2.5027E-01  1.7737E-01
  1.4200E+02  8.1895E+00  4.0954E+01  1.2286E+00  6.7100E-01  1.1106E+00  4.8113E-01  4.2774E-02  3.6489E-01 -2.5027E-01  1.7737E-01
  1.4200E+02  8.1895E+00  4.0954E+01  1.2286E+00  6.7100E-01  1.1106E+00  4.8113E-01  4.2774E-02  3.6489E-01 -2.5027E-01  1.7737E-01
  1.4200E+02  8.1895E+00  4.0954E+01  1.2286E+00  6.7100E-01  1.1106E+00  4.8113E-01  4.2774E-02  3.6489E-01 -2.5027E-01  1.7737E-01
  1.4200E+02  8.1895E+00  4.0954E+01  1.2286E+00  6.7100E-01  1.1106E+00  4.8113E-01  4.2774E-02  3.6489E-01 -2.5027E-01  1.7737E-01
  1.4200E+02  8.1895E+00  4.0954E+01  1.2286E+00  6.7100E-01  1.1106E+00  4.8113E-01  4.2774E-02  3.6489E-01 -2.5027E-01  1.7737E-01
  1.4200E+02  8.1895E+00  4.0954E+01  1.2286E+00  6.7100E-01  1.1106E+00  4.8113E-01  4.2774E-02  3.6489E-01 -2.5027E-01  1.7737E-01
  1.4200E+02  8.1895E+00  4.0954E+01  1.2286E+00  6.7100E-01  1.1106E+00  4.8113E-01  4.2774E-02  3.6489E-01 -2.5027E-01  1.7737E-01
  1.4200E+02  8.1895E+00  4.0954E+01  1.2286E+00  6.7100E-01  1.1106E+00  4.8113E-01  4.2774E-02  3.6489E-01 -2.5027E-01  1.7737E-01
  1.4300E+02  5.1115E+00  4.0118E+01  9.7133E-01  1.1273E+00  6.4719E-01  9.7727E-03  2.2161E-02  1.0763E-01  2.6850E-01 -3.6265E-01
  1.4300E+02  5.1115E+00  4.0118E+01  9.7133E-01  1.1273E+00  6.4719E-01  9.7727E-03  2.2161E-02  1.0763E-01  2.6850E-01 -3.6265E-01
  1.4300E+02  5.1115E+00  4.0118E+01  9.7133E-01  1.1273E+00  6.4719E-01  9.7727E-03  2.2161E-02  1.0763E-01  2.6850E-01 -3.6265E-01
  1.4300E+02  5.1115E+00  4.0118E+01  9.7133E-01  1.1273E+00  6.4719E-01  9.7727E-03  2.2161E-02  1.0763E-01  2.6850E-01 -3.6265E-01
  1.4300E+02  5.1115E+00  4.0118E+01  9.7133E-01  1.1273E+00  6.4719E-01  9.7727E-03  2.2161E-02  1.0763E-01  2.6850E-01 -3.6265E-01
  1.4300E+02  5.1115E+00  4.0118E+01  9.7133E-01  1.1273E+00  6.4719E-01  9.7727E-03  2.2161E-02  1.0763E-01  2.6850E-01 -3.6265E-01
  1.4300E+02  5.1115E+00  4.0118E+01  9.7133E-01  1.1273E+00  6.4719E-01  9.7727E-03  2.2161E-02  1.0763E-01  2.6850E-01 -3.6265E-01
  1.4300E+02  5.1115E+00  4.0118E+01  9.7133E-01  1.1273E+00  6.4719E-01  9.7727E-03  2.2161E-02  1.0763E-01  2.6850E-01 -3.6265E-01
  1.4300E+02  5.1115E+00  4.0118E+01  9.7133E-01  1.1273E+00  6.4719E-01  9.7727E-03  2.2161E-02  1.0763E-01  2.6850E-01 -3.6265E-01
  1.4300E+02  5.1115E+00  4.0118E+01  9.7133E-01  1.1273E+00  6.4719E-01  9.7727E-03  2.2161E-02  1.0763E-01  2.6850E-01 -3.6265E-01
  1.4300E+02  5.1115E+00  4.0118E+01  9.7133E-01  1.1273E+00  6.4719E-01  9.7727E-03  2.2161E-02  1.0763E-01  2.6850E-01 -3.6265E-01
  1.4300E+02  5.1115E+00  4.0118E+01  9.7133E-01  1.1273E+00  6.4719E-01  9.7727E-03  2.2161E-02  1.0763E-01  2.6850E-01 -3.6265E-01
  1.4300E+02  5.1115E+00  4.0118E+01  9.7133E-01  1.1273E+00  6.4719E-01  9.7727E-03  2.2161E-02  1.0763E-01  2.6850E-01 -3.6265E-01
  1.4400E+02  4.7582E+00  2.4048E+01  8.3817E-01  1.3259E+00  1.0481E+00 -6.1856E-02 -4.8964E-01 -2.5519E-02  4.3079E-01  1.1944E-01
  1.4400E+02  4.7582E+00  2.4048E+01  8.3817E-01  1.3259E+00  1.0481E+00 -6.1856E-02 -4.8964E-01 -2.5519E-02  4.3079E-01  1.1944E-01
  1.4400E+02  4.7582E+00  2.4048E+01  8.3817E-01  1.3259E+00  1.0481E+00 -6.1856E-02 -4.8964E-01 -2.5519E-02  4.3079E-01  1.1944E-01
  1.4400E+02  4.7582E+00  2.4048E+01  8.3817E-01  1.3259E+00  1.0481E+00 -6.1856E-02 -4.8964E-01 -2.5519E-02  4.3079E-01  1.1944E-01
  1.4400E+02  4.7582E+00  2.4048E+01  8.3817E-01  1.3259E+00  1.0481E+00 -6.1856E-02 -4.8964E-01 -2.5519E-02  4.3079E-01  1.1944E-01
  1.4400E+02  4.7582E+00  2.4048E+01  8.3817E-01  1.3259E+00  1.0481E+00 -6.1856E-02 -4.8964E-01 -2.5519E-02  4.3079E-01  1.1944E-01
  1.4400E+02  4.7582E+00  2.4048E+01  8.3817E-01  1.3259E+00  1.0481E+00 -6.1856E-02 -4.8964E-01 -2.5519E-02  4.3079E-01  1.1944E-01
  1.4400E+02  4.7582E+00  2.4048E+01  8.3817E-01  1.3259E+00  1.0481E+00 -6.1856E-02 -4.8964E-01 -2.5519E-02  4.3079E-01  1.1944E-01
  1.4400E+02  4.7582E+00  2.4048E+01  8.3817E-01  1.3259E+00  1.0481E+00 -6.1856E-02 -4.8964E-01 -2.5519E-02  4.3079E-01  1.1944E-01
  1.4400E+02  4.7582E+00  2.4048E+01  8.3817E-01  1.3259E+00  1.0481E+00 -6.1856E-02 -4.8964E-01 -2.5519E-02  4.3079E-01  1.1944E-01
  1.4400E+02  4.7582E+00  2.4048E+01  8.3817E-01  1.3259E+00  1.0481E+00 -6.1856E-02 -4.8964E-01 -2.5519E-02  4.3079E-01  1.1944E-01
  1.4400E+02  4.7582E+00  2.4048E+01  8.3817E-01  1.3259E+00  1.0481E+00 -6.1856E-02 -4.8964E-01 -2.5519E-02  4.3079E-01  1.1944E-01
  1.4400E+02  4.7582E+00  2.4048E+01  8.3817E-01  1.3259E+00  1.0481E+00 -6.1856E-02 -4.8964E-01 -2.5519E-02  4.3079E-01  1.1944E-01
  1.4500E+02  7.5799E+00  3.7663E+01  5.1416E-01  7.1311E-01  7.4809E-01  4.0377E-01 -4.0992E-02 -3.4953E-01 -1.8940E-01 -2.1778E-01
  1.4500E+02  7.5799E+00  3.7663E+01  5.1416E-01  7.1311E-01  7.4809E-01  4.0377E-01 -4.0992E-02 -3.4953E-01 -1.8940E-01 -2.1778E-01
  1.4500E+02  7.5799E+00  3.7663E+01  5.1416E-01  7.1311E-01  7.4809E-01  4.0377E-01 -4.0992E-02 -3.4953E-01 -1.8940E-01 -2.1778E-01
  1.4500E+02  7.5799E+00  3.7663E+01  5.1416E-01  7.1311E-01  7.4809E-01  4.0377E-01 -4.0992E-02 -3.4953E-01 -1.8940E-01 -2.1778E-01
  1.4500E+02  7.5799E+00  3.7663E+01  5.1416E-01  7.1311E-01  7.4809E-01  4.0377E-01 -4.0992E-02 -3.4953E-01 -1.8940E-01 -2.1778E-01
  1.4500E+02  7.5799E+00  3.7663E+01  5.1416E-01  7.1311E-01  7.4809E-01  4.0377E-01 -4.0992E-02 -3.4953E-01 -1.8940E-01 -2.1778E-01
  1.4500E+02  7.5799E+00  3.7663E+01  5.1416E-01  7.1311E-01  7.4809E-01  4.0377E-01 -4.0992E-02 -3.4953E-01 -1.8940E-01 -2.1778E-01
  1.4500E+02  7.5799E+00  3.7663E+01  5.1416E-01  7.1311E-01  7.4809E-01  4.0377E-01 -4.0992E-02 -3.4953E-01 -1.8940E-01 -2.1778E-01
  1.4500E+02  7.5799E+00  3.7663E+01  5.1416E-01  7.1311E-01  7.4809E-01  4.0377E-01 -4.0992E-02 -3.4953E-01 -1.8940E-01 -2.1778E-01
  1.4500E+02  7.5799E+00  3.7663E+01  5.1416E-01  7.1311E-01  7.4809E-01  4.0377E-01 -4.0992E-02 -3.4953E-01 -1.8940E-01 -2.1778E-01
  1.4500E+02  7.5799E+00  3.7663E+01  5.1416E-01  7.1311E-01  7.4809E-01  4.0377E-01 -4.0992E-02 -3.4953E-01 -1.8940E-01 -2.1778E-01
  1.4500E+02  7.5799E+00  3.7663E+01  5.1416E-01  7.1311E-01  7.4809E-01  4.0377E-01 -4.0992E-02 -3.4953E-01 -1.8940E-01 -2.1778E-01
  1.4500E+02  7.5799E+00  3.7663E+01  5.1416E-01  7.1311E-01  7.4809E-01  4.0377E-01 -4.0992E-02 -3.4953E-01 -1.8940E-01 -2.1778E-01
  1.4600E+02  4.9808E+00  3.2234E+01  1.1655E+00  6.4825E-01  1.0440E+00 -1.6130E-02 -1.9666E-01  3.0178E-01 -2.8476E-01  1.1549E-01
  1.4600E+02  4.9808E+00  3.2234E+01  1.1655E+00  6.4825E-01  1.0440E+00 -1.6130E-02 -1.9666E-01  3.0178E-01 -2.8476E-01  1.1549E-01
  1.4600E+02  4.9808E+00  3.2234E+01  1.1655E+00  6.4825E-01  1.0440E+00 -1.6130E-02 -1.9666E-01  3.0178E-01 -2.8476E-01  1.1549E-01
  1.4600E+02  4.9808E+00  3.2234E+01  1.1655E+00  6.4825E-01  1.0440E+00 -1.6130E-02 -1.9666E-01  3.0178E-01 -2.8476E-01  1.1549E-01
  1.4600E+02  4.9808E+00  3.2234E+01  1.1655E+00  6.4825E-01  1.0440E+00 -1.6130E-02 -1.9666E-01  3.0178E-01 -2.8476E-01  1.1549E-01
  1.4600E+02  4.9808E+00  3.2234E+01  1.1655E+00  6.4825E-01  1.0440E+00 -1.6130E-02 -1.9666E-01  3.0178E-01 -2.8476E-01  1.1549E-01
  1.4600E+02  4.9808E+00  3.2234E+01  1.1655E+00  6.4825E-01  1.0440E+00 -1.6130E-02 -1.9666E-01  3.0178E-01 -2.8476E-01  1.1549E-01
  1.4600E+02  4.9808E+00  3.2234E+01  1.1655E+00  6.4825E-01  1.0440E+00 -1.6130E-02 -1.9666E-01  3.0178E-01 -2.8476E-01  1.1549E-01
  1.4600E+02  4.9808E+00  3.2234E+01  1.1655E+00  6.4825E-01  1.0440E+00 -1.6130E-02 -1.9666E-01  3.0178E-01 -2.8476E-01  1.1549E-01
  1.4600E+02  4.9808E+00  3.2234E+01  1.1655E+00  6.4825E-01  1.0440E+00 -1.6130E-02 -1.9666E-01  3.0178E-01 -2.8476E-01  1.1549E-01
  1.4600E+02  4.9808E+00  3.2234E+01  1.1655E+00  6.4825E-01  1.0440E+00 -1.6130E-02 -1.9666E-01  3.0178E-01 -2.8476E-01  1.1549E-01
  1.4600E+02  4.9808E+00  3.2234E+01  1.1655E+00  6.4825E-01  1.0440E+00 -1.6130E-02 -1.9666E-01  3.0178E-01 -2.8476E-01  1.1549E-01
  1.4600E+02  4.9808E+00  3.2234E+01  1.1655E+00  6.4825E-01  1.0440E+00 -1.6130E-02 -1.9666E-01  3.0178E-01 -2.8476E-01  1.1549E-01
  1.4700E+02  3.7837E+00  4.0202E+01  1.3781E+00  5.8962E-01  1.8787E+00 -2.9101E-01  2.4232E-02  5.1437E-01 -3.7956E-01  7.0303E-01
  1.4700E+02  3.7837E+00  4.0202E+01  1.3781E+00  5.8962E-01  1.8787E+00 -2.9101E-01  2.4232E-02  5.1437E-01 -3.7956E-01  7.0303E-01
  1.4700E+02  3.7837E+00  4.0202E+01  1.3781E+00  5.8962E-01  1.8787E+00 -2.9101E-01  2.4232E-02  5.1437E-01 -3.7956E-01  7.0303E-01
  1.4700E+02  3.7837E+00  4.0202E+01  1.3781E+00  5.8962E-01  1.8787E+00 -2.9101E-01  2.4232E-02  5.1437E-01 -3.7956E-01  7.0303E-01
  1.4700E+02  3.7837E+00  4.0202E+01  1.3781E+00  5.8962E-01  1.8787E+00 -2.9101E-01  2.4232E-02  5.1437E-01 -3.7956E-01  7.0303E-01
  1.4700E+02  3.7837E+00  4.0202E+01  1.3781E+00  5.8962E-01  1.8787E+00 -2.9101E-01  2.4232E-02  5.1437E-01 -3.7956E-01  7.0303E-01
  1.4700E+02  3.7837E+00  4.0202E+01  1.3781E+00  5.8962E-01  1.8787E+00 -2.9101E-01  2.4232E-02  5.1437E-01 -3.7956E-01  7.0303E-01
  1.4700E+02  3.7837E+00  4.0202E+01  1.3781E+00  5.8962E-01  1.8787E+00 -2.9101E-01  2.4232E-02  5.1437E-01 -3.7956E-01  7.0303E-01
  1.4700E+02  3.7837E+00  4.0202E+01  1.3781E+00  5.8962E-01  1.8787E+00 -2.9101E-01  2.4232E-02  5.1437E-01 -3.7956E-01  7.0303E-01
  1.4700E+02  3.7837E+00  4.0202E+01  1.3781E+00  5.8962E-01  1.8787E+00 -2.9101E-01  2.4232E-02  5.1437E-01 -3.7956E-01  7.0303E-01
  1.4700E+02  3.7837E+00  4.0202E+01  1.3781E+00  5.8962E-01  1.8787E+00 -2.9101E-01  2.4232E-02  5.1437E-01 -3.7956E-01  7.0303E-01
  1.4700E+02  3.7837E+00  4.0202E+01  1.3781E+00  5.8962E-01  1.8787E+00 -2.9101E-01  2.4232E-02  5.1437E-01 -3.7956E-01  7.0303E-01
  1.4700E+02  3.7837E+00  4.0202E+01  1.3781E+00  5.8962E-01  1.8787E+00 -2.9101E-01  2.4232E-02  5.1437E-01 -3.7956E-01  7.0303E-01
  1.4800E+02  4.9136E+00  4.0011E+01  1.1655E+00  1.1270E+00  8.9063E-01 -2.9714E-02  1.9479E-02  3.0183E-01  2.6831E-01 -4.3364E-02
  1.4800E+02  4.9136E+00  4.0011E+01  1.1655E+00  1.1270E+00  8.9063E-01 -2.9714E-02  1.9479E-02  3.0183E-01  2.6831E-01 -4.3364E-02
  1.4800E+02  4.9136E+00  4.0011E+01  1.1655E+00  1.1270E+00  8.9063E-01 -2.9714E-02  1.9479E-02  3.0183E-01  2.6831E-01 -4.3364E-02
  1.4800E+02  4.9136E+00  4.0011E+01  1.1655E+00  1.1270E+00  8.9063E-01 -2.9714E-02  1.9479E-02  3.0183E-01  2.6831E-01 -4.3364E-02
  1.4800E+02  4.9136E+00  4.0011E+01  1.1655E+00  1.1270E+00  8.9063E-01 -2.9714E-02  1.9479E-02  3.0183E-01  2.6831E-01 -4.3364E-02
  1.4800E+02  4.9136E+00  4.0011E+01  1.1655E+00  1.1270E+00  8.9063E-01 -2.9714E-02  1.9479E-02  3.0183E-01  2.6831E-01 -4.3364E-02
  1.4800E+02  4.9136E+00  4.0011E+01  1.1655E+00  1.1270E+00  8.9063E-01 -2.9714E-02  1.9479E-02  3.0183E-01  2.6831E-01 -4.3364E-02
  1.4800E+02  4.9136E+00  4.0011E+01  1.1655E+00  1.1270E+00  8.9063E-01 -2.9714E-02  1.9479E-02  3.0183E-01  2.6831E-01 -4.3364E-02
  1.4800E+02  4.9136E+00  4.0011E+01  1.1655E+00  1.1270E+00  8.9063E-01 -2.9714E-02  1.9479E-02  3.0183E-01  2.6831E-01 -4.3364E-02
  1.4800E+02  4.9136E+00  4.0011E+01  1.1655E+00  1.1270E+00  8.9063E-01 -2.9714E-02  1.9479E-02  3.0183E-01  2.6831E-01 -4.3364E-02
  1.4800E+02  4.9136E+00  4.0011E+01  1.1655E+00  1.1270E+00  8.9063E-01 -2.9714E-02  1.9479E-02  3.0183E-01  2.6831E-01 -4.3364E-02
  1.4800E+02  4.9136E+00  4.0011E+01  1.1655E+00  1.1270E+00  8.9063E-01 -2.9714E-02  1.9479E-02  3.0183E-01  2.6831E-01 -4.3364E-02
  1.4800E+02  4.9136E+00  4.0011E+01  1.1655E+00  1.1270E+00  8.9063E-01 -2.9714E-02  1.9479E-02  3.0183E-01  2.6831E-01 -4.3364E-02
  1.4900E+02  4.8926E+00  3.8402E+01  5.5542E-01  9.4671E-01  7.2919E-01 -3.3992E-02 -2.1571E-02 -3.0827E-01  9.3955E-02 -2.4336E-01
  1.4900E+02  4.8926E+00  3.8402E+01  5.5542E-01  9.4671E-01  7.2919E-01 -3.3992E-02 -2.1571E-02 -3.0827E-01  9.3955E-02 -2.4336E-01
  1.4900E+02  4.8926E+00  3.8402E+01  5.5542E-01  9.4671E-01  7.2919E-01 -3.3992E-02 -2.1571E-02 -3.0827E-01  9.3955E-02 -2.4336E-01
  1.4900E+02  4.8926E+00  3.8402E+01  5.5542E-01  9.4671E-01  7.2919E-01 -3.3992E-02 -2.1571E-02 -3.0827E-01  9.3955E-02 -2.4336E-01
  1.4900E+02  4.8926E+00  3.8402E+01  5.5542E-01  9.4671E-01  7.2919E-01 -3.3992E-02 -2.1571E-02 -3.0827E-01  9.3955E-02 -2.4336E-01
  1.4900E+02  4.8926E+00  3.8402E+01  5.5542E-01  9.4671E-01  7.2919E-01 -3.3992E-02 -2.1571E-02 -3.0827E-01  9.3955E-02 -2.4336E-01
  1.4900E+02  4.8926E+00  3.8402E+01  5.5542E-01  9.4671E-01  7.2919E-01 -3.3992E-02 -2.1571E-02 -3.0827E-01  9.3955E-02 -2.4336E-01
  1.4900E+02  4.8926E+00  3.8402E+01  5.5542E-01  9.4671E-01  7.2919E-01 -3.3992E-02 -2.1571E-02 -3.0827E-01  9.3955E-02 -2.4336E-01
  1.4900E+02  4.8926E+00  3.8402E+01  5.5542E-01  9.4671E-01  7.2919E-01 -3.3992E-02 -2.1571E-02 -3.0827E-01  9.3955E-02 -2.4336E-01
  1.4900E+02  4.8926E+00  3.8402E+01  5.5542E-01  9.4671E-01  7.2919E-01 -3.3992E-02 -2.1571E-02 -3.0827E-01  9.3955E-02 -2.4336E-01
  1.4900E+02  4.8926E+00  3.8402E+01  5.5542E-01  9.4671E-01  7.2919E-01 -3.3992E-02 -2.1571E-02 -3.0827E-01  9.3955E-02 -2.4336E-01
  1.4900E+02  4.8926E+00  3.8402E+01  5.5542E-01  9.4671E-01  7.2919E-01 -3.3992E-02 -2.1571E-02 -3.0827E-01  9.3955E-02 -2.4336E-01
  1.4900E+02  4.8926E+00  3.8402E+01  5.5542E-01  9.4671E-01  7.2919E-01 -3.3992E-02 -2.1571E-02 -3.0827E-01  9.3955E-02 -2.4336E-01
  1.5000E+02  6.9984E+00  3.1676E+01  9.7158E-01  7.1003E-01  1.1040E+00  3.2396E-01 -2.1413E-01  1.0789E-01 -1.9373E-01  1.7144E-01
  1.5000E+02  6.9984E+00  3.1676E+01  9.7158E-01  7.1003E-01  1.1040E+00  3.2396E-01 -2.1413E-01  1.0789E-01 -1.9373E-01  1.7144E-01
  1.5000E+02  6.9984E+00  3.1676E+01  9.7158E-01  7.1003E-01  1.1040E+00  3.2396E-01 -2.1413E-01  1.0789E-01 -1.9373E-01  1.7144E-01
  1.5000E+02  6.9984E+00  3.1676E+01  9.7158E-01  7.1003E-01  1.1040E+00  3.2396E-01 -2.1413E-01  1.0789E-01 -1.9373E-01  1.7144E-01
  1.5000E+02  6.9984E+00  3.1676E+01  9.7158E-01  7.1003E-01  1.1040E+00  3.2396E-01 -2.1413E-01  1.0789E-01 -1.9373E-01  1.7144E-01
  1.5000E+02  6.9984E+00  3.1676E+01  9.7158E-01  7.1003E-01  1.1040E+00  3.2396E-01 -2.1413E-01  1.0789E-01 -1.9373E-01  1.7144E-01
  1.5000E+02  6.9984E+00  3.1676E+01  9.7158E-01  7.1003E-01  1.1040E+00  3.2396E-01 -2.1413E-01  1.0789E-01 -1.9373E-01  1.7144E-01
  1.5000E+02  6.9984E+00  3.1676E+01  9.7158E-01  7.1003E-01  1.1040E+00  3.2396E-01 -2.1413E-01  1.0789E-01 -1.9373E-01  1.7144E-01
  1.5000E+02  6.9984E+00  3.1676E+01  9.7158E-01  7.1003E-01  1.1040E+00  3.2396E-01 -2.1413E-01  1.0789E-01 -1.9373E-01  1.7144E-01
  1.5000E+02  6.9984E+00  3.1676E+01  9.7158E-01  7.1003E-01  1.1040E+00  3.2396E-01 -2.1413E-01  1.0789E-01 -1.9373E-01  1.7144E-01
  1.5000E+02  6.9984E+00  3.1676E+01  9.7158E-01  7.1003E-01  1.1040E+00  3.2396E-01 -2.1413E-01  1.0789E-01 -1.9373E-01  1.7144E-01
  1.5000E+02  6.9984E+00  3.1676E+01  9.7158E-01  7.1003E-01  1.1040E+00  3.2396E-01 -2.1413E-01  1.0789E-01 -1.9373E-01  1.7144E-01
  1.5000E+02  6.9984E+00  3.1676E+01  9.7158E-01  7.1003E-01  1.1040E+00  3.2396E-01 -2.1413E-01  1.0789E-01 -1.9373E-01  1.7144E-01
  1.5100E+02  6.0638E+00  2.5382E+01  4.1773E-01  6.3281E-01  1.4266E+00  1.8062E-01 -4.3565E-01 -4.4597E-01 -3.0887E-01  4.2774E-01
  1.5100E+02  6.0638E+00  2.5382E+01  4.1773E-01  6.3281E-01  1.4266E+00  1.8062E-01 -4.3565E-01 -4.4597E-01 -3.0887E-01  4.2774E-01
  1.5100E+02  6.0638E+00  2.5382E+01  4.1773E-01  6.3281E-01  1.4266E+00  1.8062E-01 -4.3565E-01 -4.4597E-01 -3.0887E-01  4.2774E-01
  1.5100E+02  6.0638E+00  2.5382E+01  4.1773E-01  6.3281E-01  1.4266E+00  1.8062E-01 -4.3565E-01 -4.4597E-01 -3.0887E-01  4.2774E-01
  1.5100E+02  6.0638E+00  2.5382E+01  4.1773E-01  6.3281E-01  1.4266E+00  1.8062E-01 -4.3565E-01 -4.4597E-01 -3.0887E-01  4.2774E-01
  1.5100E+02  6.0638E+00  2.5382E+01  4.1773E-01  6.3281E-01  1.4266E+00  1.8062E-01 -4.3565E-01 -4.4597E-01 -3.0887E-01  4.2774E-01
  1.5100E+02  6.0638E+00  2.5382E+01  4.1773E-01  6.3281E-01  1.4266E+00  1.8062E-01 -4.3565E-01 -4.4597E-01 -3.0887E-01  4.2774E-01
  1.5100E+02  6.0638E+00  2.5382E+01  4.1773E-01  6.3281E-01  1.4266E+00  1.8062E-01 -4.3565E-01 -4.4597E-01 -3.0887E-01  4.2774E-01
  1.5100E+02  6.0638E+00  2.5382E+01  4.1773E-01  6.3281E-01  1.4266E+00  1.8062E-01 -4.3565E-01 -4.4597E-01 -3.0887E-01  4.2774E-01
  1.5100E+02  6.0638E+00  2.5382E+01  4.1773E-01  6.3281E-01  1.4266E+00  1.8062E-01 -4.3565E-01 -4.4597E-01 -3.0887E-01  4.2774E-01
  1.5100E+02  6.0638E+00  2.5382E+01  4.1773E-01  6.3281E-01  1.4266E+00  1.8062E-01 -4.3565E-01 -4.4597E-01 -3.0887E-01  4.2774E-01
  1.5100E+02  6.0638E+00  2.5382E+01  4.1773E-01  6.3281E-01  1.4266E+00  1.8062E-01 -4.3565E-01 -4.4597E-01 -3.0887E-01  4.2774E-01
  1.5100E+02  6.0638E+00  2.5382E+01  4.1773E-01  6.3281E-01  1.4266E+00  1.8062E-01 -4.3565E-01 -4.4597E-01 -3.0887E-01  4.2774E-01
  1.5200E+02  7.6303E+00  4.0159E+01  8.7209E-01  8.5685E-01  1.0173E+00  4.1040E-01  2.3182E-02  8.4030E-03 -5.7810E-03  8.9572E-02
  1.5200E+02  7.6303E+00  4.0159E+01  8.7209E-01  8.5685E-01  1.0173E+00  4.1040E-01  2.3182E-02  8.4030E-03 -5.7810E-03  8.9572E-02
  1.5200E+02  7.6303E+00  4.0159E+01  8.7209E-01  8.5685E-01  1.0173E+00  4.1040E-01  2.3182E-02  8.4030E-03 -5.7810E-03  8.9572E-02
  1.5200E+02  7.6303E+00  4.0159E+01  8.7209E-01  8.5685E-01  1.0173E+00  4.1040E-01  2.3182E-02  8.4030E-03 -5.7810E-03  8.9572E-02
  1.5200E+02  7.6303E+00  4.0159E+01  8.7209E-01  8.5685E-01  1.0173E+00  4.1040E-01  2.3182E-02  8.4030E-03 -5.7810E-03  8.9572E-02
  1.5200E+02  7.6303E+00  4.0159E+01  8.7209E-01  8.5685E-01  1.0173E+00  4.1040E-01  2.3182E-02  8.4030E-03 -5.7810E-03  8.9572E-02
  1.5200E+02  7.6303E+00  4.0159E+01  8.7209E-01  8.5685E-01  1.0173E+00  4.1040E-01  2.3182E-02  8.4030E-03 -5.7810E-03  8.9572E-02
  1.5200E+02  7.6303E+00  4.0159E+01  8.7209E-01  8.5685E-01  1.0173E+00  4.1040E-01  2.3182E-02  8.4030E-03 -5.7810E-03  8.9572E-02
  1.5200E+02  7.6303E+00  4.0159E+01  8.7209E-01  8.5685E-01  1.0173E+00  4.1040E-01  2.3182E-02  8.4030E-03 -5.7810E-03  8.9572E-02
  1.5200E+02  7.6303E+00  4.0159E+01  8.7209E-01  8.5685E-01  1.0173E+00  4.1040E-01  2.3182E-02  8.4030E-03 -5.7810E-03  8.9572E-02
  1.5200E+02  7.6303E+00  4.0159E+01  8.7209E-01  8.5685E-01  1.0173E+00  4.1040E-01  2.3182E-02  8.4030E-03 -5.7810E-03  8.9572E-02
  1.5200E+02  7.6303E+00  4.0159E+01  8.7209E-01  8.5685E-01  1.0173E+00  4.1040E-01  2.3182E-02  8.4030E-03 -5.7810E-03  8.9572E-02
  1.5200E+02  7.6303E+00  4.0159E+01  8.7209E-01  8.5685E-01  1.0173E+00  4.1040E-01  2.3182E-02  8.4030E-03 -5.7810E-03  8.9572E-02
  1.5300E+02  7.4557E+00  3.6648E+01  6.3161E-01  9.6668E-01  6.8592E-01  3.8726E-01 -6.8324E-02 -2.3208E-01  1.1482E-01 -3.0453E-01
  1.5300E+02  7.4557E+00  3.6648E+01  6.3161E-01  9.6668E-01  6.8592E-01  3.8726E-01 -6.8324E-02 -2.3208E-01  1.1482E-01 -3.0453E-01
  1.5300E+02  7.4557E+00  3.6648E+01  6.3161E-01  9.6668E-01  6.8592E-01  3.8726E-01 -6.8324E-02 -2.3208E-01  1.1482E-01 -3.0453E-01
  1.5300E+02  7.4557E+00  3.6648E+01  6.3161E-01  9.6668E-01  6.8592E-01  3.8726E-01 -6.8324E-02 -2.3208E-01  1.1482E-01 -3.0453E-01
  1.5300E+02  7.4557E+00  3.6648E+01  6.3161E-01  9.6668E-01  6.8592E-01  3.8726E-01 -6.8324E-02 -2.3208E-01  1.1482E-01 -3.0453E-01
  1.5300E+02  7.4557E+00  3.6648E+01  6.3161E-01  9.6668E-01  6.8592E-01  3.8726E-01 -6.8324E-02 -2.3208E-01  1.1482E-01 -3.0453E-01
  1.5300E+02  7.4557E+00  3.6648E+01  6.3161E-01  9.6668E-01  6.8592E-01  3.8726E-01 -6.8324E-02 -2.3208E-01  1.1482E-01 -3.0453E-01
  1.5300E+02  7.4557E+00  3.6648E+01  6.3161E-01  9.6668E-01  6.8592E-01  3.8726E-01 -6.8324E-02 -2.3208E-01  1.1482E-01 -3.0453E-01
  1.5300E+02  7.4557E+00  3.6648E+01  6.3161E-01  9.6668E-01  6.8592E-01  3.8726E-01 -6.8324E-02 -2.3208E-01  1.1482E-01 -3.0453E-01
  1.5300E+02  7.4557E+00  3.6648E+01  6.3161E-01  9.6668E-01  6.8592E-01  3.8726E-01 -6.8324E-02 -2.3208E-01  1.1482E-01 -3.0453E-01
  1.5300E+02  7.4557E+00  3.6648E+01  6.3161E-01  9.6668E-01  6.8592E-01  3.8726E-01 -6.8324E-02 -2.3208E-01  1.1482E-01 -3.0453E-01
  1.5300E+02  7.4557E+00  3.6648E+01  6.3161E-01  9.6668E-01  6.8592E-01  3.8726E-01 -6.8324E-02 -2.3208E-01  1.1482E-01 -3.0453E-01
  1.5300E+02  7.4557E+00  3.6648E+01  6.3161E-01  9.6668E-01  6.8592E-01  3.8726E-01 -6.8324E-02 -2.3208E-01  1.1482E-01 -3.0453E-01
  1.5400E+02  4.4244E+00  3.6891E+01  4.2705E-01  8.1605E-01  8.2664E-01 -1.3458E-01 -6.1714E-02 -4.3664E-01 -5.4566E-02 -1.1793E-01
  1.5400E+02  4.4244E+00  3.6891E+01  4.2705E-01  8.1605E-01  8.2664E-01 -1.3458E-01 -6.1714E-02 -4.3664E-01 -5.4566E-02 -1.1793E-01
  1.5400E+02  4.4244E+00  3.6891E+01  4.2705E-01  8.1605E-01  8.2664E-01 -1.3458E-01 -6.1714E-02 -4.3664E-01 -5.4566E-02 -1.1793E-01
  1.5400E+02  4.4244E+00  3.6891E+01  4.2705E-01  8.1605E-01  8.2664E-01 -1.3458E-01 -6.1714E-02 -4.3664E-01 -5.4566E-02 -1.1793E-01
  1.5400E+02  4.4244E+00  3.6891E+01  4.2705E-01  8.1605E-01  8.2664E-01 -1.3458E-01 -6.1714E-02 -4.3664E-01 -5.4566E-02 -1.1793E-01
  1.5400E+02  4.4244E+00  3.6891E+01  4.2705E-01  8.1605E-01  8.2664E-01 -1.3458E-01 -6.1714E-02 -4.3664E-01 -5.4566E-02 -1.1793E-01
  1.5400E+02  4.4244E+00  3.6891E+01  4.2705E-01  8.1605E-01  8.2664E-01 -1.3458E-01 -6.1714E-02 -4.3664E-01 -5.4566E-02 -1.1793E-01
  1.5400E+02  4.4244E+00  3.6891E+01  4.2705E-01  8.1605E-01  8.2664E-01 -1.3458E-01 -6.1714E-02 -4.3664E-01 -5.4566E-02 -1.1793E-01
  1.5400E+02  4.4244E+00  3.6891E+01  4.2705E-01  8.1605E-01  8.2664E-01 -1.3458E-01 -6.1714E-02 -4.3664E-01 -5.4566E-02 -1.1793E-01
  1.5400E+02  4.4244E+00  3.6891E+01  4.2705E-01  8.1605E-01  8.2664E-01 -1.3458E-01 -6.1714E-02 -4.3664E-01 -5.4566E-02 -1.1793E-01
  1.5400E+02  4.4244E+00  3.6891E+01  4.2705E-01  8.1605E-01  8.2664E-01 -1.3458E-01 -6.1714E-02 -4.3664E-01 -5.4566E-02 -1.1793E-01
  1.5400E+02  4.4244E+00  3.6891E+01  4.2705E-01  8.1605E-01  8.2664E-01 -1.3458E-01 -6.1714E-02 -4.3664E-01 -5.4566E-02 -1.1793E-01
  1.5400E+02  4.4244E+00  3.6891E+01  4.2705E-01  8.1605E-01  8.2664E-01 -1.3458E-01 -6.1714E-02 -4.3664E-01 -5.4566E-02 -1.1793E-01
  1.5500E+02  3.4938E+00  5.4295E+01  1.2885E+00  7.6357E-01  1.4654E+00 -3.7074E-01  3.2475E-01  4.2476E-01 -1.2103E-01  4.5457E-01
  1.5500E+02  3.4938E+00  5.4295E+01  1.2885E+00  7.6357E-01  1.4654E+00 -3.7074E-01  3.2475E-01  4.2476E-01 -1.2103E-01  4.5457E-01
  1.5500E+02  3.4938E+00  5.4295E+01  1.2885E+00  7.6357E-01  1.4654E+00 -3.7074E-01  3.2475E-01  4.2476E-01 -1.2103E-01  4.5457E-01
  1.5500E+02  3.4938E+00  5.4295E+01  1.2885E+00  7.6357E-01  1.4654E+00 -3.7074E-01  3.2475E-01  4.2476E-01 -1.2103E-01  4.5457E-01
  1.5500E+02  3.4938E+00  5.4295E+01  1.2885E+00  7.6357E-01  1.4654E+00 -3.7074E-01  3.2475E-01  4.2476E-01 -1.2103E-01  4.5457E-01
  1.5500E+02  3.4938E+00  5.4295E+01  1.2885E+00  7.6357E-01  1.4654E+00 -3.7074E-01  3.2475E-01  4.2476E-01 -1.2103E-01  4.5457E-01
  1.5500E+02  3.4938E+00  5.4295E+01  1.2885E+00  7.6357E-01  1.4654E+00 -3.7074E-01  3.2475E-01  4.2476E-01 -1.2103E-01  4.5457E-01
  1.5500E+02  3.4938E+00  5.4295E+01  1.2885E+00  7.6357E-01  1.4654E+00 -3.7074E-01  3.2475E-01  4.2476E-01 -1.2103E-01  4.5457E-01
  1.5500E+02  3.4938E+00  5.4295E+01  1.2885E+00  7.6357E-01  1.4654E+00 -3.7074E-01  3.2475E-01  4.2476E-01 -1.2103E-01  4.5457E-01
  1.5500E+02  3.4938E+00  5.4295E+01  1.2885E+00  7.6357E-01  1.4654E+00 -3.7074E-01  3.2475E-01  4.2476E-01 -1.2103E-01  4.5457E-01
  1.5500E+02  3.4938E+00  5.4295E+01  1.2885E+00  7.6357E-01  1.4654E+00 -3.7074E-01  3.2475E-01  4.2476E-01 -1.2103E-01  4.5457E-01
  1.5500E+02  3.4938E+00  5.4295E+01  1.2885E+00  7.6357E-01  1.4654E+00 -3.7074E-01  3.2475E-01  4.2476E-01 -1.2103E-01  4.5457E-01
  1.5500E+02  3.4938E+00  5.4295E+01  1.2885E+00  7.6357E-01  1.4654E+00 -3.7074E-01  3.2475E-01  4.2476E-01 -1.2103E-01  4.5457E-01
  1.5600E+02  4.1041E+00  3.5311E+01  9.2779E-01  7.0288E-01  8.8065E-01 -2.0975E-01 -1.0547E-01  6.4099E-02 -2.0385E-01 -5.4637E-02
  1.5600E+02  4.1041E+00  3.5311E+01  9.2779E-01  7.0288E-01  8.8065E-01 -2.0975E-01 -1.0547E-01  6.4099E-02 -2.0385E-01 -5.4637E-02
  1.5600E+02  4.1041E+00  3.5311E+01  9.2779E-01  7.0288E-01  8.8065E-01 -2.0975E-01 -1.0547E-01  6.4099E-02 -2.0385E-01 -5.4637E-02
  1.5600E+02  4.1041E+00  3.5311E+01  9.2779E-01  7.0288E-01  8.8065E-01 -2.0975E-01 -1.0547E-01  6.4099E-02 -2.0385E-01 -5.4637E-02
  1.5600E+02  4.1041E+00  3.5311E+01  9.2779E-01  7.0288E-01  8.8065E-01 -2.0975E-01 -1.0547E-01  6.4099E-02 -2.0385E-01 -5.4637E-02
  1.5600E+02  4.1041E+00  3.5311E+01  9.2779E-01  7.0288E-01  8.8065E-01 -2.0975E-01 -1.0547E-01  6.4099E-02 -2.0385E-01 -5.4637E-02
  1.5600E+02  4.1041E+00  3.5311E+01  9.2779E-01  7.0288E-01  8.8065E-01 -2.0975E-01 -1.0547E-01  6.4099E-02 -2.0385E-01 -5.4637E-02
  1.5600E+02  4.1041E+00  3.5311E+01  9.2779E-01  7.0288E-01  8.8065E-01 -2.0975E-01 -1.0547E-01  6.4099E-02 -2.0385E-01 -5.4637E-02
  1.5600E+02  4.1041E+00  3.5311E+01  9.2779E-01  7.0288E-01  8.8065E-01 -2.0975E-01 -1.0547E-01  6.4099E-02 -2.0385E-01 -5.4637E-02
  1.5600E+02  4.1041E+00  3.5311E+01  9.2779E-01  7.0288E-01  8.8065E-01 -2.0975E-01 -1.0547E-01  6.4099E-02 -2.0385E-01 -5.4637E-02
  1.5600E+02  4.1041E+00  3.5311E+01  9.2779E-01  7.0288E-01  8.8065E-01 -2.0975E-01 -1.0547E-01  6.4099E-02 -2.0385E-01 -5.4637E-02
  1.5600E+02  4.1041E+00  3.5311E+01  9.2779E-01  7.0288E-01  8.8065E-01 -2.0975E-01 -1.0547E-01  6.4099E-02 -2.0385E-01 -5.4637E-02
  1.5600E+02  4.1041E+00  3.5311E+01  9.2779E-01  7.0288E-01  8.8065E-01 -2.0975E-01 -1.0547E-01  6.4099E-02 -2.0385E-01 -5.4637E-02
  1.5700E+02  1.1447E+01  4.0945E+01  4.8177E-01  7.0909E-01  4.0041E-01  8.1600E-01  4.2563E-02 -3.8192E-01 -1.9505E-01 -8.4282E-01
  1.5700E+02  1.1447E+01  4.0945E+01  4.8177E-01  7.0909E-01  4.0041E-01  8.1600E-01  4.2563E-02 -3.8192E-01 -1.9505E-01 -8.4282E-01
  1.5700E+02  1.1447E+01  4.0945E+01  4.8177E-01  7.0909E-01  4.0041E-01  8.1600E-01  4.2563E-02 -3.8192E-01 -1.9505E-01 -8.4282E-01
  1.5700E+02  1.1447E+01  4.0945E+01  4.8177E-01  7.0909E-01  4.0041E-01  8.1600E-01  4.2563E-02 -3.8192E-01 -1.9505E-01 -8.4282E-01
  1.5700E+02  1.1447E+01  4.0945E+01  4.8177E-01  7.0909E-01  4.0041E-01  8.1600E-01  4.2563E-02 -3.8192E-01 -1.9505E-01 -8.4282E-01
  1.5700E+02  1.1447E+01  4.0945E+01  4.8177E-01  7.0909E-01  4.0041E-01  8.1600E-01  4.2563E-02 -3.8192E-01 -1.9505E-01 -8.4282E-01
  1.5700E+02  1.1447E+01  4.0945E+01  4.8177E-01  7.0909E-01  4.0041E-01  8.1600E-01  4.2563E-02 -3.8192E-01 -1.9505E-01 -8.4282E-01
  1.5700E+02  1.1447E+01  4.0945E+01  4.8177E-01  7.0909E-01  4.0041E-01  8.1600E-01  4.2563E-02 -3.8192E-01 -1.9505E-01 -8.4282E-01
  1.5700E+02  1.1447E+01  4.0945E+01  4.8177E-01  7.0909E-01  4.0041E-01  8.1600E-01  4.2563E-02 -3.8192E-01 -1.9505E-01 -8.4282E-01
  1.5700E+02  1.1447E+01  4.0945E+01  4.8177E-01  7.0909E-01  4.0041E-01  8.1600E-01  4.2563E-02 -3.8192E-01 -1.9505E-01 -8.4282E-01
  1.5700E+02  1.1447E+01  4.0945E+01  4.8177E-01  7.0909E-01  4.0041E-01  8.1600E-01  4.2563E-02 -3.8192E-01 -1.9505E-01 -8.4282E-01
  1.5700E+02  1.1447E+01  4.0945E+01  4.8177E-01  7.0909E-01  4.0041E-01  8.1600E-01  4.2563E-02 -3.8192E-01 -1.9505E-01 -8.4282E-01
  1.5700E+02  1.1447E+01  4.0945E+01  4.8177E-01  7.0909E-01  4.0041E-01  8.1600E-01  4.2563E-02 -3.8192E-01 -1.9505E-01 -8.4282E-01
  1.5800E+02  8.0131E+00  5.0023E+01  8.5546E-01  2.5318E+00  6.2880E-01  4.5935E-01  2.4280E-01 -8.2284E-03  1.0777E+00 -3.9148E-01
  1.5800E+02  8.0131E+00  5.0023E+01  8.5546E-01  2.5318E+00  6.2880E-01  4.5935E-01  2.4280E-01 -8.2284E-03  1.0777E+00 -3.9148E-01
  1.5800E+02  8.0131E+00  5.0023E+01  8.5546E-01  2.5318E+00  6.2880E-01  4.5935E-01  2.4280E-01 -8.2284E-03  1.0777E+00 -3.9148E-01
  1.5800E+02  8.0131E+00  5.0023E+01  8.5546E-01  2.5318E+00  6.2880E-01  4.5935E-01  2.4280E-01 -8.2284E-03  1.0777E+00 -3.9148E-01
  1.5800E+02  8.0131E+00  5.0023E+01  8.5546E-01  2.5318E+00  6.2880E-01  4.5935E-01  2.4280E-01 -8.2284E-03  1.0777E+00 -3.9148E-01
  1.5800E+02  8.0131E+00  5.0023E+01  8.5546E-01  2.5318E+00  6.2880E-01  4.5935E-01  2.4280E-01 -8.2284E-03  1.0777E+00 -3.9148E-01
  1.5800E+02  8.0131E+00  5.0023E+01  8.5546E-01  2.5318E+00  6.2880E-01  4.5935E-01  2.4280E-01 -8.2284E-03  1.0777E+00 -3.9148E-01
  1.5800E+02  8.0131E+00  5.0023E+01  8.5546E-01  2.5318E+00  6.2880E-01  4.5935E-01  2.4280E-01 -8.2284E-03  1.0777E+00 -3.9148E-01
  1.5800E+02  8.0131E+00  5.0023E+01  8.5546E-01  2.5318E+00  6.2880E-01  4.5935E-01  2.4280E-01 -8.2284E-03  1.0777E+00 -3.9148E-01
  1.5800E+02  8.0131E+00  5.0023E+01  8.5546E-01  2.5318E+00  6.2880E-01  4.5935E-01  2.4280E-01 -8.2284E-03  1.0777E+00 -3.9148E-01
  1.5800E+02  8.0131E+00  5.0023E+01  8.5546E-01  2.5318E+00  6.2880E-01  4.5935E-01  2.4280E-01 -8.2284E-03  1.0777E+00 -3.9148E-01
  1.5800E+02  8.0131E+00  5.0023E+01  8.5546E-01  2.5318E+00  6.2880E-01  4.5935E-01  2.4280E-01 -8.2284E-03  1.0777E+00 -3.9148E-01
  1.5800E+02  8.0131E+00  5.0023E+01  8.5546E-01  2.5318E+00  6.2880E-01  4.5935E-01  2.4280E-01 -8.2284E-03  1.0777E+00 -3.9148E-01
  1.5900E+02  6.1314E+00  3.6879E+01  7.8987E-01  1.2653E+00  6.4236E-01  1.9169E-01 -6.2017E-02 -7.3824E-02  3.8404E-01 -3.7015E-01
  1.5900E+02  6.1314E+00  3.6879E+01  7.8987E-01  1.2653E+00  6.4236E-01  1.9169E-01 -6.2017E-02 -7.3824E-02  3.8404E-01 -3.7015E-01
  1.5900E+02  6.1314E+00  3.6879E+01  7.8987E-01  1.2653E+00  6.4236E-01  1.9169E-01 -6.2017E-02 -7.3824E-02  3.8404E-01 -3.7015E-01
  1.5900E+02  6.1314E+00  3.6879E+01  7.8987E-01  1.2653E+00  6.4236E-01  1.9169E-01 -6.2017E-02 -7.3824E-02  3.8404E-01 -3.7015E-01
  1.5900E+02  6.1314E+00  3.6879E+01  7.8987E-01  1.2653E+00  6.4236E-01  1.9169E-01 -6.2017E-02 -7.3824E-02  3.8404E-01 -3.7015E-01
  1.5900E+02  6.1314E+00  3.6879E+01  7.8987E-01  1.2653E+00  6.4236E-01  1.9169E-01 -6.2017E-02 -7.3824E-02  3.8404E-01 -3.7015E-01
  1.5900E+02  6.1314E+00  3.6879E+01  7.8987E-01  1.2653E+00  6.4236E-01  1.9169E-01 -6.2017E-02 -7.3824E-02  3.8404E-01 -3.7015E-01
  1.5900E+02  6.1314E+00  3.6879E+01  7.8987E-01  1.2653E+00  6.4236E-01  1.9169E-01 -6.2017E-02 -7.3824E-02  3.8404E-01 -3.7015E-01
  1.5900E+02  6.1314E+00  3.6879E+01  7.8987E-01  1.2653E+00  6.4236E-01  1.9169E-01 -6.2017E-02 -7.3824E-02  3.8404E-01 -3.7015E-01
  1.5900E+02  6.1314E+00  3.6879E+01  7.8987E-01  1.2653E+00  6.4236E-01  1.9169E-01 -6.2017E-02 -7.3824E-02  3.8404E-01 -3.7015E-01
  1.5900E+02  6.1314E+00  3.6879E+01  7.8987E-01  1.2653E+00  6.4236E-01  1.9169E-01 -6.2017E-02 -7.3824E-02  3.8404E-01 -3.7015E-01
  1.5900E+02  6.1314E+00  3.6879E+01  7.8987E-01  1.2653E+00  6.4236E-01  1.9169E-01 -6.2017E-02 -7.3824E-02  3.8404E-01 -3.7015E-01
  1.5900E+02  6.1314E+00  3.6879E+01  7.8987E-01  1.2653E+00  6.4236E-01  1.9169E-01 -6.2017E-02 -7.3824E-02  3.8404E-01 -3.7015E-01
  1.6000E+02  3.4854E+00  3.5219E+01  1.3586E+00  8.6886E-01  9.6560E-01 -3.7314E-01 -1.0808E-01  4.9493E-01  8.1405E-03  3.7451E-02
  1.6000E+02  3.4854E+00  3.5219E+01  1.3586E+00  8.6886E-01  9.6560E-01 -3.7314E-01 -1.0808E-01  4.9493E-01  8.1405E-03  3.7451E-02
  1.6000E+02  3.4854E+00  3.5219E+01  1.3586E+00  8.6886E-01  9.6560E-01 -3.7314E-01 -1.0808E-01  4.9493E-01  8.1405E-03  3.7451E-02
  1.6000E+02  3.4854E+00  3.5219E+01  1.3586E+00  8.6886E-01  9.6560E-01 -3.7314E-01 -1.0808E-01  4.9493E-01  8.1405E-03  3.7451E-02
  1.6000E+02  3.4854E+00  3.5219E+01  1.3586E+00  8.6886E-01  9.6560E-01 -3.7314E-01 -1.0808E-01  4.9493E-01  8.1405E-03  3.7451E-02
  1.6000E+02  3.4854E+00  3.5219E+01  1.3586E+00  8.6886E-01  9.6560E-01 -3.7314E-01 -1.0808E-01  4.9493E-01  8.1405E-03  3.7451E-02
  1.6000E+02  3.4854E+00  3.5219E+01  1.3586E+00  8.6886E-01  9.6560E-01 -3.7314E-01 -1.0808E-01  4.9493E-01  8.1405E-03  3.7451E-02
  1.6000E+02  3.4854E+00  3.5219E+01  1.3586E+00  8.6886E-01  9.6560E-01 -3.7314E-01 -1.0808E-01  4.9493E-01  8.1405E-03  3.7451E-02
  1.6000E+02  3.4854E+00  3.5219E+01  1.3586E+00  8.6886E-01  9.6560E-01 -3.7314E-01 -1.0808E-01  4.9493E-01  8.1405E-03  3.7451E-02
  1.6000E+02  3.4854E+00  3.5219E+01  1.3586E+00  8.6886E-01  9.6560E-01 -3.7314E-01 -1.0808E-01  4.9493E-01  8.1405E-03  3.7451E-02
  1.6000E+02  3.4854E+00  3.5219E+01  1.3586E+00  8.6886E-01  9.6560E-01 -3.7314E-01 -1.0808E-01  4.9493E-01  8.1405E-03  3.7451E-02
  1.6000E+02  3.4854E+00  3.5219E+01  1.3586E+00  8.6886E-01  9.6560E-01 -3.7314E-01 -1.0808E-01  4.9493E-01  8.1405E-03  3.7451E-02
  1.6000E+02  3.4854E+00  3.5219E+01  1.3586E+00  8.6886E-01  9.6560E-01 -3.7314E-01 -1.0808E-01  4.9493E-01  8.1405E-03  3.7451E-02
