TABLE NO.  1
 ID          TIME        AMT         DV          MDV         EVID        OCC         BLQ         KA          CL          V           IPRE        IWRE        CWRES       DV          PRED        RES         WRES
  1.0000E+00  0.0000E+00  1.0000E+02  0.0000E+00  1.0000E+00  1.0000E+00  1.0000E+00  0.0000E+00  1.0186E+00  3.1760E+00  5.9047E+01  0.0000E+00  0.0000E+00  0.0000E+00  0.0000E+00  0.0000E+00  0.0000E+00  0.0000E+00
  1.0000E+00  5.0000E-01  0.0000E+00  8.5300E-01  0.0000E+00  0.0000E+00  1.0000E+00  0.0000E+00  1.0186E+00  3.1760E+00  5.9047E+01  6.6610E-01  1.1606E+00  0.0000E+00  8.5300E-01  8.4598E-01  0.0000E+00  0.0000E+00
  1.0000E+00  1.0000E+00  0.0000E+00  1.4460E+00  0.0000E+00  0.0000E+00  1.0000E+00  0.0000E+00  1.0186E+00  3.1760E+00  5.9047E+01  1.0487E+00  2.1116E+00  0.0000E+00  1.4460E+00  1.3057E+00  0.0000E+00  0.0000E+00
  1.0000E+00  2.0000E+00  0.0000E+00  1.3090E+00  0.0000E+00  0.0000E+00  1.0000E+00  0.0000E+00  1.0186E+00  3.1760E+00  5.9047E+01  1.3725E+00 -2.9370E-01  0.0000E+00  1.3090E+00  1.6565E+00  0.0000E+00  0.0000E+00
  1.0000E+00  4.0000E+00  0.0000E+00  1.4360E+00  0.0000E+00  0.0000E+00  1.0000E+00  0.0000E+00  1.0186E+00  3.1760E+00  5.9047E+01  1.4115E+00  1.1167E-01  0.0000E+00  1.4360E+00  1.6400E+00  0.0000E+00  0.0000E+00
  1.0000E+00  8.0000E+00  0.0000E+00  1.1270E+00  0.0000E+00  0.0000E+00  1.0000E+00  0.0000E+00  1.0186E+00  3.1760E+00  5.9047E+01  1.1622E+00 -1.7837E-01  0.0000E+00  1.1270E+00  1.2926E+00  0.0000E+00  0.0000E+00
  1.0000E+00  1.2000E+01  0.0000E+00  8.4900E-01  0.0000E+00  0.0000E+00  1.0000E+00  0.0000E+00  1.0186E+00  3.1760E+00  5.9047E+01  9.3766E-01 -4.9394E-01  0.0000E+00  8.4900E-01  1.0037E+00  0.0000E+00  0.0000E+00
  1.0000E+00  2.4000E+01  0.0000E+00  2.5000E-01  0.0000E+00  0.0000E+00  1.0000E+00  1.0000E+00  1.0186E+00  3.1760E+00  5.9047E+01  4.9174E-01 -1.5933E+00  0.0000E+00  2.5000E-01  5.8002E-01  0.0000E+00  0.0000E+00
  1.0000E+00  1.6800E+02  1.0000E+02  0.0000E+00  1.0000E+00  1.0000E+00  2.0000E+00  0.0000E+00  1.0186E+00  3.1760E+00  5.9047E+01  2.1280E-04 -1.5227E-03  0.0000E+00  0.0000E+00  5.1620E-05  0.0000E+00  0.0000E+00
  1.0000E+00  1.6850E+02  0.0000E+00  6.2900E-01  0.0000E+00  0.0000E+00  2.0000E+00  0.0000E+00  1.0186E+00  3.1760E+00  5.9047E+01  6.6631E-01 -2.3167E-01  0.0000E+00  6.2900E-01  8.4603E-01  0.0000E+00  0.0000E+00
  1.0000E+00  1.6900E+02  0.0000E+00  1.1040E+00  0.0000E+00  0.0000E+00  2.0000E+00  0.0000E+00  1.0186E+00  3.1760E+00  5.9047E+01  1.0489E+00  2.9280E-01  0.0000E+00  1.1040E+00  1.3057E+00  0.0000E+00  0.0000E+00
  1.0000E+00  1.7000E+02  0.0000E+00  1.4480E+00  0.0000E+00  0.0000E+00  2.0000E+00  0.0000E+00  1.0186E+00  3.1760E+00  5.9047E+01  1.3727E+00  3.4852E-01  0.0000E+00  1.4480E+00  1.6566E+00  0.0000E+00  0.0000E+00
  1.0000E+00  1.7200E+02  0.0000E+00  1.4270E+00  0.0000E+00  0.0000E+00  2.0000E+00  0.0000E+00  1.0186E+00  3.1760E+00  5.9047E+01  1.4116E+00  6.9923E-02  0.0000E+00  1.4270E+00  1.6401E+00  0.0000E+00  0.0000E+00
  1.0000E+00  1.7600E+02  0.0000E+00  1.3030E+00  0.0000E+00  0.0000E+00  2.0000E+00  0.0000E+00  1.0186E+00  3.1760E+00  5.9047E+01  1.1624E+00  7.1185E-01  0.0000E+00  1.3030E+00  1.2927E+00  0.0000E+00  0.0000E+00
  1.0000E+00  1.8000E+02  0.0000E+00  9.1100E-01  0.0000E+00  0.0000E+00  2.0000E+00  0.0000E+00  1.0186E+00  3.1760E+00  5.9047E+01  9.3777E-01 -1.4914E-01  0.0000E+00  9.1100E-01  1.0037E+00  0.0000E+00  0.0000E+00
  1.0000E+00  1.9200E+02  0.0000E+00  5.2600E-01  0.0000E+00  0.0000E+00  2.0000E+00  0.0000E+00  1.0186E+00  3.1760E+00  5.9047E+01  4.9180E-01  2.2541E-01  0.0000E+00  5.2600E-01  4.6958E-01  0.0000E+00  0.0000E+00
  1.0000E+00  3.3600E+02  1.0000E+02  0.0000E+00  1.0000E+00  1.0000E+00  3.0000E+00  0.0000E+00  1.0186E+00  3.1760E+00  5.9047E+01  2.1283E-04 -1.5228E-03  0.0000E+00  0.0000E+00  5.1621E-05  0.0000E+00  0.0000E+00
  1.0000E+00  3.3650E+02  0.0000E+00  2.5000E-01  0.0000E+00  0.0000E+00  3.0000E+00  1.0000E+00  1.0186E+00  3.1760E+00  5.9047E+01  6.6631E-01 -2.5849E+00  0.0000E+00  2.5000E-01  2.2616E-02  0.0000E+00  0.0000E+00
  1.0000E+00  3.3700E+02  0.0000E+00  8.3300E-01  0.0000E+00  0.0000E+00  3.0000E+00  0.0000E+00  1.0186E+00  3.1760E+00  5.9047E+01  1.0489E+00 -1.1474E+00  0.0000E+00  8.3300E-01  1.3057E+00  0.0000E+00  0.0000E+00
  1.0000E+00  3.3800E+02  0.0000E+00  1.0080E+00  0.0000E+00  0.0000E+00  3.0000E+00  0.0000E+00  1.0186E+00  3.1760E+00  5.9047E+01  1.3727E+00 -1.6871E+00  0.0000E+00  1.0080E+00  1.6566E+00  0.0000E+00  0.0000E+00
  1.0000E+00  3.4000E+02  0.0000E+00  1.2340E+00  0.0000E+00  0.0000E+00  3.0000E+00  0.0000E+00  1.0186E+00  3.1760E+00  5.9047E+01  1.4116E+00 -8.0840E-01  0.0000E+00  1.2340E+00  1.6401E+00  0.0000E+00  0.0000E+00
  1.0000E+00  3.4400E+02  0.0000E+00  1.2120E+00  0.0000E+00  0.0000E+00  3.0000E+00  0.0000E+00  1.0186E+00  3.1760E+00  5.9047E+01  1.1624E+00  2.5121E-01  0.0000E+00  1.2120E+00  1.2927E+00  0.0000E+00  0.0000E+00
  1.0000E+00  3.4800E+02  0.0000E+00  1.1490E+00  0.0000E+00  0.0000E+00  3.0000E+00  0.0000E+00  1.0186E+00  3.1760E+00  5.9047E+01  9.3777E-01  1.1768E+00  0.0000E+00  1.1490E+00  1.0037E+00  0.0000E+00  0.0000E+00
  1.0000E+00  3.6000E+02  0.0000E+00  5.4000E-01  0.0000E+00  0.0000E+00  3.0000E+00  0.0000E+00  1.0186E+00  3.1760E+00  5.9047E+01  4.9180E-01  3.1768E-01  0.0000E+00  5.4000E-01  4.6958E-01  0.0000E+00  0.0000E+00
  2.0000E+00  0.0000E+00  1.0000E+02  0.0000E+00  1.0000E+00  1.0000E+00  1.0000E+00  0.0000E+00  8.6812E-01  5.3136E+00  5.1710E+01  0.0000E+00  0.0000E+00  0.0000E+00  0.0000E+00  0.0000E+00  0.0000E+00  0.0000E+00
  2.0000E+00  5.0000E-01  0.0000E+00  6.3400E-01  0.0000E+00  0.0000E+00  1.0000E+00  0.0000E+00  8.6812E-01  5.3136E+00  5.1710E+01  6.6253E-01 -1.7742E-01  0.0000E+00  6.3400E-01  8.4598E-01  0.0000E+00  0.0000E+00
  2.0000E+00  1.0000E+00  0.0000E+00  1.0210E+00  0.0000E+00  0.0000E+00  1.0000E+00  0.0000E+00  8.6812E-01  5.3136E+00  5.1710E+01  1.0586E+00 -1.9895E-01  0.0000E+00  1.0210E+00  1.3057E+00  0.0000E+00  0.0000E+00
  2.0000E+00  2.0000E+00  0.0000E+00  1.7080E+00  0.0000E+00  0.0000E+00  1.0000E+00  0.0000E+00  8.6812E-01  5.3136E+00  5.1710E+01  1.3995E+00  1.4109E+00  0.0000E+00  1.7080E+00  1.6565E+00  0.0000E+00  0.0000E+00
  2.0000E+00  4.0000E+00  0.0000E+00  1.5190E+00  0.0000E+00  0.0000E+00  1.0000E+00  0.0000E+00  8.6812E-01  5.3136E+00  5.1710E+01  1.3861E+00  6.1125E-01  0.0000E+00  1.5190E+00  1.6400E+00  0.0000E+00  0.0000E+00
  2.0000E+00  8.0000E+00  0.0000E+00  1.0540E+00  0.0000E+00  0.0000E+00  1.0000E+00  0.0000E+00  8.6812E-01  5.3136E+00  5.1710E+01  9.6198E-01  5.0744E-01  0.0000E+00  1.0540E+00  1.2926E+00  0.0000E+00  0.0000E+00
  2.0000E+00  1.2000E+01  0.0000E+00  6.0800E-01  0.0000E+00  0.0000E+00  1.0000E+00  0.0000E+00  8.6812E-01  5.3136E+00  5.1710E+01  6.3910E-01 -1.9502E-01  0.0000E+00  6.0800E-01  1.0037E+00  0.0000E+00  0.0000E+00
  2.0000E+00  2.4000E+01  0.0000E+00  2.5000E-01  0.0000E+00  0.0000E+00  1.0000E+00  1.0000E+00  8.6812E-01  5.3136E+00  5.1710E+01  1.8625E-01  4.5044E-01  0.0000E+00  2.5000E-01  5.8002E-01  0.0000E+00  0.0000E+00
  2.0000E+00  1.6800E+02  1.0000E+02  0.0000E+00  1.0000E+00  1.0000E+00  2.0000E+00  0.0000E+00  8.6812E-01  5.3136E+00  5.1710E+01  6.9789E-08 -4.9936E-07  0.0000E+00  0.0000E+00  5.1620E-05  0.0000E+00  0.0000E+00
  2.0000E+00  1.6850E+02  0.0000E+00  6.5100E-01  0.0000E+00  0.0000E+00  2.0000E+00  0.0000E+00  8.6812E-01  5.3136E+00  5.1710E+01  6.6253E-01 -7.1713E-02  0.0000E+00  6.5100E-01  8.4603E-01  0.0000E+00  0.0000E+00
  2.0000E+00  1.6900E+02  0.0000E+00  1.2500E+00  0.0000E+00  0.0000E+00  2.0000E+00  0.0000E+00  8.6812E-01  5.3136E+00  5.1710E+01  1.0586E+00  1.0130E+00  0.0000E+00  1.2500E+00  1.3057E+00  0.0000E+00  0.0000E+00
  2.0000E+00  1.7000E+02  0.0000E+00  1.6730E+00  0.0000E+00  0.0000E+00  2.0000E+00  0.0000E+00  8.6812E-01  5.3136E+00  5.1710E+01  1.3995E+00  1.2508E+00  0.0000E+00  1.6730E+00  1.6566E+00  0.0000E+00  0.0000E+00
  2.0000E+00  1.7200E+02  0.0000E+00  1.2820E+00  0.0000E+00  0.0000E+00  2.0000E+00  0.0000E+00  8.6812E-01  5.3136E+00  5.1710E+01  1.3861E+00 -4.7901E-01  0.0000E+00  1.2820E+00  1.6401E+00  0.0000E+00  0.0000E+00
  2.0000E+00  1.7600E+02  0.0000E+00  9.9300E-01  0.0000E+00  0.0000E+00  2.0000E+00  0.0000E+00  8.6812E-01  5.3136E+00  5.1710E+01  9.6198E-01  1.7105E-01  0.0000E+00  9.9300E-01  1.2927E+00  0.0000E+00  0.0000E+00
  2.0000E+00  1.8000E+02  0.0000E+00  6.4700E-01  0.0000E+00  0.0000E+00  2.0000E+00  0.0000E+00  8.6812E-01  5.3136E+00  5.1710E+01  6.3910E-01  4.9562E-02  0.0000E+00  6.4700E-01  1.0037E+00  0.0000E+00  0.0000E+00
  2.0000E+00  1.9200E+02  0.0000E+00  2.5000E-01  0.0000E+00  0.0000E+00  2.0000E+00  1.0000E+00  8.6812E-01  5.3136E+00  5.1710E+01  1.8625E-01  4.5044E-01  0.0000E+00  2.5000E-01  5.7999E-01  0.0000E+00  0.0000E+00
  2.0000E+00  3.3600E+02  1.0000E+02  0.0000E+00  1.0000E+00  1.0000E+00  3.0000E+00  0.0000E+00  8.6812E-01  5.3136E+00  5.1710E+01  6.9789E-08 -4.9936E-07  0.0000E+00  0.0000E+00  5.1621E-05  0.0000E+00  0.0000E+00
  2.0000E+00  3.3650E+02  0.0000E+00  5.2400E-01  0.0000E+00  0.0000E+00  3.0000E+00  0.0000E+00  8.6812E-01  5.3136E+00  5.1710E+01  6.6253E-01 -8.6138E-01  0.0000E+00  5.2400E-01  8.4603E-01  0.0000E+00  0.0000E+00
  2.0000E+00  3.3700E+02  0.0000E+00  8.7500E-01  0.0000E+00  0.0000E+00  3.0000E+00  0.0000E+00  8.6812E-01  5.3136E+00  5.1710E+01  1.0586E+00 -9.7165E-01  0.0000E+00  8.7500E-01  1.3057E+00  0.0000E+00  0.0000E+00
  2.0000E+00  3.3800E+02  0.0000E+00  1.0860E+00  0.0000E+00  0.0000E+00  3.0000E+00  0.0000E+00  8.6812E-01  5.3136E+00  5.1710E+01  1.3995E+00 -1.4342E+00  0.0000E+00  1.0860E+00  1.6566E+00  0.0000E+00  0.0000E+00
  2.0000E+00  3.4000E+02  0.0000E+00  1.3250E+00  0.0000E+00  0.0000E+00  3.0000E+00  0.0000E+00  8.6812E-01  5.3136E+00  5.1710E+01  1.3861E+00 -2.8120E-01  0.0000E+00  1.3250E+00  1.6401E+00  0.0000E+00  0.0000E+00
  2.0000E+00  3.4400E+02  0.0000E+00  6.5800E-01  0.0000E+00  0.0000E+00  3.0000E+00  0.0000E+00  8.6812E-01  5.3136E+00  5.1710E+01  9.6198E-01 -1.6763E+00  0.0000E+00  6.5800E-01  1.2927E+00  0.0000E+00  0.0000E+00
  2.0000E+00  3.4800E+02  0.0000E+00  7.5900E-01  0.0000E+00  0.0000E+00  3.0000E+00  0.0000E+00  8.6812E-01  5.3136E+00  5.1710E+01  6.3910E-01  7.5196E-01  0.0000E+00  7.5900E-01  1.0037E+00  0.0000E+00  0.0000E+00
  2.0000E+00  3.6000E+02  0.0000E+00  2.5000E-01  0.0000E+00  0.0000E+00  3.0000E+00  1.0000E+00  8.6812E-01  5.3136E+00  5.1710E+01  1.8625E-01  4.5044E-01  0.0000E+00  2.5000E-01  5.7999E-01  0.0000E+00  0.0000E+00
  3.0000E+00  0.0000E+00  1.0000E+02  0.0000E+00  1.0000E+00  1.0000E+00  1.0000E+00  0.0000E+00  1.3618E+00  3.0619E+00  5.3779E+01  0.0000E+00  0.0000E+00  0.0000E+00  0.0000E+00  0.0000E+00  0.0000E+00  0.0000E+00
  3.0000E+00  5.0000E-01  0.0000E+00  9.9300E-01  0.0000E+00  0.0000E+00  1.0000E+00  0.0000E+00  1.3618E+00  3.0619E+00  5.3779E+01  9.0387E-01  5.0362E-01  5.9810E-01  9.9300E-01  8.4598E-01  1.4702E-01  6.2853E-01
  3.0000E+00  1.0000E+00  0.0000E+00  1.4210E+00  0.0000E+00  0.0000E+00  1.0000E+00  0.0000E+00  1.3618E+00  3.0619E+00  5.3779E+01  1.3360E+00  3.9936E-01  4.2435E-01  1.4210E+00  1.3057E+00  1.1534E-01  4.3534E-01
  3.0000E+00  2.0000E+00  0.0000E+00  1.8710E+00  0.0000E+00  0.0000E+00  1.0000E+00  0.0000E+00  1.3618E+00  3.0619E+00  5.3779E+01  1.6044E+00  1.1200E+00  1.0026E+00  1.8710E+00  1.6565E+00  2.1447E-01  9.7029E-01
  3.0000E+00  4.0000E+00  0.0000E+00  1.4800E+00  0.0000E+00  0.0000E+00  1.0000E+00  0.0000E+00  1.3618E+00  3.0619E+00  5.3779E+01  1.5370E+00 -2.4619E-01 -4.2861E-01  1.4800E+00  1.6400E+00 -1.6002E-01 -4.1223E-01
  3.0000E+00  8.0000E+00  0.0000E+00  1.1220E+00  0.0000E+00  0.0000E+00  1.0000E+00  0.0000E+00  1.3618E+00  3.0619E+00  5.3779E+01  1.2306E+00 -5.3379E-01 -6.4431E-01  1.1220E+00  1.2926E+00 -1.7062E-01 -6.1515E-01
  3.0000E+00  1.2000E+01  0.0000E+00  9.7000E-01  0.0000E+00  0.0000E+00  1.0000E+00  0.0000E+00  1.3618E+00  3.0619E+00  5.3779E+01  9.7998E-01 -5.4627E-02 -9.9959E-02  9.7000E-01  1.0037E+00 -3.3695E-02 -9.1196E-02
  3.0000E+00  2.4000E+01  0.0000E+00  5.5200E-01  0.0000E+00  0.0000E+00  1.0000E+00  0.0000E+00  1.3618E+00  3.0619E+00  5.3779E+01  4.9488E-01  3.7613E-01  4.2564E-01  5.5200E-01  4.6957E-01  8.2434E-02  4.3124E-01
  3.0000E+00  1.6800E+02  1.0000E+02  0.0000E+00  1.0000E+00  1.0000E+00  2.0000E+00  0.0000E+00  1.3618E+00  3.0619E+00  5.3779E+01  1.3609E-04 -9.7380E-04  0.0000E+00  0.0000E+00  5.1620E-05  0.0000E+00  0.0000E+00
  3.0000E+00  1.6850E+02  0.0000E+00  7.8400E-01  0.0000E+00  0.0000E+00  2.0000E+00  0.0000E+00  1.3618E+00  3.0619E+00  5.3779E+01  9.0400E-01 -6.7805E-01 -5.8332E-01  7.8400E-01  8.4603E-01 -6.2028E-02 -5.7179E-01
  3.0000E+00  1.6900E+02  0.0000E+00  1.0760E+00  0.0000E+00  0.0000E+00  2.0000E+00  0.0000E+00  1.3618E+00  3.0619E+00  5.3779E+01  1.3361E+00 -1.2224E+00 -1.1971E+00  1.0760E+00  1.3057E+00 -2.2970E-01 -1.1858E+00
  3.0000E+00  1.7000E+02  0.0000E+00  1.3080E+00  0.0000E+00  0.0000E+00  2.0000E+00  0.0000E+00  1.3618E+00  3.0619E+00  5.3779E+01  1.6045E+00 -1.2454E+00 -1.3626E+00  1.3080E+00  1.6566E+00 -3.4858E-01 -1.3232E+00
  3.0000E+00  1.7200E+02  0.0000E+00  1.6920E+00  0.0000E+00  0.0000E+00  2.0000E+00  0.0000E+00  1.3618E+00  3.0619E+00  5.3779E+01  1.5371E+00  6.6886E-01  4.8664E-01  1.6920E+00  1.6401E+00  5.1940E-02  4.5840E-01
  3.0000E+00  1.7600E+02  0.0000E+00  1.2150E+00  0.0000E+00  0.0000E+00  2.0000E+00  0.0000E+00  1.3618E+00  3.0619E+00  5.3779E+01  1.2307E+00 -7.7046E-02 -1.8739E-01  1.2150E+00  1.2927E+00 -7.7651E-02 -1.7537E-01
  3.0000E+00  1.8000E+02  0.0000E+00  8.7400E-01  0.0000E+00  0.0000E+00  2.0000E+00  0.0000E+00  1.3618E+00  3.0619E+00  5.3779E+01  9.8005E-01 -5.8036E-01 -6.2555E-01  8.7400E-01  1.0037E+00 -1.2972E-01 -6.0382E-01
  3.0000E+00  1.9200E+02  0.0000E+00  5.3000E-01  0.0000E+00  0.0000E+00  2.0000E+00  0.0000E+00  1.3618E+00  3.0619E+00  5.3779E+01  4.9491E-01  2.3104E-01  2.8063E-01  5.3000E-01  4.6958E-01  6.0423E-02  2.8615E-01
  3.0000E+00  3.3600E+02  1.0000E+02  0.0000E+00  1.0000E+00  1.0000E+00  3.0000E+00  0.0000E+00  1.3618E+00  3.0619E+00  5.3779E+01  1.3610E-04 -9.7386E-04  0.0000E+00  0.0000E+00  5.1621E-05  0.0000E+00  0.0000E+00
  3.0000E+00  3.3650E+02  0.0000E+00  1.0400E+00  0.0000E+00  0.0000E+00  3.0000E+00  0.0000E+00  1.3618E+00  3.0619E+00  5.3779E+01  9.0400E-01  7.6841E-01  8.6314E-01  1.0400E+00  8.4603E-01  1.9397E-01  8.9788E-01
  3.0000E+00  3.3700E+02  0.0000E+00  1.5190E+00  0.0000E+00  0.0000E+00  3.0000E+00  0.0000E+00  1.3618E+00  3.0619E+00  5.3779E+01  1.3361E+00  8.5922E-01  8.8445E-01  1.5190E+00  1.3057E+00  2.1330E-01  8.9537E-01
  3.0000E+00  3.3800E+02  0.0000E+00  1.5100E+00  0.0000E+00  0.0000E+00  3.0000E+00  0.0000E+00  1.3618E+00  3.0619E+00  5.3779E+01  1.6045E+00 -3.9690E-01 -5.1412E-01  1.5100E+00  1.6566E+00 -1.4658E-01 -5.0042E-01
  3.0000E+00  3.4000E+02  0.0000E+00  1.5970E+00  0.0000E+00  0.0000E+00  3.0000E+00  0.0000E+00  1.3618E+00  3.0619E+00  5.3779E+01  1.5371E+00  2.5861E-01  7.6386E-02  1.5970E+00  1.6401E+00 -4.3060E-02  6.8150E-02
  3.0000E+00  3.4400E+02  0.0000E+00  1.3570E+00  0.0000E+00  0.0000E+00  3.0000E+00  0.0000E+00  1.3618E+00  3.0619E+00  5.3779E+01  1.2307E+00  6.2097E-01  5.1063E-01  1.3570E+00  1.2927E+00  6.4349E-02  4.9646E-01
  3.0000E+00  3.4800E+02  0.0000E+00  9.3000E-01  0.0000E+00  0.0000E+00  3.0000E+00  0.0000E+00  1.3618E+00  3.0619E+00  5.3779E+01  9.8005E-01 -2.7390E-01 -3.1909E-01  9.3000E-01  1.0037E+00 -7.3719E-02 -3.0491E-01
  3.0000E+00  3.6000E+02  0.0000E+00  5.6400E-01  0.0000E+00  0.0000E+00  3.0000E+00  0.0000E+00  1.3618E+00  3.0619E+00  5.3779E+01  4.9491E-01  4.5491E-01  5.0450E-01  5.6400E-01  4.6958E-01  9.4423E-02  5.1018E-01
  4.0000E+00  0.0000E+00  1.0000E+02  0.0000E+00  1.0000E+00  1.0000E+00  1.0000E+00  0.0000E+00  1.3558E+00  5.7126E+00  4.6585E+01  0.0000E+00  0.0000E+00  0.0000E+00  0.0000E+00  0.0000E+00  0.0000E+00  0.0000E+00
  4.0000E+00  5.0000E-01  0.0000E+00  8.8000E-01  0.0000E+00  0.0000E+00  1.0000E+00  0.0000E+00  1.3558E+00  5.7126E+00  4.6585E+01  1.0216E+00 -7.6111E-01  0.0000E+00  8.8000E-01  8.4598E-01  0.0000E+00  0.0000E+00
  4.0000E+00  1.0000E+00  0.0000E+00  1.3320E+00  0.0000E+00  0.0000E+00  1.0000E+00  0.0000E+00  1.3558E+00  5.7126E+00  4.6585E+01  1.4794E+00 -6.5208E-01  0.0000E+00  1.3320E+00  1.3057E+00  0.0000E+00  0.0000E+00
  4.0000E+00  2.0000E+00  0.0000E+00  1.5190E+00  0.0000E+00  0.0000E+00  1.0000E+00  0.0000E+00  1.3558E+00  5.7126E+00  4.6585E+01  1.6900E+00 -6.9380E-01  0.0000E+00  1.5190E+00  1.6565E+00  0.0000E+00  0.0000E+00
  4.0000E+00  4.0000E+00  0.0000E+00  1.4540E+00  0.0000E+00  0.0000E+00  1.0000E+00  0.0000E+00  1.3558E+00  5.7126E+00  4.6585E+01  1.4347E+00  8.7018E-02  0.0000E+00  1.4540E+00  1.6400E+00  0.0000E+00  0.0000E+00
  4.0000E+00  8.0000E+00  0.0000E+00  9.3900E-01  0.0000E+00  0.0000E+00  1.0000E+00  0.0000E+00  1.3558E+00  5.7126E+00  4.6585E+01  8.8481E-01  3.0863E-01  0.0000E+00  9.3900E-01  1.2926E+00  0.0000E+00  0.0000E+00
  4.0000E+00  1.2000E+01  0.0000E+00  5.5700E-01  0.0000E+00  0.0000E+00  1.0000E+00  0.0000E+00  1.3558E+00  5.7126E+00  4.6585E+01  5.4181E-01  9.8542E-02  0.0000E+00  5.5700E-01  1.0037E+00  0.0000E+00  0.0000E+00
  4.0000E+00  2.4000E+01  0.0000E+00  2.5000E-01  0.0000E+00  0.0000E+00  1.0000E+00  1.0000E+00  1.3558E+00  5.7126E+00  4.6585E+01  1.2438E-01  8.9373E-01  0.0000E+00  2.5000E-01  5.8002E-01  0.0000E+00  0.0000E+00
  4.0000E+00  1.6800E+02  1.0000E+02  0.0000E+00  1.0000E+00  1.0000E+00  2.0000E+00  0.0000E+00  1.3558E+00  5.7126E+00  4.6585E+01  2.6655E-09 -1.9073E-08  0.0000E+00  0.0000E+00  5.1620E-05  0.0000E+00  0.0000E+00
  4.0000E+00  1.6850E+02  0.0000E+00  1.2090E+00  0.0000E+00  0.0000E+00  2.0000E+00  0.0000E+00  1.3558E+00  5.7126E+00  4.6585E+01  1.0216E+00  1.0079E+00  0.0000E+00  1.2090E+00  8.4603E-01  0.0000E+00  0.0000E+00
  4.0000E+00  1.6900E+02  0.0000E+00  1.8400E+00  0.0000E+00  0.0000E+00  2.0000E+00  0.0000E+00  1.3558E+00  5.7126E+00  4.6585E+01  1.4794E+00  1.5949E+00  0.0000E+00  1.8400E+00  1.3057E+00  0.0000E+00  0.0000E+00
  4.0000E+00  1.7000E+02  0.0000E+00  1.8310E+00  0.0000E+00  0.0000E+00  2.0000E+00  0.0000E+00  1.3558E+00  5.7126E+00  4.6585E+01  1.6900E+00  5.7214E-01  0.0000E+00  1.8310E+00  1.6566E+00  0.0000E+00  0.0000E+00
  4.0000E+00  1.7200E+02  0.0000E+00  1.6860E+00  0.0000E+00  0.0000E+00  2.0000E+00  0.0000E+00  1.3558E+00  5.7126E+00  4.6585E+01  1.4347E+00  1.1326E+00  0.0000E+00  1.6860E+00  1.6401E+00  0.0000E+00  0.0000E+00
  4.0000E+00  1.7600E+02  0.0000E+00  7.5000E-01  0.0000E+00  0.0000E+00  2.0000E+00  0.0000E+00  1.3558E+00  5.7126E+00  4.6585E+01  8.8481E-01 -7.6781E-01  0.0000E+00  7.5000E-01  1.2927E+00  0.0000E+00  0.0000E+00
  4.0000E+00  1.8000E+02  0.0000E+00  6.2500E-01  0.0000E+00  0.0000E+00  2.0000E+00  0.0000E+00  1.3558E+00  5.7126E+00  4.6585E+01  5.4181E-01  5.3962E-01  0.0000E+00  6.2500E-01  1.0037E+00  0.0000E+00  0.0000E+00
  4.0000E+00  1.9200E+02  0.0000E+00  2.5000E-01  0.0000E+00  0.0000E+00  2.0000E+00  1.0000E+00  1.3558E+00  5.7126E+00  4.6585E+01  1.2438E-01  8.9373E-01  0.0000E+00  2.5000E-01  5.7999E-01  0.0000E+00  0.0000E+00
  4.0000E+00  3.3600E+02  1.0000E+02  0.0000E+00  1.0000E+00  1.0000E+00  3.0000E+00  0.0000E+00  1.3558E+00  5.7126E+00  4.6585E+01  2.6655E-09 -1.9073E-08  0.0000E+00  0.0000E+00  5.1621E-05  0.0000E+00  0.0000E+00
  4.0000E+00  3.3650E+02  0.0000E+00  9.1700E-01  0.0000E+00  0.0000E+00  3.0000E+00  0.0000E+00  1.3558E+00  5.7126E+00  4.6585E+01  1.0216E+00 -5.6216E-01  0.0000E+00  9.1700E-01  8.4603E-01  0.0000E+00  0.0000E+00
  4.0000E+00  3.3700E+02  0.0000E+00  1.5570E+00  0.0000E+00  0.0000E+00  3.0000E+00  0.0000E+00  1.3558E+00  5.7126E+00  4.6585E+01  1.4794E+00  3.4315E-01  0.0000E+00  1.5570E+00  1.3057E+00  0.0000E+00  0.0000E+00
  4.0000E+00  3.3800E+02  0.0000E+00  1.4360E+00  0.0000E+00  0.0000E+00  3.0000E+00  0.0000E+00  1.3558E+00  5.7126E+00  4.6585E+01  1.6900E+00 -1.0306E+00  0.0000E+00  1.4360E+00  1.6566E+00  0.0000E+00  0.0000E+00
  4.0000E+00  3.4000E+02  0.0000E+00  1.4760E+00  0.0000E+00  0.0000E+00  3.0000E+00  0.0000E+00  1.3558E+00  5.7126E+00  4.6585E+01  1.4347E+00  1.8617E-01  0.0000E+00  1.4760E+00  1.6401E+00  0.0000E+00  0.0000E+00
  4.0000E+00  3.4400E+02  0.0000E+00  7.0400E-01  0.0000E+00  0.0000E+00  3.0000E+00  0.0000E+00  1.3558E+00  5.7126E+00  4.6585E+01  8.8481E-01 -1.0298E+00  0.0000E+00  7.0400E-01  1.2927E+00  0.0000E+00  0.0000E+00
  4.0000E+00  3.4800E+02  0.0000E+00  5.6100E-01  0.0000E+00  0.0000E+00  3.0000E+00  0.0000E+00  1.3558E+00  5.7126E+00  4.6585E+01  5.4181E-01  1.2449E-01  0.0000E+00  5.6100E-01  1.0037E+00  0.0000E+00  0.0000E+00
  4.0000E+00  3.6000E+02  0.0000E+00  2.5000E-01  0.0000E+00  0.0000E+00  3.0000E+00  1.0000E+00  1.3558E+00  5.7126E+00  4.6585E+01  1.2438E-01  8.9373E-01  0.0000E+00  2.5000E-01  5.7999E-01  0.0000E+00  0.0000E+00
  5.0000E+00  0.0000E+00  1.0000E+02  0.0000E+00  1.0000E+00  1.0000E+00  1.0000E+00  0.0000E+00  1.1471E+00  2.1752E+00  4.3472E+01  0.0000E+00  0.0000E+00  0.0000E+00  0.0000E+00  0.0000E+00  0.0000E+00  0.0000E+00
  5.0000E+00  5.0000E-01  0.0000E+00  9.7700E-01  0.0000E+00  0.0000E+00  1.0000E+00  0.0000E+00  1.1471E+00  2.1752E+00  4.3472E+01  9.9042E-01 -7.3131E-02 -5.2526E-02  9.7700E-01  8.4598E-01  1.3102E-01 -6.4050E-02
  5.0000E+00  1.0000E+00  0.0000E+00  1.4330E+00  0.0000E+00  0.0000E+00  1.0000E+00  0.0000E+00  1.1471E+00  2.1752E+00  4.3472E+01  1.5241E+00 -3.9543E-01 -3.3659E-01  1.4330E+00  1.3057E+00  1.2734E-01 -3.6786E-01
  5.0000E+00  2.0000E+00  0.0000E+00  2.1960E+00  0.0000E+00  0.0000E+00  1.0000E+00  0.0000E+00  1.1471E+00  2.1752E+00  4.3472E+01  1.9337E+00  9.6775E-01  1.0794E+00  2.1960E+00  1.6565E+00  5.3947E-01  1.1946E+00
  5.0000E+00  4.0000E+00  0.0000E+00  2.0110E+00  0.0000E+00  0.0000E+00  1.0000E+00  0.0000E+00  1.1471E+00  2.1752E+00  4.3472E+01  1.9445E+00  2.4426E-01  3.9254E-01  2.0110E+00  1.6400E+00  3.7098E-01  4.3820E-01
  5.0000E+00  8.0000E+00  0.0000E+00  1.5720E+00  0.0000E+00  0.0000E+00  1.0000E+00  0.0000E+00  1.1471E+00  2.1752E+00  4.3472E+01  1.6116E+00 -1.6570E-01 -7.5000E-03  1.5720E+00  1.2926E+00  2.7938E-01 -3.2485E-02
  5.0000E+00  1.2000E+01  0.0000E+00  1.2160E+00  0.0000E+00  0.0000E+00  1.0000E+00  0.0000E+00  1.1471E+00  2.1752E+00  4.3472E+01  1.3194E+00 -4.8950E-01 -3.3370E-01  1.2160E+00  1.0037E+00  2.1230E-01 -4.0574E-01
  5.0000E+00  2.4000E+01  0.0000E+00  6.8700E-01  0.0000E+00  0.0000E+00  1.0000E+00  0.0000E+00  1.1471E+00  2.1752E+00  4.3472E+01  7.2379E-01 -2.2351E-01 -9.4473E-02  6.8700E-01  4.6957E-01  2.1743E-01 -6.6859E-02
  5.0000E+00  1.6800E+02  1.0000E+02  0.0000E+00  1.0000E+00  1.0000E+00  2.0000E+00  0.0000E+00  1.1471E+00  2.1752E+00  4.3472E+01  5.3739E-04 -3.8452E-03  0.0000E+00  0.0000E+00  5.1620E-05  0.0000E+00  0.0000E+00
  5.0000E+00  1.6850E+02  0.0000E+00  1.1380E+00  0.0000E+00  0.0000E+00  2.0000E+00  0.0000E+00  1.1471E+00  2.1752E+00  4.3472E+01  9.9095E-01  8.0105E-01  8.2218E-01  1.1380E+00  8.4603E-01  2.9197E-01  8.5916E-01
  5.0000E+00  1.6900E+02  0.0000E+00  1.3320E+00  0.0000E+00  0.0000E+00  2.0000E+00  0.0000E+00  1.1471E+00  2.1752E+00  4.3472E+01  1.5246E+00 -8.3599E-01 -7.7664E-01  1.3320E+00  1.3057E+00  2.6296E-02 -8.4319E-01
  5.0000E+00  1.7000E+02  0.0000E+00  2.1250E+00  0.0000E+00  0.0000E+00  2.0000E+00  0.0000E+00  1.1471E+00  2.1752E+00  4.3472E+01  1.9342E+00  7.0391E-01  8.1601E-01  2.1250E+00  1.6566E+00  4.6842E-01  9.0473E-01
  5.0000E+00  1.7200E+02  0.0000E+00  1.7000E+00  0.0000E+00  0.0000E+00  2.0000E+00  0.0000E+00  1.1471E+00  2.1752E+00  4.3472E+01  1.9450E+00 -8.9978E-01 -7.5106E-01  1.7000E+00  1.6401E+00  5.9940E-02 -8.3999E-01
  5.0000E+00  1.7600E+02  0.0000E+00  1.6440E+00  0.0000E+00  0.0000E+00  2.0000E+00  0.0000E+00  1.1471E+00  2.1752E+00  4.3472E+01  1.6119E+00  1.3433E-01  2.9291E-01  1.6440E+00  1.2927E+00  3.5135E-01  3.0761E-01
  5.0000E+00  1.8000E+02  0.0000E+00  1.1750E+00  0.0000E+00  0.0000E+00  2.0000E+00  0.0000E+00  1.1471E+00  2.1752E+00  4.3472E+01  1.3197E+00 -6.8484E-01 -5.2872E-01  1.1750E+00  1.0037E+00  1.7128E-01 -6.2507E-01
  5.0000E+00  1.9200E+02  0.0000E+00  8.2100E-01  0.0000E+00  0.0000E+00  2.0000E+00  0.0000E+00  1.1471E+00  2.1752E+00  4.3472E+01  7.2395E-01  5.8960E-01  7.1882E-01  8.2100E-01  4.6958E-01  3.5142E-01  8.1578E-01
  5.0000E+00  3.3600E+02  1.0000E+02  0.0000E+00  1.0000E+00  1.0000E+00  3.0000E+00  0.0000E+00  1.1471E+00  2.1752E+00  4.3472E+01  5.3751E-04 -3.8460E-03  0.0000E+00  0.0000E+00  5.1621E-05  0.0000E+00  0.0000E+00
  5.0000E+00  3.3650E+02  0.0000E+00  7.6800E-01  0.0000E+00  0.0000E+00  3.0000E+00  0.0000E+00  1.1471E+00  2.1752E+00  4.3472E+01  9.9095E-01 -1.2145E+00 -1.1933E+00  7.6800E-01  8.4603E-01 -7.8028E-02 -1.2650E+00
  5.0000E+00  3.3700E+02  0.0000E+00  1.7380E+00  0.0000E+00  0.0000E+00  3.0000E+00  0.0000E+00  1.1471E+00  2.1752E+00  4.3472E+01  1.5246E+00  9.2641E-01  9.8577E-01  1.7380E+00  1.3057E+00  4.3230E-01  1.0642E+00
  5.0000E+00  3.3800E+02  0.0000E+00  2.1220E+00  0.0000E+00  0.0000E+00  3.0000E+00  0.0000E+00  1.1471E+00  2.1752E+00  4.3472E+01  1.9342E+00  6.9284E-01  8.0495E-01  2.1220E+00  1.6566E+00  4.6542E-01  8.9251E-01
  5.0000E+00  3.4000E+02  0.0000E+00  2.0210E+00  0.0000E+00  0.0000E+00  3.0000E+00  0.0000E+00  1.1471E+00  2.1752E+00  4.3472E+01  1.9450E+00  2.7934E-01  4.2806E-01  2.0210E+00  1.6401E+00  3.8094E-01  4.7867E-01
  5.0000E+00  3.4400E+02  0.0000E+00  1.7570E+00  0.0000E+00  0.0000E+00  3.0000E+00  0.0000E+00  1.1471E+00  2.1752E+00  4.3472E+01  1.6119E+00  6.0754E-01  7.6612E-01  1.7570E+00  1.2927E+00  4.6435E-01  8.4223E-01
  5.0000E+00  3.4800E+02  0.0000E+00  1.3830E+00  0.0000E+00  0.0000E+00  3.0000E+00  0.0000E+00  1.1471E+00  2.1752E+00  4.3472E+01  1.3197E+00  2.9939E-01  4.5550E-01  1.3830E+00  1.0037E+00  3.7928E-01  4.8515E-01
  5.0000E+00  3.6000E+02  0.0000E+00  8.0900E-01  0.0000E+00  0.0000E+00  3.0000E+00  0.0000E+00  1.1471E+00  2.1752E+00  4.3472E+01  7.2395E-01  5.1670E-01  6.4592E-01  8.0900E-01  4.6958E-01  3.3942E-01  7.3671E-01
  6.0000E+00  0.0000E+00  1.0000E+02  0.0000E+00  1.0000E+00  1.0000E+00  1.0000E+00  0.0000E+00  1.6651E+00  3.7382E+00  3.8047E+01  0.0000E+00  0.0000E+00  0.0000E+00  0.0000E+00  0.0000E+00  0.0000E+00  0.0000E+00
  6.0000E+00  5.0000E-01  0.0000E+00  1.6140E+00  0.0000E+00  0.0000E+00  1.0000E+00  0.0000E+00  1.6651E+00  3.7382E+00  3.8047E+01  1.4444E+00  7.6126E-01  0.0000E+00  1.6140E+00  8.4598E-01  0.0000E+00  0.0000E+00
  6.0000E+00  1.0000E+00  0.0000E+00  2.3760E+00  0.0000E+00  0.0000E+00  1.0000E+00  0.0000E+00  1.6651E+00  3.7382E+00  3.8047E+01  2.0034E+00  1.3390E+00  0.0000E+00  2.3760E+00  1.3057E+00  0.0000E+00  0.0000E+00
  6.0000E+00  2.0000E+00  0.0000E+00  1.8850E+00  0.0000E+00  0.0000E+00  1.0000E+00  0.0000E+00  1.6651E+00  3.7382E+00  3.8047E+01  2.1949E+00 -1.0385E+00  0.0000E+00  1.8850E+00  1.6565E+00  0.0000E+00  0.0000E+00
  6.0000E+00  4.0000E+00  0.0000E+00  1.9780E+00  0.0000E+00  0.0000E+00  1.0000E+00  0.0000E+00  1.6651E+00  3.7382E+00  3.8047E+01  1.8819E+00  3.6173E-01  0.0000E+00  1.9780E+00  1.6400E+00  0.0000E+00  0.0000E+00
  6.0000E+00  8.0000E+00  0.0000E+00  9.8300E-01  0.0000E+00  0.0000E+00  1.0000E+00  0.0000E+00  1.6651E+00  3.7382E+00  3.8047E+01  1.2727E+00 -1.3987E+00  0.0000E+00  9.8300E-01  1.2926E+00  0.0000E+00  0.0000E+00
  6.0000E+00  1.2000E+01  0.0000E+00  5.9400E-01  0.0000E+00  0.0000E+00  1.0000E+00  0.0000E+00  1.6651E+00  3.7382E+00  3.8047E+01  8.5912E-01 -1.5260E+00  0.0000E+00  5.9400E-01  1.0037E+00  0.0000E+00  0.0000E+00
  6.0000E+00  2.4000E+01  0.0000E+00  2.5000E-01  0.0000E+00  0.0000E+00  1.0000E+00  1.0000E+00  1.6651E+00  3.7382E+00  3.8047E+01  2.6425E-01 -9.9411E-02  0.0000E+00  2.5000E-01  5.8002E-01  0.0000E+00  0.0000E+00
  6.0000E+00  1.6800E+02  1.0000E+02  0.0000E+00  1.0000E+00  1.0000E+00  2.0000E+00  0.0000E+00  1.6651E+00  3.7382E+00  3.8047E+01  1.8946E-07 -1.3556E-06  0.0000E+00  0.0000E+00  5.1620E-05  0.0000E+00  0.0000E+00
  6.0000E+00  1.6850E+02  0.0000E+00  1.1890E+00  0.0000E+00  0.0000E+00  2.0000E+00  0.0000E+00  1.6651E+00  3.7382E+00  3.8047E+01  1.4444E+00 -1.1464E+00  0.0000E+00  1.1890E+00  8.4603E-01  0.0000E+00  0.0000E+00
  6.0000E+00  1.6900E+02  0.0000E+00  1.6090E+00  0.0000E+00  0.0000E+00  2.0000E+00  0.0000E+00  1.6651E+00  3.7382E+00  3.8047E+01  2.0034E+00 -1.4172E+00  0.0000E+00  1.6090E+00  1.3057E+00  0.0000E+00  0.0000E+00
  6.0000E+00  1.7000E+02  0.0000E+00  1.9940E+00  0.0000E+00  0.0000E+00  2.0000E+00  0.0000E+00  1.6651E+00  3.7382E+00  3.8047E+01  2.1949E+00 -6.7323E-01  0.0000E+00  1.9940E+00  1.6566E+00  0.0000E+00  0.0000E+00
  6.0000E+00  1.7200E+02  0.0000E+00  1.9270E+00  0.0000E+00  0.0000E+00  2.0000E+00  0.0000E+00  1.6651E+00  3.7382E+00  3.8047E+01  1.8819E+00  1.6983E-01  0.0000E+00  1.9270E+00  1.6401E+00  0.0000E+00  0.0000E+00
  6.0000E+00  1.7600E+02  0.0000E+00  1.1360E+00  0.0000E+00  0.0000E+00  2.0000E+00  0.0000E+00  1.6651E+00  3.7382E+00  3.8047E+01  1.2727E+00 -6.6004E-01  0.0000E+00  1.1360E+00  1.2927E+00  0.0000E+00  0.0000E+00
  6.0000E+00  1.8000E+02  0.0000E+00  1.0180E+00  0.0000E+00  0.0000E+00  2.0000E+00  0.0000E+00  1.6651E+00  3.7382E+00  3.8047E+01  8.5912E-01  9.1455E-01  0.0000E+00  1.0180E+00  1.0037E+00  0.0000E+00  0.0000E+00
  6.0000E+00  1.9200E+02  0.0000E+00  2.5000E-01  0.0000E+00  0.0000E+00  2.0000E+00  1.0000E+00  1.6651E+00  3.7382E+00  3.8047E+01  2.6425E-01 -9.9412E-02  0.0000E+00  2.5000E-01  5.7999E-01  0.0000E+00  0.0000E+00
  6.0000E+00  3.3600E+02  1.0000E+02  0.0000E+00  1.0000E+00  1.0000E+00  3.0000E+00  0.0000E+00  1.6651E+00  3.7382E+00  3.8047E+01  1.8946E-07 -1.3556E-06  0.0000E+00  0.0000E+00  5.1621E-05  0.0000E+00  0.0000E+00
  6.0000E+00  3.3650E+02  0.0000E+00  1.5290E+00  0.0000E+00  0.0000E+00  3.0000E+00  0.0000E+00  1.6651E+00  3.7382E+00  3.8047E+01  1.4444E+00  3.7973E-01  0.0000E+00  1.5290E+00  8.4603E-01  0.0000E+00  0.0000E+00
  6.0000E+00  3.3700E+02  0.0000E+00  2.3110E+00  0.0000E+00  0.0000E+00  3.0000E+00  0.0000E+00  1.6651E+00  3.7382E+00  3.8047E+01  2.0034E+00  1.1054E+00  0.0000E+00  2.3110E+00  1.3057E+00  0.0000E+00  0.0000E+00
  6.0000E+00  3.3800E+02  0.0000E+00  2.4870E+00  0.0000E+00  0.0000E+00  3.0000E+00  0.0000E+00  1.6651E+00  3.7382E+00  3.8047E+01  2.1949E+00  9.7892E-01  0.0000E+00  2.4870E+00  1.6566E+00  0.0000E+00  0.0000E+00
  6.0000E+00  3.4000E+02  0.0000E+00  2.0440E+00  0.0000E+00  0.0000E+00  3.0000E+00  0.0000E+00  1.6651E+00  3.7382E+00  3.8047E+01  1.8819E+00  6.1007E-01  0.0000E+00  2.0440E+00  1.6401E+00  0.0000E+00  0.0000E+00
  6.0000E+00  3.4400E+02  0.0000E+00  1.6170E+00  0.0000E+00  0.0000E+00  3.0000E+00  0.0000E+00  1.6651E+00  3.7382E+00  3.8047E+01  1.2727E+00  1.6622E+00  0.0000E+00  1.6170E+00  1.2927E+00  0.0000E+00  0.0000E+00
  6.0000E+00  3.4800E+02  0.0000E+00  9.6000E-01  0.0000E+00  0.0000E+00  3.0000E+00  0.0000E+00  1.6651E+00  3.7382E+00  3.8047E+01  8.5912E-01  5.8070E-01  0.0000E+00  9.6000E-01  1.0037E+00  0.0000E+00  0.0000E+00
  6.0000E+00  3.6000E+02  0.0000E+00  2.5000E-01  0.0000E+00  0.0000E+00  3.0000E+00  1.0000E+00  1.6651E+00  3.7382E+00  3.8047E+01  2.6425E-01 -9.9412E-02  0.0000E+00  2.5000E-01  5.7999E-01  0.0000E+00  0.0000E+00
  7.0000E+00  0.0000E+00  1.0000E+02  0.0000E+00  1.0000E+00  1.0000E+00  1.0000E+00  0.0000E+00  1.0037E+00  3.4769E+00  5.2970E+01  0.0000E+00  0.0000E+00  0.0000E+00  0.0000E+00  0.0000E+00  0.0000E+00  0.0000E+00
  7.0000E+00  5.0000E-01  0.0000E+00  5.1400E-01  0.0000E+00  0.0000E+00  1.0000E+00  0.0000E+00  1.0037E+00  3.4769E+00  5.2970E+01  7.3185E-01 -1.3195E+00  0.0000E+00  5.1400E-01  8.4598E-01  0.0000E+00  0.0000E+00
  7.0000E+00  1.0000E+00  0.0000E+00  8.0100E-01  0.0000E+00  0.0000E+00  1.0000E+00  0.0000E+00  1.0037E+00  3.4769E+00  5.2970E+01  1.1513E+00 -1.7816E+00  0.0000E+00  8.0100E-01  1.3057E+00  0.0000E+00  0.0000E+00
  7.0000E+00  2.0000E+00  0.0000E+00  1.1890E+00  0.0000E+00  0.0000E+00  1.0000E+00  0.0000E+00  1.0037E+00  3.4769E+00  5.2970E+01  1.5001E+00 -1.3643E+00  0.0000E+00  1.1890E+00  1.6565E+00  0.0000E+00  0.0000E+00
  7.0000E+00  4.0000E+00  0.0000E+00  1.4120E+00  0.0000E+00  0.0000E+00  1.0000E+00  0.0000E+00  1.0037E+00  3.4769E+00  5.2970E+01  1.5171E+00 -4.5751E-01  0.0000E+00  1.4120E+00  1.6400E+00  0.0000E+00  0.0000E+00
  7.0000E+00  8.0000E+00  0.0000E+00  1.1460E+00  0.0000E+00  0.0000E+00  1.0000E+00  0.0000E+00  1.0037E+00  3.4769E+00  5.2970E+01  1.1941E+00 -2.4032E-01  0.0000E+00  1.1460E+00  1.2926E+00  0.0000E+00  0.0000E+00
  7.0000E+00  1.2000E+01  0.0000E+00  7.8400E-01  0.0000E+00  0.0000E+00  1.0000E+00  0.0000E+00  1.0037E+00  3.4769E+00  5.2970E+01  9.1888E-01 -7.5737E-01  0.0000E+00  7.8400E-01  1.0037E+00  0.0000E+00  0.0000E+00
  7.0000E+00  2.4000E+01  0.0000E+00  2.5000E-01  0.0000E+00  0.0000E+00  1.0000E+00  1.0000E+00  1.0037E+00  3.4769E+00  5.2970E+01  4.1801E-01 -1.1313E+00  0.0000E+00  2.5000E-01  5.8002E-01  0.0000E+00  0.0000E+00
  7.0000E+00  1.6800E+02  1.0000E+02  0.0000E+00  1.0000E+00  1.0000E+00  2.0000E+00  0.0000E+00  1.0037E+00  3.4769E+00  5.2970E+01  3.2827E-05 -2.3489E-04  0.0000E+00  0.0000E+00  5.1620E-05  0.0000E+00  0.0000E+00
  7.0000E+00  1.6850E+02  0.0000E+00  7.0800E-01  0.0000E+00  0.0000E+00  2.0000E+00  0.0000E+00  1.0037E+00  3.4769E+00  5.2970E+01  7.3188E-01 -1.4465E-01  0.0000E+00  7.0800E-01  8.4603E-01  0.0000E+00  0.0000E+00
  7.0000E+00  1.6900E+02  0.0000E+00  1.3780E+00  0.0000E+00  0.0000E+00  2.0000E+00  0.0000E+00  1.0037E+00  3.4769E+00  5.2970E+01  1.1513E+00  1.1529E+00  0.0000E+00  1.3780E+00  1.3057E+00  0.0000E+00  0.0000E+00
  7.0000E+00  1.7000E+02  0.0000E+00  1.4980E+00  0.0000E+00  0.0000E+00  2.0000E+00  0.0000E+00  1.0037E+00  3.4769E+00  5.2970E+01  1.5001E+00 -9.3650E-03  0.0000E+00  1.4980E+00  1.6566E+00  0.0000E+00  0.0000E+00
  7.0000E+00  1.7200E+02  0.0000E+00  1.5800E+00  0.0000E+00  0.0000E+00  2.0000E+00  0.0000E+00  1.0037E+00  3.4769E+00  5.2970E+01  1.5171E+00  2.7393E-01  0.0000E+00  1.5800E+00  1.6401E+00  0.0000E+00  0.0000E+00
  7.0000E+00  1.7600E+02  0.0000E+00  1.0820E+00  0.0000E+00  0.0000E+00  2.0000E+00  0.0000E+00  1.0037E+00  3.4769E+00  5.2970E+01  1.1941E+00 -5.5998E-01  0.0000E+00  1.0820E+00  1.2927E+00  0.0000E+00  0.0000E+00
  7.0000E+00  1.8000E+02  0.0000E+00  8.2300E-01  0.0000E+00  0.0000E+00  2.0000E+00  0.0000E+00  1.0037E+00  3.4769E+00  5.2970E+01  9.1889E-01 -5.3846E-01  0.0000E+00  8.2300E-01  1.0037E+00  0.0000E+00  0.0000E+00
  7.0000E+00  1.9200E+02  0.0000E+00  2.5000E-01  0.0000E+00  0.0000E+00  2.0000E+00  1.0000E+00  1.0037E+00  3.4769E+00  5.2970E+01  4.1801E-01 -1.1314E+00  0.0000E+00  2.5000E-01  5.7999E-01  0.0000E+00  0.0000E+00
  7.0000E+00  3.3600E+02  1.0000E+02  0.0000E+00  1.0000E+00  1.0000E+00  3.0000E+00  0.0000E+00  1.0037E+00  3.4769E+00  5.2970E+01  3.2828E-05 -2.3489E-04  0.0000E+00  0.0000E+00  5.1621E-05  0.0000E+00  0.0000E+00
  7.0000E+00  3.3650E+02  0.0000E+00  8.8800E-01  0.0000E+00  0.0000E+00  3.0000E+00  0.0000E+00  1.0037E+00  3.4769E+00  5.2970E+01  7.3188E-01  9.4554E-01  0.0000E+00  8.8800E-01  8.4603E-01  0.0000E+00  0.0000E+00
  7.0000E+00  3.3700E+02  0.0000E+00  1.2710E+00  0.0000E+00  0.0000E+00  3.0000E+00  0.0000E+00  1.0037E+00  3.4769E+00  5.2970E+01  1.1513E+00  6.0871E-01  0.0000E+00  1.2710E+00  1.3057E+00  0.0000E+00  0.0000E+00
  7.0000E+00  3.3800E+02  0.0000E+00  1.7940E+00  0.0000E+00  0.0000E+00  3.0000E+00  0.0000E+00  1.0037E+00  3.4769E+00  5.2970E+01  1.5001E+00  1.2887E+00  0.0000E+00  1.7940E+00  1.6566E+00  0.0000E+00  0.0000E+00
  7.0000E+00  3.4000E+02  0.0000E+00  1.8860E+00  0.0000E+00  0.0000E+00  3.0000E+00  0.0000E+00  1.0037E+00  3.4769E+00  5.2970E+01  1.5171E+00  1.6064E+00  0.0000E+00  1.8860E+00  1.6401E+00  0.0000E+00  0.0000E+00
  7.0000E+00  3.4400E+02  0.0000E+00  1.1410E+00  0.0000E+00  0.0000E+00  3.0000E+00  0.0000E+00  1.0037E+00  3.4769E+00  5.2970E+01  1.1941E+00 -2.6538E-01  0.0000E+00  1.1410E+00  1.2927E+00  0.0000E+00  0.0000E+00
  7.0000E+00  3.4800E+02  0.0000E+00  9.7800E-01  0.0000E+00  0.0000E+00  3.0000E+00  0.0000E+00  1.0037E+00  3.4769E+00  5.2970E+01  9.1889E-01  3.3190E-01  0.0000E+00  9.7800E-01  1.0037E+00  0.0000E+00  0.0000E+00
  7.0000E+00  3.6000E+02  0.0000E+00  7.3500E-01  0.0000E+00  0.0000E+00  3.0000E+00  0.0000E+00  1.0037E+00  3.4769E+00  5.2970E+01  4.1801E-01  2.1345E+00  0.0000E+00  7.3500E-01  4.6958E-01  0.0000E+00  0.0000E+00
  8.0000E+00  0.0000E+00  1.0000E+02  0.0000E+00  1.0000E+00  1.0000E+00  1.0000E+00  0.0000E+00  1.4444E+00  3.6333E+00  4.6064E+01  0.0000E+00  0.0000E+00  0.0000E+00  0.0000E+00  0.0000E+00  0.0000E+00  0.0000E+00
  8.0000E+00  5.0000E-01  0.0000E+00  1.1710E+00  0.0000E+00  0.0000E+00  1.0000E+00  0.0000E+00  1.4444E+00  3.6333E+00  4.6064E+01  1.0922E+00  4.1084E-01  0.0000E+00  1.1710E+00  8.4598E-01  0.0000E+00  0.0000E+00
  8.0000E+00  1.0000E+00  0.0000E+00  1.2470E+00  0.0000E+00  0.0000E+00  1.0000E+00  0.0000E+00  1.4444E+00  3.6333E+00  4.6064E+01  1.5805E+00 -1.4146E+00  0.0000E+00  1.2470E+00  1.3057E+00  0.0000E+00  0.0000E+00
  8.0000E+00  2.0000E+00  0.0000E+00  2.1080E+00  0.0000E+00  0.0000E+00  1.0000E+00  0.0000E+00  1.4444E+00  3.6333E+00  4.6064E+01  1.8334E+00  1.0527E+00  0.0000E+00  2.1080E+00  1.6565E+00  0.0000E+00  0.0000E+00
  8.0000E+00  4.0000E+00  0.0000E+00  1.3240E+00  0.0000E+00  0.0000E+00  1.0000E+00  0.0000E+00  1.4444E+00  3.6333E+00  4.6064E+01  1.6679E+00 -1.4077E+00  0.0000E+00  1.3240E+00  1.6400E+00  0.0000E+00  0.0000E+00
  8.0000E+00  8.0000E+00  0.0000E+00  1.4850E+00  0.0000E+00  0.0000E+00  1.0000E+00  0.0000E+00  1.4444E+00  3.6333E+00  4.6064E+01  1.2217E+00  1.2990E+00  0.0000E+00  1.4850E+00  1.2926E+00  0.0000E+00  0.0000E+00
  8.0000E+00  1.2000E+01  0.0000E+00  7.4600E-01  0.0000E+00  0.0000E+00  1.0000E+00  0.0000E+00  1.4444E+00  3.6333E+00  4.6064E+01  8.9119E-01 -8.2472E-01  0.0000E+00  7.4600E-01  1.0037E+00  0.0000E+00  0.0000E+00
  8.0000E+00  2.4000E+01  0.0000E+00  2.5000E-01  0.0000E+00  0.0000E+00  1.0000E+00  1.0000E+00  1.4444E+00  3.6333E+00  4.6064E+01  3.4587E-01 -6.5752E-01  0.0000E+00  2.5000E-01  5.8002E-01  0.0000E+00  0.0000E+00
  8.0000E+00  1.6800E+02  1.0000E+02  0.0000E+00  1.0000E+00  1.0000E+00  2.0000E+00  0.0000E+00  1.4444E+00  3.6333E+00  4.6064E+01  4.0384E-06 -2.8896E-05  0.0000E+00  0.0000E+00  5.1620E-05  0.0000E+00  0.0000E+00
  8.0000E+00  1.6850E+02  0.0000E+00  1.2120E+00  0.0000E+00  0.0000E+00  2.0000E+00  0.0000E+00  1.4444E+00  3.6333E+00  4.6064E+01  1.0923E+00  6.2470E-01  0.0000E+00  1.2120E+00  8.4603E-01  0.0000E+00  0.0000E+00
  8.0000E+00  1.6900E+02  0.0000E+00  1.6730E+00  0.0000E+00  0.0000E+00  2.0000E+00  0.0000E+00  1.4444E+00  3.6333E+00  4.6064E+01  1.5805E+00  3.9243E-01  0.0000E+00  1.6730E+00  1.3057E+00  0.0000E+00  0.0000E+00
  8.0000E+00  1.7000E+02  0.0000E+00  1.7120E+00  0.0000E+00  0.0000E+00  2.0000E+00  0.0000E+00  1.4444E+00  3.6333E+00  4.6064E+01  1.8334E+00 -4.6551E-01  0.0000E+00  1.7120E+00  1.6566E+00  0.0000E+00  0.0000E+00
  8.0000E+00  1.7200E+02  0.0000E+00  1.9300E+00  0.0000E+00  0.0000E+00  2.0000E+00  0.0000E+00  1.4444E+00  3.6333E+00  4.6064E+01  1.6679E+00  1.0731E+00  0.0000E+00  1.9300E+00  1.6401E+00  0.0000E+00  0.0000E+00
  8.0000E+00  1.7600E+02  0.0000E+00  1.3330E+00  0.0000E+00  0.0000E+00  2.0000E+00  0.0000E+00  1.4444E+00  3.6333E+00  4.6064E+01  1.2217E+00  5.4898E-01  0.0000E+00  1.3330E+00  1.2927E+00  0.0000E+00  0.0000E+00
  8.0000E+00  1.8000E+02  0.0000E+00  9.4500E-01  0.0000E+00  0.0000E+00  2.0000E+00  0.0000E+00  1.4444E+00  3.6333E+00  4.6064E+01  8.9119E-01  3.0568E-01  0.0000E+00  9.4500E-01  1.0037E+00  0.0000E+00  0.0000E+00
  8.0000E+00  1.9200E+02  0.0000E+00  2.5000E-01  0.0000E+00  0.0000E+00  2.0000E+00  1.0000E+00  1.4444E+00  3.6333E+00  4.6064E+01  3.4587E-01 -6.5753E-01  0.0000E+00  2.5000E-01  5.7999E-01  0.0000E+00  0.0000E+00
  8.0000E+00  3.3600E+02  1.0000E+02  0.0000E+00  1.0000E+00  1.0000E+00  3.0000E+00  0.0000E+00  1.4444E+00  3.6333E+00  4.6064E+01  4.0384E-06 -2.8896E-05  0.0000E+00  0.0000E+00  5.1621E-05  0.0000E+00  0.0000E+00
  8.0000E+00  3.3650E+02  0.0000E+00  1.0770E+00  0.0000E+00  0.0000E+00  3.0000E+00  0.0000E+00  1.4444E+00  3.6333E+00  4.6064E+01  1.0923E+00 -7.9558E-02  0.0000E+00  1.0770E+00  8.4603E-01  0.0000E+00  0.0000E+00
  8.0000E+00  3.3700E+02  0.0000E+00  1.7280E+00  0.0000E+00  0.0000E+00  3.0000E+00  0.0000E+00  1.4444E+00  3.6333E+00  4.6064E+01  1.5805E+00  6.2573E-01  0.0000E+00  1.7280E+00  1.3057E+00  0.0000E+00  0.0000E+00
  8.0000E+00  3.3800E+02  0.0000E+00  1.7200E+00  0.0000E+00  0.0000E+00  3.0000E+00  0.0000E+00  1.4444E+00  3.6333E+00  4.6064E+01  1.8334E+00 -4.3484E-01  0.0000E+00  1.7200E+00  1.6566E+00  0.0000E+00  0.0000E+00
  8.0000E+00  3.4000E+02  0.0000E+00  1.4910E+00  0.0000E+00  0.0000E+00  3.0000E+00  0.0000E+00  1.4444E+00  3.6333E+00  4.6064E+01  1.6679E+00 -7.2405E-01  0.0000E+00  1.4910E+00  1.6401E+00  0.0000E+00  0.0000E+00
  8.0000E+00  3.4400E+02  0.0000E+00  1.1830E+00  0.0000E+00  0.0000E+00  3.0000E+00  0.0000E+00  1.4444E+00  3.6333E+00  4.6064E+01  1.2217E+00 -1.9119E-01  0.0000E+00  1.1830E+00  1.2927E+00  0.0000E+00  0.0000E+00
  8.0000E+00  3.4800E+02  0.0000E+00  9.8900E-01  0.0000E+00  0.0000E+00  3.0000E+00  0.0000E+00  1.4444E+00  3.6333E+00  4.6064E+01  8.9119E-01  5.5561E-01  0.0000E+00  9.8900E-01  1.0037E+00  0.0000E+00  0.0000E+00
  8.0000E+00  3.6000E+02  0.0000E+00  2.5000E-01  0.0000E+00  0.0000E+00  3.0000E+00  1.0000E+00  1.4444E+00  3.6333E+00  4.6064E+01  3.4587E-01 -6.5753E-01  0.0000E+00  2.5000E-01  5.7999E-01  0.0000E+00  0.0000E+00
  9.0000E+00  0.0000E+00  1.0000E+02  0.0000E+00  1.0000E+00  1.0000E+00  1.0000E+00  0.0000E+00  1.5547E+00  2.3309E+00  6.0598E+01  0.0000E+00  0.0000E+00  0.0000E+00  0.0000E+00  0.0000E+00  0.0000E+00  0.0000E+00
  9.0000E+00  5.0000E-01  0.0000E+00  9.6900E-01  0.0000E+00  0.0000E+00  1.0000E+00  0.0000E+00  1.5547E+00  2.3309E+00  6.0598E+01  8.8214E-01  4.9528E-01  5.9405E-01  9.6900E-01  8.4598E-01  1.2302E-01  6.1614E-01
  9.0000E+00  1.0000E+00  0.0000E+00  1.4400E+00  0.0000E+00  0.0000E+00  1.0000E+00  0.0000E+00  1.5547E+00  2.3309E+00  6.0598E+01  1.2708E+00  8.1763E-01  7.6924E-01  1.4400E+00  1.3057E+00  1.3434E-01  7.6566E-01
  9.0000E+00  2.0000E+00  0.0000E+00  1.5510E+00  0.0000E+00  0.0000E+00  1.0000E+00  0.0000E+00  1.5547E+00  2.3309E+00  6.0598E+01  1.4913E+00  2.6282E-01 -9.9880E-03  1.5510E+00  1.6565E+00 -1.0553E-01  7.8878E-03
  9.0000E+00  4.0000E+00  0.0000E+00  1.0460E+00  0.0000E+00  0.0000E+00  1.0000E+00  0.0000E+00  1.5547E+00  2.3309E+00  6.0598E+01  1.4474E+00 -1.7995E+00 -2.1149E+00  1.0460E+00  1.6400E+00 -5.9402E-01 -1.9092E+00
  9.0000E+00  8.0000E+00  0.0000E+00  1.1650E+00  0.0000E+00  0.0000E+00  1.0000E+00  0.0000E+00  1.5547E+00  2.3309E+00  6.0598E+01  1.2439E+00 -3.8556E-01 -5.3418E-01  1.1650E+00  1.2926E+00 -1.2762E-01 -5.0014E-01
  9.0000E+00  1.2000E+01  0.0000E+00  1.0400E+00  0.0000E+00  0.0000E+00  1.0000E+00  0.0000E+00  1.5547E+00  2.3309E+00  6.0598E+01  1.0665E+00 -1.3977E-01 -1.4619E-01  1.0400E+00  1.0037E+00  3.6305E-02 -1.5638E-01
  9.0000E+00  2.4000E+01  0.0000E+00  6.9000E-01  0.0000E+00  0.0000E+00  1.0000E+00  0.0000E+00  1.5547E+00  2.3309E+00  6.0598E+01  6.7219E-01  1.1031E-01  3.5105E-01  6.9000E-01  4.6957E-01  2.2043E-01  4.2052E-01
  9.0000E+00  1.6800E+02  1.0000E+02  0.0000E+00  1.0000E+00  1.0000E+00  2.0000E+00  0.0000E+00  1.5547E+00  2.3309E+00  6.0598E+01  2.6419E-03 -1.8904E-02  0.0000E+00  0.0000E+00  5.1620E-05  0.0000E+00  0.0000E+00
  9.0000E+00  1.6850E+02  0.0000E+00  7.2700E-01  0.0000E+00  0.0000E+00  2.0000E+00  0.0000E+00  1.5547E+00  2.3309E+00  6.0598E+01  8.8473E-01 -8.9836E-01 -7.8739E-01  7.2700E-01  8.4603E-01 -1.1903E-01 -7.7443E-01
  9.0000E+00  1.6900E+02  0.0000E+00  1.1430E+00  0.0000E+00  0.0000E+00  2.0000E+00  0.0000E+00  1.5547E+00  2.3309E+00  6.0598E+01  1.2733E+00 -6.2902E-01 -6.6589E-01  1.1430E+00  1.3057E+00 -1.6270E-01 -6.3061E-01
  9.0000E+00  1.7000E+02  0.0000E+00  1.5350E+00  0.0000E+00  0.0000E+00  2.0000E+00  0.0000E+00  1.5547E+00  2.3309E+00  6.0598E+01  1.4937E+00  1.8145E-01 -8.0428E-02  1.5350E+00  1.6566E+00 -1.2158E-01 -5.8045E-02
  9.0000E+00  1.7200E+02  0.0000E+00  1.3080E+00  0.0000E+00  0.0000E+00  2.0000E+00  0.0000E+00  1.5547E+00  2.3309E+00  6.0598E+01  1.4497E+00 -6.3454E-01 -9.3958E-01  1.3080E+00  1.6401E+00 -3.3206E-01 -8.3356E-01
  9.0000E+00  1.7600E+02  0.0000E+00  1.4020E+00  0.0000E+00  0.0000E+00  2.0000E+00  0.0000E+00  1.5547E+00  2.3309E+00  6.0598E+01  1.2458E+00  7.6273E-01  6.2338E-01  1.4020E+00  1.2927E+00  1.0935E-01  6.2052E-01
  9.0000E+00  1.8000E+02  0.0000E+00  1.0440E+00  0.0000E+00  0.0000E+00  2.0000E+00  0.0000E+00  1.5547E+00  2.3309E+00  6.0598E+01  1.0682E+00 -1.2736E-01 -1.2550E-01  1.0440E+00  1.0037E+00  4.0281E-02 -1.3561E-01
  9.0000E+00  1.9200E+02  0.0000E+00  8.4400E-01  0.0000E+00  0.0000E+00  2.0000E+00  0.0000E+00  1.5547E+00  2.3309E+00  6.0598E+01  6.7324E-01  1.0575E+00  1.3041E+00  8.4400E-01  4.6958E-01  3.7442E-01  1.4349E+00
  9.0000E+00  3.3600E+02  1.0000E+02  0.0000E+00  1.0000E+00  1.0000E+00  3.0000E+00  0.0000E+00  1.5547E+00  2.3309E+00  6.0598E+01  2.6460E-03 -1.8933E-02  0.0000E+00  0.0000E+00  5.1621E-05  0.0000E+00  0.0000E+00
  9.0000E+00  3.3650E+02  0.0000E+00  1.0750E+00  0.0000E+00  0.0000E+00  3.0000E+00  0.0000E+00  1.5547E+00  2.3309E+00  6.0598E+01  8.8473E-01  1.0837E+00  1.1947E+00  1.0750E+00  8.4603E-01  2.2897E-01  1.2234E+00
  9.0000E+00  3.3700E+02  0.0000E+00  1.2010E+00  0.0000E+00  0.0000E+00  3.0000E+00  0.0000E+00  1.5547E+00  2.3309E+00  6.0598E+01  1.2733E+00 -3.4910E-01 -3.8593E-01  1.2010E+00  1.3057E+00 -1.0470E-01 -3.5813E-01
  9.0000E+00  3.3800E+02  0.0000E+00  1.5940E+00  0.0000E+00  0.0000E+00  3.0000E+00  0.0000E+00  1.5547E+00  2.3309E+00  6.0598E+01  1.4937E+00  4.4085E-01  1.7901E-01  1.5940E+00  1.6566E+00 -6.2578E-02  1.8227E-01
  9.0000E+00  3.4000E+02  0.0000E+00  1.5040E+00  0.0000E+00  0.0000E+00  3.0000E+00  0.0000E+00  1.5547E+00  2.3309E+00  6.0598E+01  1.4497E+00  2.4326E-01 -6.1748E-02  1.5040E+00  1.6401E+00 -1.3606E-01 -2.8405E-02
  9.0000E+00  3.4400E+02  0.0000E+00  1.2420E+00  0.0000E+00  0.0000E+00  3.0000E+00  0.0000E+00  1.5547E+00  2.3309E+00  6.0598E+01  1.2458E+00 -1.8691E-02 -1.5801E-01  1.2420E+00  1.2927E+00 -5.0651E-02 -1.3647E-01
  9.0000E+00  3.4800E+02  0.0000E+00  1.1720E+00  0.0000E+00  0.0000E+00  3.0000E+00  0.0000E+00  1.5547E+00  2.3309E+00  6.0598E+01  1.0682E+00  5.4730E-01  5.4918E-01  1.1720E+00  1.0037E+00  1.6828E-01  5.4760E-01
  9.0000E+00  3.6000E+02  0.0000E+00  5.8700E-01  0.0000E+00  0.0000E+00  3.0000E+00  0.0000E+00  1.5547E+00  2.3309E+00  6.0598E+01  6.7325E-01 -5.3414E-01 -2.8759E-01  5.8700E-01  4.6958E-01  1.1742E-01 -2.5854E-01
  1.0000E+01  0.0000E+00  1.0000E+02  0.0000E+00  1.0000E+00  1.0000E+00  1.0000E+00  0.0000E+00  1.4048E+00  1.5680E+00  4.9597E+01  0.0000E+00  0.0000E+00  0.0000E+00  0.0000E+00  0.0000E+00  0.0000E+00  0.0000E+00
  1.0000E+01  5.0000E-01  0.0000E+00  1.0220E+00  0.0000E+00  0.0000E+00  1.0000E+00  0.0000E+00  1.4048E+00  1.5680E+00  4.9597E+01  1.0085E+00  7.3022E-02  1.4971E-01  1.0220E+00  8.4598E-01  1.7602E-01  1.2261E-01
  1.0000E+01  1.0000E+00  0.0000E+00  1.5940E+00  0.0000E+00  0.0000E+00  1.0000E+00  0.0000E+00  1.4048E+00  1.5680E+00  4.9597E+01  1.4923E+00  4.4754E-01  4.8953E-01  1.5940E+00  1.3057E+00  2.8834E-01  5.0665E-01
  1.0000E+01  2.0000E+00  0.0000E+00  2.0820E+00  0.0000E+00  0.0000E+00  1.0000E+00  0.0000E+00  1.4048E+00  1.5680E+00  4.9597E+01  1.8121E+00  1.0436E+00  1.0016E+00  2.0820E+00  1.6565E+00  4.2547E-01  1.0947E+00
  1.0000E+01  4.0000E+00  0.0000E+00  1.9000E+00  0.0000E+00  0.0000E+00  1.0000E+00  0.0000E+00  1.4048E+00  1.5680E+00  4.9597E+01  1.8102E+00  3.4755E-01  3.0876E-01  1.9000E+00  1.6400E+00  2.5998E-01  4.0128E-01
  1.0000E+01  8.0000E+00  0.0000E+00  1.3910E+00  0.0000E+00  0.0000E+00  1.0000E+00  0.0000E+00  1.4048E+00  1.5680E+00  4.9597E+01  1.6017E+00 -8.8606E-01 -7.7158E-01  1.3910E+00  1.2926E+00  9.8381E-02 -8.7708E-01
  1.0000E+01  1.2000E+01  0.0000E+00  1.2160E+00  0.0000E+00  0.0000E+00  1.0000E+00  0.0000E+00  1.4048E+00  1.5680E+00  4.9597E+01  1.4115E+00 -8.8959E-01 -6.4069E-01  1.2160E+00  1.0037E+00  2.1230E-01 -8.1588E-01
  1.0000E+01  2.4000E+01  0.0000E+00  9.5500E-01  0.0000E+00  0.0000E+00  1.0000E+00  0.0000E+00  1.4048E+00  1.5680E+00  4.9597E+01  9.6585E-01 -5.9711E-02  4.3881E-01  9.5500E-01  4.6957E-01  4.8543E-01  6.6983E-01
  1.0000E+01  1.6800E+02  1.0000E+02  0.0000E+00  1.0000E+00  1.0000E+00  2.0000E+00  0.0000E+00  1.4048E+00  1.5680E+00  4.9597E+01  1.0181E-02 -7.2842E-02  0.0000E+00  0.0000E+00  5.1620E-05  0.0000E+00  0.0000E+00
  1.0000E+01  1.6850E+02  0.0000E+00  1.1450E+00  0.0000E+00  0.0000E+00  2.0000E+00  0.0000E+00  1.4048E+00  1.5680E+00  4.9597E+01  1.0185E+00  6.8097E-01  8.0302E-01  1.1450E+00  8.4603E-01  2.9897E-01  8.2673E-01
  1.0000E+01  1.6900E+02  0.0000E+00  1.5190E+00  0.0000E+00  0.0000E+00  2.0000E+00  0.0000E+00  1.4048E+00  1.5680E+00  4.9597E+01  1.5021E+00  7.3869E-02  1.5794E-01  1.5190E+00  1.3057E+00  2.1330E-01  1.5276E-01
  1.0000E+01  1.7000E+02  0.0000E+00  1.7940E+00  0.0000E+00  0.0000E+00  2.0000E+00  0.0000E+00  1.4048E+00  1.5680E+00  4.9597E+01  1.8216E+00 -1.0637E-01 -1.0899E-01  1.7940E+00  1.6566E+00  1.3742E-01 -7.9604E-02
  1.0000E+01  1.7200E+02  0.0000E+00  1.6120E+00  0.0000E+00  0.0000E+00  2.0000E+00  0.0000E+00  1.4048E+00  1.5680E+00  4.9597E+01  1.8191E+00 -7.9858E-01 -8.0001E-01  1.6120E+00  1.6401E+00 -2.8060E-02 -7.8292E-01
  1.0000E+01  1.7600E+02  0.0000E+00  1.4070E+00  0.0000E+00  0.0000E+00  2.0000E+00  0.0000E+00  1.4048E+00  1.5680E+00  4.9597E+01  1.6096E+00 -8.4928E-01 -7.0032E-01  1.4070E+00  1.2927E+00  1.1435E-01 -8.0239E-01
  1.0000E+01  1.8000E+02  0.0000E+00  1.3550E+00  0.0000E+00  0.0000E+00  2.0000E+00  0.0000E+00  1.4048E+00  1.5680E+00  4.9597E+01  1.4184E+00 -2.8783E-01 -7.1598E-03  1.3550E+00  1.0037E+00  3.5128E-01 -7.4867E-02
  1.0000E+01  1.9200E+02  0.0000E+00  1.3380E+00  0.0000E+00  0.0000E+00  2.0000E+00  0.0000E+00  1.4048E+00  1.5680E+00  4.9597E+01  9.7061E-01  2.0186E+00  2.5416E+00  1.3380E+00  4.6958E-01  8.6842E-01  3.1929E+00
  1.0000E+01  3.3600E+02  1.0000E+02  0.0000E+00  1.0000E+00  1.0000E+00  3.0000E+00  0.0000E+00  1.4048E+00  1.5680E+00  4.9597E+01  1.0231E-02 -7.3202E-02  0.0000E+00  0.0000E+00  5.1621E-05  0.0000E+00  0.0000E+00
  1.0000E+01  3.3650E+02  0.0000E+00  8.9400E-01  0.0000E+00  0.0000E+00  3.0000E+00  0.0000E+00  1.4048E+00  1.5680E+00  4.9597E+01  1.0186E+00 -6.7062E-01 -5.4812E-01  8.9400E-01  8.4603E-01  4.7972E-02 -6.1423E-01
  1.0000E+01  3.3700E+02  0.0000E+00  1.5130E+00  0.0000E+00  0.0000E+00  3.0000E+00  0.0000E+00  1.4048E+00  1.5680E+00  4.9597E+01  1.5022E+00  4.7365E-02  1.3185E-01  1.5130E+00  1.3057E+00  2.0730E-01  1.2457E-01
  1.0000E+01  3.3800E+02  0.0000E+00  1.7050E+00  0.0000E+00  0.0000E+00  3.0000E+00  0.0000E+00  1.4048E+00  1.5680E+00  4.9597E+01  1.8217E+00 -4.4933E-01 -4.5156E-01  1.7050E+00  1.6566E+00  4.8422E-02 -4.4211E-01
  1.0000E+01  3.4000E+02  0.0000E+00  2.3470E+00  0.0000E+00  0.0000E+00  3.0000E+00  0.0000E+00  1.4048E+00  1.5680E+00  4.9597E+01  1.8192E+00  2.0349E+00  2.0338E+00  2.3470E+00  1.6401E+00  7.0694E-01  2.2364E+00
  1.0000E+01  3.4400E+02  0.0000E+00  1.3700E+00  0.0000E+00  0.0000E+00  3.0000E+00  0.0000E+00  1.4048E+00  1.5680E+00  4.9597E+01  1.6096E+00 -1.0045E+00 -8.5522E-01  1.3700E+00  1.2927E+00  7.7349E-02 -9.7744E-01
  1.0000E+01  3.4800E+02  0.0000E+00  1.5710E+00  0.0000E+00  0.0000E+00  3.0000E+00  0.0000E+00  1.4048E+00  1.5680E+00  4.9597E+01  1.4185E+00  6.9219E-01  9.7317E-01  1.5710E+00  1.0037E+00  5.6728E-01  1.0781E+00
  1.0000E+01  3.6000E+02  0.0000E+00  8.9200E-01  0.0000E+00  0.0000E+00  3.0000E+00  0.0000E+00  1.4048E+00  1.5680E+00  4.9597E+01  9.7064E-01 -4.3206E-01  9.1177E-02  8.9200E-01  4.6958E-01  4.2242E-01  2.5411E-01
  1.1000E+01  0.0000E+00  1.0000E+02  0.0000E+00  1.0000E+00  1.0000E+00  1.0000E+00  0.0000E+00  1.4472E+00  1.7191E+00  6.7098E+01  0.0000E+00  0.0000E+00  0.0000E+00  0.0000E+00  0.0000E+00  0.0000E+00  0.0000E+00
  1.1000E+01  5.0000E-01  0.0000E+00  9.0100E-01  0.0000E+00  0.0000E+00  1.0000E+00  0.0000E+00  1.4472E+00  1.7191E+00  6.7098E+01  7.6205E-01  8.3170E-01  8.1296E-01  9.0100E-01  8.4598E-01  5.5022E-02  7.3598E-01
  1.1000E+01  1.0000E+00  0.0000E+00  1.5200E+00  0.0000E+00  0.0000E+00  1.0000E+00  0.0000E+00  1.4472E+00  1.7191E+00  6.7098E+01  1.1220E+00  2.0502E+00  1.8579E+00  1.5200E+00  1.3057E+00  2.1434E-01  1.7230E+00
  1.1000E+01  2.0000E+00  0.0000E+00  1.3770E+00  0.0000E+00  0.0000E+00  1.0000E+00  0.0000E+00  1.4472E+00  1.7191E+00  6.7098E+01  1.3575E+00  9.0852E-02 -3.3443E-01  1.3770E+00  1.6565E+00 -2.7953E-01 -1.8283E-01
  1.1000E+01  4.0000E+00  0.0000E+00  1.1790E+00  0.0000E+00  0.0000E+00  1.0000E+00  0.0000E+00  1.4472E+00  1.7191E+00  6.7098E+01  1.3648E+00 -8.6247E-01 -1.3290E+00  1.1790E+00  1.6400E+00 -4.6102E-01 -1.0510E+00
  1.1000E+01  8.0000E+00  0.0000E+00  1.3640E+00  0.0000E+00  0.0000E+00  1.0000E+00  0.0000E+00  1.4472E+00  1.7191E+00  6.7098E+01  1.2360E+00  6.2758E-01  3.6831E-01  1.3640E+00  1.2926E+00  7.1381E-02  3.5366E-01
  1.1000E+01  1.2000E+01  0.0000E+00  1.1060E+00  0.0000E+00  0.0000E+00  1.0000E+00  0.0000E+00  1.4472E+00  1.7191E+00  6.7098E+01  1.1157E+00 -4.9845E-02 -1.1617E-01  1.1060E+00  1.0037E+00  1.0230E-01 -2.2772E-01
  1.1000E+01  2.4000E+01  0.0000E+00  9.4400E-01  0.0000E+00  0.0000E+00  1.0000E+00  0.0000E+00  1.4472E+00  1.7191E+00  6.7098E+01  8.2036E-01  7.2301E-01  1.0660E+00  9.4400E-01  4.6957E-01  4.7443E-01  1.2106E+00
  1.1000E+01  1.6800E+02  1.0000E+02  0.0000E+00  1.0000E+00  1.0000E+00  2.0000E+00  0.0000E+00  1.4472E+00  1.7191E+00  6.7098E+01  2.0499E-02 -1.4665E-01  0.0000E+00  0.0000E+00  5.1620E-05  0.0000E+00  0.0000E+00
  1.1000E+01  1.6850E+02  0.0000E+00  6.5400E-01  0.0000E+00  0.0000E+00  2.0000E+00  0.0000E+00  1.4472E+00  1.7191E+00  6.7098E+01  7.8229E-01 -7.6177E-01 -6.5394E-01  6.5400E-01  8.4603E-01 -1.9203E-01 -6.8407E-01
  1.1000E+01  1.6900E+02  0.0000E+00  1.1930E+00  0.0000E+00  0.0000E+00  2.0000E+00  0.0000E+00  1.4472E+00  1.7191E+00  6.7098E+01  1.1419E+00  2.6079E-01  1.8884E-01  1.1930E+00  1.3057E+00 -1.1270E-01  1.8518E-01
  1.1000E+01  1.7000E+02  0.0000E+00  1.3200E+00  0.0000E+00  0.0000E+00  2.0000E+00  0.0000E+00  1.4472E+00  1.7191E+00  6.7098E+01  1.3770E+00 -2.6307E-01 -5.7320E-01  1.3200E+00  1.6566E+00 -3.3658E-01 -4.1621E-01
  1.1000E+01  1.7200E+02  0.0000E+00  1.1570E+00  0.0000E+00  0.0000E+00  2.0000E+00  0.0000E+00  1.4472E+00  1.7191E+00  6.7098E+01  1.3833E+00 -1.0423E+00 -1.3979E+00  1.1570E+00  1.6401E+00 -4.8306E-01 -1.1425E+00
  1.1000E+01  1.7600E+02  0.0000E+00  1.1210E+00  0.0000E+00  0.0000E+00  2.0000E+00  0.0000E+00  1.4472E+00  1.7191E+00  6.7098E+01  1.2527E+00 -6.4147E-01 -7.9674E-01  1.1210E+00  1.2927E+00 -1.7165E-01 -7.9706E-01
  1.1000E+01  1.8000E+02  0.0000E+00  1.0910E+00  0.0000E+00  0.0000E+00  2.0000E+00  0.0000E+00  1.4472E+00  1.7191E+00  6.7098E+01  1.1307E+00 -2.0384E-01 -1.7280E-01  1.0910E+00  1.0037E+00  8.7281E-02 -3.0872E-01
  1.1000E+01  1.9200E+02  0.0000E+00  1.0510E+00  0.0000E+00  0.0000E+00  2.0000E+00  0.0000E+00  1.4472E+00  1.7191E+00  6.7098E+01  8.3145E-01  1.2782E+00  1.7003E+00  1.0510E+00  4.6958E-01  5.8142E-01  1.9150E+00
  1.1000E+01  3.3600E+02  1.0000E+02  0.0000E+00  1.0000E+00  1.0000E+00  3.0000E+00  0.0000E+00  1.4472E+00  1.7191E+00  6.7098E+01  2.0776E-02 -1.4863E-01  0.0000E+00  0.0000E+00  5.1621E-05  0.0000E+00  0.0000E+00
  1.1000E+01  3.3650E+02  0.0000E+00  6.5800E-01  0.0000E+00  0.0000E+00  3.0000E+00  0.0000E+00  1.4472E+00  1.7191E+00  6.7098E+01  7.8256E-01 -7.3956E-01 -6.2816E-01  6.5800E-01  8.4603E-01 -1.8803E-01 -6.6110E-01
  1.1000E+01  3.3700E+02  0.0000E+00  9.9500E-01  0.0000E+00  0.0000E+00  3.0000E+00  0.0000E+00  1.4472E+00  1.7191E+00  6.7098E+01  1.1422E+00 -7.5162E-01 -8.2019E-01  9.9500E-01  1.3057E+00 -3.1070E-01 -7.4502E-01
  1.1000E+01  3.3800E+02  0.0000E+00  1.3670E+00  0.0000E+00  0.0000E+00  3.0000E+00  0.0000E+00  1.4472E+00  1.7191E+00  6.7098E+01  1.3772E+00 -4.7225E-02 -3.5416E-01  1.3670E+00  1.6566E+00 -2.8958E-01 -2.2477E-01
  1.1000E+01  3.4000E+02  0.0000E+00  1.2380E+00  0.0000E+00  0.0000E+00  3.0000E+00  0.0000E+00  1.4472E+00  1.7191E+00  6.7098E+01  1.3835E+00 -6.7029E-01 -1.0228E+00  1.2380E+00  1.6401E+00 -4.0206E-01 -8.0974E-01
  1.1000E+01  3.4400E+02  0.0000E+00  1.2700E+00  0.0000E+00  0.0000E+00  3.0000E+00  0.0000E+00  1.4472E+00  1.7191E+00  6.7098E+01  1.2530E+00  8.2959E-02 -6.9467E-02  1.2700E+00  1.2927E+00 -2.2651E-02 -9.2112E-02
  1.1000E+01  3.4800E+02  0.0000E+00  1.1400E+00  0.0000E+00  0.0000E+00  3.0000E+00  0.0000E+00  1.4472E+00  1.7191E+00  6.7098E+01  1.1309E+00  4.6546E-02  8.0224E-02  1.1400E+00  1.0037E+00  1.3628E-01 -4.7182E-02
  1.1000E+01  3.6000E+02  0.0000E+00  8.5600E-01  0.0000E+00  0.0000E+00  3.0000E+00  0.0000E+00  1.4472E+00  1.7191E+00  6.7098E+01  8.3160E-01  1.4206E-01  5.6627E-01  8.5600E-01  4.6958E-01  3.8642E-01  6.3014E-01
  1.2000E+01  0.0000E+00  1.0000E+02  0.0000E+00  1.0000E+00  1.0000E+00  1.0000E+00  0.0000E+00  2.0471E+00  5.4363E+00  6.0406E+01  0.0000E+00  0.0000E+00  0.0000E+00  0.0000E+00  0.0000E+00  0.0000E+00  0.0000E+00
  1.2000E+01  5.0000E-01  0.0000E+00  9.6000E-01  0.0000E+00  0.0000E+00  1.0000E+00  0.0000E+00  2.0471E+00  5.4363E+00  6.0406E+01  1.0332E+00 -3.9164E-01  0.0000E+00  9.6000E-01  8.4598E-01  0.0000E+00  0.0000E+00
  1.2000E+01  1.0000E+00  0.0000E+00  8.7500E-01  0.0000E+00  0.0000E+00  1.0000E+00  0.0000E+00  2.0471E+00  5.4363E+00  6.0406E+01  1.3590E+00 -2.2522E+00  0.0000E+00  8.7500E-01  1.3057E+00  0.0000E+00  0.0000E+00
  1.2000E+01  2.0000E+00  0.0000E+00  1.1770E+00  0.0000E+00  0.0000E+00  1.0000E+00  0.0000E+00  2.0471E+00  5.4363E+00  6.0406E+01  1.4175E+00 -1.0918E+00  0.0000E+00  1.1770E+00  1.6565E+00  0.0000E+00  0.0000E+00
  1.2000E+01  4.0000E+00  0.0000E+00  8.7400E-01  0.0000E+00  0.0000E+00  1.0000E+00  0.0000E+00  2.0471E+00  5.4363E+00  6.0406E+01  1.2076E+00 -1.6563E+00  0.0000E+00  8.7400E-01  1.6400E+00  0.0000E+00  0.0000E+00
  1.2000E+01  8.0000E+00  0.0000E+00  8.5500E-01  0.0000E+00  0.0000E+00  1.0000E+00  0.0000E+00  2.0471E+00  5.4363E+00  6.0406E+01  8.4288E-01  7.0235E-02  0.0000E+00  8.5500E-01  1.2926E+00  0.0000E+00  0.0000E+00
  1.2000E+01  1.2000E+01  0.0000E+00  6.6400E-01  0.0000E+00  0.0000E+00  1.0000E+00  0.0000E+00  2.0471E+00  5.4363E+00  6.0406E+01  5.8806E-01  4.8492E-01  0.0000E+00  6.6400E-01  1.0037E+00  0.0000E+00  0.0000E+00
  1.2000E+01  2.4000E+01  0.0000E+00  2.5000E-01  0.0000E+00  0.0000E+00  1.0000E+00  1.0000E+00  2.0471E+00  5.4363E+00  6.0406E+01  1.9971E-01  3.5464E-01  0.0000E+00  2.5000E-01  5.8002E-01  0.0000E+00  0.0000E+00
  1.2000E+01  1.6800E+02  1.0000E+02  0.0000E+00  1.0000E+00  1.0000E+00  2.0000E+00  0.0000E+00  2.0471E+00  5.4363E+00  6.0406E+01  4.7004E-07 -3.3633E-06  0.0000E+00  0.0000E+00  5.1620E-05  0.0000E+00  0.0000E+00
  1.2000E+01  1.6850E+02  0.0000E+00  1.4820E+00  0.0000E+00  0.0000E+00  2.0000E+00  0.0000E+00  2.0471E+00  5.4363E+00  6.0406E+01  1.0332E+00  2.4012E+00  0.0000E+00  1.4820E+00  8.4603E-01  0.0000E+00  0.0000E+00
  1.2000E+01  1.6900E+02  0.0000E+00  1.5170E+00  0.0000E+00  0.0000E+00  2.0000E+00  0.0000E+00  2.0471E+00  5.4363E+00  6.0406E+01  1.3590E+00  7.3528E-01  0.0000E+00  1.5170E+00  1.3057E+00  0.0000E+00  0.0000E+00
  1.2000E+01  1.7000E+02  0.0000E+00  1.4890E+00  0.0000E+00  0.0000E+00  2.0000E+00  0.0000E+00  2.0471E+00  5.4363E+00  6.0406E+01  1.4175E+00  3.2461E-01  0.0000E+00  1.4890E+00  1.6566E+00  0.0000E+00  0.0000E+00
  1.2000E+01  1.7200E+02  0.0000E+00  1.4010E+00  0.0000E+00  0.0000E+00  2.0000E+00  0.0000E+00  2.0471E+00  5.4363E+00  6.0406E+01  1.2076E+00  9.6000E-01  0.0000E+00  1.4010E+00  1.6401E+00  0.0000E+00  0.0000E+00
  1.2000E+01  1.7600E+02  0.0000E+00  1.0780E+00  0.0000E+00  0.0000E+00  2.0000E+00  0.0000E+00  2.0471E+00  5.4363E+00  6.0406E+01  8.4288E-01  1.3624E+00  0.0000E+00  1.0780E+00  1.2927E+00  0.0000E+00  0.0000E+00
  1.2000E+01  1.8000E+02  0.0000E+00  7.0700E-01  0.0000E+00  0.0000E+00  2.0000E+00  0.0000E+00  2.0471E+00  5.4363E+00  6.0406E+01  5.8806E-01  7.5952E-01  0.0000E+00  7.0700E-01  1.0037E+00  0.0000E+00  0.0000E+00
  1.2000E+01  1.9200E+02  0.0000E+00  2.5000E-01  0.0000E+00  0.0000E+00  2.0000E+00  1.0000E+00  2.0471E+00  5.4363E+00  6.0406E+01  1.9971E-01  3.5464E-01  0.0000E+00  2.5000E-01  5.7999E-01  0.0000E+00  0.0000E+00
  1.2000E+01  3.3600E+02  1.0000E+02  0.0000E+00  1.0000E+00  1.0000E+00  3.0000E+00  0.0000E+00  2.0471E+00  5.4363E+00  6.0406E+01  4.7004E-07 -3.3633E-06  0.0000E+00  0.0000E+00  5.1621E-05  0.0000E+00  0.0000E+00
  1.2000E+01  3.3650E+02  0.0000E+00  9.6400E-01  0.0000E+00  0.0000E+00  3.0000E+00  0.0000E+00  2.0471E+00  5.4363E+00  6.0406E+01  1.0332E+00 -3.7024E-01  0.0000E+00  9.6400E-01  8.4603E-01  0.0000E+00  0.0000E+00
  1.2000E+01  3.3700E+02  0.0000E+00  1.3470E+00  0.0000E+00  0.0000E+00  3.0000E+00  0.0000E+00  2.0471E+00  5.4363E+00  6.0406E+01  1.3590E+00 -5.5809E-02  0.0000E+00  1.3470E+00  1.3057E+00  0.0000E+00  0.0000E+00
  1.2000E+01  3.3800E+02  0.0000E+00  1.4110E+00  0.0000E+00  0.0000E+00  3.0000E+00  0.0000E+00  2.0471E+00  5.4363E+00  6.0406E+01  1.4175E+00 -2.9481E-02  0.0000E+00  1.4110E+00  1.6566E+00  0.0000E+00  0.0000E+00
  1.2000E+01  3.4000E+02  0.0000E+00  1.1670E+00  0.0000E+00  0.0000E+00  3.0000E+00  0.0000E+00  2.0471E+00  5.4363E+00  6.0406E+01  1.2076E+00 -2.0170E-01  0.0000E+00  1.1670E+00  1.6401E+00  0.0000E+00  0.0000E+00
  1.2000E+01  3.4400E+02  0.0000E+00  6.6300E-01  0.0000E+00  0.0000E+00  3.0000E+00  0.0000E+00  2.0471E+00  5.4363E+00  6.0406E+01  8.4288E-01 -1.0423E+00  0.0000E+00  6.6300E-01  1.2927E+00  0.0000E+00  0.0000E+00
  1.2000E+01  3.4800E+02  0.0000E+00  2.5000E-01  0.0000E+00  0.0000E+00  3.0000E+00  1.0000E+00  2.0471E+00  5.4363E+00  6.0406E+01  5.8806E-01 -2.1589E+00  0.0000E+00  2.5000E-01  3.1757E-03  0.0000E+00  0.0000E+00
  1.2000E+01  3.6000E+02  0.0000E+00  2.5000E-01  0.0000E+00  0.0000E+00  3.0000E+00  1.0000E+00  2.0471E+00  5.4363E+00  6.0406E+01  1.9971E-01  3.5464E-01  0.0000E+00  2.5000E-01  5.7999E-01  0.0000E+00  0.0000E+00
  1.3000E+01  0.0000E+00  1.0000E+02  0.0000E+00  1.0000E+00  1.0000E+00  1.0000E+00  0.0000E+00  1.6041E+00  2.5447E+00  4.9716E+01  0.0000E+00  0.0000E+00  0.0000E+00  0.0000E+00  0.0000E+00  0.0000E+00  0.0000E+00
  1.3000E+01  5.0000E-01  0.0000E+00  9.6200E-01  0.0000E+00  0.0000E+00  1.0000E+00  0.0000E+00  1.6041E+00  2.5447E+00  4.9716E+01  1.0935E+00 -6.8579E-01 -3.9222E-01  9.6200E-01  8.4598E-01  1.1602E-01 -4.0001E-01
  1.3000E+01  1.0000E+00  0.0000E+00  1.1890E+00  0.0000E+00  0.0000E+00  1.0000E+00  0.0000E+00  1.6041E+00  2.5447E+00  4.9716E+01  1.5563E+00 -1.5735E+00 -1.3768E+00  1.1890E+00  1.3057E+00 -1.1666E-01 -1.5168E+00
  1.3000E+01  2.0000E+00  0.0000E+00  1.8510E+00  0.0000E+00  0.0000E+00  1.0000E+00  0.0000E+00  1.6041E+00  2.5447E+00  4.9716E+01  1.7915E+00  2.3173E-01  2.2351E-01  1.8510E+00  1.6565E+00  1.9447E-01  2.1693E-01
  1.3000E+01  4.0000E+00  0.0000E+00  1.6640E+00  0.0000E+00  0.0000E+00  1.0000E+00  0.0000E+00  1.6041E+00  2.5447E+00  4.9716E+01  1.6896E+00 -1.0409E-01 -1.8875E-01  1.6640E+00  1.6400E+00  2.3980E-02 -1.6962E-01
  1.3000E+01  8.0000E+00  0.0000E+00  1.4110E+00  0.0000E+00  0.0000E+00  1.0000E+00  0.0000E+00  1.6041E+00  2.5447E+00  4.9716E+01  1.3796E+00  1.4490E-01  1.3150E-01  1.4110E+00  1.2926E+00  1.1838E-01  1.6260E-01
  1.3000E+01  1.2000E+01  0.0000E+00  1.3460E+00  0.0000E+00  0.0000E+00  1.0000E+00  0.0000E+00  1.6041E+00  2.5447E+00  4.9716E+01  1.1242E+00  1.1415E+00  1.1875E+00  1.3460E+00  1.0037E+00  3.4230E-01  1.2336E+00
  1.3000E+01  2.4000E+01  0.0000E+00  6.5900E-01  0.0000E+00  0.0000E+00  1.0000E+00  0.0000E+00  1.6041E+00  2.5447E+00  4.9716E+01  6.0825E-01  3.2182E-01  4.4790E-01  6.5900E-01  4.6957E-01  1.8943E-01  4.5010E-01
  1.3000E+01  1.6800E+02  1.0000E+02  0.0000E+00  1.0000E+00  1.0000E+00  2.0000E+00  0.0000E+00  1.6041E+00  2.5447E+00  4.9716E+01  3.8287E-04 -2.7395E-03  0.0000E+00  0.0000E+00  5.1620E-05  0.0000E+00  0.0000E+00
  1.3000E+01  1.6850E+02  0.0000E+00  1.4440E+00  0.0000E+00  0.0000E+00  2.0000E+00  0.0000E+00  1.6041E+00  2.5447E+00  4.9716E+01  1.0939E+00  1.8251E+00  2.1194E+00  1.4440E+00  8.4603E-01  5.9797E-01  2.3663E+00
  1.3000E+01  1.6900E+02  0.0000E+00  1.7000E+00  0.0000E+00  0.0000E+00  2.0000E+00  0.0000E+00  1.6041E+00  2.5447E+00  4.9716E+01  1.5566E+00  6.1419E-01  8.1168E-01  1.7000E+00  1.3057E+00  3.9430E-01  8.8324E-01
  1.3000E+01  1.7000E+02  0.0000E+00  2.0880E+00  0.0000E+00  0.0000E+00  2.0000E+00  0.0000E+00  1.6041E+00  2.5447E+00  4.9716E+01  1.7919E+00  1.1539E+00  1.1463E+00  2.0880E+00  1.6566E+00  4.3142E-01  1.1817E+00
  1.3000E+01  1.7200E+02  0.0000E+00  1.5470E+00  0.0000E+00  0.0000E+00  2.0000E+00  0.0000E+00  1.6041E+00  2.5447E+00  4.9716E+01  1.6900E+00 -5.8007E-01 -6.6407E-01  1.5470E+00  1.6401E+00 -9.3060E-02 -6.5071E-01
  1.3000E+01  1.7600E+02  0.0000E+00  1.1450E+00  0.0000E+00  0.0000E+00  2.0000E+00  0.0000E+00  1.6041E+00  2.5447E+00  4.9716E+01  1.3798E+00 -1.0832E+00 -1.0960E+00  1.1450E+00  1.2927E+00 -1.4765E-01 -1.0963E+00
  1.3000E+01  1.8000E+02  0.0000E+00  1.0510E+00  0.0000E+00  0.0000E+00  2.0000E+00  0.0000E+00  1.6041E+00  2.5447E+00  4.9716E+01  1.1244E+00 -3.7757E-01 -3.3102E-01  1.0510E+00  1.0037E+00  4.7281E-02 -3.4137E-01
  1.3000E+01  1.9200E+02  0.0000E+00  6.8100E-01  0.0000E+00  0.0000E+00  2.0000E+00  0.0000E+00  1.6041E+00  2.5447E+00  4.9716E+01  6.0836E-01  4.6060E-01  5.8697E-01  6.8100E-01  4.6958E-01  2.1142E-01  5.9482E-01
  1.3000E+01  3.3600E+02  1.0000E+02  0.0000E+00  1.0000E+00  1.0000E+00  3.0000E+00  0.0000E+00  1.6041E+00  2.5447E+00  4.9716E+01  3.8294E-04 -2.7400E-03  0.0000E+00  0.0000E+00  5.1621E-05  0.0000E+00  0.0000E+00
  1.3000E+01  3.3650E+02  0.0000E+00  9.6300E-01  0.0000E+00  0.0000E+00  3.0000E+00  0.0000E+00  1.6041E+00  2.5447E+00  4.9716E+01  1.0939E+00 -6.8241E-01 -3.8804E-01  9.6300E-01  8.4603E-01  1.1697E-01 -3.9510E-01
  1.3000E+01  3.3700E+02  0.0000E+00  1.7310E+00  0.0000E+00  0.0000E+00  3.0000E+00  0.0000E+00  1.6041E+00  2.5447E+00  4.9716E+01  1.5566E+00  7.4699E-01  9.4447E-01  1.7310E+00  1.3057E+00  4.2530E-01  1.0289E+00
  1.3000E+01  3.3800E+02  0.0000E+00  1.5650E+00  0.0000E+00  0.0000E+00  3.0000E+00  0.0000E+00  1.6041E+00  2.5447E+00  4.9716E+01  1.7919E+00 -8.8408E-01 -8.9159E-01  1.5650E+00  1.6566E+00 -9.1578E-02 -9.4851E-01
  1.3000E+01  3.4000E+02  0.0000E+00  1.7220E+00  0.0000E+00  0.0000E+00  3.0000E+00  0.0000E+00  1.6041E+00  2.5447E+00  4.9716E+01  1.6900E+00  1.3000E-01  4.6001E-02  1.7220E+00  1.6401E+00  8.1940E-02  6.8185E-02
  1.3000E+01  3.4400E+02  0.0000E+00  1.5530E+00  0.0000E+00  0.0000E+00  3.0000E+00  0.0000E+00  1.6041E+00  2.5447E+00  4.9716E+01  1.3798E+00  7.9869E-01  7.8586E-01  1.5530E+00  1.2927E+00  2.6035E-01  8.3400E-01
  1.3000E+01  3.4800E+02  0.0000E+00  1.0680E+00  0.0000E+00  0.0000E+00  3.0000E+00  0.0000E+00  1.6041E+00  2.5447E+00  4.9716E+01  1.1244E+00 -2.9010E-01 -2.4355E-01  1.0680E+00  1.0037E+00  6.4281E-02 -2.5063E-01
  1.3000E+01  3.6000E+02  0.0000E+00  5.3200E-01  0.0000E+00  0.0000E+00  3.0000E+00  0.0000E+00  1.6041E+00  2.5447E+00  4.9716E+01  6.0836E-01 -4.8419E-01 -3.5781E-01  5.3200E-01  4.6958E-01  6.2423E-02 -3.8697E-01
  1.4000E+01  0.0000E+00  1.0000E+02  0.0000E+00  1.0000E+00  1.0000E+00  1.0000E+00  0.0000E+00  1.1969E+00  4.9359E+00  3.8379E+01  0.0000E+00  0.0000E+00  0.0000E+00  0.0000E+00  0.0000E+00  0.0000E+00  0.0000E+00
  1.4000E+01  5.0000E-01  0.0000E+00  1.3430E+00  0.0000E+00  0.0000E+00  1.0000E+00  0.0000E+00  1.1969E+00  4.9359E+00  3.8379E+01  1.1328E+00  1.0774E+00  0.0000E+00  1.3430E+00  8.4598E-01  0.0000E+00  0.0000E+00
  1.4000E+01  1.0000E+00  0.0000E+00  2.2330E+00  0.0000E+00  0.0000E+00  1.0000E+00  0.0000E+00  1.1969E+00  4.9359E+00  3.8379E+01  1.6850E+00  2.2281E+00  0.0000E+00  2.2330E+00  1.3057E+00  0.0000E+00  0.0000E+00
  1.4000E+01  2.0000E+00  0.0000E+00  2.6230E+00  0.0000E+00  0.0000E+00  1.0000E+00  0.0000E+00  1.1969E+00  4.9359E+00  3.8379E+01  1.9907E+00  2.2829E+00  0.0000E+00  2.6230E+00  1.6565E+00  0.0000E+00  0.0000E+00
  1.4000E+01  4.0000E+00  0.0000E+00  1.7220E+00  0.0000E+00  0.0000E+00  1.0000E+00  0.0000E+00  1.1969E+00  4.9359E+00  3.8379E+01  1.7209E+00  4.2442E-03  0.0000E+00  1.7220E+00  1.6400E+00  0.0000E+00  0.0000E+00
  1.4000E+01  8.0000E+00  0.0000E+00  1.3450E+00  0.0000E+00  0.0000E+00  1.0000E+00  0.0000E+00  1.1969E+00  4.9359E+00  3.8379E+01  1.0432E+00  1.6080E+00  0.0000E+00  1.3450E+00  1.2926E+00  0.0000E+00  0.0000E+00
  1.4000E+01  1.2000E+01  0.0000E+00  7.8900E-01  0.0000E+00  0.0000E+00  1.0000E+00  0.0000E+00  1.1969E+00  4.9359E+00  3.8379E+01  6.2377E-01  1.0420E+00  0.0000E+00  7.8900E-01  1.0037E+00  0.0000E+00  0.0000E+00
  1.4000E+01  2.4000E+01  0.0000E+00  2.5000E-01  0.0000E+00  0.0000E+00  1.0000E+00  1.0000E+00  1.1969E+00  4.9359E+00  3.8379E+01  1.3328E-01  8.2974E-01  0.0000E+00  2.5000E-01  5.8002E-01  0.0000E+00  0.0000E+00
  1.4000E+01  1.6800E+02  1.0000E+02  0.0000E+00  1.0000E+00  1.0000E+00  2.0000E+00  0.0000E+00  1.1969E+00  4.9359E+00  3.8379E+01  1.2069E-09 -8.6356E-09  0.0000E+00  0.0000E+00  5.1620E-05  0.0000E+00  0.0000E+00
  1.4000E+01  1.6850E+02  0.0000E+00  1.0200E+00  0.0000E+00  0.0000E+00  2.0000E+00  0.0000E+00  1.1969E+00  4.9359E+00  3.8379E+01  1.1328E+00 -5.7850E-01  0.0000E+00  1.0200E+00  8.4603E-01  0.0000E+00  0.0000E+00
  1.4000E+01  1.6900E+02  0.0000E+00  1.7270E+00  0.0000E+00  0.0000E+00  2.0000E+00  0.0000E+00  1.1969E+00  4.9359E+00  3.8379E+01  1.6850E+00  1.7086E-01  0.0000E+00  1.7270E+00  1.3057E+00  0.0000E+00  0.0000E+00
  1.4000E+01  1.7000E+02  0.0000E+00  2.0490E+00  0.0000E+00  0.0000E+00  2.0000E+00  0.0000E+00  1.1969E+00  4.9359E+00  3.8379E+01  1.9907E+00  2.1043E-01  0.0000E+00  2.0490E+00  1.6566E+00  0.0000E+00  0.0000E+00
  1.4000E+01  1.7200E+02  0.0000E+00  1.4160E+00  0.0000E+00  0.0000E+00  2.0000E+00  0.0000E+00  1.1969E+00  4.9359E+00  3.8379E+01  1.7209E+00 -1.2221E+00  0.0000E+00  1.4160E+00  1.6401E+00  0.0000E+00  0.0000E+00
  1.4000E+01  1.7600E+02  0.0000E+00  8.4500E-01  0.0000E+00  0.0000E+00  2.0000E+00  0.0000E+00  1.1969E+00  4.9359E+00  3.8379E+01  1.0432E+00 -1.0558E+00  0.0000E+00  8.4500E-01  1.2927E+00  0.0000E+00  0.0000E+00
  1.4000E+01  1.8000E+02  0.0000E+00  2.5000E-01  0.0000E+00  0.0000E+00  2.0000E+00  1.0000E+00  1.1969E+00  4.9359E+00  3.8379E+01  6.2377E-01 -2.3570E+00  0.0000E+00  2.5000E-01  3.1757E-03  0.0000E+00  0.0000E+00
  1.4000E+01  1.9200E+02  0.0000E+00  2.5000E-01  0.0000E+00  0.0000E+00  2.0000E+00  1.0000E+00  1.1969E+00  4.9359E+00  3.8379E+01  1.3328E-01  8.2974E-01  0.0000E+00  2.5000E-01  5.7999E-01  0.0000E+00  0.0000E+00
  1.4000E+01  3.3600E+02  1.0000E+02  0.0000E+00  1.0000E+00  1.0000E+00  3.0000E+00  0.0000E+00  1.1969E+00  4.9359E+00  3.8379E+01  1.2069E-09 -8.6356E-09  0.0000E+00  0.0000E+00  5.1621E-05  0.0000E+00  0.0000E+00
  1.4000E+01  3.3650E+02  0.0000E+00  7.0100E-01  0.0000E+00  0.0000E+00  3.0000E+00  0.0000E+00  1.1969E+00  4.9359E+00  3.8379E+01  1.1328E+00 -2.2139E+00  0.0000E+00  7.0100E-01  8.4603E-01  0.0000E+00  0.0000E+00
  1.4000E+01  3.3700E+02  0.0000E+00  1.0990E+00  0.0000E+00  0.0000E+00  3.0000E+00  0.0000E+00  1.1969E+00  4.9359E+00  3.8379E+01  1.6850E+00 -2.3824E+00  0.0000E+00  1.0990E+00  1.3057E+00  0.0000E+00  0.0000E+00
  1.4000E+01  3.3800E+02  0.0000E+00  1.8780E+00  0.0000E+00  0.0000E+00  3.0000E+00  0.0000E+00  1.1969E+00  4.9359E+00  3.8379E+01  1.9907E+00 -4.0696E-01  0.0000E+00  1.8780E+00  1.6566E+00  0.0000E+00  0.0000E+00
  1.4000E+01  3.4000E+02  0.0000E+00  1.7710E+00  0.0000E+00  0.0000E+00  3.0000E+00  0.0000E+00  1.1969E+00  4.9359E+00  3.8379E+01  1.7209E+00  2.0061E-01  0.0000E+00  1.7710E+00  1.6401E+00  0.0000E+00  0.0000E+00
  1.4000E+01  3.4400E+02  0.0000E+00  1.0060E+00  0.0000E+00  0.0000E+00  3.0000E+00  0.0000E+00  1.1969E+00  4.9359E+00  3.8379E+01  1.0432E+00 -1.9806E-01  0.0000E+00  1.0060E+00  1.2927E+00  0.0000E+00  0.0000E+00
  1.4000E+01  3.4800E+02  0.0000E+00  5.8300E-01  0.0000E+00  0.0000E+00  3.0000E+00  0.0000E+00  1.1969E+00  4.9359E+00  3.8379E+01  6.2377E-01 -2.5708E-01  0.0000E+00  5.8300E-01  1.0037E+00  0.0000E+00  0.0000E+00
  1.4000E+01  3.6000E+02  0.0000E+00  2.5000E-01  0.0000E+00  0.0000E+00  3.0000E+00  1.0000E+00  1.1969E+00  4.9359E+00  3.8379E+01  1.3328E-01  8.2974E-01  0.0000E+00  2.5000E-01  5.7999E-01  0.0000E+00  0.0000E+00
  1.5000E+01  0.0000E+00  1.0000E+02  0.0000E+00  1.0000E+00  1.0000E+00  1.0000E+00  0.0000E+00  1.1092E+00  7.4362E-01  4.1371E+01  0.0000E+00  0.0000E+00  0.0000E+00  0.0000E+00  0.0000E+00  0.0000E+00  0.0000E+00
  1.5000E+01  5.0000E-01  0.0000E+00  1.0480E+00  0.0000E+00  0.0000E+00  1.0000E+00  0.0000E+00  1.1092E+00  7.4362E-01  4.1371E+01  1.0240E+00  1.2908E-01  1.2278E-01  1.0480E+00  8.4598E-01  2.0202E-01 -1.5481E-01
  1.5000E+01  1.0000E+00  0.0000E+00  1.8910E+00  0.0000E+00  0.0000E+00  1.0000E+00  0.0000E+00  1.1092E+00  7.4362E-01  4.1371E+01  1.6029E+00  1.2111E+00  1.2265E+00  1.8910E+00  1.3057E+00  5.8534E-01  1.3109E+00
  1.5000E+01  2.0000E+00  0.0000E+00  1.7040E+00  0.0000E+00  0.0000E+00  1.0000E+00  0.0000E+00  1.1092E+00  7.4362E-01  4.1371E+01  2.1030E+00 -1.3820E+00 -1.3009E+00  1.7040E+00  1.6565E+00  4.7467E-02 -1.2866E+00
  1.5000E+01  4.0000E+00  0.0000E+00  2.5440E+00  0.0000E+00  0.0000E+00  1.0000E+00  0.0000E+00  1.1092E+00  7.4362E-01  4.1371E+01  2.2575E+00  9.3932E-01  1.1208E+00  2.5440E+00  1.6400E+00  9.0398E-01  1.6227E+00
  1.5000E+01  8.0000E+00  0.0000E+00  2.3460E+00  0.0000E+00  0.0000E+00  1.0000E+00  0.0000E+00  1.1092E+00  7.4362E-01  4.1371E+01  2.1276E+00  7.4995E-01  1.0638E+00  2.3460E+00  1.2926E+00  1.0534E+00  1.0298E+00
  1.5000E+01  1.2000E+01  0.0000E+00  1.7810E+00  0.0000E+00  0.0000E+00  1.0000E+00  0.0000E+00  1.1092E+00  7.4362E-01  4.1371E+01  1.9803E+00 -7.2230E-01 -2.9817E-01  1.7810E+00  1.0037E+00  7.7730E-01 -1.3080E+00
  1.5000E+01  2.4000E+01  0.0000E+00  1.8310E+00  0.0000E+00  0.0000E+00  1.0000E+00  0.0000E+00  1.1092E+00  7.4362E-01  4.1371E+01  1.5961E+00  9.9022E-01  1.6663E+00  1.8310E+00  4.6957E-01  1.3614E+00  2.2565E+00
  1.5000E+01  1.6800E+02  1.0000E+02  0.0000E+00  1.0000E+00  1.0000E+00  2.0000E+00  0.0000E+00  1.1092E+00  7.4362E-01  4.1371E+01  1.1994E-01 -8.5368E-01  0.0000E+00  0.0000E+00  5.1620E-05  0.0000E+00  0.0000E+00
  1.5000E+01  1.6850E+02  0.0000E+00  1.2940E+00  0.0000E+00  0.0000E+00  2.0000E+00  0.0000E+00  1.1092E+00  7.4362E-01  4.1371E+01  1.1428E+00  7.7165E-01  1.1230E+00  1.2940E+00  8.4603E-01  4.4797E-01  1.2528E+00
  1.5000E+01  1.6900E+02  0.0000E+00  2.1160E+00  0.0000E+00  0.0000E+00  2.0000E+00  0.0000E+00  1.1092E+00  7.4362E-01  4.1371E+01  1.7207E+00  1.5845E+00  1.9366E+00  2.1160E+00  1.3057E+00  8.1030E-01  2.3643E+00
  1.5000E+01  1.7000E+02  0.0000E+00  2.3680E+00  0.0000E+00  0.0000E+00  2.0000E+00  0.0000E+00  1.1092E+00  7.4362E-01  4.1371E+01  2.2187E+00  4.9627E-01  8.9506E-01  2.3680E+00  1.6566E+00  7.1142E-01  1.4151E+00
  1.5000E+01  1.7200E+02  0.0000E+00  2.4300E+00  0.0000E+00  0.0000E+00  2.0000E+00  0.0000E+00  1.1092E+00  7.4362E-01  4.1371E+01  2.3691E+00  1.9218E-01  6.7885E-01  2.4300E+00  1.6401E+00  7.8994E-01  1.1517E+00
  1.5000E+01  1.7600E+02  0.0000E+00  2.2930E+00  0.0000E+00  0.0000E+00  2.0000E+00  0.0000E+00  1.1092E+00  7.4362E-01  4.1371E+01  2.2314E+00  2.0368E-01  8.1053E-01  2.2930E+00  1.2927E+00  1.0003E+00  7.7656E-01
  1.5000E+01  1.8000E+02  0.0000E+00  2.1200E+00  0.0000E+00  0.0000E+00  2.0000E+00  0.0000E+00  1.1092E+00  7.4362E-01  4.1371E+01  2.0769E+00  1.5057E-01  8.5647E-01  2.1200E+00  1.0037E+00  1.1163E+00  4.9931E-01
  1.5000E+01  1.9200E+02  0.0000E+00  1.4840E+00  0.0000E+00  0.0000E+00  2.0000E+00  0.0000E+00  1.1092E+00  7.4362E-01  4.1371E+01  1.6740E+00 -7.7584E-01  1.4995E-01  1.4840E+00  4.6958E-01  1.0144E+00 -3.1335E-02
  1.5000E+01  3.3600E+02  1.0000E+02  0.0000E+00  1.0000E+00  1.0000E+00  3.0000E+00  0.0000E+00  1.1092E+00  7.4362E-01  4.1371E+01  1.2579E-01 -8.9488E-01  0.0000E+00  0.0000E+00  5.1621E-05  0.0000E+00  0.0000E+00
  1.5000E+01  3.3650E+02  0.0000E+00  8.0600E-01  0.0000E+00  0.0000E+00  3.0000E+00  0.0000E+00  1.1092E+00  7.4362E-01  4.1371E+01  1.1486E+00 -1.7447E+00 -1.3588E+00  8.0600E-01  8.4603E-01 -4.0028E-02 -1.5488E+00
  1.5000E+01  3.3700E+02  0.0000E+00  1.3750E+00  0.0000E+00  0.0000E+00  3.0000E+00  0.0000E+00  1.1092E+00  7.4362E-01  4.1371E+01  1.7264E+00 -1.4053E+00 -1.0206E+00  1.3750E+00  1.3057E+00  6.9296E-02 -1.1169E+00
  1.5000E+01  3.3800E+02  0.0000E+00  2.1210E+00  0.0000E+00  0.0000E+00  3.0000E+00  0.0000E+00  1.1092E+00  7.4362E-01  4.1371E+01  2.2243E+00 -3.4262E-01  8.6701E-02  2.1210E+00  1.6566E+00  4.6442E-01  4.0899E-01
  1.5000E+01  3.4000E+02  0.0000E+00  1.5610E+00  0.0000E+00  0.0000E+00  3.0000E+00  0.0000E+00  1.1092E+00  7.4362E-01  4.1371E+01  2.3745E+00 -2.5613E+00 -2.0454E+00  1.5610E+00  1.6401E+00 -7.9060E-02 -2.4181E+00
  1.5000E+01  3.4400E+02  0.0000E+00  2.5090E+00  0.0000E+00  0.0000E+00  3.0000E+00  0.0000E+00  1.1092E+00  7.4362E-01  4.1371E+01  2.2365E+00  8.9986E-01  1.5345E+00  2.5090E+00  1.2927E+00  1.2163E+00  1.7985E+00
  1.5000E+01  3.4800E+02  0.0000E+00  1.9480E+00  0.0000E+00  0.0000E+00  3.0000E+00  0.0000E+00  1.1092E+00  7.4362E-01  4.1371E+01  2.0817E+00 -4.6661E-01  2.6578E-01  1.9480E+00  1.0037E+00  9.4428E-01 -4.1876E-01
  1.5000E+01  3.6000E+02  0.0000E+00  2.1500E+00  0.0000E+00  0.0000E+00  3.0000E+00  0.0000E+00  1.1092E+00  7.4362E-01  4.1371E+01  1.6778E+00  1.9254E+00  2.8741E+00  2.1500E+00  4.6958E-01  1.6804E+00  4.3571E+00
  1.6000E+01  0.0000E+00  1.0000E+02  0.0000E+00  1.0000E+00  1.0000E+00  1.0000E+00  0.0000E+00  1.1819E+00  3.0288E+00  5.0528E+01  0.0000E+00  0.0000E+00  0.0000E+00  0.0000E+00  0.0000E+00  0.0000E+00  0.0000E+00
  1.6000E+01  5.0000E-01  0.0000E+00  6.8000E-01  0.0000E+00  0.0000E+00  1.0000E+00  0.0000E+00  1.1819E+00  3.0288E+00  5.0528E+01  8.6871E-01 -1.0820E+00  0.0000E+00  6.8000E-01  8.4598E-01  0.0000E+00  0.0000E+00
  1.6000E+01  1.0000E+00  0.0000E+00  1.4930E+00  0.0000E+00  0.0000E+00  1.0000E+00  0.0000E+00  1.1819E+00  3.0288E+00  5.0528E+01  1.3241E+00  7.9749E-01  0.0000E+00  1.4930E+00  1.3057E+00  0.0000E+00  0.0000E+00
  1.6000E+01  2.0000E+00  0.0000E+00  1.7400E+00  0.0000E+00  0.0000E+00  1.0000E+00  0.0000E+00  1.1819E+00  3.0288E+00  5.0528E+01  1.6532E+00  3.5744E-01  0.0000E+00  1.7400E+00  1.6565E+00  0.0000E+00  0.0000E+00
  1.6000E+01  4.0000E+00  0.0000E+00  1.6670E+00  0.0000E+00  0.0000E+00  1.0000E+00  0.0000E+00  1.1819E+00  3.0288E+00  5.0528E+01  1.6219E+00  1.8799E-01  0.0000E+00  1.6670E+00  1.6400E+00  0.0000E+00  0.0000E+00
  1.6000E+01  8.0000E+00  0.0000E+00  1.4060E+00  0.0000E+00  0.0000E+00  1.0000E+00  0.0000E+00  1.1819E+00  3.0288E+00  5.0528E+01  1.2905E+00  5.5342E-01  0.0000E+00  1.4060E+00  1.2926E+00  0.0000E+00  0.0000E+00
  1.6000E+01  1.2000E+01  0.0000E+00  9.3300E-01  0.0000E+00  0.0000E+00  1.0000E+00  0.0000E+00  1.1819E+00  3.0288E+00  5.0528E+01  1.0155E+00 -4.4473E-01  0.0000E+00  9.3300E-01  1.0037E+00  0.0000E+00  0.0000E+00
  1.6000E+01  2.4000E+01  0.0000E+00  5.9900E-01  0.0000E+00  0.0000E+00  1.0000E+00  0.0000E+00  1.1819E+00  3.0288E+00  5.0528E+01  4.9464E-01  6.8721E-01  0.0000E+00  5.9900E-01  4.6957E-01  0.0000E+00  0.0000E+00
  1.6000E+01  1.6800E+02  1.0000E+02  0.0000E+00  1.0000E+00  1.0000E+00  2.0000E+00  0.0000E+00  1.1819E+00  3.0288E+00  5.0528E+01  8.8223E-05 -6.3126E-04  0.0000E+00  0.0000E+00  5.1620E-05  0.0000E+00  0.0000E+00
  1.6000E+01  1.6850E+02  0.0000E+00  8.3600E-01  0.0000E+00  0.0000E+00  2.0000E+00  0.0000E+00  1.1819E+00  3.0288E+00  5.0528E+01  8.6879E-01 -1.8802E-01  0.0000E+00  8.3600E-01  8.4603E-01  0.0000E+00  0.0000E+00
  1.6000E+01  1.6900E+02  0.0000E+00  1.4160E+00  0.0000E+00  0.0000E+00  2.0000E+00  0.0000E+00  1.1819E+00  3.0288E+00  5.0528E+01  1.3242E+00  4.3342E-01  0.0000E+00  1.4160E+00  1.3057E+00  0.0000E+00  0.0000E+00
  1.6000E+01  1.7000E+02  0.0000E+00  1.7580E+00  0.0000E+00  0.0000E+00  2.0000E+00  0.0000E+00  1.1819E+00  3.0288E+00  5.0528E+01  1.6533E+00  4.3123E-01  0.0000E+00  1.7580E+00  1.6566E+00  0.0000E+00  0.0000E+00
  1.6000E+01  1.7200E+02  0.0000E+00  1.6880E+00  0.0000E+00  0.0000E+00  2.0000E+00  0.0000E+00  1.1819E+00  3.0288E+00  5.0528E+01  1.6220E+00  2.7528E-01  0.0000E+00  1.6880E+00  1.6401E+00  0.0000E+00  0.0000E+00
  1.6000E+01  1.7600E+02  0.0000E+00  1.3310E+00  0.0000E+00  0.0000E+00  2.0000E+00  0.0000E+00  1.1819E+00  3.0288E+00  5.0528E+01  1.2905E+00  1.9381E-01  0.0000E+00  1.3310E+00  1.2927E+00  0.0000E+00  0.0000E+00
  1.6000E+01  1.8000E+02  0.0000E+00  1.2260E+00  0.0000E+00  0.0000E+00  2.0000E+00  0.0000E+00  1.1819E+00  3.0288E+00  5.0528E+01  1.0155E+00  1.1345E+00  0.0000E+00  1.2260E+00  1.0037E+00  0.0000E+00  0.0000E+00
  1.6000E+01  1.9200E+02  0.0000E+00  5.4600E-01  0.0000E+00  0.0000E+00  2.0000E+00  0.0000E+00  1.1819E+00  3.0288E+00  5.0528E+01  4.9466E-01  3.3807E-01  0.0000E+00  5.4600E-01  4.6958E-01  0.0000E+00  0.0000E+00
  1.6000E+01  3.3600E+02  1.0000E+02  0.0000E+00  1.0000E+00  1.0000E+00  3.0000E+00  0.0000E+00  1.1819E+00  3.0288E+00  5.0528E+01  8.8226E-05 -6.3128E-04  0.0000E+00  0.0000E+00  5.1621E-05  0.0000E+00  0.0000E+00
  1.6000E+01  3.3650E+02  0.0000E+00  9.9700E-01  0.0000E+00  0.0000E+00  3.0000E+00  0.0000E+00  1.1819E+00  3.0288E+00  5.0528E+01  8.6879E-01  7.3503E-01  0.0000E+00  9.9700E-01  8.4603E-01  0.0000E+00  0.0000E+00
  1.6000E+01  3.3700E+02  0.0000E+00  1.2130E+00  0.0000E+00  0.0000E+00  3.0000E+00  0.0000E+00  1.1819E+00  3.0288E+00  5.0528E+01  1.3242E+00 -5.2531E-01  0.0000E+00  1.2130E+00  1.3057E+00  0.0000E+00  0.0000E+00
  1.6000E+01  3.3800E+02  0.0000E+00  1.7030E+00  0.0000E+00  0.0000E+00  3.0000E+00  0.0000E+00  1.1819E+00  3.0288E+00  5.0528E+01  1.6533E+00  2.0474E-01  0.0000E+00  1.7030E+00  1.6566E+00  0.0000E+00  0.0000E+00
  1.6000E+01  3.4000E+02  0.0000E+00  1.1150E+00  0.0000E+00  0.0000E+00  3.0000E+00  0.0000E+00  1.1819E+00  3.0288E+00  5.0528E+01  1.6220E+00 -2.1145E+00  0.0000E+00  1.1150E+00  1.6401E+00  0.0000E+00  0.0000E+00
  1.6000E+01  3.4400E+02  0.0000E+00  1.4290E+00  0.0000E+00  0.0000E+00  3.0000E+00  0.0000E+00  1.1819E+00  3.0288E+00  5.0528E+01  1.2905E+00  6.6334E-01  0.0000E+00  1.4290E+00  1.2927E+00  0.0000E+00  0.0000E+00
  1.6000E+01  3.4800E+02  0.0000E+00  7.5500E-01  0.0000E+00  0.0000E+00  3.0000E+00  0.0000E+00  1.1819E+00  3.0288E+00  5.0528E+01  1.0155E+00 -1.4045E+00  0.0000E+00  7.5500E-01  1.0037E+00  0.0000E+00  0.0000E+00
  1.6000E+01  3.6000E+02  0.0000E+00  2.5000E-01  0.0000E+00  0.0000E+00  3.0000E+00  1.0000E+00  1.1819E+00  3.0288E+00  5.0528E+01  4.9466E-01 -1.6110E+00  0.0000E+00  2.5000E-01  5.7999E-01  0.0000E+00  0.0000E+00
  1.7000E+01  0.0000E+00  1.0000E+02  0.0000E+00  1.0000E+00  1.0000E+00  1.0000E+00  0.0000E+00  1.4570E+00  3.1026E+00  3.7597E+01  0.0000E+00  0.0000E+00  0.0000E+00  0.0000E+00  0.0000E+00  0.0000E+00  0.0000E+00
  1.7000E+01  5.0000E-01  0.0000E+00  1.6060E+00  0.0000E+00  0.0000E+00  1.0000E+00  0.0000E+00  1.4570E+00  3.1026E+00  3.7597E+01  1.3448E+00  1.2231E+00  0.0000E+00  1.6060E+00  8.4598E-01  0.0000E+00  0.0000E+00
  1.7000E+01  1.0000E+00  0.0000E+00  2.3800E+00  0.0000E+00  0.0000E+00  1.0000E+00  0.0000E+00  1.4570E+00  3.1026E+00  3.7597E+01  1.9394E+00  1.6218E+00  0.0000E+00  2.3800E+00  1.3057E+00  0.0000E+00  0.0000E+00
  1.7000E+01  2.0000E+00  0.0000E+00  2.3090E+00  0.0000E+00  0.0000E+00  1.0000E+00  0.0000E+00  1.4570E+00  3.1026E+00  3.7597E+01  2.2375E+00  2.3590E-01  0.0000E+00  2.3090E+00  1.6565E+00  0.0000E+00  0.0000E+00
  1.7000E+01  4.0000E+00  0.0000E+00  1.8430E+00  0.0000E+00  0.0000E+00  1.0000E+00  0.0000E+00  1.4570E+00  3.1026E+00  3.7597E+01  2.0185E+00 -6.2713E-01  0.0000E+00  1.8430E+00  1.6400E+00  0.0000E+00  0.0000E+00
  1.7000E+01  8.0000E+00  0.0000E+00  1.6420E+00  0.0000E+00  0.0000E+00  1.0000E+00  0.0000E+00  1.4570E+00  3.1026E+00  3.7597E+01  1.4570E+00  8.2619E-01  0.0000E+00  1.6420E+00  1.2926E+00  0.0000E+00  0.0000E+00
  1.7000E+01  1.2000E+01  0.0000E+00  1.2210E+00  0.0000E+00  0.0000E+00  1.0000E+00  0.0000E+00  1.4570E+00  3.1026E+00  3.7597E+01  1.0474E+00  9.2337E-01  0.0000E+00  1.2210E+00  1.0037E+00  0.0000E+00  0.0000E+00
  1.7000E+01  2.4000E+01  0.0000E+00  2.5000E-01  0.0000E+00  0.0000E+00  1.0000E+00  1.0000E+00  1.4570E+00  3.1026E+00  3.7597E+01  3.8907E-01 -9.4373E-01  0.0000E+00  2.5000E-01  5.8002E-01  0.0000E+00  0.0000E+00
  1.7000E+01  1.6800E+02  1.0000E+02  0.0000E+00  1.0000E+00  1.0000E+00  2.0000E+00  0.0000E+00  1.4570E+00  3.1026E+00  3.7597E+01  2.6866E-06 -1.9223E-05  0.0000E+00  0.0000E+00  5.1620E-05  0.0000E+00  0.0000E+00
  1.7000E+01  1.6850E+02  0.0000E+00  1.3240E+00  0.0000E+00  0.0000E+00  2.0000E+00  0.0000E+00  1.4570E+00  3.1026E+00  3.7597E+01  1.3448E+00 -9.7178E-02  0.0000E+00  1.3240E+00  8.4603E-01  0.0000E+00  0.0000E+00
  1.7000E+01  1.6900E+02  0.0000E+00  1.8150E+00  0.0000E+00  0.0000E+00  2.0000E+00  0.0000E+00  1.4570E+00  3.1026E+00  3.7597E+01  1.9394E+00 -4.5797E-01  0.0000E+00  1.8150E+00  1.3057E+00  0.0000E+00  0.0000E+00
  1.7000E+01  1.7000E+02  0.0000E+00  2.1930E+00  0.0000E+00  0.0000E+00  2.0000E+00  0.0000E+00  1.4570E+00  3.1026E+00  3.7597E+01  2.2375E+00 -1.4703E-01  0.0000E+00  2.1930E+00  1.6566E+00  0.0000E+00  0.0000E+00
  1.7000E+01  1.7200E+02  0.0000E+00  1.7870E+00  0.0000E+00  0.0000E+00  2.0000E+00  0.0000E+00  1.4570E+00  3.1026E+00  3.7597E+01  2.0185E+00 -8.2724E-01  0.0000E+00  1.7870E+00  1.6401E+00  0.0000E+00  0.0000E+00
  1.7000E+01  1.7600E+02  0.0000E+00  1.3200E+00  0.0000E+00  0.0000E+00  2.0000E+00  0.0000E+00  1.4570E+00  3.1026E+00  3.7597E+01  1.4570E+00 -6.1154E-01  0.0000E+00  1.3200E+00  1.2927E+00  0.0000E+00  0.0000E+00
  1.7000E+01  1.8000E+02  0.0000E+00  7.9800E-01  0.0000E+00  0.0000E+00  2.0000E+00  0.0000E+00  1.4570E+00  3.1026E+00  3.7597E+01  1.0474E+00 -1.3261E+00  0.0000E+00  7.9800E-01  1.0037E+00  0.0000E+00  0.0000E+00
  1.7000E+01  1.9200E+02  0.0000E+00  2.5000E-01  0.0000E+00  0.0000E+00  2.0000E+00  1.0000E+00  1.4570E+00  3.1026E+00  3.7597E+01  3.8907E-01 -9.4373E-01  0.0000E+00  2.5000E-01  5.7999E-01  0.0000E+00  0.0000E+00
  1.7000E+01  3.3600E+02  1.0000E+02  0.0000E+00  1.0000E+00  1.0000E+00  3.0000E+00  0.0000E+00  1.4570E+00  3.1026E+00  3.7597E+01  2.6866E-06 -1.9223E-05  0.0000E+00  0.0000E+00  5.1621E-05  0.0000E+00  0.0000E+00
  1.7000E+01  3.3650E+02  0.0000E+00  1.2820E+00  0.0000E+00  0.0000E+00  3.0000E+00  0.0000E+00  1.4570E+00  3.1026E+00  3.7597E+01  1.3448E+00 -2.9381E-01  0.0000E+00  1.2820E+00  8.4603E-01  0.0000E+00  0.0000E+00
  1.7000E+01  3.3700E+02  0.0000E+00  1.6020E+00  0.0000E+00  0.0000E+00  3.0000E+00  0.0000E+00  1.4570E+00  3.1026E+00  3.7597E+01  1.9394E+00 -1.2420E+00  0.0000E+00  1.6020E+00  1.3057E+00  0.0000E+00  0.0000E+00
  1.7000E+01  3.3800E+02  0.0000E+00  1.9630E+00  0.0000E+00  0.0000E+00  3.0000E+00  0.0000E+00  1.4570E+00  3.1026E+00  3.7597E+01  2.2375E+00 -9.0626E-01  0.0000E+00  1.9630E+00  1.6566E+00  0.0000E+00  0.0000E+00
  1.7000E+01  3.4000E+02  0.0000E+00  2.4390E+00  0.0000E+00  0.0000E+00  3.0000E+00  0.0000E+00  1.4570E+00  3.1026E+00  3.7597E+01  2.0185E+00  1.5025E+00  0.0000E+00  2.4390E+00  1.6401E+00  0.0000E+00  0.0000E+00
  1.7000E+01  3.4400E+02  0.0000E+00  1.9350E+00  0.0000E+00  0.0000E+00  3.0000E+00  0.0000E+00  1.4570E+00  3.1026E+00  3.7597E+01  1.4570E+00  2.1344E+00  0.0000E+00  1.9350E+00  1.2927E+00  0.0000E+00  0.0000E+00
  1.7000E+01  3.4800E+02  0.0000E+00  1.0040E+00  0.0000E+00  0.0000E+00  3.0000E+00  0.0000E+00  1.4570E+00  3.1026E+00  3.7597E+01  1.0474E+00 -2.3063E-01  0.0000E+00  1.0040E+00  1.0037E+00  0.0000E+00  0.0000E+00
  1.7000E+01  3.6000E+02  0.0000E+00  2.5000E-01  0.0000E+00  0.0000E+00  3.0000E+00  1.0000E+00  1.4570E+00  3.1026E+00  3.7597E+01  3.8907E-01 -9.4373E-01  0.0000E+00  2.5000E-01  5.7999E-01  0.0000E+00  0.0000E+00
  1.8000E+01  0.0000E+00  1.0000E+02  0.0000E+00  1.0000E+00  1.0000E+00  1.0000E+00  0.0000E+00  1.5255E+00  3.5297E+00  4.2307E+01  0.0000E+00  0.0000E+00  0.0000E+00  0.0000E+00  0.0000E+00  0.0000E+00  0.0000E+00
  1.8000E+01  5.0000E-01  0.0000E+00  1.3100E+00  0.0000E+00  0.0000E+00  1.0000E+00  0.0000E+00  1.5255E+00  3.5297E+00  4.2307E+01  1.2321E+00  3.8283E-01  0.0000E+00  1.3100E+00  8.4598E-01  0.0000E+00  0.0000E+00
  1.8000E+01  1.0000E+00  0.0000E+00  1.7610E+00  0.0000E+00  0.0000E+00  1.0000E+00  0.0000E+00  1.5255E+00  3.5297E+00  4.2307E+01  1.7564E+00  1.8322E-02  0.0000E+00  1.7610E+00  1.3057E+00  0.0000E+00  0.0000E+00
  1.8000E+01  2.0000E+00  0.0000E+00  1.3970E+00  0.0000E+00  0.0000E+00  1.0000E+00  0.0000E+00  1.5255E+00  3.5297E+00  4.2307E+01  1.9978E+00 -2.1635E+00  0.0000E+00  1.3970E+00  1.6565E+00  0.0000E+00  0.0000E+00
  1.8000E+01  4.0000E+00  0.0000E+00  1.9720E+00  0.0000E+00  0.0000E+00  1.0000E+00  0.0000E+00  1.5255E+00  3.5297E+00  4.2307E+01  1.7853E+00  7.2928E-01  0.0000E+00  1.9720E+00  1.6400E+00  0.0000E+00  0.0000E+00
  1.8000E+01  8.0000E+00  0.0000E+00  9.8700E-01  0.0000E+00  0.0000E+00  1.0000E+00  0.0000E+00  1.5255E+00  3.5297E+00  4.2307E+01  1.2827E+00 -1.4217E+00  0.0000E+00  9.8700E-01  1.2926E+00  0.0000E+00  0.0000E+00
  1.8000E+01  1.2000E+01  0.0000E+00  9.7900E-01  0.0000E+00  0.0000E+00  1.0000E+00  0.0000E+00  1.5255E+00  3.5297E+00  4.2307E+01  9.1878E-01  3.3816E-01  0.0000E+00  9.7900E-01  1.0037E+00  0.0000E+00  0.0000E+00
  1.8000E+01  2.4000E+01  0.0000E+00  2.5000E-01  0.0000E+00  0.0000E+00  1.0000E+00  1.0000E+00  1.5255E+00  3.5297E+00  4.2307E+01  3.3761E-01 -6.0204E-01  0.0000E+00  2.5000E-01  5.8002E-01  0.0000E+00  0.0000E+00
  1.8000E+01  1.6800E+02  1.0000E+02  0.0000E+00  1.0000E+00  1.0000E+00  2.0000E+00  0.0000E+00  1.5255E+00  3.5297E+00  4.2307E+01  2.0457E-06 -1.4638E-05  0.0000E+00  0.0000E+00  5.1620E-05  0.0000E+00  0.0000E+00
  1.8000E+01  1.6850E+02  0.0000E+00  1.1140E+00  0.0000E+00  0.0000E+00  2.0000E+00  0.0000E+00  1.5255E+00  3.5297E+00  4.2307E+01  1.2321E+00 -5.8006E-01  0.0000E+00  1.1140E+00  8.4603E-01  0.0000E+00  0.0000E+00
  1.8000E+01  1.6900E+02  0.0000E+00  1.4340E+00  0.0000E+00  0.0000E+00  2.0000E+00  0.0000E+00  1.5255E+00  3.5297E+00  4.2307E+01  1.7564E+00 -1.2738E+00  0.0000E+00  1.4340E+00  1.3057E+00  0.0000E+00  0.0000E+00
  1.8000E+01  1.7000E+02  0.0000E+00  1.8430E+00  0.0000E+00  0.0000E+00  2.0000E+00  0.0000E+00  1.5255E+00  3.5297E+00  4.2307E+01  1.9978E+00 -5.5752E-01  0.0000E+00  1.8430E+00  1.6566E+00  0.0000E+00  0.0000E+00
  1.8000E+01  1.7200E+02  0.0000E+00  1.9550E+00  0.0000E+00  0.0000E+00  2.0000E+00  0.0000E+00  1.5255E+00  3.5297E+00  4.2307E+01  1.7853E+00  6.6286E-01  0.0000E+00  1.9550E+00  1.6401E+00  0.0000E+00  0.0000E+00
  1.8000E+01  1.7600E+02  0.0000E+00  1.2730E+00  0.0000E+00  0.0000E+00  2.0000E+00  0.0000E+00  1.5255E+00  3.5297E+00  4.2307E+01  1.2827E+00 -4.6852E-02  0.0000E+00  1.2730E+00  1.2927E+00  0.0000E+00  0.0000E+00
  1.8000E+01  1.8000E+02  0.0000E+00  1.0640E+00  0.0000E+00  0.0000E+00  2.0000E+00  0.0000E+00  1.5255E+00  3.5297E+00  4.2307E+01  9.1878E-01  8.1547E-01  0.0000E+00  1.0640E+00  1.0037E+00  0.0000E+00  0.0000E+00
  1.8000E+01  1.9200E+02  0.0000E+00  2.5000E-01  0.0000E+00  0.0000E+00  2.0000E+00  1.0000E+00  1.5255E+00  3.5297E+00  4.2307E+01  3.3761E-01 -6.0204E-01  0.0000E+00  2.5000E-01  5.7999E-01  0.0000E+00  0.0000E+00
  1.8000E+01  3.3600E+02  1.0000E+02  0.0000E+00  1.0000E+00  1.0000E+00  3.0000E+00  0.0000E+00  1.5255E+00  3.5297E+00  4.2307E+01  2.0458E-06 -1.4638E-05  0.0000E+00  0.0000E+00  5.1621E-05  0.0000E+00  0.0000E+00
  1.8000E+01  3.3650E+02  0.0000E+00  1.3320E+00  0.0000E+00  0.0000E+00  3.0000E+00  0.0000E+00  1.5255E+00  3.5297E+00  4.2307E+01  1.2321E+00  4.9090E-01  0.0000E+00  1.3320E+00  8.4603E-01  0.0000E+00  0.0000E+00
  1.8000E+01  3.3700E+02  0.0000E+00  2.3010E+00  0.0000E+00  0.0000E+00  3.0000E+00  0.0000E+00  1.5255E+00  3.5297E+00  4.2307E+01  1.7564E+00  2.1522E+00  0.0000E+00  2.3010E+00  1.3057E+00  0.0000E+00  0.0000E+00
  1.8000E+01  3.3800E+02  0.0000E+00  2.1290E+00  0.0000E+00  0.0000E+00  3.0000E+00  0.0000E+00  1.5255E+00  3.5297E+00  4.2307E+01  1.9978E+00  4.7234E-01  0.0000E+00  2.1290E+00  1.6566E+00  0.0000E+00  0.0000E+00
  1.8000E+01  3.4000E+02  0.0000E+00  1.8620E+00  0.0000E+00  0.0000E+00  3.0000E+00  0.0000E+00  1.5255E+00  3.5297E+00  4.2307E+01  1.7853E+00  2.9954E-01  0.0000E+00  1.8620E+00  1.6401E+00  0.0000E+00  0.0000E+00
  1.8000E+01  3.4400E+02  0.0000E+00  1.5170E+00  0.0000E+00  0.0000E+00  3.0000E+00  0.0000E+00  1.5255E+00  3.5297E+00  4.2307E+01  1.2827E+00  1.1261E+00  0.0000E+00  1.5170E+00  1.2927E+00  0.0000E+00  0.0000E+00
  1.8000E+01  3.4800E+02  0.0000E+00  8.3800E-01  0.0000E+00  0.0000E+00  3.0000E+00  0.0000E+00  1.5255E+00  3.5297E+00  4.2307E+01  9.1878E-01 -4.5363E-01  0.0000E+00  8.3800E-01  1.0037E+00  0.0000E+00  0.0000E+00
  1.8000E+01  3.6000E+02  0.0000E+00  2.5000E-01  0.0000E+00  0.0000E+00  3.0000E+00  1.0000E+00  1.5255E+00  3.5297E+00  4.2307E+01  3.3761E-01 -6.0204E-01  0.0000E+00  2.5000E-01  5.7999E-01  0.0000E+00  0.0000E+00
  1.9000E+01  0.0000E+00  1.0000E+02  0.0000E+00  1.0000E+00  1.0000E+00  1.0000E+00  0.0000E+00  2.3284E+00  9.3492E-01  3.9218E+01  0.0000E+00  0.0000E+00  0.0000E+00  0.0000E+00  0.0000E+00  0.0000E+00  0.0000E+00
  1.9000E+01  5.0000E-01  0.0000E+00  1.5840E+00  0.0000E+00  0.0000E+00  1.0000E+00  0.0000E+00  2.3284E+00  9.3492E-01  3.9218E+01  1.7415E+00 -6.2588E-01  1.9722E-01  1.5840E+00  8.4598E-01  7.3802E-01  3.4935E-01
  1.9000E+01  1.0000E+00  0.0000E+00  2.1130E+00  0.0000E+00  0.0000E+00  1.0000E+00  0.0000E+00  2.3284E+00  9.3492E-01  3.9218E+01  2.2645E+00 -4.9526E-01 -1.8909E-02  2.1130E+00  1.3057E+00  8.0734E-01 -1.0673E-01
  1.9000E+01  2.0000E+00  0.0000E+00  2.7300E+00  0.0000E+00  0.0000E+00  1.0000E+00  0.0000E+00  2.3284E+00  9.3492E-01  3.9218E+01  2.4318E+00  9.2094E-01  1.0460E+00  2.7300E+00  1.6565E+00  1.0735E+00  1.3112E+00
  1.9000E+01  4.0000E+00  0.0000E+00  2.7390E+00  0.0000E+00  0.0000E+00  1.0000E+00  0.0000E+00  2.3284E+00  9.3492E-01  3.9218E+01  2.3417E+00  1.2651E+00  1.3847E+00  2.7390E+00  1.6400E+00  1.0990E+00  1.9178E+00
  1.9000E+01  8.0000E+00  0.0000E+00  1.7510E+00  0.0000E+00  0.0000E+00  1.0000E+00  0.0000E+00  2.3284E+00  9.3492E-01  3.9218E+01  2.1289E+00 -1.2967E+00 -1.0234E+00  1.7510E+00  1.2926E+00  4.5838E-01 -1.4573E+00
  1.9000E+01  1.2000E+01  0.0000E+00  2.0190E+00  0.0000E+00  0.0000E+00  1.0000E+00  0.0000E+00  2.3284E+00  9.3492E-01  3.9218E+01  1.9353E+00  3.0868E-01  7.1584E-01  2.0190E+00  1.0037E+00  1.0153E+00  7.9862E-01
  1.9000E+01  2.4000E+01  0.0000E+00  1.4810E+00  0.0000E+00  0.0000E+00  1.0000E+00  0.0000E+00  2.3284E+00  9.3492E-01  3.9218E+01  1.4538E+00  1.2159E-01  8.1519E-01  1.4810E+00  4.6957E-01  1.0114E+00  1.3965E+00
  1.9000E+01  1.6800E+02  1.0000E+02  0.0000E+00  1.0000E+00  1.0000E+00  2.0000E+00  0.0000E+00  2.3284E+00  9.3492E-01  3.9218E+01  4.6954E-02 -3.3569E-01  0.0000E+00  0.0000E+00  5.1620E-05  0.0000E+00  0.0000E+00
  1.9000E+01  1.6850E+02  0.0000E+00  2.5430E+00  0.0000E+00  0.0000E+00  2.0000E+00  0.0000E+00  2.3284E+00  9.3492E-01  3.9218E+01  1.7879E+00  2.9472E+00  3.9285E+00  2.5430E+00  8.4603E-01  1.6970E+00  5.8514E+00
  1.9000E+01  1.6900E+02  0.0000E+00  2.5240E+00  0.0000E+00  0.0000E+00  2.0000E+00  0.0000E+00  2.3284E+00  9.3492E-01  3.9218E+01  2.3103E+00  6.8776E-01  1.3150E+00  2.5240E+00  1.3057E+00  1.2183E+00  1.8214E+00
  1.9000E+01  1.7000E+02  0.0000E+00  2.3400E+00  0.0000E+00  0.0000E+00  2.0000E+00  0.0000E+00  2.3284E+00  9.3492E-01  3.9218E+01  2.4766E+00 -4.1546E-01 -1.4216E-01  2.3400E+00  1.6566E+00  6.8342E-01 -2.7954E-01
  1.9000E+01  1.7200E+02  0.0000E+00  2.6100E+00  0.0000E+00  0.0000E+00  2.0000E+00  0.0000E+00  2.3284E+00  9.3492E-01  3.9218E+01  2.3843E+00  7.0810E-01  9.7250E-01  2.6100E+00  1.6401E+00  9.6994E-01  1.3859E+00
  1.9000E+01  1.7600E+02  0.0000E+00  2.1670E+00  0.0000E+00  0.0000E+00  2.0000E+00  0.0000E+00  2.3284E+00  9.3492E-01  3.9218E+01  2.1677E+00 -2.3573E-03  4.0820E-01  2.1670E+00  1.2927E+00  8.7435E-01  5.0912E-01
  1.9000E+01  1.8000E+02  0.0000E+00  1.7010E+00  0.0000E+00  0.0000E+00  2.0000E+00  0.0000E+00  2.3284E+00  9.3492E-01  3.9218E+01  1.9705E+00 -9.8059E-01 -4.4346E-01  1.7010E+00  1.0037E+00  6.9728E-01 -9.0041E-01
  1.9000E+01  1.9200E+02  0.0000E+00  1.6020E+00  0.0000E+00  0.0000E+00  2.0000E+00  0.0000E+00  2.3284E+00  9.3492E-01  3.9218E+01  1.4803E+00  5.3810E-01  1.3412E+00  1.6020E+00  4.6958E-01  1.1324E+00  2.1928E+00
  1.9000E+01  3.3600E+02  1.0000E+02  0.0000E+00  1.0000E+00  1.0000E+00  3.0000E+00  0.0000E+00  2.3284E+00  9.3492E-01  3.9218E+01  4.7810E-02 -3.4180E-01  0.0000E+00  0.0000E+00  5.1621E-05  0.0000E+00  0.0000E+00
  1.9000E+01  3.3650E+02  0.0000E+00  1.4420E+00  0.0000E+00  0.0000E+00  3.0000E+00  0.0000E+00  2.3284E+00  9.3492E-01  3.9218E+01  1.7887E+00 -1.3526E+00 -3.6541E-01  1.4420E+00  8.4603E-01  5.9597E-01 -4.6938E-01
  1.9000E+01  3.3700E+02  0.0000E+00  1.9110E+00  0.0000E+00  0.0000E+00  3.0000E+00  0.0000E+00  2.3284E+00  9.3492E-01  3.9218E+01  2.3111E+00 -1.2874E+00 -6.5467E-01  1.9110E+00  1.3057E+00  6.0530E-01 -1.0584E+00
  1.9000E+01  3.3800E+02  0.0000E+00  2.3540E+00  0.0000E+00  0.0000E+00  3.0000E+00  0.0000E+00  2.3284E+00  9.3492E-01  3.9218E+01  2.4774E+00 -3.7525E-01 -9.6590E-02  2.3540E+00  1.6566E+00  6.9742E-01 -2.2251E-01
  1.9000E+01  3.4000E+02  0.0000E+00  2.6180E+00  0.0000E+00  0.0000E+00  3.0000E+00  0.0000E+00  2.3284E+00  9.3492E-01  3.9218E+01  2.3851E+00  7.3057E-01  1.0002E+00  2.6180E+00  1.6401E+00  9.7794E-01  1.4187E+00
  1.9000E+01  3.4400E+02  0.0000E+00  2.1600E+00  0.0000E+00  0.0000E+00  3.0000E+00  0.0000E+00  2.3284E+00  9.3492E-01  3.9218E+01  2.1684E+00 -2.8430E-02  3.8702E-01  2.1600E+00  1.2927E+00  8.6735E-01  4.7600E-01
  1.9000E+01  3.4800E+02  0.0000E+00  1.6340E+00  0.0000E+00  0.0000E+00  3.0000E+00  0.0000E+00  2.3284E+00  9.3492E-01  3.9218E+01  1.9712E+00 -1.2264E+00 -6.8464E-01  1.6340E+00  1.0037E+00  6.3028E-01 -1.2580E+00
  1.9000E+01  3.6000E+02  0.0000E+00  1.7640E+00  0.0000E+00  0.0000E+00  3.0000E+00  0.0000E+00  2.3284E+00  9.3492E-01  3.9218E+01  1.4808E+00  1.2520E+00  2.0589E+00  1.7640E+00  4.6958E-01  1.2944E+00  3.2602E+00
  2.0000E+01  0.0000E+00  1.0000E+02  0.0000E+00  1.0000E+00  1.0000E+00  1.0000E+00  0.0000E+00  6.2335E-01  5.5091E+00  6.2966E+01  0.0000E+00  0.0000E+00  0.0000E+00  0.0000E+00  0.0000E+00  0.0000E+00  0.0000E+00
  2.0000E+01  5.0000E-01  0.0000E+00  5.1400E-01  0.0000E+00  0.0000E+00  1.0000E+00  0.0000E+00  6.2335E-01  5.5091E+00  6.2966E+01  4.1563E-01  6.6282E-01  0.0000E+00  5.1400E-01  8.4598E-01  0.0000E+00  0.0000E+00
  2.0000E+01  1.0000E+00  0.0000E+00  1.0100E+00  0.0000E+00  0.0000E+00  1.0000E+00  0.0000E+00  6.2335E-01  5.5091E+00  6.2966E+01  7.0218E-01  1.8857E+00  0.0000E+00  1.0100E+00  1.3057E+00  0.0000E+00  0.0000E+00
  2.0000E+01  2.0000E+00  0.0000E+00  1.4460E+00  0.0000E+00  0.0000E+00  1.0000E+00  0.0000E+00  6.2335E-01  5.5091E+00  6.2966E+01  1.0198E+00  2.2932E+00  0.0000E+00  1.4460E+00  1.6565E+00  0.0000E+00  0.0000E+00
  2.0000E+01  4.0000E+00  0.0000E+00  1.2060E+00  0.0000E+00  0.0000E+00  1.0000E+00  0.0000E+00  6.2335E-01  5.5091E+00  6.2966E+01  1.1493E+00  2.8882E-01  0.0000E+00  1.2060E+00  1.6400E+00  0.0000E+00  0.0000E+00
  2.0000E+01  8.0000E+00  0.0000E+00  8.6800E-01  0.0000E+00  0.0000E+00  1.0000E+00  0.0000E+00  6.2335E-01  5.5091E+00  6.2966E+01  9.0486E-01 -2.0819E-01  0.0000E+00  8.6800E-01  1.2926E+00  0.0000E+00  0.0000E+00
  2.0000E+01  1.2000E+01  0.0000E+00  6.6600E-01  0.0000E+00  0.0000E+00  1.0000E+00  0.0000E+00  6.2335E-01  5.5091E+00  6.2966E+01  6.4551E-01  1.2820E-01  0.0000E+00  6.6600E-01  1.0037E+00  0.0000E+00  0.0000E+00
  2.0000E+01  2.4000E+01  0.0000E+00  2.5000E-01  0.0000E+00  0.0000E+00  1.0000E+00  1.0000E+00  6.2335E-01  5.5091E+00  6.2966E+01  2.2627E-01  1.6665E-01  0.0000E+00  2.5000E-01  5.8002E-01  0.0000E+00  0.0000E+00
  2.0000E+01  1.6800E+02  1.0000E+02  0.0000E+00  1.0000E+00  1.0000E+00  2.0000E+00  0.0000E+00  6.2335E-01  5.5091E+00  6.2966E+01  7.6384E-07 -5.4655E-06  0.0000E+00  0.0000E+00  5.1620E-05  0.0000E+00  0.0000E+00
  2.0000E+01  1.6850E+02  0.0000E+00  2.5000E-01  0.0000E+00  0.0000E+00  2.0000E+00  1.0000E+00  6.2335E-01  5.5091E+00  6.2966E+01  4.1563E-01 -1.1161E+00  0.0000E+00  2.5000E-01  2.2616E-02  0.0000E+00  0.0000E+00
  2.0000E+01  1.6900E+02  0.0000E+00  6.5100E-01  0.0000E+00  0.0000E+00  2.0000E+00  0.0000E+00  6.2335E-01  5.5091E+00  6.2966E+01  7.0218E-01 -3.1353E-01  0.0000E+00  6.5100E-01  1.3057E+00  0.0000E+00  0.0000E+00
  2.0000E+01  1.7000E+02  0.0000E+00  8.4600E-01  0.0000E+00  0.0000E+00  2.0000E+00  0.0000E+00  6.2335E-01  5.5091E+00  6.2966E+01  1.0198E+00 -9.3533E-01  0.0000E+00  8.4600E-01  1.6566E+00  0.0000E+00  0.0000E+00
  2.0000E+01  1.7200E+02  0.0000E+00  1.2760E+00  0.0000E+00  0.0000E+00  2.0000E+00  0.0000E+00  6.2335E-01  5.5091E+00  6.2966E+01  1.1493E+00  6.4515E-01  0.0000E+00  1.2760E+00  1.6401E+00  0.0000E+00  0.0000E+00
  2.0000E+01  1.7600E+02  0.0000E+00  1.0090E+00  0.0000E+00  0.0000E+00  2.0000E+00  0.0000E+00  6.2335E-01  5.5091E+00  6.2966E+01  9.0486E-01  5.8820E-01  0.0000E+00  1.0090E+00  1.2927E+00  0.0000E+00  0.0000E+00
  2.0000E+01  1.8000E+02  0.0000E+00  6.8900E-01  0.0000E+00  0.0000E+00  2.0000E+00  0.0000E+00  6.2335E-01  5.5091E+00  6.2966E+01  6.4551E-01  2.7211E-01  0.0000E+00  6.8900E-01  1.0037E+00  0.0000E+00  0.0000E+00
  2.0000E+01  1.9200E+02  0.0000E+00  2.5000E-01  0.0000E+00  0.0000E+00  2.0000E+00  1.0000E+00  6.2335E-01  5.5091E+00  6.2966E+01  2.2627E-01  1.6665E-01  0.0000E+00  2.5000E-01  5.7999E-01  0.0000E+00  0.0000E+00
  2.0000E+01  3.3600E+02  1.0000E+02  0.0000E+00  1.0000E+00  1.0000E+00  3.0000E+00  0.0000E+00  6.2335E-01  5.5091E+00  6.2966E+01  7.6384E-07 -5.4655E-06  0.0000E+00  0.0000E+00  5.1621E-05  0.0000E+00  0.0000E+00
  2.0000E+01  3.3650E+02  0.0000E+00  2.5000E-01  0.0000E+00  0.0000E+00  3.0000E+00  1.0000E+00  6.2335E-01  5.5091E+00  6.2966E+01  4.1563E-01 -1.1161E+00  0.0000E+00  2.5000E-01  2.2616E-02  0.0000E+00  0.0000E+00
  2.0000E+01  3.3700E+02  0.0000E+00  2.5000E-01  0.0000E+00  0.0000E+00  3.0000E+00  1.0000E+00  6.2335E-01  5.5091E+00  6.2966E+01  7.0218E-01 -2.7701E+00  0.0000E+00  2.5000E-01  6.2716E-05  0.0000E+00  0.0000E+00
  2.0000E+01  3.3800E+02  0.0000E+00  2.5000E-01  0.0000E+00  0.0000E+00  3.0000E+00  1.0000E+00  6.2335E-01  5.5091E+00  6.2966E+01  1.0198E+00 -4.1423E+00  0.0000E+00  2.5000E-01  9.8653E-07  0.0000E+00  0.0000E+00
  2.0000E+01  3.4000E+02  0.0000E+00  8.1500E-01  0.0000E+00  0.0000E+00  3.0000E+00  0.0000E+00  6.2335E-01  5.5091E+00  6.2966E+01  1.1493E+00 -1.7016E+00  0.0000E+00  8.1500E-01  1.6401E+00  0.0000E+00  0.0000E+00
  2.0000E+01  3.4400E+02  0.0000E+00  8.8600E-01  0.0000E+00  0.0000E+00  3.0000E+00  0.0000E+00  6.2335E-01  5.5091E+00  6.2966E+01  9.0486E-01 -1.0653E-01  0.0000E+00  8.8600E-01  1.2927E+00  0.0000E+00  0.0000E+00
  2.0000E+01  3.4800E+02  0.0000E+00  6.1300E-01  0.0000E+00  0.0000E+00  3.0000E+00  0.0000E+00  6.2335E-01  5.5091E+00  6.2966E+01  6.4551E-01 -2.0341E-01  0.0000E+00  6.1300E-01  1.0037E+00  0.0000E+00  0.0000E+00
  2.0000E+01  3.6000E+02  0.0000E+00  2.5000E-01  0.0000E+00  0.0000E+00  3.0000E+00  1.0000E+00  6.2335E-01  5.5091E+00  6.2966E+01  2.2627E-01  1.6665E-01  0.0000E+00  2.5000E-01  5.7999E-01  0.0000E+00  0.0000E+00
  2.1000E+01  0.0000E+00  1.0000E+02  0.0000E+00  1.0000E+00  1.0000E+00  1.0000E+00  0.0000E+00  6.7639E-01  1.6630E+00  5.3350E+01  0.0000E+00  0.0000E+00  0.0000E+00  0.0000E+00  0.0000E+00  0.0000E+00  0.0000E+00
  2.1000E+01  5.0000E-01  0.0000E+00  6.8400E-01  0.0000E+00  0.0000E+00  1.0000E+00  0.0000E+00  6.7639E-01  1.6630E+00  5.3350E+01  5.3345E-01  9.7921E-01  0.0000E+00  6.8400E-01  8.4598E-01  0.0000E+00  0.0000E+00
  2.1000E+01  1.0000E+00  0.0000E+00  8.5700E-01  0.0000E+00  0.0000E+00  1.0000E+00  0.0000E+00  6.7639E-01  1.6630E+00  5.3350E+01  9.0558E-01 -2.7430E-01  0.0000E+00  8.5700E-01  1.3057E+00  0.0000E+00  0.0000E+00
  2.1000E+01  2.0000E+00  0.0000E+00  1.4780E+00  0.0000E+00  0.0000E+00  1.0000E+00  0.0000E+00  6.7639E-01  1.6630E+00  5.3350E+01  1.3382E+00  6.5620E-01  0.0000E+00  1.4780E+00  1.6565E+00  0.0000E+00  0.0000E+00
  2.1000E+01  4.0000E+00  0.0000E+00  1.5990E+00  0.0000E+00  0.0000E+00  1.0000E+00  0.0000E+00  6.7639E-01  1.6630E+00  5.3350E+01  1.6033E+00 -1.8071E-02  0.0000E+00  1.5990E+00  1.6400E+00  0.0000E+00  0.0000E+00
  2.1000E+01  8.0000E+00  0.0000E+00  1.2650E+00  0.0000E+00  0.0000E+00  1.0000E+00  0.0000E+00  6.7639E-01  1.6630E+00  5.3350E+01  1.5225E+00 -1.1188E+00  0.0000E+00  1.2650E+00  1.2926E+00  0.0000E+00  0.0000E+00
  2.1000E+01  1.2000E+01  0.0000E+00  1.1390E+00  0.0000E+00  0.0000E+00  1.0000E+00  0.0000E+00  6.7639E-01  1.6630E+00  5.3350E+01  1.3512E+00 -9.9069E-01  0.0000E+00  1.1390E+00  1.0037E+00  0.0000E+00  0.0000E+00
  2.1000E+01  2.4000E+01  0.0000E+00  9.5600E-01  0.0000E+00  0.0000E+00  1.0000E+00  0.0000E+00  6.7639E-01  1.6630E+00  5.3350E+01  9.2994E-01  1.4567E-01  0.0000E+00  9.5600E-01  4.6957E-01  0.0000E+00  0.0000E+00
  2.1000E+01  1.6800E+02  1.0000E+02  0.0000E+00  1.0000E+00  1.0000E+00  2.0000E+00  0.0000E+00  6.7639E-01  1.6630E+00  5.3350E+01  1.0448E-02 -7.4757E-02  0.0000E+00  0.0000E+00  5.1620E-05  0.0000E+00  0.0000E+00
  2.1000E+01  1.6850E+02  0.0000E+00  6.1400E-01  0.0000E+00  0.0000E+00  2.0000E+00  0.0000E+00  6.7639E-01  1.6630E+00  5.3350E+01  5.4374E-01  4.5547E-01  0.0000E+00  6.1400E-01  8.4603E-01  0.0000E+00  0.0000E+00
  2.1000E+01  1.6900E+02  0.0000E+00  9.1700E-01  0.0000E+00  0.0000E+00  2.0000E+00  0.0000E+00  6.7639E-01  1.6630E+00  5.3350E+01  9.1571E-01  7.2726E-03  0.0000E+00  9.1700E-01  1.3057E+00  0.0000E+00  0.0000E+00
  2.1000E+01  1.7000E+02  0.0000E+00  1.4940E+00  0.0000E+00  0.0000E+00  2.0000E+00  0.0000E+00  6.7639E-01  1.6630E+00  5.3350E+01  1.3480E+00  6.8238E-01  0.0000E+00  1.4940E+00  1.6566E+00  0.0000E+00  0.0000E+00
  2.1000E+01  1.7200E+02  0.0000E+00  1.6330E+00  0.0000E+00  0.0000E+00  2.0000E+00  0.0000E+00  6.7639E-01  1.6630E+00  5.3350E+01  1.6125E+00  8.5729E-02  0.0000E+00  1.6330E+00  1.6401E+00  0.0000E+00  0.0000E+00
  2.1000E+01  1.7600E+02  0.0000E+00  1.6740E+00  0.0000E+00  0.0000E+00  2.0000E+00  0.0000E+00  6.7639E-01  1.6630E+00  5.3350E+01  1.5306E+00  6.2072E-01  0.0000E+00  1.6740E+00  1.2927E+00  0.0000E+00  0.0000E+00
  2.1000E+01  1.8000E+02  0.0000E+00  1.5590E+00  0.0000E+00  0.0000E+00  2.0000E+00  0.0000E+00  6.7639E-01  1.6630E+00  5.3350E+01  1.3584E+00  9.3384E-01  0.0000E+00  1.5590E+00  1.0037E+00  0.0000E+00  0.0000E+00
  2.1000E+01  1.9200E+02  0.0000E+00  9.3000E-01  0.0000E+00  0.0000E+00  2.0000E+00  0.0000E+00  6.7639E-01  1.6630E+00  5.3350E+01  9.3488E-01 -2.7230E-02  0.0000E+00  9.3000E-01  4.6958E-01  0.0000E+00  0.0000E+00
  2.1000E+01  3.3600E+02  1.0000E+02  0.0000E+00  1.0000E+00  1.0000E+00  3.0000E+00  0.0000E+00  6.7639E-01  1.6630E+00  5.3350E+01  1.0504E-02 -7.5155E-02  0.0000E+00  0.0000E+00  5.1621E-05  0.0000E+00  0.0000E+00
  2.1000E+01  3.3650E+02  0.0000E+00  2.5000E-01  0.0000E+00  0.0000E+00  3.0000E+00  1.0000E+00  6.7639E-01  1.6630E+00  5.3350E+01  5.4379E-01 -1.9044E+00  0.0000E+00  2.5000E-01  2.2616E-02  0.0000E+00  0.0000E+00
  2.1000E+01  3.3700E+02  0.0000E+00  6.5800E-01  0.0000E+00  0.0000E+00  3.0000E+00  0.0000E+00  6.7639E-01  1.6630E+00  5.3350E+01  9.1576E-01 -1.4493E+00  0.0000E+00  6.5800E-01  1.3057E+00  0.0000E+00  0.0000E+00
  2.1000E+01  3.3800E+02  0.0000E+00  1.2820E+00  0.0000E+00  0.0000E+00  3.0000E+00  0.0000E+00  6.7639E-01  1.6630E+00  5.3350E+01  1.3481E+00 -3.0899E-01  0.0000E+00  1.2820E+00  1.6566E+00  0.0000E+00  0.0000E+00
  2.1000E+01  3.4000E+02  0.0000E+00  1.6670E+00  0.0000E+00  0.0000E+00  3.0000E+00  0.0000E+00  6.7639E-01  1.6630E+00  5.3350E+01  1.6126E+00  2.2787E-01  0.0000E+00  1.6670E+00  1.6401E+00  0.0000E+00  0.0000E+00
  2.1000E+01  3.4400E+02  0.0000E+00  1.6470E+00  0.0000E+00  0.0000E+00  3.0000E+00  0.0000E+00  6.7639E-01  1.6630E+00  5.3350E+01  1.5307E+00  5.0362E-01  0.0000E+00  1.6470E+00  1.2927E+00  0.0000E+00  0.0000E+00
  2.1000E+01  3.4800E+02  0.0000E+00  1.3740E+00  0.0000E+00  0.0000E+00  3.0000E+00  0.0000E+00  6.7639E-01  1.6630E+00  5.3350E+01  1.3584E+00  7.2544E-02  0.0000E+00  1.3740E+00  1.0037E+00  0.0000E+00  0.0000E+00
  2.1000E+01  3.6000E+02  0.0000E+00  1.0590E+00  0.0000E+00  0.0000E+00  3.0000E+00  0.0000E+00  6.7639E-01  1.6630E+00  5.3350E+01  9.3491E-01  6.9215E-01  0.0000E+00  1.0590E+00  4.6958E-01  0.0000E+00  0.0000E+00
  2.2000E+01  0.0000E+00  1.0000E+02  0.0000E+00  1.0000E+00  1.0000E+00  1.0000E+00  0.0000E+00  8.8046E-01  5.5515E+00  4.7737E+01  0.0000E+00  0.0000E+00  0.0000E+00  0.0000E+00  0.0000E+00  0.0000E+00  0.0000E+00
  2.2000E+01  5.0000E-01  0.0000E+00  5.9600E-01  0.0000E+00  0.0000E+00  1.0000E+00  0.0000E+00  8.8046E-01  5.5515E+00  4.7737E+01  7.2316E-01 -7.7278E-01  0.0000E+00  5.9600E-01  8.4598E-01  0.0000E+00  0.0000E+00
  2.2000E+01  1.0000E+00  0.0000E+00  9.7700E-01  0.0000E+00  0.0000E+00  1.0000E+00  0.0000E+00  8.8046E-01  5.5515E+00  4.7737E+01  1.1480E+00 -8.7073E-01  0.0000E+00  9.7700E-01  1.3057E+00  0.0000E+00  0.0000E+00
  2.2000E+01  2.0000E+00  0.0000E+00  1.5530E+00  0.0000E+00  0.0000E+00  1.0000E+00  0.0000E+00  8.8046E-01  5.5515E+00  4.7737E+01  1.4979E+00  2.4205E-01  0.0000E+00  1.5530E+00  1.6565E+00  0.0000E+00  0.0000E+00
  2.2000E+01  4.0000E+00  0.0000E+00  1.7210E+00  0.0000E+00  0.0000E+00  1.0000E+00  0.0000E+00  8.8046E-01  5.5515E+00  4.7737E+01  1.4445E+00  1.2411E+00  0.0000E+00  1.7210E+00  1.6400E+00  0.0000E+00  0.0000E+00
  2.2000E+01  8.0000E+00  0.0000E+00  9.3800E-01  0.0000E+00  0.0000E+00  1.0000E+00  0.0000E+00  8.8046E-01  5.5515E+00  4.7737E+01  9.4986E-01 -6.5727E-02  0.0000E+00  9.3800E-01  1.2926E+00  0.0000E+00  0.0000E+00
  2.2000E+01  1.2000E+01  0.0000E+00  6.7000E-01  0.0000E+00  0.0000E+00  1.0000E+00  0.0000E+00  8.8046E-01  5.5515E+00  4.7737E+01  5.9780E-01  4.5951E-01  0.0000E+00  6.7000E-01  1.0037E+00  0.0000E+00  0.0000E+00
  2.2000E+01  2.4000E+01  0.0000E+00  2.5000E-01  0.0000E+00  0.0000E+00  1.0000E+00  1.0000E+00  8.8046E-01  5.5515E+00  4.7737E+01  1.4809E-01  7.2333E-01  0.0000E+00  2.5000E-01  5.8002E-01  0.0000E+00  0.0000E+00
  2.2000E+01  1.6800E+02  1.0000E+02  0.0000E+00  1.0000E+00  1.0000E+00  2.0000E+00  0.0000E+00  8.8046E-01  5.5515E+00  4.7737E+01  7.9030E-09 -5.6549E-08  0.0000E+00  0.0000E+00  5.1620E-05  0.0000E+00  0.0000E+00
  2.2000E+01  1.6850E+02  0.0000E+00  2.5000E-01  0.0000E+00  0.0000E+00  2.0000E+00  1.0000E+00  8.8046E-01  5.5515E+00  4.7737E+01  7.2316E-01 -2.8754E+00  0.0000E+00  2.5000E-01  2.2616E-02  0.0000E+00  0.0000E+00
  2.2000E+01  1.6900E+02  0.0000E+00  1.3120E+00  0.0000E+00  0.0000E+00  2.0000E+00  0.0000E+00  8.8046E-01  5.5515E+00  4.7737E+01  1.1480E+00  8.3558E-01  0.0000E+00  1.3120E+00  1.3057E+00  0.0000E+00  0.0000E+00
  2.2000E+01  1.7000E+02  0.0000E+00  1.4620E+00  0.0000E+00  0.0000E+00  2.0000E+00  0.0000E+00  8.8046E-01  5.5515E+00  4.7737E+01  1.4979E+00 -1.5739E-01  0.0000E+00  1.4620E+00  1.6566E+00  0.0000E+00  0.0000E+00
  2.2000E+01  1.7200E+02  0.0000E+00  1.3570E+00  0.0000E+00  0.0000E+00  2.0000E+00  0.0000E+00  8.8046E-01  5.5515E+00  4.7737E+01  1.4445E+00 -3.9269E-01  0.0000E+00  1.3570E+00  1.6401E+00  0.0000E+00  0.0000E+00
  2.2000E+01  1.7600E+02  0.0000E+00  8.1300E-01  0.0000E+00  0.0000E+00  2.0000E+00  0.0000E+00  8.8046E-01  5.5515E+00  4.7737E+01  9.4986E-01 -7.5857E-01  0.0000E+00  8.1300E-01  1.2927E+00  0.0000E+00  0.0000E+00
  2.2000E+01  1.8000E+02  0.0000E+00  2.5000E-01  0.0000E+00  0.0000E+00  2.0000E+00  1.0000E+00  8.8046E-01  5.5515E+00  4.7737E+01  5.9780E-01 -2.2135E+00  0.0000E+00  2.5000E-01  3.1757E-03  0.0000E+00  0.0000E+00
  2.2000E+01  1.9200E+02  0.0000E+00  2.5000E-01  0.0000E+00  0.0000E+00  2.0000E+00  1.0000E+00  8.8046E-01  5.5515E+00  4.7737E+01  1.4809E-01  7.2333E-01  0.0000E+00  2.5000E-01  5.7999E-01  0.0000E+00  0.0000E+00
  2.2000E+01  3.3600E+02  1.0000E+02  0.0000E+00  1.0000E+00  1.0000E+00  3.0000E+00  0.0000E+00  8.8046E-01  5.5515E+00  4.7737E+01  7.9030E-09 -5.6549E-08  0.0000E+00  0.0000E+00  5.1621E-05  0.0000E+00  0.0000E+00
  2.2000E+01  3.3650E+02  0.0000E+00  8.4800E-01  0.0000E+00  0.0000E+00  3.0000E+00  0.0000E+00  8.8046E-01  5.5515E+00  4.7737E+01  7.2316E-01  7.5864E-01  0.0000E+00  8.4800E-01  8.4603E-01  0.0000E+00  0.0000E+00
  2.2000E+01  3.3700E+02  0.0000E+00  1.4140E+00  0.0000E+00  0.0000E+00  3.0000E+00  0.0000E+00  8.8046E-01  5.5515E+00  4.7737E+01  1.1480E+00  1.3551E+00  0.0000E+00  1.4140E+00  1.3057E+00  0.0000E+00  0.0000E+00
  2.2000E+01  3.3800E+02  0.0000E+00  1.4530E+00  0.0000E+00  0.0000E+00  3.0000E+00  0.0000E+00  8.8046E-01  5.5515E+00  4.7737E+01  1.4979E+00 -1.9689E-01  0.0000E+00  1.4530E+00  1.6566E+00  0.0000E+00  0.0000E+00
  2.2000E+01  3.4000E+02  0.0000E+00  1.4940E+00  0.0000E+00  0.0000E+00  3.0000E+00  0.0000E+00  8.8046E-01  5.5515E+00  4.7737E+01  1.4445E+00  2.2223E-01  0.0000E+00  1.4940E+00  1.6401E+00  0.0000E+00  0.0000E+00
  2.2000E+01  3.4400E+02  0.0000E+00  9.7300E-01  0.0000E+00  0.0000E+00  3.0000E+00  0.0000E+00  8.8046E-01  5.5515E+00  4.7737E+01  9.4986E-01  1.2827E-01  0.0000E+00  9.7300E-01  1.2927E+00  0.0000E+00  0.0000E+00
  2.2000E+01  3.4800E+02  0.0000E+00  7.2400E-01  0.0000E+00  0.0000E+00  3.0000E+00  0.0000E+00  8.8046E-01  5.5515E+00  4.7737E+01  5.9780E-01  8.0319E-01  0.0000E+00  7.2400E-01  1.0037E+00  0.0000E+00  0.0000E+00
  2.2000E+01  3.6000E+02  0.0000E+00  2.5000E-01  0.0000E+00  0.0000E+00  3.0000E+00  1.0000E+00  8.8046E-01  5.5515E+00  4.7737E+01  1.4809E-01  7.2333E-01  0.0000E+00  2.5000E-01  5.7999E-01  0.0000E+00  0.0000E+00
  2.3000E+01  0.0000E+00  1.0000E+02  0.0000E+00  1.0000E+00  1.0000E+00  1.0000E+00  0.0000E+00  1.1863E+00  1.3618E+00  5.6020E+01  0.0000E+00  0.0000E+00  0.0000E+00  0.0000E+00  0.0000E+00  0.0000E+00  0.0000E+00
  2.3000E+01  5.0000E-01  0.0000E+00  9.0100E-01  0.0000E+00  0.0000E+00  1.0000E+00  0.0000E+00  1.1863E+00  1.3618E+00  5.6020E+01  7.9335E-01  6.3643E-01  5.7036E-01  9.0100E-01  8.4598E-01  5.5022E-02  4.7345E-01
  2.3000E+01  1.0000E+00  0.0000E+00  1.0730E+00  0.0000E+00  0.0000E+00  1.0000E+00  0.0000E+00  1.1863E+00  1.3618E+00  5.6020E+01  1.2222E+00 -7.3591E-01 -8.8233E-01  1.0730E+00  1.3057E+00 -2.3266E-01 -8.3314E-01
  2.3000E+01  2.0000E+00  0.0000E+00  1.5840E+00  0.0000E+00  0.0000E+00  1.0000E+00  0.0000E+00  1.1863E+00  1.3618E+00  5.6020E+01  1.5660E+00  7.6751E-02 -1.6377E-01  1.5840E+00  1.6565E+00 -7.2533E-02 -3.5164E-02
  2.3000E+01  4.0000E+00  0.0000E+00  1.7470E+00  0.0000E+00  0.0000E+00  1.0000E+00  0.0000E+00  1.1863E+00  1.3618E+00  5.6020E+01  1.6377E+00  4.5285E-01  2.1646E-01  1.7470E+00  1.6400E+00  1.0698E-01  3.4486E-01
  2.3000E+01  8.0000E+00  0.0000E+00  1.6440E+00  0.0000E+00  0.0000E+00  1.0000E+00  0.0000E+00  1.1863E+00  1.3618E+00  5.6020E+01  1.5002E+00  6.3053E-01  5.6985E-01  1.6440E+00  1.2926E+00  3.5138E-01  5.4887E-01
  2.3000E+01  1.2000E+01  0.0000E+00  1.3320E+00  0.0000E+00  0.0000E+00  1.0000E+00  0.0000E+00  1.1863E+00  1.3618E+00  5.6020E+01  1.3613E+00 -1.3631E-01 -2.9592E-02  1.3320E+00  1.0037E+00  3.2830E-01 -2.2558E-01
  2.3000E+01  2.4000E+01  0.0000E+00  1.2860E+00  0.0000E+00  0.0000E+00  1.0000E+00  0.0000E+00  1.1863E+00  1.3618E+00  5.6020E+01  1.0169E+00  1.4499E+00  1.9155E+00  1.2860E+00  4.6957E-01  8.1643E-01  2.4131E+00
  2.3000E+01  1.6800E+02  1.0000E+02  0.0000E+00  1.0000E+00  1.0000E+00  2.0000E+00  0.0000E+00  1.1863E+00  1.3618E+00  5.6020E+01  3.0688E-02 -2.1951E-01  0.0000E+00  0.0000E+00  5.1620E-05  0.0000E+00  0.0000E+00
  2.3000E+01  1.6850E+02  0.0000E+00  1.0340E+00  0.0000E+00  0.0000E+00  2.0000E+00  0.0000E+00  1.1863E+00  1.3618E+00  5.6020E+01  8.2366E-01  1.2284E+00  1.3191E+00  1.0340E+00  8.4603E-01  1.8797E-01  1.2345E+00
  2.3000E+01  1.6900E+02  0.0000E+00  1.0440E+00  0.0000E+00  0.0000E+00  2.0000E+00  0.0000E+00  1.1863E+00  1.3618E+00  5.6020E+01  1.2521E+00 -1.0136E+00 -1.0117E+00  1.0440E+00  1.3057E+00 -2.6170E-01 -9.7128E-01
  2.3000E+01  1.7000E+02  0.0000E+00  1.8890E+00  0.0000E+00  0.0000E+00  2.0000E+00  0.0000E+00  1.1863E+00  1.3618E+00  5.6020E+01  1.5952E+00  1.2386E+00  1.1382E+00  1.8890E+00  1.6566E+00  2.3242E-01  1.2056E+00
  2.3000E+01  1.7200E+02  0.0000E+00  1.6700E+00  0.0000E+00  0.0000E+00  2.0000E+00  0.0000E+00  1.1863E+00  1.3618E+00  5.6020E+01  1.6656E+00  1.8164E-02 -8.4154E-02  1.6700E+00  1.6401E+00  2.9940E-02  2.7170E-02
  2.3000E+01  1.7600E+02  0.0000E+00  1.6000E+00  0.0000E+00  0.0000E+00  2.0000E+00  0.0000E+00  1.1863E+00  1.3618E+00  5.6020E+01  1.5255E+00  3.2339E-01  3.8902E-01  1.6000E+00  1.2927E+00  3.0735E-01  3.3940E-01
  2.3000E+01  1.8000E+02  0.0000E+00  1.2530E+00  0.0000E+00  0.0000E+00  2.0000E+00  0.0000E+00  1.1863E+00  1.3618E+00  5.6020E+01  1.3842E+00 -6.0424E-01 -3.7857E-01  1.2530E+00  1.0037E+00  2.4928E-01 -6.4842E-01
  2.3000E+01  1.9200E+02  0.0000E+00  1.0420E+00  0.0000E+00  0.0000E+00  2.0000E+00  0.0000E+00  1.1863E+00  1.3618E+00  5.6020E+01  1.0340E+00  4.2773E-02  6.0689E-01  1.0420E+00  4.6958E-01  5.7242E-01  8.0457E-01
  2.3000E+01  3.3600E+02  1.0000E+02  0.0000E+00  1.0000E+00  1.0000E+00  3.0000E+00  0.0000E+00  1.1863E+00  1.3618E+00  5.6020E+01  3.1205E-02 -2.2320E-01  0.0000E+00  0.0000E+00  5.1621E-05  0.0000E+00  0.0000E+00
  2.3000E+01  3.3650E+02  0.0000E+00  7.6900E-01  0.0000E+00  0.0000E+00  3.0000E+00  0.0000E+00  1.1863E+00  1.3618E+00  5.6020E+01  8.2417E-01 -3.2215E-01 -2.2602E-01  7.6900E-01  8.4603E-01 -7.7028E-02 -2.8686E-01
  2.3000E+01  3.3700E+02  0.0000E+00  1.2090E+00  0.0000E+00  0.0000E+00  3.0000E+00  0.0000E+00  1.1863E+00  1.3618E+00  5.6020E+01  1.2526E+00 -2.1240E-01 -2.0535E-01  1.2090E+00  1.3057E+00 -9.6704E-02 -1.9612E-01
  2.3000E+01  3.3800E+02  0.0000E+00  1.6280E+00  0.0000E+00  0.0000E+00  3.0000E+00  0.0000E+00  1.1863E+00  1.3618E+00  5.6020E+01  1.5957E+00  1.3600E-01  4.0387E-02  1.6280E+00  1.6566E+00 -2.8578E-02  1.4253E-01
  2.3000E+01  3.4000E+02  0.0000E+00  1.3160E+00  0.0000E+00  0.0000E+00  3.0000E+00  0.0000E+00  1.1863E+00  1.3618E+00  5.6020E+01  1.6660E+00 -1.4340E+00 -1.5318E+00  1.3160E+00  1.6401E+00 -3.2406E-01 -1.4270E+00
  2.3000E+01  3.4400E+02  0.0000E+00  1.2550E+00  0.0000E+00  0.0000E+00  3.0000E+00  0.0000E+00  1.1863E+00  1.3618E+00  5.6020E+01  1.5259E+00 -1.1753E+00 -1.1054E+00  1.2550E+00  1.2927E+00 -3.7651E-02 -1.2929E+00
  2.3000E+01  3.4800E+02  0.0000E+00  1.4580E+00  0.0000E+00  0.0000E+00  3.0000E+00  0.0000E+00  1.1863E+00  1.3618E+00  5.6020E+01  1.3846E+00  3.3773E-01  5.6737E-01  1.4580E+00  1.0037E+00  4.5428E-01  4.4579E-01
  2.3000E+01  3.6000E+02  0.0000E+00  1.0760E+00  0.0000E+00  0.0000E+00  3.0000E+00  0.0000E+00  1.1863E+00  1.3618E+00  5.6020E+01  1.0343E+00  2.2305E-01  7.9036E-01  1.0760E+00  4.6958E-01  6.0642E-01  1.0286E+00
  2.4000E+01  0.0000E+00  1.0000E+02  0.0000E+00  1.0000E+00  1.0000E+00  1.0000E+00  0.0000E+00  1.0505E+00  3.2258E+00  7.8044E+01  0.0000E+00  0.0000E+00  0.0000E+00  0.0000E+00  0.0000E+00  0.0000E+00  0.0000E+00
  2.4000E+01  5.0000E-01  0.0000E+00  5.6900E-01  0.0000E+00  0.0000E+00  1.0000E+00  0.0000E+00  1.0505E+00  3.2258E+00  7.8044E+01  5.1771E-01  3.3533E-01  0.0000E+00  5.6900E-01  8.4598E-01  0.0000E+00  0.0000E+00
  2.4000E+01  1.0000E+00  0.0000E+00  1.0270E+00  0.0000E+00  0.0000E+00  1.0000E+00  0.0000E+00  1.0505E+00  3.2258E+00  7.8044E+01  8.1329E-01  1.2533E+00  0.0000E+00  1.0270E+00  1.3057E+00  0.0000E+00  0.0000E+00
  2.4000E+01  2.0000E+00  0.0000E+00  9.8800E-01  0.0000E+00  0.0000E+00  1.0000E+00  0.0000E+00  1.0505E+00  3.2258E+00  7.8044E+01  1.0648E+00 -4.0547E-01  0.0000E+00  9.8800E-01  1.6565E+00  0.0000E+00  0.0000E+00
  2.4000E+01  4.0000E+00  0.0000E+00  1.0860E+00  0.0000E+00  0.0000E+00  1.0000E+00  0.0000E+00  1.0505E+00  3.2258E+00  7.8044E+01  1.1106E+00 -1.2729E-01  0.0000E+00  1.0860E+00  1.6400E+00  0.0000E+00  0.0000E+00
  2.4000E+01  8.0000E+00  0.0000E+00  8.6400E-01  0.0000E+00  0.0000E+00  1.0000E+00  0.0000E+00  1.0505E+00  3.2258E+00  7.8044E+01  9.5797E-01 -5.1907E-01  0.0000E+00  8.6400E-01  1.2926E+00  0.0000E+00  0.0000E+00
  2.4000E+01  1.2000E+01  0.0000E+00  8.6900E-01  0.0000E+00  0.0000E+00  1.0000E+00  0.0000E+00  1.0505E+00  3.2258E+00  7.8044E+01  8.1223E-01  3.3306E-01  0.0000E+00  8.6900E-01  1.0037E+00  0.0000E+00  0.0000E+00
  2.4000E+01  2.4000E+01  0.0000E+00  2.5000E-01  0.0000E+00  0.0000E+00  1.0000E+00  1.0000E+00  1.0505E+00  3.2258E+00  7.8044E+01  4.9462E-01 -1.6108E+00  0.0000E+00  2.5000E-01  5.8002E-01  0.0000E+00  0.0000E+00
  2.4000E+01  1.6800E+02  1.0000E+02  0.0000E+00  1.0000E+00  1.0000E+00  2.0000E+00  0.0000E+00  1.0505E+00  3.2258E+00  7.8044E+01  1.2862E-03 -9.2033E-03  0.0000E+00  0.0000E+00  5.1620E-05  0.0000E+00  0.0000E+00
  2.4000E+01  1.6850E+02  0.0000E+00  2.5000E-01  0.0000E+00  0.0000E+00  2.0000E+00  1.0000E+00  1.0505E+00  3.2258E+00  7.8044E+01  5.1897E-01 -1.7576E+00  0.0000E+00  2.5000E-01  2.2616E-02  0.0000E+00  0.0000E+00
  2.4000E+01  1.6900E+02  0.0000E+00  9.5900E-01  0.0000E+00  0.0000E+00  2.0000E+00  0.0000E+00  1.0505E+00  3.2258E+00  7.8044E+01  8.1452E-01  8.4687E-01  0.0000E+00  9.5900E-01  1.3057E+00  0.0000E+00  0.0000E+00
  2.4000E+01  1.7000E+02  0.0000E+00  1.0480E+00  0.0000E+00  0.0000E+00  2.0000E+00  0.0000E+00  1.0505E+00  3.2258E+00  7.8044E+01  1.0660E+00 -9.4966E-02  0.0000E+00  1.0480E+00  1.6566E+00  0.0000E+00  0.0000E+00
  2.4000E+01  1.7200E+02  0.0000E+00  8.4400E-01  0.0000E+00  0.0000E+00  2.0000E+00  0.0000E+00  1.0505E+00  3.2258E+00  7.8044E+01  1.1117E+00 -1.3848E+00  0.0000E+00  8.4400E-01  1.6401E+00  0.0000E+00  0.0000E+00
  2.4000E+01  1.7600E+02  0.0000E+00  7.8700E-01  0.0000E+00  0.0000E+00  2.0000E+00  0.0000E+00  1.0505E+00  3.2258E+00  7.8044E+01  9.5889E-01 -9.4914E-01  0.0000E+00  7.8700E-01  1.2927E+00  0.0000E+00  0.0000E+00
  2.4000E+01  1.8000E+02  0.0000E+00  6.8800E-01  0.0000E+00  0.0000E+00  2.0000E+00  0.0000E+00  1.0505E+00  3.2258E+00  7.8044E+01  8.1302E-01 -7.3324E-01  0.0000E+00  6.8800E-01  1.0037E+00  0.0000E+00  0.0000E+00
  2.4000E+01  1.9200E+02  0.0000E+00  5.1700E-01  0.0000E+00  0.0000E+00  2.0000E+00  0.0000E+00  1.0505E+00  3.2258E+00  7.8044E+01  4.9510E-01  1.4422E-01  0.0000E+00  5.1700E-01  4.6958E-01  0.0000E+00  0.0000E+00
  2.4000E+01  3.3600E+02  1.0000E+02  0.0000E+00  1.0000E+00  1.0000E+00  3.0000E+00  0.0000E+00  1.0505E+00  3.2258E+00  7.8044E+01  1.2875E-03 -9.2122E-03  0.0000E+00  0.0000E+00  5.1621E-05  0.0000E+00  0.0000E+00
  2.4000E+01  3.3650E+02  0.0000E+00  2.5000E-01  0.0000E+00  0.0000E+00  3.0000E+00  1.0000E+00  1.0505E+00  3.2258E+00  7.8044E+01  5.1897E-01 -1.7576E+00  0.0000E+00  2.5000E-01  2.2616E-02  0.0000E+00  0.0000E+00
  2.4000E+01  3.3700E+02  0.0000E+00  7.9000E-01  0.0000E+00  0.0000E+00  3.0000E+00  0.0000E+00  1.0505E+00  3.2258E+00  7.8044E+01  8.1453E-01 -1.4376E-01  0.0000E+00  7.9000E-01  1.3057E+00  0.0000E+00  0.0000E+00
  2.4000E+01  3.3800E+02  0.0000E+00  1.0340E+00  0.0000E+00  0.0000E+00  3.0000E+00  0.0000E+00  1.0505E+00  3.2258E+00  7.8044E+01  1.0660E+00 -1.6883E-01  0.0000E+00  1.0340E+00  1.6566E+00  0.0000E+00  0.0000E+00
  2.4000E+01  3.4000E+02  0.0000E+00  1.0870E+00  0.0000E+00  0.0000E+00  3.0000E+00  0.0000E+00  1.0505E+00  3.2258E+00  7.8044E+01  1.1117E+00 -1.2770E-01  0.0000E+00  1.0870E+00  1.6401E+00  0.0000E+00  0.0000E+00
  2.4000E+01  3.4400E+02  0.0000E+00  1.1030E+00  0.0000E+00  0.0000E+00  3.0000E+00  0.0000E+00  1.0505E+00  3.2258E+00  7.8044E+01  9.5889E-01  7.9570E-01  0.0000E+00  1.1030E+00  1.2927E+00  0.0000E+00  0.0000E+00
  2.4000E+01  3.4800E+02  0.0000E+00  8.4000E-01  0.0000E+00  0.0000E+00  3.0000E+00  0.0000E+00  1.0505E+00  3.2258E+00  7.8044E+01  8.1302E-01  1.5826E-01  0.0000E+00  8.4000E-01  1.0037E+00  0.0000E+00  0.0000E+00
  2.4000E+01  3.6000E+02  0.0000E+00  7.5400E-01  0.0000E+00  0.0000E+00  3.0000E+00  0.0000E+00  1.0505E+00  3.2258E+00  7.8044E+01  4.9510E-01  1.7046E+00  0.0000E+00  7.5400E-01  4.6958E-01  0.0000E+00  0.0000E+00
  2.5000E+01  0.0000E+00  1.0000E+02  0.0000E+00  1.0000E+00  1.0000E+00  1.0000E+00  0.0000E+00  8.8018E-01  5.4611E+00  4.6204E+01  0.0000E+00  0.0000E+00  0.0000E+00  0.0000E+00  0.0000E+00  0.0000E+00  0.0000E+00
  2.5000E+01  5.0000E-01  0.0000E+00  5.6300E-01  0.0000E+00  0.0000E+00  1.0000E+00  0.0000E+00  8.8018E-01  5.4611E+00  4.6204E+01  7.4659E-01 -1.1056E+00  0.0000E+00  5.6300E-01  8.4598E-01  0.0000E+00  0.0000E+00
  2.5000E+01  1.0000E+00  0.0000E+00  1.2360E+00  0.0000E+00  0.0000E+00  1.0000E+00  0.0000E+00  8.8018E-01  5.4611E+00  4.6204E+01  1.1845E+00  2.5801E-01  0.0000E+00  1.2360E+00  1.3057E+00  0.0000E+00  0.0000E+00
  2.5000E+01  2.0000E+00  0.0000E+00  1.5150E+00  0.0000E+00  0.0000E+00  1.0000E+00  0.0000E+00  8.8018E-01  5.4611E+00  4.6204E+01  1.5437E+00 -1.2374E-01  0.0000E+00  1.5150E+00  1.6565E+00  0.0000E+00  0.0000E+00
  2.5000E+01  4.0000E+00  0.0000E+00  1.2270E+00  0.0000E+00  0.0000E+00  1.0000E+00  0.0000E+00  8.8018E-01  5.4611E+00  4.6204E+01  1.4842E+00 -1.1355E+00  0.0000E+00  1.2270E+00  1.6400E+00  0.0000E+00  0.0000E+00
  2.5000E+01  8.0000E+00  0.0000E+00  1.0050E+00  0.0000E+00  0.0000E+00  1.0000E+00  0.0000E+00  8.8018E-01  5.4611E+00  4.6204E+01  9.6898E-01  1.9807E-01  0.0000E+00  1.0050E+00  1.2926E+00  0.0000E+00  0.0000E+00
  2.5000E+01  1.2000E+01  0.0000E+00  6.3800E-01  0.0000E+00  0.0000E+00  1.0000E+00  0.0000E+00  8.8018E-01  5.4611E+00  4.6204E+01  6.0523E-01  2.0801E-01  0.0000E+00  6.3800E-01  1.0037E+00  0.0000E+00  0.0000E+00
  2.5000E+01  2.4000E+01  0.0000E+00  2.5000E-01  0.0000E+00  0.0000E+00  1.0000E+00  1.0000E+00  8.8018E-01  5.4611E+00  4.6204E+01  1.4655E-01  7.3439E-01  0.0000E+00  2.5000E-01  5.8002E-01  0.0000E+00  0.0000E+00
  2.5000E+01  1.6800E+02  1.0000E+02  0.0000E+00  1.0000E+00  1.0000E+00  2.0000E+00  0.0000E+00  8.8018E-01  5.4611E+00  4.6204E+01  5.9471E-09 -4.2553E-08  0.0000E+00  0.0000E+00  5.1620E-05  0.0000E+00  0.0000E+00
  2.5000E+01  1.6850E+02  0.0000E+00  9.3100E-01  0.0000E+00  0.0000E+00  2.0000E+00  0.0000E+00  8.8018E-01  5.4611E+00  4.6204E+01  7.4659E-01  1.1105E+00  0.0000E+00  9.3100E-01  8.4603E-01  0.0000E+00  0.0000E+00
  2.5000E+01  1.6900E+02  0.0000E+00  1.2430E+00  0.0000E+00  0.0000E+00  2.0000E+00  0.0000E+00  8.8018E-01  5.4611E+00  4.6204E+01  1.1845E+00  2.9311E-01  0.0000E+00  1.2430E+00  1.3057E+00  0.0000E+00  0.0000E+00
  2.5000E+01  1.7000E+02  0.0000E+00  1.6630E+00  0.0000E+00  0.0000E+00  2.0000E+00  0.0000E+00  8.8018E-01  5.4611E+00  4.6204E+01  1.5437E+00  5.1364E-01  0.0000E+00  1.6630E+00  1.6566E+00  0.0000E+00  0.0000E+00
  2.5000E+01  1.7200E+02  0.0000E+00  1.7110E+00  0.0000E+00  0.0000E+00  2.0000E+00  0.0000E+00  8.8018E-01  5.4611E+00  4.6204E+01  1.4842E+00  1.0010E+00  0.0000E+00  1.7110E+00  1.6401E+00  0.0000E+00  0.0000E+00
  2.5000E+01  1.7600E+02  0.0000E+00  8.9400E-01  0.0000E+00  0.0000E+00  2.0000E+00  0.0000E+00  8.8018E-01  5.4611E+00  4.6204E+01  9.6898E-01 -4.1224E-01  0.0000E+00  8.9400E-01  1.2927E+00  0.0000E+00  0.0000E+00
  2.5000E+01  1.8000E+02  0.0000E+00  2.5000E-01  0.0000E+00  0.0000E+00  2.0000E+00  1.0000E+00  8.8018E-01  5.4611E+00  4.6204E+01  6.0523E-01 -2.2549E+00  0.0000E+00  2.5000E-01  3.1757E-03  0.0000E+00  0.0000E+00
  2.5000E+01  1.9200E+02  0.0000E+00  2.5000E-01  0.0000E+00  0.0000E+00  2.0000E+00  1.0000E+00  8.8018E-01  5.4611E+00  4.6204E+01  1.4655E-01  7.3439E-01  0.0000E+00  2.5000E-01  5.7999E-01  0.0000E+00  0.0000E+00
  2.5000E+01  3.3600E+02  1.0000E+02  0.0000E+00  1.0000E+00  1.0000E+00  3.0000E+00  0.0000E+00  8.8018E-01  5.4611E+00  4.6204E+01  5.9471E-09 -4.2553E-08  0.0000E+00  0.0000E+00  5.1621E-05  0.0000E+00  0.0000E+00
  2.5000E+01  3.3650E+02  0.0000E+00  2.5000E-01  0.0000E+00  0.0000E+00  3.0000E+00  1.0000E+00  8.8018E-01  5.4611E+00  4.6204E+01  7.4659E-01 -2.9905E+00  0.0000E+00  2.5000E-01  2.2616E-02  0.0000E+00  0.0000E+00
  2.5000E+01  3.3700E+02  0.0000E+00  1.1960E+00  0.0000E+00  0.0000E+00  3.0000E+00  0.0000E+00  8.8018E-01  5.4611E+00  4.6204E+01  1.1845E+00  5.7449E-02  0.0000E+00  1.1960E+00  1.3057E+00  0.0000E+00  0.0000E+00
  2.5000E+01  3.3800E+02  0.0000E+00  1.7960E+00  0.0000E+00  0.0000E+00  3.0000E+00  0.0000E+00  8.8018E-01  5.4611E+00  4.6204E+01  1.5437E+00  1.0864E+00  0.0000E+00  1.7960E+00  1.6566E+00  0.0000E+00  0.0000E+00
  2.5000E+01  3.4000E+02  0.0000E+00  1.5480E+00  0.0000E+00  0.0000E+00  3.0000E+00  0.0000E+00  8.8018E-01  5.4611E+00  4.6204E+01  1.4842E+00  2.8150E-01  0.0000E+00  1.5480E+00  1.6401E+00  0.0000E+00  0.0000E+00
  2.5000E+01  3.4400E+02  0.0000E+00  9.2900E-01  0.0000E+00  0.0000E+00  3.0000E+00  0.0000E+00  8.8018E-01  5.4611E+00  4.6204E+01  9.6898E-01 -2.1980E-01  0.0000E+00  9.2900E-01  1.2927E+00  0.0000E+00  0.0000E+00
  2.5000E+01  3.4800E+02  0.0000E+00  7.6600E-01  0.0000E+00  0.0000E+00  3.0000E+00  0.0000E+00  8.8018E-01  5.4611E+00  4.6204E+01  6.0523E-01  1.0205E+00  0.0000E+00  7.6600E-01  1.0037E+00  0.0000E+00  0.0000E+00
  2.5000E+01  3.6000E+02  0.0000E+00  2.5000E-01  0.0000E+00  0.0000E+00  3.0000E+00  1.0000E+00  8.8018E-01  5.4611E+00  4.6204E+01  1.4655E-01  7.3439E-01  0.0000E+00  2.5000E-01  5.7999E-01  0.0000E+00  0.0000E+00
  2.6000E+01  0.0000E+00  1.0000E+02  0.0000E+00  1.0000E+00  1.0000E+00  1.0000E+00  0.0000E+00  9.6115E-01  2.7900E+00  3.5222E+01  0.0000E+00  0.0000E+00  0.0000E+00  0.0000E+00  0.0000E+00  0.0000E+00  0.0000E+00
  2.6000E+01  5.0000E-01  0.0000E+00  9.6500E-01  0.0000E+00  0.0000E+00  1.0000E+00  0.0000E+00  9.6115E-01  2.7900E+00  3.5222E+01  1.0605E+00 -5.0494E-01  0.0000E+00  9.6500E-01  8.4598E-01  0.0000E+00  0.0000E+00
  2.6000E+01  1.0000E+00  0.0000E+00  1.6160E+00  0.0000E+00  0.0000E+00  1.0000E+00  0.0000E+00  9.6115E-01  2.7900E+00  3.5222E+01  1.6751E+00 -2.4138E-01  0.0000E+00  1.6160E+00  1.3057E+00  0.0000E+00  0.0000E+00
  2.6000E+01  2.0000E+00  0.0000E+00  2.8260E+00  0.0000E+00  0.0000E+00  1.0000E+00  0.0000E+00  9.6115E-01  2.7900E+00  3.5222E+01  2.1882E+00  2.1424E+00  0.0000E+00  2.8260E+00  1.6565E+00  0.0000E+00  0.0000E+00
  2.6000E+01  4.0000E+00  0.0000E+00  2.3860E+00  0.0000E+00  0.0000E+00  1.0000E+00  0.0000E+00  9.6115E-01  2.7900E+00  3.5222E+01  2.1877E+00  6.6625E-01  0.0000E+00  2.3860E+00  1.6400E+00  0.0000E+00  0.0000E+00
  2.6000E+01  8.0000E+00  0.0000E+00  1.9150E+00  0.0000E+00  0.0000E+00  1.0000E+00  0.0000E+00  9.6115E-01  2.7900E+00  3.5222E+01  1.6404E+00  1.1366E+00  0.0000E+00  1.9150E+00  1.2926E+00  0.0000E+00  0.0000E+00
  2.6000E+01  1.2000E+01  0.0000E+00  1.5040E+00  0.0000E+00  0.0000E+00  1.0000E+00  0.0000E+00  9.6115E-01  2.7900E+00  3.5222E+01  1.1960E+00  1.5369E+00  0.0000E+00  1.5040E+00  1.0037E+00  0.0000E+00  0.0000E+00
  2.6000E+01  2.4000E+01  0.0000E+00  5.7300E-01  0.0000E+00  0.0000E+00  1.0000E+00  0.0000E+00  9.6115E-01  2.7900E+00  3.5222E+01  4.6229E-01  7.3616E-01  0.0000E+00  5.7300E-01  4.6957E-01  0.0000E+00  0.0000E+00
  2.6000E+01  1.6800E+02  1.0000E+02  0.0000E+00  1.0000E+00  1.0000E+00  2.0000E+00  0.0000E+00  9.6115E-01  2.7900E+00  3.5222E+01  5.1428E-06 -3.6798E-05  0.0000E+00  0.0000E+00  5.1620E-05  0.0000E+00  0.0000E+00
  2.6000E+01  1.6850E+02  0.0000E+00  1.1740E+00  0.0000E+00  0.0000E+00  2.0000E+00  0.0000E+00  9.6115E-01  2.7900E+00  3.5222E+01  1.0605E+00  6.0027E-01  0.0000E+00  1.1740E+00  8.4603E-01  0.0000E+00  0.0000E+00
  2.6000E+01  1.6900E+02  0.0000E+00  1.7730E+00  0.0000E+00  0.0000E+00  2.0000E+00  0.0000E+00  9.6115E-01  2.7900E+00  3.5222E+01  1.6751E+00  3.9944E-01  0.0000E+00  1.7730E+00  1.3057E+00  0.0000E+00  0.0000E+00
  2.6000E+01  1.7000E+02  0.0000E+00  2.3380E+00  0.0000E+00  0.0000E+00  2.0000E+00  0.0000E+00  9.6115E-01  2.7900E+00  3.5222E+01  2.1882E+00  5.0310E-01  0.0000E+00  2.3380E+00  1.6566E+00  0.0000E+00  0.0000E+00
  2.6000E+01  1.7200E+02  0.0000E+00  1.8410E+00  0.0000E+00  0.0000E+00  2.0000E+00  0.0000E+00  9.6115E-01  2.7900E+00  3.5222E+01  2.1877E+00 -1.1649E+00  0.0000E+00  1.8410E+00  1.6401E+00  0.0000E+00  0.0000E+00
  2.6000E+01  1.7600E+02  0.0000E+00  1.8060E+00  0.0000E+00  0.0000E+00  2.0000E+00  0.0000E+00  9.6115E-01  2.7900E+00  3.5222E+01  1.6404E+00  6.8539E-01  0.0000E+00  1.8060E+00  1.2927E+00  0.0000E+00  0.0000E+00
  2.6000E+01  1.8000E+02  0.0000E+00  1.0800E+00  0.0000E+00  0.0000E+00  2.0000E+00  0.0000E+00  9.6115E-01  2.7900E+00  3.5222E+01  1.1960E+00 -5.7858E-01  0.0000E+00  1.0800E+00  1.0037E+00  0.0000E+00  0.0000E+00
  2.6000E+01  1.9200E+02  0.0000E+00  2.5000E-01  0.0000E+00  0.0000E+00  2.0000E+00  1.0000E+00  9.6115E-01  2.7900E+00  3.5222E+01  4.6229E-01 -1.4117E+00  0.0000E+00  2.5000E-01  5.7999E-01  0.0000E+00  0.0000E+00
  2.6000E+01  3.3600E+02  1.0000E+02  0.0000E+00  1.0000E+00  1.0000E+00  3.0000E+00  0.0000E+00  9.6115E-01  2.7900E+00  3.5222E+01  5.1428E-06 -3.6798E-05  0.0000E+00  0.0000E+00  5.1621E-05  0.0000E+00  0.0000E+00
  2.6000E+01  3.3650E+02  0.0000E+00  9.1700E-01  0.0000E+00  0.0000E+00  3.0000E+00  0.0000E+00  9.6115E-01  2.7900E+00  3.5222E+01  1.0605E+00 -7.5880E-01  0.0000E+00  9.1700E-01  8.4603E-01  0.0000E+00  0.0000E+00
  2.6000E+01  3.3700E+02  0.0000E+00  1.5070E+00  0.0000E+00  0.0000E+00  3.0000E+00  0.0000E+00  9.6115E-01  2.7900E+00  3.5222E+01  1.6751E+00 -6.8632E-01  0.0000E+00  1.5070E+00  1.3057E+00  0.0000E+00  0.0000E+00
  2.6000E+01  3.3800E+02  0.0000E+00  2.1800E+00  0.0000E+00  0.0000E+00  3.0000E+00  0.0000E+00  9.6115E-01  2.7900E+00  3.5222E+01  2.1882E+00 -2.7646E-02  0.0000E+00  2.1800E+00  1.6566E+00  0.0000E+00  0.0000E+00
  2.6000E+01  3.4000E+02  0.0000E+00  2.1230E+00  0.0000E+00  0.0000E+00  3.0000E+00  0.0000E+00  9.6115E-01  2.7900E+00  3.5222E+01  2.1877E+00 -2.1739E-01  0.0000E+00  2.1230E+00  1.6401E+00  0.0000E+00  0.0000E+00
  2.6000E+01  3.4400E+02  0.0000E+00  1.5310E+00  0.0000E+00  0.0000E+00  3.0000E+00  0.0000E+00  9.6115E-01  2.7900E+00  3.5222E+01  1.6404E+00 -4.5297E-01  0.0000E+00  1.5310E+00  1.2927E+00  0.0000E+00  0.0000E+00
  2.6000E+01  3.4800E+02  0.0000E+00  9.2400E-01  0.0000E+00  0.0000E+00  3.0000E+00  0.0000E+00  9.6115E-01  2.7900E+00  3.5222E+01  1.1960E+00 -1.3569E+00  0.0000E+00  9.2400E-01  1.0037E+00  0.0000E+00  0.0000E+00
  2.6000E+01  3.6000E+02  0.0000E+00  2.5000E-01  0.0000E+00  0.0000E+00  3.0000E+00  1.0000E+00  9.6115E-01  2.7900E+00  3.5222E+01  4.6229E-01 -1.4117E+00  0.0000E+00  2.5000E-01  5.7999E-01  0.0000E+00  0.0000E+00
  2.7000E+01  0.0000E+00  1.0000E+02  0.0000E+00  1.0000E+00  1.0000E+00  1.0000E+00  0.0000E+00  8.8480E-01  2.8950E+00  5.5733E+01  0.0000E+00  0.0000E+00  0.0000E+00  0.0000E+00  0.0000E+00  0.0000E+00  0.0000E+00
  2.7000E+01  5.0000E-01  0.0000E+00  6.8400E-01  0.0000E+00  0.0000E+00  1.0000E+00  0.0000E+00  8.8480E-01  2.8950E+00  5.5733E+01  6.3261E-01  3.2307E-01  0.0000E+00  6.8400E-01  8.4598E-01  0.0000E+00  0.0000E+00
  2.7000E+01  1.0000E+00  0.0000E+00  9.2700E-01  0.0000E+00  0.0000E+00  1.0000E+00  0.0000E+00  8.8480E-01  2.8950E+00  5.5733E+01  1.0228E+00 -5.1500E-01  0.0000E+00  9.2700E-01  1.3057E+00  0.0000E+00  0.0000E+00
  2.7000E+01  2.0000E+00  0.0000E+00  1.7820E+00  0.0000E+00  0.0000E+00  1.0000E+00  0.0000E+00  8.8480E-01  2.8950E+00  5.5733E+01  1.3933E+00  1.7828E+00  0.0000E+00  1.7820E+00  1.6565E+00  0.0000E+00  0.0000E+00
  2.7000E+01  4.0000E+00  0.0000E+00  1.2500E+00  0.0000E+00  0.0000E+00  1.0000E+00  0.0000E+00  8.8480E-01  2.8950E+00  5.5733E+01  1.4932E+00 -1.0696E+00  0.0000E+00  1.2500E+00  1.6400E+00  0.0000E+00  0.0000E+00
  2.7000E+01  8.0000E+00  0.0000E+00  1.3100E+00  0.0000E+00  0.0000E+00  1.0000E+00  0.0000E+00  8.8480E-01  2.8950E+00  5.5733E+01  1.2564E+00  2.6044E-01  0.0000E+00  1.3100E+00  1.2926E+00  0.0000E+00  0.0000E+00
  2.7000E+01  1.2000E+01  0.0000E+00  1.2250E+00  0.0000E+00  0.0000E+00  1.0000E+00  0.0000E+00  8.8480E-01  2.8950E+00  5.5733E+01  1.0220E+00  1.0915E+00  0.0000E+00  1.2250E+00  1.0037E+00  0.0000E+00  0.0000E+00
  2.7000E+01  2.4000E+01  0.0000E+00  5.1300E-01  0.0000E+00  0.0000E+00  1.0000E+00  0.0000E+00  8.8480E-01  2.8950E+00  5.5733E+01  5.4796E-01 -2.2631E-01  0.0000E+00  5.1300E-01  4.6957E-01  0.0000E+00  0.0000E+00
  2.7000E+01  1.6800E+02  1.0000E+02  0.0000E+00  1.0000E+00  1.0000E+00  2.0000E+00  0.0000E+00  8.8480E-01  2.8950E+00  5.5733E+01  3.0921E-04 -2.2125E-03  0.0000E+00  0.0000E+00  5.1620E-05  0.0000E+00  0.0000E+00
  2.7000E+01  1.6850E+02  0.0000E+00  6.5400E-01  0.0000E+00  0.0000E+00  2.0000E+00  0.0000E+00  8.8480E-01  2.8950E+00  5.5733E+01  6.3291E-01  1.3257E-01  0.0000E+00  6.5400E-01  8.4603E-01  0.0000E+00  0.0000E+00
  2.7000E+01  1.6900E+02  0.0000E+00  9.5300E-01  0.0000E+00  0.0000E+00  2.0000E+00  0.0000E+00  8.8480E-01  2.8950E+00  5.5733E+01  1.0231E+00 -3.7681E-01  0.0000E+00  9.5300E-01  1.3057E+00  0.0000E+00  0.0000E+00
  2.7000E+01  1.7000E+02  0.0000E+00  1.4230E+00  0.0000E+00  0.0000E+00  2.0000E+00  0.0000E+00  8.8480E-01  2.8950E+00  5.5733E+01  1.3936E+00  1.3501E-01  0.0000E+00  1.4230E+00  1.6566E+00  0.0000E+00  0.0000E+00
  2.7000E+01  1.7200E+02  0.0000E+00  1.2510E+00  0.0000E+00  0.0000E+00  2.0000E+00  0.0000E+00  8.8480E-01  2.8950E+00  5.5733E+01  1.4935E+00 -1.0662E+00  0.0000E+00  1.2510E+00  1.6401E+00  0.0000E+00  0.0000E+00
  2.7000E+01  1.7600E+02  0.0000E+00  1.3680E+00  0.0000E+00  0.0000E+00  2.0000E+00  0.0000E+00  8.8480E-01  2.8950E+00  5.5733E+01  1.2566E+00  5.4137E-01  0.0000E+00  1.3680E+00  1.2927E+00  0.0000E+00  0.0000E+00
  2.7000E+01  1.8000E+02  0.0000E+00  8.4400E-01  0.0000E+00  0.0000E+00  2.0000E+00  0.0000E+00  8.8480E-01  2.8950E+00  5.5733E+01  1.0221E+00 -9.5757E-01  0.0000E+00  8.4400E-01  1.0037E+00  0.0000E+00  0.0000E+00
  2.7000E+01  1.9200E+02  0.0000E+00  2.5000E-01  0.0000E+00  0.0000E+00  2.0000E+00  1.0000E+00  8.8480E-01  2.8950E+00  5.5733E+01  5.4805E-01 -1.9293E+00  0.0000E+00  2.5000E-01  5.7999E-01  0.0000E+00  0.0000E+00
  2.7000E+01  3.3600E+02  1.0000E+02  0.0000E+00  1.0000E+00  1.0000E+00  3.0000E+00  0.0000E+00  8.8480E-01  2.8950E+00  5.5733E+01  3.0926E-04 -2.2128E-03  0.0000E+00  0.0000E+00  5.1621E-05  0.0000E+00  0.0000E+00
  2.7000E+01  3.3650E+02  0.0000E+00  6.6900E-01  0.0000E+00  0.0000E+00  3.0000E+00  0.0000E+00  8.8480E-01  2.8950E+00  5.5733E+01  6.3291E-01  2.2686E-01  0.0000E+00  6.6900E-01  8.4603E-01  0.0000E+00  0.0000E+00
  2.7000E+01  3.3700E+02  0.0000E+00  8.9800E-01  0.0000E+00  0.0000E+00  3.0000E+00  0.0000E+00  8.8480E-01  2.8950E+00  5.5733E+01  1.0231E+00 -6.7234E-01  0.0000E+00  8.9800E-01  1.3057E+00  0.0000E+00  0.0000E+00
  2.7000E+01  3.3800E+02  0.0000E+00  1.3820E+00  0.0000E+00  0.0000E+00  3.0000E+00  0.0000E+00  8.8480E-01  2.8950E+00  5.5733E+01  1.3936E+00 -5.3012E-02  0.0000E+00  1.3820E+00  1.6566E+00  0.0000E+00  0.0000E+00
  2.7000E+01  3.4000E+02  0.0000E+00  1.5320E+00  0.0000E+00  0.0000E+00  3.0000E+00  0.0000E+00  8.8480E-01  2.8950E+00  5.5733E+01  1.4935E+00  1.6944E-01  0.0000E+00  1.5320E+00  1.6401E+00  0.0000E+00  0.0000E+00
  2.7000E+01  3.4400E+02  0.0000E+00  1.3550E+00  0.0000E+00  0.0000E+00  3.0000E+00  0.0000E+00  8.8480E-01  2.8950E+00  5.5733E+01  1.2566E+00  4.7818E-01  0.0000E+00  1.3550E+00  1.2927E+00  0.0000E+00  0.0000E+00
  2.7000E+01  3.4800E+02  0.0000E+00  9.7900E-01  0.0000E+00  0.0000E+00  3.0000E+00  0.0000E+00  8.8480E-01  2.8950E+00  5.5733E+01  1.0221E+00 -2.3187E-01  0.0000E+00  9.7900E-01  1.0037E+00  0.0000E+00  0.0000E+00
  2.7000E+01  3.6000E+02  0.0000E+00  7.3800E-01  0.0000E+00  0.0000E+00  3.0000E+00  0.0000E+00  8.8480E-01  2.8950E+00  5.5733E+01  5.4805E-01  1.2296E+00  0.0000E+00  7.3800E-01  4.6958E-01  0.0000E+00  0.0000E+00
  2.8000E+01  0.0000E+00  1.0000E+02  0.0000E+00  1.0000E+00  1.0000E+00  1.0000E+00  0.0000E+00  1.6536E+00  4.2324E+00  4.6804E+01  0.0000E+00  0.0000E+00  0.0000E+00  0.0000E+00  0.0000E+00  0.0000E+00  0.0000E+00
  2.8000E+01  5.0000E-01  0.0000E+00  8.5700E-01  0.0000E+00  0.0000E+00  1.0000E+00  0.0000E+00  1.6536E+00  4.2324E+00  4.6804E+01  1.1715E+00 -1.5859E+00  0.0000E+00  8.5700E-01  8.4598E-01  0.0000E+00  0.0000E+00
  2.8000E+01  1.0000E+00  0.0000E+00  1.3820E+00  0.0000E+00  0.0000E+00  1.0000E+00  0.0000E+00  1.6536E+00  4.2324E+00  4.6804E+01  1.6322E+00 -1.0393E+00  0.0000E+00  1.3820E+00  1.3057E+00  0.0000E+00  0.0000E+00
  2.8000E+01  2.0000E+00  0.0000E+00  1.9100E+00  0.0000E+00  0.0000E+00  1.0000E+00  0.0000E+00  1.6536E+00  4.2324E+00  4.6804E+01  1.8035E+00  4.1325E-01  0.0000E+00  1.9100E+00  1.6565E+00  0.0000E+00  0.0000E+00
  2.8000E+01  4.0000E+00  0.0000E+00  1.3720E+00  0.0000E+00  0.0000E+00  1.0000E+00  0.0000E+00  1.6536E+00  4.2324E+00  4.6804E+01  1.5711E+00 -8.4795E-01  0.0000E+00  1.3720E+00  1.6400E+00  0.0000E+00  0.0000E+00
  2.8000E+01  8.0000E+00  0.0000E+00  1.1520E+00  0.0000E+00  0.0000E+00  1.0000E+00  0.0000E+00  1.6536E+00  4.2324E+00  4.6804E+01  1.0964E+00  2.8970E-01  0.0000E+00  1.1520E+00  1.2926E+00  0.0000E+00  0.0000E+00
  2.8000E+01  1.2000E+01  0.0000E+00  1.1240E+00  0.0000E+00  0.0000E+00  1.0000E+00  0.0000E+00  1.6536E+00  4.2324E+00  4.6804E+01  7.6360E-01  2.1559E+00  0.0000E+00  1.1240E+00  1.0037E+00  0.0000E+00  0.0000E+00
  2.8000E+01  2.4000E+01  0.0000E+00  2.5000E-01  0.0000E+00  0.0000E+00  1.0000E+00  1.0000E+00  1.6536E+00  4.2324E+00  4.6804E+01  2.5799E-01 -5.5784E-02  0.0000E+00  2.5000E-01  5.8002E-01  0.0000E+00  0.0000E+00
  2.8000E+01  1.6800E+02  1.0000E+02  0.0000E+00  1.0000E+00  1.0000E+00  2.0000E+00  0.0000E+00  1.6536E+00  4.2324E+00  4.6804E+01  5.7060E-07 -4.0828E-06  0.0000E+00  0.0000E+00  5.1620E-05  0.0000E+00  0.0000E+00
  2.8000E+01  1.6850E+02  0.0000E+00  1.1370E+00  0.0000E+00  0.0000E+00  2.0000E+00  0.0000E+00  1.6536E+00  4.2324E+00  4.6804E+01  1.1715E+00 -1.7417E-01  0.0000E+00  1.1370E+00  8.4603E-01  0.0000E+00  0.0000E+00
  2.8000E+01  1.6900E+02  0.0000E+00  1.4840E+00  0.0000E+00  0.0000E+00  2.0000E+00  0.0000E+00  1.6536E+00  4.2324E+00  4.6804E+01  1.6322E+00 -6.1568E-01  0.0000E+00  1.4840E+00  1.3057E+00  0.0000E+00  0.0000E+00
  2.8000E+01  1.7000E+02  0.0000E+00  1.9400E+00  0.0000E+00  0.0000E+00  2.0000E+00  0.0000E+00  1.6536E+00  4.2324E+00  4.6804E+01  1.8035E+00  5.2962E-01  0.0000E+00  1.9400E+00  1.6566E+00  0.0000E+00  0.0000E+00
  2.8000E+01  1.7200E+02  0.0000E+00  1.3060E+00  0.0000E+00  0.0000E+00  2.0000E+00  0.0000E+00  1.6536E+00  4.2324E+00  4.6804E+01  1.5711E+00 -1.1290E+00  0.0000E+00  1.3060E+00  1.6401E+00  0.0000E+00  0.0000E+00
  2.8000E+01  1.7600E+02  0.0000E+00  9.2700E-01  0.0000E+00  0.0000E+00  2.0000E+00  0.0000E+00  1.6536E+00  4.2324E+00  4.6804E+01  1.0964E+00 -8.8199E-01  0.0000E+00  9.2700E-01  1.2927E+00  0.0000E+00  0.0000E+00
  2.8000E+01  1.8000E+02  0.0000E+00  5.3000E-01  0.0000E+00  0.0000E+00  2.0000E+00  0.0000E+00  1.6536E+00  4.2324E+00  4.6804E+01  7.6360E-01 -1.3974E+00  0.0000E+00  5.3000E-01  1.0037E+00  0.0000E+00  0.0000E+00
  2.8000E+01  1.9200E+02  0.0000E+00  2.5000E-01  0.0000E+00  0.0000E+00  2.0000E+00  1.0000E+00  1.6536E+00  4.2324E+00  4.6804E+01  2.5799E-01 -5.5784E-02  0.0000E+00  2.5000E-01  5.7999E-01  0.0000E+00  0.0000E+00
  2.8000E+01  3.3600E+02  1.0000E+02  0.0000E+00  1.0000E+00  1.0000E+00  3.0000E+00  0.0000E+00  1.6536E+00  4.2324E+00  4.6804E+01  5.7060E-07 -4.0828E-06  0.0000E+00  0.0000E+00  5.1621E-05  0.0000E+00  0.0000E+00
  2.8000E+01  3.3650E+02  0.0000E+00  1.4380E+00  0.0000E+00  0.0000E+00  3.0000E+00  0.0000E+00  1.6536E+00  4.2324E+00  4.6804E+01  1.1715E+00  1.3435E+00  0.0000E+00  1.4380E+00  8.4603E-01  0.0000E+00  0.0000E+00
  2.8000E+01  3.3700E+02  0.0000E+00  2.1660E+00  0.0000E+00  0.0000E+00  3.0000E+00  0.0000E+00  1.6536E+00  4.2324E+00  4.6804E+01  1.6322E+00  2.2168E+00  0.0000E+00  2.1660E+00  1.3057E+00  0.0000E+00  0.0000E+00
  2.8000E+01  3.3800E+02  0.0000E+00  1.8620E+00  0.0000E+00  0.0000E+00  3.0000E+00  0.0000E+00  1.6536E+00  4.2324E+00  4.6804E+01  1.8035E+00  2.2706E-01  0.0000E+00  1.8620E+00  1.6566E+00  0.0000E+00  0.0000E+00
  2.8000E+01  3.4000E+02  0.0000E+00  1.6810E+00  0.0000E+00  0.0000E+00  3.0000E+00  0.0000E+00  1.6536E+00  4.2324E+00  4.6804E+01  1.5711E+00  4.6786E-01  0.0000E+00  1.6810E+00  1.6401E+00  0.0000E+00  0.0000E+00
  2.8000E+01  3.4400E+02  0.0000E+00  1.1310E+00  0.0000E+00  0.0000E+00  3.0000E+00  0.0000E+00  1.6536E+00  4.2324E+00  4.6804E+01  1.0964E+00  1.8034E-01  0.0000E+00  1.1310E+00  1.2927E+00  0.0000E+00  0.0000E+00
  2.8000E+01  3.4800E+02  0.0000E+00  7.6100E-01  0.0000E+00  0.0000E+00  3.0000E+00  0.0000E+00  1.6536E+00  4.2324E+00  4.6804E+01  7.6360E-01 -1.5570E-02  0.0000E+00  7.6100E-01  1.0037E+00  0.0000E+00  0.0000E+00
  2.8000E+01  3.6000E+02  0.0000E+00  2.5000E-01  0.0000E+00  0.0000E+00  3.0000E+00  1.0000E+00  1.6536E+00  4.2324E+00  4.6804E+01  2.5799E-01 -5.5784E-02  0.0000E+00  2.5000E-01  5.7999E-01  0.0000E+00  0.0000E+00
  2.9000E+01  0.0000E+00  1.0000E+02  0.0000E+00  1.0000E+00  1.0000E+00  1.0000E+00  0.0000E+00  4.9863E-01  8.6819E-01  4.8689E+01  0.0000E+00  0.0000E+00  0.0000E+00  0.0000E+00  0.0000E+00  0.0000E+00  0.0000E+00
  2.9000E+01  5.0000E-01  0.0000E+00  2.5000E-01  0.0000E+00  0.0000E+00  1.0000E+00  1.0000E+00  4.9863E-01  8.6819E-01  4.8689E+01  4.5112E-01 -1.3417E+00  0.0000E+00  2.5000E-01  2.2629E-02  0.0000E+00  0.0000E+00
  2.9000E+01  1.0000E+00  0.0000E+00  9.0700E-01  0.0000E+00  0.0000E+00  1.0000E+00  0.0000E+00  4.9863E-01  8.6819E-01  4.8689E+01  7.9869E-01  6.3894E-01  0.0000E+00  9.0700E-01  1.3057E+00  0.0000E+00  0.0000E+00
  2.9000E+01  2.0000E+00  0.0000E+00  1.2410E+00  0.0000E+00  0.0000E+00  1.0000E+00  0.0000E+00  4.9863E-01  8.6819E-01  4.8689E+01  1.2697E+00 -1.3859E-01  0.0000E+00  1.2410E+00  1.6565E+00  0.0000E+00  0.0000E+00
  2.9000E+01  4.0000E+00  0.0000E+00  1.7400E+00  0.0000E+00  0.0000E+00  1.0000E+00  0.0000E+00  4.9863E-01  8.6819E-01  4.8689E+01  1.6936E+00  1.8819E-01  0.0000E+00  1.7400E+00  1.6400E+00  0.0000E+00  0.0000E+00
  2.9000E+01  8.0000E+00  0.0000E+00  1.8310E+00  0.0000E+00  0.0000E+00  1.0000E+00  0.0000E+00  4.9863E-01  8.6819E-01  4.8689E+01  1.8074E+00  9.1313E-02  0.0000E+00  1.8310E+00  1.2926E+00  0.0000E+00  0.0000E+00
  2.9000E+01  1.2000E+01  0.0000E+00  1.8630E+00  0.0000E+00  0.0000E+00  1.0000E+00  0.0000E+00  4.9863E-01  8.6819E-01  4.8689E+01  1.7144E+00  5.9726E-01  0.0000E+00  1.8630E+00  1.0037E+00  0.0000E+00  0.0000E+00
  2.9000E+01  2.4000E+01  0.0000E+00  1.3730E+00  0.0000E+00  0.0000E+00  1.0000E+00  0.0000E+00  4.9863E-01  8.6819E-01  4.8689E+01  1.3884E+00 -7.0921E-02  0.0000E+00  1.3730E+00  4.6957E-01  0.0000E+00  0.0000E+00
  2.9000E+01  1.6800E+02  1.0000E+02  0.0000E+00  1.0000E+00  1.0000E+00  2.0000E+00  0.0000E+00  4.9863E-01  8.6819E-01  4.8689E+01  1.0650E-01 -7.5890E-01  0.0000E+00  0.0000E+00  5.1620E-05  0.0000E+00  0.0000E+00
  2.9000E+01  1.6850E+02  0.0000E+00  5.1500E-01  0.0000E+00  0.0000E+00  2.0000E+00  0.0000E+00  4.9863E-01  8.6819E-01  4.8689E+01  5.5668E-01 -2.6902E-01  0.0000E+00  5.1500E-01  8.4603E-01  0.0000E+00  0.0000E+00
  2.9000E+01  1.6900E+02  0.0000E+00  1.1370E+00  0.0000E+00  0.0000E+00  2.0000E+00  0.0000E+00  4.9863E-01  8.6819E-01  4.8689E+01  9.0331E-01  1.3208E+00  0.0000E+00  1.1370E+00  1.3057E+00  0.0000E+00  0.0000E+00
  2.9000E+01  1.7000E+02  0.0000E+00  1.7360E+00  0.0000E+00  0.0000E+00  2.0000E+00  0.0000E+00  4.9863E-01  8.6819E-01  4.8689E+01  1.3724E+00  1.6822E+00  0.0000E+00  1.7360E+00  1.6566E+00  0.0000E+00  0.0000E+00
  2.9000E+01  1.7200E+02  0.0000E+00  1.9660E+00  0.0000E+00  0.0000E+00  2.0000E+00  0.0000E+00  4.9863E-01  8.6819E-01  4.8689E+01  1.7927E+00  6.7496E-01  0.0000E+00  1.9660E+00  1.6401E+00  0.0000E+00  0.0000E+00
  2.9000E+01  1.7600E+02  0.0000E+00  1.4920E+00  0.0000E+00  0.0000E+00  2.0000E+00  0.0000E+00  4.9863E-01  8.6819E-01  4.8689E+01  1.8998E+00 -1.5238E+00  0.0000E+00  1.4920E+00  1.2927E+00  0.0000E+00  0.0000E+00
  2.9000E+01  1.8000E+02  0.0000E+00  1.8760E+00  0.0000E+00  0.0000E+00  2.0000E+00  0.0000E+00  4.9863E-01  8.6819E-01  4.8689E+01  1.8003E+00  2.9382E-01  0.0000E+00  1.8760E+00  1.0037E+00  0.0000E+00  0.0000E+00
  2.9000E+01  1.9200E+02  0.0000E+00  1.7370E+00  0.0000E+00  0.0000E+00  2.0000E+00  0.0000E+00  4.9863E-01  8.6819E-01  4.8689E+01  1.4579E+00  1.2459E+00  0.0000E+00  1.7370E+00  4.6958E-01  0.0000E+00  0.0000E+00
  2.9000E+01  3.3600E+02  1.0000E+02  0.0000E+00  1.0000E+00  1.0000E+00  3.0000E+00  0.0000E+00  4.9863E-01  8.6819E-01  4.8689E+01  1.1183E-01 -7.9651E-01  0.0000E+00  0.0000E+00  5.1621E-05  0.0000E+00  0.0000E+00
  2.9000E+01  3.3650E+02  0.0000E+00  2.5000E-01  0.0000E+00  0.0000E+00  3.0000E+00  1.0000E+00  4.9863E-01  8.6819E-01  4.8689E+01  5.6196E-01 -2.0100E+00  0.0000E+00  2.5000E-01  2.2616E-02  0.0000E+00  0.0000E+00
  2.9000E+01  3.3700E+02  0.0000E+00  6.2100E-01  0.0000E+00  0.0000E+00  3.0000E+00  0.0000E+00  4.9863E-01  8.6819E-01  4.8689E+01  9.0854E-01 -1.6216E+00  0.0000E+00  6.2100E-01  1.3057E+00  0.0000E+00  0.0000E+00
  2.9000E+01  3.3800E+02  0.0000E+00  1.0340E+00  0.0000E+00  0.0000E+00  3.0000E+00  0.0000E+00  4.9863E-01  8.6819E-01  4.8689E+01  1.3776E+00 -1.5863E+00  0.0000E+00  1.0340E+00  1.6566E+00  0.0000E+00  0.0000E+00
  2.9000E+01  3.4000E+02  0.0000E+00  1.6100E+00  0.0000E+00  0.0000E+00  3.0000E+00  0.0000E+00  4.9863E-01  8.6819E-01  4.8689E+01  1.7977E+00 -7.2967E-01  0.0000E+00  1.6100E+00  1.6401E+00  0.0000E+00  0.0000E+00
  2.9000E+01  3.4400E+02  0.0000E+00  1.6540E+00  0.0000E+00  0.0000E+00  3.0000E+00  0.0000E+00  4.9863E-01  8.6819E-01  4.8689E+01  1.9044E+00 -9.3404E-01  0.0000E+00  1.6540E+00  1.2927E+00  0.0000E+00  0.0000E+00
  2.9000E+01  3.4800E+02  0.0000E+00  1.9050E+00  0.0000E+00  0.0000E+00  3.0000E+00  0.0000E+00  4.9863E-01  8.6819E-01  4.8689E+01  1.8046E+00  3.8910E-01  0.0000E+00  1.9050E+00  1.0037E+00  0.0000E+00  0.0000E+00
  2.9000E+01  3.6000E+02  0.0000E+00  1.7900E+00  0.0000E+00  0.0000E+00  3.0000E+00  0.0000E+00  4.9863E-01  8.6819E-01  4.8689E+01  1.4613E+00  1.4648E+00  0.0000E+00  1.7900E+00  4.6958E-01  0.0000E+00  0.0000E+00
  3.0000E+01  0.0000E+00  1.0000E+02  0.0000E+00  1.0000E+00  1.0000E+00  1.0000E+00  0.0000E+00  9.8848E-01  2.9239E+00  4.9377E+01  0.0000E+00  0.0000E+00  0.0000E+00  0.0000E+00  0.0000E+00  0.0000E+00  0.0000E+00
  3.0000E+01  5.0000E-01  0.0000E+00  8.8100E-01  0.0000E+00  0.0000E+00  1.0000E+00  0.0000E+00  9.8848E-01  2.9239E+00  4.9377E+01  7.7725E-01  6.1732E-01  0.0000E+00  8.8100E-01  8.4598E-01  0.0000E+00  0.0000E+00
  3.0000E+01  1.0000E+00  0.0000E+00  1.3910E+00  0.0000E+00  0.0000E+00  1.0000E+00  0.0000E+00  9.8848E-01  2.9239E+00  4.9377E+01  1.2287E+00  7.9840E-01  0.0000E+00  1.3910E+00  1.3057E+00  0.0000E+00  0.0000E+00
  3.0000E+01  2.0000E+00  0.0000E+00  1.6070E+00  0.0000E+00  0.0000E+00  1.0000E+00  0.0000E+00  9.8848E-01  2.9239E+00  4.9377E+01  1.6153E+00 -3.4807E-02  0.0000E+00  1.6070E+00  1.6565E+00  0.0000E+00  0.0000E+00
  3.0000E+01  4.0000E+00  0.0000E+00  1.8870E+00  0.0000E+00  0.0000E+00  1.0000E+00  0.0000E+00  9.8848E-01  2.9239E+00  4.9377E+01  1.6586E+00  9.3846E-01  0.0000E+00  1.8870E+00  1.6400E+00  0.0000E+00  0.0000E+00
  3.0000E+01  8.0000E+00  0.0000E+00  1.2710E+00  0.0000E+00  0.0000E+00  1.0000E+00  0.0000E+00  9.8848E-01  2.9239E+00  4.9377E+01  1.3406E+00 -3.2651E-01  0.0000E+00  1.2710E+00  1.2926E+00  0.0000E+00  0.0000E+00
  3.0000E+01  1.2000E+01  0.0000E+00  7.2700E-01  0.0000E+00  0.0000E+00  1.0000E+00  0.0000E+00  9.8848E-01  2.9239E+00  4.9377E+01  1.0585E+00 -1.7545E+00  0.0000E+00  7.2700E-01  1.0037E+00  0.0000E+00  0.0000E+00
  3.0000E+01  2.4000E+01  0.0000E+00  2.5000E-01  0.0000E+00  0.0000E+00  1.0000E+00  1.0000E+00  9.8848E-01  2.9239E+00  4.9377E+01  5.2010E-01 -1.7644E+00  0.0000E+00  2.5000E-01  5.8002E-01  0.0000E+00  0.0000E+00
  3.0000E+01  1.6800E+02  1.0000E+02  0.0000E+00  1.0000E+00  1.0000E+00  2.0000E+00  0.0000E+00  9.8848E-01  2.9239E+00  4.9377E+01  1.0299E-04 -7.3694E-04  0.0000E+00  0.0000E+00  5.1620E-05  0.0000E+00  0.0000E+00
  3.0000E+01  1.6850E+02  0.0000E+00  6.9900E-01  0.0000E+00  0.0000E+00  2.0000E+00  0.0000E+00  9.8848E-01  2.9239E+00  4.9377E+01  7.7735E-01 -4.6612E-01  0.0000E+00  6.9900E-01  8.4603E-01  0.0000E+00  0.0000E+00
  3.0000E+01  1.6900E+02  0.0000E+00  1.4620E+00  0.0000E+00  0.0000E+00  2.0000E+00  0.0000E+00  9.8848E-01  2.9239E+00  4.9377E+01  1.2288E+00  1.1472E+00  0.0000E+00  1.4620E+00  1.3057E+00  0.0000E+00  0.0000E+00
  3.0000E+01  1.7000E+02  0.0000E+00  1.2000E+00  0.0000E+00  0.0000E+00  2.0000E+00  0.0000E+00  9.8848E-01  2.9239E+00  4.9377E+01  1.6154E+00 -1.7372E+00  0.0000E+00  1.2000E+00  1.6566E+00  0.0000E+00  0.0000E+00
  3.0000E+01  1.7200E+02  0.0000E+00  1.5320E+00  0.0000E+00  0.0000E+00  2.0000E+00  0.0000E+00  9.8848E-01  2.9239E+00  4.9377E+01  1.6587E+00 -5.2059E-01  0.0000E+00  1.5320E+00  1.6401E+00  0.0000E+00  0.0000E+00
  3.0000E+01  1.7600E+02  0.0000E+00  1.0000E+00  0.0000E+00  0.0000E+00  2.0000E+00  0.0000E+00  9.8848E-01  2.9239E+00  4.9377E+01  1.3407E+00 -1.5977E+00  0.0000E+00  1.0000E+00  1.2927E+00  0.0000E+00  0.0000E+00
  3.0000E+01  1.8000E+02  0.0000E+00  8.8200E-01  0.0000E+00  0.0000E+00  2.0000E+00  0.0000E+00  9.8848E-01  2.9239E+00  4.9377E+01  1.0585E+00 -9.3437E-01  0.0000E+00  8.8200E-01  1.0037E+00  0.0000E+00  0.0000E+00
  3.0000E+01  1.9200E+02  0.0000E+00  2.5000E-01  0.0000E+00  0.0000E+00  2.0000E+00  1.0000E+00  9.8848E-01  2.9239E+00  4.9377E+01  5.2012E-01 -1.7645E+00  0.0000E+00  2.5000E-01  5.7999E-01  0.0000E+00  0.0000E+00
  3.0000E+01  3.3600E+02  1.0000E+02  0.0000E+00  1.0000E+00  1.0000E+00  3.0000E+00  0.0000E+00  9.8848E-01  2.9239E+00  4.9377E+01  1.0300E-04 -7.3697E-04  0.0000E+00  0.0000E+00  5.1621E-05  0.0000E+00  0.0000E+00
  3.0000E+01  3.3650E+02  0.0000E+00  7.2300E-01  0.0000E+00  0.0000E+00  3.0000E+00  0.0000E+00  9.8848E-01  2.9239E+00  4.9377E+01  7.7735E-01 -3.2333E-01  0.0000E+00  7.2300E-01  8.4603E-01  0.0000E+00  0.0000E+00
  3.0000E+01  3.3700E+02  0.0000E+00  9.8600E-01  0.0000E+00  0.0000E+00  3.0000E+00  0.0000E+00  9.8848E-01  2.9239E+00  4.9377E+01  1.2288E+00 -1.1945E+00  0.0000E+00  9.8600E-01  1.3057E+00  0.0000E+00  0.0000E+00
  3.0000E+01  3.3800E+02  0.0000E+00  1.6540E+00  0.0000E+00  0.0000E+00  3.0000E+00  0.0000E+00  9.8848E-01  2.9239E+00  4.9377E+01  1.6154E+00  1.6136E-01  0.0000E+00  1.6540E+00  1.6566E+00  0.0000E+00  0.0000E+00
  3.0000E+01  3.4000E+02  0.0000E+00  2.0950E+00  0.0000E+00  0.0000E+00  3.0000E+00  0.0000E+00  9.8848E-01  2.9239E+00  4.9377E+01  1.6587E+00  1.7928E+00  0.0000E+00  2.0950E+00  1.6401E+00  0.0000E+00  0.0000E+00
  3.0000E+01  3.4400E+02  0.0000E+00  1.5350E+00  0.0000E+00  0.0000E+00  3.0000E+00  0.0000E+00  9.8848E-01  2.9239E+00  4.9377E+01  1.3407E+00  9.1130E-01  0.0000E+00  1.5350E+00  1.2927E+00  0.0000E+00  0.0000E+00
  3.0000E+01  3.4800E+02  0.0000E+00  1.3570E+00  0.0000E+00  0.0000E+00  3.0000E+00  0.0000E+00  9.8848E-01  2.9239E+00  4.9377E+01  1.0585E+00  1.5796E+00  0.0000E+00  1.3570E+00  1.0037E+00  0.0000E+00  0.0000E+00
  3.0000E+01  3.6000E+02  0.0000E+00  8.7400E-01  0.0000E+00  0.0000E+00  3.0000E+00  0.0000E+00  9.8848E-01  2.9239E+00  4.9377E+01  5.2012E-01  2.3116E+00  0.0000E+00  8.7400E-01  4.6958E-01  0.0000E+00  0.0000E+00
  3.1000E+01  0.0000E+00  1.0000E+02  0.0000E+00  1.0000E+00  1.0000E+00  1.0000E+00  0.0000E+00  1.2394E+00  4.8778E+00  3.9504E+01  0.0000E+00  0.0000E+00  0.0000E+00  0.0000E+00  0.0000E+00  0.0000E+00  0.0000E+00
  3.1000E+01  5.0000E-01  0.0000E+00  1.4140E+00  0.0000E+00  0.0000E+00  1.0000E+00  0.0000E+00  1.2394E+00  4.8778E+00  3.9504E+01  1.1303E+00  1.4562E+00  0.0000E+00  1.4140E+00  8.4598E-01  0.0000E+00  0.0000E+00
  3.1000E+01  1.0000E+00  0.0000E+00  1.9470E+00  0.0000E+00  0.0000E+00  1.0000E+00  0.0000E+00  1.2394E+00  4.8778E+00  3.9504E+01  1.6708E+00  1.1293E+00  0.0000E+00  1.9470E+00  1.3057E+00  0.0000E+00  0.0000E+00
  3.1000E+01  2.0000E+00  0.0000E+00  2.2300E+00  0.0000E+00  0.0000E+00  1.0000E+00  0.0000E+00  1.2394E+00  4.8778E+00  3.9504E+01  1.9605E+00  9.8400E-01  0.0000E+00  2.2300E+00  1.6565E+00  0.0000E+00  0.0000E+00
  3.1000E+01  4.0000E+00  0.0000E+00  1.6960E+00  0.0000E+00  0.0000E+00  1.0000E+00  0.0000E+00  1.2394E+00  4.8778E+00  3.9504E+01  1.6959E+00  3.4184E-04  0.0000E+00  1.6960E+00  1.6400E+00  0.0000E+00  0.0000E+00
  3.1000E+01  8.0000E+00  0.0000E+00  1.0580E+00  0.0000E+00  0.0000E+00  1.0000E+00  0.0000E+00  1.2394E+00  4.8778E+00  3.9504E+01  1.0468E+00  5.9359E-02  0.0000E+00  1.0580E+00  1.2926E+00  0.0000E+00  0.0000E+00
  3.1000E+01  1.2000E+01  0.0000E+00  2.5000E-01  0.0000E+00  0.0000E+00  1.0000E+00  1.0000E+00  1.2394E+00  4.8778E+00  3.9504E+01  6.3891E-01 -2.4392E+00  0.0000E+00  2.5000E-01  3.1767E-03  0.0000E+00  0.0000E+00
  3.1000E+01  2.4000E+01  0.0000E+00  2.5000E-01  0.0000E+00  0.0000E+00  1.0000E+00  1.0000E+00  1.2394E+00  4.8778E+00  3.9504E+01  1.4519E-01  7.4416E-01  0.0000E+00  2.5000E-01  5.8002E-01  0.0000E+00  0.0000E+00
  3.1000E+01  1.6800E+02  1.0000E+02  0.0000E+00  1.0000E+00  1.0000E+00  2.0000E+00  0.0000E+00  1.2394E+00  4.8778E+00  3.9504E+01  2.7542E-09 -1.9707E-08  0.0000E+00  0.0000E+00  5.1620E-05  0.0000E+00  0.0000E+00
  3.1000E+01  1.6850E+02  0.0000E+00  1.0880E+00  0.0000E+00  0.0000E+00  2.0000E+00  0.0000E+00  1.2394E+00  4.8778E+00  3.9504E+01  1.1303E+00 -2.1693E-01  0.0000E+00  1.0880E+00  8.4603E-01  0.0000E+00  0.0000E+00
  3.1000E+01  1.6900E+02  0.0000E+00  1.6060E+00  0.0000E+00  0.0000E+00  2.0000E+00  0.0000E+00  1.2394E+00  4.8778E+00  3.9504E+01  1.6708E+00 -2.6499E-01  0.0000E+00  1.6060E+00  1.3057E+00  0.0000E+00  0.0000E+00
  3.1000E+01  1.7000E+02  0.0000E+00  1.6180E+00  0.0000E+00  0.0000E+00  2.0000E+00  0.0000E+00  1.2394E+00  4.8778E+00  3.9504E+01  1.9605E+00 -1.2508E+00  0.0000E+00  1.6180E+00  1.6566E+00  0.0000E+00  0.0000E+00
  3.1000E+01  1.7200E+02  0.0000E+00  1.7930E+00  0.0000E+00  0.0000E+00  2.0000E+00  0.0000E+00  1.2394E+00  4.8778E+00  3.9504E+01  1.6959E+00  3.9299E-01  0.0000E+00  1.7930E+00  1.6401E+00  0.0000E+00  0.0000E+00
  3.1000E+01  1.7600E+02  0.0000E+00  1.2280E+00  0.0000E+00  0.0000E+00  2.0000E+00  0.0000E+00  1.2394E+00  4.8778E+00  3.9504E+01  1.0468E+00  9.6362E-01  0.0000E+00  1.2280E+00  1.2927E+00  0.0000E+00  0.0000E+00
  3.1000E+01  1.8000E+02  0.0000E+00  9.2800E-01  0.0000E+00  0.0000E+00  2.0000E+00  0.0000E+00  1.2394E+00  4.8778E+00  3.9504E+01  6.3891E-01  1.8131E+00  0.0000E+00  9.2800E-01  1.0037E+00  0.0000E+00  0.0000E+00
  3.1000E+01  1.9200E+02  0.0000E+00  2.5000E-01  0.0000E+00  0.0000E+00  2.0000E+00  1.0000E+00  1.2394E+00  4.8778E+00  3.9504E+01  1.4519E-01  7.4416E-01  0.0000E+00  2.5000E-01  5.7999E-01  0.0000E+00  0.0000E+00
  3.1000E+01  3.3600E+02  1.0000E+02  0.0000E+00  1.0000E+00  1.0000E+00  3.0000E+00  0.0000E+00  1.2394E+00  4.8778E+00  3.9504E+01  2.7542E-09 -1.9707E-08  0.0000E+00  0.0000E+00  5.1621E-05  0.0000E+00  0.0000E+00
  3.1000E+01  3.3650E+02  0.0000E+00  8.3700E-01  0.0000E+00  0.0000E+00  3.0000E+00  0.0000E+00  1.2394E+00  4.8778E+00  3.9504E+01  1.1303E+00 -1.5051E+00  0.0000E+00  8.3700E-01  8.4603E-01  0.0000E+00  0.0000E+00
  3.1000E+01  3.3700E+02  0.0000E+00  1.5790E+00  0.0000E+00  0.0000E+00  3.0000E+00  0.0000E+00  1.2394E+00  4.8778E+00  3.9504E+01  1.6708E+00 -3.7539E-01  0.0000E+00  1.5790E+00  1.3057E+00  0.0000E+00  0.0000E+00
  3.1000E+01  3.3800E+02  0.0000E+00  2.0640E+00  0.0000E+00  0.0000E+00  3.0000E+00  0.0000E+00  1.2394E+00  4.8778E+00  3.9504E+01  1.9605E+00  3.7782E-01  0.0000E+00  2.0640E+00  1.6566E+00  0.0000E+00  0.0000E+00
  3.1000E+01  3.4000E+02  0.0000E+00  1.8520E+00  0.0000E+00  0.0000E+00  3.0000E+00  0.0000E+00  1.2394E+00  4.8778E+00  3.9504E+01  1.6959E+00  6.3181E-01  0.0000E+00  1.8520E+00  1.6401E+00  0.0000E+00  0.0000E+00
  3.1000E+01  3.4400E+02  0.0000E+00  9.0200E-01  0.0000E+00  0.0000E+00  3.0000E+00  0.0000E+00  1.2394E+00  4.8778E+00  3.9504E+01  1.0468E+00 -7.7043E-01  0.0000E+00  9.0200E-01  1.2927E+00  0.0000E+00  0.0000E+00
  3.1000E+01  3.4800E+02  0.0000E+00  2.5000E-01  0.0000E+00  0.0000E+00  3.0000E+00  1.0000E+00  1.2394E+00  4.8778E+00  3.9504E+01  6.3891E-01 -2.4392E+00  0.0000E+00  2.5000E-01  3.1757E-03  0.0000E+00  0.0000E+00
  3.1000E+01  3.6000E+02  0.0000E+00  2.5000E-01  0.0000E+00  0.0000E+00  3.0000E+00  1.0000E+00  1.2394E+00  4.8778E+00  3.9504E+01  1.4519E-01  7.4416E-01  0.0000E+00  2.5000E-01  5.7999E-01  0.0000E+00  0.0000E+00
  3.2000E+01  0.0000E+00  1.0000E+02  0.0000E+00  1.0000E+00  1.0000E+00  1.0000E+00  0.0000E+00  8.8535E-01  1.3167E+00  4.7157E+01  0.0000E+00  0.0000E+00  0.0000E+00  0.0000E+00  0.0000E+00  0.0000E+00  0.0000E+00
  3.2000E+01  5.0000E-01  0.0000E+00  1.0750E+00  0.0000E+00  0.0000E+00  1.0000E+00  0.0000E+00  8.8535E-01  1.3167E+00  4.7157E+01  7.5285E-01  1.9353E+00  0.0000E+00  1.0750E+00  8.4598E-01  0.0000E+00  0.0000E+00
  3.2000E+01  1.0000E+00  0.0000E+00  1.3880E+00  0.0000E+00  0.0000E+00  1.0000E+00  0.0000E+00  8.8535E-01  1.3167E+00  4.7157E+01  1.2260E+00  7.9804E-01  0.0000E+00  1.3880E+00  1.3057E+00  0.0000E+00  0.0000E+00
  3.2000E+01  2.0000E+00  0.0000E+00  1.7890E+00  0.0000E+00  0.0000E+00  1.0000E+00  0.0000E+00  8.8535E-01  1.3167E+00  4.7157E+01  1.6980E+00  3.6796E-01  0.0000E+00  1.7890E+00  1.6565E+00  0.0000E+00  0.0000E+00
  3.2000E+01  4.0000E+00  0.0000E+00  1.6820E+00  0.0000E+00  0.0000E+00  1.0000E+00  0.0000E+00  8.8535E-01  1.3167E+00  4.7157E+01  1.8948E+00 -7.9682E-01  0.0000E+00  1.6820E+00  1.6400E+00  0.0000E+00  0.0000E+00
  3.2000E+01  8.0000E+00  0.0000E+00  1.8370E+00  0.0000E+00  0.0000E+00  1.0000E+00  0.0000E+00  8.8535E-01  1.3167E+00  4.7157E+01  1.7495E+00  3.4680E-01  0.0000E+00  1.8370E+00  1.2926E+00  0.0000E+00  0.0000E+00
  3.2000E+01  1.2000E+01  0.0000E+00  1.7160E+00  0.0000E+00  0.0000E+00  1.0000E+00  0.0000E+00  8.8535E-01  1.3167E+00  4.7157E+01  1.5662E+00  6.3924E-01  0.0000E+00  1.7160E+00  1.0037E+00  0.0000E+00  0.0000E+00
  3.2000E+01  2.4000E+01  0.0000E+00  1.3540E+00  0.0000E+00  0.0000E+00  1.0000E+00  0.0000E+00  8.8535E-01  1.3167E+00  4.7157E+01  1.1203E+00  1.2045E+00  0.0000E+00  1.3540E+00  4.6957E-01  0.0000E+00  0.0000E+00
  3.2000E+01  1.6800E+02  1.0000E+02  0.0000E+00  1.0000E+00  1.0000E+00  2.0000E+00  0.0000E+00  8.8535E-01  1.3167E+00  4.7157E+01  2.0097E-02 -1.4378E-01  0.0000E+00  0.0000E+00  5.1620E-05  0.0000E+00  0.0000E+00
  3.2000E+01  1.6850E+02  0.0000E+00  2.5000E-01  0.0000E+00  0.0000E+00  2.0000E+00  1.0000E+00  8.8535E-01  1.3167E+00  4.7157E+01  7.7267E-01 -3.1154E+00  0.0000E+00  2.5000E-01  2.2616E-02  0.0000E+00  0.0000E+00
  3.2000E+01  1.6900E+02  0.0000E+00  9.9400E-01  0.0000E+00  0.0000E+00  2.0000E+00  0.0000E+00  8.8535E-01  1.3167E+00  4.7157E+01  1.2455E+00 -1.2285E+00  0.0000E+00  9.9400E-01  1.3057E+00  0.0000E+00  0.0000E+00
  3.2000E+01  1.7000E+02  0.0000E+00  1.4840E+00  0.0000E+00  0.0000E+00  2.0000E+00  0.0000E+00  8.8535E-01  1.3167E+00  4.7157E+01  1.7170E+00 -9.3533E-01  0.0000E+00  1.4840E+00  1.6566E+00  0.0000E+00  0.0000E+00
  3.2000E+01  1.7200E+02  0.0000E+00  2.2560E+00  0.0000E+00  0.0000E+00  2.0000E+00  0.0000E+00  8.8535E-01  1.3167E+00  4.7157E+01  1.9128E+00  1.2762E+00  0.0000E+00  2.2560E+00  1.6401E+00  0.0000E+00  0.0000E+00
  3.2000E+01  1.7600E+02  0.0000E+00  1.4510E+00  0.0000E+00  0.0000E+00  2.0000E+00  0.0000E+00  8.8535E-01  1.3167E+00  4.7157E+01  1.7656E+00 -1.2385E+00  0.0000E+00  1.4510E+00  1.2927E+00  0.0000E+00  0.0000E+00
  3.2000E+01  1.8000E+02  0.0000E+00  1.4550E+00  0.0000E+00  0.0000E+00  2.0000E+00  0.0000E+00  8.8535E-01  1.3167E+00  4.7157E+01  1.5806E+00 -5.3262E-01  0.0000E+00  1.4550E+00  1.0037E+00  0.0000E+00  0.0000E+00
  3.2000E+01  1.9200E+02  0.0000E+00  1.2890E+00  0.0000E+00  0.0000E+00  2.0000E+00  0.0000E+00  8.8535E-01  1.3167E+00  4.7157E+01  1.1306E+00  8.1283E-01  0.0000E+00  1.2890E+00  4.6958E-01  0.0000E+00  0.0000E+00
  3.2000E+01  3.3600E+02  1.0000E+02  0.0000E+00  1.0000E+00  1.0000E+00  3.0000E+00  0.0000E+00  8.8535E-01  1.3167E+00  4.7157E+01  2.0282E-02 -1.4510E-01  0.0000E+00  0.0000E+00  5.1621E-05  0.0000E+00  0.0000E+00
  3.2000E+01  3.3650E+02  0.0000E+00  7.0600E-01  0.0000E+00  0.0000E+00  3.0000E+00  0.0000E+00  8.8535E-01  1.3167E+00  4.7157E+01  7.7285E-01 -3.9845E-01  0.0000E+00  7.0600E-01  8.4603E-01  0.0000E+00  0.0000E+00
  3.2000E+01  3.3700E+02  0.0000E+00  1.3450E+00  0.0000E+00  0.0000E+00  3.0000E+00  0.0000E+00  8.8535E-01  1.3167E+00  4.7157E+01  1.2457E+00  4.8497E-01  0.0000E+00  1.3450E+00  1.3057E+00  0.0000E+00  0.0000E+00
  3.2000E+01  3.3800E+02  0.0000E+00  1.5870E+00  0.0000E+00  0.0000E+00  3.0000E+00  0.0000E+00  8.8535E-01  1.3167E+00  4.7157E+01  1.7172E+00 -5.2257E-01  0.0000E+00  1.5870E+00  1.6566E+00  0.0000E+00  0.0000E+00
  3.2000E+01  3.4000E+02  0.0000E+00  2.5600E+00  0.0000E+00  0.0000E+00  3.0000E+00  0.0000E+00  8.8535E-01  1.3167E+00  4.7157E+01  1.9130E+00  2.4058E+00  0.0000E+00  2.5600E+00  1.6401E+00  0.0000E+00  0.0000E+00
  3.2000E+01  3.4400E+02  0.0000E+00  1.5670E+00  0.0000E+00  0.0000E+00  3.0000E+00  0.0000E+00  8.8535E-01  1.3167E+00  4.7157E+01  1.7657E+00 -7.8228E-01  0.0000E+00  1.5670E+00  1.2927E+00  0.0000E+00  0.0000E+00
  3.2000E+01  3.4800E+02  0.0000E+00  1.0760E+00  0.0000E+00  0.0000E+00  3.0000E+00  0.0000E+00  8.8535E-01  1.3167E+00  4.7157E+01  1.5807E+00 -2.1407E+00  0.0000E+00  1.0760E+00  1.0037E+00  0.0000E+00  0.0000E+00
  3.2000E+01  3.6000E+02  0.0000E+00  1.2110E+00  0.0000E+00  0.0000E+00  3.0000E+00  0.0000E+00  8.8535E-01  1.3167E+00  4.7157E+01  1.1307E+00  4.1207E-01  0.0000E+00  1.2110E+00  4.6958E-01  0.0000E+00  0.0000E+00
  3.3000E+01  0.0000E+00  1.0000E+02  0.0000E+00  1.0000E+00  1.0000E+00  1.0000E+00  0.0000E+00  1.4054E+00  8.9497E-01  5.2103E+01  0.0000E+00  0.0000E+00  0.0000E+00  0.0000E+00  0.0000E+00  0.0000E+00  0.0000E+00
  3.3000E+01  5.0000E-01  0.0000E+00  1.2320E+00  0.0000E+00  0.0000E+00  1.0000E+00  0.0000E+00  1.4054E+00  8.9497E-01  5.2103E+01  9.6411E-01  1.4759E+00  1.5600E+00  1.2320E+00  8.4598E-01  3.8602E-01  1.4342E+00
  3.3000E+01  1.0000E+00  0.0000E+00  1.5440E+00  0.0000E+00  0.0000E+00  1.0000E+00  0.0000E+00  1.4054E+00  8.9497E-01  5.2103E+01  1.4333E+00  4.9898E-01  4.8399E-01  1.5440E+00  1.3057E+00  2.3834E-01  4.3185E-01
  3.3000E+01  2.0000E+00  0.0000E+00  1.3250E+00  0.0000E+00  0.0000E+00  1.0000E+00  0.0000E+00  1.4054E+00  8.9497E-01  5.2103E+01  1.7605E+00 -1.7181E+00 -1.8874E+00  1.3250E+00  1.6565E+00 -3.3153E-01 -1.8522E+00
  3.3000E+01  4.0000E+00  0.0000E+00  1.4860E+00  0.0000E+00  0.0000E+00  1.0000E+00  0.0000E+00  1.4054E+00  8.9497E-01  5.2103E+01  1.8070E+00 -1.2433E+00 -1.4474E+00  1.4860E+00  1.6400E+00 -1.5402E-01 -1.4238E+00
  3.3000E+01  8.0000E+00  0.0000E+00  1.8350E+00  0.0000E+00  0.0000E+00  1.0000E+00  0.0000E+00  1.4054E+00  8.9497E-01  5.2103E+01  1.6935E+00  5.7326E-01  5.1411E-01  1.8350E+00  1.2926E+00  5.4238E-01  4.0652E-01
  3.3000E+01  1.2000E+01  0.0000E+00  1.3740E+00  0.0000E+00  0.0000E+00  1.0000E+00  0.0000E+00  1.4054E+00  8.9497E-01  5.2103E+01  1.5811E+00 -8.7825E-01 -7.9413E-01  1.3740E+00  1.0037E+00  3.7030E-01 -1.3683E+00
  3.3000E+01  2.4000E+01  0.0000E+00  1.5090E+00  0.0000E+00  0.0000E+00  1.0000E+00  0.0000E+00  1.4054E+00  8.9497E-01  5.2103E+01  1.2866E+00  1.0674E+00  1.4909E+00  1.5090E+00  4.6957E-01  1.0394E+00  2.2811E+00
  3.3000E+01  1.6800E+02  1.0000E+02  0.0000E+00  1.0000E+00  1.0000E+00  2.0000E+00  0.0000E+00  1.4054E+00  8.9497E-01  5.2103E+01  1.0845E-01 -7.7264E-01  0.0000E+00  0.0000E+00  5.1620E-05  0.0000E+00  0.0000E+00
  3.3000E+01  1.6850E+02  0.0000E+00  1.2230E+00  0.0000E+00  0.0000E+00  2.0000E+00  0.0000E+00  1.4054E+00  8.9497E-01  5.2103E+01  1.0716E+00  7.9662E-01  1.2806E+00  1.2230E+00  8.4603E-01  3.7697E-01  1.3790E+00
  3.3000E+01  1.6900E+02  0.0000E+00  1.7320E+00  0.0000E+00  0.0000E+00  2.0000E+00  0.0000E+00  1.4054E+00  8.9497E-01  5.2103E+01  1.5400E+00  8.2837E-01  1.1961E+00  1.7320E+00  1.3057E+00  4.2630E-01  1.3124E+00
  3.3000E+01  1.7000E+02  0.0000E+00  2.1310E+00  0.0000E+00  0.0000E+00  2.0000E+00  0.0000E+00  1.4054E+00  8.9497E-01  5.2103E+01  1.8653E+00  1.0062E+00  1.2071E+00  2.1310E+00  1.6566E+00  4.7442E-01  1.4287E+00
  3.3000E+01  1.7200E+02  0.0000E+00  2.2810E+00  0.0000E+00  0.0000E+00  2.0000E+00  0.0000E+00  1.4054E+00  8.9497E-01  5.2103E+01  1.9082E+00  1.3886E+00  1.5465E+00  2.2810E+00  1.6401E+00  6.4094E-01  1.8402E+00
  3.3000E+01  1.7600E+02  0.0000E+00  1.8230E+00  0.0000E+00  0.0000E+00  2.0000E+00  0.0000E+00  1.4054E+00  8.9497E-01  5.2103E+01  1.7880E+00  1.3642E-01  4.2631E-01  1.8230E+00  1.2927E+00  5.3035E-01  3.4794E-01
  3.3000E+01  1.8000E+02  0.0000E+00  1.5200E+00  0.0000E+00  0.0000E+00  2.0000E+00  0.0000E+00  1.4054E+00  8.9497E-01  5.2103E+01  1.6693E+00 -6.1100E-01 -1.9063E-01  1.5200E+00  1.0037E+00  5.1628E-01 -5.9062E-01
  3.3000E+01  1.9200E+02  0.0000E+00  1.3840E+00  0.0000E+00  0.0000E+00  2.0000E+00  0.0000E+00  1.4054E+00  8.9497E-01  5.2103E+01  1.3584E+00  1.1916E-01  8.4206E-01  1.3840E+00  4.6958E-01  9.1442E-01  1.4564E+00
  3.3000E+01  3.3600E+02  1.0000E+02  0.0000E+00  1.0000E+00  1.0000E+00  3.0000E+00  0.0000E+00  1.4054E+00  8.9497E-01  5.2103E+01  1.1450E-01 -8.1537E-01  0.0000E+00  0.0000E+00  5.1621E-05  0.0000E+00  0.0000E+00
  3.3000E+01  3.3650E+02  0.0000E+00  7.4900E-01  0.0000E+00  0.0000E+00  3.0000E+00  0.0000E+00  1.4054E+00  8.9497E-01  5.2103E+01  1.0776E+00 -1.7252E+00 -1.1953E+00  7.4900E-01  8.4603E-01 -9.7028E-02 -1.3422E+00
  3.3000E+01  3.3700E+02  0.0000E+00  1.1030E+00  0.0000E+00  0.0000E+00  3.0000E+00  0.0000E+00  1.4054E+00  8.9497E-01  5.2103E+01  1.5459E+00 -1.9057E+00 -1.4943E+00  1.1030E+00  1.3057E+00 -2.0270E-01 -1.6427E+00
  3.3000E+01  3.3800E+02  0.0000E+00  1.9330E+00  0.0000E+00  0.0000E+00  3.0000E+00  0.0000E+00  1.4054E+00  8.9497E-01  5.2103E+01  1.8711E+00  2.3374E-01  4.7648E-01  1.9330E+00  1.6566E+00  2.7642E-01  6.2221E-01
  3.3000E+01  3.4000E+02  0.0000E+00  1.9420E+00  0.0000E+00  0.0000E+00  3.0000E+00  0.0000E+00  1.4054E+00  8.9497E-01  5.2103E+01  1.9139E+00  1.0460E-01  3.0311E-01  1.9420E+00  1.6401E+00  3.0194E-01  4.4756E-01
  3.3000E+01  3.4400E+02  0.0000E+00  1.6590E+00  0.0000E+00  0.0000E+00  3.0000E+00  0.0000E+00  1.4054E+00  8.9497E-01  5.2103E+01  1.7933E+00 -5.2310E-01 -1.9442E-01  1.6590E+00  1.2927E+00  3.6635E-01 -4.2798E-01
  3.3000E+01  3.4800E+02  0.0000E+00  1.4930E+00  0.0000E+00  0.0000E+00  3.0000E+00  0.0000E+00  1.4054E+00  8.9497E-01  5.2103E+01  1.6743E+00 -7.4015E-01 -2.8274E-01  1.4930E+00  1.0037E+00  4.8928E-01 -7.3473E-01
  3.3000E+01  3.6000E+02  0.0000E+00  1.7110E+00  0.0000E+00  0.0000E+00  3.0000E+00  0.0000E+00  1.4054E+00  8.9497E-01  5.2103E+01  1.3624E+00  1.6198E+00  2.3748E+00  1.7110E+00  4.6958E-01  1.2414E+00  3.6110E+00
  3.4000E+01  0.0000E+00  1.0000E+02  0.0000E+00  1.0000E+00  1.0000E+00  1.0000E+00  0.0000E+00  8.0668E-01  4.1441E+00  4.7257E+01  0.0000E+00  0.0000E+00  0.0000E+00  0.0000E+00  0.0000E+00  0.0000E+00  0.0000E+00
  3.4000E+01  5.0000E-01  0.0000E+00  2.5000E-01  0.0000E+00  0.0000E+00  1.0000E+00  1.0000E+00  8.0668E-01  4.1441E+00  4.7257E+01  6.8618E-01 -2.6883E+00  0.0000E+00  2.5000E-01  2.2629E-02  0.0000E+00  0.0000E+00
  3.4000E+01  1.0000E+00  0.0000E+00  6.2500E-01  0.0000E+00  0.0000E+00  1.0000E+00  0.0000E+00  8.0668E-01  4.1441E+00  4.7257E+01  1.1152E+00 -2.5320E+00  0.0000E+00  6.2500E-01  1.3057E+00  0.0000E+00  0.0000E+00
  3.4000E+01  2.0000E+00  0.0000E+00  1.0120E+00  0.0000E+00  0.0000E+00  1.0000E+00  0.0000E+00  8.0668E-01  4.1441E+00  4.7257E+01  1.5193E+00 -2.2069E+00  0.0000E+00  1.0120E+00  1.6565E+00  0.0000E+00  0.0000E+00
  3.4000E+01  4.0000E+00  0.0000E+00  1.4390E+00  0.0000E+00  0.0000E+00  1.0000E+00  0.0000E+00  8.0668E-01  4.1441E+00  4.7257E+01  1.5775E+00 -5.8841E-01  0.0000E+00  1.4390E+00  1.6400E+00  0.0000E+00  0.0000E+00
  3.4000E+01  8.0000E+00  0.0000E+00  1.2710E+00  0.0000E+00  0.0000E+00  1.0000E+00  0.0000E+00  8.0668E-01  4.1441E+00  4.7257E+01  1.1734E+00  4.9157E-01  0.0000E+00  1.2710E+00  1.2926E+00  0.0000E+00  0.0000E+00
  3.4000E+01  1.2000E+01  0.0000E+00  8.3100E-01  0.0000E+00  0.0000E+00  1.0000E+00  0.0000E+00  8.0668E-01  4.1441E+00  4.7257E+01  8.2875E-01  1.3137E-02  0.0000E+00  8.3100E-01  1.0037E+00  0.0000E+00  0.0000E+00
  3.4000E+01  2.4000E+01  0.0000E+00  2.5000E-01  0.0000E+00  0.0000E+00  1.0000E+00  1.0000E+00  8.0668E-01  4.1441E+00  4.7257E+01  2.8939E-01 -2.7351E-01  0.0000E+00  2.5000E-01  5.8002E-01  0.0000E+00  0.0000E+00
  3.4000E+01  1.6800E+02  1.0000E+02  0.0000E+00  1.0000E+00  1.0000E+00  2.0000E+00  0.0000E+00  8.0668E-01  4.1441E+00  4.7257E+01  9.4905E-07 -6.7908E-06  0.0000E+00  0.0000E+00  5.1620E-05  0.0000E+00  0.0000E+00
  3.4000E+01  1.6850E+02  0.0000E+00  8.6400E-01  0.0000E+00  0.0000E+00  2.0000E+00  0.0000E+00  8.0668E-01  4.1441E+00  4.7257E+01  6.8618E-01  1.0960E+00  0.0000E+00  8.6400E-01  8.4603E-01  0.0000E+00  0.0000E+00
  3.4000E+01  1.6900E+02  0.0000E+00  1.2110E+00  0.0000E+00  0.0000E+00  2.0000E+00  0.0000E+00  8.0668E-01  4.1441E+00  4.7257E+01  1.1152E+00  4.9505E-01  0.0000E+00  1.2110E+00  1.3057E+00  0.0000E+00  0.0000E+00
  3.4000E+01  1.7000E+02  0.0000E+00  1.7510E+00  0.0000E+00  0.0000E+00  2.0000E+00  0.0000E+00  8.0668E-01  4.1441E+00  4.7257E+01  1.5193E+00  1.0081E+00  0.0000E+00  1.7510E+00  1.6566E+00  0.0000E+00  0.0000E+00
  3.4000E+01  1.7200E+02  0.0000E+00  1.8840E+00  0.0000E+00  0.0000E+00  2.0000E+00  0.0000E+00  8.0668E-01  4.1441E+00  4.7257E+01  1.5775E+00  1.3015E+00  0.0000E+00  1.8840E+00  1.6401E+00  0.0000E+00  0.0000E+00
  3.4000E+01  1.7600E+02  0.0000E+00  1.2380E+00  0.0000E+00  0.0000E+00  2.0000E+00  0.0000E+00  8.0668E-01  4.1441E+00  4.7257E+01  1.1734E+00  3.2532E-01  0.0000E+00  1.2380E+00  1.2927E+00  0.0000E+00  0.0000E+00
  3.4000E+01  1.8000E+02  0.0000E+00  1.0730E+00  0.0000E+00  0.0000E+00  2.0000E+00  0.0000E+00  8.0668E-01  4.1441E+00  4.7257E+01  8.2875E-01  1.4235E+00  0.0000E+00  1.0730E+00  1.0037E+00  0.0000E+00  0.0000E+00
  3.4000E+01  1.9200E+02  0.0000E+00  2.5000E-01  0.0000E+00  0.0000E+00  2.0000E+00  1.0000E+00  8.0668E-01  4.1441E+00  4.7257E+01  2.8939E-01 -2.7351E-01  0.0000E+00  2.5000E-01  5.7999E-01  0.0000E+00  0.0000E+00
  3.4000E+01  3.3600E+02  1.0000E+02  0.0000E+00  1.0000E+00  1.0000E+00  3.0000E+00  0.0000E+00  8.0668E-01  4.1441E+00  4.7257E+01  9.4906E-07 -6.7908E-06  0.0000E+00  0.0000E+00  5.1621E-05  0.0000E+00  0.0000E+00
  3.4000E+01  3.3650E+02  0.0000E+00  8.2900E-01  0.0000E+00  0.0000E+00  3.0000E+00  0.0000E+00  8.0668E-01  4.1441E+00  4.7257E+01  6.8618E-01  8.8025E-01  0.0000E+00  8.2900E-01  8.4603E-01  0.0000E+00  0.0000E+00
  3.4000E+01  3.3700E+02  0.0000E+00  1.1220E+00  0.0000E+00  0.0000E+00  3.0000E+00  0.0000E+00  8.0668E-01  4.1441E+00  4.7257E+01  1.1152E+00  3.5302E-02  0.0000E+00  1.1220E+00  1.3057E+00  0.0000E+00  0.0000E+00
  3.4000E+01  3.3800E+02  0.0000E+00  1.9150E+00  0.0000E+00  0.0000E+00  3.0000E+00  0.0000E+00  8.0668E-01  4.1441E+00  4.7257E+01  1.5193E+00  1.7216E+00  0.0000E+00  1.9150E+00  1.6566E+00  0.0000E+00  0.0000E+00
  3.4000E+01  3.4000E+02  0.0000E+00  1.5160E+00  0.0000E+00  0.0000E+00  3.0000E+00  0.0000E+00  8.0668E-01  4.1441E+00  4.7257E+01  1.5775E+00 -2.6138E-01  0.0000E+00  1.5160E+00  1.6401E+00  0.0000E+00  0.0000E+00
  3.4000E+01  3.4400E+02  0.0000E+00  1.0110E+00  0.0000E+00  0.0000E+00  3.0000E+00  0.0000E+00  8.0668E-01  4.1441E+00  4.7257E+01  1.1734E+00 -8.1830E-01  0.0000E+00  1.0110E+00  1.2927E+00  0.0000E+00  0.0000E+00
  3.4000E+01  3.4800E+02  0.0000E+00  5.9600E-01  0.0000E+00  0.0000E+00  3.0000E+00  0.0000E+00  8.0668E-01  4.1441E+00  4.7257E+01  8.2875E-01 -1.3564E+00  0.0000E+00  5.9600E-01  1.0037E+00  0.0000E+00  0.0000E+00
  3.4000E+01  3.6000E+02  0.0000E+00  2.5000E-01  0.0000E+00  0.0000E+00  3.0000E+00  1.0000E+00  8.0668E-01  4.1441E+00  4.7257E+01  2.8939E-01 -2.7351E-01  0.0000E+00  2.5000E-01  5.7999E-01  0.0000E+00  0.0000E+00
  3.5000E+01  0.0000E+00  1.0000E+02  0.0000E+00  1.0000E+00  1.0000E+00  1.0000E+00  0.0000E+00  1.5273E+00  6.3391E+00  4.4976E+01  0.0000E+00  0.0000E+00  0.0000E+00  0.0000E+00  0.0000E+00  0.0000E+00  0.0000E+00
  3.5000E+01  5.0000E-01  0.0000E+00  1.3810E+00  0.0000E+00  0.0000E+00  1.0000E+00  0.0000E+00  1.5273E+00  6.3391E+00  4.4976E+01  1.1414E+00  1.2236E+00  0.0000E+00  1.3810E+00  8.4598E-01  0.0000E+00  0.0000E+00
  3.5000E+01  1.0000E+00  0.0000E+00  1.9470E+00  0.0000E+00  0.0000E+00  1.0000E+00  0.0000E+00  1.5273E+00  6.3391E+00  4.4976E+01  1.5956E+00  1.4813E+00  0.0000E+00  1.9470E+00  1.3057E+00  0.0000E+00  0.0000E+00
  3.5000E+01  2.0000E+00  0.0000E+00  1.5140E+00  0.0000E+00  0.0000E+00  1.0000E+00  0.0000E+00  1.5273E+00  6.3391E+00  4.4976E+01  1.7323E+00 -8.7084E-01  0.0000E+00  1.5140E+00  1.6565E+00  0.0000E+00  0.0000E+00
  3.5000E+01  4.0000E+00  0.0000E+00  9.5700E-01  0.0000E+00  0.0000E+00  1.0000E+00  0.0000E+00  1.5273E+00  6.3391E+00  4.4976E+01  1.3884E+00 -1.9827E+00  0.0000E+00  9.5700E-01  1.6400E+00  0.0000E+00  0.0000E+00
  3.5000E+01  8.0000E+00  0.0000E+00  2.5000E-01  0.0000E+00  0.0000E+00  1.0000E+00  1.0000E+00  1.5273E+00  6.3391E+00  4.4976E+01  7.9318E-01 -3.2114E+00  0.0000E+00  2.5000E-01  7.4082E-05  0.0000E+00  0.0000E+00
  3.5000E+01  1.2000E+01  0.0000E+00  2.5000E-01  0.0000E+00  0.0000E+00  1.0000E+00  1.0000E+00  1.5273E+00  6.3391E+00  4.4976E+01  4.5137E-01 -1.3433E+00  0.0000E+00  2.5000E-01  3.1767E-03  0.0000E+00  0.0000E+00
  3.5000E+01  2.4000E+01  0.0000E+00  2.5000E-01  0.0000E+00  0.0000E+00  1.0000E+00  1.0000E+00  1.5273E+00  6.3391E+00  4.4976E+01  8.3178E-02  1.1906E+00  0.0000E+00  2.5000E-01  5.8002E-01  0.0000E+00  0.0000E+00
  3.5000E+01  1.6800E+02  1.0000E+02  0.0000E+00  1.0000E+00  1.0000E+00  2.0000E+00  0.0000E+00  1.5273E+00  6.3391E+00  4.4976E+01  1.2755E-10 -9.1268E-10  0.0000E+00  0.0000E+00  5.1620E-05  0.0000E+00  0.0000E+00
  3.5000E+01  1.6850E+02  0.0000E+00  1.1400E+00  0.0000E+00  0.0000E+00  2.0000E+00  0.0000E+00  1.5273E+00  6.3391E+00  4.4976E+01  1.1414E+00 -7.3213E-03  0.0000E+00  1.1400E+00  8.4603E-01  0.0000E+00  0.0000E+00
  3.5000E+01  1.6900E+02  0.0000E+00  1.9050E+00  0.0000E+00  0.0000E+00  2.0000E+00  0.0000E+00  1.5273E+00  6.3391E+00  4.4976E+01  1.5956E+00  1.3043E+00  0.0000E+00  1.9050E+00  1.3057E+00  0.0000E+00  0.0000E+00
  3.5000E+01  1.7000E+02  0.0000E+00  1.7680E+00  0.0000E+00  0.0000E+00  2.0000E+00  0.0000E+00  1.5273E+00  6.3391E+00  4.4976E+01  1.7323E+00  1.4249E-01  0.0000E+00  1.7680E+00  1.6566E+00  0.0000E+00  0.0000E+00
  3.5000E+01  1.7200E+02  0.0000E+00  1.6920E+00  0.0000E+00  0.0000E+00  2.0000E+00  0.0000E+00  1.5273E+00  6.3391E+00  4.4976E+01  1.3884E+00  1.3952E+00  0.0000E+00  1.6920E+00  1.6401E+00  0.0000E+00  0.0000E+00
  3.5000E+01  1.7600E+02  0.0000E+00  1.0130E+00  0.0000E+00  0.0000E+00  2.0000E+00  0.0000E+00  1.5273E+00  6.3391E+00  4.4976E+01  7.9318E-01  1.2996E+00  0.0000E+00  1.0130E+00  1.2927E+00  0.0000E+00  0.0000E+00
  3.5000E+01  1.8000E+02  0.0000E+00  6.3800E-01  0.0000E+00  0.0000E+00  2.0000E+00  0.0000E+00  1.5273E+00  6.3391E+00  4.4976E+01  4.5137E-01  1.2450E+00  0.0000E+00  6.3800E-01  1.0037E+00  0.0000E+00  0.0000E+00
  3.5000E+01  1.9200E+02  0.0000E+00  2.5000E-01  0.0000E+00  0.0000E+00  2.0000E+00  1.0000E+00  1.5273E+00  6.3391E+00  4.4976E+01  8.3178E-02  1.1906E+00  0.0000E+00  2.5000E-01  5.7999E-01  0.0000E+00  0.0000E+00
  3.5000E+01  3.3600E+02  1.0000E+02  0.0000E+00  1.0000E+00  1.0000E+00  3.0000E+00  0.0000E+00  1.5273E+00  6.3391E+00  4.4976E+01  1.2755E-10 -9.1268E-10  0.0000E+00  0.0000E+00  5.1621E-05  0.0000E+00  0.0000E+00
  3.5000E+01  3.3650E+02  0.0000E+00  6.4300E-01  0.0000E+00  0.0000E+00  3.0000E+00  0.0000E+00  1.5273E+00  6.3391E+00  4.4976E+01  1.1414E+00 -2.5459E+00  0.0000E+00  6.4300E-01  8.4603E-01  0.0000E+00  0.0000E+00
  3.5000E+01  3.3700E+02  0.0000E+00  1.4010E+00  0.0000E+00  0.0000E+00  3.0000E+00  0.0000E+00  1.5273E+00  6.3391E+00  4.4976E+01  1.5956E+00 -8.2045E-01  0.0000E+00  1.4010E+00  1.3057E+00  0.0000E+00  0.0000E+00
  3.5000E+01  3.3800E+02  0.0000E+00  1.7250E+00  0.0000E+00  0.0000E+00  3.0000E+00  0.0000E+00  1.5273E+00  6.3391E+00  4.4976E+01  1.7323E+00 -2.9057E-02  0.0000E+00  1.7250E+00  1.6566E+00  0.0000E+00  0.0000E+00
  3.5000E+01  3.4000E+02  0.0000E+00  1.4690E+00  0.0000E+00  0.0000E+00  3.0000E+00  0.0000E+00  1.5273E+00  6.3391E+00  4.4976E+01  1.3884E+00  3.7032E-01  0.0000E+00  1.4690E+00  1.6401E+00  0.0000E+00  0.0000E+00
  3.5000E+01  3.4400E+02  0.0000E+00  8.2000E-01  0.0000E+00  0.0000E+00  3.0000E+00  0.0000E+00  1.5273E+00  6.3391E+00  4.4976E+01  7.9318E-01  1.5856E-01  0.0000E+00  8.2000E-01  1.2927E+00  0.0000E+00  0.0000E+00
  3.5000E+01  3.4800E+02  0.0000E+00  2.5000E-01  0.0000E+00  0.0000E+00  3.0000E+00  1.0000E+00  1.5273E+00  6.3391E+00  4.4976E+01  4.5137E-01 -1.3433E+00  0.0000E+00  2.5000E-01  3.1757E-03  0.0000E+00  0.0000E+00
  3.5000E+01  3.6000E+02  0.0000E+00  2.5000E-01  0.0000E+00  0.0000E+00  3.0000E+00  1.0000E+00  1.5273E+00  6.3391E+00  4.4976E+01  8.3178E-02  1.1906E+00  0.0000E+00  2.5000E-01  5.7999E-01  0.0000E+00  0.0000E+00
  3.6000E+01  0.0000E+00  1.0000E+02  0.0000E+00  1.0000E+00  1.0000E+00  1.0000E+00  0.0000E+00  6.5635E-01  4.9408E+00  5.5140E+01  0.0000E+00  0.0000E+00  0.0000E+00  0.0000E+00  0.0000E+00  0.0000E+00  0.0000E+00
  3.6000E+01  5.0000E-01  0.0000E+00  5.2100E-01  0.0000E+00  0.0000E+00  1.0000E+00  0.0000E+00  6.5635E-01  4.9408E+00  5.5140E+01  4.9556E-01  1.6746E-01  0.0000E+00  5.2100E-01  8.4598E-01  0.0000E+00  0.0000E+00
  3.6000E+01  1.0000E+00  0.0000E+00  9.0200E-01  0.0000E+00  0.0000E+00  1.0000E+00  0.0000E+00  6.5635E-01  4.9408E+00  5.5140E+01  8.3077E-01  4.1477E-01  0.0000E+00  9.0200E-01  1.3057E+00  0.0000E+00  0.0000E+00
  3.6000E+01  2.0000E+00  0.0000E+00  1.3260E+00  0.0000E+00  0.0000E+00  1.0000E+00  0.0000E+00  6.5635E-01  4.9408E+00  5.5140E+01  1.1905E+00  6.7752E-01  0.0000E+00  1.3260E+00  1.6565E+00  0.0000E+00  0.0000E+00
  3.6000E+01  4.0000E+00  0.0000E+00  9.7000E-01  0.0000E+00  0.0000E+00  1.0000E+00  0.0000E+00  6.5635E-01  4.9408E+00  5.5140E+01  1.3156E+00 -1.6381E+00  0.0000E+00  9.7000E-01  1.6400E+00  0.0000E+00  0.0000E+00
  3.6000E+01  8.0000E+00  0.0000E+00  9.5500E-01  0.0000E+00  0.0000E+00  1.0000E+00  0.0000E+00  6.5635E-01  4.9408E+00  5.5140E+01  1.0146E+00 -3.2116E-01  0.0000E+00  9.5500E-01  1.2926E+00  0.0000E+00  0.0000E+00
  3.6000E+01  1.2000E+01  0.0000E+00  2.5000E-01  0.0000E+00  0.0000E+00  1.0000E+00  1.0000E+00  6.5635E-01  4.9408E+00  5.5140E+01  7.1585E-01 -2.8390E+00  0.0000E+00  2.5000E-01  3.1767E-03  0.0000E+00  0.0000E+00
  3.6000E+01  2.4000E+01  0.0000E+00  2.5000E-01  0.0000E+00  0.0000E+00  1.0000E+00  1.0000E+00  6.5635E-01  4.9408E+00  5.5140E+01  2.4453E-01  3.8306E-02  0.0000E+00  2.5000E-01  5.8002E-01  0.0000E+00  0.0000E+00
  3.6000E+01  1.6800E+02  1.0000E+02  0.0000E+00  1.0000E+00  1.0000E+00  2.0000E+00  0.0000E+00  6.5635E-01  4.9408E+00  5.5140E+01  6.0905E-07 -4.3579E-06  0.0000E+00  0.0000E+00  5.1620E-05  0.0000E+00  0.0000E+00
  3.6000E+01  1.6850E+02  0.0000E+00  2.5000E-01  0.0000E+00  0.0000E+00  2.0000E+00  1.0000E+00  6.5635E-01  4.9408E+00  5.5140E+01  4.9556E-01 -1.6165E+00  0.0000E+00  2.5000E-01  2.2616E-02  0.0000E+00  0.0000E+00
  3.6000E+01  1.6900E+02  0.0000E+00  7.3500E-01  0.0000E+00  0.0000E+00  2.0000E+00  0.0000E+00  6.5635E-01  4.9408E+00  5.5140E+01  8.3077E-01 -5.5770E-01  0.0000E+00  7.3500E-01  1.3057E+00  0.0000E+00  0.0000E+00
  3.6000E+01  1.7000E+02  0.0000E+00  9.4200E-01  0.0000E+00  0.0000E+00  2.0000E+00  0.0000E+00  6.5635E-01  4.9408E+00  5.5140E+01  1.1905E+00 -1.2429E+00  0.0000E+00  9.4200E-01  1.6566E+00  0.0000E+00  0.0000E+00
  3.6000E+01  1.7200E+02  0.0000E+00  1.1090E+00  0.0000E+00  0.0000E+00  2.0000E+00  0.0000E+00  6.5635E-01  4.9408E+00  5.5140E+01  1.3156E+00 -9.7916E-01  0.0000E+00  1.1090E+00  1.6401E+00  0.0000E+00  0.0000E+00
  3.6000E+01  1.7600E+02  0.0000E+00  9.7400E-01  0.0000E+00  0.0000E+00  2.0000E+00  0.0000E+00  6.5635E-01  4.9408E+00  5.5140E+01  1.0146E+00 -2.1870E-01  0.0000E+00  9.7400E-01  1.2927E+00  0.0000E+00  0.0000E+00
  3.6000E+01  1.8000E+02  0.0000E+00  6.0300E-01  0.0000E+00  0.0000E+00  2.0000E+00  0.0000E+00  6.5635E-01  4.9408E+00  5.5140E+01  7.1585E-01 -6.8773E-01  0.0000E+00  6.0300E-01  1.0037E+00  0.0000E+00  0.0000E+00
  3.6000E+01  1.9200E+02  0.0000E+00  2.5000E-01  0.0000E+00  0.0000E+00  2.0000E+00  1.0000E+00  6.5635E-01  4.9408E+00  5.5140E+01  2.4453E-01  3.8305E-02  0.0000E+00  2.5000E-01  5.7999E-01  0.0000E+00  0.0000E+00
  3.6000E+01  3.3600E+02  1.0000E+02  0.0000E+00  1.0000E+00  1.0000E+00  3.0000E+00  0.0000E+00  6.5635E-01  4.9408E+00  5.5140E+01  6.0905E-07 -4.3579E-06  0.0000E+00  0.0000E+00  5.1621E-05  0.0000E+00  0.0000E+00
  3.6000E+01  3.3650E+02  0.0000E+00  2.5000E-01  0.0000E+00  0.0000E+00  3.0000E+00  1.0000E+00  6.5635E-01  4.9408E+00  5.5140E+01  4.9556E-01 -1.6165E+00  0.0000E+00  2.5000E-01  2.2616E-02  0.0000E+00  0.0000E+00
  3.6000E+01  3.3700E+02  0.0000E+00  8.9700E-01  0.0000E+00  0.0000E+00  3.0000E+00  0.0000E+00  6.5635E-01  4.9408E+00  5.5140E+01  8.3077E-01  3.8565E-01  0.0000E+00  8.9700E-01  1.3057E+00  0.0000E+00  0.0000E+00
  3.6000E+01  3.3800E+02  0.0000E+00  1.3950E+00  0.0000E+00  0.0000E+00  3.0000E+00  0.0000E+00  6.5635E-01  4.9408E+00  5.5140E+01  1.1905E+00  1.0226E+00  0.0000E+00  1.3950E+00  1.6566E+00  0.0000E+00  0.0000E+00
  3.6000E+01  3.4000E+02  0.0000E+00  1.6820E+00  0.0000E+00  0.0000E+00  3.0000E+00  0.0000E+00  6.5635E-01  4.9408E+00  5.5140E+01  1.3156E+00  1.7370E+00  0.0000E+00  1.6820E+00  1.6401E+00  0.0000E+00  0.0000E+00
  3.6000E+01  3.4400E+02  0.0000E+00  1.2110E+00  0.0000E+00  0.0000E+00  3.0000E+00  0.0000E+00  6.5635E-01  4.9408E+00  5.5140E+01  1.0146E+00  1.0594E+00  0.0000E+00  1.2110E+00  1.2927E+00  0.0000E+00  0.0000E+00
  3.6000E+01  3.4800E+02  0.0000E+00  1.0320E+00  0.0000E+00  0.0000E+00  3.0000E+00  0.0000E+00  6.5635E-01  4.9408E+00  5.5140E+01  7.1585E-01  1.9267E+00  0.0000E+00  1.0320E+00  1.0037E+00  0.0000E+00  0.0000E+00
  3.6000E+01  3.6000E+02  0.0000E+00  2.5000E-01  0.0000E+00  0.0000E+00  3.0000E+00  1.0000E+00  6.5635E-01  4.9408E+00  5.5140E+01  2.4453E-01  3.8305E-02  0.0000E+00  2.5000E-01  5.7999E-01  0.0000E+00  0.0000E+00
  3.7000E+01  0.0000E+00  1.0000E+02  0.0000E+00  1.0000E+00  1.0000E+00  1.0000E+00  0.0000E+00  1.3796E+00  4.1526E+00  4.2674E+01  0.0000E+00  0.0000E+00  0.0000E+00  0.0000E+00  0.0000E+00  0.0000E+00  0.0000E+00
  3.7000E+01  5.0000E-01  0.0000E+00  1.3210E+00  0.0000E+00  0.0000E+00  1.0000E+00  0.0000E+00  1.3796E+00  4.1526E+00  4.2674E+01  1.1367E+00  9.4352E-01  0.0000E+00  1.3210E+00  8.4598E-01  0.0000E+00  0.0000E+00
  3.7000E+01  1.0000E+00  0.0000E+00  1.9930E+00  0.0000E+00  0.0000E+00  1.0000E+00  0.0000E+00  1.3796E+00  4.1526E+00  4.2674E+01  1.6529E+00  1.4007E+00  0.0000E+00  1.9930E+00  1.3057E+00  0.0000E+00  0.0000E+00
  3.7000E+01  2.0000E+00  0.0000E+00  1.5890E+00  0.0000E+00  0.0000E+00  1.0000E+00  0.0000E+00  1.3796E+00  4.1526E+00  4.2674E+01  1.9156E+00 -1.2132E+00  0.0000E+00  1.5890E+00  1.6565E+00  0.0000E+00  0.0000E+00
  3.7000E+01  4.0000E+00  0.0000E+00  1.9920E+00  0.0000E+00  0.0000E+00  1.0000E+00  0.0000E+00  1.3796E+00  4.1526E+00  4.2674E+01  1.6982E+00  1.1883E+00  0.0000E+00  1.9920E+00  1.6400E+00  0.0000E+00  0.0000E+00
  3.7000E+01  8.0000E+00  0.0000E+00  9.0900E-01  0.0000E+00  0.0000E+00  1.0000E+00  0.0000E+00  1.3796E+00  4.1526E+00  4.2674E+01  1.1574E+00 -1.2603E+00  0.0000E+00  9.0900E-01  1.2926E+00  0.0000E+00  0.0000E+00
  3.7000E+01  1.2000E+01  0.0000E+00  8.2400E-01  0.0000E+00  0.0000E+00  1.0000E+00  0.0000E+00  1.3796E+00  4.1526E+00  4.2674E+01  7.8428E-01  2.3567E-01  0.0000E+00  8.2400E-01  1.0037E+00  0.0000E+00  0.0000E+00
  3.7000E+01  2.4000E+01  0.0000E+00  2.5000E-01  0.0000E+00  0.0000E+00  1.0000E+00  1.0000E+00  1.3796E+00  4.1526E+00  4.2674E+01  2.4397E-01  4.2238E-02  0.0000E+00  2.5000E-01  5.8002E-01  0.0000E+00  0.0000E+00
  3.7000E+01  1.6800E+02  1.0000E+02  0.0000E+00  1.0000E+00  1.0000E+00  2.0000E+00  0.0000E+00  1.3796E+00  4.1526E+00  4.2674E+01  2.0030E-07 -1.4332E-06  0.0000E+00  0.0000E+00  5.1620E-05  0.0000E+00  0.0000E+00
  3.7000E+01  1.6850E+02  0.0000E+00  1.1260E+00  0.0000E+00  0.0000E+00  2.0000E+00  0.0000E+00  1.3796E+00  4.1526E+00  4.2674E+01  1.1367E+00 -5.4536E-02  0.0000E+00  1.1260E+00  8.4603E-01  0.0000E+00  0.0000E+00
  3.7000E+01  1.6900E+02  0.0000E+00  1.6380E+00  0.0000E+00  0.0000E+00  2.0000E+00  0.0000E+00  1.3796E+00  4.1526E+00  4.2674E+01  1.6529E+00 -6.1375E-02  0.0000E+00  1.6380E+00  1.3057E+00  0.0000E+00  0.0000E+00
  3.7000E+01  1.7000E+02  0.0000E+00  1.5520E+00  0.0000E+00  0.0000E+00  2.0000E+00  0.0000E+00  1.3796E+00  4.1526E+00  4.2674E+01  1.9156E+00 -1.3507E+00  0.0000E+00  1.5520E+00  1.6566E+00  0.0000E+00  0.0000E+00
  3.7000E+01  1.7200E+02  0.0000E+00  1.4270E+00  0.0000E+00  0.0000E+00  2.0000E+00  0.0000E+00  1.3796E+00  4.1526E+00  4.2674E+01  1.6982E+00 -1.0967E+00  0.0000E+00  1.4270E+00  1.6401E+00  0.0000E+00  0.0000E+00
  3.7000E+01  1.7600E+02  0.0000E+00  1.4000E+00  0.0000E+00  0.0000E+00  2.0000E+00  0.0000E+00  1.3796E+00  4.1526E+00  4.2674E+01  1.1574E+00  1.2304E+00  0.0000E+00  1.4000E+00  1.2927E+00  0.0000E+00  0.0000E+00
  3.7000E+01  1.8000E+02  0.0000E+00  6.9800E-01  0.0000E+00  0.0000E+00  2.0000E+00  0.0000E+00  1.3796E+00  4.1526E+00  4.2674E+01  7.8428E-01 -5.1191E-01  0.0000E+00  6.9800E-01  1.0037E+00  0.0000E+00  0.0000E+00
  3.7000E+01  1.9200E+02  0.0000E+00  2.5000E-01  0.0000E+00  0.0000E+00  2.0000E+00  1.0000E+00  1.3796E+00  4.1526E+00  4.2674E+01  2.4397E-01  4.2238E-02  0.0000E+00  2.5000E-01  5.7999E-01  0.0000E+00  0.0000E+00
  3.7000E+01  3.3600E+02  1.0000E+02  0.0000E+00  1.0000E+00  1.0000E+00  3.0000E+00  0.0000E+00  1.3796E+00  4.1526E+00  4.2674E+01  2.0030E-07 -1.4332E-06  0.0000E+00  0.0000E+00  5.1621E-05  0.0000E+00  0.0000E+00
  3.7000E+01  3.3650E+02  0.0000E+00  1.0100E+00  0.0000E+00  0.0000E+00  3.0000E+00  0.0000E+00  1.3796E+00  4.1526E+00  4.2674E+01  1.1367E+00 -6.4825E-01  0.0000E+00  1.0100E+00  8.4603E-01  0.0000E+00  0.0000E+00
  3.7000E+01  3.3700E+02  0.0000E+00  1.5490E+00  0.0000E+00  0.0000E+00  3.0000E+00  0.0000E+00  1.3796E+00  4.1526E+00  4.2674E+01  1.6529E+00 -4.2793E-01  0.0000E+00  1.5490E+00  1.3057E+00  0.0000E+00  0.0000E+00
  3.7000E+01  3.3800E+02  0.0000E+00  2.2050E+00  0.0000E+00  0.0000E+00  3.0000E+00  0.0000E+00  1.3796E+00  4.1526E+00  4.2674E+01  1.9156E+00  1.0749E+00  0.0000E+00  2.2050E+00  1.6566E+00  0.0000E+00  0.0000E+00
  3.7000E+01  3.4000E+02  0.0000E+00  1.9140E+00  0.0000E+00  0.0000E+00  3.0000E+00  0.0000E+00  1.3796E+00  4.1526E+00  4.2674E+01  1.6982E+00  8.7283E-01  0.0000E+00  1.9140E+00  1.6401E+00  0.0000E+00  0.0000E+00
  3.7000E+01  3.4400E+02  0.0000E+00  1.2710E+00  0.0000E+00  0.0000E+00  3.0000E+00  0.0000E+00  1.3796E+00  4.1526E+00  4.2674E+01  1.1574E+00  5.7602E-01  0.0000E+00  1.2710E+00  1.2927E+00  0.0000E+00  0.0000E+00
  3.7000E+01  3.4800E+02  0.0000E+00  7.4500E-01  0.0000E+00  0.0000E+00  3.0000E+00  0.0000E+00  1.3796E+00  4.1526E+00  4.2674E+01  7.8428E-01 -2.3305E-01  0.0000E+00  7.4500E-01  1.0037E+00  0.0000E+00  0.0000E+00
  3.7000E+01  3.6000E+02  0.0000E+00  2.5000E-01  0.0000E+00  0.0000E+00  3.0000E+00  1.0000E+00  1.3796E+00  4.1526E+00  4.2674E+01  2.4397E-01  4.2238E-02  0.0000E+00  2.5000E-01  5.7999E-01  0.0000E+00  0.0000E+00
  3.8000E+01  0.0000E+00  1.0000E+02  0.0000E+00  1.0000E+00  1.0000E+00  1.0000E+00  0.0000E+00  8.2310E-01  3.8774E+00  5.1467E+01  0.0000E+00  0.0000E+00  0.0000E+00  0.0000E+00  0.0000E+00  0.0000E+00  0.0000E+00
  3.8000E+01  5.0000E-01  0.0000E+00  6.3400E-01  0.0000E+00  0.0000E+00  1.0000E+00  0.0000E+00  8.2310E-01  3.8774E+00  5.1467E+01  6.4250E-01 -5.3256E-02  0.0000E+00  6.3400E-01  8.4598E-01  0.0000E+00  0.0000E+00
  3.8000E+01  1.0000E+00  0.0000E+00  1.1610E+00  0.0000E+00  0.0000E+00  1.0000E+00  0.0000E+00  8.2310E-01  3.8774E+00  5.1467E+01  1.0445E+00  6.2037E-01  0.0000E+00  1.1610E+00  1.3057E+00  0.0000E+00  0.0000E+00
  3.8000E+01  2.0000E+00  0.0000E+00  1.3740E+00  0.0000E+00  0.0000E+00  1.0000E+00  0.0000E+00  8.2310E-01  3.8774E+00  5.1467E+01  1.4273E+00 -2.4093E-01  0.0000E+00  1.3740E+00  1.6565E+00  0.0000E+00  0.0000E+00
  3.8000E+01  4.0000E+00  0.0000E+00  1.5130E+00  0.0000E+00  0.0000E+00  1.0000E+00  0.0000E+00  8.2310E-01  3.8774E+00  5.1467E+01  1.5028E+00  4.4649E-02  0.0000E+00  1.5130E+00  1.6400E+00  0.0000E+00  0.0000E+00
  3.8000E+01  8.0000E+00  0.0000E+00  1.3650E+00  0.0000E+00  0.0000E+00  1.0000E+00  0.0000E+00  8.2310E-01  3.8774E+00  5.1467E+01  1.1677E+00  9.9670E-01  0.0000E+00  1.3650E+00  1.2926E+00  0.0000E+00  0.0000E+00
  3.8000E+01  1.2000E+01  0.0000E+00  9.7300E-01  0.0000E+00  0.0000E+00  1.0000E+00  0.0000E+00  8.2310E-01  3.8774E+00  5.1467E+01  8.6593E-01  6.1461E-01  0.0000E+00  9.7300E-01  1.0037E+00  0.0000E+00  0.0000E+00
  3.8000E+01  2.4000E+01  0.0000E+00  2.5000E-01  0.0000E+00  0.0000E+00  1.0000E+00  1.0000E+00  8.2310E-01  3.8774E+00  5.1467E+01  3.5068E-01 -6.8973E-01  0.0000E+00  2.5000E-01  5.8002E-01  0.0000E+00  0.0000E+00
  3.8000E+01  1.6800E+02  1.0000E+02  0.0000E+00  1.0000E+00  1.0000E+00  2.0000E+00  0.0000E+00  8.2310E-01  3.8774E+00  5.1467E+01  6.8137E-06 -4.8754E-05  0.0000E+00  0.0000E+00  5.1620E-05  0.0000E+00  0.0000E+00
  3.8000E+01  1.6850E+02  0.0000E+00  7.9600E-01  0.0000E+00  0.0000E+00  2.0000E+00  0.0000E+00  8.2310E-01  3.8774E+00  5.1467E+01  6.4251E-01  9.6142E-01  0.0000E+00  7.9600E-01  8.4603E-01  0.0000E+00  0.0000E+00
  3.8000E+01  1.6900E+02  0.0000E+00  1.1080E+00  0.0000E+00  0.0000E+00  2.0000E+00  0.0000E+00  8.2310E-01  3.8774E+00  5.1467E+01  1.0445E+00  3.3814E-01  0.0000E+00  1.1080E+00  1.3057E+00  0.0000E+00  0.0000E+00
  3.8000E+01  1.7000E+02  0.0000E+00  1.5930E+00  0.0000E+00  0.0000E+00  2.0000E+00  0.0000E+00  8.2310E-01  3.8774E+00  5.1467E+01  1.4273E+00  7.4914E-01  0.0000E+00  1.5930E+00  1.6566E+00  0.0000E+00  0.0000E+00
  3.8000E+01  1.7200E+02  0.0000E+00  1.2130E+00  0.0000E+00  0.0000E+00  2.0000E+00  0.0000E+00  8.2310E-01  3.8774E+00  5.1467E+01  1.5028E+00 -1.2695E+00  0.0000E+00  1.2130E+00  1.6401E+00  0.0000E+00  0.0000E+00
  3.8000E+01  1.7600E+02  0.0000E+00  1.0310E+00  0.0000E+00  0.0000E+00  2.0000E+00  0.0000E+00  8.2310E-01  3.8774E+00  5.1467E+01  1.1677E+00 -6.9019E-01  0.0000E+00  1.0310E+00  1.2927E+00  0.0000E+00  0.0000E+00
  3.8000E+01  1.8000E+02  0.0000E+00  8.8800E-01  0.0000E+00  0.0000E+00  2.0000E+00  0.0000E+00  8.2310E-01  3.8774E+00  5.1467E+01  8.6593E-01  1.2669E-01  0.0000E+00  8.8800E-01  1.0037E+00  0.0000E+00  0.0000E+00
  3.8000E+01  1.9200E+02  0.0000E+00  2.5000E-01  0.0000E+00  0.0000E+00  2.0000E+00  1.0000E+00  8.2310E-01  3.8774E+00  5.1467E+01  3.5068E-01 -6.8974E-01  0.0000E+00  2.5000E-01  5.7999E-01  0.0000E+00  0.0000E+00
  3.8000E+01  3.3600E+02  1.0000E+02  0.0000E+00  1.0000E+00  1.0000E+00  3.0000E+00  0.0000E+00  8.2310E-01  3.8774E+00  5.1467E+01  6.8137E-06 -4.8754E-05  0.0000E+00  0.0000E+00  5.1621E-05  0.0000E+00  0.0000E+00
  3.8000E+01  3.3650E+02  0.0000E+00  2.5000E-01  0.0000E+00  0.0000E+00  3.0000E+00  1.0000E+00  8.2310E-01  3.8774E+00  5.1467E+01  6.4251E-01 -2.4585E+00  0.0000E+00  2.5000E-01  2.2616E-02  0.0000E+00  0.0000E+00
  3.8000E+01  3.3700E+02  0.0000E+00  8.9800E-01  0.0000E+00  0.0000E+00  3.0000E+00  0.0000E+00  8.2310E-01  3.8774E+00  5.1467E+01  1.0445E+00 -7.8000E-01  0.0000E+00  8.9800E-01  1.3057E+00  0.0000E+00  0.0000E+00
  3.8000E+01  3.3800E+02  0.0000E+00  1.4730E+00  0.0000E+00  0.0000E+00  3.0000E+00  0.0000E+00  8.2310E-01  3.8774E+00  5.1467E+01  1.4273E+00  2.0662E-01  0.0000E+00  1.4730E+00  1.6566E+00  0.0000E+00  0.0000E+00
  3.8000E+01  3.4000E+02  0.0000E+00  1.4760E+00  0.0000E+00  0.0000E+00  3.0000E+00  0.0000E+00  8.2310E-01  3.8774E+00  5.1467E+01  1.5028E+00 -1.1745E-01  0.0000E+00  1.4760E+00  1.6401E+00  0.0000E+00  0.0000E+00
  3.8000E+01  3.4400E+02  0.0000E+00  1.3680E+00  0.0000E+00  0.0000E+00  3.0000E+00  0.0000E+00  8.2310E-01  3.8774E+00  5.1467E+01  1.1677E+00  1.0118E+00  0.0000E+00  1.3680E+00  1.2927E+00  0.0000E+00  0.0000E+00
  3.8000E+01  3.4800E+02  0.0000E+00  8.1000E-01  0.0000E+00  0.0000E+00  3.0000E+00  0.0000E+00  8.2310E-01  3.8774E+00  5.1467E+01  8.6593E-01 -3.2103E-01  0.0000E+00  8.1000E-01  1.0037E+00  0.0000E+00  0.0000E+00
  3.8000E+01  3.6000E+02  0.0000E+00  2.5000E-01  0.0000E+00  0.0000E+00  3.0000E+00  1.0000E+00  8.2310E-01  3.8774E+00  5.1467E+01  3.5068E-01 -6.8974E-01  0.0000E+00  2.5000E-01  5.7999E-01  0.0000E+00  0.0000E+00
  3.9000E+01  0.0000E+00  1.0000E+02  0.0000E+00  1.0000E+00  1.0000E+00  1.0000E+00  0.0000E+00  9.5787E-01  5.5605E+00  4.2587E+01  0.0000E+00  0.0000E+00  0.0000E+00  0.0000E+00  0.0000E+00  0.0000E+00  0.0000E+00
  3.9000E+01  5.0000E-01  0.0000E+00  6.3900E-01  0.0000E+00  0.0000E+00  1.0000E+00  0.0000E+00  9.5787E-01  5.5605E+00  4.2587E+01  8.6281E-01 -1.2863E+00  0.0000E+00  6.3900E-01  8.4598E-01  0.0000E+00  0.0000E+00
  3.9000E+01  1.0000E+00  0.0000E+00  8.0600E-01  0.0000E+00  0.0000E+00  1.0000E+00  0.0000E+00  9.5787E-01  5.5605E+00  4.2587E+01  1.3427E+00 -2.5150E+00  0.0000E+00  8.0600E-01  1.3057E+00  0.0000E+00  0.0000E+00
  3.9000E+01  2.0000E+00  0.0000E+00  1.8270E+00  0.0000E+00  0.0000E+00  1.0000E+00  0.0000E+00  9.5787E-01  5.5605E+00  4.2587E+01  1.6936E+00  5.4045E-01  0.0000E+00  1.8270E+00  1.6565E+00  0.0000E+00  0.0000E+00
  3.9000E+01  4.0000E+00  0.0000E+00  1.6800E+00  0.0000E+00  0.0000E+00  1.0000E+00  0.0000E+00  9.5787E-01  5.5605E+00  4.2587E+01  1.5537E+00  5.4156E-01  0.0000E+00  1.6800E+00  1.6400E+00  0.0000E+00  0.0000E+00
  3.9000E+01  8.0000E+00  0.0000E+00  9.8500E-01  0.0000E+00  0.0000E+00  1.0000E+00  0.0000E+00  9.5787E-01  5.5605E+00  4.2587E+01  9.5531E-01  1.6421E-01  0.0000E+00  9.8500E-01  1.2926E+00  0.0000E+00  0.0000E+00
  3.9000E+01  1.2000E+01  0.0000E+00  6.5300E-01  0.0000E+00  0.0000E+00  1.0000E+00  0.0000E+00  9.5787E-01  5.5605E+00  4.2587E+01  5.6739E-01  5.5059E-01  0.0000E+00  6.5300E-01  1.0037E+00  0.0000E+00  0.0000E+00
  3.9000E+01  2.4000E+01  0.0000E+00  2.5000E-01  0.0000E+00  0.0000E+00  1.0000E+00  1.0000E+00  9.5787E-01  5.5605E+00  4.2587E+01  1.1842E-01  9.3663E-01  0.0000E+00  2.5000E-01  5.8002E-01  0.0000E+00  0.0000E+00
  3.9000E+01  1.6800E+02  1.0000E+02  0.0000E+00  1.0000E+00  1.0000E+00  2.0000E+00  0.0000E+00  9.5787E-01  5.5605E+00  4.2587E+01  8.0887E-10 -5.7877E-09  0.0000E+00  0.0000E+00  5.1620E-05  0.0000E+00  0.0000E+00
  3.9000E+01  1.6850E+02  0.0000E+00  1.0290E+00  0.0000E+00  0.0000E+00  2.0000E+00  0.0000E+00  9.5787E-01  5.5605E+00  4.2587E+01  8.6281E-01  9.5516E-01  0.0000E+00  1.0290E+00  8.4603E-01  0.0000E+00  0.0000E+00
  3.9000E+01  1.6900E+02  0.0000E+00  1.4840E+00  0.0000E+00  0.0000E+00  2.0000E+00  0.0000E+00  9.5787E-01  5.5605E+00  4.2587E+01  1.3427E+00  6.6189E-01  0.0000E+00  1.4840E+00  1.3057E+00  0.0000E+00  0.0000E+00
  3.9000E+01  1.7000E+02  0.0000E+00  2.0380E+00  0.0000E+00  0.0000E+00  2.0000E+00  0.0000E+00  9.5787E-01  5.5605E+00  4.2587E+01  1.6936E+00  1.3953E+00  0.0000E+00  2.0380E+00  1.6566E+00  0.0000E+00  0.0000E+00
  3.9000E+01  1.7200E+02  0.0000E+00  1.6430E+00  0.0000E+00  0.0000E+00  2.0000E+00  0.0000E+00  9.5787E-01  5.5605E+00  4.2587E+01  1.5537E+00  3.8287E-01  0.0000E+00  1.6430E+00  1.6401E+00  0.0000E+00  0.0000E+00
  3.9000E+01  1.7600E+02  0.0000E+00  9.1000E-01  0.0000E+00  0.0000E+00  2.0000E+00  0.0000E+00  9.5787E-01  5.5605E+00  4.2587E+01  9.5531E-01 -2.5055E-01  0.0000E+00  9.1000E-01  1.2927E+00  0.0000E+00  0.0000E+00
  3.9000E+01  1.8000E+02  0.0000E+00  6.3500E-01  0.0000E+00  0.0000E+00  2.0000E+00  0.0000E+00  9.5787E-01  5.5605E+00  4.2587E+01  5.6739E-01  4.3483E-01  0.0000E+00  6.3500E-01  1.0037E+00  0.0000E+00  0.0000E+00
  3.9000E+01  1.9200E+02  0.0000E+00  2.5000E-01  0.0000E+00  0.0000E+00  2.0000E+00  1.0000E+00  9.5787E-01  5.5605E+00  4.2587E+01  1.1842E-01  9.3663E-01  0.0000E+00  2.5000E-01  5.7999E-01  0.0000E+00  0.0000E+00
  3.9000E+01  3.3600E+02  1.0000E+02  0.0000E+00  1.0000E+00  1.0000E+00  3.0000E+00  0.0000E+00  9.5787E-01  5.5605E+00  4.2587E+01  8.0887E-10 -5.7877E-09  0.0000E+00  0.0000E+00  5.1621E-05  0.0000E+00  0.0000E+00
  3.9000E+01  3.3650E+02  0.0000E+00  1.0470E+00  0.0000E+00  0.0000E+00  3.0000E+00  0.0000E+00  9.5787E-01  5.5605E+00  4.2587E+01  8.6281E-01  1.0586E+00  0.0000E+00  1.0470E+00  8.4603E-01  0.0000E+00  0.0000E+00
  3.9000E+01  3.3700E+02  0.0000E+00  1.2890E+00  0.0000E+00  0.0000E+00  3.0000E+00  0.0000E+00  9.5787E-01  5.5605E+00  4.2587E+01  1.3427E+00 -2.5182E-01  0.0000E+00  1.2890E+00  1.3057E+00  0.0000E+00  0.0000E+00
  3.9000E+01  3.3800E+02  0.0000E+00  1.4430E+00  0.0000E+00  0.0000E+00  3.0000E+00  0.0000E+00  9.5787E-01  5.5605E+00  4.2587E+01  1.6936E+00 -1.0154E+00  0.0000E+00  1.4430E+00  1.6566E+00  0.0000E+00  0.0000E+00
  3.9000E+01  3.4000E+02  0.0000E+00  1.7070E+00  0.0000E+00  0.0000E+00  3.0000E+00  0.0000E+00  9.5787E-01  5.5605E+00  4.2587E+01  1.5537E+00  6.5736E-01  0.0000E+00  1.7070E+00  1.6401E+00  0.0000E+00  0.0000E+00
  3.9000E+01  3.4400E+02  0.0000E+00  8.2100E-01  0.0000E+00  0.0000E+00  3.0000E+00  0.0000E+00  9.5787E-01  5.5605E+00  4.2587E+01  9.5531E-01 -7.4272E-01  0.0000E+00  8.2100E-01  1.2927E+00  0.0000E+00  0.0000E+00
  3.9000E+01  3.4800E+02  0.0000E+00  2.5000E-01  0.0000E+00  0.0000E+00  3.0000E+00  1.0000E+00  9.5787E-01  5.5605E+00  4.2587E+01  5.6739E-01 -2.0412E+00  0.0000E+00  2.5000E-01  3.1757E-03  0.0000E+00  0.0000E+00
  3.9000E+01  3.6000E+02  0.0000E+00  2.5000E-01  0.0000E+00  0.0000E+00  3.0000E+00  1.0000E+00  9.5787E-01  5.5605E+00  4.2587E+01  1.1842E-01  9.3663E-01  0.0000E+00  2.5000E-01  5.7999E-01  0.0000E+00  0.0000E+00
  4.0000E+01  0.0000E+00  1.0000E+02  0.0000E+00  1.0000E+00  1.0000E+00  1.0000E+00  0.0000E+00  5.0401E-01  3.8498E+00  5.3080E+01  0.0000E+00  0.0000E+00  0.0000E+00  0.0000E+00  0.0000E+00  0.0000E+00  0.0000E+00
  4.0000E+01  5.0000E-01  0.0000E+00  2.5000E-01  0.0000E+00  0.0000E+00  1.0000E+00  1.0000E+00  5.0401E-01  3.8498E+00  5.3080E+01  4.1184E-01 -1.0916E+00  0.0000E+00  2.5000E-01  2.2629E-02  0.0000E+00  0.0000E+00
  4.0000E+01  1.0000E+00  0.0000E+00  2.5000E-01  0.0000E+00  0.0000E+00  1.0000E+00  1.0000E+00  5.0401E-01  3.8498E+00  5.3080E+01  7.1727E-01 -2.8461E+00  0.0000E+00  2.5000E-01  6.2754E-05  0.0000E+00  0.0000E+00
  4.0000E+01  2.0000E+00  0.0000E+00  6.6000E-01  0.0000E+00  0.0000E+00  1.0000E+00  0.0000E+00  5.0401E-01  3.8498E+00  5.3080E+01  1.1004E+00 -2.2894E+00  0.0000E+00  6.6000E-01  1.6565E+00  0.0000E+00  0.0000E+00
  4.0000E+01  4.0000E+00  0.0000E+00  1.2160E+00  0.0000E+00  0.0000E+00  1.0000E+00  0.0000E+00  5.0401E-01  3.8498E+00  5.3080E+01  1.3534E+00 -6.4081E-01  0.0000E+00  1.2160E+00  1.6400E+00  0.0000E+00  0.0000E+00
  4.0000E+01  8.0000E+00  0.0000E+00  1.2380E+00  0.0000E+00  0.0000E+00  1.0000E+00  0.0000E+00  5.0401E-01  3.8498E+00  5.3080E+01  1.1928E+00  2.2579E-01  0.0000E+00  1.2380E+00  1.2926E+00  0.0000E+00  0.0000E+00
  4.0000E+01  1.2000E+01  0.0000E+00  1.2120E+00  0.0000E+00  0.0000E+00  1.0000E+00  0.0000E+00  5.0401E-01  3.8498E+00  5.3080E+01  9.1644E-01  1.6614E+00  0.0000E+00  1.2120E+00  1.0037E+00  0.0000E+00  0.0000E+00
  4.0000E+01  2.4000E+01  0.0000E+00  2.5000E-01  0.0000E+00  0.0000E+00  1.0000E+00  1.0000E+00  5.0401E-01  3.8498E+00  5.3080E+01  3.8597E-01 -9.2344E-01  0.0000E+00  2.5000E-01  5.8002E-01  0.0000E+00  0.0000E+00
  4.0000E+01  1.6800E+02  1.0000E+02  0.0000E+00  1.0000E+00  1.0000E+00  2.0000E+00  0.0000E+00  5.0401E-01  3.8498E+00  5.3080E+01  1.1239E-05 -8.0415E-05  0.0000E+00  0.0000E+00  5.1620E-05  0.0000E+00  0.0000E+00
  4.0000E+01  1.6850E+02  0.0000E+00  2.5000E-01  0.0000E+00  0.0000E+00  2.0000E+00  1.0000E+00  5.0401E-01  3.8498E+00  5.3080E+01  4.1185E-01 -1.0917E+00  0.0000E+00  2.5000E-01  2.2616E-02  0.0000E+00  0.0000E+00
  4.0000E+01  1.6900E+02  0.0000E+00  7.2900E-01  0.0000E+00  0.0000E+00  2.0000E+00  0.0000E+00  5.0401E-01  3.8498E+00  5.3080E+01  7.1728E-01  7.1407E-02  0.0000E+00  7.2900E-01  1.3057E+00  0.0000E+00  0.0000E+00
  4.0000E+01  1.7000E+02  0.0000E+00  1.0690E+00  0.0000E+00  0.0000E+00  2.0000E+00  0.0000E+00  5.0401E-01  3.8498E+00  5.3080E+01  1.1004E+00 -1.6322E-01  0.0000E+00  1.0690E+00  1.6566E+00  0.0000E+00  0.0000E+00
  4.0000E+01  1.7200E+02  0.0000E+00  9.8300E-01  0.0000E+00  0.0000E+00  2.0000E+00  0.0000E+00  5.0401E-01  3.8498E+00  5.3080E+01  1.3534E+00 -1.7277E+00  0.0000E+00  9.8300E-01  1.6401E+00  0.0000E+00  0.0000E+00
  4.0000E+01  1.7600E+02  0.0000E+00  1.2270E+00  0.0000E+00  0.0000E+00  2.0000E+00  0.0000E+00  5.0401E-01  3.8498E+00  5.3080E+01  1.1928E+00  1.7080E-01  0.0000E+00  1.2270E+00  1.2927E+00  0.0000E+00  0.0000E+00
  4.0000E+01  1.8000E+02  0.0000E+00  8.8400E-01  0.0000E+00  0.0000E+00  2.0000E+00  0.0000E+00  5.0401E-01  3.8498E+00  5.3080E+01  9.1644E-01 -1.8235E-01  0.0000E+00  8.8400E-01  1.0037E+00  0.0000E+00  0.0000E+00
  4.0000E+01  1.9200E+02  0.0000E+00  2.5000E-01  0.0000E+00  0.0000E+00  2.0000E+00  1.0000E+00  5.0401E-01  3.8498E+00  5.3080E+01  3.8597E-01 -9.2345E-01  0.0000E+00  2.5000E-01  5.7999E-01  0.0000E+00  0.0000E+00
  4.0000E+01  3.3600E+02  1.0000E+02  0.0000E+00  1.0000E+00  1.0000E+00  3.0000E+00  0.0000E+00  5.0401E-01  3.8498E+00  5.3080E+01  1.1239E-05 -8.0415E-05  0.0000E+00  0.0000E+00  5.1621E-05  0.0000E+00  0.0000E+00
  4.0000E+01  3.3650E+02  0.0000E+00  6.1700E-01  0.0000E+00  0.0000E+00  3.0000E+00  0.0000E+00  5.0401E-01  3.8498E+00  5.3080E+01  4.1185E-01  1.3838E+00  0.0000E+00  6.1700E-01  8.4603E-01  0.0000E+00  0.0000E+00
  4.0000E+01  3.3700E+02  0.0000E+00  8.1600E-01  0.0000E+00  0.0000E+00  3.0000E+00  0.0000E+00  5.0401E-01  3.8498E+00  5.3080E+01  7.1728E-01  6.0131E-01  0.0000E+00  8.1600E-01  1.3057E+00  0.0000E+00  0.0000E+00
  4.0000E+01  3.3800E+02  0.0000E+00  1.4360E+00  0.0000E+00  0.0000E+00  3.0000E+00  0.0000E+00  5.0401E-01  3.8498E+00  5.3080E+01  1.1004E+00  1.7446E+00  0.0000E+00  1.4360E+00  1.6566E+00  0.0000E+00  0.0000E+00
  4.0000E+01  3.4000E+02  0.0000E+00  1.7070E+00  0.0000E+00  0.0000E+00  3.0000E+00  0.0000E+00  5.0401E-01  3.8498E+00  5.3080E+01  1.3534E+00  1.6494E+00  0.0000E+00  1.7070E+00  1.6401E+00  0.0000E+00  0.0000E+00
  4.0000E+01  3.4400E+02  0.0000E+00  1.2490E+00  0.0000E+00  0.0000E+00  3.0000E+00  0.0000E+00  5.0401E-01  3.8498E+00  5.3080E+01  1.1928E+00  2.8071E-01  0.0000E+00  1.2490E+00  1.2927E+00  0.0000E+00  0.0000E+00
  4.0000E+01  3.4800E+02  0.0000E+00  8.4300E-01  0.0000E+00  0.0000E+00  3.0000E+00  0.0000E+00  5.0401E-01  3.8498E+00  5.3080E+01  9.1644E-01 -4.1281E-01  0.0000E+00  8.4300E-01  1.0037E+00  0.0000E+00  0.0000E+00
  4.0000E+01  3.6000E+02  0.0000E+00  2.5000E-01  0.0000E+00  0.0000E+00  3.0000E+00  1.0000E+00  5.0401E-01  3.8498E+00  5.3080E+01  3.8597E-01 -9.2345E-01  0.0000E+00  2.5000E-01  5.7999E-01  0.0000E+00  0.0000E+00
  4.1000E+01  0.0000E+00  1.0000E+02  0.0000E+00  1.0000E+00  1.0000E+00  1.0000E+00  0.0000E+00  1.2322E+00  1.0313E+00  5.4602E+01  0.0000E+00  0.0000E+00  0.0000E+00  0.0000E+00  0.0000E+00  0.0000E+00  0.0000E+00
  4.1000E+01  5.0000E-01  0.0000E+00  8.3000E-01  0.0000E+00  0.0000E+00  1.0000E+00  0.0000E+00  1.2322E+00  1.0313E+00  5.4602E+01  8.3801E-01 -4.6529E-02 -1.6089E-01  8.3000E-01  8.4598E-01 -1.5978E-02 -3.1664E-01
  4.1000E+01  1.0000E+00  0.0000E+00  1.0470E+00  0.0000E+00  0.0000E+00  1.0000E+00  0.0000E+00  1.2322E+00  1.0313E+00  5.4602E+01  1.2827E+00 -1.1331E+00 -1.3355E+00  1.0470E+00  1.3057E+00 -2.5866E-01 -1.3331E+00
  4.1000E+01  2.0000E+00  0.0000E+00  1.5540E+00  0.0000E+00  0.0000E+00  1.0000E+00  0.0000E+00  1.2322E+00  1.0313E+00  5.4602E+01  1.6328E+00 -3.2718E-01 -6.1701E-01  1.5540E+00  1.6565E+00 -1.0253E-01 -4.5876E-01
  4.1000E+01  4.0000E+00  0.0000E+00  1.6600E+00  0.0000E+00  0.0000E+00  1.0000E+00  0.0000E+00  1.2322E+00  1.0313E+00  5.4602E+01  1.7111E+00 -2.0578E-01 -4.8365E-01  1.6600E+00  1.6400E+00  1.9980E-02 -3.3723E-01
  4.1000E+01  8.0000E+00  0.0000E+00  1.6400E+00  0.0000E+00  0.0000E+00  1.0000E+00  0.0000E+00  1.2322E+00  1.0313E+00  5.4602E+01  1.5990E+00  1.7254E-01  6.2310E-02  1.6400E+00  1.2926E+00  3.4738E-01 -8.6253E-02
  4.1000E+01  1.2000E+01  0.0000E+00  1.6970E+00  0.0000E+00  0.0000E+00  1.0000E+00  0.0000E+00  1.2322E+00  1.0313E+00  5.4602E+01  1.4828E+00  9.4636E-01  9.9784E-01  1.6970E+00  1.0037E+00  6.9330E-01  8.5373E-01
  4.1000E+01  2.4000E+01  0.0000E+00  1.4070E+00  0.0000E+00  0.0000E+00  1.0000E+00  0.0000E+00  1.2322E+00  1.0313E+00  5.4602E+01  1.1821E+00  1.1291E+00  1.5576E+00  1.4070E+00  4.6957E-01  9.3743E-01  2.1212E+00
  4.1000E+01  1.6800E+02  1.0000E+02  0.0000E+00  1.0000E+00  1.0000E+00  2.0000E+00  0.0000E+00  1.2322E+00  1.0313E+00  5.4602E+01  7.7887E-02 -5.5606E-01  0.0000E+00  0.0000E+00  5.1620E-05  0.0000E+00  0.0000E+00
  4.1000E+01  1.6850E+02  0.0000E+00  1.0890E+00  0.0000E+00  0.0000E+00  2.0000E+00  0.0000E+00  1.2322E+00  1.0313E+00  5.4602E+01  9.1517E-01  9.7762E-01  1.2120E+00  1.0890E+00  8.4603E-01  2.4297E-01  1.1670E+00
  4.1000E+01  1.6900E+02  0.0000E+00  1.5070E+00  0.0000E+00  0.0000E+00  2.0000E+00  0.0000E+00  1.2322E+00  1.0313E+00  5.4602E+01  1.3591E+00  6.8807E-01  8.1733E-01  1.5070E+00  1.3057E+00  2.0130E-01  8.2552E-01
  4.1000E+01  1.7000E+02  0.0000E+00  1.8680E+00  0.0000E+00  0.0000E+00  2.0000E+00  0.0000E+00  1.2322E+00  1.0313E+00  5.4602E+01  1.7078E+00  6.4542E-01  6.7141E-01  1.8680E+00  1.6566E+00  2.1142E-01  8.1825E-01
  4.1000E+01  1.7200E+02  0.0000E+00  1.6670E+00  0.0000E+00  0.0000E+00  2.0000E+00  0.0000E+00  1.2322E+00  1.0313E+00  5.4602E+01  1.7834E+00 -4.5496E-01 -4.2748E-01  1.6670E+00  1.6401E+00  2.6940E-02 -3.1025E-01
  4.1000E+01  1.7600E+02  0.0000E+00  1.6870E+00  0.0000E+00  0.0000E+00  2.0000E+00  0.0000E+00  1.2322E+00  1.0313E+00  5.4602E+01  1.6660E+00  8.6121E-02  2.6861E-01  1.6870E+00  1.2927E+00  3.9435E-01  1.3445E-01
  4.1000E+01  1.8000E+02  0.0000E+00  1.7440E+00  0.0000E+00  0.0000E+00  2.0000E+00  0.0000E+00  1.2322E+00  1.0313E+00  5.4602E+01  1.5448E+00  8.5730E-01  1.1894E+00  1.7440E+00  1.0037E+00  7.4028E-01  1.1031E+00
  4.1000E+01  1.9200E+02  0.0000E+00  1.3380E+00  0.0000E+00  0.0000E+00  2.0000E+00  0.0000E+00  1.2322E+00  1.0313E+00  5.4602E+01  1.2316E+00  5.2305E-01  1.1977E+00  1.3380E+00  4.6958E-01  8.6842E-01  1.6656E+00
  4.1000E+01  3.3600E+02  1.0000E+02  0.0000E+00  1.0000E+00  1.0000E+00  3.0000E+00  0.0000E+00  1.2322E+00  1.0313E+00  5.4602E+01  8.1148E-02 -5.7923E-01  0.0000E+00  0.0000E+00  5.1621E-05  0.0000E+00  0.0000E+00
  4.1000E+01  3.3650E+02  0.0000E+00  8.0300E-01  0.0000E+00  0.0000E+00  3.0000E+00  0.0000E+00  1.2322E+00  1.0313E+00  5.4602E+01  9.1840E-01 -6.4813E-01 -3.8376E-01  8.0300E-01  8.4603E-01 -4.3028E-02 -4.7487E-01
  4.1000E+01  3.3700E+02  0.0000E+00  1.5370E+00  0.0000E+00  0.0000E+00  3.0000E+00  0.0000E+00  1.2322E+00  1.0313E+00  5.4602E+01  1.3623E+00  8.1167E-01  9.6929E-01  1.5370E+00  1.3057E+00  2.3130E-01  9.6645E-01
  4.1000E+01  3.3800E+02  0.0000E+00  1.6410E+00  0.0000E+00  0.0000E+00  3.0000E+00  0.0000E+00  1.2322E+00  1.0313E+00  5.4602E+01  1.7109E+00 -2.8139E-01 -2.2856E-01  1.6410E+00  1.6566E+00 -1.5578E-02 -1.0635E-01
  4.1000E+01  3.4000E+02  0.0000E+00  1.5040E+00  0.0000E+00  0.0000E+00  3.0000E+00  0.0000E+00  1.2322E+00  1.0313E+00  5.4602E+01  1.7864E+00 -1.1027E+00 -1.0495E+00  1.5040E+00  1.6401E+00 -1.3606E-01 -9.7984E-01
  4.1000E+01  3.4400E+02  0.0000E+00  1.6490E+00  0.0000E+00  0.0000E+00  3.0000E+00  0.0000E+00  1.2322E+00  1.0313E+00  5.4602E+01  1.6688E+00 -8.0958E-02  1.2601E-01  1.6490E+00  1.2927E+00  3.5635E-01 -4.5331E-02
  4.1000E+01  3.4800E+02  0.0000E+00  1.4260E+00  0.0000E+00  0.0000E+00  3.0000E+00  0.0000E+00  1.2322E+00  1.0313E+00  5.4602E+01  1.5474E+00 -5.2221E-01 -1.6681E-01  1.4260E+00  1.0037E+00  4.2228E-01 -5.9430E-01
  4.1000E+01  3.6000E+02  0.0000E+00  1.0940E+00  0.0000E+00  0.0000E+00  3.0000E+00  0.0000E+00  1.2322E+00  1.0313E+00  5.4602E+01  1.2336E+00 -6.8548E-01  8.9906E-03  1.0940E+00  4.6958E-01  6.2442E-01  5.7825E-02
  4.2000E+01  0.0000E+00  1.0000E+02  0.0000E+00  1.0000E+00  1.0000E+00  1.0000E+00  0.0000E+00  1.2691E+00  5.9486E+00  5.3605E+01  0.0000E+00  0.0000E+00  0.0000E+00  0.0000E+00  0.0000E+00  0.0000E+00  0.0000E+00
  4.2000E+01  5.0000E-01  0.0000E+00  1.2670E+00  0.0000E+00  0.0000E+00  1.0000E+00  0.0000E+00  1.2691E+00  5.9486E+00  5.3605E+01  8.5013E-01  2.4084E+00  0.0000E+00  1.2670E+00  8.4598E-01  0.0000E+00  0.0000E+00
  4.2000E+01  1.0000E+00  0.0000E+00  1.5590E+00  0.0000E+00  0.0000E+00  1.0000E+00  0.0000E+00  1.2691E+00  5.9486E+00  5.3605E+01  1.2549E+00  1.4791E+00  0.0000E+00  1.5590E+00  1.3057E+00  0.0000E+00  0.0000E+00
  4.2000E+01  2.0000E+00  0.0000E+00  1.7930E+00  0.0000E+00  0.0000E+00  1.0000E+00  0.0000E+00  1.2691E+00  5.9486E+00  5.3605E+01  1.4759E+00  1.4049E+00  0.0000E+00  1.7930E+00  1.6565E+00  0.0000E+00  0.0000E+00
  4.2000E+01  4.0000E+00  0.0000E+00  1.2440E+00  0.0000E+00  0.0000E+00  1.0000E+00  0.0000E+00  1.2691E+00  5.9486E+00  5.3605E+01  1.2987E+00 -2.6118E-01  0.0000E+00  1.2440E+00  1.6400E+00  0.0000E+00  0.0000E+00
  4.2000E+01  8.0000E+00  0.0000E+00  7.9200E-01  0.0000E+00  0.0000E+00  1.0000E+00  0.0000E+00  1.2691E+00  5.9486E+00  5.3605E+01  8.4127E-01 -2.8570E-01  0.0000E+00  7.9200E-01  1.2926E+00  0.0000E+00  0.0000E+00
  4.2000E+01  1.2000E+01  0.0000E+00  2.5000E-01  0.0000E+00  0.0000E+00  1.0000E+00  1.0000E+00  1.2691E+00  5.9486E+00  5.3605E+01  5.3976E-01 -1.8808E+00  0.0000E+00  2.5000E-01  3.1767E-03  0.0000E+00  0.0000E+00
  4.2000E+01  2.4000E+01  0.0000E+00  2.5000E-01  0.0000E+00  0.0000E+00  1.0000E+00  1.0000E+00  1.2691E+00  5.9486E+00  5.3605E+01  1.4252E-01  7.6337E-01  0.0000E+00  2.5000E-01  5.8002E-01  0.0000E+00  0.0000E+00
  4.2000E+01  1.6800E+02  1.0000E+02  0.0000E+00  1.0000E+00  1.0000E+00  2.0000E+00  0.0000E+00  1.2691E+00  5.9486E+00  5.3605E+01  1.6362E-08 -1.1708E-07  0.0000E+00  0.0000E+00  5.1620E-05  0.0000E+00  0.0000E+00
  4.2000E+01  1.6850E+02  0.0000E+00  8.3600E-01  0.0000E+00  0.0000E+00  2.0000E+00  0.0000E+00  1.2691E+00  5.9486E+00  5.3605E+01  8.5013E-01 -8.1617E-02  0.0000E+00  8.3600E-01  8.4603E-01  0.0000E+00  0.0000E+00
  4.2000E+01  1.6900E+02  0.0000E+00  1.1130E+00  0.0000E+00  0.0000E+00  2.0000E+00  0.0000E+00  1.2691E+00  5.9486E+00  5.3605E+01  1.2549E+00 -6.9054E-01  0.0000E+00  1.1130E+00  1.3057E+00  0.0000E+00  0.0000E+00
  4.2000E+01  1.7000E+02  0.0000E+00  1.5930E+00  0.0000E+00  0.0000E+00  2.0000E+00  0.0000E+00  1.2691E+00  5.9486E+00  5.3605E+01  1.4759E+00  5.1889E-01  0.0000E+00  1.5930E+00  1.6566E+00  0.0000E+00  0.0000E+00
  4.2000E+01  1.7200E+02  0.0000E+00  1.3230E+00  0.0000E+00  0.0000E+00  2.0000E+00  0.0000E+00  1.2691E+00  5.9486E+00  5.3605E+01  1.2987E+00  1.1600E-01  0.0000E+00  1.3230E+00  1.6401E+00  0.0000E+00  0.0000E+00
  4.2000E+01  1.7600E+02  0.0000E+00  1.1490E+00  0.0000E+00  0.0000E+00  2.0000E+00  0.0000E+00  1.2691E+00  5.9486E+00  5.3605E+01  8.4127E-01  1.7843E+00  0.0000E+00  1.1490E+00  1.2927E+00  0.0000E+00  0.0000E+00
  4.2000E+01  1.8000E+02  0.0000E+00  7.3100E-01  0.0000E+00  0.0000E+00  2.0000E+00  0.0000E+00  1.2691E+00  5.9486E+00  5.3605E+01  5.3976E-01  1.2413E+00  0.0000E+00  7.3100E-01  1.0037E+00  0.0000E+00  0.0000E+00
  4.2000E+01  1.9200E+02  0.0000E+00  2.5000E-01  0.0000E+00  0.0000E+00  2.0000E+00  1.0000E+00  1.2691E+00  5.9486E+00  5.3605E+01  1.4252E-01  7.6337E-01  0.0000E+00  2.5000E-01  5.7999E-01  0.0000E+00  0.0000E+00
  4.2000E+01  3.3600E+02  1.0000E+02  0.0000E+00  1.0000E+00  1.0000E+00  3.0000E+00  0.0000E+00  1.2691E+00  5.9486E+00  5.3605E+01  1.6362E-08 -1.1708E-07  0.0000E+00  0.0000E+00  5.1621E-05  0.0000E+00  0.0000E+00
  4.2000E+01  3.3650E+02  0.0000E+00  2.5000E-01  0.0000E+00  0.0000E+00  3.0000E+00  1.0000E+00  1.2691E+00  5.9486E+00  5.3605E+01  8.5013E-01 -3.4672E+00  0.0000E+00  2.5000E-01  2.2616E-02  0.0000E+00  0.0000E+00
  4.2000E+01  3.3700E+02  0.0000E+00  9.5500E-01  0.0000E+00  0.0000E+00  3.0000E+00  0.0000E+00  1.2691E+00  5.9486E+00  5.3605E+01  1.2549E+00 -1.4592E+00  0.0000E+00  9.5500E-01  1.3057E+00  0.0000E+00  0.0000E+00
  4.2000E+01  3.3800E+02  0.0000E+00  1.0070E+00  0.0000E+00  0.0000E+00  3.0000E+00  0.0000E+00  1.2691E+00  5.9486E+00  5.3605E+01  1.4759E+00 -2.0770E+00  0.0000E+00  1.0070E+00  1.6566E+00  0.0000E+00  0.0000E+00
  4.2000E+01  3.4000E+02  0.0000E+00  1.1380E+00  0.0000E+00  0.0000E+00  3.0000E+00  0.0000E+00  1.2691E+00  5.9486E+00  5.3605E+01  1.2987E+00 -7.6728E-01  0.0000E+00  1.1380E+00  1.6401E+00  0.0000E+00  0.0000E+00
  4.2000E+01  3.4400E+02  0.0000E+00  7.2500E-01  0.0000E+00  0.0000E+00  3.0000E+00  0.0000E+00  1.2691E+00  5.9486E+00  5.3605E+01  8.4127E-01 -6.7418E-01  0.0000E+00  7.2500E-01  1.2927E+00  0.0000E+00  0.0000E+00
  4.2000E+01  3.4800E+02  0.0000E+00  2.5000E-01  0.0000E+00  0.0000E+00  3.0000E+00  1.0000E+00  1.2691E+00  5.9486E+00  5.3605E+01  5.3976E-01 -1.8808E+00  0.0000E+00  2.5000E-01  3.1757E-03  0.0000E+00  0.0000E+00
  4.2000E+01  3.6000E+02  0.0000E+00  2.5000E-01  0.0000E+00  0.0000E+00  3.0000E+00  1.0000E+00  1.2691E+00  5.9486E+00  5.3605E+01  1.4252E-01  7.6337E-01  0.0000E+00  2.5000E-01  5.7999E-01  0.0000E+00  0.0000E+00
  4.3000E+01  0.0000E+00  1.0000E+02  0.0000E+00  1.0000E+00  1.0000E+00  1.0000E+00  0.0000E+00  8.5348E-01  3.8112E+00  6.7471E+01  0.0000E+00  0.0000E+00  0.0000E+00  0.0000E+00  0.0000E+00  0.0000E+00  0.0000E+00
  4.3000E+01  5.0000E-01  0.0000E+00  6.0400E-01  0.0000E+00  0.0000E+00  1.0000E+00  0.0000E+00  8.5348E-01  3.8112E+00  6.7471E+01  5.0713E-01  6.3540E-01  0.0000E+00  6.0400E-01  8.4598E-01  0.0000E+00  0.0000E+00
  4.3000E+01  1.0000E+00  0.0000E+00  8.8300E-01  0.0000E+00  0.0000E+00  1.0000E+00  0.0000E+00  8.5348E-01  3.8112E+00  6.7471E+01  8.2398E-01  3.4466E-01  0.0000E+00  8.8300E-01  1.3057E+00  0.0000E+00  0.0000E+00
  4.3000E+01  2.0000E+00  0.0000E+00  1.1660E+00  0.0000E+00  0.0000E+00  1.0000E+00  0.0000E+00  8.5348E-01  3.8112E+00  6.7471E+01  1.1297E+00  1.8647E-01  0.0000E+00  1.1660E+00  1.6565E+00  0.0000E+00  0.0000E+00
  4.3000E+01  4.0000E+00  0.0000E+00  1.1930E+00  0.0000E+00  0.0000E+00  1.0000E+00  0.0000E+00  8.5348E-01  3.8112E+00  6.7471E+01  1.2139E+00 -1.0368E-01  0.0000E+00  1.1930E+00  1.6400E+00  0.0000E+00  0.0000E+00
  4.3000E+01  8.0000E+00  0.0000E+00  8.4100E-01  0.0000E+00  0.0000E+00  1.0000E+00  0.0000E+00  8.5348E-01  3.8112E+00  6.7471E+01  1.0084E+00 -9.0508E-01  0.0000E+00  8.4100E-01  1.2926E+00  0.0000E+00  0.0000E+00
  4.3000E+01  1.2000E+01  0.0000E+00  5.0600E-01  0.0000E+00  0.0000E+00  1.0000E+00  0.0000E+00  8.5348E-01  3.8112E+00  6.7471E+01  8.0577E-01 -1.7633E+00  0.0000E+00  5.0600E-01  1.0037E+00  0.0000E+00  0.0000E+00
  4.3000E+01  2.4000E+01  0.0000E+00  2.5000E-01  0.0000E+00  0.0000E+00  1.0000E+00  1.0000E+00  8.5348E-01  3.8112E+00  6.7471E+01  4.0913E-01 -1.0741E+00  0.0000E+00  2.5000E-01  5.8002E-01  0.0000E+00  0.0000E+00
  4.3000E+01  1.6800E+02  1.0000E+02  0.0000E+00  1.0000E+00  1.0000E+00  2.0000E+00  0.0000E+00  8.5348E-01  3.8112E+00  6.7471E+01  1.2003E-04 -8.5884E-04  0.0000E+00  0.0000E+00  5.1620E-05  0.0000E+00  0.0000E+00
  4.3000E+01  1.6850E+02  0.0000E+00  5.1900E-01  0.0000E+00  0.0000E+00  2.0000E+00  0.0000E+00  8.5348E-01  3.8112E+00  6.7471E+01  5.0725E-01  7.7096E-02  0.0000E+00  5.1900E-01  8.4603E-01  0.0000E+00  0.0000E+00
  4.3000E+01  1.6900E+02  0.0000E+00  8.4900E-01  0.0000E+00  0.0000E+00  2.0000E+00  0.0000E+00  8.5348E-01  3.8112E+00  6.7471E+01  8.2409E-01  1.4546E-01  0.0000E+00  8.4900E-01  1.3057E+00  0.0000E+00  0.0000E+00
  4.3000E+01  1.7000E+02  0.0000E+00  1.2250E+00  0.0000E+00  0.0000E+00  2.0000E+00  0.0000E+00  8.5348E-01  3.8112E+00  6.7471E+01  1.1298E+00  4.8877E-01  0.0000E+00  1.2250E+00  1.6566E+00  0.0000E+00  0.0000E+00
  4.3000E+01  1.7200E+02  0.0000E+00  1.2030E+00  0.0000E+00  0.0000E+00  2.0000E+00  0.0000E+00  8.5348E-01  3.8112E+00  6.7471E+01  1.2140E+00 -5.4640E-02  0.0000E+00  1.2030E+00  1.6401E+00  0.0000E+00  0.0000E+00
  4.3000E+01  1.7600E+02  0.0000E+00  9.7300E-01  0.0000E+00  0.0000E+00  2.0000E+00  0.0000E+00  8.5348E-01  3.8112E+00  6.7471E+01  1.0085E+00 -1.9175E-01  0.0000E+00  9.7300E-01  1.2927E+00  0.0000E+00  0.0000E+00
  4.3000E+01  1.8000E+02  0.0000E+00  9.7700E-01  0.0000E+00  0.0000E+00  2.0000E+00  0.0000E+00  8.5348E-01  3.8112E+00  6.7471E+01  8.0583E-01  1.0069E+00  0.0000E+00  9.7700E-01  1.0037E+00  0.0000E+00  0.0000E+00
  4.3000E+01  1.9200E+02  0.0000E+00  2.5000E-01  0.0000E+00  0.0000E+00  2.0000E+00  1.0000E+00  8.5348E-01  3.8112E+00  6.7471E+01  4.0916E-01 -1.0743E+00  0.0000E+00  2.5000E-01  5.7999E-01  0.0000E+00  0.0000E+00
  4.3000E+01  3.3600E+02  1.0000E+02  0.0000E+00  1.0000E+00  1.0000E+00  3.0000E+00  0.0000E+00  8.5348E-01  3.8112E+00  6.7471E+01  1.2004E-04 -8.5891E-04  0.0000E+00  0.0000E+00  5.1621E-05  0.0000E+00  0.0000E+00
  4.3000E+01  3.3650E+02  0.0000E+00  2.5000E-01  0.0000E+00  0.0000E+00  3.0000E+00  1.0000E+00  8.5348E-01  3.8112E+00  6.7471E+01  5.0725E-01 -1.6873E+00  0.0000E+00  2.5000E-01  2.2616E-02  0.0000E+00  0.0000E+00
  4.3000E+01  3.3700E+02  0.0000E+00  7.3500E-01  0.0000E+00  0.0000E+00  3.0000E+00  0.0000E+00  8.5348E-01  3.8112E+00  6.7471E+01  8.2409E-01 -5.2019E-01  0.0000E+00  7.3500E-01  1.3057E+00  0.0000E+00  0.0000E+00
  4.3000E+01  3.3800E+02  0.0000E+00  1.0530E+00  0.0000E+00  0.0000E+00  3.0000E+00  0.0000E+00  8.5348E-01  3.8112E+00  6.7471E+01  1.1298E+00 -3.9416E-01  0.0000E+00  1.0530E+00  1.6566E+00  0.0000E+00  0.0000E+00
  4.3000E+01  3.4000E+02  0.0000E+00  1.0660E+00  0.0000E+00  0.0000E+00  3.0000E+00  0.0000E+00  8.5348E-01  3.8112E+00  6.7471E+01  1.2140E+00 -7.3291E-01  0.0000E+00  1.0660E+00  1.6401E+00  0.0000E+00  0.0000E+00
  4.3000E+01  3.4400E+02  0.0000E+00  1.0990E+00  0.0000E+00  0.0000E+00  3.0000E+00  0.0000E+00  8.5348E-01  3.8112E+00  6.7471E+01  1.0085E+00  4.8952E-01  0.0000E+00  1.0990E+00  1.2927E+00  0.0000E+00  0.0000E+00
  4.3000E+01  3.4800E+02  0.0000E+00  9.7300E-01  0.0000E+00  0.0000E+00  3.0000E+00  0.0000E+00  8.5348E-01  3.8112E+00  6.7471E+01  8.0583E-01  9.8334E-01  0.0000E+00  9.7300E-01  1.0037E+00  0.0000E+00  0.0000E+00
  4.3000E+01  3.6000E+02  0.0000E+00  5.8700E-01  0.0000E+00  0.0000E+00  3.0000E+00  0.0000E+00  8.5348E-01  3.8112E+00  6.7471E+01  4.0916E-01  1.2004E+00  0.0000E+00  5.8700E-01  4.6958E-01  0.0000E+00  0.0000E+00
  4.4000E+01  0.0000E+00  1.0000E+02  0.0000E+00  1.0000E+00  1.0000E+00  1.0000E+00  0.0000E+00  8.5996E-01  1.2848E+00  4.8874E+01  0.0000E+00  0.0000E+00  0.0000E+00  0.0000E+00  0.0000E+00  0.0000E+00  0.0000E+00
  4.4000E+01  5.0000E-01  0.0000E+00  7.7300E-01  0.0000E+00  0.0000E+00  1.0000E+00  0.0000E+00  8.5996E-01  1.2848E+00  4.8874E+01  7.1004E-01  3.8453E-01  1.9684E-01  7.7300E-01  8.4598E-01 -7.2978E-02  1.7173E-01
  4.4000E+01  1.0000E+00  0.0000E+00  1.4570E+00  0.0000E+00  0.0000E+00  1.0000E+00  0.0000E+00  8.5996E-01  1.2848E+00  4.8874E+01  1.1627E+00  1.4897E+00  1.2620E+00  1.4570E+00  1.3057E+00  1.5134E-01  1.1941E+00
  4.4000E+01  2.0000E+00  0.0000E+00  1.7440E+00  0.0000E+00  0.0000E+00  1.0000E+00  0.0000E+00  8.5996E-01  1.2848E+00  4.8874E+01  1.6245E+00  4.9778E-01  3.3782E-01  1.7440E+00  1.6565E+00  8.7467E-02  4.1847E-01
  4.4000E+01  4.0000E+00  0.0000E+00  1.2850E+00  0.0000E+00  0.0000E+00  1.0000E+00  0.0000E+00  8.5996E-01  1.2848E+00  4.8874E+01  1.8322E+00 -2.0990E+00 -2.0755E+00  1.2850E+00  1.6400E+00 -3.5502E-01 -2.1452E+00
  4.4000E+01  8.0000E+00  0.0000E+00  1.7740E+00  0.0000E+00  0.0000E+00  1.0000E+00  0.0000E+00  8.5996E-01  1.2848E+00  4.8874E+01  1.7081E+00  2.6534E-01  4.7884E-01  1.7740E+00  1.2926E+00  4.8138E-01  4.2409E-01
  4.4000E+01  1.2000E+01  0.0000E+00  1.2820E+00  0.0000E+00  0.0000E+00  1.0000E+00  0.0000E+00  8.5996E-01  1.2848E+00  4.8874E+01  1.5395E+00 -1.1110E+00 -7.8465E-01  1.2820E+00  1.0037E+00  2.7830E-01 -1.2361E+00
  4.4000E+01  2.4000E+01  0.0000E+00  1.0440E+00  0.0000E+00  0.0000E+00  1.0000E+00  0.0000E+00  8.5996E-01  1.2848E+00  4.8874E+01  1.1231E+00 -4.0713E-01  1.2655E-01  1.0440E+00  4.6957E-01  5.7443E-01  2.5168E-01
  4.4000E+01  1.6800E+02  1.0000E+02  0.0000E+00  1.0000E+00  1.0000E+00  2.0000E+00  0.0000E+00  8.5996E-01  1.2848E+00  4.8874E+01  2.5496E-02 -1.8239E-01  0.0000E+00  0.0000E+00  5.1620E-05  0.0000E+00  0.0000E+00
  4.4000E+01  1.6850E+02  0.0000E+00  5.5600E-01  0.0000E+00  0.0000E+00  2.0000E+00  0.0000E+00  8.5996E-01  1.2848E+00  4.8874E+01  7.3520E-01 -1.0840E+00 -1.1802E+00  5.5600E-01  8.4603E-01 -2.9003E-01 -1.0768E+00
  4.4000E+01  1.6900E+02  0.0000E+00  8.4900E-01  0.0000E+00  0.0000E+00  2.0000E+00  0.0000E+00  8.5996E-01  1.2848E+00  4.8874E+01  1.1875E+00 -1.6951E+00 -1.8342E+00  8.4900E-01  1.3057E+00 -4.5670E-01 -1.6644E+00
  4.4000E+01  1.7000E+02  0.0000E+00  1.6660E+00  0.0000E+00  0.0000E+00  2.0000E+00  0.0000E+00  8.5996E-01  1.2848E+00  4.8874E+01  1.6487E+00  7.1324E-02 -4.6806E-03  1.6660E+00  1.6566E+00  9.4219E-03  9.9087E-02
  4.4000E+01  1.7200E+02  0.0000E+00  2.0550E+00  0.0000E+00  0.0000E+00  2.0000E+00  0.0000E+00  8.5996E-01  1.2848E+00  4.8874E+01  1.8552E+00  7.5960E-01  8.6201E-01  2.0550E+00  1.6401E+00  4.1494E-01  1.0165E+00
  4.4000E+01  1.7600E+02  0.0000E+00  1.7050E+00  0.0000E+00  0.0000E+00  2.0000E+00  0.0000E+00  8.5996E-01  1.2848E+00  4.8874E+01  1.7288E+00 -9.5037E-02  1.9147E-01  1.7050E+00  1.2927E+00  4.1235E-01  9.6231E-02
  4.4000E+01  1.8000E+02  0.0000E+00  1.5240E+00  0.0000E+00  0.0000E+00  2.0000E+00  0.0000E+00  8.5996E-01  1.2848E+00  4.8874E+01  1.5581E+00 -1.4609E-01  2.4823E-01  1.5240E+00  1.0037E+00  5.2028E-01  5.4334E-02
  4.4000E+01  1.9200E+02  0.0000E+00  1.4210E+00  0.0000E+00  0.0000E+00  2.0000E+00  0.0000E+00  8.5996E-01  1.2848E+00  4.8874E+01  1.1366E+00  1.4554E+00  2.0434E+00  1.4210E+00  4.6958E-01  9.5142E-01  2.7350E+00
  4.4000E+01  3.3600E+02  1.0000E+02  0.0000E+00  1.0000E+00  1.0000E+00  3.0000E+00  0.0000E+00  8.5996E-01  1.2848E+00  4.8874E+01  2.5804E-02 -1.8459E-01  0.0000E+00  0.0000E+00  5.1621E-05  0.0000E+00  0.0000E+00
  4.4000E+01  3.3650E+02  0.0000E+00  6.0400E-01  0.0000E+00  0.0000E+00  3.0000E+00  0.0000E+00  8.5996E-01  1.2848E+00  4.8874E+01  7.3551E-01 -7.9538E-01 -8.8935E-01  6.0400E-01  8.4603E-01 -2.4203E-01 -8.0119E-01
  4.4000E+01  3.3700E+02  0.0000E+00  1.1940E+00  0.0000E+00  0.0000E+00  3.0000E+00  0.0000E+00  8.5996E-01  1.2848E+00  4.8874E+01  1.1878E+00  3.1027E-02 -1.0595E-01  1.1940E+00  1.3057E+00 -1.1170E-01 -4.3591E-02
  4.4000E+01  3.3800E+02  0.0000E+00  1.9920E+00  0.0000E+00  0.0000E+00  3.0000E+00  0.0000E+00  8.5996E-01  1.2848E+00  4.8874E+01  1.6490E+00  1.4149E+00  1.3409E+00  1.9920E+00  1.6566E+00  3.3542E-01  1.4269E+00
  4.4000E+01  3.4000E+02  0.0000E+00  1.8440E+00  0.0000E+00  0.0000E+00  3.0000E+00  0.0000E+00  8.5996E-01  1.2848E+00  4.8874E+01  1.8555E+00 -4.3601E-02  6.0700E-02  1.8440E+00  1.6401E+00  2.0394E-01  1.4970E-01
  4.4000E+01  3.4400E+02  0.0000E+00  2.1320E+00  0.0000E+00  0.0000E+00  3.0000E+00  0.0000E+00  8.5996E-01  1.2848E+00  4.8874E+01  1.7290E+00  1.6097E+00  1.8979E+00  2.1320E+00  1.2927E+00  8.3935E-01  2.1165E+00
  4.4000E+01  3.4800E+02  0.0000E+00  1.2670E+00  0.0000E+00  0.0000E+00  3.0000E+00  0.0000E+00  8.5996E-01  1.2848E+00  4.8874E+01  1.5583E+00 -1.2472E+00 -8.5127E-01  1.2670E+00  1.0037E+00  2.6328E-01 -1.3174E+00
  4.4000E+01  3.6000E+02  0.0000E+00  1.2740E+00  0.0000E+00  0.0000E+00  3.0000E+00  0.0000E+00  8.5996E-01  1.2848E+00  4.8874E+01  1.1368E+00  7.0211E-01  1.2914E+00  1.2740E+00  4.6958E-01  8.0442E-01  1.7664E+00
  4.5000E+01  0.0000E+00  1.0000E+02  0.0000E+00  1.0000E+00  1.0000E+00  1.0000E+00  0.0000E+00  5.5075E-01  2.6009E+00  7.1860E+01  0.0000E+00  0.0000E+00  0.0000E+00  0.0000E+00  0.0000E+00  0.0000E+00  0.0000E+00
  4.5000E+01  5.0000E-01  0.0000E+00  2.5000E-01  0.0000E+00  0.0000E+00  1.0000E+00  1.0000E+00  5.5075E-01  2.6009E+00  7.1860E+01  3.3182E-01 -5.6299E-01  0.0000E+00  2.5000E-01  2.2629E-02  0.0000E+00  0.0000E+00
  4.5000E+01  1.0000E+00  0.0000E+00  5.3800E-01  0.0000E+00  0.0000E+00  1.0000E+00  0.0000E+00  5.5075E-01  2.6009E+00  7.1860E+01  5.7782E-01 -2.5516E-01  0.0000E+00  5.3800E-01  1.3057E+00  0.0000E+00  0.0000E+00
  4.5000E+01  2.0000E+00  0.0000E+00  1.0650E+00  0.0000E+00  0.0000E+00  1.0000E+00  0.0000E+00  5.5075E-01  2.6009E+00  7.1860E+01  8.9040E-01  9.9213E-01  0.0000E+00  1.0650E+00  1.6565E+00  0.0000E+00  0.0000E+00
  4.5000E+01  4.0000E+00  0.0000E+00  1.0800E+00  0.0000E+00  0.0000E+00  1.0000E+00  0.0000E+00  5.5075E-01  2.6009E+00  7.1860E+01  1.1242E+00 -2.2728E-01  0.0000E+00  1.0800E+00  1.6400E+00  0.0000E+00  0.0000E+00
  4.5000E+01  8.0000E+00  0.0000E+00  1.1380E+00  0.0000E+00  0.0000E+00  1.0000E+00  0.0000E+00  5.5075E-01  2.6009E+00  7.1860E+01  1.0968E+00  2.1430E-01  0.0000E+00  1.1380E+00  1.2926E+00  0.0000E+00  0.0000E+00
  4.5000E+01  1.2000E+01  0.0000E+00  1.0590E+00  0.0000E+00  0.0000E+00  1.0000E+00  0.0000E+00  5.5075E-01  2.6009E+00  7.1860E+01  9.6273E-01  5.3074E-01  0.0000E+00  1.0590E+00  1.0037E+00  0.0000E+00  0.0000E+00
  4.5000E+01  2.4000E+01  0.0000E+00  7.0900E-01  0.0000E+00  0.0000E+00  1.0000E+00  0.0000E+00  5.5075E-01  2.6009E+00  7.1860E+01  6.2486E-01  5.3041E-01  0.0000E+00  7.0900E-01  4.6957E-01  0.0000E+00  0.0000E+00
  4.5000E+01  1.6800E+02  1.0000E+02  0.0000E+00  1.0000E+00  1.0000E+00  2.0000E+00  0.0000E+00  5.5075E-01  2.6009E+00  7.1860E+01  3.4064E-03 -2.4373E-02  0.0000E+00  0.0000E+00  5.1620E-05  0.0000E+00  0.0000E+00
  4.5000E+01  1.6850E+02  0.0000E+00  2.5000E-01  0.0000E+00  0.0000E+00  2.0000E+00  1.0000E+00  5.5075E-01  2.6009E+00  7.1860E+01  3.3516E-01 -5.8557E-01  0.0000E+00  2.5000E-01  2.2616E-02  0.0000E+00  0.0000E+00
  4.5000E+01  1.6900E+02  0.0000E+00  5.9700E-01  0.0000E+00  0.0000E+00  2.0000E+00  0.0000E+00  5.5075E-01  2.6009E+00  7.1860E+01  5.8110E-01  1.0178E-01  0.0000E+00  5.9700E-01  1.3057E+00  0.0000E+00  0.0000E+00
  4.5000E+01  1.7000E+02  0.0000E+00  1.0620E+00  0.0000E+00  0.0000E+00  2.0000E+00  0.0000E+00  5.5075E-01  2.6009E+00  7.1860E+01  8.9357E-01  9.5583E-01  0.0000E+00  1.0620E+00  1.6566E+00  0.0000E+00  0.0000E+00
  4.5000E+01  1.7200E+02  0.0000E+00  1.0570E+00  0.0000E+00  0.0000E+00  2.0000E+00  0.0000E+00  5.5075E-01  2.6009E+00  7.1860E+01  1.1271E+00 -3.6034E-01  0.0000E+00  1.0570E+00  1.6401E+00  0.0000E+00  0.0000E+00
  4.5000E+01  1.7600E+02  0.0000E+00  1.1770E+00  0.0000E+00  0.0000E+00  2.0000E+00  0.0000E+00  5.5075E-01  2.6009E+00  7.1860E+01  1.0994E+00  4.0363E-01  0.0000E+00  1.1770E+00  1.2927E+00  0.0000E+00  0.0000E+00
  4.5000E+01  1.8000E+02  0.0000E+00  8.1000E-01  0.0000E+00  0.0000E+00  2.0000E+00  0.0000E+00  5.5075E-01  2.6009E+00  7.1860E+01  9.6493E-01 -8.5330E-01  0.0000E+00  8.1000E-01  1.0037E+00  0.0000E+00  0.0000E+00
  4.5000E+01  1.9200E+02  0.0000E+00  7.1900E-01  0.0000E+00  0.0000E+00  2.0000E+00  0.0000E+00  5.5075E-01  2.6009E+00  7.1860E+01  6.2629E-01  5.8414E-01  0.0000E+00  7.1900E-01  4.6958E-01  0.0000E+00  0.0000E+00
  4.5000E+01  3.3600E+02  1.0000E+02  0.0000E+00  1.0000E+00  1.0000E+00  3.0000E+00  0.0000E+00  5.5075E-01  2.6009E+00  7.1860E+01  3.4141E-03 -2.4429E-02  0.0000E+00  0.0000E+00  5.1621E-05  0.0000E+00  0.0000E+00
  4.5000E+01  3.3650E+02  0.0000E+00  2.5000E-01  0.0000E+00  0.0000E+00  3.0000E+00  1.0000E+00  5.5075E-01  2.6009E+00  7.1860E+01  3.3517E-01 -5.8562E-01  0.0000E+00  2.5000E-01  2.2616E-02  0.0000E+00  0.0000E+00
  4.5000E+01  3.3700E+02  0.0000E+00  5.7300E-01  0.0000E+00  0.0000E+00  3.0000E+00  0.0000E+00  5.5075E-01  2.6009E+00  7.1860E+01  5.8111E-01 -5.1903E-02  0.0000E+00  5.7300E-01  1.3057E+00  0.0000E+00  0.0000E+00
  4.5000E+01  3.3800E+02  0.0000E+00  5.8200E-01  0.0000E+00  0.0000E+00  3.0000E+00  0.0000E+00  5.5075E-01  2.6009E+00  7.1860E+01  8.9357E-01 -1.7681E+00  0.0000E+00  5.8200E-01  1.6566E+00  0.0000E+00  0.0000E+00
  4.5000E+01  3.4000E+02  0.0000E+00  9.5600E-01  0.0000E+00  0.0000E+00  3.0000E+00  0.0000E+00  5.5075E-01  2.6009E+00  7.1860E+01  1.1271E+00 -8.7944E-01  0.0000E+00  9.5600E-01  1.6401E+00  0.0000E+00  0.0000E+00
  4.5000E+01  3.4400E+02  0.0000E+00  1.1370E+00  0.0000E+00  0.0000E+00  3.0000E+00  0.0000E+00  5.5075E-01  2.6009E+00  7.1860E+01  1.0994E+00  1.9557E-01  0.0000E+00  1.1370E+00  1.2927E+00  0.0000E+00  0.0000E+00
  4.5000E+01  3.4800E+02  0.0000E+00  7.9600E-01  0.0000E+00  0.0000E+00  3.0000E+00  0.0000E+00  5.5075E-01  2.6009E+00  7.1860E+01  9.6494E-01 -9.3044E-01  0.0000E+00  7.9600E-01  1.0037E+00  0.0000E+00  0.0000E+00
  4.5000E+01  3.6000E+02  0.0000E+00  6.5300E-01  0.0000E+00  0.0000E+00  3.0000E+00  0.0000E+00  5.5075E-01  2.6009E+00  7.1860E+01  6.2629E-01  1.6829E-01  0.0000E+00  6.5300E-01  4.6958E-01  0.0000E+00  0.0000E+00
  4.6000E+01  0.0000E+00  1.0000E+02  0.0000E+00  1.0000E+00  1.0000E+00  1.0000E+00  0.0000E+00  1.0884E+00  2.6763E+00  5.2276E+01  0.0000E+00  0.0000E+00  0.0000E+00  0.0000E+00  0.0000E+00  0.0000E+00  0.0000E+00
  4.6000E+01  5.0000E-01  0.0000E+00  8.7900E-01  0.0000E+00  0.0000E+00  1.0000E+00  0.0000E+00  1.0884E+00  2.6763E+00  5.2276E+01  7.9176E-01  5.1608E-01  0.0000E+00  8.7900E-01  8.4598E-01  0.0000E+00  0.0000E+00
  4.6000E+01  1.0000E+00  0.0000E+00  1.1350E+00  0.0000E+00  0.0000E+00  1.0000E+00  0.0000E+00  1.0884E+00  2.6763E+00  5.2276E+01  1.2312E+00 -4.7279E-01  0.0000E+00  1.1350E+00  1.3057E+00  0.0000E+00  0.0000E+00
  4.6000E+01  2.0000E+00  0.0000E+00  1.6460E+00  0.0000E+00  0.0000E+00  1.0000E+00  0.0000E+00  1.0884E+00  2.6763E+00  5.2276E+01  1.5844E+00  2.6108E-01  0.0000E+00  1.6460E+00  1.6565E+00  0.0000E+00  0.0000E+00
  4.6000E+01  4.0000E+00  0.0000E+00  1.4800E+00  0.0000E+00  0.0000E+00  1.0000E+00  0.0000E+00  1.0884E+00  2.6763E+00  5.2276E+01  1.6098E+00 -5.4412E-01  0.0000E+00  1.4800E+00  1.6400E+00  0.0000E+00  0.0000E+00
  4.6000E+01  8.0000E+00  0.0000E+00  1.3840E+00  0.0000E+00  0.0000E+00  1.0000E+00  0.0000E+00  1.0884E+00  2.6763E+00  5.2276E+01  1.3324E+00  2.4273E-01  0.0000E+00  1.3840E+00  1.2926E+00  0.0000E+00  0.0000E+00
  4.6000E+01  1.2000E+01  0.0000E+00  1.0220E+00  0.0000E+00  0.0000E+00  1.0000E+00  0.0000E+00  1.0884E+00  2.6763E+00  5.2276E+01  1.0860E+00 -3.3457E-01  0.0000E+00  1.0220E+00  1.0037E+00  0.0000E+00  0.0000E+00
  4.6000E+01  2.4000E+01  0.0000E+00  2.5000E-01  0.0000E+00  0.0000E+00  1.0000E+00  1.0000E+00  1.0884E+00  2.6763E+00  5.2276E+01  5.8751E-01 -2.1557E+00  0.0000E+00  2.5000E-01  5.8002E-01  0.0000E+00  0.0000E+00
  4.6000E+01  1.6800E+02  1.0000E+02  0.0000E+00  1.0000E+00  1.0000E+00  2.0000E+00  0.0000E+00  1.0884E+00  2.6763E+00  5.2276E+01  3.6929E-04 -2.6423E-03  0.0000E+00  0.0000E+00  5.1620E-05  0.0000E+00  0.0000E+00
  4.6000E+01  1.6850E+02  0.0000E+00  8.6600E-01  0.0000E+00  0.0000E+00  2.0000E+00  0.0000E+00  1.0884E+00  2.6763E+00  5.2276E+01  7.9212E-01  4.3698E-01  0.0000E+00  8.6600E-01  8.4603E-01  0.0000E+00  0.0000E+00
  4.6000E+01  1.6900E+02  0.0000E+00  1.2120E+00  0.0000E+00  0.0000E+00  2.0000E+00  0.0000E+00  1.0884E+00  2.6763E+00  5.2276E+01  1.2316E+00 -9.6079E-02  0.0000E+00  1.2120E+00  1.3057E+00  0.0000E+00  0.0000E+00
  4.6000E+01  1.7000E+02  0.0000E+00  1.6920E+00  0.0000E+00  0.0000E+00  2.0000E+00  0.0000E+00  1.0884E+00  2.6763E+00  5.2276E+01  1.5847E+00  4.5443E-01  0.0000E+00  1.6920E+00  1.6566E+00  0.0000E+00  0.0000E+00
  4.6000E+01  1.7200E+02  0.0000E+00  1.6280E+00  0.0000E+00  0.0000E+00  2.0000E+00  0.0000E+00  1.0884E+00  2.6763E+00  5.2276E+01  1.6101E+00  7.4926E-02  0.0000E+00  1.6280E+00  1.6401E+00  0.0000E+00  0.0000E+00
  4.6000E+01  1.7600E+02  0.0000E+00  1.5150E+00  0.0000E+00  0.0000E+00  2.0000E+00  0.0000E+00  1.0884E+00  2.6763E+00  5.2276E+01  1.3327E+00  8.5801E-01  0.0000E+00  1.5150E+00  1.2927E+00  0.0000E+00  0.0000E+00
  4.6000E+01  1.8000E+02  0.0000E+00  1.2290E+00  0.0000E+00  0.0000E+00  2.0000E+00  0.0000E+00  1.0884E+00  2.6763E+00  5.2276E+01  1.0862E+00  7.4710E-01  0.0000E+00  1.2290E+00  1.0037E+00  0.0000E+00  0.0000E+00
  4.6000E+01  1.9200E+02  0.0000E+00  6.7400E-01  0.0000E+00  0.0000E+00  2.0000E+00  0.0000E+00  1.0884E+00  2.6763E+00  5.2276E+01  5.8761E-01  5.5174E-01  0.0000E+00  6.7400E-01  4.6958E-01  0.0000E+00  0.0000E+00
  4.6000E+01  3.3600E+02  1.0000E+02  0.0000E+00  1.0000E+00  1.0000E+00  3.0000E+00  0.0000E+00  1.0884E+00  2.6763E+00  5.2276E+01  3.6935E-04 -2.6428E-03  0.0000E+00  0.0000E+00  5.1621E-05  0.0000E+00  0.0000E+00
  4.6000E+01  3.3650E+02  0.0000E+00  6.8800E-01  0.0000E+00  0.0000E+00  3.0000E+00  0.0000E+00  1.0884E+00  2.6763E+00  5.2276E+01  7.9212E-01 -6.1582E-01  0.0000E+00  6.8800E-01  8.4603E-01  0.0000E+00  0.0000E+00
  4.6000E+01  3.3700E+02  0.0000E+00  1.3650E+00  0.0000E+00  0.0000E+00  3.0000E+00  0.0000E+00  1.0884E+00  2.6763E+00  5.2276E+01  1.2316E+00  6.5573E-01  0.0000E+00  1.3650E+00  1.3057E+00  0.0000E+00  0.0000E+00
  4.6000E+01  3.3800E+02  0.0000E+00  1.4910E+00  0.0000E+00  0.0000E+00  3.0000E+00  0.0000E+00  1.0884E+00  2.6763E+00  5.2276E+01  1.5847E+00 -3.9674E-01  0.0000E+00  1.4910E+00  1.6566E+00  0.0000E+00  0.0000E+00
  4.6000E+01  3.4000E+02  0.0000E+00  1.4680E+00  0.0000E+00  0.0000E+00  3.0000E+00  0.0000E+00  1.0884E+00  2.6763E+00  5.2276E+01  1.6101E+00 -5.9561E-01  0.0000E+00  1.4680E+00  1.6401E+00  0.0000E+00  0.0000E+00
  4.6000E+01  3.4400E+02  0.0000E+00  1.3490E+00  0.0000E+00  0.0000E+00  3.0000E+00  0.0000E+00  1.0884E+00  2.6763E+00  5.2276E+01  1.3327E+00  7.6846E-02  0.0000E+00  1.3490E+00  1.2927E+00  0.0000E+00  0.0000E+00
  4.6000E+01  3.4800E+02  0.0000E+00  1.1170E+00  0.0000E+00  0.0000E+00  3.0000E+00  0.0000E+00  1.0884E+00  2.6763E+00  5.2276E+01  1.0862E+00  1.6130E-01  0.0000E+00  1.1170E+00  1.0037E+00  0.0000E+00  0.0000E+00
  4.6000E+01  3.6000E+02  0.0000E+00  6.3700E-01  0.0000E+00  0.0000E+00  3.0000E+00  0.0000E+00  1.0884E+00  2.6763E+00  5.2276E+01  5.8761E-01  3.1543E-01  0.0000E+00  6.3700E-01  4.6958E-01  0.0000E+00  0.0000E+00
  4.7000E+01  0.0000E+00  1.0000E+02  0.0000E+00  1.0000E+00  1.0000E+00  1.0000E+00  0.0000E+00  1.3791E+00  6.2899E+00  4.2659E+01  0.0000E+00  0.0000E+00  0.0000E+00  0.0000E+00  0.0000E+00  0.0000E+00  0.0000E+00
  4.7000E+01  5.0000E-01  0.0000E+00  9.2300E-01  0.0000E+00  0.0000E+00  1.0000E+00  0.0000E+00  1.3791E+00  6.2899E+00  4.2659E+01  1.1211E+00 -1.0209E+00  0.0000E+00  9.2300E-01  8.4598E-01  0.0000E+00  0.0000E+00
  4.7000E+01  1.0000E+00  0.0000E+00  1.7030E+00  0.0000E+00  0.0000E+00  1.0000E+00  0.0000E+00  1.3791E+00  6.2899E+00  4.2659E+01  1.6040E+00  4.1579E-01  0.0000E+00  1.7030E+00  1.3057E+00  0.0000E+00  0.0000E+00
  4.7000E+01  2.0000E+00  0.0000E+00  2.1400E+00  0.0000E+00  0.0000E+00  1.0000E+00  0.0000E+00  1.3791E+00  6.2899E+00  4.2659E+01  1.7880E+00  1.3736E+00  0.0000E+00  2.1400E+00  1.6565E+00  0.0000E+00  0.0000E+00
  4.7000E+01  4.0000E+00  0.0000E+00  1.2350E+00  0.0000E+00  0.0000E+00  1.0000E+00  0.0000E+00  1.3791E+00  6.2899E+00  4.2659E+01  1.4448E+00 -9.4136E-01  0.0000E+00  1.2350E+00  1.6400E+00  0.0000E+00  0.0000E+00
  4.7000E+01  8.0000E+00  0.0000E+00  6.4600E-01  0.0000E+00  0.0000E+00  1.0000E+00  0.0000E+00  1.3791E+00  6.2899E+00  4.2659E+01  8.0685E-01 -9.4579E-01  0.0000E+00  6.4600E-01  1.2926E+00  0.0000E+00  0.0000E+00
  4.7000E+01  1.2000E+01  0.0000E+00  2.5000E-01  0.0000E+00  0.0000E+00  1.0000E+00  1.0000E+00  1.3791E+00  6.2899E+00  4.2659E+01  4.4738E-01 -1.3182E+00  0.0000E+00  2.5000E-01  3.1767E-03  0.0000E+00  0.0000E+00
  4.7000E+01  2.4000E+01  0.0000E+00  2.5000E-01  0.0000E+00  0.0000E+00  1.0000E+00  1.0000E+00  1.3791E+00  6.2899E+00  4.2659E+01  7.6256E-02  1.2405E+00  0.0000E+00  2.5000E-01  5.8002E-01  0.0000E+00  0.0000E+00
  4.7000E+01  1.6800E+02  1.0000E+02  0.0000E+00  1.0000E+00  1.0000E+00  2.0000E+00  0.0000E+00  1.3791E+00  6.2899E+00  4.2659E+01  4.5852E-11 -3.2808E-10  0.0000E+00  0.0000E+00  5.1620E-05  0.0000E+00  0.0000E+00
  4.7000E+01  1.6850E+02  0.0000E+00  1.0020E+00  0.0000E+00  0.0000E+00  2.0000E+00  0.0000E+00  1.3791E+00  6.2899E+00  4.2659E+01  1.1211E+00 -6.1383E-01  0.0000E+00  1.0020E+00  8.4603E-01  0.0000E+00  0.0000E+00
  4.7000E+01  1.6900E+02  0.0000E+00  1.3020E+00  0.0000E+00  0.0000E+00  2.0000E+00  0.0000E+00  1.3791E+00  6.2899E+00  4.2659E+01  1.6040E+00 -1.2689E+00  0.0000E+00  1.3020E+00  1.3057E+00  0.0000E+00  0.0000E+00
  4.7000E+01  1.7000E+02  0.0000E+00  1.6670E+00  0.0000E+00  0.0000E+00  2.0000E+00  0.0000E+00  1.3791E+00  6.2899E+00  4.2659E+01  1.7880E+00 -4.7231E-01  0.0000E+00  1.6670E+00  1.6566E+00  0.0000E+00  0.0000E+00
  4.7000E+01  1.7200E+02  0.0000E+00  1.7490E+00  0.0000E+00  0.0000E+00  2.0000E+00  0.0000E+00  1.3791E+00  6.2899E+00  4.2659E+01  1.4448E+00  1.3654E+00  0.0000E+00  1.7490E+00  1.6401E+00  0.0000E+00  0.0000E+00
  4.7000E+01  1.7600E+02  0.0000E+00  9.1800E-01  0.0000E+00  0.0000E+00  2.0000E+00  0.0000E+00  1.3791E+00  6.2899E+00  4.2659E+01  8.0685E-01  6.5352E-01  0.0000E+00  9.1800E-01  1.2927E+00  0.0000E+00  0.0000E+00
  4.7000E+01  1.8000E+02  0.0000E+00  2.5000E-01  0.0000E+00  0.0000E+00  2.0000E+00  1.0000E+00  1.3791E+00  6.2899E+00  4.2659E+01  4.4738E-01 -1.3182E+00  0.0000E+00  2.5000E-01  3.1757E-03  0.0000E+00  0.0000E+00
  4.7000E+01  1.9200E+02  0.0000E+00  2.5000E-01  0.0000E+00  0.0000E+00  2.0000E+00  1.0000E+00  1.3791E+00  6.2899E+00  4.2659E+01  7.6256E-02  1.2405E+00  0.0000E+00  2.5000E-01  5.7999E-01  0.0000E+00  0.0000E+00
  4.7000E+01  3.3600E+02  1.0000E+02  0.0000E+00  1.0000E+00  1.0000E+00  3.0000E+00  0.0000E+00  1.3791E+00  6.2899E+00  4.2659E+01  4.5852E-11 -3.2808E-10  0.0000E+00  0.0000E+00  5.1621E-05  0.0000E+00  0.0000E+00
  4.7000E+01  3.3650E+02  0.0000E+00  1.2850E+00  0.0000E+00  0.0000E+00  3.0000E+00  0.0000E+00  1.3791E+00  6.2899E+00  4.2659E+01  1.1211E+00  8.4431E-01  0.0000E+00  1.2850E+00  8.4603E-01  0.0000E+00  0.0000E+00
  4.7000E+01  3.3700E+02  0.0000E+00  2.0580E+00  0.0000E+00  0.0000E+00  3.0000E+00  0.0000E+00  1.3791E+00  6.2899E+00  4.2659E+01  1.6040E+00  1.9072E+00  0.0000E+00  2.0580E+00  1.3057E+00  0.0000E+00  0.0000E+00
  4.7000E+01  3.3800E+02  0.0000E+00  1.6680E+00  0.0000E+00  0.0000E+00  3.0000E+00  0.0000E+00  1.3791E+00  6.2899E+00  4.2659E+01  1.7880E+00 -4.6841E-01  0.0000E+00  1.6680E+00  1.6566E+00  0.0000E+00  0.0000E+00
  4.7000E+01  3.4000E+02  0.0000E+00  1.2590E+00  0.0000E+00  0.0000E+00  3.0000E+00  0.0000E+00  1.3791E+00  6.2899E+00  4.2659E+01  1.4448E+00 -8.3365E-01  0.0000E+00  1.2590E+00  1.6401E+00  0.0000E+00  0.0000E+00
  4.7000E+01  3.4400E+02  0.0000E+00  8.2300E-01  0.0000E+00  0.0000E+00  3.0000E+00  0.0000E+00  1.3791E+00  6.2899E+00  4.2659E+01  8.0685E-01  9.4937E-02  0.0000E+00  8.2300E-01  1.2927E+00  0.0000E+00  0.0000E+00
  4.7000E+01  3.4800E+02  0.0000E+00  6.1100E-01  0.0000E+00  0.0000E+00  3.0000E+00  0.0000E+00  1.3791E+00  6.2899E+00  4.2659E+01  4.4738E-01  1.0927E+00  0.0000E+00  6.1100E-01  1.0037E+00  0.0000E+00  0.0000E+00
  4.7000E+01  3.6000E+02  0.0000E+00  2.5000E-01  0.0000E+00  0.0000E+00  3.0000E+00  1.0000E+00  1.3791E+00  6.2899E+00  4.2659E+01  7.6256E-02  1.2405E+00  0.0000E+00  2.5000E-01  5.7999E-01  0.0000E+00  0.0000E+00
  4.8000E+01  0.0000E+00  1.0000E+02  0.0000E+00  1.0000E+00  1.0000E+00  1.0000E+00  0.0000E+00  9.1781E-01  4.4310E+00  4.2229E+01  0.0000E+00  0.0000E+00  0.0000E+00  0.0000E+00  0.0000E+00  0.0000E+00  0.0000E+00
  4.8000E+01  5.0000E-01  0.0000E+00  8.3300E-01  0.0000E+00  0.0000E+00  1.0000E+00  0.0000E+00  9.1781E-01  4.4310E+00  4.2229E+01  8.4733E-01 -8.2878E-02  0.0000E+00  8.3300E-01  8.4598E-01  0.0000E+00  0.0000E+00
  4.8000E+01  1.0000E+00  0.0000E+00  1.3700E+00  0.0000E+00  0.0000E+00  1.0000E+00  0.0000E+00  9.1781E-01  4.4310E+00  4.2229E+01  1.3395E+00  1.4306E-01  0.0000E+00  1.3700E+00  1.3057E+00  0.0000E+00  0.0000E+00
  4.8000E+01  2.0000E+00  0.0000E+00  1.9290E+00  0.0000E+00  0.0000E+00  1.0000E+00  0.0000E+00  9.1781E-01  4.4310E+00  4.2229E+01  1.7411E+00  7.4713E-01  0.0000E+00  1.9290E+00  1.6565E+00  0.0000E+00  0.0000E+00
  4.8000E+01  4.0000E+00  0.0000E+00  1.6070E+00  0.0000E+00  0.0000E+00  1.0000E+00  0.0000E+00  9.1781E-01  4.4310E+00  4.2229E+01  1.6892E+00 -3.3368E-01  0.0000E+00  1.6070E+00  1.6400E+00  0.0000E+00  0.0000E+00
  4.8000E+01  8.0000E+00  0.0000E+00  1.1150E+00  0.0000E+00  0.0000E+00  1.0000E+00  0.0000E+00  9.1781E-01  4.4310E+00  4.2229E+01  1.1532E+00 -1.9410E-01  0.0000E+00  1.1150E+00  1.2926E+00  0.0000E+00  0.0000E+00
  4.8000E+01  1.2000E+01  0.0000E+00  8.4800E-01  0.0000E+00  0.0000E+00  1.0000E+00  0.0000E+00  9.1781E-01  4.4310E+00  4.2229E+01  7.5901E-01  5.3328E-01  0.0000E+00  8.4800E-01  1.0037E+00  0.0000E+00  0.0000E+00
  4.8000E+01  2.4000E+01  0.0000E+00  2.5000E-01  0.0000E+00  0.0000E+00  1.0000E+00  1.0000E+00  9.1781E-01  4.4310E+00  4.2229E+01  2.1550E-01  2.4275E-01  0.0000E+00  2.5000E-01  5.8002E-01  0.0000E+00  0.0000E+00
  4.8000E+01  1.6800E+02  1.0000E+02  0.0000E+00  1.0000E+00  1.0000E+00  2.0000E+00  0.0000E+00  9.1781E-01  4.4310E+00  4.2229E+01  5.9078E-08 -4.2272E-07  0.0000E+00  0.0000E+00  5.1620E-05  0.0000E+00  0.0000E+00
  4.8000E+01  1.6850E+02  0.0000E+00  7.5600E-01  0.0000E+00  0.0000E+00  2.0000E+00  0.0000E+00  9.1781E-01  4.4310E+00  4.2229E+01  8.4733E-01 -5.2825E-01  0.0000E+00  7.5600E-01  8.4603E-01  0.0000E+00  0.0000E+00
  4.8000E+01  1.6900E+02  0.0000E+00  1.3540E+00  0.0000E+00  0.0000E+00  2.0000E+00  0.0000E+00  9.1781E-01  4.4310E+00  4.2229E+01  1.3395E+00  6.7986E-02  0.0000E+00  1.3540E+00  1.3057E+00  0.0000E+00  0.0000E+00
  4.8000E+01  1.7000E+02  0.0000E+00  1.7290E+00  0.0000E+00  0.0000E+00  2.0000E+00  0.0000E+00  9.1781E-01  4.4310E+00  4.2229E+01  1.7411E+00 -4.7986E-02  0.0000E+00  1.7290E+00  1.6566E+00  0.0000E+00  0.0000E+00
  4.8000E+01  1.7200E+02  0.0000E+00  1.7250E+00  0.0000E+00  0.0000E+00  2.0000E+00  0.0000E+00  9.1781E-01  4.4310E+00  4.2229E+01  1.6892E+00  1.4525E-01  0.0000E+00  1.7250E+00  1.6401E+00  0.0000E+00  0.0000E+00
  4.8000E+01  1.7600E+02  0.0000E+00  1.1300E+00  0.0000E+00  0.0000E+00  2.0000E+00  0.0000E+00  9.1781E-01  4.4310E+00  4.2229E+01  1.1532E+00 -1.1787E-01  0.0000E+00  1.1300E+00  1.2927E+00  0.0000E+00  0.0000E+00
  4.8000E+01  1.8000E+02  0.0000E+00  8.2400E-01  0.0000E+00  0.0000E+00  2.0000E+00  0.0000E+00  9.1781E-01  4.4310E+00  4.2229E+01  7.5901E-01  3.8945E-01  0.0000E+00  8.2400E-01  1.0037E+00  0.0000E+00  0.0000E+00
  4.8000E+01  1.9200E+02  0.0000E+00  2.5000E-01  0.0000E+00  0.0000E+00  2.0000E+00  1.0000E+00  9.1781E-01  4.4310E+00  4.2229E+01  2.1550E-01  2.4275E-01  0.0000E+00  2.5000E-01  5.7999E-01  0.0000E+00  0.0000E+00
  4.8000E+01  3.3600E+02  1.0000E+02  0.0000E+00  1.0000E+00  1.0000E+00  3.0000E+00  0.0000E+00  9.1781E-01  4.4310E+00  4.2229E+01  5.9078E-08 -4.2272E-07  0.0000E+00  0.0000E+00  5.1621E-05  0.0000E+00  0.0000E+00
  4.8000E+01  3.3650E+02  0.0000E+00  8.3200E-01  0.0000E+00  0.0000E+00  3.0000E+00  0.0000E+00  9.1781E-01  4.4310E+00  4.2229E+01  8.4733E-01 -8.8662E-02  0.0000E+00  8.3200E-01  8.4603E-01  0.0000E+00  0.0000E+00
  4.8000E+01  3.3700E+02  0.0000E+00  1.3440E+00  0.0000E+00  0.0000E+00  3.0000E+00  0.0000E+00  9.1781E-01  4.4310E+00  4.2229E+01  1.3395E+00  2.1065E-02  0.0000E+00  1.3440E+00  1.3057E+00  0.0000E+00  0.0000E+00
  4.8000E+01  3.3800E+02  0.0000E+00  1.8310E+00  0.0000E+00  0.0000E+00  3.0000E+00  0.0000E+00  9.1781E-01  4.4310E+00  4.2229E+01  1.7411E+00  3.5752E-01  0.0000E+00  1.8310E+00  1.6566E+00  0.0000E+00  0.0000E+00
  4.8000E+01  3.4000E+02  0.0000E+00  2.0180E+00  0.0000E+00  0.0000E+00  3.0000E+00  0.0000E+00  9.1781E-01  4.4310E+00  4.2229E+01  1.6892E+00  1.3345E+00  0.0000E+00  2.0180E+00  1.6401E+00  0.0000E+00  0.0000E+00
  4.8000E+01  3.4400E+02  0.0000E+00  1.1120E+00  0.0000E+00  0.0000E+00  3.0000E+00  0.0000E+00  9.1781E-01  4.4310E+00  4.2229E+01  1.1532E+00 -2.0934E-01  0.0000E+00  1.1120E+00  1.2927E+00  0.0000E+00  0.0000E+00
  4.8000E+01  3.4800E+02  0.0000E+00  6.2500E-01  0.0000E+00  0.0000E+00  3.0000E+00  0.0000E+00  9.1781E-01  4.4310E+00  4.2229E+01  7.5901E-01 -8.0313E-01  0.0000E+00  6.2500E-01  1.0037E+00  0.0000E+00  0.0000E+00
  4.8000E+01  3.6000E+02  0.0000E+00  2.5000E-01  0.0000E+00  0.0000E+00  3.0000E+00  1.0000E+00  9.1781E-01  4.4310E+00  4.2229E+01  2.1550E-01  2.4275E-01  0.0000E+00  2.5000E-01  5.7999E-01  0.0000E+00  0.0000E+00
  4.9000E+01  0.0000E+00  1.0000E+02  0.0000E+00  1.0000E+00  1.0000E+00  1.0000E+00  0.0000E+00  1.0333E+00  4.5304E+00  3.8492E+01  0.0000E+00  0.0000E+00  0.0000E+00  0.0000E+00  0.0000E+00  0.0000E+00  0.0000E+00
  4.9000E+01  5.0000E-01  0.0000E+00  9.5400E-01  0.0000E+00  0.0000E+00  1.0000E+00  0.0000E+00  1.0333E+00  4.5304E+00  3.8492E+01  1.0154E+00 -3.3122E-01  0.0000E+00  9.5400E-01  8.4598E-01  0.0000E+00  0.0000E+00
  4.9000E+01  1.0000E+00  0.0000E+00  1.2480E+00  0.0000E+00  0.0000E+00  1.0000E+00  0.0000E+00  1.0333E+00  4.5304E+00  3.8492E+01  1.5631E+00 -1.3463E+00  0.0000E+00  1.2480E+00  1.3057E+00  0.0000E+00  0.0000E+00
  4.9000E+01  2.0000E+00  0.0000E+00  1.6710E+00  0.0000E+00  0.0000E+00  1.0000E+00  0.0000E+00  1.0333E+00  4.5304E+00  3.8492E+01  1.9458E+00 -1.0089E+00  0.0000E+00  1.6710E+00  1.6565E+00  0.0000E+00  0.0000E+00
  4.9000E+01  4.0000E+00  0.0000E+00  1.7730E+00  0.0000E+00  0.0000E+00  1.0000E+00  0.0000E+00  1.0333E+00  4.5304E+00  3.8492E+01  1.7840E+00 -4.2988E-02  0.0000E+00  1.7730E+00  1.6400E+00  0.0000E+00  0.0000E+00
  4.9000E+01  8.0000E+00  0.0000E+00  1.0730E+00  0.0000E+00  0.0000E+00  1.0000E+00  0.0000E+00  1.0333E+00  4.5304E+00  3.8492E+01  1.1427E+00 -3.5588E-01  0.0000E+00  1.0730E+00  1.2926E+00  0.0000E+00  0.0000E+00
  4.9000E+01  1.2000E+01  0.0000E+00  6.6000E-01  0.0000E+00  0.0000E+00  1.0000E+00  0.0000E+00  1.0333E+00  4.5304E+00  3.8492E+01  7.1409E-01 -3.2985E-01  0.0000E+00  6.6000E-01  1.0037E+00  0.0000E+00  0.0000E+00
  4.9000E+01  2.4000E+01  0.0000E+00  2.5000E-01  0.0000E+00  0.0000E+00  1.0000E+00  1.0000E+00  1.0333E+00  4.5304E+00  3.8492E+01  1.7393E-01  5.3834E-01  0.0000E+00  2.5000E-01  5.8002E-01  0.0000E+00  0.0000E+00
  4.9000E+01  1.6800E+02  1.0000E+02  0.0000E+00  1.0000E+00  1.0000E+00  2.0000E+00  0.0000E+00  1.0333E+00  4.5304E+00  3.8492E+01  7.5801E-09 -5.4238E-08  0.0000E+00  0.0000E+00  5.1620E-05  0.0000E+00  0.0000E+00
  4.9000E+01  1.6850E+02  0.0000E+00  1.2050E+00  0.0000E+00  0.0000E+00  2.0000E+00  0.0000E+00  1.0333E+00  4.5304E+00  3.8492E+01  1.0154E+00  1.0219E+00  0.0000E+00  1.2050E+00  8.4603E-01  0.0000E+00  0.0000E+00
  4.9000E+01  1.6900E+02  0.0000E+00  1.4530E+00  0.0000E+00  0.0000E+00  2.0000E+00  0.0000E+00  1.0333E+00  4.5304E+00  3.8492E+01  1.5631E+00 -4.7049E-01  0.0000E+00  1.4530E+00  1.3057E+00  0.0000E+00  0.0000E+00
  4.9000E+01  1.7000E+02  0.0000E+00  2.1840E+00  0.0000E+00  0.0000E+00  2.0000E+00  0.0000E+00  1.0333E+00  4.5304E+00  3.8492E+01  1.9458E+00  8.7486E-01  0.0000E+00  2.1840E+00  1.6566E+00  0.0000E+00  0.0000E+00
  4.9000E+01  1.7200E+02  0.0000E+00  2.0410E+00  0.0000E+00  0.0000E+00  2.0000E+00  0.0000E+00  1.0333E+00  4.5304E+00  3.8492E+01  1.7840E+00  1.0045E+00  0.0000E+00  2.0410E+00  1.6401E+00  0.0000E+00  0.0000E+00
  4.9000E+01  1.7600E+02  0.0000E+00  1.2980E+00  0.0000E+00  0.0000E+00  2.0000E+00  0.0000E+00  1.0333E+00  4.5304E+00  3.8492E+01  1.1427E+00  7.9272E-01  0.0000E+00  1.2980E+00  1.2927E+00  0.0000E+00  0.0000E+00
  4.9000E+01  1.8000E+02  0.0000E+00  5.6100E-01  0.0000E+00  0.0000E+00  2.0000E+00  0.0000E+00  1.0333E+00  4.5304E+00  3.8492E+01  7.1409E-01 -9.3359E-01  0.0000E+00  5.6100E-01  1.0037E+00  0.0000E+00  0.0000E+00
  4.9000E+01  1.9200E+02  0.0000E+00  2.5000E-01  0.0000E+00  0.0000E+00  2.0000E+00  1.0000E+00  1.0333E+00  4.5304E+00  3.8492E+01  1.7393E-01  5.3834E-01  0.0000E+00  2.5000E-01  5.7999E-01  0.0000E+00  0.0000E+00
  4.9000E+01  3.3600E+02  1.0000E+02  0.0000E+00  1.0000E+00  1.0000E+00  3.0000E+00  0.0000E+00  1.0333E+00  4.5304E+00  3.8492E+01  7.5801E-09 -5.4238E-08  0.0000E+00  0.0000E+00  5.1621E-05  0.0000E+00  0.0000E+00
  4.9000E+01  3.3650E+02  0.0000E+00  1.1150E+00  0.0000E+00  0.0000E+00  3.0000E+00  0.0000E+00  1.0333E+00  4.5304E+00  3.8492E+01  1.0154E+00  5.3671E-01  0.0000E+00  1.1150E+00  8.4603E-01  0.0000E+00  0.0000E+00
  4.9000E+01  3.3700E+02  0.0000E+00  1.5470E+00  0.0000E+00  0.0000E+00  3.0000E+00  0.0000E+00  1.0333E+00  4.5304E+00  3.8492E+01  1.5631E+00 -6.8896E-02  0.0000E+00  1.5470E+00  1.3057E+00  0.0000E+00  0.0000E+00
  4.9000E+01  3.3800E+02  0.0000E+00  2.2570E+00  0.0000E+00  0.0000E+00  3.0000E+00  0.0000E+00  1.0333E+00  4.5304E+00  3.8492E+01  1.9458E+00  1.1429E+00  0.0000E+00  2.2570E+00  1.6566E+00  0.0000E+00  0.0000E+00
  4.9000E+01  3.4000E+02  0.0000E+00  2.0000E+00  0.0000E+00  0.0000E+00  3.0000E+00  0.0000E+00  1.0333E+00  4.5304E+00  3.8492E+01  1.7840E+00  8.4429E-01  0.0000E+00  2.0000E+00  1.6401E+00  0.0000E+00  0.0000E+00
  4.9000E+01  3.4400E+02  0.0000E+00  9.4000E-01  0.0000E+00  0.0000E+00  3.0000E+00  0.0000E+00  1.0333E+00  4.5304E+00  3.8492E+01  1.1427E+00 -1.0348E+00  0.0000E+00  9.4000E-01  1.2927E+00  0.0000E+00  0.0000E+00
  4.9000E+01  3.4800E+02  0.0000E+00  8.7200E-01  0.0000E+00  0.0000E+00  3.0000E+00  0.0000E+00  1.0333E+00  4.5304E+00  3.8492E+01  7.1409E-01  9.6299E-01  0.0000E+00  8.7200E-01  1.0037E+00  0.0000E+00  0.0000E+00
  4.9000E+01  3.6000E+02  0.0000E+00  2.5000E-01  0.0000E+00  0.0000E+00  3.0000E+00  1.0000E+00  1.0333E+00  4.5304E+00  3.8492E+01  1.7393E-01  5.3834E-01  0.0000E+00  2.5000E-01  5.7999E-01  0.0000E+00  0.0000E+00
  5.0000E+01  0.0000E+00  1.0000E+02  0.0000E+00  1.0000E+00  1.0000E+00  1.0000E+00  0.0000E+00  1.5269E+00  2.7023E+00  5.4787E+01  0.0000E+00  0.0000E+00  0.0000E+00  0.0000E+00  0.0000E+00  0.0000E+00  0.0000E+00
  5.0000E+01  5.0000E-01  0.0000E+00  9.0900E-01  0.0000E+00  0.0000E+00  1.0000E+00  0.0000E+00  1.5269E+00  2.7023E+00  5.4787E+01  9.6118E-01 -2.8783E-01  0.0000E+00  9.0900E-01  8.4598E-01  0.0000E+00  0.0000E+00
  5.0000E+01  1.0000E+00  0.0000E+00  1.4200E+00  0.0000E+00  0.0000E+00  1.0000E+00  0.0000E+00  1.5269E+00  2.7023E+00  5.4787E+01  1.3857E+00  1.5772E-01  0.0000E+00  1.4200E+00  1.3057E+00  0.0000E+00  0.0000E+00
  5.0000E+01  2.0000E+00  0.0000E+00  1.9120E+00  0.0000E+00  0.0000E+00  1.0000E+00  0.0000E+00  1.5269E+00  2.7023E+00  5.4787E+01  1.6200E+00  1.2188E+00  0.0000E+00  1.9120E+00  1.6565E+00  0.0000E+00  0.0000E+00
  5.0000E+01  4.0000E+00  0.0000E+00  1.4200E+00  0.0000E+00  0.0000E+00  1.0000E+00  0.0000E+00  1.5269E+00  2.7023E+00  5.4787E+01  1.5443E+00 -5.3502E-01  0.0000E+00  1.4200E+00  1.6400E+00  0.0000E+00  0.0000E+00
  5.0000E+01  8.0000E+00  0.0000E+00  1.2200E+00  0.0000E+00  0.0000E+00  1.0000E+00  0.0000E+00  1.5269E+00  2.7023E+00  5.4787E+01  1.2712E+00 -2.4734E-01  0.0000E+00  1.2200E+00  1.2926E+00  0.0000E+00  0.0000E+00
  5.0000E+01  1.2000E+01  0.0000E+00  1.2300E+00  0.0000E+00  0.0000E+00  1.0000E+00  0.0000E+00  1.5269E+00  2.7023E+00  5.4787E+01  1.0436E+00  9.9286E-01  0.0000E+00  1.2300E+00  1.0037E+00  0.0000E+00  0.0000E+00
  5.0000E+01  2.4000E+01  0.0000E+00  6.0600E-01  0.0000E+00  0.0000E+00  1.0000E+00  0.0000E+00  1.5269E+00  2.7023E+00  5.4787E+01  5.7741E-01  1.8322E-01  0.0000E+00  6.0600E-01  4.6957E-01  0.0000E+00  0.0000E+00
  5.0000E+01  1.6800E+02  1.0000E+02  0.0000E+00  1.0000E+00  1.0000E+00  2.0000E+00  0.0000E+00  1.5269E+00  2.7023E+00  5.4787E+01  4.7525E-04 -3.4005E-03  0.0000E+00  0.0000E+00  5.1620E-05  0.0000E+00  0.0000E+00
  5.0000E+01  1.6850E+02  0.0000E+00  8.7200E-01  0.0000E+00  0.0000E+00  2.0000E+00  0.0000E+00  1.5269E+00  2.7023E+00  5.4787E+01  9.6164E-01 -4.9440E-01  0.0000E+00  8.7200E-01  8.4603E-01  0.0000E+00  0.0000E+00
  5.0000E+01  1.6900E+02  0.0000E+00  1.3770E+00  0.0000E+00  0.0000E+00  2.0000E+00  0.0000E+00  1.5269E+00  2.7023E+00  5.4787E+01  1.3862E+00 -4.2194E-02  0.0000E+00  1.3770E+00  1.3057E+00  0.0000E+00  0.0000E+00
  5.0000E+01  1.7000E+02  0.0000E+00  1.6700E+00  0.0000E+00  0.0000E+00  2.0000E+00  0.0000E+00  1.5269E+00  2.7023E+00  5.4787E+01  1.6204E+00  2.0682E-01  0.0000E+00  1.6700E+00  1.6566E+00  0.0000E+00  0.0000E+00
  5.0000E+01  1.7200E+02  0.0000E+00  1.4520E+00  0.0000E+00  0.0000E+00  2.0000E+00  0.0000E+00  1.5269E+00  2.7023E+00  5.4787E+01  1.5446E+00 -3.9886E-01  0.0000E+00  1.4520E+00  1.6401E+00  0.0000E+00  0.0000E+00
  5.0000E+01  1.7600E+02  0.0000E+00  1.1710E+00  0.0000E+00  0.0000E+00  2.0000E+00  0.0000E+00  1.5269E+00  2.7023E+00  5.4787E+01  1.2715E+00 -4.8554E-01  0.0000E+00  1.1710E+00  1.2927E+00  0.0000E+00  0.0000E+00
  5.0000E+01  1.8000E+02  0.0000E+00  1.1210E+00  0.0000E+00  0.0000E+00  2.0000E+00  0.0000E+00  1.5269E+00  2.7023E+00  5.4787E+01  1.0439E+00  4.1082E-01  0.0000E+00  1.1210E+00  1.0037E+00  0.0000E+00  0.0000E+00
  5.0000E+01  1.9200E+02  0.0000E+00  8.5900E-01  0.0000E+00  0.0000E+00  2.0000E+00  0.0000E+00  1.5269E+00  2.7023E+00  5.4787E+01  5.7756E-01  1.8038E+00  0.0000E+00  8.5900E-01  4.6958E-01  0.0000E+00  0.0000E+00
  5.0000E+01  3.3600E+02  1.0000E+02  0.0000E+00  1.0000E+00  1.0000E+00  3.0000E+00  0.0000E+00  1.5269E+00  2.7023E+00  5.4787E+01  4.7537E-04 -3.4014E-03  0.0000E+00  0.0000E+00  5.1621E-05  0.0000E+00  0.0000E+00
  5.0000E+01  3.3650E+02  0.0000E+00  1.0360E+00  0.0000E+00  0.0000E+00  3.0000E+00  0.0000E+00  1.5269E+00  2.7023E+00  5.4787E+01  9.6164E-01  4.1011E-01  0.0000E+00  1.0360E+00  8.4603E-01  0.0000E+00  0.0000E+00
  5.0000E+01  3.3700E+02  0.0000E+00  1.5690E+00  0.0000E+00  0.0000E+00  3.0000E+00  0.0000E+00  1.5269E+00  2.7023E+00  5.4787E+01  1.3862E+00  8.4103E-01  0.0000E+00  1.5690E+00  1.3057E+00  0.0000E+00  0.0000E+00
  5.0000E+01  3.3800E+02  0.0000E+00  1.6950E+00  0.0000E+00  0.0000E+00  3.0000E+00  0.0000E+00  1.5269E+00  2.7023E+00  5.4787E+01  1.6204E+00  3.1115E-01  0.0000E+00  1.6950E+00  1.6566E+00  0.0000E+00  0.0000E+00
  5.0000E+01  3.4000E+02  0.0000E+00  1.3920E+00  0.0000E+00  0.0000E+00  3.0000E+00  0.0000E+00  1.5269E+00  2.7023E+00  5.4787E+01  1.5447E+00 -6.5716E-01  0.0000E+00  1.3920E+00  1.6401E+00  0.0000E+00  0.0000E+00
  5.0000E+01  3.4400E+02  0.0000E+00  1.2590E+00  0.0000E+00  0.0000E+00  3.0000E+00  0.0000E+00  1.5269E+00  2.7023E+00  5.4787E+01  1.2715E+00 -6.0475E-02  0.0000E+00  1.2590E+00  1.2927E+00  0.0000E+00  0.0000E+00
  5.0000E+01  3.4800E+02  0.0000E+00  7.6300E-01  0.0000E+00  0.0000E+00  3.0000E+00  0.0000E+00  1.5269E+00  2.7023E+00  5.4787E+01  1.0439E+00 -1.4959E+00  0.0000E+00  7.6300E-01  1.0037E+00  0.0000E+00  0.0000E+00
  5.0000E+01  3.6000E+02  0.0000E+00  2.5000E-01  0.0000E+00  0.0000E+00  3.0000E+00  1.0000E+00  1.5269E+00  2.7023E+00  5.4787E+01  5.7756E-01 -2.0994E+00  0.0000E+00  2.5000E-01  5.7999E-01  0.0000E+00  0.0000E+00
  5.1000E+01  0.0000E+00  1.0000E+02  0.0000E+00  1.0000E+00  1.0000E+00  1.0000E+00  0.0000E+00  2.2382E+00  3.1367E+00  4.5426E+01  0.0000E+00  0.0000E+00  0.0000E+00  0.0000E+00  0.0000E+00  0.0000E+00  0.0000E+00
  5.1000E+01  5.0000E-01  0.0000E+00  1.4830E+00  0.0000E+00  0.0000E+00  1.0000E+00  0.0000E+00  2.2382E+00  3.1367E+00  4.5426E+01  1.4526E+00  1.3607E-01  0.0000E+00  1.4830E+00  8.4598E-01  0.0000E+00  0.0000E+00
  5.1000E+01  1.0000E+00  0.0000E+00  1.6730E+00  0.0000E+00  0.0000E+00  1.0000E+00  0.0000E+00  2.2382E+00  3.1367E+00  4.5426E+01  1.8777E+00 -7.7135E-01  0.0000E+00  1.6730E+00  1.3057E+00  0.0000E+00  0.0000E+00
  5.1000E+01  2.0000E+00  0.0000E+00  1.9300E+00  0.0000E+00  0.0000E+00  1.0000E+00  0.0000E+00  2.2382E+00  3.1367E+00  4.5426E+01  1.9526E+00 -8.2930E-02  0.0000E+00  1.9300E+00  1.6565E+00  0.0000E+00  0.0000E+00
  5.1000E+01  4.0000E+00  0.0000E+00  1.7850E+00  0.0000E+00  0.0000E+00  1.0000E+00  0.0000E+00  2.2382E+00  3.1367E+00  4.5426E+01  1.7230E+00  2.4835E-01  0.0000E+00  1.7850E+00  1.6400E+00  0.0000E+00  0.0000E+00
  5.1000E+01  8.0000E+00  0.0000E+00  1.3650E+00  0.0000E+00  0.0000E+00  1.0000E+00  0.0000E+00  2.2382E+00  3.1367E+00  4.5426E+01  1.3074E+00  2.7412E-01  0.0000E+00  1.3650E+00  1.2926E+00  0.0000E+00  0.0000E+00
  5.1000E+01  1.2000E+01  0.0000E+00  1.2400E+00  0.0000E+00  0.0000E+00  1.0000E+00  0.0000E+00  2.2382E+00  3.1367E+00  4.5426E+01  9.9185E-01  1.3512E+00  0.0000E+00  1.2400E+00  1.0037E+00  0.0000E+00  0.0000E+00
  5.1000E+01  2.4000E+01  0.0000E+00  2.5000E-01  0.0000E+00  0.0000E+00  1.0000E+00  1.0000E+00  2.2382E+00  3.1367E+00  4.5426E+01  4.3309E-01 -1.2278E+00  0.0000E+00  2.5000E-01  5.8002E-01  0.0000E+00  0.0000E+00
  5.1000E+01  1.6800E+02  1.0000E+02  0.0000E+00  1.0000E+00  1.0000E+00  2.0000E+00  0.0000E+00  2.2382E+00  3.1367E+00  4.5426E+01  2.0807E-05 -1.4888E-04  0.0000E+00  0.0000E+00  5.1620E-05  0.0000E+00  0.0000E+00
  5.1000E+01  1.6850E+02  0.0000E+00  1.7670E+00  0.0000E+00  0.0000E+00  2.0000E+00  0.0000E+00  2.2382E+00  3.1367E+00  4.5426E+01  1.4526E+00  1.4064E+00  0.0000E+00  1.7670E+00  8.4603E-01  0.0000E+00  0.0000E+00
  5.1000E+01  1.6900E+02  0.0000E+00  2.1240E+00  0.0000E+00  0.0000E+00  2.0000E+00  0.0000E+00  2.2382E+00  3.1367E+00  4.5426E+01  1.8777E+00  9.2832E-01  0.0000E+00  2.1240E+00  1.3057E+00  0.0000E+00  0.0000E+00
  5.1000E+01  1.7000E+02  0.0000E+00  1.8650E+00  0.0000E+00  0.0000E+00  2.0000E+00  0.0000E+00  2.2382E+00  3.1367E+00  4.5426E+01  1.9527E+00 -3.2106E-01  0.0000E+00  1.8650E+00  1.6566E+00  0.0000E+00  0.0000E+00
  5.1000E+01  1.7200E+02  0.0000E+00  2.3140E+00  0.0000E+00  0.0000E+00  2.0000E+00  0.0000E+00  2.2382E+00  3.1367E+00  4.5426E+01  1.7230E+00  2.3665E+00  0.0000E+00  2.3140E+00  1.6401E+00  0.0000E+00  0.0000E+00
  5.1000E+01  1.7600E+02  0.0000E+00  1.1800E+00  0.0000E+00  0.0000E+00  2.0000E+00  0.0000E+00  2.2382E+00  3.1367E+00  4.5426E+01  1.3074E+00 -6.0595E-01  0.0000E+00  1.1800E+00  1.2927E+00  0.0000E+00  0.0000E+00
  5.1000E+01  1.8000E+02  0.0000E+00  1.0540E+00  0.0000E+00  0.0000E+00  2.0000E+00  0.0000E+00  2.2382E+00  3.1367E+00  4.5426E+01  9.9186E-01  3.3838E-01  0.0000E+00  1.0540E+00  1.0037E+00  0.0000E+00  0.0000E+00
  5.1000E+01  1.9200E+02  0.0000E+00  5.5000E-01  0.0000E+00  0.0000E+00  2.0000E+00  0.0000E+00  2.2382E+00  3.1367E+00  4.5426E+01  4.3310E-01  7.8392E-01  0.0000E+00  5.5000E-01  4.6958E-01  0.0000E+00  0.0000E+00
  5.1000E+01  3.3600E+02  1.0000E+02  0.0000E+00  1.0000E+00  1.0000E+00  3.0000E+00  0.0000E+00  2.2382E+00  3.1367E+00  4.5426E+01  2.0808E-05 -1.4888E-04  0.0000E+00  0.0000E+00  5.1621E-05  0.0000E+00  0.0000E+00
  5.1000E+01  3.3650E+02  0.0000E+00  1.5470E+00  0.0000E+00  0.0000E+00  3.0000E+00  0.0000E+00  2.2382E+00  3.1367E+00  4.5426E+01  1.4526E+00  4.2226E-01  0.0000E+00  1.5470E+00  8.4603E-01  0.0000E+00  0.0000E+00
  5.1000E+01  3.3700E+02  0.0000E+00  1.5360E+00  0.0000E+00  0.0000E+00  3.0000E+00  0.0000E+00  2.2382E+00  3.1367E+00  4.5426E+01  1.8777E+00 -1.2877E+00  0.0000E+00  1.5360E+00  1.3057E+00  0.0000E+00  0.0000E+00
  5.1000E+01  3.3800E+02  0.0000E+00  1.5880E+00  0.0000E+00  0.0000E+00  3.0000E+00  0.0000E+00  2.2382E+00  3.1367E+00  4.5426E+01  1.9527E+00 -1.3356E+00  0.0000E+00  1.5880E+00  1.6566E+00  0.0000E+00  0.0000E+00
  5.1000E+01  3.4000E+02  0.0000E+00  1.4030E+00  0.0000E+00  0.0000E+00  3.0000E+00  0.0000E+00  2.2382E+00  3.1367E+00  4.5426E+01  1.7230E+00 -1.2814E+00  0.0000E+00  1.4030E+00  1.6401E+00  0.0000E+00  0.0000E+00
  5.1000E+01  3.4400E+02  0.0000E+00  1.4180E+00  0.0000E+00  0.0000E+00  3.0000E+00  0.0000E+00  2.2382E+00  3.1367E+00  4.5426E+01  1.3074E+00  5.2617E-01  0.0000E+00  1.4180E+00  1.2927E+00  0.0000E+00  0.0000E+00
  5.1000E+01  3.4800E+02  0.0000E+00  6.5400E-01  0.0000E+00  0.0000E+00  3.0000E+00  0.0000E+00  2.2382E+00  3.1367E+00  4.5426E+01  9.9186E-01 -1.8397E+00  0.0000E+00  6.5400E-01  1.0037E+00  0.0000E+00  0.0000E+00
  5.1000E+01  3.6000E+02  0.0000E+00  2.5000E-01  0.0000E+00  0.0000E+00  3.0000E+00  1.0000E+00  2.2382E+00  3.1367E+00  4.5426E+01  4.3310E-01 -1.2278E+00  0.0000E+00  2.5000E-01  5.7999E-01  0.0000E+00  0.0000E+00
  5.2000E+01  0.0000E+00  1.0000E+02  0.0000E+00  1.0000E+00  1.0000E+00  1.0000E+00  0.0000E+00  7.8768E-01  4.8634E+00  5.6940E+01  0.0000E+00  0.0000E+00  0.0000E+00  0.0000E+00  0.0000E+00  0.0000E+00  0.0000E+00
  5.2000E+01  5.0000E-01  0.0000E+00  5.3200E-01  0.0000E+00  0.0000E+00  1.0000E+00  0.0000E+00  7.8768E-01  4.8634E+00  5.6940E+01  5.5890E-01 -1.7351E-01  0.0000E+00  5.3200E-01  8.4598E-01  0.0000E+00  0.0000E+00
  5.2000E+01  1.0000E+00  0.0000E+00  8.4200E-01  0.0000E+00  0.0000E+00  1.0000E+00  0.0000E+00  7.8768E-01  4.8634E+00  5.6940E+01  9.1249E-01 -3.9689E-01  0.0000E+00  8.4200E-01  1.3057E+00  0.0000E+00  0.0000E+00
  5.2000E+01  2.0000E+00  0.0000E+00  1.3460E+00  0.0000E+00  0.0000E+00  1.0000E+00  0.0000E+00  7.8768E-01  4.8634E+00  5.6940E+01  1.2529E+00  4.5339E-01  0.0000E+00  1.3460E+00  1.6565E+00  0.0000E+00  0.0000E+00
  5.2000E+01  4.0000E+00  0.0000E+00  1.3770E+00  0.0000E+00  0.0000E+00  1.0000E+00  0.0000E+00  7.8768E-01  4.8634E+00  5.6940E+01  1.3154E+00  2.9200E-01  0.0000E+00  1.3770E+00  1.6400E+00  0.0000E+00  0.0000E+00
  5.2000E+01  8.0000E+00  0.0000E+00  1.0910E+00  0.0000E+00  0.0000E+00  1.0000E+00  0.0000E+00  7.8768E-01  4.8634E+00  5.6940E+01  9.9105E-01  5.4444E-01  0.0000E+00  1.0910E+00  1.2926E+00  0.0000E+00  0.0000E+00
  5.2000E+01  1.2000E+01  0.0000E+00  5.4100E-01  0.0000E+00  0.0000E+00  1.0000E+00  0.0000E+00  7.8768E-01  4.8634E+00  5.6940E+01  7.0665E-01 -1.0130E+00  0.0000E+00  5.4100E-01  1.0037E+00  0.0000E+00  0.0000E+00
  5.2000E+01  2.4000E+01  0.0000E+00  2.5000E-01  0.0000E+00  0.0000E+00  1.0000E+00  1.0000E+00  7.8768E-01  4.8634E+00  5.6940E+01  2.5361E-01 -2.5241E-02  0.0000E+00  2.5000E-01  5.8002E-01  0.0000E+00  0.0000E+00
  5.2000E+01  1.6800E+02  1.0000E+02  0.0000E+00  1.0000E+00  1.0000E+00  2.0000E+00  0.0000E+00  7.8768E-01  4.8634E+00  5.6940E+01  1.1550E-06 -8.2646E-06  0.0000E+00  0.0000E+00  5.1620E-05  0.0000E+00  0.0000E+00
  5.2000E+01  1.6850E+02  0.0000E+00  7.1700E-01  0.0000E+00  0.0000E+00  2.0000E+00  0.0000E+00  7.8768E-01  4.8634E+00  5.6940E+01  5.5890E-01  1.0197E+00  0.0000E+00  7.1700E-01  8.4603E-01  0.0000E+00  0.0000E+00
  5.2000E+01  1.6900E+02  0.0000E+00  1.2580E+00  0.0000E+00  0.0000E+00  2.0000E+00  0.0000E+00  7.8768E-01  4.8634E+00  5.6940E+01  9.1249E-01  1.9453E+00  0.0000E+00  1.2580E+00  1.3057E+00  0.0000E+00  0.0000E+00
  5.2000E+01  1.7000E+02  0.0000E+00  1.3000E+00  0.0000E+00  0.0000E+00  2.0000E+00  0.0000E+00  7.8768E-01  4.8634E+00  5.6940E+01  1.2529E+00  2.2941E-01  0.0000E+00  1.3000E+00  1.6566E+00  0.0000E+00  0.0000E+00
  5.2000E+01  1.7200E+02  0.0000E+00  1.0340E+00  0.0000E+00  0.0000E+00  2.0000E+00  0.0000E+00  7.8768E-01  4.8634E+00  5.6940E+01  1.3154E+00 -1.3340E+00  0.0000E+00  1.0340E+00  1.6401E+00  0.0000E+00  0.0000E+00
  5.2000E+01  1.7600E+02  0.0000E+00  1.2160E+00  0.0000E+00  0.0000E+00  2.0000E+00  0.0000E+00  7.8768E-01  4.8634E+00  5.6940E+01  9.9105E-01  1.2253E+00  0.0000E+00  1.2160E+00  1.2927E+00  0.0000E+00  0.0000E+00
  5.2000E+01  1.8000E+02  0.0000E+00  6.6600E-01  0.0000E+00  0.0000E+00  2.0000E+00  0.0000E+00  7.8768E-01  4.8634E+00  5.6940E+01  7.0665E-01 -2.4859E-01  0.0000E+00  6.6600E-01  1.0037E+00  0.0000E+00  0.0000E+00
  5.2000E+01  1.9200E+02  0.0000E+00  2.5000E-01  0.0000E+00  0.0000E+00  2.0000E+00  1.0000E+00  7.8768E-01  4.8634E+00  5.6940E+01  2.5361E-01 -2.5242E-02  0.0000E+00  2.5000E-01  5.7999E-01  0.0000E+00  0.0000E+00
  5.2000E+01  3.3600E+02  1.0000E+02  0.0000E+00  1.0000E+00  1.0000E+00  3.0000E+00  0.0000E+00  7.8768E-01  4.8634E+00  5.6940E+01  1.1550E-06 -8.2646E-06  0.0000E+00  0.0000E+00  5.1621E-05  0.0000E+00  0.0000E+00
  5.2000E+01  3.3650E+02  0.0000E+00  2.5000E-01  0.0000E+00  0.0000E+00  3.0000E+00  1.0000E+00  7.8768E-01  4.8634E+00  5.6940E+01  5.5890E-01 -1.9923E+00  0.0000E+00  2.5000E-01  2.2616E-02  0.0000E+00  0.0000E+00
  5.2000E+01  3.3700E+02  0.0000E+00  7.9500E-01  0.0000E+00  0.0000E+00  3.0000E+00  0.0000E+00  7.8768E-01  4.8634E+00  5.6940E+01  9.1249E-01 -6.6152E-01  0.0000E+00  7.9500E-01  1.3057E+00  0.0000E+00  0.0000E+00
  5.2000E+01  3.3800E+02  0.0000E+00  7.3100E-01  0.0000E+00  0.0000E+00  3.0000E+00  0.0000E+00  7.8768E-01  4.8634E+00  5.6940E+01  1.2529E+00 -2.5411E+00  0.0000E+00  7.3100E-01  1.6566E+00  0.0000E+00  0.0000E+00
  5.2000E+01  3.4000E+02  0.0000E+00  1.3700E+00  0.0000E+00  0.0000E+00  3.0000E+00  0.0000E+00  7.8768E-01  4.8634E+00  5.6940E+01  1.3154E+00  2.5881E-01  0.0000E+00  1.3700E+00  1.6401E+00  0.0000E+00  0.0000E+00
  5.2000E+01  3.4400E+02  0.0000E+00  1.0270E+00  0.0000E+00  0.0000E+00  3.0000E+00  0.0000E+00  7.8768E-01  4.8634E+00  5.6940E+01  9.9105E-01  1.9583E-01  0.0000E+00  1.0270E+00  1.2927E+00  0.0000E+00  0.0000E+00
  5.2000E+01  3.4800E+02  0.0000E+00  7.6600E-01  0.0000E+00  0.0000E+00  3.0000E+00  0.0000E+00  7.8768E-01  4.8634E+00  5.6940E+01  7.0665E-01  3.6298E-01  0.0000E+00  7.6600E-01  1.0037E+00  0.0000E+00  0.0000E+00
  5.2000E+01  3.6000E+02  0.0000E+00  2.5000E-01  0.0000E+00  0.0000E+00  3.0000E+00  1.0000E+00  7.8768E-01  4.8634E+00  5.6940E+01  2.5361E-01 -2.5242E-02  0.0000E+00  2.5000E-01  5.7999E-01  0.0000E+00  0.0000E+00
  5.3000E+01  0.0000E+00  1.0000E+02  0.0000E+00  1.0000E+00  1.0000E+00  1.0000E+00  0.0000E+00  1.2274E+00  4.4679E+00  5.2650E+01  0.0000E+00  0.0000E+00  0.0000E+00  0.0000E+00  0.0000E+00  0.0000E+00  0.0000E+00
  5.3000E+01  5.0000E-01  0.0000E+00  1.2450E+00  0.0000E+00  0.0000E+00  1.0000E+00  0.0000E+00  1.2274E+00  4.4679E+00  5.2650E+01  8.5106E-01  2.2751E+00  0.0000E+00  1.2450E+00  8.4598E-01  0.0000E+00  0.0000E+00
  5.3000E+01  1.0000E+00  0.0000E+00  1.3310E+00  0.0000E+00  0.0000E+00  1.0000E+00  0.0000E+00  1.2274E+00  4.4679E+00  5.2650E+01  1.2764E+00  2.6303E-01  0.0000E+00  1.3310E+00  1.3057E+00  0.0000E+00  0.0000E+00
  5.3000E+01  2.0000E+00  0.0000E+00  1.4690E+00  0.0000E+00  0.0000E+00  1.0000E+00  0.0000E+00  1.2274E+00  4.4679E+00  5.2650E+01  1.5467E+00 -3.3404E-01  0.0000E+00  1.4690E+00  1.6565E+00  0.0000E+00  0.0000E+00
  5.3000E+01  4.0000E+00  0.0000E+00  1.6120E+00  0.0000E+00  0.0000E+00  1.0000E+00  0.0000E+00  1.2274E+00  4.4679E+00  5.2650E+01  1.4381E+00  7.8282E-01  0.0000E+00  1.6120E+00  1.6400E+00  0.0000E+00  0.0000E+00
  5.3000E+01  8.0000E+00  0.0000E+00  1.3270E+00  0.0000E+00  0.0000E+00  1.0000E+00  0.0000E+00  1.2274E+00  4.4679E+00  5.2650E+01  1.0347E+00  1.5626E+00  0.0000E+00  1.3270E+00  1.2926E+00  0.0000E+00  0.0000E+00
  5.3000E+01  1.2000E+01  0.0000E+00  7.2200E-01  0.0000E+00  0.0000E+00  1.0000E+00  0.0000E+00  1.2274E+00  4.4679E+00  5.2650E+01  7.3699E-01 -9.0618E-02  0.0000E+00  7.2200E-01  1.0037E+00  0.0000E+00  0.0000E+00
  5.3000E+01  2.4000E+01  0.0000E+00  2.5000E-01  0.0000E+00  0.0000E+00  1.0000E+00  1.0000E+00  1.2274E+00  4.4679E+00  5.2650E+01  2.6620E-01 -1.1300E-01  0.0000E+00  2.5000E-01  5.8002E-01  0.0000E+00  0.0000E+00
  5.3000E+01  1.6800E+02  1.0000E+02  0.0000E+00  1.0000E+00  1.0000E+00  2.0000E+00  0.0000E+00  1.2274E+00  4.4679E+00  5.2650E+01  1.3127E-06 -9.3926E-06  0.0000E+00  0.0000E+00  5.1620E-05  0.0000E+00  0.0000E+00
  5.3000E+01  1.6850E+02  0.0000E+00  6.9700E-01  0.0000E+00  0.0000E+00  2.0000E+00  0.0000E+00  1.2274E+00  4.4679E+00  5.2650E+01  8.5106E-01 -8.8974E-01  0.0000E+00  6.9700E-01  8.4603E-01  0.0000E+00  0.0000E+00
  5.3000E+01  1.6900E+02  0.0000E+00  1.3330E+00  0.0000E+00  0.0000E+00  2.0000E+00  0.0000E+00  1.2274E+00  4.4679E+00  5.2650E+01  1.2764E+00  2.7266E-01  0.0000E+00  1.3330E+00  1.3057E+00  0.0000E+00  0.0000E+00
  5.3000E+01  1.7000E+02  0.0000E+00  1.1540E+00  0.0000E+00  0.0000E+00  2.0000E+00  0.0000E+00  1.2274E+00  4.4679E+00  5.2650E+01  1.5467E+00 -1.6890E+00  0.0000E+00  1.1540E+00  1.6566E+00  0.0000E+00  0.0000E+00
  5.3000E+01  1.7200E+02  0.0000E+00  1.3950E+00  0.0000E+00  0.0000E+00  2.0000E+00  0.0000E+00  1.2274E+00  4.4679E+00  5.2650E+01  1.4381E+00 -1.9380E-01  0.0000E+00  1.3950E+00  1.6401E+00  0.0000E+00  0.0000E+00
  5.3000E+01  1.7600E+02  0.0000E+00  1.0260E+00  0.0000E+00  0.0000E+00  2.0000E+00  0.0000E+00  1.2274E+00  4.4679E+00  5.2650E+01  1.0347E+00 -4.6773E-02  0.0000E+00  1.0260E+00  1.2927E+00  0.0000E+00  0.0000E+00
  5.3000E+01  1.8000E+02  0.0000E+00  5.8100E-01  0.0000E+00  0.0000E+00  2.0000E+00  0.0000E+00  1.2274E+00  4.4679E+00  5.2650E+01  7.3699E-01 -9.4292E-01  0.0000E+00  5.8100E-01  1.0037E+00  0.0000E+00  0.0000E+00
  5.3000E+01  1.9200E+02  0.0000E+00  2.5000E-01  0.0000E+00  0.0000E+00  2.0000E+00  1.0000E+00  1.2274E+00  4.4679E+00  5.2650E+01  2.6620E-01 -1.1300E-01  0.0000E+00  2.5000E-01  5.7999E-01  0.0000E+00  0.0000E+00
  5.3000E+01  3.3600E+02  1.0000E+02  0.0000E+00  1.0000E+00  1.0000E+00  3.0000E+00  0.0000E+00  1.2274E+00  4.4679E+00  5.2650E+01  1.3127E-06 -9.3926E-06  0.0000E+00  0.0000E+00  5.1621E-05  0.0000E+00  0.0000E+00
  5.3000E+01  3.3650E+02  0.0000E+00  8.5400E-01  0.0000E+00  0.0000E+00  3.0000E+00  0.0000E+00  1.2274E+00  4.4679E+00  5.2650E+01  8.5106E-01  1.6962E-02  0.0000E+00  8.5400E-01  8.4603E-01  0.0000E+00  0.0000E+00
  5.3000E+01  3.3700E+02  0.0000E+00  1.1490E+00  0.0000E+00  0.0000E+00  3.0000E+00  0.0000E+00  1.2274E+00  4.4679E+00  5.2650E+01  1.2764E+00 -6.1425E-01  0.0000E+00  1.1490E+00  1.3057E+00  0.0000E+00  0.0000E+00
  5.3000E+01  3.3800E+02  0.0000E+00  1.3700E+00  0.0000E+00  0.0000E+00  3.0000E+00  0.0000E+00  1.2274E+00  4.4679E+00  5.2650E+01  1.5467E+00 -7.5988E-01  0.0000E+00  1.3700E+00  1.6566E+00  0.0000E+00  0.0000E+00
  5.3000E+01  3.4000E+02  0.0000E+00  1.4420E+00  0.0000E+00  0.0000E+00  3.0000E+00  0.0000E+00  1.2274E+00  4.4679E+00  5.2650E+01  1.4381E+00  1.7725E-02  0.0000E+00  1.4420E+00  1.6401E+00  0.0000E+00  0.0000E+00
  5.3000E+01  3.4400E+02  0.0000E+00  1.2750E+00  0.0000E+00  0.0000E+00  3.0000E+00  0.0000E+00  1.2274E+00  4.4679E+00  5.2650E+01  1.0347E+00  1.2846E+00  0.0000E+00  1.2750E+00  1.2927E+00  0.0000E+00  0.0000E+00
  5.3000E+01  3.4800E+02  0.0000E+00  6.0300E-01  0.0000E+00  0.0000E+00  3.0000E+00  0.0000E+00  1.2274E+00  4.4679E+00  5.2650E+01  7.3699E-01 -8.0993E-01  0.0000E+00  6.0300E-01  1.0037E+00  0.0000E+00  0.0000E+00
  5.3000E+01  3.6000E+02  0.0000E+00  2.5000E-01  0.0000E+00  0.0000E+00  3.0000E+00  1.0000E+00  1.2274E+00  4.4679E+00  5.2650E+01  2.6620E-01 -1.1300E-01  0.0000E+00  2.5000E-01  5.7999E-01  0.0000E+00  0.0000E+00
  5.4000E+01  0.0000E+00  1.0000E+02  0.0000E+00  1.0000E+00  1.0000E+00  1.0000E+00  0.0000E+00  9.0747E-01  5.2111E+00  5.0020E+01  0.0000E+00  0.0000E+00  0.0000E+00  0.0000E+00  0.0000E+00  0.0000E+00  0.0000E+00
  5.4000E+01  5.0000E-01  0.0000E+00  2.5000E-01  0.0000E+00  0.0000E+00  1.0000E+00  1.0000E+00  9.0747E-01  5.2111E+00  5.0020E+01  7.0914E-01 -2.8053E+00  0.0000E+00  2.5000E-01  2.2629E-02  0.0000E+00  0.0000E+00
  5.4000E+01  1.0000E+00  0.0000E+00  7.0000E-01  0.0000E+00  0.0000E+00  1.0000E+00  0.0000E+00  9.0747E-01  5.2111E+00  5.0020E+01  1.1236E+00 -2.1804E+00  0.0000E+00  7.0000E-01  1.3057E+00  0.0000E+00  0.0000E+00
  5.4000E+01  2.0000E+00  0.0000E+00  1.0070E+00  0.0000E+00  0.0000E+00  1.0000E+00  0.0000E+00  9.0747E-01  5.2111E+00  5.0020E+01  1.4659E+00 -2.0413E+00  0.0000E+00  1.0070E+00  1.6565E+00  0.0000E+00  0.0000E+00
  5.4000E+01  4.0000E+00  0.0000E+00  1.1940E+00  0.0000E+00  0.0000E+00  1.0000E+00  0.0000E+00  9.0747E-01  5.2111E+00  5.0020E+01  1.4289E+00 -1.0613E+00  0.0000E+00  1.1940E+00  1.6400E+00  0.0000E+00  0.0000E+00
  5.4000E+01  8.0000E+00  0.0000E+00  1.0560E+00  0.0000E+00  0.0000E+00  1.0000E+00  0.0000E+00  9.0747E-01  5.2111E+00  5.0020E+01  9.7983E-01  4.1686E-01  0.0000E+00  1.0560E+00  1.2926E+00  0.0000E+00  0.0000E+00
  5.4000E+01  1.2000E+01  0.0000E+00  6.7900E-01  0.0000E+00  0.0000E+00  1.0000E+00  0.0000E+00  9.0747E-01  5.2111E+00  5.0020E+01  6.4692E-01  2.0065E-01  0.0000E+00  6.7900E-01  1.0037E+00  0.0000E+00  0.0000E+00
  5.4000E+01  2.4000E+01  0.0000E+00  2.5000E-01  0.0000E+00  0.0000E+00  1.0000E+00  1.0000E+00  9.0747E-01  5.2111E+00  5.0020E+01  1.8533E-01  4.5700E-01  0.0000E+00  2.5000E-01  5.8002E-01  0.0000E+00  0.0000E+00
  5.4000E+01  1.6800E+02  1.0000E+02  0.0000E+00  1.0000E+00  1.0000E+00  2.0000E+00  0.0000E+00  9.0747E-01  5.2111E+00  5.0020E+01  5.6578E-08 -4.0483E-07  0.0000E+00  0.0000E+00  5.1620E-05  0.0000E+00  0.0000E+00
  5.4000E+01  1.6850E+02  0.0000E+00  6.2200E-01  0.0000E+00  0.0000E+00  2.0000E+00  0.0000E+00  9.0747E-01  5.2111E+00  5.0020E+01  7.0914E-01 -5.3244E-01  0.0000E+00  6.2200E-01  8.4603E-01  0.0000E+00  0.0000E+00
  5.4000E+01  1.6900E+02  0.0000E+00  9.3700E-01  0.0000E+00  0.0000E+00  2.0000E+00  0.0000E+00  9.0747E-01  5.2111E+00  5.0020E+01  1.1236E+00 -9.6060E-01  0.0000E+00  9.3700E-01  1.3057E+00  0.0000E+00  0.0000E+00
  5.4000E+01  1.7000E+02  0.0000E+00  1.4550E+00  0.0000E+00  0.0000E+00  2.0000E+00  0.0000E+00  9.0747E-01  5.2111E+00  5.0020E+01  1.4659E+00 -4.8496E-02  0.0000E+00  1.4550E+00  1.6566E+00  0.0000E+00  0.0000E+00
  5.4000E+01  1.7200E+02  0.0000E+00  1.7340E+00  0.0000E+00  0.0000E+00  2.0000E+00  0.0000E+00  9.0747E-01  5.2111E+00  5.0020E+01  1.4289E+00  1.3784E+00  0.0000E+00  1.7340E+00  1.6401E+00  0.0000E+00  0.0000E+00
  5.4000E+01  1.7600E+02  0.0000E+00  1.1540E+00  0.0000E+00  0.0000E+00  2.0000E+00  0.0000E+00  9.0747E-01  5.2111E+00  5.0020E+01  9.7983E-01  9.5322E-01  0.0000E+00  1.1540E+00  1.2927E+00  0.0000E+00  0.0000E+00
  5.4000E+01  1.8000E+02  0.0000E+00  5.2000E-01  0.0000E+00  0.0000E+00  2.0000E+00  0.0000E+00  9.0747E-01  5.2111E+00  5.0020E+01  6.4692E-01 -7.9368E-01  0.0000E+00  5.2000E-01  1.0037E+00  0.0000E+00  0.0000E+00
  5.4000E+01  1.9200E+02  0.0000E+00  2.5000E-01  0.0000E+00  0.0000E+00  2.0000E+00  1.0000E+00  9.0747E-01  5.2111E+00  5.0020E+01  1.8533E-01  4.5700E-01  0.0000E+00  2.5000E-01  5.7999E-01  0.0000E+00  0.0000E+00
  5.4000E+01  3.3600E+02  1.0000E+02  0.0000E+00  1.0000E+00  1.0000E+00  3.0000E+00  0.0000E+00  9.0747E-01  5.2111E+00  5.0020E+01  5.6578E-08 -4.0483E-07  0.0000E+00  0.0000E+00  5.1621E-05  0.0000E+00  0.0000E+00
  5.4000E+01  3.3650E+02  0.0000E+00  1.0760E+00  0.0000E+00  0.0000E+00  3.0000E+00  0.0000E+00  9.0747E-01  5.2111E+00  5.0020E+01  7.0914E-01  2.2414E+00  0.0000E+00  1.0760E+00  8.4603E-01  0.0000E+00  0.0000E+00
  5.4000E+01  3.3700E+02  0.0000E+00  1.6010E+00  0.0000E+00  0.0000E+00  3.0000E+00  0.0000E+00  9.0747E-01  5.2111E+00  5.0020E+01  1.1236E+00  2.4570E+00  0.0000E+00  1.6010E+00  1.3057E+00  0.0000E+00  0.0000E+00
  5.4000E+01  3.3800E+02  0.0000E+00  1.6230E+00  0.0000E+00  0.0000E+00  3.0000E+00  0.0000E+00  9.0747E-01  5.2111E+00  5.0020E+01  1.4659E+00  6.9882E-01  0.0000E+00  1.6230E+00  1.6566E+00  0.0000E+00  0.0000E+00
  5.4000E+01  3.4000E+02  0.0000E+00  1.5570E+00  0.0000E+00  0.0000E+00  3.0000E+00  0.0000E+00  9.0747E-01  5.2111E+00  5.0020E+01  1.4289E+00  5.7872E-01  0.0000E+00  1.5570E+00  1.6401E+00  0.0000E+00  0.0000E+00
  5.4000E+01  3.4400E+02  0.0000E+00  7.9400E-01  0.0000E+00  0.0000E+00  3.0000E+00  0.0000E+00  9.0747E-01  5.2111E+00  5.0020E+01  9.7983E-01 -1.0171E+00  0.0000E+00  7.9400E-01  1.2927E+00  0.0000E+00  0.0000E+00
  5.4000E+01  3.4800E+02  0.0000E+00  6.5400E-01  0.0000E+00  0.0000E+00  3.0000E+00  0.0000E+00  9.0747E-01  5.2111E+00  5.0020E+01  6.4692E-01  4.4304E-02  0.0000E+00  6.5400E-01  1.0037E+00  0.0000E+00  0.0000E+00
  5.4000E+01  3.6000E+02  0.0000E+00  2.5000E-01  0.0000E+00  0.0000E+00  3.0000E+00  1.0000E+00  9.0747E-01  5.2111E+00  5.0020E+01  1.8533E-01  4.5700E-01  0.0000E+00  2.5000E-01  5.7999E-01  0.0000E+00  0.0000E+00
  5.5000E+01  0.0000E+00  1.0000E+02  0.0000E+00  1.0000E+00  1.0000E+00  1.0000E+00  0.0000E+00  4.4126E-01  1.5824E+00  4.9281E+01  0.0000E+00  0.0000E+00  0.0000E+00  0.0000E+00  0.0000E+00  0.0000E+00  0.0000E+00
  5.5000E+01  5.0000E-01  0.0000E+00  5.5600E-01  0.0000E+00  0.0000E+00  1.0000E+00  0.0000E+00  4.4126E-01  1.5824E+00  4.9281E+01  3.9842E-01  1.0667E+00  0.0000E+00  5.5600E-01  8.4598E-01  0.0000E+00  0.0000E+00
  5.5000E+01  1.0000E+00  0.0000E+00  9.4000E-01  0.0000E+00  0.0000E+00  1.0000E+00  0.0000E+00  4.4126E-01  1.5824E+00  4.9281E+01  7.1162E-01  1.3940E+00  0.0000E+00  9.4000E-01  1.3057E+00  0.0000E+00  0.0000E+00
  5.5000E+01  2.0000E+00  0.0000E+00  1.3940E+00  0.0000E+00  0.0000E+00  1.0000E+00  0.0000E+00  4.4126E-01  1.5824E+00  4.9281E+01  1.1469E+00  1.2593E+00  0.0000E+00  1.3940E+00  1.6565E+00  0.0000E+00  0.0000E+00
  5.5000E+01  4.0000E+00  0.0000E+00  1.4630E+00  0.0000E+00  0.0000E+00  1.0000E+00  0.0000E+00  4.4126E-01  1.5824E+00  4.9281E+01  1.5500E+00 -3.7386E-01  0.0000E+00  1.4630E+00  1.6400E+00  0.0000E+00  0.0000E+00
  5.5000E+01  8.0000E+00  0.0000E+00  1.6460E+00  0.0000E+00  0.0000E+00  1.0000E+00  0.0000E+00  4.4126E-01  1.5824E+00  4.9281E+01  1.6285E+00  7.2613E-02  0.0000E+00  1.6460E+00  1.2926E+00  0.0000E+00  0.0000E+00
  5.5000E+01  1.2000E+01  0.0000E+00  1.6510E+00  0.0000E+00  0.0000E+00  1.0000E+00  0.0000E+00  4.4126E-01  1.5824E+00  4.9281E+01  1.4777E+00  7.6724E-01  0.0000E+00  1.6510E+00  1.0037E+00  0.0000E+00  0.0000E+00
  5.5000E+01  2.4000E+01  0.0000E+00  1.1480E+00  0.0000E+00  0.0000E+00  1.0000E+00  0.0000E+00  4.4126E-01  1.5824E+00  4.9281E+01  1.0126E+00  7.3094E-01  0.0000E+00  1.1480E+00  4.6957E-01  0.0000E+00  0.0000E+00
  5.5000E+01  1.6800E+02  1.0000E+02  0.0000E+00  1.0000E+00  1.0000E+00  2.0000E+00  0.0000E+00  4.4126E-01  1.5824E+00  4.9281E+01  9.9395E-03 -7.1117E-02  0.0000E+00  0.0000E+00  5.1620E-05  0.0000E+00  0.0000E+00
  5.5000E+01  1.6850E+02  0.0000E+00  2.5000E-01  0.0000E+00  0.0000E+00  2.0000E+00  1.0000E+00  4.4126E-01  1.5824E+00  4.9281E+01  4.0821E-01 -1.0682E+00  0.0000E+00  2.5000E-01  2.2616E-02  0.0000E+00  0.0000E+00
  5.5000E+01  1.6900E+02  0.0000E+00  5.6100E-01  0.0000E+00  0.0000E+00  2.0000E+00  0.0000E+00  4.4126E-01  1.5824E+00  4.9281E+01  7.2125E-01 -9.7455E-01  0.0000E+00  5.6100E-01  1.3057E+00  0.0000E+00  0.0000E+00
  5.5000E+01  1.7000E+02  0.0000E+00  1.0970E+00  0.0000E+00  0.0000E+00  2.0000E+00  0.0000E+00  4.4126E-01  1.5824E+00  4.9281E+01  1.1562E+00 -3.0041E-01  0.0000E+00  1.0970E+00  1.6566E+00  0.0000E+00  0.0000E+00
  5.5000E+01  1.7200E+02  0.0000E+00  1.3750E+00  0.0000E+00  0.0000E+00  2.0000E+00  0.0000E+00  4.4126E-01  1.5824E+00  4.9281E+01  1.5588E+00 -7.8657E-01  0.0000E+00  1.3750E+00  1.6401E+00  0.0000E+00  0.0000E+00
  5.5000E+01  1.7600E+02  0.0000E+00  1.6900E+00  0.0000E+00  0.0000E+00  2.0000E+00  0.0000E+00  4.4126E-01  1.5824E+00  4.9281E+01  1.6362E+00  2.2296E-01  0.0000E+00  1.6900E+00  1.2927E+00  0.0000E+00  0.0000E+00
  5.5000E+01  1.8000E+02  0.0000E+00  1.5000E+00  0.0000E+00  0.0000E+00  2.0000E+00  0.0000E+00  4.4126E-01  1.5824E+00  4.9281E+01  1.4844E+00  6.8717E-02  0.0000E+00  1.5000E+00  1.0037E+00  0.0000E+00  0.0000E+00
  5.5000E+01  1.9200E+02  0.0000E+00  8.4100E-01  0.0000E+00  0.0000E+00  2.0000E+00  0.0000E+00  4.4126E-01  1.5824E+00  4.9281E+01  1.0172E+00 -9.4904E-01  0.0000E+00  8.4100E-01  4.6958E-01  0.0000E+00  0.0000E+00
  5.5000E+01  3.3600E+02  1.0000E+02  0.0000E+00  1.0000E+00  1.0000E+00  3.0000E+00  0.0000E+00  4.4126E-01  1.5824E+00  4.9281E+01  9.9846E-03 -7.1440E-02  0.0000E+00  0.0000E+00  5.1621E-05  0.0000E+00  0.0000E+00
  5.5000E+01  3.3650E+02  0.0000E+00  2.5000E-01  0.0000E+00  0.0000E+00  3.0000E+00  1.0000E+00  4.4126E-01  1.5824E+00  4.9281E+01  4.0825E-01 -1.0685E+00  0.0000E+00  2.5000E-01  2.2616E-02  0.0000E+00  0.0000E+00
  5.5000E+01  3.3700E+02  0.0000E+00  5.3100E-01  0.0000E+00  0.0000E+00  3.0000E+00  0.0000E+00  4.4126E-01  1.5824E+00  4.9281E+01  7.2129E-01 -1.1572E+00  0.0000E+00  5.3100E-01  1.3057E+00  0.0000E+00  0.0000E+00
  5.5000E+01  3.3800E+02  0.0000E+00  1.0780E+00  0.0000E+00  0.0000E+00  3.0000E+00  0.0000E+00  4.4126E-01  1.5824E+00  4.9281E+01  1.1562E+00 -3.9705E-01  0.0000E+00  1.0780E+00  1.6566E+00  0.0000E+00  0.0000E+00
  5.5000E+01  3.4000E+02  0.0000E+00  1.3460E+00  0.0000E+00  0.0000E+00  3.0000E+00  0.0000E+00  4.4126E-01  1.5824E+00  4.9281E+01  1.5588E+00 -9.1084E-01  0.0000E+00  1.3460E+00  1.6401E+00  0.0000E+00  0.0000E+00
  5.5000E+01  3.4400E+02  0.0000E+00  1.9220E+00  0.0000E+00  0.0000E+00  3.0000E+00  0.0000E+00  4.4126E-01  1.5824E+00  4.9281E+01  1.6363E+00  1.1848E+00  0.0000E+00  1.9220E+00  1.2927E+00  0.0000E+00  0.0000E+00
  5.5000E+01  3.4800E+02  0.0000E+00  1.5730E+00  0.0000E+00  0.0000E+00  3.0000E+00  0.0000E+00  4.4126E-01  1.5824E+00  4.9281E+01  1.4845E+00  3.9080E-01  0.0000E+00  1.5730E+00  1.0037E+00  0.0000E+00  0.0000E+00
  5.5000E+01  3.6000E+02  0.0000E+00  1.1150E+00  0.0000E+00  0.0000E+00  3.0000E+00  0.0000E+00  4.4126E-01  1.5824E+00  4.9281E+01  1.0172E+00  5.2685E-01  0.0000E+00  1.1150E+00  4.6958E-01  0.0000E+00  0.0000E+00
  5.6000E+01  0.0000E+00  1.0000E+02  0.0000E+00  1.0000E+00  1.0000E+00  1.0000E+00  0.0000E+00  1.8893E+00  4.9165E+00  3.8173E+01  0.0000E+00  0.0000E+00  0.0000E+00  0.0000E+00  0.0000E+00  0.0000E+00  0.0000E+00
  5.6000E+01  5.0000E-01  0.0000E+00  1.5660E+00  0.0000E+00  0.0000E+00  1.0000E+00  0.0000E+00  1.8893E+00  4.9165E+00  3.8173E+01  1.5429E+00  9.9615E-02  0.0000E+00  1.5660E+00  8.4598E-01  0.0000E+00  0.0000E+00
  5.6000E+01  1.0000E+00  0.0000E+00  2.0080E+00  0.0000E+00  0.0000E+00  1.0000E+00  0.0000E+00  1.8893E+00  4.9165E+00  3.8173E+01  2.0466E+00 -1.3633E-01  0.0000E+00  2.0080E+00  1.3057E+00  0.0000E+00  0.0000E+00
  5.6000E+01  2.0000E+00  0.0000E+00  2.0320E+00  0.0000E+00  0.0000E+00  1.0000E+00  0.0000E+00  1.8893E+00  4.9165E+00  3.8173E+01  2.1086E+00 -2.6490E-01  0.0000E+00  2.0320E+00  1.6565E+00  0.0000E+00  0.0000E+00
  5.6000E+01  4.0000E+00  0.0000E+00  1.3830E+00  0.0000E+00  0.0000E+00  1.0000E+00  0.0000E+00  1.8893E+00  4.9165E+00  3.8173E+01  1.6780E+00 -1.2027E+00  0.0000E+00  1.3830E+00  1.6400E+00  0.0000E+00  0.0000E+00
  5.6000E+01  8.0000E+00  0.0000E+00  7.6000E-01  0.0000E+00  0.0000E+00  1.0000E+00  0.0000E+00  1.8893E+00  4.9165E+00  3.8173E+01  1.0033E+00 -1.3184E+00  0.0000E+00  7.6000E-01  1.2926E+00  0.0000E+00  0.0000E+00
  5.6000E+01  1.2000E+01  0.0000E+00  5.0700E-01  0.0000E+00  0.0000E+00  1.0000E+00  0.0000E+00  1.8893E+00  4.9165E+00  3.8173E+01  5.9936E-01 -5.8749E-01  0.0000E+00  5.0700E-01  1.0037E+00  0.0000E+00  0.0000E+00
  5.6000E+01  2.4000E+01  0.0000E+00  2.5000E-01  0.0000E+00  0.0000E+00  1.0000E+00  1.0000E+00  1.8893E+00  4.9165E+00  3.8173E+01  1.2778E-01  8.6928E-01  0.0000E+00  2.5000E-01  5.8002E-01  0.0000E+00  0.0000E+00
  5.6000E+01  1.6800E+02  1.0000E+02  0.0000E+00  1.0000E+00  1.0000E+00  2.0000E+00  0.0000E+00  1.8893E+00  4.9165E+00  3.8173E+01  1.1268E-09 -8.0623E-09  0.0000E+00  0.0000E+00  5.1620E-05  0.0000E+00  0.0000E+00
  5.6000E+01  1.6850E+02  0.0000E+00  1.6080E+00  0.0000E+00  0.0000E+00  2.0000E+00  0.0000E+00  1.8893E+00  4.9165E+00  3.8173E+01  1.5429E+00  2.8056E-01  0.0000E+00  1.6080E+00  8.4603E-01  0.0000E+00  0.0000E+00
  5.6000E+01  1.6900E+02  0.0000E+00  2.4130E+00  0.0000E+00  0.0000E+00  2.0000E+00  0.0000E+00  1.8893E+00  4.9165E+00  3.8173E+01  2.0466E+00  1.2959E+00  0.0000E+00  2.4130E+00  1.3057E+00  0.0000E+00  0.0000E+00
  5.6000E+01  1.7000E+02  0.0000E+00  1.9710E+00  0.0000E+00  0.0000E+00  2.0000E+00  0.0000E+00  1.8893E+00  4.9165E+00  3.8173E+01  2.1086E+00 -4.7577E-01  0.0000E+00  1.9710E+00  1.6566E+00  0.0000E+00  0.0000E+00
  5.6000E+01  1.7200E+02  0.0000E+00  2.0230E+00  0.0000E+00  0.0000E+00  2.0000E+00  0.0000E+00  1.8893E+00  4.9165E+00  3.8173E+01  1.6780E+00  1.4067E+00  0.0000E+00  2.0230E+00  1.6401E+00  0.0000E+00  0.0000E+00
  5.6000E+01  1.7600E+02  0.0000E+00  1.0920E+00  0.0000E+00  0.0000E+00  2.0000E+00  0.0000E+00  1.8893E+00  4.9165E+00  3.8173E+01  1.0033E+00  4.8070E-01  0.0000E+00  1.0920E+00  1.2927E+00  0.0000E+00  0.0000E+00
  5.6000E+01  1.8000E+02  0.0000E+00  7.5500E-01  0.0000E+00  0.0000E+00  2.0000E+00  0.0000E+00  1.8893E+00  4.9165E+00  3.8173E+01  5.9936E-01  9.9001E-01  0.0000E+00  7.5500E-01  1.0037E+00  0.0000E+00  0.0000E+00
  5.6000E+01  1.9200E+02  0.0000E+00  2.5000E-01  0.0000E+00  0.0000E+00  2.0000E+00  1.0000E+00  1.8893E+00  4.9165E+00  3.8173E+01  1.2778E-01  8.6928E-01  0.0000E+00  2.5000E-01  5.7999E-01  0.0000E+00  0.0000E+00
  5.6000E+01  3.3600E+02  1.0000E+02  0.0000E+00  1.0000E+00  1.0000E+00  3.0000E+00  0.0000E+00  1.8893E+00  4.9165E+00  3.8173E+01  1.1268E-09 -8.0623E-09  0.0000E+00  0.0000E+00  5.1621E-05  0.0000E+00  0.0000E+00
  5.6000E+01  3.3650E+02  0.0000E+00  1.5030E+00  0.0000E+00  0.0000E+00  3.0000E+00  0.0000E+00  1.8893E+00  4.9165E+00  3.8173E+01  1.5429E+00 -1.7180E-01  0.0000E+00  1.5030E+00  8.4603E-01  0.0000E+00  0.0000E+00
  5.6000E+01  3.3700E+02  0.0000E+00  2.1990E+00  0.0000E+00  0.0000E+00  3.0000E+00  0.0000E+00  1.8893E+00  4.9165E+00  3.8173E+01  2.0466E+00  5.3910E-01  0.0000E+00  2.1990E+00  1.3057E+00  0.0000E+00  0.0000E+00
  5.6000E+01  3.3800E+02  0.0000E+00  2.1100E+00  0.0000E+00  0.0000E+00  3.0000E+00  0.0000E+00  1.8893E+00  4.9165E+00  3.8173E+01  2.1086E+00  4.7244E-03  0.0000E+00  2.1100E+00  1.6566E+00  0.0000E+00  0.0000E+00
  5.6000E+01  3.4000E+02  0.0000E+00  1.7170E+00  0.0000E+00  0.0000E+00  3.0000E+00  0.0000E+00  1.8893E+00  4.9165E+00  3.8173E+01  1.6780E+00  1.5908E-01  0.0000E+00  1.7170E+00  1.6401E+00  0.0000E+00  0.0000E+00
  5.6000E+01  3.4400E+02  0.0000E+00  1.2430E+00  0.0000E+00  0.0000E+00  3.0000E+00  0.0000E+00  1.8893E+00  4.9165E+00  3.8173E+01  1.0033E+00  1.2989E+00  0.0000E+00  1.2430E+00  1.2927E+00  0.0000E+00  0.0000E+00
  5.6000E+01  3.4800E+02  0.0000E+00  2.5000E-01  0.0000E+00  0.0000E+00  3.0000E+00  1.0000E+00  1.8893E+00  4.9165E+00  3.8173E+01  5.9936E-01 -2.2222E+00  0.0000E+00  2.5000E-01  3.1757E-03  0.0000E+00  0.0000E+00
  5.6000E+01  3.6000E+02  0.0000E+00  2.5000E-01  0.0000E+00  0.0000E+00  3.0000E+00  1.0000E+00  1.8893E+00  4.9165E+00  3.8173E+01  1.2778E-01  8.6928E-01  0.0000E+00  2.5000E-01  5.7999E-01  0.0000E+00  0.0000E+00
  5.7000E+01  0.0000E+00  1.0000E+02  0.0000E+00  1.0000E+00  1.0000E+00  1.0000E+00  0.0000E+00  1.9107E+00  6.5733E+00  5.0728E+01  0.0000E+00  0.0000E+00  0.0000E+00  0.0000E+00  0.0000E+00  0.0000E+00  0.0000E+00
  5.7000E+01  5.0000E-01  0.0000E+00  1.2020E+00  0.0000E+00  0.0000E+00  1.0000E+00  0.0000E+00  1.9107E+00  6.5733E+00  5.0728E+01  1.1686E+00  1.6887E-01  0.0000E+00  1.2020E+00  8.4598E-01  0.0000E+00  0.0000E+00
  5.7000E+01  1.0000E+00  0.0000E+00  1.4100E+00  0.0000E+00  0.0000E+00  1.0000E+00  0.0000E+00  1.9107E+00  6.5733E+00  5.0728E+01  1.5448E+00 -5.8013E-01  0.0000E+00  1.4100E+00  1.3057E+00  0.0000E+00  0.0000E+00
  5.7000E+01  2.0000E+00  0.0000E+00  1.7460E+00  0.0000E+00  0.0000E+00  1.0000E+00  0.0000E+00  1.9107E+00  6.5733E+00  5.0728E+01  1.5856E+00  6.7890E-01  0.0000E+00  1.7460E+00  1.6565E+00  0.0000E+00  0.0000E+00
  5.7000E+01  4.0000E+00  0.0000E+00  1.1260E+00  0.0000E+00  0.0000E+00  1.0000E+00  0.0000E+00  1.9107E+00  6.5733E+00  5.0728E+01  1.2583E+00 -6.4288E-01  0.0000E+00  1.1260E+00  1.6400E+00  0.0000E+00  0.0000E+00
  5.7000E+01  8.0000E+00  0.0000E+00  6.7100E-01  0.0000E+00  0.0000E+00  1.0000E+00  0.0000E+00  1.9107E+00  6.5733E+00  5.0728E+01  7.4997E-01 -4.7494E-01  0.0000E+00  6.7100E-01  1.2926E+00  0.0000E+00  0.0000E+00
  5.7000E+01  1.2000E+01  0.0000E+00  2.5000E-01  0.0000E+00  0.0000E+00  1.0000E+00  1.0000E+00  1.9107E+00  6.5733E+00  5.0728E+01  4.4662E-01 -1.3134E+00  0.0000E+00  2.5000E-01  3.1767E-03  0.0000E+00  0.0000E+00
  5.7000E+01  2.4000E+01  0.0000E+00  2.5000E-01  0.0000E+00  0.0000E+00  1.0000E+00  1.0000E+00  1.9107E+00  6.5733E+00  5.0728E+01  9.4326E-02  1.1103E+00  0.0000E+00  2.5000E-01  5.8002E-01  0.0000E+00  0.0000E+00
  5.7000E+01  1.6800E+02  1.0000E+02  0.0000E+00  1.0000E+00  1.0000E+00  2.0000E+00  0.0000E+00  1.9107E+00  6.5733E+00  5.0728E+01  7.4283E-10 -5.3152E-09  0.0000E+00  0.0000E+00  5.1620E-05  0.0000E+00  0.0000E+00
  5.7000E+01  1.6850E+02  0.0000E+00  1.2720E+00  0.0000E+00  0.0000E+00  2.0000E+00  0.0000E+00  1.9107E+00  6.5733E+00  5.0728E+01  1.1686E+00  5.2227E-01  0.0000E+00  1.2720E+00  8.4603E-01  0.0000E+00  0.0000E+00
  5.7000E+01  1.6900E+02  0.0000E+00  1.2510E+00  0.0000E+00  0.0000E+00  2.0000E+00  0.0000E+00  1.9107E+00  6.5733E+00  5.0728E+01  1.5448E+00 -1.2646E+00  0.0000E+00  1.2510E+00  1.3057E+00  0.0000E+00  0.0000E+00
  5.7000E+01  1.7000E+02  0.0000E+00  1.3620E+00  0.0000E+00  0.0000E+00  2.0000E+00  0.0000E+00  1.9107E+00  6.5733E+00  5.0728E+01  1.5856E+00 -9.4658E-01  0.0000E+00  1.3620E+00  1.6566E+00  0.0000E+00  0.0000E+00
  5.7000E+01  1.7200E+02  0.0000E+00  1.2020E+00  0.0000E+00  0.0000E+00  2.0000E+00  0.0000E+00  1.9107E+00  6.5733E+00  5.0728E+01  1.2583E+00 -2.7369E-01  0.0000E+00  1.2020E+00  1.6401E+00  0.0000E+00  0.0000E+00
  5.7000E+01  1.7600E+02  0.0000E+00  9.1400E-01  0.0000E+00  0.0000E+00  2.0000E+00  0.0000E+00  1.9107E+00  6.5733E+00  5.0728E+01  7.4997E-01  9.8649E-01  0.0000E+00  9.1400E-01  1.2927E+00  0.0000E+00  0.0000E+00
  5.7000E+01  1.8000E+02  0.0000E+00  6.0100E-01  0.0000E+00  0.0000E+00  2.0000E+00  0.0000E+00  1.9107E+00  6.5733E+00  5.0728E+01  4.4662E-01  1.0312E+00  0.0000E+00  6.0100E-01  1.0037E+00  0.0000E+00  0.0000E+00
  5.7000E+01  1.9200E+02  0.0000E+00  2.5000E-01  0.0000E+00  0.0000E+00  2.0000E+00  1.0000E+00  1.9107E+00  6.5733E+00  5.0728E+01  9.4326E-02  1.1103E+00  0.0000E+00  2.5000E-01  5.7999E-01  0.0000E+00  0.0000E+00
  5.7000E+01  3.3600E+02  1.0000E+02  0.0000E+00  1.0000E+00  1.0000E+00  3.0000E+00  0.0000E+00  1.9107E+00  6.5733E+00  5.0728E+01  7.4283E-10 -5.3152E-09  0.0000E+00  0.0000E+00  5.1621E-05  0.0000E+00  0.0000E+00
  5.7000E+01  3.3650E+02  0.0000E+00  1.3460E+00  0.0000E+00  0.0000E+00  3.0000E+00  0.0000E+00  1.9107E+00  6.5733E+00  5.0728E+01  1.1686E+00  8.9586E-01  0.0000E+00  1.3460E+00  8.4603E-01  0.0000E+00  0.0000E+00
  5.7000E+01  3.3700E+02  0.0000E+00  1.6950E+00  0.0000E+00  0.0000E+00  3.0000E+00  0.0000E+00  1.9107E+00  6.5733E+00  5.0728E+01  1.5448E+00  6.4673E-01  0.0000E+00  1.6950E+00  1.3057E+00  0.0000E+00  0.0000E+00
  5.7000E+01  3.3800E+02  0.0000E+00  1.8200E+00  0.0000E+00  0.0000E+00  3.0000E+00  0.0000E+00  1.9107E+00  6.5733E+00  5.0728E+01  1.5856E+00  9.9215E-01  0.0000E+00  1.8200E+00  1.6566E+00  0.0000E+00  0.0000E+00
  5.7000E+01  3.4000E+02  0.0000E+00  1.1830E+00  0.0000E+00  0.0000E+00  3.0000E+00  0.0000E+00  1.9107E+00  6.5733E+00  5.0728E+01  1.2583E+00 -3.6599E-01  0.0000E+00  1.1830E+00  1.6401E+00  0.0000E+00  0.0000E+00
  5.7000E+01  3.4400E+02  0.0000E+00  7.6400E-01  0.0000E+00  0.0000E+00  3.0000E+00  0.0000E+00  1.9107E+00  6.5733E+00  5.0728E+01  7.4997E-01  8.4370E-02  0.0000E+00  7.6400E-01  1.2927E+00  0.0000E+00  0.0000E+00
  5.7000E+01  3.4800E+02  0.0000E+00  2.5000E-01  0.0000E+00  0.0000E+00  3.0000E+00  1.0000E+00  1.9107E+00  6.5733E+00  5.0728E+01  4.4662E-01 -1.3134E+00  0.0000E+00  2.5000E-01  3.1757E-03  0.0000E+00  0.0000E+00
  5.7000E+01  3.6000E+02  0.0000E+00  2.5000E-01  0.0000E+00  0.0000E+00  3.0000E+00  1.0000E+00  1.9107E+00  6.5733E+00  5.0728E+01  9.4326E-02  1.1103E+00  0.0000E+00  2.5000E-01  5.7999E-01  0.0000E+00  0.0000E+00
  5.8000E+01  0.0000E+00  1.0000E+02  0.0000E+00  1.0000E+00  1.0000E+00  1.0000E+00  0.0000E+00  8.2540E-01  5.4943E+00  5.1179E+01  0.0000E+00  0.0000E+00  0.0000E+00  0.0000E+00  0.0000E+00  0.0000E+00  0.0000E+00
  5.8000E+01  5.0000E-01  0.0000E+00  5.4400E-01  0.0000E+00  0.0000E+00  1.0000E+00  0.0000E+00  8.2540E-01  5.4943E+00  5.1179E+01  6.4210E-01 -6.1454E-01  0.0000E+00  5.4400E-01  8.4598E-01  0.0000E+00  0.0000E+00
  5.8000E+01  1.0000E+00  0.0000E+00  1.1180E+00  0.0000E+00  0.0000E+00  1.0000E+00  0.0000E+00  8.2540E-01  5.4943E+00  5.1179E+01  1.0335E+00  4.5194E-01  0.0000E+00  1.1180E+00  1.3057E+00  0.0000E+00  0.0000E+00
  5.8000E+01  2.0000E+00  0.0000E+00  1.1140E+00  0.0000E+00  0.0000E+00  1.0000E+00  0.0000E+00  8.2540E-01  5.4943E+00  5.1179E+01  1.3811E+00 -1.2312E+00  0.0000E+00  1.1140E+00  1.6565E+00  0.0000E+00  0.0000E+00
  5.8000E+01  4.0000E+00  0.0000E+00  1.2960E+00  0.0000E+00  0.0000E+00  1.0000E+00  0.0000E+00  8.2540E-01  5.4943E+00  5.1179E+01  1.3792E+00 -3.8395E-01  0.0000E+00  1.2960E+00  1.6400E+00  0.0000E+00  0.0000E+00
  5.8000E+01  8.0000E+00  0.0000E+00  8.1900E-01  0.0000E+00  0.0000E+00  1.0000E+00  0.0000E+00  8.2540E-01  5.4943E+00  5.1179E+01  9.4851E-01 -7.1824E-01  0.0000E+00  8.1900E-01  1.2926E+00  0.0000E+00  0.0000E+00
  5.8000E+01  1.2000E+01  0.0000E+00  5.9300E-01  0.0000E+00  0.0000E+00  1.0000E+00  0.0000E+00  8.2540E-01  5.4943E+00  5.1179E+01  6.1924E-01 -1.6577E-01  0.0000E+00  5.9300E-01  1.0037E+00  0.0000E+00  0.0000E+00
  5.8000E+01  2.4000E+01  0.0000E+00  2.5000E-01  0.0000E+00  0.0000E+00  1.0000E+00  1.0000E+00  8.2540E-01  5.4943E+00  5.1179E+01  1.7079E-01  5.6076E-01  0.0000E+00  2.5000E-01  5.8002E-01  0.0000E+00  0.0000E+00
  5.8000E+01  1.6800E+02  1.0000E+02  0.0000E+00  1.0000E+00  1.0000E+00  2.0000E+00  0.0000E+00  8.2540E-01  5.4943E+00  5.1179E+01  3.3017E-08 -2.3624E-07  0.0000E+00  0.0000E+00  5.1620E-05  0.0000E+00  0.0000E+00
  5.8000E+01  1.6850E+02  0.0000E+00  6.9100E-01  0.0000E+00  0.0000E+00  2.0000E+00  0.0000E+00  8.2540E-01  5.4943E+00  5.1179E+01  6.4210E-01  3.0636E-01  0.0000E+00  6.9100E-01  8.4603E-01  0.0000E+00  0.0000E+00
  5.8000E+01  1.6900E+02  0.0000E+00  1.1410E+00  0.0000E+00  0.0000E+00  2.0000E+00  0.0000E+00  8.2540E-01  5.4943E+00  5.1179E+01  1.0335E+00  5.7497E-01  0.0000E+00  1.1410E+00  1.3057E+00  0.0000E+00  0.0000E+00
  5.8000E+01  1.7000E+02  0.0000E+00  1.7150E+00  0.0000E+00  0.0000E+00  2.0000E+00  0.0000E+00  8.2540E-01  5.4943E+00  5.1179E+01  1.3811E+00  1.5395E+00  0.0000E+00  1.7150E+00  1.6566E+00  0.0000E+00  0.0000E+00
  5.8000E+01  1.7200E+02  0.0000E+00  1.6960E+00  0.0000E+00  0.0000E+00  2.0000E+00  0.0000E+00  8.2540E-01  5.4943E+00  5.1179E+01  1.3792E+00  1.4615E+00  0.0000E+00  1.6960E+00  1.6401E+00  0.0000E+00  0.0000E+00
  5.8000E+01  1.7600E+02  0.0000E+00  9.8900E-01  0.0000E+00  0.0000E+00  2.0000E+00  0.0000E+00  8.2540E-01  5.4943E+00  5.1179E+01  9.4851E-01  2.2456E-01  0.0000E+00  9.8900E-01  1.2927E+00  0.0000E+00  0.0000E+00
  5.8000E+01  1.8000E+02  0.0000E+00  7.9500E-01  0.0000E+00  0.0000E+00  2.0000E+00  0.0000E+00  8.2540E-01  5.4943E+00  5.1179E+01  6.1924E-01  1.1101E+00  0.0000E+00  7.9500E-01  1.0037E+00  0.0000E+00  0.0000E+00
  5.8000E+01  1.9200E+02  0.0000E+00  2.5000E-01  0.0000E+00  0.0000E+00  2.0000E+00  1.0000E+00  8.2540E-01  5.4943E+00  5.1179E+01  1.7079E-01  5.6076E-01  0.0000E+00  2.5000E-01  5.7999E-01  0.0000E+00  0.0000E+00
  5.8000E+01  3.3600E+02  1.0000E+02  0.0000E+00  1.0000E+00  1.0000E+00  3.0000E+00  0.0000E+00  8.2540E-01  5.4943E+00  5.1179E+01  3.3017E-08 -2.3624E-07  0.0000E+00  0.0000E+00  5.1621E-05  0.0000E+00  0.0000E+00
  5.8000E+01  3.3650E+02  0.0000E+00  5.6100E-01  0.0000E+00  0.0000E+00  3.0000E+00  0.0000E+00  8.2540E-01  5.4943E+00  5.1179E+01  6.4210E-01 -5.0804E-01  0.0000E+00  5.6100E-01  8.4603E-01  0.0000E+00  0.0000E+00
  5.8000E+01  3.3700E+02  0.0000E+00  8.7500E-01  0.0000E+00  0.0000E+00  3.0000E+00  0.0000E+00  8.2540E-01  5.4943E+00  5.1179E+01  1.0335E+00 -8.4799E-01  0.0000E+00  8.7500E-01  1.3057E+00  0.0000E+00  0.0000E+00
  5.8000E+01  3.3800E+02  0.0000E+00  1.3330E+00  0.0000E+00  0.0000E+00  3.0000E+00  0.0000E+00  8.2540E-01  5.4943E+00  5.1179E+01  1.3811E+00 -2.2154E-01  0.0000E+00  1.3330E+00  1.6566E+00  0.0000E+00  0.0000E+00
  5.8000E+01  3.4000E+02  0.0000E+00  1.3340E+00  0.0000E+00  0.0000E+00  3.0000E+00  0.0000E+00  8.2540E-01  5.4943E+00  5.1179E+01  1.3792E+00 -2.0863E-01  0.0000E+00  1.3340E+00  1.6401E+00  0.0000E+00  0.0000E+00
  5.8000E+01  3.4400E+02  0.0000E+00  8.3400E-01  0.0000E+00  0.0000E+00  3.0000E+00  0.0000E+00  8.2540E-01  5.4943E+00  5.1179E+01  9.4851E-01 -6.3505E-01  0.0000E+00  8.3400E-01  1.2927E+00  0.0000E+00  0.0000E+00
  5.8000E+01  3.4800E+02  0.0000E+00  5.4500E-01  0.0000E+00  0.0000E+00  3.0000E+00  0.0000E+00  8.2540E-01  5.4943E+00  5.1179E+01  6.1924E-01 -4.6896E-01  0.0000E+00  5.4500E-01  1.0037E+00  0.0000E+00  0.0000E+00
  5.8000E+01  3.6000E+02  0.0000E+00  2.5000E-01  0.0000E+00  0.0000E+00  3.0000E+00  1.0000E+00  8.2540E-01  5.4943E+00  5.1179E+01  1.7079E-01  5.6076E-01  0.0000E+00  2.5000E-01  5.7999E-01  0.0000E+00  0.0000E+00
  5.9000E+01  0.0000E+00  1.0000E+02  0.0000E+00  1.0000E+00  1.0000E+00  1.0000E+00  0.0000E+00  4.6917E-01  4.9401E+00  5.9501E+01  0.0000E+00  0.0000E+00  0.0000E+00  0.0000E+00  0.0000E+00  0.0000E+00  0.0000E+00
  5.9000E+01  5.0000E-01  0.0000E+00  2.5000E-01  0.0000E+00  0.0000E+00  1.0000E+00  1.0000E+00  4.6917E-01  4.9401E+00  5.9501E+01  3.4395E-01 -6.4464E-01  0.0000E+00  2.5000E-01  2.2629E-02  0.0000E+00  0.0000E+00
  5.9000E+01  1.0000E+00  0.0000E+00  2.5000E-01  0.0000E+00  0.0000E+00  1.0000E+00  1.0000E+00  4.6917E-01  4.9401E+00  5.9501E+01  6.0199E-01 -2.2369E+00  0.0000E+00  2.5000E-01  6.2754E-05  0.0000E+00  0.0000E+00
  5.9000E+01  2.0000E+00  0.0000E+00  8.0300E-01  0.0000E+00  0.0000E+00  1.0000E+00  0.0000E+00  4.6917E-01  4.9401E+00  5.9501E+01  9.3058E-01 -7.1292E-01  0.0000E+00  8.0300E-01  1.6565E+00  0.0000E+00  0.0000E+00
  5.9000E+01  4.0000E+00  0.0000E+00  9.9200E-01  0.0000E+00  0.0000E+00  1.0000E+00  0.0000E+00  4.6917E-01  4.9401E+00  5.9501E+01  1.1523E+00 -8.1508E-01  0.0000E+00  9.9200E-01  1.6400E+00  0.0000E+00  0.0000E+00
  5.9000E+01  8.0000E+00  0.0000E+00  1.0310E+00  0.0000E+00  0.0000E+00  1.0000E+00  0.0000E+00  4.6917E-01  4.9401E+00  5.9501E+01  1.0031E+00  1.5111E-01  0.0000E+00  1.0310E+00  1.2926E+00  0.0000E+00  0.0000E+00
  5.9000E+01  1.2000E+01  0.0000E+00  7.0300E-01  0.0000E+00  0.0000E+00  1.0000E+00  0.0000E+00  4.6917E-01  4.9401E+00  5.9501E+01  7.4666E-01 -2.6292E-01  0.0000E+00  7.0300E-01  1.0037E+00  0.0000E+00  0.0000E+00
  5.9000E+01  2.4000E+01  0.0000E+00  2.5000E-01  0.0000E+00  0.0000E+00  1.0000E+00  1.0000E+00  4.6917E-01  4.9401E+00  5.9501E+01  2.7838E-01 -1.9748E-01  0.0000E+00  2.5000E-01  5.8002E-01  0.0000E+00  0.0000E+00
  5.9000E+01  1.6800E+02  1.0000E+02  0.0000E+00  1.0000E+00  1.0000E+00  2.0000E+00  0.0000E+00  4.6917E-01  4.9401E+00  5.9501E+01  1.7882E-06 -1.2795E-05  0.0000E+00  0.0000E+00  5.1620E-05  0.0000E+00  0.0000E+00
  5.9000E+01  1.6850E+02  0.0000E+00  2.5000E-01  0.0000E+00  0.0000E+00  2.0000E+00  1.0000E+00  4.6917E-01  4.9401E+00  5.9501E+01  3.4395E-01 -6.4465E-01  0.0000E+00  2.5000E-01  2.2616E-02  0.0000E+00  0.0000E+00
  5.9000E+01  1.6900E+02  0.0000E+00  7.0800E-01  0.0000E+00  0.0000E+00  2.0000E+00  0.0000E+00  4.6917E-01  4.9401E+00  5.9501E+01  6.0199E-01  6.7370E-01  0.0000E+00  7.0800E-01  1.3057E+00  0.0000E+00  0.0000E+00
  5.9000E+01  1.7000E+02  0.0000E+00  9.0900E-01  0.0000E+00  0.0000E+00  2.0000E+00  0.0000E+00  4.6917E-01  4.9401E+00  5.9501E+01  9.3059E-01 -1.2061E-01  0.0000E+00  9.0900E-01  1.6566E+00  0.0000E+00  0.0000E+00
  5.9000E+01  1.7200E+02  0.0000E+00  1.2710E+00  0.0000E+00  0.0000E+00  2.0000E+00  0.0000E+00  4.6917E-01  4.9401E+00  5.9501E+01  1.1523E+00  6.0332E-01  0.0000E+00  1.2710E+00  1.6401E+00  0.0000E+00  0.0000E+00
  5.9000E+01  1.7600E+02  0.0000E+00  1.0370E+00  0.0000E+00  0.0000E+00  2.0000E+00  0.0000E+00  4.6917E-01  4.9401E+00  5.9501E+01  1.0031E+00  1.8362E-01  0.0000E+00  1.0370E+00  1.2927E+00  0.0000E+00  0.0000E+00
  5.9000E+01  1.8000E+02  0.0000E+00  7.5700E-01  0.0000E+00  0.0000E+00  2.0000E+00  0.0000E+00  4.6917E-01  4.9401E+00  5.9501E+01  7.4666E-01  6.2258E-02  0.0000E+00  7.5700E-01  1.0037E+00  0.0000E+00  0.0000E+00
  5.9000E+01  1.9200E+02  0.0000E+00  2.5000E-01  0.0000E+00  0.0000E+00  2.0000E+00  1.0000E+00  4.6917E-01  4.9401E+00  5.9501E+01  2.7838E-01 -1.9748E-01  0.0000E+00  2.5000E-01  5.7999E-01  0.0000E+00  0.0000E+00
  5.9000E+01  3.3600E+02  1.0000E+02  0.0000E+00  1.0000E+00  1.0000E+00  3.0000E+00  0.0000E+00  4.6917E-01  4.9401E+00  5.9501E+01  1.7882E-06 -1.2795E-05  0.0000E+00  0.0000E+00  5.1621E-05  0.0000E+00  0.0000E+00
  5.9000E+01  3.3650E+02  0.0000E+00  2.5000E-01  0.0000E+00  0.0000E+00  3.0000E+00  1.0000E+00  4.6917E-01  4.9401E+00  5.9501E+01  3.4395E-01 -6.4465E-01  0.0000E+00  2.5000E-01  2.2616E-02  0.0000E+00  0.0000E+00
  5.9000E+01  3.3700E+02  0.0000E+00  6.9700E-01  0.0000E+00  0.0000E+00  3.0000E+00  0.0000E+00  4.6917E-01  4.9401E+00  5.9501E+01  6.0199E-01  6.0380E-01  0.0000E+00  6.9700E-01  1.3057E+00  0.0000E+00  0.0000E+00
  5.9000E+01  3.3800E+02  0.0000E+00  9.2100E-01  0.0000E+00  0.0000E+00  3.0000E+00  0.0000E+00  4.6917E-01  4.9401E+00  5.9501E+01  9.3059E-01 -5.3561E-02  0.0000E+00  9.2100E-01  1.6566E+00  0.0000E+00  0.0000E+00
  5.9000E+01  3.4000E+02  0.0000E+00  1.2320E+00  0.0000E+00  0.0000E+00  3.0000E+00  0.0000E+00  4.6917E-01  4.9401E+00  5.9501E+01  1.1523E+00  4.0504E-01  0.0000E+00  1.2320E+00  1.6401E+00  0.0000E+00  0.0000E+00
  5.9000E+01  3.4400E+02  0.0000E+00  1.0430E+00  0.0000E+00  0.0000E+00  3.0000E+00  0.0000E+00  4.6917E-01  4.9401E+00  5.9501E+01  1.0031E+00  2.1613E-01  0.0000E+00  1.0430E+00  1.2927E+00  0.0000E+00  0.0000E+00
  5.9000E+01  3.4800E+02  0.0000E+00  7.9600E-01  0.0000E+00  0.0000E+00  3.0000E+00  0.0000E+00  4.6917E-01  4.9401E+00  5.9501E+01  7.4666E-01  2.9711E-01  0.0000E+00  7.9600E-01  1.0037E+00  0.0000E+00  0.0000E+00
  5.9000E+01  3.6000E+02  0.0000E+00  2.5000E-01  0.0000E+00  0.0000E+00  3.0000E+00  1.0000E+00  4.6917E-01  4.9401E+00  5.9501E+01  2.7838E-01 -1.9748E-01  0.0000E+00  2.5000E-01  5.7999E-01  0.0000E+00  0.0000E+00
  6.0000E+01  0.0000E+00  1.0000E+02  0.0000E+00  1.0000E+00  1.0000E+00  1.0000E+00  0.0000E+00  2.0380E+00  3.9778E+00  3.8014E+01  0.0000E+00  0.0000E+00  0.0000E+00  0.0000E+00  0.0000E+00  0.0000E+00  0.0000E+00
  6.0000E+01  5.0000E-01  0.0000E+00  1.1280E+00  0.0000E+00  0.0000E+00  1.0000E+00  0.0000E+00  2.0380E+00  3.9778E+00  3.8014E+01  1.6307E+00 -2.0892E+00  0.0000E+00  1.1280E+00  8.4598E-01  0.0000E+00  0.0000E+00
  6.0000E+01  1.0000E+00  0.0000E+00  2.2660E+00  0.0000E+00  0.0000E+00  1.0000E+00  0.0000E+00  2.0380E+00  3.9778E+00  3.8014E+01  2.1362E+00  4.4418E-01  0.0000E+00  2.2660E+00  1.3057E+00  0.0000E+00  0.0000E+00
  6.0000E+01  2.0000E+00  0.0000E+00  2.7300E+00  0.0000E+00  0.0000E+00  1.0000E+00  0.0000E+00  2.0380E+00  3.9778E+00  3.8014E+01  2.2023E+00  1.7638E+00  0.0000E+00  2.7300E+00  1.6565E+00  0.0000E+00  0.0000E+00
  6.0000E+01  4.0000E+00  0.0000E+00  1.9650E+00  0.0000E+00  0.0000E+00  1.0000E+00  0.0000E+00  2.0380E+00  3.9778E+00  3.8014E+01  1.8238E+00  5.4334E-01  0.0000E+00  1.9650E+00  1.6400E+00  0.0000E+00  0.0000E+00
  6.0000E+01  8.0000E+00  0.0000E+00  1.2740E+00  0.0000E+00  0.0000E+00  1.0000E+00  0.0000E+00  2.0380E+00  3.9778E+00  3.8014E+01  1.2006E+00  3.6564E-01  0.0000E+00  1.2740E+00  1.2926E+00  0.0000E+00  0.0000E+00
  6.0000E+01  1.2000E+01  0.0000E+00  1.0330E+00  0.0000E+00  0.0000E+00  1.0000E+00  0.0000E+00  2.0380E+00  3.9778E+00  3.8014E+01  7.8996E-01  1.4387E+00  0.0000E+00  1.0330E+00  1.0037E+00  0.0000E+00  0.0000E+00
  6.0000E+01  2.4000E+01  0.0000E+00  2.5000E-01  0.0000E+00  0.0000E+00  1.0000E+00  1.0000E+00  2.0380E+00  3.9778E+00  3.8014E+01  2.2504E-01  1.7534E-01  0.0000E+00  2.5000E-01  5.8002E-01  0.0000E+00  0.0000E+00
  6.0000E+01  1.6800E+02  1.0000E+02  0.0000E+00  1.0000E+00  1.0000E+00  2.0000E+00  0.0000E+00  2.0380E+00  3.9778E+00  3.8014E+01  6.4287E-08 -4.5999E-07  0.0000E+00  0.0000E+00  5.1620E-05  0.0000E+00  0.0000E+00
  6.0000E+01  1.6850E+02  0.0000E+00  2.1810E+00  0.0000E+00  0.0000E+00  2.0000E+00  0.0000E+00  2.0380E+00  3.9778E+00  3.8014E+01  1.6307E+00  2.2868E+00  0.0000E+00  2.1810E+00  8.4603E-01  0.0000E+00  0.0000E+00
  6.0000E+01  1.6900E+02  0.0000E+00  1.8320E+00  0.0000E+00  0.0000E+00  2.0000E+00  0.0000E+00  2.0380E+00  3.9778E+00  3.8014E+01  2.1362E+00 -1.0412E+00  0.0000E+00  1.8320E+00  1.3057E+00  0.0000E+00  0.0000E+00
  6.0000E+01  1.7000E+02  0.0000E+00  2.2550E+00  0.0000E+00  0.0000E+00  2.0000E+00  0.0000E+00  2.0380E+00  3.9778E+00  3.8014E+01  2.2023E+00  1.7616E-01  0.0000E+00  2.2550E+00  1.6566E+00  0.0000E+00  0.0000E+00
  6.0000E+01  1.7200E+02  0.0000E+00  1.5360E+00  0.0000E+00  0.0000E+00  2.0000E+00  0.0000E+00  2.0380E+00  3.9778E+00  3.8014E+01  1.8238E+00 -1.1076E+00  0.0000E+00  1.5360E+00  1.6401E+00  0.0000E+00  0.0000E+00
  6.0000E+01  1.7600E+02  0.0000E+00  1.0910E+00  0.0000E+00  0.0000E+00  2.0000E+00  0.0000E+00  2.0380E+00  3.9778E+00  3.8014E+01  1.2006E+00 -5.4562E-01  0.0000E+00  1.0910E+00  1.2927E+00  0.0000E+00  0.0000E+00
  6.0000E+01  1.8000E+02  0.0000E+00  2.5000E-01  0.0000E+00  0.0000E+00  2.0000E+00  1.0000E+00  2.0380E+00  3.9778E+00  3.8014E+01  7.8996E-01 -3.1964E+00  0.0000E+00  2.5000E-01  3.1757E-03  0.0000E+00  0.0000E+00
  6.0000E+01  1.9200E+02  0.0000E+00  2.5000E-01  0.0000E+00  0.0000E+00  2.0000E+00  1.0000E+00  2.0380E+00  3.9778E+00  3.8014E+01  2.2504E-01  1.7534E-01  0.0000E+00  2.5000E-01  5.7999E-01  0.0000E+00  0.0000E+00
  6.0000E+01  3.3600E+02  1.0000E+02  0.0000E+00  1.0000E+00  1.0000E+00  3.0000E+00  0.0000E+00  2.0380E+00  3.9778E+00  3.8014E+01  6.4287E-08 -4.5999E-07  0.0000E+00  0.0000E+00  5.1621E-05  0.0000E+00  0.0000E+00
  6.0000E+01  3.3650E+02  0.0000E+00  1.7850E+00  0.0000E+00  0.0000E+00  3.0000E+00  0.0000E+00  2.0380E+00  3.9778E+00  3.8014E+01  1.6307E+00  6.4113E-01  0.0000E+00  1.7850E+00  8.4603E-01  0.0000E+00  0.0000E+00
  6.0000E+01  3.3700E+02  0.0000E+00  1.8310E+00  0.0000E+00  0.0000E+00  3.0000E+00  0.0000E+00  2.0380E+00  3.9778E+00  3.8014E+01  2.1362E+00 -1.0446E+00  0.0000E+00  1.8310E+00  1.3057E+00  0.0000E+00  0.0000E+00
  6.0000E+01  3.3800E+02  0.0000E+00  2.3590E+00  0.0000E+00  0.0000E+00  3.0000E+00  0.0000E+00  2.0380E+00  3.9778E+00  3.8014E+01  2.2023E+00  5.2377E-01  0.0000E+00  2.3590E+00  1.6566E+00  0.0000E+00  0.0000E+00
  6.0000E+01  3.4000E+02  0.0000E+00  1.6230E+00  0.0000E+00  0.0000E+00  3.0000E+00  0.0000E+00  2.0380E+00  3.9778E+00  3.8014E+01  1.8238E+00 -7.7277E-01  0.0000E+00  1.6230E+00  1.6401E+00  0.0000E+00  0.0000E+00
  6.0000E+01  3.4400E+02  0.0000E+00  1.2530E+00  0.0000E+00  0.0000E+00  3.0000E+00  0.0000E+00  2.0380E+00  3.9778E+00  3.8014E+01  1.2006E+00  2.6107E-01  0.0000E+00  1.2530E+00  1.2927E+00  0.0000E+00  0.0000E+00
  6.0000E+01  3.4800E+02  0.0000E+00  9.1500E-01  0.0000E+00  0.0000E+00  3.0000E+00  0.0000E+00  2.0380E+00  3.9778E+00  3.8014E+01  7.8996E-01  7.4019E-01  0.0000E+00  9.1500E-01  1.0037E+00  0.0000E+00  0.0000E+00
  6.0000E+01  3.6000E+02  0.0000E+00  2.5000E-01  0.0000E+00  0.0000E+00  3.0000E+00  1.0000E+00  2.0380E+00  3.9778E+00  3.8014E+01  2.2504E-01  1.7534E-01  0.0000E+00  2.5000E-01  5.7999E-01  0.0000E+00  0.0000E+00
