TABLE NO.  1
 ID          TIME        AMT         DV          MDV         EVID        CMT         IPRE        IWRE        CWRES       DV          PRED        RES         WRES
  1.0000E+00  0.0000E+00  0.0000E+00  0.0000E+00  1.0000E+00  0.0000E+00  1.0000E+00  0.0000E+00  0.0000E+00  0.0000E+00  0.0000E+00  0.0000E+00  0.0000E+00  0.0000E+00
  1.0000E+00  0.0000E+00  2.5000E+01  0.0000E+00  1.0000E+00  1.0000E+00  1.0000E+00  1.8736E+01 -7.3497E+00  0.0000E+00  0.0000E+00  1.7792E+01  0.0000E+00  0.0000E+00
  1.0000E+00  2.0000E+00  0.0000E+00  1.7300E+01  0.0000E+00  0.0000E+00  1.0000E+00  1.8561E+01 -4.9577E-01 -4.8303E-01  1.7300E+01  1.7622E+01 -3.2204E-01 -4.8501E-01
  1.0000E+00  1.2500E+01  3.5000E+00  0.0000E+00  1.0000E+00  1.0000E+00  1.0000E+00  2.0294E+01 -7.8055E+00  0.0000E+00  0.0000E+00  1.9246E+01  0.0000E+00  0.0000E+00
  1.0000E+00  2.4500E+01  3.5000E+00  0.0000E+00  1.0000E+00  1.0000E+00  1.0000E+00  2.1808E+01 -8.2230E+00  0.0000E+00  0.0000E+00  2.0658E+01  0.0000E+00  0.0000E+00
  1.0000E+00  3.7000E+01  3.5000E+00  0.0000E+00  1.0000E+00  1.0000E+00  1.0000E+00  2.3191E+01 -8.5830E+00  0.0000E+00  0.0000E+00  2.1945E+01  0.0000E+00  0.0000E+00
  1.0000E+00  4.8000E+01  3.5000E+00  0.0000E+00  1.0000E+00  1.0000E+00  1.0000E+00  2.4650E+01 -8.9411E+00  0.0000E+00  0.0000E+00  2.3306E+01  0.0000E+00  0.0000E+00
  1.0000E+00  6.0500E+01  3.5000E+00  0.0000E+00  1.0000E+00  1.0000E+00  1.0000E+00  2.5871E+01 -9.2248E+00  0.0000E+00  0.0000E+00  2.4438E+01  0.0000E+00  0.0000E+00
  1.0000E+00  7.2500E+01  3.5000E+00  0.0000E+00  1.0000E+00  1.0000E+00  1.0000E+00  2.7081E+01 -9.4914E+00  0.0000E+00  0.0000E+00  2.5560E+01  0.0000E+00  0.0000E+00
  1.0000E+00  8.5300E+01  3.5000E+00  0.0000E+00  1.0000E+00  1.0000E+00  1.0000E+00  2.8128E+01 -9.7115E+00  0.0000E+00  0.0000E+00  2.6526E+01  0.0000E+00  0.0000E+00
  1.0000E+00  9.6500E+01  3.5000E+00  0.0000E+00  1.0000E+00  1.0000E+00  1.0000E+00  2.9314E+01 -9.9489E+00  0.0000E+00  0.0000E+00  2.7627E+01  0.0000E+00  0.0000E+00
  1.0000E+00  1.0850E+02  3.5000E+00  0.0000E+00  1.0000E+00  1.0000E+00  1.0000E+00  3.0335E+01 -1.0144E+01  0.0000E+00  0.0000E+00  2.8570E+01  0.0000E+00  0.0000E+00
  1.0000E+00  1.1250E+02  0.0000E+00  3.1000E+01  0.0000E+00  0.0000E+00  1.0000E+00  2.9772E+01  4.1389E-01  4.6338E-01  3.1000E+01  2.8026E+01  2.9743E+00  4.7232E-01
  2.0000E+00  0.0000E+00  0.0000E+00  0.0000E+00  1.0000E+00  0.0000E+00  1.0000E+00  0.0000E+00  0.0000E+00  0.0000E+00  0.0000E+00  0.0000E+00  0.0000E+00  0.0000E+00
  2.0000E+00  0.0000E+00  1.5000E+01  0.0000E+00  1.0000E+00  1.0000E+00  1.0000E+00  1.2535E+01 -5.2662E+00  0.0000E+00  0.0000E+00  1.0675E+01  0.0000E+00  0.0000E+00
  2.0000E+00  2.0000E+00  0.0000E+00  9.7000E+00  0.0000E+00  0.0000E+00  1.0000E+00  1.2421E+01 -1.1446E+00 -1.0773E+00  9.7000E+00  1.0573E+01 -8.7322E-01 -1.0920E+00
  2.0000E+00  4.0000E+00  3.8000E+00  0.0000E+00  1.0000E+00  1.0000E+00  1.0000E+00  1.5485E+01 -6.3109E+00  0.0000E+00  0.0000E+00  1.3177E+01  0.0000E+00  0.0000E+00
  2.0000E+00  1.6000E+01  3.8000E+00  0.0000E+00  1.0000E+00  1.0000E+00  1.0000E+00  1.7840E+01 -7.0754E+00  0.0000E+00  0.0000E+00  1.5143E+01  0.0000E+00  0.0000E+00
  2.0000E+00  2.7800E+01  3.8000E+00  0.0000E+00  1.0000E+00  1.0000E+00  1.0000E+00  2.0086E+01 -7.7464E+00  0.0000E+00  0.0000E+00  1.7012E+01  0.0000E+00  0.0000E+00
  2.0000E+00  4.0000E+01  3.8000E+00  0.0000E+00  1.0000E+00  1.0000E+00  1.0000E+00  2.2180E+01 -8.3220E+00  0.0000E+00  0.0000E+00  1.8748E+01  0.0000E+00  0.0000E+00
  2.0000E+00  5.2000E+01  3.8000E+00  0.0000E+00  1.0000E+00  1.0000E+00  1.0000E+00  2.4181E+01 -8.8285E+00  0.0000E+00  0.0000E+00  2.0402E+01  0.0000E+00  0.0000E+00
  2.0000E+00  6.3500E+01  0.0000E+00  2.4600E+01  0.0000E+00  0.0000E+00  1.0000E+00  2.2952E+01  6.1176E-01  7.5822E-01  2.4600E+01  1.9305E+01  5.2950E+00  7.9695E-01
  2.0000E+00  6.4000E+01  3.8000E+00  0.0000E+00  1.0000E+00  1.0000E+00  1.0000E+00  2.6076E+01 -9.2709E+00  0.0000E+00  0.0000E+00  2.1963E+01  0.0000E+00  0.0000E+00
  2.0000E+00  7.6000E+01  3.8000E+00  0.0000E+00  1.0000E+00  1.0000E+00  1.0000E+00  2.7870E+01 -9.6583E+00  0.0000E+00  0.0000E+00  2.3437E+01  0.0000E+00  0.0000E+00
  2.0000E+00  8.8000E+01  3.8000E+00  0.0000E+00  1.0000E+00  1.0000E+00  1.0000E+00  2.9570E+01 -9.9985E+00  0.0000E+00  0.0000E+00  2.4828E+01  0.0000E+00  0.0000E+00
  2.0000E+00  1.0000E+02  3.8000E+00  0.0000E+00  1.0000E+00  1.0000E+00  1.0000E+00  3.1179E+01 -1.0298E+01  0.0000E+00  0.0000E+00  2.6141E+01  0.0000E+00  0.0000E+00
  2.0000E+00  1.1200E+02  3.8000E+00  0.0000E+00  1.0000E+00  1.0000E+00  1.0000E+00  3.2703E+01 -1.0564E+01  0.0000E+00  0.0000E+00  2.7381E+01  0.0000E+00  0.0000E+00
  2.0000E+00  1.2400E+02  3.8000E+00  0.0000E+00  1.0000E+00  1.0000E+00  1.0000E+00  3.4147E+01 -1.0799E+01  0.0000E+00  0.0000E+00  2.8551E+01  0.0000E+00  0.0000E+00
  2.0000E+00  1.3550E+02  0.0000E+00  3.3000E+01  0.0000E+00  0.0000E+00  1.0000E+00  3.2411E+01  1.9092E-01  4.1877E-01  3.3000E+01  2.7016E+01  5.9841E+00  4.5507E-01
  3.0000E+00  0.0000E+00  0.0000E+00  0.0000E+00  1.0000E+00  0.0000E+00  1.0000E+00  0.0000E+00  0.0000E+00  0.0000E+00  0.0000E+00  0.0000E+00  0.0000E+00  0.0000E+00
  3.0000E+00  0.0000E+00  3.0000E+01  0.0000E+00  1.0000E+00  1.0000E+00  1.0000E+00  1.7600E+01 -7.0003E+00  0.0000E+00  0.0000E+00  2.1351E+01  0.0000E+00  0.0000E+00
  3.0000E+00  1.5000E+00  0.0000E+00  1.8000E+01  0.0000E+00  0.0000E+00  1.0000E+00  1.7465E+01  2.1314E-01  4.2092E-02  1.8000E+01  2.1197E+01 -3.1973E+00  3.4271E-02
  3.0000E+00  1.1500E+01  3.7000E+00  0.0000E+00  1.0000E+00  1.0000E+00  1.0000E+00  1.8762E+01 -7.3578E+00  0.0000E+00  0.0000E+00  2.2836E+01  0.0000E+00  0.0000E+00
  3.0000E+00  2.3500E+01  3.7000E+00  0.0000E+00  1.0000E+00  1.0000E+00  1.0000E+00  1.9813E+01 -7.6678E+00  0.0000E+00  0.0000E+00  2.4190E+01  0.0000E+00  0.0000E+00
  3.0000E+00  3.5500E+01  3.7000E+00  0.0000E+00  1.0000E+00  1.0000E+00  1.0000E+00  2.0801E+01 -7.9482E+00  0.0000E+00  0.0000E+00  2.5467E+01  0.0000E+00  0.0000E+00
  3.0000E+00  4.7500E+01  3.7000E+00  0.0000E+00  1.0000E+00  1.0000E+00  1.0000E+00  2.1730E+01 -8.2022E+00  0.0000E+00  0.0000E+00  2.6674E+01  0.0000E+00  0.0000E+00
  3.0000E+00  5.9300E+01  3.7000E+00  0.0000E+00  1.0000E+00  1.0000E+00  1.0000E+00  2.2625E+01 -8.4380E+00  0.0000E+00  0.0000E+00  2.7836E+01  0.0000E+00  0.0000E+00
  3.0000E+00  7.3000E+01  3.7000E+00  0.0000E+00  1.0000E+00  1.0000E+00  1.0000E+00  2.3260E+01 -8.6004E+00  0.0000E+00  0.0000E+00  2.8696E+01  0.0000E+00  0.0000E+00
  3.0000E+00  8.3500E+01  0.0000E+00  2.3800E+01  0.0000E+00  0.0000E+00  1.0000E+00  2.2040E+01  6.6144E-01  4.1618E-01  2.3800E+01  2.7284E+01 -3.4842E+00  3.7752E-01
  3.0000E+00  8.4000E+01  3.7000E+00  0.0000E+00  1.0000E+00  1.0000E+00  1.0000E+00  2.4155E+01 -8.8220E+00  0.0000E+00  0.0000E+00  2.9852E+01  0.0000E+00  0.0000E+00
  3.0000E+00  9.6500E+01  3.7000E+00  0.0000E+00  1.0000E+00  1.0000E+00  1.0000E+00  2.4825E+01 -8.9828E+00  0.0000E+00  0.0000E+00  3.0745E+01  0.0000E+00  0.0000E+00
  3.0000E+00  1.0850E+02  3.7000E+00  0.0000E+00  1.0000E+00  1.0000E+00  1.0000E+00  2.5514E+01 -9.1433E+00  0.0000E+00  0.0000E+00  3.1655E+01  0.0000E+00  0.0000E+00
  3.0000E+00  1.2000E+02  3.7000E+00  0.0000E+00  1.0000E+00  1.0000E+00  1.0000E+00  2.6223E+01 -9.3038E+00  0.0000E+00  0.0000E+00  3.2587E+01  0.0000E+00  0.0000E+00
  3.0000E+00  1.3200E+02  3.7000E+00  0.0000E+00  1.0000E+00  1.0000E+00  1.0000E+00  2.6829E+01 -9.4370E+00  0.0000E+00  0.0000E+00  3.3394E+01  0.0000E+00  0.0000E+00
  3.0000E+00  1.3430E+02  0.0000E+00  2.4300E+01  0.0000E+00  0.0000E+00  1.0000E+00  2.6514E+01 -7.8224E-01 -1.0869E+00  2.4300E+01  3.3027E+01 -8.7269E+00 -9.7430E-01
  4.0000E+00  0.0000E+00  0.0000E+00  0.0000E+00  1.0000E+00  0.0000E+00  1.0000E+00  0.0000E+00  0.0000E+00  0.0000E+00  0.0000E+00  0.0000E+00  0.0000E+00  0.0000E+00
  4.0000E+00  0.0000E+00  1.8600E+01  0.0000E+00  1.0000E+00  1.0000E+00  1.0000E+00  2.0211E+01 -7.7821E+00  0.0000E+00  0.0000E+00  1.3237E+01  0.0000E+00  0.0000E+00
  4.0000E+00  1.8000E+00  0.0000E+00  2.0800E+01  0.0000E+00  0.0000E+00  1.0000E+00  2.0056E+01  2.8691E-01  6.5982E-01  2.0800E+01  1.3123E+01  7.6766E+00  7.6810E-01
  4.0000E+00  1.2000E+01  2.3000E+00  0.0000E+00  1.0000E+00  1.0000E+00  1.0000E+00  2.1701E+01 -8.1944E+00  0.0000E+00  0.0000E+00  1.4133E+01  0.0000E+00  0.0000E+00
  4.0000E+00  2.4300E+01  2.3000E+00  0.0000E+00  1.0000E+00  1.0000E+00  1.0000E+00  2.3090E+01 -8.5575E+00  0.0000E+00  0.0000E+00  1.4958E+01  0.0000E+00  0.0000E+00
  4.0000E+00  3.5800E+01  2.3000E+00  0.0000E+00  1.0000E+00  1.0000E+00  1.0000E+00  2.4483E+01 -8.9014E+00  0.0000E+00  0.0000E+00  1.5791E+01  0.0000E+00  0.0000E+00
  4.0000E+00  4.8100E+01  2.3000E+00  0.0000E+00  1.0000E+00  1.0000E+00  1.0000E+00  2.5730E+01 -9.1928E+00  0.0000E+00  0.0000E+00  1.6522E+01  0.0000E+00  0.0000E+00
  4.0000E+00  5.9300E+01  0.0000E+00  2.3900E+01  0.0000E+00  0.0000E+00  1.0000E+00  2.4529E+01 -2.2864E-01  2.5067E-01  2.3900E+01  1.5656E+01  8.2441E+00  3.5718E-01
  4.0000E+00  5.9800E+01  2.3000E+00  0.0000E+00  1.0000E+00  1.0000E+00  1.0000E+00  2.6976E+01 -9.4690E+00  0.0000E+00  0.0000E+00  1.7255E+01  0.0000E+00  0.0000E+00
  4.0000E+00  7.1800E+01  2.3000E+00  0.0000E+00  1.0000E+00  1.0000E+00  1.0000E+00  2.8128E+01 -9.7116E+00  0.0000E+00  0.0000E+00  1.7925E+01  0.0000E+00  0.0000E+00
  4.0000E+00  8.3800E+01  2.3000E+00  0.0000E+00  1.0000E+00  1.0000E+00  1.0000E+00  2.9223E+01 -9.9312E+00  0.0000E+00  0.0000E+00  1.8558E+01  0.0000E+00  0.0000E+00
  4.0000E+00  9.5800E+01  2.3000E+00  0.0000E+00  1.0000E+00  1.0000E+00  1.0000E+00  3.0263E+01 -1.0130E+01  0.0000E+00  0.0000E+00  1.9155E+01  0.0000E+00  0.0000E+00
  4.0000E+00  1.0780E+02  2.3000E+00  0.0000E+00  1.0000E+00  1.0000E+00  1.0000E+00  3.1251E+01 -1.0311E+01  0.0000E+00  0.0000E+00  1.9718E+01  0.0000E+00  0.0000E+00
  4.0000E+00  1.1980E+02  2.3000E+00  0.0000E+00  1.0000E+00  1.0000E+00  1.0000E+00  3.2190E+01 -1.0476E+01  0.0000E+00  0.0000E+00  2.0250E+01  0.0000E+00  0.0000E+00
  4.0000E+00  1.3080E+02  0.0000E+00  3.1700E+01  0.0000E+00  0.0000E+00  1.0000E+00  3.0714E+01  3.2802E-01  9.5020E-01  3.1700E+01  1.9208E+01  1.2492E+01  1.2018E+00
  5.0000E+00  0.0000E+00  0.0000E+00  0.0000E+00  1.0000E+00  0.0000E+00  1.0000E+00  0.0000E+00  0.0000E+00  0.0000E+00  0.0000E+00  0.0000E+00  0.0000E+00  0.0000E+00
  5.0000E+00  0.0000E+00  2.7000E+01  0.0000E+00  1.0000E+00  1.0000E+00  1.0000E+00  1.4840E+01 -6.0908E+00  0.0000E+00  0.0000E+00  1.9216E+01  0.0000E+00  0.0000E+00
  5.0000E+00  2.0000E+00  0.0000E+00  1.4200E+01  0.0000E+00  0.0000E+00  1.0000E+00  1.4687E+01 -2.0035E-01 -4.5789E-01  1.4200E+01  1.9032E+01 -4.8318E+00 -4.2394E-01
  5.0000E+00  1.2000E+01  3.4000E+00  0.0000E+00  1.0000E+00  1.0000E+00  1.0000E+00  1.5816E+01 -6.4221E+00  0.0000E+00  0.0000E+00  2.0559E+01  0.0000E+00  0.0000E+00
  5.0000E+00  2.4000E+01  3.4000E+00  0.0000E+00  1.0000E+00  1.0000E+00  1.0000E+00  1.6732E+01 -6.7237E+00  0.0000E+00  0.0000E+00  2.1826E+01  0.0000E+00  0.0000E+00
  5.0000E+00  3.6000E+01  3.4000E+00  0.0000E+00  1.0000E+00  1.0000E+00  1.0000E+00  1.7594E+01 -6.9985E+00  0.0000E+00  0.0000E+00  2.3023E+01  0.0000E+00  0.0000E+00
  5.0000E+00  4.8000E+01  3.4000E+00  0.0000E+00  1.0000E+00  1.0000E+00  1.0000E+00  1.8404E+01 -7.2491E+00  0.0000E+00  0.0000E+00  2.4153E+01  0.0000E+00  0.0000E+00
  5.0000E+00  5.9500E+01  0.0000E+00  1.8200E+01  0.0000E+00  0.0000E+00  1.0000E+00  1.7341E+01  3.4274E-01  2.0235E-02  1.8200E+01  2.2854E+01 -4.6542E+00  3.2205E-02
  5.0000E+00  6.0000E+01  3.4000E+00  0.0000E+00  1.0000E+00  1.0000E+00  1.0000E+00  1.9165E+01 -7.4780E+00  0.0000E+00  0.0000E+00  2.5219E+01  0.0000E+00  0.0000E+00
  5.0000E+00  7.2000E+01  3.4000E+00  0.0000E+00  1.0000E+00  1.0000E+00  1.0000E+00  1.9880E+01 -7.6872E+00  0.0000E+00  0.0000E+00  2.6226E+01  0.0000E+00  0.0000E+00
  5.0000E+00  8.4000E+01  3.4000E+00  0.0000E+00  1.0000E+00  1.0000E+00  1.0000E+00  2.0552E+01 -7.8786E+00  0.0000E+00  0.0000E+00  2.7176E+01  0.0000E+00  0.0000E+00
  5.0000E+00  9.6000E+01  3.4000E+00  0.0000E+00  1.0000E+00  1.0000E+00  1.0000E+00  2.1184E+01 -8.0541E+00  0.0000E+00  0.0000E+00  2.8073E+01  0.0000E+00  0.0000E+00
  5.0000E+00  1.0800E+02  3.4000E+00  0.0000E+00  1.0000E+00  1.0000E+00  1.0000E+00  2.1778E+01 -8.2150E+00  0.0000E+00  0.0000E+00  2.8920E+01  0.0000E+00  0.0000E+00
  5.0000E+00  1.2000E+02  3.4000E+00  0.0000E+00  1.0000E+00  1.0000E+00  1.0000E+00  2.2336E+01 -8.3628E+00  0.0000E+00  0.0000E+00  2.9719E+01  0.0000E+00  0.0000E+00
  5.0000E+00  1.3200E+02  0.0000E+00  2.0300E+01  0.0000E+00  0.0000E+00  1.0000E+00  2.0991E+01 -2.6350E-01 -6.7047E-01  2.0300E+01  2.8054E+01 -7.7536E+00 -5.8427E-01
  6.0000E+00  0.0000E+00  0.0000E+00  0.0000E+00  1.0000E+00  0.0000E+00  1.0000E+00  0.0000E+00  0.0000E+00  0.0000E+00  0.0000E+00  0.0000E+00  0.0000E+00  0.0000E+00
  6.0000E+00  0.0000E+00  2.4000E+01  0.0000E+00  1.0000E+00  1.0000E+00  1.0000E+00  1.8651E+01 -7.3240E+00  0.0000E+00  0.0000E+00  1.7081E+01  0.0000E+00  0.0000E+00
  6.0000E+00  1.8000E+00  0.0000E+00  1.9000E+01  0.0000E+00  0.0000E+00  1.0000E+00  1.8497E+01  1.9775E-01  2.6522E-01  1.9000E+01  1.6933E+01  2.0666E+00  2.6996E-01
  6.0000E+00  1.1800E+01  3.0000E+00  0.0000E+00  1.0000E+00  1.0000E+00  1.0000E+00  2.0000E+01 -7.7217E+00  0.0000E+00  0.0000E+00  1.8274E+01  0.0000E+00  0.0000E+00
  6.0000E+00  2.3800E+01  3.0000E+00  0.0000E+00  1.0000E+00  1.0000E+00  1.0000E+00  2.1261E+01 -8.0752E+00  0.0000E+00  0.0000E+00  1.9385E+01  0.0000E+00  0.0000E+00
  6.0000E+00  3.5800E+01  3.0000E+00  0.0000E+00  1.0000E+00  1.0000E+00  1.0000E+00  2.2455E+01 -8.3939E+00  0.0000E+00  0.0000E+00  2.0434E+01  0.0000E+00  0.0000E+00
  6.0000E+00  4.7800E+01  3.0000E+00  0.0000E+00  1.0000E+00  1.0000E+00  1.0000E+00  2.3585E+01 -8.6818E+00  0.0000E+00  0.0000E+00  2.1424E+01  0.0000E+00  0.0000E+00
  6.0000E+00  5.9300E+01  0.0000E+00  1.7300E+01  0.0000E+00  0.0000E+00  1.0000E+00  2.2374E+01 -1.8987E+00 -1.7950E+00  1.7300E+01  2.0272E+01 -2.9722E+00 -1.8300E+00
  6.0000E+00  5.9800E+01  3.0000E+00  0.0000E+00  1.0000E+00  1.0000E+00  1.0000E+00  2.4654E+01 -8.9421E+00  0.0000E+00  0.0000E+00  2.2359E+01  0.0000E+00  0.0000E+00
  6.0000E+00  7.1800E+01  3.0000E+00  0.0000E+00  1.0000E+00  1.0000E+00  1.0000E+00  2.5666E+01 -9.1781E+00  0.0000E+00  0.0000E+00  2.3241E+01  0.0000E+00  0.0000E+00
  6.0000E+00  8.3800E+01  3.0000E+00  0.0000E+00  1.0000E+00  1.0000E+00  1.0000E+00  2.6624E+01 -9.3923E+00  0.0000E+00  0.0000E+00  2.4074E+01  0.0000E+00  0.0000E+00
  6.0000E+00  9.5800E+01  3.0000E+00  0.0000E+00  1.0000E+00  1.0000E+00  1.0000E+00  2.7530E+01 -9.5872E+00  0.0000E+00  0.0000E+00  2.4860E+01  0.0000E+00  0.0000E+00
  6.0000E+00  1.0780E+02  3.0000E+00  0.0000E+00  1.0000E+00  1.0000E+00  1.0000E+00  2.8389E+01 -9.7647E+00  0.0000E+00  0.0000E+00  2.5602E+01  0.0000E+00  0.0000E+00
  6.0000E+00  1.2010E+02  3.0000E+00  0.0000E+00  1.0000E+00  1.0000E+00  1.0000E+00  2.9164E+01 -9.9196E+00  0.0000E+00  0.0000E+00  2.6267E+01  0.0000E+00  0.0000E+00
  6.0000E+00  1.3180E+02  3.0000E+00  0.0000E+00  1.0000E+00  1.0000E+00  1.0000E+00  2.9973E+01 -1.0076E+01  0.0000E+00  0.0000E+00  2.6966E+01  0.0000E+00  0.0000E+00
  6.0000E+00  1.4280E+02  0.0000E+00  3.2500E+01  0.0000E+00  0.0000E+00  1.0000E+00  2.8499E+01  1.3740E+00  1.5340E+00  3.2500E+01  2.5578E+01  6.9220E+00  1.5844E+00
  7.0000E+00  0.0000E+00  0.0000E+00  0.0000E+00  1.0000E+00  0.0000E+00  1.0000E+00  0.0000E+00  0.0000E+00  0.0000E+00  0.0000E+00  0.0000E+00  0.0000E+00  0.0000E+00
  7.0000E+00  0.0000E+00  1.9000E+01  0.0000E+00  1.0000E+00  1.0000E+00  1.0000E+00  1.7592E+01 -6.9979E+00  0.0000E+00  0.0000E+00  1.3522E+01  0.0000E+00  0.0000E+00
  7.0000E+00  2.0000E+00  0.0000E+00  1.7900E+01  0.0000E+00  0.0000E+00  1.0000E+00  1.7434E+01  1.8557E-01  4.1768E-01  1.7900E+01  1.3393E+01  4.5073E+00  4.5870E-01
  7.0000E+00  1.1300E+01  2.4000E+00  0.0000E+00  1.0000E+00  1.0000E+00  1.0000E+00  1.8941E+01 -7.4114E+00  0.0000E+00  0.0000E+00  1.4515E+01  0.0000E+00  0.0000E+00
  7.0000E+00  2.3300E+01  2.4000E+00  0.0000E+00  1.0000E+00  1.0000E+00  1.0000E+00  2.0167E+01 -7.7695E+00  0.0000E+00  0.0000E+00  1.5410E+01  0.0000E+00  0.0000E+00
  7.0000E+00  3.6500E+01  2.4000E+00  0.0000E+00  1.0000E+00  1.0000E+00  1.0000E+00  2.1225E+01 -8.0653E+00  0.0000E+00  0.0000E+00  1.6171E+01  0.0000E+00  0.0000E+00
  7.0000E+00  4.8200E+01  2.4000E+00  0.0000E+00  1.0000E+00  1.0000E+00  1.0000E+00  2.2358E+01 -8.3685E+00  0.0000E+00  0.0000E+00  1.6995E+01  0.0000E+00  0.0000E+00
  7.0000E+00  6.0300E+01  2.4000E+00  0.0000E+00  1.0000E+00  1.0000E+00  1.0000E+00  2.3394E+01 -8.6341E+00  0.0000E+00  0.0000E+00  1.7743E+01  0.0000E+00  0.0000E+00
  7.0000E+00  7.3800E+01  0.0000E+00  2.3400E+01  0.0000E+00  0.0000E+00  1.0000E+00  2.2014E+01  5.2126E-01  8.2387E-01  2.3400E+01  1.6629E+01  6.7715E+00  9.1012E-01
  7.0000E+00  7.5800E+01  2.4000E+00  0.0000E+00  1.0000E+00  1.0000E+00  1.0000E+00  2.4039E+01 -8.7937E+00  0.0000E+00  0.0000E+00  1.8178E+01  0.0000E+00  0.0000E+00
  7.0000E+00  8.4300E+01  2.4000E+00  0.0000E+00  1.0000E+00  1.0000E+00  1.0000E+00  2.5358E+01 -9.1073E+00  0.0000E+00  0.0000E+00  1.9158E+01  0.0000E+00  0.0000E+00
  7.0000E+00  9.6300E+01  2.4000E+00  0.0000E+00  1.0000E+00  1.0000E+00  1.0000E+00  2.6246E+01 -9.3088E+00  0.0000E+00  0.0000E+00  1.9793E+01  0.0000E+00  0.0000E+00
  7.0000E+00  1.0830E+02  2.4000E+00  0.0000E+00  1.0000E+00  1.0000E+00  1.0000E+00  2.7087E+01 -9.4928E+00  0.0000E+00  0.0000E+00  2.0392E+01  0.0000E+00  0.0000E+00
  7.0000E+00  1.2030E+02  2.4000E+00  0.0000E+00  1.0000E+00  1.0000E+00  1.0000E+00  2.7884E+01 -9.6611E+00  0.0000E+00  0.0000E+00  2.0957E+01  0.0000E+00  0.0000E+00
  7.0000E+00  1.3230E+02  2.4000E+00  0.0000E+00  1.0000E+00  1.0000E+00  1.0000E+00  2.8639E+01 -9.8153E+00  0.0000E+00  0.0000E+00  2.1491E+01  0.0000E+00  0.0000E+00
  7.0000E+00  1.4450E+02  2.4000E+00  0.0000E+00  1.0000E+00  1.0000E+00  1.0000E+00  2.9330E+01 -9.9521E+00  0.0000E+00  0.0000E+00  2.1975E+01  0.0000E+00  0.0000E+00
  7.0000E+00  1.6530E+02  0.0000E+00  2.5800E+01  0.0000E+00  0.0000E+00  1.0000E+00  2.6707E+01 -3.1957E-01  5.6889E-02  2.5800E+01  1.9885E+01  5.9152E+00  1.0248E-01
  8.0000E+00  0.0000E+00  0.0000E+00  0.0000E+00  1.0000E+00  0.0000E+00  1.0000E+00  0.0000E+00  0.0000E+00  0.0000E+00  0.0000E+00  0.0000E+00  0.0000E+00  0.0000E+00
  8.0000E+00  0.0000E+00  2.4000E+01  0.0000E+00  1.0000E+00  1.0000E+00  1.0000E+00  2.3768E+01 -8.7272E+00  0.0000E+00  0.0000E+00  1.7081E+01  0.0000E+00  0.0000E+00
  8.0000E+00  1.7000E+00  0.0000E+00  2.5800E+01  0.0000E+00  0.0000E+00  1.0000E+00  2.3586E+01  8.1487E-01  1.1501E+00  2.5800E+01  1.6942E+01  8.8584E+00  1.2816E+00
  8.0000E+00  1.1800E+01  3.0000E+00  0.0000E+00  1.0000E+00  1.0000E+00  1.0000E+00  2.5507E+01 -9.1418E+00  0.0000E+00  0.0000E+00  1.8274E+01  0.0000E+00  0.0000E+00
  8.0000E+00  2.3700E+01  3.0000E+00  0.0000E+00  1.0000E+00  1.0000E+00  1.0000E+00  2.7145E+01 -9.5054E+00  0.0000E+00  0.0000E+00  1.9393E+01  0.0000E+00  0.0000E+00
  8.0000E+00  3.5700E+01  3.0000E+00  0.0000E+00  1.0000E+00  1.0000E+00  1.0000E+00  2.8687E+01 -9.8249E+00  0.0000E+00  0.0000E+00  2.0442E+01  0.0000E+00  0.0000E+00
  8.0000E+00  4.7700E+01  3.0000E+00  0.0000E+00  1.0000E+00  1.0000E+00  1.0000E+00  3.0146E+01 -1.0108E+01  0.0000E+00  0.0000E+00  2.1431E+01  0.0000E+00  0.0000E+00
  8.0000E+00  5.9700E+01  3.0000E+00  0.0000E+00  1.0000E+00  1.0000E+00  1.0000E+00  3.1529E+01 -1.0361E+01  0.0000E+00  0.0000E+00  2.2366E+01  0.0000E+00  0.0000E+00
  8.0000E+00  7.1700E+01  3.0000E+00  0.0000E+00  1.0000E+00  1.0000E+00  1.0000E+00  3.2840E+01 -1.0586E+01  0.0000E+00  0.0000E+00  2.3247E+01  0.0000E+00  0.0000E+00
  8.0000E+00  7.3700E+01  0.0000E+00  3.4200E+01  0.0000E+00  0.0000E+00  1.0000E+00  3.2545E+01  5.3588E-01  9.8340E-01  3.4200E+01  2.3025E+01  1.1175E+01  1.1537E+00
  8.0000E+00  8.3700E+01  3.0000E+00  0.0000E+00  1.0000E+00  1.0000E+00  1.0000E+00  3.4081E+01 -1.0788E+01  0.0000E+00  0.0000E+00  2.4080E+01  0.0000E+00  0.0000E+00
  8.0000E+00  9.5700E+01  3.0000E+00  0.0000E+00  1.0000E+00  1.0000E+00  1.0000E+00  3.5257E+01 -1.0970E+01  0.0000E+00  0.0000E+00  2.4866E+01  0.0000E+00  0.0000E+00
  8.0000E+00  1.0770E+02  3.0000E+00  0.0000E+00  1.0000E+00  1.0000E+00  1.0000E+00  3.6370E+01 -1.1133E+01  0.0000E+00  0.0000E+00  2.5607E+01  0.0000E+00  0.0000E+00
  8.0000E+00  1.1970E+02  3.0000E+00  0.0000E+00  1.0000E+00  1.0000E+00  1.0000E+00  3.7426E+01 -1.1281E+01  0.0000E+00  0.0000E+00  2.6308E+01  0.0000E+00  0.0000E+00
  8.0000E+00  1.3170E+02  3.0000E+00  0.0000E+00  1.0000E+00  1.0000E+00  1.0000E+00  3.8425E+01 -1.1414E+01  0.0000E+00  0.0000E+00  2.6968E+01  0.0000E+00  0.0000E+00
  8.0000E+00  1.4370E+02  3.0000E+00  0.0000E+00  1.0000E+00  1.0000E+00  1.0000E+00  3.9372E+01 -1.1536E+01  0.0000E+00  0.0000E+00  2.7592E+01  0.0000E+00  0.0000E+00
  8.0000E+00  1.4670E+02  0.0000E+00  3.6100E+01  0.0000E+00  0.0000E+00  1.0000E+00  3.8843E+01 -8.0992E-01 -2.8679E-01  3.6100E+01  2.7197E+01  8.9026E+00 -2.9660E-01
  9.0000E+00  0.0000E+00  0.0000E+00  0.0000E+00  1.0000E+00  0.0000E+00  1.0000E+00  0.0000E+00  0.0000E+00  0.0000E+00  0.0000E+00  0.0000E+00  0.0000E+00  0.0000E+00
  9.0000E+00  0.0000E+00  2.7000E+01  0.0000E+00  1.0000E+00  1.0000E+00  1.0000E+00  2.2899E+01 -8.5087E+00  0.0000E+00  0.0000E+00  1.9216E+01  0.0000E+00  0.0000E+00
  9.0000E+00  1.1000E+00  0.0000E+00  2.2100E+01  0.0000E+00  0.0000E+00  1.0000E+00  2.2789E+01 -2.5647E-01 -1.6652E-01  2.2100E+01  1.9114E+01  2.9857E+00 -1.7123E-01
  9.0000E+00  1.1100E+01  3.2000E+00  0.0000E+00  1.0000E+00  1.0000E+00  1.0000E+00  2.4529E+01 -8.9123E+00  0.0000E+00  0.0000E+00  2.0495E+01  0.0000E+00  0.0000E+00
  9.0000E+00  2.2300E+01  3.2000E+00  0.0000E+00  1.0000E+00  1.0000E+00  1.0000E+00  2.6072E+01 -9.2699E+00  0.0000E+00  0.0000E+00  2.1698E+01  0.0000E+00  0.0000E+00
  9.0000E+00  3.4600E+01  3.2000E+00  0.0000E+00  1.0000E+00  1.0000E+00  1.0000E+00  2.7422E+01 -9.5642E+00  0.0000E+00  0.0000E+00  2.2730E+01  0.0000E+00  0.0000E+00
  9.0000E+00  4.6600E+01  3.2000E+00  0.0000E+00  1.0000E+00  1.0000E+00  1.0000E+00  2.8735E+01 -9.8345E+00  0.0000E+00  0.0000E+00  2.3734E+01  0.0000E+00  0.0000E+00
  9.0000E+00  5.8700E+01  3.2000E+00  0.0000E+00  1.0000E+00  1.0000E+00  1.0000E+00  2.9969E+01 -1.0075E+01  0.0000E+00  0.0000E+00  2.4671E+01  0.0000E+00  0.0000E+00
  9.0000E+00  7.0900E+01  3.2000E+00  0.0000E+00  1.0000E+00  1.0000E+00  1.0000E+00  3.1128E+01 -1.0289E+01  0.0000E+00  0.0000E+00  2.5543E+01  0.0000E+00  0.0000E+00
  9.0000E+00  8.2700E+01  0.0000E+00  2.9200E+01  0.0000E+00  0.0000E+00  1.0000E+00  2.9564E+01 -1.2300E-01  6.9005E-02  2.9200E+01  2.4135E+01  5.0646E+00  8.9794E-02
  9.0000E+00  8.3200E+01  3.2000E+00  0.0000E+00  1.0000E+00  1.0000E+00  1.0000E+00  3.2213E+01 -1.0480E+01  0.0000E+00  0.0000E+00  2.6355E+01  0.0000E+00  0.0000E+00
  9.0000E+00  9.4600E+01  3.2000E+00  0.0000E+00  1.0000E+00  1.0000E+00  1.0000E+00  3.3362E+01 -1.0673E+01  0.0000E+00  0.0000E+00  2.7227E+01  0.0000E+00  0.0000E+00
  9.0000E+00  1.0660E+02  3.2000E+00  0.0000E+00  1.0000E+00  1.0000E+00  1.0000E+00  3.4372E+01 -1.0834E+01  0.0000E+00  0.0000E+00  2.7979E+01  0.0000E+00  0.0000E+00
  9.0000E+00  1.1860E+02  3.2000E+00  0.0000E+00  1.0000E+00  1.0000E+00  1.0000E+00  3.5330E+01 -1.0981E+01  0.0000E+00  0.0000E+00  2.8689E+01  0.0000E+00  0.0000E+00
  9.0000E+00  1.3060E+02  3.2000E+00  0.0000E+00  1.0000E+00  1.0000E+00  1.0000E+00  3.6240E+01 -1.1114E+01  0.0000E+00  0.0000E+00  2.9359E+01  0.0000E+00  0.0000E+00
  9.0000E+00  1.4210E+02  0.0000E+00  3.4200E+01  0.0000E+00  0.0000E+00  1.0000E+00  3.4464E+01 -8.3144E-02  1.7980E-01  3.4200E+01  2.7780E+01  6.4199E+00  2.1839E-01
  9.0000E+00  1.4260E+02  3.2000E+00  0.0000E+00  1.0000E+00  1.0000E+00  1.0000E+00  3.7103E+01 -1.1236E+01  0.0000E+00  0.0000E+00  2.9991E+01  0.0000E+00  0.0000E+00
  9.0000E+00  3.1260E+02  0.0000E+00  1.9600E+01  0.0000E+00  0.0000E+00  1.0000E+00  1.7655E+01  7.7326E-01  1.0276E+00  1.9600E+01  1.3250E+01  6.3504E+00  1.1392E+00
  1.0000E+01  0.0000E+00  0.0000E+00  0.0000E+00  1.0000E+00  0.0000E+00  1.0000E+00  0.0000E+00  0.0000E+00  0.0000E+00  0.0000E+00  0.0000E+00  0.0000E+00  0.0000E+00
  1.0000E+01  0.0000E+00  2.7000E+01  0.0000E+00  1.0000E+00  1.0000E+00  1.0000E+00  1.9472E+01 -7.5685E+00  0.0000E+00  0.0000E+00  1.9216E+01  0.0000E+00  0.0000E+00
  1.0000E+01  1.2000E+00  0.0000E+00  1.9900E+01  0.0000E+00  0.0000E+00  1.0000E+00  1.9360E+01  2.1002E-01  1.9598E-01  1.9900E+01  1.9105E+01  7.9490E-01  1.9611E-01
  1.0000E+01  1.1200E+01  3.5000E+00  0.0000E+00  1.0000E+00  1.0000E+00  1.0000E+00  2.0980E+01 -7.9980E+00  0.0000E+00  0.0000E+00  2.0700E+01  0.0000E+00  0.0000E+00
  1.0000E+01  2.3200E+01  3.5000E+00  0.0000E+00  1.0000E+00  1.0000E+00  1.0000E+00  2.2334E+01 -8.3625E+00  0.0000E+00  0.0000E+00  2.2031E+01  0.0000E+00  0.0000E+00
  1.0000E+01  3.5300E+01  3.5000E+00  0.0000E+00  1.0000E+00  1.0000E+00  1.0000E+00  2.3603E+01 -8.6863E+00  0.0000E+00  0.0000E+00  2.3277E+01  0.0000E+00  0.0000E+00
  1.0000E+01  4.7200E+01  3.5000E+00  0.0000E+00  1.0000E+00  1.0000E+00  1.0000E+00  2.4821E+01 -8.9819E+00  0.0000E+00  0.0000E+00  2.4474E+01  0.0000E+00  0.0000E+00
  1.0000E+01  5.9200E+01  3.5000E+00  0.0000E+00  1.0000E+00  1.0000E+00  1.0000E+00  2.5961E+01 -9.2451E+00  0.0000E+00  0.0000E+00  2.5594E+01  0.0000E+00  0.0000E+00
  1.0000E+01  7.0700E+01  0.0000E+00  2.3400E+01  0.0000E+00  0.0000E+00  1.0000E+00  2.4572E+01 -4.2554E-01 -4.4170E-01  2.3400E+01  2.4218E+01 -8.1778E-01 -4.3838E-01
  1.0000E+01  7.1200E+01  3.5000E+00  0.0000E+00  1.0000E+00  1.0000E+00  1.0000E+00  2.7037E+01 -9.4821E+00  0.0000E+00  0.0000E+00  2.6651E+01  0.0000E+00  0.0000E+00
  1.0000E+01  8.3200E+01  3.5000E+00  0.0000E+00  1.0000E+00  1.0000E+00  1.0000E+00  2.8054E+01 -9.6962E+00  0.0000E+00  0.0000E+00  2.7648E+01  0.0000E+00  0.0000E+00
  1.0000E+01  9.5200E+01  3.5000E+00  0.0000E+00  1.0000E+00  1.0000E+00  1.0000E+00  2.9013E+01 -9.8899E+00  0.0000E+00  0.0000E+00  2.8590E+01  0.0000E+00  0.0000E+00
  1.0000E+01  1.0720E+02  3.5000E+00  0.0000E+00  1.0000E+00  1.0000E+00  1.0000E+00  2.9919E+01 -1.0065E+01  0.0000E+00  0.0000E+00  2.9479E+01  0.0000E+00  0.0000E+00
  1.0000E+01  1.1920E+02  3.5000E+00  0.0000E+00  1.0000E+00  1.0000E+00  1.0000E+00  3.0775E+01 -1.0225E+01  0.0000E+00  0.0000E+00  3.0318E+01  0.0000E+00  0.0000E+00
  1.0000E+01  1.3120E+02  3.5000E+00  0.0000E+00  1.0000E+00  1.0000E+00  1.0000E+00  3.1582E+01 -1.0370E+01  0.0000E+00  0.0000E+00  3.1110E+01  0.0000E+00  0.0000E+00
  1.0000E+01  1.4220E+02  0.0000E+00  3.0900E+01  0.0000E+00  0.0000E+00  1.0000E+00  2.9964E+01  3.1473E-01  2.9844E-01  3.0900E+01  2.9508E+01  1.3919E+00  2.9633E-01
  1.1000E+01  0.0000E+00  0.0000E+00  0.0000E+00  1.0000E+00  0.0000E+00  1.0000E+00  0.0000E+00  0.0000E+00  0.0000E+00  0.0000E+00  0.0000E+00  0.0000E+00  0.0000E+00
  1.1000E+01  0.0000E+00  2.4000E+01  0.0000E+00  1.0000E+00  1.0000E+00  1.0000E+00  1.3218E+01 -5.5166E+00  0.0000E+00  0.0000E+00  1.7081E+01  0.0000E+00  0.0000E+00
  1.1000E+01  1.1500E+01  2.4000E+01  0.0000E+00  1.0000E+00  1.0000E+00  1.0000E+00  2.5674E+01 -9.1800E+00  0.0000E+00  0.0000E+00  3.3243E+01  0.0000E+00  0.0000E+00
  1.1000E+01  2.3500E+01  3.0000E+00  0.0000E+00  1.0000E+00  1.0000E+00  1.0000E+00  2.5784E+01 -9.2050E+00  0.0000E+00  0.0000E+00  3.3515E+01  0.0000E+00  0.0000E+00
  1.1000E+01  3.5500E+01  3.0000E+00  0.0000E+00  1.0000E+00  1.0000E+00  1.0000E+00  2.5887E+01 -9.2284E+00  0.0000E+00  0.0000E+00  3.3772E+01  0.0000E+00  0.0000E+00
  1.1000E+01  4.7500E+01  3.0000E+00  0.0000E+00  1.0000E+00  1.0000E+00  1.0000E+00  2.5984E+01 -9.2503E+00  0.0000E+00  0.0000E+00  3.4015E+01  0.0000E+00  0.0000E+00
  1.1000E+01  5.7500E+01  0.0000E+00  2.4300E+01  0.0000E+00  0.0000E+00  1.0000E+00  2.4677E+01 -1.3662E-01 -6.6627E-01  2.4300E+01  3.2419E+01 -8.1189E+00 -5.8507E-01
  1.2000E+01  0.0000E+00  0.0000E+00  0.0000E+00  1.0000E+00  0.0000E+00  1.0000E+00  0.0000E+00  0.0000E+00  0.0000E+00  0.0000E+00  0.0000E+00  0.0000E+00  0.0000E+00
  1.2000E+01  0.0000E+00  2.6000E+01  0.0000E+00  1.0000E+00  1.0000E+00  1.0000E+00  1.9853E+01 -7.6793E+00  0.0000E+00  0.0000E+00  1.8504E+01  0.0000E+00  0.0000E+00
  1.2000E+01  2.0000E+00  0.0000E+00  1.7000E+01  0.0000E+00  0.0000E+00  1.0000E+00  1.9672E+01 -1.0360E+00 -1.0382E+00  1.7000E+01  1.8327E+01 -1.3269E+00 -1.0516E+00
  1.2000E+01  1.2000E+01  3.3000E+00  0.0000E+00  1.0000E+00  1.0000E+00  1.0000E+00  2.1313E+01 -8.0894E+00  0.0000E+00  0.0000E+00  1.9816E+01  0.0000E+00  0.0000E+00
  1.2000E+01  1.3000E+01  5.0000E+00  0.0000E+00  1.0000E+00  1.0000E+00  1.0000E+00  2.5034E+01 -9.0319E+00  0.0000E+00  0.0000E+00  2.3279E+01  0.0000E+00  0.0000E+00
  1.2000E+01  2.4500E+01  3.3000E+00  0.0000E+00  1.0000E+00  1.0000E+00  1.0000E+00  2.6272E+01 -9.3146E+00  0.0000E+00  0.0000E+00  2.4376E+01  0.0000E+00  0.0000E+00
  1.2000E+01  3.6000E+01  3.3000E+00  0.0000E+00  1.0000E+00  1.0000E+00  1.0000E+00  2.7446E+01 -9.5694E+00  0.0000E+00  0.0000E+00  2.5414E+01  0.0000E+00  0.0000E+00
  1.2000E+01  4.8500E+01  3.3000E+00  0.0000E+00  1.0000E+00  1.0000E+00  1.0000E+00  2.8442E+01 -9.7756E+00  0.0000E+00  0.0000E+00  2.6281E+01  0.0000E+00  0.0000E+00
  1.2000E+01  6.0000E+01  3.3000E+00  0.0000E+00  1.0000E+00  1.0000E+00  1.0000E+00  2.9506E+01 -9.9862E+00  0.0000E+00  0.0000E+00  2.7217E+01  0.0000E+00  0.0000E+00
  1.2000E+01  7.2000E+01  3.3000E+00  0.0000E+00  1.0000E+00  1.0000E+00  1.0000E+00  3.0451E+01 -1.0165E+01  0.0000E+00  0.0000E+00  2.8040E+01  0.0000E+00  0.0000E+00
  1.2000E+01  8.4000E+01  3.3000E+00  0.0000E+00  1.0000E+00  1.0000E+00  1.0000E+00  3.1346E+01 -1.0328E+01  0.0000E+00  0.0000E+00  2.8818E+01  0.0000E+00  0.0000E+00
  1.2000E+01  9.6000E+01  3.3000E+00  0.0000E+00  1.0000E+00  1.0000E+00  1.0000E+00  3.2193E+01 -1.0477E+01  0.0000E+00  0.0000E+00  2.9551E+01  0.0000E+00  0.0000E+00
  1.2000E+01  1.0800E+02  3.3000E+00  0.0000E+00  1.0000E+00  1.0000E+00  1.0000E+00  3.2994E+01 -1.0612E+01  0.0000E+00  0.0000E+00  3.0244E+01  0.0000E+00  0.0000E+00
  1.2000E+01  1.2000E+02  3.3000E+00  0.0000E+00  1.0000E+00  1.0000E+00  1.0000E+00  3.3753E+01 -1.0736E+01  0.0000E+00  0.0000E+00  3.0898E+01  0.0000E+00  0.0000E+00
  1.2000E+01  1.3220E+02  0.0000E+00  3.4100E+01  0.0000E+00  0.0000E+00  1.0000E+00  3.1923E+01  7.1127E-01  7.8173E-01  3.4100E+01  2.9139E+01  4.9614E+00  8.0530E-01
  1.2000E+01  1.3250E+02  3.3000E+00  0.0000E+00  1.0000E+00  1.0000E+00  1.0000E+00  3.4399E+01 -1.0838E+01  0.0000E+00  0.0000E+00  3.1445E+01  0.0000E+00  0.0000E+00
  1.2000E+01  3.0250E+02  0.0000E+00  1.6000E+01  0.0000E+00  0.0000E+00  1.0000E+00  1.5817E+01  7.4214E-02  1.6870E-01  1.6000E+01  1.3892E+01  2.1079E+00  1.8413E-01
  1.3000E+01  0.0000E+00  0.0000E+00  0.0000E+00  1.0000E+00  0.0000E+00  1.0000E+00  0.0000E+00  0.0000E+00  0.0000E+00  0.0000E+00  0.0000E+00  0.0000E+00  0.0000E+00
  1.3000E+01  0.0000E+00  1.1000E+01  0.0000E+00  1.0000E+00  1.0000E+00  1.0000E+00  1.1750E+01 -4.9726E+00  0.0000E+00  0.0000E+00  7.8286E+00  0.0000E+00  0.0000E+00
  1.3000E+01  1.2000E+01  1.1000E+01  0.0000E+00  1.0000E+00  1.0000E+00  1.0000E+00  2.2910E+01 -8.5115E+00  0.0000E+00  0.0000E+00  1.5218E+01  0.0000E+00  0.0000E+00
  1.3000E+01  2.5000E+01  2.8000E+00  0.0000E+00  1.0000E+00  1.0000E+00  1.0000E+00  2.4658E+01 -8.9431E+00  0.0000E+00  0.0000E+00  1.6290E+01  0.0000E+00  0.0000E+00
  1.3000E+01  3.6500E+01  0.0000E+00  2.4100E+01  0.0000E+00  0.0000E+00  1.0000E+00  2.3470E+01  2.3210E-01  6.5550E-01  2.4100E+01  1.5414E+01  8.6862E+00  7.7454E-01
  1.3000E+01  3.7000E+01  2.8000E+00  0.0000E+00  1.0000E+00  1.0000E+00  1.0000E+00  2.6411E+01 -9.3455E+00  0.0000E+00  0.0000E+00  1.7370E+01  0.0000E+00  0.0000E+00
  1.3000E+01  4.9000E+01  2.8000E+00  0.0000E+00  1.0000E+00  1.0000E+00  1.0000E+00  2.8076E+01 -9.7009E+00  0.0000E+00  0.0000E+00  1.8389E+01  0.0000E+00  0.0000E+00
  1.3000E+01  6.1000E+01  2.8000E+00  0.0000E+00  1.0000E+00  1.0000E+00  1.0000E+00  2.9658E+01 -1.0016E+01  0.0000E+00  0.0000E+00  1.9351E+01  0.0000E+00  0.0000E+00
  1.3000E+01  7.4000E+01  2.8000E+00  0.0000E+00  1.0000E+00  1.0000E+00  1.0000E+00  3.1040E+01 -1.0273E+01  0.0000E+00  0.0000E+00  2.0172E+01  0.0000E+00  0.0000E+00
  1.3000E+01  8.5000E+01  2.8000E+00  0.0000E+00  1.0000E+00  1.0000E+00  1.0000E+00  3.2599E+01 -1.0546E+01  0.0000E+00  0.0000E+00  2.1126E+01  0.0000E+00  0.0000E+00
  1.3000E+01  9.8000E+01  2.8000E+00  0.0000E+00  1.0000E+00  1.0000E+00  1.0000E+00  3.3821E+01 -1.0747E+01  0.0000E+00  0.0000E+00  2.1840E+01  0.0000E+00  0.0000E+00
  1.3000E+01  1.1000E+02  2.8000E+00  0.0000E+00  1.0000E+00  1.0000E+00  1.0000E+00  3.5115E+01 -1.0948E+01  0.0000E+00  0.0000E+00  2.2609E+01  0.0000E+00  0.0000E+00
  1.3000E+01  1.2130E+02  2.8000E+00  0.0000E+00  1.0000E+00  1.0000E+00  1.0000E+00  3.6443E+01 -1.1144E+01  0.0000E+00  0.0000E+00  2.3406E+01  0.0000E+00  0.0000E+00
  1.3000E+01  1.3400E+02  2.8000E+00  0.0000E+00  1.0000E+00  1.0000E+00  1.0000E+00  3.7501E+01 -1.1291E+01  0.0000E+00  0.0000E+00  2.4013E+01  0.0000E+00  0.0000E+00
  1.3000E+01  1.4500E+02  2.8000E+00  0.0000E+00  1.0000E+00  1.0000E+00  1.0000E+00  3.8763E+01 -1.1458E+01  0.0000E+00  0.0000E+00  2.4770E+01  0.0000E+00  0.0000E+00
  1.3000E+01  1.5700E+02  2.8000E+00  0.0000E+00  1.0000E+00  1.0000E+00  1.0000E+00  3.9808E+01 -1.1590E+01  0.0000E+00  0.0000E+00  2.5374E+01  0.0000E+00  0.0000E+00
  1.3000E+01  1.6900E+02  0.0000E+00  3.8200E+01  0.0000E+00  0.0000E+00  1.0000E+00  3.7810E+01  1.1690E-01  8.3905E-01  3.8200E+01  2.3953E+01  1.4247E+01  1.0760E+00
  1.4000E+01  0.0000E+00  0.0000E+00  0.0000E+00  1.0000E+00  0.0000E+00  1.0000E+00  0.0000E+00  0.0000E+00  0.0000E+00  0.0000E+00  0.0000E+00  0.0000E+00  0.0000E+00
  1.4000E+01  0.0000E+00  2.2000E+01  0.0000E+00  1.0000E+00  1.0000E+00  1.0000E+00  2.0437E+01 -7.8460E+00  0.0000E+00  0.0000E+00  1.5657E+01  0.0000E+00  0.0000E+00
  1.4000E+01  2.3000E+00  0.0000E+00  2.5600E+01  0.0000E+00  0.0000E+00  1.0000E+00  2.0210E+01  2.0754E+00  2.4480E+00  2.5600E+01  1.5485E+01  1.0115E+01  2.6278E+00
  1.4000E+01  1.1800E+01  2.8000E+00  0.0000E+00  1.0000E+00  1.0000E+00  1.0000E+00  2.1901E+01 -8.2479E+00  0.0000E+00  0.0000E+00  1.6787E+01  0.0000E+00  0.0000E+00
  1.4000E+01  2.3800E+01  2.8000E+00  0.0000E+00  1.0000E+00  1.0000E+00  1.0000E+00  2.3263E+01 -8.6013E+00  0.0000E+00  0.0000E+00  1.7839E+01  0.0000E+00  0.0000E+00
  1.4000E+01  3.5800E+01  2.8000E+00  0.0000E+00  1.0000E+00  1.0000E+00  1.0000E+00  2.4549E+01 -8.9172E+00  0.0000E+00  0.0000E+00  1.8832E+01  0.0000E+00  0.0000E+00
  1.4000E+01  4.7800E+01  2.8000E+00  0.0000E+00  1.0000E+00  1.0000E+00  1.0000E+00  2.5762E+01 -9.2000E+00  0.0000E+00  0.0000E+00  1.9769E+01  0.0000E+00  0.0000E+00
  1.4000E+01  5.9300E+01  0.0000E+00  2.5600E+01  0.0000E+00  0.0000E+00  1.0000E+00  2.4364E+01  4.4996E-01  8.3412E-01  2.5600E+01  1.8707E+01  6.8934E+00  9.3308E-01
  1.4000E+01  5.9800E+01  2.8000E+00  0.0000E+00  1.0000E+00  1.0000E+00  1.0000E+00  2.6906E+01 -9.4539E+00  0.0000E+00  0.0000E+00  2.0654E+01  0.0000E+00  0.0000E+00
  1.4000E+01  7.1800E+01  2.8000E+00  0.0000E+00  1.0000E+00  1.0000E+00  1.0000E+00  2.7986E+01 -9.6823E+00  0.0000E+00  0.0000E+00  2.1490E+01  0.0000E+00  0.0000E+00
  1.4000E+01  8.3800E+01  2.8000E+00  0.0000E+00  1.0000E+00  1.0000E+00  1.0000E+00  2.9005E+01 -9.8882E+00  0.0000E+00  0.0000E+00  2.2278E+01  0.0000E+00  0.0000E+00
  1.4000E+01  9.5800E+01  2.8000E+00  0.0000E+00  1.0000E+00  1.0000E+00  1.0000E+00  2.9966E+01 -1.0074E+01  0.0000E+00  0.0000E+00  2.3023E+01  0.0000E+00  0.0000E+00
  1.4000E+01  1.0730E+02  2.8000E+00  0.0000E+00  1.0000E+00  1.0000E+00  1.0000E+00  3.0941E+01 -1.0255E+01  0.0000E+00  0.0000E+00  2.3778E+01  0.0000E+00  0.0000E+00
  1.4000E+01  1.1980E+02  2.8000E+00  0.0000E+00  1.0000E+00  1.0000E+00  1.0000E+00  3.1722E+01 -1.0395E+01  0.0000E+00  0.0000E+00  2.4384E+01  0.0000E+00  0.0000E+00
  1.4000E+01  1.3150E+02  0.0000E+00  2.5700E+01  0.0000E+00  0.0000E+00  1.0000E+00  2.9972E+01 -1.4360E+00 -1.0292E+00  2.5700E+01  2.3051E+01  2.6489E+00 -1.0923E+00
  1.4000E+01  1.3180E+02  2.8000E+00  0.0000E+00  1.0000E+00  1.0000E+00  1.0000E+00  3.2529E+01 -1.0534E+01  0.0000E+00  0.0000E+00  2.5011E+01  0.0000E+00  0.0000E+00
  1.4000E+01  1.4380E+02  2.8000E+00  0.0000E+00  1.0000E+00  1.0000E+00  1.0000E+00  3.3291E+01 -1.0661E+01  0.0000E+00  0.0000E+00  2.5602E+01  0.0000E+00  0.0000E+00
  1.4000E+01  3.0330E+02  0.0000E+00  1.4300E+01  0.0000E+00  0.0000E+00  1.0000E+00  1.5358E+01 -4.3189E-01 -3.4546E-01  1.4300E+01  1.1896E+01  2.4041E+00 -3.4572E-01
  1.5000E+01  0.0000E+00  0.0000E+00  0.0000E+00  1.0000E+00  0.0000E+00  1.0000E+00  0.0000E+00  0.0000E+00  0.0000E+00  0.0000E+00  0.0000E+00  0.0000E+00  0.0000E+00
  1.5000E+01  0.0000E+00  2.6000E+01  0.0000E+00  1.0000E+00  1.0000E+00  1.0000E+00  1.9042E+01 -7.4416E+00  0.0000E+00  0.0000E+00  1.8504E+01  0.0000E+00  0.0000E+00
  1.5000E+01  1.2200E+01  3.3000E+00  0.0000E+00  1.0000E+00  1.0000E+00  1.0000E+00  2.0386E+01 -7.8316E+00  0.0000E+00  0.0000E+00  1.9799E+01  0.0000E+00  0.0000E+00
  1.5000E+01  2.2200E+01  0.0000E+00  1.9300E+01  0.0000E+00  0.0000E+00  1.0000E+00  1.9439E+01 -5.3864E-02 -5.0474E-02  1.9300E+01  1.8870E+01  4.3008E-01 -4.9804E-02
  1.5000E+01  2.4200E+01  3.3000E+00  0.0000E+00  1.0000E+00  1.0000E+00  1.0000E+00  2.1671E+01 -8.1865E+00  0.0000E+00  0.0000E+00  2.1038E+01  0.0000E+00  0.0000E+00
  1.5000E+01  3.6200E+01  3.3000E+00  0.0000E+00  1.0000E+00  1.0000E+00  1.0000E+00  2.2886E+01 -8.5053E+00  0.0000E+00  0.0000E+00  2.2208E+01  0.0000E+00  0.0000E+00
  1.5000E+01  4.7800E+01  3.3000E+00  0.0000E+00  1.0000E+00  1.0000E+00  1.0000E+00  2.4074E+01 -8.8024E+00  0.0000E+00  0.0000E+00  2.3352E+01  0.0000E+00  0.0000E+00
  1.5000E+01  7.0200E+01  3.3000E+00  0.0000E+00  1.0000E+00  1.0000E+00  1.0000E+00  2.4058E+01 -8.7984E+00  0.0000E+00  0.0000E+00  2.3318E+01  0.0000E+00  0.0000E+00
  1.5000E+01  8.5600E+01  3.3000E+00  0.0000E+00  1.0000E+00  1.0000E+00  1.0000E+00  2.4775E+01 -8.9709E+00  0.0000E+00  0.0000E+00  2.4003E+01  0.0000E+00  0.0000E+00
  1.5000E+01  9.6200E+01  3.3000E+00  0.0000E+00  1.0000E+00  1.0000E+00  1.0000E+00  2.5974E+01 -9.2479E+00  0.0000E+00  0.0000E+00  2.5160E+01  0.0000E+00  0.0000E+00
  1.5000E+01  1.0820E+02  3.3000E+00  0.0000E+00  1.0000E+00  1.0000E+00  1.0000E+00  2.6949E+01 -9.4632E+00  0.0000E+00  0.0000E+00  2.6098E+01  0.0000E+00  0.0000E+00
  1.5000E+01  1.2020E+02  3.3000E+00  0.0000E+00  1.0000E+00  1.0000E+00  1.0000E+00  2.7871E+01 -9.6584E+00  0.0000E+00  0.0000E+00  2.6984E+01  0.0000E+00  0.0000E+00
  1.5000E+01  1.3220E+02  3.3000E+00  0.0000E+00  1.0000E+00  1.0000E+00  1.0000E+00  2.8741E+01 -9.8358E+00  0.0000E+00  0.0000E+00  2.7821E+01  0.0000E+00  0.0000E+00
  1.5000E+01  1.4370E+02  3.3000E+00  0.0000E+00  1.0000E+00  1.0000E+00  1.0000E+00  2.9628E+01 -1.0010E+01  0.0000E+00  0.0000E+00  2.8674E+01  0.0000E+00  0.0000E+00
  1.5000E+01  1.4570E+02  0.0000E+00  2.9700E+01  0.0000E+00  0.0000E+00  1.0000E+00  2.9348E+01  1.1957E-01  1.3368E-01  2.9700E+01  2.8400E+01  1.3005E+00  1.3518E-01
  1.6000E+01  0.0000E+00  0.0000E+00  0.0000E+00  1.0000E+00  0.0000E+00  1.0000E+00  0.0000E+00  0.0000E+00  0.0000E+00  0.0000E+00  0.0000E+00  0.0000E+00  0.0000E+00
  1.6000E+01  0.0000E+00  1.2000E+01  0.0000E+00  1.0000E+00  1.0000E+00  1.0000E+00  1.0354E+01 -4.4347E+00  0.0000E+00  0.0000E+00  8.5403E+00  0.0000E+00  0.0000E+00
  1.6000E+01  9.0000E+00  1.2000E+01  0.0000E+00  1.0000E+00  1.0000E+00  1.0000E+00  2.0303E+01 -7.8081E+00  0.0000E+00  0.0000E+00  1.6719E+01  0.0000E+00  0.0000E+00
  1.6000E+01  1.2000E+01  0.0000E+00  1.7300E+01  0.0000E+00  0.0000E+00  1.0000E+00  2.0034E+01 -1.0552E+00 -9.5177E-01  1.7300E+01  1.6480E+01  8.2026E-01 -9.9166E-01
  1.6000E+01  1.5400E+01  4.0000E+00  0.0000E+00  1.0000E+00  1.0000E+00  1.0000E+00  2.3186E+01 -8.5816E+00  0.0000E+00  0.0000E+00  1.9059E+01  0.0000E+00  0.0000E+00
  1.6000E+01  2.1300E+01  3.0000E+00  0.0000E+00  1.0000E+00  1.0000E+00  1.0000E+00  2.5175E+01 -9.0650E+00  0.0000E+00  0.0000E+00  2.0662E+01  0.0000E+00  0.0000E+00
  1.6000E+01  3.3000E+01  3.0000E+00  0.0000E+00  1.0000E+00  1.0000E+00  1.0000E+00  2.6491E+01 -9.3630E+00  0.0000E+00  0.0000E+00  2.1667E+01  0.0000E+00  0.0000E+00
  1.6000E+01  4.5000E+01  3.0000E+00  0.0000E+00  1.0000E+00  1.0000E+00  1.0000E+00  2.7706E+01 -9.6240E+00  0.0000E+00  0.0000E+00  2.2588E+01  0.0000E+00  0.0000E+00
  1.6000E+01  5.6000E+01  0.0000E+00  2.6800E+01  0.0000E+00  0.0000E+00  1.0000E+00  2.6386E+01  1.4637E-01  3.1034E-01  2.6800E+01  2.1425E+01  5.3749E+00  3.3352E-01
  1.6000E+01  5.7000E+01  3.0000E+00  0.0000E+00  1.0000E+00  1.0000E+00  1.0000E+00  2.8858E+01 -9.8591E+00  0.0000E+00  0.0000E+00  2.3457E+01  0.0000E+00  0.0000E+00
  1.6000E+01  6.9000E+01  3.0000E+00  0.0000E+00  1.0000E+00  1.0000E+00  1.0000E+00  2.9951E+01 -1.0071E+01  0.0000E+00  0.0000E+00  2.4278E+01  0.0000E+00  0.0000E+00
  1.6000E+01  8.1000E+01  3.0000E+00  0.0000E+00  1.0000E+00  1.0000E+00  1.0000E+00  3.0987E+01 -1.0264E+01  0.0000E+00  0.0000E+00  2.5053E+01  0.0000E+00  0.0000E+00
  1.6000E+01  9.3000E+01  3.0000E+00  0.0000E+00  1.0000E+00  1.0000E+00  1.0000E+00  3.1969E+01 -1.0438E+01  0.0000E+00  0.0000E+00  2.5784E+01  0.0000E+00  0.0000E+00
  1.6000E+01  1.0500E+02  3.0000E+00  0.0000E+00  1.0000E+00  1.0000E+00  1.0000E+00  3.2900E+01 -1.0597E+01  0.0000E+00  0.0000E+00  2.6474E+01  0.0000E+00  0.0000E+00
  1.6000E+01  1.1700E+02  3.0000E+00  0.0000E+00  1.0000E+00  1.0000E+00  1.0000E+00  3.3783E+01 -1.0741E+01  0.0000E+00  0.0000E+00  2.7126E+01  0.0000E+00  0.0000E+00
  1.6000E+01  1.2950E+02  3.0000E+00  0.0000E+00  1.0000E+00  1.0000E+00  1.0000E+00  3.4550E+01 -1.0862E+01  0.0000E+00  0.0000E+00  2.7680E+01  0.0000E+00  0.0000E+00
  1.6000E+01  1.4150E+02  3.0000E+00  0.0000E+00  1.0000E+00  1.0000E+00  1.0000E+00  3.5347E+01 -1.0983E+01  0.0000E+00  0.0000E+00  2.8264E+01  0.0000E+00  0.0000E+00
  1.6000E+01  1.5280E+02  3.0000E+00  0.0000E+00  1.0000E+00  1.0000E+00  1.0000E+00  3.6208E+01 -1.1110E+01  0.0000E+00  0.0000E+00  2.8905E+01  0.0000E+00  0.0000E+00
  1.6000E+01  1.5350E+02  0.0000E+00  3.8400E+01  0.0000E+00  0.0000E+00  1.0000E+00  3.6096E+01  7.0824E-01  9.7936E-01  3.8400E+01  2.8808E+01  9.5922E+00  1.0822E+00
  1.7000E+01  0.0000E+00  0.0000E+00  0.0000E+00  1.0000E+00  0.0000E+00  1.0000E+00  0.0000E+00  0.0000E+00  0.0000E+00  0.0000E+00  0.0000E+00  0.0000E+00  0.0000E+00
  1.7000E+01  0.0000E+00  2.2000E+01  0.0000E+00  1.0000E+00  1.0000E+00  1.0000E+00  2.1098E+01 -8.0305E+00  0.0000E+00  0.0000E+00  1.5657E+01  0.0000E+00  0.0000E+00
  1.7000E+01  1.2000E+01  2.8000E+00  0.0000E+00  1.0000E+00  1.0000E+00  1.0000E+00  2.2706E+01 -8.4590E+00  0.0000E+00  0.0000E+00  1.6773E+01  0.0000E+00  0.0000E+00
  1.7000E+01  2.4000E+01  2.8000E+00  0.0000E+00  1.0000E+00  1.0000E+00  1.0000E+00  2.4231E+01 -8.8405E+00  0.0000E+00  0.0000E+00  1.7825E+01  0.0000E+00  0.0000E+00
  1.7000E+01  3.2000E+01  0.0000E+00  2.1300E+01  0.0000E+00  0.0000E+00  1.0000E+00  2.3398E+01 -7.7437E-01 -5.0846E-01  2.1300E+01  1.7153E+01  4.1468E+00 -5.3139E-01
  1.7000E+01  3.5500E+01  2.8000E+00  0.0000E+00  1.0000E+00  1.0000E+00  1.0000E+00  2.5728E+01 -9.1923E+00  0.0000E+00  0.0000E+00  1.8860E+01  0.0000E+00  0.0000E+00
  1.7000E+01  4.8000E+01  2.8000E+00  0.0000E+00  1.0000E+00  1.0000E+00  1.0000E+00  2.7046E+01 -9.4840E+00  0.0000E+00  0.0000E+00  1.9753E+01  0.0000E+00  0.0000E+00
  1.7000E+01  6.0000E+01  2.8000E+00  0.0000E+00  1.0000E+00  1.0000E+00  1.0000E+00  2.8349E+01 -9.7567E+00  0.0000E+00  0.0000E+00  2.0639E+01  0.0000E+00  0.0000E+00
  1.7000E+01  7.2000E+01  0.0000E+00  2.8800E+01  0.0000E+00  0.0000E+00  1.0000E+00  2.6901E+01  6.6736E-01  9.8932E-01  2.8800E+01  1.9482E+01  9.3176E+00  1.1127E+00
  1.7000E+01  7.2300E+01  2.8000E+00  0.0000E+00  1.0000E+00  1.0000E+00  1.0000E+00  2.9551E+01 -9.9949E+00  0.0000E+00  0.0000E+00  2.1447E+01  0.0000E+00  0.0000E+00
  1.7000E+01  8.4300E+01  2.8000E+00  0.0000E+00  1.0000E+00  1.0000E+00  1.0000E+00  3.0726E+01 -1.0216E+01  0.0000E+00  0.0000E+00  2.2238E+01  0.0000E+00  0.0000E+00
  1.7000E+01  9.5800E+01  2.8000E+00  0.0000E+00  1.0000E+00  1.0000E+00  1.0000E+00  3.1905E+01 -1.0427E+01  0.0000E+00  0.0000E+00  2.3035E+01  0.0000E+00  0.0000E+00
  1.7000E+01  1.0800E+02  2.8000E+00  0.0000E+00  1.0000E+00  1.0000E+00  1.0000E+00  3.2934E+01 -1.0602E+01  0.0000E+00  0.0000E+00  2.3716E+01  0.0000E+00  0.0000E+00
  1.7000E+01  1.2000E+02  2.8000E+00  0.0000E+00  1.0000E+00  1.0000E+00  1.0000E+00  3.3937E+01 -1.0765E+01  0.0000E+00  0.0000E+00  2.4380E+01  0.0000E+00  0.0000E+00
  1.7000E+01  1.3200E+02  2.8000E+00  0.0000E+00  1.0000E+00  1.0000E+00  1.0000E+00  3.4888E+01 -1.0914E+01  0.0000E+00  0.0000E+00  2.5007E+01  0.0000E+00  0.0000E+00
  1.7000E+01  1.4400E+02  2.8000E+00  0.0000E+00  1.0000E+00  1.0000E+00  1.0000E+00  3.5791E+01 -1.1049E+01  0.0000E+00  0.0000E+00  2.5598E+01  0.0000E+00  0.0000E+00
  1.7000E+01  1.5500E+02  0.0000E+00  3.4900E+01  0.0000E+00  0.0000E+00  1.0000E+00  3.4111E+01  2.4967E-01  6.8485E-01  3.4900E+01  2.4280E+01  1.0620E+01  8.1415E-01
  1.8000E+01  0.0000E+00  0.0000E+00  0.0000E+00  1.0000E+00  0.0000E+00  1.0000E+00  0.0000E+00  0.0000E+00  0.0000E+00  0.0000E+00  0.0000E+00  0.0000E+00  0.0000E+00
  1.8000E+01  0.0000E+00  2.0000E+01  0.0000E+00  1.0000E+00  1.0000E+00  1.0000E+00  1.5527E+01 -6.3251E+00  0.0000E+00  0.0000E+00  1.4234E+01  0.0000E+00  0.0000E+00
  1.8000E+01  2.8000E+00  0.0000E+00  2.1900E+01  0.0000E+00  0.0000E+00  1.0000E+00  1.5306E+01  2.6926E+00  2.8709E+00  2.1900E+01  1.4044E+01  7.8565E+00  2.9205E+00
  1.8000E+01  1.1800E+01  2.0000E+01  0.0000E+00  1.0000E+00  1.0000E+00  1.0000E+00  3.0145E+01 -1.0108E+01  0.0000E+00  0.0000E+00  2.7683E+01  0.0000E+00  0.0000E+00
  1.8000E+01  2.3800E+01  2.5000E+00  0.0000E+00  1.0000E+00  1.0000E+00  1.0000E+00  3.0294E+01 -1.0136E+01  0.0000E+00  0.0000E+00  2.7911E+01  0.0000E+00  0.0000E+00
  1.8000E+01  3.5800E+01  2.5000E+00  0.0000E+00  1.0000E+00  1.0000E+00  1.0000E+00  3.0433E+01 -1.0162E+01  0.0000E+00  0.0000E+00  2.8126E+01  0.0000E+00  0.0000E+00
  1.8000E+01  4.8100E+01  2.5000E+00  0.0000E+00  1.0000E+00  1.0000E+00  1.0000E+00  3.0521E+01 -1.0178E+01  0.0000E+00  0.0000E+00  2.8291E+01  0.0000E+00  0.0000E+00
  1.8000E+01  5.9300E+01  2.5000E+00  0.0000E+00  1.0000E+00  1.0000E+00  1.0000E+00  3.0765E+01 -1.0223E+01  0.0000E+00  0.0000E+00  2.8588E+01  0.0000E+00  0.0000E+00
  1.8000E+01  7.1300E+01  0.0000E+00  2.5900E+01  0.0000E+00  0.0000E+00  1.0000E+00  2.8935E+01 -1.0358E+00 -8.3171E-01  2.5900E+01  2.6986E+01 -1.0860E+00 -8.2618E-01
  1.8000E+01  7.1800E+01  2.5000E+00  0.0000E+00  1.0000E+00  1.0000E+00  1.0000E+00  3.0802E+01 -1.0230E+01  0.0000E+00  0.0000E+00  2.8700E+01  0.0000E+00  0.0000E+00
  1.8000E+01  8.2800E+01  2.5000E+00  0.0000E+00  1.0000E+00  1.0000E+00  1.0000E+00  3.1060E+01 -1.0277E+01  0.0000E+00  0.0000E+00  2.9002E+01  0.0000E+00  0.0000E+00
  1.8000E+01  9.5800E+01  2.5000E+00  0.0000E+00  1.0000E+00  1.0000E+00  1.0000E+00  3.1005E+01 -1.0267E+01  0.0000E+00  0.0000E+00  2.9025E+01  0.0000E+00  0.0000E+00
  1.8000E+01  1.0780E+02  2.5000E+00  0.0000E+00  1.0000E+00  1.0000E+00  1.0000E+00  3.1103E+01 -1.0285E+01  0.0000E+00  0.0000E+00  2.9178E+01  0.0000E+00  0.0000E+00
  1.8000E+01  1.1980E+02  2.5000E+00  0.0000E+00  1.0000E+00  1.0000E+00  1.0000E+00  3.1194E+01 -1.0301E+01  0.0000E+00  0.0000E+00  2.9322E+01  0.0000E+00  0.0000E+00
  1.8000E+01  1.3180E+02  2.5000E+00  0.0000E+00  1.0000E+00  1.0000E+00  1.0000E+00  3.1280E+01 -1.0317E+01  0.0000E+00  0.0000E+00  2.9458E+01  0.0000E+00  0.0000E+00
  1.8000E+01  1.4380E+02  0.0000E+00  2.8900E+01  0.0000E+00  0.0000E+00  1.0000E+00  2.9420E+01 -1.7636E-01 -5.4612E-02  2.8900E+01  2.7808E+01  1.0925E+00 -4.0395E-02
  1.8000E+01  3.8980E+02  0.0000E+00  6.7000E+00  0.0000E+00  0.0000E+00  1.0000E+00  8.3734E+00 -7.2745E-01 -8.4545E-01  6.7000E+00  8.5264E+00 -1.8264E+00 -8.5326E-01
  1.9000E+01  0.0000E+00  0.0000E+00  0.0000E+00  1.0000E+00  0.0000E+00  1.0000E+00  0.0000E+00  0.0000E+00  0.0000E+00  0.0000E+00  0.0000E+00  0.0000E+00  0.0000E+00
  1.9000E+01  0.0000E+00  1.0000E+01  0.0000E+00  1.0000E+00  1.0000E+00  1.0000E+00  9.0062E+00 -3.8978E+00  0.0000E+00  0.0000E+00  7.1169E+00  0.0000E+00  0.0000E+00
  1.9000E+01  4.0000E+00  1.0000E+01  0.0000E+00  1.0000E+00  1.0000E+00  1.0000E+00  1.7852E+01 -7.0790E+00  0.0000E+00  0.0000E+00  1.4098E+01  0.0000E+00  0.0000E+00
  1.9000E+01  9.5000E+00  0.0000E+00  1.8900E+01  0.0000E+00  0.0000E+00  1.0000E+00  1.7415E+01  5.9212E-01  7.7135E-01  1.8900E+01  1.3731E+01  5.1695E+00  8.1514E-01
  1.9000E+01  1.3000E+01  2.5000E+00  0.0000E+00  1.0000E+00  1.0000E+00  1.0000E+00  1.9394E+01 -7.5455E+00  0.0000E+00  0.0000E+00  1.5281E+01  0.0000E+00  0.0000E+00
  1.9000E+01  2.4000E+01  2.5000E+00  0.0000E+00  1.0000E+00  1.0000E+00  1.0000E+00  2.0707E+01 -7.9221E+00  0.0000E+00  0.0000E+00  1.6273E+01  0.0000E+00  0.0000E+00
  1.9000E+01  3.5900E+01  3.0000E+00  0.0000E+00  1.0000E+00  1.0000E+00  1.0000E+00  2.2328E+01 -8.3609E+00  0.0000E+00  0.0000E+00  1.7504E+01  0.0000E+00  0.0000E+00
  1.9000E+01  4.8000E+01  3.0000E+00  0.0000E+00  1.0000E+00  1.0000E+00  1.0000E+00  2.3845E+01 -8.7464E+00  0.0000E+00  0.0000E+00  1.8650E+01  0.0000E+00  0.0000E+00
  1.9000E+01  5.9900E+01  3.0000E+00  0.0000E+00  1.0000E+00  1.0000E+00  1.0000E+00  2.5302E+01 -9.0945E+00  0.0000E+00  0.0000E+00  1.9749E+01  0.0000E+00  0.0000E+00
  1.9000E+01  7.2000E+01  3.0000E+00  0.0000E+00  1.0000E+00  1.0000E+00  1.0000E+00  2.6662E+01 -9.4006E+00  0.0000E+00  0.0000E+00  2.0768E+01  0.0000E+00  0.0000E+00
  1.9000E+01  8.3500E+01  0.0000E+00  2.3200E+01  0.0000E+00  0.0000E+00  1.0000E+00  2.5315E+01 -7.6022E-01 -4.8737E-01  2.3200E+01  1.9652E+01  3.5484E+00 -5.0326E-01
  1.9000E+01  8.4300E+01  3.0000E+00  0.0000E+00  1.0000E+00  1.0000E+00  1.0000E+00  2.7926E+01 -9.6699E+00  0.0000E+00  0.0000E+00  2.1711E+01  0.0000E+00  0.0000E+00
  1.9000E+01  9.6000E+01  3.0000E+00  0.0000E+00  1.0000E+00  1.0000E+00  1.0000E+00  2.9194E+01 -9.9255E+00  0.0000E+00  0.0000E+00  2.2659E+01  0.0000E+00  0.0000E+00
  1.9000E+01  1.0830E+02  3.0000E+00  0.0000E+00  1.0000E+00  1.0000E+00  1.0000E+00  3.0322E+01 -1.0141E+01  0.0000E+00  0.0000E+00  2.3494E+01  0.0000E+00  0.0000E+00
  1.9000E+01  1.2000E+02  3.0000E+00  0.0000E+00  1.0000E+00  1.0000E+00  1.0000E+00  3.1467E+01 -1.0350E+01  0.0000E+00  0.0000E+00  2.4344E+01  0.0000E+00  0.0000E+00
  1.9000E+01  1.3200E+02  3.0000E+00  0.0000E+00  1.0000E+00  1.0000E+00  1.0000E+00  3.2512E+01 -1.0531E+01  0.0000E+00  0.0000E+00  2.5115E+01  0.0000E+00  0.0000E+00
  1.9000E+01  1.4400E+02  3.0000E+00  0.0000E+00  1.0000E+00  1.0000E+00  1.0000E+00  3.3503E+01 -1.0696E+01  0.0000E+00  0.0000E+00  2.5843E+01  0.0000E+00  0.0000E+00
  1.9000E+01  1.5800E+02  0.0000E+00  3.2900E+01  0.0000E+00  0.0000E+00  1.0000E+00  3.1455E+01  4.7535E-01  8.2426E-01  3.2900E+01  2.4162E+01  8.7383E+00  9.2894E-01
  2.0000E+01  0.0000E+00  0.0000E+00  0.0000E+00  1.0000E+00  0.0000E+00  1.0000E+00  0.0000E+00  0.0000E+00  0.0000E+00  0.0000E+00  0.0000E+00  0.0000E+00  0.0000E+00
  2.0000E+01  0.0000E+00  2.4000E+01  0.0000E+00  1.0000E+00  1.0000E+00  1.0000E+00  2.1552E+01 -8.1542E+00  0.0000E+00  0.0000E+00  1.7081E+01  0.0000E+00  0.0000E+00
  2.0000E+01  2.0000E+00  0.0000E+00  2.3100E+01  0.0000E+00  0.0000E+00  1.0000E+00  2.1356E+01  6.6149E-01  8.6864E-01  2.3100E+01  1.6917E+01  6.1828E+00  9.3093E-01
  2.0000E+01  1.2000E+01  3.0000E+00  0.0000E+00  1.0000E+00  1.0000E+00  1.0000E+00  2.3098E+01 -8.5594E+00  0.0000E+00  0.0000E+00  1.8258E+01  0.0000E+00  0.0000E+00
  2.0000E+01  2.4000E+01  3.0000E+00  0.0000E+00  1.0000E+00  1.0000E+00  1.0000E+00  2.4562E+01 -8.9202E+00  0.0000E+00  0.0000E+00  1.9370E+01  0.0000E+00  0.0000E+00
  2.0000E+01  3.6000E+01  3.0000E+00  0.0000E+00  1.0000E+00  1.0000E+00  1.0000E+00  2.5948E+01 -9.2420E+00  0.0000E+00  0.0000E+00  2.0420E+01  0.0000E+00  0.0000E+00
  2.0000E+01  4.8000E+01  3.0000E+00  0.0000E+00  1.0000E+00  1.0000E+00  1.0000E+00  2.7260E+01 -9.5298E+00  0.0000E+00  0.0000E+00  2.1411E+01  0.0000E+00  0.0000E+00
  2.0000E+01  6.0500E+01  3.0000E+00  0.0000E+00  1.0000E+00  1.0000E+00  1.0000E+00  2.8443E+01 -9.7758E+00  0.0000E+00  0.0000E+00  2.2298E+01  0.0000E+00  0.0000E+00
  2.0000E+01  6.2500E+01  0.0000E+00  2.7800E+01  0.0000E+00  0.0000E+00  1.0000E+00  2.8185E+01 -1.3273E-01  1.4194E-01  2.7800E+01  2.2085E+01  5.7155E+00  1.7225E-01
  2.0000E+01  7.2000E+01  3.0000E+00  0.0000E+00  1.0000E+00  1.0000E+00  1.0000E+00  2.9684E+01 -1.0020E+01  0.0000E+00  0.0000E+00  2.3234E+01  0.0000E+00  0.0000E+00
  2.0000E+01  8.4000E+01  3.0000E+00  0.0000E+00  1.0000E+00  1.0000E+00  1.0000E+00  3.0797E+01 -1.0229E+01  0.0000E+00  0.0000E+00  2.4067E+01  0.0000E+00  0.0000E+00
  2.0000E+01  9.5500E+01  3.0000E+00  0.0000E+00  1.0000E+00  1.0000E+00  1.0000E+00  3.1917E+01 -1.0429E+01  0.0000E+00  0.0000E+00  2.4908E+01  0.0000E+00  0.0000E+00
  2.0000E+01  1.0800E+02  3.0000E+00  0.0000E+00  1.0000E+00  1.0000E+00  1.0000E+00  3.2842E+01 -1.0587E+01  0.0000E+00  0.0000E+00  2.5591E+01  0.0000E+00  0.0000E+00
  2.0000E+01  1.2000E+02  3.0000E+00  0.0000E+00  1.0000E+00  1.0000E+00  1.0000E+00  3.3787E+01 -1.0742E+01  0.0000E+00  0.0000E+00  2.6292E+01  0.0000E+00  0.0000E+00
  2.0000E+01  1.3200E+02  3.0000E+00  0.0000E+00  1.0000E+00  1.0000E+00  1.0000E+00  3.4682E+01 -1.0882E+01  0.0000E+00  0.0000E+00  2.6954E+01  0.0000E+00  0.0000E+00
  2.0000E+01  1.3400E+02  0.0000E+00  3.4000E+01  0.0000E+00  0.0000E+00  1.0000E+00  3.4367E+01 -1.1557E-01  2.2072E-01  3.4000E+01  2.6696E+01  7.3037E+00  2.6456E-01
  2.1000E+01  0.0000E+00  0.0000E+00  0.0000E+00  1.0000E+00  0.0000E+00  1.0000E+00  0.0000E+00  0.0000E+00  0.0000E+00  0.0000E+00  0.0000E+00  0.0000E+00  0.0000E+00
  2.1000E+01  0.0000E+00  1.7500E+01  0.0000E+00  1.0000E+00  1.0000E+00  1.0000E+00  1.0871E+01 -4.6361E+00  0.0000E+00  0.0000E+00  1.2455E+01  0.0000E+00  0.0000E+00
  2.1000E+01  4.2000E+00  1.7500E+01  0.0000E+00  1.0000E+00  1.0000E+00  1.0000E+00  2.1518E+01 -8.1451E+00  0.0000E+00  0.0000E+00  2.4660E+01  0.0000E+00  0.0000E+00
  2.1000E+01  8.3000E+00  0.0000E+00  2.1100E+01  0.0000E+00  0.0000E+00  1.0000E+00  2.1087E+01  4.8257E-03 -1.6138E-01  2.1100E+01  2.4179E+01 -3.0791E+00 -1.5760E-01
  2.1000E+01  1.5800E+01  4.5000E+00  0.0000E+00  1.0000E+00  1.0000E+00  1.0000E+00  2.3116E+01 -8.5641E+00  0.0000E+00  0.0000E+00  2.6526E+01  0.0000E+00  0.0000E+00
  2.1000E+01  2.8000E+01  4.5000E+00  0.0000E+00  1.0000E+00  1.0000E+00  1.0000E+00  2.4561E+01 -8.9200E+00  0.0000E+00  0.0000E+00  2.8218E+01  0.0000E+00  0.0000E+00
  2.1000E+01  3.9800E+01  4.5000E+00  0.0000E+00  1.0000E+00  1.0000E+00  1.0000E+00  2.5967E+01 -9.2464E+00  0.0000E+00  0.0000E+00  2.9865E+01  0.0000E+00  0.0000E+00
  2.1000E+01  5.1800E+01  4.5000E+00  0.0000E+00  1.0000E+00  1.0000E+00  1.0000E+00  2.7270E+01 -9.5319E+00  0.0000E+00  0.0000E+00  3.1394E+01  0.0000E+00  0.0000E+00
  2.1000E+01  6.3800E+01  4.5000E+00  0.0000E+00  1.0000E+00  1.0000E+00  1.0000E+00  2.8497E+01 -9.7867E+00  0.0000E+00  0.0000E+00  3.2838E+01  0.0000E+00  0.0000E+00
  2.1000E+01  7.6800E+01  4.5000E+00  0.0000E+00  1.0000E+00  1.0000E+00  1.0000E+00  2.9522E+01 -9.9893E+00  0.0000E+00  0.0000E+00  3.4052E+01  0.0000E+00  0.0000E+00
  2.1000E+01  8.8300E+01  4.5000E+00  0.0000E+00  1.0000E+00  1.0000E+00  1.0000E+00  3.0688E+01 -1.0209E+01  0.0000E+00  0.0000E+00  3.5423E+01  0.0000E+00  0.0000E+00
  2.1000E+01  1.0080E+02  4.5000E+00  0.0000E+00  1.0000E+00  1.0000E+00  1.0000E+00  3.1648E+01 -1.0382E+01  0.0000E+00  0.0000E+00  3.6561E+01  0.0000E+00  0.0000E+00
  2.1000E+01  1.1230E+02  0.0000E+00  2.9100E+01  0.0000E+00  0.0000E+00  1.0000E+00  2.9902E+01 -2.6988E-01 -4.9665E-01  2.9100E+01  3.4595E+01 -5.4953E+00 -4.6219E-01
  2.1000E+01  1.1280E+02  4.5000E+00  0.0000E+00  1.0000E+00  1.0000E+00  1.0000E+00  3.2624E+01 -1.0550E+01  0.0000E+00  0.0000E+00  3.7715E+01  0.0000E+00  0.0000E+00
  2.1000E+01  1.2430E+02  4.5000E+00  0.0000E+00  1.0000E+00  1.0000E+00  1.0000E+00  3.3619E+01 -1.0715E+01  0.0000E+00  0.0000E+00  3.8890E+01  0.0000E+00  0.0000E+00
  2.1000E+01  1.3630E+02  4.5000E+00  0.0000E+00  1.0000E+00  1.0000E+00  1.0000E+00  3.4482E+01 -1.0851E+01  0.0000E+00  0.0000E+00  3.9913E+01  0.0000E+00  0.0000E+00
  2.1000E+01  1.4880E+02  4.5000E+00  0.0000E+00  1.0000E+00  1.0000E+00  1.0000E+00  3.5214E+01 -1.0963E+01  0.0000E+00  0.0000E+00  4.0789E+01  0.0000E+00  0.0000E+00
  2.1000E+01  2.6060E+02  0.0000E+00  2.1100E+01  0.0000E+00  0.0000E+00  1.0000E+00  2.0283E+01  3.1437E-01  1.5639E-01  2.1100E+01  2.3835E+01 -2.7351E+00  1.4804E-01
  2.2000E+01  0.0000E+00  0.0000E+00  0.0000E+00  1.0000E+00  0.0000E+00  1.0000E+00  0.0000E+00  0.0000E+00  0.0000E+00  0.0000E+00  0.0000E+00  0.0000E+00  0.0000E+00
  2.2000E+01  0.0000E+00  1.5000E+01  0.0000E+00  1.0000E+00  1.0000E+00  1.0000E+00  1.0918E+01 -4.6544E+00  0.0000E+00  0.0000E+00  1.0675E+01  0.0000E+00  0.0000E+00
  2.2000E+01  4.0000E+00  1.5000E+01  0.0000E+00  1.0000E+00  1.0000E+00  1.0000E+00  2.1629E+01 -8.1751E+00  0.0000E+00  0.0000E+00  2.1147E+01  0.0000E+00  0.0000E+00
  2.2000E+01  6.0000E+00  0.0000E+00  2.1800E+01  0.0000E+00  0.0000E+00  1.0000E+00  2.1423E+01  1.4278E-01  1.4733E-01  2.1800E+01  2.0945E+01  8.5485E-01  1.4762E-01
  2.2000E+01  1.6000E+01  4.0000E+00  0.0000E+00  1.0000E+00  1.0000E+00  1.0000E+00  2.3334E+01 -8.6192E+00  0.0000E+00  0.0000E+00  2.2809E+01  0.0000E+00  0.0000E+00
  2.2000E+01  2.8000E+01  4.0000E+00  0.0000E+00  1.0000E+00  1.0000E+00  1.0000E+00  2.4944E+01 -9.0109E+00  0.0000E+00  0.0000E+00  2.4378E+01  0.0000E+00  0.0000E+00
  2.2000E+01  4.0000E+01  4.0000E+00  0.0000E+00  1.0000E+00  1.0000E+00  1.0000E+00  2.6465E+01 -9.3573E+00  0.0000E+00  0.0000E+00  2.5859E+01  0.0000E+00  0.0000E+00
  2.2000E+01  5.1000E+01  0.0000E+00  2.5000E+01  0.0000E+00  0.0000E+00  1.0000E+00  2.5108E+01 -3.9031E-02 -3.3308E-02  2.5000E+01  2.4527E+01  4.7277E-01 -3.2570E-02
  2.3000E+01  0.0000E+00  0.0000E+00  0.0000E+00  1.0000E+00  0.0000E+00  1.0000E+00  0.0000E+00  0.0000E+00  0.0000E+00  0.0000E+00  0.0000E+00  0.0000E+00  0.0000E+00
  2.3000E+01  0.0000E+00  6.0000E+01  0.0000E+00  1.0000E+00  1.0000E+00  1.0000E+00  2.2183E+01 -8.3226E+00  0.0000E+00  0.0000E+00  4.2701E+01  0.0000E+00  0.0000E+00
  2.3000E+01  1.1000E+01  0.0000E+00  2.2300E+01  0.0000E+00  0.0000E+00  1.0000E+00  2.0779E+01  5.8146E-01 -1.9065E-02  2.2300E+01  4.0503E+01 -1.8203E+01 -1.0534E-01
  2.3000E+01  1.1500E+01  7.5000E+00  0.0000E+00  1.0000E+00  1.0000E+00  1.0000E+00  2.3490E+01 -8.6582E+00  0.0000E+00  0.0000E+00  4.5743E+01  0.0000E+00  0.0000E+00
  2.3000E+01  2.4000E+01  7.5000E+00  0.0000E+00  1.0000E+00  1.0000E+00  1.0000E+00  2.4581E+01 -8.9247E+00  0.0000E+00  0.0000E+00  4.8414E+01  0.0000E+00  0.0000E+00
  2.3000E+01  3.5500E+01  7.5000E+00  0.0000E+00  1.0000E+00  1.0000E+00  1.0000E+00  2.5730E+01 -9.1926E+00  0.0000E+00  0.0000E+00  5.1149E+01  0.0000E+00  0.0000E+00
  2.3000E+01  4.7000E+01  7.5000E+00  0.0000E+00  1.0000E+00  1.0000E+00  1.0000E+00  2.6802E+01 -9.4313E+00  0.0000E+00  0.0000E+00  5.3737E+01  0.0000E+00  0.0000E+00
  2.3000E+01  5.9500E+01  7.5000E+00  0.0000E+00  1.0000E+00  1.0000E+00  1.0000E+00  2.7656E+01 -9.6136E+00  0.0000E+00  0.0000E+00  5.5941E+01  0.0000E+00  0.0000E+00
  2.3000E+01  7.0500E+01  0.0000E+00  2.6600E+01  0.0000E+00  0.0000E+00  1.0000E+00  2.5906E+01  2.4745E-01 -5.7741E-01  2.6600E+01  5.3061E+01 -2.6461E+01 -4.7424E-01
  2.3000E+01  7.1500E+01  7.5000E+00  0.0000E+00  1.0000E+00  1.0000E+00  1.0000E+00  2.8525E+01 -9.7923E+00  0.0000E+00  0.0000E+00  5.8144E+01  0.0000E+00  0.0000E+00
  2.3000E+01  8.4000E+01  7.5000E+00  0.0000E+00  1.0000E+00  1.0000E+00  1.0000E+00  2.9255E+01 -9.9375E+00  0.0000E+00  0.0000E+00  6.0092E+01  0.0000E+00  0.0000E+00
  2.3000E+01  9.5800E+01  7.5000E+00  0.0000E+00  1.0000E+00  1.0000E+00  1.0000E+00  3.0047E+01 -1.0090E+01  0.0000E+00  0.0000E+00  6.2117E+01  0.0000E+00  0.0000E+00
  2.3000E+01  1.0750E+02  7.5000E+00  0.0000E+00  1.0000E+00  1.0000E+00  1.0000E+00  3.0801E+01 -1.0230E+01  0.0000E+00  0.0000E+00  6.4059E+01  0.0000E+00  0.0000E+00
  2.3000E+01  1.2000E+02  7.5000E+00  0.0000E+00  1.0000E+00  1.0000E+00  1.0000E+00  3.1368E+01 -1.0332E+01  0.0000E+00  0.0000E+00  6.5662E+01  0.0000E+00  0.0000E+00
  2.3000E+01  1.3250E+02  7.5000E+00  0.0000E+00  1.0000E+00  1.0000E+00  1.0000E+00  3.1895E+01 -1.0425E+01  0.0000E+00  0.0000E+00  6.7172E+01  0.0000E+00  0.0000E+00
  2.3000E+01  1.4000E+02  0.0000E+00  2.7700E+01  0.0000E+00  0.0000E+00  1.0000E+00  3.0504E+01 -9.3542E-01 -1.9666E+00  2.7700E+01  6.4794E+01 -3.7094E+01 -1.2755E+00
  2.4000E+01  0.0000E+00  0.0000E+00  0.0000E+00  1.0000E+00  0.0000E+00  1.0000E+00  0.0000E+00  0.0000E+00  0.0000E+00  0.0000E+00  0.0000E+00  0.0000E+00  0.0000E+00
  2.4000E+01  0.0000E+00  6.3000E+01  0.0000E+00  1.0000E+00  1.0000E+00  1.0000E+00  1.8781E+01 -7.3633E+00  0.0000E+00  0.0000E+00  4.4836E+01  0.0000E+00  0.0000E+00
  2.4000E+01  7.0000E-01  6.3000E+01  0.0000E+00  1.0000E+00  1.0000E+00  1.0000E+00  3.7482E+01 -1.1288E+01  0.0000E+00  0.0000E+00  8.9522E+01  0.0000E+00  0.0000E+00
  2.4000E+01  2.0000E+00  0.0000E+00  3.7300E+01  0.0000E+00  0.0000E+00  1.0000E+00  3.7186E+01  3.4598E-02 -9.7318E-01  3.7300E+01  8.8965E+01 -5.1665E+01 -8.1671E-01
  2.4000E+01  6.5000E+00  3.2000E+01  0.0000E+00  1.0000E+00  1.0000E+00  1.0000E+00  4.5718E+01 -1.2232E+01  0.0000E+00  0.0000E+00  1.0984E+02  0.0000E+00  0.0000E+00
  2.4000E+01  1.6000E+01  1.0000E+01  0.0000E+00  1.0000E+00  1.0000E+00  1.0000E+00  4.6123E+01 -1.2271E+01  0.0000E+00  0.0000E+00  1.1205E+02  0.0000E+00  0.0000E+00
  2.4000E+01  2.8000E+01  1.0000E+01  0.0000E+00  1.0000E+00  1.0000E+00  1.0000E+00  4.5847E+01 -1.2245E+01  0.0000E+00  0.0000E+00  1.1289E+02  0.0000E+00  0.0000E+00
  2.4000E+01  4.0000E+01  1.0000E+01  0.0000E+00  1.0000E+00  1.0000E+00  1.0000E+00  4.5590E+01 -1.2220E+01  0.0000E+00  0.0000E+00  1.1368E+02  0.0000E+00  0.0000E+00
  2.4000E+01  5.2700E+01  1.0000E+01  0.0000E+00  1.0000E+00  1.0000E+00  1.0000E+00  4.5170E+01 -1.2180E+01  0.0000E+00  0.0000E+00  1.1407E+02  0.0000E+00  0.0000E+00
  2.4000E+01  6.4000E+01  1.0000E+01  0.0000E+00  1.0000E+00  1.0000E+00  1.0000E+00  4.5141E+01 -1.2177E+01  0.0000E+00  0.0000E+00  1.1516E+02  0.0000E+00  0.0000E+00
  2.4000E+01  7.6000E+01  1.0000E+01  0.0000E+00  1.0000E+00  1.0000E+00  1.0000E+00  4.4934E+01 -1.2156E+01  0.0000E+00  0.0000E+00  1.1582E+02  0.0000E+00  0.0000E+00
  2.4000E+01  7.9000E+01  0.0000E+00  4.1700E+01  0.0000E+00  0.0000E+00  1.0000E+00  4.4119E+01 -6.6195E-01 -1.9395E+00  4.1700E+01  1.1416E+02 -7.2462E+01 -1.1701E+00
  2.4000E+01  8.8000E+01  1.0000E+01  0.0000E+00  1.0000E+00  1.0000E+00  1.0000E+00  4.4742E+01 -1.2137E+01  0.0000E+00  0.0000E+00  1.1645E+02  0.0000E+00  0.0000E+00
  2.4000E+01  1.0000E+02  1.0000E+01  0.0000E+00  1.0000E+00  1.0000E+00  1.0000E+00  4.4563E+01 -1.2119E+01  0.0000E+00  0.0000E+00  1.1704E+02  0.0000E+00  0.0000E+00
  2.4000E+01  1.1200E+02  1.0000E+01  0.0000E+00  1.0000E+00  1.0000E+00  1.0000E+00  4.4397E+01 -1.2103E+01  0.0000E+00  0.0000E+00  1.1760E+02  0.0000E+00  0.0000E+00
  2.4000E+01  1.2400E+02  1.0000E+01  0.0000E+00  1.0000E+00  1.0000E+00  1.0000E+00  4.4242E+01 -1.2087E+01  0.0000E+00  0.0000E+00  1.1812E+02  0.0000E+00  0.0000E+00
  2.4000E+01  1.3600E+02  1.0000E+01  0.0000E+00  1.0000E+00  1.0000E+00  1.0000E+00  4.4098E+01 -1.2072E+01  0.0000E+00  0.0000E+00  1.1862E+02  0.0000E+00  0.0000E+00
  2.4000E+01  1.4750E+02  1.0000E+01  0.0000E+00  1.0000E+00  1.0000E+00  1.0000E+00  4.4090E+01 -1.2071E+01  0.0000E+00  0.0000E+00  1.1936E+02  0.0000E+00  0.0000E+00
  2.4000E+01  1.7600E+02  0.0000E+00  3.8100E+01  0.0000E+00  0.0000E+00  1.0000E+00  3.7051E+01  3.1806E-01 -8.5552E-01  3.8100E+01  1.0408E+02 -6.5984E+01 -5.1674E-01
  2.5000E+01  0.0000E+00  0.0000E+00  0.0000E+00  1.0000E+00  0.0000E+00  1.0000E+00  0.0000E+00  0.0000E+00  0.0000E+00  0.0000E+00  0.0000E+00  0.0000E+00  0.0000E+00
  2.5000E+01  0.0000E+00  1.5000E+01  0.0000E+00  1.0000E+00  1.0000E+00  1.0000E+00  1.4525E+01 -5.9815E+00  0.0000E+00  0.0000E+00  1.0675E+01  0.0000E+00  0.0000E+00
  2.5000E+01  2.0000E+00  0.0000E+00  1.3700E+01  0.0000E+00  0.0000E+00  1.0000E+00  1.4402E+01 -2.8938E-01 -1.5376E-01  1.3700E+01  1.0573E+01  3.1268E+00 -1.6198E-01
  2.5000E+01  1.2000E+01  1.9000E+00  0.0000E+00  1.0000E+00  1.0000E+00  1.0000E+00  1.5642E+01 -6.3638E+00  0.0000E+00  0.0000E+00  1.1429E+01  0.0000E+00  0.0000E+00
  2.5000E+01  1.8500E+01  7.5000E+00  0.0000E+00  1.0000E+00  1.0000E+00  1.0000E+00  2.2478E+01 -8.3999E+00  0.0000E+00  0.0000E+00  1.6416E+01  0.0000E+00  0.0000E+00
  2.5000E+01  2.1000E+01  0.0000E+00  2.1800E+01  0.0000E+00  0.0000E+00  1.0000E+00  2.2240E+01 -1.6486E-01  5.2269E-02  2.1800E+01  1.6220E+01  5.5805E+00  5.2445E-02
  2.5000E+01  2.3700E+01  1.5000E+00  0.0000E+00  1.0000E+00  1.0000E+00  1.0000E+00  2.3438E+01 -8.6452E+00  0.0000E+00  0.0000E+00  1.7078E+01  0.0000E+00  0.0000E+00
  2.5000E+01  3.5800E+01  1.5000E+00  0.0000E+00  1.0000E+00  1.0000E+00  1.0000E+00  2.3715E+01 -8.7141E+00  0.0000E+00  0.0000E+00  1.7181E+01  0.0000E+00  0.0000E+00
  2.5000E+01  4.8300E+01  1.5000E+00  0.0000E+00  1.0000E+00  1.0000E+00  1.0000E+00  2.3939E+01 -8.7693E+00  0.0000E+00  0.0000E+00  1.7247E+01  0.0000E+00  0.0000E+00
  2.5000E+01  6.0500E+01  1.5000E+00  0.0000E+00  1.0000E+00  1.0000E+00  1.0000E+00  2.4181E+01 -8.8283E+00  0.0000E+00  0.0000E+00  1.7332E+01  0.0000E+00  0.0000E+00
  2.5000E+01  6.1500E+01  0.0000E+00  1.6700E+01  0.0000E+00  0.0000E+00  1.0000E+00  2.4078E+01 -2.6975E+00 -2.4326E+00  1.6700E+01  1.7249E+01 -5.4909E-01 -2.6398E+00
  2.5000E+01  7.0700E+01  5.0000E+00  0.0000E+00  1.0000E+00  1.0000E+00  1.0000E+00  2.7995E+01 -9.6842E+00  0.0000E+00  0.0000E+00  2.0062E+01  0.0000E+00  0.0000E+00
  2.5000E+01  7.2000E+01  2.0000E+00  0.0000E+00  1.0000E+00  1.0000E+00  1.0000E+00  2.9778E+01 -1.0038E+01  0.0000E+00  0.0000E+00  2.1360E+01  0.0000E+00  0.0000E+00
  2.5000E+01  8.4000E+01  2.0000E+00  0.0000E+00  1.0000E+00  1.0000E+00  1.0000E+00  3.0232E+01 -1.0125E+01  0.0000E+00  0.0000E+00  2.1586E+01  0.0000E+00  0.0000E+00
  2.5000E+01  9.0500E+01  0.0000E+00  2.9800E+01  0.0000E+00  0.0000E+00  1.0000E+00  2.9407E+01  1.3303E-01  4.6514E-01  2.9800E+01  2.0923E+01  8.8773E+00  5.3130E-01
  2.5000E+01  9.5800E+01  2.0000E+00  0.0000E+00  1.0000E+00  1.0000E+00  1.0000E+00  3.0688E+01 -1.0209E+01  0.0000E+00  0.0000E+00  2.1820E+01  0.0000E+00  0.0000E+00
  2.5000E+01  1.0800E+02  2.0000E+00  0.0000E+00  1.0000E+00  1.0000E+00  1.0000E+00  3.1073E+01 -1.0279E+01  0.0000E+00  0.0000E+00  2.2001E+01  0.0000E+00  0.0000E+00
  2.5000E+01  1.2000E+02  2.0000E+00  0.0000E+00  1.0000E+00  1.0000E+00  1.0000E+00  3.1463E+01 -1.0349E+01  0.0000E+00  0.0000E+00  2.2191E+01  0.0000E+00  0.0000E+00
  2.5000E+01  1.2150E+02  0.0000E+00  3.8000E+01  0.0000E+00  0.0000E+00  1.0000E+00  3.1263E+01  2.2226E+00  2.5931E+00  3.8000E+01  2.2032E+01  1.5968E+01  2.9513E+00
  2.5000E+01  1.3200E+02  2.0000E+00  0.0000E+00  1.0000E+00  1.0000E+00  1.0000E+00  3.1834E+01 -1.0414E+01  0.0000E+00  0.0000E+00  2.2371E+01  0.0000E+00  0.0000E+00
  2.5000E+01  1.3800E+02  0.0000E+00  3.1300E+01  0.0000E+00  0.0000E+00  1.0000E+00  3.1031E+01  8.8950E-02  4.7049E-01  3.1300E+01  2.1735E+01  9.5645E+00  5.5777E-01
  2.6000E+01  0.0000E+00  0.0000E+00  0.0000E+00  1.0000E+00  0.0000E+00  1.0000E+00  0.0000E+00  0.0000E+00  0.0000E+00  0.0000E+00  0.0000E+00  0.0000E+00  0.0000E+00
  2.6000E+01  0.0000E+00  7.0000E+01  0.0000E+00  1.0000E+00  1.0000E+00  1.0000E+00  2.5181E+01 -9.0664E+00  0.0000E+00  0.0000E+00  4.9818E+01  0.0000E+00  0.0000E+00
  2.6000E+01  1.1500E+01  9.0000E+00  0.0000E+00  1.0000E+00  1.0000E+00  1.0000E+00  2.6788E+01 -9.4281E+00  0.0000E+00  0.0000E+00  5.3545E+01  0.0000E+00  0.0000E+00
  2.6000E+01  2.3500E+01  9.0000E+00  0.0000E+00  1.0000E+00  1.0000E+00  1.0000E+00  2.8217E+01 -9.7298E+00  0.0000E+00  0.0000E+00  5.6950E+01  0.0000E+00  0.0000E+00
  2.6000E+01  3.5500E+01  9.0000E+00  0.0000E+00  1.0000E+00  1.0000E+00  1.0000E+00  2.9550E+01 -9.9948E+00  0.0000E+00  0.0000E+00  6.0164E+01  0.0000E+00  0.0000E+00
  2.6000E+01  3.7500E+01  0.0000E+00  2.8600E+01  0.0000E+00  0.0000E+00  1.0000E+00  2.9208E+01 -2.0676E-01 -1.1633E+00  2.8600E+01  5.9588E+01 -3.0988E+01 -8.6588E-01
  2.6000E+01  4.7500E+01  9.0000E+00  0.0000E+00  1.0000E+00  1.0000E+00  1.0000E+00  3.0794E+01 -1.0228E+01  0.0000E+00  0.0000E+00  6.3198E+01  0.0000E+00  0.0000E+00
  2.6000E+01  5.9500E+01  9.0000E+00  0.0000E+00  1.0000E+00  1.0000E+00  1.0000E+00  3.1953E+01 -1.0435E+01  0.0000E+00  0.0000E+00  6.6062E+01  0.0000E+00  0.0000E+00
  2.6000E+01  7.1500E+01  9.0000E+00  0.0000E+00  1.0000E+00  1.0000E+00  1.0000E+00  3.3034E+01 -1.0619E+01  0.0000E+00  0.0000E+00  6.8765E+01  0.0000E+00  0.0000E+00
  2.6000E+01  8.3500E+01  9.0000E+00  0.0000E+00  1.0000E+00  1.0000E+00  1.0000E+00  3.4042E+01 -1.0782E+01  0.0000E+00  0.0000E+00  7.1317E+01  0.0000E+00  0.0000E+00
  2.6000E+01  9.5500E+01  9.0000E+00  0.0000E+00  1.0000E+00  1.0000E+00  1.0000E+00  3.4982E+01 -1.0928E+01  0.0000E+00  0.0000E+00  7.3726E+01  0.0000E+00  0.0000E+00
  2.6000E+01  1.0750E+02  9.0000E+00  0.0000E+00  1.0000E+00  1.0000E+00  1.0000E+00  3.5858E+01 -1.1059E+01  0.0000E+00  0.0000E+00  7.6000E+01  0.0000E+00  0.0000E+00
  2.6000E+01  1.1050E+02  0.0000E+00  3.4900E+01  0.0000E+00  0.0000E+00  1.0000E+00  3.5237E+01 -1.0498E-01 -1.3117E+00  3.4900E+01  7.4913E+01 -4.0013E+01 -9.0293E-01
  2.7000E+01  0.0000E+00  0.0000E+00  0.0000E+00  1.0000E+00  0.0000E+00  1.0000E+00  0.0000E+00  0.0000E+00  0.0000E+00  0.0000E+00  0.0000E+00  0.0000E+00  0.0000E+00
  2.7000E+01  0.0000E+00  3.5000E+01  0.0000E+00  1.0000E+00  1.0000E+00  1.0000E+00  2.5093E+01 -9.0457E+00  0.0000E+00  0.0000E+00  2.4909E+01  0.0000E+00  0.0000E+00
  2.7000E+01  1.7000E+00  0.0000E+00  2.6400E+01  0.0000E+00  0.0000E+00  1.0000E+00  2.4887E+01  5.4718E-01  5.5597E-01  2.6400E+01  2.4706E+01  1.6936E+00  5.5031E-01
  2.7000E+01  1.2400E+01  5.0000E+00  0.0000E+00  1.0000E+00  1.0000E+00  1.0000E+00  2.7211E+01 -9.5195E+00  0.0000E+00  0.0000E+00  2.7027E+01  0.0000E+00  0.0000E+00
  2.7000E+01  2.3700E+01  5.0000E+00  0.0000E+00  1.0000E+00  1.0000E+00  1.0000E+00  2.9344E+01 -9.9547E+00  0.0000E+00  0.0000E+00  2.9157E+01  0.0000E+00  0.0000E+00
  2.7000E+01  3.5200E+01  5.0000E+00  0.0000E+00  1.0000E+00  1.0000E+00  1.0000E+00  3.1335E+01 -1.0326E+01  0.0000E+00  0.0000E+00  3.1148E+01  0.0000E+00  0.0000E+00
  2.7000E+01  4.8000E+01  5.0000E+00  0.0000E+00  1.0000E+00  1.0000E+00  1.0000E+00  3.3032E+01 -1.0618E+01  0.0000E+00  0.0000E+00  3.2848E+01  0.0000E+00  0.0000E+00
  2.7000E+01  5.9700E+01  5.0000E+00  0.0000E+00  1.0000E+00  1.0000E+00  1.0000E+00  3.4793E+01 -1.0899E+01  0.0000E+00  0.0000E+00  3.4610E+01  0.0000E+00  0.0000E+00
  2.7000E+01  7.1700E+01  5.0000E+00  0.0000E+00  1.0000E+00  1.0000E+00  1.0000E+00  3.6408E+01 -1.1139E+01  0.0000E+00  0.0000E+00  3.6229E+01  0.0000E+00  0.0000E+00
  2.7000E+01  8.3200E+01  0.0000E+00  3.3300E+01  0.0000E+00  0.0000E+00  1.0000E+00  3.4432E+01 -3.5637E-01 -3.6125E-01  3.3300E+01  3.4282E+01 -9.8165E-01 -3.5655E-01
  2.8000E+01  0.0000E+00  0.0000E+00  0.0000E+00  1.0000E+00  0.0000E+00  1.0000E+00  0.0000E+00  0.0000E+00  0.0000E+00  0.0000E+00  0.0000E+00  0.0000E+00  0.0000E+00
  2.8000E+01  0.0000E+00  6.0000E+01  0.0000E+00  1.0000E+00  1.0000E+00  1.0000E+00  1.8909E+01 -7.4016E+00  0.0000E+00  0.0000E+00  4.2701E+01  0.0000E+00  0.0000E+00
  2.8000E+01  2.0000E+00  0.0000E+00  1.6900E+01  0.0000E+00  0.0000E+00  1.0000E+00  1.8684E+01 -7.0032E-01 -2.1876E+00  1.6900E+01  4.2293E+01 -2.5393E+01 -1.4879E+00
  2.9000E+01  0.0000E+00  0.0000E+00  0.0000E+00  1.0000E+00  0.0000E+00  1.0000E+00  0.0000E+00  0.0000E+00  0.0000E+00  0.0000E+00  0.0000E+00  0.0000E+00  0.0000E+00
  2.9000E+01  0.0000E+00  2.0000E+01  0.0000E+00  1.0000E+00  1.0000E+00  1.0000E+00  1.9324E+01 -7.5251E+00  0.0000E+00  0.0000E+00  1.4234E+01  0.0000E+00  0.0000E+00
  2.9000E+01  1.2000E+01  2.5000E+00  0.0000E+00  1.0000E+00  1.0000E+00  1.0000E+00  2.0742E+01 -7.9319E+00  0.0000E+00  0.0000E+00  1.5215E+01  0.0000E+00  0.0000E+00
  2.9000E+01  2.3500E+01  2.5000E+00  0.0000E+00  1.0000E+00  1.0000E+00  1.0000E+00  2.2131E+01 -8.3089E+00  0.0000E+00  0.0000E+00  1.6177E+01  0.0000E+00  0.0000E+00
  2.9000E+01  3.6500E+01  2.5000E+00  0.0000E+00  1.0000E+00  1.0000E+00  1.0000E+00  2.3312E+01 -8.6135E+00  0.0000E+00  0.0000E+00  1.6976E+01  0.0000E+00  0.0000E+00
  2.9000E+01  4.7500E+01  0.0000E+00  2.2900E+01  0.0000E+00  0.0000E+00  1.0000E+00  2.2206E+01  2.6014E-01  8.2037E-01  2.2900E+01  1.6102E+01  6.7979E+00  9.5631E-01
  3.0000E+01  0.0000E+00  0.0000E+00  0.0000E+00  1.0000E+00  0.0000E+00  1.0000E+00  0.0000E+00  0.0000E+00  0.0000E+00  0.0000E+00  0.0000E+00  0.0000E+00  0.0000E+00
  3.0000E+01  0.0000E+00  1.8000E+01  0.0000E+00  1.0000E+00  1.0000E+00  1.0000E+00  9.7435E+00 -4.1936E+00  0.0000E+00  0.0000E+00  1.2810E+01  0.0000E+00  0.0000E+00
  3.0000E+01  2.2000E+00  1.8000E+01  0.0000E+00  1.0000E+00  1.0000E+00  1.0000E+00  1.9378E+01 -7.5409E+00  0.0000E+00  0.0000E+00  2.5486E+01  0.0000E+00  0.0000E+00
  3.0000E+01  6.3000E+00  0.0000E+00  1.7900E+01  0.0000E+00  0.0000E+00  1.0000E+00  1.8976E+01 -4.2081E-01 -8.3272E-01  1.7900E+01  2.4989E+01 -7.0889E+00 -7.5508E-01
  3.0000E+01  1.5300E+01  3.5000E+00  0.0000E+00  1.0000E+00  1.0000E+00  1.0000E+00  2.0017E+01 -7.7265E+00  0.0000E+00  0.0000E+00  2.6422E+01  0.0000E+00  0.0000E+00
  3.0000E+01  2.6300E+01  3.5000E+00  0.0000E+00  1.0000E+00  1.0000E+00  1.0000E+00  2.0816E+01 -7.9525E+00  0.0000E+00  0.0000E+00  2.7553E+01  0.0000E+00  0.0000E+00
  3.0000E+01  3.8800E+01  3.5000E+00  0.0000E+00  1.0000E+00  1.0000E+00  1.0000E+00  2.1422E+01 -8.1190E+00  0.0000E+00  0.0000E+00  2.8437E+01  0.0000E+00  0.0000E+00
  3.0000E+01  5.0800E+01  3.5000E+00  0.0000E+00  1.0000E+00  1.0000E+00  1.0000E+00  2.2041E+01 -8.2852E+00  0.0000E+00  0.0000E+00  2.9335E+01  0.0000E+00  0.0000E+00
  3.0000E+01  6.2800E+01  3.5000E+00  0.0000E+00  1.0000E+00  1.0000E+00  1.0000E+00  2.2624E+01 -8.4378E+00  0.0000E+00  0.0000E+00  3.0182E+01  0.0000E+00  0.0000E+00
  3.0000E+01  7.5300E+01  3.5000E+00  0.0000E+00  1.0000E+00  1.0000E+00  1.0000E+00  2.3117E+01 -8.5643E+00  0.0000E+00  0.0000E+00  3.0913E+01  0.0000E+00  0.0000E+00
  3.0000E+01  8.7300E+01  3.5000E+00  0.0000E+00  1.0000E+00  1.0000E+00  1.0000E+00  2.3635E+01 -8.6944E+00  0.0000E+00  0.0000E+00  3.1672E+01  0.0000E+00  0.0000E+00
  3.0000E+01  9.8800E+01  3.5000E+00  0.0000E+00  1.0000E+00  1.0000E+00  1.0000E+00  2.4180E+01 -8.8282E+00  0.0000E+00  0.0000E+00  3.2460E+01  0.0000E+00  0.0000E+00
  3.0000E+01  1.1080E+02  3.5000E+00  0.0000E+00  1.0000E+00  1.0000E+00  1.0000E+00  2.4635E+01 -8.9377E+00  0.0000E+00  0.0000E+00  3.3132E+01  0.0000E+00  0.0000E+00
  3.0000E+01  1.2330E+02  3.5000E+00  0.0000E+00  1.0000E+00  1.0000E+00  1.0000E+00  2.5004E+01 -9.0249E+00  0.0000E+00  0.0000E+00  3.3691E+01  0.0000E+00  0.0000E+00
  3.0000E+01  1.3480E+02  3.5000E+00  0.0000E+00  1.0000E+00  1.0000E+00  1.0000E+00  2.5470E+01 -9.1333E+00  0.0000E+00  0.0000E+00  3.4371E+01  0.0000E+00  0.0000E+00
  3.0000E+01  2.2630E+02  0.0000E+00  1.6500E+01  0.0000E+00  0.0000E+00  1.0000E+00  1.5951E+01  2.2255E-01 -1.6710E-01  1.6500E+01  2.2143E+01 -5.6428E+00 -1.2503E-01
  3.1000E+01  0.0000E+00  0.0000E+00  0.0000E+00  1.0000E+00  0.0000E+00  1.0000E+00  0.0000E+00  0.0000E+00  0.0000E+00  0.0000E+00  0.0000E+00  0.0000E+00  0.0000E+00
  3.1000E+01  0.0000E+00  3.0000E+01  0.0000E+00  1.0000E+00  1.0000E+00  1.0000E+00  2.4997E+01 -9.0233E+00  0.0000E+00  0.0000E+00  2.1351E+01  0.0000E+00  0.0000E+00
  3.1000E+01  1.0000E+00  0.0000E+00  2.5300E+01  0.0000E+00  0.0000E+00  1.0000E+00  2.4882E+01  1.5103E-01  4.2705E-01  2.5300E+01  2.1248E+01  4.0517E+00  4.6181E-01
  3.2000E+01  0.0000E+00  0.0000E+00  0.0000E+00  1.0000E+00  0.0000E+00  1.0000E+00  0.0000E+00  0.0000E+00  0.0000E+00  0.0000E+00  0.0000E+00  0.0000E+00  0.0000E+00
  3.2000E+01  0.0000E+00  7.0000E+01  0.0000E+00  1.0000E+00  1.0000E+00  1.0000E+00  1.5404E+01 -6.2837E+00  0.0000E+00  0.0000E+00  4.9818E+01  0.0000E+00  0.0000E+00
  3.2000E+01  6.5000E+00  0.0000E+00  1.2700E+01  0.0000E+00  0.0000E+00  1.0000E+00  1.4755E+01 -8.4433E-01 -1.9042E+00  1.2700E+01  4.8286E+01 -3.5586E+01 -1.2105E+00
  3.2000E+01  1.2000E+01  7.5000E+00  0.0000E+00  1.0000E+00  1.0000E+00  1.0000E+00  1.5878E+01 -6.4429E+00  0.0000E+00  0.0000E+00  5.2364E+01  0.0000E+00  0.0000E+00
  3.2000E+01  2.1600E+01  3.5000E+01  0.0000E+00  1.0000E+00  1.0000E+00  1.0000E+00  2.2602E+01 -8.4323E+00  0.0000E+00  0.0000E+00  7.4913E+01  0.0000E+00  0.0000E+00
  3.2000E+01  2.4000E+01  0.0000E+00  2.2100E+01  0.0000E+00  0.0000E+00  1.0000E+00  2.2246E+01 -5.4720E-02 -1.6526E+00  2.2100E+01  7.4054E+01 -5.1954E+01 -1.0142E+00
  3.2000E+01  2.4300E+01  7.5000E+00  0.0000E+00  1.0000E+00  1.0000E+00  1.0000E+00  2.3852E+01 -8.7481E+00  0.0000E+00  0.0000E+00  7.9285E+01  0.0000E+00  0.0000E+00
  3.2000E+01  3.5600E+01  7.5000E+00  0.0000E+00  1.0000E+00  1.0000E+00  1.0000E+00  2.3783E+01 -8.7310E+00  0.0000E+00  0.0000E+00  8.0432E+01  0.0000E+00  0.0000E+00
  3.2000E+01  4.8000E+01  7.5000E+00  0.0000E+00  1.0000E+00  1.0000E+00  1.0000E+00  2.3559E+01 -8.6754E+00  0.0000E+00  0.0000E+00  8.1117E+01  0.0000E+00  0.0000E+00
  3.2000E+01  6.1000E+01  7.5000E+00  0.0000E+00  1.0000E+00  1.0000E+00  1.0000E+00  2.3266E+01 -8.6020E+00  0.0000E+00  0.0000E+00  8.1542E+01  0.0000E+00  0.0000E+00
  3.2000E+01  7.2000E+01  7.5000E+00  0.0000E+00  1.0000E+00  1.0000E+00  1.0000E+00  2.3282E+01 -8.6061E+00  0.0000E+00  0.0000E+00  8.2681E+01  0.0000E+00  0.0000E+00
  3.2000E+01  8.3500E+01  0.0000E+00  2.1200E+01  0.0000E+00  0.0000E+00  1.0000E+00  2.1575E+01 -1.4194E-01 -1.8163E+00  2.1200E+01  7.8236E+01 -5.7036E+01 -9.3531E-01
  3.3000E+01  0.0000E+00  0.0000E+00  0.0000E+00  1.0000E+00  0.0000E+00  1.0000E+00  0.0000E+00  0.0000E+00  0.0000E+00  0.0000E+00  0.0000E+00  0.0000E+00  0.0000E+00
  3.3000E+01  0.0000E+00  1.7000E+01  0.0000E+00  1.0000E+00  1.0000E+00  1.0000E+00  1.1289E+01 -4.7970E+00  0.0000E+00  0.0000E+00  1.2099E+01  0.0000E+00  0.0000E+00
  3.3000E+01  4.0000E+00  1.7000E+01  0.0000E+00  1.0000E+00  1.0000E+00  1.0000E+00  2.2360E+01 -8.3691E+00  0.0000E+00  0.0000E+00  2.3967E+01  0.0000E+00  0.0000E+00
  3.3000E+01  5.5000E+00  0.0000E+00  2.1200E+01  0.0000E+00  0.0000E+00  1.0000E+00  2.2197E+01 -3.7404E-01 -4.9794E-01  2.1200E+01  2.3795E+01 -2.5949E+00 -4.8154E-01
  3.3000E+01  1.6000E+01  4.3000E+00  0.0000E+00  1.0000E+00  1.0000E+00  1.0000E+00  2.3947E+01 -8.7714E+00  0.0000E+00  0.0000E+00  2.5684E+01  0.0000E+00  0.0000E+00
  3.3000E+01  2.8000E+01  4.3000E+00  0.0000E+00  1.0000E+00  1.0000E+00  1.0000E+00  2.5445E+01 -9.1274E+00  0.0000E+00  0.0000E+00  2.7305E+01  0.0000E+00  0.0000E+00
  3.3000E+01  4.0300E+01  4.3000E+00  0.0000E+00  1.0000E+00  1.0000E+00  1.0000E+00  2.6822E+01 -9.4356E+00  0.0000E+00  0.0000E+00  2.8799E+01  0.0000E+00  0.0000E+00
  3.3000E+01  5.2000E+01  4.3000E+00  0.0000E+00  1.0000E+00  1.0000E+00  1.0000E+00  2.8193E+01 -9.7249E+00  0.0000E+00  0.0000E+00  3.0284E+01  0.0000E+00  0.0000E+00
  3.3000E+01  6.5000E+01  0.0000E+00  2.7400E+01  0.0000E+00  0.0000E+00  1.0000E+00  2.6466E+01  3.3039E-01  1.8471E-01  2.7400E+01  2.8450E+01 -1.0503E+00  1.7769E-01
  3.4000E+01  0.0000E+00  0.0000E+00  0.0000E+00  1.0000E+00  0.0000E+00  1.0000E+00  0.0000E+00  0.0000E+00  0.0000E+00  0.0000E+00  0.0000E+00  0.0000E+00  0.0000E+00
  3.4000E+01  0.0000E+00  3.4000E+01  0.0000E+00  1.0000E+00  1.0000E+00  1.0000E+00  2.2473E+01 -8.3987E+00  0.0000E+00  0.0000E+00  2.4197E+01  0.0000E+00  0.0000E+00
  3.4000E+01  1.8000E+00  0.0000E+00  2.2100E+01  0.0000E+00  0.0000E+00  1.0000E+00  2.2276E+01 -6.5957E-02 -1.8892E-01  2.2100E+01  2.3989E+01 -1.8890E+00 -1.8287E-01
  3.4000E+01  1.1800E+01  4.3000E+00  0.0000E+00  1.0000E+00  1.0000E+00  1.0000E+00  2.4054E+01 -8.7975E+00  0.0000E+00  0.0000E+00  2.5924E+01  0.0000E+00  0.0000E+00
  3.4000E+01  2.3800E+01  4.3000E+00  0.0000E+00  1.0000E+00  1.0000E+00  1.0000E+00  2.5524E+01 -9.1455E+00  0.0000E+00  0.0000E+00  2.7531E+01  0.0000E+00  0.0000E+00
  3.4000E+01  4.7800E+01  4.3000E+00  0.0000E+00  1.0000E+00  1.0000E+00  1.0000E+00  2.5536E+01 -9.1484E+00  0.0000E+00  0.0000E+00  2.7593E+01  0.0000E+00  0.0000E+00
  3.4000E+01  5.9800E+01  4.0000E+00  0.0000E+00  1.0000E+00  1.0000E+00  1.0000E+00  2.6723E+01 -9.4140E+00  0.0000E+00  0.0000E+00  2.8893E+01  0.0000E+00  0.0000E+00
  3.4000E+01  7.1800E+01  4.0000E+00  0.0000E+00  1.0000E+00  1.0000E+00  1.0000E+00  2.7842E+01 -9.6524E+00  0.0000E+00  0.0000E+00  3.0121E+01  0.0000E+00  0.0000E+00
  3.4000E+01  8.3800E+01  4.0000E+00  0.0000E+00  1.0000E+00  1.0000E+00  1.0000E+00  2.8897E+01 -9.8669E+00  0.0000E+00  0.0000E+00  3.1280E+01  0.0000E+00  0.0000E+00
  3.4000E+01  8.6800E+01  0.0000E+00  2.8700E+01  0.0000E+00  0.0000E+00  1.0000E+00  2.8476E+01  7.7000E-02 -8.4434E-02  2.8700E+01  3.0832E+01 -2.1323E+00 -8.1296E-02
  3.5000E+01  0.0000E+00  0.0000E+00  0.0000E+00  1.0000E+00  0.0000E+00  1.0000E+00  0.0000E+00  0.0000E+00  0.0000E+00  0.0000E+00  0.0000E+00  0.0000E+00  0.0000E+00
  3.5000E+01  0.0000E+00  2.5000E+01  0.0000E+00  1.0000E+00  1.0000E+00  1.0000E+00  1.3815E+01 -5.7312E+00  0.0000E+00  0.0000E+00  1.7792E+01  0.0000E+00  0.0000E+00
  3.5000E+01  3.5000E+00  2.5000E+01  0.0000E+00  1.0000E+00  1.0000E+00  1.0000E+00  2.7389E+01 -9.5573E+00  0.0000E+00  0.0000E+00  3.5288E+01  0.0000E+00  0.0000E+00
  3.5000E+01  1.5000E+01  6.0000E+00  0.0000E+00  1.0000E+00  1.0000E+00  1.0000E+00  2.9167E+01 -9.9201E+00  0.0000E+00  0.0000E+00  3.7661E+01  0.0000E+00  0.0000E+00
  3.5000E+01  1.9000E+01  0.0000E+00  2.5200E+01  0.0000E+00  0.0000E+00  1.0000E+00  2.8586E+01 -1.1614E+00 -1.5369E+00  2.5200E+01  3.6944E+01 -1.1744E+01 -1.3282E+00
  3.5000E+01  2.7000E+01  6.0000E+00  0.0000E+00  1.0000E+00  1.0000E+00  1.0000E+00  3.0775E+01 -1.0225E+01  0.0000E+00  0.0000E+00  3.9820E+01  0.0000E+00  0.0000E+00
  3.5000E+01  3.9000E+01  6.0000E+00  0.0000E+00  1.0000E+00  1.0000E+00  1.0000E+00  3.2290E+01 -1.0493E+01  0.0000E+00  0.0000E+00  4.1859E+01  0.0000E+00  0.0000E+00
  3.5000E+01  5.1000E+01  6.0000E+00  0.0000E+00  1.0000E+00  1.0000E+00  1.0000E+00  3.3716E+01 -1.0730E+01  0.0000E+00  0.0000E+00  4.3784E+01  0.0000E+00  0.0000E+00
  3.5000E+01  6.3000E+01  6.0000E+00  0.0000E+00  1.0000E+00  1.0000E+00  1.0000E+00  3.5058E+01 -1.0940E+01  0.0000E+00  0.0000E+00  4.5601E+01  0.0000E+00  0.0000E+00
  3.5000E+01  7.5000E+01  6.0000E+00  0.0000E+00  1.0000E+00  1.0000E+00  1.0000E+00  3.6322E+01 -1.1126E+01  0.0000E+00  0.0000E+00  4.7316E+01  0.0000E+00  0.0000E+00
  3.5000E+01  8.7000E+01  6.0000E+00  0.0000E+00  1.0000E+00  1.0000E+00  1.0000E+00  3.7512E+01 -1.1293E+01  0.0000E+00  0.0000E+00  4.8934E+01  0.0000E+00  0.0000E+00
  3.5000E+01  9.9000E+01  0.0000E+00  3.8000E+01  0.0000E+00  0.0000E+00  1.0000E+00  3.5317E+01  8.3408E-01  3.8264E-01  3.8000E+01  4.6192E+01 -8.1924E+00  3.0985E-01
  3.6000E+01  0.0000E+00  0.0000E+00  0.0000E+00  1.0000E+00  0.0000E+00  1.0000E+00  0.0000E+00  0.0000E+00  0.0000E+00  0.0000E+00  0.0000E+00  0.0000E+00  0.0000E+00
  3.6000E+01  0.0000E+00  3.0000E+01  0.0000E+00  1.0000E+00  1.0000E+00  1.0000E+00  1.9815E+01 -7.6683E+00  0.0000E+00  0.0000E+00  2.1351E+01  0.0000E+00  0.0000E+00
  3.6000E+01  2.0000E+00  0.0000E+00  2.3200E+01  0.0000E+00  0.0000E+00  1.0000E+00  1.9612E+01  1.3923E+00  1.4009E+00  2.3200E+01  2.1146E+01  2.0536E+00  1.3540E+00
  3.6000E+01  1.2000E+01  4.0000E+00  0.0000E+00  1.0000E+00  1.0000E+00  1.0000E+00  2.1270E+01 -8.0776E+00  0.0000E+00  0.0000E+00  2.3001E+01  0.0000E+00  0.0000E+00
  3.6000E+01  2.3500E+01  4.0000E+00  0.0000E+00  1.0000E+00  1.0000E+00  1.0000E+00  2.2690E+01 -8.4548E+00  0.0000E+00  0.0000E+00  2.4611E+01  0.0000E+00  0.0000E+00
  3.6000E+01  3.6000E+01  4.0000E+00  0.0000E+00  1.0000E+00  1.0000E+00  1.0000E+00  2.3918E+01 -8.7642E+00  0.0000E+00  0.0000E+00  2.6023E+01  0.0000E+00  0.0000E+00
  3.6000E+01  4.8000E+01  4.0000E+00  0.0000E+00  1.0000E+00  1.0000E+00  1.0000E+00  2.5128E+01 -9.0538E+00  0.0000E+00  0.0000E+00  2.7412E+01  0.0000E+00  0.0000E+00
  3.6000E+01  6.0000E+01  4.0000E+00  0.0000E+00  1.0000E+00  1.0000E+00  1.0000E+00  2.6265E+01 -9.3130E+00  0.0000E+00  0.0000E+00  2.8722E+01  0.0000E+00  0.0000E+00
  3.6000E+01  7.2000E+01  4.0000E+00  0.0000E+00  1.0000E+00  1.0000E+00  1.0000E+00  2.7334E+01 -9.5455E+00  0.0000E+00  0.0000E+00  2.9960E+01  0.0000E+00  0.0000E+00
  3.6000E+01  8.5000E+01  4.0000E+00  0.0000E+00  1.0000E+00  1.0000E+00  1.0000E+00  2.8207E+01 -9.7277E+00  0.0000E+00  0.0000E+00  3.0992E+01  0.0000E+00  0.0000E+00
  3.6000E+01  9.6000E+01  4.0000E+00  0.0000E+00  1.0000E+00  1.0000E+00  1.0000E+00  2.9296E+01 -9.9455E+00  0.0000E+00  0.0000E+00  3.2243E+01  0.0000E+00  0.0000E+00
  3.6000E+01  1.0800E+02  4.0000E+00  0.0000E+00  1.0000E+00  1.0000E+00  1.0000E+00  3.0184E+01 -1.0115E+01  0.0000E+00  0.0000E+00  3.3283E+01  0.0000E+00  0.0000E+00
  3.6000E+01  1.2000E+02  4.0000E+00  0.0000E+00  1.0000E+00  1.0000E+00  1.0000E+00  3.1018E+01 -1.0269E+01  0.0000E+00  0.0000E+00  3.4265E+01  0.0000E+00  0.0000E+00
  3.6000E+01  1.3200E+02  4.0000E+00  0.0000E+00  1.0000E+00  1.0000E+00  1.0000E+00  3.1803E+01 -1.0409E+01  0.0000E+00  0.0000E+00  3.5192E+01  0.0000E+00  0.0000E+00
  3.6000E+01  1.3400E+02  0.0000E+00  2.8900E+01  0.0000E+00  0.0000E+00  1.0000E+00  3.1477E+01 -8.4747E-01 -9.5033E-01  2.8900E+01  3.4855E+01 -5.9552E+00 -8.9346E-01
  3.6000E+01  3.0400E+02  0.0000E+00  1.2700E+01  0.0000E+00  0.0000E+00  1.0000E+00  1.3123E+01 -1.7691E-01 -3.2291E-01  1.2700E+01  1.5399E+01 -2.6986E+00 -3.0976E-01
  3.7000E+01  0.0000E+00  0.0000E+00  0.0000E+00  1.0000E+00  0.0000E+00  1.0000E+00  0.0000E+00  0.0000E+00  0.0000E+00  0.0000E+00  0.0000E+00  0.0000E+00  0.0000E+00
  3.7000E+01  0.0000E+00  2.4000E+01  0.0000E+00  1.0000E+00  1.0000E+00  1.0000E+00  1.9851E+01 -7.6789E+00  0.0000E+00  0.0000E+00  1.7081E+01  0.0000E+00  0.0000E+00
  3.7000E+01  2.3000E+00  0.0000E+00  1.9500E+01  0.0000E+00  0.0000E+00  1.0000E+00  1.9643E+01 -5.5423E-02  6.7295E-02  1.9500E+01  1.6893E+01  2.6072E+00  7.4606E-02
  3.7000E+01  1.1800E+01  3.0000E+00  0.0000E+00  1.0000E+00  1.0000E+00  1.0000E+00  2.1286E+01 -8.0821E+00  0.0000E+00  0.0000E+00  1.8274E+01  0.0000E+00  0.0000E+00
  3.7000E+01  2.4300E+01  3.0000E+00  0.0000E+00  1.0000E+00  1.0000E+00  1.0000E+00  2.2581E+01 -8.4268E+00  0.0000E+00  0.0000E+00  1.9344E+01  0.0000E+00  0.0000E+00
  3.7000E+01  3.6300E+01  3.0000E+00  0.0000E+00  1.0000E+00  1.0000E+00  1.0000E+00  2.3853E+01 -8.7481E+00  0.0000E+00  0.0000E+00  2.0395E+01  0.0000E+00  0.0000E+00
  3.7000E+01  4.8300E+01  3.0000E+00  0.0000E+00  1.0000E+00  1.0000E+00  1.0000E+00  2.5056E+01 -9.0371E+00  0.0000E+00  0.0000E+00  2.1387E+01  0.0000E+00  0.0000E+00
  3.7000E+01  6.0300E+01  3.0000E+00  0.0000E+00  1.0000E+00  1.0000E+00  1.0000E+00  2.6195E+01 -9.2975E+00  0.0000E+00  0.0000E+00  2.2324E+01  0.0000E+00  0.0000E+00
  3.7000E+01  7.2800E+01  3.0000E+00  0.0000E+00  1.0000E+00  1.0000E+00  1.0000E+00  2.7216E+01 -9.5205E+00  0.0000E+00  0.0000E+00  2.3157E+01  0.0000E+00  0.0000E+00
  3.7000E+01  8.4300E+01  3.0000E+00  0.0000E+00  1.0000E+00  1.0000E+00  1.0000E+00  2.8299E+01 -9.7464E+00  0.0000E+00  0.0000E+00  2.4047E+01  0.0000E+00  0.0000E+00
  3.7000E+01  9.6300E+01  3.0000E+00  0.0000E+00  1.0000E+00  1.0000E+00  1.0000E+00  2.9264E+01 -9.9391E+00  0.0000E+00  0.0000E+00  2.4835E+01  0.0000E+00  0.0000E+00
  3.7000E+01  1.0830E+02  3.0000E+00  0.0000E+00  1.0000E+00  1.0000E+00  1.0000E+00  3.0177E+01 -1.0114E+01  0.0000E+00  0.0000E+00  2.5578E+01  0.0000E+00  0.0000E+00
  3.7000E+01  1.1980E+02  3.0000E+00  0.0000E+00  1.0000E+00  1.0000E+00  1.0000E+00  3.1107E+01 -1.0285E+01  0.0000E+00  0.0000E+00  2.6338E+01  0.0000E+00  0.0000E+00
  3.7000E+01  1.3230E+02  3.0000E+00  0.0000E+00  1.0000E+00  1.0000E+00  1.0000E+00  3.1855E+01 -1.0418E+01  0.0000E+00  0.0000E+00  2.6938E+01  0.0000E+00  0.0000E+00
  3.7000E+01  1.4430E+02  3.0000E+00  0.0000E+00  1.0000E+00  1.0000E+00  1.0000E+00  3.2629E+01 -1.0551E+01  0.0000E+00  0.0000E+00  2.7564E+01  0.0000E+00  0.0000E+00
  3.7000E+01  1.5630E+02  3.0000E+00  0.0000E+00  1.0000E+00  1.0000E+00  1.0000E+00  3.3362E+01 -1.0673E+01  0.0000E+00  0.0000E+00  2.8154E+01  0.0000E+00  0.0000E+00
  3.7000E+01  1.5980E+02  0.0000E+00  3.3400E+01  0.0000E+00  0.0000E+00  1.0000E+00  3.2831E+01  1.8347E-01  4.2364E-01  3.3400E+01  2.7685E+01  5.7155E+00  4.6086E-01
  3.8000E+01  0.0000E+00  0.0000E+00  0.0000E+00  1.0000E+00  0.0000E+00  1.0000E+00  0.0000E+00  0.0000E+00  0.0000E+00  0.0000E+00  0.0000E+00  0.0000E+00  0.0000E+00
  3.8000E+01  0.0000E+00  2.6000E+01  0.0000E+00  1.0000E+00  1.0000E+00  1.0000E+00  1.8167E+01 -7.1767E+00  0.0000E+00  0.0000E+00  1.8504E+01  0.0000E+00  0.0000E+00
  3.8000E+01  1.8000E+00  0.0000E+00  1.7900E+01  0.0000E+00  0.0000E+00  1.0000E+00  1.8009E+01 -4.3327E-02 -6.7751E-02  1.7900E+01  1.8345E+01 -4.4454E-01 -6.4835E-02
  3.8000E+01  1.1600E+01  3.0000E+00  0.0000E+00  1.0000E+00  1.0000E+00  1.0000E+00  1.9269E+01 -7.5089E+00  0.0000E+00  0.0000E+00  1.9636E+01  0.0000E+00  0.0000E+00
  3.8000E+01  2.3300E+01  3.0000E+00  0.0000E+00  1.0000E+00  1.0000E+00  1.0000E+00  2.0302E+01 -7.8080E+00  0.0000E+00  0.0000E+00  2.0697E+01  0.0000E+00  0.0000E+00
  3.8000E+01  3.5300E+01  3.0000E+00  0.0000E+00  1.0000E+00  1.0000E+00  1.0000E+00  2.1250E+01 -8.0722E+00  0.0000E+00  0.0000E+00  2.1673E+01  0.0000E+00  0.0000E+00
  3.8000E+01  4.7300E+01  3.0000E+00  0.0000E+00  1.0000E+00  1.0000E+00  1.0000E+00  2.2145E+01 -8.3126E+00  0.0000E+00  0.0000E+00  2.2593E+01  0.0000E+00  0.0000E+00
  3.8000E+01  5.9300E+01  3.0000E+00  0.0000E+00  1.0000E+00  1.0000E+00  1.0000E+00  2.2988E+01 -8.5315E+00  0.0000E+00  0.0000E+00  2.3462E+01  0.0000E+00  0.0000E+00
  3.8000E+01  7.1300E+01  3.0000E+00  0.0000E+00  1.0000E+00  1.0000E+00  1.0000E+00  2.3784E+01 -8.7313E+00  0.0000E+00  0.0000E+00  2.4283E+01  0.0000E+00  0.0000E+00
  3.8000E+01  8.3300E+01  3.0000E+00  0.0000E+00  1.0000E+00  1.0000E+00  1.0000E+00  2.4536E+01 -8.9139E+00  0.0000E+00  0.0000E+00  2.5057E+01  0.0000E+00  0.0000E+00
  3.8000E+01  9.5300E+01  3.0000E+00  0.0000E+00  1.0000E+00  1.0000E+00  1.0000E+00  2.5244E+01 -9.0810E+00  0.0000E+00  0.0000E+00  2.5788E+01  0.0000E+00  0.0000E+00
  3.8000E+01  1.0730E+02  3.0000E+00  0.0000E+00  1.0000E+00  1.0000E+00  1.0000E+00  2.5913E+01 -9.2341E+00  0.0000E+00  0.0000E+00  2.6478E+01  0.0000E+00  0.0000E+00
  3.8000E+01  1.1880E+02  0.0000E+00  2.1600E+01  0.0000E+00  0.0000E+00  1.0000E+00  2.4506E+01 -1.0563E+00 -1.1010E+00  2.1600E+01  2.5055E+01 -3.4546E+00 -1.0763E+00
  3.8000E+01  1.1930E+02  3.0000E+00  0.0000E+00  1.0000E+00  1.0000E+00  1.0000E+00  2.6543E+01 -9.3746E+00  0.0000E+00  0.0000E+00  2.7130E+01  0.0000E+00  0.0000E+00
  3.8000E+01  1.3130E+02  3.0000E+00  0.0000E+00  1.0000E+00  1.0000E+00  1.0000E+00  2.7138E+01 -9.5038E+00  0.0000E+00  0.0000E+00  2.7744E+01  0.0000E+00  0.0000E+00
  3.8000E+01  1.4330E+02  3.0000E+00  0.0000E+00  1.0000E+00  1.0000E+00  1.0000E+00  2.7700E+01 -9.6227E+00  0.0000E+00  0.0000E+00  2.8325E+01  0.0000E+00  0.0000E+00
  3.8000E+01  1.5530E+02  3.0000E+00  0.0000E+00  1.0000E+00  1.0000E+00  1.0000E+00  2.8229E+01 -9.7322E+00  0.0000E+00  0.0000E+00  2.8873E+01  0.0000E+00  0.0000E+00
  3.8000E+01  1.6730E+02  3.0000E+00  0.0000E+00  1.0000E+00  1.0000E+00  1.0000E+00  2.8729E+01 -9.8333E+00  0.0000E+00  0.0000E+00  2.9390E+01  0.0000E+00  0.0000E+00
  3.8000E+01  1.8330E+02  0.0000E+00  3.0500E+01  0.0000E+00  0.0000E+00  1.0000E+00  2.6583E+01  1.3826E+00  1.3307E+00  3.0500E+01  2.7215E+01  3.2851E+00  1.3021E+00
  3.8000E+01  3.1030E+02  0.0000E+00  1.3000E+01  0.0000E+00  0.0000E+00  1.0000E+00  1.4355E+01 -5.5903E-01 -6.0044E-01  1.3000E+01  1.4783E+01 -1.7830E+00 -5.9161E-01
  3.9000E+01  0.0000E+00  0.0000E+00  0.0000E+00  1.0000E+00  0.0000E+00  1.0000E+00  0.0000E+00  0.0000E+00  0.0000E+00  0.0000E+00  0.0000E+00  0.0000E+00  0.0000E+00
  3.9000E+01  0.0000E+00  5.6000E+01  0.0000E+00  1.0000E+00  1.0000E+00  1.0000E+00  3.0705E+01 -1.0212E+01  0.0000E+00  0.0000E+00  3.9855E+01  0.0000E+00  0.0000E+00
  3.9000E+01  1.4000E+00  0.0000E+00  3.0000E+01  0.0000E+00  0.0000E+00  1.0000E+00  3.0480E+01 -1.6018E-01 -5.0853E-01  3.0000E+01  3.9587E+01 -9.5873E+00 -4.5212E-01
  3.9000E+01  1.2700E+01  5.0000E+00  0.0000E+00  1.0000E+00  1.0000E+00  1.0000E+00  3.1469E+01 -1.0350E+01  0.0000E+00  0.0000E+00  4.1053E+01  0.0000E+00  0.0000E+00
  3.9000E+01  2.4400E+01  5.0000E+00  0.0000E+00  1.0000E+00  1.0000E+00  1.0000E+00  3.2338E+01 -1.0502E+01  0.0000E+00  0.0000E+00  4.2367E+01  0.0000E+00  0.0000E+00
  3.9000E+01  3.6400E+01  5.0000E+00  0.0000E+00  1.0000E+00  1.0000E+00  1.0000E+00  3.3109E+01 -1.0631E+01  0.0000E+00  0.0000E+00  4.3552E+01  0.0000E+00  0.0000E+00
  3.9000E+01  4.8400E+01  5.0000E+00  0.0000E+00  1.0000E+00  1.0000E+00  1.0000E+00  3.3832E+01 -1.0749E+01  0.0000E+00  0.0000E+00  4.4670E+01  0.0000E+00  0.0000E+00
  3.9000E+01  6.0400E+01  5.0000E+00  0.0000E+00  1.0000E+00  1.0000E+00  1.0000E+00  3.4511E+01 -1.0856E+01  0.0000E+00  0.0000E+00  4.5725E+01  0.0000E+00  0.0000E+00
  3.9000E+01  7.2300E+01  5.0000E+00  0.0000E+00  1.0000E+00  1.0000E+00  1.0000E+00  3.5166E+01 -1.0956E+01  0.0000E+00  0.0000E+00  4.6742E+01  0.0000E+00  0.0000E+00
  3.9000E+01  8.4800E+01  5.0000E+00  0.0000E+00  1.0000E+00  1.0000E+00  1.0000E+00  3.5677E+01 -1.1032E+01  0.0000E+00  0.0000E+00  4.7576E+01  0.0000E+00  0.0000E+00
  3.9000E+01  9.6400E+01  5.0000E+00  0.0000E+00  1.0000E+00  1.0000E+00  1.0000E+00  3.6314E+01 -1.1125E+01  0.0000E+00  0.0000E+00  4.8555E+01  0.0000E+00  0.0000E+00
  3.9000E+01  1.0840E+02  5.0000E+00  0.0000E+00  1.0000E+00  1.0000E+00  1.0000E+00  3.6842E+01 -1.1200E+01  0.0000E+00  0.0000E+00  4.9392E+01  0.0000E+00  0.0000E+00
  3.9000E+01  1.1040E+02  0.0000E+00  3.7700E+01  0.0000E+00  0.0000E+00  1.0000E+00  3.6458E+01  3.7977E-01 -1.0097E-01  3.7700E+01  4.8920E+01 -1.1220E+01 -1.0342E-01
  3.9000E+01  1.2040E+02  5.0000E+00  0.0000E+00  1.0000E+00  1.0000E+00  1.0000E+00  3.7338E+01 -1.1269E+01  0.0000E+00  0.0000E+00  5.0183E+01  0.0000E+00  0.0000E+00
  3.9000E+01  1.3240E+02  5.0000E+00  0.0000E+00  1.0000E+00  1.0000E+00  1.0000E+00  3.7803E+01 -1.1332E+01  0.0000E+00  0.0000E+00  5.0930E+01  0.0000E+00  0.0000E+00
  3.9000E+01  2.6040E+02  0.0000E+00  1.8400E+01  0.0000E+00  0.0000E+00  1.0000E+00  1.9327E+01 -3.6100E-01 -7.0626E-01  1.8400E+01  2.7532E+01 -9.1320E+00 -5.7109E-01
  4.0000E+01  0.0000E+00  0.0000E+00  0.0000E+00  1.0000E+00  0.0000E+00  1.0000E+00  0.0000E+00  0.0000E+00  0.0000E+00  0.0000E+00  0.0000E+00  0.0000E+00  0.0000E+00
  4.0000E+01  0.0000E+00  1.9000E+01  0.0000E+00  1.0000E+00  1.0000E+00  1.0000E+00  1.3944E+01 -5.7773E+00  0.0000E+00  0.0000E+00  1.3522E+01  0.0000E+00  0.0000E+00
  4.0000E+01  1.0000E+00  0.0000E+00  1.3700E+01  0.0000E+00  0.0000E+00  1.0000E+00  1.3878E+01 -7.3798E-02 -6.4601E-02  1.3700E+01  1.3457E+01  2.4274E-01 -6.3990E-02
  4.0000E+01  2.0000E+00  3.0000E+00  0.0000E+00  1.0000E+00  1.0000E+00  1.0000E+00  1.6014E+01 -6.4880E+00  0.0000E+00  0.0000E+00  1.5528E+01  0.0000E+00  0.0000E+00
  4.0000E+01  3.8000E+00  1.2000E+01  0.0000E+00  1.0000E+00  1.0000E+00  1.0000E+00  2.4684E+01 -8.9493E+00  0.0000E+00  0.0000E+00  2.3934E+01  0.0000E+00  0.0000E+00
  4.0000E+01  4.0000E+00  0.0000E+00  2.5000E+01  0.0000E+00  0.0000E+00  1.0000E+00  2.4660E+01  1.2318E-01  1.4381E-01  2.5000E+01  2.3911E+01  1.0886E+00  1.4517E-01
  4.1000E+01  0.0000E+00  0.0000E+00  0.0000E+00  1.0000E+00  0.0000E+00  1.0000E+00  0.0000E+00  0.0000E+00  0.0000E+00  0.0000E+00  0.0000E+00  0.0000E+00  0.0000E+00
  4.1000E+01  0.0000E+00  3.4000E+01  0.0000E+00  1.0000E+00  1.0000E+00  1.0000E+00  1.8422E+01 -7.2546E+00  0.0000E+00  0.0000E+00  2.4197E+01  0.0000E+00  0.0000E+00
  4.1000E+01  2.0000E+00  0.0000E+00  1.8600E+01  0.0000E+00  0.0000E+00  1.0000E+00  1.8232E+01  1.4506E-01 -1.4074E-01  1.8600E+01  2.3966E+01 -5.3660E+00 -1.2116E-01
  4.1000E+01  7.3000E+00  4.0000E+00  0.0000E+00  1.0000E+00  1.0000E+00  1.0000E+00  1.9907E+01 -7.6950E+00  0.0000E+00  0.0000E+00  2.6210E+01  0.0000E+00  0.0000E+00
  4.1000E+01  1.2000E+01  4.0000E+00  0.0000E+00  1.0000E+00  1.0000E+00  1.0000E+00  2.1597E+01 -8.1664E+00  0.0000E+00  0.0000E+00  2.8471E+01  0.0000E+00  0.0000E+00
  4.1000E+01  2.4800E+01  4.0000E+00  0.0000E+00  1.0000E+00  1.0000E+00  1.0000E+00  2.2382E+01 -8.3749E+00  0.0000E+00  0.0000E+00  2.9620E+01  0.0000E+00  0.0000E+00
  4.1000E+01  3.3900E+01  4.0000E+00  0.0000E+00  1.0000E+00  1.0000E+00  1.0000E+00  2.3521E+01 -8.6660E+00  0.0000E+00  0.0000E+00  3.1199E+01  0.0000E+00  0.0000E+00
  4.1000E+01  3.6000E+01  0.0000E+00  2.1000E+01  0.0000E+00  0.0000E+00  1.0000E+00  2.3267E+01 -8.3828E-01 -1.2114E+00  2.1000E+01  3.0886E+01 -9.8859E+00 -1.0637E+00
  4.1000E+01  4.8300E+01  4.0000E+00  0.0000E+00  1.0000E+00  1.0000E+00  1.0000E+00  2.4002E+01 -8.7848E+00  0.0000E+00  0.0000E+00  3.1960E+01  0.0000E+00  0.0000E+00
  4.1000E+01  5.8700E+01  4.0000E+00  0.0000E+00  1.0000E+00  1.0000E+00  1.0000E+00  2.4913E+01 -9.0036E+00  0.0000E+00  0.0000E+00  3.3249E+01  0.0000E+00  0.0000E+00
  4.1000E+01  5.9000E+01  0.0000E+00  2.6400E+01  0.0000E+00  0.0000E+00  1.0000E+00  2.4875E+01  5.5149E-01  1.4820E-01  2.6400E+01  3.3201E+01 -6.8008E+00  1.3227E-01
  4.2000E+01  0.0000E+00  0.0000E+00  0.0000E+00  1.0000E+00  0.0000E+00  1.0000E+00  0.0000E+00  0.0000E+00  0.0000E+00  0.0000E+00  0.0000E+00  0.0000E+00  0.0000E+00
  4.2000E+01  0.0000E+00  2.8000E+01  0.0000E+00  1.0000E+00  1.0000E+00  1.0000E+00  7.0525E+00 -3.0915E+00  0.0000E+00  0.0000E+00  1.9927E+01  0.0000E+00  0.0000E+00
  4.2000E+01  1.2000E+01  2.8000E+01  0.0000E+00  1.0000E+00  1.0000E+00  1.0000E+00  1.3577E+01 -5.6462E+00  0.0000E+00  0.0000E+00  3.8738E+01  0.0000E+00  0.0000E+00
  4.2000E+01  1.4000E+01  0.0000E+00  1.3300E+01  0.0000E+00  0.0000E+00  1.0000E+00  1.3402E+01 -4.2614E-02 -1.2692E+00  1.3300E+01  3.8367E+01 -2.5067E+01 -8.5027E-01
  4.2000E+01  2.3700E+01  7.0000E+00  0.0000E+00  1.0000E+00  1.0000E+00  1.0000E+00  1.4349E+01 -5.9199E+00  0.0000E+00  0.0000E+00  4.1602E+01  0.0000E+00  0.0000E+00
  4.2000E+01  3.6200E+01  7.0000E+00  0.0000E+00  1.0000E+00  1.0000E+00  1.0000E+00  1.4995E+01 -6.1441E+00  0.0000E+00  0.0000E+00  4.4158E+01  0.0000E+00  0.0000E+00
  4.2000E+01  4.7800E+01  7.0000E+00  0.0000E+00  1.0000E+00  1.0000E+00  1.0000E+00  1.5672E+01 -6.3740E+00  0.0000E+00  0.0000E+00  4.6746E+01  0.0000E+00  0.0000E+00
  4.2000E+01  6.0000E+01  7.0000E+00  0.0000E+00  1.0000E+00  1.0000E+00  1.0000E+00  1.6244E+01 -6.5640E+00  0.0000E+00  0.0000E+00  4.9066E+01  0.0000E+00  0.0000E+00
  4.2000E+01  7.2000E+01  7.0000E+00  0.0000E+00  1.0000E+00  1.0000E+00  1.0000E+00  1.6791E+01 -6.7426E+00  0.0000E+00  0.0000E+00  5.1298E+01  0.0000E+00  0.0000E+00
  4.2000E+01  8.4000E+01  7.0000E+00  0.0000E+00  1.0000E+00  1.0000E+00  1.0000E+00  1.7298E+01 -6.9049E+00  0.0000E+00  0.0000E+00  5.3406E+01  0.0000E+00  0.0000E+00
  4.2000E+01  9.5500E+01  0.0000E+00  1.3900E+01  0.0000E+00  0.0000E+00  1.0000E+00  1.6055E+01 -8.7272E-01 -2.4881E+00  1.3900E+01  5.0535E+01 -3.6635E+01 -1.4347E+00
  4.3000E+01  0.0000E+00  0.0000E+00  0.0000E+00  1.0000E+00  0.0000E+00  1.0000E+00  0.0000E+00  0.0000E+00  0.0000E+00  0.0000E+00  0.0000E+00  0.0000E+00  0.0000E+00
  4.3000E+01  0.0000E+00  1.8000E+01  0.0000E+00  1.0000E+00  1.0000E+00  1.0000E+00  2.1329E+01 -8.0938E+00  0.0000E+00  0.0000E+00  1.2810E+01  0.0000E+00  0.0000E+00
  4.3000E+01  2.0000E+00  0.0000E+00  2.2300E+01  0.0000E+00  0.0000E+00  1.0000E+00  2.1151E+01  4.3706E-01  1.3689E+00  2.2300E+01  1.2688E+01  9.6121E+00  1.7347E+00
  4.4000E+01  0.0000E+00  0.0000E+00  0.0000E+00  1.0000E+00  0.0000E+00  1.0000E+00  0.0000E+00  0.0000E+00  0.0000E+00  0.0000E+00  0.0000E+00  0.0000E+00  0.0000E+00
  4.4000E+01  0.0000E+00  1.4000E+01  0.0000E+00  1.0000E+00  1.0000E+00  1.0000E+00  9.6264E+00 -4.1469E+00  0.0000E+00  0.0000E+00  9.9636E+00  0.0000E+00  0.0000E+00
  4.4000E+01  5.0000E+00  1.4000E+01  0.0000E+00  1.0000E+00  1.0000E+00  1.0000E+00  1.9024E+01 -7.4362E+00  0.0000E+00  0.0000E+00  1.9691E+01  0.0000E+00  0.0000E+00
  4.4000E+01  1.1000E+01  0.0000E+00  1.7800E+01  0.0000E+00  0.0000E+00  1.0000E+00  1.8484E+01 -2.6901E-01 -3.3890E-01  1.7800E+01  1.9131E+01 -1.3311E+00 -3.3364E-01
  4.4000E+01  1.7000E+01  3.5000E+00  0.0000E+00  1.0000E+00  1.0000E+00  1.0000E+00  2.0365E+01 -7.8258E+00  0.0000E+00  0.0000E+00  2.1078E+01  0.0000E+00  0.0000E+00
  4.4000E+01  2.9000E+01  3.5000E+00  0.0000E+00  1.0000E+00  1.0000E+00  1.0000E+00  2.1631E+01 -8.1755E+00  0.0000E+00  0.0000E+00  2.2388E+01  0.0000E+00  0.0000E+00
  4.4000E+01  4.1000E+01  3.5000E+00  0.0000E+00  1.0000E+00  1.0000E+00  1.0000E+00  2.2825E+01 -8.4898E+00  0.0000E+00  0.0000E+00  2.3625E+01  0.0000E+00  0.0000E+00
  4.4000E+01  5.4500E+01  3.5000E+00  0.0000E+00  1.0000E+00  1.0000E+00  1.0000E+00  2.3798E+01 -8.7347E+00  0.0000E+00  0.0000E+00  2.4631E+01  0.0000E+00  0.0000E+00
  4.4000E+01  6.5000E+01  3.5000E+00  0.0000E+00  1.0000E+00  1.0000E+00  1.0000E+00  2.5034E+01 -9.0320E+00  0.0000E+00  0.0000E+00  2.5910E+01  0.0000E+00  0.0000E+00
  4.4000E+01  7.7500E+01  3.5000E+00  0.0000E+00  1.0000E+00  1.0000E+00  1.0000E+00  2.5981E+01 -9.2496E+00  0.0000E+00  0.0000E+00  2.6891E+01  0.0000E+00  0.0000E+00
  4.4000E+01  8.9000E+01  3.5000E+00  0.0000E+00  1.0000E+00  1.0000E+00  1.0000E+00  2.6991E+01 -9.4722E+00  0.0000E+00  0.0000E+00  2.7936E+01  0.0000E+00  0.0000E+00
  4.4000E+01  1.0100E+02  3.5000E+00  0.0000E+00  1.0000E+00  1.0000E+00  1.0000E+00  2.7886E+01 -9.6615E+00  0.0000E+00  0.0000E+00  2.8861E+01  0.0000E+00  0.0000E+00
  4.4000E+01  1.1300E+02  3.5000E+00  0.0000E+00  1.0000E+00  1.0000E+00  1.0000E+00  2.8730E+01 -9.8335E+00  0.0000E+00  0.0000E+00  2.9735E+01  0.0000E+00  0.0000E+00
  4.4000E+01  1.2500E+02  0.0000E+00  2.7600E+01  0.0000E+00  0.0000E+00  1.0000E+00  2.7120E+01  1.6806E-01  8.0094E-02  2.7600E+01  2.8069E+01 -4.6894E-01  7.7875E-02
  4.4000E+01  1.2550E+02  3.5000E+00  0.0000E+00  1.0000E+00  1.0000E+00  1.0000E+00  2.9462E+01 -9.9777E+00  0.0000E+00  0.0000E+00  3.0492E+01  0.0000E+00  0.0000E+00
  4.4000E+01  2.9200E+02  0.0000E+00  1.3500E+01  0.0000E+00  0.0000E+00  1.0000E+00  1.3238E+01  1.0933E-01  7.0926E-02  1.3500E+01  1.3700E+01 -1.9970E-01  7.0879E-02
  4.5000E+01  0.0000E+00  0.0000E+00  0.0000E+00  1.0000E+00  0.0000E+00  1.0000E+00  0.0000E+00  0.0000E+00  0.0000E+00  0.0000E+00  0.0000E+00  0.0000E+00  0.0000E+00
  4.5000E+01  0.0000E+00  1.6000E+01  0.0000E+00  1.0000E+00  1.0000E+00  1.0000E+00  1.6881E+01 -6.7715E+00  0.0000E+00  0.0000E+00  1.1387E+01  0.0000E+00  0.0000E+00
  4.5000E+01  4.5000E+00  0.0000E+00  1.6600E+01  0.0000E+00  0.0000E+00  1.0000E+00  1.6557E+01  1.7465E-02  3.7369E-01  1.6600E+01  1.1143E+01  5.4566E+00  4.6036E-01
  4.5000E+01  1.2500E+01  2.0000E+00  0.0000E+00  1.0000E+00  1.0000E+00  1.0000E+00  1.8106E+01 -7.1578E+00  0.0000E+00  0.0000E+00  1.2147E+01  0.0000E+00  0.0000E+00
  4.5000E+01  2.4500E+01  2.0000E+00  0.0000E+00  1.0000E+00  1.0000E+00  1.0000E+00  1.9304E+01 -7.5191E+00  0.0000E+00  0.0000E+00  1.2889E+01  0.0000E+00  0.0000E+00
  4.5000E+01  3.6500E+01  2.0000E+00  0.0000E+00  1.0000E+00  1.0000E+00  1.0000E+00  2.0442E+01 -7.8475E+00  0.0000E+00  0.0000E+00  1.3590E+01  0.0000E+00  0.0000E+00
  4.5000E+01  4.8300E+01  0.0000E+00  2.0200E+01  0.0000E+00  0.0000E+00  1.0000E+00  1.9429E+01  2.9994E-01  7.3518E-01  2.0200E+01  1.2841E+01  7.3588E+00  8.7424E-01
  4.5000E+01  4.8500E+01  2.0000E+00  0.0000E+00  1.0000E+00  1.0000E+00  1.0000E+00  2.1522E+01 -8.1462E+00  0.0000E+00  0.0000E+00  1.4252E+01  0.0000E+00  0.0000E+00
  4.5000E+01  6.0500E+01  2.0000E+00  0.0000E+00  1.0000E+00  1.0000E+00  1.0000E+00  2.2548E+01 -8.4182E+00  0.0000E+00  0.0000E+00  1.4877E+01  0.0000E+00  0.0000E+00
  4.5000E+01  7.2500E+01  2.0000E+00  0.0000E+00  1.0000E+00  1.0000E+00  1.0000E+00  2.3522E+01 -8.6663E+00  0.0000E+00  0.0000E+00  1.5467E+01  0.0000E+00  0.0000E+00
  4.5000E+01  8.4500E+01  2.0000E+00  0.0000E+00  1.0000E+00  1.0000E+00  1.0000E+00  2.4448E+01 -8.8928E+00  0.0000E+00  0.0000E+00  1.6024E+01  0.0000E+00  0.0000E+00
  4.5000E+01  9.6500E+01  2.0000E+00  0.0000E+00  1.0000E+00  1.0000E+00  1.0000E+00  2.5326E+01 -9.1000E+00  0.0000E+00  0.0000E+00  1.6549E+01  0.0000E+00  0.0000E+00
  4.5000E+01  1.0650E+02  0.0000E+00  2.4500E+01  0.0000E+00  0.0000E+00  1.0000E+00  2.4259E+01  8.8049E-02  6.4844E-01  2.4500E+01  1.5773E+01  8.7274E+00  8.2179E-01
  4.6000E+01  0.0000E+00  0.0000E+00  0.0000E+00  1.0000E+00  0.0000E+00  1.0000E+00  0.0000E+00  0.0000E+00  0.0000E+00  0.0000E+00  0.0000E+00  0.0000E+00  0.0000E+00
  4.6000E+01  0.0000E+00  1.1000E+01  0.0000E+00  1.0000E+00  1.0000E+00  1.0000E+00  9.8374E+00 -4.2309E+00  0.0000E+00  0.0000E+00  7.8286E+00  0.0000E+00  0.0000E+00
  4.6000E+01  5.0000E-01  1.1000E+01  0.0000E+00  1.0000E+00  1.0000E+00  1.0000E+00  1.9653E+01 -7.6213E+00  0.0000E+00  0.0000E+00  1.5638E+01  0.0000E+00  0.0000E+00
  4.6000E+01  2.0000E+00  0.0000E+00  2.0100E+01  0.0000E+00  0.0000E+00  1.0000E+00  1.9520E+01  2.2541E-01  6.2307E-01  2.0100E+01  1.5526E+01  4.5740E+00  6.9368E-01
  4.7000E+01  0.0000E+00  0.0000E+00  0.0000E+00  1.0000E+00  0.0000E+00  1.0000E+00  0.0000E+00  0.0000E+00  0.0000E+00  0.0000E+00  0.0000E+00  0.0000E+00  0.0000E+00
  4.7000E+01  0.0000E+00  4.0000E+01  0.0000E+00  1.0000E+00  1.0000E+00  1.0000E+00  1.8029E+01 -7.1341E+00  0.0000E+00  0.0000E+00  2.8468E+01  0.0000E+00  0.0000E+00
  4.7000E+01  9.3000E+00  6.7000E+00  0.0000E+00  1.0000E+00  1.0000E+00  1.0000E+00  2.0159E+01 -7.7671E+00  0.0000E+00  0.0000E+00  3.1992E+01  0.0000E+00  0.0000E+00
  4.7000E+01  1.9300E+01  6.7000E+00  0.0000E+00  1.0000E+00  1.0000E+00  1.0000E+00  2.2110E+01 -8.3033E+00  0.0000E+00  0.0000E+00  3.5259E+01  0.0000E+00  0.0000E+00
  4.7000E+01  3.3300E+01  6.7000E+00  0.0000E+00  1.0000E+00  1.0000E+00  1.0000E+00  2.3506E+01 -8.6622E+00  0.0000E+00  0.0000E+00  3.7733E+01  0.0000E+00  0.0000E+00
  4.7000E+01  3.6300E+01  6.7000E+00  0.0000E+00  1.0000E+00  1.0000E+00  1.0000E+00  2.6145E+01 -9.2863E+00  0.0000E+00  0.0000E+00  4.1961E+01  0.0000E+00  0.0000E+00
  4.7000E+01  3.8300E+01  0.0000E+00  2.5100E+01  0.0000E+00  0.0000E+00  1.0000E+00  2.5861E+01 -2.7154E-01 -1.1934E+00  2.5100E+01  4.1560E+01 -1.6460E+01 -9.5117E-01
  4.8000E+01  0.0000E+00  0.0000E+00  0.0000E+00  1.0000E+00  0.0000E+00  1.0000E+00  0.0000E+00  0.0000E+00  0.0000E+00  0.0000E+00  0.0000E+00  0.0000E+00  0.0000E+00
  4.8000E+01  0.0000E+00  1.4000E+01  0.0000E+00  1.0000E+00  1.0000E+00  1.0000E+00  2.0350E+01 -7.8215E+00  0.0000E+00  0.0000E+00  9.9636E+00  0.0000E+00  0.0000E+00
  4.8000E+01  2.8000E+00  0.0000E+00  1.2900E+01  0.0000E+00  0.0000E+00  1.0000E+00  2.0140E+01 -2.7904E+00 -2.4536E+00  1.2900E+01  9.8305E+00  3.0695E+00 -2.7009E+00
  4.8000E+01  1.1300E+01  1.7000E+00  0.0000E+00  1.0000E+00  1.0000E+00  1.0000E+00  2.1989E+01 -8.2713E+00  0.0000E+00  0.0000E+00  1.0647E+01  0.0000E+00  0.0000E+00
  4.8000E+01  2.3300E+01  1.7000E+00  0.0000E+00  1.0000E+00  1.0000E+00  1.0000E+00  2.3507E+01 -8.6623E+00  0.0000E+00  0.0000E+00  1.1260E+01  0.0000E+00  0.0000E+00
  4.8000E+01  2.8800E+01  1.0000E+01  0.0000E+00  1.0000E+00  1.0000E+00  1.0000E+00  3.7569E+01 -1.1300E+01  0.0000E+00  0.0000E+00  1.8083E+01  0.0000E+00  0.0000E+00
  4.8000E+01  3.5300E+01  1.7000E+00  0.0000E+00  1.0000E+00  1.0000E+00  1.0000E+00  3.9149E+01 -1.1508E+01  0.0000E+00  0.0000E+00  1.8737E+01  0.0000E+00  0.0000E+00
  4.8000E+01  4.7500E+01  1.7000E+00  0.0000E+00  1.0000E+00  1.0000E+00  1.0000E+00  3.9895E+01 -1.1601E+01  0.0000E+00  0.0000E+00  1.8880E+01  0.0000E+00  0.0000E+00
  4.8000E+01  5.9300E+01  1.7000E+00  0.0000E+00  1.0000E+00  1.0000E+00  1.0000E+00  4.0664E+01 -1.1693E+01  0.0000E+00  0.0000E+00  1.9049E+01  0.0000E+00  0.0000E+00
  4.8000E+01  6.5800E+01  0.0000E+00  4.1100E+01  0.0000E+00  0.0000E+00  1.0000E+00  3.9699E+01  4.0841E-01  1.1654E+00  4.1100E+01  1.8463E+01  2.2637E+01  1.6296E+00
  4.8000E+01  7.1800E+01  1.7000E+00  0.0000E+00  1.0000E+00  1.0000E+00  1.0000E+00  4.1300E+01 -1.1768E+01  0.0000E+00  0.0000E+00  1.9148E+01  0.0000E+00  0.0000E+00
  4.8000E+01  8.4800E+01  0.0000E+00  4.0300E+01  0.0000E+00  0.0000E+00  1.0000E+00  3.9364E+01  2.7435E-01  1.0581E+00  4.0300E+01  1.7989E+01  2.2311E+01  1.5343E+00
  4.8000E+01  1.1230E+02  0.0000E+00  3.6800E+01  0.0000E+00  0.0000E+00  1.0000E+00  3.5561E+01  3.8371E-01  1.1460E+00  3.6800E+01  1.5762E+01  2.1038E+01  1.7094E+00
  4.8000E+01  1.3790E+02  0.0000E+00  3.5800E+01  0.0000E+00  0.0000E+00  1.0000E+00  3.2352E+01  1.1194E+00  1.8599E+00  3.5800E+01  1.3937E+01  2.1863E+01  2.6622E+00
  4.9000E+01  0.0000E+00  0.0000E+00  0.0000E+00  1.0000E+00  0.0000E+00  1.0000E+00  0.0000E+00  0.0000E+00  0.0000E+00  0.0000E+00  0.0000E+00  0.0000E+00  0.0000E+00
  4.9000E+01  0.0000E+00  2.6000E+01  0.0000E+00  1.0000E+00  1.0000E+00  1.0000E+00  1.8752E+01 -7.3546E+00  0.0000E+00  0.0000E+00  1.8504E+01  0.0000E+00  0.0000E+00
  4.9000E+01  2.0000E+00  0.0000E+00  1.8800E+01  0.0000E+00  0.0000E+00  1.0000E+00  1.8576E+01  8.8111E-02  6.8526E-02  1.8800E+01  1.8327E+01  4.7308E-01  7.0365E-02
  4.9000E+01  1.2000E+01  4.0000E+00  0.0000E+00  1.0000E+00  1.0000E+00  1.0000E+00  2.0604E+01 -7.8933E+00  0.0000E+00  0.0000E+00  2.0314E+01  0.0000E+00  0.0000E+00
  4.9000E+01  2.4000E+01  4.0000E+00  0.0000E+00  1.0000E+00  1.0000E+00  1.0000E+00  2.2355E+01 -8.3678E+00  0.0000E+00  0.0000E+00  2.2022E+01  0.0000E+00  0.0000E+00
  4.9000E+01  3.6000E+01  4.0000E+00  0.0000E+00  1.0000E+00  1.0000E+00  1.0000E+00  2.4009E+01 -8.7865E+00  0.0000E+00  0.0000E+00  2.3635E+01  0.0000E+00  0.0000E+00
  4.9000E+01  4.8000E+01  4.0000E+00  0.0000E+00  1.0000E+00  1.0000E+00  1.0000E+00  2.5572E+01 -9.1566E+00  0.0000E+00  0.0000E+00  2.5157E+01  0.0000E+00  0.0000E+00
  4.9000E+01  6.0500E+01  4.0000E+00  0.0000E+00  1.0000E+00  1.0000E+00  1.0000E+00  2.6992E+01 -9.4724E+00  0.0000E+00  0.0000E+00  2.6538E+01  0.0000E+00  0.0000E+00
  4.9000E+01  7.2000E+01  4.0000E+00  0.0000E+00  1.0000E+00  1.0000E+00  1.0000E+00  2.8451E+01 -9.7774E+00  0.0000E+00  0.0000E+00  2.7958E+01  0.0000E+00  0.0000E+00
  4.9000E+01  7.4000E+01  0.0000E+00  2.5100E+01  0.0000E+00  0.0000E+00  1.0000E+00  2.8184E+01 -1.0638E+00 -1.0757E+00  2.5100E+01  2.7690E+01 -2.5901E+00 -1.0656E+00
  4.9000E+01  8.4000E+01  4.0000E+00  0.0000E+00  1.0000E+00  1.0000E+00  1.0000E+00  2.9769E+01 -1.0037E+01  0.0000E+00  0.0000E+00  2.9238E+01  0.0000E+00  0.0000E+00
  4.9000E+01  9.6000E+01  4.0000E+00  0.0000E+00  1.0000E+00  1.0000E+00  1.0000E+00  3.1015E+01 -1.0269E+01  0.0000E+00  0.0000E+00  3.0446E+01  0.0000E+00  0.0000E+00
  4.9000E+01  1.0850E+02  4.0000E+00  0.0000E+00  1.0000E+00  1.0000E+00  1.0000E+00  3.2124E+01 -1.0465E+01  0.0000E+00  0.0000E+00  3.1518E+01  0.0000E+00  0.0000E+00
  4.9000E+01  1.2000E+02  4.0000E+00  0.0000E+00  1.0000E+00  1.0000E+00  1.0000E+00  3.3311E+01 -1.0664E+01  0.0000E+00  0.0000E+00  3.2670E+01  0.0000E+00  0.0000E+00
  4.9000E+01  1.3200E+02  4.0000E+00  0.0000E+00  1.0000E+00  1.0000E+00  1.0000E+00  3.4362E+01 -1.0833E+01  0.0000E+00  0.0000E+00  3.3686E+01  0.0000E+00  0.0000E+00
  4.9000E+01  1.4400E+02  4.0000E+00  0.0000E+00  1.0000E+00  1.0000E+00  1.0000E+00  3.5355E+01 -1.0985E+01  0.0000E+00  0.0000E+00  3.4645E+01  0.0000E+00  0.0000E+00
  4.9000E+01  1.5000E+02  0.0000E+00  3.7200E+01  0.0000E+00  0.0000E+00  1.0000E+00  3.4368E+01  8.9265E-01  8.9187E-01  3.7200E+01  3.3661E+01  3.5392E+00  8.8568E-01
  5.0000E+01  0.0000E+00  0.0000E+00  0.0000E+00  1.0000E+00  0.0000E+00  1.0000E+00  0.0000E+00  0.0000E+00  0.0000E+00  0.0000E+00  0.0000E+00  0.0000E+00  0.0000E+00
  5.0000E+01  0.0000E+00  2.0000E+01  0.0000E+00  1.0000E+00  1.0000E+00  1.0000E+00  2.1844E+01 -8.2327E+00  0.0000E+00  0.0000E+00  1.4234E+01  0.0000E+00  0.0000E+00
  5.0000E+01  3.0000E+00  0.0000E+00  2.2200E+01  0.0000E+00  0.0000E+00  1.0000E+00  2.1557E+01  2.4313E-01  4.9284E-01  2.2200E+01  1.4030E+01  8.1700E+00  5.6441E-01
  5.0000E+01  1.2500E+01  2.5000E+00  0.0000E+00  1.0000E+00  1.0000E+00  1.0000E+00  2.3405E+01 -8.6369E+00  0.0000E+00  0.0000E+00  1.5183E+01  0.0000E+00  0.0000E+00
  5.0000E+01  2.4500E+01  2.5000E+00  0.0000E+00  1.0000E+00  1.0000E+00  1.0000E+00  2.4931E+01 -9.0078E+00  0.0000E+00  0.0000E+00  1.6112E+01  0.0000E+00  0.0000E+00
  5.0000E+01  3.6500E+01  2.5000E+00  0.0000E+00  1.0000E+00  1.0000E+00  1.0000E+00  2.6379E+01 -9.3383E+00  0.0000E+00  0.0000E+00  1.6988E+01  0.0000E+00  0.0000E+00
  5.0000E+01  4.8000E+01  2.5000E+00  0.0000E+00  1.0000E+00  1.0000E+00  1.0000E+00  2.7807E+01 -9.6451E+00  0.0000E+00  0.0000E+00  1.7854E+01  0.0000E+00  0.0000E+00
  5.0000E+01  6.0500E+01  2.5000E+00  0.0000E+00  1.0000E+00  1.0000E+00  1.0000E+00  2.9048E+01 -9.8968E+00  0.0000E+00  0.0000E+00  1.8592E+01  0.0000E+00  0.0000E+00
  5.0000E+01  7.2500E+01  2.5000E+00  0.0000E+00  1.0000E+00  1.0000E+00  1.0000E+00  3.0284E+01 -1.0134E+01  0.0000E+00  0.0000E+00  1.9330E+01  0.0000E+00  0.0000E+00
  5.0000E+01  8.1000E+01  0.0000E+00  3.0500E+01  0.0000E+00  0.0000E+00  1.0000E+00  2.9172E+01  4.5174E-01  7.7858E-01  3.0500E+01  1.8556E+01  1.1944E+01  9.4639E-01
  5.0000E+01  8.4500E+01  2.5000E+00  0.0000E+00  1.0000E+00  1.0000E+00  1.0000E+00  3.1456E+01 -1.0348E+01  0.0000E+00  0.0000E+00  2.0026E+01  0.0000E+00  0.0000E+00
  5.0000E+01  8.8000E+01  3.0000E+01  0.0000E+00  1.0000E+00  1.0000E+00  1.0000E+00  6.3741E+01 -1.3455E+01  0.0000E+00  0.0000E+00  4.1042E+01  0.0000E+00  0.0000E+00
  5.0000E+01  8.9000E+01  0.0000E+00  6.7900E+01  0.0000E+00  0.0000E+00  1.0000E+00  6.3461E+01  9.4022E-01  1.6155E+00  6.7900E+01  4.0846E+01  2.7054E+01  2.0834E+00
  5.0000E+01  9.6500E+01  2.5000E+00  0.0000E+00  1.0000E+00  1.0000E+00  1.0000E+00  6.4130E+01 -1.3473E+01  0.0000E+00  0.0000E+00  4.1179E+01  0.0000E+00  0.0000E+00
  5.0000E+01  1.0850E+02  2.5000E+00  0.0000E+00  1.0000E+00  1.0000E+00  1.0000E+00  6.3561E+01 -1.3447E+01  0.0000E+00  0.0000E+00  4.0651E+01  0.0000E+00  0.0000E+00
  5.0000E+01  1.2050E+02  3.5000E+00  0.0000E+00  1.0000E+00  1.0000E+00  1.0000E+00  6.4113E+01 -1.3472E+01  0.0000E+00  0.0000E+00  4.0864E+01  0.0000E+00  0.0000E+00
  5.0000E+01  1.3250E+02  3.5000E+00  0.0000E+00  1.0000E+00  1.0000E+00  1.0000E+00  6.4636E+01 -1.3496E+01  0.0000E+00  0.0000E+00  4.1065E+01  0.0000E+00  0.0000E+00
  5.0000E+01  1.4450E+02  3.5000E+00  0.0000E+00  1.0000E+00  1.0000E+00  1.0000E+00  6.5133E+01 -1.3519E+01  0.0000E+00  0.0000E+00  4.1255E+01  0.0000E+00  0.0000E+00
  5.0000E+01  1.5700E+02  3.5000E+00  0.0000E+00  1.0000E+00  1.0000E+00  1.0000E+00  6.5468E+01 -1.3534E+01  0.0000E+00  0.0000E+00  4.1341E+01  0.0000E+00  0.0000E+00
  5.0000E+01  1.6200E+02  0.0000E+00  5.8700E+01  0.0000E+00  0.0000E+00  1.0000E+00  6.4043E+01 -1.1236E+00 -4.4404E-01  5.8700E+01  4.0359E+01  1.8341E+01 -6.0062E-01
  5.1000E+01  0.0000E+00  0.0000E+00  0.0000E+00  1.0000E+00  0.0000E+00  1.0000E+00  0.0000E+00  0.0000E+00  0.0000E+00  0.0000E+00  0.0000E+00  0.0000E+00  0.0000E+00
  5.1000E+01  0.0000E+00  1.8000E+01  0.0000E+00  1.0000E+00  1.0000E+00  1.0000E+00  1.6575E+01 -6.6725E+00  0.0000E+00  0.0000E+00  1.2810E+01  0.0000E+00  0.0000E+00
  5.1000E+01  3.0000E+00  0.0000E+00  1.2700E+01  0.0000E+00  0.0000E+00  1.0000E+00  1.6357E+01 -1.4758E+00 -1.3084E+00  1.2700E+01  1.2627E+01  7.2959E-02 -1.3535E+00
  5.1000E+01  1.1500E+01  2.5000E+00  0.0000E+00  1.0000E+00  1.0000E+00  1.0000E+00  1.8057E+01 -7.1426E+00  0.0000E+00  0.0000E+00  1.3901E+01  0.0000E+00  0.0000E+00
  5.1000E+01  1.2500E+01  9.0000E+00  0.0000E+00  1.0000E+00  1.0000E+00  1.0000E+00  2.6265E+01 -9.3131E+00  0.0000E+00  0.0000E+00  2.0239E+01  0.0000E+00  0.0000E+00
  5.1000E+01  2.4500E+01  2.5000E+00  0.0000E+00  1.0000E+00  1.0000E+00  1.0000E+00  2.7213E+01 -9.5197E+00  0.0000E+00  0.0000E+00  2.0885E+01  0.0000E+00  0.0000E+00
  5.1000E+01  3.6500E+01  2.5000E+00  0.0000E+00  1.0000E+00  1.0000E+00  1.0000E+00  2.8111E+01 -9.7081E+00  0.0000E+00  0.0000E+00  2.1494E+01  0.0000E+00  0.0000E+00
  5.1000E+01  4.9000E+01  2.5000E+00  0.0000E+00  1.0000E+00  1.0000E+00  1.0000E+00  2.8905E+01 -9.8685E+00  0.0000E+00  0.0000E+00  2.2020E+01  0.0000E+00  0.0000E+00
  5.1000E+01  6.0000E+01  0.0000E+00  3.1300E+01  0.0000E+00  0.0000E+00  1.0000E+00  2.7536E+01  1.3106E+00  1.6179E+00  3.1300E+01  2.0886E+01  1.0414E+01  1.7739E+00
  5.1000E+01  6.0500E+01  2.5000E+00  0.0000E+00  1.0000E+00  1.0000E+00  1.0000E+00  2.9777E+01 -1.0038E+01  0.0000E+00  0.0000E+00  2.2615E+01  0.0000E+00  0.0000E+00
  5.1000E+01  7.2500E+01  2.5000E+00  0.0000E+00  1.0000E+00  1.0000E+00  1.0000E+00  3.0544E+01 -1.0183E+01  0.0000E+00  0.0000E+00  2.3127E+01  0.0000E+00  0.0000E+00
  5.1000E+01  8.4500E+01  2.5000E+00  0.0000E+00  1.0000E+00  1.0000E+00  1.0000E+00  3.1271E+01 -1.0315E+01  0.0000E+00  0.0000E+00  2.3610E+01  0.0000E+00  0.0000E+00
  5.1000E+01  9.6500E+01  2.5000E+00  0.0000E+00  1.0000E+00  1.0000E+00  1.0000E+00  3.1961E+01 -1.0437E+01  0.0000E+00  0.0000E+00  2.4067E+01  0.0000E+00  0.0000E+00
  5.1000E+01  1.0850E+02  2.5000E+00  0.0000E+00  1.0000E+00  1.0000E+00  1.0000E+00  3.2615E+01 -1.0549E+01  0.0000E+00  0.0000E+00  2.4497E+01  0.0000E+00  0.0000E+00
  5.1000E+01  1.2050E+02  2.5000E+00  0.0000E+00  1.0000E+00  1.0000E+00  1.0000E+00  3.3235E+01 -1.0652E+01  0.0000E+00  0.0000E+00  2.4904E+01  0.0000E+00  0.0000E+00
  5.1000E+01  1.3200E+02  0.0000E+00  3.1100E+01  0.0000E+00  0.0000E+00  1.0000E+00  3.1591E+01 -1.6125E-01  2.2112E-01  3.1100E+01  2.3565E+01  7.5351E+00  2.6610E-01
  5.2000E+01  0.0000E+00  0.0000E+00  0.0000E+00  1.0000E+00  0.0000E+00  1.0000E+00  0.0000E+00  0.0000E+00  0.0000E+00  0.0000E+00  0.0000E+00  0.0000E+00  0.0000E+00
  5.2000E+01  0.0000E+00  9.5000E+00  0.0000E+00  1.0000E+00  1.0000E+00  1.0000E+00  1.0889E+01 -4.6434E+00  0.0000E+00  0.0000E+00  6.7610E+00  0.0000E+00  0.0000E+00
  5.2000E+01  2.0000E+00  0.0000E+00  1.4300E+01  0.0000E+00  0.0000E+00  1.0000E+00  1.0794E+01  1.4963E+00  1.8094E+00  1.4300E+01  6.6964E+00  7.6036E+00  1.9275E+00
  5.2000E+01  4.0000E+00  9.5000E+00  0.0000E+00  1.0000E+00  1.0000E+00  1.0000E+00  2.1588E+01 -8.1641E+00  0.0000E+00  0.0000E+00  1.3393E+01  0.0000E+00  0.0000E+00
  5.2000E+01  1.2500E+01  9.0000E+00  0.0000E+00  1.0000E+00  1.0000E+00  1.0000E+00  3.1110E+01 -1.0286E+01  0.0000E+00  0.0000E+00  1.9263E+01  0.0000E+00  0.0000E+00
  5.2000E+01  3.5500E+01  2.5000E+00  0.0000E+00  1.0000E+00  1.0000E+00  1.0000E+00  3.0973E+01 -1.0261E+01  0.0000E+00  0.0000E+00  1.9026E+01  0.0000E+00  0.0000E+00
  5.2000E+01  3.7500E+01  2.5000E+00  0.0000E+00  1.0000E+00  1.0000E+00  1.0000E+00  3.3566E+01 -1.0706E+01  0.0000E+00  0.0000E+00  2.0623E+01  0.0000E+00  0.0000E+00
  5.2000E+01  5.9500E+01  2.5000E+00  0.0000E+00  1.0000E+00  1.0000E+00  1.0000E+00  3.3326E+01 -1.0667E+01  0.0000E+00  0.0000E+00  2.0334E+01  0.0000E+00  0.0000E+00
  5.2000E+01  7.1500E+01  2.5000E+00  0.0000E+00  1.0000E+00  1.0000E+00  1.0000E+00  3.4473E+01 -1.0850E+01  0.0000E+00  0.0000E+00  2.0973E+01  0.0000E+00  0.0000E+00
  5.2000E+01  8.3000E+01  0.0000E+00  3.8100E+01  0.0000E+00  0.0000E+00  1.0000E+00  3.2767E+01  1.7210E+00  2.5823E+00  3.8100E+01  1.9846E+01  1.8254E+01  3.1806E+00
  5.2000E+01  8.3500E+01  2.5000E+00  0.0000E+00  1.0000E+00  1.0000E+00  1.0000E+00  3.5560E+01 -1.1015E+01  0.0000E+00  0.0000E+00  2.1577E+01  0.0000E+00  0.0000E+00
  5.2000E+01  9.5500E+01  2.5000E+00  0.0000E+00  1.0000E+00  1.0000E+00  1.0000E+00  3.6592E+01 -1.1165E+01  0.0000E+00  0.0000E+00  2.2148E+01  0.0000E+00  0.0000E+00
  5.2000E+01  1.0750E+02  2.5000E+00  0.0000E+00  1.0000E+00  1.0000E+00  1.0000E+00  3.7570E+01 -1.1300E+01  0.0000E+00  0.0000E+00  2.2686E+01  0.0000E+00  0.0000E+00
  5.2000E+01  1.1950E+02  2.5000E+00  0.0000E+00  1.0000E+00  1.0000E+00  1.0000E+00  3.8498E+01 -1.1424E+01  0.0000E+00  0.0000E+00  2.3194E+01  0.0000E+00  0.0000E+00
  5.2000E+01  1.3150E+02  2.5000E+00  0.0000E+00  1.0000E+00  1.0000E+00  1.0000E+00  3.9378E+01 -1.1536E+01  0.0000E+00  0.0000E+00  2.3673E+01  0.0000E+00  0.0000E+00
  5.2000E+01  1.4350E+02  2.5000E+00  0.0000E+00  1.0000E+00  1.0000E+00  1.0000E+00  4.0212E+01 -1.1639E+01  0.0000E+00  0.0000E+00  2.4126E+01  0.0000E+00  0.0000E+00
  5.2000E+01  1.5500E+02  0.0000E+00  3.1200E+01  0.0000E+00  0.0000E+00  1.0000E+00  3.8222E+01 -2.0922E+00 -1.1148E+00  3.1200E+01  2.2829E+01  8.3710E+00 -1.2769E+00
  5.3000E+01  0.0000E+00  0.0000E+00  0.0000E+00  1.0000E+00  0.0000E+00  1.0000E+00  0.0000E+00  0.0000E+00  0.0000E+00  0.0000E+00  0.0000E+00  0.0000E+00  0.0000E+00
  5.3000E+01  0.0000E+00  1.7000E+01  0.0000E+00  1.0000E+00  1.0000E+00  1.0000E+00  1.1438E+01 -4.8539E+00  0.0000E+00  0.0000E+00  1.2099E+01  0.0000E+00  0.0000E+00
  5.3000E+01  4.0000E+00  1.7000E+01  0.0000E+00  1.0000E+00  1.0000E+00  1.0000E+00  2.2657E+01 -8.4464E+00  0.0000E+00  0.0000E+00  2.3967E+01  0.0000E+00  0.0000E+00
  5.3000E+01  6.0000E+00  0.0000E+00  1.9100E+01  0.0000E+00  0.0000E+00  1.0000E+00  2.2440E+01 -1.2488E+00 -1.3533E+00  1.9100E+01  2.3738E+01 -4.6378E+00 -1.3101E+00
  5.3000E+01  2.3800E+01  4.0000E+00  0.0000E+00  1.0000E+00  1.0000E+00  1.0000E+00  2.3289E+01 -8.6078E+00  0.0000E+00  0.0000E+00  2.4639E+01  0.0000E+00  0.0000E+00
  5.3000E+01  2.7000E+01  7.5000E+00  0.0000E+00  1.0000E+00  1.0000E+00  1.0000E+00  2.7979E+01 -9.6809E+00  0.0000E+00  0.0000E+00  2.9600E+01  0.0000E+00  0.0000E+00
  5.3000E+01  2.8000E+01  4.0000E+00  0.0000E+00  1.0000E+00  1.0000E+00  1.0000E+00  3.0536E+01 -1.0181E+01  0.0000E+00  0.0000E+00  3.2305E+01  0.0000E+00  0.0000E+00
  5.3000E+01  3.9500E+01  4.0000E+00  0.0000E+00  1.0000E+00  1.0000E+00  1.0000E+00  3.1583E+01 -1.0370E+01  0.0000E+00  0.0000E+00  3.3415E+01  0.0000E+00  0.0000E+00
  5.3000E+01  4.7000E+01  0.0000E+00  3.3300E+01  0.0000E+00  0.0000E+00  1.0000E+00  3.0464E+01  9.4657E-01  8.1557E-01  3.3300E+01  3.2232E+01  1.0679E+00  7.8753E-01
  5.4000E+01  0.0000E+00  0.0000E+00  0.0000E+00  1.0000E+00  0.0000E+00  1.0000E+00  0.0000E+00  0.0000E+00  0.0000E+00  0.0000E+00  0.0000E+00  0.0000E+00  0.0000E+00
  5.4000E+01  0.0000E+00  1.8000E+01  0.0000E+00  1.0000E+00  1.0000E+00  1.0000E+00  1.3214E+01 -5.5151E+00  0.0000E+00  0.0000E+00  1.2810E+01  0.0000E+00  0.0000E+00
  5.4000E+01  3.7000E+00  1.8000E+01  0.0000E+00  1.0000E+00  1.0000E+00  1.0000E+00  2.6199E+01 -9.2983E+00  0.0000E+00  0.0000E+00  2.5395E+01  0.0000E+00  0.0000E+00
  5.4000E+01  9.7000E+00  0.0000E+00  2.5500E+01  0.0000E+00  0.0000E+00  1.0000E+00  2.5466E+01  1.2100E-02  2.0568E-04  2.5500E+01  2.4673E+01  8.2672E-01  1.2052E-03
  5.4000E+01  1.5700E+01  4.4000E+00  0.0000E+00  1.0000E+00  1.0000E+00  1.0000E+00  2.7984E+01 -9.6819E+00  0.0000E+00  0.0000E+00  2.7103E+01  0.0000E+00  0.0000E+00
  5.4000E+01  2.7700E+01  4.4000E+00  0.0000E+00  1.0000E+00  1.0000E+00  1.0000E+00  2.9672E+01 -1.0018E+01  0.0000E+00  0.0000E+00  2.8716E+01  0.0000E+00  0.0000E+00
  5.4000E+01  2.9700E+01  0.0000E+00  2.9400E+01  0.0000E+00  0.0000E+00  1.0000E+00  2.9393E+01  2.5030E-03 -6.3203E-03  2.9400E+01  2.8442E+01  9.5848E-01 -4.9212E-03
  5.4000E+01  3.9700E+01  4.4000E+00  0.0000E+00  1.0000E+00  1.0000E+00  1.0000E+00  3.1266E+01 -1.0314E+01  0.0000E+00  0.0000E+00  3.0239E+01  0.0000E+00  0.0000E+00
  5.4000E+01  5.1700E+01  4.4000E+00  0.0000E+00  1.0000E+00  1.0000E+00  1.0000E+00  3.2772E+01 -1.0575E+01  0.0000E+00  0.0000E+00  3.1676E+01  0.0000E+00  0.0000E+00
  5.4000E+01  6.3200E+01  0.0000E+00  2.9500E+01  0.0000E+00  0.0000E+00  1.0000E+00  3.1039E+01 -5.0937E-01 -5.1276E-01  2.9500E+01  2.9973E+01 -4.7258E-01 -5.1074E-01
  5.4000E+01  6.3700E+01  4.4000E+00  0.0000E+00  1.0000E+00  1.0000E+00  1.0000E+00  3.4196E+01 -1.0807E+01  0.0000E+00  0.0000E+00  3.3032E+01  0.0000E+00  0.0000E+00
  5.4000E+01  7.5700E+01  4.4000E+00  0.0000E+00  1.0000E+00  1.0000E+00  1.0000E+00  3.5541E+01 -1.1012E+01  0.0000E+00  0.0000E+00  3.4313E+01  0.0000E+00  0.0000E+00
  5.4000E+01  8.7700E+01  4.4000E+00  0.0000E+00  1.0000E+00  1.0000E+00  1.0000E+00  3.6811E+01 -1.1196E+01  0.0000E+00  0.0000E+00  3.5521E+01  0.0000E+00  0.0000E+00
  5.4000E+01  9.9700E+01  4.4000E+00  0.0000E+00  1.0000E+00  1.0000E+00  1.0000E+00  3.8012E+01 -1.1360E+01  0.0000E+00  0.0000E+00  3.6662E+01  0.0000E+00  0.0000E+00
  5.4000E+01  1.1130E+02  0.0000E+00  3.7900E+01  0.0000E+00  0.0000E+00  1.0000E+00  3.5985E+01  5.8964E-01  5.9327E-01  3.7900E+01  3.4675E+01  3.2254E+00  5.9388E-01
  5.5000E+01  0.0000E+00  0.0000E+00  0.0000E+00  1.0000E+00  0.0000E+00  1.0000E+00  0.0000E+00  0.0000E+00  0.0000E+00  0.0000E+00  0.0000E+00  0.0000E+00  0.0000E+00
  5.5000E+01  0.0000E+00  2.5000E+01  0.0000E+00  1.0000E+00  1.0000E+00  1.0000E+00  1.5965E+01 -6.4719E+00  0.0000E+00  0.0000E+00  1.7792E+01  0.0000E+00  0.0000E+00
  5.5000E+01  1.2000E+01  3.0000E+00  0.0000E+00  1.0000E+00  1.0000E+00  1.0000E+00  1.6959E+01 -6.7969E+00  0.0000E+00  0.0000E+00  1.8930E+01  0.0000E+00  0.0000E+00
  5.5000E+01  2.4000E+01  3.0000E+00  0.0000E+00  1.0000E+00  1.0000E+00  1.0000E+00  1.7896E+01 -7.0929E+00  0.0000E+00  0.0000E+00  2.0005E+01  0.0000E+00  0.0000E+00
  5.5000E+01  3.6000E+01  3.0000E+00  0.0000E+00  1.0000E+00  1.0000E+00  1.0000E+00  1.8779E+01 -7.3629E+00  0.0000E+00  0.0000E+00  2.1019E+01  0.0000E+00  0.0000E+00
  5.5000E+01  4.8000E+01  3.0000E+00  0.0000E+00  1.0000E+00  1.0000E+00  1.0000E+00  1.9611E+01 -7.6092E+00  0.0000E+00  0.0000E+00  2.1976E+01  0.0000E+00  0.0000E+00
  5.5000E+01  6.0000E+01  3.0000E+00  0.0000E+00  1.0000E+00  1.0000E+00  1.0000E+00  2.0395E+01 -7.8343E+00  0.0000E+00  0.0000E+00  2.2880E+01  0.0000E+00  0.0000E+00
  5.5000E+01  7.2000E+01  3.0000E+00  0.0000E+00  1.0000E+00  1.0000E+00  1.0000E+00  2.1134E+01 -8.0403E+00  0.0000E+00  0.0000E+00  2.3733E+01  0.0000E+00  0.0000E+00
  5.5000E+01  7.4000E+01  0.0000E+00  2.0800E+01  0.0000E+00  0.0000E+00  1.0000E+00  2.0925E+01 -4.7862E-02 -2.7824E-01  2.0800E+01  2.3506E+01 -2.7057E+00 -2.6371E-01
  5.6000E+01  0.0000E+00  0.0000E+00  0.0000E+00  1.0000E+00  0.0000E+00  1.0000E+00  0.0000E+00  0.0000E+00  0.0000E+00  0.0000E+00  0.0000E+00  0.0000E+00  0.0000E+00
  5.6000E+01  0.0000E+00  1.2000E+01  0.0000E+00  1.0000E+00  1.0000E+00  1.0000E+00  1.6507E+01 -6.6503E+00  0.0000E+00  0.0000E+00  8.5403E+00  0.0000E+00  0.0000E+00
  5.6000E+01  1.2700E+01  1.5000E+00  0.0000E+00  1.0000E+00  1.0000E+00  1.0000E+00  1.7748E+01 -7.0468E+00  0.0000E+00  0.0000E+00  9.1022E+00  0.0000E+00  0.0000E+00
  5.6000E+01  2.0000E+01  0.0000E+00  1.8800E+01  0.0000E+00  0.0000E+00  1.0000E+00  1.7235E+01  6.2527E-01  1.7902E+00  1.8800E+01  8.7884E+00  1.0012E+01  2.3703E+00
  5.7000E+01  0.0000E+00  0.0000E+00  0.0000E+00  1.0000E+00  0.0000E+00  1.0000E+00  0.0000E+00  0.0000E+00  0.0000E+00  0.0000E+00  0.0000E+00  0.0000E+00  0.0000E+00
  5.7000E+01  0.0000E+00  2.0000E+01  0.0000E+00  1.0000E+00  1.0000E+00  1.0000E+00  1.0177E+01 -4.3653E+00  0.0000E+00  0.0000E+00  1.4234E+01  0.0000E+00  0.0000E+00
  5.7000E+01  5.0000E-01  2.0000E+01  0.0000E+00  1.0000E+00  1.0000E+00  1.0000E+00  2.0328E+01 -7.8152E+00  0.0000E+00  0.0000E+00  2.8433E+01  0.0000E+00  0.0000E+00
  5.7000E+01  1.7000E+00  0.0000E+00  2.0200E+01  0.0000E+00  0.0000E+00  1.0000E+00  2.0199E+01  3.5354E-04 -4.1156E-01  2.0200E+01  2.8270E+01 -8.0699E+00 -3.6619E-01
  5.7000E+01  1.2200E+01  5.0000E+00  0.0000E+00  1.0000E+00  1.0000E+00  1.0000E+00  2.1652E+01 -8.1813E+00  0.0000E+00  0.0000E+00  3.0437E+01  0.0000E+00  0.0000E+00
  5.7000E+01  2.4700E+01  5.0000E+00  0.0000E+00  1.0000E+00  1.0000E+00  1.0000E+00  2.2812E+01 -8.4863E+00  0.0000E+00  0.0000E+00  3.2221E+01  0.0000E+00  0.0000E+00
  5.7000E+01  3.7200E+01  5.0000E+00  0.0000E+00  1.0000E+00  1.0000E+00  1.0000E+00  2.3897E+01 -8.7590E+00  0.0000E+00  0.0000E+00  3.3901E+01  0.0000E+00  0.0000E+00
  5.7000E+01  4.7800E+01  5.0000E+00  0.0000E+00  1.0000E+00  1.0000E+00  1.0000E+00  2.5139E+01 -9.0564E+00  0.0000E+00  0.0000E+00  3.5776E+01  0.0000E+00  0.0000E+00
  5.7000E+01  6.0200E+01  5.0000E+00  0.0000E+00  1.0000E+00  1.0000E+00  1.0000E+00  2.6087E+01 -9.2734E+00  0.0000E+00  0.0000E+00  3.7265E+01  0.0000E+00  0.0000E+00
  5.7000E+01  7.2200E+01  6.0000E+00  0.0000E+00  1.0000E+00  1.0000E+00  1.0000E+00  2.7537E+01 -9.5885E+00  0.0000E+00  0.0000E+00  3.9447E+01  0.0000E+00  0.0000E+00
  5.7000E+01  8.4200E+01  6.0000E+00  0.0000E+00  1.0000E+00  1.0000E+00  1.0000E+00  2.8897E+01 -9.8668E+00  0.0000E+00  0.0000E+00  4.1507E+01  0.0000E+00  0.0000E+00
  5.7000E+01  9.6200E+01  6.0000E+00  0.0000E+00  1.0000E+00  1.0000E+00  1.0000E+00  3.0173E+01 -1.0113E+01  0.0000E+00  0.0000E+00  4.3451E+01  0.0000E+00  0.0000E+00
  5.7000E+01  1.0900E+02  0.0000E+00  2.7800E+01  0.0000E+00  0.0000E+00  1.0000E+00  2.8198E+01 -1.3738E-01 -7.6116E-01  2.7800E+01  4.0859E+01 -1.3059E+01 -6.2828E-01
  5.8000E+01  0.0000E+00  0.0000E+00  0.0000E+00  1.0000E+00  0.0000E+00  1.0000E+00  0.0000E+00  0.0000E+00  0.0000E+00  0.0000E+00  0.0000E+00  0.0000E+00  0.0000E+00
  5.8000E+01  0.0000E+00  1.4000E+01  0.0000E+00  1.0000E+00  1.0000E+00  1.0000E+00  1.1310E+01 -4.8052E+00  0.0000E+00  0.0000E+00  9.9636E+00  0.0000E+00  0.0000E+00
  5.8000E+01  5.0000E-01  1.4000E+01  0.0000E+00  1.0000E+00  1.0000E+00  1.0000E+00  2.2593E+01 -8.4299E+00  0.0000E+00  0.0000E+00  1.9903E+01  0.0000E+00  0.0000E+00
  5.8000E+01  8.5000E+00  0.0000E+00  2.2400E+01  0.0000E+00  0.0000E+00  1.0000E+00  2.1755E+01  2.4326E-01  3.7984E-01  2.2400E+01  1.9153E+01  3.2473E+00  3.9747E-01
  5.8000E+01  1.2000E+01  3.5000E+00  0.0000E+00  1.0000E+00  1.0000E+00  1.0000E+00  2.4226E+01 -8.8394E+00  0.0000E+00  0.0000E+00  2.1324E+01  0.0000E+00  0.0000E+00
  5.8000E+01  2.4300E+01  3.5000E+00  0.0000E+00  1.0000E+00  1.0000E+00  1.0000E+00  2.5686E+01 -9.1827E+00  0.0000E+00  0.0000E+00  2.2591E+01  0.0000E+00  0.0000E+00
  5.8000E+01  3.5800E+01  3.5000E+00  0.0000E+00  1.0000E+00  1.0000E+00  1.0000E+00  2.7156E+01 -9.5075E+00  0.0000E+00  0.0000E+00  2.3868E+01  0.0000E+00  0.0000E+00
  5.8000E+01  4.7500E+01  0.0000E+00  2.7900E+01  0.0000E+00  0.0000E+00  1.0000E+00  2.5695E+01  7.8802E-01  9.4294E-01  2.7900E+01  2.2563E+01  5.3373E+00  9.8384E-01
  5.8000E+01  4.8000E+01  3.5000E+00  0.0000E+00  1.0000E+00  1.0000E+00  1.0000E+00  2.8462E+01 -9.7797E+00  0.0000E+00  0.0000E+00  2.4999E+01  0.0000E+00  0.0000E+00
  5.8000E+01  5.9500E+01  3.5000E+00  0.0000E+00  1.0000E+00  1.0000E+00  1.0000E+00  2.9785E+01 -1.0040E+01  0.0000E+00  0.0000E+00  2.6146E+01  0.0000E+00  0.0000E+00
  5.8000E+01  7.2000E+01  3.5000E+00  0.0000E+00  1.0000E+00  1.0000E+00  1.0000E+00  3.0905E+01 -1.0249E+01  0.0000E+00  0.0000E+00  2.7113E+01  0.0000E+00  0.0000E+00
  5.8000E+01  8.4000E+01  3.5000E+00  0.0000E+00  1.0000E+00  1.0000E+00  1.0000E+00  3.2029E+01 -1.0448E+01  0.0000E+00  0.0000E+00  2.8085E+01  0.0000E+00  0.0000E+00
  5.8000E+01  9.6300E+01  3.5000E+00  0.0000E+00  1.0000E+00  1.0000E+00  1.0000E+00  3.3049E+01 -1.0621E+01  0.0000E+00  0.0000E+00  2.8964E+01  0.0000E+00  0.0000E+00
  5.8000E+01  1.0700E+02  3.5000E+00  0.0000E+00  1.0000E+00  1.0000E+00  1.0000E+00  3.4247E+01 -1.0815E+01  0.0000E+00  0.0000E+00  3.0003E+01  0.0000E+00  0.0000E+00
  5.8000E+01  1.2030E+02  3.5000E+00  0.0000E+00  1.0000E+00  1.0000E+00  1.0000E+00  3.4989E+01 -1.0929E+01  0.0000E+00  0.0000E+00  3.0636E+01  0.0000E+00  0.0000E+00
  5.8000E+01  1.3180E+02  0.0000E+00  3.1000E+01  0.0000E+00  0.0000E+00  1.0000E+00  3.3139E+01 -6.8665E-01 -4.9724E-01  3.1000E+01  2.8989E+01  2.0109E+00 -5.1275E-01
  5.9000E+01  0.0000E+00  0.0000E+00  0.0000E+00  1.0000E+00  0.0000E+00  1.0000E+00  0.0000E+00  0.0000E+00  0.0000E+00  0.0000E+00  0.0000E+00  0.0000E+00  0.0000E+00
  5.9000E+01  0.0000E+00  2.2800E+01  0.0000E+00  1.0000E+00  1.0000E+00  1.0000E+00  2.3261E+01 -8.6006E+00  0.0000E+00  0.0000E+00  1.6227E+01  0.0000E+00  0.0000E+00
  5.9000E+01  1.8000E+00  0.0000E+00  2.2600E+01  0.0000E+00  0.0000E+00  1.0000E+00  2.3080E+01 -1.7792E-01  9.8802E-02  2.2600E+01  1.6087E+01  6.5133E+00  1.2586E-01
  5.9000E+01  1.2500E+01  3.0000E+00  0.0000E+00  1.0000E+00  1.0000E+00  1.0000E+00  2.5096E+01 -9.0464E+00  0.0000E+00  0.0000E+00  1.7416E+01  0.0000E+00  0.0000E+00
  5.9000E+01  2.4300E+01  3.0000E+00  0.0000E+00  1.0000E+00  1.0000E+00  1.0000E+00  2.6906E+01 -9.4538E+00  0.0000E+00  0.0000E+00  1.8591E+01  0.0000E+00  0.0000E+00
  5.9000E+01  3.6300E+01  3.0000E+00  0.0000E+00  1.0000E+00  1.0000E+00  1.0000E+00  2.8604E+01 -9.8083E+00  0.0000E+00  0.0000E+00  1.9684E+01  0.0000E+00  0.0000E+00
  5.9000E+01  4.8800E+01  3.0000E+00  0.0000E+00  1.0000E+00  1.0000E+00  1.0000E+00  3.0157E+01 -1.0111E+01  0.0000E+00  0.0000E+00  2.0671E+01  0.0000E+00  0.0000E+00
  5.9000E+01  6.0300E+01  3.0000E+00  0.0000E+00  1.0000E+00  1.0000E+00  1.0000E+00  3.1753E+01 -1.0400E+01  0.0000E+00  0.0000E+00  2.1695E+01  0.0000E+00  0.0000E+00
  5.9000E+01  7.2300E+01  3.0000E+00  0.0000E+00  1.0000E+00  1.0000E+00  1.0000E+00  3.3206E+01 -1.0647E+01  0.0000E+00  0.0000E+00  2.2615E+01  0.0000E+00  0.0000E+00
  5.9000E+01  7.3800E+01  0.0000E+00  3.4300E+01  0.0000E+00  0.0000E+00  1.0000E+00  3.2991E+01  4.2119E-01  8.4420E-01  3.4300E+01  2.2452E+01  1.1848E+01  1.0020E+00
  5.9000E+01  8.4300E+01  3.0000E+00  0.0000E+00  1.0000E+00  1.0000E+00  1.0000E+00  3.4585E+01 -1.0867E+01  0.0000E+00  0.0000E+00  2.3482E+01  0.0000E+00  0.0000E+00
  5.9000E+01  9.6000E+01  3.0000E+00  0.0000E+00  1.0000E+00  1.0000E+00  1.0000E+00  3.5937E+01 -1.1070E+01  0.0000E+00  0.0000E+00  2.4334E+01  0.0000E+00  0.0000E+00
  5.9000E+01  1.0830E+02  3.0000E+00  0.0000E+00  1.0000E+00  1.0000E+00  1.0000E+00  3.7133E+01 -1.1240E+01  0.0000E+00  0.0000E+00  2.5072E+01  0.0000E+00  0.0000E+00
  5.9000E+01  1.2050E+02  3.0000E+00  0.0000E+00  1.0000E+00  1.0000E+00  1.0000E+00  3.8283E+01 -1.1396E+01  0.0000E+00  0.0000E+00  2.5780E+01  0.0000E+00  0.0000E+00
  5.9000E+01  1.3230E+02  3.0000E+00  0.0000E+00  1.0000E+00  1.0000E+00  1.0000E+00  3.9436E+01 -1.1544E+01  0.0000E+00  0.0000E+00  2.6493E+01  0.0000E+00  0.0000E+00
  5.9000E+01  1.4480E+02  3.0000E+00  0.0000E+00  1.0000E+00  1.0000E+00  1.0000E+00  4.0419E+01 -1.1664E+01  0.0000E+00  0.0000E+00  2.7084E+01  0.0000E+00  0.0000E+00
  5.9000E+01  1.4680E+02  0.0000E+00  4.0200E+01  0.0000E+00  0.0000E+00  1.0000E+00  4.0070E+01  3.7653E-02  5.7356E-01  4.0200E+01  2.6825E+01  1.3375E+01  7.2034E-01
