TABLE NO.  2
 ID          KA          CL          V           ETA1        ETA2        ETA3
  1.0000E+00  1.0186E+00  3.1393E+00  5.9315E+01 -8.6364E-02  4.0517E-03  1.7530E-01
  1.0000E+00  1.0186E+00  3.1393E+00  5.9315E+01 -8.6364E-02  4.0517E-03  1.7530E-01
  1.0000E+00  1.0186E+00  3.1393E+00  5.9315E+01 -8.6364E-02  4.0517E-03  1.7530E-01
  1.0000E+00  1.0186E+00  3.1393E+00  5.9315E+01 -8.6364E-02  4.0517E-03  1.7530E-01
  1.0000E+00  1.0186E+00  3.1393E+00  5.9315E+01 -8.6364E-02  4.0517E-03  1.7530E-01
  1.0000E+00  1.0186E+00  3.1393E+00  5.9315E+01 -8.6364E-02  4.0517E-03  1.7530E-01
  1.0000E+00  1.0186E+00  3.1393E+00  5.9315E+01 -8.6364E-02  4.0517E-03  1.7530E-01
  1.0000E+00  1.0186E+00  3.1393E+00  5.9315E+01 -8.6364E-02  4.0517E-03  1.7530E-01
  1.0000E+00  1.0186E+00  3.1393E+00  5.9315E+01 -8.6364E-02  4.0517E-03  1.7530E-01
  1.0000E+00  1.0186E+00  3.1393E+00  5.9315E+01 -8.6364E-02  4.0517E-03  1.7530E-01
  1.0000E+00  1.0186E+00  3.1393E+00  5.9315E+01 -8.6364E-02  4.0517E-03  1.7530E-01
  1.0000E+00  1.0186E+00  3.1393E+00  5.9315E+01 -8.6364E-02  4.0517E-03  1.7530E-01
  1.0000E+00  1.0186E+00  3.1393E+00  5.9315E+01 -8.6364E-02  4.0517E-03  1.7530E-01
  1.0000E+00  1.0186E+00  3.1393E+00  5.9315E+01 -8.6364E-02  4.0517E-03  1.7530E-01
  1.0000E+00  1.0186E+00  3.1393E+00  5.9315E+01 -8.6364E-02  4.0517E-03  1.7530E-01
  1.0000E+00  1.0186E+00  3.1393E+00  5.9315E+01 -8.6364E-02  4.0517E-03  1.7530E-01
  1.0000E+00  1.0186E+00  3.1393E+00  5.9315E+01 -8.6364E-02  4.0517E-03  1.7530E-01
  1.0000E+00  1.0186E+00  3.1393E+00  5.9315E+01 -8.6364E-02  4.0517E-03  1.7530E-01
  1.0000E+00  1.0186E+00  3.1393E+00  5.9315E+01 -8.6364E-02  4.0517E-03  1.7530E-01
  1.0000E+00  1.0186E+00  3.1393E+00  5.9315E+01 -8.6364E-02  4.0517E-03  1.7530E-01
  1.0000E+00  1.0186E+00  3.1393E+00  5.9315E+01 -8.6364E-02  4.0517E-03  1.7530E-01
  1.0000E+00  1.0186E+00  3.1393E+00  5.9315E+01 -8.6364E-02  4.0517E-03  1.7530E-01
  1.0000E+00  1.0186E+00  3.1393E+00  5.9315E+01 -8.6364E-02  4.0517E-03  1.7530E-01
  1.0000E+00  1.0186E+00  3.1393E+00  5.9315E+01 -8.6364E-02  4.0517E-03  1.7530E-01
  2.0000E+00  8.6870E-01  5.4405E+00  5.0759E+01 -2.4558E-01  5.5394E-01  1.9527E-02
  2.0000E+00  8.6870E-01  5.4405E+00  5.0759E+01 -2.4558E-01  5.5394E-01  1.9527E-02
  2.0000E+00  8.6870E-01  5.4405E+00  5.0759E+01 -2.4558E-01  5.5394E-01  1.9527E-02
  2.0000E+00  8.6870E-01  5.4405E+00  5.0759E+01 -2.4558E-01  5.5394E-01  1.9527E-02
  2.0000E+00  8.6870E-01  5.4405E+00  5.0759E+01 -2.4558E-01  5.5394E-01  1.9527E-02
  2.0000E+00  8.6870E-01  5.4405E+00  5.0759E+01 -2.4558E-01  5.5394E-01  1.9527E-02
  2.0000E+00  8.6870E-01  5.4405E+00  5.0759E+01 -2.4558E-01  5.5394E-01  1.9527E-02
  2.0000E+00  8.6870E-01  5.4405E+00  5.0759E+01 -2.4558E-01  5.5394E-01  1.9527E-02
  2.0000E+00  8.6870E-01  5.4405E+00  5.0759E+01 -2.4558E-01  5.5394E-01  1.9527E-02
  2.0000E+00  8.6870E-01  5.4405E+00  5.0759E+01 -2.4558E-01  5.5394E-01  1.9527E-02
  2.0000E+00  8.6870E-01  5.4405E+00  5.0759E+01 -2.4558E-01  5.5394E-01  1.9527E-02
  2.0000E+00  8.6870E-01  5.4405E+00  5.0759E+01 -2.4558E-01  5.5394E-01  1.9527E-02
  2.0000E+00  8.6870E-01  5.4405E+00  5.0759E+01 -2.4558E-01  5.5394E-01  1.9527E-02
  2.0000E+00  8.6870E-01  5.4405E+00  5.0759E+01 -2.4558E-01  5.5394E-01  1.9527E-02
  2.0000E+00  8.6870E-01  5.4405E+00  5.0759E+01 -2.4558E-01  5.5394E-01  1.9527E-02
  2.0000E+00  8.6870E-01  5.4405E+00  5.0759E+01 -2.4558E-01  5.5394E-01  1.9527E-02
  2.0000E+00  8.6870E-01  5.4405E+00  5.0759E+01 -2.4558E-01  5.5394E-01  1.9527E-02
  2.0000E+00  8.6870E-01  5.4405E+00  5.0759E+01 -2.4558E-01  5.5394E-01  1.9527E-02
  2.0000E+00  8.6870E-01  5.4405E+00  5.0759E+01 -2.4558E-01  5.5394E-01  1.9527E-02
  2.0000E+00  8.6870E-01  5.4405E+00  5.0759E+01 -2.4558E-01  5.5394E-01  1.9527E-02
  2.0000E+00  8.6870E-01  5.4405E+00  5.0759E+01 -2.4558E-01  5.5394E-01  1.9527E-02
  2.0000E+00  8.6870E-01  5.4405E+00  5.0759E+01 -2.4558E-01  5.5394E-01  1.9527E-02
  2.0000E+00  8.6870E-01  5.4405E+00  5.0759E+01 -2.4558E-01  5.5394E-01  1.9527E-02
  2.0000E+00  8.6870E-01  5.4405E+00  5.0759E+01 -2.4558E-01  5.5394E-01  1.9527E-02
  3.0000E+00  1.3242E+00  3.0723E+00  5.3096E+01  1.7597E-01 -1.7501E-02  6.4540E-02
  3.0000E+00  1.3242E+00  3.0723E+00  5.3096E+01  1.7597E-01 -1.7501E-02  6.4540E-02
  3.0000E+00  1.3242E+00  3.0723E+00  5.3096E+01  1.7597E-01 -1.7501E-02  6.4540E-02
  3.0000E+00  1.3242E+00  3.0723E+00  5.3096E+01  1.7597E-01 -1.7501E-02  6.4540E-02
  3.0000E+00  1.3242E+00  3.0723E+00  5.3096E+01  1.7597E-01 -1.7501E-02  6.4540E-02
  3.0000E+00  1.3242E+00  3.0723E+00  5.3096E+01  1.7597E-01 -1.7501E-02  6.4540E-02
  3.0000E+00  1.3242E+00  3.0723E+00  5.3096E+01  1.7597E-01 -1.7501E-02  6.4540E-02
  3.0000E+00  1.3242E+00  3.0723E+00  5.3096E+01  1.7597E-01 -1.7501E-02  6.4540E-02
  3.0000E+00  1.3242E+00  3.0723E+00  5.3096E+01  1.7597E-01 -1.7501E-02  6.4540E-02
  3.0000E+00  1.3242E+00  3.0723E+00  5.3096E+01  1.7597E-01 -1.7501E-02  6.4540E-02
  3.0000E+00  1.3242E+00  3.0723E+00  5.3096E+01  1.7597E-01 -1.7501E-02  6.4540E-02
  3.0000E+00  1.3242E+00  3.0723E+00  5.3096E+01  1.7597E-01 -1.7501E-02  6.4540E-02
  3.0000E+00  1.3242E+00  3.0723E+00  5.3096E+01  1.7597E-01 -1.7501E-02  6.4540E-02
  3.0000E+00  1.3242E+00  3.0723E+00  5.3096E+01  1.7597E-01 -1.7501E-02  6.4540E-02
  3.0000E+00  1.3242E+00  3.0723E+00  5.3096E+01  1.7597E-01 -1.7501E-02  6.4540E-02
  3.0000E+00  1.3242E+00  3.0723E+00  5.3096E+01  1.7597E-01 -1.7501E-02  6.4540E-02
  3.0000E+00  1.3242E+00  3.0723E+00  5.3096E+01  1.7597E-01 -1.7501E-02  6.4540E-02
  3.0000E+00  1.3242E+00  3.0723E+00  5.3096E+01  1.7597E-01 -1.7501E-02  6.4540E-02
  3.0000E+00  1.3242E+00  3.0723E+00  5.3096E+01  1.7597E-01 -1.7501E-02  6.4540E-02
  3.0000E+00  1.3242E+00  3.0723E+00  5.3096E+01  1.7597E-01 -1.7501E-02  6.4540E-02
  3.0000E+00  1.3242E+00  3.0723E+00  5.3096E+01  1.7597E-01 -1.7501E-02  6.4540E-02
  3.0000E+00  1.3242E+00  3.0723E+00  5.3096E+01  1.7597E-01 -1.7501E-02  6.4540E-02
  3.0000E+00  1.3242E+00  3.0723E+00  5.3096E+01  1.7597E-01 -1.7501E-02  6.4540E-02
  3.0000E+00  1.3242E+00  3.0723E+00  5.3096E+01  1.7597E-01 -1.7501E-02  6.4540E-02
  4.0000E+00  1.4120E+00  5.4183E+00  4.7557E+01  2.4018E-01  5.4985E-01 -4.5644E-02
  4.0000E+00  1.4120E+00  5.4183E+00  4.7557E+01  2.4018E-01  5.4985E-01 -4.5644E-02
  4.0000E+00  1.4120E+00  5.4183E+00  4.7557E+01  2.4018E-01  5.4985E-01 -4.5644E-02
  4.0000E+00  1.4120E+00  5.4183E+00  4.7557E+01  2.4018E-01  5.4985E-01 -4.5644E-02
  4.0000E+00  1.4120E+00  5.4183E+00  4.7557E+01  2.4018E-01  5.4985E-01 -4.5644E-02
  4.0000E+00  1.4120E+00  5.4183E+00  4.7557E+01  2.4018E-01  5.4985E-01 -4.5644E-02
  4.0000E+00  1.4120E+00  5.4183E+00  4.7557E+01  2.4018E-01  5.4985E-01 -4.5644E-02
  4.0000E+00  1.4120E+00  5.4183E+00  4.7557E+01  2.4018E-01  5.4985E-01 -4.5644E-02
  4.0000E+00  1.4120E+00  5.4183E+00  4.7557E+01  2.4018E-01  5.4985E-01 -4.5644E-02
  4.0000E+00  1.4120E+00  5.4183E+00  4.7557E+01  2.4018E-01  5.4985E-01 -4.5644E-02
  4.0000E+00  1.4120E+00  5.4183E+00  4.7557E+01  2.4018E-01  5.4985E-01 -4.5644E-02
  4.0000E+00  1.4120E+00  5.4183E+00  4.7557E+01  2.4018E-01  5.4985E-01 -4.5644E-02
  4.0000E+00  1.4120E+00  5.4183E+00  4.7557E+01  2.4018E-01  5.4985E-01 -4.5644E-02
  4.0000E+00  1.4120E+00  5.4183E+00  4.7557E+01  2.4018E-01  5.4985E-01 -4.5644E-02
  4.0000E+00  1.4120E+00  5.4183E+00  4.7557E+01  2.4018E-01  5.4985E-01 -4.5644E-02
  4.0000E+00  1.4120E+00  5.4183E+00  4.7557E+01  2.4018E-01  5.4985E-01 -4.5644E-02
  4.0000E+00  1.4120E+00  5.4183E+00  4.7557E+01  2.4018E-01  5.4985E-01 -4.5644E-02
  4.0000E+00  1.4120E+00  5.4183E+00  4.7557E+01  2.4018E-01  5.4985E-01 -4.5644E-02
  4.0000E+00  1.4120E+00  5.4183E+00  4.7557E+01  2.4018E-01  5.4985E-01 -4.5644E-02
  4.0000E+00  1.4120E+00  5.4183E+00  4.7557E+01  2.4018E-01  5.4985E-01 -4.5644E-02
  4.0000E+00  1.4120E+00  5.4183E+00  4.7557E+01  2.4018E-01  5.4985E-01 -4.5644E-02
  4.0000E+00  1.4120E+00  5.4183E+00  4.7557E+01  2.4018E-01  5.4985E-01 -4.5644E-02
  4.0000E+00  1.4120E+00  5.4183E+00  4.7557E+01  2.4018E-01  5.4985E-01 -4.5644E-02
  4.0000E+00  1.4120E+00  5.4183E+00  4.7557E+01  2.4018E-01  5.4985E-01 -4.5644E-02
  5.0000E+00  1.1418E+00  2.1977E+00  4.2483E+01  2.7791E-02 -3.5253E-01 -1.5846E-01
  5.0000E+00  1.1418E+00  2.1977E+00  4.2483E+01  2.7791E-02 -3.5253E-01 -1.5846E-01
  5.0000E+00  1.1418E+00  2.1977E+00  4.2483E+01  2.7791E-02 -3.5253E-01 -1.5846E-01
  5.0000E+00  1.1418E+00  2.1977E+00  4.2483E+01  2.7791E-02 -3.5253E-01 -1.5846E-01
  5.0000E+00  1.1418E+00  2.1977E+00  4.2483E+01  2.7791E-02 -3.5253E-01 -1.5846E-01
  5.0000E+00  1.1418E+00  2.1977E+00  4.2483E+01  2.7791E-02 -3.5253E-01 -1.5846E-01
  5.0000E+00  1.1418E+00  2.1977E+00  4.2483E+01  2.7791E-02 -3.5253E-01 -1.5846E-01
  5.0000E+00  1.1418E+00  2.1977E+00  4.2483E+01  2.7791E-02 -3.5253E-01 -1.5846E-01
  5.0000E+00  1.1418E+00  2.1977E+00  4.2483E+01  2.7791E-02 -3.5253E-01 -1.5846E-01
  5.0000E+00  1.1418E+00  2.1977E+00  4.2483E+01  2.7791E-02 -3.5253E-01 -1.5846E-01
  5.0000E+00  1.1418E+00  2.1977E+00  4.2483E+01  2.7791E-02 -3.5253E-01 -1.5846E-01
  5.0000E+00  1.1418E+00  2.1977E+00  4.2483E+01  2.7791E-02 -3.5253E-01 -1.5846E-01
  5.0000E+00  1.1418E+00  2.1977E+00  4.2483E+01  2.7791E-02 -3.5253E-01 -1.5846E-01
  5.0000E+00  1.1418E+00  2.1977E+00  4.2483E+01  2.7791E-02 -3.5253E-01 -1.5846E-01
  5.0000E+00  1.1418E+00  2.1977E+00  4.2483E+01  2.7791E-02 -3.5253E-01 -1.5846E-01
  5.0000E+00  1.1418E+00  2.1977E+00  4.2483E+01  2.7791E-02 -3.5253E-01 -1.5846E-01
  5.0000E+00  1.1418E+00  2.1977E+00  4.2483E+01  2.7791E-02 -3.5253E-01 -1.5846E-01
  5.0000E+00  1.1418E+00  2.1977E+00  4.2483E+01  2.7791E-02 -3.5253E-01 -1.5846E-01
  5.0000E+00  1.1418E+00  2.1977E+00  4.2483E+01  2.7791E-02 -3.5253E-01 -1.5846E-01
  5.0000E+00  1.1418E+00  2.1977E+00  4.2483E+01  2.7791E-02 -3.5253E-01 -1.5846E-01
  5.0000E+00  1.1418E+00  2.1977E+00  4.2483E+01  2.7791E-02 -3.5253E-01 -1.5846E-01
  5.0000E+00  1.1418E+00  2.1977E+00  4.2483E+01  2.7791E-02 -3.5253E-01 -1.5846E-01
  5.0000E+00  1.1418E+00  2.1977E+00  4.2483E+01  2.7791E-02 -3.5253E-01 -1.5846E-01
  5.0000E+00  1.1418E+00  2.1977E+00  4.2483E+01  2.7791E-02 -3.5253E-01 -1.5846E-01
  6.0000E+00  1.6402E+00  3.8033E+00  3.7507E+01  3.9000E-01  1.9593E-01 -2.8305E-01
  6.0000E+00  1.6402E+00  3.8033E+00  3.7507E+01  3.9000E-01  1.9593E-01 -2.8305E-01
  6.0000E+00  1.6402E+00  3.8033E+00  3.7507E+01  3.9000E-01  1.9593E-01 -2.8305E-01
  6.0000E+00  1.6402E+00  3.8033E+00  3.7507E+01  3.9000E-01  1.9593E-01 -2.8305E-01
  6.0000E+00  1.6402E+00  3.8033E+00  3.7507E+01  3.9000E-01  1.9593E-01 -2.8305E-01
  6.0000E+00  1.6402E+00  3.8033E+00  3.7507E+01  3.9000E-01  1.9593E-01 -2.8305E-01
  6.0000E+00  1.6402E+00  3.8033E+00  3.7507E+01  3.9000E-01  1.9593E-01 -2.8305E-01
  6.0000E+00  1.6402E+00  3.8033E+00  3.7507E+01  3.9000E-01  1.9593E-01 -2.8305E-01
  6.0000E+00  1.6402E+00  3.8033E+00  3.7507E+01  3.9000E-01  1.9593E-01 -2.8305E-01
  6.0000E+00  1.6402E+00  3.8033E+00  3.7507E+01  3.9000E-01  1.9593E-01 -2.8305E-01
  6.0000E+00  1.6402E+00  3.8033E+00  3.7507E+01  3.9000E-01  1.9593E-01 -2.8305E-01
  6.0000E+00  1.6402E+00  3.8033E+00  3.7507E+01  3.9000E-01  1.9593E-01 -2.8305E-01
  6.0000E+00  1.6402E+00  3.8033E+00  3.7507E+01  3.9000E-01  1.9593E-01 -2.8305E-01
  6.0000E+00  1.6402E+00  3.8033E+00  3.7507E+01  3.9000E-01  1.9593E-01 -2.8305E-01
  6.0000E+00  1.6402E+00  3.8033E+00  3.7507E+01  3.9000E-01  1.9593E-01 -2.8305E-01
  6.0000E+00  1.6402E+00  3.8033E+00  3.7507E+01  3.9000E-01  1.9593E-01 -2.8305E-01
  6.0000E+00  1.6402E+00  3.8033E+00  3.7507E+01  3.9000E-01  1.9593E-01 -2.8305E-01
  6.0000E+00  1.6402E+00  3.8033E+00  3.7507E+01  3.9000E-01  1.9593E-01 -2.8305E-01
  6.0000E+00  1.6402E+00  3.8033E+00  3.7507E+01  3.9000E-01  1.9593E-01 -2.8305E-01
  6.0000E+00  1.6402E+00  3.8033E+00  3.7507E+01  3.9000E-01  1.9593E-01 -2.8305E-01
  6.0000E+00  1.6402E+00  3.8033E+00  3.7507E+01  3.9000E-01  1.9593E-01 -2.8305E-01
  6.0000E+00  1.6402E+00  3.8033E+00  3.7507E+01  3.9000E-01  1.9593E-01 -2.8305E-01
  6.0000E+00  1.6402E+00  3.8033E+00  3.7507E+01  3.9000E-01  1.9593E-01 -2.8305E-01
  6.0000E+00  1.6402E+00  3.8033E+00  3.7507E+01  3.9000E-01  1.9593E-01 -2.8305E-01
  7.0000E+00  9.8364E-01  3.4566E+00  5.2325E+01 -1.2132E-01  1.0036E-01  4.9915E-02
  7.0000E+00  9.8364E-01  3.4566E+00  5.2325E+01 -1.2132E-01  1.0036E-01  4.9915E-02
  7.0000E+00  9.8364E-01  3.4566E+00  5.2325E+01 -1.2132E-01  1.0036E-01  4.9915E-02
  7.0000E+00  9.8364E-01  3.4566E+00  5.2325E+01 -1.2132E-01  1.0036E-01  4.9915E-02
  7.0000E+00  9.8364E-01  3.4566E+00  5.2325E+01 -1.2132E-01  1.0036E-01  4.9915E-02
  7.0000E+00  9.8364E-01  3.4566E+00  5.2325E+01 -1.2132E-01  1.0036E-01  4.9915E-02
  7.0000E+00  9.8364E-01  3.4566E+00  5.2325E+01 -1.2132E-01  1.0036E-01  4.9915E-02
  7.0000E+00  9.8364E-01  3.4566E+00  5.2325E+01 -1.2132E-01  1.0036E-01  4.9915E-02
  7.0000E+00  9.8364E-01  3.4566E+00  5.2325E+01 -1.2132E-01  1.0036E-01  4.9915E-02
  7.0000E+00  9.8364E-01  3.4566E+00  5.2325E+01 -1.2132E-01  1.0036E-01  4.9915E-02
  7.0000E+00  9.8364E-01  3.4566E+00  5.2325E+01 -1.2132E-01  1.0036E-01  4.9915E-02
  7.0000E+00  9.8364E-01  3.4566E+00  5.2325E+01 -1.2132E-01  1.0036E-01  4.9915E-02
  7.0000E+00  9.8364E-01  3.4566E+00  5.2325E+01 -1.2132E-01  1.0036E-01  4.9915E-02
  7.0000E+00  9.8364E-01  3.4566E+00  5.2325E+01 -1.2132E-01  1.0036E-01  4.9915E-02
  7.0000E+00  9.8364E-01  3.4566E+00  5.2325E+01 -1.2132E-01  1.0036E-01  4.9915E-02
  7.0000E+00  9.8364E-01  3.4566E+00  5.2325E+01 -1.2132E-01  1.0036E-01  4.9915E-02
  7.0000E+00  9.8364E-01  3.4566E+00  5.2325E+01 -1.2132E-01  1.0036E-01  4.9915E-02
  7.0000E+00  9.8364E-01  3.4566E+00  5.2325E+01 -1.2132E-01  1.0036E-01  4.9915E-02
  7.0000E+00  9.8364E-01  3.4566E+00  5.2325E+01 -1.2132E-01  1.0036E-01  4.9915E-02
  7.0000E+00  9.8364E-01  3.4566E+00  5.2325E+01 -1.2132E-01  1.0036E-01  4.9915E-02
  7.0000E+00  9.8364E-01  3.4566E+00  5.2325E+01 -1.2132E-01  1.0036E-01  4.9915E-02
  7.0000E+00  9.8364E-01  3.4566E+00  5.2325E+01 -1.2132E-01  1.0036E-01  4.9915E-02
  7.0000E+00  9.8364E-01  3.4566E+00  5.2325E+01 -1.2132E-01  1.0036E-01  4.9915E-02
  7.0000E+00  9.8364E-01  3.4566E+00  5.2325E+01 -1.2132E-01  1.0036E-01  4.9915E-02
  8.0000E+00  1.5597E+00  3.2835E+00  4.8014E+01  3.3970E-01  4.8975E-02 -3.6074E-02
  8.0000E+00  1.5597E+00  3.2835E+00  4.8014E+01  3.3970E-01  4.8975E-02 -3.6074E-02
  8.0000E+00  1.5597E+00  3.2835E+00  4.8014E+01  3.3970E-01  4.8975E-02 -3.6074E-02
  8.0000E+00  1.5597E+00  3.2835E+00  4.8014E+01  3.3970E-01  4.8975E-02 -3.6074E-02
  8.0000E+00  1.5597E+00  3.2835E+00  4.8014E+01  3.3970E-01  4.8975E-02 -3.6074E-02
  8.0000E+00  1.5597E+00  3.2835E+00  4.8014E+01  3.3970E-01  4.8975E-02 -3.6074E-02
  8.0000E+00  1.5597E+00  3.2835E+00  4.8014E+01  3.3970E-01  4.8975E-02 -3.6074E-02
  8.0000E+00  1.5597E+00  3.2835E+00  4.8014E+01  3.3970E-01  4.8975E-02 -3.6074E-02
  8.0000E+00  1.5597E+00  3.2835E+00  4.8014E+01  3.3970E-01  4.8975E-02 -3.6074E-02
  8.0000E+00  1.5597E+00  3.2835E+00  4.8014E+01  3.3970E-01  4.8975E-02 -3.6074E-02
  8.0000E+00  1.5597E+00  3.2835E+00  4.8014E+01  3.3970E-01  4.8975E-02 -3.6074E-02
  8.0000E+00  1.5597E+00  3.2835E+00  4.8014E+01  3.3970E-01  4.8975E-02 -3.6074E-02
  8.0000E+00  1.5597E+00  3.2835E+00  4.8014E+01  3.3970E-01  4.8975E-02 -3.6074E-02
  8.0000E+00  1.5597E+00  3.2835E+00  4.8014E+01  3.3970E-01  4.8975E-02 -3.6074E-02
  8.0000E+00  1.5597E+00  3.2835E+00  4.8014E+01  3.3970E-01  4.8975E-02 -3.6074E-02
  8.0000E+00  1.5597E+00  3.2835E+00  4.8014E+01  3.3970E-01  4.8975E-02 -3.6074E-02
  8.0000E+00  1.5597E+00  3.2835E+00  4.8014E+01  3.3970E-01  4.8975E-02 -3.6074E-02
  8.0000E+00  1.5597E+00  3.2835E+00  4.8014E+01  3.3970E-01  4.8975E-02 -3.6074E-02
  8.0000E+00  1.5597E+00  3.2835E+00  4.8014E+01  3.3970E-01  4.8975E-02 -3.6074E-02
  8.0000E+00  1.5597E+00  3.2835E+00  4.8014E+01  3.3970E-01  4.8975E-02 -3.6074E-02
  8.0000E+00  1.5597E+00  3.2835E+00  4.8014E+01  3.3970E-01  4.8975E-02 -3.6074E-02
  8.0000E+00  1.5597E+00  3.2835E+00  4.8014E+01  3.3970E-01  4.8975E-02 -3.6074E-02
  8.0000E+00  1.5597E+00  3.2835E+00  4.8014E+01  3.3970E-01  4.8975E-02 -3.6074E-02
  8.0000E+00  1.5597E+00  3.2835E+00  4.8014E+01  3.3970E-01  4.8975E-02 -3.6074E-02
  9.0000E+00  1.5531E+00  2.3396E+00  6.0386E+01  3.3542E-01 -2.8994E-01  1.9320E-01
  9.0000E+00  1.5531E+00  2.3396E+00  6.0386E+01  3.3542E-01 -2.8994E-01  1.9320E-01
  9.0000E+00  1.5531E+00  2.3396E+00  6.0386E+01  3.3542E-01 -2.8994E-01  1.9320E-01
  9.0000E+00  1.5531E+00  2.3396E+00  6.0386E+01  3.3542E-01 -2.8994E-01  1.9320E-01
  9.0000E+00  1.5531E+00  2.3396E+00  6.0386E+01  3.3542E-01 -2.8994E-01  1.9320E-01
  9.0000E+00  1.5531E+00  2.3396E+00  6.0386E+01  3.3542E-01 -2.8994E-01  1.9320E-01
  9.0000E+00  1.5531E+00  2.3396E+00  6.0386E+01  3.3542E-01 -2.8994E-01  1.9320E-01
  9.0000E+00  1.5531E+00  2.3396E+00  6.0386E+01  3.3542E-01 -2.8994E-01  1.9320E-01
  9.0000E+00  1.5531E+00  2.3396E+00  6.0386E+01  3.3542E-01 -2.8994E-01  1.9320E-01
  9.0000E+00  1.5531E+00  2.3396E+00  6.0386E+01  3.3542E-01 -2.8994E-01  1.9320E-01
  9.0000E+00  1.5531E+00  2.3396E+00  6.0386E+01  3.3542E-01 -2.8994E-01  1.9320E-01
  9.0000E+00  1.5531E+00  2.3396E+00  6.0386E+01  3.3542E-01 -2.8994E-01  1.9320E-01
  9.0000E+00  1.5531E+00  2.3396E+00  6.0386E+01  3.3542E-01 -2.8994E-01  1.9320E-01
  9.0000E+00  1.5531E+00  2.3396E+00  6.0386E+01  3.3542E-01 -2.8994E-01  1.9320E-01
  9.0000E+00  1.5531E+00  2.3396E+00  6.0386E+01  3.3542E-01 -2.8994E-01  1.9320E-01
  9.0000E+00  1.5531E+00  2.3396E+00  6.0386E+01  3.3542E-01 -2.8994E-01  1.9320E-01
  9.0000E+00  1.5531E+00  2.3396E+00  6.0386E+01  3.3542E-01 -2.8994E-01  1.9320E-01
  9.0000E+00  1.5531E+00  2.3396E+00  6.0386E+01  3.3542E-01 -2.8994E-01  1.9320E-01
  9.0000E+00  1.5531E+00  2.3396E+00  6.0386E+01  3.3542E-01 -2.8994E-01  1.9320E-01
  9.0000E+00  1.5531E+00  2.3396E+00  6.0386E+01  3.3542E-01 -2.8994E-01  1.9320E-01
  9.0000E+00  1.5531E+00  2.3396E+00  6.0386E+01  3.3542E-01 -2.8994E-01  1.9320E-01
  9.0000E+00  1.5531E+00  2.3396E+00  6.0386E+01  3.3542E-01 -2.8994E-01  1.9320E-01
  9.0000E+00  1.5531E+00  2.3396E+00  6.0386E+01  3.3542E-01 -2.8994E-01  1.9320E-01
  9.0000E+00  1.5531E+00  2.3396E+00  6.0386E+01  3.3542E-01 -2.8994E-01  1.9320E-01
  1.0000E+01  1.4091E+00  1.6551E+00  4.8823E+01  2.3815E-01 -6.3608E-01 -1.9360E-02
  1.0000E+01  1.4091E+00  1.6551E+00  4.8823E+01  2.3815E-01 -6.3608E-01 -1.9360E-02
  1.0000E+01  1.4091E+00  1.6551E+00  4.8823E+01  2.3815E-01 -6.3608E-01 -1.9360E-02
  1.0000E+01  1.4091E+00  1.6551E+00  4.8823E+01  2.3815E-01 -6.3608E-01 -1.9360E-02
  1.0000E+01  1.4091E+00  1.6551E+00  4.8823E+01  2.3815E-01 -6.3608E-01 -1.9360E-02
  1.0000E+01  1.4091E+00  1.6551E+00  4.8823E+01  2.3815E-01 -6.3608E-01 -1.9360E-02
  1.0000E+01  1.4091E+00  1.6551E+00  4.8823E+01  2.3815E-01 -6.3608E-01 -1.9360E-02
  1.0000E+01  1.4091E+00  1.6551E+00  4.8823E+01  2.3815E-01 -6.3608E-01 -1.9360E-02
  1.0000E+01  1.4091E+00  1.6551E+00  4.8823E+01  2.3815E-01 -6.3608E-01 -1.9360E-02
  1.0000E+01  1.4091E+00  1.6551E+00  4.8823E+01  2.3815E-01 -6.3608E-01 -1.9360E-02
  1.0000E+01  1.4091E+00  1.6551E+00  4.8823E+01  2.3815E-01 -6.3608E-01 -1.9360E-02
  1.0000E+01  1.4091E+00  1.6551E+00  4.8823E+01  2.3815E-01 -6.3608E-01 -1.9360E-02
  1.0000E+01  1.4091E+00  1.6551E+00  4.8823E+01  2.3815E-01 -6.3608E-01 -1.9360E-02
  1.0000E+01  1.4091E+00  1.6551E+00  4.8823E+01  2.3815E-01 -6.3608E-01 -1.9360E-02
  1.0000E+01  1.4091E+00  1.6551E+00  4.8823E+01  2.3815E-01 -6.3608E-01 -1.9360E-02
  1.0000E+01  1.4091E+00  1.6551E+00  4.8823E+01  2.3815E-01 -6.3608E-01 -1.9360E-02
  1.0000E+01  1.4091E+00  1.6551E+00  4.8823E+01  2.3815E-01 -6.3608E-01 -1.9360E-02
  1.0000E+01  1.4091E+00  1.6551E+00  4.8823E+01  2.3815E-01 -6.3608E-01 -1.9360E-02
  1.0000E+01  1.4091E+00  1.6551E+00  4.8823E+01  2.3815E-01 -6.3608E-01 -1.9360E-02
  1.0000E+01  1.4091E+00  1.6551E+00  4.8823E+01  2.3815E-01 -6.3608E-01 -1.9360E-02
  1.0000E+01  1.4091E+00  1.6551E+00  4.8823E+01  2.3815E-01 -6.3608E-01 -1.9360E-02
  1.0000E+01  1.4091E+00  1.6551E+00  4.8823E+01  2.3815E-01 -6.3608E-01 -1.9360E-02
  1.0000E+01  1.4091E+00  1.6551E+00  4.8823E+01  2.3815E-01 -6.3608E-01 -1.9360E-02
  1.0000E+01  1.4091E+00  1.6551E+00  4.8823E+01  2.3815E-01 -6.3608E-01 -1.9360E-02
  1.1000E+01  1.4532E+00  1.7530E+00  6.6980E+01  2.6891E-01 -5.7858E-01  2.9682E-01
  1.1000E+01  1.4532E+00  1.7530E+00  6.6980E+01  2.6891E-01 -5.7858E-01  2.9682E-01
  1.1000E+01  1.4532E+00  1.7530E+00  6.6980E+01  2.6891E-01 -5.7858E-01  2.9682E-01
  1.1000E+01  1.4532E+00  1.7530E+00  6.6980E+01  2.6891E-01 -5.7858E-01  2.9682E-01
  1.1000E+01  1.4532E+00  1.7530E+00  6.6980E+01  2.6891E-01 -5.7858E-01  2.9682E-01
  1.1000E+01  1.4532E+00  1.7530E+00  6.6980E+01  2.6891E-01 -5.7858E-01  2.9682E-01
  1.1000E+01  1.4532E+00  1.7530E+00  6.6980E+01  2.6891E-01 -5.7858E-01  2.9682E-01
  1.1000E+01  1.4532E+00  1.7530E+00  6.6980E+01  2.6891E-01 -5.7858E-01  2.9682E-01
  1.1000E+01  1.4532E+00  1.7530E+00  6.6980E+01  2.6891E-01 -5.7858E-01  2.9682E-01
  1.1000E+01  1.4532E+00  1.7530E+00  6.6980E+01  2.6891E-01 -5.7858E-01  2.9682E-01
  1.1000E+01  1.4532E+00  1.7530E+00  6.6980E+01  2.6891E-01 -5.7858E-01  2.9682E-01
  1.1000E+01  1.4532E+00  1.7530E+00  6.6980E+01  2.6891E-01 -5.7858E-01  2.9682E-01
  1.1000E+01  1.4532E+00  1.7530E+00  6.6980E+01  2.6891E-01 -5.7858E-01  2.9682E-01
  1.1000E+01  1.4532E+00  1.7530E+00  6.6980E+01  2.6891E-01 -5.7858E-01  2.9682E-01
  1.1000E+01  1.4532E+00  1.7530E+00  6.6980E+01  2.6891E-01 -5.7858E-01  2.9682E-01
  1.1000E+01  1.4532E+00  1.7530E+00  6.6980E+01  2.6891E-01 -5.7858E-01  2.9682E-01
  1.1000E+01  1.4532E+00  1.7530E+00  6.6980E+01  2.6891E-01 -5.7858E-01  2.9682E-01
  1.1000E+01  1.4532E+00  1.7530E+00  6.6980E+01  2.6891E-01 -5.7858E-01  2.9682E-01
  1.1000E+01  1.4532E+00  1.7530E+00  6.6980E+01  2.6891E-01 -5.7858E-01  2.9682E-01
  1.1000E+01  1.4532E+00  1.7530E+00  6.6980E+01  2.6891E-01 -5.7858E-01  2.9682E-01
  1.1000E+01  1.4532E+00  1.7530E+00  6.6980E+01  2.6891E-01 -5.7858E-01  2.9682E-01
  1.1000E+01  1.4532E+00  1.7530E+00  6.6980E+01  2.6891E-01 -5.7858E-01  2.9682E-01
  1.1000E+01  1.4532E+00  1.7530E+00  6.6980E+01  2.6891E-01 -5.7858E-01  2.9682E-01
  1.1000E+01  1.4532E+00  1.7530E+00  6.6980E+01  2.6891E-01 -5.7858E-01  2.9682E-01
  1.2000E+01  1.9243E+00  5.4650E+00  6.0488E+01  5.4975E-01  5.5844E-01  1.9488E-01
  1.2000E+01  1.9243E+00  5.4650E+00  6.0488E+01  5.4975E-01  5.5844E-01  1.9488E-01
  1.2000E+01  1.9243E+00  5.4650E+00  6.0488E+01  5.4975E-01  5.5844E-01  1.9488E-01
  1.2000E+01  1.9243E+00  5.4650E+00  6.0488E+01  5.4975E-01  5.5844E-01  1.9488E-01
  1.2000E+01  1.9243E+00  5.4650E+00  6.0488E+01  5.4975E-01  5.5844E-01  1.9488E-01
  1.2000E+01  1.9243E+00  5.4650E+00  6.0488E+01  5.4975E-01  5.5844E-01  1.9488E-01
  1.2000E+01  1.9243E+00  5.4650E+00  6.0488E+01  5.4975E-01  5.5844E-01  1.9488E-01
  1.2000E+01  1.9243E+00  5.4650E+00  6.0488E+01  5.4975E-01  5.5844E-01  1.9488E-01
  1.2000E+01  1.9243E+00  5.4650E+00  6.0488E+01  5.4975E-01  5.5844E-01  1.9488E-01
  1.2000E+01  1.9243E+00  5.4650E+00  6.0488E+01  5.4975E-01  5.5844E-01  1.9488E-01
  1.2000E+01  1.9243E+00  5.4650E+00  6.0488E+01  5.4975E-01  5.5844E-01  1.9488E-01
  1.2000E+01  1.9243E+00  5.4650E+00  6.0488E+01  5.4975E-01  5.5844E-01  1.9488E-01
  1.2000E+01  1.9243E+00  5.4650E+00  6.0488E+01  5.4975E-01  5.5844E-01  1.9488E-01
  1.2000E+01  1.9243E+00  5.4650E+00  6.0488E+01  5.4975E-01  5.5844E-01  1.9488E-01
  1.2000E+01  1.9243E+00  5.4650E+00  6.0488E+01  5.4975E-01  5.5844E-01  1.9488E-01
  1.2000E+01  1.9243E+00  5.4650E+00  6.0488E+01  5.4975E-01  5.5844E-01  1.9488E-01
  1.2000E+01  1.9243E+00  5.4650E+00  6.0488E+01  5.4975E-01  5.5844E-01  1.9488E-01
  1.2000E+01  1.9243E+00  5.4650E+00  6.0488E+01  5.4975E-01  5.5844E-01  1.9488E-01
  1.2000E+01  1.9243E+00  5.4650E+00  6.0488E+01  5.4975E-01  5.5844E-01  1.9488E-01
  1.2000E+01  1.9243E+00  5.4650E+00  6.0488E+01  5.4975E-01  5.5844E-01  1.9488E-01
  1.2000E+01  1.9243E+00  5.4650E+00  6.0488E+01  5.4975E-01  5.5844E-01  1.9488E-01
  1.2000E+01  1.9243E+00  5.4650E+00  6.0488E+01  5.4975E-01  5.5844E-01  1.9488E-01
  1.2000E+01  1.9243E+00  5.4650E+00  6.0488E+01  5.4975E-01  5.5844E-01  1.9488E-01
  1.2000E+01  1.9243E+00  5.4650E+00  6.0488E+01  5.4975E-01  5.5844E-01  1.9488E-01
  1.3000E+01  1.5721E+00  2.5410E+00  4.9433E+01  3.4757E-01 -2.0739E-01 -6.9400E-03
  1.3000E+01  1.5721E+00  2.5410E+00  4.9433E+01  3.4757E-01 -2.0739E-01 -6.9400E-03
  1.3000E+01  1.5721E+00  2.5410E+00  4.9433E+01  3.4757E-01 -2.0739E-01 -6.9400E-03
  1.3000E+01  1.5721E+00  2.5410E+00  4.9433E+01  3.4757E-01 -2.0739E-01 -6.9400E-03
  1.3000E+01  1.5721E+00  2.5410E+00  4.9433E+01  3.4757E-01 -2.0739E-01 -6.9400E-03
  1.3000E+01  1.5721E+00  2.5410E+00  4.9433E+01  3.4757E-01 -2.0739E-01 -6.9400E-03
  1.3000E+01  1.5721E+00  2.5410E+00  4.9433E+01  3.4757E-01 -2.0739E-01 -6.9400E-03
  1.3000E+01  1.5721E+00  2.5410E+00  4.9433E+01  3.4757E-01 -2.0739E-01 -6.9400E-03
  1.3000E+01  1.5721E+00  2.5410E+00  4.9433E+01  3.4757E-01 -2.0739E-01 -6.9400E-03
  1.3000E+01  1.5721E+00  2.5410E+00  4.9433E+01  3.4757E-01 -2.0739E-01 -6.9400E-03
  1.3000E+01  1.5721E+00  2.5410E+00  4.9433E+01  3.4757E-01 -2.0739E-01 -6.9400E-03
  1.3000E+01  1.5721E+00  2.5410E+00  4.9433E+01  3.4757E-01 -2.0739E-01 -6.9400E-03
  1.3000E+01  1.5721E+00  2.5410E+00  4.9433E+01  3.4757E-01 -2.0739E-01 -6.9400E-03
  1.3000E+01  1.5721E+00  2.5410E+00  4.9433E+01  3.4757E-01 -2.0739E-01 -6.9400E-03
  1.3000E+01  1.5721E+00  2.5410E+00  4.9433E+01  3.4757E-01 -2.0739E-01 -6.9400E-03
  1.3000E+01  1.5721E+00  2.5410E+00  4.9433E+01  3.4757E-01 -2.0739E-01 -6.9400E-03
  1.3000E+01  1.5721E+00  2.5410E+00  4.9433E+01  3.4757E-01 -2.0739E-01 -6.9400E-03
  1.3000E+01  1.5721E+00  2.5410E+00  4.9433E+01  3.4757E-01 -2.0739E-01 -6.9400E-03
  1.3000E+01  1.5721E+00  2.5410E+00  4.9433E+01  3.4757E-01 -2.0739E-01 -6.9400E-03
  1.3000E+01  1.5721E+00  2.5410E+00  4.9433E+01  3.4757E-01 -2.0739E-01 -6.9400E-03
  1.3000E+01  1.5721E+00  2.5410E+00  4.9433E+01  3.4757E-01 -2.0739E-01 -6.9400E-03
  1.3000E+01  1.5721E+00  2.5410E+00  4.9433E+01  3.4757E-01 -2.0739E-01 -6.9400E-03
  1.3000E+01  1.5721E+00  2.5410E+00  4.9433E+01  3.4757E-01 -2.0739E-01 -6.9400E-03
  1.3000E+01  1.5721E+00  2.5410E+00  4.9433E+01  3.4757E-01 -2.0739E-01 -6.9400E-03
  1.4000E+01  1.1520E+00  4.9967E+00  3.7592E+01  3.6641E-02  4.6884E-01 -2.8076E-01
  1.4000E+01  1.1520E+00  4.9967E+00  3.7592E+01  3.6641E-02  4.6884E-01 -2.8076E-01
  1.4000E+01  1.1520E+00  4.9967E+00  3.7592E+01  3.6641E-02  4.6884E-01 -2.8076E-01
  1.4000E+01  1.1520E+00  4.9967E+00  3.7592E+01  3.6641E-02  4.6884E-01 -2.8076E-01
  1.4000E+01  1.1520E+00  4.9967E+00  3.7592E+01  3.6641E-02  4.6884E-01 -2.8076E-01
  1.4000E+01  1.1520E+00  4.9967E+00  3.7592E+01  3.6641E-02  4.6884E-01 -2.8076E-01
  1.4000E+01  1.1520E+00  4.9967E+00  3.7592E+01  3.6641E-02  4.6884E-01 -2.8076E-01
  1.4000E+01  1.1520E+00  4.9967E+00  3.7592E+01  3.6641E-02  4.6884E-01 -2.8076E-01
  1.4000E+01  1.1520E+00  4.9967E+00  3.7592E+01  3.6641E-02  4.6884E-01 -2.8076E-01
  1.4000E+01  1.1520E+00  4.9967E+00  3.7592E+01  3.6641E-02  4.6884E-01 -2.8076E-01
  1.4000E+01  1.1520E+00  4.9967E+00  3.7592E+01  3.6641E-02  4.6884E-01 -2.8076E-01
  1.4000E+01  1.1520E+00  4.9967E+00  3.7592E+01  3.6641E-02  4.6884E-01 -2.8076E-01
  1.4000E+01  1.1520E+00  4.9967E+00  3.7592E+01  3.6641E-02  4.6884E-01 -2.8076E-01
  1.4000E+01  1.1520E+00  4.9967E+00  3.7592E+01  3.6641E-02  4.6884E-01 -2.8076E-01
  1.4000E+01  1.1520E+00  4.9967E+00  3.7592E+01  3.6641E-02  4.6884E-01 -2.8076E-01
  1.4000E+01  1.1520E+00  4.9967E+00  3.7592E+01  3.6641E-02  4.6884E-01 -2.8076E-01
  1.4000E+01  1.1520E+00  4.9967E+00  3.7592E+01  3.6641E-02  4.6884E-01 -2.8076E-01
  1.4000E+01  1.1520E+00  4.9967E+00  3.7592E+01  3.6641E-02  4.6884E-01 -2.8076E-01
  1.4000E+01  1.1520E+00  4.9967E+00  3.7592E+01  3.6641E-02  4.6884E-01 -2.8076E-01
  1.4000E+01  1.1520E+00  4.9967E+00  3.7592E+01  3.6641E-02  4.6884E-01 -2.8076E-01
  1.4000E+01  1.1520E+00  4.9967E+00  3.7592E+01  3.6641E-02  4.6884E-01 -2.8076E-01
  1.4000E+01  1.1520E+00  4.9967E+00  3.7592E+01  3.6641E-02  4.6884E-01 -2.8076E-01
  1.4000E+01  1.1520E+00  4.9967E+00  3.7592E+01  3.6641E-02  4.6884E-01 -2.8076E-01
  1.4000E+01  1.1520E+00  4.9967E+00  3.7592E+01  3.6641E-02  4.6884E-01 -2.8076E-01
  1.5000E+01  1.1022E+00  7.3544E-01  4.1777E+01 -7.5160E-03 -1.4472E+00 -1.7523E-01
  1.5000E+01  1.1022E+00  7.3544E-01  4.1777E+01 -7.5160E-03 -1.4472E+00 -1.7523E-01
  1.5000E+01  1.1022E+00  7.3544E-01  4.1777E+01 -7.5160E-03 -1.4472E+00 -1.7523E-01
  1.5000E+01  1.1022E+00  7.3544E-01  4.1777E+01 -7.5160E-03 -1.4472E+00 -1.7523E-01
  1.5000E+01  1.1022E+00  7.3544E-01  4.1777E+01 -7.5160E-03 -1.4472E+00 -1.7523E-01
  1.5000E+01  1.1022E+00  7.3544E-01  4.1777E+01 -7.5160E-03 -1.4472E+00 -1.7523E-01
  1.5000E+01  1.1022E+00  7.3544E-01  4.1777E+01 -7.5160E-03 -1.4472E+00 -1.7523E-01
  1.5000E+01  1.1022E+00  7.3544E-01  4.1777E+01 -7.5160E-03 -1.4472E+00 -1.7523E-01
  1.5000E+01  1.1022E+00  7.3544E-01  4.1777E+01 -7.5160E-03 -1.4472E+00 -1.7523E-01
  1.5000E+01  1.1022E+00  7.3544E-01  4.1777E+01 -7.5160E-03 -1.4472E+00 -1.7523E-01
  1.5000E+01  1.1022E+00  7.3544E-01  4.1777E+01 -7.5160E-03 -1.4472E+00 -1.7523E-01
  1.5000E+01  1.1022E+00  7.3544E-01  4.1777E+01 -7.5160E-03 -1.4472E+00 -1.7523E-01
  1.5000E+01  1.1022E+00  7.3544E-01  4.1777E+01 -7.5160E-03 -1.4472E+00 -1.7523E-01
  1.5000E+01  1.1022E+00  7.3544E-01  4.1777E+01 -7.5160E-03 -1.4472E+00 -1.7523E-01
  1.5000E+01  1.1022E+00  7.3544E-01  4.1777E+01 -7.5160E-03 -1.4472E+00 -1.7523E-01
  1.5000E+01  1.1022E+00  7.3544E-01  4.1777E+01 -7.5160E-03 -1.4472E+00 -1.7523E-01
  1.5000E+01  1.1022E+00  7.3544E-01  4.1777E+01 -7.5160E-03 -1.4472E+00 -1.7523E-01
  1.5000E+01  1.1022E+00  7.3544E-01  4.1777E+01 -7.5160E-03 -1.4472E+00 -1.7523E-01
  1.5000E+01  1.1022E+00  7.3544E-01  4.1777E+01 -7.5160E-03 -1.4472E+00 -1.7523E-01
  1.5000E+01  1.1022E+00  7.3544E-01  4.1777E+01 -7.5160E-03 -1.4472E+00 -1.7523E-01
  1.5000E+01  1.1022E+00  7.3544E-01  4.1777E+01 -7.5160E-03 -1.4472E+00 -1.7523E-01
  1.5000E+01  1.1022E+00  7.3544E-01  4.1777E+01 -7.5160E-03 -1.4472E+00 -1.7523E-01
  1.5000E+01  1.1022E+00  7.3544E-01  4.1777E+01 -7.5160E-03 -1.4472E+00 -1.7523E-01
  1.5000E+01  1.1022E+00  7.3544E-01  4.1777E+01 -7.5160E-03 -1.4472E+00 -1.7523E-01
  1.6000E+01  1.2340E+00  2.9829E+00  5.0899E+01  1.0543E-01 -4.7046E-02  2.2284E-02
  1.6000E+01  1.2340E+00  2.9829E+00  5.0899E+01  1.0543E-01 -4.7046E-02  2.2284E-02
  1.6000E+01  1.2340E+00  2.9829E+00  5.0899E+01  1.0543E-01 -4.7046E-02  2.2284E-02
  1.6000E+01  1.2340E+00  2.9829E+00  5.0899E+01  1.0543E-01 -4.7046E-02  2.2284E-02
  1.6000E+01  1.2340E+00  2.9829E+00  5.0899E+01  1.0543E-01 -4.7046E-02  2.2284E-02
  1.6000E+01  1.2340E+00  2.9829E+00  5.0899E+01  1.0543E-01 -4.7046E-02  2.2284E-02
  1.6000E+01  1.2340E+00  2.9829E+00  5.0899E+01  1.0543E-01 -4.7046E-02  2.2284E-02
  1.6000E+01  1.2340E+00  2.9829E+00  5.0899E+01  1.0543E-01 -4.7046E-02  2.2284E-02
  1.6000E+01  1.2340E+00  2.9829E+00  5.0899E+01  1.0543E-01 -4.7046E-02  2.2284E-02
  1.6000E+01  1.2340E+00  2.9829E+00  5.0899E+01  1.0543E-01 -4.7046E-02  2.2284E-02
  1.6000E+01  1.2340E+00  2.9829E+00  5.0899E+01  1.0543E-01 -4.7046E-02  2.2284E-02
  1.6000E+01  1.2340E+00  2.9829E+00  5.0899E+01  1.0543E-01 -4.7046E-02  2.2284E-02
  1.6000E+01  1.2340E+00  2.9829E+00  5.0899E+01  1.0543E-01 -4.7046E-02  2.2284E-02
  1.6000E+01  1.2340E+00  2.9829E+00  5.0899E+01  1.0543E-01 -4.7046E-02  2.2284E-02
  1.6000E+01  1.2340E+00  2.9829E+00  5.0899E+01  1.0543E-01 -4.7046E-02  2.2284E-02
  1.6000E+01  1.2340E+00  2.9829E+00  5.0899E+01  1.0543E-01 -4.7046E-02  2.2284E-02
  1.6000E+01  1.2340E+00  2.9829E+00  5.0899E+01  1.0543E-01 -4.7046E-02  2.2284E-02
  1.6000E+01  1.2340E+00  2.9829E+00  5.0899E+01  1.0543E-01 -4.7046E-02  2.2284E-02
  1.6000E+01  1.2340E+00  2.9829E+00  5.0899E+01  1.0543E-01 -4.7046E-02  2.2284E-02
  1.6000E+01  1.2340E+00  2.9829E+00  5.0899E+01  1.0543E-01 -4.7046E-02  2.2284E-02
  1.6000E+01  1.2340E+00  2.9829E+00  5.0899E+01  1.0543E-01 -4.7046E-02  2.2284E-02
  1.6000E+01  1.2340E+00  2.9829E+00  5.0899E+01  1.0543E-01 -4.7046E-02  2.2284E-02
  1.6000E+01  1.2340E+00  2.9829E+00  5.0899E+01  1.0543E-01 -4.7046E-02  2.2284E-02
  1.6000E+01  1.2340E+00  2.9829E+00  5.0899E+01  1.0543E-01 -4.7046E-02  2.2284E-02
  1.7000E+01  1.4874E+00  3.0397E+00  3.8130E+01  2.9224E-01 -2.8176E-02 -2.6655E-01
  1.7000E+01  1.4874E+00  3.0397E+00  3.8130E+01  2.9224E-01 -2.8176E-02 -2.6655E-01
  1.7000E+01  1.4874E+00  3.0397E+00  3.8130E+01  2.9224E-01 -2.8176E-02 -2.6655E-01
  1.7000E+01  1.4874E+00  3.0397E+00  3.8130E+01  2.9224E-01 -2.8176E-02 -2.6655E-01
  1.7000E+01  1.4874E+00  3.0397E+00  3.8130E+01  2.9224E-01 -2.8176E-02 -2.6655E-01
  1.7000E+01  1.4874E+00  3.0397E+00  3.8130E+01  2.9224E-01 -2.8176E-02 -2.6655E-01
  1.7000E+01  1.4874E+00  3.0397E+00  3.8130E+01  2.9224E-01 -2.8176E-02 -2.6655E-01
  1.7000E+01  1.4874E+00  3.0397E+00  3.8130E+01  2.9224E-01 -2.8176E-02 -2.6655E-01
  1.7000E+01  1.4874E+00  3.0397E+00  3.8130E+01  2.9224E-01 -2.8176E-02 -2.6655E-01
  1.7000E+01  1.4874E+00  3.0397E+00  3.8130E+01  2.9224E-01 -2.8176E-02 -2.6655E-01
  1.7000E+01  1.4874E+00  3.0397E+00  3.8130E+01  2.9224E-01 -2.8176E-02 -2.6655E-01
  1.7000E+01  1.4874E+00  3.0397E+00  3.8130E+01  2.9224E-01 -2.8176E-02 -2.6655E-01
  1.7000E+01  1.4874E+00  3.0397E+00  3.8130E+01  2.9224E-01 -2.8176E-02 -2.6655E-01
  1.7000E+01  1.4874E+00  3.0397E+00  3.8130E+01  2.9224E-01 -2.8176E-02 -2.6655E-01
  1.7000E+01  1.4874E+00  3.0397E+00  3.8130E+01  2.9224E-01 -2.8176E-02 -2.6655E-01
  1.7000E+01  1.4874E+00  3.0397E+00  3.8130E+01  2.9224E-01 -2.8176E-02 -2.6655E-01
  1.7000E+01  1.4874E+00  3.0397E+00  3.8130E+01  2.9224E-01 -2.8176E-02 -2.6655E-01
  1.7000E+01  1.4874E+00  3.0397E+00  3.8130E+01  2.9224E-01 -2.8176E-02 -2.6655E-01
  1.7000E+01  1.4874E+00  3.0397E+00  3.8130E+01  2.9224E-01 -2.8176E-02 -2.6655E-01
  1.7000E+01  1.4874E+00  3.0397E+00  3.8130E+01  2.9224E-01 -2.8176E-02 -2.6655E-01
  1.7000E+01  1.4874E+00  3.0397E+00  3.8130E+01  2.9224E-01 -2.8176E-02 -2.6655E-01
  1.7000E+01  1.4874E+00  3.0397E+00  3.8130E+01  2.9224E-01 -2.8176E-02 -2.6655E-01
  1.7000E+01  1.4874E+00  3.0397E+00  3.8130E+01  2.9224E-01 -2.8176E-02 -2.6655E-01
  1.7000E+01  1.4874E+00  3.0397E+00  3.8130E+01  2.9224E-01 -2.8176E-02 -2.6655E-01
  1.8000E+01  1.6057E+00  3.3263E+00  4.3722E+01  3.6875E-01  6.1923E-02 -1.2971E-01
  1.8000E+01  1.6057E+00  3.3263E+00  4.3722E+01  3.6875E-01  6.1923E-02 -1.2971E-01
  1.8000E+01  1.6057E+00  3.3263E+00  4.3722E+01  3.6875E-01  6.1923E-02 -1.2971E-01
  1.8000E+01  1.6057E+00  3.3263E+00  4.3722E+01  3.6875E-01  6.1923E-02 -1.2971E-01
  1.8000E+01  1.6057E+00  3.3263E+00  4.3722E+01  3.6875E-01  6.1923E-02 -1.2971E-01
  1.8000E+01  1.6057E+00  3.3263E+00  4.3722E+01  3.6875E-01  6.1923E-02 -1.2971E-01
  1.8000E+01  1.6057E+00  3.3263E+00  4.3722E+01  3.6875E-01  6.1923E-02 -1.2971E-01
  1.8000E+01  1.6057E+00  3.3263E+00  4.3722E+01  3.6875E-01  6.1923E-02 -1.2971E-01
  1.8000E+01  1.6057E+00  3.3263E+00  4.3722E+01  3.6875E-01  6.1923E-02 -1.2971E-01
  1.8000E+01  1.6057E+00  3.3263E+00  4.3722E+01  3.6875E-01  6.1923E-02 -1.2971E-01
  1.8000E+01  1.6057E+00  3.3263E+00  4.3722E+01  3.6875E-01  6.1923E-02 -1.2971E-01
  1.8000E+01  1.6057E+00  3.3263E+00  4.3722E+01  3.6875E-01  6.1923E-02 -1.2971E-01
  1.8000E+01  1.6057E+00  3.3263E+00  4.3722E+01  3.6875E-01  6.1923E-02 -1.2971E-01
  1.8000E+01  1.6057E+00  3.3263E+00  4.3722E+01  3.6875E-01  6.1923E-02 -1.2971E-01
  1.8000E+01  1.6057E+00  3.3263E+00  4.3722E+01  3.6875E-01  6.1923E-02 -1.2971E-01
  1.8000E+01  1.6057E+00  3.3263E+00  4.3722E+01  3.6875E-01  6.1923E-02 -1.2971E-01
  1.8000E+01  1.6057E+00  3.3263E+00  4.3722E+01  3.6875E-01  6.1923E-02 -1.2971E-01
  1.8000E+01  1.6057E+00  3.3263E+00  4.3722E+01  3.6875E-01  6.1923E-02 -1.2971E-01
  1.8000E+01  1.6057E+00  3.3263E+00  4.3722E+01  3.6875E-01  6.1923E-02 -1.2971E-01
  1.8000E+01  1.6057E+00  3.3263E+00  4.3722E+01  3.6875E-01  6.1923E-02 -1.2971E-01
  1.8000E+01  1.6057E+00  3.3263E+00  4.3722E+01  3.6875E-01  6.1923E-02 -1.2971E-01
  1.8000E+01  1.6057E+00  3.3263E+00  4.3722E+01  3.6875E-01  6.1923E-02 -1.2971E-01
  1.8000E+01  1.6057E+00  3.3263E+00  4.3722E+01  3.6875E-01  6.1923E-02 -1.2971E-01
  1.8000E+01  1.6057E+00  3.3263E+00  4.3722E+01  3.6875E-01  6.1923E-02 -1.2971E-01
  1.9000E+01  2.1488E+00  9.7881E-01  3.8392E+01  6.6007E-01 -1.1614E+00 -2.5971E-01
  1.9000E+01  2.1488E+00  9.7881E-01  3.8392E+01  6.6007E-01 -1.1614E+00 -2.5971E-01
  1.9000E+01  2.1488E+00  9.7881E-01  3.8392E+01  6.6007E-01 -1.1614E+00 -2.5971E-01
  1.9000E+01  2.1488E+00  9.7881E-01  3.8392E+01  6.6007E-01 -1.1614E+00 -2.5971E-01
  1.9000E+01  2.1488E+00  9.7881E-01  3.8392E+01  6.6007E-01 -1.1614E+00 -2.5971E-01
  1.9000E+01  2.1488E+00  9.7881E-01  3.8392E+01  6.6007E-01 -1.1614E+00 -2.5971E-01
  1.9000E+01  2.1488E+00  9.7881E-01  3.8392E+01  6.6007E-01 -1.1614E+00 -2.5971E-01
  1.9000E+01  2.1488E+00  9.7881E-01  3.8392E+01  6.6007E-01 -1.1614E+00 -2.5971E-01
  1.9000E+01  2.1488E+00  9.7881E-01  3.8392E+01  6.6007E-01 -1.1614E+00 -2.5971E-01
  1.9000E+01  2.1488E+00  9.7881E-01  3.8392E+01  6.6007E-01 -1.1614E+00 -2.5971E-01
  1.9000E+01  2.1488E+00  9.7881E-01  3.8392E+01  6.6007E-01 -1.1614E+00 -2.5971E-01
  1.9000E+01  2.1488E+00  9.7881E-01  3.8392E+01  6.6007E-01 -1.1614E+00 -2.5971E-01
  1.9000E+01  2.1488E+00  9.7881E-01  3.8392E+01  6.6007E-01 -1.1614E+00 -2.5971E-01
  1.9000E+01  2.1488E+00  9.7881E-01  3.8392E+01  6.6007E-01 -1.1614E+00 -2.5971E-01
  1.9000E+01  2.1488E+00  9.7881E-01  3.8392E+01  6.6007E-01 -1.1614E+00 -2.5971E-01
  1.9000E+01  2.1488E+00  9.7881E-01  3.8392E+01  6.6007E-01 -1.1614E+00 -2.5971E-01
  1.9000E+01  2.1488E+00  9.7881E-01  3.8392E+01  6.6007E-01 -1.1614E+00 -2.5971E-01
  1.9000E+01  2.1488E+00  9.7881E-01  3.8392E+01  6.6007E-01 -1.1614E+00 -2.5971E-01
  1.9000E+01  2.1488E+00  9.7881E-01  3.8392E+01  6.6007E-01 -1.1614E+00 -2.5971E-01
  1.9000E+01  2.1488E+00  9.7881E-01  3.8392E+01  6.6007E-01 -1.1614E+00 -2.5971E-01
  1.9000E+01  2.1488E+00  9.7881E-01  3.8392E+01  6.6007E-01 -1.1614E+00 -2.5971E-01
  1.9000E+01  2.1488E+00  9.7881E-01  3.8392E+01  6.6007E-01 -1.1614E+00 -2.5971E-01
  1.9000E+01  2.1488E+00  9.7881E-01  3.8392E+01  6.6007E-01 -1.1614E+00 -2.5971E-01
  1.9000E+01  2.1488E+00  9.7881E-01  3.8392E+01  6.6007E-01 -1.1614E+00 -2.5971E-01
  2.0000E+01  5.4731E-01  5.5794E+00  6.2047E+01 -7.0757E-01  5.7915E-01  2.2033E-01
  2.0000E+01  5.4731E-01  5.5794E+00  6.2047E+01 -7.0757E-01  5.7915E-01  2.2033E-01
  2.0000E+01  5.4731E-01  5.5794E+00  6.2047E+01 -7.0757E-01  5.7915E-01  2.2033E-01
  2.0000E+01  5.4731E-01  5.5794E+00  6.2047E+01 -7.0757E-01  5.7915E-01  2.2033E-01
  2.0000E+01  5.4731E-01  5.5794E+00  6.2047E+01 -7.0757E-01  5.7915E-01  2.2033E-01
  2.0000E+01  5.4731E-01  5.5794E+00  6.2047E+01 -7.0757E-01  5.7915E-01  2.2033E-01
  2.0000E+01  5.4731E-01  5.5794E+00  6.2047E+01 -7.0757E-01  5.7915E-01  2.2033E-01
  2.0000E+01  5.4731E-01  5.5794E+00  6.2047E+01 -7.0757E-01  5.7915E-01  2.2033E-01
  2.0000E+01  5.4731E-01  5.5794E+00  6.2047E+01 -7.0757E-01  5.7915E-01  2.2033E-01
  2.0000E+01  5.4731E-01  5.5794E+00  6.2047E+01 -7.0757E-01  5.7915E-01  2.2033E-01
  2.0000E+01  5.4731E-01  5.5794E+00  6.2047E+01 -7.0757E-01  5.7915E-01  2.2033E-01
  2.0000E+01  5.4731E-01  5.5794E+00  6.2047E+01 -7.0757E-01  5.7915E-01  2.2033E-01
  2.0000E+01  5.4731E-01  5.5794E+00  6.2047E+01 -7.0757E-01  5.7915E-01  2.2033E-01
  2.0000E+01  5.4731E-01  5.5794E+00  6.2047E+01 -7.0757E-01  5.7915E-01  2.2033E-01
  2.0000E+01  5.4731E-01  5.5794E+00  6.2047E+01 -7.0757E-01  5.7915E-01  2.2033E-01
  2.0000E+01  5.4731E-01  5.5794E+00  6.2047E+01 -7.0757E-01  5.7915E-01  2.2033E-01
  2.0000E+01  5.4731E-01  5.5794E+00  6.2047E+01 -7.0757E-01  5.7915E-01  2.2033E-01
  2.0000E+01  5.4731E-01  5.5794E+00  6.2047E+01 -7.0757E-01  5.7915E-01  2.2033E-01
  2.0000E+01  5.4731E-01  5.5794E+00  6.2047E+01 -7.0757E-01  5.7915E-01  2.2033E-01
  2.0000E+01  5.4731E-01  5.5794E+00  6.2047E+01 -7.0757E-01  5.7915E-01  2.2033E-01
  2.0000E+01  5.4731E-01  5.5794E+00  6.2047E+01 -7.0757E-01  5.7915E-01  2.2033E-01
  2.0000E+01  5.4731E-01  5.5794E+00  6.2047E+01 -7.0757E-01  5.7915E-01  2.2033E-01
  2.0000E+01  5.4731E-01  5.5794E+00  6.2047E+01 -7.0757E-01  5.7915E-01  2.2033E-01
  2.0000E+01  5.4731E-01  5.5794E+00  6.2047E+01 -7.0757E-01  5.7915E-01  2.2033E-01
  2.1000E+01  6.9121E-01  1.6503E+00  5.3082E+01 -4.7414E-01 -6.3900E-01  6.4274E-02
  2.1000E+01  6.9121E-01  1.6503E+00  5.3082E+01 -4.7414E-01 -6.3900E-01  6.4274E-02
  2.1000E+01  6.9121E-01  1.6503E+00  5.3082E+01 -4.7414E-01 -6.3900E-01  6.4274E-02
  2.1000E+01  6.9121E-01  1.6503E+00  5.3082E+01 -4.7414E-01 -6.3900E-01  6.4274E-02
  2.1000E+01  6.9121E-01  1.6503E+00  5.3082E+01 -4.7414E-01 -6.3900E-01  6.4274E-02
  2.1000E+01  6.9121E-01  1.6503E+00  5.3082E+01 -4.7414E-01 -6.3900E-01  6.4274E-02
  2.1000E+01  6.9121E-01  1.6503E+00  5.3082E+01 -4.7414E-01 -6.3900E-01  6.4274E-02
  2.1000E+01  6.9121E-01  1.6503E+00  5.3082E+01 -4.7414E-01 -6.3900E-01  6.4274E-02
  2.1000E+01  6.9121E-01  1.6503E+00  5.3082E+01 -4.7414E-01 -6.3900E-01  6.4274E-02
  2.1000E+01  6.9121E-01  1.6503E+00  5.3082E+01 -4.7414E-01 -6.3900E-01  6.4274E-02
  2.1000E+01  6.9121E-01  1.6503E+00  5.3082E+01 -4.7414E-01 -6.3900E-01  6.4274E-02
  2.1000E+01  6.9121E-01  1.6503E+00  5.3082E+01 -4.7414E-01 -6.3900E-01  6.4274E-02
  2.1000E+01  6.9121E-01  1.6503E+00  5.3082E+01 -4.7414E-01 -6.3900E-01  6.4274E-02
  2.1000E+01  6.9121E-01  1.6503E+00  5.3082E+01 -4.7414E-01 -6.3900E-01  6.4274E-02
  2.1000E+01  6.9121E-01  1.6503E+00  5.3082E+01 -4.7414E-01 -6.3900E-01  6.4274E-02
  2.1000E+01  6.9121E-01  1.6503E+00  5.3082E+01 -4.7414E-01 -6.3900E-01  6.4274E-02
  2.1000E+01  6.9121E-01  1.6503E+00  5.3082E+01 -4.7414E-01 -6.3900E-01  6.4274E-02
  2.1000E+01  6.9121E-01  1.6503E+00  5.3082E+01 -4.7414E-01 -6.3900E-01  6.4274E-02
  2.1000E+01  6.9121E-01  1.6503E+00  5.3082E+01 -4.7414E-01 -6.3900E-01  6.4274E-02
  2.1000E+01  6.9121E-01  1.6503E+00  5.3082E+01 -4.7414E-01 -6.3900E-01  6.4274E-02
  2.1000E+01  6.9121E-01  1.6503E+00  5.3082E+01 -4.7414E-01 -6.3900E-01  6.4274E-02
  2.1000E+01  6.9121E-01  1.6503E+00  5.3082E+01 -4.7414E-01 -6.3900E-01  6.4274E-02
  2.1000E+01  6.9121E-01  1.6503E+00  5.3082E+01 -4.7414E-01 -6.3900E-01  6.4274E-02
  2.1000E+01  6.9121E-01  1.6503E+00  5.3082E+01 -4.7414E-01 -6.3900E-01  6.4274E-02
  2.2000E+01  9.1375E-01  5.3833E+00  4.7999E+01 -1.9502E-01  5.4338E-01 -3.6394E-02
  2.2000E+01  9.1375E-01  5.3833E+00  4.7999E+01 -1.9502E-01  5.4338E-01 -3.6394E-02
  2.2000E+01  9.1375E-01  5.3833E+00  4.7999E+01 -1.9502E-01  5.4338E-01 -3.6394E-02
  2.2000E+01  9.1375E-01  5.3833E+00  4.7999E+01 -1.9502E-01  5.4338E-01 -3.6394E-02
  2.2000E+01  9.1375E-01  5.3833E+00  4.7999E+01 -1.9502E-01  5.4338E-01 -3.6394E-02
  2.2000E+01  9.1375E-01  5.3833E+00  4.7999E+01 -1.9502E-01  5.4338E-01 -3.6394E-02
  2.2000E+01  9.1375E-01  5.3833E+00  4.7999E+01 -1.9502E-01  5.4338E-01 -3.6394E-02
  2.2000E+01  9.1375E-01  5.3833E+00  4.7999E+01 -1.9502E-01  5.4338E-01 -3.6394E-02
  2.2000E+01  9.1375E-01  5.3833E+00  4.7999E+01 -1.9502E-01  5.4338E-01 -3.6394E-02
  2.2000E+01  9.1375E-01  5.3833E+00  4.7999E+01 -1.9502E-01  5.4338E-01 -3.6394E-02
  2.2000E+01  9.1375E-01  5.3833E+00  4.7999E+01 -1.9502E-01  5.4338E-01 -3.6394E-02
  2.2000E+01  9.1375E-01  5.3833E+00  4.7999E+01 -1.9502E-01  5.4338E-01 -3.6394E-02
  2.2000E+01  9.1375E-01  5.3833E+00  4.7999E+01 -1.9502E-01  5.4338E-01 -3.6394E-02
  2.2000E+01  9.1375E-01  5.3833E+00  4.7999E+01 -1.9502E-01  5.4338E-01 -3.6394E-02
  2.2000E+01  9.1375E-01  5.3833E+00  4.7999E+01 -1.9502E-01  5.4338E-01 -3.6394E-02
  2.2000E+01  9.1375E-01  5.3833E+00  4.7999E+01 -1.9502E-01  5.4338E-01 -3.6394E-02
  2.2000E+01  9.1375E-01  5.3833E+00  4.7999E+01 -1.9502E-01  5.4338E-01 -3.6394E-02
  2.2000E+01  9.1375E-01  5.3833E+00  4.7999E+01 -1.9502E-01  5.4338E-01 -3.6394E-02
  2.2000E+01  9.1375E-01  5.3833E+00  4.7999E+01 -1.9502E-01  5.4338E-01 -3.6394E-02
  2.2000E+01  9.1375E-01  5.3833E+00  4.7999E+01 -1.9502E-01  5.4338E-01 -3.6394E-02
  2.2000E+01  9.1375E-01  5.3833E+00  4.7999E+01 -1.9502E-01  5.4338E-01 -3.6394E-02
  2.2000E+01  9.1375E-01  5.3833E+00  4.7999E+01 -1.9502E-01  5.4338E-01 -3.6394E-02
  2.2000E+01  9.1375E-01  5.3833E+00  4.7999E+01 -1.9502E-01  5.4338E-01 -3.6394E-02
  2.2000E+01  9.1375E-01  5.3833E+00  4.7999E+01 -1.9502E-01  5.4338E-01 -3.6394E-02
  2.3000E+01  1.1733E+00  1.3912E+00  5.5601E+01  5.4990E-02 -8.0979E-01  1.1064E-01
  2.3000E+01  1.1733E+00  1.3912E+00  5.5601E+01  5.4990E-02 -8.0979E-01  1.1064E-01
  2.3000E+01  1.1733E+00  1.3912E+00  5.5601E+01  5.4990E-02 -8.0979E-01  1.1064E-01
  2.3000E+01  1.1733E+00  1.3912E+00  5.5601E+01  5.4990E-02 -8.0979E-01  1.1064E-01
  2.3000E+01  1.1733E+00  1.3912E+00  5.5601E+01  5.4990E-02 -8.0979E-01  1.1064E-01
  2.3000E+01  1.1733E+00  1.3912E+00  5.5601E+01  5.4990E-02 -8.0979E-01  1.1064E-01
  2.3000E+01  1.1733E+00  1.3912E+00  5.5601E+01  5.4990E-02 -8.0979E-01  1.1064E-01
  2.3000E+01  1.1733E+00  1.3912E+00  5.5601E+01  5.4990E-02 -8.0979E-01  1.1064E-01
  2.3000E+01  1.1733E+00  1.3912E+00  5.5601E+01  5.4990E-02 -8.0979E-01  1.1064E-01
  2.3000E+01  1.1733E+00  1.3912E+00  5.5601E+01  5.4990E-02 -8.0979E-01  1.1064E-01
  2.3000E+01  1.1733E+00  1.3912E+00  5.5601E+01  5.4990E-02 -8.0979E-01  1.1064E-01
  2.3000E+01  1.1733E+00  1.3912E+00  5.5601E+01  5.4990E-02 -8.0979E-01  1.1064E-01
  2.3000E+01  1.1733E+00  1.3912E+00  5.5601E+01  5.4990E-02 -8.0979E-01  1.1064E-01
  2.3000E+01  1.1733E+00  1.3912E+00  5.5601E+01  5.4990E-02 -8.0979E-01  1.1064E-01
  2.3000E+01  1.1733E+00  1.3912E+00  5.5601E+01  5.4990E-02 -8.0979E-01  1.1064E-01
  2.3000E+01  1.1733E+00  1.3912E+00  5.5601E+01  5.4990E-02 -8.0979E-01  1.1064E-01
  2.3000E+01  1.1733E+00  1.3912E+00  5.5601E+01  5.4990E-02 -8.0979E-01  1.1064E-01
  2.3000E+01  1.1733E+00  1.3912E+00  5.5601E+01  5.4990E-02 -8.0979E-01  1.1064E-01
  2.3000E+01  1.1733E+00  1.3912E+00  5.5601E+01  5.4990E-02 -8.0979E-01  1.1064E-01
  2.3000E+01  1.1733E+00  1.3912E+00  5.5601E+01  5.4990E-02 -8.0979E-01  1.1064E-01
  2.3000E+01  1.1733E+00  1.3912E+00  5.5601E+01  5.4990E-02 -8.0979E-01  1.1064E-01
  2.3000E+01  1.1733E+00  1.3912E+00  5.5601E+01  5.4990E-02 -8.0979E-01  1.1064E-01
  2.3000E+01  1.1733E+00  1.3912E+00  5.5601E+01  5.4990E-02 -8.0979E-01  1.1064E-01
  2.3000E+01  1.1733E+00  1.3912E+00  5.5601E+01  5.4990E-02 -8.0979E-01  1.1064E-01
  2.4000E+01  1.0275E+00  3.2515E+00  7.6837E+01 -7.7684E-02  3.9181E-02  4.3412E-01
  2.4000E+01  1.0275E+00  3.2515E+00  7.6837E+01 -7.7684E-02  3.9181E-02  4.3412E-01
  2.4000E+01  1.0275E+00  3.2515E+00  7.6837E+01 -7.7684E-02  3.9181E-02  4.3412E-01
  2.4000E+01  1.0275E+00  3.2515E+00  7.6837E+01 -7.7684E-02  3.9181E-02  4.3412E-01
  2.4000E+01  1.0275E+00  3.2515E+00  7.6837E+01 -7.7684E-02  3.9181E-02  4.3412E-01
  2.4000E+01  1.0275E+00  3.2515E+00  7.6837E+01 -7.7684E-02  3.9181E-02  4.3412E-01
  2.4000E+01  1.0275E+00  3.2515E+00  7.6837E+01 -7.7684E-02  3.9181E-02  4.3412E-01
  2.4000E+01  1.0275E+00  3.2515E+00  7.6837E+01 -7.7684E-02  3.9181E-02  4.3412E-01
  2.4000E+01  1.0275E+00  3.2515E+00  7.6837E+01 -7.7684E-02  3.9181E-02  4.3412E-01
  2.4000E+01  1.0275E+00  3.2515E+00  7.6837E+01 -7.7684E-02  3.9181E-02  4.3412E-01
  2.4000E+01  1.0275E+00  3.2515E+00  7.6837E+01 -7.7684E-02  3.9181E-02  4.3412E-01
  2.4000E+01  1.0275E+00  3.2515E+00  7.6837E+01 -7.7684E-02  3.9181E-02  4.3412E-01
  2.4000E+01  1.0275E+00  3.2515E+00  7.6837E+01 -7.7684E-02  3.9181E-02  4.3412E-01
  2.4000E+01  1.0275E+00  3.2515E+00  7.6837E+01 -7.7684E-02  3.9181E-02  4.3412E-01
  2.4000E+01  1.0275E+00  3.2515E+00  7.6837E+01 -7.7684E-02  3.9181E-02  4.3412E-01
  2.4000E+01  1.0275E+00  3.2515E+00  7.6837E+01 -7.7684E-02  3.9181E-02  4.3412E-01
  2.4000E+01  1.0275E+00  3.2515E+00  7.6837E+01 -7.7684E-02  3.9181E-02  4.3412E-01
  2.4000E+01  1.0275E+00  3.2515E+00  7.6837E+01 -7.7684E-02  3.9181E-02  4.3412E-01
  2.4000E+01  1.0275E+00  3.2515E+00  7.6837E+01 -7.7684E-02  3.9181E-02  4.3412E-01
  2.4000E+01  1.0275E+00  3.2515E+00  7.6837E+01 -7.7684E-02  3.9181E-02  4.3412E-01
  2.4000E+01  1.0275E+00  3.2515E+00  7.6837E+01 -7.7684E-02  3.9181E-02  4.3412E-01
  2.4000E+01  1.0275E+00  3.2515E+00  7.6837E+01 -7.7684E-02  3.9181E-02  4.3412E-01
  2.4000E+01  1.0275E+00  3.2515E+00  7.6837E+01 -7.7684E-02  3.9181E-02  4.3412E-01
  2.4000E+01  1.0275E+00  3.2515E+00  7.6837E+01 -7.7684E-02  3.9181E-02  4.3412E-01
  2.5000E+01  9.0290E-01  5.4252E+00  4.5773E+01 -2.0697E-01  5.5111E-01 -8.3879E-02
  2.5000E+01  9.0290E-01  5.4252E+00  4.5773E+01 -2.0697E-01  5.5111E-01 -8.3879E-02
  2.5000E+01  9.0290E-01  5.4252E+00  4.5773E+01 -2.0697E-01  5.5111E-01 -8.3879E-02
  2.5000E+01  9.0290E-01  5.4252E+00  4.5773E+01 -2.0697E-01  5.5111E-01 -8.3879E-02
  2.5000E+01  9.0290E-01  5.4252E+00  4.5773E+01 -2.0697E-01  5.5111E-01 -8.3879E-02
  2.5000E+01  9.0290E-01  5.4252E+00  4.5773E+01 -2.0697E-01  5.5111E-01 -8.3879E-02
  2.5000E+01  9.0290E-01  5.4252E+00  4.5773E+01 -2.0697E-01  5.5111E-01 -8.3879E-02
  2.5000E+01  9.0290E-01  5.4252E+00  4.5773E+01 -2.0697E-01  5.5111E-01 -8.3879E-02
  2.5000E+01  9.0290E-01  5.4252E+00  4.5773E+01 -2.0697E-01  5.5111E-01 -8.3879E-02
  2.5000E+01  9.0290E-01  5.4252E+00  4.5773E+01 -2.0697E-01  5.5111E-01 -8.3879E-02
  2.5000E+01  9.0290E-01  5.4252E+00  4.5773E+01 -2.0697E-01  5.5111E-01 -8.3879E-02
  2.5000E+01  9.0290E-01  5.4252E+00  4.5773E+01 -2.0697E-01  5.5111E-01 -8.3879E-02
  2.5000E+01  9.0290E-01  5.4252E+00  4.5773E+01 -2.0697E-01  5.5111E-01 -8.3879E-02
  2.5000E+01  9.0290E-01  5.4252E+00  4.5773E+01 -2.0697E-01  5.5111E-01 -8.3879E-02
  2.5000E+01  9.0290E-01  5.4252E+00  4.5773E+01 -2.0697E-01  5.5111E-01 -8.3879E-02
  2.5000E+01  9.0290E-01  5.4252E+00  4.5773E+01 -2.0697E-01  5.5111E-01 -8.3879E-02
  2.5000E+01  9.0290E-01  5.4252E+00  4.5773E+01 -2.0697E-01  5.5111E-01 -8.3879E-02
  2.5000E+01  9.0290E-01  5.4252E+00  4.5773E+01 -2.0697E-01  5.5111E-01 -8.3879E-02
  2.5000E+01  9.0290E-01  5.4252E+00  4.5773E+01 -2.0697E-01  5.5111E-01 -8.3879E-02
  2.5000E+01  9.0290E-01  5.4252E+00  4.5773E+01 -2.0697E-01  5.5111E-01 -8.3879E-02
  2.5000E+01  9.0290E-01  5.4252E+00  4.5773E+01 -2.0697E-01  5.5111E-01 -8.3879E-02
  2.5000E+01  9.0290E-01  5.4252E+00  4.5773E+01 -2.0697E-01  5.5111E-01 -8.3879E-02
  2.5000E+01  9.0290E-01  5.4252E+00  4.5773E+01 -2.0697E-01  5.5111E-01 -8.3879E-02
  2.5000E+01  9.0290E-01  5.4252E+00  4.5773E+01 -2.0697E-01  5.5111E-01 -8.3879E-02
  2.6000E+01  9.7770E-01  2.7725E+00  3.4721E+01 -1.2737E-01 -1.2017E-01 -3.6023E-01
  2.6000E+01  9.7770E-01  2.7725E+00  3.4721E+01 -1.2737E-01 -1.2017E-01 -3.6023E-01
  2.6000E+01  9.7770E-01  2.7725E+00  3.4721E+01 -1.2737E-01 -1.2017E-01 -3.6023E-01
  2.6000E+01  9.7770E-01  2.7725E+00  3.4721E+01 -1.2737E-01 -1.2017E-01 -3.6023E-01
  2.6000E+01  9.7770E-01  2.7725E+00  3.4721E+01 -1.2737E-01 -1.2017E-01 -3.6023E-01
  2.6000E+01  9.7770E-01  2.7725E+00  3.4721E+01 -1.2737E-01 -1.2017E-01 -3.6023E-01
  2.6000E+01  9.7770E-01  2.7725E+00  3.4721E+01 -1.2737E-01 -1.2017E-01 -3.6023E-01
  2.6000E+01  9.7770E-01  2.7725E+00  3.4721E+01 -1.2737E-01 -1.2017E-01 -3.6023E-01
  2.6000E+01  9.7770E-01  2.7725E+00  3.4721E+01 -1.2737E-01 -1.2017E-01 -3.6023E-01
  2.6000E+01  9.7770E-01  2.7725E+00  3.4721E+01 -1.2737E-01 -1.2017E-01 -3.6023E-01
  2.6000E+01  9.7770E-01  2.7725E+00  3.4721E+01 -1.2737E-01 -1.2017E-01 -3.6023E-01
  2.6000E+01  9.7770E-01  2.7725E+00  3.4721E+01 -1.2737E-01 -1.2017E-01 -3.6023E-01
  2.6000E+01  9.7770E-01  2.7725E+00  3.4721E+01 -1.2737E-01 -1.2017E-01 -3.6023E-01
  2.6000E+01  9.7770E-01  2.7725E+00  3.4721E+01 -1.2737E-01 -1.2017E-01 -3.6023E-01
  2.6000E+01  9.7770E-01  2.7725E+00  3.4721E+01 -1.2737E-01 -1.2017E-01 -3.6023E-01
  2.6000E+01  9.7770E-01  2.7725E+00  3.4721E+01 -1.2737E-01 -1.2017E-01 -3.6023E-01
  2.6000E+01  9.7770E-01  2.7725E+00  3.4721E+01 -1.2737E-01 -1.2017E-01 -3.6023E-01
  2.6000E+01  9.7770E-01  2.7725E+00  3.4721E+01 -1.2737E-01 -1.2017E-01 -3.6023E-01
  2.6000E+01  9.7770E-01  2.7725E+00  3.4721E+01 -1.2737E-01 -1.2017E-01 -3.6023E-01
  2.6000E+01  9.7770E-01  2.7725E+00  3.4721E+01 -1.2737E-01 -1.2017E-01 -3.6023E-01
  2.6000E+01  9.7770E-01  2.7725E+00  3.4721E+01 -1.2737E-01 -1.2017E-01 -3.6023E-01
  2.6000E+01  9.7770E-01  2.7725E+00  3.4721E+01 -1.2737E-01 -1.2017E-01 -3.6023E-01
  2.6000E+01  9.7770E-01  2.7725E+00  3.4721E+01 -1.2737E-01 -1.2017E-01 -3.6023E-01
  2.6000E+01  9.7770E-01  2.7725E+00  3.4721E+01 -1.2737E-01 -1.2017E-01 -3.6023E-01
  2.7000E+01  9.2070E-01  2.8060E+00  5.6390E+01 -1.8744E-01 -1.0816E-01  1.2473E-01
  2.7000E+01  9.2070E-01  2.8060E+00  5.6390E+01 -1.8744E-01 -1.0816E-01  1.2473E-01
  2.7000E+01  9.2070E-01  2.8060E+00  5.6390E+01 -1.8744E-01 -1.0816E-01  1.2473E-01
  2.7000E+01  9.2070E-01  2.8060E+00  5.6390E+01 -1.8744E-01 -1.0816E-01  1.2473E-01
  2.7000E+01  9.2070E-01  2.8060E+00  5.6390E+01 -1.8744E-01 -1.0816E-01  1.2473E-01
  2.7000E+01  9.2070E-01  2.8060E+00  5.6390E+01 -1.8744E-01 -1.0816E-01  1.2473E-01
  2.7000E+01  9.2070E-01  2.8060E+00  5.6390E+01 -1.8744E-01 -1.0816E-01  1.2473E-01
  2.7000E+01  9.2070E-01  2.8060E+00  5.6390E+01 -1.8744E-01 -1.0816E-01  1.2473E-01
  2.7000E+01  9.2070E-01  2.8060E+00  5.6390E+01 -1.8744E-01 -1.0816E-01  1.2473E-01
  2.7000E+01  9.2070E-01  2.8060E+00  5.6390E+01 -1.8744E-01 -1.0816E-01  1.2473E-01
  2.7000E+01  9.2070E-01  2.8060E+00  5.6390E+01 -1.8744E-01 -1.0816E-01  1.2473E-01
  2.7000E+01  9.2070E-01  2.8060E+00  5.6390E+01 -1.8744E-01 -1.0816E-01  1.2473E-01
  2.7000E+01  9.2070E-01  2.8060E+00  5.6390E+01 -1.8744E-01 -1.0816E-01  1.2473E-01
  2.7000E+01  9.2070E-01  2.8060E+00  5.6390E+01 -1.8744E-01 -1.0816E-01  1.2473E-01
  2.7000E+01  9.2070E-01  2.8060E+00  5.6390E+01 -1.8744E-01 -1.0816E-01  1.2473E-01
  2.7000E+01  9.2070E-01  2.8060E+00  5.6390E+01 -1.8744E-01 -1.0816E-01  1.2473E-01
  2.7000E+01  9.2070E-01  2.8060E+00  5.6390E+01 -1.8744E-01 -1.0816E-01  1.2473E-01
  2.7000E+01  9.2070E-01  2.8060E+00  5.6390E+01 -1.8744E-01 -1.0816E-01  1.2473E-01
  2.7000E+01  9.2070E-01  2.8060E+00  5.6390E+01 -1.8744E-01 -1.0816E-01  1.2473E-01
  2.7000E+01  9.2070E-01  2.8060E+00  5.6390E+01 -1.8744E-01 -1.0816E-01  1.2473E-01
  2.7000E+01  9.2070E-01  2.8060E+00  5.6390E+01 -1.8744E-01 -1.0816E-01  1.2473E-01
  2.7000E+01  9.2070E-01  2.8060E+00  5.6390E+01 -1.8744E-01 -1.0816E-01  1.2473E-01
  2.7000E+01  9.2070E-01  2.8060E+00  5.6390E+01 -1.8744E-01 -1.0816E-01  1.2473E-01
  2.7000E+01  9.2070E-01  2.8060E+00  5.6390E+01 -1.8744E-01 -1.0816E-01  1.2473E-01
  2.8000E+01  1.6388E+00  4.2240E+00  4.6564E+01  3.8911E-01  3.0085E-01 -6.6740E-02
  2.8000E+01  1.6388E+00  4.2240E+00  4.6564E+01  3.8911E-01  3.0085E-01 -6.6740E-02
  2.8000E+01  1.6388E+00  4.2240E+00  4.6564E+01  3.8911E-01  3.0085E-01 -6.6740E-02
  2.8000E+01  1.6388E+00  4.2240E+00  4.6564E+01  3.8911E-01  3.0085E-01 -6.6740E-02
  2.8000E+01  1.6388E+00  4.2240E+00  4.6564E+01  3.8911E-01  3.0085E-01 -6.6740E-02
  2.8000E+01  1.6388E+00  4.2240E+00  4.6564E+01  3.8911E-01  3.0085E-01 -6.6740E-02
  2.8000E+01  1.6388E+00  4.2240E+00  4.6564E+01  3.8911E-01  3.0085E-01 -6.6740E-02
  2.8000E+01  1.6388E+00  4.2240E+00  4.6564E+01  3.8911E-01  3.0085E-01 -6.6740E-02
  2.8000E+01  1.6388E+00  4.2240E+00  4.6564E+01  3.8911E-01  3.0085E-01 -6.6740E-02
  2.8000E+01  1.6388E+00  4.2240E+00  4.6564E+01  3.8911E-01  3.0085E-01 -6.6740E-02
  2.8000E+01  1.6388E+00  4.2240E+00  4.6564E+01  3.8911E-01  3.0085E-01 -6.6740E-02
  2.8000E+01  1.6388E+00  4.2240E+00  4.6564E+01  3.8911E-01  3.0085E-01 -6.6740E-02
  2.8000E+01  1.6388E+00  4.2240E+00  4.6564E+01  3.8911E-01  3.0085E-01 -6.6740E-02
  2.8000E+01  1.6388E+00  4.2240E+00  4.6564E+01  3.8911E-01  3.0085E-01 -6.6740E-02
  2.8000E+01  1.6388E+00  4.2240E+00  4.6564E+01  3.8911E-01  3.0085E-01 -6.6740E-02
  2.8000E+01  1.6388E+00  4.2240E+00  4.6564E+01  3.8911E-01  3.0085E-01 -6.6740E-02
  2.8000E+01  1.6388E+00  4.2240E+00  4.6564E+01  3.8911E-01  3.0085E-01 -6.6740E-02
  2.8000E+01  1.6388E+00  4.2240E+00  4.6564E+01  3.8911E-01  3.0085E-01 -6.6740E-02
  2.8000E+01  1.6388E+00  4.2240E+00  4.6564E+01  3.8911E-01  3.0085E-01 -6.6740E-02
  2.8000E+01  1.6388E+00  4.2240E+00  4.6564E+01  3.8911E-01  3.0085E-01 -6.6740E-02
  2.8000E+01  1.6388E+00  4.2240E+00  4.6564E+01  3.8911E-01  3.0085E-01 -6.6740E-02
  2.8000E+01  1.6388E+00  4.2240E+00  4.6564E+01  3.8911E-01  3.0085E-01 -6.6740E-02
  2.8000E+01  1.6388E+00  4.2240E+00  4.6564E+01  3.8911E-01  3.0085E-01 -6.6740E-02
  2.8000E+01  1.6388E+00  4.2240E+00  4.6564E+01  3.8911E-01  3.0085E-01 -6.6740E-02
  2.9000E+01  4.9964E-01  8.7033E-01  4.8818E+01 -7.9869E-01 -1.2788E+00 -1.9464E-02
  2.9000E+01  4.9964E-01  8.7033E-01  4.8818E+01 -7.9869E-01 -1.2788E+00 -1.9464E-02
  2.9000E+01  4.9964E-01  8.7033E-01  4.8818E+01 -7.9869E-01 -1.2788E+00 -1.9464E-02
  2.9000E+01  4.9964E-01  8.7033E-01  4.8818E+01 -7.9869E-01 -1.2788E+00 -1.9464E-02
  2.9000E+01  4.9964E-01  8.7033E-01  4.8818E+01 -7.9869E-01 -1.2788E+00 -1.9464E-02
  2.9000E+01  4.9964E-01  8.7033E-01  4.8818E+01 -7.9869E-01 -1.2788E+00 -1.9464E-02
  2.9000E+01  4.9964E-01  8.7033E-01  4.8818E+01 -7.9869E-01 -1.2788E+00 -1.9464E-02
  2.9000E+01  4.9964E-01  8.7033E-01  4.8818E+01 -7.9869E-01 -1.2788E+00 -1.9464E-02
  2.9000E+01  4.9964E-01  8.7033E-01  4.8818E+01 -7.9869E-01 -1.2788E+00 -1.9464E-02
  2.9000E+01  4.9964E-01  8.7033E-01  4.8818E+01 -7.9869E-01 -1.2788E+00 -1.9464E-02
  2.9000E+01  4.9964E-01  8.7033E-01  4.8818E+01 -7.9869E-01 -1.2788E+00 -1.9464E-02
  2.9000E+01  4.9964E-01  8.7033E-01  4.8818E+01 -7.9869E-01 -1.2788E+00 -1.9464E-02
  2.9000E+01  4.9964E-01  8.7033E-01  4.8818E+01 -7.9869E-01 -1.2788E+00 -1.9464E-02
  2.9000E+01  4.9964E-01  8.7033E-01  4.8818E+01 -7.9869E-01 -1.2788E+00 -1.9464E-02
  2.9000E+01  4.9964E-01  8.7033E-01  4.8818E+01 -7.9869E-01 -1.2788E+00 -1.9464E-02
  2.9000E+01  4.9964E-01  8.7033E-01  4.8818E+01 -7.9869E-01 -1.2788E+00 -1.9464E-02
  2.9000E+01  4.9964E-01  8.7033E-01  4.8818E+01 -7.9869E-01 -1.2788E+00 -1.9464E-02
  2.9000E+01  4.9964E-01  8.7033E-01  4.8818E+01 -7.9869E-01 -1.2788E+00 -1.9464E-02
  2.9000E+01  4.9964E-01  8.7033E-01  4.8818E+01 -7.9869E-01 -1.2788E+00 -1.9464E-02
  2.9000E+01  4.9964E-01  8.7033E-01  4.8818E+01 -7.9869E-01 -1.2788E+00 -1.9464E-02
  2.9000E+01  4.9964E-01  8.7033E-01  4.8818E+01 -7.9869E-01 -1.2788E+00 -1.9464E-02
  2.9000E+01  4.9964E-01  8.7033E-01  4.8818E+01 -7.9869E-01 -1.2788E+00 -1.9464E-02
  2.9000E+01  4.9964E-01  8.7033E-01  4.8818E+01 -7.9869E-01 -1.2788E+00 -1.9464E-02
  2.9000E+01  4.9964E-01  8.7033E-01  4.8818E+01 -7.9869E-01 -1.2788E+00 -1.9464E-02
  3.0000E+01  9.3508E-01  3.1488E+00  4.7785E+01 -1.7195E-01  7.0846E-03 -4.0857E-02
  3.0000E+01  9.3508E-01  3.1488E+00  4.7785E+01 -1.7195E-01  7.0846E-03 -4.0857E-02
  3.0000E+01  9.3508E-01  3.1488E+00  4.7785E+01 -1.7195E-01  7.0846E-03 -4.0857E-02
  3.0000E+01  9.3508E-01  3.1488E+00  4.7785E+01 -1.7195E-01  7.0846E-03 -4.0857E-02
  3.0000E+01  9.3508E-01  3.1488E+00  4.7785E+01 -1.7195E-01  7.0846E-03 -4.0857E-02
  3.0000E+01  9.3508E-01  3.1488E+00  4.7785E+01 -1.7195E-01  7.0846E-03 -4.0857E-02
  3.0000E+01  9.3508E-01  3.1488E+00  4.7785E+01 -1.7195E-01  7.0846E-03 -4.0857E-02
  3.0000E+01  9.3508E-01  3.1488E+00  4.7785E+01 -1.7195E-01  7.0846E-03 -4.0857E-02
  3.0000E+01  9.3508E-01  3.1488E+00  4.7785E+01 -1.7195E-01  7.0846E-03 -4.0857E-02
  3.0000E+01  9.3508E-01  3.1488E+00  4.7785E+01 -1.7195E-01  7.0846E-03 -4.0857E-02
  3.0000E+01  9.3508E-01  3.1488E+00  4.7785E+01 -1.7195E-01  7.0846E-03 -4.0857E-02
  3.0000E+01  9.3508E-01  3.1488E+00  4.7785E+01 -1.7195E-01  7.0846E-03 -4.0857E-02
  3.0000E+01  9.3508E-01  3.1488E+00  4.7785E+01 -1.7195E-01  7.0846E-03 -4.0857E-02
  3.0000E+01  9.3508E-01  3.1488E+00  4.7785E+01 -1.7195E-01  7.0846E-03 -4.0857E-02
  3.0000E+01  9.3508E-01  3.1488E+00  4.7785E+01 -1.7195E-01  7.0846E-03 -4.0857E-02
  3.0000E+01  9.3508E-01  3.1488E+00  4.7785E+01 -1.7195E-01  7.0846E-03 -4.0857E-02
  3.0000E+01  9.3508E-01  3.1488E+00  4.7785E+01 -1.7195E-01  7.0846E-03 -4.0857E-02
  3.0000E+01  9.3508E-01  3.1488E+00  4.7785E+01 -1.7195E-01  7.0846E-03 -4.0857E-02
  3.0000E+01  9.3508E-01  3.1488E+00  4.7785E+01 -1.7195E-01  7.0846E-03 -4.0857E-02
  3.0000E+01  9.3508E-01  3.1488E+00  4.7785E+01 -1.7195E-01  7.0846E-03 -4.0857E-02
  3.0000E+01  9.3508E-01  3.1488E+00  4.7785E+01 -1.7195E-01  7.0846E-03 -4.0857E-02
  3.0000E+01  9.3508E-01  3.1488E+00  4.7785E+01 -1.7195E-01  7.0846E-03 -4.0857E-02
  3.0000E+01  9.3508E-01  3.1488E+00  4.7785E+01 -1.7195E-01  7.0846E-03 -4.0857E-02
  3.0000E+01  9.3508E-01  3.1488E+00  4.7785E+01 -1.7195E-01  7.0846E-03 -4.0857E-02
  3.1000E+01  1.2284E+00  4.7746E+00  3.9186E+01  1.0085E-01  4.2338E-01 -2.3924E-01
  3.1000E+01  1.2284E+00  4.7746E+00  3.9186E+01  1.0085E-01  4.2338E-01 -2.3924E-01
  3.1000E+01  1.2284E+00  4.7746E+00  3.9186E+01  1.0085E-01  4.2338E-01 -2.3924E-01
  3.1000E+01  1.2284E+00  4.7746E+00  3.9186E+01  1.0085E-01  4.2338E-01 -2.3924E-01
  3.1000E+01  1.2284E+00  4.7746E+00  3.9186E+01  1.0085E-01  4.2338E-01 -2.3924E-01
  3.1000E+01  1.2284E+00  4.7746E+00  3.9186E+01  1.0085E-01  4.2338E-01 -2.3924E-01
  3.1000E+01  1.2284E+00  4.7746E+00  3.9186E+01  1.0085E-01  4.2338E-01 -2.3924E-01
  3.1000E+01  1.2284E+00  4.7746E+00  3.9186E+01  1.0085E-01  4.2338E-01 -2.3924E-01
  3.1000E+01  1.2284E+00  4.7746E+00  3.9186E+01  1.0085E-01  4.2338E-01 -2.3924E-01
  3.1000E+01  1.2284E+00  4.7746E+00  3.9186E+01  1.0085E-01  4.2338E-01 -2.3924E-01
  3.1000E+01  1.2284E+00  4.7746E+00  3.9186E+01  1.0085E-01  4.2338E-01 -2.3924E-01
  3.1000E+01  1.2284E+00  4.7746E+00  3.9186E+01  1.0085E-01  4.2338E-01 -2.3924E-01
  3.1000E+01  1.2284E+00  4.7746E+00  3.9186E+01  1.0085E-01  4.2338E-01 -2.3924E-01
  3.1000E+01  1.2284E+00  4.7746E+00  3.9186E+01  1.0085E-01  4.2338E-01 -2.3924E-01
  3.1000E+01  1.2284E+00  4.7746E+00  3.9186E+01  1.0085E-01  4.2338E-01 -2.3924E-01
  3.1000E+01  1.2284E+00  4.7746E+00  3.9186E+01  1.0085E-01  4.2338E-01 -2.3924E-01
  3.1000E+01  1.2284E+00  4.7746E+00  3.9186E+01  1.0085E-01  4.2338E-01 -2.3924E-01
  3.1000E+01  1.2284E+00  4.7746E+00  3.9186E+01  1.0085E-01  4.2338E-01 -2.3924E-01
  3.1000E+01  1.2284E+00  4.7746E+00  3.9186E+01  1.0085E-01  4.2338E-01 -2.3924E-01
  3.1000E+01  1.2284E+00  4.7746E+00  3.9186E+01  1.0085E-01  4.2338E-01 -2.3924E-01
  3.1000E+01  1.2284E+00  4.7746E+00  3.9186E+01  1.0085E-01  4.2338E-01 -2.3924E-01
  3.1000E+01  1.2284E+00  4.7746E+00  3.9186E+01  1.0085E-01  4.2338E-01 -2.3924E-01
  3.1000E+01  1.2284E+00  4.7746E+00  3.9186E+01  1.0085E-01  4.2338E-01 -2.3924E-01
  3.1000E+01  1.2284E+00  4.7746E+00  3.9186E+01  1.0085E-01  4.2338E-01 -2.3924E-01
  3.2000E+01  8.8976E-01  1.3650E+00  4.6971E+01 -2.2163E-01 -8.2876E-01 -5.8039E-02
  3.2000E+01  8.8976E-01  1.3650E+00  4.6971E+01 -2.2163E-01 -8.2876E-01 -5.8039E-02
  3.2000E+01  8.8976E-01  1.3650E+00  4.6971E+01 -2.2163E-01 -8.2876E-01 -5.8039E-02
  3.2000E+01  8.8976E-01  1.3650E+00  4.6971E+01 -2.2163E-01 -8.2876E-01 -5.8039E-02
  3.2000E+01  8.8976E-01  1.3650E+00  4.6971E+01 -2.2163E-01 -8.2876E-01 -5.8039E-02
  3.2000E+01  8.8976E-01  1.3650E+00  4.6971E+01 -2.2163E-01 -8.2876E-01 -5.8039E-02
  3.2000E+01  8.8976E-01  1.3650E+00  4.6971E+01 -2.2163E-01 -8.2876E-01 -5.8039E-02
  3.2000E+01  8.8976E-01  1.3650E+00  4.6971E+01 -2.2163E-01 -8.2876E-01 -5.8039E-02
  3.2000E+01  8.8976E-01  1.3650E+00  4.6971E+01 -2.2163E-01 -8.2876E-01 -5.8039E-02
  3.2000E+01  8.8976E-01  1.3650E+00  4.6971E+01 -2.2163E-01 -8.2876E-01 -5.8039E-02
  3.2000E+01  8.8976E-01  1.3650E+00  4.6971E+01 -2.2163E-01 -8.2876E-01 -5.8039E-02
  3.2000E+01  8.8976E-01  1.3650E+00  4.6971E+01 -2.2163E-01 -8.2876E-01 -5.8039E-02
  3.2000E+01  8.8976E-01  1.3650E+00  4.6971E+01 -2.2163E-01 -8.2876E-01 -5.8039E-02
  3.2000E+01  8.8976E-01  1.3650E+00  4.6971E+01 -2.2163E-01 -8.2876E-01 -5.8039E-02
  3.2000E+01  8.8976E-01  1.3650E+00  4.6971E+01 -2.2163E-01 -8.2876E-01 -5.8039E-02
  3.2000E+01  8.8976E-01  1.3650E+00  4.6971E+01 -2.2163E-01 -8.2876E-01 -5.8039E-02
  3.2000E+01  8.8976E-01  1.3650E+00  4.6971E+01 -2.2163E-01 -8.2876E-01 -5.8039E-02
  3.2000E+01  8.8976E-01  1.3650E+00  4.6971E+01 -2.2163E-01 -8.2876E-01 -5.8039E-02
  3.2000E+01  8.8976E-01  1.3650E+00  4.6971E+01 -2.2163E-01 -8.2876E-01 -5.8039E-02
  3.2000E+01  8.8976E-01  1.3650E+00  4.6971E+01 -2.2163E-01 -8.2876E-01 -5.8039E-02
  3.2000E+01  8.8976E-01  1.3650E+00  4.6971E+01 -2.2163E-01 -8.2876E-01 -5.8039E-02
  3.2000E+01  8.8976E-01  1.3650E+00  4.6971E+01 -2.2163E-01 -8.2876E-01 -5.8039E-02
  3.2000E+01  8.8976E-01  1.3650E+00  4.6971E+01 -2.2163E-01 -8.2876E-01 -5.8039E-02
  3.2000E+01  8.8976E-01  1.3650E+00  4.6971E+01 -2.2163E-01 -8.2876E-01 -5.8039E-02
  3.3000E+01  1.3645E+00  8.5542E-01  5.2906E+01  2.0599E-01 -1.2961E+00  6.0944E-02
  3.3000E+01  1.3645E+00  8.5542E-01  5.2906E+01  2.0599E-01 -1.2961E+00  6.0944E-02
  3.3000E+01  1.3645E+00  8.5542E-01  5.2906E+01  2.0599E-01 -1.2961E+00  6.0944E-02
  3.3000E+01  1.3645E+00  8.5542E-01  5.2906E+01  2.0599E-01 -1.2961E+00  6.0944E-02
  3.3000E+01  1.3645E+00  8.5542E-01  5.2906E+01  2.0599E-01 -1.2961E+00  6.0944E-02
  3.3000E+01  1.3645E+00  8.5542E-01  5.2906E+01  2.0599E-01 -1.2961E+00  6.0944E-02
  3.3000E+01  1.3645E+00  8.5542E-01  5.2906E+01  2.0599E-01 -1.2961E+00  6.0944E-02
  3.3000E+01  1.3645E+00  8.5542E-01  5.2906E+01  2.0599E-01 -1.2961E+00  6.0944E-02
  3.3000E+01  1.3645E+00  8.5542E-01  5.2906E+01  2.0599E-01 -1.2961E+00  6.0944E-02
  3.3000E+01  1.3645E+00  8.5542E-01  5.2906E+01  2.0599E-01 -1.2961E+00  6.0944E-02
  3.3000E+01  1.3645E+00  8.5542E-01  5.2906E+01  2.0599E-01 -1.2961E+00  6.0944E-02
  3.3000E+01  1.3645E+00  8.5542E-01  5.2906E+01  2.0599E-01 -1.2961E+00  6.0944E-02
  3.3000E+01  1.3645E+00  8.5542E-01  5.2906E+01  2.0599E-01 -1.2961E+00  6.0944E-02
  3.3000E+01  1.3645E+00  8.5542E-01  5.2906E+01  2.0599E-01 -1.2961E+00  6.0944E-02
  3.3000E+01  1.3645E+00  8.5542E-01  5.2906E+01  2.0599E-01 -1.2961E+00  6.0944E-02
  3.3000E+01  1.3645E+00  8.5542E-01  5.2906E+01  2.0599E-01 -1.2961E+00  6.0944E-02
  3.3000E+01  1.3645E+00  8.5542E-01  5.2906E+01  2.0599E-01 -1.2961E+00  6.0944E-02
  3.3000E+01  1.3645E+00  8.5542E-01  5.2906E+01  2.0599E-01 -1.2961E+00  6.0944E-02
  3.3000E+01  1.3645E+00  8.5542E-01  5.2906E+01  2.0599E-01 -1.2961E+00  6.0944E-02
  3.3000E+01  1.3645E+00  8.5542E-01  5.2906E+01  2.0599E-01 -1.2961E+00  6.0944E-02
  3.3000E+01  1.3645E+00  8.5542E-01  5.2906E+01  2.0599E-01 -1.2961E+00  6.0944E-02
  3.3000E+01  1.3645E+00  8.5542E-01  5.2906E+01  2.0599E-01 -1.2961E+00  6.0944E-02
  3.3000E+01  1.3645E+00  8.5542E-01  5.2906E+01  2.0599E-01 -1.2961E+00  6.0944E-02
  3.3000E+01  1.3645E+00  8.5542E-01  5.2906E+01  2.0599E-01 -1.2961E+00  6.0944E-02
  3.4000E+01  8.0775E-01  3.9652E+00  4.8234E+01 -3.1833E-01  2.3763E-01 -3.1491E-02
  3.4000E+01  8.0775E-01  3.9652E+00  4.8234E+01 -3.1833E-01  2.3763E-01 -3.1491E-02
  3.4000E+01  8.0775E-01  3.9652E+00  4.8234E+01 -3.1833E-01  2.3763E-01 -3.1491E-02
  3.4000E+01  8.0775E-01  3.9652E+00  4.8234E+01 -3.1833E-01  2.3763E-01 -3.1491E-02
  3.4000E+01  8.0775E-01  3.9652E+00  4.8234E+01 -3.1833E-01  2.3763E-01 -3.1491E-02
  3.4000E+01  8.0775E-01  3.9652E+00  4.8234E+01 -3.1833E-01  2.3763E-01 -3.1491E-02
  3.4000E+01  8.0775E-01  3.9652E+00  4.8234E+01 -3.1833E-01  2.3763E-01 -3.1491E-02
  3.4000E+01  8.0775E-01  3.9652E+00  4.8234E+01 -3.1833E-01  2.3763E-01 -3.1491E-02
  3.4000E+01  8.0775E-01  3.9652E+00  4.8234E+01 -3.1833E-01  2.3763E-01 -3.1491E-02
  3.4000E+01  8.0775E-01  3.9652E+00  4.8234E+01 -3.1833E-01  2.3763E-01 -3.1491E-02
  3.4000E+01  8.0775E-01  3.9652E+00  4.8234E+01 -3.1833E-01  2.3763E-01 -3.1491E-02
  3.4000E+01  8.0775E-01  3.9652E+00  4.8234E+01 -3.1833E-01  2.3763E-01 -3.1491E-02
  3.4000E+01  8.0775E-01  3.9652E+00  4.8234E+01 -3.1833E-01  2.3763E-01 -3.1491E-02
  3.4000E+01  8.0775E-01  3.9652E+00  4.8234E+01 -3.1833E-01  2.3763E-01 -3.1491E-02
  3.4000E+01  8.0775E-01  3.9652E+00  4.8234E+01 -3.1833E-01  2.3763E-01 -3.1491E-02
  3.4000E+01  8.0775E-01  3.9652E+00  4.8234E+01 -3.1833E-01  2.3763E-01 -3.1491E-02
  3.4000E+01  8.0775E-01  3.9652E+00  4.8234E+01 -3.1833E-01  2.3763E-01 -3.1491E-02
  3.4000E+01  8.0775E-01  3.9652E+00  4.8234E+01 -3.1833E-01  2.3763E-01 -3.1491E-02
  3.4000E+01  8.0775E-01  3.9652E+00  4.8234E+01 -3.1833E-01  2.3763E-01 -3.1491E-02
  3.4000E+01  8.0775E-01  3.9652E+00  4.8234E+01 -3.1833E-01  2.3763E-01 -3.1491E-02
  3.4000E+01  8.0775E-01  3.9652E+00  4.8234E+01 -3.1833E-01  2.3763E-01 -3.1491E-02
  3.4000E+01  8.0775E-01  3.9652E+00  4.8234E+01 -3.1833E-01  2.3763E-01 -3.1491E-02
  3.4000E+01  8.0775E-01  3.9652E+00  4.8234E+01 -3.1833E-01  2.3763E-01 -3.1491E-02
  3.4000E+01  8.0775E-01  3.9652E+00  4.8234E+01 -3.1833E-01  2.3763E-01 -3.1491E-02
  3.5000E+01  1.4786E+00  6.7907E+00  4.3859E+01  2.8628E-01  7.7561E-01 -1.2658E-01
  3.5000E+01  1.4786E+00  6.7907E+00  4.3859E+01  2.8628E-01  7.7561E-01 -1.2658E-01
  3.5000E+01  1.4786E+00  6.7907E+00  4.3859E+01  2.8628E-01  7.7561E-01 -1.2658E-01
  3.5000E+01  1.4786E+00  6.7907E+00  4.3859E+01  2.8628E-01  7.7561E-01 -1.2658E-01
  3.5000E+01  1.4786E+00  6.7907E+00  4.3859E+01  2.8628E-01  7.7561E-01 -1.2658E-01
  3.5000E+01  1.4786E+00  6.7907E+00  4.3859E+01  2.8628E-01  7.7561E-01 -1.2658E-01
  3.5000E+01  1.4786E+00  6.7907E+00  4.3859E+01  2.8628E-01  7.7561E-01 -1.2658E-01
  3.5000E+01  1.4786E+00  6.7907E+00  4.3859E+01  2.8628E-01  7.7561E-01 -1.2658E-01
  3.5000E+01  1.4786E+00  6.7907E+00  4.3859E+01  2.8628E-01  7.7561E-01 -1.2658E-01
  3.5000E+01  1.4786E+00  6.7907E+00  4.3859E+01  2.8628E-01  7.7561E-01 -1.2658E-01
  3.5000E+01  1.4786E+00  6.7907E+00  4.3859E+01  2.8628E-01  7.7561E-01 -1.2658E-01
  3.5000E+01  1.4786E+00  6.7907E+00  4.3859E+01  2.8628E-01  7.7561E-01 -1.2658E-01
  3.5000E+01  1.4786E+00  6.7907E+00  4.3859E+01  2.8628E-01  7.7561E-01 -1.2658E-01
  3.5000E+01  1.4786E+00  6.7907E+00  4.3859E+01  2.8628E-01  7.7561E-01 -1.2658E-01
  3.5000E+01  1.4786E+00  6.7907E+00  4.3859E+01  2.8628E-01  7.7561E-01 -1.2658E-01
  3.5000E+01  1.4786E+00  6.7907E+00  4.3859E+01  2.8628E-01  7.7561E-01 -1.2658E-01
  3.5000E+01  1.4786E+00  6.7907E+00  4.3859E+01  2.8628E-01  7.7561E-01 -1.2658E-01
  3.5000E+01  1.4786E+00  6.7907E+00  4.3859E+01  2.8628E-01  7.7561E-01 -1.2658E-01
  3.5000E+01  1.4786E+00  6.7907E+00  4.3859E+01  2.8628E-01  7.7561E-01 -1.2658E-01
  3.5000E+01  1.4786E+00  6.7907E+00  4.3859E+01  2.8628E-01  7.7561E-01 -1.2658E-01
  3.5000E+01  1.4786E+00  6.7907E+00  4.3859E+01  2.8628E-01  7.7561E-01 -1.2658E-01
  3.5000E+01  1.4786E+00  6.7907E+00  4.3859E+01  2.8628E-01  7.7561E-01 -1.2658E-01
  3.5000E+01  1.4786E+00  6.7907E+00  4.3859E+01  2.8628E-01  7.7561E-01 -1.2658E-01
  3.5000E+01  1.4786E+00  6.7907E+00  4.3859E+01  2.8628E-01  7.7561E-01 -1.2658E-01
  3.6000E+01  7.0787E-01  4.9282E+00  5.6533E+01 -4.5032E-01  4.5505E-01  1.2726E-01
  3.6000E+01  7.0787E-01  4.9282E+00  5.6533E+01 -4.5032E-01  4.5505E-01  1.2726E-01
  3.6000E+01  7.0787E-01  4.9282E+00  5.6533E+01 -4.5032E-01  4.5505E-01  1.2726E-01
  3.6000E+01  7.0787E-01  4.9282E+00  5.6533E+01 -4.5032E-01  4.5505E-01  1.2726E-01
  3.6000E+01  7.0787E-01  4.9282E+00  5.6533E+01 -4.5032E-01  4.5505E-01  1.2726E-01
  3.6000E+01  7.0787E-01  4.9282E+00  5.6533E+01 -4.5032E-01  4.5505E-01  1.2726E-01
  3.6000E+01  7.0787E-01  4.9282E+00  5.6533E+01 -4.5032E-01  4.5505E-01  1.2726E-01
  3.6000E+01  7.0787E-01  4.9282E+00  5.6533E+01 -4.5032E-01  4.5505E-01  1.2726E-01
  3.6000E+01  7.0787E-01  4.9282E+00  5.6533E+01 -4.5032E-01  4.5505E-01  1.2726E-01
  3.6000E+01  7.0787E-01  4.9282E+00  5.6533E+01 -4.5032E-01  4.5505E-01  1.2726E-01
  3.6000E+01  7.0787E-01  4.9282E+00  5.6533E+01 -4.5032E-01  4.5505E-01  1.2726E-01
  3.6000E+01  7.0787E-01  4.9282E+00  5.6533E+01 -4.5032E-01  4.5505E-01  1.2726E-01
  3.6000E+01  7.0787E-01  4.9282E+00  5.6533E+01 -4.5032E-01  4.5505E-01  1.2726E-01
  3.6000E+01  7.0787E-01  4.9282E+00  5.6533E+01 -4.5032E-01  4.5505E-01  1.2726E-01
  3.6000E+01  7.0787E-01  4.9282E+00  5.6533E+01 -4.5032E-01  4.5505E-01  1.2726E-01
  3.6000E+01  7.0787E-01  4.9282E+00  5.6533E+01 -4.5032E-01  4.5505E-01  1.2726E-01
  3.6000E+01  7.0787E-01  4.9282E+00  5.6533E+01 -4.5032E-01  4.5505E-01  1.2726E-01
  3.6000E+01  7.0787E-01  4.9282E+00  5.6533E+01 -4.5032E-01  4.5505E-01  1.2726E-01
  3.6000E+01  7.0787E-01  4.9282E+00  5.6533E+01 -4.5032E-01  4.5505E-01  1.2726E-01
  3.6000E+01  7.0787E-01  4.9282E+00  5.6533E+01 -4.5032E-01  4.5505E-01  1.2726E-01
  3.6000E+01  7.0787E-01  4.9282E+00  5.6533E+01 -4.5032E-01  4.5505E-01  1.2726E-01
  3.6000E+01  7.0787E-01  4.9282E+00  5.6533E+01 -4.5032E-01  4.5505E-01  1.2726E-01
  3.6000E+01  7.0787E-01  4.9282E+00  5.6533E+01 -4.5032E-01  4.5505E-01  1.2726E-01
  3.6000E+01  7.0787E-01  4.9282E+00  5.6533E+01 -4.5032E-01  4.5505E-01  1.2726E-01
  3.7000E+01  1.4786E+00  3.8983E+00  4.4277E+01  2.8624E-01  2.2060E-01 -1.1710E-01
  3.7000E+01  1.4786E+00  3.8983E+00  4.4277E+01  2.8624E-01  2.2060E-01 -1.1710E-01
  3.7000E+01  1.4786E+00  3.8983E+00  4.4277E+01  2.8624E-01  2.2060E-01 -1.1710E-01
  3.7000E+01  1.4786E+00  3.8983E+00  4.4277E+01  2.8624E-01  2.2060E-01 -1.1710E-01
  3.7000E+01  1.4786E+00  3.8983E+00  4.4277E+01  2.8624E-01  2.2060E-01 -1.1710E-01
  3.7000E+01  1.4786E+00  3.8983E+00  4.4277E+01  2.8624E-01  2.2060E-01 -1.1710E-01
  3.7000E+01  1.4786E+00  3.8983E+00  4.4277E+01  2.8624E-01  2.2060E-01 -1.1710E-01
  3.7000E+01  1.4786E+00  3.8983E+00  4.4277E+01  2.8624E-01  2.2060E-01 -1.1710E-01
  3.7000E+01  1.4786E+00  3.8983E+00  4.4277E+01  2.8624E-01  2.2060E-01 -1.1710E-01
  3.7000E+01  1.4786E+00  3.8983E+00  4.4277E+01  2.8624E-01  2.2060E-01 -1.1710E-01
  3.7000E+01  1.4786E+00  3.8983E+00  4.4277E+01  2.8624E-01  2.2060E-01 -1.1710E-01
  3.7000E+01  1.4786E+00  3.8983E+00  4.4277E+01  2.8624E-01  2.2060E-01 -1.1710E-01
  3.7000E+01  1.4786E+00  3.8983E+00  4.4277E+01  2.8624E-01  2.2060E-01 -1.1710E-01
  3.7000E+01  1.4786E+00  3.8983E+00  4.4277E+01  2.8624E-01  2.2060E-01 -1.1710E-01
  3.7000E+01  1.4786E+00  3.8983E+00  4.4277E+01  2.8624E-01  2.2060E-01 -1.1710E-01
  3.7000E+01  1.4786E+00  3.8983E+00  4.4277E+01  2.8624E-01  2.2060E-01 -1.1710E-01
  3.7000E+01  1.4786E+00  3.8983E+00  4.4277E+01  2.8624E-01  2.2060E-01 -1.1710E-01
  3.7000E+01  1.4786E+00  3.8983E+00  4.4277E+01  2.8624E-01  2.2060E-01 -1.1710E-01
  3.7000E+01  1.4786E+00  3.8983E+00  4.4277E+01  2.8624E-01  2.2060E-01 -1.1710E-01
  3.7000E+01  1.4786E+00  3.8983E+00  4.4277E+01  2.8624E-01  2.2060E-01 -1.1710E-01
  3.7000E+01  1.4786E+00  3.8983E+00  4.4277E+01  2.8624E-01  2.2060E-01 -1.1710E-01
  3.7000E+01  1.4786E+00  3.8983E+00  4.4277E+01  2.8624E-01  2.2060E-01 -1.1710E-01
  3.7000E+01  1.4786E+00  3.8983E+00  4.4277E+01  2.8624E-01  2.2060E-01 -1.1710E-01
  3.7000E+01  1.4786E+00  3.8983E+00  4.4277E+01  2.8624E-01  2.2060E-01 -1.1710E-01
  3.8000E+01  9.0785E-01  3.5507E+00  5.3786E+01 -2.0150E-01  1.2721E-01  7.7450E-02
  3.8000E+01  9.0785E-01  3.5507E+00  5.3786E+01 -2.0150E-01  1.2721E-01  7.7450E-02
  3.8000E+01  9.0785E-01  3.5507E+00  5.3786E+01 -2.0150E-01  1.2721E-01  7.7450E-02
  3.8000E+01  9.0785E-01  3.5507E+00  5.3786E+01 -2.0150E-01  1.2721E-01  7.7450E-02
  3.8000E+01  9.0785E-01  3.5507E+00  5.3786E+01 -2.0150E-01  1.2721E-01  7.7450E-02
  3.8000E+01  9.0785E-01  3.5507E+00  5.3786E+01 -2.0150E-01  1.2721E-01  7.7450E-02
  3.8000E+01  9.0785E-01  3.5507E+00  5.3786E+01 -2.0150E-01  1.2721E-01  7.7450E-02
  3.8000E+01  9.0785E-01  3.5507E+00  5.3786E+01 -2.0150E-01  1.2721E-01  7.7450E-02
  3.8000E+01  9.0785E-01  3.5507E+00  5.3786E+01 -2.0150E-01  1.2721E-01  7.7450E-02
  3.8000E+01  9.0785E-01  3.5507E+00  5.3786E+01 -2.0150E-01  1.2721E-01  7.7450E-02
  3.8000E+01  9.0785E-01  3.5507E+00  5.3786E+01 -2.0150E-01  1.2721E-01  7.7450E-02
  3.8000E+01  9.0785E-01  3.5507E+00  5.3786E+01 -2.0150E-01  1.2721E-01  7.7450E-02
  3.8000E+01  9.0785E-01  3.5507E+00  5.3786E+01 -2.0150E-01  1.2721E-01  7.7450E-02
  3.8000E+01  9.0785E-01  3.5507E+00  5.3786E+01 -2.0150E-01  1.2721E-01  7.7450E-02
  3.8000E+01  9.0785E-01  3.5507E+00  5.3786E+01 -2.0150E-01  1.2721E-01  7.7450E-02
  3.8000E+01  9.0785E-01  3.5507E+00  5.3786E+01 -2.0150E-01  1.2721E-01  7.7450E-02
  3.8000E+01  9.0785E-01  3.5507E+00  5.3786E+01 -2.0150E-01  1.2721E-01  7.7450E-02
  3.8000E+01  9.0785E-01  3.5507E+00  5.3786E+01 -2.0150E-01  1.2721E-01  7.7450E-02
  3.8000E+01  9.0785E-01  3.5507E+00  5.3786E+01 -2.0150E-01  1.2721E-01  7.7450E-02
  3.8000E+01  9.0785E-01  3.5507E+00  5.3786E+01 -2.0150E-01  1.2721E-01  7.7450E-02
  3.8000E+01  9.0785E-01  3.5507E+00  5.3786E+01 -2.0150E-01  1.2721E-01  7.7450E-02
  3.8000E+01  9.0785E-01  3.5507E+00  5.3786E+01 -2.0150E-01  1.2721E-01  7.7450E-02
  3.8000E+01  9.0785E-01  3.5507E+00  5.3786E+01 -2.0150E-01  1.2721E-01  7.7450E-02
  3.8000E+01  9.0785E-01  3.5507E+00  5.3786E+01 -2.0150E-01  1.2721E-01  7.7450E-02
  3.9000E+01  9.3314E-01  5.2841E+00  4.2570E+01 -1.7403E-01  5.2477E-01 -1.5642E-01
  3.9000E+01  9.3314E-01  5.2841E+00  4.2570E+01 -1.7403E-01  5.2477E-01 -1.5642E-01
  3.9000E+01  9.3314E-01  5.2841E+00  4.2570E+01 -1.7403E-01  5.2477E-01 -1.5642E-01
  3.9000E+01  9.3314E-01  5.2841E+00  4.2570E+01 -1.7403E-01  5.2477E-01 -1.5642E-01
  3.9000E+01  9.3314E-01  5.2841E+00  4.2570E+01 -1.7403E-01  5.2477E-01 -1.5642E-01
  3.9000E+01  9.3314E-01  5.2841E+00  4.2570E+01 -1.7403E-01  5.2477E-01 -1.5642E-01
  3.9000E+01  9.3314E-01  5.2841E+00  4.2570E+01 -1.7403E-01  5.2477E-01 -1.5642E-01
  3.9000E+01  9.3314E-01  5.2841E+00  4.2570E+01 -1.7403E-01  5.2477E-01 -1.5642E-01
  3.9000E+01  9.3314E-01  5.2841E+00  4.2570E+01 -1.7403E-01  5.2477E-01 -1.5642E-01
  3.9000E+01  9.3314E-01  5.2841E+00  4.2570E+01 -1.7403E-01  5.2477E-01 -1.5642E-01
  3.9000E+01  9.3314E-01  5.2841E+00  4.2570E+01 -1.7403E-01  5.2477E-01 -1.5642E-01
  3.9000E+01  9.3314E-01  5.2841E+00  4.2570E+01 -1.7403E-01  5.2477E-01 -1.5642E-01
  3.9000E+01  9.3314E-01  5.2841E+00  4.2570E+01 -1.7403E-01  5.2477E-01 -1.5642E-01
  3.9000E+01  9.3314E-01  5.2841E+00  4.2570E+01 -1.7403E-01  5.2477E-01 -1.5642E-01
  3.9000E+01  9.3314E-01  5.2841E+00  4.2570E+01 -1.7403E-01  5.2477E-01 -1.5642E-01
  3.9000E+01  9.3314E-01  5.2841E+00  4.2570E+01 -1.7403E-01  5.2477E-01 -1.5642E-01
  3.9000E+01  9.3314E-01  5.2841E+00  4.2570E+01 -1.7403E-01  5.2477E-01 -1.5642E-01
  3.9000E+01  9.3314E-01  5.2841E+00  4.2570E+01 -1.7403E-01  5.2477E-01 -1.5642E-01
  3.9000E+01  9.3314E-01  5.2841E+00  4.2570E+01 -1.7403E-01  5.2477E-01 -1.5642E-01
  3.9000E+01  9.3314E-01  5.2841E+00  4.2570E+01 -1.7403E-01  5.2477E-01 -1.5642E-01
  3.9000E+01  9.3314E-01  5.2841E+00  4.2570E+01 -1.7403E-01  5.2477E-01 -1.5642E-01
  3.9000E+01  9.3314E-01  5.2841E+00  4.2570E+01 -1.7403E-01  5.2477E-01 -1.5642E-01
  3.9000E+01  9.3314E-01  5.2841E+00  4.2570E+01 -1.7403E-01  5.2477E-01 -1.5642E-01
  3.9000E+01  9.3314E-01  5.2841E+00  4.2570E+01 -1.7403E-01  5.2477E-01 -1.5642E-01
  4.0000E+01  5.0450E-01  3.7379E+00  5.4470E+01 -7.8900E-01  1.7858E-01  9.0087E-02
  4.0000E+01  5.0450E-01  3.7379E+00  5.4470E+01 -7.8900E-01  1.7858E-01  9.0087E-02
  4.0000E+01  5.0450E-01  3.7379E+00  5.4470E+01 -7.8900E-01  1.7858E-01  9.0087E-02
  4.0000E+01  5.0450E-01  3.7379E+00  5.4470E+01 -7.8900E-01  1.7858E-01  9.0087E-02
  4.0000E+01  5.0450E-01  3.7379E+00  5.4470E+01 -7.8900E-01  1.7858E-01  9.0087E-02
  4.0000E+01  5.0450E-01  3.7379E+00  5.4470E+01 -7.8900E-01  1.7858E-01  9.0087E-02
  4.0000E+01  5.0450E-01  3.7379E+00  5.4470E+01 -7.8900E-01  1.7858E-01  9.0087E-02
  4.0000E+01  5.0450E-01  3.7379E+00  5.4470E+01 -7.8900E-01  1.7858E-01  9.0087E-02
  4.0000E+01  5.0450E-01  3.7379E+00  5.4470E+01 -7.8900E-01  1.7858E-01  9.0087E-02
  4.0000E+01  5.0450E-01  3.7379E+00  5.4470E+01 -7.8900E-01  1.7858E-01  9.0087E-02
  4.0000E+01  5.0450E-01  3.7379E+00  5.4470E+01 -7.8900E-01  1.7858E-01  9.0087E-02
  4.0000E+01  5.0450E-01  3.7379E+00  5.4470E+01 -7.8900E-01  1.7858E-01  9.0087E-02
  4.0000E+01  5.0450E-01  3.7379E+00  5.4470E+01 -7.8900E-01  1.7858E-01  9.0087E-02
  4.0000E+01  5.0450E-01  3.7379E+00  5.4470E+01 -7.8900E-01  1.7858E-01  9.0087E-02
  4.0000E+01  5.0450E-01  3.7379E+00  5.4470E+01 -7.8900E-01  1.7858E-01  9.0087E-02
  4.0000E+01  5.0450E-01  3.7379E+00  5.4470E+01 -7.8900E-01  1.7858E-01  9.0087E-02
  4.0000E+01  5.0450E-01  3.7379E+00  5.4470E+01 -7.8900E-01  1.7858E-01  9.0087E-02
  4.0000E+01  5.0450E-01  3.7379E+00  5.4470E+01 -7.8900E-01  1.7858E-01  9.0087E-02
  4.0000E+01  5.0450E-01  3.7379E+00  5.4470E+01 -7.8900E-01  1.7858E-01  9.0087E-02
  4.0000E+01  5.0450E-01  3.7379E+00  5.4470E+01 -7.8900E-01  1.7858E-01  9.0087E-02
  4.0000E+01  5.0450E-01  3.7379E+00  5.4470E+01 -7.8900E-01  1.7858E-01  9.0087E-02
  4.0000E+01  5.0450E-01  3.7379E+00  5.4470E+01 -7.8900E-01  1.7858E-01  9.0087E-02
  4.0000E+01  5.0450E-01  3.7379E+00  5.4470E+01 -7.8900E-01  1.7858E-01  9.0087E-02
  4.0000E+01  5.0450E-01  3.7379E+00  5.4470E+01 -7.8900E-01  1.7858E-01  9.0087E-02
  4.1000E+01  1.2497E+00  1.0175E+00  5.4772E+01  1.1808E-01 -1.1226E+00  9.5622E-02
  4.1000E+01  1.2497E+00  1.0175E+00  5.4772E+01  1.1808E-01 -1.1226E+00  9.5622E-02
  4.1000E+01  1.2497E+00  1.0175E+00  5.4772E+01  1.1808E-01 -1.1226E+00  9.5622E-02
  4.1000E+01  1.2497E+00  1.0175E+00  5.4772E+01  1.1808E-01 -1.1226E+00  9.5622E-02
  4.1000E+01  1.2497E+00  1.0175E+00  5.4772E+01  1.1808E-01 -1.1226E+00  9.5622E-02
  4.1000E+01  1.2497E+00  1.0175E+00  5.4772E+01  1.1808E-01 -1.1226E+00  9.5622E-02
  4.1000E+01  1.2497E+00  1.0175E+00  5.4772E+01  1.1808E-01 -1.1226E+00  9.5622E-02
  4.1000E+01  1.2497E+00  1.0175E+00  5.4772E+01  1.1808E-01 -1.1226E+00  9.5622E-02
  4.1000E+01  1.2497E+00  1.0175E+00  5.4772E+01  1.1808E-01 -1.1226E+00  9.5622E-02
  4.1000E+01  1.2497E+00  1.0175E+00  5.4772E+01  1.1808E-01 -1.1226E+00  9.5622E-02
  4.1000E+01  1.2497E+00  1.0175E+00  5.4772E+01  1.1808E-01 -1.1226E+00  9.5622E-02
  4.1000E+01  1.2497E+00  1.0175E+00  5.4772E+01  1.1808E-01 -1.1226E+00  9.5622E-02
  4.1000E+01  1.2497E+00  1.0175E+00  5.4772E+01  1.1808E-01 -1.1226E+00  9.5622E-02
  4.1000E+01  1.2497E+00  1.0175E+00  5.4772E+01  1.1808E-01 -1.1226E+00  9.5622E-02
  4.1000E+01  1.2497E+00  1.0175E+00  5.4772E+01  1.1808E-01 -1.1226E+00  9.5622E-02
  4.1000E+01  1.2497E+00  1.0175E+00  5.4772E+01  1.1808E-01 -1.1226E+00  9.5622E-02
  4.1000E+01  1.2497E+00  1.0175E+00  5.4772E+01  1.1808E-01 -1.1226E+00  9.5622E-02
  4.1000E+01  1.2497E+00  1.0175E+00  5.4772E+01  1.1808E-01 -1.1226E+00  9.5622E-02
  4.1000E+01  1.2497E+00  1.0175E+00  5.4772E+01  1.1808E-01 -1.1226E+00  9.5622E-02
  4.1000E+01  1.2497E+00  1.0175E+00  5.4772E+01  1.1808E-01 -1.1226E+00  9.5622E-02
  4.1000E+01  1.2497E+00  1.0175E+00  5.4772E+01  1.1808E-01 -1.1226E+00  9.5622E-02
  4.1000E+01  1.2497E+00  1.0175E+00  5.4772E+01  1.1808E-01 -1.1226E+00  9.5622E-02
  4.1000E+01  1.2497E+00  1.0175E+00  5.4772E+01  1.1808E-01 -1.1226E+00  9.5622E-02
  4.1000E+01  1.2497E+00  1.0175E+00  5.4772E+01  1.1808E-01 -1.1226E+00  9.5622E-02
  4.2000E+01  1.2234E+00  5.8823E+00  5.3873E+01  9.6845E-02  6.3202E-01  7.9057E-02
  4.2000E+01  1.2234E+00  5.8823E+00  5.3873E+01  9.6845E-02  6.3202E-01  7.9057E-02
  4.2000E+01  1.2234E+00  5.8823E+00  5.3873E+01  9.6845E-02  6.3202E-01  7.9057E-02
  4.2000E+01  1.2234E+00  5.8823E+00  5.3873E+01  9.6845E-02  6.3202E-01  7.9057E-02
  4.2000E+01  1.2234E+00  5.8823E+00  5.3873E+01  9.6845E-02  6.3202E-01  7.9057E-02
  4.2000E+01  1.2234E+00  5.8823E+00  5.3873E+01  9.6845E-02  6.3202E-01  7.9057E-02
  4.2000E+01  1.2234E+00  5.8823E+00  5.3873E+01  9.6845E-02  6.3202E-01  7.9057E-02
  4.2000E+01  1.2234E+00  5.8823E+00  5.3873E+01  9.6845E-02  6.3202E-01  7.9057E-02
  4.2000E+01  1.2234E+00  5.8823E+00  5.3873E+01  9.6845E-02  6.3202E-01  7.9057E-02
  4.2000E+01  1.2234E+00  5.8823E+00  5.3873E+01  9.6845E-02  6.3202E-01  7.9057E-02
  4.2000E+01  1.2234E+00  5.8823E+00  5.3873E+01  9.6845E-02  6.3202E-01  7.9057E-02
  4.2000E+01  1.2234E+00  5.8823E+00  5.3873E+01  9.6845E-02  6.3202E-01  7.9057E-02
  4.2000E+01  1.2234E+00  5.8823E+00  5.3873E+01  9.6845E-02  6.3202E-01  7.9057E-02
  4.2000E+01  1.2234E+00  5.8823E+00  5.3873E+01  9.6845E-02  6.3202E-01  7.9057E-02
  4.2000E+01  1.2234E+00  5.8823E+00  5.3873E+01  9.6845E-02  6.3202E-01  7.9057E-02
  4.2000E+01  1.2234E+00  5.8823E+00  5.3873E+01  9.6845E-02  6.3202E-01  7.9057E-02
  4.2000E+01  1.2234E+00  5.8823E+00  5.3873E+01  9.6845E-02  6.3202E-01  7.9057E-02
  4.2000E+01  1.2234E+00  5.8823E+00  5.3873E+01  9.6845E-02  6.3202E-01  7.9057E-02
  4.2000E+01  1.2234E+00  5.8823E+00  5.3873E+01  9.6845E-02  6.3202E-01  7.9057E-02
  4.2000E+01  1.2234E+00  5.8823E+00  5.3873E+01  9.6845E-02  6.3202E-01  7.9057E-02
  4.2000E+01  1.2234E+00  5.8823E+00  5.3873E+01  9.6845E-02  6.3202E-01  7.9057E-02
  4.2000E+01  1.2234E+00  5.8823E+00  5.3873E+01  9.6845E-02  6.3202E-01  7.9057E-02
  4.2000E+01  1.2234E+00  5.8823E+00  5.3873E+01  9.6845E-02  6.3202E-01  7.9057E-02
  4.2000E+01  1.2234E+00  5.8823E+00  5.3873E+01  9.6845E-02  6.3202E-01  7.9057E-02
  4.3000E+01  8.7370E-01  3.8606E+00  6.6781E+01 -2.3984E-01  2.1090E-01  2.9386E-01
  4.3000E+01  8.7370E-01  3.8606E+00  6.6781E+01 -2.3984E-01  2.1090E-01  2.9386E-01
  4.3000E+01  8.7370E-01  3.8606E+00  6.6781E+01 -2.3984E-01  2.1090E-01  2.9386E-01
  4.3000E+01  8.7370E-01  3.8606E+00  6.6781E+01 -2.3984E-01  2.1090E-01  2.9386E-01
  4.3000E+01  8.7370E-01  3.8606E+00  6.6781E+01 -2.3984E-01  2.1090E-01  2.9386E-01
  4.3000E+01  8.7370E-01  3.8606E+00  6.6781E+01 -2.3984E-01  2.1090E-01  2.9386E-01
  4.3000E+01  8.7370E-01  3.8606E+00  6.6781E+01 -2.3984E-01  2.1090E-01  2.9386E-01
  4.3000E+01  8.7370E-01  3.8606E+00  6.6781E+01 -2.3984E-01  2.1090E-01  2.9386E-01
  4.3000E+01  8.7370E-01  3.8606E+00  6.6781E+01 -2.3984E-01  2.1090E-01  2.9386E-01
  4.3000E+01  8.7370E-01  3.8606E+00  6.6781E+01 -2.3984E-01  2.1090E-01  2.9386E-01
  4.3000E+01  8.7370E-01  3.8606E+00  6.6781E+01 -2.3984E-01  2.1090E-01  2.9386E-01
  4.3000E+01  8.7370E-01  3.8606E+00  6.6781E+01 -2.3984E-01  2.1090E-01  2.9386E-01
  4.3000E+01  8.7370E-01  3.8606E+00  6.6781E+01 -2.3984E-01  2.1090E-01  2.9386E-01
  4.3000E+01  8.7370E-01  3.8606E+00  6.6781E+01 -2.3984E-01  2.1090E-01  2.9386E-01
  4.3000E+01  8.7370E-01  3.8606E+00  6.6781E+01 -2.3984E-01  2.1090E-01  2.9386E-01
  4.3000E+01  8.7370E-01  3.8606E+00  6.6781E+01 -2.3984E-01  2.1090E-01  2.9386E-01
  4.3000E+01  8.7370E-01  3.8606E+00  6.6781E+01 -2.3984E-01  2.1090E-01  2.9386E-01
  4.3000E+01  8.7370E-01  3.8606E+00  6.6781E+01 -2.3984E-01  2.1090E-01  2.9386E-01
  4.3000E+01  8.7370E-01  3.8606E+00  6.6781E+01 -2.3984E-01  2.1090E-01  2.9386E-01
  4.3000E+01  8.7370E-01  3.8606E+00  6.6781E+01 -2.3984E-01  2.1090E-01  2.9386E-01
  4.3000E+01  8.7370E-01  3.8606E+00  6.6781E+01 -2.3984E-01  2.1090E-01  2.9386E-01
  4.3000E+01  8.7370E-01  3.8606E+00  6.6781E+01 -2.3984E-01  2.1090E-01  2.9386E-01
  4.3000E+01  8.7370E-01  3.8606E+00  6.6781E+01 -2.3984E-01  2.1090E-01  2.9386E-01
  4.3000E+01  8.7370E-01  3.8606E+00  6.6781E+01 -2.3984E-01  2.1090E-01  2.9386E-01
  4.4000E+01  9.0181E-01  1.2630E+00  4.9515E+01 -2.0817E-01 -9.0645E-01 -5.2970E-03
  4.4000E+01  9.0181E-01  1.2630E+00  4.9515E+01 -2.0817E-01 -9.0645E-01 -5.2970E-03
  4.4000E+01  9.0181E-01  1.2630E+00  4.9515E+01 -2.0817E-01 -9.0645E-01 -5.2970E-03
  4.4000E+01  9.0181E-01  1.2630E+00  4.9515E+01 -2.0817E-01 -9.0645E-01 -5.2970E-03
  4.4000E+01  9.0181E-01  1.2630E+00  4.9515E+01 -2.0817E-01 -9.0645E-01 -5.2970E-03
  4.4000E+01  9.0181E-01  1.2630E+00  4.9515E+01 -2.0817E-01 -9.0645E-01 -5.2970E-03
  4.4000E+01  9.0181E-01  1.2630E+00  4.9515E+01 -2.0817E-01 -9.0645E-01 -5.2970E-03
  4.4000E+01  9.0181E-01  1.2630E+00  4.9515E+01 -2.0817E-01 -9.0645E-01 -5.2970E-03
  4.4000E+01  9.0181E-01  1.2630E+00  4.9515E+01 -2.0817E-01 -9.0645E-01 -5.2970E-03
  4.4000E+01  9.0181E-01  1.2630E+00  4.9515E+01 -2.0817E-01 -9.0645E-01 -5.2970E-03
  4.4000E+01  9.0181E-01  1.2630E+00  4.9515E+01 -2.0817E-01 -9.0645E-01 -5.2970E-03
  4.4000E+01  9.0181E-01  1.2630E+00  4.9515E+01 -2.0817E-01 -9.0645E-01 -5.2970E-03
  4.4000E+01  9.0181E-01  1.2630E+00  4.9515E+01 -2.0817E-01 -9.0645E-01 -5.2970E-03
  4.4000E+01  9.0181E-01  1.2630E+00  4.9515E+01 -2.0817E-01 -9.0645E-01 -5.2970E-03
  4.4000E+01  9.0181E-01  1.2630E+00  4.9515E+01 -2.0817E-01 -9.0645E-01 -5.2970E-03
  4.4000E+01  9.0181E-01  1.2630E+00  4.9515E+01 -2.0817E-01 -9.0645E-01 -5.2970E-03
  4.4000E+01  9.0181E-01  1.2630E+00  4.9515E+01 -2.0817E-01 -9.0645E-01 -5.2970E-03
  4.4000E+01  9.0181E-01  1.2630E+00  4.9515E+01 -2.0817E-01 -9.0645E-01 -5.2970E-03
  4.4000E+01  9.0181E-01  1.2630E+00  4.9515E+01 -2.0817E-01 -9.0645E-01 -5.2970E-03
  4.4000E+01  9.0181E-01  1.2630E+00  4.9515E+01 -2.0817E-01 -9.0645E-01 -5.2970E-03
  4.4000E+01  9.0181E-01  1.2630E+00  4.9515E+01 -2.0817E-01 -9.0645E-01 -5.2970E-03
  4.4000E+01  9.0181E-01  1.2630E+00  4.9515E+01 -2.0817E-01 -9.0645E-01 -5.2970E-03
  4.4000E+01  9.0181E-01  1.2630E+00  4.9515E+01 -2.0817E-01 -9.0645E-01 -5.2970E-03
  4.4000E+01  9.0181E-01  1.2630E+00  4.9515E+01 -2.0817E-01 -9.0645E-01 -5.2970E-03
  4.5000E+01  6.0201E-01  2.6084E+00  7.2001E+01 -6.1230E-01 -1.8121E-01  3.6911E-01
  4.5000E+01  6.0201E-01  2.6084E+00  7.2001E+01 -6.1230E-01 -1.8121E-01  3.6911E-01
  4.5000E+01  6.0201E-01  2.6084E+00  7.2001E+01 -6.1230E-01 -1.8121E-01  3.6911E-01
  4.5000E+01  6.0201E-01  2.6084E+00  7.2001E+01 -6.1230E-01 -1.8121E-01  3.6911E-01
  4.5000E+01  6.0201E-01  2.6084E+00  7.2001E+01 -6.1230E-01 -1.8121E-01  3.6911E-01
  4.5000E+01  6.0201E-01  2.6084E+00  7.2001E+01 -6.1230E-01 -1.8121E-01  3.6911E-01
  4.5000E+01  6.0201E-01  2.6084E+00  7.2001E+01 -6.1230E-01 -1.8121E-01  3.6911E-01
  4.5000E+01  6.0201E-01  2.6084E+00  7.2001E+01 -6.1230E-01 -1.8121E-01  3.6911E-01
  4.5000E+01  6.0201E-01  2.6084E+00  7.2001E+01 -6.1230E-01 -1.8121E-01  3.6911E-01
  4.5000E+01  6.0201E-01  2.6084E+00  7.2001E+01 -6.1230E-01 -1.8121E-01  3.6911E-01
  4.5000E+01  6.0201E-01  2.6084E+00  7.2001E+01 -6.1230E-01 -1.8121E-01  3.6911E-01
  4.5000E+01  6.0201E-01  2.6084E+00  7.2001E+01 -6.1230E-01 -1.8121E-01  3.6911E-01
  4.5000E+01  6.0201E-01  2.6084E+00  7.2001E+01 -6.1230E-01 -1.8121E-01  3.6911E-01
  4.5000E+01  6.0201E-01  2.6084E+00  7.2001E+01 -6.1230E-01 -1.8121E-01  3.6911E-01
  4.5000E+01  6.0201E-01  2.6084E+00  7.2001E+01 -6.1230E-01 -1.8121E-01  3.6911E-01
  4.5000E+01  6.0201E-01  2.6084E+00  7.2001E+01 -6.1230E-01 -1.8121E-01  3.6911E-01
  4.5000E+01  6.0201E-01  2.6084E+00  7.2001E+01 -6.1230E-01 -1.8121E-01  3.6911E-01
  4.5000E+01  6.0201E-01  2.6084E+00  7.2001E+01 -6.1230E-01 -1.8121E-01  3.6911E-01
  4.5000E+01  6.0201E-01  2.6084E+00  7.2001E+01 -6.1230E-01 -1.8121E-01  3.6911E-01
  4.5000E+01  6.0201E-01  2.6084E+00  7.2001E+01 -6.1230E-01 -1.8121E-01  3.6911E-01
  4.5000E+01  6.0201E-01  2.6084E+00  7.2001E+01 -6.1230E-01 -1.8121E-01  3.6911E-01
  4.5000E+01  6.0201E-01  2.6084E+00  7.2001E+01 -6.1230E-01 -1.8121E-01  3.6911E-01
  4.5000E+01  6.0201E-01  2.6084E+00  7.2001E+01 -6.1230E-01 -1.8121E-01  3.6911E-01
  4.5000E+01  6.0201E-01  2.6084E+00  7.2001E+01 -6.1230E-01 -1.8121E-01  3.6911E-01
  4.6000E+01  1.1000E+00  2.6623E+00  5.2068E+01 -9.5353E-03 -1.6073E-01  4.4984E-02
  4.6000E+01  1.1000E+00  2.6623E+00  5.2068E+01 -9.5353E-03 -1.6073E-01  4.4984E-02
  4.6000E+01  1.1000E+00  2.6623E+00  5.2068E+01 -9.5353E-03 -1.6073E-01  4.4984E-02
  4.6000E+01  1.1000E+00  2.6623E+00  5.2068E+01 -9.5353E-03 -1.6073E-01  4.4984E-02
  4.6000E+01  1.1000E+00  2.6623E+00  5.2068E+01 -9.5353E-03 -1.6073E-01  4.4984E-02
  4.6000E+01  1.1000E+00  2.6623E+00  5.2068E+01 -9.5353E-03 -1.6073E-01  4.4984E-02
  4.6000E+01  1.1000E+00  2.6623E+00  5.2068E+01 -9.5353E-03 -1.6073E-01  4.4984E-02
  4.6000E+01  1.1000E+00  2.6623E+00  5.2068E+01 -9.5353E-03 -1.6073E-01  4.4984E-02
  4.6000E+01  1.1000E+00  2.6623E+00  5.2068E+01 -9.5353E-03 -1.6073E-01  4.4984E-02
  4.6000E+01  1.1000E+00  2.6623E+00  5.2068E+01 -9.5353E-03 -1.6073E-01  4.4984E-02
  4.6000E+01  1.1000E+00  2.6623E+00  5.2068E+01 -9.5353E-03 -1.6073E-01  4.4984E-02
  4.6000E+01  1.1000E+00  2.6623E+00  5.2068E+01 -9.5353E-03 -1.6073E-01  4.4984E-02
  4.6000E+01  1.1000E+00  2.6623E+00  5.2068E+01 -9.5353E-03 -1.6073E-01  4.4984E-02
  4.6000E+01  1.1000E+00  2.6623E+00  5.2068E+01 -9.5353E-03 -1.6073E-01  4.4984E-02
  4.6000E+01  1.1000E+00  2.6623E+00  5.2068E+01 -9.5353E-03 -1.6073E-01  4.4984E-02
  4.6000E+01  1.1000E+00  2.6623E+00  5.2068E+01 -9.5353E-03 -1.6073E-01  4.4984E-02
  4.6000E+01  1.1000E+00  2.6623E+00  5.2068E+01 -9.5353E-03 -1.6073E-01  4.4984E-02
  4.6000E+01  1.1000E+00  2.6623E+00  5.2068E+01 -9.5353E-03 -1.6073E-01  4.4984E-02
  4.6000E+01  1.1000E+00  2.6623E+00  5.2068E+01 -9.5353E-03 -1.6073E-01  4.4984E-02
  4.6000E+01  1.1000E+00  2.6623E+00  5.2068E+01 -9.5353E-03 -1.6073E-01  4.4984E-02
  4.6000E+01  1.1000E+00  2.6623E+00  5.2068E+01 -9.5353E-03 -1.6073E-01  4.4984E-02
  4.6000E+01  1.1000E+00  2.6623E+00  5.2068E+01 -9.5353E-03 -1.6073E-01  4.4984E-02
  4.6000E+01  1.1000E+00  2.6623E+00  5.2068E+01 -9.5353E-03 -1.6073E-01  4.4984E-02
  4.6000E+01  1.1000E+00  2.6623E+00  5.2068E+01 -9.5353E-03 -1.6073E-01  4.4984E-02
  4.7000E+01  1.3903E+00  6.2586E+00  4.2535E+01  2.2470E-01  6.9402E-01 -1.5723E-01
  4.7000E+01  1.3903E+00  6.2586E+00  4.2535E+01  2.2470E-01  6.9402E-01 -1.5723E-01
  4.7000E+01  1.3903E+00  6.2586E+00  4.2535E+01  2.2470E-01  6.9402E-01 -1.5723E-01
  4.7000E+01  1.3903E+00  6.2586E+00  4.2535E+01  2.2470E-01  6.9402E-01 -1.5723E-01
  4.7000E+01  1.3903E+00  6.2586E+00  4.2535E+01  2.2470E-01  6.9402E-01 -1.5723E-01
  4.7000E+01  1.3903E+00  6.2586E+00  4.2535E+01  2.2470E-01  6.9402E-01 -1.5723E-01
  4.7000E+01  1.3903E+00  6.2586E+00  4.2535E+01  2.2470E-01  6.9402E-01 -1.5723E-01
  4.7000E+01  1.3903E+00  6.2586E+00  4.2535E+01  2.2470E-01  6.9402E-01 -1.5723E-01
  4.7000E+01  1.3903E+00  6.2586E+00  4.2535E+01  2.2470E-01  6.9402E-01 -1.5723E-01
  4.7000E+01  1.3903E+00  6.2586E+00  4.2535E+01  2.2470E-01  6.9402E-01 -1.5723E-01
  4.7000E+01  1.3903E+00  6.2586E+00  4.2535E+01  2.2470E-01  6.9402E-01 -1.5723E-01
  4.7000E+01  1.3903E+00  6.2586E+00  4.2535E+01  2.2470E-01  6.9402E-01 -1.5723E-01
  4.7000E+01  1.3903E+00  6.2586E+00  4.2535E+01  2.2470E-01  6.9402E-01 -1.5723E-01
  4.7000E+01  1.3903E+00  6.2586E+00  4.2535E+01  2.2470E-01  6.9402E-01 -1.5723E-01
  4.7000E+01  1.3903E+00  6.2586E+00  4.2535E+01  2.2470E-01  6.9402E-01 -1.5723E-01
  4.7000E+01  1.3903E+00  6.2586E+00  4.2535E+01  2.2470E-01  6.9402E-01 -1.5723E-01
  4.7000E+01  1.3903E+00  6.2586E+00  4.2535E+01  2.2470E-01  6.9402E-01 -1.5723E-01
  4.7000E+01  1.3903E+00  6.2586E+00  4.2535E+01  2.2470E-01  6.9402E-01 -1.5723E-01
  4.7000E+01  1.3903E+00  6.2586E+00  4.2535E+01  2.2470E-01  6.9402E-01 -1.5723E-01
  4.7000E+01  1.3903E+00  6.2586E+00  4.2535E+01  2.2470E-01  6.9402E-01 -1.5723E-01
  4.7000E+01  1.3903E+00  6.2586E+00  4.2535E+01  2.2470E-01  6.9402E-01 -1.5723E-01
  4.7000E+01  1.3903E+00  6.2586E+00  4.2535E+01  2.2470E-01  6.9402E-01 -1.5723E-01
  4.7000E+01  1.3903E+00  6.2586E+00  4.2535E+01  2.2470E-01  6.9402E-01 -1.5723E-01
  4.7000E+01  1.3903E+00  6.2586E+00  4.2535E+01  2.2470E-01  6.9402E-01 -1.5723E-01
  4.8000E+01  9.1930E-01  4.3853E+00  4.1274E+01 -1.8897E-01  3.3834E-01 -1.8734E-01
  4.8000E+01  9.1930E-01  4.3853E+00  4.1274E+01 -1.8897E-01  3.3834E-01 -1.8734E-01
  4.8000E+01  9.1930E-01  4.3853E+00  4.1274E+01 -1.8897E-01  3.3834E-01 -1.8734E-01
  4.8000E+01  9.1930E-01  4.3853E+00  4.1274E+01 -1.8897E-01  3.3834E-01 -1.8734E-01
  4.8000E+01  9.1930E-01  4.3853E+00  4.1274E+01 -1.8897E-01  3.3834E-01 -1.8734E-01
  4.8000E+01  9.1930E-01  4.3853E+00  4.1274E+01 -1.8897E-01  3.3834E-01 -1.8734E-01
  4.8000E+01  9.1930E-01  4.3853E+00  4.1274E+01 -1.8897E-01  3.3834E-01 -1.8734E-01
  4.8000E+01  9.1930E-01  4.3853E+00  4.1274E+01 -1.8897E-01  3.3834E-01 -1.8734E-01
  4.8000E+01  9.1930E-01  4.3853E+00  4.1274E+01 -1.8897E-01  3.3834E-01 -1.8734E-01
  4.8000E+01  9.1930E-01  4.3853E+00  4.1274E+01 -1.8897E-01  3.3834E-01 -1.8734E-01
  4.8000E+01  9.1930E-01  4.3853E+00  4.1274E+01 -1.8897E-01  3.3834E-01 -1.8734E-01
  4.8000E+01  9.1930E-01  4.3853E+00  4.1274E+01 -1.8897E-01  3.3834E-01 -1.8734E-01
  4.8000E+01  9.1930E-01  4.3853E+00  4.1274E+01 -1.8897E-01  3.3834E-01 -1.8734E-01
  4.8000E+01  9.1930E-01  4.3853E+00  4.1274E+01 -1.8897E-01  3.3834E-01 -1.8734E-01
  4.8000E+01  9.1930E-01  4.3853E+00  4.1274E+01 -1.8897E-01  3.3834E-01 -1.8734E-01
  4.8000E+01  9.1930E-01  4.3853E+00  4.1274E+01 -1.8897E-01  3.3834E-01 -1.8734E-01
  4.8000E+01  9.1930E-01  4.3853E+00  4.1274E+01 -1.8897E-01  3.3834E-01 -1.8734E-01
  4.8000E+01  9.1930E-01  4.3853E+00  4.1274E+01 -1.8897E-01  3.3834E-01 -1.8734E-01
  4.8000E+01  9.1930E-01  4.3853E+00  4.1274E+01 -1.8897E-01  3.3834E-01 -1.8734E-01
  4.8000E+01  9.1930E-01  4.3853E+00  4.1274E+01 -1.8897E-01  3.3834E-01 -1.8734E-01
  4.8000E+01  9.1930E-01  4.3853E+00  4.1274E+01 -1.8897E-01  3.3834E-01 -1.8734E-01
  4.8000E+01  9.1930E-01  4.3853E+00  4.1274E+01 -1.8897E-01  3.3834E-01 -1.8734E-01
  4.8000E+01  9.1930E-01  4.3853E+00  4.1274E+01 -1.8897E-01  3.3834E-01 -1.8734E-01
  4.8000E+01  9.1930E-01  4.3853E+00  4.1274E+01 -1.8897E-01  3.3834E-01 -1.8734E-01
  4.9000E+01  9.8300E-01  4.4416E+00  3.7490E+01 -1.2197E-01  3.5108E-01 -2.8349E-01
  4.9000E+01  9.8300E-01  4.4416E+00  3.7490E+01 -1.2197E-01  3.5108E-01 -2.8349E-01
  4.9000E+01  9.8300E-01  4.4416E+00  3.7490E+01 -1.2197E-01  3.5108E-01 -2.8349E-01
  4.9000E+01  9.8300E-01  4.4416E+00  3.7490E+01 -1.2197E-01  3.5108E-01 -2.8349E-01
  4.9000E+01  9.8300E-01  4.4416E+00  3.7490E+01 -1.2197E-01  3.5108E-01 -2.8349E-01
  4.9000E+01  9.8300E-01  4.4416E+00  3.7490E+01 -1.2197E-01  3.5108E-01 -2.8349E-01
  4.9000E+01  9.8300E-01  4.4416E+00  3.7490E+01 -1.2197E-01  3.5108E-01 -2.8349E-01
  4.9000E+01  9.8300E-01  4.4416E+00  3.7490E+01 -1.2197E-01  3.5108E-01 -2.8349E-01
  4.9000E+01  9.8300E-01  4.4416E+00  3.7490E+01 -1.2197E-01  3.5108E-01 -2.8349E-01
  4.9000E+01  9.8300E-01  4.4416E+00  3.7490E+01 -1.2197E-01  3.5108E-01 -2.8349E-01
  4.9000E+01  9.8300E-01  4.4416E+00  3.7490E+01 -1.2197E-01  3.5108E-01 -2.8349E-01
  4.9000E+01  9.8300E-01  4.4416E+00  3.7490E+01 -1.2197E-01  3.5108E-01 -2.8349E-01
  4.9000E+01  9.8300E-01  4.4416E+00  3.7490E+01 -1.2197E-01  3.5108E-01 -2.8349E-01
  4.9000E+01  9.8300E-01  4.4416E+00  3.7490E+01 -1.2197E-01  3.5108E-01 -2.8349E-01
  4.9000E+01  9.8300E-01  4.4416E+00  3.7490E+01 -1.2197E-01  3.5108E-01 -2.8349E-01
  4.9000E+01  9.8300E-01  4.4416E+00  3.7490E+01 -1.2197E-01  3.5108E-01 -2.8349E-01
  4.9000E+01  9.8300E-01  4.4416E+00  3.7490E+01 -1.2197E-01  3.5108E-01 -2.8349E-01
  4.9000E+01  9.8300E-01  4.4416E+00  3.7490E+01 -1.2197E-01  3.5108E-01 -2.8349E-01
  4.9000E+01  9.8300E-01  4.4416E+00  3.7490E+01 -1.2197E-01  3.5108E-01 -2.8349E-01
  4.9000E+01  9.8300E-01  4.4416E+00  3.7490E+01 -1.2197E-01  3.5108E-01 -2.8349E-01
  4.9000E+01  9.8300E-01  4.4416E+00  3.7490E+01 -1.2197E-01  3.5108E-01 -2.8349E-01
  4.9000E+01  9.8300E-01  4.4416E+00  3.7490E+01 -1.2197E-01  3.5108E-01 -2.8349E-01
  4.9000E+01  9.8300E-01  4.4416E+00  3.7490E+01 -1.2197E-01  3.5108E-01 -2.8349E-01
  4.9000E+01  9.8300E-01  4.4416E+00  3.7490E+01 -1.2197E-01  3.5108E-01 -2.8349E-01
  5.0000E+01  1.5393E+00  2.7884E+00  5.3872E+01  3.2650E-01 -1.1448E-01  7.9054E-02
  5.0000E+01  1.5393E+00  2.7884E+00  5.3872E+01  3.2650E-01 -1.1448E-01  7.9054E-02
  5.0000E+01  1.5393E+00  2.7884E+00  5.3872E+01  3.2650E-01 -1.1448E-01  7.9054E-02
  5.0000E+01  1.5393E+00  2.7884E+00  5.3872E+01  3.2650E-01 -1.1448E-01  7.9054E-02
  5.0000E+01  1.5393E+00  2.7884E+00  5.3872E+01  3.2650E-01 -1.1448E-01  7.9054E-02
  5.0000E+01  1.5393E+00  2.7884E+00  5.3872E+01  3.2650E-01 -1.1448E-01  7.9054E-02
  5.0000E+01  1.5393E+00  2.7884E+00  5.3872E+01  3.2650E-01 -1.1448E-01  7.9054E-02
  5.0000E+01  1.5393E+00  2.7884E+00  5.3872E+01  3.2650E-01 -1.1448E-01  7.9054E-02
  5.0000E+01  1.5393E+00  2.7884E+00  5.3872E+01  3.2650E-01 -1.1448E-01  7.9054E-02
  5.0000E+01  1.5393E+00  2.7884E+00  5.3872E+01  3.2650E-01 -1.1448E-01  7.9054E-02
  5.0000E+01  1.5393E+00  2.7884E+00  5.3872E+01  3.2650E-01 -1.1448E-01  7.9054E-02
  5.0000E+01  1.5393E+00  2.7884E+00  5.3872E+01  3.2650E-01 -1.1448E-01  7.9054E-02
  5.0000E+01  1.5393E+00  2.7884E+00  5.3872E+01  3.2650E-01 -1.1448E-01  7.9054E-02
  5.0000E+01  1.5393E+00  2.7884E+00  5.3872E+01  3.2650E-01 -1.1448E-01  7.9054E-02
  5.0000E+01  1.5393E+00  2.7884E+00  5.3872E+01  3.2650E-01 -1.1448E-01  7.9054E-02
  5.0000E+01  1.5393E+00  2.7884E+00  5.3872E+01  3.2650E-01 -1.1448E-01  7.9054E-02
  5.0000E+01  1.5393E+00  2.7884E+00  5.3872E+01  3.2650E-01 -1.1448E-01  7.9054E-02
  5.0000E+01  1.5393E+00  2.7884E+00  5.3872E+01  3.2650E-01 -1.1448E-01  7.9054E-02
  5.0000E+01  1.5393E+00  2.7884E+00  5.3872E+01  3.2650E-01 -1.1448E-01  7.9054E-02
  5.0000E+01  1.5393E+00  2.7884E+00  5.3872E+01  3.2650E-01 -1.1448E-01  7.9054E-02
  5.0000E+01  1.5393E+00  2.7884E+00  5.3872E+01  3.2650E-01 -1.1448E-01  7.9054E-02
  5.0000E+01  1.5393E+00  2.7884E+00  5.3872E+01  3.2650E-01 -1.1448E-01  7.9054E-02
  5.0000E+01  1.5393E+00  2.7884E+00  5.3872E+01  3.2650E-01 -1.1448E-01  7.9054E-02
  5.0000E+01  1.5393E+00  2.7884E+00  5.3872E+01  3.2650E-01 -1.1448E-01  7.9054E-02
  5.1000E+01  2.3360E+00  3.0830E+00  4.6404E+01  7.4360E-01 -1.4045E-02 -7.0184E-02
  5.1000E+01  2.3360E+00  3.0830E+00  4.6404E+01  7.4360E-01 -1.4045E-02 -7.0184E-02
  5.1000E+01  2.3360E+00  3.0830E+00  4.6404E+01  7.4360E-01 -1.4045E-02 -7.0184E-02
  5.1000E+01  2.3360E+00  3.0830E+00  4.6404E+01  7.4360E-01 -1.4045E-02 -7.0184E-02
  5.1000E+01  2.3360E+00  3.0830E+00  4.6404E+01  7.4360E-01 -1.4045E-02 -7.0184E-02
  5.1000E+01  2.3360E+00  3.0830E+00  4.6404E+01  7.4360E-01 -1.4045E-02 -7.0184E-02
  5.1000E+01  2.3360E+00  3.0830E+00  4.6404E+01  7.4360E-01 -1.4045E-02 -7.0184E-02
  5.1000E+01  2.3360E+00  3.0830E+00  4.6404E+01  7.4360E-01 -1.4045E-02 -7.0184E-02
  5.1000E+01  2.3360E+00  3.0830E+00  4.6404E+01  7.4360E-01 -1.4045E-02 -7.0184E-02
  5.1000E+01  2.3360E+00  3.0830E+00  4.6404E+01  7.4360E-01 -1.4045E-02 -7.0184E-02
  5.1000E+01  2.3360E+00  3.0830E+00  4.6404E+01  7.4360E-01 -1.4045E-02 -7.0184E-02
  5.1000E+01  2.3360E+00  3.0830E+00  4.6404E+01  7.4360E-01 -1.4045E-02 -7.0184E-02
  5.1000E+01  2.3360E+00  3.0830E+00  4.6404E+01  7.4360E-01 -1.4045E-02 -7.0184E-02
  5.1000E+01  2.3360E+00  3.0830E+00  4.6404E+01  7.4360E-01 -1.4045E-02 -7.0184E-02
  5.1000E+01  2.3360E+00  3.0830E+00  4.6404E+01  7.4360E-01 -1.4045E-02 -7.0184E-02
  5.1000E+01  2.3360E+00  3.0830E+00  4.6404E+01  7.4360E-01 -1.4045E-02 -7.0184E-02
  5.1000E+01  2.3360E+00  3.0830E+00  4.6404E+01  7.4360E-01 -1.4045E-02 -7.0184E-02
  5.1000E+01  2.3360E+00  3.0830E+00  4.6404E+01  7.4360E-01 -1.4045E-02 -7.0184E-02
  5.1000E+01  2.3360E+00  3.0830E+00  4.6404E+01  7.4360E-01 -1.4045E-02 -7.0184E-02
  5.1000E+01  2.3360E+00  3.0830E+00  4.6404E+01  7.4360E-01 -1.4045E-02 -7.0184E-02
  5.1000E+01  2.3360E+00  3.0830E+00  4.6404E+01  7.4360E-01 -1.4045E-02 -7.0184E-02
  5.1000E+01  2.3360E+00  3.0830E+00  4.6404E+01  7.4360E-01 -1.4045E-02 -7.0184E-02
  5.1000E+01  2.3360E+00  3.0830E+00  4.6404E+01  7.4360E-01 -1.4045E-02 -7.0184E-02
  5.1000E+01  2.3360E+00  3.0830E+00  4.6404E+01  7.4360E-01 -1.4045E-02 -7.0184E-02
  5.2000E+01  7.8000E-01  4.8577E+00  5.7379E+01 -3.5328E-01  4.4064E-01  1.4211E-01
  5.2000E+01  7.8000E-01  4.8577E+00  5.7379E+01 -3.5328E-01  4.4064E-01  1.4211E-01
  5.2000E+01  7.8000E-01  4.8577E+00  5.7379E+01 -3.5328E-01  4.4064E-01  1.4211E-01
  5.2000E+01  7.8000E-01  4.8577E+00  5.7379E+01 -3.5328E-01  4.4064E-01  1.4211E-01
  5.2000E+01  7.8000E-01  4.8577E+00  5.7379E+01 -3.5328E-01  4.4064E-01  1.4211E-01
  5.2000E+01  7.8000E-01  4.8577E+00  5.7379E+01 -3.5328E-01  4.4064E-01  1.4211E-01
  5.2000E+01  7.8000E-01  4.8577E+00  5.7379E+01 -3.5328E-01  4.4064E-01  1.4211E-01
  5.2000E+01  7.8000E-01  4.8577E+00  5.7379E+01 -3.5328E-01  4.4064E-01  1.4211E-01
  5.2000E+01  7.8000E-01  4.8577E+00  5.7379E+01 -3.5328E-01  4.4064E-01  1.4211E-01
  5.2000E+01  7.8000E-01  4.8577E+00  5.7379E+01 -3.5328E-01  4.4064E-01  1.4211E-01
  5.2000E+01  7.8000E-01  4.8577E+00  5.7379E+01 -3.5328E-01  4.4064E-01  1.4211E-01
  5.2000E+01  7.8000E-01  4.8577E+00  5.7379E+01 -3.5328E-01  4.4064E-01  1.4211E-01
  5.2000E+01  7.8000E-01  4.8577E+00  5.7379E+01 -3.5328E-01  4.4064E-01  1.4211E-01
  5.2000E+01  7.8000E-01  4.8577E+00  5.7379E+01 -3.5328E-01  4.4064E-01  1.4211E-01
  5.2000E+01  7.8000E-01  4.8577E+00  5.7379E+01 -3.5328E-01  4.4064E-01  1.4211E-01
  5.2000E+01  7.8000E-01  4.8577E+00  5.7379E+01 -3.5328E-01  4.4064E-01  1.4211E-01
  5.2000E+01  7.8000E-01  4.8577E+00  5.7379E+01 -3.5328E-01  4.4064E-01  1.4211E-01
  5.2000E+01  7.8000E-01  4.8577E+00  5.7379E+01 -3.5328E-01  4.4064E-01  1.4211E-01
  5.2000E+01  7.8000E-01  4.8577E+00  5.7379E+01 -3.5328E-01  4.4064E-01  1.4211E-01
  5.2000E+01  7.8000E-01  4.8577E+00  5.7379E+01 -3.5328E-01  4.4064E-01  1.4211E-01
  5.2000E+01  7.8000E-01  4.8577E+00  5.7379E+01 -3.5328E-01  4.4064E-01  1.4211E-01
  5.2000E+01  7.8000E-01  4.8577E+00  5.7379E+01 -3.5328E-01  4.4064E-01  1.4211E-01
  5.2000E+01  7.8000E-01  4.8577E+00  5.7379E+01 -3.5328E-01  4.4064E-01  1.4211E-01
  5.2000E+01  7.8000E-01  4.8577E+00  5.7379E+01 -3.5328E-01  4.4064E-01  1.4211E-01
  5.3000E+01  1.2020E+00  4.3753E+00  5.3325E+01  7.9160E-02  3.3604E-01  6.8838E-02
  5.3000E+01  1.2020E+00  4.3753E+00  5.3325E+01  7.9160E-02  3.3604E-01  6.8838E-02
  5.3000E+01  1.2020E+00  4.3753E+00  5.3325E+01  7.9160E-02  3.3604E-01  6.8838E-02
  5.3000E+01  1.2020E+00  4.3753E+00  5.3325E+01  7.9160E-02  3.3604E-01  6.8838E-02
  5.3000E+01  1.2020E+00  4.3753E+00  5.3325E+01  7.9160E-02  3.3604E-01  6.8838E-02
  5.3000E+01  1.2020E+00  4.3753E+00  5.3325E+01  7.9160E-02  3.3604E-01  6.8838E-02
  5.3000E+01  1.2020E+00  4.3753E+00  5.3325E+01  7.9160E-02  3.3604E-01  6.8838E-02
  5.3000E+01  1.2020E+00  4.3753E+00  5.3325E+01  7.9160E-02  3.3604E-01  6.8838E-02
  5.3000E+01  1.2020E+00  4.3753E+00  5.3325E+01  7.9160E-02  3.3604E-01  6.8838E-02
  5.3000E+01  1.2020E+00  4.3753E+00  5.3325E+01  7.9160E-02  3.3604E-01  6.8838E-02
  5.3000E+01  1.2020E+00  4.3753E+00  5.3325E+01  7.9160E-02  3.3604E-01  6.8838E-02
  5.3000E+01  1.2020E+00  4.3753E+00  5.3325E+01  7.9160E-02  3.3604E-01  6.8838E-02
  5.3000E+01  1.2020E+00  4.3753E+00  5.3325E+01  7.9160E-02  3.3604E-01  6.8838E-02
  5.3000E+01  1.2020E+00  4.3753E+00  5.3325E+01  7.9160E-02  3.3604E-01  6.8838E-02
  5.3000E+01  1.2020E+00  4.3753E+00  5.3325E+01  7.9160E-02  3.3604E-01  6.8838E-02
  5.3000E+01  1.2020E+00  4.3753E+00  5.3325E+01  7.9160E-02  3.3604E-01  6.8838E-02
  5.3000E+01  1.2020E+00  4.3753E+00  5.3325E+01  7.9160E-02  3.3604E-01  6.8838E-02
  5.3000E+01  1.2020E+00  4.3753E+00  5.3325E+01  7.9160E-02  3.3604E-01  6.8838E-02
  5.3000E+01  1.2020E+00  4.3753E+00  5.3325E+01  7.9160E-02  3.3604E-01  6.8838E-02
  5.3000E+01  1.2020E+00  4.3753E+00  5.3325E+01  7.9160E-02  3.3604E-01  6.8838E-02
  5.3000E+01  1.2020E+00  4.3753E+00  5.3325E+01  7.9160E-02  3.3604E-01  6.8838E-02
  5.3000E+01  1.2020E+00  4.3753E+00  5.3325E+01  7.9160E-02  3.3604E-01  6.8838E-02
  5.3000E+01  1.2020E+00  4.3753E+00  5.3325E+01  7.9160E-02  3.3604E-01  6.8838E-02
  5.3000E+01  1.2020E+00  4.3753E+00  5.3325E+01  7.9160E-02  3.3604E-01  6.8838E-02
  5.4000E+01  8.4553E-01  5.2104E+00  4.9813E+01 -2.7262E-01  5.1072E-01  7.1229E-04
  5.4000E+01  8.4553E-01  5.2104E+00  4.9813E+01 -2.7262E-01  5.1072E-01  7.1229E-04
  5.4000E+01  8.4553E-01  5.2104E+00  4.9813E+01 -2.7262E-01  5.1072E-01  7.1229E-04
  5.4000E+01  8.4553E-01  5.2104E+00  4.9813E+01 -2.7262E-01  5.1072E-01  7.1229E-04
  5.4000E+01  8.4553E-01  5.2104E+00  4.9813E+01 -2.7262E-01  5.1072E-01  7.1229E-04
  5.4000E+01  8.4553E-01  5.2104E+00  4.9813E+01 -2.7262E-01  5.1072E-01  7.1229E-04
  5.4000E+01  8.4553E-01  5.2104E+00  4.9813E+01 -2.7262E-01  5.1072E-01  7.1229E-04
  5.4000E+01  8.4553E-01  5.2104E+00  4.9813E+01 -2.7262E-01  5.1072E-01  7.1229E-04
  5.4000E+01  8.4553E-01  5.2104E+00  4.9813E+01 -2.7262E-01  5.1072E-01  7.1229E-04
  5.4000E+01  8.4553E-01  5.2104E+00  4.9813E+01 -2.7262E-01  5.1072E-01  7.1229E-04
  5.4000E+01  8.4553E-01  5.2104E+00  4.9813E+01 -2.7262E-01  5.1072E-01  7.1229E-04
  5.4000E+01  8.4553E-01  5.2104E+00  4.9813E+01 -2.7262E-01  5.1072E-01  7.1229E-04
  5.4000E+01  8.4553E-01  5.2104E+00  4.9813E+01 -2.7262E-01  5.1072E-01  7.1229E-04
  5.4000E+01  8.4553E-01  5.2104E+00  4.9813E+01 -2.7262E-01  5.1072E-01  7.1229E-04
  5.4000E+01  8.4553E-01  5.2104E+00  4.9813E+01 -2.7262E-01  5.1072E-01  7.1229E-04
  5.4000E+01  8.4553E-01  5.2104E+00  4.9813E+01 -2.7262E-01  5.1072E-01  7.1229E-04
  5.4000E+01  8.4553E-01  5.2104E+00  4.9813E+01 -2.7262E-01  5.1072E-01  7.1229E-04
  5.4000E+01  8.4553E-01  5.2104E+00  4.9813E+01 -2.7262E-01  5.1072E-01  7.1229E-04
  5.4000E+01  8.4553E-01  5.2104E+00  4.9813E+01 -2.7262E-01  5.1072E-01  7.1229E-04
  5.4000E+01  8.4553E-01  5.2104E+00  4.9813E+01 -2.7262E-01  5.1072E-01  7.1229E-04
  5.4000E+01  8.4553E-01  5.2104E+00  4.9813E+01 -2.7262E-01  5.1072E-01  7.1229E-04
  5.4000E+01  8.4553E-01  5.2104E+00  4.9813E+01 -2.7262E-01  5.1072E-01  7.1229E-04
  5.4000E+01  8.4553E-01  5.2104E+00  4.9813E+01 -2.7262E-01  5.1072E-01  7.1229E-04
  5.4000E+01  8.4553E-01  5.2104E+00  4.9813E+01 -2.7262E-01  5.1072E-01  7.1229E-04
  5.5000E+01  4.2670E-01  1.5548E+00  4.8716E+01 -9.5649E-01 -6.9860E-01 -2.1565E-02
  5.5000E+01  4.2670E-01  1.5548E+00  4.8716E+01 -9.5649E-01 -6.9860E-01 -2.1565E-02
  5.5000E+01  4.2670E-01  1.5548E+00  4.8716E+01 -9.5649E-01 -6.9860E-01 -2.1565E-02
  5.5000E+01  4.2670E-01  1.5548E+00  4.8716E+01 -9.5649E-01 -6.9860E-01 -2.1565E-02
  5.5000E+01  4.2670E-01  1.5548E+00  4.8716E+01 -9.5649E-01 -6.9860E-01 -2.1565E-02
  5.5000E+01  4.2670E-01  1.5548E+00  4.8716E+01 -9.5649E-01 -6.9860E-01 -2.1565E-02
  5.5000E+01  4.2670E-01  1.5548E+00  4.8716E+01 -9.5649E-01 -6.9860E-01 -2.1565E-02
  5.5000E+01  4.2670E-01  1.5548E+00  4.8716E+01 -9.5649E-01 -6.9860E-01 -2.1565E-02
  5.5000E+01  4.2670E-01  1.5548E+00  4.8716E+01 -9.5649E-01 -6.9860E-01 -2.1565E-02
  5.5000E+01  4.2670E-01  1.5548E+00  4.8716E+01 -9.5649E-01 -6.9860E-01 -2.1565E-02
  5.5000E+01  4.2670E-01  1.5548E+00  4.8716E+01 -9.5649E-01 -6.9860E-01 -2.1565E-02
  5.5000E+01  4.2670E-01  1.5548E+00  4.8716E+01 -9.5649E-01 -6.9860E-01 -2.1565E-02
  5.5000E+01  4.2670E-01  1.5548E+00  4.8716E+01 -9.5649E-01 -6.9860E-01 -2.1565E-02
  5.5000E+01  4.2670E-01  1.5548E+00  4.8716E+01 -9.5649E-01 -6.9860E-01 -2.1565E-02
  5.5000E+01  4.2670E-01  1.5548E+00  4.8716E+01 -9.5649E-01 -6.9860E-01 -2.1565E-02
  5.5000E+01  4.2670E-01  1.5548E+00  4.8716E+01 -9.5649E-01 -6.9860E-01 -2.1565E-02
  5.5000E+01  4.2670E-01  1.5548E+00  4.8716E+01 -9.5649E-01 -6.9860E-01 -2.1565E-02
  5.5000E+01  4.2670E-01  1.5548E+00  4.8716E+01 -9.5649E-01 -6.9860E-01 -2.1565E-02
  5.5000E+01  4.2670E-01  1.5548E+00  4.8716E+01 -9.5649E-01 -6.9860E-01 -2.1565E-02
  5.5000E+01  4.2670E-01  1.5548E+00  4.8716E+01 -9.5649E-01 -6.9860E-01 -2.1565E-02
  5.5000E+01  4.2670E-01  1.5548E+00  4.8716E+01 -9.5649E-01 -6.9860E-01 -2.1565E-02
  5.5000E+01  4.2670E-01  1.5548E+00  4.8716E+01 -9.5649E-01 -6.9860E-01 -2.1565E-02
  5.5000E+01  4.2670E-01  1.5548E+00  4.8716E+01 -9.5649E-01 -6.9860E-01 -2.1565E-02
  5.5000E+01  4.2670E-01  1.5548E+00  4.8716E+01 -9.5649E-01 -6.9860E-01 -2.1565E-02
  5.6000E+01  1.9599E+00  4.9030E+00  3.7964E+01  5.6809E-01  4.4991E-01 -2.7092E-01
  5.6000E+01  1.9599E+00  4.9030E+00  3.7964E+01  5.6809E-01  4.4991E-01 -2.7092E-01
  5.6000E+01  1.9599E+00  4.9030E+00  3.7964E+01  5.6809E-01  4.4991E-01 -2.7092E-01
  5.6000E+01  1.9599E+00  4.9030E+00  3.7964E+01  5.6809E-01  4.4991E-01 -2.7092E-01
  5.6000E+01  1.9599E+00  4.9030E+00  3.7964E+01  5.6809E-01  4.4991E-01 -2.7092E-01
  5.6000E+01  1.9599E+00  4.9030E+00  3.7964E+01  5.6809E-01  4.4991E-01 -2.7092E-01
  5.6000E+01  1.9599E+00  4.9030E+00  3.7964E+01  5.6809E-01  4.4991E-01 -2.7092E-01
  5.6000E+01  1.9599E+00  4.9030E+00  3.7964E+01  5.6809E-01  4.4991E-01 -2.7092E-01
  5.6000E+01  1.9599E+00  4.9030E+00  3.7964E+01  5.6809E-01  4.4991E-01 -2.7092E-01
  5.6000E+01  1.9599E+00  4.9030E+00  3.7964E+01  5.6809E-01  4.4991E-01 -2.7092E-01
  5.6000E+01  1.9599E+00  4.9030E+00  3.7964E+01  5.6809E-01  4.4991E-01 -2.7092E-01
  5.6000E+01  1.9599E+00  4.9030E+00  3.7964E+01  5.6809E-01  4.4991E-01 -2.7092E-01
  5.6000E+01  1.9599E+00  4.9030E+00  3.7964E+01  5.6809E-01  4.4991E-01 -2.7092E-01
  5.6000E+01  1.9599E+00  4.9030E+00  3.7964E+01  5.6809E-01  4.4991E-01 -2.7092E-01
  5.6000E+01  1.9599E+00  4.9030E+00  3.7964E+01  5.6809E-01  4.4991E-01 -2.7092E-01
  5.6000E+01  1.9599E+00  4.9030E+00  3.7964E+01  5.6809E-01  4.4991E-01 -2.7092E-01
  5.6000E+01  1.9599E+00  4.9030E+00  3.7964E+01  5.6809E-01  4.4991E-01 -2.7092E-01
  5.6000E+01  1.9599E+00  4.9030E+00  3.7964E+01  5.6809E-01  4.4991E-01 -2.7092E-01
  5.6000E+01  1.9599E+00  4.9030E+00  3.7964E+01  5.6809E-01  4.4991E-01 -2.7092E-01
  5.6000E+01  1.9599E+00  4.9030E+00  3.7964E+01  5.6809E-01  4.4991E-01 -2.7092E-01
  5.6000E+01  1.9599E+00  4.9030E+00  3.7964E+01  5.6809E-01  4.4991E-01 -2.7092E-01
  5.6000E+01  1.9599E+00  4.9030E+00  3.7964E+01  5.6809E-01  4.4991E-01 -2.7092E-01
  5.6000E+01  1.9599E+00  4.9030E+00  3.7964E+01  5.6809E-01  4.4991E-01 -2.7092E-01
  5.6000E+01  1.9599E+00  4.9030E+00  3.7964E+01  5.6809E-01  4.4991E-01 -2.7092E-01
  5.7000E+01  1.9381E+00  6.2412E+00  5.1463E+01  5.5687E-01  6.9124E-01  3.3297E-02
  5.7000E+01  1.9381E+00  6.2412E+00  5.1463E+01  5.5687E-01  6.9124E-01  3.3297E-02
  5.7000E+01  1.9381E+00  6.2412E+00  5.1463E+01  5.5687E-01  6.9124E-01  3.3297E-02
  5.7000E+01  1.9381E+00  6.2412E+00  5.1463E+01  5.5687E-01  6.9124E-01  3.3297E-02
  5.7000E+01  1.9381E+00  6.2412E+00  5.1463E+01  5.5687E-01  6.9124E-01  3.3297E-02
  5.7000E+01  1.9381E+00  6.2412E+00  5.1463E+01  5.5687E-01  6.9124E-01  3.3297E-02
  5.7000E+01  1.9381E+00  6.2412E+00  5.1463E+01  5.5687E-01  6.9124E-01  3.3297E-02
  5.7000E+01  1.9381E+00  6.2412E+00  5.1463E+01  5.5687E-01  6.9124E-01  3.3297E-02
  5.7000E+01  1.9381E+00  6.2412E+00  5.1463E+01  5.5687E-01  6.9124E-01  3.3297E-02
  5.7000E+01  1.9381E+00  6.2412E+00  5.1463E+01  5.5687E-01  6.9124E-01  3.3297E-02
  5.7000E+01  1.9381E+00  6.2412E+00  5.1463E+01  5.5687E-01  6.9124E-01  3.3297E-02
  5.7000E+01  1.9381E+00  6.2412E+00  5.1463E+01  5.5687E-01  6.9124E-01  3.3297E-02
  5.7000E+01  1.9381E+00  6.2412E+00  5.1463E+01  5.5687E-01  6.9124E-01  3.3297E-02
  5.7000E+01  1.9381E+00  6.2412E+00  5.1463E+01  5.5687E-01  6.9124E-01  3.3297E-02
  5.7000E+01  1.9381E+00  6.2412E+00  5.1463E+01  5.5687E-01  6.9124E-01  3.3297E-02
  5.7000E+01  1.9381E+00  6.2412E+00  5.1463E+01  5.5687E-01  6.9124E-01  3.3297E-02
  5.7000E+01  1.9381E+00  6.2412E+00  5.1463E+01  5.5687E-01  6.9124E-01  3.3297E-02
  5.7000E+01  1.9381E+00  6.2412E+00  5.1463E+01  5.5687E-01  6.9124E-01  3.3297E-02
  5.7000E+01  1.9381E+00  6.2412E+00  5.1463E+01  5.5687E-01  6.9124E-01  3.3297E-02
  5.7000E+01  1.9381E+00  6.2412E+00  5.1463E+01  5.5687E-01  6.9124E-01  3.3297E-02
  5.7000E+01  1.9381E+00  6.2412E+00  5.1463E+01  5.5687E-01  6.9124E-01  3.3297E-02
  5.7000E+01  1.9381E+00  6.2412E+00  5.1463E+01  5.5687E-01  6.9124E-01  3.3297E-02
  5.7000E+01  1.9381E+00  6.2412E+00  5.1463E+01  5.5687E-01  6.9124E-01  3.3297E-02
  5.7000E+01  1.9381E+00  6.2412E+00  5.1463E+01  5.5687E-01  6.9124E-01  3.3297E-02
  5.8000E+01  8.3366E-01  5.4794E+00  5.0801E+01 -2.8675E-01  5.6106E-01  2.0354E-02
  5.8000E+01  8.3366E-01  5.4794E+00  5.0801E+01 -2.8675E-01  5.6106E-01  2.0354E-02
  5.8000E+01  8.3366E-01  5.4794E+00  5.0801E+01 -2.8675E-01  5.6106E-01  2.0354E-02
  5.8000E+01  8.3366E-01  5.4794E+00  5.0801E+01 -2.8675E-01  5.6106E-01  2.0354E-02
  5.8000E+01  8.3366E-01  5.4794E+00  5.0801E+01 -2.8675E-01  5.6106E-01  2.0354E-02
  5.8000E+01  8.3366E-01  5.4794E+00  5.0801E+01 -2.8675E-01  5.6106E-01  2.0354E-02
  5.8000E+01  8.3366E-01  5.4794E+00  5.0801E+01 -2.8675E-01  5.6106E-01  2.0354E-02
  5.8000E+01  8.3366E-01  5.4794E+00  5.0801E+01 -2.8675E-01  5.6106E-01  2.0354E-02
  5.8000E+01  8.3366E-01  5.4794E+00  5.0801E+01 -2.8675E-01  5.6106E-01  2.0354E-02
  5.8000E+01  8.3366E-01  5.4794E+00  5.0801E+01 -2.8675E-01  5.6106E-01  2.0354E-02
  5.8000E+01  8.3366E-01  5.4794E+00  5.0801E+01 -2.8675E-01  5.6106E-01  2.0354E-02
  5.8000E+01  8.3366E-01  5.4794E+00  5.0801E+01 -2.8675E-01  5.6106E-01  2.0354E-02
  5.8000E+01  8.3366E-01  5.4794E+00  5.0801E+01 -2.8675E-01  5.6106E-01  2.0354E-02
  5.8000E+01  8.3366E-01  5.4794E+00  5.0801E+01 -2.8675E-01  5.6106E-01  2.0354E-02
  5.8000E+01  8.3366E-01  5.4794E+00  5.0801E+01 -2.8675E-01  5.6106E-01  2.0354E-02
  5.8000E+01  8.3366E-01  5.4794E+00  5.0801E+01 -2.8675E-01  5.6106E-01  2.0354E-02
  5.8000E+01  8.3366E-01  5.4794E+00  5.0801E+01 -2.8675E-01  5.6106E-01  2.0354E-02
  5.8000E+01  8.3366E-01  5.4794E+00  5.0801E+01 -2.8675E-01  5.6106E-01  2.0354E-02
  5.8000E+01  8.3366E-01  5.4794E+00  5.0801E+01 -2.8675E-01  5.6106E-01  2.0354E-02
  5.8000E+01  8.3366E-01  5.4794E+00  5.0801E+01 -2.8675E-01  5.6106E-01  2.0354E-02
  5.8000E+01  8.3366E-01  5.4794E+00  5.0801E+01 -2.8675E-01  5.6106E-01  2.0354E-02
  5.8000E+01  8.3366E-01  5.4794E+00  5.0801E+01 -2.8675E-01  5.6106E-01  2.0354E-02
  5.8000E+01  8.3366E-01  5.4794E+00  5.0801E+01 -2.8675E-01  5.6106E-01  2.0354E-02
  5.8000E+01  8.3366E-01  5.4794E+00  5.0801E+01 -2.8675E-01  5.6106E-01  2.0354E-02
  5.9000E+01  5.5598E-01  4.3158E+00  6.3896E+01 -6.9185E-01  3.2236E-01  2.4969E-01
  5.9000E+01  5.5598E-01  4.3158E+00  6.3896E+01 -6.9185E-01  3.2236E-01  2.4969E-01
  5.9000E+01  5.5598E-01  4.3158E+00  6.3896E+01 -6.9185E-01  3.2236E-01  2.4969E-01
  5.9000E+01  5.5598E-01  4.3158E+00  6.3896E+01 -6.9185E-01  3.2236E-01  2.4969E-01
  5.9000E+01  5.5598E-01  4.3158E+00  6.3896E+01 -6.9185E-01  3.2236E-01  2.4969E-01
  5.9000E+01  5.5598E-01  4.3158E+00  6.3896E+01 -6.9185E-01  3.2236E-01  2.4969E-01
  5.9000E+01  5.5598E-01  4.3158E+00  6.3896E+01 -6.9185E-01  3.2236E-01  2.4969E-01
  5.9000E+01  5.5598E-01  4.3158E+00  6.3896E+01 -6.9185E-01  3.2236E-01  2.4969E-01
  5.9000E+01  5.5598E-01  4.3158E+00  6.3896E+01 -6.9185E-01  3.2236E-01  2.4969E-01
  5.9000E+01  5.5598E-01  4.3158E+00  6.3896E+01 -6.9185E-01  3.2236E-01  2.4969E-01
  5.9000E+01  5.5598E-01  4.3158E+00  6.3896E+01 -6.9185E-01  3.2236E-01  2.4969E-01
  5.9000E+01  5.5598E-01  4.3158E+00  6.3896E+01 -6.9185E-01  3.2236E-01  2.4969E-01
  5.9000E+01  5.5598E-01  4.3158E+00  6.3896E+01 -6.9185E-01  3.2236E-01  2.4969E-01
  5.9000E+01  5.5598E-01  4.3158E+00  6.3896E+01 -6.9185E-01  3.2236E-01  2.4969E-01
  5.9000E+01  5.5598E-01  4.3158E+00  6.3896E+01 -6.9185E-01  3.2236E-01  2.4969E-01
  5.9000E+01  5.5598E-01  4.3158E+00  6.3896E+01 -6.9185E-01  3.2236E-01  2.4969E-01
  5.9000E+01  5.5598E-01  4.3158E+00  6.3896E+01 -6.9185E-01  3.2236E-01  2.4969E-01
  5.9000E+01  5.5598E-01  4.3158E+00  6.3896E+01 -6.9185E-01  3.2236E-01  2.4969E-01
  5.9000E+01  5.5598E-01  4.3158E+00  6.3896E+01 -6.9185E-01  3.2236E-01  2.4969E-01
  5.9000E+01  5.5598E-01  4.3158E+00  6.3896E+01 -6.9185E-01  3.2236E-01  2.4969E-01
  5.9000E+01  5.5598E-01  4.3158E+00  6.3896E+01 -6.9185E-01  3.2236E-01  2.4969E-01
  5.9000E+01  5.5598E-01  4.3158E+00  6.3896E+01 -6.9185E-01  3.2236E-01  2.4969E-01
  5.9000E+01  5.5598E-01  4.3158E+00  6.3896E+01 -6.9185E-01  3.2236E-01  2.4969E-01
  5.9000E+01  5.5598E-01  4.3158E+00  6.3896E+01 -6.9185E-01  3.2236E-01  2.4969E-01
  6.0000E+01  1.8718E+00  4.0350E+00  3.7145E+01  5.2205E-01  2.5507E-01 -2.9274E-01
  6.0000E+01  1.8718E+00  4.0350E+00  3.7145E+01  5.2205E-01  2.5507E-01 -2.9274E-01
  6.0000E+01  1.8718E+00  4.0350E+00  3.7145E+01  5.2205E-01  2.5507E-01 -2.9274E-01
  6.0000E+01  1.8718E+00  4.0350E+00  3.7145E+01  5.2205E-01  2.5507E-01 -2.9274E-01
  6.0000E+01  1.8718E+00  4.0350E+00  3.7145E+01  5.2205E-01  2.5507E-01 -2.9274E-01
  6.0000E+01  1.8718E+00  4.0350E+00  3.7145E+01  5.2205E-01  2.5507E-01 -2.9274E-01
  6.0000E+01  1.8718E+00  4.0350E+00  3.7145E+01  5.2205E-01  2.5507E-01 -2.9274E-01
  6.0000E+01  1.8718E+00  4.0350E+00  3.7145E+01  5.2205E-01  2.5507E-01 -2.9274E-01
  6.0000E+01  1.8718E+00  4.0350E+00  3.7145E+01  5.2205E-01  2.5507E-01 -2.9274E-01
  6.0000E+01  1.8718E+00  4.0350E+00  3.7145E+01  5.2205E-01  2.5507E-01 -2.9274E-01
  6.0000E+01  1.8718E+00  4.0350E+00  3.7145E+01  5.2205E-01  2.5507E-01 -2.9274E-01
  6.0000E+01  1.8718E+00  4.0350E+00  3.7145E+01  5.2205E-01  2.5507E-01 -2.9274E-01
  6.0000E+01  1.8718E+00  4.0350E+00  3.7145E+01  5.2205E-01  2.5507E-01 -2.9274E-01
  6.0000E+01  1.8718E+00  4.0350E+00  3.7145E+01  5.2205E-01  2.5507E-01 -2.9274E-01
  6.0000E+01  1.8718E+00  4.0350E+00  3.7145E+01  5.2205E-01  2.5507E-01 -2.9274E-01
  6.0000E+01  1.8718E+00  4.0350E+00  3.7145E+01  5.2205E-01  2.5507E-01 -2.9274E-01
  6.0000E+01  1.8718E+00  4.0350E+00  3.7145E+01  5.2205E-01  2.5507E-01 -2.9274E-01
  6.0000E+01  1.8718E+00  4.0350E+00  3.7145E+01  5.2205E-01  2.5507E-01 -2.9274E-01
  6.0000E+01  1.8718E+00  4.0350E+00  3.7145E+01  5.2205E-01  2.5507E-01 -2.9274E-01
  6.0000E+01  1.8718E+00  4.0350E+00  3.7145E+01  5.2205E-01  2.5507E-01 -2.9274E-01
  6.0000E+01  1.8718E+00  4.0350E+00  3.7145E+01  5.2205E-01  2.5507E-01 -2.9274E-01
  6.0000E+01  1.8718E+00  4.0350E+00  3.7145E+01  5.2205E-01  2.5507E-01 -2.9274E-01
  6.0000E+01  1.8718E+00  4.0350E+00  3.7145E+01  5.2205E-01  2.5507E-01 -2.9274E-01
  6.0000E+01  1.8718E+00  4.0350E+00  3.7145E+01  5.2205E-01  2.5507E-01 -2.9274E-01
