TABLE NO.  1
 ID          TIME        AMT         DV          MDV         EVID        OCC         KA          CL          V           IPRE        IWRE        CWRES       DV          PRED        RES         WRES
  1.0000E+00  0.0000E+00  1.0000E+02  0.0000E+00  1.0000E+00  1.0000E+00  1.0000E+00  1.0186E+00  3.1393E+00  5.9315E+01  0.0000E+00  0.0000E+00  0.0000E+00  0.0000E+00  0.0000E+00  0.0000E+00  0.0000E+00
  1.0000E+00  5.0000E-01  0.0000E+00  8.5300E-01  0.0000E+00  0.0000E+00  1.0000E+00  1.0186E+00  3.1393E+00  5.9315E+01  6.6327E-01  9.2572E-01  8.1293E-01  8.5300E-01  8.4144E-01  1.1561E-02  8.0558E-01
  1.0000E+00  1.0000E+00  0.0000E+00  1.4460E+00  0.0000E+00  0.0000E+00  1.0000E+00  1.0186E+00  3.1393E+00  5.9315E+01  1.0445E+00  1.9589E+00  1.7788E+00  1.4460E+00  1.2983E+00  1.4765E-01  1.7771E+00
  1.0000E+00  2.0000E+00  0.0000E+00  1.3090E+00  0.0000E+00  0.0000E+00  1.0000E+00  1.0186E+00  3.1393E+00  5.9315E+01  1.3678E+00 -2.8704E-01 -5.2175E-01  1.3090E+00  1.6470E+00 -3.3797E-01 -5.0152E-01
  1.0000E+00  4.0000E+00  0.0000E+00  1.4360E+00  0.0000E+00  0.0000E+00  1.0000E+00  1.0186E+00  3.1393E+00  5.9315E+01  1.4088E+00  1.3276E-01 -8.3950E-02  1.4360E+00  1.6312E+00 -1.9523E-01 -4.2023E-02
  1.0000E+00  8.0000E+00  0.0000E+00  1.1270E+00  0.0000E+00  0.0000E+00  1.0000E+00  1.0186E+00  3.1393E+00  5.9315E+01  1.1640E+00 -1.8030E-01 -2.9147E-01  1.1270E+00  1.2880E+00 -1.6103E-01 -2.6804E-01
  1.0000E+00  1.2000E+01  0.0000E+00  8.4900E-01  0.0000E+00  0.0000E+00  1.0000E+00  1.0186E+00  3.1393E+00  5.9315E+01  9.4229E-01 -4.5515E-01 -4.8622E-01  8.4900E-01  1.0021E+00 -1.5310E-01 -4.8240E-01
  1.0000E+00  2.4000E+01  0.0000E+00  3.4200E-01  0.0000E+00  0.0000E+00  1.0000E+00  1.0186E+00  3.1393E+00  5.9315E+01  4.9930E-01 -7.6751E-01 -6.9000E-01  3.4200E-01  4.7160E-01 -1.2960E-01 -7.0204E-01
  1.0000E+00  1.6800E+02  1.0000E+02  0.0000E+00  1.0000E+00  1.0000E+00  2.0000E+00  1.0186E+00  3.1393E+00  5.9315E+01  2.4463E-04 -1.1936E-03  0.0000E+00  0.0000E+00  5.5655E-05  0.0000E+00  0.0000E+00
  1.0000E+00  1.6850E+02  0.0000E+00  6.2900E-01  0.0000E+00  0.0000E+00  2.0000E+00  1.0186E+00  3.1393E+00  5.9315E+01  6.6351E-01 -1.6837E-01 -2.8059E-01  6.2900E-01  8.4149E-01 -2.1249E-01 -2.8789E-01
  1.0000E+00  1.6900E+02  0.0000E+00  1.1040E+00  0.0000E+00  0.0000E+00  2.0000E+00  1.0186E+00  3.1393E+00  5.9315E+01  1.0447E+00  2.8912E-01  1.0954E-01  1.1040E+00  1.2984E+00 -1.9440E-01  1.0791E-01
  1.0000E+00  1.7000E+02  0.0000E+00  1.4480E+00  0.0000E+00  0.0000E+00  2.0000E+00  1.0186E+00  3.1393E+00  5.9315E+01  1.3681E+00  3.9008E-01  1.5591E-01  1.4480E+00  1.6470E+00 -1.9901E-01  1.7619E-01
  1.0000E+00  1.7200E+02  0.0000E+00  1.4270E+00  0.0000E+00  0.0000E+00  2.0000E+00  1.0186E+00  3.1393E+00  5.9315E+01  1.4090E+00  8.7884E-02 -1.2834E-01  1.4270E+00  1.6313E+00 -2.0427E-01 -8.6373E-02
  1.0000E+00  1.7600E+02  0.0000E+00  1.3030E+00  0.0000E+00  0.0000E+00  2.0000E+00  1.0186E+00  3.1393E+00  5.9315E+01  1.1641E+00  6.7765E-01  5.6688E-01  1.3030E+00  1.2881E+00  1.4937E-02  5.9034E-01
  1.0000E+00  1.8000E+02  0.0000E+00  9.1100E-01  0.0000E+00  0.0000E+00  2.0000E+00  1.0186E+00  3.1393E+00  5.9315E+01  9.4242E-01 -1.5328E-01 -1.8401E-01  9.1100E-01  1.0021E+00 -9.1125E-02 -1.8017E-01
  1.0000E+00  1.9200E+02  0.0000E+00  5.2600E-01  0.0000E+00  0.0000E+00  2.0000E+00  1.0186E+00  3.1393E+00  5.9315E+01  4.9937E-01  1.2992E-01  2.0762E-01  5.2600E-01  4.7161E-01  5.4388E-02  1.9559E-01
  1.0000E+00  3.3600E+02  1.0000E+02  0.0000E+00  1.0000E+00  1.0000E+00  3.0000E+00  1.0186E+00  3.1393E+00  5.9315E+01  2.4466E-04 -1.1938E-03  0.0000E+00  0.0000E+00  5.5656E-05  0.0000E+00  0.0000E+00
  1.0000E+00  3.3650E+02  0.0000E+00  4.7200E-01  0.0000E+00  0.0000E+00  3.0000E+00  1.0186E+00  3.1393E+00  5.9315E+01  6.6351E-01 -9.3440E-01 -1.0466E+00  4.7200E-01  8.4149E-01 -3.6949E-01 -1.0539E+00
  1.0000E+00  3.3700E+02  0.0000E+00  8.3300E-01  0.0000E+00  0.0000E+00  3.0000E+00  1.0186E+00  3.1393E+00  5.9315E+01  1.0447E+00 -1.0331E+00 -1.2127E+00  8.3300E-01  1.2984E+00 -4.6540E-01 -1.2143E+00
  1.0000E+00  3.3800E+02  0.0000E+00  1.0080E+00  0.0000E+00  0.0000E+00  3.0000E+00  1.0186E+00  3.1393E+00  5.9315E+01  1.3681E+00 -1.7567E+00 -1.9909E+00  1.0080E+00  1.6470E+00 -6.3901E-01 -1.9706E+00
  1.0000E+00  3.4000E+02  0.0000E+00  1.2340E+00  0.0000E+00  0.0000E+00  3.0000E+00  1.0186E+00  3.1393E+00  5.9315E+01  1.4090E+00 -8.5379E-01 -1.0700E+00  1.2340E+00  1.6313E+00 -3.9727E-01 -1.0280E+00
  1.0000E+00  3.4400E+02  0.0000E+00  1.2120E+00  0.0000E+00  0.0000E+00  3.0000E+00  1.0186E+00  3.1393E+00  5.9315E+01  1.1641E+00  2.3365E-01  1.2288E-01  1.2120E+00  1.2881E+00 -7.6063E-02  1.4634E-01
  1.0000E+00  3.4800E+02  0.0000E+00  1.1490E+00  0.0000E+00  0.0000E+00  3.0000E+00  1.0186E+00  3.1393E+00  5.9315E+01  9.4242E-01  1.0080E+00  9.7723E-01  1.1490E+00  1.0021E+00  1.4687E-01  9.8107E-01
  1.0000E+00  3.6000E+02  0.0000E+00  5.4000E-01  0.0000E+00  0.0000E+00  3.0000E+00  1.0186E+00  3.1393E+00  5.9315E+01  4.9937E-01  1.9822E-01  2.7592E-01  5.4000E-01  4.7161E-01  6.8388E-02  2.6389E-01
  2.0000E+00  0.0000E+00  1.0000E+02  0.0000E+00  1.0000E+00  1.0000E+00  1.0000E+00  8.6870E-01  5.4405E+00  5.0759E+01  0.0000E+00  0.0000E+00  0.0000E+00  0.0000E+00  0.0000E+00  0.0000E+00  0.0000E+00
  2.0000E+00  5.0000E-01  0.0000E+00  6.3400E-01  0.0000E+00  0.0000E+00  1.0000E+00  8.6870E-01  5.4405E+00  5.0759E+01  6.7451E-01 -1.9767E-01 -3.4433E-01  6.3400E-01  8.4144E-01 -2.0744E-01 -2.9422E-01
  2.0000E+00  1.0000E+00  0.0000E+00  1.0210E+00  0.0000E+00  0.0000E+00  1.0000E+00  8.6870E-01  5.4405E+00  5.0759E+01  1.0762E+00 -2.6928E-01 -4.5767E-01  1.0210E+00  1.2983E+00 -2.7735E-01 -4.0088E-01
  2.0000E+00  2.0000E+00  0.0000E+00  1.7080E+00  0.0000E+00  0.0000E+00  1.0000E+00  8.6870E-01  5.4405E+00  5.0759E+01  1.4183E+00  1.4137E+00  1.2438E+00  1.7080E+00  1.6470E+00  6.1034E-02  1.2910E+00
  2.0000E+00  4.0000E+00  0.0000E+00  1.5190E+00  0.0000E+00  0.0000E+00  1.0000E+00  8.6870E-01  5.4405E+00  5.0759E+01  1.3942E+00  6.0893E-01  4.6575E-01  1.5190E+00  1.6312E+00 -1.1223E-01  4.8586E-01
  2.0000E+00  8.0000E+00  0.0000E+00  1.0540E+00  0.0000E+00  0.0000E+00  1.0000E+00  8.6870E-01  5.4405E+00  5.0759E+01  9.5127E-01  5.0125E-01  2.6523E-01  1.0540E+00  1.2880E+00 -2.3403E-01  2.2577E-01
  2.0000E+00  1.2000E+01  0.0000E+00  6.0800E-01  0.0000E+00  0.0000E+00  1.0000E+00  8.6870E-01  5.4405E+00  5.0759E+01  6.2093E-01 -6.3091E-02 -3.4180E-01  6.0800E-01  1.0021E+00 -3.9410E-01 -3.7344E-01
  2.0000E+00  2.4000E+01  0.0000E+00  1.1800E-01  0.0000E+00  0.0000E+00  1.0000E+00  8.6870E-01  5.4405E+00  5.0759E+01  1.7159E-01 -2.6150E-01 -4.4470E-01  1.1800E-01  4.7160E-01 -3.5360E-01 -3.0834E-01
  2.0000E+00  1.6800E+02  1.0000E+02  0.0000E+00  1.0000E+00  1.0000E+00  2.0000E+00  8.6870E-01  5.4405E+00  5.0759E+01  3.4000E-08 -1.6589E-07  0.0000E+00  0.0000E+00  5.5655E-05  0.0000E+00  0.0000E+00
  2.0000E+00  1.6850E+02  0.0000E+00  6.5100E-01  0.0000E+00  0.0000E+00  2.0000E+00  8.6870E-01  5.4405E+00  5.0759E+01  6.7451E-01 -1.1472E-01 -2.6138E-01  6.5100E-01  8.4149E-01 -1.9049E-01 -2.1043E-01
  2.0000E+00  1.6900E+02  0.0000E+00  1.2500E+00  0.0000E+00  0.0000E+00  2.0000E+00  8.6870E-01  5.4405E+00  5.0759E+01  1.0762E+00  8.4805E-01  6.5966E-01  1.2500E+00  1.2984E+00 -4.8398E-02  7.1727E-01
  2.0000E+00  1.7000E+02  0.0000E+00  1.6730E+00  0.0000E+00  0.0000E+00  2.0000E+00  8.6870E-01  5.4405E+00  5.0759E+01  1.4183E+00  1.2429E+00  1.0731E+00  1.6730E+00  1.6470E+00  2.5985E-02  1.1210E+00
  2.0000E+00  1.7200E+02  0.0000E+00  1.2820E+00  0.0000E+00  0.0000E+00  2.0000E+00  8.6870E-01  5.4405E+00  5.0759E+01  1.3942E+00 -5.4743E-01 -6.9060E-01  1.2820E+00  1.6313E+00 -3.4927E-01 -6.6980E-01
  2.0000E+00  1.7600E+02  0.0000E+00  9.9300E-01  0.0000E+00  0.0000E+00  2.0000E+00  8.6870E-01  5.4405E+00  5.0759E+01  9.5127E-01  2.0362E-01 -3.2400E-02  9.9300E-01  1.2881E+00 -2.9506E-01 -7.1303E-02
  2.0000E+00  1.8000E+02  0.0000E+00  6.4700E-01  0.0000E+00  0.0000E+00  2.0000E+00  8.6870E-01  5.4405E+00  5.0759E+01  6.2093E-01  1.2720E-01 -1.5152E-01  6.4700E-01  1.0021E+00 -3.5513E-01 -1.8270E-01
  2.0000E+00  1.9200E+02  0.0000E+00  1.0000E-01  0.0000E+00  0.0000E+00  2.0000E+00  8.6870E-01  5.4405E+00  5.0759E+01  1.7159E-01 -3.4932E-01 -5.3252E-01  1.0000E-01  4.7161E-01 -3.7161E-01 -3.9594E-01
  2.0000E+00  3.3600E+02  1.0000E+02  0.0000E+00  1.0000E+00  1.0000E+00  3.0000E+00  8.6870E-01  5.4405E+00  5.0759E+01  3.4000E-08 -1.6589E-07  0.0000E+00  0.0000E+00  5.5656E-05  0.0000E+00  0.0000E+00
  2.0000E+00  3.3650E+02  0.0000E+00  5.2400E-01  0.0000E+00  0.0000E+00  3.0000E+00  8.6870E-01  5.4405E+00  5.0759E+01  6.7451E-01 -7.3438E-01 -8.8103E-01  5.2400E-01  8.4149E-01 -3.1749E-01 -8.3008E-01
  2.0000E+00  3.3700E+02  0.0000E+00  8.7500E-01  0.0000E+00  0.0000E+00  3.0000E+00  8.6870E-01  5.4405E+00  5.0759E+01  1.0762E+00 -9.8163E-01 -1.1700E+00  8.7500E-01  1.2984E+00 -4.2340E-01 -1.1124E+00
  2.0000E+00  3.3800E+02  0.0000E+00  1.0860E+00  0.0000E+00  0.0000E+00  3.0000E+00  8.6870E-01  5.4405E+00  5.0759E+01  1.4183E+00 -1.6212E+00 -1.7910E+00  1.0860E+00  1.6470E+00 -5.6101E-01 -1.7430E+00
  2.0000E+00  3.4000E+02  0.0000E+00  1.3250E+00  0.0000E+00  0.0000E+00  3.0000E+00  8.6870E-01  5.4405E+00  5.0759E+01  1.3942E+00 -3.3763E-01 -4.8080E-01  1.3250E+00  1.6313E+00 -3.0627E-01 -4.6000E-01
  2.0000E+00  3.4400E+02  0.0000E+00  6.5800E-01  0.0000E+00  0.0000E+00  3.0000E+00  8.6870E-01  5.4405E+00  5.0759E+01  9.5127E-01 -1.4309E+00 -1.6669E+00  6.5800E-01  1.2881E+00 -6.3006E-01 -1.7058E+00
  2.0000E+00  3.4800E+02  0.0000E+00  7.5900E-01  0.0000E+00  0.0000E+00  3.0000E+00  8.6870E-01  5.4405E+00  5.0759E+01  6.2093E-01  6.7366E-01  3.9495E-01  7.5900E-01  1.0021E+00 -2.4313E-01  3.6376E-01
  2.0000E+00  3.6000E+02  0.0000E+00  9.9000E-02  0.0000E+00  0.0000E+00  3.0000E+00  8.6870E-01  5.4405E+00  5.0759E+01  1.7159E-01 -3.5420E-01 -5.3740E-01  9.9000E-02  4.7161E-01 -3.7261E-01 -4.0082E-01
  3.0000E+00  0.0000E+00  1.0000E+02  0.0000E+00  1.0000E+00  1.0000E+00  1.0000E+00  1.3242E+00  3.0723E+00  5.3096E+01  0.0000E+00  0.0000E+00  0.0000E+00  0.0000E+00  0.0000E+00  0.0000E+00  0.0000E+00
  3.0000E+00  5.0000E-01  0.0000E+00  9.9300E-01  0.0000E+00  0.0000E+00  1.0000E+00  1.3242E+00  3.0723E+00  5.3096E+01  8.9749E-01  4.6600E-01  5.5446E-01  9.9300E-01  8.4144E-01  1.5156E-01  5.7532E-01
  3.0000E+00  1.0000E+00  0.0000E+00  1.4210E+00  0.0000E+00  0.0000E+00  1.0000E+00  1.3242E+00  3.0723E+00  5.3096E+01  1.3348E+00  4.2058E-01  4.6979E-01  1.4210E+00  1.2983E+00  1.2265E-01  4.8398E-01
  3.0000E+00  2.0000E+00  0.0000E+00  1.8710E+00  0.0000E+00  0.0000E+00  1.0000E+00  1.3242E+00  3.0723E+00  5.3096E+01  1.6148E+00  1.2498E+00  1.1889E+00  1.8710E+00  1.6470E+00  2.2403E-01  1.1870E+00
  3.0000E+00  4.0000E+00  0.0000E+00  1.4800E+00  0.0000E+00  0.0000E+00  1.0000E+00  1.3242E+00  3.0723E+00  5.3096E+01  1.5526E+00 -3.5445E-01 -4.6982E-01  1.4800E+00  1.6312E+00 -1.5123E-01 -4.7062E-01
  3.0000E+00  8.0000E+00  0.0000E+00  1.1220E+00  0.0000E+00  0.0000E+00  1.0000E+00  1.3242E+00  3.0723E+00  5.3096E+01  1.2396E+00 -5.7385E-01 -6.2823E-01  1.1220E+00  1.2880E+00 -1.6603E-01 -6.2213E-01
  3.0000E+00  1.2000E+01  0.0000E+00  9.7000E-01  0.0000E+00  0.0000E+00  1.0000E+00  1.3242E+00  3.0723E+00  5.3096E+01  9.8352E-01 -6.5985E-02 -6.9816E-02  9.7000E-01  1.0021E+00 -3.2099E-02 -6.3797E-02
  3.0000E+00  2.4000E+01  0.0000E+00  5.5200E-01  0.0000E+00  0.0000E+00  1.0000E+00  1.3242E+00  3.0723E+00  5.3096E+01  4.9117E-01  2.9681E-01  3.5398E-01  5.5200E-01  4.7160E-01  8.0401E-02  3.5903E-01
  3.0000E+00  1.6800E+02  1.0000E+02  0.0000E+00  1.0000E+00  1.0000E+00  2.0000E+00  1.3242E+00  3.0723E+00  5.3096E+01  1.1818E-04 -5.7664E-04  0.0000E+00  0.0000E+00  5.5655E-05  0.0000E+00  0.0000E+00
  3.0000E+00  1.6850E+02  0.0000E+00  7.8400E-01  0.0000E+00  0.0000E+00  2.0000E+00  1.3242E+00  3.0723E+00  5.3096E+01  8.9761E-01 -5.5431E-01 -4.6566E-01  7.8400E-01  8.4149E-01 -5.7493E-02 -4.4479E-01
  3.0000E+00  1.6900E+02  0.0000E+00  1.0760E+00  0.0000E+00  0.0000E+00  2.0000E+00  1.3242E+00  3.0723E+00  5.3096E+01  1.3349E+00 -1.2633E+00 -1.2139E+00  1.0760E+00  1.2984E+00 -2.2240E-01 -1.1997E+00
  3.0000E+00  1.7000E+02  0.0000E+00  1.3080E+00  0.0000E+00  0.0000E+00  2.0000E+00  1.3242E+00  3.0723E+00  5.3096E+01  1.6149E+00 -1.4976E+00 -1.5584E+00  1.3080E+00  1.6470E+00 -3.3901E-01 -1.5603E+00
  3.0000E+00  1.7200E+02  0.0000E+00  1.6920E+00  0.0000E+00  0.0000E+00  2.0000E+00  1.3242E+00  3.0723E+00  5.3096E+01  1.5527E+00  6.7948E-01  5.6425E-01  1.6920E+00  1.6313E+00  6.0726E-02  5.6346E-01
  3.0000E+00  1.7600E+02  0.0000E+00  1.2150E+00  0.0000E+00  0.0000E+00  2.0000E+00  1.3242E+00  3.0723E+00  5.3096E+01  1.2397E+00 -1.2046E-01 -1.7471E-01  1.2150E+00  1.2881E+00 -7.3063E-02 -1.6861E-01
  3.0000E+00  1.8000E+02  0.0000E+00  8.7400E-01  0.0000E+00  0.0000E+00  2.0000E+00  1.3242E+00  3.0723E+00  5.3096E+01  9.8358E-01 -5.3467E-01 -5.3840E-01  8.7400E-01  1.0021E+00 -1.2813E-01 -5.3238E-01
  3.0000E+00  1.9200E+02  0.0000E+00  5.3000E-01  0.0000E+00  0.0000E+00  2.0000E+00  1.3242E+00  3.0723E+00  5.3096E+01  4.9120E-01  1.8933E-01  2.4655E-01  5.3000E-01  4.7161E-01  5.8388E-02  2.5160E-01
  3.0000E+00  3.3600E+02  1.0000E+02  0.0000E+00  1.0000E+00  1.0000E+00  3.0000E+00  1.3242E+00  3.0723E+00  5.3096E+01  1.1819E-04 -5.7667E-04  0.0000E+00  0.0000E+00  5.5656E-05  0.0000E+00  0.0000E+00
  3.0000E+00  3.3650E+02  0.0000E+00  1.0400E+00  0.0000E+00  0.0000E+00  3.0000E+00  1.3242E+00  3.0723E+00  5.3096E+01  8.9761E-01  6.9476E-01  7.8340E-01  1.0400E+00  8.4149E-01  1.9851E-01  8.0427E-01
  3.0000E+00  3.3700E+02  0.0000E+00  1.5190E+00  0.0000E+00  0.0000E+00  3.0000E+00  1.3242E+00  3.0723E+00  5.3096E+01  1.3349E+00  8.9820E-01  9.4758E-01  1.5190E+00  1.2984E+00  2.2060E-01  9.6177E-01
  3.0000E+00  3.3800E+02  0.0000E+00  1.5100E+00  0.0000E+00  0.0000E+00  3.0000E+00  1.3242E+00  3.0723E+00  5.3096E+01  1.6149E+00 -5.1204E-01 -5.7278E-01  1.5100E+00  1.6470E+00 -1.3701E-01 -5.7467E-01
  3.0000E+00  3.4000E+02  0.0000E+00  1.5970E+00  0.0000E+00  0.0000E+00  3.0000E+00  1.3242E+00  3.0723E+00  5.3096E+01  1.5527E+00  2.1596E-01  1.0073E-01  1.5970E+00  1.6313E+00 -3.4274E-02  9.9938E-02
  3.0000E+00  3.4400E+02  0.0000E+00  1.3570E+00  0.0000E+00  0.0000E+00  3.0000E+00  1.3242E+00  3.0723E+00  5.3096E+01  1.2397E+00  5.7238E-01  5.1813E-01  1.3570E+00  1.2881E+00  6.8937E-02  5.2423E-01
  3.0000E+00  3.4800E+02  0.0000E+00  9.3000E-01  0.0000E+00  0.0000E+00  3.0000E+00  1.3242E+00  3.0723E+00  5.3096E+01  9.8358E-01 -2.6144E-01 -2.6517E-01  9.3000E-01  1.0021E+00 -7.2125E-02 -2.5915E-01
  3.0000E+00  3.6000E+02  0.0000E+00  5.6400E-01  0.0000E+00  0.0000E+00  3.0000E+00  1.3242E+00  3.0723E+00  5.3096E+01  4.9120E-01  3.5522E-01  4.1244E-01  5.6400E-01  4.7161E-01  9.2388E-02  4.1749E-01
  4.0000E+00  0.0000E+00  1.0000E+02  0.0000E+00  1.0000E+00  1.0000E+00  1.0000E+00  1.4120E+00  5.4183E+00  4.7557E+01  0.0000E+00  0.0000E+00  0.0000E+00  0.0000E+00  0.0000E+00  0.0000E+00  0.0000E+00
  4.0000E+00  5.0000E-01  0.0000E+00  8.8000E-01  0.0000E+00  0.0000E+00  1.0000E+00  1.4120E+00  5.4183E+00  4.7557E+01  1.0316E+00 -7.3968E-01 -5.4999E-01  8.8000E-01  8.4144E-01  3.8561E-02 -5.2444E-01
  4.0000E+00  1.0000E+00  0.0000E+00  1.3320E+00  0.0000E+00  0.0000E+00  1.0000E+00  1.4120E+00  5.4183E+00  4.7557E+01  1.4837E+00 -7.4013E-01 -5.7633E-01  1.3320E+00  1.2983E+00  3.3654E-02 -5.2749E-01
  4.0000E+00  2.0000E+00  0.0000E+00  1.5190E+00  0.0000E+00  0.0000E+00  1.0000E+00  1.4120E+00  5.4183E+00  4.7557E+01  1.6854E+00 -8.1206E-01 -8.1002E-01  1.5190E+00  1.6470E+00 -1.2797E-01 -7.1768E-01
  4.0000E+00  4.0000E+00  0.0000E+00  1.4540E+00  0.0000E+00  0.0000E+00  1.0000E+00  1.4120E+00  5.4183E+00  4.7557E+01  1.4421E+00  5.8277E-02 -1.3198E-01  1.4540E+00  1.6312E+00 -1.7723E-01 -6.7580E-02
  4.0000E+00  8.0000E+00  0.0000E+00  9.3900E-01  0.0000E+00  0.0000E+00  1.0000E+00  1.4120E+00  5.4183E+00  4.7557E+01  9.1932E-01  9.6025E-02 -2.0110E-01  9.3900E-01  1.2880E+00 -3.4903E-01 -3.2937E-01
  4.0000E+00  1.2000E+01  0.0000E+00  5.5700E-01  0.0000E+00  0.0000E+00  1.0000E+00  1.4120E+00  5.4183E+00  4.7557E+01  5.8285E-01 -1.2612E-01 -4.2224E-01  5.5700E-01  1.0021E+00 -4.4510E-01 -6.0261E-01
  4.0000E+00  2.4000E+01  0.0000E+00  2.6800E-01  0.0000E+00  0.0000E+00  1.0000E+00  1.4120E+00  5.4183E+00  4.7557E+01  1.4852E-01  5.8296E-01  4.2517E-01  2.6800E-01  4.7160E-01 -2.0360E-01  4.4814E-01
  4.0000E+00  1.6800E+02  1.0000E+02  0.0000E+00  1.0000E+00  1.0000E+00  2.0000E+00  1.4120E+00  5.4183E+00  4.7557E+01  1.1131E-08 -5.4310E-08  0.0000E+00  0.0000E+00  5.5655E-05  0.0000E+00  0.0000E+00
  4.0000E+00  1.6850E+02  0.0000E+00  1.2090E+00  0.0000E+00  0.0000E+00  2.0000E+00  1.4120E+00  5.4183E+00  4.7557E+01  1.0316E+00  8.6556E-01  1.0553E+00  1.2090E+00  8.4149E-01  3.6751E-01  1.0817E+00
  4.0000E+00  1.6900E+02  0.0000E+00  1.8400E+00  0.0000E+00  0.0000E+00  2.0000E+00  1.4120E+00  5.4183E+00  4.7557E+01  1.4837E+00  1.7385E+00  1.9023E+00  1.8400E+00  1.2984E+00  5.4160E-01  1.9520E+00
  4.0000E+00  1.7000E+02  0.0000E+00  1.8310E+00  0.0000E+00  0.0000E+00  2.0000E+00  1.4120E+00  5.4183E+00  4.7557E+01  1.6854E+00  7.1023E-01  7.1227E-01  1.8310E+00  1.6470E+00  1.8399E-01  8.0542E-01
  4.0000E+00  1.7200E+02  0.0000E+00  1.6860E+00  0.0000E+00  0.0000E+00  2.0000E+00  1.4120E+00  5.4183E+00  4.7557E+01  1.4421E+00  1.1902E+00  9.9999E-01  1.6860E+00  1.6313E+00  5.4726E-02  1.0651E+00
  4.0000E+00  1.7600E+02  0.0000E+00  7.5000E-01  0.0000E+00  0.0000E+00  2.0000E+00  1.4120E+00  5.4183E+00  4.7557E+01  9.1932E-01 -8.2613E-01 -1.1233E+00  7.5000E-01  1.2881E+00 -5.3806E-01 -1.2510E+00
  4.0000E+00  1.8000E+02  0.0000E+00  6.2500E-01  0.0000E+00  0.0000E+00  2.0000E+00  1.4120E+00  5.4183E+00  4.7557E+01  5.8285E-01  2.0566E-01 -9.0458E-02  6.2500E-01  1.0021E+00 -3.7713E-01 -2.7037E-01
  4.0000E+00  1.9200E+02  0.0000E+00  3.4600E-01  0.0000E+00  0.0000E+00  2.0000E+00  1.4120E+00  5.4183E+00  4.7557E+01  1.4852E-01  9.6353E-01  8.0575E-01  3.4600E-01  4.7161E-01 -1.2561E-01  8.2895E-01
  4.0000E+00  3.3600E+02  1.0000E+02  0.0000E+00  1.0000E+00  1.0000E+00  3.0000E+00  1.4120E+00  5.4183E+00  4.7557E+01  1.1131E-08 -5.4310E-08  0.0000E+00  0.0000E+00  5.5656E-05  0.0000E+00  0.0000E+00
  4.0000E+00  3.3650E+02  0.0000E+00  9.1700E-01  0.0000E+00  0.0000E+00  3.0000E+00  1.4120E+00  5.4183E+00  4.7557E+01  1.0316E+00 -5.5915E-01 -3.6946E-01  9.1700E-01  8.4149E-01  7.5507E-02 -3.4305E-01
  4.0000E+00  3.3700E+02  0.0000E+00  1.5570E+00  0.0000E+00  0.0000E+00  3.0000E+00  1.4120E+00  5.4183E+00  4.7557E+01  1.4837E+00  3.5768E-01  5.2147E-01  1.5570E+00  1.2984E+00  2.5860E-01  5.7116E-01
  4.0000E+00  3.3800E+02  0.0000E+00  1.4360E+00  0.0000E+00  0.0000E+00  3.0000E+00  1.4120E+00  5.4183E+00  4.7557E+01  1.6854E+00 -1.2170E+00 -1.2150E+00  1.4360E+00  1.6470E+00 -2.1101E-01 -1.1218E+00
  4.0000E+00  3.4000E+02  0.0000E+00  1.4760E+00  0.0000E+00  0.0000E+00  3.0000E+00  1.4120E+00  5.4183E+00  4.7557E+01  1.4421E+00  1.6562E-01 -2.4634E-02  1.4760E+00  1.6313E+00 -1.5527E-01  4.0478E-02
  4.0000E+00  3.4400E+02  0.0000E+00  7.0400E-01  0.0000E+00  0.0000E+00  3.0000E+00  1.4120E+00  5.4183E+00  4.7557E+01  9.1932E-01 -1.0506E+00 -1.3477E+00  7.0400E-01  1.2881E+00 -5.8406E-01 -1.4754E+00
  4.0000E+00  3.4800E+02  0.0000E+00  5.6100E-01  0.0000E+00  0.0000E+00  3.0000E+00  1.4120E+00  5.4183E+00  4.7557E+01  5.8285E-01 -1.0661E-01 -4.0272E-01  5.6100E-01  1.0021E+00 -4.4113E-01 -5.8264E-01
  4.0000E+00  3.6000E+02  0.0000E+00  9.2000E-02  0.0000E+00  0.0000E+00  3.0000E+00  1.4120E+00  5.4183E+00  4.7557E+01  1.4852E-01 -2.7577E-01 -4.3356E-01  9.2000E-02  4.7161E-01 -3.7961E-01 -4.1035E-01
  5.0000E+00  0.0000E+00  1.0000E+02  0.0000E+00  1.0000E+00  1.0000E+00  1.0000E+00  1.1418E+00  2.1977E+00  4.2483E+01  0.0000E+00  0.0000E+00  0.0000E+00  0.0000E+00  0.0000E+00  0.0000E+00  0.0000E+00
  5.0000E+00  5.0000E-01  0.0000E+00  9.7700E-01  0.0000E+00  0.0000E+00  1.0000E+00  1.1418E+00  2.1977E+00  4.2483E+01  1.0095E+00 -1.5875E-01 -7.9800E-02  9.7700E-01  8.4144E-01  1.3556E-01 -7.5018E-02
  5.0000E+00  1.0000E+00  0.0000E+00  1.4330E+00  0.0000E+00  0.0000E+00  1.0000E+00  1.1418E+00  2.1977E+00  4.2483E+01  1.5542E+00 -5.9116E-01 -4.4607E-01  1.4330E+00  1.2983E+00  1.3465E-01 -4.3108E-01
  5.0000E+00  2.0000E+00  0.0000E+00  2.1960E+00  0.0000E+00  0.0000E+00  1.0000E+00  1.1418E+00  2.1977E+00  4.2483E+01  1.9720E+00  1.0931E+00  1.3192E+00  2.1960E+00  1.6470E+00  5.4903E-01  1.3507E+00
  5.0000E+00  4.0000E+00  0.0000E+00  2.0110E+00  0.0000E+00  0.0000E+00  1.0000E+00  1.1418E+00  2.1977E+00  4.2483E+01  1.9791E+00  1.5560E-01  4.2039E-01  2.0110E+00  1.6312E+00  3.7977E-01  4.5466E-01
  5.0000E+00  8.0000E+00  0.0000E+00  1.5720E+00  0.0000E+00  0.0000E+00  1.0000E+00  1.1418E+00  2.1977E+00  4.2483E+01  1.6297E+00 -2.8170E-01 -4.6592E-02  1.5720E+00  1.2880E+00  2.8397E-01 -3.4776E-02
  5.0000E+00  1.2000E+01  0.0000E+00  1.2160E+00  0.0000E+00  0.0000E+00  1.0000E+00  1.1418E+00  2.1977E+00  4.2483E+01  1.3253E+00 -5.3341E-01 -3.3343E-01  1.2160E+00  1.0021E+00  2.1390E-01 -3.2941E-01
  5.0000E+00  2.4000E+01  0.0000E+00  6.8700E-01  0.0000E+00  0.0000E+00  1.0000E+00  1.1418E+00  2.1977E+00  4.2483E+01  7.1241E-01 -1.2396E-01 -2.5066E-03  6.8700E-01  4.7160E-01  2.1540E-01  2.5397E-02
  5.0000E+00  1.6800E+02  1.0000E+02  0.0000E+00  1.0000E+00  1.0000E+00  2.0000E+00  1.1418E+00  2.1977E+00  4.2483E+01  4.1456E-04 -2.0227E-03  0.0000E+00  0.0000E+00  5.5655E-05  0.0000E+00  0.0000E+00
  5.0000E+00  1.6850E+02  0.0000E+00  1.1380E+00  0.0000E+00  0.0000E+00  2.0000E+00  1.1418E+00  2.1977E+00  4.2483E+01  1.0099E+00  6.2482E-01  7.0394E-01  1.1380E+00  8.4149E-01  2.9651E-01  7.0962E-01
  5.0000E+00  1.6900E+02  0.0000E+00  1.3320E+00  0.0000E+00  0.0000E+00  2.0000E+00  1.1418E+00  2.1977E+00  4.2483E+01  1.5546E+00 -1.0859E+00 -9.4062E-01  1.3320E+00  1.2984E+00  3.3602E-02 -9.2475E-01
  5.0000E+00  1.7000E+02  0.0000E+00  2.1250E+00  0.0000E+00  0.0000E+00  2.0000E+00  1.1418E+00  2.1977E+00  4.2483E+01  1.9723E+00  7.4489E-01  9.7113E-01  2.1250E+00  1.6470E+00  4.7799E-01  1.0035E+00
  5.0000E+00  1.7200E+02  0.0000E+00  1.7000E+00  0.0000E+00  0.0000E+00  2.0000E+00  1.1418E+00  2.1977E+00  4.2483E+01  1.9794E+00 -1.3635E+00 -1.0985E+00  1.7000E+00  1.6313E+00  6.8726E-02 -1.0635E+00
  5.0000E+00  1.7600E+02  0.0000E+00  1.6440E+00  0.0000E+00  0.0000E+00  2.0000E+00  1.1418E+00  2.1977E+00  4.2483E+01  1.6300E+00  6.8260E-02  3.0348E-01  1.6440E+00  1.2881E+00  3.5594E-01  3.1594E-01
  5.0000E+00  1.8000E+02  0.0000E+00  1.1750E+00  0.0000E+00  0.0000E+00  2.0000E+00  1.1418E+00  2.1977E+00  4.2483E+01  1.3255E+00 -7.3454E-01 -5.3446E-01  1.1750E+00  1.0021E+00  1.7287E-01 -5.2991E-01
  5.0000E+00  1.9200E+02  0.0000E+00  8.2100E-01  0.0000E+00  0.0000E+00  2.0000E+00  1.1418E+00  2.1977E+00  4.2483E+01  7.1253E-01  5.2926E-01  6.5077E-01  8.2100E-01  4.7161E-01  3.4939E-01  6.7898E-01
  5.0000E+00  3.3600E+02  1.0000E+02  0.0000E+00  1.0000E+00  1.0000E+00  3.0000E+00  1.1418E+00  2.1977E+00  4.2483E+01  4.1463E-04 -2.0230E-03  0.0000E+00  0.0000E+00  5.5656E-05  0.0000E+00  0.0000E+00
  5.0000E+00  3.3650E+02  0.0000E+00  7.6800E-01  0.0000E+00  0.0000E+00  3.0000E+00  1.1418E+00  2.1977E+00  4.2483E+01  1.0099E+00 -1.1805E+00 -1.1013E+00  7.6800E-01  8.4149E-01 -7.3493E-02 -1.0957E+00
  5.0000E+00  3.3700E+02  0.0000E+00  1.7380E+00  0.0000E+00  0.0000E+00  3.0000E+00  1.1418E+00  2.1977E+00  4.2483E+01  1.5546E+00  8.9506E-01  1.0403E+00  1.7380E+00  1.2984E+00  4.3960E-01  1.0562E+00
  5.0000E+00  3.3800E+02  0.0000E+00  2.1220E+00  0.0000E+00  0.0000E+00  3.0000E+00  1.1418E+00  2.1977E+00  4.2483E+01  1.9723E+00  7.3025E-01  9.5649E-01  2.1220E+00  1.6470E+00  4.7499E-01  9.8884E-01
  5.0000E+00  3.4000E+02  0.0000E+00  2.0210E+00  0.0000E+00  0.0000E+00  3.0000E+00  1.1418E+00  2.1977E+00  4.2483E+01  1.9794E+00  2.0275E-01  4.6767E-01  2.0210E+00  1.6313E+00  3.8973E-01  5.0271E-01
  5.0000E+00  3.4400E+02  0.0000E+00  1.7570E+00  0.0000E+00  0.0000E+00  3.0000E+00  1.1418E+00  2.1977E+00  4.2483E+01  1.6300E+00  6.1960E-01  8.5483E-01  1.7570E+00  1.2881E+00  4.6894E-01  8.6728E-01
  5.0000E+00  3.4800E+02  0.0000E+00  1.3830E+00  0.0000E+00  0.0000E+00  3.0000E+00  1.1418E+00  2.1977E+00  4.2483E+01  1.3255E+00  2.8032E-01  4.8040E-01  1.3830E+00  1.0021E+00  3.8087E-01  4.8495E-01
  5.0000E+00  3.6000E+02  0.0000E+00  8.0900E-01  0.0000E+00  0.0000E+00  3.0000E+00  1.1418E+00  2.1977E+00  4.2483E+01  7.1253E-01  4.7071E-01  5.9222E-01  8.0900E-01  4.7161E-01  3.3739E-01  6.2043E-01
  6.0000E+00  0.0000E+00  1.0000E+02  0.0000E+00  1.0000E+00  1.0000E+00  1.0000E+00  1.6402E+00  3.8033E+00  3.7507E+01  0.0000E+00  0.0000E+00  0.0000E+00  0.0000E+00  0.0000E+00  0.0000E+00  0.0000E+00
  6.0000E+00  5.0000E-01  0.0000E+00  1.6140E+00  0.0000E+00  0.0000E+00  1.0000E+00  1.6402E+00  3.8033E+00  3.7507E+01  1.4499E+00  8.0084E-01  1.2785E+00  1.6140E+00  8.4144E-01  7.7256E-01  1.4666E+00
  6.0000E+00  1.0000E+00  0.0000E+00  2.3760E+00  0.0000E+00  0.0000E+00  1.0000E+00  1.6402E+00  3.8033E+00  3.7507E+01  2.0167E+00  1.7531E+00  2.2865E+00  2.3760E+00  1.2983E+00  1.0777E+00  2.3783E+00
  6.0000E+00  2.0000E+00  0.0000E+00  1.8850E+00  0.0000E+00  0.0000E+00  1.0000E+00  1.6402E+00  3.8033E+00  3.7507E+01  2.2133E+00 -1.6020E+00 -1.2158E+00  1.8850E+00  1.6470E+00  2.3803E-01 -1.2310E+00
  6.0000E+00  4.0000E+00  0.0000E+00  1.9780E+00  0.0000E+00  0.0000E+00  1.0000E+00  1.6402E+00  3.8033E+00  3.7507E+01  1.8903E+00  4.2794E-01  5.6088E-01  1.9780E+00  1.6312E+00  3.4677E-01  6.3214E-01
  6.0000E+00  8.0000E+00  0.0000E+00  9.8300E-01  0.0000E+00  0.0000E+00  1.0000E+00  1.6402E+00  3.8033E+00  3.7507E+01  1.2627E+00 -1.3646E+00 -1.4784E+00  9.8300E-01  1.2880E+00 -3.0503E-01 -1.4386E+00
  6.0000E+00  1.2000E+01  0.0000E+00  5.9400E-01  0.0000E+00  0.0000E+00  1.0000E+00  1.6402E+00  3.8033E+00  3.7507E+01  8.4167E-01 -1.2084E+00 -1.4173E+00  5.9400E-01  1.0021E+00 -4.0810E-01 -1.4034E+00
  6.0000E+00  2.4000E+01  0.0000E+00  8.3000E-02  0.0000E+00  0.0000E+00  1.0000E+00  1.6402E+00  3.8033E+00  3.7507E+01  2.4928E-01 -8.1129E-01 -9.9132E-01  8.3000E-02  4.7160E-01 -3.8860E-01 -8.5015E-01
  6.0000E+00  1.6800E+02  1.0000E+02  0.0000E+00  1.0000E+00  1.0000E+00  2.0000E+00  1.6402E+00  3.8033E+00  3.7507E+01  1.1354E-07 -5.5396E-07  0.0000E+00  0.0000E+00  5.5655E-05  0.0000E+00  0.0000E+00
  6.0000E+00  1.6850E+02  0.0000E+00  1.1890E+00  0.0000E+00  0.0000E+00  2.0000E+00  1.6402E+00  3.8033E+00  3.7507E+01  1.4499E+00 -1.2728E+00 -7.9518E-01  1.1890E+00  8.4149E-01  3.4751E-01 -6.0610E-01
  6.0000E+00  1.6900E+02  0.0000E+00  1.6090E+00  0.0000E+00  0.0000E+00  2.0000E+00  1.6402E+00  3.8033E+00  3.7507E+01  2.0167E+00 -1.9892E+00 -1.4558E+00  1.6090E+00  1.2984E+00  3.1060E-01 -1.3631E+00
  6.0000E+00  1.7000E+02  0.0000E+00  1.9940E+00  0.0000E+00  0.0000E+00  2.0000E+00  1.6402E+00  3.8033E+00  3.7507E+01  2.2133E+00 -1.0701E+00 -6.8393E-01  1.9940E+00  1.6470E+00  3.4699E-01 -6.9834E-01
  6.0000E+00  1.7200E+02  0.0000E+00  1.9270E+00  0.0000E+00  0.0000E+00  2.0000E+00  1.6402E+00  3.8033E+00  3.7507E+01  1.8903E+00  1.7910E-01  3.1204E-01  1.9270E+00  1.6313E+00  2.9573E-01  3.8406E-01
  6.0000E+00  1.7600E+02  0.0000E+00  1.1360E+00  0.0000E+00  0.0000E+00  2.0000E+00  1.6402E+00  3.8033E+00  3.7507E+01  1.2627E+00 -6.1812E-01 -7.3191E-01  1.1360E+00  1.2881E+00 -1.5206E-01 -6.9152E-01
  6.0000E+00  1.8000E+02  0.0000E+00  1.0180E+00  0.0000E+00  0.0000E+00  2.0000E+00  1.6402E+00  3.8033E+00  3.7507E+01  8.4167E-01  8.6032E-01  6.5146E-01  1.0180E+00  1.0021E+00  1.5875E-02  6.6588E-01
  6.0000E+00  1.9200E+02  0.0000E+00  1.2300E-01  0.0000E+00  0.0000E+00  2.0000E+00  1.6402E+00  3.8033E+00  3.7507E+01  2.4928E-01 -6.1612E-01 -7.9615E-01  1.2300E-01  4.7161E-01 -3.4861E-01 -6.5474E-01
  6.0000E+00  3.3600E+02  1.0000E+02  0.0000E+00  1.0000E+00  1.0000E+00  3.0000E+00  1.6402E+00  3.8033E+00  3.7507E+01  1.1354E-07 -5.5396E-07  0.0000E+00  0.0000E+00  5.5656E-05  0.0000E+00  0.0000E+00
  6.0000E+00  3.3650E+02  0.0000E+00  1.5290E+00  0.0000E+00  0.0000E+00  3.0000E+00  1.6402E+00  3.8033E+00  3.7507E+01  1.4499E+00  3.8611E-01  8.6373E-01  1.5290E+00  8.4149E-01  6.8751E-01  1.0528E+00
  6.0000E+00  3.3700E+02  0.0000E+00  2.3110E+00  0.0000E+00  0.0000E+00  3.0000E+00  1.6402E+00  3.8033E+00  3.7507E+01  2.0167E+00  1.4360E+00  1.9693E+00  2.3110E+00  1.2984E+00  1.0126E+00  2.0621E+00
  6.0000E+00  3.3800E+02  0.0000E+00  2.4870E+00  0.0000E+00  0.0000E+00  3.0000E+00  1.6402E+00  3.8033E+00  3.7507E+01  2.2133E+00  1.3353E+00  1.7215E+00  2.4870E+00  1.6470E+00  8.3999E-01  1.7071E+00
  6.0000E+00  3.4000E+02  0.0000E+00  2.0440E+00  0.0000E+00  0.0000E+00  3.0000E+00  1.6402E+00  3.8033E+00  3.7507E+01  1.8903E+00  7.4996E-01  8.8290E-01  2.0440E+00  1.6313E+00  4.1273E-01  9.5492E-01
  6.0000E+00  3.4400E+02  0.0000E+00  1.6170E+00  0.0000E+00  0.0000E+00  3.0000E+00  1.6402E+00  3.8033E+00  3.7507E+01  1.2627E+00  1.7287E+00  1.6150E+00  1.6170E+00  1.2881E+00  3.2894E-01  1.6554E+00
  6.0000E+00  3.4800E+02  0.0000E+00  9.6000E-01  0.0000E+00  0.0000E+00  3.0000E+00  1.6402E+00  3.8033E+00  3.7507E+01  8.4167E-01  5.7733E-01  3.6847E-01  9.6000E-01  1.0021E+00 -4.2125E-02  3.8289E-01
  6.0000E+00  3.6000E+02  0.0000E+00  3.0100E-01  0.0000E+00  0.0000E+00  3.0000E+00  1.6402E+00  3.8033E+00  3.7507E+01  2.4928E-01  2.5237E-01  7.2335E-02  3.0100E-01  4.7161E-01 -1.7061E-01  2.1375E-01
  7.0000E+00  0.0000E+00  1.0000E+02  0.0000E+00  1.0000E+00  1.0000E+00  1.0000E+00  9.8364E-01  3.4566E+00  5.2325E+01  0.0000E+00  0.0000E+00  0.0000E+00  0.0000E+00  0.0000E+00  0.0000E+00  0.0000E+00
  7.0000E+00  5.0000E-01  0.0000E+00  5.1400E-01  0.0000E+00  0.0000E+00  1.0000E+00  9.8364E-01  3.4566E+00  5.2325E+01  7.2933E-01 -1.0506E+00 -1.1394E+00  5.1400E-01  8.4144E-01 -3.2744E-01 -1.1207E+00
  7.0000E+00  1.0000E+00  0.0000E+00  8.0100E-01  0.0000E+00  0.0000E+00  1.0000E+00  9.8364E-01  3.4566E+00  5.2325E+01  1.1516E+00 -1.7108E+00 -1.8265E+00  8.0100E-01  1.2983E+00 -4.9735E-01 -1.8117E+00
  7.0000E+00  2.0000E+00  0.0000E+00  1.1890E+00  0.0000E+00  0.0000E+00  1.0000E+00  9.8364E-01  3.4566E+00  5.2325E+01  1.5087E+00 -1.5597E+00 -1.6648E+00  1.1890E+00  1.6470E+00 -4.5797E-01 -1.6627E+00
  7.0000E+00  4.0000E+00  0.0000E+00  1.4120E+00  0.0000E+00  0.0000E+00  1.0000E+00  9.8364E-01  3.4566E+00  5.2325E+01  1.5329E+00 -5.8996E-01 -6.5481E-01  1.4120E+00  1.6312E+00 -2.1923E-01 -6.5504E-01
  7.0000E+00  8.0000E+00  0.0000E+00  1.1460E+00  0.0000E+00  0.0000E+00  1.0000E+00  9.8364E-01  3.4566E+00  5.2325E+01  1.2069E+00 -2.9729E-01 -3.4525E-01  1.1460E+00  1.2880E+00 -1.4203E-01 -3.4551E-01
  7.0000E+00  1.2000E+01  0.0000E+00  7.8400E-01  0.0000E+00  0.0000E+00  1.0000E+00  9.8364E-01  3.4566E+00  5.2325E+01  9.2725E-01 -6.9896E-01 -7.4355E-01  7.8400E-01  1.0021E+00 -2.1810E-01 -7.4730E-01
  7.0000E+00  2.4000E+01  0.0000E+00  3.7700E-01  0.0000E+00  0.0000E+00  1.0000E+00  9.8364E-01  3.4566E+00  5.2325E+01  4.1969E-01 -2.0831E-01 -2.3972E-01  3.7700E-01  4.7160E-01 -9.4599E-02 -2.4547E-01
  7.0000E+00  1.6800E+02  1.0000E+02  0.0000E+00  1.0000E+00  1.0000E+00  2.0000E+00  9.8364E-01  3.4566E+00  5.2325E+01  3.1020E-05 -1.5135E-04  0.0000E+00  0.0000E+00  5.5655E-05  0.0000E+00  0.0000E+00
  7.0000E+00  1.6850E+02  0.0000E+00  7.0800E-01  0.0000E+00  0.0000E+00  2.0000E+00  9.8364E-01  3.4566E+00  5.2325E+01  7.2936E-01 -1.0424E-01 -1.9304E-01  7.0800E-01  8.4149E-01 -1.3349E-01 -1.7430E-01
  7.0000E+00  1.6900E+02  0.0000E+00  1.3780E+00  0.0000E+00  0.0000E+00  2.0000E+00  9.8364E-01  3.4566E+00  5.2325E+01  1.1517E+00  1.1043E+00  9.8863E-01  1.3780E+00  1.2984E+00  7.9602E-02  1.0035E+00
  7.0000E+00  1.7000E+02  0.0000E+00  1.4980E+00  0.0000E+00  0.0000E+00  2.0000E+00  9.8364E-01  3.4566E+00  5.2325E+01  1.5087E+00 -5.2177E-02 -1.5731E-01  1.4980E+00  1.6470E+00 -1.4901E-01 -1.5515E-01
  7.0000E+00  1.7200E+02  0.0000E+00  1.5800E+00  0.0000E+00  0.0000E+00  2.0000E+00  9.8364E-01  3.4566E+00  5.2325E+01  1.5329E+00  2.2962E-01  1.6476E-01  1.5800E+00  1.6313E+00 -5.1274E-02  1.6454E-01
  7.0000E+00  1.7600E+02  0.0000E+00  1.0820E+00  0.0000E+00  0.0000E+00  2.0000E+00  9.8364E-01  3.4566E+00  5.2325E+01  1.2069E+00 -6.0964E-01 -6.5761E-01  1.0820E+00  1.2881E+00 -2.0606E-01 -6.5786E-01
  7.0000E+00  1.8000E+02  0.0000E+00  8.2300E-01  0.0000E+00  0.0000E+00  2.0000E+00  9.8364E-01  3.4566E+00  5.2325E+01  9.2727E-01 -5.0874E-01 -5.5334E-01  8.2300E-01  1.0021E+00 -1.7913E-01 -5.5708E-01
  7.0000E+00  1.9200E+02  0.0000E+00  4.2900E-01  0.0000E+00  0.0000E+00  2.0000E+00  9.8364E-01  3.4566E+00  5.2325E+01  4.1970E-01  4.5380E-02  1.3967E-02  4.2900E-01  4.7161E-01 -4.2612E-02  8.2188E-03
  7.0000E+00  3.3600E+02  1.0000E+02  0.0000E+00  1.0000E+00  1.0000E+00  3.0000E+00  9.8364E-01  3.4566E+00  5.2325E+01  3.1020E-05 -1.5135E-04  0.0000E+00  0.0000E+00  5.5656E-05  0.0000E+00  0.0000E+00
  7.0000E+00  3.3650E+02  0.0000E+00  8.8800E-01  0.0000E+00  0.0000E+00  3.0000E+00  9.8364E-01  3.4566E+00  5.2325E+01  7.2936E-01  7.7401E-01  6.8521E-01  8.8800E-01  8.4149E-01  4.6507E-02  7.0395E-01
  7.0000E+00  3.3700E+02  0.0000E+00  1.2710E+00  0.0000E+00  0.0000E+00  3.0000E+00  9.8364E-01  3.4566E+00  5.2325E+01  1.1517E+00  5.8226E-01  4.6656E-01  1.2710E+00  1.2984E+00 -2.7398E-02  4.8140E-01
  7.0000E+00  3.3800E+02  0.0000E+00  1.7940E+00  0.0000E+00  0.0000E+00  3.0000E+00  9.8364E-01  3.4566E+00  5.2325E+01  1.5087E+00  1.3921E+00  1.2869E+00  1.7940E+00  1.6470E+00  1.4699E-01  1.2891E+00
  7.0000E+00  3.4000E+02  0.0000E+00  1.8860E+00  0.0000E+00  0.0000E+00  3.0000E+00  9.8364E-01  3.4566E+00  5.2325E+01  1.5329E+00  1.7226E+00  1.6578E+00  1.8860E+00  1.6313E+00  2.5473E-01  1.6576E+00
  7.0000E+00  3.4400E+02  0.0000E+00  1.1410E+00  0.0000E+00  0.0000E+00  3.0000E+00  9.8364E-01  3.4566E+00  5.2325E+01  1.2069E+00 -3.2177E-01 -3.6974E-01  1.1410E+00  1.2881E+00 -1.4706E-01 -3.6999E-01
  7.0000E+00  3.4800E+02  0.0000E+00  9.7800E-01  0.0000E+00  0.0000E+00  3.0000E+00  9.8364E-01  3.4566E+00  5.2325E+01  9.2727E-01  2.4753E-01  2.0293E-01  9.7800E-01  1.0021E+00 -2.4125E-02  1.9919E-01
  7.0000E+00  3.6000E+02  0.0000E+00  7.3500E-01  0.0000E+00  0.0000E+00  3.0000E+00  9.8364E-01  3.4566E+00  5.2325E+01  4.1970E-01  1.5384E+00  1.5070E+00  7.3500E-01  4.7161E-01  2.6339E-01  1.5012E+00
  8.0000E+00  0.0000E+00  1.0000E+02  0.0000E+00  1.0000E+00  1.0000E+00  1.0000E+00  1.5597E+00  3.2835E+00  4.8014E+01  0.0000E+00  0.0000E+00  0.0000E+00  0.0000E+00  0.0000E+00  0.0000E+00  0.0000E+00
  8.0000E+00  5.0000E-01  0.0000E+00  1.1710E+00  0.0000E+00  0.0000E+00  1.0000E+00  1.5597E+00  3.2835E+00  4.8014E+01  1.1064E+00  3.1534E-01  5.8554E-01  1.1710E+00  8.4144E-01  3.2956E-01  6.5173E-01
  8.0000E+00  1.0000E+00  0.0000E+00  1.2470E+00  0.0000E+00  0.0000E+00  1.0000E+00  1.5597E+00  3.2835E+00  4.8014E+01  1.5764E+00 -1.6072E+00 -1.3792E+00  1.2470E+00  1.2983E+00 -5.1346E-02 -1.3556E+00
  8.0000E+00  2.0000E+00  0.0000E+00  2.1080E+00  0.0000E+00  0.0000E+00  1.0000E+00  1.5597E+00  3.2835E+00  4.8014E+01  1.8036E+00  1.4854E+00  1.5416E+00  2.1080E+00  1.6470E+00  4.6103E-01  1.5141E+00
  8.0000E+00  4.0000E+00  0.0000E+00  1.3240E+00  0.0000E+00  0.0000E+00  1.0000E+00  1.5597E+00  3.2835E+00  4.8014E+01  1.6527E+00 -1.6037E+00 -1.6503E+00  1.3240E+00  1.6312E+00 -3.0723E-01 -1.6311E+00
  8.0000E+00  8.0000E+00  0.0000E+00  1.4850E+00  0.0000E+00  0.0000E+00  1.0000E+00  1.5597E+00  3.2835E+00  4.8014E+01  1.2604E+00  1.0959E+00  1.0535E+00  1.4850E+00  1.2880E+00  1.9697E-01  1.0777E+00
  8.0000E+00  1.2000E+01  0.0000E+00  7.4600E-01  0.0000E+00  0.0000E+00  1.0000E+00  1.5597E+00  3.2835E+00  4.8014E+01  9.5875E-01 -1.0381E+00 -1.0696E+00  7.4600E-01  1.0021E+00 -2.5610E-01 -1.0726E+00
  8.0000E+00  2.4000E+01  0.0000E+00  3.9200E-01  0.0000E+00  0.0000E+00  1.0000E+00  1.5597E+00  3.2835E+00  4.8014E+01  4.2200E-01 -1.4636E-01 -1.5919E-01  3.9200E-01  4.7160E-01 -7.9599E-02 -1.8715E-01
  8.0000E+00  1.6800E+02  1.0000E+02  0.0000E+00  1.0000E+00  1.0000E+00  2.0000E+00  1.5597E+00  3.2835E+00  4.8014E+01  2.2312E-05 -1.0887E-04  0.0000E+00  0.0000E+00  5.5655E-05  0.0000E+00  0.0000E+00
  8.0000E+00  1.6850E+02  0.0000E+00  1.2120E+00  0.0000E+00  0.0000E+00  2.0000E+00  1.5597E+00  3.2835E+00  4.8014E+01  1.1064E+00  5.1528E-01  7.8548E-01  1.2120E+00  8.4149E-01  3.7051E-01  8.5169E-01
  8.0000E+00  1.6900E+02  0.0000E+00  1.6730E+00  0.0000E+00  0.0000E+00  2.0000E+00  1.5597E+00  3.2835E+00  4.8014E+01  1.5764E+00  4.7118E-01  6.9926E-01  1.6730E+00  1.2984E+00  3.7460E-01  7.2285E-01
  8.0000E+00  1.7000E+02  0.0000E+00  1.7120E+00  0.0000E+00  0.0000E+00  2.0000E+00  1.5597E+00  3.2835E+00  4.8014E+01  1.8036E+00 -4.4679E-01 -3.9067E-01  1.7120E+00  1.6470E+00  6.4985E-02 -4.1810E-01
  8.0000E+00  1.7200E+02  0.0000E+00  1.9300E+00  0.0000E+00  0.0000E+00  2.0000E+00  1.5597E+00  3.2835E+00  4.8014E+01  1.6527E+00  1.3530E+00  1.3064E+00  1.9300E+00  1.6313E+00  2.9873E-01  1.3256E+00
  8.0000E+00  1.7600E+02  0.0000E+00  1.3330E+00  0.0000E+00  0.0000E+00  2.0000E+00  1.5597E+00  3.2835E+00  4.8014E+01  1.2604E+00  3.5424E-01  3.1177E-01  1.3330E+00  1.2881E+00  4.4937E-02  3.3599E-01
  8.0000E+00  1.8000E+02  0.0000E+00  9.4500E-01  0.0000E+00  0.0000E+00  2.0000E+00  1.5597E+00  3.2835E+00  4.8014E+01  9.5876E-01 -6.7152E-02 -9.8690E-02  9.4500E-01  1.0021E+00 -5.7125E-02 -1.0171E-01
  8.0000E+00  1.9200E+02  0.0000E+00  4.8700E-01  0.0000E+00  0.0000E+00  2.0000E+00  1.5597E+00  3.2835E+00  4.8014E+01  4.2200E-01  3.1714E-01  3.0431E-01  4.8700E-01  4.7161E-01  1.5388E-02  2.7636E-01
  8.0000E+00  3.3600E+02  1.0000E+02  0.0000E+00  1.0000E+00  1.0000E+00  3.0000E+00  1.5597E+00  3.2835E+00  4.8014E+01  2.2313E-05 -1.0887E-04  0.0000E+00  0.0000E+00  5.5656E-05  0.0000E+00  0.0000E+00
  8.0000E+00  3.3650E+02  0.0000E+00  1.0770E+00  0.0000E+00  0.0000E+00  3.0000E+00  1.5597E+00  3.2835E+00  4.8014E+01  1.1064E+00 -1.4341E-01  1.2679E-01  1.0770E+00  8.4149E-01  2.3551E-01  1.9301E-01
  8.0000E+00  3.3700E+02  0.0000E+00  1.7280E+00  0.0000E+00  0.0000E+00  3.0000E+00  1.5597E+00  3.2835E+00  4.8014E+01  1.5764E+00  7.3953E-01  9.6762E-01  1.7280E+00  1.2984E+00  4.2960E-01  9.9120E-01
  8.0000E+00  3.3800E+02  0.0000E+00  1.7200E+00  0.0000E+00  0.0000E+00  3.0000E+00  1.5597E+00  3.2835E+00  4.8014E+01  1.8036E+00 -4.0776E-01 -3.5164E-01  1.7200E+00  1.6470E+00  7.2985E-02 -3.7906E-01
  8.0000E+00  3.4000E+02  0.0000E+00  1.4910E+00  0.0000E+00  0.0000E+00  3.0000E+00  1.5597E+00  3.2835E+00  4.8014E+01  1.6527E+00 -7.8895E-01 -8.3553E-01  1.4910E+00  1.6313E+00 -1.4027E-01 -8.1634E-01
  8.0000E+00  3.4400E+02  0.0000E+00  1.1830E+00  0.0000E+00  0.0000E+00  3.0000E+00  1.5597E+00  3.2835E+00  4.8014E+01  1.2604E+00 -3.7763E-01 -4.2010E-01  1.1830E+00  1.2881E+00 -1.0506E-01 -3.9588E-01
  8.0000E+00  3.4800E+02  0.0000E+00  9.8900E-01  0.0000E+00  0.0000E+00  3.0000E+00  1.5597E+00  3.2835E+00  4.8014E+01  9.5876E-01  1.4753E-01  1.1599E-01  9.8900E-01  1.0021E+00 -1.3125E-02  1.1297E-01
  8.0000E+00  3.6000E+02  0.0000E+00  4.7700E-01  0.0000E+00  0.0000E+00  3.0000E+00  1.5597E+00  3.2835E+00  4.8014E+01  4.2200E-01  2.6834E-01  2.5552E-01  4.7700E-01  4.7161E-01  5.3884E-03  2.2756E-01
  9.0000E+00  0.0000E+00  1.0000E+02  0.0000E+00  1.0000E+00  1.0000E+00  1.0000E+00  1.5531E+00  2.3396E+00  6.0386E+01  0.0000E+00  0.0000E+00  0.0000E+00  0.0000E+00  0.0000E+00  0.0000E+00  0.0000E+00
  9.0000E+00  5.0000E-01  0.0000E+00  9.6900E-01  0.0000E+00  0.0000E+00  1.0000E+00  1.5531E+00  2.3396E+00  6.0386E+01  8.8455E-01  4.1205E-01  5.3755E-01  9.6900E-01  8.4144E-01  1.2756E-01  5.4746E-01
  9.0000E+00  1.0000E+00  0.0000E+00  1.4400E+00  0.0000E+00  0.0000E+00  1.0000E+00  1.5531E+00  2.3396E+00  6.0386E+01  1.2745E+00  8.0768E-01  8.0213E-01  1.4400E+00  1.2983E+00  1.4165E-01  8.1701E-01
  9.0000E+00  2.0000E+00  0.0000E+00  1.5510E+00  0.0000E+00  0.0000E+00  1.0000E+00  1.5531E+00  2.3396E+00  6.0386E+01  1.4957E+00  2.6982E-01  3.4885E-02  1.5510E+00  1.6470E+00 -9.5966E-02  7.1441E-02
  9.0000E+00  4.0000E+00  0.0000E+00  1.0460E+00  0.0000E+00  0.0000E+00  1.0000E+00  1.5531E+00  2.3396E+00  6.0386E+01  1.4511E+00 -1.9767E+00 -2.2564E+00  1.0460E+00  1.6312E+00 -5.8523E-01 -2.1842E+00
  9.0000E+00  8.0000E+00  0.0000E+00  1.1650E+00  0.0000E+00  0.0000E+00  1.0000E+00  1.5531E+00  2.3396E+00  6.0386E+01  1.2457E+00 -3.9383E-01 -5.0320E-01  1.1650E+00  1.2880E+00 -1.2303E-01 -4.6756E-01
  9.0000E+00  1.2000E+01  0.0000E+00  1.0400E+00  0.0000E+00  0.0000E+00  1.0000E+00  1.5531E+00  2.3396E+00  6.0386E+01  1.0669E+00 -1.3115E-01 -1.0291E-01  1.0400E+00  1.0021E+00  3.7901E-02 -9.3841E-02
  9.0000E+00  2.4000E+01  0.0000E+00  6.9000E-01  0.0000E+00  0.0000E+00  1.0000E+00  1.5531E+00  2.3396E+00  6.0386E+01  6.7019E-01  9.6652E-02  3.4424E-01  6.9000E-01  4.7160E-01  2.1840E-01  3.9191E-01
  9.0000E+00  1.6800E+02  1.0000E+02  0.0000E+00  1.0000E+00  1.0000E+00  2.0000E+00  1.5531E+00  2.3396E+00  6.0386E+01  2.5304E-03 -1.2346E-02  0.0000E+00  0.0000E+00  5.5655E-05  0.0000E+00  0.0000E+00
  9.0000E+00  1.6850E+02  0.0000E+00  7.2700E-01  0.0000E+00  0.0000E+00  2.0000E+00  1.5531E+00  2.3396E+00  6.0386E+01  8.8703E-01 -7.8081E-01 -6.4415E-01  7.2700E-01  8.4149E-01 -1.1449E-01 -6.3438E-01
  9.0000E+00  1.6900E+02  0.0000E+00  1.1430E+00  0.0000E+00  0.0000E+00  2.0000E+00  1.5531E+00  2.3396E+00  6.0386E+01  1.2769E+00 -6.5331E-01 -6.4787E-01  1.1430E+00  1.2984E+00 -1.5540E-01 -6.3315E-01
  9.0000E+00  1.7000E+02  0.0000E+00  1.5350E+00  0.0000E+00  0.0000E+00  2.0000E+00  1.5531E+00  2.3396E+00  6.0386E+01  1.4980E+00  1.8033E-01 -4.3971E-02  1.5350E+00  1.6470E+00 -1.1201E-01 -7.6216E-03
  9.0000E+00  1.7200E+02  0.0000E+00  1.3080E+00  0.0000E+00  0.0000E+00  2.0000E+00  1.5531E+00  2.3396E+00  6.0386E+01  1.4533E+00 -7.0898E-01 -9.7868E-01  1.3080E+00  1.6313E+00 -3.2327E-01 -9.0672E-01
  9.0000E+00  1.7600E+02  0.0000E+00  1.4020E+00  0.0000E+00  0.0000E+00  2.0000E+00  1.5531E+00  2.3396E+00  6.0386E+01  1.2476E+00  7.5348E-01  6.5285E-01  1.4020E+00  1.2881E+00  1.1394E-01  6.8809E-01
  9.0000E+00  1.8000E+02  0.0000E+00  1.0440E+00  0.0000E+00  0.0000E+00  2.0000E+00  1.5531E+00  2.3396E+00  6.0386E+01  1.0685E+00 -1.1939E-01 -8.3473E-02  1.0440E+00  1.0021E+00  4.1875E-02 -7.4882E-02
  9.0000E+00  1.9200E+02  0.0000E+00  8.4400E-01  0.0000E+00  0.0000E+00  2.0000E+00  1.5531E+00  2.3396E+00  6.0386E+01  6.7119E-01  8.4317E-01  1.0959E+00  8.4400E-01  4.7161E-01  3.7239E-01  1.1430E+00
  9.0000E+00  3.3600E+02  1.0000E+02  0.0000E+00  1.0000E+00  1.0000E+00  3.0000E+00  1.5531E+00  2.3396E+00  6.0386E+01  2.5342E-03 -1.2365E-02  0.0000E+00  0.0000E+00  5.5656E-05  0.0000E+00  0.0000E+00
  9.0000E+00  3.3650E+02  0.0000E+00  1.0750E+00  0.0000E+00  0.0000E+00  3.0000E+00  1.5531E+00  2.3396E+00  6.0386E+01  8.8703E-01  9.1712E-01  1.0538E+00  1.0750E+00  8.4149E-01  2.3351E-01  1.0636E+00
  9.0000E+00  3.3700E+02  0.0000E+00  1.2010E+00  0.0000E+00  0.0000E+00  3.0000E+00  1.5531E+00  2.3396E+00  6.0386E+01  1.2769E+00 -3.7033E-01 -3.6486E-01  1.2010E+00  1.2984E+00 -9.7398E-02 -3.5016E-01
  9.0000E+00  3.3800E+02  0.0000E+00  1.5940E+00  0.0000E+00  0.0000E+00  3.0000E+00  1.5531E+00  2.3396E+00  6.0386E+01  1.4980E+00  4.6818E-01  2.4391E-01  1.5940E+00  1.6470E+00 -5.3015E-02  2.8025E-01
  9.0000E+00  3.4000E+02  0.0000E+00  1.5040E+00  0.0000E+00  0.0000E+00  3.0000E+00  1.5531E+00  2.3396E+00  6.0386E+01  1.4533E+00  2.4732E-01 -2.2357E-02  1.5040E+00  1.6313E+00 -1.2727E-01  4.9595E-02
  9.0000E+00  3.4400E+02  0.0000E+00  1.2420E+00  0.0000E+00  0.0000E+00  3.0000E+00  1.5531E+00  2.3396E+00  6.0386E+01  1.2476E+00 -2.7201E-02 -1.2780E-01  1.2420E+00  1.2881E+00 -4.6063E-02 -9.2570E-02
  9.0000E+00  3.4800E+02  0.0000E+00  1.1720E+00  0.0000E+00  0.0000E+00  3.0000E+00  1.5531E+00  2.3396E+00  6.0386E+01  1.0685E+00  5.0513E-01  5.4107E-01  1.1720E+00  1.0021E+00  1.6987E-01  5.4965E-01
  9.0000E+00  3.6000E+02  0.0000E+00  5.8700E-01  0.0000E+00  0.0000E+00  3.0000E+00  1.5531E+00  2.3396E+00  6.0386E+01  6.7119E-01 -4.1078E-01 -1.5801E-01  5.8700E-01  4.7161E-01  1.1539E-01 -1.1092E-01
  1.0000E+01  0.0000E+00  1.0000E+02  0.0000E+00  1.0000E+00  1.0000E+00  1.0000E+00  1.4091E+00  1.6551E+00  4.8823E+01  0.0000E+00  0.0000E+00  0.0000E+00  0.0000E+00  0.0000E+00  0.0000E+00  0.0000E+00
  1.0000E+01  5.0000E-01  0.0000E+00  1.0220E+00  0.0000E+00  0.0000E+00  1.0000E+00  1.4091E+00  1.6551E+00  4.8823E+01  1.0260E+00 -1.9478E-02  1.4697E-01  1.0220E+00  8.4144E-01  1.8056E-01  1.4211E-01
  1.0000E+01  1.0000E+00  0.0000E+00  1.5940E+00  0.0000E+00  0.0000E+00  1.0000E+00  1.4091E+00  1.6551E+00  4.8823E+01  1.5159E+00  3.8097E-01  5.2295E-01  1.5940E+00  1.2983E+00  2.9565E-01  5.1575E-01
  1.0000E+01  2.0000E+00  0.0000E+00  2.0820E+00  0.0000E+00  0.0000E+00  1.0000E+00  1.4091E+00  1.6551E+00  4.8823E+01  1.8358E+00  1.2012E+00  1.2371E+00  2.0820E+00  1.6470E+00  4.3503E-01  1.2499E+00
  1.0000E+01  4.0000E+00  0.0000E+00  1.9000E+00  0.0000E+00  0.0000E+00  1.0000E+00  1.4091E+00  1.6551E+00  4.8823E+01  1.8251E+00  3.6552E-01  3.7609E-01  1.9000E+00  1.6312E+00  2.6877E-01  4.1604E-01
  1.0000E+01  8.0000E+00  0.0000E+00  1.3910E+00  0.0000E+00  0.0000E+00  1.0000E+00  1.4091E+00  1.6551E+00  4.8823E+01  1.6002E+00 -1.0205E+00 -8.8517E-01  1.3910E+00  1.2880E+00  1.0297E-01 -8.8158E-01
  1.0000E+01  1.2000E+01  0.0000E+00  1.2160E+00  0.0000E+00  0.0000E+00  1.0000E+00  1.4091E+00  1.6551E+00  4.8823E+01  1.3973E+00 -8.8445E-01 -6.4548E-01  1.2160E+00  1.0021E+00  2.1390E-01 -6.3451E-01
  1.0000E+01  2.4000E+01  0.0000E+00  9.5500E-01  0.0000E+00  0.0000E+00  1.0000E+00  1.4091E+00  1.6551E+00  4.8823E+01  9.3028E-01  1.2063E-01  5.2117E-01  9.5500E-01  4.7160E-01  4.8340E-01  7.1648E-01
  1.0000E+01  1.6800E+02  1.0000E+02  0.0000E+00  1.0000E+00  1.0000E+00  2.0000E+00  1.4091E+00  1.6551E+00  4.8823E+01  7.0565E-03 -3.4430E-02  0.0000E+00  0.0000E+00  5.5655E-05  0.0000E+00  0.0000E+00
  1.0000E+01  1.6850E+02  0.0000E+00  1.1450E+00  0.0000E+00  0.0000E+00  2.0000E+00  1.4091E+00  1.6551E+00  4.8823E+01  1.0329E+00  5.4681E-01  7.3792E-01  1.1450E+00  8.4149E-01  3.0351E-01  7.4062E-01
  1.0000E+01  1.6900E+02  0.0000E+00  1.5190E+00  0.0000E+00  0.0000E+00  2.0000E+00  1.4091E+00  1.6551E+00  4.8823E+01  1.5227E+00 -1.8247E-02  1.4806E-01  1.5190E+00  1.2984E+00  2.2060E-01  1.4824E-01
  1.0000E+01  1.7000E+02  0.0000E+00  1.7940E+00  0.0000E+00  0.0000E+00  2.0000E+00  1.4091E+00  1.6551E+00  4.8823E+01  1.8424E+00 -2.3618E-01 -1.7665E-01  1.7940E+00  1.6470E+00  1.4699E-01 -1.5681E-01
  1.0000E+01  1.7200E+02  0.0000E+00  1.6120E+00  0.0000E+00  0.0000E+00  2.0000E+00  1.4091E+00  1.6551E+00  4.8823E+01  1.8312E+00 -1.0697E+00 -1.0368E+00  1.6120E+00  1.6313E+00 -1.9274E-02 -9.9048E-01
  1.0000E+01  1.7600E+02  0.0000E+00  1.4070E+00  0.0000E+00  0.0000E+00  2.0000E+00  1.4091E+00  1.6551E+00  4.8823E+01  1.6055E+00 -9.6870E-01 -8.1336E-01  1.4070E+00  1.2881E+00  1.1894E-01 -8.0456E-01
  1.0000E+01  1.8000E+02  0.0000E+00  1.3550E+00  0.0000E+00  0.0000E+00  2.0000E+00  1.4091E+00  1.6551E+00  4.8823E+01  1.4020E+00 -2.2917E-01  2.7674E-02  1.3550E+00  1.0021E+00  3.5287E-01  4.2854E-02
  1.0000E+01  1.9200E+02  0.0000E+00  1.3380E+00  0.0000E+00  0.0000E+00  2.0000E+00  1.4091E+00  1.6551E+00  4.8823E+01  9.3340E-01  1.9741E+00  2.3873E+00  1.3380E+00  4.7161E-01  8.6639E-01  2.5848E+00
  1.0000E+01  3.3600E+02  1.0000E+02  0.0000E+00  1.0000E+00  1.0000E+00  3.0000E+00  1.4091E+00  1.6551E+00  4.8823E+01  7.0802E-03 -3.4545E-02  0.0000E+00  0.0000E+00  5.5656E-05  0.0000E+00  0.0000E+00
  1.0000E+01  3.3650E+02  0.0000E+00  8.9400E-01  0.0000E+00  0.0000E+00  3.0000E+00  1.4091E+00  1.6551E+00  4.8823E+01  1.0330E+00 -6.7797E-01 -4.8669E-01  8.9400E-01  8.4149E-01  5.2507E-02 -4.8405E-01
  1.0000E+01  3.3700E+02  0.0000E+00  1.5130E+00  0.0000E+00  0.0000E+00  3.0000E+00  1.4091E+00  1.6551E+00  4.8823E+01  1.5228E+00 -4.7634E-02  1.1884E-01  1.5130E+00  1.2984E+00  2.1460E-01  1.1896E-01
  1.0000E+01  3.3800E+02  0.0000E+00  1.7050E+00  0.0000E+00  0.0000E+00  3.0000E+00  1.4091E+00  1.6551E+00  4.8823E+01  1.8424E+00 -6.7053E-01 -6.1085E-01  1.7050E+00  1.6470E+00  5.7985E-02 -5.9105E-01
  1.0000E+01  3.4000E+02  0.0000E+00  2.3470E+00  0.0000E+00  0.0000E+00  3.0000E+00  1.4091E+00  1.6551E+00  4.8823E+01  1.8313E+00  2.5163E+00  2.5494E+00  2.3470E+00  1.6313E+00  7.1573E-01  2.5957E+00
  1.0000E+01  3.4400E+02  0.0000E+00  1.3700E+00  0.0000E+00  0.0000E+00  3.0000E+00  1.4091E+00  1.6551E+00  4.8823E+01  1.6056E+00 -1.1493E+00 -9.9384E-01  1.3700E+00  1.2881E+00  8.1937E-02 -9.8509E-01
  1.0000E+01  3.4800E+02  0.0000E+00  1.5710E+00  0.0000E+00  0.0000E+00  3.0000E+00  1.4091E+00  1.6551E+00  4.8823E+01  1.4020E+00  8.2465E-01  1.0816E+00  1.5710E+00  1.0021E+00  5.6887E-01  1.0967E+00
  1.0000E+01  3.6000E+02  0.0000E+00  8.9200E-01  0.0000E+00  0.0000E+00  3.0000E+00  1.4091E+00  1.6551E+00  4.8823E+01  9.3341E-01 -2.0207E-01  2.1126E-01  8.9200E-01  4.7161E-01  4.2039E-01  4.0868E-01
  1.1000E+01  0.0000E+00  1.0000E+02  0.0000E+00  1.0000E+00  1.0000E+00  1.0000E+00  1.4532E+00  1.7530E+00  6.6980E+01  0.0000E+00  0.0000E+00  0.0000E+00  0.0000E+00  0.0000E+00  0.0000E+00  0.0000E+00
  1.1000E+01  5.0000E-01  0.0000E+00  9.0100E-01  0.0000E+00  0.0000E+00  1.0000E+00  1.4532E+00  1.7530E+00  6.6980E+01  7.6542E-01  6.6154E-01  6.5747E-01  9.0100E-01  8.4144E-01  5.9561E-02  6.1872E-01
  1.1000E+01  1.0000E+00  0.0000E+00  1.5200E+00  0.0000E+00  0.0000E+00  1.0000E+00  1.4532E+00  1.7530E+00  6.6980E+01  1.1256E+00  1.9244E+00  1.7651E+00  1.5200E+00  1.2983E+00  2.2165E-01  1.7869E+00
  1.1000E+01  2.0000E+00  0.0000E+00  1.3770E+00  0.0000E+00  0.0000E+00  1.0000E+00  1.4532E+00  1.7530E+00  6.6980E+01  1.3597E+00  8.4366E-02 -3.0544E-01  1.3770E+00  1.6470E+00 -2.6997E-01 -1.5302E-01
  1.1000E+01  4.0000E+00  0.0000E+00  1.1790E+00  0.0000E+00  0.0000E+00  1.0000E+00  1.4532E+00  1.7530E+00  6.6980E+01  1.3647E+00 -9.0610E-01 -1.3362E+00  1.1790E+00  1.6312E+00 -4.5223E-01 -1.1448E+00
  1.1000E+01  8.0000E+00  0.0000E+00  1.3640E+00  0.0000E+00  0.0000E+00  1.0000E+00  1.4532E+00  1.7530E+00  6.6980E+01  1.2331E+00  6.3848E-01  4.1730E-01  1.3640E+00  1.2880E+00  7.5970E-02  4.4281E-01
  1.1000E+01  1.2000E+01  0.0000E+00  1.1060E+00  0.0000E+00  0.0000E+00  1.0000E+00  1.4532E+00  1.7530E+00  6.6980E+01  1.1106E+00 -2.2352E-02 -5.7036E-02  1.1060E+00  1.0021E+00  1.0390E-01 -1.0700E-01
  1.1000E+01  2.4000E+01  0.0000E+00  9.4400E-01  0.0000E+00  0.0000E+00  1.0000E+00  1.4532E+00  1.7530E+00  6.6980E+01  8.1124E-01  6.4775E-01  9.8314E-01  9.4400E-01  4.7160E-01  4.7240E-01  1.0667E+00
  1.1000E+01  1.6800E+02  1.0000E+02  0.0000E+00  1.0000E+00  1.0000E+00  2.0000E+00  1.4532E+00  1.7530E+00  6.6980E+01  1.8721E-02 -9.1345E-02  0.0000E+00  0.0000E+00  5.5655E-05  0.0000E+00  0.0000E+00
  1.1000E+01  1.6850E+02  0.0000E+00  6.5400E-01  0.0000E+00  0.0000E+00  2.0000E+00  1.4532E+00  1.7530E+00  6.6980E+01  7.8389E-01 -6.3377E-01 -5.3126E-01  6.5400E-01  8.4149E-01 -1.8749E-01 -5.8814E-01
  1.1000E+01  1.6900E+02  0.0000E+00  1.1930E+00  0.0000E+00  0.0000E+00  2.0000E+00  1.4532E+00  1.7530E+00  6.6980E+01  1.1438E+00  2.3992E-01  1.8614E-01  1.1930E+00  1.2984E+00 -1.0540E-01  1.8977E-01
  1.1000E+01  1.7000E+02  0.0000E+00  1.3200E+00  0.0000E+00  0.0000E+00  2.0000E+00  1.4532E+00  1.7530E+00  6.6980E+01  1.3775E+00 -2.8043E-01 -5.6677E-01  1.3200E+00  1.6470E+00 -3.2701E-01 -4.3271E-01
  1.1000E+01  1.7200E+02  0.0000E+00  1.1570E+00  0.0000E+00  0.0000E+00  2.0000E+00  1.4532E+00  1.7530E+00  6.6980E+01  1.3816E+00 -1.0957E+00 -1.4263E+00  1.1570E+00  1.6313E+00 -4.7427E-01 -1.2535E+00
  1.1000E+01  1.7600E+02  0.0000E+00  1.1210E+00  0.0000E+00  0.0000E+00  2.0000E+00  1.4532E+00  1.7530E+00  6.6980E+01  1.2483E+00 -6.2124E-01 -7.5062E-01  1.1210E+00  1.2881E+00 -1.6706E-01 -7.4393E-01
  1.1000E+01  1.8000E+02  0.0000E+00  1.0910E+00  0.0000E+00  0.0000E+00  2.0000E+00  1.4532E+00  1.7530E+00  6.6980E+01  1.1243E+00 -1.6226E-01 -1.1224E-01  1.0910E+00  1.0021E+00  8.8875E-02 -1.8107E-01
  1.1000E+01  1.9200E+02  0.0000E+00  1.0510E+00  0.0000E+00  0.0000E+00  2.0000E+00  1.4532E+00  1.7530E+00  6.6980E+01  8.2123E-01  1.1211E+00  1.5228E+00  1.0510E+00  4.7161E-01  5.7939E-01  1.5884E+00
  1.1000E+01  3.3600E+02  1.0000E+02  0.0000E+00  1.0000E+00  1.0000E+00  3.0000E+00  1.4532E+00  1.7530E+00  6.6980E+01  1.8952E-02 -9.2469E-02  0.0000E+00  0.0000E+00  5.5656E-05  0.0000E+00  0.0000E+00
  1.1000E+01  3.3650E+02  0.0000E+00  6.5800E-01  0.0000E+00  0.0000E+00  3.0000E+00  1.4532E+00  1.7530E+00  6.6980E+01  7.8412E-01 -6.1536E-01 -5.1012E-01  6.5800E-01  8.4149E-01 -1.8349E-01 -5.6862E-01
  1.1000E+01  3.3700E+02  0.0000E+00  9.9500E-01  0.0000E+00  0.0000E+00  3.0000E+00  1.4532E+00  1.7530E+00  6.6980E+01  1.1441E+00 -7.2724E-01 -7.7833E-01  9.9500E-01  1.2984E+00 -3.0340E-01 -7.7630E-01
  1.1000E+01  3.3800E+02  0.0000E+00  1.3670E+00  0.0000E+00  0.0000E+00  3.0000E+00  1.4532E+00  1.7530E+00  6.6980E+01  1.3777E+00 -5.2179E-02 -3.3589E-01  1.3670E+00  1.6470E+00 -2.8001E-01 -2.0339E-01
  1.1000E+01  3.4000E+02  0.0000E+00  1.2380E+00  0.0000E+00  0.0000E+00  3.0000E+00  1.4532E+00  1.7530E+00  6.6980E+01  1.3818E+00 -7.0151E-01 -1.0296E+00  1.2380E+00  1.6313E+00 -3.9327E-01 -8.5829E-01
  1.1000E+01  3.4400E+02  0.0000E+00  1.2700E+00  0.0000E+00  0.0000E+00  3.0000E+00  1.4532E+00  1.7530E+00  6.6980E+01  1.2485E+00  1.0484E-01 -2.2244E-02  1.2700E+00  1.2881E+00 -1.8063E-02 -1.6942E-02
  1.1000E+01  3.4800E+02  0.0000E+00  1.1400E+00  0.0000E+00  0.0000E+00  3.0000E+00  1.4532E+00  1.7530E+00  6.6980E+01  1.1244E+00  7.5993E-02  1.2810E-01  1.1400E+00  1.0021E+00  1.3787E-01  5.8005E-02
  1.1000E+01  3.6000E+02  0.0000E+00  8.5600E-01  0.0000E+00  0.0000E+00  3.0000E+00  1.4532E+00  1.7530E+00  6.6980E+01  8.2135E-01  1.6905E-01  5.7233E-01  8.5600E-01  4.7161E-01  3.8439E-01  6.3693E-01
  1.2000E+01  0.0000E+00  1.0000E+02  0.0000E+00  1.0000E+00  1.0000E+00  1.0000E+00  1.9243E+00  5.4650E+00  6.0488E+01  0.0000E+00  0.0000E+00  0.0000E+00  0.0000E+00  0.0000E+00  0.0000E+00  0.0000E+00
  1.2000E+01  5.0000E-01  0.0000E+00  9.6000E-01  0.0000E+00  0.0000E+00  1.0000E+00  1.9243E+00  5.4650E+00  6.0488E+01  9.9529E-01 -1.7217E-01  8.7639E-02  9.6000E-01  8.4144E-01  1.1856E-01  3.0541E-01
  1.2000E+01  1.0000E+00  0.0000E+00  8.7500E-01  0.0000E+00  0.0000E+00  1.0000E+00  1.9243E+00  5.4650E+00  6.0488E+01  1.3316E+00 -2.2278E+00 -2.2318E+00  8.7500E-01  1.2983E+00 -4.2335E-01 -2.0495E+00
  1.2000E+01  2.0000E+00  0.0000E+00  1.1770E+00  0.0000E+00  0.0000E+00  1.0000E+00  1.9243E+00  5.4650E+00  6.0488E+01  1.4109E+00 -1.1414E+00 -1.5064E+00  1.1770E+00  1.6470E+00 -4.6997E-01 -1.4591E+00
  1.2000E+01  4.0000E+00  0.0000E+00  8.7400E-01  0.0000E+00  0.0000E+00  1.0000E+00  1.9243E+00  5.4650E+00  6.0488E+01  1.2078E+00 -1.6284E+00 -2.0559E+00  8.7400E-01  1.6312E+00 -7.5723E-01 -2.0409E+00
  1.2000E+01  8.0000E+00  0.0000E+00  8.5500E-01  0.0000E+00  0.0000E+00  1.0000E+00  1.9243E+00  5.4650E+00  6.0488E+01  8.4199E-01  6.3458E-02 -2.4447E-01  8.5500E-01  1.2880E+00 -4.3303E-01 -2.8024E-01
  1.2000E+01  1.2000E+01  0.0000E+00  6.6400E-01  0.0000E+00  0.0000E+00  1.0000E+00  1.9243E+00  5.4650E+00  6.0488E+01  5.8662E-01  3.7755E-01  1.5892E-01  6.6400E-01  1.0021E+00 -3.3810E-01  9.3218E-02
  1.2000E+01  2.4000E+01  0.0000E+00  1.6500E-01  0.0000E+00  0.0000E+00  1.0000E+00  1.9243E+00  5.4650E+00  6.0488E+01  1.9838E-01 -1.6287E-01 -2.4096E-01  1.6500E-01  4.7160E-01 -3.0660E-01 -2.3208E-01
  1.2000E+01  1.6800E+02  1.0000E+02  0.0000E+00  1.0000E+00  1.0000E+00  2.0000E+00  1.9243E+00  5.4650E+00  6.0488E+01  4.4385E-07 -2.1656E-06  0.0000E+00  0.0000E+00  5.5655E-05  0.0000E+00  0.0000E+00
  1.2000E+01  1.6850E+02  0.0000E+00  1.4820E+00  0.0000E+00  0.0000E+00  2.0000E+00  1.9243E+00  5.4650E+00  6.0488E+01  9.9529E-01  2.3747E+00  2.6346E+00  1.4820E+00  8.4149E-01  6.4051E-01  2.8528E+00
  1.2000E+01  1.6900E+02  0.0000E+00  1.5170E+00  0.0000E+00  0.0000E+00  2.0000E+00  1.9243E+00  5.4650E+00  6.0488E+01  1.3316E+00  9.0465E-01  9.0062E-01  1.5170E+00  1.2984E+00  2.1860E-01  1.0833E+00
  1.2000E+01  1.7000E+02  0.0000E+00  1.4890E+00  0.0000E+00  0.0000E+00  2.0000E+00  1.9243E+00  5.4650E+00  6.0488E+01  1.4109E+00  3.8090E-01  1.5902E-02  1.4890E+00  1.6470E+00 -1.5801E-01  6.3630E-02
  1.2000E+01  1.7200E+02  0.0000E+00  1.4010E+00  0.0000E+00  0.0000E+00  2.0000E+00  1.9243E+00  5.4650E+00  6.0488E+01  1.2078E+00  9.4288E-01  5.1540E-01  1.4010E+00  1.6313E+00 -2.3027E-01  5.3077E-01
  1.2000E+01  1.7600E+02  0.0000E+00  1.0780E+00  0.0000E+00  0.0000E+00  2.0000E+00  1.9243E+00  5.4650E+00  6.0488E+01  8.4199E-01  1.1515E+00  8.4358E-01  1.0780E+00  1.2881E+00 -2.1006E-01  8.0814E-01
  1.2000E+01  1.8000E+02  0.0000E+00  7.0700E-01  0.0000E+00  0.0000E+00  2.0000E+00  1.9243E+00  5.4650E+00  6.0488E+01  5.8662E-01  5.8735E-01  3.6872E-01  7.0700E-01  1.0021E+00 -2.9513E-01  3.0328E-01
  1.2000E+01  1.9200E+02  0.0000E+00  2.6700E-01  0.0000E+00  0.0000E+00  2.0000E+00  1.9243E+00  5.4650E+00  6.0488E+01  1.9838E-01  3.3480E-01  2.5672E-01  2.6700E-01  4.7161E-01 -2.0461E-01  2.6573E-01
  1.2000E+01  3.3600E+02  1.0000E+02  0.0000E+00  1.0000E+00  1.0000E+00  3.0000E+00  1.9243E+00  5.4650E+00  6.0488E+01  4.4385E-07 -2.1656E-06  0.0000E+00  0.0000E+00  5.5656E-05  0.0000E+00  0.0000E+00
  1.2000E+01  3.3650E+02  0.0000E+00  9.6400E-01  0.0000E+00  0.0000E+00  3.0000E+00  1.9243E+00  5.4650E+00  6.0488E+01  9.9529E-01 -1.5265E-01  1.0715E-01  9.6400E-01  8.4149E-01  1.2251E-01  3.2542E-01
  1.2000E+01  3.3700E+02  0.0000E+00  1.3470E+00  0.0000E+00  0.0000E+00  3.0000E+00  1.9243E+00  5.4650E+00  6.0488E+01  1.3316E+00  7.5191E-02  7.1169E-02  1.3470E+00  1.2984E+00  4.8602E-02  2.5389E-01
  1.2000E+01  3.3800E+02  0.0000E+00  1.4110E+00  0.0000E+00  0.0000E+00  3.0000E+00  1.9243E+00  5.4650E+00  6.0488E+01  1.4109E+00  3.2659E-04 -3.6467E-01  1.4110E+00  1.6470E+00 -2.3601E-01 -3.1694E-01
  1.2000E+01  3.4000E+02  0.0000E+00  1.1670E+00  0.0000E+00  0.0000E+00  3.0000E+00  1.9243E+00  5.4650E+00  6.0488E+01  1.2078E+00 -1.9884E-01 -6.2632E-01  1.1670E+00  1.6313E+00 -4.6427E-01 -6.1095E-01
  1.2000E+01  3.4400E+02  0.0000E+00  6.6300E-01  0.0000E+00  0.0000E+00  3.0000E+00  1.9243E+00  5.4650E+00  6.0488E+01  8.4199E-01 -8.7334E-01 -1.1813E+00  6.6300E-01  1.2881E+00 -6.2506E-01 -1.2167E+00
  1.2000E+01  3.4800E+02  0.0000E+00  4.1100E-01  0.0000E+00  0.0000E+00  3.0000E+00  1.9243E+00  5.4650E+00  6.0488E+01  5.8662E-01 -8.5688E-01 -1.0755E+00  4.1100E-01  1.0021E+00 -5.9113E-01 -1.1409E+00
  1.2000E+01  3.6000E+02  0.0000E+00  1.2300E-01  0.0000E+00  0.0000E+00  3.0000E+00  1.9243E+00  5.4650E+00  6.0488E+01  1.9838E-01 -3.6780E-01 -4.4588E-01  1.2300E-01  4.7161E-01 -3.4861E-01 -4.3687E-01
  1.3000E+01  0.0000E+00  1.0000E+02  0.0000E+00  1.0000E+00  1.0000E+00  1.0000E+00  1.5721E+00  2.5410E+00  4.9433E+01  0.0000E+00  0.0000E+00  0.0000E+00  0.0000E+00  0.0000E+00  0.0000E+00  0.0000E+00
  1.3000E+01  5.0000E-01  0.0000E+00  9.6200E-01  0.0000E+00  0.0000E+00  1.0000E+00  1.5721E+00  2.5410E+00  4.9433E+01  1.0853E+00 -6.0179E-01 -3.4373E-01  9.6200E-01  8.4144E-01  1.2056E-01 -2.8867E-01
  1.3000E+01  1.0000E+00  0.0000E+00  1.1890E+00  0.0000E+00  0.0000E+00  1.0000E+00  1.5721E+00  2.5410E+00  4.9433E+01  1.5523E+00 -1.7728E+00 -1.5704E+00  1.1890E+00  1.2983E+00 -1.0935E-01 -1.5523E+00
  1.3000E+01  2.0000E+00  0.0000E+00  1.8510E+00  0.0000E+00  0.0000E+00  1.0000E+00  1.5721E+00  2.5410E+00  4.9433E+01  1.7968E+00  2.6422E-01  2.9154E-01  1.8510E+00  1.6470E+00  2.0403E-01  2.6982E-01
  1.3000E+01  4.0000E+00  0.0000E+00  1.6640E+00  0.0000E+00  0.0000E+00  1.0000E+00  1.5721E+00  2.5410E+00  4.9433E+01  1.6988E+00 -1.6958E-01 -2.0958E-01  1.6640E+00  1.6312E+00  3.2769E-02 -1.8175E-01
  1.3000E+01  8.0000E+00  0.0000E+00  1.4110E+00  0.0000E+00  0.0000E+00  1.0000E+00  1.5721E+00  2.5410E+00  4.9433E+01  1.3862E+00  1.2099E-01  1.5286E-01  1.4110E+00  1.2880E+00  1.2297E-01  1.8378E-01
  1.3000E+01  1.2000E+01  0.0000E+00  1.3460E+00  0.0000E+00  0.0000E+00  1.0000E+00  1.5721E+00  2.5410E+00  4.9433E+01  1.1286E+00  1.0608E+00  1.1466E+00  1.3460E+00  1.0021E+00  3.4390E-01  1.1520E+00
  1.3000E+01  2.4000E+01  0.0000E+00  6.5900E-01  0.0000E+00  0.0000E+00  1.0000E+00  1.5721E+00  2.5410E+00  4.9433E+01  6.0905E-01  2.4372E-01  3.8696E-01  6.5900E-01  4.7160E-01  1.8740E-01  3.7760E-01
  1.3000E+01  1.6800E+02  1.0000E+02  0.0000E+00  1.0000E+00  1.0000E+00  2.0000E+00  1.5721E+00  2.5410E+00  4.9433E+01  3.7159E-04 -1.8130E-03  0.0000E+00  0.0000E+00  5.5655E-05  0.0000E+00  0.0000E+00
  1.3000E+01  1.6850E+02  0.0000E+00  1.4440E+00  0.0000E+00  0.0000E+00  2.0000E+00  1.5721E+00  2.5410E+00  4.9433E+01  1.0857E+00  1.7482E+00  2.0070E+00  1.4440E+00  8.4149E-01  6.0251E-01  2.0624E+00
  1.3000E+01  1.6900E+02  0.0000E+00  1.7000E+00  0.0000E+00  0.0000E+00  2.0000E+00  1.5721E+00  2.5410E+00  4.9433E+01  1.5527E+00  7.1876E-01  9.2188E-01  1.7000E+00  1.2984E+00  4.0160E-01  9.4023E-01
  1.3000E+01  1.7000E+02  0.0000E+00  2.0880E+00  0.0000E+00  0.0000E+00  2.0000E+00  1.5721E+00  2.5410E+00  4.9433E+01  1.7972E+00  1.4189E+00  1.4470E+00  2.0880E+00  1.6470E+00  4.4099E-01  1.4255E+00
  1.3000E+01  1.7200E+02  0.0000E+00  1.5470E+00  0.0000E+00  0.0000E+00  2.0000E+00  1.5721E+00  2.5410E+00  4.9433E+01  1.6991E+00 -7.4191E-01 -7.8125E-01  1.5470E+00  1.6313E+00 -8.4274E-02 -7.5320E-01
  1.3000E+01  1.7600E+02  0.0000E+00  1.1450E+00  0.0000E+00  0.0000E+00  2.0000E+00  1.5721E+00  2.5410E+00  4.9433E+01  1.3864E+00 -1.1781E+00 -1.1456E+00  1.1450E+00  1.2881E+00 -1.4306E-01 -1.1145E+00
  1.3000E+01  1.8000E+02  0.0000E+00  1.0510E+00  0.0000E+00  0.0000E+00  2.0000E+00  1.5721E+00  2.5410E+00  4.9433E+01  1.1288E+00 -3.7954E-01 -2.9328E-01  1.0510E+00  1.0021E+00  4.8875E-02 -2.8774E-01
  1.3000E+01  1.9200E+02  0.0000E+00  6.8100E-01  0.0000E+00  0.0000E+00  2.0000E+00  1.5721E+00  2.5410E+00  4.9433E+01  6.0916E-01  3.5053E-01  4.9404E-01  6.8100E-01  4.7161E-01  2.0939E-01  4.8476E-01
  1.3000E+01  3.3600E+02  1.0000E+02  0.0000E+00  1.0000E+00  1.0000E+00  3.0000E+00  1.5721E+00  2.5410E+00  4.9433E+01  3.7166E-04 -1.8134E-03  0.0000E+00  0.0000E+00  5.5656E-05  0.0000E+00  0.0000E+00
  1.3000E+01  3.3650E+02  0.0000E+00  9.6300E-01  0.0000E+00  0.0000E+00  3.0000E+00  1.5721E+00  2.5410E+00  4.9433E+01  1.0857E+00 -5.9868E-01 -3.3984E-01  9.6300E-01  8.4149E-01  1.2151E-01 -2.8452E-01
  1.3000E+01  3.3700E+02  0.0000E+00  1.7310E+00  0.0000E+00  0.0000E+00  3.0000E+00  1.5721E+00  2.5410E+00  4.9433E+01  1.5527E+00  8.7001E-01  1.0731E+00  1.7310E+00  1.2984E+00  4.3260E-01  1.0915E+00
  1.3000E+01  3.3800E+02  0.0000E+00  1.5650E+00  0.0000E+00  0.0000E+00  3.0000E+00  1.5721E+00  2.5410E+00  4.9433E+01  1.7972E+00 -1.1329E+00 -1.1048E+00  1.5650E+00  1.6470E+00 -8.2015E-02 -1.1263E+00
  1.3000E+01  3.4000E+02  0.0000E+00  1.7220E+00  0.0000E+00  0.0000E+00  3.0000E+00  1.5721E+00  2.5410E+00  4.9433E+01  1.6991E+00  1.1194E-01  7.2603E-02  1.7220E+00  1.6313E+00  9.0726E-02  1.0065E-01
  1.3000E+01  3.4400E+02  0.0000E+00  1.5530E+00  0.0000E+00  0.0000E+00  3.0000E+00  1.5721E+00  2.5410E+00  4.9433E+01  1.3864E+00  8.1263E-01  8.4505E-01  1.5530E+00  1.2881E+00  2.6494E-01  8.7616E-01
  1.3000E+01  3.4800E+02  0.0000E+00  1.0680E+00  0.0000E+00  0.0000E+00  3.0000E+00  1.5721E+00  2.5410E+00  4.9433E+01  1.1288E+00 -2.9659E-01 -2.1033E-01  1.0680E+00  1.0021E+00  6.5875E-02 -2.0479E-01
  1.3000E+01  3.6000E+02  0.0000E+00  5.3200E-01  0.0000E+00  0.0000E+00  3.0000E+00  1.5721E+00  2.5410E+00  4.9433E+01  6.0916E-01 -3.7646E-01 -2.3295E-01  5.3200E-01  4.7161E-01  6.0388E-02 -2.4223E-01
  1.4000E+01  0.0000E+00  1.0000E+02  0.0000E+00  1.0000E+00  1.0000E+00  1.0000E+00  1.1520E+00  4.9967E+00  3.7592E+01  0.0000E+00  0.0000E+00  0.0000E+00  0.0000E+00  0.0000E+00  0.0000E+00  0.0000E+00
  1.4000E+01  5.0000E-01  0.0000E+00  1.3430E+00  0.0000E+00  0.0000E+00  1.0000E+00  1.1520E+00  4.9967E+00  3.7592E+01  1.1233E+00  1.0720E+00  1.2134E+00  1.3430E+00  8.4144E-01  5.0156E-01  1.1979E+00
  1.4000E+01  1.0000E+00  0.0000E+00  2.2330E+00  0.0000E+00  0.0000E+00  1.0000E+00  1.1520E+00  4.9967E+00  3.7592E+01  1.6825E+00  2.6858E+00  2.9444E+00  2.2330E+00  1.2983E+00  9.3465E-01  2.9857E+00
  1.4000E+01  2.0000E+00  0.0000E+00  2.6230E+00  0.0000E+00  0.0000E+00  1.0000E+00  1.1520E+00  4.9967E+00  3.7592E+01  2.0048E+00  3.0162E+00  3.3470E+00  2.6230E+00  1.6470E+00  9.7603E-01  3.4862E+00
  1.4000E+01  4.0000E+00  0.0000E+00  1.7220E+00  0.0000E+00  0.0000E+00  1.0000E+00  1.1520E+00  4.9967E+00  3.7592E+01  1.7370E+00 -7.3388E-02  4.2579E-02  1.7220E+00  1.6312E+00  9.0769E-02  1.4684E-01
  1.4000E+01  8.0000E+00  0.0000E+00  1.3450E+00  0.0000E+00  0.0000E+00  1.0000E+00  1.1520E+00  4.9967E+00  3.7592E+01  1.0380E+00  1.4977E+00  1.1981E+00  1.3450E+00  1.2880E+00  5.6970E-02  1.1133E+00
  1.4000E+01  1.2000E+01  0.0000E+00  7.8900E-01  0.0000E+00  0.0000E+00  1.0000E+00  1.1520E+00  4.9967E+00  3.7592E+01  6.1015E-01  8.7261E-01  4.6385E-01  7.8900E-01  1.0021E+00 -2.1310E-01  3.8739E-01
  1.4000E+01  2.4000E+01  0.0000E+00  1.1700E-01  0.0000E+00  0.0000E+00  1.0000E+00  1.1520E+00  4.9967E+00  3.7592E+01  1.2381E-01 -3.3204E-02 -2.5812E-01  1.1700E-01  4.7160E-01 -3.5460E-01  3.6395E-02
  1.4000E+01  1.6800E+02  1.0000E+02  0.0000E+00  1.0000E+00  1.0000E+00  2.0000E+00  1.1520E+00  4.9967E+00  3.7592E+01  6.0298E-10 -2.9420E-09  0.0000E+00  0.0000E+00  5.5655E-05  0.0000E+00  0.0000E+00
  1.4000E+01  1.6850E+02  0.0000E+00  1.0200E+00  0.0000E+00  0.0000E+00  2.0000E+00  1.1520E+00  4.9967E+00  3.7592E+01  1.1233E+00 -5.0397E-01 -3.6258E-01  1.0200E+00  8.4149E-01  1.7851E-01 -3.7657E-01
  1.4000E+01  1.6900E+02  0.0000E+00  1.7270E+00  0.0000E+00  0.0000E+00  2.0000E+00  1.1520E+00  4.9967E+00  3.7592E+01  1.6825E+00  2.1700E-01  4.7560E-01  1.7270E+00  1.2984E+00  4.2860E-01  5.1828E-01
  1.4000E+01  1.7000E+02  0.0000E+00  2.0490E+00  0.0000E+00  0.0000E+00  2.0000E+00  1.1520E+00  4.9967E+00  3.7592E+01  2.0048E+00  2.1556E-01  5.4635E-01  2.0490E+00  1.6470E+00  4.0199E-01  6.8692E-01
  1.4000E+01  1.7200E+02  0.0000E+00  1.4160E+00  0.0000E+00  0.0000E+00  2.0000E+00  1.1520E+00  4.9967E+00  3.7592E+01  1.7370E+00 -1.5664E+00 -1.4504E+00  1.4160E+00  1.6313E+00 -2.1527E-01 -1.3450E+00
  1.4000E+01  1.7600E+02  0.0000E+00  8.4500E-01  0.0000E+00  0.0000E+00  2.0000E+00  1.1520E+00  4.9967E+00  3.7592E+01  1.0380E+00 -9.4192E-01 -1.2415E+00  8.4500E-01  1.2881E+00 -4.4306E-01 -1.3253E+00
  1.4000E+01  1.8000E+02  0.0000E+00  4.2600E-01  0.0000E+00  0.0000E+00  2.0000E+00  1.1520E+00  4.9967E+00  3.7592E+01  6.1015E-01 -8.9852E-01 -1.3073E+00  4.2600E-01  1.0021E+00 -5.7613E-01 -1.3830E+00
  1.4000E+01  1.9200E+02  0.0000E+00  1.0000E-02  0.0000E+00  0.0000E+00  2.0000E+00  1.1520E+00  4.9967E+00  3.7592E+01  1.2381E-01 -5.5527E-01 -7.8019E-01  1.0000E-02  4.7161E-01 -4.6161E-01 -4.8529E-01
  1.4000E+01  3.3600E+02  1.0000E+02  0.0000E+00  1.0000E+00  1.0000E+00  3.0000E+00  1.1520E+00  4.9967E+00  3.7592E+01  6.0298E-10 -2.9420E-09  0.0000E+00  0.0000E+00  5.5656E-05  0.0000E+00  0.0000E+00
  1.4000E+01  3.3650E+02  0.0000E+00  7.0100E-01  0.0000E+00  0.0000E+00  3.0000E+00  1.1520E+00  4.9967E+00  3.7592E+01  1.1233E+00 -2.0604E+00 -1.9190E+00  7.0100E-01  8.4149E-01 -1.4049E-01 -1.9330E+00
  1.4000E+01  3.3700E+02  0.0000E+00  1.0990E+00  0.0000E+00  0.0000E+00  3.0000E+00  1.1520E+00  4.9967E+00  3.7592E+01  1.6825E+00 -2.8471E+00 -2.5885E+00  1.0990E+00  1.2984E+00 -1.9940E-01 -2.5458E+00
  1.4000E+01  3.3800E+02  0.0000E+00  1.8780E+00  0.0000E+00  0.0000E+00  3.0000E+00  1.1520E+00  4.9967E+00  3.7592E+01  2.0048E+00 -6.1877E-01 -2.8798E-01  1.8780E+00  1.6470E+00  2.3099E-01 -1.4741E-01
  1.4000E+01  3.4000E+02  0.0000E+00  1.7710E+00  0.0000E+00  0.0000E+00  3.0000E+00  1.1520E+00  4.9967E+00  3.7592E+01  1.7370E+00  1.6569E-01  2.8166E-01  1.7710E+00  1.6313E+00  1.3973E-01  3.8711E-01
  1.4000E+01  3.4400E+02  0.0000E+00  1.0060E+00  0.0000E+00  0.0000E+00  3.0000E+00  1.1520E+00  4.9967E+00  3.7592E+01  1.0380E+00 -1.5638E-01 -4.5595E-01  1.0060E+00  1.2881E+00 -2.8206E-01 -5.3974E-01
  1.4000E+01  3.4800E+02  0.0000E+00  5.8300E-01  0.0000E+00  0.0000E+00  3.0000E+00  1.1520E+00  4.9967E+00  3.7592E+01  6.1015E-01 -1.3249E-01 -5.4126E-01  5.8300E-01  1.0021E+00 -4.1913E-01 -6.1695E-01
  1.4000E+01  3.6000E+02  0.0000E+00  5.5000E-02  0.0000E+00  0.0000E+00  3.0000E+00  1.1520E+00  4.9967E+00  3.7592E+01  1.2381E-01 -3.3571E-01 -5.6062E-01  5.5000E-02  4.7161E-01 -4.1661E-01 -2.6573E-01
  1.5000E+01  0.0000E+00  1.0000E+02  0.0000E+00  1.0000E+00  1.0000E+00  1.0000E+00  1.1022E+00  7.3544E-01  4.1777E+01  0.0000E+00  0.0000E+00  0.0000E+00  0.0000E+00  0.0000E+00  0.0000E+00  0.0000E+00
  1.5000E+01  5.0000E-01  0.0000E+00  1.0480E+00  0.0000E+00  0.0000E+00  1.0000E+00  1.1022E+00  7.3544E-01  4.1777E+01  1.0093E+00  1.8877E-01  1.3668E-01  1.0480E+00  8.4144E-01  2.0656E-01 -1.0601E-01
  1.5000E+01  1.0000E+00  0.0000E+00  1.8910E+00  0.0000E+00  0.0000E+00  1.0000E+00  1.1022E+00  7.3544E-01  4.1777E+01  1.5821E+00  1.5069E+00  1.4613E+00  1.8910E+00  1.2983E+00  5.9265E-01  1.3358E+00
  1.5000E+01  2.0000E+00  0.0000E+00  1.7040E+00  0.0000E+00  0.0000E+00  1.0000E+00  1.1022E+00  7.3544E-01  4.1777E+01  2.0800E+00 -1.8347E+00 -1.8186E+00  1.7040E+00  1.6470E+00  5.7034E-02 -1.6144E+00
  1.5000E+01  4.0000E+00  0.0000E+00  2.5440E+00  0.0000E+00  0.0000E+00  1.0000E+00  1.1022E+00  7.3544E-01  4.1777E+01  2.2375E+00  1.4953E+00  1.6246E+00  2.5440E+00  1.6312E+00  9.1277E-01  1.8598E+00
  1.5000E+01  8.0000E+00  0.0000E+00  2.3460E+00  0.0000E+00  0.0000E+00  1.0000E+00  1.1022E+00  7.3544E-01  4.1777E+01  2.1126E+00  1.1387E+00  1.4135E+00  2.3460E+00  1.2880E+00  1.0580E+00  1.1025E+00
  1.5000E+01  1.2000E+01  0.0000E+00  1.7810E+00  0.0000E+00  0.0000E+00  1.0000E+00  1.1022E+00  7.3544E-01  4.1777E+01  1.9693E+00 -9.1880E-01 -5.2785E-01  1.7810E+00  1.0021E+00  7.7890E-01 -1.0270E+00
  1.5000E+01  2.4000E+01  0.0000E+00  1.8310E+00  0.0000E+00  0.0000E+00  1.0000E+00  1.1022E+00  7.3544E-01  4.1777E+01  1.5943E+00  1.1549E+00  1.7982E+00  1.8310E+00  4.7160E-01  1.3594E+00  2.0000E+00
  1.5000E+01  1.6800E+02  1.0000E+02  0.0000E+00  1.0000E+00  1.0000E+00  2.0000E+00  1.1022E+00  7.3544E-01  4.1777E+01  1.2637E-01 -6.1657E-01  0.0000E+00  0.0000E+00  5.5655E-05  0.0000E+00  0.0000E+00
  1.5000E+01  1.6850E+02  0.0000E+00  1.2940E+00  0.0000E+00  0.0000E+00  2.0000E+00  1.1022E+00  7.3544E-01  4.1777E+01  1.1346E+00  7.7787E-01  1.0855E+00  1.2940E+00  8.4149E-01  4.5251E-01  1.0902E+00
  1.5000E+01  1.6900E+02  0.0000E+00  2.1160E+00  0.0000E+00  0.0000E+00  2.0000E+00  1.1022E+00  7.3544E-01  4.1777E+01  1.7063E+00  1.9989E+00  2.3109E+00  2.1160E+00  1.2984E+00  8.1760E-01  2.4297E+00
  1.5000E+01  1.7000E+02  0.0000E+00  2.3680E+00  0.0000E+00  0.0000E+00  2.0000E+00  1.1022E+00  7.3544E-01  4.1777E+01  2.2020E+00  8.0979E-01  1.1794E+00  2.3680E+00  1.6470E+00  7.2099E-01  1.6217E+00
  1.5000E+01  1.7200E+02  0.0000E+00  2.4300E+00  0.0000E+00  0.0000E+00  2.0000E+00  1.1022E+00  7.3544E-01  4.1777E+01  2.3553E+00  3.6441E-01  8.3896E-01  2.4300E+00  1.6313E+00  7.9873E-01  1.3003E+00
  1.5000E+01  1.7600E+02  0.0000E+00  2.2930E+00  0.0000E+00  0.0000E+00  2.0000E+00  1.1022E+00  7.3544E-01  4.1777E+01  2.2224E+00  3.4449E-01  9.4861E-01  2.2930E+00  1.2881E+00  1.0049E+00  8.4129E-01
  1.5000E+01  1.8000E+02  0.0000E+00  2.1200E+00  0.0000E+00  0.0000E+00  2.0000E+00  1.1022E+00  7.3544E-01  4.1777E+01  2.0716E+00  2.3607E-01  9.4089E-01  2.1200E+00  1.0021E+00  1.1179E+00  6.2498E-01
  1.5000E+01  1.9200E+02  0.0000E+00  1.4840E+00  0.0000E+00  0.0000E+00  2.0000E+00  1.1022E+00  7.3544E-01  4.1777E+01  1.6771E+00 -9.4229E-01 -2.7939E-02  1.4840E+00  4.7161E-01  1.0124E+00  3.0591E-01
  1.5000E+01  3.3600E+02  1.0000E+02  0.0000E+00  1.0000E+00  1.0000E+00  3.0000E+00  1.1022E+00  7.3544E-01  4.1777E+01  1.3293E-01 -6.4860E-01  0.0000E+00  0.0000E+00  5.5656E-05  0.0000E+00  0.0000E+00
  1.5000E+01  3.3650E+02  0.0000E+00  8.0600E-01  0.0000E+00  0.0000E+00  3.0000E+00  1.1022E+00  7.3544E-01  4.1777E+01  1.1411E+00 -1.6349E+00 -1.2899E+00  8.0600E-01  8.4149E-01 -3.5493E-02 -1.2908E+00
  1.5000E+01  3.3700E+02  0.0000E+00  1.3750E+00  0.0000E+00  0.0000E+00  3.0000E+00  1.1022E+00  7.3544E-01  4.1777E+01  1.7128E+00 -1.6480E+00 -1.2990E+00  1.3750E+00  1.2984E+00  7.6602E-02 -1.1858E+00
  1.5000E+01  3.3800E+02  0.0000E+00  2.1210E+00  0.0000E+00  0.0000E+00  3.0000E+00  1.1022E+00  7.3544E-01  4.1777E+01  2.2084E+00 -4.2628E-01 -2.0135E-02  2.1210E+00  1.6470E+00  4.7399E-01  4.1654E-01
  1.5000E+01  3.4000E+02  0.0000E+00  1.5610E+00  0.0000E+00  0.0000E+00  3.0000E+00  1.1022E+00  7.3544E-01  4.1777E+01  2.3614E+00 -3.9054E+00 -3.3954E+00  1.5610E+00  1.6313E+00 -7.0274E-02 -2.9397E+00
  1.5000E+01  3.4400E+02  0.0000E+00  2.5090E+00  0.0000E+00  0.0000E+00  3.0000E+00  1.1022E+00  7.3544E-01  4.1777E+01  2.2281E+00  1.3706E+00  2.0081E+00  2.5090E+00  1.2881E+00  1.2209E+00  1.8952E+00
  1.5000E+01  3.4800E+02  0.0000E+00  1.9480E+00  0.0000E+00  0.0000E+00  3.0000E+00  1.1022E+00  7.3544E-01  4.1777E+01  2.0769E+00 -6.2907E-01  1.0730E-01  1.9480E+00  1.0021E+00  9.4587E-01 -2.1423E-01
  1.5000E+01  3.6000E+02  0.0000E+00  2.1500E+00  0.0000E+00  0.0000E+00  3.0000E+00  1.1022E+00  7.3544E-01  4.1777E+01  1.6814E+00  2.2862E+00  3.2270E+00  2.1500E+00  4.7161E-01  1.6784E+00  3.5554E+00
  1.6000E+01  0.0000E+00  1.0000E+02  0.0000E+00  1.0000E+00  1.0000E+00  1.0000E+00  1.2340E+00  2.9829E+00  5.0899E+01  0.0000E+00  0.0000E+00  0.0000E+00  0.0000E+00  0.0000E+00  0.0000E+00  0.0000E+00
  1.6000E+01  5.0000E-01  0.0000E+00  6.8000E-01  0.0000E+00  0.0000E+00  1.0000E+00  1.2340E+00  2.9829E+00  5.0899E+01  8.9014E-01 -1.0253E+00 -9.6531E-01  6.8000E-01  8.4144E-01 -1.6144E-01 -9.6889E-01
  1.6000E+01  1.0000E+00  0.0000E+00  1.4930E+00  0.0000E+00  0.0000E+00  1.0000E+00  1.2340E+00  2.9829E+00  5.0899E+01  1.3447E+00  7.2344E-01  7.7094E-01  1.4930E+00  1.2983E+00  1.9465E-01  7.6591E-01
  1.6000E+01  2.0000E+00  0.0000E+00  1.7400E+00  0.0000E+00  0.0000E+00  1.0000E+00  1.2340E+00  2.9829E+00  5.0899E+01  1.6597E+00  3.9191E-01  3.8370E-01  1.7400E+00  1.6470E+00  9.3034E-02  3.8267E-01
  1.6000E+01  4.0000E+00  0.0000E+00  1.6670E+00  0.0000E+00  0.0000E+00  1.0000E+00  1.2340E+00  2.9829E+00  5.0899E+01  1.6168E+00  2.4500E-01  2.0180E-01  1.6670E+00  1.6312E+00  3.5769E-02  2.1016E-01
  1.6000E+01  8.0000E+00  0.0000E+00  1.4060E+00  0.0000E+00  0.0000E+00  1.0000E+00  1.2340E+00  2.9829E+00  5.0899E+01  1.2905E+00  5.6331E-01  5.5206E-01  1.4060E+00  1.2880E+00  1.1797E-01  5.5786E-01
  1.6000E+01  1.2000E+01  0.0000E+00  9.3300E-01  0.0000E+00  0.0000E+00  1.0000E+00  1.2340E+00  2.9829E+00  5.0899E+01  1.0210E+00 -4.2913E-01 -4.1252E-01  9.3300E-01  1.0021E+00 -6.9099E-02 -4.1203E-01
  1.6000E+01  2.4000E+01  0.0000E+00  5.9900E-01  0.0000E+00  0.0000E+00  1.0000E+00  1.2340E+00  2.9829E+00  5.0899E+01  5.0535E-01  4.5693E-01  5.0323E-01  5.9900E-01  4.7160E-01  1.2740E-01  4.9902E-01
  1.6000E+01  1.6800E+02  1.0000E+02  0.0000E+00  1.0000E+00  1.0000E+00  2.0000E+00  1.2340E+00  2.9829E+00  5.0899E+01  1.0930E-04 -5.3330E-04  0.0000E+00  0.0000E+00  5.5655E-05  0.0000E+00  0.0000E+00
  1.6000E+01  1.6850E+02  0.0000E+00  8.3600E-01  0.0000E+00  0.0000E+00  2.0000E+00  1.2340E+00  2.9829E+00  5.0899E+01  8.9025E-01 -2.6469E-01 -2.0458E-01  8.3600E-01  8.4149E-01 -5.4926E-03 -2.0814E-01
  1.6000E+01  1.6900E+02  0.0000E+00  1.4160E+00  0.0000E+00  0.0000E+00  2.0000E+00  1.2340E+00  2.9829E+00  5.0899E+01  1.3448E+00  3.4724E-01  3.9484E-01  1.4160E+00  1.2984E+00  1.1760E-01  3.8983E-01
  1.6000E+01  1.7000E+02  0.0000E+00  1.7580E+00  0.0000E+00  0.0000E+00  2.0000E+00  1.2340E+00  2.9829E+00  5.0899E+01  1.6598E+00  4.7926E-01  4.7115E-01  1.7580E+00  1.6470E+00  1.1099E-01  4.7013E-01
  1.6000E+01  1.7200E+02  0.0000E+00  1.6880E+00  0.0000E+00  0.0000E+00  2.0000E+00  1.2340E+00  2.9829E+00  5.0899E+01  1.6169E+00  3.4705E-01  3.0393E-01  1.6880E+00  1.6313E+00  5.6726E-02  3.1230E-01
  1.6000E+01  1.7600E+02  0.0000E+00  1.3310E+00  0.0000E+00  0.0000E+00  2.0000E+00  1.2340E+00  2.9829E+00  5.0899E+01  1.2906E+00  1.9704E-01  1.8587E-01  1.3310E+00  1.2881E+00  4.2937E-02  1.9167E-01
  1.6000E+01  1.8000E+02  0.0000E+00  1.2260E+00  0.0000E+00  0.0000E+00  2.0000E+00  1.2340E+00  2.9829E+00  5.0899E+01  1.0210E+00  1.0002E+00  1.0169E+00  1.2260E+00  1.0021E+00  2.2387E-01  1.0174E+00
  1.6000E+01  1.9200E+02  0.0000E+00  5.4600E-01  0.0000E+00  0.0000E+00  2.0000E+00  1.2340E+00  2.9829E+00  5.0899E+01  5.0538E-01  1.9821E-01  2.4453E-01  5.4600E-01  4.7161E-01  7.4388E-02  2.4033E-01
  1.6000E+01  3.3600E+02  1.0000E+02  0.0000E+00  1.0000E+00  1.0000E+00  3.0000E+00  1.2340E+00  2.9829E+00  5.0899E+01  1.0931E-04 -5.3333E-04  0.0000E+00  0.0000E+00  5.5656E-05  0.0000E+00  0.0000E+00
  1.6000E+01  3.3650E+02  0.0000E+00  9.9700E-01  0.0000E+00  0.0000E+00  3.0000E+00  1.2340E+00  2.9829E+00  5.0899E+01  8.9025E-01  5.2085E-01  5.8097E-01  9.9700E-01  8.4149E-01  1.5551E-01  5.7741E-01
  1.6000E+01  3.3700E+02  0.0000E+00  1.2130E+00  0.0000E+00  0.0000E+00  3.0000E+00  1.2340E+00  2.9829E+00  5.0899E+01  1.3448E+00 -6.4322E-01 -5.9563E-01  1.2130E+00  1.2984E+00 -8.5398E-02 -6.0063E-01
  1.6000E+01  3.3800E+02  0.0000E+00  1.7030E+00  0.0000E+00  0.0000E+00  3.0000E+00  1.2340E+00  2.9829E+00  5.0899E+01  1.6598E+00  2.1091E-01  2.0280E-01  1.7030E+00  1.6470E+00  5.5985E-02  2.0178E-01
  1.6000E+01  3.4000E+02  0.0000E+00  1.1150E+00  0.0000E+00  0.0000E+00  3.0000E+00  1.2340E+00  2.9829E+00  5.0899E+01  1.6169E+00 -2.4487E+00 -2.4918E+00  1.1150E+00  1.6313E+00 -5.1627E-01 -2.4835E+00
  1.6000E+01  3.4400E+02  0.0000E+00  1.4290E+00  0.0000E+00  0.0000E+00  3.0000E+00  1.2340E+00  2.9829E+00  5.0899E+01  1.2906E+00  6.7520E-01  6.6402E-01  1.4290E+00  1.2881E+00  1.4094E-01  6.6983E-01
  1.6000E+01  3.4800E+02  0.0000E+00  7.5500E-01  0.0000E+00  0.0000E+00  3.0000E+00  1.2340E+00  2.9829E+00  5.0899E+01  1.0210E+00 -1.2979E+00 -1.2812E+00  7.5500E-01  1.0021E+00 -2.4713E-01 -1.2807E+00
  1.6000E+01  3.6000E+02  0.0000E+00  4.1500E-01  0.0000E+00  0.0000E+00  3.0000E+00  1.2340E+00  2.9829E+00  5.0899E+01  5.0538E-01 -4.4096E-01 -3.9463E-01  4.1500E-01  4.7161E-01 -5.6612E-02 -3.9884E-01
  1.7000E+01  0.0000E+00  1.0000E+02  0.0000E+00  1.0000E+00  1.0000E+00  1.0000E+00  1.4874E+00  3.0397E+00  3.8130E+01  0.0000E+00  0.0000E+00  0.0000E+00  0.0000E+00  0.0000E+00  0.0000E+00  0.0000E+00
  1.7000E+01  5.0000E-01  0.0000E+00  1.6060E+00  0.0000E+00  0.0000E+00  1.0000E+00  1.4874E+00  3.0397E+00  3.8130E+01  1.3456E+00  1.2705E+00  1.6339E+00  1.6060E+00  8.4144E-01  7.6456E-01  1.7863E+00
  1.7000E+01  1.0000E+00  0.0000E+00  2.3800E+00  0.0000E+00  0.0000E+00  1.0000E+00  1.4874E+00  3.0397E+00  3.8130E+01  1.9326E+00  2.1828E+00  2.6376E+00  2.3800E+00  1.2983E+00  1.0817E+00  2.7275E+00
  1.7000E+01  2.0000E+00  0.0000E+00  2.3090E+00  0.0000E+00  0.0000E+00  1.0000E+00  1.4874E+00  3.0397E+00  3.8130E+01  2.2212E+00  4.2826E-01  8.4067E-01  2.3090E+00  1.6470E+00  6.6203E-01  8.2691E-01
  1.7000E+01  4.0000E+00  0.0000E+00  1.8430E+00  0.0000E+00  0.0000E+00  1.0000E+00  1.4874E+00  3.0397E+00  3.8130E+01  2.0073E+00 -8.0150E-01 -5.4544E-01  1.8430E+00  1.6312E+00  2.1177E-01 -5.1931E-01
  1.7000E+01  8.0000E+00  0.0000E+00  1.6420E+00  0.0000E+00  0.0000E+00  1.0000E+00  1.4874E+00  3.0397E+00  3.8130E+01  1.4645E+00  8.6628E-01  9.2852E-01  1.6420E+00  1.2880E+00  3.5397E-01  9.9250E-01
  1.7000E+01  1.2000E+01  0.0000E+00  1.2210E+00  0.0000E+00  0.0000E+00  1.0000E+00  1.4874E+00  3.0397E+00  3.8130E+01  1.0646E+00  7.6298E-01  7.1990E-01  1.2210E+00  1.0021E+00  2.1890E-01  7.8182E-01
  1.7000E+01  2.4000E+01  0.0000E+00  3.8400E-01  0.0000E+00  0.0000E+00  1.0000E+00  1.4874E+00  3.0397E+00  3.8130E+01  4.0902E-01 -1.2206E-01 -2.4041E-01  3.8400E-01  4.7160E-01 -8.7599E-02 -1.6356E-01
  1.7000E+01  1.6800E+02  1.0000E+02  0.0000E+00  1.0000E+00  1.0000E+00  2.0000E+00  1.4874E+00  3.0397E+00  3.8130E+01  4.2295E-06 -2.0636E-05  0.0000E+00  0.0000E+00  5.5655E-05  0.0000E+00  0.0000E+00
  1.7000E+01  1.6850E+02  0.0000E+00  1.3240E+00  0.0000E+00  0.0000E+00  2.0000E+00  1.4874E+00  3.0397E+00  3.8130E+01  1.3456E+00 -1.0540E-01  2.5795E-01  1.3240E+00  8.4149E-01  4.8251E-01  4.1066E-01
  1.7000E+01  1.6900E+02  0.0000E+00  1.8150E+00  0.0000E+00  0.0000E+00  2.0000E+00  1.4874E+00  3.0397E+00  3.8130E+01  1.9326E+00 -5.7398E-01 -1.1919E-01  1.8150E+00  1.2984E+00  5.1660E-01 -2.8955E-02
  1.7000E+01  1.7000E+02  0.0000E+00  2.1930E+00  0.0000E+00  0.0000E+00  2.0000E+00  1.4874E+00  3.0397E+00  3.8130E+01  2.2212E+00 -1.3774E-01  2.7466E-01  2.1930E+00  1.6470E+00  5.4599E-01  2.6122E-01
  1.7000E+01  1.7200E+02  0.0000E+00  1.7870E+00  0.0000E+00  0.0000E+00  2.0000E+00  1.4874E+00  3.0397E+00  3.8130E+01  2.0073E+00 -1.0747E+00 -8.1870E-01  1.7870E+00  1.6313E+00  1.5573E-01 -7.9228E-01
  1.7000E+01  1.7600E+02  0.0000E+00  1.3200E+00  0.0000E+00  0.0000E+00  2.0000E+00  1.4874E+00  3.0397E+00  3.8130E+01  1.4645E+00 -7.0482E-01 -6.4258E-01  1.3200E+00  1.2881E+00  3.1937E-02 -5.7837E-01
  1.7000E+01  1.8000E+02  0.0000E+00  7.9800E-01  0.0000E+00  0.0000E+00  2.0000E+00  1.4874E+00  3.0397E+00  3.8130E+01  1.0646E+00 -1.3009E+00 -1.3440E+00  7.9800E-01  1.0021E+00 -2.0413E-01 -1.2819E+00
  1.7000E+01  1.9200E+02  0.0000E+00  1.8600E-01  0.0000E+00  0.0000E+00  2.0000E+00  1.4874E+00  3.0397E+00  3.8130E+01  4.0902E-01 -1.0881E+00 -1.2065E+00  1.8600E-01  4.7161E-01 -2.8561E-01 -1.1295E+00
  1.7000E+01  3.3600E+02  1.0000E+02  0.0000E+00  1.0000E+00  1.0000E+00  3.0000E+00  1.4874E+00  3.0397E+00  3.8130E+01  4.2295E-06 -2.0636E-05  0.0000E+00  0.0000E+00  5.5656E-05  0.0000E+00  0.0000E+00
  1.7000E+01  3.3650E+02  0.0000E+00  1.2820E+00  0.0000E+00  0.0000E+00  3.0000E+00  1.4874E+00  3.0397E+00  3.8130E+01  1.3456E+00 -3.1032E-01  5.3030E-02  1.2820E+00  8.4149E-01  4.4051E-01  2.0573E-01
  1.7000E+01  3.3700E+02  0.0000E+00  1.6020E+00  0.0000E+00  0.0000E+00  3.0000E+00  1.4874E+00  3.0397E+00  3.8130E+01  1.9326E+00 -1.6132E+00 -1.1584E+00  1.6020E+00  1.2984E+00  3.0360E-01 -1.0682E+00
  1.7000E+01  3.3800E+02  0.0000E+00  1.9630E+00  0.0000E+00  0.0000E+00  3.0000E+00  1.4874E+00  3.0397E+00  3.8130E+01  2.2212E+00 -1.2599E+00 -8.4755E-01  1.9630E+00  1.6470E+00  3.1599E-01 -8.6099E-01
  1.7000E+01  3.4000E+02  0.0000E+00  2.4390E+00  0.0000E+00  0.0000E+00  3.0000E+00  1.4874E+00  3.0397E+00  3.8130E+01  2.0073E+00  2.1065E+00  2.3625E+00  2.4390E+00  1.6313E+00  8.0773E-01  2.3889E+00
  1.7000E+01  3.4400E+02  0.0000E+00  1.9350E+00  0.0000E+00  0.0000E+00  3.0000E+00  1.4874E+00  3.0397E+00  3.8130E+01  1.4645E+00  2.2959E+00  2.3581E+00  1.9350E+00  1.2881E+00  6.4694E-01  2.4223E+00
  1.7000E+01  3.4800E+02  0.0000E+00  1.0040E+00  0.0000E+00  0.0000E+00  3.0000E+00  1.4874E+00  3.0397E+00  3.8130E+01  1.0646E+00 -2.9580E-01 -3.3889E-01  1.0040E+00  1.0021E+00  1.8745E-03 -2.7678E-01
  1.7000E+01  3.6000E+02  0.0000E+00  3.3900E-01  0.0000E+00  0.0000E+00  3.0000E+00  1.4874E+00  3.0397E+00  3.8130E+01  4.0902E-01 -3.4163E-01 -4.5998E-01  3.3900E-01  4.7161E-01 -1.3261E-01 -3.8302E-01
  1.8000E+01  0.0000E+00  1.0000E+02  0.0000E+00  1.0000E+00  1.0000E+00  1.0000E+00  1.6057E+00  3.3263E+00  4.3722E+01  0.0000E+00  0.0000E+00  0.0000E+00  0.0000E+00  0.0000E+00  0.0000E+00  0.0000E+00
  1.8000E+01  5.0000E-01  0.0000E+00  1.3100E+00  0.0000E+00  0.0000E+00  1.0000E+00  1.6057E+00  3.3263E+00  4.3722E+01  1.2356E+00  3.6303E-01  7.1794E-01  1.3100E+00  8.4144E-01  4.6856E-01  8.7027E-01
  1.8000E+01  1.0000E+00  0.0000E+00  1.7610E+00  0.0000E+00  0.0000E+00  1.0000E+00  1.6057E+00  3.3263E+00  4.3722E+01  1.7431E+00  8.7446E-02  4.3193E-01  1.7610E+00  1.2983E+00  4.6265E-01  5.1179E-01
  1.8000E+01  2.0000E+00  0.0000E+00  1.3970E+00  0.0000E+00  0.0000E+00  1.0000E+00  1.6057E+00  3.3263E+00  4.3722E+01  1.9653E+00 -2.7728E+00 -2.5902E+00  1.3970E+00  1.6470E+00 -2.4997E-01 -2.6298E+00
  1.8000E+01  4.0000E+00  0.0000E+00  1.9720E+00  0.0000E+00  0.0000E+00  1.0000E+00  1.6057E+00  3.3263E+00  4.3722E+01  1.7671E+00  9.9972E-01  1.0453E+00  1.9720E+00  1.6312E+00  3.4077E-01  1.0373E+00
  1.8000E+01  8.0000E+00  0.0000E+00  9.8700E-01  0.0000E+00  0.0000E+00  1.0000E+00  1.6057E+00  3.3263E+00  4.3722E+01  1.3063E+00 -1.5581E+00 -1.5808E+00  9.8700E-01  1.2880E+00 -3.0103E-01 -1.5623E+00
  1.8000E+01  1.2000E+01  0.0000E+00  9.7900E-01  0.0000E+00  0.0000E+00  1.0000E+00  1.6057E+00  3.3263E+00  4.3722E+01  9.6360E-01  7.5139E-02  2.1233E-02  9.7900E-01  1.0021E+00 -2.3099E-02  2.8764E-02
  1.8000E+01  2.4000E+01  0.0000E+00  4.2500E-01  0.0000E+00  0.0000E+00  1.0000E+00  1.6057E+00  3.3263E+00  4.3722E+01  3.8674E-01  1.8670E-01  1.2037E-01  4.2500E-01  4.7160E-01 -4.6599E-02  1.3745E-01
  1.8000E+01  1.6800E+02  1.0000E+02  0.0000E+00  1.0000E+00  1.0000E+00  2.0000E+00  1.6057E+00  3.3263E+00  4.3722E+01  6.7548E-06 -3.2958E-05  0.0000E+00  0.0000E+00  5.5655E-05  0.0000E+00  0.0000E+00
  1.8000E+01  1.6850E+02  0.0000E+00  1.1140E+00  0.0000E+00  0.0000E+00  2.0000E+00  1.6057E+00  3.3263E+00  4.3722E+01  1.2356E+00 -5.9331E-01 -2.3842E-01  1.1140E+00  8.4149E-01  2.7251E-01 -8.5850E-02
  1.8000E+01  1.6900E+02  0.0000E+00  1.4340E+00  0.0000E+00  0.0000E+00  2.0000E+00  1.6057E+00  3.3263E+00  4.3722E+01  1.7431E+00 -1.5081E+00 -1.1636E+00  1.4340E+00  1.2984E+00  1.3560E-01 -1.0835E+00
  1.8000E+01  1.7000E+02  0.0000E+00  1.8430E+00  0.0000E+00  0.0000E+00  2.0000E+00  1.6057E+00  3.3263E+00  4.3722E+01  1.9653E+00 -5.9674E-01 -4.1411E-01  1.8430E+00  1.6470E+00  1.9599E-01 -4.5354E-01
  1.8000E+01  1.7200E+02  0.0000E+00  1.9550E+00  0.0000E+00  0.0000E+00  2.0000E+00  1.6057E+00  3.3263E+00  4.3722E+01  1.7671E+00  9.1675E-01  9.6236E-01  1.9550E+00  1.6313E+00  3.2373E-01  9.5447E-01
  1.8000E+01  1.7600E+02  0.0000E+00  1.2730E+00  0.0000E+00  0.0000E+00  2.0000E+00  1.6057E+00  3.3263E+00  4.3722E+01  1.3063E+00 -1.6268E-01 -1.8542E-01  1.2730E+00  1.2881E+00 -1.5063E-02 -1.6672E-01
  1.8000E+01  1.8000E+02  0.0000E+00  1.0640E+00  0.0000E+00  0.0000E+00  2.0000E+00  1.6057E+00  3.3263E+00  4.3722E+01  9.6360E-01  4.8985E-01  4.3594E-01  1.0640E+00  1.0021E+00  6.1875E-02  4.4360E-01
  1.8000E+01  1.9200E+02  0.0000E+00  4.6100E-01  0.0000E+00  0.0000E+00  2.0000E+00  1.6057E+00  3.3263E+00  4.3722E+01  3.8674E-01  3.6234E-01  2.9602E-01  4.6100E-01  4.7161E-01 -1.0612E-02  3.1315E-01
  1.8000E+01  3.3600E+02  1.0000E+02  0.0000E+00  1.0000E+00  1.0000E+00  3.0000E+00  1.6057E+00  3.3263E+00  4.3722E+01  6.7549E-06 -3.2958E-05  0.0000E+00  0.0000E+00  5.5656E-05  0.0000E+00  0.0000E+00
  1.8000E+01  3.3650E+02  0.0000E+00  1.3320E+00  0.0000E+00  0.0000E+00  3.0000E+00  1.6057E+00  3.3263E+00  4.3722E+01  1.2356E+00  4.7034E-01  8.2524E-01  1.3320E+00  8.4149E-01  4.9051E-01  9.7780E-01
  1.8000E+01  3.3700E+02  0.0000E+00  2.3010E+00  0.0000E+00  0.0000E+00  3.0000E+00  1.6057E+00  3.3263E+00  4.3722E+01  1.7431E+00  2.7222E+00  3.0666E+00  2.3010E+00  1.2984E+00  1.0026E+00  3.1467E+00
  1.8000E+01  3.3800E+02  0.0000E+00  2.1290E+00  0.0000E+00  0.0000E+00  3.0000E+00  1.6057E+00  3.3263E+00  4.3722E+01  1.9653E+00  7.9870E-01  9.8132E-01  2.1290E+00  1.6470E+00  4.8199E-01  9.4189E-01
  1.8000E+01  3.4000E+02  0.0000E+00  1.8620E+00  0.0000E+00  0.0000E+00  3.0000E+00  1.6057E+00  3.3263E+00  4.3722E+01  1.7671E+00  4.6299E-01  5.0860E-01  1.8620E+00  1.6313E+00  2.3073E-01  5.0071E-01
  1.8000E+01  3.4400E+02  0.0000E+00  1.5170E+00  0.0000E+00  0.0000E+00  3.0000E+00  1.6057E+00  3.3263E+00  4.3722E+01  1.3063E+00  1.0278E+00  1.0051E+00  1.5170E+00  1.2881E+00  2.2894E-01  1.0238E+00
  1.8000E+01  3.4800E+02  0.0000E+00  8.3800E-01  0.0000E+00  0.0000E+00  3.0000E+00  1.6057E+00  3.3263E+00  4.3722E+01  9.6360E-01 -6.1283E-01 -6.6674E-01  8.3800E-01  1.0021E+00 -1.6413E-01 -6.5909E-01
  1.8000E+01  3.6000E+02  0.0000E+00  2.3700E-01  0.0000E+00  0.0000E+00  3.0000E+00  1.6057E+00  3.3263E+00  4.3722E+01  3.8674E-01 -7.3058E-01 -7.9691E-01  2.3700E-01  4.7161E-01 -2.3461E-01 -7.7977E-01
  1.9000E+01  0.0000E+00  1.0000E+02  0.0000E+00  1.0000E+00  1.0000E+00  1.0000E+00  2.1488E+00  9.7881E-01  3.8392E+01  0.0000E+00  0.0000E+00  0.0000E+00  0.0000E+00  0.0000E+00  0.0000E+00  0.0000E+00
  1.9000E+01  5.0000E-01  0.0000E+00  1.5840E+00  0.0000E+00  0.0000E+00  1.0000E+00  2.1488E+00  9.7881E-01  3.8392E+01  1.7024E+00 -5.7754E-01  9.8190E-02  1.5840E+00  8.4144E-01  7.4256E-01  5.2590E-01
  1.9000E+01  1.0000E+00  0.0000E+00  2.1130E+00  0.0000E+00  0.0000E+00  1.0000E+00  2.1488E+00  9.7881E-01  3.8392E+01  2.2622E+00 -7.2788E-01 -2.2450E-01  2.1130E+00  1.2983E+00  8.1465E-01 -2.9632E-02
  1.9000E+01  2.0000E+00  0.0000E+00  2.7300E+00  0.0000E+00  0.0000E+00  1.0000E+00  2.1488E+00  9.7881E-01  3.8392E+01  2.4691E+00  1.2731E+00  1.4924E+00  2.7300E+00  1.6470E+00  1.0830E+00  1.4350E+00
  1.9000E+01  4.0000E+00  0.0000E+00  2.7390E+00  0.0000E+00  0.0000E+00  1.0000E+00  2.1488E+00  9.7881E-01  3.8392E+01  2.3799E+00  1.7520E+00  1.9594E+00  2.7390E+00  1.6312E+00  1.1078E+00  2.0847E+00
  1.9000E+01  8.0000E+00  0.0000E+00  1.7510E+00  0.0000E+00  0.0000E+00  1.0000E+00  2.1488E+00  9.7881E-01  3.8392E+01  2.1496E+00 -1.9449E+00 -1.5935E+00  1.7510E+00  1.2880E+00  4.6297E-01 -1.5221E+00
  1.9000E+01  1.2000E+01  0.0000E+00  2.0190E+00  0.0000E+00  0.0000E+00  1.0000E+00  2.1488E+00  9.7881E-01  3.8392E+01  1.9412E+00  3.7956E-01  8.4746E-01  2.0190E+00  1.0021E+00  1.0169E+00  8.8790E-01
  1.9000E+01  2.4000E+01  0.0000E+00  1.4810E+00  0.0000E+00  0.0000E+00  1.0000E+00  2.1488E+00  9.7881E-01  3.8392E+01  1.4296E+00  2.5096E-01  9.2806E-01  1.4810E+00  4.7160E-01  1.0094E+00  1.3996E+00
  1.9000E+01  1.6800E+02  1.0000E+02  0.0000E+00  1.0000E+00  1.0000E+00  2.0000E+00  2.1488E+00  9.7881E-01  3.8392E+01  3.6374E-02 -1.7747E-01  0.0000E+00  0.0000E+00  5.5655E-05  0.0000E+00  0.0000E+00
  1.9000E+01  1.6850E+02  0.0000E+00  2.5430E+00  0.0000E+00  0.0000E+00  2.0000E+00  2.1488E+00  9.7881E-01  3.8392E+01  1.7383E+00  3.9263E+00  4.7197E+00  2.5430E+00  8.4149E-01  1.7015E+00  5.2021E+00
  1.9000E+01  1.6900E+02  0.0000E+00  2.5240E+00  0.0000E+00  0.0000E+00  2.0000E+00  2.1488E+00  9.7881E-01  3.8392E+01  2.2976E+00  1.1044E+00  1.7243E+00  2.5240E+00  1.2984E+00  1.2256E+00  1.9729E+00
  1.9000E+01  1.7000E+02  0.0000E+00  2.3400E+00  0.0000E+00  0.0000E+00  2.0000E+00  2.1488E+00  9.7881E-01  3.8392E+01  2.5036E+00 -7.9841E-01 -4.6496E-01  2.3400E+00  1.6470E+00  6.9299E-01 -4.7048E-01
  1.9000E+01  1.7200E+02  0.0000E+00  2.6100E+00  0.0000E+00  0.0000E+00  2.0000E+00  2.1488E+00  9.7881E-01  3.8392E+01  2.4128E+00  9.6235E-01  1.2795E+00  2.6100E+00  1.6313E+00  9.7873E-01  1.4529E+00
  1.9000E+01  1.7600E+02  0.0000E+00  2.1670E+00  0.0000E+00  0.0000E+00  2.0000E+00  2.1488E+00  9.7881E-01  3.8392E+01  2.1793E+00 -5.9914E-02  3.9298E-01  2.1670E+00  1.2881E+00  8.7894E-01  5.0580E-01
  1.9000E+01  1.8000E+02  0.0000E+00  1.7010E+00  0.0000E+00  0.0000E+00  2.0000E+00  2.1488E+00  9.7881E-01  3.8392E+01  1.9680E+00 -1.3027E+00 -7.4112E-01  1.7010E+00  1.0021E+00  6.9887E-01 -6.6516E-01
  1.9000E+01  1.9200E+02  0.0000E+00  1.6020E+00  0.0000E+00  0.0000E+00  2.0000E+00  2.1488E+00  9.7881E-01  3.8392E+01  1.4493E+00  7.4509E-01  1.4958E+00  1.6020E+00  4.7161E-01  1.1304E+00  1.9892E+00
  1.9000E+01  3.3600E+02  1.0000E+02  0.0000E+00  1.0000E+00  1.0000E+00  3.0000E+00  2.1488E+00  9.7881E-01  3.8392E+01  3.6876E-02 -1.7992E-01  0.0000E+00  0.0000E+00  5.5656E-05  0.0000E+00  0.0000E+00
  1.9000E+01  3.3650E+02  0.0000E+00  1.4420E+00  0.0000E+00  0.0000E+00  3.0000E+00  2.1488E+00  9.7881E-01  3.8392E+01  1.7388E+00 -1.4480E+00 -6.5145E-01  1.4420E+00  8.4149E-01  6.0051E-01 -1.6982E-01
  1.9000E+01  3.3700E+02  0.0000E+00  1.9110E+00  0.0000E+00  0.0000E+00  3.0000E+00  2.1488E+00  9.7881E-01  3.8392E+01  2.2981E+00 -1.8889E+00 -1.2658E+00  1.9110E+00  1.2984E+00  6.1260E-01 -1.0180E+00
  1.9000E+01  3.3800E+02  0.0000E+00  2.3540E+00  0.0000E+00  0.0000E+00  3.0000E+00  2.1488E+00  9.7881E-01  3.8392E+01  2.5041E+00 -7.3243E-01 -3.9585E-01  2.3540E+00  1.6470E+00  7.0699E-01 -4.0218E-01
  1.9000E+01  3.4000E+02  0.0000E+00  2.6180E+00  0.0000E+00  0.0000E+00  3.0000E+00  2.1488E+00  9.7881E-01  3.8392E+01  2.4132E+00  9.9917E-01  1.3193E+00  2.6180E+00  1.6313E+00  9.8673E-01  1.4919E+00
  1.9000E+01  3.4400E+02  0.0000E+00  2.1600E+00  0.0000E+00  0.0000E+00  3.0000E+00  2.1488E+00  9.7881E-01  3.8392E+01  2.1797E+00 -9.6066E-02  3.5957E-01  2.1600E+00  1.2881E+00  8.7194E-01  4.7165E-01
  1.9000E+01  3.4800E+02  0.0000E+00  1.6340E+00  0.0000E+00  0.0000E+00  3.0000E+00  2.1488E+00  9.7881E-01  3.8392E+01  1.9684E+00 -1.6314E+00 -1.0673E+00  1.6340E+00  1.0021E+00  6.3187E-01 -9.9206E-01
  1.9000E+01  3.6000E+02  0.0000E+00  1.7640E+00  0.0000E+00  0.0000E+00  3.0000E+00  2.1488E+00  9.7881E-01  3.8392E+01  1.4496E+00  1.5342E+00  2.2868E+00  1.7640E+00  4.7161E-01  1.2924E+00  2.7796E+00
  2.0000E+01  0.0000E+00  1.0000E+02  0.0000E+00  1.0000E+00  1.0000E+00  1.0000E+00  5.4731E-01  5.5794E+00  6.2047E+01  0.0000E+00  0.0000E+00  0.0000E+00  0.0000E+00  0.0000E+00  0.0000E+00  0.0000E+00
  2.0000E+01  5.0000E-01  0.0000E+00  5.1400E-01  0.0000E+00  0.0000E+00  1.0000E+00  5.4731E-01  5.5794E+00  6.2047E+01  3.7691E-01  6.6887E-01  3.4301E-01  5.1400E-01  8.4144E-01 -3.2744E-01  5.2529E-01
  2.0000E+01  1.0000E+00  0.0000E+00  1.0100E+00  0.0000E+00  0.0000E+00  1.0000E+00  5.4731E-01  5.5794E+00  6.2047E+01  6.4702E-01  1.7710E+00  1.2688E+00  1.0100E+00  1.2983E+00 -2.8835E-01  1.3847E+00
  2.0000E+01  2.0000E+00  0.0000E+00  1.4460E+00  0.0000E+00  0.0000E+00  1.0000E+00  5.4731E-01  5.5794E+00  6.2047E+01  9.6568E-01  2.3436E+00  1.7400E+00  1.4460E+00  1.6470E+00 -2.0097E-01  1.7288E+00
  2.0000E+01  4.0000E+00  0.0000E+00  1.2060E+00  0.0000E+00  0.0000E+00  1.0000E+00  5.4731E-01  5.5794E+00  6.2047E+01  1.1299E+00  3.7125E-01 -9.8439E-02  1.2060E+00  1.6312E+00 -4.2523E-01  1.0562E-02
  2.0000E+01  8.0000E+00  0.0000E+00  8.6800E-01  0.0000E+00  0.0000E+00  1.0000E+00  5.4731E-01  5.5794E+00  6.2047E+01  9.1511E-01 -2.2986E-01 -4.7473E-01  8.6800E-01  1.2880E+00 -4.2003E-01 -3.0246E-01
  2.0000E+01  1.2000E+01  0.0000E+00  6.6600E-01  0.0000E+00  0.0000E+00  1.0000E+00  5.4731E-01  5.5794E+00  6.2047E+01  6.5283E-01  6.4278E-02 -1.3076E-01  6.6600E-01  1.0021E+00 -3.3610E-01 -7.8467E-02
  2.0000E+01  2.4000E+01  0.0000E+00  1.0300E-01  0.0000E+00  0.0000E+00  1.0000E+00  5.4731E-01  5.5794E+00  6.2047E+01  2.2282E-01 -5.8463E-01 -7.1650E-01  1.0300E-01  4.7160E-01 -3.6860E-01 -7.7265E-01
  2.0000E+01  1.6800E+02  1.0000E+02  0.0000E+00  1.0000E+00  1.0000E+00  2.0000E+00  5.4731E-01  5.5794E+00  6.2047E+01  5.3016E-07 -2.5867E-06  0.0000E+00  0.0000E+00  5.5655E-05  0.0000E+00  0.0000E+00
  2.0000E+01  1.6850E+02  0.0000E+00  2.0400E-01  0.0000E+00  0.0000E+00  2.0000E+00  5.4731E-01  5.5794E+00  6.2047E+01  3.7691E-01 -8.4366E-01 -1.1695E+00  2.0400E-01  8.4149E-01 -6.3749E-01 -9.8699E-01
  2.0000E+01  1.6900E+02  0.0000E+00  6.5100E-01  0.0000E+00  0.0000E+00  2.0000E+00  5.4731E-01  5.5794E+00  6.2047E+01  6.4702E-01  1.9427E-02 -4.8283E-01  6.5100E-01  1.2984E+00 -6.4740E-01 -3.6667E-01
  2.0000E+01  1.7000E+02  0.0000E+00  8.4600E-01  0.0000E+00  0.0000E+00  2.0000E+00  5.4731E-01  5.5794E+00  6.2047E+01  9.6568E-01 -5.8393E-01 -1.1875E+00  8.4600E-01  1.6470E+00 -8.0101E-01 -1.1985E+00
  2.0000E+01  1.7200E+02  0.0000E+00  1.2760E+00  0.0000E+00  0.0000E+00  2.0000E+00  5.4731E-01  5.5794E+00  6.2047E+01  1.1299E+00  7.1279E-01  2.4310E-01  1.2760E+00  1.6313E+00 -3.5527E-01  3.5231E-01
  2.0000E+01  1.7600E+02  0.0000E+00  1.0090E+00  0.0000E+00  0.0000E+00  2.0000E+00  5.4731E-01  5.5794E+00  6.2047E+01  9.1511E-01  4.5809E-01  2.1323E-01  1.0090E+00  1.2881E+00 -2.7906E-01  3.8567E-01
  2.0000E+01  1.8000E+02  0.0000E+00  6.8900E-01  0.0000E+00  0.0000E+00  2.0000E+00  5.4731E-01  5.5794E+00  6.2047E+01  6.5283E-01  1.7650E-01 -1.8542E-02  6.8900E-01  1.0021E+00 -3.1313E-01  3.3893E-02
  2.0000E+01  1.9200E+02  0.0000E+00  1.9600E-01  0.0000E+00  0.0000E+00  2.0000E+00  5.4731E-01  5.5794E+00  6.2047E+01  2.2282E-01 -1.3087E-01 -2.6274E-01  1.9600E-01  4.7161E-01 -2.7561E-01 -3.1882E-01
  2.0000E+01  3.3600E+02  1.0000E+02  0.0000E+00  1.0000E+00  1.0000E+00  3.0000E+00  5.4731E-01  5.5794E+00  6.2047E+01  5.3016E-07 -2.5867E-06  0.0000E+00  0.0000E+00  5.5656E-05  0.0000E+00  0.0000E+00
  2.0000E+01  3.3650E+02  0.0000E+00  1.3100E-01  0.0000E+00  0.0000E+00  3.0000E+00  5.4731E-01  5.5794E+00  6.2047E+01  3.7691E-01 -1.1998E+00 -1.5257E+00  1.3100E-01  8.4149E-01 -7.1049E-01 -1.3432E+00
  2.0000E+01  3.3700E+02  0.0000E+00  2.9200E-01  0.0000E+00  0.0000E+00  3.0000E+00  5.4731E-01  5.5794E+00  6.2047E+01  6.4702E-01 -1.7322E+00 -2.2344E+00  2.9200E-01  1.2984E+00 -1.0064E+00 -2.1183E+00
  2.0000E+01  3.3800E+02  0.0000E+00  4.7700E-01  0.0000E+00  0.0000E+00  3.0000E+00  5.4731E-01  5.5794E+00  6.2047E+01  9.6568E-01 -2.3843E+00 -2.9879E+00  4.7700E-01  1.6470E+00 -1.1700E+00 -2.9989E+00
  2.0000E+01  3.4000E+02  0.0000E+00  8.1500E-01  0.0000E+00  0.0000E+00  3.0000E+00  5.4731E-01  5.5794E+00  6.2047E+01  1.1299E+00 -1.5365E+00 -2.0062E+00  8.1500E-01  1.6313E+00 -8.1627E-01 -1.8970E+00
  2.0000E+01  3.4400E+02  0.0000E+00  8.8600E-01  0.0000E+00  0.0000E+00  3.0000E+00  5.4731E-01  5.5794E+00  6.2047E+01  9.1511E-01 -1.4204E-01 -3.8691E-01  8.8600E-01  1.2881E+00 -4.0206E-01 -2.1446E-01
  2.0000E+01  3.4800E+02  0.0000E+00  6.1300E-01  0.0000E+00  0.0000E+00  3.0000E+00  5.4731E-01  5.5794E+00  6.2047E+01  6.5283E-01 -1.9432E-01 -3.8936E-01  6.1300E-01  1.0021E+00 -3.8913E-01 -3.3692E-01
  2.0000E+01  3.6000E+02  0.0000E+00  2.5800E-01  0.0000E+00  0.0000E+00  3.0000E+00  5.4731E-01  5.5794E+00  6.2047E+01  2.2282E-01  1.7164E-01  3.9765E-02  2.5800E-01  4.7161E-01 -2.1361E-01 -1.6309E-02
  2.1000E+01  0.0000E+00  1.0000E+02  0.0000E+00  1.0000E+00  1.0000E+00  1.0000E+00  6.9121E-01  1.6503E+00  5.3082E+01  0.0000E+00  0.0000E+00  0.0000E+00  0.0000E+00  0.0000E+00  0.0000E+00  0.0000E+00
  2.1000E+01  5.0000E-01  0.0000E+00  6.8400E-01  0.0000E+00  0.0000E+00  1.0000E+00  6.9121E-01  1.6503E+00  5.3082E+01  5.4598E-01  6.7342E-01  4.3083E-01  6.8400E-01  8.4144E-01 -1.5744E-01  5.2696E-01
  2.1000E+01  1.0000E+00  0.0000E+00  8.5700E-01  0.0000E+00  0.0000E+00  1.0000E+00  6.9121E-01  1.6503E+00  5.3082E+01  9.2400E-01 -3.2690E-01 -6.6919E-01  8.5700E-01  1.2983E+00 -4.4135E-01 -6.0057E-01
  2.1000E+01  2.0000E+00  0.0000E+00  1.4780E+00  0.0000E+00  0.0000E+00  1.0000E+00  6.9121E-01  1.6503E+00  5.3082E+01  1.3586E+00  5.8250E-01  2.4804E-01  1.4780E+00  1.6470E+00 -1.6897E-01  2.6454E-01
  2.1000E+01  4.0000E+00  0.0000E+00  1.5990E+00  0.0000E+00  0.0000E+00  1.0000E+00  6.9121E-01  1.6503E+00  5.3082E+01  1.6177E+00 -9.1171E-02 -2.1472E-01  1.5990E+00  1.6312E+00 -3.2231E-02 -1.6250E-01
  2.1000E+01  8.0000E+00  0.0000E+00  1.2650E+00  0.0000E+00  0.0000E+00  1.0000E+00  6.9121E-01  1.6503E+00  5.3082E+01  1.5304E+00 -1.2950E+00 -1.1595E+00  1.2650E+00  1.2880E+00 -2.3030E-02 -1.1700E+00
  2.1000E+01  1.2000E+01  0.0000E+00  1.1390E+00  0.0000E+00  0.0000E+00  1.0000E+00  6.9121E-01  1.6503E+00  5.3082E+01  1.3579E+00 -1.0679E+00 -8.1833E-01  1.1390E+00  1.0021E+00  1.3690E-01 -8.9622E-01
  2.1000E+01  2.4000E+01  0.0000E+00  9.5600E-01  0.0000E+00  0.0000E+00  1.0000E+00  6.9121E-01  1.6503E+00  5.3082E+01  9.3540E-01  1.0050E-01  5.1004E-01  9.5600E-01  4.7160E-01  4.8440E-01  5.8405E-01
  2.1000E+01  1.6800E+02  1.0000E+02  0.0000E+00  1.0000E+00  1.0000E+00  2.0000E+00  6.9121E-01  1.6503E+00  5.3082E+01  1.0635E-02 -5.1892E-02  0.0000E+00  0.0000E+00  5.5655E-05  0.0000E+00  0.0000E+00
  2.1000E+01  1.6850E+02  0.0000E+00  6.1400E-01  0.0000E+00  0.0000E+00  2.0000E+00  6.9121E-01  1.6503E+00  5.3082E+01  5.5645E-01  2.8079E-01  7.4646E-02  6.1400E-01  8.4149E-01 -2.2749E-01  1.8352E-01
  2.1000E+01  1.6900E+02  0.0000E+00  9.1700E-01  0.0000E+00  0.0000E+00  2.0000E+00  6.9121E-01  1.6503E+00  5.3082E+01  9.3431E-01 -8.4457E-02 -3.9076E-01  9.1700E-01  1.2984E+00 -3.8140E-01 -3.0967E-01
  2.1000E+01  1.7000E+02  0.0000E+00  1.4940E+00  0.0000E+00  0.0000E+00  2.0000E+00  6.9121E-01  1.6503E+00  5.3082E+01  1.3686E+00  6.1181E-01  3.1244E-01  1.4940E+00  1.6470E+00 -1.5301E-01  3.4086E-01
  2.1000E+01  1.7200E+02  0.0000E+00  1.6330E+00  0.0000E+00  0.0000E+00  2.0000E+00  6.9121E-01  1.6503E+00  5.3082E+01  1.6271E+00  2.8896E-02 -6.1273E-02  1.6330E+00  1.6313E+00  1.7255E-03  1.8320E-03
  2.1000E+01  1.7600E+02  0.0000E+00  1.6740E+00  0.0000E+00  0.0000E+00  2.0000E+00  6.9121E-01  1.6503E+00  5.3082E+01  1.5387E+00  6.6010E-01  8.2575E-01  1.6740E+00  1.2881E+00  3.8594E-01  8.2438E-01
  2.1000E+01  1.8000E+02  0.0000E+00  1.5590E+00  0.0000E+00  0.0000E+00  2.0000E+00  6.9121E-01  1.6503E+00  5.3082E+01  1.3652E+00  9.4557E-01  1.2224E+00  1.5590E+00  1.0021E+00  5.5687E-01  1.1520E+00
  2.1000E+01  1.9200E+02  0.0000E+00  9.3000E-01  0.0000E+00  0.0000E+00  2.0000E+00  6.9121E-01  1.6503E+00  5.3082E+01  9.4044E-01 -5.0962E-02  3.7862E-01  9.3000E-01  4.7161E-01  4.5839E-01  4.5671E-01
  2.1000E+01  3.3600E+02  1.0000E+02  0.0000E+00  1.0000E+00  1.0000E+00  3.0000E+00  6.9121E-01  1.6503E+00  5.3082E+01  1.0693E-02 -5.2172E-02  0.0000E+00  0.0000E+00  5.5656E-05  0.0000E+00  0.0000E+00
  2.1000E+01  3.3650E+02  0.0000E+00  3.9000E-01  0.0000E+00  0.0000E+00  3.0000E+00  6.9121E-01  1.6503E+00  5.3082E+01  5.5651E-01 -8.1242E-01 -1.0182E+00  3.9000E-01  8.4149E-01 -4.5149E-01 -9.0941E-01
  2.1000E+01  3.3700E+02  0.0000E+00  6.5800E-01  0.0000E+00  0.0000E+00  3.0000E+00  6.9121E-01  1.6503E+00  5.3082E+01  9.3437E-01 -1.3484E+00 -1.6543E+00  6.5800E-01  1.2984E+00 -6.4040E-01 -1.5734E+00
  2.1000E+01  3.3800E+02  0.0000E+00  1.2820E+00  0.0000E+00  0.0000E+00  3.0000E+00  6.9121E-01  1.6503E+00  5.3082E+01  1.3687E+00 -4.2284E-01 -7.2182E-01  1.2820E+00  1.6470E+00 -3.6501E-01 -6.9352E-01
  2.1000E+01  3.4000E+02  0.0000E+00  1.6670E+00  0.0000E+00  0.0000E+00  3.0000E+00  6.9121E-01  1.6503E+00  5.3082E+01  1.6271E+00  1.9454E-01  1.0473E-01  1.6670E+00  1.6313E+00  3.5726E-02  1.6772E-01
  2.1000E+01  3.4400E+02  0.0000E+00  1.6470E+00  0.0000E+00  0.0000E+00  3.0000E+00  6.9121E-01  1.6503E+00  5.3082E+01  1.5388E+00  5.2814E-01  6.9411E-01  1.6470E+00  1.2881E+00  3.5894E-01  6.9264E-01
  2.1000E+01  3.4800E+02  0.0000E+00  1.3740E+00  0.0000E+00  0.0000E+00  3.0000E+00  6.9121E-01  1.6503E+00  5.3082E+01  1.3652E+00  4.2736E-02  3.1989E-01  1.3740E+00  1.0021E+00  3.7187E-01  2.4940E-01
  2.1000E+01  3.6000E+02  0.0000E+00  1.0590E+00  0.0000E+00  0.0000E+00  3.0000E+00  6.9121E-01  1.6503E+00  5.3082E+01  9.4047E-01  5.7832E-01  1.0081E+00  1.0590E+00  4.7161E-01  5.8739E-01  1.0861E+00
  2.2000E+01  0.0000E+00  1.0000E+02  0.0000E+00  1.0000E+00  1.0000E+00  1.0000E+00  9.1375E-01  5.3833E+00  4.7999E+01  0.0000E+00  0.0000E+00  0.0000E+00  0.0000E+00  0.0000E+00  0.0000E+00  0.0000E+00
  2.2000E+01  5.0000E-01  0.0000E+00  5.9600E-01  0.0000E+00  0.0000E+00  1.0000E+00  9.1375E-01  5.3833E+00  4.7999E+01  7.4146E-01 -7.0970E-01 -8.1416E-01  5.9600E-01  8.4144E-01 -2.4544E-01 -7.9726E-01
  2.2000E+01  1.0000E+00  0.0000E+00  9.7700E-01  0.0000E+00  0.0000E+00  1.0000E+00  9.1375E-01  5.3833E+00  4.7999E+01  1.1706E+00 -9.4439E-01 -1.0630E+00  9.7700E-01  1.2983E+00 -3.2135E-01 -1.0192E+00
  2.2000E+01  2.0000E+00  0.0000E+00  1.5530E+00  0.0000E+00  0.0000E+00  1.0000E+00  9.1375E-01  5.3833E+00  4.7999E+01  1.5158E+00  1.8161E-01  9.9569E-02  1.5530E+00  1.6470E+00 -9.3966E-02  1.7840E-01
  2.2000E+01  4.0000E+00  0.0000E+00  1.7210E+00  0.0000E+00  0.0000E+00  1.0000E+00  9.1375E-01  5.3833E+00  4.7999E+01  1.4550E+00  1.2980E+00  1.2126E+00  1.7210E+00  1.6312E+00  8.9769E-02  1.2579E+00
  2.2000E+01  8.0000E+00  0.0000E+00  9.3800E-01  0.0000E+00  0.0000E+00  1.0000E+00  9.1375E-01  5.3833E+00  4.7999E+01  9.6663E-01 -1.3970E-01 -3.7861E-01  9.3800E-01  1.2880E+00 -3.5003E-01 -4.5668E-01
  2.2000E+01  1.2000E+01  0.0000E+00  6.7000E-01  0.0000E+00  0.0000E+00  1.0000E+00  9.1375E-01  5.3833E+00  4.7999E+01  6.1817E-01  2.5287E-01 -4.7274E-02  6.7000E-01  1.0021E+00 -3.3210E-01 -1.4098E-01
  2.2000E+01  2.4000E+01  0.0000E+00  2.0400E-01  0.0000E+00  0.0000E+00  1.0000E+00  9.1375E-01  5.3833E+00  4.7999E+01  1.6093E-01  2.1015E-01  1.4898E-02  2.0400E-01  4.7160E-01 -2.6760E-01  1.0646E-01
  2.2000E+01  1.6800E+02  1.0000E+02  0.0000E+00  1.0000E+00  1.0000E+00  2.0000E+00  9.1375E-01  5.3833E+00  4.7999E+01  1.5580E-08 -7.6017E-08  0.0000E+00  0.0000E+00  5.5655E-05  0.0000E+00  0.0000E+00
  2.2000E+01  1.6850E+02  0.0000E+00  4.7900E-01  0.0000E+00  0.0000E+00  2.0000E+00  9.1375E-01  5.3833E+00  4.7999E+01  7.4146E-01 -1.2806E+00 -1.3850E+00  4.7900E-01  8.4149E-01 -3.6249E-01 -1.3672E+00
  2.2000E+01  1.6900E+02  0.0000E+00  1.3120E+00  0.0000E+00  0.0000E+00  2.0000E+00  9.1375E-01  5.3833E+00  4.7999E+01  1.1706E+00  6.9013E-01  5.7150E-01  1.3120E+00  1.2984E+00  1.3602E-02  6.1618E-01
  2.2000E+01  1.7000E+02  0.0000E+00  1.4620E+00  0.0000E+00  0.0000E+00  2.0000E+00  9.1375E-01  5.3833E+00  4.7999E+01  1.5158E+00 -2.6239E-01 -3.4443E-01  1.4620E+00  1.6470E+00 -1.8501E-01 -2.6479E-01
  2.2000E+01  1.7200E+02  0.0000E+00  1.3570E+00  0.0000E+00  0.0000E+00  2.0000E+00  9.1375E-01  5.3833E+00  4.7999E+01  1.4550E+00 -4.7799E-01 -5.6344E-01  1.3570E+00  1.6313E+00 -2.7427E-01 -5.1733E-01
  2.2000E+01  1.7600E+02  0.0000E+00  8.1300E-01  0.0000E+00  0.0000E+00  2.0000E+00  9.1375E-01  5.3833E+00  4.7999E+01  9.6663E-01 -7.4959E-01 -9.8850E-01  8.1300E-01  1.2881E+00 -4.7506E-01 -1.0660E+00
  2.2000E+01  1.8000E+02  0.0000E+00  3.7800E-01  0.0000E+00  0.0000E+00  2.0000E+00  9.1375E-01  5.3833E+00  4.7999E+01  6.1817E-01 -1.1718E+00 -1.4720E+00  3.7800E-01  1.0021E+00 -6.2413E-01 -1.5652E+00
  2.2000E+01  1.9200E+02  0.0000E+00  1.4200E-01  0.0000E+00  0.0000E+00  2.0000E+00  9.1375E-01  5.3833E+00  4.7999E+01  1.6093E-01 -9.2355E-02 -2.8761E-01  1.4200E-01  4.7161E-01 -3.2961E-01 -1.9580E-01
  2.2000E+01  3.3600E+02  1.0000E+02  0.0000E+00  1.0000E+00  1.0000E+00  3.0000E+00  9.1375E-01  5.3833E+00  4.7999E+01  1.5580E-08 -7.6017E-08  0.0000E+00  0.0000E+00  5.5656E-05  0.0000E+00  0.0000E+00
  2.2000E+01  3.3650E+02  0.0000E+00  8.4800E-01  0.0000E+00  0.0000E+00  3.0000E+00  9.1375E-01  5.3833E+00  4.7999E+01  7.4146E-01  5.1984E-01  4.1538E-01  8.4800E-01  8.4149E-01  6.5074E-03  4.3317E-01
  2.2000E+01  3.3700E+02  0.0000E+00  1.4140E+00  0.0000E+00  0.0000E+00  3.0000E+00  9.1375E-01  5.3833E+00  4.7999E+01  1.1706E+00  1.1878E+00  1.0692E+00  1.4140E+00  1.2984E+00  1.1560E-01  1.1139E+00
  2.2000E+01  3.3800E+02  0.0000E+00  1.4530E+00  0.0000E+00  0.0000E+00  3.0000E+00  9.1375E-01  5.3833E+00  4.7999E+01  1.5158E+00 -3.0630E-01 -3.8835E-01  1.4530E+00  1.6470E+00 -1.9401E-01 -3.0870E-01
  2.2000E+01  3.4000E+02  0.0000E+00  1.4940E+00  0.0000E+00  0.0000E+00  3.0000E+00  9.1375E-01  5.3833E+00  4.7999E+01  1.4550E+00  1.9045E-01  1.0501E-01  1.4940E+00  1.6313E+00 -1.3727E-01  1.5111E-01
  2.2000E+01  3.4400E+02  0.0000E+00  9.7300E-01  0.0000E+00  0.0000E+00  3.0000E+00  9.1375E-01  5.3833E+00  4.7999E+01  9.6663E-01  3.1073E-02 -2.0784E-01  9.7300E-01  1.2881E+00 -3.1506E-01 -2.8533E-01
  2.2000E+01  3.4800E+02  0.0000E+00  7.2400E-01  0.0000E+00  0.0000E+00  3.0000E+00  9.1375E-01  5.3833E+00  4.7999E+01  6.1817E-01  5.1635E-01  2.1620E-01  7.2400E-01  1.0021E+00 -2.7813E-01  1.2296E-01
  2.2000E+01  3.6000E+02  0.0000E+00  2.1500E-01  0.0000E+00  0.0000E+00  3.0000E+00  9.1375E-01  5.3833E+00  4.7999E+01  1.6093E-01  2.6382E-01  6.8568E-02  2.1500E-01  4.7161E-01 -2.5661E-01  1.6037E-01
  2.3000E+01  0.0000E+00  1.0000E+02  0.0000E+00  1.0000E+00  1.0000E+00  1.0000E+00  1.1733E+00  1.3912E+00  5.5601E+01  0.0000E+00  0.0000E+00  0.0000E+00  0.0000E+00  0.0000E+00  0.0000E+00  0.0000E+00
  2.3000E+01  5.0000E-01  0.0000E+00  9.0100E-01  0.0000E+00  0.0000E+00  1.0000E+00  1.1733E+00  1.3912E+00  5.5601E+01  7.9275E-01  5.2817E-01  4.8013E-01  9.0100E-01  8.4144E-01  5.9561E-02  4.3098E-01
  2.3000E+01  1.0000E+00  0.0000E+00  1.0730E+00  0.0000E+00  0.0000E+00  1.0000E+00  1.1733E+00  1.3912E+00  5.5601E+01  1.2238E+00 -7.3584E-01 -8.4891E-01  1.0730E+00  1.2983E+00 -2.2535E-01 -8.5049E-01
  2.3000E+01  2.0000E+00  0.0000E+00  1.5840E+00  0.0000E+00  0.0000E+00  1.0000E+00  1.1733E+00  1.3912E+00  5.5601E+01  1.5722E+00  5.7792E-02 -1.3909E-01  1.5840E+00  1.6470E+00 -6.2966E-02 -3.6271E-02
  2.3000E+01  4.0000E+00  0.0000E+00  1.7470E+00  0.0000E+00  0.0000E+00  1.0000E+00  1.1733E+00  1.3912E+00  5.5601E+01  1.6459E+00  4.9344E-01  3.0577E-01  1.7470E+00  1.6312E+00  1.1577E-01  4.0750E-01
  2.3000E+01  8.0000E+00  0.0000E+00  1.6440E+00  0.0000E+00  0.0000E+00  1.0000E+00  1.1733E+00  1.3912E+00  5.5601E+01  1.5042E+00  6.8215E-01  6.7035E-01  1.6440E+00  1.2880E+00  3.5597E-01  6.0506E-01
  2.3000E+01  1.2000E+01  0.0000E+00  1.3320E+00  0.0000E+00  0.0000E+00  1.0000E+00  1.1733E+00  1.3912E+00  5.5601E+01  1.3611E+00 -1.4186E-01  5.7513E-03  1.3320E+00  1.0021E+00  3.2990E-01 -9.4611E-02
  2.3000E+01  2.4000E+01  0.0000E+00  1.2860E+00  0.0000E+00  0.0000E+00  1.0000E+00  1.1733E+00  1.3912E+00  5.5601E+01  1.0081E+00  1.3561E+00  1.8177E+00  1.2860E+00  4.7160E-01  8.1440E-01  2.0069E+00
  2.3000E+01  1.6800E+02  1.0000E+02  0.0000E+00  1.0000E+00  1.0000E+00  2.0000E+00  1.1733E+00  1.3912E+00  5.5601E+01  2.7462E-02 -1.3399E-01  0.0000E+00  0.0000E+00  5.5655E-05  0.0000E+00  0.0000E+00
  2.3000E+01  1.6850E+02  0.0000E+00  1.0340E+00  0.0000E+00  0.0000E+00  2.0000E+00  1.1733E+00  1.3912E+00  5.5601E+01  8.1987E-01  1.0448E+00  1.1233E+00  1.0340E+00  8.4149E-01  1.9251E-01  1.0778E+00
  2.3000E+01  1.6900E+02  0.0000E+00  1.0440E+00  0.0000E+00  0.0000E+00  2.0000E+00  1.1733E+00  1.3912E+00  5.5601E+01  1.2506E+00 -1.0080E+00 -9.9571E-01  1.0440E+00  1.2984E+00 -2.5440E-01 -9.9402E-01
  2.3000E+01  1.7000E+02  0.0000E+00  1.8890E+00  0.0000E+00  0.0000E+00  2.0000E+00  1.1733E+00  1.3912E+00  5.5601E+01  1.5983E+00  1.4185E+00  1.3446E+00  1.8890E+00  1.6470E+00  2.4199E-01  1.4499E+00
  2.3000E+01  1.7200E+02  0.0000E+00  1.6700E+00  0.0000E+00  0.0000E+00  2.0000E+00  1.1733E+00  1.3912E+00  5.5601E+01  1.6707E+00 -3.4823E-03 -7.2674E-02  1.6700E+00  1.6313E+00  3.8726E-02  3.0092E-02
  2.3000E+01  1.7600E+02  0.0000E+00  1.6000E+00  0.0000E+00  0.0000E+00  2.0000E+00  1.1733E+00  1.3912E+00  5.5601E+01  1.5267E+00  3.5778E-01  4.5580E-01  1.6000E+00  1.2881E+00  3.1194E-01  3.8902E-01
  2.3000E+01  1.8000E+02  0.0000E+00  1.2530E+00  0.0000E+00  0.0000E+00  2.0000E+00  1.1733E+00  1.3912E+00  5.5601E+01  1.3814E+00 -6.2655E-01 -3.7721E-01  1.2530E+00  1.0021E+00  2.5087E-01 -4.8114E-01
  2.3000E+01  1.9200E+02  0.0000E+00  1.0420E+00  0.0000E+00  0.0000E+00  2.0000E+00  1.1733E+00  1.3912E+00  5.5601E+01  1.0231E+00  9.2093E-02  6.3434E-01  1.0420E+00  4.7161E-01  5.7039E-01  8.1582E-01
  2.3000E+01  3.3600E+02  1.0000E+02  0.0000E+00  1.0000E+00  1.0000E+00  3.0000E+00  1.1733E+00  1.3912E+00  5.5601E+01  2.7873E-02 -1.3600E-01  0.0000E+00  0.0000E+00  5.5656E-05  0.0000E+00  0.0000E+00
  2.3000E+01  3.3650E+02  0.0000E+00  7.6900E-01  0.0000E+00  0.0000E+00  3.0000E+00  1.1733E+00  1.3912E+00  5.5601E+01  8.2028E-01 -2.5019E-01 -1.6779E-01  7.6900E-01  8.4149E-01 -7.2493E-02 -2.1516E-01
  2.3000E+01  3.3700E+02  0.0000E+00  1.2090E+00  0.0000E+00  0.0000E+00  3.0000E+00  1.1733E+00  1.3912E+00  5.5601E+01  1.2510E+00 -2.0491E-01 -1.8877E-01  1.2090E+00  1.2984E+00 -8.9398E-02 -1.8896E-01
  2.3000E+01  3.3800E+02  0.0000E+00  1.6280E+00  0.0000E+00  0.0000E+00  3.0000E+00  1.1733E+00  1.3912E+00  5.5601E+01  1.5987E+00  1.4312E-01  7.3020E-02  1.6280E+00  1.6470E+00 -1.9015E-02  1.7649E-01
  2.3000E+01  3.4000E+02  0.0000E+00  1.3160E+00  0.0000E+00  0.0000E+00  3.0000E+00  1.1733E+00  1.3912E+00  5.5601E+01  1.6711E+00 -1.7325E+00 -1.7981E+00  1.3160E+00  1.6313E+00 -3.1527E-01 -1.6971E+00
  2.3000E+01  3.4400E+02  0.0000E+00  1.2550E+00  0.0000E+00  0.0000E+00  3.0000E+00  1.1733E+00  1.3912E+00  5.5601E+01  1.5270E+00 -1.3272E+00 -1.2259E+00  1.2550E+00  1.2881E+00 -3.3063E-02 -1.2943E+00
  2.3000E+01  3.4800E+02  0.0000E+00  1.4580E+00  0.0000E+00  0.0000E+00  3.0000E+00  1.1733E+00  1.3912E+00  5.5601E+01  1.3817E+00  3.7219E-01  6.2454E-01  1.4580E+00  1.0021E+00  4.5587E-01  5.1908E-01
  2.3000E+01  3.6000E+02  0.0000E+00  1.0760E+00  0.0000E+00  0.0000E+00  3.0000E+00  1.1733E+00  1.3912E+00  5.5601E+01  1.0234E+00  2.5689E-01  8.0144E-01  1.0760E+00  4.7161E-01  6.0439E-01  9.8171E-01
  2.4000E+01  0.0000E+00  1.0000E+02  0.0000E+00  1.0000E+00  1.0000E+00  1.0000E+00  1.0275E+00  3.2515E+00  7.6837E+01  0.0000E+00  0.0000E+00  0.0000E+00  0.0000E+00  0.0000E+00  0.0000E+00  0.0000E+00
  2.4000E+01  5.0000E-01  0.0000E+00  5.6900E-01  0.0000E+00  0.0000E+00  1.0000E+00  1.0275E+00  3.2515E+00  7.6837E+01  5.1691E-01  2.5417E-01  5.3847E-02  5.6900E-01  8.4144E-01 -2.7244E-01  6.5175E-02
  2.4000E+01  1.0000E+00  0.0000E+00  1.0270E+00  0.0000E+00  0.0000E+00  1.0000E+00  1.0275E+00  3.2515E+00  7.6837E+01  8.1532E-01  1.0328E+00  6.8747E-01  1.0270E+00  1.2983E+00 -2.7135E-01  7.2884E-01
  2.4000E+01  2.0000E+00  0.0000E+00  9.8800E-01  0.0000E+00  0.0000E+00  1.0000E+00  1.0275E+00  3.2515E+00  7.6837E+01  1.0733E+00 -4.1639E-01 -9.1559E-01  9.8800E-01  1.6470E+00 -6.5897E-01 -8.1355E-01
  2.4000E+01  4.0000E+00  0.0000E+00  1.0860E+00  0.0000E+00  0.0000E+00  1.0000E+00  1.0275E+00  3.2515E+00  7.6837E+01  1.1237E+00 -1.8406E-01 -7.0456E-01  1.0860E+00  1.6312E+00 -5.4523E-01 -5.5397E-01
  2.4000E+01  8.0000E+00  0.0000E+00  8.6400E-01  0.0000E+00  0.0000E+00  1.0000E+00  1.0275E+00  3.2515E+00  7.6837E+01  9.6718E-01 -5.0342E-01 -8.3426E-01  8.6400E-01  1.2880E+00 -4.2403E-01 -7.0811E-01
  2.4000E+01  1.2000E+01  0.0000E+00  8.6900E-01  0.0000E+00  0.0000E+00  1.0000E+00  1.0275E+00  3.2515E+00  7.6837E+01  8.1688E-01  2.5433E-01  9.0870E-02  8.6900E-01  1.0021E+00 -1.3310E-01  1.8926E-01
  2.4000E+01  2.4000E+01  0.0000E+00  4.5300E-01  0.0000E+00  0.0000E+00  1.0000E+00  1.0275E+00  3.2515E+00  7.6837E+01  4.9161E-01 -1.8840E-01 -7.6181E-02  4.5300E-01  4.7160E-01 -1.8599E-02 -6.0564E-03
  2.4000E+01  1.6800E+02  1.0000E+02  0.0000E+00  1.0000E+00  1.0000E+00  2.0000E+00  1.0275E+00  3.2515E+00  7.6837E+01  1.1097E-03 -5.4144E-03  0.0000E+00  0.0000E+00  5.5655E-05  0.0000E+00  0.0000E+00
  2.4000E+01  1.6850E+02  0.0000E+00  3.0500E-01  0.0000E+00  0.0000E+00  2.0000E+00  1.0275E+00  3.2515E+00  7.6837E+01  5.1799E-01 -1.0392E+00 -1.2337E+00  3.0500E-01  8.4149E-01 -5.3649E-01 -1.2236E+00
  2.4000E+01  1.6900E+02  0.0000E+00  9.5900E-01  0.0000E+00  0.0000E+00  2.0000E+00  1.0275E+00  3.2515E+00  7.6837E+01  8.1639E-01  6.9583E-01  3.5625E-01  9.5900E-01  1.2984E+00 -3.3940E-01  3.9640E-01
  2.4000E+01  1.7000E+02  0.0000E+00  1.0480E+00  0.0000E+00  0.0000E+00  2.0000E+00  1.0275E+00  3.2515E+00  7.6837E+01  1.0744E+00 -1.2862E-01 -6.2227E-01  1.0480E+00  1.6470E+00 -5.9901E-01 -5.2143E-01
  2.4000E+01  1.7200E+02  0.0000E+00  8.4400E-01  0.0000E+00  0.0000E+00  2.0000E+00  1.0275E+00  3.2515E+00  7.6837E+01  1.1247E+00 -1.3694E+00 -1.8847E+00  8.4400E-01  1.6313E+00 -7.8727E-01 -1.7353E+00
  2.4000E+01  1.7600E+02  0.0000E+00  7.8700E-01  0.0000E+00  0.0000E+00  2.0000E+00  1.0275E+00  3.2515E+00  7.6837E+01  9.6797E-01 -8.8297E-01 -1.2093E+00  7.8700E-01  1.2881E+00 -5.0106E-01 -1.0842E+00
  2.4000E+01  1.8000E+02  0.0000E+00  6.8800E-01  0.0000E+00  0.0000E+00  2.0000E+00  1.0275E+00  3.2515E+00  7.6837E+01  8.1754E-01 -6.3206E-01 -7.9164E-01  6.8800E-01  1.0021E+00 -3.1413E-01 -6.9421E-01
  2.4000E+01  1.9200E+02  0.0000E+00  5.1700E-01  0.0000E+00  0.0000E+00  2.0000E+00  1.0275E+00  3.2515E+00  7.6837E+01  4.9202E-01  1.2190E-01  2.3663E-01  5.1700E-01  4.7161E-01  4.5388E-02  3.0604E-01
  2.4000E+01  3.3600E+02  1.0000E+02  0.0000E+00  1.0000E+00  1.0000E+00  3.0000E+00  1.0275E+00  3.2515E+00  7.6837E+01  1.1106E-03 -5.4188E-03  0.0000E+00  0.0000E+00  5.5656E-05  0.0000E+00  0.0000E+00
  2.4000E+01  3.3650E+02  0.0000E+00  3.9800E-01  0.0000E+00  0.0000E+00  3.0000E+00  1.0275E+00  3.2515E+00  7.6837E+01  5.1799E-01 -5.8547E-01 -7.7993E-01  3.9800E-01  8.4149E-01 -4.4349E-01 -7.6984E-01
  2.4000E+01  3.3700E+02  0.0000E+00  7.9000E-01  0.0000E+00  0.0000E+00  3.0000E+00  1.0275E+00  3.2515E+00  7.6837E+01  8.1639E-01 -1.2875E-01 -4.6832E-01  7.9000E-01  1.2984E+00 -5.0840E-01 -4.2818E-01
  2.4000E+01  3.3800E+02  0.0000E+00  1.0340E+00  0.0000E+00  0.0000E+00  3.0000E+00  1.0275E+00  3.2515E+00  7.6837E+01  1.0744E+00 -1.9693E-01 -6.9057E-01  1.0340E+00  1.6470E+00 -6.1301E-01 -5.8974E-01
  2.4000E+01  3.4000E+02  0.0000E+00  1.0870E+00  0.0000E+00  0.0000E+00  3.0000E+00  1.0275E+00  3.2515E+00  7.6837E+01  1.1247E+00 -1.8375E-01 -6.9909E-01  1.0870E+00  1.6313E+00 -5.4427E-01 -5.4964E-01
  2.4000E+01  3.4400E+02  0.0000E+00  1.1030E+00  0.0000E+00  0.0000E+00  3.0000E+00  1.0275E+00  3.2515E+00  7.6837E+01  9.6797E-01  6.5883E-01  3.3248E-01  1.1030E+00  1.2881E+00 -1.8506E-01  4.5757E-01
  2.4000E+01  3.4800E+02  0.0000E+00  8.4000E-01  0.0000E+00  0.0000E+00  3.0000E+00  1.0275E+00  3.2515E+00  7.6837E+01  8.1754E-01  1.0957E-01 -5.0008E-02  8.4000E-01  1.0021E+00 -1.6213E-01  4.7419E-02
  2.4000E+01  3.6000E+02  0.0000E+00  7.5400E-01  0.0000E+00  0.0000E+00  3.0000E+00  1.0275E+00  3.2515E+00  7.6837E+01  4.9202E-01  1.2783E+00  1.3930E+00  7.5400E-01  4.7161E-01  2.8239E-01  1.4624E+00
  2.5000E+01  0.0000E+00  1.0000E+02  0.0000E+00  1.0000E+00  1.0000E+00  1.0000E+00  9.0290E-01  5.4252E+00  4.5773E+01  0.0000E+00  0.0000E+00  0.0000E+00  0.0000E+00  0.0000E+00  0.0000E+00  0.0000E+00
  2.5000E+01  5.0000E-01  0.0000E+00  5.6300E-01  0.0000E+00  0.0000E+00  1.0000E+00  9.0290E-01  5.4252E+00  4.5773E+01  7.6892E-01 -1.0047E+00 -1.1008E+00  5.6300E-01  8.4144E-01 -2.7844E-01 -1.0691E+00
  2.5000E+01  1.0000E+00  0.0000E+00  1.2360E+00  0.0000E+00  0.0000E+00  1.0000E+00  9.0290E-01  5.4252E+00  4.5773E+01  1.2143E+00  1.0609E-01  1.1205E-02  1.2360E+00  1.2983E+00 -6.2346E-02  7.2901E-02
  2.5000E+01  2.0000E+00  0.0000E+00  1.5150E+00  0.0000E+00  0.0000E+00  1.0000E+00  9.0290E-01  5.4252E+00  4.5773E+01  1.5708E+00 -2.7221E-01 -3.0661E-01  1.5150E+00  1.6470E+00 -1.3197E-01 -2.1716E-01
  2.5000E+01  4.0000E+00  0.0000E+00  1.2270E+00  0.0000E+00  0.0000E+00  1.0000E+00  9.0290E-01  5.4252E+00  4.5773E+01  1.4974E+00 -1.3195E+00 -1.3591E+00  1.2270E+00  1.6312E+00 -4.0423E-01 -1.3213E+00
  2.5000E+01  8.0000E+00  0.0000E+00  1.0050E+00  0.0000E+00  0.0000E+00  1.0000E+00  9.0290E-01  5.4252E+00  4.5773E+01  9.7252E-01  1.5850E-01 -8.7284E-02  1.0050E+00  1.2880E+00 -2.8303E-01 -1.7712E-01
  2.5000E+01  1.2000E+01  0.0000E+00  6.3800E-01  0.0000E+00  0.0000E+00  1.0000E+00  9.0290E-01  5.4252E+00  4.5773E+01  6.0643E-01  1.5402E-01 -1.7478E-01  6.3800E-01  1.0021E+00 -3.6410E-01 -2.6412E-01
  2.5000E+01  2.4000E+01  0.0000E+00  1.8400E-01  0.0000E+00  0.0000E+00  1.0000E+00  9.0290E-01  5.4252E+00  4.5773E+01  1.4626E-01  1.8414E-01 -2.4688E-02  1.8400E-01  4.7160E-01 -2.8760E-01  1.2312E-01
  2.5000E+01  1.6800E+02  1.0000E+02  0.0000E+00  1.0000E+00  1.0000E+00  2.0000E+00  9.0290E-01  5.4252E+00  4.5773E+01  5.6601E-09 -2.7616E-08  0.0000E+00  0.0000E+00  5.5655E-05  0.0000E+00  0.0000E+00
  2.5000E+01  1.6850E+02  0.0000E+00  9.3100E-01  0.0000E+00  0.0000E+00  2.0000E+00  9.0290E-01  5.4252E+00  4.5773E+01  7.6892E-01  7.9079E-01  6.9475E-01  9.3100E-01  8.4149E-01  8.9507E-02  7.2749E-01
  2.5000E+01  1.6900E+02  0.0000E+00  1.2430E+00  0.0000E+00  0.0000E+00  2.0000E+00  9.0290E-01  5.4252E+00  4.5773E+01  1.2143E+00  1.4024E-01  4.5359E-02  1.2430E+00  1.2984E+00 -5.5398E-02  1.0806E-01
  2.5000E+01  1.7000E+02  0.0000E+00  1.6630E+00  0.0000E+00  0.0000E+00  2.0000E+00  9.0290E-01  5.4252E+00  4.5773E+01  1.5708E+00  4.4990E-01  4.1551E-01  1.6630E+00  1.6470E+00  1.5985E-02  5.0590E-01
  2.5000E+01  1.7200E+02  0.0000E+00  1.7110E+00  0.0000E+00  0.0000E+00  2.0000E+00  9.0290E-01  5.4252E+00  4.5773E+01  1.4974E+00  1.0420E+00  1.0024E+00  1.7110E+00  1.6313E+00  7.9726E-02  1.0411E+00
  2.5000E+01  1.7600E+02  0.0000E+00  8.9400E-01  0.0000E+00  0.0000E+00  2.0000E+00  9.0290E-01  5.4252E+00  4.5773E+01  9.7252E-01 -3.8309E-01 -6.2887E-01  8.9400E-01  1.2881E+00 -3.9406E-01 -7.1802E-01
  2.5000E+01  1.8000E+02  0.0000E+00  3.4900E-01  0.0000E+00  0.0000E+00  2.0000E+00  9.0290E-01  5.4252E+00  4.5773E+01  6.0643E-01 -1.2560E+00 -1.5849E+00  3.4900E-01  1.0021E+00 -6.5313E-01 -1.6736E+00
  2.5000E+01  1.9200E+02  0.0000E+00  6.7000E-02  0.0000E+00  0.0000E+00  2.0000E+00  9.0290E-01  5.4252E+00  4.5773E+01  1.4626E-01 -3.8672E-01 -5.9555E-01  6.7000E-02  4.7161E-01 -4.0461E-01 -4.4746E-01
  2.5000E+01  3.3600E+02  1.0000E+02  0.0000E+00  1.0000E+00  1.0000E+00  3.0000E+00  9.0290E-01  5.4252E+00  4.5773E+01  5.6601E-09 -2.7616E-08  0.0000E+00  0.0000E+00  5.5656E-05  0.0000E+00  0.0000E+00
  2.5000E+01  3.3650E+02  0.0000E+00  4.4100E-01  0.0000E+00  0.0000E+00  3.0000E+00  9.0290E-01  5.4252E+00  4.5773E+01  7.6892E-01 -1.6000E+00 -1.6960E+00  4.4100E-01  8.4149E-01 -4.0049E-01 -1.6633E+00
  2.5000E+01  3.3700E+02  0.0000E+00  1.1960E+00  0.0000E+00  0.0000E+00  3.0000E+00  9.0290E-01  5.4252E+00  4.5773E+01  1.2143E+00 -8.9078E-02 -1.8396E-01  1.1960E+00  1.2984E+00 -1.0240E-01 -1.2126E-01
  2.5000E+01  3.3800E+02  0.0000E+00  1.7960E+00  0.0000E+00  0.0000E+00  3.0000E+00  9.0290E-01  5.4252E+00  4.5773E+01  1.5708E+00  1.0988E+00  1.0644E+00  1.7960E+00  1.6470E+00  1.4899E-01  1.1548E+00
  2.5000E+01  3.4000E+02  0.0000E+00  1.5480E+00  0.0000E+00  0.0000E+00  3.0000E+00  9.0290E-01  5.4252E+00  4.5773E+01  1.4974E+00  2.4674E-01  2.0714E-01  1.5480E+00  1.6313E+00 -8.3274E-02  2.4576E-01
  2.5000E+01  3.4400E+02  0.0000E+00  9.2900E-01  0.0000E+00  0.0000E+00  3.0000E+00  9.0290E-01  5.4252E+00  4.5773E+01  9.7252E-01 -2.1232E-01 -4.5810E-01  9.2900E-01  1.2881E+00 -3.5906E-01 -5.4725E-01
  2.5000E+01  3.4800E+02  0.0000E+00  7.6600E-01  0.0000E+00  0.0000E+00  3.0000E+00  9.0290E-01  5.4252E+00  4.5773E+01  6.0643E-01  7.7855E-01  4.4975E-01  7.6600E-01  1.0021E+00 -2.3613E-01  3.6096E-01
  2.5000E+01  3.6000E+02  0.0000E+00  1.8600E-01  0.0000E+00  0.0000E+00  3.0000E+00  9.0290E-01  5.4252E+00  4.5773E+01  1.4626E-01  1.9390E-01 -1.4929E-02  1.8600E-01  4.7161E-01 -2.8561E-01  1.3316E-01
  2.6000E+01  0.0000E+00  1.0000E+02  0.0000E+00  1.0000E+00  1.0000E+00  1.0000E+00  9.7770E-01  2.7725E+00  3.4721E+01  0.0000E+00  0.0000E+00  0.0000E+00  0.0000E+00  0.0000E+00  0.0000E+00  0.0000E+00
  2.6000E+01  5.0000E-01  0.0000E+00  9.6500E-01  0.0000E+00  0.0000E+00  1.0000E+00  9.7770E-01  2.7725E+00  3.4721E+01  1.0899E+00 -6.0965E-01 -5.7428E-01  9.6500E-01  8.4144E-01  1.2356E-01 -5.4461E-01
  2.6000E+01  1.0000E+00  0.0000E+00  1.6160E+00  0.0000E+00  0.0000E+00  1.0000E+00  9.7770E-01  2.7725E+00  3.4721E+01  1.7158E+00 -4.8688E-01 -3.0694E-01  1.6160E+00  1.2983E+00  3.1765E-01 -2.4125E-01
  2.6000E+01  2.0000E+00  0.0000E+00  2.8260E+00  0.0000E+00  0.0000E+00  1.0000E+00  9.7770E-01  2.7725E+00  3.4721E+01  2.2295E+00  2.9102E+00  3.3616E+00  2.8260E+00  1.6470E+00  1.1790E+00  3.4702E+00
  2.6000E+01  4.0000E+00  0.0000E+00  2.3860E+00  0.0000E+00  0.0000E+00  1.0000E+00  9.7770E-01  2.7725E+00  3.4721E+01  2.2159E+00  8.2971E-01  1.4028E+00  2.3860E+00  1.6312E+00  7.5477E-01  1.5120E+00
  2.6000E+01  8.0000E+00  0.0000E+00  1.9150E+00  0.0000E+00  0.0000E+00  1.0000E+00  9.7770E-01  2.7725E+00  3.4721E+01  1.6544E+00  1.2713E+00  1.5239E+00  1.9150E+00  1.2880E+00  6.2697E-01  1.5975E+00
  2.6000E+01  1.2000E+01  0.0000E+00  1.5040E+00  0.0000E+00  0.0000E+00  1.0000E+00  9.7770E-01  2.7725E+00  3.4721E+01  1.2030E+00  1.4688E+00  1.4673E+00  1.5040E+00  1.0021E+00  5.0190E-01  1.5211E+00
  2.6000E+01  2.4000E+01  0.0000E+00  5.7300E-01  0.0000E+00  0.0000E+00  1.0000E+00  9.7770E-01  2.7725E+00  3.4721E+01  4.6143E-01  5.4435E-01  3.2702E-01  5.7300E-01  4.7160E-01  1.0140E-01  3.5439E-01
  2.6000E+01  1.6800E+02  1.0000E+02  0.0000E+00  1.0000E+00  1.0000E+00  2.0000E+00  9.7770E-01  2.7725E+00  3.4721E+01  4.6803E-06 -2.2836E-05  0.0000E+00  0.0000E+00  5.5655E-05  0.0000E+00  0.0000E+00
  2.6000E+01  1.6850E+02  0.0000E+00  1.1740E+00  0.0000E+00  0.0000E+00  2.0000E+00  9.7770E-01  2.7725E+00  3.4721E+01  1.0900E+00  4.1007E-01  4.4541E-01  1.1740E+00  8.4149E-01  3.3251E-01  4.7526E-01
  2.6000E+01  1.6900E+02  0.0000E+00  1.7730E+00  0.0000E+00  0.0000E+00  2.0000E+00  9.7770E-01  2.7725E+00  3.4721E+01  1.7158E+00  2.7912E-01  4.5904E-01  1.7730E+00  1.2984E+00  4.7460E-01  5.2490E-01
  2.6000E+01  1.7000E+02  0.0000E+00  2.3380E+00  0.0000E+00  0.0000E+00  2.0000E+00  9.7770E-01  2.7725E+00  3.4721E+01  2.2295E+00  5.2916E-01  9.8050E-01  2.3380E+00  1.6470E+00  6.9099E-01  1.0893E+00
  2.6000E+01  1.7200E+02  0.0000E+00  1.8410E+00  0.0000E+00  0.0000E+00  2.0000E+00  9.7770E-01  2.7725E+00  3.4721E+01  2.2160E+00 -1.8294E+00 -1.2564E+00  1.8410E+00  1.6313E+00  2.0973E-01 -1.1470E+00
  2.6000E+01  1.7600E+02  0.0000E+00  1.8060E+00  0.0000E+00  0.0000E+00  2.0000E+00  9.7770E-01  2.7725E+00  3.4721E+01  1.6544E+00  7.3951E-01  9.9205E-01  1.8060E+00  1.2881E+00  5.1794E-01  1.0658E+00
  2.6000E+01  1.8000E+02  0.0000E+00  1.0800E+00  0.0000E+00  0.0000E+00  2.0000E+00  9.7770E-01  2.7725E+00  3.4721E+01  1.2030E+00 -5.9996E-01 -6.0145E-01  1.0800E+00  1.0021E+00  7.7875E-02 -5.4754E-01
  2.6000E+01  1.9200E+02  0.0000E+00  4.7700E-01  0.0000E+00  0.0000E+00  2.0000E+00  9.7770E-01  2.7725E+00  3.4721E+01  4.6143E-01  7.5953E-02 -1.4139E-01  4.7700E-01  4.7161E-01  5.3884E-03 -1.1397E-01
  2.6000E+01  3.3600E+02  1.0000E+02  0.0000E+00  1.0000E+00  1.0000E+00  3.0000E+00  9.7770E-01  2.7725E+00  3.4721E+01  4.6803E-06 -2.2836E-05  0.0000E+00  0.0000E+00  5.5656E-05  0.0000E+00  0.0000E+00
  2.6000E+01  3.3650E+02  0.0000E+00  9.1700E-01  0.0000E+00  0.0000E+00  3.0000E+00  9.7770E-01  2.7725E+00  3.4721E+01  1.0900E+00 -8.4387E-01 -8.0853E-01  9.1700E-01  8.4149E-01  7.5507E-02 -7.7868E-01
  2.6000E+01  3.3700E+02  0.0000E+00  1.5070E+00  0.0000E+00  0.0000E+00  3.0000E+00  9.7770E-01  2.7725E+00  3.4721E+01  1.7158E+00 -1.0187E+00 -8.3882E-01  1.5070E+00  1.2984E+00  2.0860E-01 -7.7296E-01
  2.6000E+01  3.3800E+02  0.0000E+00  2.1800E+00  0.0000E+00  0.0000E+00  3.0000E+00  9.7770E-01  2.7725E+00  3.4721E+01  2.2295E+00 -2.4175E-01  2.0959E-01  2.1800E+00  1.6470E+00  5.3299E-01  3.1841E-01
  2.6000E+01  3.4000E+02  0.0000E+00  2.1230E+00  0.0000E+00  0.0000E+00  3.0000E+00  9.7770E-01  2.7725E+00  3.4721E+01  2.2160E+00 -4.5353E-01  1.1954E-01  2.1230E+00  1.6313E+00  4.9173E-01  2.2892E-01
  2.6000E+01  3.4400E+02  0.0000E+00  1.5310E+00  0.0000E+00  0.0000E+00  3.0000E+00  9.7770E-01  2.7725E+00  3.4721E+01  1.6544E+00 -6.0226E-01 -3.4971E-01  1.5310E+00  1.2881E+00  2.4294E-01 -2.7600E-01
  2.6000E+01  3.4800E+02  0.0000E+00  9.2400E-01  0.0000E+00  0.0000E+00  3.0000E+00  9.7770E-01  2.7725E+00  3.4721E+01  1.2030E+00 -1.3611E+00 -1.3626E+00  9.2400E-01  1.0021E+00 -7.8125E-02 -1.3087E+00
  2.6000E+01  3.6000E+02  0.0000E+00  2.0500E-01  0.0000E+00  0.0000E+00  3.0000E+00  9.7770E-01  2.7725E+00  3.4721E+01  4.6143E-01 -1.2512E+00 -1.4685E+00  2.0500E-01  4.7161E-01 -2.6661E-01 -1.4411E+00
  2.7000E+01  0.0000E+00  1.0000E+02  0.0000E+00  1.0000E+00  1.0000E+00  1.0000E+00  9.2070E-01  2.8060E+00  5.6390E+01  0.0000E+00  0.0000E+00  0.0000E+00  0.0000E+00  0.0000E+00  0.0000E+00  0.0000E+00
  2.7000E+01  5.0000E-01  0.0000E+00  6.8400E-01  0.0000E+00  0.0000E+00  1.0000E+00  9.2070E-01  2.8060E+00  5.6390E+01  6.4557E-01  1.8750E-01  4.4308E-02  6.8400E-01  8.4144E-01 -1.5744E-01  6.6470E-02
  2.7000E+01  1.0000E+00  0.0000E+00  9.2700E-01  0.0000E+00  0.0000E+00  1.0000E+00  9.2070E-01  2.8060E+00  5.6390E+01  1.0371E+00 -5.3721E-01 -7.3923E-01  9.2700E-01  1.2983E+00 -3.7135E-01 -7.2380E-01
  2.7000E+01  2.0000E+00  0.0000E+00  1.7820E+00  0.0000E+00  0.0000E+00  1.0000E+00  9.2070E-01  2.8060E+00  5.6390E+01  1.3998E+00  1.8649E+00  1.6539E+00  1.7820E+00  1.6470E+00  1.3503E-01  1.6589E+00
  2.7000E+01  4.0000E+00  0.0000E+00  1.2500E+00  0.0000E+00  0.0000E+00  1.0000E+00  9.2070E-01  2.8060E+00  5.6390E+01  1.4892E+00 -1.1670E+00 -1.3050E+00  1.2500E+00  1.6312E+00 -3.8123E-01 -1.2871E+00
  2.7000E+01  8.0000E+00  0.0000E+00  1.3100E+00  0.0000E+00  0.0000E+00  1.0000E+00  9.2070E-01  2.8060E+00  5.6390E+01  1.2579E+00  2.5444E-01  2.2227E-01  1.3100E+00  1.2880E+00  2.1970E-02  2.3432E-01
  2.7000E+01  1.2000E+01  0.0000E+00  1.2250E+00  0.0000E+00  0.0000E+00  1.0000E+00  9.2070E-01  2.8060E+00  5.6390E+01  1.0318E+00  9.4280E-01  9.7386E-01  1.2250E+00  1.0021E+00  2.2290E-01  9.7311E-01
  2.7000E+01  2.4000E+01  0.0000E+00  5.1300E-01  0.0000E+00  0.0000E+00  1.0000E+00  9.2070E-01  2.8060E+00  5.6390E+01  5.6789E-01 -2.6781E-01 -1.5710E-01  5.1300E-01  4.7160E-01  4.1401E-02 -1.5136E-01
  2.7000E+01  1.6800E+02  1.0000E+02  0.0000E+00  1.0000E+00  1.0000E+00  2.0000E+00  9.2070E-01  2.8060E+00  5.6390E+01  4.3881E-04 -2.1410E-03  0.0000E+00  0.0000E+00  5.5655E-05  0.0000E+00  0.0000E+00
  2.7000E+01  1.6850E+02  0.0000E+00  6.5400E-01  0.0000E+00  0.0000E+00  2.0000E+00  9.2070E-01  2.8060E+00  5.6390E+01  6.4600E-01  3.9034E-02 -1.0322E-01  6.5400E-01  8.4149E-01 -1.8749E-01 -8.0620E-02
  2.7000E+01  1.6900E+02  0.0000E+00  9.5300E-01  0.0000E+00  0.0000E+00  2.0000E+00  9.2070E-01  2.8060E+00  5.6390E+01  1.0375E+00 -4.1239E-01 -6.1349E-01  9.5300E-01  1.2984E+00 -3.4540E-01 -5.9764E-01
  2.7000E+01  1.7000E+02  0.0000E+00  1.4230E+00  0.0000E+00  0.0000E+00  2.0000E+00  9.2070E-01  2.8060E+00  5.6390E+01  1.4002E+00  1.1138E-01 -9.8811E-02  1.4230E+00  1.6470E+00 -2.2401E-01 -9.3399E-02
  2.7000E+01  1.7200E+02  0.0000E+00  1.2510E+00  0.0000E+00  0.0000E+00  2.0000E+00  9.2070E-01  2.8060E+00  5.6390E+01  1.4895E+00 -1.1638E+00 -1.3011E+00  1.2510E+00  1.6313E+00 -3.8027E-01 -1.2828E+00
  2.7000E+01  1.7600E+02  0.0000E+00  1.3680E+00  0.0000E+00  0.0000E+00  2.0000E+00  9.2070E-01  2.8060E+00  5.6390E+01  1.2581E+00  5.3599E-01  5.0449E-01  1.3680E+00  1.2881E+00  7.9937E-02  5.1685E-01
  2.7000E+01  1.8000E+02  0.0000E+00  8.4400E-01  0.0000E+00  0.0000E+00  2.0000E+00  9.2070E-01  2.8060E+00  5.6390E+01  1.0320E+00 -9.1733E-01 -8.8571E-01  8.4400E-01  1.0021E+00 -1.5813E-01 -8.8621E-01
  2.7000E+01  1.9200E+02  0.0000E+00  4.5500E-01  0.0000E+00  0.0000E+00  2.0000E+00  9.2070E-01  2.8060E+00  5.6390E+01  5.6802E-01 -5.5145E-01 -4.4041E-01  4.5500E-01  4.7161E-01 -1.6612E-02 -4.3453E-01
  2.7000E+01  3.3600E+02  1.0000E+02  0.0000E+00  1.0000E+00  1.0000E+00  3.0000E+00  9.2070E-01  2.8060E+00  5.6390E+01  4.3892E-04 -2.1415E-03  0.0000E+00  0.0000E+00  5.5656E-05  0.0000E+00  0.0000E+00
  2.7000E+01  3.3650E+02  0.0000E+00  6.6900E-01  0.0000E+00  0.0000E+00  3.0000E+00  9.2070E-01  2.8060E+00  5.6390E+01  6.4600E-01  1.1222E-01 -3.0035E-02  6.6900E-01  8.4149E-01 -1.7249E-01 -7.4333E-03
  2.7000E+01  3.3700E+02  0.0000E+00  8.9800E-01  0.0000E+00  0.0000E+00  3.0000E+00  9.2070E-01  2.8060E+00  5.6390E+01  1.0375E+00 -6.8075E-01 -8.8185E-01  8.9800E-01  1.2984E+00 -4.0040E-01 -8.6599E-01
  2.7000E+01  3.3800E+02  0.0000E+00  1.3820E+00  0.0000E+00  0.0000E+00  3.0000E+00  9.2070E-01  2.8060E+00  5.6390E+01  1.4002E+00 -8.8669E-02 -2.9886E-01  1.3820E+00  1.6470E+00 -2.6501E-01 -2.9344E-01
  2.7000E+01  3.4000E+02  0.0000E+00  1.5320E+00  0.0000E+00  0.0000E+00  3.0000E+00  9.2070E-01  2.8060E+00  5.6390E+01  1.4895E+00  2.0721E-01  6.9922E-02  1.5320E+00  1.6313E+00 -9.9274E-02  8.8196E-02
  2.7000E+01  3.4400E+02  0.0000E+00  1.3550E+00  0.0000E+00  0.0000E+00  3.0000E+00  9.2070E-01  2.8060E+00  5.6390E+01  1.2581E+00  4.7256E-01  4.4106E-01  1.3550E+00  1.2881E+00  6.6937E-02  4.5342E-01
  2.7000E+01  3.4800E+02  0.0000E+00  9.7900E-01  0.0000E+00  0.0000E+00  3.0000E+00  9.2070E-01  2.8060E+00  5.6390E+01  1.0320E+00 -2.5865E-01 -2.2702E-01  9.7900E-01  1.0021E+00 -2.3125E-02 -2.2752E-01
  2.7000E+01  3.6000E+02  0.0000E+00  7.3800E-01  0.0000E+00  0.0000E+00  3.0000E+00  9.2070E-01  2.8060E+00  5.6390E+01  5.6802E-01  8.2935E-01  9.4039E-01  7.3800E-01  4.7161E-01  2.6639E-01  9.4627E-01
  2.8000E+01  0.0000E+00  1.0000E+02  0.0000E+00  1.0000E+00  1.0000E+00  1.0000E+00  1.6388E+00  4.2240E+00  4.6564E+01  0.0000E+00  0.0000E+00  0.0000E+00  0.0000E+00  0.0000E+00  0.0000E+00  0.0000E+00
  2.8000E+01  5.0000E-01  0.0000E+00  8.5700E-01  0.0000E+00  0.0000E+00  1.0000E+00  1.6388E+00  4.2240E+00  4.6564E+01  1.1707E+00 -1.5306E+00 -1.1989E+00  8.5700E-01  8.4144E-01  1.5561E-02 -1.1619E+00
  2.8000E+01  1.0000E+00  0.0000E+00  1.3820E+00  0.0000E+00  0.0000E+00  1.0000E+00  1.6388E+00  4.2240E+00  4.6564E+01  1.6347E+00 -1.2331E+00 -9.5956E-01  1.3820E+00  1.2983E+00  8.3654E-02 -9.6237E-01
  2.8000E+01  2.0000E+00  0.0000E+00  1.9100E+00  0.0000E+00  0.0000E+00  1.0000E+00  1.6388E+00  4.2240E+00  4.6564E+01  1.8105E+00  4.8566E-01  5.4000E-01  1.9100E+00  1.6470E+00  2.6303E-01  5.3982E-01
  2.8000E+01  4.0000E+00  0.0000E+00  1.3720E+00  0.0000E+00  0.0000E+00  1.0000E+00  1.6388E+00  4.2240E+00  4.6564E+01  1.5784E+00 -1.0069E+00 -1.1113E+00  1.3720E+00  1.6312E+00 -2.5923E-01 -1.0203E+00
  2.8000E+01  8.0000E+00  0.0000E+00  1.1520E+00  0.0000E+00  0.0000E+00  1.0000E+00  1.6388E+00  4.2240E+00  4.6564E+01  1.1003E+00  2.5231E-01  9.0414E-02  1.1520E+00  1.2880E+00 -1.3603E-01  9.2979E-02
  2.8000E+01  1.2000E+01  0.0000E+00  1.1240E+00  0.0000E+00  0.0000E+00  1.0000E+00  1.6388E+00  4.2240E+00  4.6564E+01  7.6546E-01  1.7494E+00  1.5790E+00  1.1240E+00  1.0021E+00  1.2190E-01  1.5048E+00
  2.8000E+01  2.4000E+01  0.0000E+00  3.5400E-01  0.0000E+00  0.0000E+00  1.0000E+00  1.6388E+00  4.2240E+00  4.6564E+01  2.5773E-01  4.6973E-01  3.5401E-01  3.5400E-01  4.7160E-01 -1.1760E-01  3.0311E-01
  2.8000E+01  1.6800E+02  1.0000E+02  0.0000E+00  1.0000E+00  1.0000E+00  2.0000E+00  1.6388E+00  4.2240E+00  4.6564E+01  5.4705E-07 -2.6691E-06  0.0000E+00  0.0000E+00  5.5655E-05  0.0000E+00  0.0000E+00
  2.8000E+01  1.6850E+02  0.0000E+00  1.1370E+00  0.0000E+00  0.0000E+00  2.0000E+00  1.6388E+00  4.2240E+00  4.6564E+01  1.1707E+00 -1.6445E-01  1.6725E-01  1.1370E+00  8.4149E-01  2.9551E-01  2.0467E-01
  2.8000E+01  1.6900E+02  0.0000E+00  1.4840E+00  0.0000E+00  0.0000E+00  2.0000E+00  1.6388E+00  4.2240E+00  4.6564E+01  1.6347E+00 -7.3542E-01 -4.6190E-01  1.4840E+00  1.2984E+00  1.8560E-01 -4.6425E-01
  2.8000E+01  1.7000E+02  0.0000E+00  1.9400E+00  0.0000E+00  0.0000E+00  2.0000E+00  1.6388E+00  4.2240E+00  4.6564E+01  1.8105E+00  6.3203E-01  6.8637E-01  1.9400E+00  1.6470E+00  2.9299E-01  6.8661E-01
  2.8000E+01  1.7200E+02  0.0000E+00  1.3060E+00  0.0000E+00  0.0000E+00  2.0000E+00  1.6388E+00  4.2240E+00  4.6564E+01  1.5784E+00 -1.3289E+00 -1.4333E+00  1.3060E+00  1.6313E+00 -3.2527E-01 -1.3420E+00
  2.8000E+01  1.7600E+02  0.0000E+00  9.2700E-01  0.0000E+00  0.0000E+00  2.0000E+00  1.6388E+00  4.2240E+00  4.6564E+01  1.1003E+00 -8.4550E-01 -1.0074E+00  9.2700E-01  1.2881E+00 -3.6106E-01 -1.0045E+00
  2.8000E+01  1.8000E+02  0.0000E+00  5.3000E-01  0.0000E+00  0.0000E+00  2.0000E+00  1.6388E+00  4.2240E+00  4.6564E+01  7.6546E-01 -1.1488E+00 -1.3192E+00  5.3000E-01  1.0021E+00 -4.7213E-01 -1.3931E+00
  2.8000E+01  1.9200E+02  0.0000E+00  2.1200E-01  0.0000E+00  0.0000E+00  2.0000E+00  1.6388E+00  4.2240E+00  4.6564E+01  2.5773E-01 -2.2311E-01 -3.3883E-01  2.1200E-01  4.7161E-01 -2.5961E-01 -3.8961E-01
  2.8000E+01  3.3600E+02  1.0000E+02  0.0000E+00  1.0000E+00  1.0000E+00  3.0000E+00  1.6388E+00  4.2240E+00  4.6564E+01  5.4705E-07 -2.6691E-06  0.0000E+00  0.0000E+00  5.5656E-05  0.0000E+00  0.0000E+00
  2.8000E+01  3.3650E+02  0.0000E+00  1.4380E+00  0.0000E+00  0.0000E+00  3.0000E+00  1.6388E+00  4.2240E+00  4.6564E+01  1.1707E+00  1.3042E+00  1.6359E+00  1.4380E+00  8.4149E-01  5.9651E-01  1.6733E+00
  2.8000E+01  3.3700E+02  0.0000E+00  2.1660E+00  0.0000E+00  0.0000E+00  3.0000E+00  1.6388E+00  4.2240E+00  4.6564E+01  1.6347E+00  2.5922E+00  2.8657E+00  2.1660E+00  1.2984E+00  8.6760E-01  2.8633E+00
  2.8000E+01  3.3800E+02  0.0000E+00  1.8620E+00  0.0000E+00  0.0000E+00  3.0000E+00  1.6388E+00  4.2240E+00  4.6564E+01  1.8105E+00  2.5146E-01  3.0580E-01  1.8620E+00  1.6470E+00  2.1499E-01  3.0604E-01
  2.8000E+01  3.4000E+02  0.0000E+00  1.6810E+00  0.0000E+00  0.0000E+00  3.0000E+00  1.6388E+00  4.2240E+00  4.6564E+01  1.5784E+00  5.0079E-01  3.9636E-01  1.6810E+00  1.6313E+00  4.9726E-02  4.8771E-01
  2.8000E+01  3.4400E+02  0.0000E+00  1.1310E+00  0.0000E+00  0.0000E+00  3.0000E+00  1.6388E+00  4.2240E+00  4.6564E+01  1.1003E+00  1.4984E-01 -1.2050E-02  1.1310E+00  1.2881E+00 -1.5706E-01 -9.1787E-03
  2.8000E+01  3.4800E+02  0.0000E+00  7.6100E-01  0.0000E+00  0.0000E+00  3.0000E+00  1.6388E+00  4.2240E+00  4.6564E+01  7.6546E-01 -2.1752E-02 -1.9216E-01  7.6100E-01  1.0021E+00 -2.4113E-01 -2.6606E-01
  2.8000E+01  3.6000E+02  0.0000E+00  2.8000E-01  0.0000E+00  0.0000E+00  3.0000E+00  1.6388E+00  4.2240E+00  4.6564E+01  2.5773E-01  1.0867E-01 -7.0486E-03  2.8000E-01  4.7161E-01 -1.9161E-01 -5.7823E-02
  2.9000E+01  0.0000E+00  1.0000E+02  0.0000E+00  1.0000E+00  1.0000E+00  1.0000E+00  4.9964E-01  8.7033E-01  4.8818E+01  0.0000E+00  0.0000E+00  0.0000E+00  0.0000E+00  0.0000E+00  0.0000E+00  0.0000E+00
  2.9000E+01  5.0000E-01  0.0000E+00  4.2600E-01  0.0000E+00  0.0000E+00  1.0000E+00  4.9964E-01  8.7033E-01  4.8818E+01  4.5072E-01 -1.2063E-01 -4.8887E-01  4.2600E-01  8.4144E-01 -4.1544E-01 -5.4196E-01
  2.9000E+01  1.0000E+00  0.0000E+00  9.0700E-01  0.0000E+00  0.0000E+00  1.0000E+00  4.9964E-01  8.7033E-01  4.8818E+01  7.9781E-01  5.3274E-01 -3.5421E-02  9.0700E-01  1.2983E+00 -3.9135E-01 -1.0525E-01
  2.9000E+01  2.0000E+00  0.0000E+00  1.2410E+00  0.0000E+00  0.0000E+00  1.0000E+00  4.9964E-01  8.7033E-01  4.8818E+01  1.2678E+00 -1.3070E-01 -7.9926E-01  1.2410E+00  1.6470E+00 -4.0597E-01 -7.5245E-01
  2.9000E+01  4.0000E+00  0.0000E+00  1.7400E+00  0.0000E+00  0.0000E+00  1.0000E+00  4.9964E-01  8.7033E-01  4.8818E+01  1.6901E+00  2.4342E-01 -1.7575E-01  1.7400E+00  1.6312E+00  1.0877E-01  1.1242E-01
  2.9000E+01  8.0000E+00  0.0000E+00  1.8310E+00  0.0000E+00  0.0000E+00  1.0000E+00  4.9964E-01  8.7033E-01  4.8818E+01  1.8028E+00  1.3737E-01  2.3810E-01  1.8310E+00  1.2880E+00  5.4297E-01  2.0057E-01
  2.9000E+01  1.2000E+01  0.0000E+00  1.8630E+00  0.0000E+00  0.0000E+00  1.0000E+00  4.9964E-01  8.7033E-01  4.8818E+01  1.7098E+00  7.4747E-01  1.0907E+00  1.8630E+00  1.0021E+00  8.6090E-01  7.0235E-01
  2.9000E+01  2.4000E+01  0.0000E+00  1.3730E+00  0.0000E+00  0.0000E+00  1.0000E+00  4.9964E-01  8.7033E-01  4.8818E+01  1.3848E+00 -5.7335E-02  6.0293E-01  1.3730E+00  4.7160E-01  9.0140E-01  5.0511E-01
  2.9000E+01  1.6800E+02  1.0000E+02  0.0000E+00  1.0000E+00  1.0000E+00  2.0000E+00  4.9964E-01  8.7033E-01  4.8818E+01  1.0628E-01 -5.1854E-01  0.0000E+00  0.0000E+00  5.5655E-05  0.0000E+00  0.0000E+00
  2.9000E+01  1.6850E+02  0.0000E+00  5.1500E-01  0.0000E+00  0.0000E+00  2.0000E+00  4.9964E-01  8.7033E-01  4.8818E+01  5.5606E-01 -2.0033E-01 -1.8817E-01  5.1500E-01  8.4149E-01 -3.2649E-01 -1.1152E-01
  2.9000E+01  1.6900E+02  0.0000E+00  1.1370E+00  0.0000E+00  0.0000E+00  2.0000E+00  4.9964E-01  8.7033E-01  4.8818E+01  9.0221E-01  1.1456E+00  9.5556E-01  1.1370E+00  1.2984E+00 -1.6140E-01  1.0133E+00
  2.9000E+01  1.7000E+02  0.0000E+00  1.7360E+00  0.0000E+00  0.0000E+00  2.0000E+00  4.9964E-01  8.7033E-01  4.8818E+01  1.3703E+00  1.7841E+00  1.4892E+00  1.7360E+00  1.6470E+00  8.8985E-02  1.6592E+00
  2.9000E+01  1.7200E+02  0.0000E+00  1.9660E+00  0.0000E+00  0.0000E+00  2.0000E+00  4.9964E-01  8.7033E-01  4.8818E+01  1.7891E+00  8.6325E-01  8.0899E-01  1.9660E+00  1.6313E+00  3.3473E-01  1.2120E+00
  2.9000E+01  1.7600E+02  0.0000E+00  1.4920E+00  0.0000E+00  0.0000E+00  2.0000E+00  4.9964E-01  8.7033E-01  4.8818E+01  1.8950E+00 -1.9663E+00 -1.5178E+00  1.4920E+00  1.2881E+00  2.0394E-01 -1.4559E+00
  2.9000E+01  1.8000E+02  0.0000E+00  1.8760E+00  0.0000E+00  0.0000E+00  2.0000E+00  4.9964E-01  8.7033E-01  4.8818E+01  1.7956E+00  3.9223E-01  1.0668E+00  1.8760E+00  1.0021E+00  8.7387E-01  7.6381E-01
  2.9000E+01  1.9200E+02  0.0000E+00  1.7370E+00  0.0000E+00  0.0000E+00  2.0000E+00  4.9964E-01  8.7033E-01  4.8818E+01  1.4540E+00  1.3806E+00  2.3264E+00  1.7370E+00  4.7161E-01  1.2654E+00  2.2801E+00
  2.9000E+01  3.3600E+02  1.0000E+02  0.0000E+00  1.0000E+00  1.0000E+00  3.0000E+00  4.9964E-01  8.7033E-01  4.8818E+01  1.1159E-01 -5.4448E-01  0.0000E+00  0.0000E+00  5.5656E-05  0.0000E+00  0.0000E+00
  2.9000E+01  3.3650E+02  0.0000E+00  2.3400E-01  0.0000E+00  0.0000E+00  3.0000E+00  4.9964E-01  8.7033E-01  4.8818E+01  5.6133E-01 -1.5971E+00 -1.5467E+00  2.3400E-01  8.4149E-01 -6.0749E-01 -1.4826E+00
  2.9000E+01  3.3700E+02  0.0000E+00  6.2100E-01  0.0000E+00  0.0000E+00  3.0000E+00  4.9964E-01  8.7033E-01  4.8818E+01  9.0744E-01 -1.3976E+00 -1.5496E+00  6.2100E-01  1.2984E+00 -6.7740E-01 -1.5044E+00
  2.9000E+01  3.3800E+02  0.0000E+00  1.0340E+00  0.0000E+00  0.0000E+00  3.0000E+00  4.9964E-01  8.7033E-01  4.8818E+01  1.3755E+00 -1.6661E+00 -1.9236E+00  1.0340E+00  1.6470E+00 -6.1301E-01 -1.7659E+00
  2.9000E+01  3.4000E+02  0.0000E+00  1.6100E+00  0.0000E+00  0.0000E+00  3.0000E+00  4.9964E-01  8.7033E-01  4.8818E+01  1.7940E+00 -8.9788E-01 -9.1584E-01  1.6100E+00  1.6313E+00 -2.1274E-02 -5.2499E-01
  2.9000E+01  3.4400E+02  0.0000E+00  1.6540E+00  0.0000E+00  0.0000E+00  3.0000E+00  4.9964E-01  8.7033E-01  4.8818E+01  1.8996E+00 -1.1983E+00 -7.1564E-01  1.6540E+00  1.2881E+00  3.6594E-01 -6.6551E-01
  2.9000E+01  3.4800E+02  0.0000E+00  1.9050E+00  0.0000E+00  0.0000E+00  3.0000E+00  4.9964E-01  8.7033E-01  4.8818E+01  1.7999E+00  5.1278E-01  1.2195E+00  1.9050E+00  1.0021E+00  9.0287E-01  9.0531E-01
  2.9000E+01  3.6000E+02  0.0000E+00  1.7900E+00  0.0000E+00  0.0000E+00  3.0000E+00  4.9964E-01  8.7033E-01  4.8818E+01  1.4575E+00  1.6223E+00  2.5950E+00  1.7900E+00  4.7161E-01  1.3184E+00  2.5387E+00
  3.0000E+01  0.0000E+00  1.0000E+02  0.0000E+00  1.0000E+00  1.0000E+00  1.0000E+00  9.3508E-01  3.1488E+00  4.7785E+01  0.0000E+00  0.0000E+00  0.0000E+00  0.0000E+00  0.0000E+00  0.0000E+00  0.0000E+00
  3.0000E+01  5.0000E-01  0.0000E+00  8.8100E-01  0.0000E+00  0.0000E+00  1.0000E+00  9.3508E-01  3.1488E+00  4.7785E+01  7.6782E-01  5.5220E-01  4.6543E-01  8.8100E-01  8.4144E-01  3.9561E-02  4.6828E-01
  3.0000E+01  1.0000E+00  0.0000E+00  1.3910E+00  0.0000E+00  0.0000E+00  1.0000E+00  9.3508E-01  3.1488E+00  4.7785E+01  1.2240E+00  8.1476E-01  7.2884E-01  1.3910E+00  1.2983E+00  9.2654E-02  7.2656E-01
  3.0000E+01  2.0000E+00  0.0000E+00  1.6070E+00  0.0000E+00  0.0000E+00  1.0000E+00  9.3508E-01  3.1488E+00  4.7785E+01  1.6264E+00 -9.4884E-02 -1.0788E-01  1.6070E+00  1.6470E+00 -3.9966E-02 -1.1078E-01
  3.0000E+01  4.0000E+00  0.0000E+00  1.8870E+00  0.0000E+00  0.0000E+00  1.0000E+00  9.3508E-01  3.1488E+00  4.7785E+01  1.6763E+00  1.0283E+00  1.1061E+00  1.8870E+00  1.6312E+00  2.5577E-01  1.1187E+00
  3.0000E+01  8.0000E+00  0.0000E+00  1.2710E+00  0.0000E+00  0.0000E+00  1.0000E+00  9.3508E-01  3.1488E+00  4.7785E+01  1.3277E+00 -2.7647E-01 -2.2255E-01  1.2710E+00  1.2880E+00 -1.7030E-02 -2.1202E-01
  3.0000E+01  1.2000E+01  0.0000E+00  7.2700E-01  0.0000E+00  0.0000E+00  1.0000E+00  9.3508E-01  3.1488E+00  4.7785E+01  1.0210E+00 -1.4344E+00 -1.4264E+00  7.2700E-01  1.0021E+00 -2.7510E-01 -1.4268E+00
  3.0000E+01  2.4000E+01  0.0000E+00  1.8700E-01  0.0000E+00  0.0000E+00  1.0000E+00  9.3508E-01  3.1488E+00  4.7785E+01  4.6304E-01 -1.3468E+00 -1.3912E+00  1.8700E-01  4.7160E-01 -2.8460E-01 -1.4045E+00
  3.0000E+01  1.6800E+02  1.0000E+02  0.0000E+00  1.0000E+00  1.0000E+00  2.0000E+00  9.3508E-01  3.1488E+00  4.7785E+01  3.5046E-05 -1.7100E-04  0.0000E+00  0.0000E+00  5.5655E-05  0.0000E+00  0.0000E+00
  3.0000E+01  1.6850E+02  0.0000E+00  6.9900E-01  0.0000E+00  0.0000E+00  2.0000E+00  9.3508E-01  3.1488E+00  4.7785E+01  7.6786E-01 -3.3597E-01 -4.2278E-01  6.9900E-01  8.4149E-01 -1.4249E-01 -4.1996E-01
  3.0000E+01  1.6900E+02  0.0000E+00  1.4620E+00  0.0000E+00  0.0000E+00  2.0000E+00  9.3508E-01  3.1488E+00  4.7785E+01  1.2240E+00  1.1610E+00  1.0751E+00  1.4620E+00  1.2984E+00  1.6360E-01  1.0728E+00
  3.0000E+01  1.7000E+02  0.0000E+00  1.2000E+00  0.0000E+00  0.0000E+00  2.0000E+00  9.3508E-01  3.1488E+00  4.7785E+01  1.6265E+00 -2.0808E+00 -2.0939E+00  1.2000E+00  1.6470E+00 -4.4701E-01 -2.0968E+00
  3.0000E+01  1.7200E+02  0.0000E+00  1.5320E+00  0.0000E+00  0.0000E+00  2.0000E+00  9.3508E-01  3.1488E+00  4.7785E+01  1.6763E+00 -7.0397E-01 -6.2616E-01  1.5320E+00  1.6313E+00 -9.9274E-02 -6.1356E-01
  3.0000E+01  1.7600E+02  0.0000E+00  1.0000E+00  0.0000E+00  0.0000E+00  2.0000E+00  9.3508E-01  3.1488E+00  4.7785E+01  1.3277E+00 -1.5988E+00 -1.5449E+00  1.0000E+00  1.2881E+00 -2.8806E-01 -1.5344E+00
  3.0000E+01  1.8000E+02  0.0000E+00  8.8200E-01  0.0000E+00  0.0000E+00  2.0000E+00  9.3508E-01  3.1488E+00  4.7785E+01  1.0210E+00 -6.7820E-01 -6.7028E-01  8.8200E-01  1.0021E+00 -1.2013E-01 -6.7061E-01
  3.0000E+01  1.9200E+02  0.0000E+00  4.2300E-01  0.0000E+00  0.0000E+00  2.0000E+00  9.3508E-01  3.1488E+00  4.7785E+01  4.6305E-01 -1.9539E-01 -2.3980E-01  4.2300E-01  4.7161E-01 -4.8612E-02 -2.5306E-01
  3.0000E+01  3.3600E+02  1.0000E+02  0.0000E+00  1.0000E+00  1.0000E+00  3.0000E+00  9.3508E-01  3.1488E+00  4.7785E+01  3.5047E-05 -1.7100E-04  0.0000E+00  0.0000E+00  5.5656E-05  0.0000E+00  0.0000E+00
  3.0000E+01  3.3650E+02  0.0000E+00  7.2300E-01  0.0000E+00  0.0000E+00  3.0000E+00  9.3508E-01  3.1488E+00  4.7785E+01  7.6786E-01 -2.1887E-01 -3.0568E-01  7.2300E-01  8.4149E-01 -1.1849E-01 -3.0286E-01
  3.0000E+01  3.3700E+02  0.0000E+00  9.8600E-01  0.0000E+00  0.0000E+00  3.0000E+00  9.3508E-01  3.1488E+00  4.7785E+01  1.2240E+00 -1.1615E+00 -1.2474E+00  9.8600E-01  1.2984E+00 -3.1240E-01 -1.2497E+00
  3.0000E+01  3.3800E+02  0.0000E+00  1.6540E+00  0.0000E+00  0.0000E+00  3.0000E+00  9.3508E-01  3.1488E+00  4.7785E+01  1.6265E+00  1.3429E-01  1.2125E-01  1.6540E+00  1.6470E+00  6.9851E-03  1.1833E-01
  3.0000E+01  3.4000E+02  0.0000E+00  2.0950E+00  0.0000E+00  0.0000E+00  3.0000E+00  9.3508E-01  3.1488E+00  4.7785E+01  1.6763E+00  2.0430E+00  2.1208E+00  2.0950E+00  1.6313E+00  4.6373E-01  2.1334E+00
  3.0000E+01  3.4400E+02  0.0000E+00  1.5350E+00  0.0000E+00  0.0000E+00  3.0000E+00  9.3508E-01  3.1488E+00  4.7785E+01  1.3277E+00  1.0115E+00  1.0654E+00  1.5350E+00  1.2881E+00  2.4694E-01  1.0759E+00
  3.0000E+01  3.4800E+02  0.0000E+00  1.3570E+00  0.0000E+00  0.0000E+00  3.0000E+00  9.3508E-01  3.1488E+00  4.7785E+01  1.0210E+00  1.6394E+00  1.6473E+00  1.3570E+00  1.0021E+00  3.5487E-01  1.6470E+00
  3.0000E+01  3.6000E+02  0.0000E+00  8.7400E-01  0.0000E+00  0.0000E+00  3.0000E+00  9.3508E-01  3.1488E+00  4.7785E+01  4.6305E-01  2.0051E+00  1.9607E+00  8.7400E-01  4.7161E-01  4.0239E-01  1.9474E+00
  3.1000E+01  0.0000E+00  1.0000E+02  0.0000E+00  1.0000E+00  1.0000E+00  1.0000E+00  1.2284E+00  4.7746E+00  3.9186E+01  0.0000E+00  0.0000E+00  0.0000E+00  0.0000E+00  0.0000E+00  0.0000E+00  0.0000E+00
  3.1000E+01  5.0000E-01  0.0000E+00  1.4140E+00  0.0000E+00  0.0000E+00  1.0000E+00  1.2284E+00  4.7746E+00  3.9186E+01  1.1326E+00  1.3728E+00  1.5491E+00  1.4140E+00  8.4144E-01  5.7256E-01  1.5499E+00
  3.1000E+01  1.0000E+00  0.0000E+00  1.9470E+00  0.0000E+00  0.0000E+00  1.0000E+00  1.2284E+00  4.7746E+00  3.9186E+01  1.6785E+00  1.3098E+00  1.5837E+00  1.9470E+00  1.2983E+00  6.4865E-01  1.6227E+00
  3.1000E+01  2.0000E+00  0.0000E+00  2.2300E+00  0.0000E+00  0.0000E+00  1.0000E+00  1.2284E+00  4.7746E+00  3.9186E+01  1.9774E+00  1.2324E+00  1.5285E+00  2.2300E+00  1.6470E+00  5.8303E-01  1.6382E+00
  3.1000E+01  4.0000E+00  0.0000E+00  1.6960E+00  0.0000E+00  0.0000E+00  1.0000E+00  1.2284E+00  4.7746E+00  3.9186E+01  1.7193E+00 -1.1353E-01 -2.7890E-02  1.6960E+00  1.6312E+00  6.4769E-02  6.0176E-02
  3.1000E+01  8.0000E+00  0.0000E+00  1.0580E+00  0.0000E+00  0.0000E+00  1.0000E+00  1.2284E+00  4.7746E+00  3.9186E+01  1.0687E+00 -5.2057E-02 -3.0287E-01  1.0580E+00  1.2880E+00 -2.3003E-01 -3.8482E-01
  3.1000E+01  1.2000E+01  0.0000E+00  4.4200E-01  0.0000E+00  0.0000E+00  1.0000E+00  1.2284E+00  4.7746E+00  3.9186E+01  6.5651E-01 -1.0466E+00 -1.3949E+00  4.4200E-01  1.0021E+00 -5.6010E-01 -1.4927E+00
  3.1000E+01  2.4000E+01  0.0000E+00  1.0500E-01  0.0000E+00  0.0000E+00  1.0000E+00  1.2284E+00  4.7746E+00  3.9186E+01  1.5214E-01 -2.3001E-01 -4.4583E-01  1.0500E-01  4.7160E-01 -3.6660E-01 -2.6709E-01
  3.1000E+01  1.6800E+02  1.0000E+02  0.0000E+00  1.0000E+00  1.0000E+00  2.0000E+00  1.2284E+00  4.7746E+00  3.9186E+01  3.6502E-09 -1.7810E-08  0.0000E+00  0.0000E+00  5.5655E-05  0.0000E+00  0.0000E+00
  3.1000E+01  1.6850E+02  0.0000E+00  1.0880E+00  0.0000E+00  0.0000E+00  2.0000E+00  1.2284E+00  4.7746E+00  3.9186E+01  1.1326E+00 -2.1777E-01 -4.1466E-02  1.0880E+00  8.4149E-01  2.4651E-01 -3.9458E-02
  3.1000E+01  1.6900E+02  0.0000E+00  1.6060E+00  0.0000E+00  0.0000E+00  2.0000E+00  1.2284E+00  4.7746E+00  3.9186E+01  1.6785E+00 -3.5394E-01 -8.0062E-02  1.6060E+00  1.2984E+00  3.0760E-01 -3.9936E-02
  3.1000E+01  1.7000E+02  0.0000E+00  1.6180E+00  0.0000E+00  0.0000E+00  2.0000E+00  1.2284E+00  4.7746E+00  3.9186E+01  1.9774E+00 -1.7537E+00 -1.4576E+00  1.6180E+00  1.6470E+00 -2.9015E-02 -1.3467E+00
  3.1000E+01  1.7200E+02  0.0000E+00  1.7930E+00  0.0000E+00  0.0000E+00  2.0000E+00  1.2284E+00  4.7746E+00  3.9186E+01  1.7193E+00  3.5974E-01  4.4539E-01  1.7930E+00  1.6313E+00  1.6173E-01  5.3444E-01
  3.1000E+01  1.7600E+02  0.0000E+00  1.2280E+00  0.0000E+00  0.0000E+00  2.0000E+00  1.2284E+00  4.7746E+00  3.9186E+01  1.0687E+00  7.7740E-01  5.2659E-01  1.2280E+00  1.2881E+00 -6.0063E-02  4.4543E-01
  3.1000E+01  1.8000E+02  0.0000E+00  9.2800E-01  0.0000E+00  0.0000E+00  2.0000E+00  1.2284E+00  4.7746E+00  3.9186E+01  6.5651E-01  1.3246E+00  9.7640E-01  9.2800E-01  1.0021E+00 -7.4125E-02  8.7925E-01
  3.1000E+01  1.9200E+02  0.0000E+00  2.7000E-01  0.0000E+00  0.0000E+00  2.0000E+00  1.2284E+00  4.7746E+00  3.9186E+01  1.5214E-01  5.7505E-01  3.5923E-01  2.7000E-01  4.7161E-01 -2.0161E-01  5.3829E-01
  3.1000E+01  3.3600E+02  1.0000E+02  0.0000E+00  1.0000E+00  1.0000E+00  3.0000E+00  1.2284E+00  4.7746E+00  3.9186E+01  3.6502E-09 -1.7810E-08  0.0000E+00  0.0000E+00  5.5656E-05  0.0000E+00  0.0000E+00
  3.1000E+01  3.3650E+02  0.0000E+00  8.3700E-01  0.0000E+00  0.0000E+00  3.0000E+00  1.2284E+00  4.7746E+00  3.9186E+01  1.1326E+00 -1.4424E+00 -1.2661E+00  8.3700E-01  8.4149E-01 -4.4926E-03 -1.2641E+00
  3.1000E+01  3.3700E+02  0.0000E+00  1.5790E+00  0.0000E+00  0.0000E+00  3.0000E+00  1.2284E+00  4.7746E+00  3.9186E+01  1.6785E+00 -4.8568E-01 -2.1180E-01  1.5790E+00  1.2984E+00  2.8060E-01 -1.7167E-01
  3.1000E+01  3.3800E+02  0.0000E+00  2.0640E+00  0.0000E+00  0.0000E+00  3.0000E+00  1.2284E+00  4.7746E+00  3.9186E+01  1.9774E+00  4.2242E-01  7.1854E-01  2.0640E+00  1.6470E+00  4.1699E-01  8.2935E-01
  3.1000E+01  3.4000E+02  0.0000E+00  1.8520E+00  0.0000E+00  0.0000E+00  3.0000E+00  1.2284E+00  4.7746E+00  3.9186E+01  1.7193E+00  6.4761E-01  7.3326E-01  1.8520E+00  1.6313E+00  2.2073E-01  8.2231E-01
  3.1000E+01  3.4400E+02  0.0000E+00  9.0200E-01  0.0000E+00  0.0000E+00  3.0000E+00  1.2284E+00  4.7746E+00  3.9186E+01  1.0687E+00 -8.1320E-01 -1.0640E+00  9.0200E-01  1.2881E+00 -3.8606E-01 -1.1452E+00
  3.1000E+01  3.4800E+02  0.0000E+00  3.9500E-01  0.0000E+00  0.0000E+00  3.0000E+00  1.2284E+00  4.7746E+00  3.9186E+01  6.5651E-01 -1.2759E+00 -1.6242E+00  3.9500E-01  1.0021E+00 -6.0713E-01 -1.7213E+00
  3.1000E+01  3.6000E+02  0.0000E+00  1.3000E-01  0.0000E+00  0.0000E+00  3.0000E+00  1.2284E+00  4.7746E+00  3.9186E+01  1.5214E-01 -1.0803E-01 -3.2385E-01  1.3000E-01  4.7161E-01 -3.4161E-01 -1.4479E-01
  3.2000E+01  0.0000E+00  1.0000E+02  0.0000E+00  1.0000E+00  1.0000E+00  1.0000E+00  8.8976E-01  1.3650E+00  4.6971E+01  0.0000E+00  0.0000E+00  0.0000E+00  0.0000E+00  0.0000E+00  0.0000E+00  0.0000E+00
  3.2000E+01  5.0000E-01  0.0000E+00  1.0750E+00  0.0000E+00  0.0000E+00  1.0000E+00  8.8976E-01  1.3650E+00  4.6971E+01  7.5858E-01  1.5439E+00  1.4223E+00  1.0750E+00  8.4144E-01  2.3356E-01  1.4461E+00
  3.2000E+01  1.0000E+00  0.0000E+00  1.3880E+00  0.0000E+00  0.0000E+00  1.0000E+00  8.8976E-01  1.3650E+00  4.6971E+01  1.2338E+00  7.5233E-01  6.1096E-01  1.3880E+00  1.2983E+00  8.9654E-02  6.5358E-01
  3.2000E+01  2.0000E+00  0.0000E+00  1.7890E+00  0.0000E+00  0.0000E+00  1.0000E+00  8.8976E-01  1.3650E+00  4.6971E+01  1.7053E+00  4.0858E-01  3.3855E-01  1.7890E+00  1.6470E+00  1.4203E-01  4.0748E-01
  3.2000E+01  4.0000E+00  0.0000E+00  1.6820E+00  0.0000E+00  0.0000E+00  1.0000E+00  8.8976E-01  1.3650E+00  4.6971E+01  1.8967E+00 -1.0475E+00 -9.4765E-01  1.6820E+00  1.6312E+00  5.0769E-02 -9.0091E-01
  3.2000E+01  8.0000E+00  0.0000E+00  1.8370E+00  0.0000E+00  0.0000E+00  1.0000E+00  8.8976E-01  1.3650E+00  4.6971E+01  1.7425E+00  4.6093E-01  7.2497E-01  1.8370E+00  1.2880E+00  5.4897E-01  6.4606E-01
  3.2000E+01  1.2000E+01  0.0000E+00  1.7160E+00  0.0000E+00  0.0000E+00  1.0000E+00  8.8976E-01  1.3650E+00  4.6971E+01  1.5528E+00  7.9609E-01  1.1519E+00  1.7160E+00  1.0021E+00  7.1390E-01  1.0551E+00
  3.2000E+01  2.4000E+01  0.0000E+00  1.3540E+00  0.0000E+00  0.0000E+00  1.0000E+00  8.8976E-01  1.3650E+00  4.6971E+01  1.0957E+00  1.2603E+00  1.7619E+00  1.3540E+00  4.7160E-01  8.8240E-01  1.9682E+00
  3.2000E+01  1.6800E+02  1.0000E+02  0.0000E+00  1.0000E+00  1.0000E+00  2.0000E+00  8.8976E-01  1.3650E+00  4.6971E+01  1.6682E-02 -8.1394E-02  0.0000E+00  0.0000E+00  5.5655E-05  0.0000E+00  0.0000E+00
  3.2000E+01  1.6850E+02  0.0000E+00  4.9400E-01  0.0000E+00  0.0000E+00  2.0000E+00  8.8976E-01  1.3650E+00  4.6971E+01  7.7502E-01 -1.3711E+00 -1.4399E+00  4.9400E-01  8.4149E-01 -3.4749E-01 -1.3909E+00
  3.2000E+01  1.6900E+02  0.0000E+00  9.9400E-01  0.0000E+00  0.0000E+00  2.0000E+00  8.8976E-01  1.3650E+00  4.6971E+01  1.2500E+00 -1.2491E+00 -1.3383E+00  9.9400E-01  1.2984E+00 -3.0440E-01 -1.2709E+00
  3.2000E+01  1.7000E+02  0.0000E+00  1.4840E+00  0.0000E+00  0.0000E+00  2.0000E+00  8.8976E-01  1.3650E+00  4.6971E+01  1.7210E+00 -1.1564E+00 -1.1754E+00  1.4840E+00  1.6470E+00 -1.6301E-01 -1.0827E+00
  3.2000E+01  1.7200E+02  0.0000E+00  2.2560E+00  0.0000E+00  0.0000E+00  2.0000E+00  8.8976E-01  1.3650E+00  4.6971E+01  1.9115E+00  1.6807E+00  1.8292E+00  2.2560E+00  1.6313E+00  6.2473E-01  1.8979E+00
  3.2000E+01  1.7600E+02  0.0000E+00  1.4510E+00  0.0000E+00  0.0000E+00  2.0000E+00  8.8976E-01  1.3650E+00  4.6971E+01  1.7558E+00 -1.4869E+00 -1.1786E+00  1.4510E+00  1.2881E+00  1.6294E-01 -1.2387E+00
  3.2000E+01  1.8000E+02  0.0000E+00  1.4550E+00  0.0000E+00  0.0000E+00  2.0000E+00  8.8976E-01  1.3650E+00  4.6971E+01  1.5646E+00 -5.3479E-01 -1.3863E-01  1.4550E+00  1.0021E+00  4.5287E-01 -2.1950E-01
  3.2000E+01  1.9200E+02  0.0000E+00  1.2890E+00  0.0000E+00  0.0000E+00  2.0000E+00  8.8976E-01  1.3650E+00  4.6971E+01  1.1040E+00  9.0267E-01  1.4346E+00  1.2890E+00  4.7161E-01  8.1739E-01  1.6505E+00
  3.2000E+01  3.3600E+02  1.0000E+02  0.0000E+00  1.0000E+00  1.0000E+00  3.0000E+00  8.8976E-01  1.3650E+00  4.6971E+01  1.6808E-02 -8.2011E-02  0.0000E+00  0.0000E+00  5.5656E-05  0.0000E+00  0.0000E+00
  3.2000E+01  3.3650E+02  0.0000E+00  7.0600E-01  0.0000E+00  0.0000E+00  3.0000E+00  8.8976E-01  1.3650E+00  4.6971E+01  7.7514E-01 -3.3735E-01 -4.0532E-01  7.0600E-01  8.4149E-01 -1.3549E-01 -3.5651E-01
  3.2000E+01  3.3700E+02  0.0000E+00  1.3450E+00  0.0000E+00  0.0000E+00  3.0000E+00  8.8976E-01  1.3650E+00  4.6971E+01  1.2501E+00  4.6287E-01  3.7445E-01  1.3450E+00  1.2984E+00  4.6602E-02  4.4167E-01
  3.2000E+01  3.3800E+02  0.0000E+00  1.5870E+00  0.0000E+00  0.0000E+00  3.0000E+00  8.8976E-01  1.3650E+00  4.6971E+01  1.7211E+00 -6.5439E-01 -6.7268E-01  1.5870E+00  1.6470E+00 -6.0015E-02 -5.8010E-01
  3.2000E+01  3.4000E+02  0.0000E+00  2.5600E+00  0.0000E+00  0.0000E+00  3.0000E+00  8.8976E-01  1.3650E+00  4.6971E+01  1.9116E+00  3.1634E+00  3.3126E+00  2.5600E+00  1.6313E+00  9.2873E-01  3.3812E+00
  3.2000E+01  3.4400E+02  0.0000E+00  1.5670E+00  0.0000E+00  0.0000E+00  3.0000E+00  8.8976E-01  1.3650E+00  4.6971E+01  1.7559E+00 -9.2144E-01 -6.1241E-01  1.5670E+00  1.2881E+00  2.7894E-01 -6.7272E-01
  3.2000E+01  3.4800E+02  0.0000E+00  1.0760E+00  0.0000E+00  0.0000E+00  3.0000E+00  8.8976E-01  1.3650E+00  4.6971E+01  1.5647E+00 -2.3844E+00 -1.9877E+00  1.0760E+00  1.0021E+00  7.3875E-02 -2.0687E+00
  3.2000E+01  3.6000E+02  0.0000E+00  1.2110E+00  0.0000E+00  0.0000E+00  3.0000E+00  8.8976E-01  1.3650E+00  4.6971E+01  1.1041E+00  5.2179E-01  1.0541E+00  1.2110E+00  4.7161E-01  7.3939E-01  1.2699E+00
  3.3000E+01  0.0000E+00  1.0000E+02  0.0000E+00  1.0000E+00  1.0000E+00  1.0000E+00  1.3645E+00  8.5542E-01  5.2906E+01  0.0000E+00  0.0000E+00  0.0000E+00  0.0000E+00  0.0000E+00  0.0000E+00  0.0000E+00
  3.3000E+01  5.0000E-01  0.0000E+00  1.2320E+00  0.0000E+00  0.0000E+00  1.0000E+00  1.3645E+00  8.5542E-01  5.2906E+01  9.3055E-01  1.4708E+00  1.4300E+00  1.2320E+00  8.4144E-01  3.9056E-01  1.2932E+00
  3.3000E+01  1.0000E+00  0.0000E+00  1.5440E+00  0.0000E+00  0.0000E+00  1.0000E+00  1.3645E+00  8.5542E-01  5.2906E+01  1.3934E+00  7.3470E-01  6.0007E-01  1.5440E+00  1.2983E+00  2.4565E-01  4.6827E-01
  3.3000E+01  2.0000E+00  0.0000E+00  1.3250E+00  0.0000E+00  0.0000E+00  1.0000E+00  1.3645E+00  8.5542E-01  5.2906E+01  1.7271E+00 -1.9618E+00 -2.2241E+00  1.3250E+00  1.6470E+00 -3.2197E-01 -2.2634E+00
  3.3000E+01  4.0000E+00  0.0000E+00  1.4860E+00  0.0000E+00  0.0000E+00  1.0000E+00  1.3645E+00  8.5542E-01  5.2906E+01  1.7849E+00 -1.4583E+00 -1.7315E+00  1.4860E+00  1.6312E+00 -1.4523E-01 -1.7537E+00
  3.3000E+01  8.0000E+00  0.0000E+00  1.8350E+00  0.0000E+00  0.0000E+00  1.0000E+00  1.3645E+00  8.5542E-01  5.2906E+01  1.6807E+00  7.5287E-01  6.4201E-01  1.8350E+00  1.2880E+00  5.4697E-01  4.5732E-01
  3.3000E+01  1.2000E+01  0.0000E+00  1.3740E+00  0.0000E+00  0.0000E+00  1.0000E+00  1.3645E+00  8.5542E-01  5.2906E+01  1.5755E+00 -9.8300E-01 -9.3887E-01  1.3740E+00  1.0021E+00  3.7190E-01 -1.0818E+00
  3.3000E+01  2.4000E+01  0.0000E+00  1.5090E+00  0.0000E+00  0.0000E+00  1.0000E+00  1.3645E+00  8.5542E-01  5.2906E+01  1.2976E+00  1.0314E+00  1.4338E+00  1.5090E+00  4.7160E-01  1.0374E+00  2.0342E+00
  3.3000E+01  1.6800E+02  1.0000E+02  0.0000E+00  1.0000E+00  1.0000E+00  2.0000E+00  1.3645E+00  8.5542E-01  5.2906E+01  1.2647E-01 -6.1704E-01  0.0000E+00  0.0000E+00  5.5655E-05  0.0000E+00  0.0000E+00
  3.3000E+01  1.6850E+02  0.0000E+00  1.2230E+00  0.0000E+00  0.0000E+00  2.0000E+00  1.3645E+00  8.5542E-01  5.2906E+01  1.0560E+00  8.1484E-01  1.2390E+00  1.2230E+00  8.4149E-01  3.8151E-01  1.2464E+00
  3.3000E+01  1.6900E+02  0.0000E+00  1.7320E+00  0.0000E+00  0.0000E+00  2.0000E+00  1.3645E+00  8.5542E-01  5.2906E+01  1.5179E+00  1.0448E+00  1.3730E+00  1.7320E+00  1.2984E+00  4.3360E-01  1.3827E+00
  3.3000E+01  1.7000E+02  0.0000E+00  2.1310E+00  0.0000E+00  0.0000E+00  2.0000E+00  1.3645E+00  8.5542E-01  5.2906E+01  1.8495E+00  1.3733E+00  1.5693E+00  2.1310E+00  1.6470E+00  4.8399E-01  1.6665E+00
  3.3000E+01  1.7200E+02  0.0000E+00  2.2810E+00  0.0000E+00  0.0000E+00  2.0000E+00  1.3645E+00  8.5542E-01  5.2906E+01  1.9034E+00  1.8423E+00  2.0183E+00  2.2810E+00  1.6313E+00  6.4973E-01  2.1229E+00
  3.3000E+01  1.7600E+02  0.0000E+00  1.8230E+00  0.0000E+00  0.0000E+00  2.0000E+00  1.3645E+00  8.5542E-01  5.2906E+01  1.7918E+00  1.5214E-01  4.7282E-01  1.8230E+00  1.2881E+00  5.3494E-01  3.9688E-01
  3.3000E+01  1.8000E+02  0.0000E+00  1.5200E+00  0.0000E+00  0.0000E+00  2.0000E+00  1.3645E+00  8.5542E-01  5.2906E+01  1.6796E+00 -7.7887E-01 -3.2043E-01  1.5200E+00  1.0021E+00  5.1787E-01 -3.7096E-01
  3.3000E+01  1.9200E+02  0.0000E+00  1.3840E+00  0.0000E+00  0.0000E+00  2.0000E+00  1.3645E+00  8.5542E-01  5.2906E+01  1.3834E+00  2.8986E-03  7.7075E-01  1.3840E+00  4.7161E-01  9.1239E-01  1.4236E+00
  3.3000E+01  3.3600E+02  1.0000E+02  0.0000E+00  1.0000E+00  1.0000E+00  3.0000E+00  1.3645E+00  8.5542E-01  5.2906E+01  1.3483E-01 -6.5784E-01  0.0000E+00  0.0000E+00  5.5656E-05  0.0000E+00  0.0000E+00
  3.3000E+01  3.3650E+02  0.0000E+00  7.4900E-01  0.0000E+00  0.0000E+00  3.0000E+00  1.3645E+00  8.5542E-01  5.2906E+01  1.0643E+00 -1.5383E+00 -1.0507E+00  7.4900E-01  8.4149E-01 -9.2493E-02 -1.0663E+00
  3.3000E+01  3.3700E+02  0.0000E+00  1.1030E+00  0.0000E+00  0.0000E+00  3.0000E+00  1.3645E+00  8.5542E-01  5.2906E+01  1.5261E+00 -2.0643E+00 -1.6731E+00  1.1030E+00  1.2984E+00 -1.9540E-01 -1.6863E+00
  3.3000E+01  3.3800E+02  0.0000E+00  1.9330E+00  0.0000E+00  0.0000E+00  3.0000E+00  1.3645E+00  8.5542E-01  5.2906E+01  1.8576E+00  3.6777E-01  6.2601E-01  1.9330E+00  1.6470E+00  2.8599E-01  7.0048E-01
  3.3000E+01  3.4000E+02  0.0000E+00  1.9420E+00  0.0000E+00  0.0000E+00  3.0000E+00  1.3645E+00  8.5542E-01  5.2906E+01  1.9113E+00  1.5000E-01  3.8664E-01  1.9420E+00  1.6313E+00  3.1073E-01  4.6884E-01
  3.3000E+01  3.4400E+02  0.0000E+00  1.6590E+00  0.0000E+00  0.0000E+00  3.0000E+00  1.3645E+00  8.5542E-01  5.2906E+01  1.7992E+00 -6.8388E-01 -3.0566E-01  1.6590E+00  1.2881E+00  3.7094E-01 -4.0330E-01
  3.3000E+01  3.4800E+02  0.0000E+00  1.4930E+00  0.0000E+00  0.0000E+00  3.0000E+00  1.3645E+00  8.5542E-01  5.2906E+01  1.6865E+00 -9.4420E-01 -4.3118E-01  1.4930E+00  1.0021E+00  4.9087E-01 -5.0270E-01
  3.3000E+01  3.6000E+02  0.0000E+00  1.7110E+00  0.0000E+00  0.0000E+00  3.0000E+00  1.3645E+00  8.5542E-01  5.2906E+01  1.3891E+00  1.5707E+00  2.3851E+00  1.7110E+00  4.7161E-01  1.2394E+00  3.0191E+00
  3.4000E+01  0.0000E+00  1.0000E+02  0.0000E+00  1.0000E+00  1.0000E+00  1.0000E+00  8.0775E-01  3.9652E+00  4.8234E+01  0.0000E+00  0.0000E+00  0.0000E+00  0.0000E+00  0.0000E+00  0.0000E+00  0.0000E+00
  3.4000E+01  5.0000E-01  0.0000E+00  3.7600E-01  0.0000E+00  0.0000E+00  1.0000E+00  8.0775E-01  3.9652E+00  4.8234E+01  6.7397E-01 -1.4539E+00 -1.6160E+00  3.7600E-01  8.4144E-01 -4.6544E-01 -1.5527E+00
  3.4000E+01  1.0000E+00  0.0000E+00  6.2500E-01  0.0000E+00  0.0000E+00  1.0000E+00  8.0775E-01  3.9652E+00  4.8234E+01  1.0969E+00 -2.3023E+00 -2.4950E+00  6.2500E-01  1.2983E+00 -6.7335E-01 -2.4504E+00
  3.4000E+01  2.0000E+00  0.0000E+00  1.0120E+00  0.0000E+00  0.0000E+00  1.0000E+00  8.0775E-01  3.9652E+00  4.8234E+01  1.4993E+00 -2.3778E+00 -2.4954E+00  1.0120E+00  1.6470E+00 -6.3497E-01 -2.4950E+00
  3.4000E+01  4.0000E+00  0.0000E+00  1.4390E+00  0.0000E+00  0.0000E+00  1.0000E+00  8.0775E-01  3.9652E+00  4.8234E+01  1.5701E+00 -6.3959E-01 -6.2250E-01  1.4390E+00  1.6312E+00 -1.9223E-01 -6.1485E-01
  3.4000E+01  8.0000E+00  0.0000E+00  1.2710E+00  0.0000E+00  0.0000E+00  1.0000E+00  8.0775E-01  3.9652E+00  4.8234E+01  1.1921E+00  3.8477E-01  3.5678E-01  1.2710E+00  1.2880E+00 -1.7030E-02  3.6517E-01
  3.4000E+01  1.2000E+01  0.0000E+00  8.3100E-01  0.0000E+00  0.0000E+00  1.0000E+00  8.0775E-01  3.9652E+00  4.8234E+01  8.6051E-01 -1.4400E-01 -2.5561E-01  8.3100E-01  1.0021E+00 -1.7110E-01 -2.6134E-01
  3.4000E+01  2.4000E+01  0.0000E+00  3.5700E-01  0.0000E+00  0.0000E+00  1.0000E+00  8.0775E-01  3.9652E+00  4.8234E+01  3.2092E-01  1.7602E-01  2.4119E-02  3.5700E-01  4.7160E-01 -1.1460E-01  3.1247E-02
  3.4000E+01  1.6800E+02  1.0000E+02  0.0000E+00  1.0000E+00  1.0000E+00  2.0000E+00  8.0775E-01  3.9652E+00  4.8234E+01  2.3189E-06 -1.1314E-05  0.0000E+00  0.0000E+00  5.5655E-05  0.0000E+00  0.0000E+00
  3.4000E+01  1.6850E+02  0.0000E+00  8.6400E-01  0.0000E+00  0.0000E+00  2.0000E+00  8.0775E-01  3.9652E+00  4.8234E+01  6.7398E-01  9.2716E-01  7.6497E-01  8.6400E-01  8.4149E-01  2.2507E-02  8.2862E-01
  3.4000E+01  1.6900E+02  0.0000E+00  1.2110E+00  0.0000E+00  0.0000E+00  2.0000E+00  8.0775E-01  3.9652E+00  4.8234E+01  1.0969E+00  5.5688E-01  3.6414E-01  1.2110E+00  1.2984E+00 -8.7398E-02  4.0901E-01
  3.4000E+01  1.7000E+02  0.0000E+00  1.7510E+00  0.0000E+00  0.0000E+00  2.0000E+00  8.0775E-01  3.9652E+00  4.8234E+01  1.4993E+00  1.2278E+00  1.1103E+00  1.7510E+00  1.6470E+00  1.0399E-01  1.1109E+00
  3.4000E+01  1.7200E+02  0.0000E+00  1.8840E+00  0.0000E+00  0.0000E+00  2.0000E+00  8.0775E-01  3.9652E+00  4.8234E+01  1.5701E+00  1.5316E+00  1.5487E+00  1.8840E+00  1.6313E+00  2.5273E-01  1.5566E+00
  3.4000E+01  1.7600E+02  0.0000E+00  1.2380E+00  0.0000E+00  0.0000E+00  2.0000E+00  8.0775E-01  3.9652E+00  4.8234E+01  1.1921E+00  2.2375E-01  1.9575E-01  1.2380E+00  1.2881E+00 -5.0063E-02  2.0432E-01
  3.4000E+01  1.8000E+02  0.0000E+00  1.0730E+00  0.0000E+00  0.0000E+00  2.0000E+00  8.0775E-01  3.9652E+00  4.8234E+01  8.6051E-01  1.0367E+00  9.2514E-01  1.0730E+00  1.0021E+00  7.0875E-02  9.1955E-01
  3.4000E+01  1.9200E+02  0.0000E+00  4.8500E-01  0.0000E+00  0.0000E+00  2.0000E+00  8.0775E-01  3.9652E+00  4.8234E+01  3.2092E-01  8.0055E-01  6.4865E-01  4.8500E-01  4.7161E-01  1.3388E-02  6.5585E-01
  3.4000E+01  3.3600E+02  1.0000E+02  0.0000E+00  1.0000E+00  1.0000E+00  3.0000E+00  8.0775E-01  3.9652E+00  4.8234E+01  2.3189E-06 -1.1314E-05  0.0000E+00  0.0000E+00  5.5656E-05  0.0000E+00  0.0000E+00
  3.4000E+01  3.3650E+02  0.0000E+00  8.2900E-01  0.0000E+00  0.0000E+00  3.0000E+00  8.0775E-01  3.9652E+00  4.8234E+01  6.7398E-01  7.5639E-01  5.9420E-01  8.2900E-01  8.4149E-01 -1.2493E-02  6.5785E-01
  3.4000E+01  3.3700E+02  0.0000E+00  1.1220E+00  0.0000E+00  0.0000E+00  3.0000E+00  8.0775E-01  3.9652E+00  4.8234E+01  1.0969E+00  1.2264E-01 -7.0108E-02  1.1220E+00  1.2984E+00 -1.7640E-01 -2.5230E-02
  3.4000E+01  3.3800E+02  0.0000E+00  1.9150E+00  0.0000E+00  0.0000E+00  3.0000E+00  8.0775E-01  3.9652E+00  4.8234E+01  1.4993E+00  2.0280E+00  1.9105E+00  1.9150E+00  1.6470E+00  2.6799E-01  1.9111E+00
  3.4000E+01  3.4000E+02  0.0000E+00  1.5160E+00  0.0000E+00  0.0000E+00  3.0000E+00  8.0775E-01  3.9652E+00  4.8234E+01  1.5701E+00 -2.6390E-01 -2.4682E-01  1.5160E+00  1.6313E+00 -1.1527E-01 -2.3895E-01
  3.4000E+01  3.4400E+02  0.0000E+00  1.0110E+00  0.0000E+00  0.0000E+00  3.0000E+00  8.0775E-01  3.9652E+00  4.8234E+01  1.1921E+00 -8.8382E-01 -9.1181E-01  1.0110E+00  1.2881E+00 -2.7706E-01 -9.0324E-01
  3.4000E+01  3.4800E+02  0.0000E+00  5.9600E-01  0.0000E+00  0.0000E+00  3.0000E+00  8.0775E-01  3.9652E+00  4.8234E+01  8.6051E-01 -1.2906E+00 -1.4022E+00  5.9600E-01  1.0021E+00 -4.0613E-01 -1.4078E+00
  3.4000E+01  3.6000E+02  0.0000E+00  1.3600E-01  0.0000E+00  0.0000E+00  3.0000E+00  8.0775E-01  3.9652E+00  4.8234E+01  3.2092E-01 -9.0228E-01 -1.0542E+00  1.3600E-01  4.7161E-01 -3.3561E-01 -1.0470E+00
  3.5000E+01  0.0000E+00  1.0000E+02  0.0000E+00  1.0000E+00  1.0000E+00  1.0000E+00  1.4786E+00  6.7907E+00  4.3859E+01  0.0000E+00  0.0000E+00  0.0000E+00  0.0000E+00  0.0000E+00  0.0000E+00  0.0000E+00
  3.5000E+01  5.0000E-01  0.0000E+00  1.3810E+00  0.0000E+00  0.0000E+00  1.0000E+00  1.4786E+00  6.7907E+00  4.3859E+01  1.1411E+00  1.1706E+00  1.4433E+00  1.3810E+00  8.4144E-01  5.3956E-01  1.4980E+00
  3.5000E+01  1.0000E+00  0.0000E+00  1.9470E+00  0.0000E+00  0.0000E+00  1.0000E+00  1.4786E+00  6.7907E+00  4.3859E+01  1.6009E+00  1.6888E+00  1.9351E+00  1.9470E+00  1.2983E+00  6.4865E-01  2.0271E+00
  3.5000E+01  2.0000E+00  0.0000E+00  1.5140E+00  0.0000E+00  0.0000E+00  1.0000E+00  1.4786E+00  6.7907E+00  4.3859E+01  1.7362E+00 -1.0840E+00 -1.0672E+00  1.5140E+00  1.6470E+00 -1.3297E-01 -9.1245E-01
  3.5000E+01  4.0000E+00  0.0000E+00  9.5700E-01  0.0000E+00  0.0000E+00  1.0000E+00  1.4786E+00  6.7907E+00  4.3859E+01  1.3640E+00 -1.9860E+00 -2.2874E+00  9.5700E-01  1.6312E+00 -6.7423E-01 -2.2081E+00
  3.5000E+01  8.0000E+00  0.0000E+00  3.5000E-01  0.0000E+00  0.0000E+00  1.0000E+00  1.4786E+00  6.7907E+00  4.3859E+01  7.3797E-01 -1.8929E+00 -2.3602E+00  3.5000E-01  1.2880E+00 -9.3803E-01 -2.5917E+00
  3.5000E+01  1.2000E+01  0.0000E+00  9.3000E-02  0.0000E+00  0.0000E+00  1.0000E+00  1.4786E+00  6.7907E+00  4.3859E+01  3.9727E-01 -1.4846E+00 -1.8983E+00  9.3000E-02  1.0021E+00 -9.0910E-01 -2.1289E+00
  3.5000E+01  2.4000E+01  0.0000E+00  1.0000E-02  0.0000E+00  0.0000E+00  1.0000E+00  1.4786E+00  6.7907E+00  4.3859E+01  6.1971E-02 -2.5358E-01 -3.9402E-01  1.0000E-02  4.7160E-01 -4.6160E-01 -9.5422E-02
  3.5000E+01  1.6800E+02  1.0000E+02  0.0000E+00  1.0000E+00  1.0000E+00  2.0000E+00  1.4786E+00  6.7907E+00  4.3859E+01  1.2867E-11 -6.2780E-11  0.0000E+00  0.0000E+00  5.5655E-05  0.0000E+00  0.0000E+00
  3.5000E+01  1.6850E+02  0.0000E+00  1.1400E+00  0.0000E+00  0.0000E+00  2.0000E+00  1.4786E+00  6.7907E+00  4.3859E+01  1.1411E+00 -5.2356E-03  2.6742E-01  1.1400E+00  8.4149E-01  2.9851E-01  3.2358E-01
  3.5000E+01  1.6900E+02  0.0000E+00  1.9050E+00  0.0000E+00  0.0000E+00  2.0000E+00  1.4786E+00  6.7907E+00  4.3859E+01  1.6009E+00  1.4839E+00  1.7302E+00  1.9050E+00  1.2984E+00  6.0660E-01  1.8236E+00
  3.5000E+01  1.7000E+02  0.0000E+00  1.7680E+00  0.0000E+00  0.0000E+00  2.0000E+00  1.4786E+00  6.7907E+00  4.3859E+01  1.7362E+00  1.5530E-01  1.7212E-01  1.7680E+00  1.6470E+00  1.2099E-01  3.2820E-01
  3.5000E+01  1.7200E+02  0.0000E+00  1.6920E+00  0.0000E+00  0.0000E+00  2.0000E+00  1.4786E+00  6.7907E+00  4.3859E+01  1.3640E+00  1.6002E+00  1.2988E+00  1.6920E+00  1.6313E+00  6.0726E-02  1.3793E+00
  3.5000E+01  1.7600E+02  0.0000E+00  1.0130E+00  0.0000E+00  0.0000E+00  2.0000E+00  1.4786E+00  6.7907E+00  4.3859E+01  7.3797E-01  1.3419E+00  8.7466E-01  1.0130E+00  1.2881E+00 -2.7506E-01  6.4415E-01
  3.5000E+01  1.8000E+02  0.0000E+00  6.3800E-01  0.0000E+00  0.0000E+00  2.0000E+00  1.4786E+00  6.7907E+00  4.3859E+01  3.9727E-01  1.1746E+00  7.6082E-01  6.3800E-01  1.0021E+00 -3.6413E-01  5.3104E-01
  3.5000E+01  1.9200E+02  0.0000E+00  1.1400E-01  0.0000E+00  0.0000E+00  2.0000E+00  1.4786E+00  6.7907E+00  4.3859E+01  6.1971E-02  2.5386E-01  1.1341E-01  1.1400E-01  4.7161E-01 -3.5761E-01  4.1240E-01
  3.5000E+01  3.3600E+02  1.0000E+02  0.0000E+00  1.0000E+00  1.0000E+00  3.0000E+00  1.4786E+00  6.7907E+00  4.3859E+01  1.2867E-11 -6.2780E-11  0.0000E+00  0.0000E+00  5.5656E-05  0.0000E+00  0.0000E+00
  3.5000E+01  3.3650E+02  0.0000E+00  6.4300E-01  0.0000E+00  0.0000E+00  3.0000E+00  1.4786E+00  6.7907E+00  4.3859E+01  1.1411E+00 -2.4302E+00 -2.1575E+00  6.4300E-01  8.4149E-01 -1.9849E-01 -2.1014E+00
  3.5000E+01  3.3700E+02  0.0000E+00  1.4010E+00  0.0000E+00  0.0000E+00  3.0000E+00  1.4786E+00  6.7907E+00  4.3859E+01  1.6009E+00 -9.7520E-01 -7.2892E-01  1.4010E+00  1.2984E+00  1.0260E-01 -6.3552E-01
  3.5000E+01  3.3800E+02  0.0000E+00  1.7250E+00  0.0000E+00  0.0000E+00  3.0000E+00  1.4786E+00  6.7907E+00  4.3859E+01  1.7362E+00 -5.4500E-02 -3.7684E-02  1.7250E+00  1.6470E+00  7.7985E-02  1.1840E-01
  3.5000E+01  3.4000E+02  0.0000E+00  1.4690E+00  0.0000E+00  0.0000E+00  3.0000E+00  1.4786E+00  6.7907E+00  4.3859E+01  1.3640E+00  5.1210E-01  2.1074E-01  1.4690E+00  1.6313E+00 -1.6227E-01  2.9127E-01
  3.5000E+01  3.4400E+02  0.0000E+00  8.2000E-01  0.0000E+00  0.0000E+00  3.0000E+00  1.4786E+00  6.7907E+00  4.3859E+01  7.3797E-01  4.0025E-01 -6.7017E-02  8.2000E-01  1.2881E+00 -4.6806E-01 -2.9752E-01
  3.5000E+01  3.4800E+02  0.0000E+00  3.6300E-01  0.0000E+00  0.0000E+00  3.0000E+00  1.4786E+00  6.7907E+00  4.3859E+01  3.9727E-01 -1.6720E-01 -5.8094E-01  3.6300E-01  1.0021E+00 -6.3913E-01 -8.1072E-01
  3.5000E+01  3.6000E+02  0.0000E+00  5.0000E-02  0.0000E+00  0.0000E+00  3.0000E+00  1.4786E+00  6.7907E+00  4.3859E+01  6.1971E-02 -5.8409E-02 -1.9885E-01  5.0000E-02  4.7161E-01 -4.2161E-01  1.0013E-01
  3.6000E+01  0.0000E+00  1.0000E+02  0.0000E+00  1.0000E+00  1.0000E+00  1.0000E+00  7.0787E-01  4.9282E+00  5.6533E+01  0.0000E+00  0.0000E+00  0.0000E+00  0.0000E+00  0.0000E+00  0.0000E+00  0.0000E+00
  3.6000E+01  5.0000E-01  0.0000E+00  5.2100E-01  0.0000E+00  0.0000E+00  1.0000E+00  7.0787E-01  4.9282E+00  5.6533E+01  5.1528E-01  2.7904E-02 -2.2190E-01  5.2100E-01  8.4144E-01 -3.2044E-01 -1.2609E-01
  3.6000E+01  1.0000E+00  0.0000E+00  9.0200E-01  0.0000E+00  0.0000E+00  1.0000E+00  7.0787E-01  4.9282E+00  5.6533E+01  8.5499E-01  2.2937E-01 -1.2759E-01  9.0200E-01  1.2983E+00 -3.9635E-01 -6.5857E-02
  3.6000E+01  2.0000E+00  0.0000E+00  1.3260E+00  0.0000E+00  0.0000E+00  1.0000E+00  7.0787E-01  4.9282E+00  5.6533E+01  1.2049E+00  5.9107E-01  2.1678E-01  1.3260E+00  1.6470E+00 -3.2097E-01  2.1524E-01
  3.6000E+01  4.0000E+00  0.0000E+00  9.7000E-01  0.0000E+00  0.0000E+00  1.0000E+00  7.0787E-01  4.9282E+00  5.6533E+01  1.3046E+00 -1.6324E+00 -1.8825E+00  9.7000E-01  1.6312E+00 -6.6123E-01 -1.8342E+00
  3.6000E+01  8.0000E+00  0.0000E+00  9.5500E-01  0.0000E+00  0.0000E+00  1.0000E+00  7.0787E-01  4.9282E+00  5.6533E+01  9.9737E-01 -2.0675E-01 -3.8262E-01  9.5500E-01  1.2880E+00 -3.3303E-01 -3.2402E-01
  3.6000E+01  1.2000E+01  0.0000E+00  4.1400E-01  0.0000E+00  0.0000E+00  1.0000E+00  7.0787E-01  4.9282E+00  5.6533E+01  7.0828E-01 -1.4358E+00 -1.6192E+00  4.1400E-01  1.0021E+00 -5.8810E-01 -1.6065E+00
  3.6000E+01  2.4000E+01  0.0000E+00  1.7600E-01  0.0000E+00  0.0000E+00  1.0000E+00  7.0787E-01  4.9282E+00  5.6533E+01  2.4897E-01 -3.5602E-01 -4.9531E-01  1.7600E-01  4.7160E-01 -2.9560E-01 -4.8978E-01
  3.6000E+01  1.6800E+02  1.0000E+02  0.0000E+00  1.0000E+00  1.0000E+00  2.0000E+00  7.0787E-01  4.9282E+00  5.6533E+01  8.7976E-07 -4.2925E-06  0.0000E+00  0.0000E+00  5.5655E-05  0.0000E+00  0.0000E+00
  3.6000E+01  1.6850E+02  0.0000E+00  3.3800E-01  0.0000E+00  0.0000E+00  2.0000E+00  7.0787E-01  4.9282E+00  5.6533E+01  5.1528E-01 -8.6498E-01 -1.1148E+00  3.3800E-01  8.4149E-01 -5.0349E-01 -1.0186E+00
  3.6000E+01  1.6900E+02  0.0000E+00  7.3500E-01  0.0000E+00  0.0000E+00  2.0000E+00  7.0787E-01  4.9282E+00  5.6533E+01  8.5499E-01 -5.8545E-01 -9.4241E-01  7.3500E-01  1.2984E+00 -5.6340E-01 -8.8034E-01
  3.6000E+01  1.7000E+02  0.0000E+00  9.4200E-01  0.0000E+00  0.0000E+00  2.0000E+00  7.0787E-01  4.9282E+00  5.6533E+01  1.2049E+00 -1.2825E+00 -1.6568E+00  9.4200E-01  1.6470E+00 -7.0501E-01 -1.6580E+00
  3.6000E+01  1.7200E+02  0.0000E+00  1.1090E+00  0.0000E+00  0.0000E+00  2.0000E+00  7.0787E-01  4.9282E+00  5.6533E+01  1.3046E+00 -9.5416E-01 -1.2043E+00  1.1090E+00  1.6313E+00 -5.2227E-01 -1.1557E+00
  3.6000E+01  1.7600E+02  0.0000E+00  9.7400E-01  0.0000E+00  0.0000E+00  2.0000E+00  7.0787E-01  4.9282E+00  5.6533E+01  9.9737E-01 -1.1405E-01 -2.8992E-01  9.7400E-01  1.2881E+00 -3.1406E-01 -2.3109E-01
  3.6000E+01  1.8000E+02  0.0000E+00  6.0300E-01  0.0000E+00  0.0000E+00  2.0000E+00  7.0787E-01  4.9282E+00  5.6533E+01  7.0828E-01 -5.1369E-01 -6.9701E-01  6.0300E-01  1.0021E+00 -3.9913E-01 -6.8419E-01
  3.6000E+01  1.9200E+02  0.0000E+00  1.4800E-01  0.0000E+00  0.0000E+00  2.0000E+00  7.0787E-01  4.9282E+00  5.6533E+01  2.4897E-01 -4.9264E-01 -6.3192E-01  1.4800E-01  4.7161E-01 -3.2361E-01 -6.2630E-01
  3.6000E+01  3.3600E+02  1.0000E+02  0.0000E+00  1.0000E+00  1.0000E+00  3.0000E+00  7.0787E-01  4.9282E+00  5.6533E+01  8.7976E-07 -4.2925E-06  0.0000E+00  0.0000E+00  5.5656E-05  0.0000E+00  0.0000E+00
  3.6000E+01  3.3650E+02  0.0000E+00  4.7700E-01  0.0000E+00  0.0000E+00  3.0000E+00  7.0787E-01  4.9282E+00  5.6533E+01  5.1528E-01 -1.8678E-01 -4.3659E-01  4.7700E-01  8.4149E-01 -3.6449E-01 -3.4043E-01
  3.6000E+01  3.3700E+02  0.0000E+00  8.9700E-01  0.0000E+00  0.0000E+00  3.0000E+00  7.0787E-01  4.9282E+00  5.6533E+01  8.5499E-01  2.0497E-01 -1.5199E-01  8.9700E-01  1.2984E+00 -4.0140E-01 -8.9923E-02
  3.6000E+01  3.3800E+02  0.0000E+00  1.3950E+00  0.0000E+00  0.0000E+00  3.0000E+00  7.0787E-01  4.9282E+00  5.6533E+01  1.2049E+00  9.2772E-01  5.5343E-01  1.3950E+00  1.6470E+00 -2.5201E-01  5.5221E-01
  3.6000E+01  3.4000E+02  0.0000E+00  1.6820E+00  0.0000E+00  0.0000E+00  3.0000E+00  7.0787E-01  4.9282E+00  5.6533E+01  1.3046E+00  1.8416E+00  1.5914E+00  1.6820E+00  1.6313E+00  5.0726E-02  1.6400E+00
  3.6000E+01  3.4400E+02  0.0000E+00  1.2110E+00  0.0000E+00  0.0000E+00  3.0000E+00  7.0787E-01  4.9282E+00  5.6533E+01  9.9737E-01  1.0423E+00  8.6644E-01  1.2110E+00  1.2881E+00 -7.7063E-02  9.2527E-01
  3.6000E+01  3.4800E+02  0.0000E+00  1.0320E+00  0.0000E+00  0.0000E+00  3.0000E+00  7.0787E-01  4.9282E+00  5.6533E+01  7.0828E-01  1.5795E+00  1.3961E+00  1.0320E+00  1.0021E+00  2.9875E-02  1.4090E+00
  3.6000E+01  3.6000E+02  0.0000E+00  3.2700E-01  0.0000E+00  0.0000E+00  3.0000E+00  7.0787E-01  4.9282E+00  5.6533E+01  2.4897E-01  3.8073E-01  2.4144E-01  3.2700E-01  4.7161E-01 -1.4461E-01  2.4706E-01
  3.7000E+01  0.0000E+00  1.0000E+02  0.0000E+00  1.0000E+00  1.0000E+00  1.0000E+00  1.4786E+00  3.8983E+00  4.4277E+01  0.0000E+00  0.0000E+00  0.0000E+00  0.0000E+00  0.0000E+00  0.0000E+00  0.0000E+00
  3.7000E+01  5.0000E-01  0.0000E+00  1.3210E+00  0.0000E+00  0.0000E+00  1.0000E+00  1.4786E+00  3.8983E+00  4.4277E+01  1.1515E+00  8.2720E-01  1.1000E+00  1.3210E+00  8.4144E-01  4.7956E-01  1.1778E+00
  3.7000E+01  1.0000E+00  0.0000E+00  1.9930E+00  0.0000E+00  0.0000E+00  1.0000E+00  1.4786E+00  3.8983E+00  4.4277E+01  1.6516E+00  1.6655E+00  1.9485E+00  1.9930E+00  1.2983E+00  6.9465E-01  1.9944E+00
  3.7000E+01  2.0000E+00  0.0000E+00  1.5890E+00  0.0000E+00  0.0000E+00  1.0000E+00  1.4786E+00  3.8983E+00  4.4277E+01  1.8890E+00 -1.4636E+00 -1.3047E+00  1.5890E+00  1.6470E+00 -5.7966E-02 -1.3046E+00
  3.7000E+01  4.0000E+00  0.0000E+00  1.9920E+00  0.0000E+00  0.0000E+00  1.0000E+00  1.4786E+00  3.8983E+00  4.4277E+01  1.6822E+00  1.5118E+00  1.5158E+00  1.9920E+00  1.6312E+00  3.6077E-01  1.5343E+00
  3.7000E+01  8.0000E+00  0.0000E+00  9.0900E-01  0.0000E+00  0.0000E+00  1.0000E+00  1.4786E+00  3.8983E+00  4.4277E+01  1.1874E+00 -1.3582E+00 -1.4644E+00  9.0900E-01  1.2880E+00 -3.7903E-01 -1.4784E+00
  3.7000E+01  1.2000E+01  0.0000E+00  8.2400E-01  0.0000E+00  0.0000E+00  1.0000E+00  1.4786E+00  3.8983E+00  4.4277E+01  8.3492E-01 -5.3282E-02 -2.0049E-01  8.2400E-01  1.0021E+00 -1.7810E-01 -2.3526E-01
  3.7000E+01  2.4000E+01  0.0000E+00  2.1800E-01  0.0000E+00  0.0000E+00  1.0000E+00  1.4786E+00  3.8983E+00  4.4277E+01  2.9027E-01 -3.5263E-01 -4.7941E-01  2.1800E-01  4.7160E-01 -2.5360E-01 -4.5543E-01
  3.7000E+01  1.6800E+02  1.0000E+02  0.0000E+00  1.0000E+00  1.0000E+00  2.0000E+00  1.4786E+00  3.8983E+00  4.4277E+01  9.0519E-07 -4.4165E-06  0.0000E+00  0.0000E+00  5.5655E-05  0.0000E+00  0.0000E+00
  3.7000E+01  1.6850E+02  0.0000E+00  1.1260E+00  0.0000E+00  0.0000E+00  2.0000E+00  1.4786E+00  3.8983E+00  4.4277E+01  1.1515E+00 -1.2424E-01  1.4855E-01  1.1260E+00  8.4149E-01  2.8451E-01  2.2683E-01
  3.7000E+01  1.6900E+02  0.0000E+00  1.6380E+00  0.0000E+00  0.0000E+00  2.0000E+00  1.4786E+00  3.8983E+00  4.4277E+01  1.6516E+00 -6.6595E-02  2.1642E-01  1.6380E+00  1.2984E+00  3.3960E-01  2.6279E-01
  3.7000E+01  1.7000E+02  0.0000E+00  1.5520E+00  0.0000E+00  0.0000E+00  2.0000E+00  1.4786E+00  3.8983E+00  4.4277E+01  1.8890E+00 -1.6441E+00 -1.4852E+00  1.5520E+00  1.6470E+00 -9.5015E-02 -1.4846E+00
  3.7000E+01  1.7200E+02  0.0000E+00  1.4270E+00  0.0000E+00  0.0000E+00  2.0000E+00  1.4786E+00  3.8983E+00  4.4277E+01  1.6822E+00 -1.2449E+00 -1.2410E+00  1.4270E+00  1.6313E+00 -2.0427E-01 -1.2220E+00
  3.7000E+01  1.7600E+02  0.0000E+00  1.4000E+00  0.0000E+00  0.0000E+00  2.0000E+00  1.4786E+00  3.8983E+00  4.4277E+01  1.1874E+00  1.0375E+00  9.3123E-01  1.4000E+00  1.2881E+00  1.1194E-01  9.1759E-01
  3.7000E+01  1.8000E+02  0.0000E+00  6.9800E-01  0.0000E+00  0.0000E+00  2.0000E+00  1.4786E+00  3.8983E+00  4.4277E+01  8.3492E-01 -6.6806E-01 -8.1527E-01  6.9800E-01  1.0021E+00 -3.0413E-01 -8.4977E-01
  3.7000E+01  1.9200E+02  0.0000E+00  4.0700E-01  0.0000E+00  0.0000E+00  2.0000E+00  1.4786E+00  3.8983E+00  4.4277E+01  2.9027E-01  5.6953E-01  4.4275E-01  4.0700E-01  4.7161E-01 -6.4612E-02  4.6686E-01
  3.7000E+01  3.3600E+02  1.0000E+02  0.0000E+00  1.0000E+00  1.0000E+00  3.0000E+00  1.4786E+00  3.8983E+00  4.4277E+01  9.0519E-07 -4.4165E-06  0.0000E+00  0.0000E+00  5.5656E-05  0.0000E+00  0.0000E+00
  3.7000E+01  3.3650E+02  0.0000E+00  1.0100E+00  0.0000E+00  0.0000E+00  3.0000E+00  1.4786E+00  3.8983E+00  4.4277E+01  1.1515E+00 -6.9022E-01 -4.1743E-01  1.0100E+00  8.4149E-01  1.6851E-01 -3.3915E-01
  3.7000E+01  3.3700E+02  0.0000E+00  1.5490E+00  0.0000E+00  0.0000E+00  3.0000E+00  1.4786E+00  3.8983E+00  4.4277E+01  1.6516E+00 -5.0084E-01 -2.1783E-01  1.5490E+00  1.2984E+00  2.5060E-01 -1.7146E-01
  3.7000E+01  3.3800E+02  0.0000E+00  2.2050E+00  0.0000E+00  0.0000E+00  3.0000E+00  1.4786E+00  3.8983E+00  4.4277E+01  1.8890E+00  1.5419E+00  1.7009E+00  2.2050E+00  1.6470E+00  5.5799E-01  1.7014E+00
  3.7000E+01  3.4000E+02  0.0000E+00  1.9140E+00  0.0000E+00  0.0000E+00  3.0000E+00  1.4786E+00  3.8983E+00  4.4277E+01  1.6822E+00  1.1312E+00  1.1352E+00  1.9140E+00  1.6313E+00  2.8273E-01  1.1542E+00
  3.7000E+01  3.4400E+02  0.0000E+00  1.2710E+00  0.0000E+00  0.0000E+00  3.0000E+00  1.4786E+00  3.8983E+00  4.4277E+01  1.1874E+00  4.0806E-01  3.0182E-01  1.2710E+00  1.2881E+00 -1.7063E-02  2.8818E-01
  3.7000E+01  3.4800E+02  0.0000E+00  7.4500E-01  0.0000E+00  0.0000E+00  3.0000E+00  1.4786E+00  3.8983E+00  4.4277E+01  8.3492E-01 -4.3874E-01 -5.8595E-01  7.4500E-01  1.0021E+00 -2.5713E-01 -6.2045E-01
  3.7000E+01  3.6000E+02  0.0000E+00  3.6500E-01  0.0000E+00  0.0000E+00  3.0000E+00  1.4786E+00  3.8983E+00  4.4277E+01  2.9027E-01  3.6461E-01  2.3783E-01  3.6500E-01  4.7161E-01 -1.0661E-01  2.6194E-01
  3.8000E+01  0.0000E+00  1.0000E+02  0.0000E+00  1.0000E+00  1.0000E+00  1.0000E+00  9.0785E-01  3.5507E+00  5.3786E+01  0.0000E+00  0.0000E+00  0.0000E+00  0.0000E+00  0.0000E+00  0.0000E+00  0.0000E+00
  3.8000E+01  5.0000E-01  0.0000E+00  6.3400E-01  0.0000E+00  0.0000E+00  1.0000E+00  9.0785E-01  3.5507E+00  5.3786E+01  6.6647E-01 -1.5840E-01 -2.9588E-01  6.3400E-01  8.4144E-01 -2.0744E-01 -2.7099E-01
  3.8000E+01  1.0000E+00  0.0000E+00  1.1610E+00  0.0000E+00  0.0000E+00  1.0000E+00  9.0785E-01  3.5507E+00  5.3786E+01  1.0681E+00  4.5318E-01  2.6979E-01  1.1610E+00  1.2983E+00 -1.3735E-01  2.8345E-01
  3.8000E+01  2.0000E+00  0.0000E+00  1.3740E+00  0.0000E+00  0.0000E+00  1.0000E+00  9.0785E-01  3.5507E+00  5.3786E+01  1.4308E+00 -2.7692E-01 -4.4808E-01  1.3740E+00  1.6470E+00 -2.7297E-01 -4.5336E-01
  3.8000E+01  4.0000E+00  0.0000E+00  1.5130E+00  0.0000E+00  0.0000E+00  1.0000E+00  9.0785E-01  3.5507E+00  5.3786E+01  1.4866E+00  1.2876E-01  2.8411E-02  1.5130E+00  1.6312E+00 -1.1823E-01  3.6777E-02
  3.8000E+01  8.0000E+00  0.0000E+00  1.3650E+00  0.0000E+00  0.0000E+00  1.0000E+00  9.0785E-01  3.5507E+00  5.3786E+01  1.1810E+00  8.9790E-01  8.3657E-01  1.3650E+00  1.2880E+00  7.6970E-02  8.5284E-01
  3.8000E+01  1.2000E+01  0.0000E+00  9.7300E-01  0.0000E+00  0.0000E+00  1.0000E+00  9.0785E-01  3.5507E+00  5.3786E+01  9.0794E-01  3.1743E-01  2.6411E-01  9.7300E-01  1.0021E+00 -2.9099E-02  2.7100E-01
  3.8000E+01  2.4000E+01  0.0000E+00  3.8700E-01  0.0000E+00  0.0000E+00  1.0000E+00  9.0785E-01  3.5507E+00  5.3786E+01  4.1118E-01 -1.1799E-01 -1.5248E-01  3.8700E-01  4.7160E-01 -8.4599E-02 -1.5757E-01
  3.8000E+01  1.6800E+02  1.0000E+02  0.0000E+00  1.0000E+00  1.0000E+00  2.0000E+00  9.0785E-01  3.5507E+00  5.3786E+01  3.0587E-05 -1.4924E-04  0.0000E+00  0.0000E+00  5.5655E-05  0.0000E+00  0.0000E+00
  3.8000E+01  1.6850E+02  0.0000E+00  7.9600E-01  0.0000E+00  0.0000E+00  2.0000E+00  9.0785E-01  3.5507E+00  5.3786E+01  6.6650E-01  6.3187E-01  4.9438E-01  7.9600E-01  8.4149E-01 -4.5493E-02  5.1928E-01
  3.8000E+01  1.6900E+02  0.0000E+00  1.1080E+00  0.0000E+00  0.0000E+00  2.0000E+00  9.0785E-01  3.5507E+00  5.3786E+01  1.0681E+00  1.9444E-01  1.1042E-02  1.1080E+00  1.2984E+00 -1.9040E-01  2.4711E-02
  3.8000E+01  1.7000E+02  0.0000E+00  1.5930E+00  0.0000E+00  0.0000E+00  2.0000E+00  9.0785E-01  3.5507E+00  5.3786E+01  1.4308E+00  7.9149E-01  6.2031E-01  1.5930E+00  1.6470E+00 -5.4015E-02  6.1504E-01
  3.8000E+01  1.7200E+02  0.0000E+00  1.2130E+00  0.0000E+00  0.0000E+00  2.0000E+00  9.0785E-01  3.5507E+00  5.3786E+01  1.4866E+00 -1.3351E+00 -1.4355E+00  1.2130E+00  1.6313E+00 -4.1827E-01 -1.4271E+00
  3.8000E+01  1.7600E+02  0.0000E+00  1.0310E+00  0.0000E+00  0.0000E+00  2.0000E+00  9.0785E-01  3.5507E+00  5.3786E+01  1.1810E+00 -7.3182E-01 -7.9316E-01  1.0310E+00  1.2881E+00 -2.5706E-01 -7.7688E-01
  3.8000E+01  1.8000E+02  0.0000E+00  8.8800E-01  0.0000E+00  0.0000E+00  2.0000E+00  9.0785E-01  3.5507E+00  5.3786E+01  9.0796E-01 -9.7368E-02 -1.5069E-01  8.8800E-01  1.0021E+00 -1.1413E-01 -1.4379E-01
  3.8000E+01  1.9200E+02  0.0000E+00  4.0700E-01  0.0000E+00  0.0000E+00  2.0000E+00  9.0785E-01  3.5507E+00  5.3786E+01  4.1119E-01 -2.0439E-02 -5.4931E-02  4.0700E-01  4.7161E-01 -6.4612E-02 -6.0017E-02
  3.8000E+01  3.3600E+02  1.0000E+02  0.0000E+00  1.0000E+00  1.0000E+00  3.0000E+00  9.0785E-01  3.5507E+00  5.3786E+01  3.0588E-05 -1.4924E-04  0.0000E+00  0.0000E+00  5.5656E-05  0.0000E+00  0.0000E+00
  3.8000E+01  3.3650E+02  0.0000E+00  4.4800E-01  0.0000E+00  0.0000E+00  3.0000E+00  9.0785E-01  3.5507E+00  5.3786E+01  6.6650E-01 -1.0661E+00 -1.2036E+00  4.4800E-01  8.4149E-01 -3.9349E-01 -1.1787E+00
  3.8000E+01  3.3700E+02  0.0000E+00  8.9800E-01  0.0000E+00  0.0000E+00  3.0000E+00  9.0785E-01  3.5507E+00  5.3786E+01  1.0681E+00 -8.3018E-01 -1.0136E+00  8.9800E-01  1.2984E+00 -4.0040E-01 -9.9991E-01
  3.8000E+01  3.3800E+02  0.0000E+00  1.4730E+00  0.0000E+00  0.0000E+00  3.0000E+00  9.0785E-01  3.5507E+00  5.3786E+01  1.4308E+00  2.0599E-01  3.4815E-02  1.4730E+00  1.6470E+00 -1.7401E-01  2.9541E-02
  3.8000E+01  3.4000E+02  0.0000E+00  1.4760E+00  0.0000E+00  0.0000E+00  3.0000E+00  9.0785E-01  3.5507E+00  5.3786E+01  1.4866E+00 -5.1884E-02 -1.5224E-01  1.4760E+00  1.6313E+00 -1.5527E-01 -1.4387E-01
  3.8000E+01  3.4400E+02  0.0000E+00  1.3680E+00  0.0000E+00  0.0000E+00  3.0000E+00  9.0785E-01  3.5507E+00  5.3786E+01  1.1810E+00  9.1245E-01  8.5111E-01  1.3680E+00  1.2881E+00  7.9937E-02  8.6739E-01
  3.8000E+01  3.4800E+02  0.0000E+00  8.1000E-01  0.0000E+00  0.0000E+00  3.0000E+00  9.0785E-01  3.5507E+00  5.3786E+01  9.0796E-01 -4.7794E-01 -5.3126E-01  8.1000E-01  1.0021E+00 -1.9213E-01 -5.2437E-01
  3.8000E+01  3.6000E+02  0.0000E+00  3.7600E-01  0.0000E+00  0.0000E+00  3.0000E+00  9.0785E-01  3.5507E+00  5.3786E+01  4.1119E-01 -1.7169E-01 -2.0618E-01  3.7600E-01  4.7161E-01 -9.5612E-02 -2.1127E-01
  3.9000E+01  0.0000E+00  1.0000E+02  0.0000E+00  1.0000E+00  1.0000E+00  1.0000E+00  9.3314E-01  5.2841E+00  4.2570E+01  0.0000E+00  0.0000E+00  0.0000E+00  0.0000E+00  0.0000E+00  0.0000E+00  0.0000E+00
  3.9000E+01  5.0000E-01  0.0000E+00  6.3900E-01  0.0000E+00  0.0000E+00  1.0000E+00  9.3314E-01  5.2841E+00  4.2570E+01  8.4719E-01 -1.0158E+00 -1.0701E+00  6.3900E-01  8.4144E-01 -2.0244E-01 -1.0751E+00
  3.9000E+01  1.0000E+00  0.0000E+00  8.0600E-01  0.0000E+00  0.0000E+00  1.0000E+00  9.3314E-01  5.2841E+00  4.2570E+01  1.3275E+00 -2.5446E+00 -2.5630E+00  8.0600E-01  1.2983E+00 -4.9235E-01 -2.5178E+00
  3.9000E+01  2.0000E+00  0.0000E+00  1.8270E+00  0.0000E+00  0.0000E+00  1.0000E+00  9.3314E-01  5.2841E+00  4.2570E+01  1.6947E+00  6.4552E-01  7.1947E-01  1.8270E+00  1.6470E+00  1.8003E-01  8.4210E-01
  3.9000E+01  4.0000E+00  0.0000E+00  1.6800E+00  0.0000E+00  0.0000E+00  1.0000E+00  9.3314E-01  5.2841E+00  4.2570E+01  1.5843E+00  4.6692E-01  5.0750E-01  1.6800E+00  1.6312E+00  4.8769E-02  5.8345E-01
  3.9000E+01  8.0000E+00  0.0000E+00  9.8500E-01  0.0000E+00  0.0000E+00  1.0000E+00  9.3314E-01  5.2841E+00  4.2570E+01  1.0022E+00 -8.3924E-02 -3.3298E-01  9.8500E-01  1.2880E+00 -3.0303E-01 -4.4107E-01
  3.9000E+01  1.2000E+01  0.0000E+00  6.5300E-01  0.0000E+00  0.0000E+00  1.0000E+00  9.3314E-01  5.2841E+00  4.2570E+01  6.1090E-01  2.0543E-01 -1.5363E-01  6.5300E-01  1.0021E+00 -3.4910E-01 -2.8196E-01
  3.9000E+01  2.4000E+01  0.0000E+00  1.5900E-01  0.0000E+00  0.0000E+00  1.0000E+00  9.3314E-01  5.2841E+00  4.2570E+01  1.3775E-01  1.0367E-01 -1.1969E-01  1.5900E-01  4.7160E-01 -3.1260E-01  1.1653E-02
  3.9000E+01  1.6800E+02  1.0000E+02  0.0000E+00  1.0000E+00  1.0000E+00  2.0000E+00  9.3314E-01  5.2841E+00  4.2570E+01  2.3786E-09 -1.1606E-08  0.0000E+00  0.0000E+00  5.5655E-05  0.0000E+00  0.0000E+00
  3.9000E+01  1.6850E+02  0.0000E+00  1.0290E+00  0.0000E+00  0.0000E+00  2.0000E+00  9.3314E-01  5.2841E+00  4.2570E+01  8.4719E-01  8.8707E-01  8.3277E-01  1.0290E+00  8.4149E-01  1.8751E-01  8.2888E-01
  3.9000E+01  1.6900E+02  0.0000E+00  1.4840E+00  0.0000E+00  0.0000E+00  2.0000E+00  9.3314E-01  5.2841E+00  4.2570E+01  1.3275E+00  7.6346E-01  7.4506E-01  1.4840E+00  1.2984E+00  1.8560E-01  7.9133E-01
  3.9000E+01  1.7000E+02  0.0000E+00  2.0380E+00  0.0000E+00  0.0000E+00  2.0000E+00  9.3314E-01  5.2841E+00  4.2570E+01  1.6947E+00  1.6750E+00  1.7490E+00  2.0380E+00  1.6470E+00  3.9099E-01  1.8726E+00
  3.9000E+01  1.7200E+02  0.0000E+00  1.6430E+00  0.0000E+00  0.0000E+00  2.0000E+00  9.3314E-01  5.2841E+00  4.2570E+01  1.5843E+00  2.8639E-01  3.2697E-01  1.6430E+00  1.6313E+00  1.1726E-02  4.0384E-01
  3.9000E+01  1.7600E+02  0.0000E+00  9.1000E-01  0.0000E+00  0.0000E+00  2.0000E+00  9.3314E-01  5.2841E+00  4.2570E+01  1.0022E+00 -4.4986E-01 -6.9891E-01  9.1000E-01  1.2881E+00 -3.7806E-01 -8.0627E-01
  3.9000E+01  1.8000E+02  0.0000E+00  6.3500E-01  0.0000E+00  0.0000E+00  2.0000E+00  9.3314E-01  5.2841E+00  4.2570E+01  6.1090E-01  1.1760E-01 -2.4145E-01  6.3500E-01  1.0021E+00 -3.6713E-01 -3.6920E-01
  3.9000E+01  1.9200E+02  0.0000E+00  1.3300E-01  0.0000E+00  0.0000E+00  2.0000E+00  9.3314E-01  5.2841E+00  4.2570E+01  1.3775E-01 -2.3183E-02 -2.4654E-01  1.3300E-01  4.7161E-01 -3.3861E-01 -1.1491E-01
  3.9000E+01  3.3600E+02  1.0000E+02  0.0000E+00  1.0000E+00  1.0000E+00  3.0000E+00  9.3314E-01  5.2841E+00  4.2570E+01  2.3786E-09 -1.1606E-08  0.0000E+00  0.0000E+00  5.5656E-05  0.0000E+00  0.0000E+00
  3.9000E+01  3.3650E+02  0.0000E+00  1.0470E+00  0.0000E+00  0.0000E+00  3.0000E+00  9.3314E-01  5.2841E+00  4.2570E+01  8.4719E-01  9.7490E-01  9.2060E-01  1.0470E+00  8.4149E-01  2.0551E-01  9.1671E-01
  3.9000E+01  3.3700E+02  0.0000E+00  1.2890E+00  0.0000E+00  0.0000E+00  3.0000E+00  9.3314E-01  5.2841E+00  4.2570E+01  1.3275E+00 -1.8797E-01 -2.0638E-01  1.2890E+00  1.2984E+00 -9.3983E-03 -1.6010E-01
  3.9000E+01  3.3800E+02  0.0000E+00  1.4430E+00  0.0000E+00  0.0000E+00  3.0000E+00  9.3314E-01  5.2841E+00  4.2570E+01  1.6947E+00 -1.2281E+00 -1.1541E+00  1.4430E+00  1.6470E+00 -2.0401E-01 -1.0305E+00
  3.9000E+01  3.4000E+02  0.0000E+00  1.7070E+00  0.0000E+00  0.0000E+00  3.0000E+00  9.3314E-01  5.2841E+00  4.2570E+01  1.5843E+00  5.9866E-01  6.3924E-01  1.7070E+00  1.6313E+00  7.5726E-02  7.1610E-01
  3.9000E+01  3.4400E+02  0.0000E+00  8.2100E-01  0.0000E+00  0.0000E+00  3.0000E+00  9.3314E-01  5.2841E+00  4.2570E+01  1.0022E+00 -8.8410E-01 -1.1332E+00  8.2100E-01  1.2881E+00 -4.6706E-01 -1.2405E+00
  3.9000E+01  3.4800E+02  0.0000E+00  4.8000E-01  0.0000E+00  0.0000E+00  3.0000E+00  9.3314E-01  5.2841E+00  4.2570E+01  6.1090E-01 -6.3866E-01 -9.9772E-01  4.8000E-01  1.0021E+00 -5.2213E-01 -1.1255E+00
  3.9000E+01  3.6000E+02  0.0000E+00  2.3700E-01  0.0000E+00  0.0000E+00  3.0000E+00  9.3314E-01  5.2841E+00  4.2570E+01  1.3775E-01  4.8425E-01  2.6089E-01  2.3700E-01  4.7161E-01 -2.3461E-01  3.9252E-01
  4.0000E+01  0.0000E+00  1.0000E+02  0.0000E+00  1.0000E+00  1.0000E+00  1.0000E+00  5.0450E-01  3.7379E+00  5.4470E+01  0.0000E+00  0.0000E+00  0.0000E+00  0.0000E+00  0.0000E+00  0.0000E+00  0.0000E+00
  4.0000E+01  5.0000E-01  0.0000E+00  2.1000E-01  0.0000E+00  0.0000E+00  1.0000E+00  5.0450E-01  3.7379E+00  5.4470E+01  4.0208E-01 -9.3717E-01 -1.2514E+00  2.1000E-01  8.4144E-01 -6.3144E-01 -1.0810E+00
  4.0000E+01  1.0000E+00  0.0000E+00  3.8600E-01  0.0000E+00  0.0000E+00  1.0000E+00  5.0450E-01  3.7379E+00  5.4470E+01  7.0095E-01 -1.5367E+00 -2.0128E+00  3.8600E-01  1.2983E+00 -9.1235E-01 -1.9457E+00
  4.0000E+01  2.0000E+00  0.0000E+00  6.6000E-01  0.0000E+00  0.0000E+00  1.0000E+00  5.0450E-01  3.7379E+00  5.4470E+01  1.0777E+00 -2.0380E+00 -2.5779E+00  6.6000E-01  1.6470E+00 -9.8697E-01 -2.6741E+00
  4.0000E+01  4.0000E+00  0.0000E+00  1.2160E+00  0.0000E+00  0.0000E+00  1.0000E+00  5.0450E-01  3.7379E+00  5.4470E+01  1.3324E+00 -5.6792E-01 -8.8972E-01  1.2160E+00  1.6312E+00 -4.1523E-01 -8.0922E-01
  4.0000E+01  8.0000E+00  0.0000E+00  1.2380E+00  0.0000E+00  0.0000E+00  1.0000E+00  5.0450E-01  3.7379E+00  5.4470E+01  1.1897E+00  2.3581E-01  2.2048E-01  1.2380E+00  1.2880E+00 -5.0030E-02  4.3388E-01
  4.0000E+01  1.2000E+01  0.0000E+00  1.2120E+00  0.0000E+00  0.0000E+00  1.0000E+00  5.0450E-01  3.7379E+00  5.4470E+01  9.2764E-01  1.3874E+00  1.3997E+00  1.2120E+00  1.0021E+00  2.0990E-01  1.4677E+00
  4.0000E+01  2.4000E+01  0.0000E+00  3.4400E-01  0.0000E+00  0.0000E+00  1.0000E+00  5.0450E-01  3.7379E+00  5.4470E+01  4.0933E-01 -3.1874E-01 -3.8284E-01  3.4400E-01  4.7160E-01 -1.2760E-01 -5.2631E-01
  4.0000E+01  1.6800E+02  1.0000E+02  0.0000E+00  1.0000E+00  1.0000E+00  2.0000E+00  5.0450E-01  3.7379E+00  5.4470E+01  2.0920E-05 -1.0207E-04  0.0000E+00  0.0000E+00  5.5655E-05  0.0000E+00  0.0000E+00
  4.0000E+01  1.6850E+02  0.0000E+00  3.2300E-01  0.0000E+00  0.0000E+00  2.0000E+00  5.0450E-01  3.7379E+00  5.4470E+01  4.0210E-01 -3.8593E-01 -7.0022E-01  3.2300E-01  8.4149E-01 -5.1849E-01 -5.3011E-01
  4.0000E+01  1.6900E+02  0.0000E+00  7.2900E-01  0.0000E+00  0.0000E+00  2.0000E+00  5.0450E-01  3.7379E+00  5.4470E+01  7.0097E-01  1.3677E-01 -3.3939E-01  7.2900E-01  1.2984E+00 -5.6940E-01 -2.7256E-01
  4.0000E+01  1.7000E+02  0.0000E+00  1.0690E+00  0.0000E+00  0.0000E+00  2.0000E+00  5.0450E-01  3.7379E+00  5.4470E+01  1.0777E+00 -4.2525E-02 -5.8242E-01  1.0690E+00  1.6470E+00 -5.7801E-01 -6.7893E-01
  4.0000E+01  1.7200E+02  0.0000E+00  9.8300E-01  0.0000E+00  0.0000E+00  2.0000E+00  5.0450E-01  3.7379E+00  5.4470E+01  1.3324E+00 -1.7048E+00 -2.0267E+00  9.8300E-01  1.6313E+00 -6.4827E-01 -1.9464E+00
  4.0000E+01  1.7600E+02  0.0000E+00  1.2270E+00  0.0000E+00  0.0000E+00  2.0000E+00  5.0450E-01  3.7379E+00  5.4470E+01  1.1897E+00  1.8208E-01  1.6672E-01  1.2270E+00  1.2881E+00 -6.1063E-02  3.7995E-01
  4.0000E+01  1.8000E+02  0.0000E+00  8.8400E-01  0.0000E+00  0.0000E+00  2.0000E+00  5.0450E-01  3.7379E+00  5.4470E+01  9.2765E-01 -2.1298E-01 -2.0070E-01  8.8400E-01  1.0021E+00 -1.1813E-01 -1.3282E-01
  4.0000E+01  1.9200E+02  0.0000E+00  3.6900E-01  0.0000E+00  0.0000E+00  2.0000E+00  5.0450E-01  3.7379E+00  5.4470E+01  4.0933E-01 -1.9678E-01 -2.6089E-01  3.6900E-01  4.7161E-01 -1.0261E-01 -4.0443E-01
  4.0000E+01  3.3600E+02  1.0000E+02  0.0000E+00  1.0000E+00  1.0000E+00  3.0000E+00  5.0450E-01  3.7379E+00  5.4470E+01  2.0920E-05 -1.0207E-04  0.0000E+00  0.0000E+00  5.5656E-05  0.0000E+00  0.0000E+00
  4.0000E+01  3.3650E+02  0.0000E+00  6.1700E-01  0.0000E+00  0.0000E+00  3.0000E+00  5.0450E-01  3.7379E+00  5.4470E+01  4.0210E-01  1.0485E+00  7.3425E-01  6.1700E-01  8.4149E-01 -2.2449E-01  9.0436E-01
  4.0000E+01  3.3700E+02  0.0000E+00  8.1600E-01  0.0000E+00  0.0000E+00  3.0000E+00  5.0450E-01  3.7379E+00  5.4470E+01  7.0097E-01  5.6126E-01  8.5100E-02  8.1600E-01  1.2984E+00 -4.8240E-01  1.5192E-01
  4.0000E+01  3.3800E+02  0.0000E+00  1.4360E+00  0.0000E+00  0.0000E+00  3.0000E+00  5.0450E-01  3.7379E+00  5.4470E+01  1.0777E+00  1.7481E+00  1.2082E+00  1.4360E+00  1.6470E+00 -2.1101E-01  1.1117E+00
  4.0000E+01  3.4000E+02  0.0000E+00  1.7070E+00  0.0000E+00  0.0000E+00  3.0000E+00  5.0450E-01  3.7379E+00  5.4470E+01  1.3324E+00  1.8277E+00  1.5058E+00  1.7070E+00  1.6313E+00  7.5726E-02  1.5861E+00
  4.0000E+01  3.4400E+02  0.0000E+00  1.2490E+00  0.0000E+00  0.0000E+00  3.0000E+00  5.0450E-01  3.7379E+00  5.4470E+01  1.1897E+00  2.8942E-01  2.7406E-01  1.2490E+00  1.2881E+00 -3.9063E-02  4.8729E-01
  4.0000E+01  3.4800E+02  0.0000E+00  8.4300E-01  0.0000E+00  0.0000E+00  3.0000E+00  5.0450E-01  3.7379E+00  5.4470E+01  9.2765E-01 -4.1302E-01 -4.0074E-01  8.4300E-01  1.0021E+00 -1.5913E-01 -3.3287E-01
  4.0000E+01  3.6000E+02  0.0000E+00  2.5500E-01  0.0000E+00  0.0000E+00  3.0000E+00  5.0450E-01  3.7379E+00  5.4470E+01  4.0933E-01 -7.5300E-01 -8.1711E-01  2.5500E-01  4.7161E-01 -2.1661E-01 -9.6066E-01
  4.1000E+01  0.0000E+00  1.0000E+02  0.0000E+00  1.0000E+00  1.0000E+00  1.0000E+00  1.2497E+00  1.0175E+00  5.4772E+01  0.0000E+00  0.0000E+00  0.0000E+00  0.0000E+00  0.0000E+00  0.0000E+00  0.0000E+00
  4.1000E+01  5.0000E-01  0.0000E+00  8.3000E-01  0.0000E+00  0.0000E+00  1.0000E+00  1.2497E+00  1.0175E+00  5.4772E+01  8.4401E-01 -6.8366E-02 -1.4329E-01  8.3000E-01  8.4144E-01 -1.1439E-02 -2.5375E-01
  4.1000E+01  1.0000E+00  0.0000E+00  1.0470E+00  0.0000E+00  0.0000E+00  1.0000E+00  1.2497E+00  1.0175E+00  5.4772E+01  1.2880E+00 -1.1761E+00 -1.3390E+00  1.0470E+00  1.2983E+00 -2.5135E-01 -1.3824E+00
  4.1000E+01  2.0000E+00  0.0000E+00  1.5540E+00  0.0000E+00  0.0000E+00  1.0000E+00  1.2497E+00  1.0175E+00  5.4772E+01  1.6335E+00 -3.8777E-01 -6.5790E-01  1.5540E+00  1.6470E+00 -9.2966E-02 -5.2757E-01
  4.1000E+01  4.0000E+00  0.0000E+00  1.6600E+00  0.0000E+00  0.0000E+00  1.0000E+00  1.2497E+00  1.0175E+00  5.4772E+01  1.7081E+00 -2.3451E-01 -5.0259E-01  1.6600E+00  1.6312E+00  2.8769E-02 -3.6236E-01
  4.1000E+01  8.0000E+00  0.0000E+00  1.6400E+00  0.0000E+00  0.0000E+00  1.0000E+00  1.2497E+00  1.0175E+00  5.4772E+01  1.5973E+00  2.0851E-01  1.1799E-01  1.6400E+00  1.2880E+00  3.5197E-01 -2.9889E-02
  4.1000E+01  1.2000E+01  0.0000E+00  1.6970E+00  0.0000E+00  0.0000E+00  1.0000E+00  1.2497E+00  1.0175E+00  5.4772E+01  1.4830E+00  1.0443E+00  1.1213E+00  1.6970E+00  1.0021E+00  6.9490E-01  9.0078E-01
  4.1000E+01  2.4000E+01  0.0000E+00  1.4070E+00  0.0000E+00  0.0000E+00  1.0000E+00  1.2497E+00  1.0175E+00  5.4772E+01  1.1866E+00  1.0752E+00  1.5238E+00  1.4070E+00  4.7160E-01  9.3540E-01  1.7928E+00
  4.1000E+01  1.6800E+02  1.0000E+02  0.0000E+00  1.0000E+00  1.0000E+00  2.0000E+00  1.2497E+00  1.0175E+00  5.4772E+01  8.1764E-02 -3.9894E-01  0.0000E+00  0.0000E+00  5.5655E-05  0.0000E+00  0.0000E+00
  4.1000E+01  1.6850E+02  0.0000E+00  1.0890E+00  0.0000E+00  0.0000E+00  2.0000E+00  1.2497E+00  1.0175E+00  5.4772E+01  9.2502E-01  8.0008E-01  1.0739E+00  1.0890E+00  8.4149E-01  2.4751E-01  1.0072E+00
  4.1000E+01  1.6900E+02  0.0000E+00  1.5070E+00  0.0000E+00  0.0000E+00  2.0000E+00  1.2497E+00  1.0175E+00  5.4772E+01  1.3683E+00  6.7673E-01  8.6048E-01  1.5070E+00  1.2984E+00  2.0860E-01  8.5928E-01
  4.1000E+01  1.7000E+02  0.0000E+00  1.8680E+00  0.0000E+00  0.0000E+00  2.0000E+00  1.2497E+00  1.0175E+00  5.4772E+01  1.7123E+00  7.5989E-01  8.3217E-01  1.8680E+00  1.6470E+00  2.2099E-01  1.0019E+00
  4.1000E+01  1.7200E+02  0.0000E+00  1.6670E+00  0.0000E+00  0.0000E+00  2.0000E+00  1.2497E+00  1.0175E+00  5.4772E+01  1.7840E+00 -5.7072E-01 -5.0476E-01  1.6670E+00  1.6313E+00  3.5726E-02 -3.3048E-01
  4.1000E+01  1.7600E+02  0.0000E+00  1.6870E+00  0.0000E+00  0.0000E+00  2.0000E+00  1.2497E+00  1.0175E+00  5.4772E+01  1.6677E+00  9.3982E-02  3.2125E-01  1.6870E+00  1.2881E+00  3.9894E-01  1.9762E-01
  4.1000E+01  1.8000E+02  0.0000E+00  1.7440E+00  0.0000E+00  0.0000E+00  2.0000E+00  1.2497E+00  1.0175E+00  5.4772E+01  1.5484E+00  9.5444E-01  1.3336E+00  1.7440E+00  1.0021E+00  7.4187E-01  1.1287E+00
  4.1000E+01  1.9200E+02  0.0000E+00  1.3380E+00  0.0000E+00  0.0000E+00  2.0000E+00  1.2497E+00  1.0175E+00  5.4772E+01  1.2390E+00  4.8311E-01  1.1906E+00  1.3380E+00  4.7161E-01  8.6639E-01  1.4555E+00
  4.1000E+01  3.3600E+02  1.0000E+02  0.0000E+00  1.0000E+00  1.0000E+00  3.0000E+00  1.2497E+00  1.0175E+00  5.4772E+01  8.5371E-02 -4.1654E-01  0.0000E+00  0.0000E+00  5.5656E-05  0.0000E+00  0.0000E+00
  4.1000E+01  3.3650E+02  0.0000E+00  8.0300E-01  0.0000E+00  0.0000E+00  3.0000E+00  1.2497E+00  1.0175E+00  5.4772E+01  9.2859E-01 -6.1279E-01 -3.0723E-01  8.0300E-01  8.4149E-01 -3.8493E-02 -3.8827E-01
  4.1000E+01  3.3700E+02  0.0000E+00  1.5370E+00  0.0000E+00  0.0000E+00  3.0000E+00  1.2497E+00  1.0175E+00  5.4772E+01  1.3718E+00  8.0583E-01  1.0210E+00  1.5370E+00  1.2984E+00  2.3860E-01  1.0057E+00
  4.1000E+01  3.3800E+02  0.0000E+00  1.6410E+00  0.0000E+00  0.0000E+00  3.0000E+00  1.2497E+00  1.0175E+00  5.4772E+01  1.7157E+00 -3.6463E-01 -2.6138E-01  1.6410E+00  1.6470E+00 -6.0149E-03 -1.0564E-01
  4.1000E+01  3.4000E+02  0.0000E+00  1.5040E+00  0.0000E+00  0.0000E+00  3.0000E+00  1.2497E+00  1.0175E+00  5.4772E+01  1.7873E+00 -1.3824E+00 -1.2864E+00  1.5040E+00  1.6313E+00 -1.2727E-01 -1.1258E+00
  4.1000E+01  3.4400E+02  0.0000E+00  1.6490E+00  0.0000E+00  0.0000E+00  3.0000E+00  1.2497E+00  1.0175E+00  5.4772E+01  1.6708E+00 -1.0660E-01  1.4889E-01  1.6490E+00  1.2881E+00  3.6094E-01  1.2214E-02
  4.1000E+01  3.4800E+02  0.0000E+00  1.4260E+00  0.0000E+00  0.0000E+00  3.0000E+00  1.2497E+00  1.0175E+00  5.4772E+01  1.5513E+00 -6.1121E-01 -2.0556E-01  1.4260E+00  1.0021E+00  4.2387E-01 -4.2291E-01
  4.1000E+01  3.6000E+02  0.0000E+00  1.0940E+00  0.0000E+00  0.0000E+00  3.0000E+00  1.2497E+00  1.0175E+00  5.4772E+01  1.2413E+00 -7.1867E-01  1.0773E-02  1.0940E+00  4.7161E-01  6.2239E-01  2.6496E-01
  4.2000E+01  0.0000E+00  1.0000E+02  0.0000E+00  1.0000E+00  1.0000E+00  1.0000E+00  1.2234E+00  5.8823E+00  5.3873E+01  0.0000E+00  0.0000E+00  0.0000E+00  0.0000E+00  0.0000E+00  0.0000E+00  0.0000E+00
  4.2000E+01  5.0000E-01  0.0000E+00  1.2670E+00  0.0000E+00  0.0000E+00  1.0000E+00  1.2234E+00  5.8823E+00  5.3873E+01  8.2433E-01  2.1599E+00  2.1792E+00  1.2670E+00  8.4144E-01  4.2556E-01  2.1975E+00
  4.2000E+01  1.0000E+00  0.0000E+00  1.5590E+00  0.0000E+00  0.0000E+00  1.0000E+00  1.2234E+00  5.8823E+00  5.3873E+01  1.2277E+00  1.6167E+00  1.5814E+00  1.5590E+00  1.2983E+00  2.6065E-01  1.6279E+00
  4.2000E+01  2.0000E+00  0.0000E+00  1.7930E+00  0.0000E+00  0.0000E+00  1.0000E+00  1.2234E+00  5.8823E+00  5.3873E+01  1.4619E+00  1.6157E+00  1.4528E+00  1.7930E+00  1.6470E+00  1.4603E-01  1.5266E+00
  4.2000E+01  4.0000E+00  0.0000E+00  1.2440E+00  0.0000E+00  0.0000E+00  1.0000E+00  1.2234E+00  5.8823E+00  5.3873E+01  1.3016E+00 -2.8113E-01 -5.6979E-01  1.2440E+00  1.6312E+00 -3.8723E-01 -5.4306E-01
  4.2000E+01  8.0000E+00  0.0000E+00  7.9200E-01  0.0000E+00  0.0000E+00  1.0000E+00  1.2234E+00  5.8823E+00  5.3873E+01  8.5077E-01 -2.8673E-01 -6.0962E-01  7.9200E-01  1.2880E+00 -4.9603E-01 -6.8132E-01
  4.2000E+01  1.2000E+01  0.0000E+00  4.9100E-01  0.0000E+00  0.0000E+00  1.0000E+00  1.2234E+00  5.8823E+00  5.3873E+01  5.4978E-01 -2.8678E-01 -5.7765E-01  4.9100E-01  1.0021E+00 -5.1110E-01 -6.3610E-01
  4.2000E+01  2.4000E+01  0.0000E+00  3.5000E-02  0.0000E+00  0.0000E+00  1.0000E+00  1.2234E+00  5.8823E+00  5.3873E+01  1.4830E-01 -5.5281E-01 -6.9772E-01  3.5000E-02  4.7160E-01 -4.3660E-01 -5.4427E-01
  4.2000E+01  1.6800E+02  1.0000E+02  0.0000E+00  1.0000E+00  1.0000E+00  2.0000E+00  1.2234E+00  5.8823E+00  5.3873E+01  2.2009E-08 -1.0739E-07  0.0000E+00  0.0000E+00  5.5655E-05  0.0000E+00  0.0000E+00
  4.2000E+01  1.6850E+02  0.0000E+00  8.3600E-01  0.0000E+00  0.0000E+00  2.0000E+00  1.2234E+00  5.8823E+00  5.3873E+01  8.2433E-01  5.6961E-02  7.6254E-02  8.3600E-01  8.4149E-01 -5.4926E-03  9.5486E-02
  4.2000E+01  1.6900E+02  0.0000E+00  1.1130E+00  0.0000E+00  0.0000E+00  2.0000E+00  1.2234E+00  5.8823E+00  5.3873E+01  1.2277E+00 -5.5942E-01 -5.9465E-01  1.1130E+00  1.2984E+00 -1.8540E-01 -5.4730E-01
  4.2000E+01  1.7000E+02  0.0000E+00  1.5930E+00  0.0000E+00  0.0000E+00  2.0000E+00  1.2234E+00  5.8823E+00  5.3873E+01  1.4619E+00  6.3983E-01  4.7699E-01  1.5930E+00  1.6470E+00 -5.4015E-02  5.5162E-01
  4.2000E+01  1.7200E+02  0.0000E+00  1.3230E+00  0.0000E+00  0.0000E+00  2.0000E+00  1.2234E+00  5.8823E+00  5.3873E+01  1.3016E+00  1.0432E-01 -1.8433E-01  1.3230E+00  1.6313E+00 -3.0827E-01 -1.5686E-01
  4.2000E+01  1.7600E+02  0.0000E+00  1.1490E+00  0.0000E+00  0.0000E+00  2.0000E+00  1.2234E+00  5.8823E+00  5.3873E+01  8.5077E-01  1.4551E+00  1.1322E+00  1.1490E+00  1.2881E+00 -1.3906E-01  1.0611E+00
  4.2000E+01  1.8000E+02  0.0000E+00  7.3100E-01  0.0000E+00  0.0000E+00  2.0000E+00  1.2234E+00  5.8823E+00  5.3873E+01  5.4978E-01  8.8422E-01  5.9334E-01  7.3100E-01  1.0021E+00 -2.7113E-01  5.3537E-01
  4.2000E+01  1.9200E+02  0.0000E+00  1.6700E-01  0.0000E+00  0.0000E+00  2.0000E+00  1.2234E+00  5.8823E+00  5.3873E+01  1.4830E-01  9.1239E-02 -5.3670E-02  1.6700E-01  4.7161E-01 -3.0461E-01  1.0002E-01
  4.2000E+01  3.3600E+02  1.0000E+02  0.0000E+00  1.0000E+00  1.0000E+00  3.0000E+00  1.2234E+00  5.8823E+00  5.3873E+01  2.2009E-08 -1.0739E-07  0.0000E+00  0.0000E+00  5.5656E-05  0.0000E+00  0.0000E+00
  4.2000E+01  3.3650E+02  0.0000E+00  4.5800E-01  0.0000E+00  0.0000E+00  3.0000E+00  1.2234E+00  5.8823E+00  5.3873E+01  8.2433E-01 -1.7874E+00 -1.7681E+00  4.5800E-01  8.4149E-01 -3.8349E-01 -1.7488E+00
  4.2000E+01  3.3700E+02  0.0000E+00  9.5500E-01  0.0000E+00  0.0000E+00  3.0000E+00  1.2234E+00  5.8823E+00  5.3873E+01  1.2277E+00 -1.3303E+00 -1.3656E+00  9.5500E-01  1.2984E+00 -3.4340E-01 -1.3182E+00
  4.2000E+01  3.3800E+02  0.0000E+00  1.0070E+00  0.0000E+00  0.0000E+00  3.0000E+00  1.2234E+00  5.8823E+00  5.3873E+01  1.4619E+00 -2.2193E+00 -2.3822E+00  1.0070E+00  1.6470E+00 -6.4001E-01 -2.3076E+00
  4.2000E+01  3.4000E+02  0.0000E+00  1.1380E+00  0.0000E+00  0.0000E+00  3.0000E+00  1.2234E+00  5.8823E+00  5.3873E+01  1.3016E+00 -7.9832E-01 -1.0870E+00  1.1380E+00  1.6313E+00 -4.9327E-01 -1.0595E+00
  4.2000E+01  3.4400E+02  0.0000E+00  7.2500E-01  0.0000E+00  0.0000E+00  3.0000E+00  1.2234E+00  5.8823E+00  5.3873E+01  8.5077E-01 -6.1363E-01 -9.3652E-01  7.2500E-01  1.2881E+00 -5.6306E-01 -1.0076E+00
  4.2000E+01  3.4800E+02  0.0000E+00  4.3600E-01  0.0000E+00  0.0000E+00  3.0000E+00  1.2234E+00  5.8823E+00  5.3873E+01  5.4978E-01 -5.5513E-01 -8.4601E-01  4.3600E-01  1.0021E+00 -5.6613E-01 -9.0398E-01
  4.2000E+01  3.6000E+02  0.0000E+00  5.3000E-02  0.0000E+00  0.0000E+00  3.0000E+00  1.2234E+00  5.8823E+00  5.3873E+01  1.4830E-01 -4.6498E-01 -6.0989E-01  5.3000E-02  4.7161E-01 -4.1861E-01 -4.5621E-01
  4.3000E+01  0.0000E+00  1.0000E+02  0.0000E+00  1.0000E+00  1.0000E+00  1.0000E+00  8.7370E-01  3.8606E+00  6.6781E+01  0.0000E+00  0.0000E+00  0.0000E+00  0.0000E+00  0.0000E+00  0.0000E+00  0.0000E+00
  4.3000E+01  5.0000E-01  0.0000E+00  6.0400E-01  0.0000E+00  0.0000E+00  1.0000E+00  8.7370E-01  3.8606E+00  6.6781E+01  5.2185E-01  4.0081E-01  1.8428E-01  6.0400E-01  8.4144E-01 -2.3744E-01  2.2199E-01
  4.3000E+01  1.0000E+00  0.0000E+00  8.8300E-01  0.0000E+00  0.0000E+00  1.0000E+00  8.7370E-01  3.8606E+00  6.6781E+01  8.4414E-01  1.8962E-01 -1.4385E-01  8.8300E-01  1.2983E+00 -4.1535E-01 -1.0875E-01
  4.3000E+01  2.0000E+00  0.0000E+00  1.1660E+00  0.0000E+00  0.0000E+00  1.0000E+00  8.7370E-01  3.8606E+00  6.6781E+01  1.1491E+00  8.2621E-02 -3.3155E-01  1.1660E+00  1.6470E+00 -4.8097E-01 -2.9556E-01
  4.3000E+01  4.0000E+00  0.0000E+00  1.1930E+00  0.0000E+00  0.0000E+00  1.0000E+00  8.7370E-01  3.8606E+00  6.6781E+01  1.2238E+00 -1.5029E-01 -5.2618E-01  1.1930E+00  1.6312E+00 -4.3823E-01 -4.4647E-01
  4.3000E+01  8.0000E+00  0.0000E+00  8.4100E-01  0.0000E+00  0.0000E+00  1.0000E+00  8.7370E-01  3.8606E+00  6.6781E+01  1.0083E+00 -8.1626E-01 -1.0469E+00  8.4100E-01  1.2880E+00 -4.4703E-01 -9.6779E-01
  4.3000E+01  1.2000E+01  0.0000E+00  5.0600E-01  0.0000E+00  0.0000E+00  1.0000E+00  8.7370E-01  3.8606E+00  6.6781E+01  8.0126E-01 -1.4406E+00 -1.5672E+00  5.0600E-01  1.0021E+00 -4.9610E-01 -1.5226E+00
  4.3000E+01  2.4000E+01  0.0000E+00  2.1800E-01  0.0000E+00  0.0000E+00  1.0000E+00  8.7370E-01  3.8606E+00  6.6781E+01  4.0042E-01 -8.9007E-01 -8.6901E-01  2.1800E-01  4.7160E-01 -2.5360E-01 -8.7762E-01
  4.3000E+01  1.6800E+02  1.0000E+02  0.0000E+00  1.0000E+00  1.0000E+00  2.0000E+00  8.7370E-01  3.8606E+00  6.6781E+01  9.7089E-05 -4.7371E-04  0.0000E+00  0.0000E+00  5.5655E-05  0.0000E+00  0.0000E+00
  4.3000E+01  1.6850E+02  0.0000E+00  5.1900E-01  0.0000E+00  0.0000E+00  2.0000E+00  8.7370E-01  3.8606E+00  6.6781E+01  5.2195E-01 -1.4375E-02 -2.3067E-01  5.1900E-01  8.4149E-01 -3.2249E-01 -1.9304E-01
  4.3000E+01  1.6900E+02  0.0000E+00  8.4900E-01  0.0000E+00  0.0000E+00  2.0000E+00  8.7370E-01  3.8606E+00  6.6781E+01  8.4423E-01  2.3286E-02 -3.0995E-01  8.4900E-01  1.2984E+00 -4.4940E-01 -2.7494E-01
  4.3000E+01  1.7000E+02  0.0000E+00  1.2250E+00  0.0000E+00  0.0000E+00  2.0000E+00  8.7370E-01  3.8606E+00  6.6781E+01  1.1492E+00  3.7007E-01 -4.3878E-02  1.2250E+00  1.6470E+00 -4.2201E-01 -7.9752E-03
  4.3000E+01  1.7200E+02  0.0000E+00  1.2030E+00  0.0000E+00  0.0000E+00  2.0000E+00  8.7370E-01  3.8606E+00  6.6781E+01  1.2239E+00 -1.0187E-01 -4.7756E-01  1.2030E+00  1.6313E+00 -4.2827E-01 -3.9793E-01
  4.3000E+01  1.7600E+02  0.0000E+00  9.7300E-01  0.0000E+00  0.0000E+00  2.0000E+00  8.7370E-01  3.8606E+00  6.6781E+01  1.0084E+00 -1.7251E-01 -4.0301E-01  9.7300E-01  1.2881E+00 -3.1506E-01 -3.2394E-01
  4.3000E+01  1.8000E+02  0.0000E+00  9.7700E-01  0.0000E+00  0.0000E+00  2.0000E+00  8.7370E-01  3.8606E+00  6.6781E+01  8.0131E-01  8.5723E-01  7.3078E-01  9.7700E-01  1.0021E+00 -2.5125E-02  7.7533E-01
  4.3000E+01  1.9200E+02  0.0000E+00  4.6700E-01  0.0000E+00  0.0000E+00  2.0000E+00  8.7370E-01  3.8606E+00  6.6781E+01  4.0045E-01  3.2472E-01  3.4585E-01  4.6700E-01  4.7161E-01 -4.6116E-03  3.3721E-01
  4.3000E+01  3.3600E+02  1.0000E+02  0.0000E+00  1.0000E+00  1.0000E+00  3.0000E+00  8.7370E-01  3.8606E+00  6.6781E+01  9.7095E-05 -4.7374E-04  0.0000E+00  0.0000E+00  5.5656E-05  0.0000E+00  0.0000E+00
  4.3000E+01  3.3650E+02  0.0000E+00  4.2500E-01  0.0000E+00  0.0000E+00  3.0000E+00  8.7370E-01  3.8606E+00  6.6781E+01  5.2195E-01 -4.7301E-01 -6.8931E-01  4.2500E-01  8.4149E-01 -4.1649E-01 -6.5168E-01
  4.3000E+01  3.3700E+02  0.0000E+00  7.3500E-01  0.0000E+00  0.0000E+00  3.0000E+00  8.7370E-01  3.8606E+00  6.6781E+01  8.4423E-01 -5.3294E-01 -8.6617E-01  7.3500E-01  1.2984E+00 -5.6340E-01 -8.3117E-01
  4.3000E+01  3.3800E+02  0.0000E+00  1.0530E+00  0.0000E+00  0.0000E+00  3.0000E+00  8.7370E-01  3.8606E+00  6.6781E+01  1.1492E+00 -4.6914E-01 -8.8309E-01  1.0530E+00  1.6470E+00 -5.9401E-01 -8.4719E-01
  4.3000E+01  3.4000E+02  0.0000E+00  1.0660E+00  0.0000E+00  0.0000E+00  3.0000E+00  8.7370E-01  3.8606E+00  6.6781E+01  1.2239E+00 -7.7032E-01 -1.1460E+00  1.0660E+00  1.6313E+00 -5.6527E-01 -1.0664E+00
  4.3000E+01  3.4400E+02  0.0000E+00  1.0990E+00  0.0000E+00  0.0000E+00  3.0000E+00  8.7370E-01  3.8606E+00  6.6781E+01  1.0084E+00  4.4226E-01  2.1176E-01  1.0990E+00  1.2881E+00 -1.8906E-01  2.9084E-01
  4.3000E+01  3.4800E+02  0.0000E+00  9.7300E-01  0.0000E+00  0.0000E+00  3.0000E+00  8.7370E-01  3.8606E+00  6.6781E+01  8.0131E-01  8.3771E-01  7.1126E-01  9.7300E-01  1.0021E+00 -2.9125E-02  7.5582E-01
  4.3000E+01  3.6000E+02  0.0000E+00  5.8700E-01  0.0000E+00  0.0000E+00  3.0000E+00  8.7370E-01  3.8606E+00  6.6781E+01  4.0045E-01  9.1022E-01  9.3135E-01  5.8700E-01  4.7161E-01  1.1539E-01  9.2271E-01
  4.4000E+01  0.0000E+00  1.0000E+02  0.0000E+00  1.0000E+00  1.0000E+00  1.0000E+00  9.0181E-01  1.2630E+00  4.9515E+01  0.0000E+00  0.0000E+00  0.0000E+00  0.0000E+00  0.0000E+00  0.0000E+00  0.0000E+00
  4.4000E+01  5.0000E-01  0.0000E+00  7.7300E-01  0.0000E+00  0.0000E+00  1.0000E+00  9.0181E-01  1.2630E+00  4.9515E+01  7.2801E-01  2.1950E-01  7.6280E-02  7.7300E-01  8.4144E-01 -6.8439E-02  8.9758E-02
  4.4000E+01  1.0000E+00  0.0000E+00  1.4570E+00  0.0000E+00  0.0000E+00  1.0000E+00  9.0181E-01  1.2630E+00  4.9515E+01  1.1826E+00  1.3390E+00  1.1527E+00  1.4570E+00  1.2983E+00  1.5865E-01  1.1862E+00
  4.4000E+01  2.0000E+00  0.0000E+00  1.7440E+00  0.0000E+00  0.0000E+00  1.0000E+00  9.0181E-01  1.2630E+00  4.9515E+01  1.6327E+00  5.4301E-01  3.9114E-01  1.7440E+00  1.6470E+00  9.7034E-02  4.5584E-01
  4.4000E+01  4.0000E+00  0.0000E+00  1.2850E+00  0.0000E+00  0.0000E+00  1.0000E+00  9.0181E-01  1.2630E+00  4.9515E+01  1.8204E+00 -2.6124E+00 -2.6217E+00  1.2850E+00  1.6312E+00 -3.4623E-01 -2.5842E+00
  4.4000E+01  8.0000E+00  0.0000E+00  1.7740E+00  0.0000E+00  0.0000E+00  1.0000E+00  9.0181E-01  1.2630E+00  4.9515E+01  1.6932E+00  3.9415E-01  5.6991E-01  1.7740E+00  1.2880E+00  4.8597E-01  4.7085E-01
  4.4000E+01  1.2000E+01  0.0000E+00  1.2820E+00  0.0000E+00  0.0000E+00  1.0000E+00  9.0181E-01  1.2630E+00  4.9515E+01  1.5303E+00 -1.2116E+00 -9.0966E-01  1.2820E+00  1.0021E+00  2.7990E-01 -1.0186E+00
  4.4000E+01  2.4000E+01  0.0000E+00  1.0440E+00  0.0000E+00  0.0000E+00  1.0000E+00  9.0181E-01  1.2630E+00  4.9515E+01  1.1268E+00 -4.0417E-01  1.3098E-01  1.0440E+00  4.7160E-01  5.7240E-01  3.9281E-01
  4.4000E+01  1.6800E+02  1.0000E+02  0.0000E+00  1.0000E+00  1.0000E+00  2.0000E+00  9.0181E-01  1.2630E+00  4.9515E+01  2.8619E-02 -1.3964E-01  0.0000E+00  0.0000E+00  5.5655E-05  0.0000E+00  0.0000E+00
  4.4000E+01  1.6850E+02  0.0000E+00  5.5600E-01  0.0000E+00  0.0000E+00  2.0000E+00  9.0181E-01  1.2630E+00  4.9515E+01  7.5627E-01 -9.7714E-01 -1.0125E+00  5.5600E-01  8.4149E-01 -2.8549E-01 -9.7131E-01
  4.4000E+01  1.6900E+02  0.0000E+00  8.4900E-01  0.0000E+00  0.0000E+00  2.0000E+00  9.0181E-01  1.2630E+00  4.9515E+01  1.2105E+00 -1.7636E+00 -1.8431E+00  8.4900E-01  1.2984E+00 -4.4940E-01 -1.7826E+00
  4.4000E+01  1.7000E+02  0.0000E+00  1.6660E+00  0.0000E+00  0.0000E+00  2.0000E+00  9.0181E-01  1.2630E+00  4.9515E+01  1.6599E+00  2.9740E-02 -1.7372E-02  1.6660E+00  1.6470E+00  1.8985E-02  7.3158E-02
  4.4000E+01  1.7200E+02  0.0000E+00  2.0550E+00  0.0000E+00  0.0000E+00  2.0000E+00  9.0181E-01  1.2630E+00  4.9515E+01  1.8463E+00  1.0185E+00  1.1099E+00  2.0550E+00  1.6313E+00  4.2373E-01  1.1709E+00
  4.4000E+01  1.7600E+02  0.0000E+00  1.7050E+00  0.0000E+00  0.0000E+00  2.0000E+00  9.0181E-01  1.2630E+00  4.9515E+01  1.7166E+00 -5.6377E-02  2.1252E-01  1.7050E+00  1.2881E+00  4.1694E-01  1.3270E-01
  4.4000E+01  1.8000E+02  0.0000E+00  1.5240E+00  0.0000E+00  0.0000E+00  2.0000E+00  9.0181E-01  1.2630E+00  4.9515E+01  1.5514E+00 -1.3365E-01  2.5433E-01  1.5240E+00  1.0021E+00  5.2187E-01  1.6095E-01
  4.4000E+01  1.9200E+02  0.0000E+00  1.4210E+00  0.0000E+00  0.0000E+00  2.0000E+00  9.0181E-01  1.2630E+00  4.9515E+01  1.1424E+00  1.3596E+00  1.9624E+00  1.4210E+00  4.7161E-01  9.4939E-01  2.2317E+00
  4.4000E+01  3.3600E+02  1.0000E+02  0.0000E+00  1.0000E+00  1.0000E+00  3.0000E+00  9.0181E-01  1.2630E+00  4.9515E+01  2.9014E-02 -1.4156E-01  0.0000E+00  0.0000E+00  5.5656E-05  0.0000E+00  0.0000E+00
  4.4000E+01  3.3650E+02  0.0000E+00  6.0400E-01  0.0000E+00  0.0000E+00  3.0000E+00  9.0181E-01  1.2630E+00  4.9515E+01  7.5666E-01 -7.4484E-01 -7.7720E-01  6.0400E-01  8.4149E-01 -2.3749E-01 -7.3712E-01
  4.4000E+01  3.3700E+02  0.0000E+00  1.1940E+00  0.0000E+00  0.0000E+00  3.0000E+00  9.0181E-01  1.2630E+00  4.9515E+01  1.2108E+00 -8.2212E-02 -1.5874E-01  1.1940E+00  1.2984E+00 -1.0440E-01 -9.9286E-02
  4.4000E+01  3.3800E+02  0.0000E+00  1.9920E+00  0.0000E+00  0.0000E+00  3.0000E+00  9.0181E-01  1.2630E+00  4.9515E+01  1.6603E+00  1.6185E+00  1.5743E+00  1.9920E+00  1.6470E+00  3.4499E-01  1.6638E+00
  4.4000E+01  3.4000E+02  0.0000E+00  1.8440E+00  0.0000E+00  0.0000E+00  3.0000E+00  9.0181E-01  1.2630E+00  4.9515E+01  1.8466E+00 -1.2744E-02  8.1399E-02  1.8440E+00  1.6313E+00  2.1273E-01  1.4137E-01
  4.4000E+01  3.4400E+02  0.0000E+00  2.1320E+00  0.0000E+00  0.0000E+00  3.0000E+00  9.0181E-01  1.2630E+00  4.9515E+01  1.7169E+00  2.0255E+00  2.2969E+00  2.1320E+00  1.2881E+00  8.4394E-01  2.2161E+00
  4.4000E+01  3.4800E+02  0.0000E+00  1.2670E+00  0.0000E+00  0.0000E+00  3.0000E+00  9.0181E-01  1.2630E+00  4.9515E+01  1.5517E+00 -1.3890E+00 -9.9872E-01  1.2670E+00  1.0021E+00  2.6487E-01 -1.0930E+00
  4.4000E+01  3.6000E+02  0.0000E+00  1.2740E+00  0.0000E+00  0.0000E+00  3.0000E+00  9.0181E-01  1.2630E+00  4.9515E+01  1.1426E+00  6.4129E-01  1.2459E+00  1.2740E+00  4.7161E-01  8.0239E-01  1.5144E+00
  4.5000E+01  0.0000E+00  1.0000E+02  0.0000E+00  1.0000E+00  1.0000E+00  1.0000E+00  6.0201E-01  2.6084E+00  7.2001E+01  0.0000E+00  0.0000E+00  0.0000E+00  0.0000E+00  0.0000E+00  0.0000E+00  0.0000E+00
  4.5000E+01  5.0000E-01  0.0000E+00  4.3800E-01  0.0000E+00  0.0000E+00  1.0000E+00  6.0201E-01  2.6084E+00  7.2001E+01  3.5759E-01  3.9231E-01  7.2583E-02  4.3800E-01  8.4144E-01 -4.0344E-01  1.1102E-01
  4.5000E+01  1.0000E+00  0.0000E+00  5.3800E-01  0.0000E+00  0.0000E+00  1.0000E+00  6.0201E-01  2.6084E+00  7.2001E+01  6.1582E-01 -3.7969E-01 -8.8174E-01  5.3800E-01  1.2983E+00 -7.6035E-01 -8.7905E-01
  4.5000E+01  2.0000E+00  0.0000E+00  1.0650E+00  0.0000E+00  0.0000E+00  1.0000E+00  6.0201E-01  2.6084E+00  7.2001E+01  9.3120E-01  6.5283E-01  2.2270E-02  1.0650E+00  1.6470E+00 -5.8197E-01  2.5848E-02
  4.5000E+01  4.0000E+00  0.0000E+00  1.0800E+00  0.0000E+00  0.0000E+00  1.0000E+00  6.0201E-01  2.6084E+00  7.2001E+01  1.1455E+00 -3.1940E-01 -8.5768E-01  1.0800E+00  1.6312E+00 -5.5123E-01 -6.7168E-01
  4.5000E+01  8.0000E+00  0.0000E+00  1.1380E+00  0.0000E+00  0.0000E+00  1.0000E+00  6.0201E-01  2.6084E+00  7.2001E+01  1.0940E+00  2.1458E-01 -3.6884E-02  1.1380E+00  1.2880E+00 -1.5003E-01  1.8052E-01
  4.5000E+01  1.2000E+01  0.0000E+00  1.0590E+00  0.0000E+00  0.0000E+00  1.0000E+00  6.0201E-01  2.6084E+00  7.2001E+01  9.5572E-01  5.0394E-01  4.2938E-01  1.0590E+00  1.0021E+00  5.6901E-02  5.3097E-01
  4.5000E+01  2.4000E+01  0.0000E+00  7.0900E-01  0.0000E+00  0.0000E+00  1.0000E+00  6.0201E-01  2.6084E+00  7.2001E+01  6.1947E-01  4.3684E-01  6.3306E-01  7.0900E-01  4.7160E-01  2.3740E-01  6.3604E-01
  4.5000E+01  1.6800E+02  1.0000E+02  0.0000E+00  1.0000E+00  1.0000E+00  2.0000E+00  6.0201E-01  2.6084E+00  7.2001E+01  3.3608E-03 -1.6398E-02  0.0000E+00  0.0000E+00  5.5655E-05  0.0000E+00  0.0000E+00
  4.5000E+01  1.6850E+02  0.0000E+00  4.9400E-01  0.0000E+00  0.0000E+00  2.0000E+00  6.0201E-01  2.6084E+00  7.2001E+01  3.6089E-01  6.4944E-01  3.4629E-01  4.9400E-01  8.4149E-01 -3.4749E-01  3.8305E-01
  4.5000E+01  1.6900E+02  0.0000E+00  5.9700E-01  0.0000E+00  0.0000E+00  2.0000E+00  6.0201E-01  2.6084E+00  7.2001E+01  6.1906E-01 -1.0764E-01 -5.9335E-01  5.9700E-01  1.2984E+00 -7.0140E-01 -5.9235E-01
  4.5000E+01  1.7000E+02  0.0000E+00  1.0620E+00  0.0000E+00  0.0000E+00  2.0000E+00  6.0201E-01  2.6084E+00  7.2001E+01  9.3433E-01  6.2294E-01  8.2351E-03  1.0620E+00  1.6470E+00 -5.8501E-01  1.0104E-02
  4.5000E+01  1.7200E+02  0.0000E+00  1.0570E+00  0.0000E+00  0.0000E+00  2.0000E+00  6.0201E-01  2.6084E+00  7.2001E+01  1.1484E+00 -4.4580E-01 -9.6915E-01  1.0570E+00  1.6313E+00 -5.7427E-01 -7.8488E-01
  4.5000E+01  1.7600E+02  0.0000E+00  1.1770E+00  0.0000E+00  0.0000E+00  2.0000E+00  6.0201E-01  2.6084E+00  7.2001E+01  1.0965E+00  3.9259E-01  1.5438E-01  1.1770E+00  1.2881E+00 -1.1106E-01  3.7002E-01
  4.5000E+01  1.8000E+02  0.0000E+00  8.1000E-01  0.0000E+00  0.0000E+00  2.0000E+00  6.0201E-01  2.6084E+00  7.2001E+01  9.5789E-01 -7.2159E-01 -7.8440E-01  8.1000E-01  1.0021E+00 -1.9213E-01 -6.8456E-01
  4.5000E+01  1.9200E+02  0.0000E+00  7.1900E-01  0.0000E+00  0.0000E+00  2.0000E+00  6.0201E-01  2.6084E+00  7.2001E+01  6.2088E-01  4.7876E-01  6.8313E-01  7.1900E-01  4.7161E-01  2.4739E-01  6.8452E-01
  4.5000E+01  3.3600E+02  1.0000E+02  0.0000E+00  1.0000E+00  1.0000E+00  3.0000E+00  6.0201E-01  2.6084E+00  7.2001E+01  3.3684E-03 -1.6435E-02  0.0000E+00  0.0000E+00  5.5656E-05  0.0000E+00  0.0000E+00
  4.5000E+01  3.3650E+02  0.0000E+00  2.9200E-01  0.0000E+00  0.0000E+00  3.0000E+00  6.0201E-01  2.6084E+00  7.2001E+01  3.6090E-01 -3.3618E-01 -6.3925E-01  2.9200E-01  8.4149E-01 -5.4949E-01 -6.0254E-01
  4.5000E+01  3.3700E+02  0.0000E+00  5.7300E-01  0.0000E+00  0.0000E+00  3.0000E+00  6.0201E-01  2.6084E+00  7.2001E+01  6.1907E-01 -2.2478E-01 -7.1040E-01  5.7300E-01  1.2984E+00 -7.2540E-01 -7.0945E-01
  4.5000E+01  3.3800E+02  0.0000E+00  5.8200E-01  0.0000E+00  0.0000E+00  3.0000E+00  6.0201E-01  2.6084E+00  7.2001E+01  9.3433E-01 -1.7191E+00 -2.3337E+00  5.8200E-01  1.6470E+00 -1.0650E+00 -2.3319E+00
  4.5000E+01  3.4000E+02  0.0000E+00  9.5600E-01  0.0000E+00  0.0000E+00  3.0000E+00  6.0201E-01  2.6084E+00  7.2001E+01  1.1484E+00 -9.3863E-01 -1.4619E+00  9.5600E-01  1.6313E+00 -6.7527E-01 -1.2777E+00
  4.5000E+01  3.4400E+02  0.0000E+00  1.1370E+00  0.0000E+00  0.0000E+00  3.0000E+00  6.0201E-01  2.6084E+00  7.2001E+01  1.0965E+00  1.9740E-01 -4.0753E-02  1.1370E+00  1.2881E+00 -1.5106E-01  1.7486E-01
  4.5000E+01  3.4800E+02  0.0000E+00  7.9600E-01  0.0000E+00  0.0000E+00  3.0000E+00  6.0201E-01  2.6084E+00  7.2001E+01  9.5790E-01 -7.8992E-01 -8.5268E-01  7.9600E-01  1.0021E+00 -2.0613E-01 -7.5286E-01
  4.5000E+01  3.6000E+02  0.0000E+00  6.5300E-01  0.0000E+00  0.0000E+00  3.0000E+00  6.0201E-01  2.6084E+00  7.2001E+01  6.2088E-01  1.5672E-01  3.6113E-01  6.5300E-01  4.7161E-01  1.8139E-01  3.6250E-01
  4.6000E+01  0.0000E+00  1.0000E+02  0.0000E+00  1.0000E+00  1.0000E+00  1.0000E+00  1.1000E+00  2.6623E+00  5.2068E+01  0.0000E+00  0.0000E+00  0.0000E+00  0.0000E+00  0.0000E+00  0.0000E+00  0.0000E+00
  4.6000E+01  5.0000E-01  0.0000E+00  8.7900E-01  0.0000E+00  0.0000E+00  1.0000E+00  1.1000E+00  2.6623E+00  5.2068E+01  8.0125E-01  3.7936E-01  3.5638E-01  8.7900E-01  8.4144E-01  3.7561E-02  3.5214E-01
  4.6000E+01  1.0000E+00  0.0000E+00  1.1350E+00  0.0000E+00  0.0000E+00  1.0000E+00  1.1000E+00  2.6623E+00  5.2068E+01  1.2433E+00 -5.2847E-01 -5.6923E-01  1.1350E+00  1.2983E+00 -1.6335E-01 -5.6795E-01
  4.6000E+01  2.0000E+00  0.0000E+00  1.6460E+00  0.0000E+00  0.0000E+00  1.0000E+00  1.1000E+00  2.6623E+00  5.2068E+01  1.5952E+00  2.4782E-01  1.9169E-01  1.6460E+00  1.6470E+00 -9.6578E-04  2.0458E-01
  4.6000E+01  4.0000E+00  0.0000E+00  1.4800E+00  0.0000E+00  0.0000E+00  1.0000E+00  1.1000E+00  2.6623E+00  5.2068E+01  1.6169E+00 -6.6797E-01 -7.0750E-01  1.4800E+00  1.6312E+00 -1.5123E-01 -6.9479E-01
  4.6000E+01  8.0000E+00  0.0000E+00  1.3840E+00  0.0000E+00  0.0000E+00  1.0000E+00  1.1000E+00  2.6623E+00  5.2068E+01  1.3377E+00  2.2600E-01  2.4818E-01  1.3840E+00  1.2880E+00  9.5970E-02  2.3970E-01
  4.6000E+01  1.2000E+01  0.0000E+00  1.0220E+00  0.0000E+00  0.0000E+00  1.0000E+00  1.1000E+00  2.6623E+00  5.2068E+01  1.0905E+00 -3.3421E-01 -2.6813E-01  1.0220E+00  1.0021E+00  1.9901E-02 -2.8540E-01
  4.6000E+01  2.4000E+01  0.0000E+00  3.3700E-01  0.0000E+00  0.0000E+00  1.0000E+00  1.1000E+00  2.6623E+00  5.2068E+01  5.9041E-01 -1.2364E+00 -1.1225E+00  3.3700E-01  4.7160E-01 -1.3460E-01 -1.1257E+00
  4.6000E+01  1.6800E+02  1.0000E+02  0.0000E+00  1.0000E+00  1.0000E+00  2.0000E+00  1.1000E+00  2.6623E+00  5.2068E+01  3.7450E-04 -1.8272E-03  0.0000E+00  0.0000E+00  5.5655E-05  0.0000E+00  0.0000E+00
  4.6000E+01  1.6850E+02  0.0000E+00  8.6600E-01  0.0000E+00  0.0000E+00  2.0000E+00  1.1000E+00  2.6623E+00  5.2068E+01  8.0161E-01  3.1415E-01  2.9182E-01  8.6600E-01  8.4149E-01  2.4507E-02  2.8800E-01
  4.6000E+01  1.6900E+02  0.0000E+00  1.2120E+00  0.0000E+00  0.0000E+00  2.0000E+00  1.1000E+00  2.6623E+00  5.2068E+01  1.2437E+00 -1.5451E-01 -1.9463E-01  1.2120E+00  1.2984E+00 -8.6398E-02 -1.9295E-01
  4.6000E+01  1.7000E+02  0.0000E+00  1.6920E+00  0.0000E+00  0.0000E+00  2.0000E+00  1.1000E+00  2.6623E+00  5.2068E+01  1.5955E+00  4.7061E-01  4.1509E-01  1.6920E+00  1.6470E+00  4.4985E-02  4.2837E-01
  4.6000E+01  1.7200E+02  0.0000E+00  1.6280E+00  0.0000E+00  0.0000E+00  2.0000E+00  1.1000E+00  2.6623E+00  5.2068E+01  1.6172E+00  5.2655E-02  1.3684E-02  1.6280E+00  1.6313E+00 -3.2745E-03  2.6741E-02
  4.6000E+01  1.7600E+02  0.0000E+00  1.5150E+00  0.0000E+00  0.0000E+00  2.0000E+00  1.1000E+00  2.6623E+00  5.2068E+01  1.3379E+00  8.6395E-01  8.8660E-01  1.5150E+00  1.2881E+00  2.2694E-01  8.7841E-01
  4.6000E+01  1.8000E+02  0.0000E+00  1.2290E+00  0.0000E+00  0.0000E+00  2.0000E+00  1.1000E+00  2.6623E+00  5.2068E+01  1.0907E+00  6.7478E-01  7.4126E-01  1.2290E+00  1.0021E+00  2.2687E-01  7.2422E-01
  4.6000E+01  1.9200E+02  0.0000E+00  6.7400E-01  0.0000E+00  0.0000E+00  2.0000E+00  1.1000E+00  2.6623E+00  5.2068E+01  5.9052E-01  4.0733E-01  5.2145E-01  6.7400E-01  4.7161E-01  2.0239E-01  5.1837E-01
  4.6000E+01  3.3600E+02  1.0000E+02  0.0000E+00  1.0000E+00  1.0000E+00  3.0000E+00  1.1000E+00  2.6623E+00  5.2068E+01  3.7456E-04 -1.8276E-03  0.0000E+00  0.0000E+00  5.5656E-05  0.0000E+00  0.0000E+00
  4.6000E+01  3.3650E+02  0.0000E+00  6.8800E-01  0.0000E+00  0.0000E+00  3.0000E+00  1.1000E+00  2.6623E+00  5.2068E+01  8.0161E-01 -5.5434E-01 -5.7667E-01  6.8800E-01  8.4149E-01 -1.5349E-01 -5.8049E-01
  4.6000E+01  3.3700E+02  0.0000E+00  1.3650E+00  0.0000E+00  0.0000E+00  3.0000E+00  1.1000E+00  2.6623E+00  5.2068E+01  1.2437E+00  5.9200E-01  5.5188E-01  1.3650E+00  1.2984E+00  6.6602E-02  5.5356E-01
  4.6000E+01  3.3800E+02  0.0000E+00  1.4910E+00  0.0000E+00  0.0000E+00  3.0000E+00  1.1000E+00  2.6623E+00  5.2068E+01  1.5955E+00 -5.1010E-01 -5.6561E-01  1.4910E+00  1.6470E+00 -1.5601E-01 -5.5234E-01
  4.6000E+01  3.4000E+02  0.0000E+00  1.4680E+00  0.0000E+00  0.0000E+00  3.0000E+00  1.1000E+00  2.6623E+00  5.2068E+01  1.6172E+00 -7.2801E-01 -7.6698E-01  1.4680E+00  1.6313E+00 -1.6327E-01 -7.5392E-01
  4.6000E+01  3.4400E+02  0.0000E+00  1.3490E+00  0.0000E+00  0.0000E+00  3.0000E+00  1.1000E+00  2.6623E+00  5.2068E+01  1.3379E+00  5.4011E-02  7.6664E-02  1.3490E+00  1.2881E+00  6.0937E-02  6.8469E-02
  4.6000E+01  3.4800E+02  0.0000E+00  1.1170E+00  0.0000E+00  0.0000E+00  3.0000E+00  1.1000E+00  2.6623E+00  5.2068E+01  1.0907E+00  1.2832E-01  1.9479E-01  1.1170E+00  1.0021E+00  1.1487E-01  1.7776E-01
  4.6000E+01  3.6000E+02  0.0000E+00  6.3700E-01  0.0000E+00  0.0000E+00  3.0000E+00  1.1000E+00  2.6623E+00  5.2068E+01  5.9052E-01  2.2680E-01  3.4093E-01  6.3700E-01  4.7161E-01  1.6539E-01  3.3784E-01
  4.7000E+01  0.0000E+00  1.0000E+02  0.0000E+00  1.0000E+00  1.0000E+00  1.0000E+00  1.3903E+00  6.2586E+00  4.2535E+01  0.0000E+00  0.0000E+00  0.0000E+00  0.0000E+00  0.0000E+00  0.0000E+00  0.0000E+00
  4.7000E+01  5.0000E-01  0.0000E+00  9.2300E-01  0.0000E+00  0.0000E+00  1.0000E+00  1.3903E+00  6.2586E+00  4.2535E+01  1.1308E+00 -1.0137E+00 -7.7485E-01  9.2300E-01  8.4144E-01  8.1561E-02 -7.5769E-01
  4.7000E+01  1.0000E+00  0.0000E+00  1.7030E+00  0.0000E+00  0.0000E+00  1.0000E+00  1.3903E+00  6.2586E+00  4.2535E+01  1.6148E+00  4.3025E-01  6.8538E-01  1.7030E+00  1.2983E+00  4.0465E-01  7.4816E-01
  4.7000E+01  2.0000E+00  0.0000E+00  2.1400E+00  0.0000E+00  0.0000E+00  1.0000E+00  1.3903E+00  6.2586E+00  4.2535E+01  1.7960E+00  1.6786E+00  1.7775E+00  2.1400E+00  1.6470E+00  4.9303E-01  1.9282E+00
  4.7000E+01  4.0000E+00  0.0000E+00  1.2350E+00  0.0000E+00  0.0000E+00  1.0000E+00  1.3903E+00  6.2586E+00  4.2535E+01  1.4495E+00 -1.0464E+00 -1.2528E+00  1.2350E+00  1.6312E+00 -3.9623E-01 -1.1576E+00
  4.7000E+01  8.0000E+00  0.0000E+00  6.4600E-01  0.0000E+00  0.0000E+00  1.0000E+00  1.3903E+00  6.2586E+00  4.2535E+01  8.1021E-01 -8.0121E-01 -1.2301E+00  6.4600E-01  1.2880E+00 -6.4203E-01 -1.4316E+00
  4.7000E+01  1.2000E+01  0.0000E+00  2.9100E-01  0.0000E+00  0.0000E+00  1.0000E+00  1.3903E+00  6.2586E+00  4.2535E+01  4.4979E-01 -7.7478E-01 -1.1865E+00  2.9100E-01  1.0021E+00 -7.1110E-01 -1.4043E+00
  4.7000E+01  2.4000E+01  0.0000E+00  4.7000E-02  0.0000E+00  0.0000E+00  1.0000E+00  1.3903E+00  6.2586E+00  4.2535E+01  7.6948E-02 -1.4612E-01 -3.0569E-01  4.7000E-02  4.7160E-01 -4.2460E-01 -5.6842E-02
  4.7000E+01  1.6800E+02  1.0000E+02  0.0000E+00  1.0000E+00  1.0000E+00  2.0000E+00  1.3903E+00  6.2586E+00  4.2535E+01  4.8350E-11 -2.3591E-10  0.0000E+00  0.0000E+00  5.5655E-05  0.0000E+00  0.0000E+00
  4.7000E+01  1.6850E+02  0.0000E+00  1.0020E+00  0.0000E+00  0.0000E+00  2.0000E+00  1.3903E+00  6.2586E+00  4.2535E+01  1.1308E+00 -6.2829E-01 -3.8940E-01  1.0020E+00  8.4149E-01  1.6051E-01 -3.7084E-01
  4.7000E+01  1.6900E+02  0.0000E+00  1.3020E+00  0.0000E+00  0.0000E+00  2.0000E+00  1.3903E+00  6.2586E+00  4.2535E+01  1.6148E+00 -1.5263E+00 -1.2712E+00  1.3020E+00  1.2984E+00  3.6017E-03 -1.2070E+00
  4.7000E+01  1.7000E+02  0.0000E+00  1.6670E+00  0.0000E+00  0.0000E+00  2.0000E+00  1.3903E+00  6.2586E+00  4.2535E+01  1.7960E+00 -6.2920E-01 -5.3035E-01  1.6670E+00  1.6470E+00  1.9985E-02 -3.7834E-01
  4.7000E+01  1.7200E+02  0.0000E+00  1.7490E+00  0.0000E+00  0.0000E+00  2.0000E+00  1.3903E+00  6.2586E+00  4.2535E+01  1.4495E+00  1.4615E+00  1.2550E+00  1.7490E+00  1.6313E+00  1.1773E-01  1.3514E+00
  4.7000E+01  1.7600E+02  0.0000E+00  9.1800E-01  0.0000E+00  0.0000E+00  2.0000E+00  1.3903E+00  6.2586E+00  4.2535E+01  8.1021E-01  5.2591E-01  9.7049E-02  9.1800E-01  1.2881E+00 -3.7006E-01 -1.0351E-01
  4.7000E+01  1.8000E+02  0.0000E+00  3.9900E-01  0.0000E+00  0.0000E+00  2.0000E+00  1.3903E+00  6.2586E+00  4.2535E+01  4.4979E-01 -2.4783E-01 -6.5960E-01  3.9900E-01  1.0021E+00 -6.0313E-01 -8.7658E-01
  4.7000E+01  1.9200E+02  0.0000E+00  7.6000E-02  0.0000E+00  0.0000E+00  2.0000E+00  1.3903E+00  6.2586E+00  4.2535E+01  7.6948E-02 -4.6254E-03 -1.6420E-01  7.6000E-02  4.7161E-01 -3.9561E-01  8.5028E-02
  4.7000E+01  3.3600E+02  1.0000E+02  0.0000E+00  1.0000E+00  1.0000E+00  3.0000E+00  1.3903E+00  6.2586E+00  4.2535E+01  4.8350E-11 -2.3591E-10  0.0000E+00  0.0000E+00  5.5656E-05  0.0000E+00  0.0000E+00
  4.7000E+01  3.3650E+02  0.0000E+00  1.2850E+00  0.0000E+00  0.0000E+00  3.0000E+00  1.3903E+00  6.2586E+00  4.2535E+01  1.1308E+00  7.5250E-01  9.9140E-01  1.2850E+00  8.4149E-01  4.4351E-01  1.0100E+00
  4.7000E+01  3.3700E+02  0.0000E+00  2.0580E+00  0.0000E+00  0.0000E+00  3.0000E+00  1.3903E+00  6.2586E+00  4.2535E+01  1.6148E+00  2.1623E+00  2.4175E+00  2.0580E+00  1.2984E+00  7.5960E-01  2.4816E+00
  4.7000E+01  3.3800E+02  0.0000E+00  1.6680E+00  0.0000E+00  0.0000E+00  3.0000E+00  1.3903E+00  6.2586E+00  4.2535E+01  1.7960E+00 -6.2432E-01 -5.2547E-01  1.6680E+00  1.6470E+00  2.0985E-02 -3.7346E-01
  4.7000E+01  3.4000E+02  0.0000E+00  1.2590E+00  0.0000E+00  0.0000E+00  3.0000E+00  1.3903E+00  6.2586E+00  4.2535E+01  1.4495E+00 -9.2930E-01 -1.1357E+00  1.2590E+00  1.6313E+00 -3.7227E-01 -1.0394E+00
  4.7000E+01  3.4400E+02  0.0000E+00  8.2300E-01  0.0000E+00  0.0000E+00  3.0000E+00  1.3903E+00  6.2586E+00  4.2535E+01  8.1021E-01  6.2395E-02 -3.6647E-01  8.2300E-01  1.2881E+00 -4.6506E-01 -5.6703E-01
  4.7000E+01  3.4800E+02  0.0000E+00  6.1100E-01  0.0000E+00  0.0000E+00  3.0000E+00  1.3903E+00  6.2586E+00  4.2535E+01  4.4979E-01  7.8655E-01  3.7478E-01  6.1100E-01  1.0021E+00 -3.9113E-01  1.5780E-01
  4.7000E+01  3.6000E+02  0.0000E+00  1.1900E-01  0.0000E+00  0.0000E+00  3.0000E+00  1.3903E+00  6.2586E+00  4.2535E+01  7.6948E-02  2.0518E-01  4.5604E-02  1.1900E-01  4.7161E-01 -3.5261E-01  2.9483E-01
  4.8000E+01  0.0000E+00  1.0000E+02  0.0000E+00  1.0000E+00  1.0000E+00  1.0000E+00  9.1930E-01  4.3853E+00  4.1274E+01  0.0000E+00  0.0000E+00  0.0000E+00  0.0000E+00  0.0000E+00  0.0000E+00  0.0000E+00
  4.8000E+01  5.0000E-01  0.0000E+00  8.3300E-01  0.0000E+00  0.0000E+00  1.0000E+00  9.1930E-01  4.3853E+00  4.1274E+01  8.6775E-01 -1.6953E-01 -2.2298E-01  8.3300E-01  8.4144E-01 -8.4387E-03 -2.0833E-01
  4.8000E+01  1.0000E+00  0.0000E+00  1.3700E+00  0.0000E+00  0.0000E+00  1.0000E+00  9.1930E-01  4.3853E+00  4.1274E+01  1.3708E+00 -4.0783E-03 -5.3857E-03  1.3700E+00  1.2983E+00  7.1654E-02  3.3196E-02
  4.8000E+01  2.0000E+00  0.0000E+00  1.9290E+00  0.0000E+00  0.0000E+00  1.0000E+00  9.1930E-01  4.3853E+00  4.1274E+01  1.7793E+00  7.3020E-01  8.6774E-01  1.9290E+00  1.6470E+00  2.8203E-01  9.3571E-01
  4.8000E+01  4.0000E+00  0.0000E+00  1.6070E+00  0.0000E+00  0.0000E+00  1.0000E+00  9.1930E-01  4.3853E+00  4.1274E+01  1.7217E+00 -5.5961E-01 -3.8592E-01  1.6070E+00  1.6312E+00 -2.4231E-02 -3.4190E-01
  4.8000E+01  8.0000E+00  0.0000E+00  1.1150E+00  0.0000E+00  0.0000E+00  1.0000E+00  9.1930E-01  4.3853E+00  4.1274E+01  1.1691E+00 -2.6414E-01 -3.6762E-01  1.1150E+00  1.2880E+00 -1.7303E-01 -3.9681E-01
  4.8000E+01  1.2000E+01  0.0000E+00  8.4800E-01  0.0000E+00  0.0000E+00  1.0000E+00  9.1930E-01  4.3853E+00  4.1274E+01  7.6545E-01  4.0279E-01  1.4105E-01  8.4800E-01  1.0021E+00 -1.5410E-01  1.1602E-01
  4.8000E+01  2.4000E+01  0.0000E+00  2.1200E-01  0.0000E+00  0.0000E+00  1.0000E+00  9.1930E-01  4.3853E+00  4.1274E+01  2.1390E-01 -9.2697E-03 -2.4835E-01  2.1200E-01  4.7160E-01 -2.5960E-01 -1.2283E-01
  4.8000E+01  1.6800E+02  1.0000E+02  0.0000E+00  1.0000E+00  1.0000E+00  2.0000E+00  9.1930E-01  4.3853E+00  4.1274E+01  4.8469E-08 -2.3649E-07  0.0000E+00  0.0000E+00  5.5655E-05  0.0000E+00  0.0000E+00
  4.8000E+01  1.6850E+02  0.0000E+00  7.5600E-01  0.0000E+00  0.0000E+00  2.0000E+00  9.1930E-01  4.3853E+00  4.1274E+01  8.6775E-01 -5.4522E-01 -5.9867E-01  7.5600E-01  8.4149E-01 -8.5493E-02 -5.8314E-01
  4.8000E+01  1.6900E+02  0.0000E+00  1.3540E+00  0.0000E+00  0.0000E+00  2.0000E+00  9.1930E-01  4.3853E+00  4.1274E+01  1.3708E+00 -8.2145E-02 -8.3453E-02  1.3540E+00  1.2984E+00  5.5602E-02 -4.4014E-02
  4.8000E+01  1.7000E+02  0.0000E+00  1.7290E+00  0.0000E+00  0.0000E+00  2.0000E+00  9.1930E-01  4.3853E+00  4.1274E+01  1.7793E+00 -2.4563E-01 -1.0809E-01  1.7290E+00  1.6470E+00  8.1985E-02 -3.9309E-02
  4.8000E+01  1.7200E+02  0.0000E+00  1.7250E+00  0.0000E+00  0.0000E+00  2.0000E+00  9.1930E-01  4.3853E+00  4.1274E+01  1.7217E+00  1.6131E-02  1.8982E-01  1.7250E+00  1.6313E+00  9.3726E-02  2.3457E-01
  4.8000E+01  1.7600E+02  0.0000E+00  1.1300E+00  0.0000E+00  0.0000E+00  2.0000E+00  9.1930E-01  4.3853E+00  4.1274E+01  1.1691E+00 -1.9096E-01 -2.9443E-01  1.1300E+00  1.2881E+00 -1.5806E-01 -3.2304E-01
  4.8000E+01  1.8000E+02  0.0000E+00  8.2400E-01  0.0000E+00  0.0000E+00  2.0000E+00  9.1930E-01  4.3853E+00  4.1274E+01  7.6545E-01  2.8569E-01  2.3951E-02  8.2400E-01  1.0021E+00 -1.7813E-01 -6.0983E-04
  4.8000E+01  1.9200E+02  0.0000E+00  1.8900E-01  0.0000E+00  0.0000E+00  2.0000E+00  9.1930E-01  4.3853E+00  4.1274E+01  2.1390E-01 -1.2149E-01 -3.6057E-01  1.8900E-01  4.7161E-01 -2.8261E-01 -2.3481E-01
  4.8000E+01  3.3600E+02  1.0000E+02  0.0000E+00  1.0000E+00  1.0000E+00  3.0000E+00  9.1930E-01  4.3853E+00  4.1274E+01  4.8469E-08 -2.3649E-07  0.0000E+00  0.0000E+00  5.5656E-05  0.0000E+00  0.0000E+00
  4.8000E+01  3.3650E+02  0.0000E+00  8.3200E-01  0.0000E+00  0.0000E+00  3.0000E+00  9.1930E-01  4.3853E+00  4.1274E+01  8.6775E-01 -1.7441E-01 -2.2786E-01  8.3200E-01  8.4149E-01 -9.4926E-03 -2.1232E-01
  4.8000E+01  3.3700E+02  0.0000E+00  1.3440E+00  0.0000E+00  0.0000E+00  3.0000E+00  9.1930E-01  4.3853E+00  4.1274E+01  1.3708E+00 -1.3094E-01 -1.3224E-01  1.3440E+00  1.2984E+00  4.5602E-02 -9.2806E-02
  4.8000E+01  3.3800E+02  0.0000E+00  1.8310E+00  0.0000E+00  0.0000E+00  3.0000E+00  9.1930E-01  4.3853E+00  4.1274E+01  1.7793E+00  2.5204E-01  3.8958E-01  1.8310E+00  1.6470E+00  1.8399E-01  4.5836E-01
  4.8000E+01  3.4000E+02  0.0000E+00  2.0180E+00  0.0000E+00  0.0000E+00  3.0000E+00  9.1930E-01  4.3853E+00  4.1274E+01  1.7217E+00  1.4457E+00  1.6194E+00  2.0180E+00  1.6313E+00  3.8673E-01  1.6642E+00
  4.8000E+01  3.4400E+02  0.0000E+00  1.1120E+00  0.0000E+00  0.0000E+00  3.0000E+00  9.1930E-01  4.3853E+00  4.1274E+01  1.1691E+00 -2.7878E-01 -3.8226E-01  1.1120E+00  1.2881E+00 -1.7606E-01 -4.1087E-01
  4.8000E+01  3.4800E+02  0.0000E+00  6.2500E-01  0.0000E+00  0.0000E+00  3.0000E+00  9.1930E-01  4.3853E+00  4.1274E+01  7.6545E-01 -6.8526E-01 -9.4700E-01  6.2500E-01  1.0021E+00 -3.7713E-01 -9.7156E-01
  4.8000E+01  3.6000E+02  0.0000E+00  1.5600E-01  0.0000E+00  0.0000E+00  3.0000E+00  9.1930E-01  4.3853E+00  4.1274E+01  2.1390E-01 -2.8250E-01 -5.2158E-01  1.5600E-01  4.7161E-01 -3.1561E-01 -3.9582E-01
  4.9000E+01  0.0000E+00  1.0000E+02  0.0000E+00  1.0000E+00  1.0000E+00  1.0000E+00  9.8300E-01  4.4416E+00  3.7490E+01  0.0000E+00  0.0000E+00  0.0000E+00  0.0000E+00  0.0000E+00  0.0000E+00  0.0000E+00
  4.9000E+01  5.0000E-01  0.0000E+00  9.5400E-01  0.0000E+00  0.0000E+00  1.0000E+00  9.8300E-01  4.4416E+00  3.7490E+01  1.0032E+00 -2.4013E-01 -2.1992E-01  9.5400E-01  8.4144E-01  1.1256E-01 -2.3835E-01
  4.9000E+01  1.0000E+00  0.0000E+00  1.2480E+00  0.0000E+00  0.0000E+00  1.0000E+00  9.8300E-01  4.4416E+00  3.7490E+01  1.5592E+00 -1.5183E+00 -1.3914E+00  1.2480E+00  1.2983E+00 -5.0346E-02 -1.3527E+00
  4.9000E+01  2.0000E+00  0.0000E+00  1.6710E+00  0.0000E+00  0.0000E+00  1.0000E+00  9.8300E-01  4.4416E+00  3.7490E+01  1.9684E+00 -1.4511E+00 -1.1504E+00  1.6710E+00  1.6470E+00  2.4034E-02 -1.0165E+00
  4.9000E+01  4.0000E+00  0.0000E+00  1.7730E+00  0.0000E+00  0.0000E+00  1.0000E+00  9.8300E-01  4.4416E+00  3.7490E+01  1.8288E+00 -2.7202E-01 -1.2419E-02  1.7730E+00  1.6312E+00  1.4177E-01  9.4809E-02
  4.9000E+01  8.0000E+00  0.0000E+00  1.0730E+00  0.0000E+00  0.0000E+00  1.0000E+00  9.8300E-01  4.4416E+00  3.7490E+01  1.1744E+00 -4.9464E-01 -6.5080E-01  1.0730E+00  1.2880E+00 -2.1503E-01 -6.9967E-01
  4.9000E+01  1.2000E+01  0.0000E+00  6.6000E-01  0.0000E+00  0.0000E+00  1.0000E+00  9.8300E-01  4.4416E+00  3.7490E+01  7.3184E-01 -3.5050E-01 -6.9318E-01  6.6000E-01  1.0021E+00 -3.4210E-01 -7.5983E-01
  4.9000E+01  2.4000E+01  0.0000E+00  1.5200E-01  0.0000E+00  0.0000E+00  1.0000E+00  9.8300E-01  4.4416E+00  3.7490E+01  1.7660E-01 -1.2003E-01 -3.8243E-01  1.5200E-01  4.7160E-01 -3.1960E-01 -2.3156E-01
  4.9000E+01  1.6800E+02  1.0000E+02  0.0000E+00  1.0000E+00  1.0000E+00  2.0000E+00  9.8300E-01  4.4416E+00  3.7490E+01  6.8832E-09 -3.3584E-08  0.0000E+00  0.0000E+00  5.5655E-05  0.0000E+00  0.0000E+00
  4.9000E+01  1.6850E+02  0.0000E+00  1.2050E+00  0.0000E+00  0.0000E+00  2.0000E+00  9.8300E-01  4.4416E+00  3.7490E+01  1.0032E+00  9.8453E-01  1.0047E+00  1.2050E+00  8.4149E-01  3.6351E-01  9.8744E-01
  4.9000E+01  1.6900E+02  0.0000E+00  1.4530E+00  0.0000E+00  0.0000E+00  2.0000E+00  9.8300E-01  4.4416E+00  3.7490E+01  1.5592E+00 -5.1812E-01 -3.9115E-01  1.4530E+00  1.2984E+00  1.5460E-01 -3.5139E-01
  4.9000E+01  1.7000E+02  0.0000E+00  2.1840E+00  0.0000E+00  0.0000E+00  2.0000E+00  9.8300E-01  4.4416E+00  3.7490E+01  1.9684E+00  1.0519E+00  1.3526E+00  2.1840E+00  1.6470E+00  5.3699E-01  1.4875E+00
  4.9000E+01  1.7200E+02  0.0000E+00  2.0410E+00  0.0000E+00  0.0000E+00  2.0000E+00  9.8300E-01  4.4416E+00  3.7490E+01  1.8288E+00  1.0356E+00  1.2952E+00  2.0410E+00  1.6313E+00  4.0973E-01  1.4033E+00
  4.9000E+01  1.7600E+02  0.0000E+00  1.2980E+00  0.0000E+00  0.0000E+00  2.0000E+00  9.8300E-01  4.4416E+00  3.7490E+01  1.1744E+00  6.0317E-01  4.4701E-01  1.2980E+00  1.2881E+00  9.9368E-03  3.9888E-01
  4.9000E+01  1.8000E+02  0.0000E+00  5.6100E-01  0.0000E+00  0.0000E+00  2.0000E+00  9.8300E-01  4.4416E+00  3.7490E+01  7.3184E-01 -8.3354E-01 -1.1762E+00  5.6100E-01  1.0021E+00 -4.4113E-01 -1.2423E+00
  4.9000E+01  1.9200E+02  0.0000E+00  2.4600E-01  0.0000E+00  0.0000E+00  2.0000E+00  9.8300E-01  4.4416E+00  3.7490E+01  1.7660E-01  3.3861E-01  7.6206E-02  2.4600E-01  4.7161E-01 -2.2561E-01  2.2739E-01
  4.9000E+01  3.3600E+02  1.0000E+02  0.0000E+00  1.0000E+00  1.0000E+00  3.0000E+00  9.8300E-01  4.4416E+00  3.7490E+01  6.8832E-09 -3.3584E-08  0.0000E+00  0.0000E+00  5.5656E-05  0.0000E+00  0.0000E+00
  4.9000E+01  3.3650E+02  0.0000E+00  1.1150E+00  0.0000E+00  0.0000E+00  3.0000E+00  9.8300E-01  4.4416E+00  3.7490E+01  1.0032E+00  5.4541E-01  5.6562E-01  1.1150E+00  8.4149E-01  2.7351E-01  5.4832E-01
  4.9000E+01  3.3700E+02  0.0000E+00  1.5470E+00  0.0000E+00  0.0000E+00  3.0000E+00  9.8300E-01  4.4416E+00  3.7490E+01  1.5592E+00 -5.9477E-02  6.7485E-02  1.5470E+00  1.2984E+00  2.4860E-01  1.0725E-01
  4.9000E+01  3.3800E+02  0.0000E+00  2.2570E+00  0.0000E+00  0.0000E+00  3.0000E+00  9.8300E-01  4.4416E+00  3.7490E+01  1.9684E+00  1.4080E+00  1.7088E+00  2.2570E+00  1.6470E+00  6.0999E-01  1.8437E+00
  4.9000E+01  3.4000E+02  0.0000E+00  2.0000E+00  0.0000E+00  0.0000E+00  3.0000E+00  9.8300E-01  4.4416E+00  3.7490E+01  1.8288E+00  8.3555E-01  1.0951E+00  2.0000E+00  1.6313E+00  3.6873E-01  1.2033E+00
  4.9000E+01  3.4400E+02  0.0000E+00  9.4000E-01  0.0000E+00  0.0000E+00  3.0000E+00  9.8300E-01  4.4416E+00  3.7490E+01  1.1744E+00 -1.1436E+00 -1.2997E+00  9.4000E-01  1.2881E+00 -3.4806E-01 -1.3479E+00
  4.9000E+01  3.4800E+02  0.0000E+00  8.7200E-01  0.0000E+00  0.0000E+00  3.0000E+00  9.8300E-01  4.4416E+00  3.7490E+01  7.3184E-01  6.8388E-01  3.4120E-01  8.7200E-01  1.0021E+00 -1.3013E-01  2.7515E-01
  4.9000E+01  3.6000E+02  0.0000E+00  1.7000E-01  0.0000E+00  0.0000E+00  3.0000E+00  9.8300E-01  4.4416E+00  3.7490E+01  1.7660E-01 -3.2210E-02 -2.9461E-01  1.7000E-01  4.7161E-01 -3.0161E-01 -1.4343E-01
  5.0000E+01  0.0000E+00  1.0000E+02  0.0000E+00  1.0000E+00  1.0000E+00  1.0000E+00  1.5393E+00  2.7884E+00  5.3872E+01  0.0000E+00  0.0000E+00  0.0000E+00  0.0000E+00  0.0000E+00  0.0000E+00  0.0000E+00
  5.0000E+01  5.0000E-01  0.0000E+00  9.0900E-01  0.0000E+00  0.0000E+00  1.0000E+00  1.5393E+00  2.7884E+00  5.3872E+01  9.8207E-01 -3.5653E-01 -1.6673E-01  9.0900E-01  8.4144E-01  6.7561E-02 -1.8615E-01
  5.0000E+01  1.0000E+00  0.0000E+00  1.4200E+00  0.0000E+00  0.0000E+00  1.0000E+00  1.5393E+00  2.7884E+00  5.3872E+01  1.4119E+00  3.9736E-02  1.4539E-01  1.4200E+00  1.2983E+00  1.2165E-01  1.0922E-01
  5.0000E+01  2.0000E+00  0.0000E+00  1.9120E+00  0.0000E+00  0.0000E+00  1.0000E+00  1.5393E+00  2.7884E+00  5.3872E+01  1.6435E+00  1.3099E+00  1.2219E+00  1.9120E+00  1.6470E+00  2.6503E-01  1.2084E+00
  5.0000E+01  4.0000E+00  0.0000E+00  1.4200E+00  0.0000E+00  0.0000E+00  1.0000E+00  1.5393E+00  2.7884E+00  5.3872E+01  1.5575E+00 -6.7110E-01 -8.2186E-01  1.4200E+00  1.6312E+00 -2.1123E-01 -7.5557E-01
  5.0000E+01  8.0000E+00  0.0000E+00  1.2200E+00  0.0000E+00  0.0000E+00  1.0000E+00  1.5393E+00  2.7884E+00  5.3872E+01  1.2696E+00 -2.4187E-01 -2.9090E-01  1.2200E+00  1.2880E+00 -6.8030E-02 -2.3503E-01
  5.0000E+01  1.2000E+01  0.0000E+00  1.2300E+00  0.0000E+00  0.0000E+00  1.0000E+00  1.5393E+00  2.7884E+00  5.3872E+01  1.0322E+00  9.6530E-01  9.9387E-01  1.2300E+00  1.0021E+00  2.2790E-01  1.0121E+00
  5.0000E+01  2.4000E+01  0.0000E+00  6.0600E-01  0.0000E+00  0.0000E+00  1.0000E+00  1.5393E+00  2.7884E+00  5.3872E+01  5.5463E-01  2.5063E-01  3.7637E-01  6.0600E-01  4.7160E-01  1.3440E-01  3.5773E-01
  5.0000E+01  1.6800E+02  1.0000E+02  0.0000E+00  1.0000E+00  1.0000E+00  2.0000E+00  1.5393E+00  2.7884E+00  5.3872E+01  3.2145E-04 -1.5684E-03  0.0000E+00  0.0000E+00  5.5655E-05  0.0000E+00  0.0000E+00
  5.0000E+01  1.6850E+02  0.0000E+00  8.7200E-01  0.0000E+00  0.0000E+00  2.0000E+00  1.5393E+00  2.7884E+00  5.3872E+01  9.8239E-01 -5.3859E-01 -3.4797E-01  8.7200E-01  8.4149E-01  3.0507E-02 -3.6732E-01
  5.0000E+01  1.6900E+02  0.0000E+00  1.3770E+00  0.0000E+00  0.0000E+00  2.0000E+00  1.5393E+00  2.7884E+00  5.3872E+01  1.4122E+00 -1.7156E-01 -6.5097E-02  1.3770E+00  1.2984E+00  7.8602E-02 -1.0121E-01
  5.0000E+01  1.7000E+02  0.0000E+00  1.6700E+00  0.0000E+00  0.0000E+00  2.0000E+00  1.5393E+00  2.7884E+00  5.3872E+01  1.6438E+00  1.2775E-01  4.0497E-02  1.6700E+00  1.6470E+00  2.2985E-02  2.7078E-02
  5.0000E+01  1.7200E+02  0.0000E+00  1.4520E+00  0.0000E+00  0.0000E+00  2.0000E+00  1.5393E+00  2.7884E+00  5.3872E+01  1.5578E+00 -5.1625E-01 -6.6630E-01  1.4520E+00  1.6313E+00 -1.7927E-01 -5.9996E-01
  5.0000E+01  1.7600E+02  0.0000E+00  1.1710E+00  0.0000E+00  0.0000E+00  2.0000E+00  1.5393E+00  2.7884E+00  5.3872E+01  1.2698E+00 -4.8198E-01 -5.3043E-01  1.1710E+00  1.2881E+00 -1.1706E-01 -4.7452E-01
  5.0000E+01  1.8000E+02  0.0000E+00  1.1210E+00  0.0000E+00  0.0000E+00  2.0000E+00  1.5393E+00  2.7884E+00  5.3872E+01  1.0323E+00  4.3263E-01  4.6168E-01  1.1210E+00  1.0021E+00  1.1887E-01  4.7991E-01
  5.0000E+01  1.9200E+02  0.0000E+00  8.5900E-01  0.0000E+00  0.0000E+00  2.0000E+00  1.5393E+00  2.7884E+00  5.3872E+01  5.5473E-01  1.4846E+00  1.6106E+00  8.5900E-01  4.7161E-01  3.8739E-01  1.5920E+00
  5.0000E+01  3.3600E+02  1.0000E+02  0.0000E+00  1.0000E+00  1.0000E+00  3.0000E+00  1.5393E+00  2.7884E+00  5.3872E+01  3.2151E-04 -1.5687E-03  0.0000E+00  0.0000E+00  5.5656E-05  0.0000E+00  0.0000E+00
  5.0000E+01  3.3650E+02  0.0000E+00  1.0360E+00  0.0000E+00  0.0000E+00  3.0000E+00  1.5393E+00  2.7884E+00  5.3872E+01  9.8239E-01  2.6159E-01  4.5221E-01  1.0360E+00  8.4149E-01  1.9451E-01  4.3286E-01
  5.0000E+01  3.3700E+02  0.0000E+00  1.5690E+00  0.0000E+00  0.0000E+00  3.0000E+00  1.5393E+00  2.7884E+00  5.3872E+01  1.4122E+00  7.6524E-01  8.7170E-01  1.5690E+00  1.2984E+00  2.7060E-01  8.3558E-01
  5.0000E+01  3.3800E+02  0.0000E+00  1.6950E+00  0.0000E+00  0.0000E+00  3.0000E+00  1.5393E+00  2.7884E+00  5.3872E+01  1.6438E+00  2.4973E-01  1.6248E-01  1.6950E+00  1.6470E+00  4.7985E-02  1.4906E-01
  5.0000E+01  3.4000E+02  0.0000E+00  1.3920E+00  0.0000E+00  0.0000E+00  3.0000E+00  1.5393E+00  2.7884E+00  5.3872E+01  1.5578E+00 -8.0899E-01 -9.5905E-01  1.3920E+00  1.6313E+00 -2.3927E-01 -8.9271E-01
  5.0000E+01  3.4400E+02  0.0000E+00  1.2590E+00  0.0000E+00  0.0000E+00  3.0000E+00  1.5393E+00  2.7884E+00  5.3872E+01  1.2698E+00 -5.2616E-02 -1.0107E-01  1.2590E+00  1.2881E+00 -2.9063E-02 -4.5160E-02
  5.0000E+01  3.4800E+02  0.0000E+00  7.6300E-01  0.0000E+00  0.0000E+00  3.0000E+00  1.5393E+00  2.7884E+00  5.3872E+01  1.0323E+00 -1.3141E+00 -1.2851E+00  7.6300E-01  1.0021E+00 -2.3913E-01 -1.2668E+00
  5.0000E+01  3.6000E+02  0.0000E+00  4.1600E-01  0.0000E+00  0.0000E+00  3.0000E+00  1.5393E+00  2.7884E+00  5.3872E+01  5.5473E-01 -6.7686E-01 -5.5084E-01  4.1600E-01  4.7161E-01 -5.5612E-02 -5.6947E-01
  5.1000E+01  0.0000E+00  1.0000E+02  0.0000E+00  1.0000E+00  1.0000E+00  1.0000E+00  2.3360E+00  3.0830E+00  4.6404E+01  0.0000E+00  0.0000E+00  0.0000E+00  0.0000E+00  0.0000E+00  0.0000E+00  0.0000E+00
  5.1000E+01  5.0000E-01  0.0000E+00  1.4830E+00  0.0000E+00  0.0000E+00  1.0000E+00  2.3360E+00  3.0830E+00  4.6404E+01  1.4558E+00  1.3272E-01  7.9502E-01  1.4830E+00  8.4144E-01  6.4156E-01  1.3057E+00
  5.1000E+01  1.0000E+00  0.0000E+00  1.6730E+00  0.0000E+00  0.0000E+00  1.0000E+00  2.3360E+00  3.0830E+00  4.6404E+01  1.8610E+00 -9.1717E-01 -5.6626E-01  1.6730E+00  1.2983E+00  3.7465E-01 -3.1922E-01
  5.1000E+01  2.0000E+00  0.0000E+00  1.9300E+00  0.0000E+00  0.0000E+00  1.0000E+00  2.3360E+00  3.0830E+00  4.6404E+01  1.9213E+00  4.2223E-02  1.8208E-02  1.9300E+00  1.6470E+00  2.8303E-01 -1.4900E-01
  5.1000E+01  4.0000E+00  0.0000E+00  1.7850E+00  0.0000E+00  0.0000E+00  1.0000E+00  2.3360E+00  3.0830E+00  4.6404E+01  1.7003E+00  4.1348E-01  3.3508E-01  1.7850E+00  1.6312E+00  1.5377E-01  2.7199E-01
  5.1000E+01  8.0000E+00  0.0000E+00  1.3650E+00  0.0000E+00  0.0000E+00  1.0000E+00  2.3360E+00  3.0830E+00  4.6404E+01  1.3036E+00  2.9950E-01  2.7263E-01  1.3650E+00  1.2880E+00  7.6970E-02  3.1389E-01
  5.1000E+01  1.2000E+01  0.0000E+00  1.2400E+00  0.0000E+00  0.0000E+00  1.0000E+00  2.3360E+00  3.0830E+00  4.6404E+01  9.9939E-01  1.1740E+00  1.1799E+00  1.2400E+00  1.0021E+00  2.3790E-01  1.2015E+00
  5.1000E+01  2.4000E+01  0.0000E+00  4.2300E-01  0.0000E+00  0.0000E+00  1.0000E+00  2.3360E+00  3.0830E+00  4.6404E+01  4.5029E-01 -1.3316E-01 -9.4689E-02  4.2300E-01  4.7160E-01 -4.8599E-02 -9.9538E-02
  5.1000E+01  1.6800E+02  1.0000E+02  0.0000E+00  1.0000E+00  1.0000E+00  2.0000E+00  2.3360E+00  3.0830E+00  4.6404E+01  3.1521E-05 -1.5380E-04  0.0000E+00  0.0000E+00  5.5655E-05  0.0000E+00  0.0000E+00
  5.1000E+01  1.6850E+02  0.0000E+00  1.7670E+00  0.0000E+00  0.0000E+00  2.0000E+00  2.3360E+00  3.0830E+00  4.6404E+01  1.4558E+00  1.5182E+00  2.1806E+00  1.7670E+00  8.4149E-01  9.2551E-01  2.6913E+00
  5.1000E+01  1.6900E+02  0.0000E+00  2.1240E+00  0.0000E+00  0.0000E+00  2.0000E+00  2.3360E+00  3.0830E+00  4.6404E+01  1.8610E+00  1.2832E+00  1.6341E+00  2.1240E+00  1.2984E+00  8.2560E-01  1.8812E+00
  5.1000E+01  1.7000E+02  0.0000E+00  1.8650E+00  0.0000E+00  0.0000E+00  2.0000E+00  2.3360E+00  3.0830E+00  4.6404E+01  1.9214E+00 -2.7506E-01 -2.9904E-01  1.8650E+00  1.6470E+00  2.1799E-01 -4.6622E-01
  5.1000E+01  1.7200E+02  0.0000E+00  2.3140E+00  0.0000E+00  0.0000E+00  2.0000E+00  2.3360E+00  3.0830E+00  4.6404E+01  1.7003E+00  2.9944E+00  2.9161E+00  2.3140E+00  1.6313E+00  6.8273E-01  2.8530E+00
  5.1000E+01  1.7600E+02  0.0000E+00  1.1800E+00  0.0000E+00  0.0000E+00  2.0000E+00  2.3360E+00  3.0830E+00  4.6404E+01  1.3036E+00 -6.0323E-01 -6.3008E-01  1.1800E+00  1.2881E+00 -1.0806E-01 -5.8880E-01
  5.1000E+01  1.8000E+02  0.0000E+00  1.0540E+00  0.0000E+00  0.0000E+00  2.0000E+00  2.3360E+00  3.0830E+00  4.6404E+01  9.9941E-01  2.6637E-01  2.7228E-01  1.0540E+00  1.0021E+00  5.1875E-02  2.9392E-01
  5.1000E+01  1.9200E+02  0.0000E+00  5.5000E-01  0.0000E+00  0.0000E+00  2.0000E+00  2.3360E+00  3.0830E+00  4.6404E+01  4.5030E-01  4.8646E-01  5.2494E-01  5.5000E-01  4.7161E-01  7.8388E-02  5.2010E-01
  5.1000E+01  3.3600E+02  1.0000E+02  0.0000E+00  1.0000E+00  1.0000E+00  3.0000E+00  2.3360E+00  3.0830E+00  4.6404E+01  3.1521E-05 -1.5380E-04  0.0000E+00  0.0000E+00  5.5656E-05  0.0000E+00  0.0000E+00
  5.1000E+01  3.3650E+02  0.0000E+00  1.5470E+00  0.0000E+00  0.0000E+00  3.0000E+00  2.3360E+00  3.0830E+00  4.6404E+01  1.4558E+00  4.4484E-01  1.1072E+00  1.5470E+00  8.4149E-01  7.0551E-01  1.6179E+00
  5.1000E+01  3.3700E+02  0.0000E+00  1.5360E+00  0.0000E+00  0.0000E+00  3.0000E+00  2.3360E+00  3.0830E+00  4.6404E+01  1.8610E+00 -1.5858E+00 -1.2348E+00  1.5360E+00  1.2984E+00  2.3760E-01 -9.8775E-01
  5.1000E+01  3.3800E+02  0.0000E+00  1.5880E+00  0.0000E+00  0.0000E+00  3.0000E+00  2.3360E+00  3.0830E+00  4.6404E+01  1.9214E+00 -1.6266E+00 -1.6506E+00  1.5880E+00  1.6470E+00 -5.9015E-02 -1.8177E+00
  5.1000E+01  3.4000E+02  0.0000E+00  1.4030E+00  0.0000E+00  0.0000E+00  3.0000E+00  2.3360E+00  3.0830E+00  4.6404E+01  1.7003E+00 -1.4505E+00 -1.5288E+00  1.4030E+00  1.6313E+00 -2.2827E-01 -1.5919E+00
  5.1000E+01  3.4400E+02  0.0000E+00  1.4180E+00  0.0000E+00  0.0000E+00  3.0000E+00  2.3360E+00  3.0830E+00  4.6404E+01  1.3036E+00  5.5800E-01  5.3116E-01  1.4180E+00  1.2881E+00  1.2994E-01  5.7243E-01
  5.1000E+01  3.4800E+02  0.0000E+00  6.5400E-01  0.0000E+00  0.0000E+00  3.0000E+00  2.3360E+00  3.0830E+00  4.6404E+01  9.9941E-01 -1.6853E+00 -1.6794E+00  6.5400E-01  1.0021E+00 -3.4813E-01 -1.6577E+00
  5.1000E+01  3.6000E+02  0.0000E+00  2.7900E-01  0.0000E+00  0.0000E+00  3.0000E+00  2.3360E+00  3.0830E+00  4.6404E+01  4.5030E-01 -8.3579E-01 -7.9731E-01  2.7900E-01  4.7161E-01 -1.9261E-01 -8.0215E-01
  5.2000E+01  0.0000E+00  1.0000E+02  0.0000E+00  1.0000E+00  1.0000E+00  1.0000E+00  7.8000E-01  4.8577E+00  5.7379E+01  0.0000E+00  0.0000E+00  0.0000E+00  0.0000E+00  0.0000E+00  0.0000E+00  0.0000E+00
  5.2000E+01  5.0000E-01  0.0000E+00  5.3200E-01  0.0000E+00  0.0000E+00  1.0000E+00  7.8000E-01  4.8577E+00  5.7379E+01  5.5033E-01 -8.9413E-02 -3.1065E-01  5.3200E-01  8.4144E-01 -3.0944E-01 -3.0922E-01
  5.2000E+01  1.0000E+00  0.0000E+00  8.4200E-01  0.0000E+00  0.0000E+00  1.0000E+00  7.8000E-01  4.8577E+00  5.7379E+01  9.0012E-01 -2.8356E-01 -5.9856E-01  8.4200E-01  1.2983E+00 -4.5635E-01 -6.1344E-01
  5.2000E+01  2.0000E+00  0.0000E+00  1.3460E+00  0.0000E+00  0.0000E+00  1.0000E+00  7.8000E-01  4.8577E+00  5.7379E+01  1.2397E+00  5.1881E-01  1.8426E-01  1.3460E+00  1.6470E+00 -3.0097E-01  1.8318E-01
  5.2000E+01  4.0000E+00  0.0000E+00  1.3770E+00  0.0000E+00  0.0000E+00  1.0000E+00  7.8000E-01  4.8577E+00  5.7379E+01  1.3071E+00  3.4118E-01  9.4179E-02  1.3770E+00  1.6312E+00 -2.5423E-01  1.7672E-01
  5.2000E+01  8.0000E+00  0.0000E+00  1.0910E+00  0.0000E+00  0.0000E+00  1.0000E+00  7.8000E-01  4.8577E+00  5.7379E+01  9.8932E-01  4.9613E-01  3.0370E-01  1.0910E+00  1.2880E+00 -1.9703E-01  3.7280E-01
  5.2000E+01  1.2000E+01  0.0000E+00  5.4100E-01  0.0000E+00  0.0000E+00  1.0000E+00  7.8000E-01  4.8577E+00  5.7379E+01  7.0767E-01 -8.1321E-01 -9.9791E-01  5.4100E-01  1.0021E+00 -4.6110E-01 -9.7778E-01
  5.2000E+01  2.4000E+01  0.0000E+00  1.1800E-01  0.0000E+00  0.0000E+00  1.0000E+00  7.8000E-01  4.8577E+00  5.7379E+01  2.5629E-01 -6.7471E-01 -7.9888E-01  1.1800E-01  4.7160E-01 -3.5360E-01 -7.9336E-01
  5.2000E+01  1.6800E+02  1.0000E+02  0.0000E+00  1.0000E+00  1.0000E+00  2.0000E+00  7.8000E-01  4.8577E+00  5.7379E+01  1.3007E-06 -6.3465E-06  0.0000E+00  0.0000E+00  5.5655E-05  0.0000E+00  0.0000E+00
  5.2000E+01  1.6850E+02  0.0000E+00  7.1700E-01  0.0000E+00  0.0000E+00  2.0000E+00  7.8000E-01  4.8577E+00  5.7379E+01  5.5033E-01  8.1322E-01  5.9198E-01  7.1700E-01  8.4149E-01 -1.2449E-01  5.9372E-01
  5.2000E+01  1.6900E+02  0.0000E+00  1.2580E+00  0.0000E+00  0.0000E+00  2.0000E+00  7.8000E-01  4.8577E+00  5.7379E+01  9.0012E-01  1.7462E+00  1.4312E+00  1.2580E+00  1.2984E+00 -4.0398E-02  1.4166E+00
  5.2000E+01  1.7000E+02  0.0000E+00  1.3000E+00  0.0000E+00  0.0000E+00  2.0000E+00  7.8000E-01  4.8577E+00  5.7379E+01  1.2397E+00  2.9436E-01 -4.0190E-02  1.3000E+00  1.6470E+00 -3.4701E-01 -4.0977E-02
  5.2000E+01  1.7200E+02  0.0000E+00  1.0340E+00  0.0000E+00  0.0000E+00  2.0000E+00  7.8000E-01  4.8577E+00  5.7379E+01  1.3071E+00 -1.3324E+00 -1.5794E+00  1.0340E+00  1.6313E+00 -5.9727E-01 -1.4966E+00
  5.2000E+01  1.7600E+02  0.0000E+00  1.2160E+00  0.0000E+00  0.0000E+00  2.0000E+00  7.8000E-01  4.8577E+00  5.7379E+01  9.8932E-01  1.1060E+00  9.1359E-01  1.2160E+00  1.2881E+00 -7.2063E-02  9.8290E-01
  5.2000E+01  1.8000E+02  0.0000E+00  6.6600E-01  0.0000E+00  0.0000E+00  2.0000E+00  7.8000E-01  4.8577E+00  5.7379E+01  7.0767E-01 -2.0332E-01 -3.8802E-01  6.6600E-01  1.0021E+00 -3.3613E-01 -3.6772E-01
  5.2000E+01  1.9200E+02  0.0000E+00  2.9400E-01  0.0000E+00  0.0000E+00  2.0000E+00  7.8000E-01  4.8577E+00  5.7379E+01  2.5629E-01  1.8401E-01  5.9848E-02  2.9400E-01  4.7161E-01 -1.7761E-01  6.5453E-02
  5.2000E+01  3.3600E+02  1.0000E+02  0.0000E+00  1.0000E+00  1.0000E+00  3.0000E+00  7.8000E-01  4.8577E+00  5.7379E+01  1.3007E-06 -6.3465E-06  0.0000E+00  0.0000E+00  5.5656E-05  0.0000E+00  0.0000E+00
  5.2000E+01  3.3650E+02  0.0000E+00  4.0000E-01  0.0000E+00  0.0000E+00  3.0000E+00  7.8000E-01  4.8577E+00  5.7379E+01  5.5033E-01 -7.3347E-01 -9.5471E-01  4.0000E-01  8.4149E-01 -4.4149E-01 -9.5297E-01
  5.2000E+01  3.3700E+02  0.0000E+00  7.9500E-01  0.0000E+00  0.0000E+00  3.0000E+00  7.8000E-01  4.8577E+00  5.7379E+01  9.0012E-01 -5.1289E-01 -8.2789E-01  7.9500E-01  1.2984E+00 -5.0340E-01 -8.4246E-01
  5.2000E+01  3.3800E+02  0.0000E+00  7.3100E-01  0.0000E+00  0.0000E+00  3.0000E+00  7.8000E-01  4.8577E+00  5.7379E+01  1.2397E+00 -2.4819E+00 -2.8164E+00  7.3100E-01  1.6470E+00 -9.1601E-01 -2.8172E+00
  5.2000E+01  3.4000E+02  0.0000E+00  1.3700E+00  0.0000E+00  0.0000E+00  3.0000E+00  7.8000E-01  4.8577E+00  5.7379E+01  1.3071E+00  3.0703E-01  6.0018E-02  1.3700E+00  1.6313E+00 -2.6127E-01  1.4282E-01
  5.2000E+01  3.4400E+02  0.0000E+00  1.0270E+00  0.0000E+00  0.0000E+00  3.0000E+00  7.8000E-01  4.8577E+00  5.7379E+01  9.8932E-01  1.8386E-01 -8.5700E-03  1.0270E+00  1.2881E+00 -2.6106E-01  6.0739E-02
  5.2000E+01  3.4800E+02  0.0000E+00  7.6600E-01  0.0000E+00  0.0000E+00  3.0000E+00  7.8000E-01  4.8577E+00  5.7379E+01  7.0767E-01  2.8459E-01  9.9896E-02  7.6600E-01  1.0021E+00 -2.3613E-01  1.2019E-01
  5.2000E+01  3.6000E+02  0.0000E+00  1.8600E-01  0.0000E+00  0.0000E+00  3.0000E+00  7.8000E-01  4.8577E+00  5.7379E+01  2.5629E-01 -3.4293E-01 -4.6710E-01  1.8600E-01  4.7161E-01 -2.8561E-01 -4.6149E-01
  5.3000E+01  0.0000E+00  1.0000E+02  0.0000E+00  1.0000E+00  1.0000E+00  1.0000E+00  1.2020E+00  4.3753E+00  5.3325E+01  0.0000E+00  0.0000E+00  0.0000E+00  0.0000E+00  0.0000E+00  0.0000E+00  0.0000E+00
  5.3000E+01  5.0000E-01  0.0000E+00  1.2450E+00  0.0000E+00  0.0000E+00  1.0000E+00  1.2020E+00  4.3753E+00  5.3325E+01  8.2830E-01  2.0331E+00  2.0517E+00  1.2450E+00  8.4144E-01  4.0356E-01  2.0839E+00
  5.3000E+01  1.0000E+00  0.0000E+00  1.3310E+00  0.0000E+00  0.0000E+00  1.0000E+00  1.2020E+00  4.3753E+00  5.3325E+01  1.2491E+00  3.9942E-01  3.8214E-01  1.3310E+00  1.2983E+00  3.2654E-02  4.1580E-01
  5.3000E+01  2.0000E+00  0.0000E+00  1.4690E+00  0.0000E+00  0.0000E+00  1.0000E+00  1.2020E+00  4.3753E+00  5.3325E+01  1.5262E+00 -2.7919E-01 -3.8061E-01  1.4690E+00  1.6470E+00 -1.7797E-01 -3.6699E-01
  5.3000E+01  4.0000E+00  0.0000E+00  1.6120E+00  0.0000E+00  0.0000E+00  1.0000E+00  1.2020E+00  4.3753E+00  5.3325E+01  1.4331E+00  8.7266E-01  6.9959E-01  1.6120E+00  1.6312E+00 -1.9231E-02  6.8525E-01
  5.3000E+01  8.0000E+00  0.0000E+00  1.3270E+00  0.0000E+00  0.0000E+00  1.0000E+00  1.2020E+00  4.3753E+00  5.3325E+01  1.0439E+00  1.3814E+00  1.2022E+00  1.3270E+00  1.2880E+00  3.8970E-02  1.1857E+00
  5.3000E+01  1.2000E+01  0.0000E+00  7.2200E-01  0.0000E+00  0.0000E+00  1.0000E+00  1.2020E+00  4.3753E+00  5.3325E+01  7.5192E-01 -1.4598E-01 -3.0765E-01  7.2200E-01  1.0021E+00 -2.8010E-01 -3.0390E-01
  5.3000E+01  2.4000E+01  0.0000E+00  3.8200E-01  0.0000E+00  0.0000E+00  1.0000E+00  1.2020E+00  4.3753E+00  5.3325E+01  2.8091E-01  4.9323E-01  3.9641E-01  3.8200E-01  4.7160E-01 -8.9599E-02  4.6947E-01
  5.3000E+01  1.6800E+02  1.0000E+02  0.0000E+00  1.0000E+00  1.0000E+00  2.0000E+00  1.2020E+00  4.3753E+00  5.3325E+01  2.0765E-06 -1.0131E-05  0.0000E+00  0.0000E+00  5.5655E-05  0.0000E+00  0.0000E+00
  5.3000E+01  1.6850E+02  0.0000E+00  6.9700E-01  0.0000E+00  0.0000E+00  2.0000E+00  1.2020E+00  4.3753E+00  5.3325E+01  8.2830E-01 -6.4065E-01 -6.2206E-01  6.9700E-01  8.4149E-01 -1.4449E-01 -5.8944E-01
  5.3000E+01  1.6900E+02  0.0000E+00  1.3330E+00  0.0000E+00  0.0000E+00  2.0000E+00  1.2020E+00  4.3753E+00  5.3325E+01  1.2491E+00  4.0917E-01  3.9188E-01  1.3330E+00  1.2984E+00  3.4602E-02  4.2595E-01
  5.3000E+01  1.7000E+02  0.0000E+00  1.1540E+00  0.0000E+00  0.0000E+00  2.0000E+00  1.2020E+00  4.3753E+00  5.3325E+01  1.5262E+00 -1.8161E+00 -1.9176E+00  1.1540E+00  1.6470E+00 -4.9301E-01 -1.9036E+00
  5.3000E+01  1.7200E+02  0.0000E+00  1.3950E+00  0.0000E+00  0.0000E+00  2.0000E+00  1.2020E+00  4.3753E+00  5.3325E+01  1.4331E+00 -1.8612E-01 -3.5919E-01  1.3950E+00  1.6313E+00 -2.3627E-01 -3.7319E-01
  5.3000E+01  1.7600E+02  0.0000E+00  1.0260E+00  0.0000E+00  0.0000E+00  2.0000E+00  1.2020E+00  4.3753E+00  5.3325E+01  1.0439E+00 -8.7246E-02 -2.6639E-01  1.0260E+00  1.2881E+00 -2.6206E-01 -2.8261E-01
  5.3000E+01  1.8000E+02  0.0000E+00  5.8100E-01  0.0000E+00  0.0000E+00  2.0000E+00  1.2020E+00  4.3753E+00  5.3325E+01  7.5192E-01 -8.3395E-01 -9.9561E-01  5.8100E-01  1.0021E+00 -4.2113E-01 -9.9164E-01
  5.3000E+01  1.9200E+02  0.0000E+00  1.4000E-01  0.0000E+00  0.0000E+00  2.0000E+00  1.2020E+00  4.3753E+00  5.3325E+01  2.8091E-01 -6.8753E-01 -7.8435E-01  1.4000E-01  4.7161E-01 -3.3161E-01 -7.1117E-01
  5.3000E+01  3.3600E+02  1.0000E+02  0.0000E+00  1.0000E+00  1.0000E+00  3.0000E+00  1.2020E+00  4.3753E+00  5.3325E+01  2.0765E-06 -1.0131E-05  0.0000E+00  0.0000E+00  5.5656E-05  0.0000E+00  0.0000E+00
  5.3000E+01  3.3650E+02  0.0000E+00  8.5400E-01  0.0000E+00  0.0000E+00  3.0000E+00  1.2020E+00  4.3753E+00  5.3325E+01  8.2830E-01  1.2537E-01  1.4397E-01  8.5400E-01  8.4149E-01  1.2507E-02  1.7658E-01
  5.3000E+01  3.3700E+02  0.0000E+00  1.1490E+00  0.0000E+00  0.0000E+00  3.0000E+00  1.2020E+00  4.3753E+00  5.3325E+01  1.2491E+00 -4.8860E-01 -5.0588E-01  1.1490E+00  1.2984E+00 -1.4940E-01 -4.7181E-01
  5.3000E+01  3.3800E+02  0.0000E+00  1.3700E+00  0.0000E+00  0.0000E+00  3.0000E+00  1.2020E+00  4.3753E+00  5.3325E+01  1.5262E+00 -7.6224E-01 -8.6366E-01  1.3700E+00  1.6470E+00 -2.7701E-01 -8.4966E-01
  5.3000E+01  3.4000E+02  0.0000E+00  1.4420E+00  0.0000E+00  0.0000E+00  3.0000E+00  1.2020E+00  4.3753E+00  5.3325E+01  1.4331E+00  4.3202E-02 -1.2987E-01  1.4420E+00  1.6313E+00 -1.8927E-01 -1.4387E-01
  5.3000E+01  3.4400E+02  0.0000E+00  1.2750E+00  0.0000E+00  0.0000E+00  3.0000E+00  1.2020E+00  4.3753E+00  5.3325E+01  1.0439E+00  1.1277E+00  9.4852E-01  1.2750E+00  1.2881E+00 -1.3063E-02  9.3229E-01
  5.3000E+01  3.4800E+02  0.0000E+00  6.0300E-01  0.0000E+00  0.0000E+00  3.0000E+00  1.2020E+00  4.3753E+00  5.3325E+01  7.5192E-01 -7.2660E-01 -8.8827E-01  6.0300E-01  1.0021E+00 -3.9913E-01 -8.8430E-01
  5.3000E+01  3.6000E+02  0.0000E+00  1.8600E-01  0.0000E+00  0.0000E+00  3.0000E+00  1.2020E+00  4.3753E+00  5.3325E+01  2.8091E-01 -4.6309E-01 -5.5991E-01  1.8600E-01  4.7161E-01 -2.8561E-01 -4.8673E-01
  5.4000E+01  0.0000E+00  1.0000E+02  0.0000E+00  1.0000E+00  1.0000E+00  1.0000E+00  8.4553E-01  5.2104E+00  4.9813E+01  0.0000E+00  0.0000E+00  0.0000E+00  0.0000E+00  0.0000E+00  0.0000E+00  0.0000E+00
  5.4000E+01  5.0000E-01  0.0000E+00  3.7300E-01  0.0000E+00  0.0000E+00  1.0000E+00  8.4553E-01  5.2104E+00  4.9813E+01  6.7309E-01 -1.4642E+00 -1.6173E+00  3.7300E-01  8.4144E-01 -4.6844E-01 -1.6068E+00
  5.4000E+01  1.0000E+00  0.0000E+00  7.0000E-01  0.0000E+00  0.0000E+00  1.0000E+00  8.4553E-01  5.2104E+00  4.9813E+01  1.0798E+00 -1.8533E+00 -2.0447E+00  7.0000E-01  1.2983E+00 -5.9835E-01 -2.0298E+00
  5.4000E+01  2.0000E+00  0.0000E+00  1.0070E+00  0.0000E+00  0.0000E+00  1.0000E+00  8.4553E-01  5.2104E+00  4.9813E+01  1.4362E+00 -2.0941E+00 -2.2504E+00  1.0070E+00  1.6470E+00 -6.3997E-01 -2.2169E+00
  5.4000E+01  4.0000E+00  0.0000E+00  1.1940E+00  0.0000E+00  0.0000E+00  1.0000E+00  8.4553E-01  5.2104E+00  4.9813E+01  1.4298E+00 -1.1506E+00 -1.2562E+00  1.1940E+00  1.6312E+00 -4.3723E-01 -1.2086E+00
  5.4000E+01  8.0000E+00  0.0000E+00  1.0560E+00  0.0000E+00  0.0000E+00  1.0000E+00  8.4553E-01  5.2104E+00  4.9813E+01  9.8954E-01  3.2425E-01  1.2106E-01  1.0560E+00  1.2880E+00 -2.3203E-01  1.0954E-01
  5.4000E+01  1.2000E+01  0.0000E+00  6.7900E-01  0.0000E+00  0.0000E+00  1.0000E+00  8.4553E-01  5.2104E+00  4.9813E+01  6.5287E-01  1.2748E-01 -1.3512E-01  6.7900E-01  1.0021E+00 -3.2310E-01 -1.5695E-01
  5.4000E+01  2.4000E+01  0.0000E+00  1.4300E-01  0.0000E+00  0.0000E+00  1.0000E+00  8.4553E-01  5.2104E+00  4.9813E+01  1.8611E-01 -2.1034E-01 -3.9909E-01  1.4300E-01  4.7160E-01 -3.2860E-01 -2.9259E-01
  5.4000E+01  1.6800E+02  1.0000E+02  0.0000E+00  1.0000E+00  1.0000E+00  2.0000E+00  8.4553E-01  5.2104E+00  4.9813E+01  5.3497E-08 -2.6102E-07  0.0000E+00  0.0000E+00  5.5655E-05  0.0000E+00  0.0000E+00
  5.4000E+01  1.6850E+02  0.0000E+00  6.2200E-01  0.0000E+00  0.0000E+00  2.0000E+00  8.4553E-01  5.2104E+00  4.9813E+01  6.7309E-01 -2.4930E-01 -4.0238E-01  6.2200E-01  8.4149E-01 -2.1949E-01 -3.9110E-01
  5.4000E+01  1.6900E+02  0.0000E+00  9.3700E-01  0.0000E+00  0.0000E+00  2.0000E+00  8.4553E-01  5.2104E+00  4.9813E+01  1.0798E+00 -6.9689E-01 -8.8838E-01  9.3700E-01  1.2984E+00 -3.6140E-01 -8.7268E-01
  5.4000E+01  1.7000E+02  0.0000E+00  1.4550E+00  0.0000E+00  0.0000E+00  2.0000E+00  8.4553E-01  5.2104E+00  4.9813E+01  1.4362E+00  9.1760E-02 -6.4577E-02  1.4550E+00  1.6470E+00 -1.9201E-01 -3.0379E-02
  5.4000E+01  1.7200E+02  0.0000E+00  1.7340E+00  0.0000E+00  0.0000E+00  2.0000E+00  8.4553E-01  5.2104E+00  4.9813E+01  1.4298E+00  1.4842E+00  1.3786E+00  1.7340E+00  1.6313E+00  1.0273E-01  1.4268E+00
  5.4000E+01  1.7600E+02  0.0000E+00  1.1540E+00  0.0000E+00  0.0000E+00  2.0000E+00  8.4553E-01  5.2104E+00  4.9813E+01  9.8954E-01  8.0240E-01  5.9922E-01  1.1540E+00  1.2881E+00 -1.3406E-01  5.8821E-01
  5.4000E+01  1.8000E+02  0.0000E+00  5.2000E-01  0.0000E+00  0.0000E+00  2.0000E+00  8.4553E-01  5.2104E+00  4.9813E+01  6.5287E-01 -6.4830E-01 -9.1090E-01  5.2000E-01  1.0021E+00 -4.8213E-01 -9.3232E-01
  5.4000E+01  1.9200E+02  0.0000E+00  1.7300E-01  0.0000E+00  0.0000E+00  2.0000E+00  8.4553E-01  5.2104E+00  4.9813E+01  1.8611E-01 -6.3961E-02 -2.5271E-01  1.7300E-01  4.7161E-01 -2.9861E-01 -1.4601E-01
  5.4000E+01  3.3600E+02  1.0000E+02  0.0000E+00  1.0000E+00  1.0000E+00  3.0000E+00  8.4553E-01  5.2104E+00  4.9813E+01  5.3497E-08 -2.6102E-07  0.0000E+00  0.0000E+00  5.5656E-05  0.0000E+00  0.0000E+00
  5.4000E+01  3.3650E+02  0.0000E+00  1.0760E+00  0.0000E+00  0.0000E+00  3.0000E+00  8.4553E-01  5.2104E+00  4.9813E+01  6.7309E-01  1.9658E+00  1.8128E+00  1.0760E+00  8.4149E-01  2.3451E-01  1.8240E+00
  5.4000E+01  3.3700E+02  0.0000E+00  1.6010E+00  0.0000E+00  0.0000E+00  3.0000E+00  8.4553E-01  5.2104E+00  4.9813E+01  1.0798E+00  2.5429E+00  2.3514E+00  1.6010E+00  1.2984E+00  3.0260E-01  2.3671E+00
  5.4000E+01  3.3800E+02  0.0000E+00  1.6230E+00  0.0000E+00  0.0000E+00  3.0000E+00  8.4553E-01  5.2104E+00  4.9813E+01  1.4362E+00  9.1146E-01  7.5512E-01  1.6230E+00  1.6470E+00 -2.4015E-02  7.8932E-01
  5.4000E+01  3.4000E+02  0.0000E+00  1.5570E+00  0.0000E+00  0.0000E+00  3.0000E+00  8.4553E-01  5.2104E+00  4.9813E+01  1.4298E+00  6.2055E-01  5.1497E-01  1.5570E+00  1.6313E+00 -7.4274E-02  5.6321E-01
  5.4000E+01  3.4400E+02  0.0000E+00  7.9400E-01  0.0000E+00  0.0000E+00  3.0000E+00  8.4553E-01  5.2104E+00  4.9813E+01  9.8954E-01 -9.5409E-01 -1.1573E+00  7.9400E-01  1.2881E+00 -4.9406E-01 -1.1683E+00
  5.4000E+01  3.4800E+02  0.0000E+00  6.5400E-01  0.0000E+00  0.0000E+00  3.0000E+00  8.4553E-01  5.2104E+00  4.9813E+01  6.5287E-01  5.5055E-03 -2.5710E-01  6.5400E-01  1.0021E+00 -3.4813E-01 -2.7852E-01
  5.4000E+01  3.6000E+02  0.0000E+00  1.1600E-01  0.0000E+00  0.0000E+00  3.0000E+00  8.4553E-01  5.2104E+00  4.9813E+01  1.8611E-01 -3.4207E-01 -5.3083E-01  1.1600E-01  4.7161E-01 -3.5561E-01 -4.2412E-01
  5.5000E+01  0.0000E+00  1.0000E+02  0.0000E+00  1.0000E+00  1.0000E+00  1.0000E+00  4.2670E-01  1.5548E+00  4.8716E+01  0.0000E+00  0.0000E+00  0.0000E+00  0.0000E+00  0.0000E+00  0.0000E+00  0.0000E+00
  5.5000E+01  5.0000E-01  0.0000E+00  5.5600E-01  0.0000E+00  0.0000E+00  1.0000E+00  4.2670E-01  1.5548E+00  4.8716E+01  3.9114E-01  8.0436E-01  4.8094E-01  5.5600E-01  8.4144E-01 -2.8544E-01  5.6150E-01
  5.5000E+01  1.0000E+00  0.0000E+00  9.4000E-01  0.0000E+00  0.0000E+00  1.0000E+00  4.2670E-01  1.5548E+00  4.8716E+01  7.0095E-01  1.1664E+00  6.6223E-01  9.4000E-01  1.2983E+00 -3.5835E-01  6.5352E-01
  5.5000E+01  2.0000E+00  0.0000E+00  1.3940E+00  0.0000E+00  0.0000E+00  1.0000E+00  4.2670E-01  1.5548E+00  4.8716E+01  1.1364E+00  1.2568E+00  6.5927E-01  1.3940E+00  1.6470E+00 -2.5297E-01  5.9265E-01
  5.5000E+01  4.0000E+00  0.0000E+00  1.4630E+00  0.0000E+00  0.0000E+00  1.0000E+00  4.2670E-01  1.5548E+00  4.8716E+01  1.5502E+00 -4.2548E-01 -7.6755E-01  1.4630E+00  1.6312E+00 -1.6823E-01 -5.3761E-01
  5.5000E+01  8.0000E+00  0.0000E+00  1.6460E+00  0.0000E+00  0.0000E+00  1.0000E+00  4.2670E-01  1.5548E+00  4.8716E+01  1.6457E+00  1.5104E-03  2.2230E-01  1.6460E+00  1.2880E+00  3.5797E-01  4.4638E-01
  5.5000E+01  1.2000E+01  0.0000E+00  1.6510E+00  0.0000E+00  0.0000E+00  1.0000E+00  4.2670E-01  1.5548E+00  4.8716E+01  1.4995E+00  7.3922E-01  1.1779E+00  1.6510E+00  1.0021E+00  6.4890E-01  1.0743E+00
  5.5000E+01  2.4000E+01  0.0000E+00  1.1480E+00  0.0000E+00  0.0000E+00  1.0000E+00  4.2670E-01  1.5548E+00  4.8716E+01  1.0313E+00  5.6916E-01  1.0612E+00  1.1480E+00  4.7160E-01  6.7640E-01  7.9540E-01
  5.5000E+01  1.6800E+02  1.0000E+02  0.0000E+00  1.0000E+00  1.0000E+00  2.0000E+00  4.2670E-01  1.5548E+00  4.8716E+01  1.0411E-02 -5.0799E-02  0.0000E+00  0.0000E+00  5.5655E-05  0.0000E+00  0.0000E+00
  5.5000E+01  1.6850E+02  0.0000E+00  2.4000E-01  0.0000E+00  0.0000E+00  2.0000E+00  4.2670E-01  1.5548E+00  4.8716E+01  4.0139E-01 -7.8745E-01 -1.0890E+00  2.4000E-01  8.4149E-01 -6.0149E-01 -9.8295E-01
  5.5000E+01  1.6900E+02  0.0000E+00  5.6100E-01  0.0000E+00  0.0000E+00  2.0000E+00  4.2670E-01  1.5548E+00  4.8716E+01  7.1103E-01 -7.3202E-01 -1.2146E+00  5.6100E-01  1.2984E+00 -7.3740E-01 -1.1982E+00
  5.5000E+01  1.7000E+02  0.0000E+00  1.0970E+00  0.0000E+00  0.0000E+00  2.0000E+00  4.2670E-01  1.5548E+00  4.8716E+01  1.1462E+00 -2.3993E-01 -8.1649E-01  1.0970E+00  1.6470E+00 -5.5001E-01 -8.5888E-01
  5.5000E+01  1.7200E+02  0.0000E+00  1.3750E+00  0.0000E+00  0.0000E+00  2.0000E+00  4.2670E-01  1.5548E+00  4.8716E+01  1.5594E+00 -8.9956E-01 -1.2217E+00  1.3750E+00  1.6313E+00 -2.5627E-01 -9.6914E-01
  5.5000E+01  1.7600E+02  0.0000E+00  1.6900E+00  0.0000E+00  0.0000E+00  2.0000E+00  4.2670E-01  1.5548E+00  4.8716E+01  1.6538E+00  1.7684E-01  4.1553E-01  1.6900E+00  1.2881E+00  4.0194E-01  6.5935E-01
  5.5000E+01  1.8000E+02  0.0000E+00  1.5000E+00  0.0000E+00  0.0000E+00  2.0000E+00  4.2670E-01  1.5548E+00  4.8716E+01  1.5066E+00 -3.2162E-02  4.2257E-01  1.5000E+00  1.0021E+00  4.9787E-01  3.3622E-01
  5.5000E+01  1.9200E+02  0.0000E+00  8.4100E-01  0.0000E+00  0.0000E+00  2.0000E+00  4.2670E-01  1.5548E+00  4.8716E+01  1.0362E+00 -9.5235E-01 -4.4865E-01  8.4100E-01  4.7161E-01  3.6939E-01 -7.0318E-01
  5.5000E+01  3.3600E+02  1.0000E+02  0.0000E+00  1.0000E+00  1.0000E+00  3.0000E+00  4.2670E-01  1.5548E+00  4.8716E+01  1.0460E-02 -5.1037E-02  0.0000E+00  0.0000E+00  5.5656E-05  0.0000E+00  0.0000E+00
  5.5000E+01  3.3650E+02  0.0000E+00  2.9600E-01  0.0000E+00  0.0000E+00  3.0000E+00  4.2670E-01  1.5548E+00  4.8716E+01  4.0144E-01 -5.1445E-01 -8.1581E-01  2.9600E-01  8.4149E-01 -5.4549E-01 -7.0972E-01
  5.5000E+01  3.3700E+02  0.0000E+00  5.3100E-01  0.0000E+00  0.0000E+00  3.0000E+00  4.2670E-01  1.5548E+00  4.8716E+01  7.1108E-01 -8.7863E-01 -1.3610E+00  5.3100E-01  1.2984E+00 -7.6740E-01 -1.3446E+00
  5.5000E+01  3.3800E+02  0.0000E+00  1.0780E+00  0.0000E+00  0.0000E+00  3.0000E+00  4.2670E-01  1.5548E+00  4.8716E+01  1.1462E+00 -3.3286E-01 -9.0923E-01  1.0780E+00  1.6470E+00 -5.6901E-01 -9.5158E-01
  5.5000E+01  3.4000E+02  0.0000E+00  1.3460E+00  0.0000E+00  0.0000E+00  3.0000E+00  4.2670E-01  1.5548E+00  4.8716E+01  1.5594E+00 -1.0413E+00 -1.3632E+00  1.3460E+00  1.6313E+00 -2.8527E-01 -1.1106E+00
  5.5000E+01  3.4400E+02  0.0000E+00  1.9220E+00  0.0000E+00  0.0000E+00  3.0000E+00  4.2670E-01  1.5548E+00  4.8716E+01  1.6538E+00  1.3086E+00  1.5475E+00  1.9220E+00  1.2881E+00  6.3394E-01  1.7913E+00
  5.5000E+01  3.4800E+02  0.0000E+00  1.5730E+00  0.0000E+00  0.0000E+00  3.0000E+00  4.2670E-01  1.5548E+00  4.8716E+01  1.5066E+00  3.2385E-01  7.7873E-01  1.5730E+00  1.0021E+00  5.7087E-01  6.9239E-01
  5.5000E+01  3.6000E+02  0.0000E+00  1.1150E+00  0.0000E+00  0.0000E+00  3.0000E+00  4.2670E-01  1.5548E+00  4.8716E+01  1.0362E+00  3.8442E-01  8.8822E-01  1.1150E+00  4.7161E-01  6.4339E-01  6.3371E-01
  5.6000E+01  0.0000E+00  1.0000E+02  0.0000E+00  1.0000E+00  1.0000E+00  1.0000E+00  1.9599E+00  4.9030E+00  3.7964E+01  0.0000E+00  0.0000E+00  0.0000E+00  0.0000E+00  0.0000E+00  0.0000E+00  0.0000E+00
  5.6000E+01  5.0000E-01  0.0000E+00  1.5660E+00  0.0000E+00  0.0000E+00  1.0000E+00  1.9599E+00  4.9030E+00  3.7964E+01  1.5852E+00 -9.3527E-02  5.7165E-01  1.5660E+00  8.4144E-01  7.2456E-01  8.7885E-01
  5.6000E+01  1.0000E+00  0.0000E+00  2.0080E+00  0.0000E+00  0.0000E+00  1.0000E+00  1.9599E+00  4.9030E+00  3.7964E+01  2.0810E+00 -3.5614E-01  2.1818E-01  2.0080E+00  1.2983E+00  7.0965E-01  3.4887E-01
  5.6000E+01  2.0000E+00  0.0000E+00  2.0320E+00  0.0000E+00  0.0000E+00  1.0000E+00  1.9599E+00  4.9030E+00  3.7964E+01  2.1220E+00 -4.3918E-01 -2.1628E-01  2.0320E+00  1.6470E+00  3.8503E-01 -2.3641E-01
  5.6000E+01  4.0000E+00  0.0000E+00  1.3830E+00  0.0000E+00  0.0000E+00  1.0000E+00  1.9599E+00  4.9030E+00  3.7964E+01  1.6811E+00 -1.4544E+00 -1.5532E+00  1.3830E+00  1.6312E+00 -2.4823E-01 -1.4325E+00
  5.6000E+01  8.0000E+00  0.0000E+00  7.6000E-01  0.0000E+00  0.0000E+00  1.0000E+00  1.9599E+00  4.9030E+00  3.7964E+01  1.0035E+00 -1.1882E+00 -1.4988E+00  7.6000E-01  1.2880E+00 -5.2803E-01 -1.5451E+00
  5.6000E+01  1.2000E+01  0.0000E+00  5.0700E-01  0.0000E+00  0.0000E+00  1.0000E+00  1.9599E+00  4.9030E+00  3.7964E+01  5.9866E-01 -4.4720E-01 -7.8138E-01  5.0700E-01  1.0021E+00 -4.9510E-01 -8.8349E-01
  5.6000E+01  2.4000E+01  0.0000E+00  1.0000E-02  0.0000E+00  0.0000E+00  1.0000E+00  1.9599E+00  4.9030E+00  3.7964E+01  1.2710E-01 -5.7132E-01 -7.3709E-01  1.0000E-02  4.7160E-01 -4.6160E-01 -5.0974E-01
  5.6000E+01  1.6800E+02  1.0000E+02  0.0000E+00  1.0000E+00  1.0000E+00  2.0000E+00  1.9599E+00  4.9030E+00  3.7964E+01  1.0655E-09 -5.1987E-09  0.0000E+00  0.0000E+00  5.5655E-05  0.0000E+00  0.0000E+00
  5.6000E+01  1.6850E+02  0.0000E+00  1.6080E+00  0.0000E+00  0.0000E+00  2.0000E+00  1.9599E+00  4.9030E+00  3.7964E+01  1.5852E+00  1.1140E-01  7.7657E-01  1.6080E+00  8.4149E-01  7.6651E-01  1.0851E+00
  5.6000E+01  1.6900E+02  0.0000E+00  2.4130E+00  0.0000E+00  0.0000E+00  2.0000E+00  1.9599E+00  4.9030E+00  3.7964E+01  2.0810E+00  1.6199E+00  2.1942E+00  2.4130E+00  1.2984E+00  1.1146E+00  2.3262E+00
  5.6000E+01  1.7000E+02  0.0000E+00  1.9710E+00  0.0000E+00  0.0000E+00  2.0000E+00  1.9599E+00  4.9030E+00  3.7964E+01  2.1220E+00 -7.3681E-01 -5.1391E-01  1.9710E+00  1.6470E+00  3.2399E-01 -5.3280E-01
  5.6000E+01  1.7200E+02  0.0000E+00  2.0230E+00  0.0000E+00  0.0000E+00  2.0000E+00  1.9599E+00  4.9030E+00  3.7964E+01  1.6811E+00  1.6683E+00  1.5695E+00  2.0230E+00  1.6313E+00  3.9173E-01  1.6913E+00
  5.6000E+01  1.7600E+02  0.0000E+00  1.0920E+00  0.0000E+00  0.0000E+00  2.0000E+00  1.9599E+00  4.9030E+00  3.7964E+01  1.0035E+00  4.3170E-01  1.2110E-01  1.0920E+00  1.2881E+00 -1.9606E-01  7.5646E-02
  5.6000E+01  1.8000E+02  0.0000E+00  7.5500E-01  0.0000E+00  0.0000E+00  2.0000E+00  1.9599E+00  4.9030E+00  3.7964E+01  5.9866E-01  7.6282E-01  4.2865E-01  7.5500E-01  1.0021E+00 -2.4713E-01  3.2724E-01
  5.6000E+01  1.9200E+02  0.0000E+00  1.9000E-01  0.0000E+00  0.0000E+00  2.0000E+00  1.9599E+00  4.9030E+00  3.7964E+01  1.2710E-01  3.0692E-01  1.4116E-01  1.9000E-01  4.7161E-01 -2.8161E-01  3.6887E-01
  5.6000E+01  3.3600E+02  1.0000E+02  0.0000E+00  1.0000E+00  1.0000E+00  3.0000E+00  1.9599E+00  4.9030E+00  3.7964E+01  1.0655E-09 -5.1987E-09  0.0000E+00  0.0000E+00  5.5656E-05  0.0000E+00  0.0000E+00
  5.6000E+01  3.3650E+02  0.0000E+00  1.5030E+00  0.0000E+00  0.0000E+00  3.0000E+00  1.9599E+00  4.9030E+00  3.7964E+01  1.5852E+00 -4.0091E-01  2.6426E-01  1.5030E+00  8.4149E-01  6.6151E-01  5.7281E-01
  5.6000E+01  3.3700E+02  0.0000E+00  2.1990E+00  0.0000E+00  0.0000E+00  3.0000E+00  1.9599E+00  4.9030E+00  3.7964E+01  2.0810E+00  5.7578E-01  1.1501E+00  2.1990E+00  1.2984E+00  9.0060E-01  1.2821E+00
  5.6000E+01  3.3800E+02  0.0000E+00  2.1100E+00  0.0000E+00  0.0000E+00  3.0000E+00  1.9599E+00  4.9030E+00  3.7964E+01  2.1220E+00 -5.8605E-02  1.6429E-01  2.1100E+00  1.6470E+00  4.6299E-01  1.4540E-01
  5.6000E+01  3.4000E+02  0.0000E+00  1.7170E+00  0.0000E+00  0.0000E+00  3.0000E+00  1.9599E+00  4.9030E+00  3.7964E+01  1.6811E+00  1.7524E-01  7.6475E-02  1.7170E+00  1.6313E+00  8.5726E-02  1.9829E-01
  5.6000E+01  3.4400E+02  0.0000E+00  1.2430E+00  0.0000E+00  0.0000E+00  3.0000E+00  1.9599E+00  4.9030E+00  3.7964E+01  1.0035E+00  1.1685E+00  8.5785E-01  1.2430E+00  1.2881E+00 -4.5063E-02  8.1240E-01
  5.6000E+01  3.4800E+02  0.0000E+00  4.2400E-01  0.0000E+00  0.0000E+00  3.0000E+00  1.9599E+00  4.9030E+00  3.7964E+01  5.9866E-01 -8.5217E-01 -1.1863E+00  4.2400E-01  1.0021E+00 -5.7813E-01 -1.2878E+00
  5.6000E+01  3.6000E+02  0.0000E+00  3.2000E-02  0.0000E+00  0.0000E+00  3.0000E+00  1.9599E+00  4.9030E+00  3.7964E+01  1.2710E-01 -4.6398E-01 -6.2975E-01  3.2000E-02  4.7161E-01 -4.3961E-01 -4.0204E-01
  5.7000E+01  0.0000E+00  1.0000E+02  0.0000E+00  1.0000E+00  1.0000E+00  1.0000E+00  1.9381E+00  6.2412E+00  5.1463E+01  0.0000E+00  0.0000E+00  0.0000E+00  0.0000E+00  0.0000E+00  0.0000E+00  0.0000E+00
  5.7000E+01  5.0000E-01  0.0000E+00  1.2020E+00  0.0000E+00  0.0000E+00  1.0000E+00  1.9381E+00  6.2412E+00  5.1463E+01  1.1644E+00  1.8367E-01  5.7533E-01  1.2020E+00  8.4144E-01  3.6056E-01  7.5808E-01
  5.7000E+01  1.0000E+00  0.0000E+00  1.4100E+00  0.0000E+00  0.0000E+00  1.0000E+00  1.9381E+00  6.2412E+00  5.1463E+01  1.5377E+00 -6.2288E-01 -4.6260E-01  1.4100E+00  1.2983E+00  1.1165E-01 -3.2276E-01
  5.7000E+01  2.0000E+00  0.0000E+00  1.7460E+00  0.0000E+00  0.0000E+00  1.0000E+00  1.9381E+00  6.2412E+00  5.1463E+01  1.5834E+00  7.9316E-01  5.6831E-01  1.7460E+00  1.6470E+00  9.9034E-02  6.4190E-01
  5.7000E+01  4.0000E+00  0.0000E+00  1.1260E+00  0.0000E+00  0.0000E+00  1.0000E+00  1.9381E+00  6.2412E+00  5.1463E+01  1.2752E+00 -7.2811E-01 -1.1071E+00  1.1260E+00  1.6312E+00 -5.0523E-01 -1.0292E+00
  5.7000E+01  8.0000E+00  0.0000E+00  6.7100E-01  0.0000E+00  0.0000E+00  1.0000E+00  1.9381E+00  6.2412E+00  5.1463E+01  7.8562E-01 -5.5926E-01 -9.2027E-01  6.7100E-01  1.2880E+00 -6.1703E-01 -1.0675E+00
  5.7000E+01  1.2000E+01  0.0000E+00  3.7900E-01  0.0000E+00  0.0000E+00  1.0000E+00  1.9381E+00  6.2412E+00  5.1463E+01  4.8366E-01 -5.1063E-01 -8.0940E-01  3.7900E-01  1.0021E+00 -6.2310E-01 -1.0428E+00
  5.7000E+01  2.4000E+01  0.0000E+00  1.1300E-01  0.0000E+00  0.0000E+00  1.0000E+00  1.9381E+00  6.2412E+00  5.1463E+01  1.1285E-01  7.2663E-04 -1.2254E-01  1.1300E-01  4.7160E-01 -3.5860E-01 -1.3010E-01
  5.7000E+01  1.6800E+02  1.0000E+02  0.0000E+00  1.0000E+00  1.0000E+00  2.0000E+00  1.9381E+00  6.2412E+00  5.1463E+01  2.9385E-09 -1.4337E-08  0.0000E+00  0.0000E+00  5.5655E-05  0.0000E+00  0.0000E+00
  5.7000E+01  1.6850E+02  0.0000E+00  1.2720E+00  0.0000E+00  0.0000E+00  2.0000E+00  1.9381E+00  6.2412E+00  5.1463E+01  1.1644E+00  5.2521E-01  9.1687E-01  1.2720E+00  8.4149E-01  4.3051E-01  1.1005E+00
  5.7000E+01  1.6900E+02  0.0000E+00  1.2510E+00  0.0000E+00  0.0000E+00  2.0000E+00  1.9381E+00  6.2412E+00  5.1463E+01  1.5377E+00 -1.3987E+00 -1.2384E+00  1.2510E+00  1.2984E+00 -4.7398E-02 -1.0977E+00
  5.7000E+01  1.7000E+02  0.0000E+00  1.3620E+00  0.0000E+00  0.0000E+00  2.0000E+00  1.9381E+00  6.2412E+00  5.1463E+01  1.5834E+00 -1.0804E+00 -1.3053E+00  1.3620E+00  1.6470E+00 -2.8501E-01 -1.2309E+00
  5.7000E+01  1.7200E+02  0.0000E+00  1.2020E+00  0.0000E+00  0.0000E+00  2.0000E+00  1.9381E+00  6.2412E+00  5.1463E+01  1.2752E+00 -3.5729E-01 -7.3629E-01  1.2020E+00  1.6313E+00 -4.2927E-01 -6.5767E-01
  5.7000E+01  1.7600E+02  0.0000E+00  9.1400E-01  0.0000E+00  0.0000E+00  2.0000E+00  1.9381E+00  6.2412E+00  5.1463E+01  7.8562E-01  6.2637E-01  2.6536E-01  9.1400E-01  1.2881E+00 -3.7406E-01  1.1866E-01
  5.7000E+01  1.8000E+02  0.0000E+00  6.0100E-01  0.0000E+00  0.0000E+00  2.0000E+00  1.9381E+00  6.2412E+00  5.1463E+01  4.8366E-01  5.7254E-01  2.7377E-01  6.0100E-01  1.0021E+00 -4.0113E-01  4.0873E-02
  5.7000E+01  1.9200E+02  0.0000E+00  2.8900E-01  0.0000E+00  0.0000E+00  2.0000E+00  1.9381E+00  6.2412E+00  5.1463E+01  1.1285E-01  8.5946E-01  7.3619E-01  2.8900E-01  4.7161E-01 -1.8261E-01  7.2886E-01
  5.7000E+01  3.3600E+02  1.0000E+02  0.0000E+00  1.0000E+00  1.0000E+00  3.0000E+00  1.9381E+00  6.2412E+00  5.1463E+01  2.9385E-09 -1.4337E-08  0.0000E+00  0.0000E+00  5.5656E-05  0.0000E+00  0.0000E+00
  5.7000E+01  3.3650E+02  0.0000E+00  1.3460E+00  0.0000E+00  0.0000E+00  3.0000E+00  1.9381E+00  6.2412E+00  5.1463E+01  1.1644E+00  8.8627E-01  1.2779E+00  1.3460E+00  8.4149E-01  5.0451E-01  1.4615E+00
  5.7000E+01  3.3700E+02  0.0000E+00  1.6950E+00  0.0000E+00  0.0000E+00  3.0000E+00  1.9381E+00  6.2412E+00  5.1463E+01  1.5377E+00  7.6768E-01  9.2795E-01  1.6950E+00  1.2984E+00  3.9660E-01  1.0686E+00
  5.7000E+01  3.3800E+02  0.0000E+00  1.8200E+00  0.0000E+00  0.0000E+00  3.0000E+00  1.9381E+00  6.2412E+00  5.1463E+01  1.5834E+00  1.1542E+00  9.2937E-01  1.8200E+00  1.6470E+00  1.7299E-01  1.0037E+00
  5.7000E+01  3.4000E+02  0.0000E+00  1.1830E+00  0.0000E+00  0.0000E+00  3.0000E+00  1.9381E+00  6.2412E+00  5.1463E+01  1.2752E+00 -4.5000E-01 -8.2900E-01  1.1830E+00  1.6313E+00 -4.4827E-01 -7.5037E-01
  5.7000E+01  3.4400E+02  0.0000E+00  7.6400E-01  0.0000E+00  0.0000E+00  3.0000E+00  1.9381E+00  6.2412E+00  5.1463E+01  7.8562E-01 -1.0550E-01 -4.6651E-01  7.6400E-01  1.2881E+00 -5.2406E-01 -6.1321E-01
  5.7000E+01  3.4800E+02  0.0000E+00  4.5400E-01  0.0000E+00  0.0000E+00  3.0000E+00  1.9381E+00  6.2412E+00  5.1463E+01  4.8366E-01 -1.4470E-01 -4.4347E-01  4.5400E-01  1.0021E+00 -5.4813E-01 -6.7636E-01
  5.7000E+01  3.6000E+02  0.0000E+00  1.3400E-01  0.0000E+00  0.0000E+00  3.0000E+00  1.9381E+00  6.2412E+00  5.1463E+01  1.1285E-01  1.0319E-01 -2.0080E-02  1.3400E-01  4.7161E-01 -3.3761E-01 -2.7407E-02
  5.8000E+01  0.0000E+00  1.0000E+02  0.0000E+00  1.0000E+00  1.0000E+00  1.0000E+00  8.3366E-01  5.4794E+00  5.0801E+01  0.0000E+00  0.0000E+00  0.0000E+00  0.0000E+00  0.0000E+00  0.0000E+00  0.0000E+00
  5.8000E+01  5.0000E-01  0.0000E+00  5.4400E-01  0.0000E+00  0.0000E+00  1.0000E+00  8.3366E-01  5.4794E+00  5.0801E+01  6.5199E-01 -5.2690E-01 -6.9254E-01  5.4400E-01  8.4144E-01 -2.9744E-01 -6.4443E-01
  5.8000E+01  1.0000E+00  0.0000E+00  1.1180E+00  0.0000E+00  0.0000E+00  1.0000E+00  8.3366E-01  5.4794E+00  5.0801E+01  1.0475E+00  3.4393E-01  1.2931E-01  1.1180E+00  1.2983E+00 -1.8035E-01  1.8326E-01
  5.8000E+01  2.0000E+00  0.0000E+00  1.1140E+00  0.0000E+00  0.0000E+00  1.0000E+00  8.3366E-01  5.4794E+00  5.0801E+01  1.3955E+00 -1.3735E+00 -1.5658E+00  1.1140E+00  1.6470E+00 -5.3297E-01 -1.5151E+00
  5.8000E+01  4.0000E+00  0.0000E+00  1.2960E+00  0.0000E+00  0.0000E+00  1.0000E+00  8.3366E-01  5.4794E+00  5.0801E+01  1.3881E+00 -4.4950E-01 -5.9515E-01  1.2960E+00  1.6312E+00 -3.3523E-01 -5.5857E-01
  5.8000E+01  8.0000E+00  0.0000E+00  8.1900E-01  0.0000E+00  0.0000E+00  1.0000E+00  8.3366E-01  5.4794E+00  5.0801E+01  9.5115E-01 -6.4477E-01 -8.7663E-01  8.1900E-01  1.2880E+00 -4.6903E-01 -9.1338E-01
  5.8000E+01  1.2000E+01  0.0000E+00  5.9300E-01  0.0000E+00  0.0000E+00  1.0000E+00  8.3366E-01  5.4794E+00  5.0801E+01  6.1960E-01 -1.2980E-01 -4.0962E-01  5.9300E-01  1.0021E+00 -4.0910E-01 -4.5608E-01
  5.8000E+01  2.4000E+01  0.0000E+00  1.3800E-01  0.0000E+00  0.0000E+00  1.0000E+00  8.3366E-01  5.4794E+00  5.0801E+01  1.6985E-01 -1.5542E-01 -3.4210E-01  1.3800E-01  4.7160E-01 -3.3360E-01 -2.3650E-01
  5.8000E+01  1.6800E+02  1.0000E+02  0.0000E+00  1.0000E+00  1.0000E+00  2.0000E+00  8.3366E-01  5.4794E+00  5.0801E+01  3.0530E-08 -1.4896E-07  0.0000E+00  0.0000E+00  5.5655E-05  0.0000E+00  0.0000E+00
  5.8000E+01  1.6850E+02  0.0000E+00  6.9100E-01  0.0000E+00  0.0000E+00  2.0000E+00  8.3366E-01  5.4794E+00  5.0801E+01  6.5199E-01  1.9033E-01  2.4697E-02  6.9100E-01  8.4149E-01 -1.5049E-01  7.3622E-02
  5.8000E+01  1.6900E+02  0.0000E+00  1.1410E+00  0.0000E+00  0.0000E+00  2.0000E+00  8.3366E-01  5.4794E+00  5.0801E+01  1.0475E+00  4.5615E-01  2.4153E-01  1.1410E+00  1.2984E+00 -1.5740E-01  2.9628E-01
  5.8000E+01  1.7000E+02  0.0000E+00  1.7150E+00  0.0000E+00  0.0000E+00  2.0000E+00  8.3366E-01  5.4794E+00  5.0801E+01  1.3955E+00  1.5589E+00  1.3666E+00  1.7150E+00  1.6470E+00  6.7985E-02  1.4181E+00
  5.8000E+01  1.7200E+02  0.0000E+00  1.6960E+00  0.0000E+00  0.0000E+00  2.0000E+00  8.3366E-01  5.4794E+00  5.0801E+01  1.3881E+00  1.5022E+00  1.3565E+00  1.6960E+00  1.6313E+00  6.4726E-02  1.3938E+00
  5.8000E+01  1.7600E+02  0.0000E+00  9.8900E-01  0.0000E+00  0.0000E+00  2.0000E+00  8.3366E-01  5.4794E+00  5.0801E+01  9.5115E-01  1.8469E-01 -4.7175E-02  9.8900E-01  1.2881E+00 -2.9906E-01 -8.3384E-02
  5.8000E+01  1.8000E+02  0.0000E+00  7.9500E-01  0.0000E+00  0.0000E+00  2.0000E+00  8.3366E-01  5.4794E+00  5.0801E+01  6.1960E-01  8.5578E-01  5.7597E-01  7.9500E-01  1.0021E+00 -2.0713E-01  5.2994E-01
  5.8000E+01  1.9200E+02  0.0000E+00  2.6300E-01  0.0000E+00  0.0000E+00  2.0000E+00  8.3366E-01  5.4794E+00  5.0801E+01  1.6985E-01  4.5448E-01  2.6780E-01  2.6300E-01  4.7161E-01 -2.0861E-01  3.7362E-01
  5.8000E+01  3.3600E+02  1.0000E+02  0.0000E+00  1.0000E+00  1.0000E+00  3.0000E+00  8.3366E-01  5.4794E+00  5.0801E+01  3.0530E-08 -1.4896E-07  0.0000E+00  0.0000E+00  5.5656E-05  0.0000E+00  0.0000E+00
  5.8000E+01  3.3650E+02  0.0000E+00  5.6100E-01  0.0000E+00  0.0000E+00  3.0000E+00  8.3366E-01  5.4794E+00  5.0801E+01  6.5199E-01 -4.4396E-01 -6.0959E-01  5.6100E-01  8.4149E-01 -2.8049E-01 -5.6067E-01
  5.8000E+01  3.3700E+02  0.0000E+00  8.7500E-01  0.0000E+00  0.0000E+00  3.0000E+00  8.3366E-01  5.4794E+00  5.0801E+01  1.0475E+00 -8.4170E-01 -1.0563E+00  8.7500E-01  1.2984E+00 -4.2340E-01 -1.0016E+00
  5.8000E+01  3.3800E+02  0.0000E+00  1.3330E+00  0.0000E+00  0.0000E+00  3.0000E+00  8.3366E-01  5.4794E+00  5.0801E+01  1.3955E+00 -3.0496E-01 -4.9728E-01  1.3330E+00  1.6470E+00 -3.1401E-01 -4.4578E-01
  5.8000E+01  3.4000E+02  0.0000E+00  1.3340E+00  0.0000E+00  0.0000E+00  3.0000E+00  8.3366E-01  5.4794E+00  5.0801E+01  1.3881E+00 -2.6409E-01 -4.0975E-01  1.3340E+00  1.6313E+00 -2.9727E-01 -3.7249E-01
  5.8000E+01  3.4400E+02  0.0000E+00  8.3400E-01  0.0000E+00  0.0000E+00  3.0000E+00  8.3366E-01  5.4794E+00  5.0801E+01  9.5115E-01 -5.7158E-01 -8.0344E-01  8.3400E-01  1.2881E+00 -4.5406E-01 -8.3965E-01
  5.8000E+01  3.4800E+02  0.0000E+00  5.4500E-01  0.0000E+00  0.0000E+00  3.0000E+00  8.3366E-01  5.4794E+00  5.0801E+01  6.1960E-01 -3.6400E-01 -6.4382E-01  5.4500E-01  1.0021E+00 -4.5713E-01 -6.8985E-01
  5.8000E+01  3.6000E+02  0.0000E+00  1.0000E-02  0.0000E+00  0.0000E+00  3.0000E+00  8.3366E-01  5.4794E+00  5.0801E+01  1.6985E-01 -7.7995E-01 -9.6663E-01  1.0000E-02  4.7161E-01 -4.6161E-01 -8.6081E-01
  5.9000E+01  0.0000E+00  1.0000E+02  0.0000E+00  1.0000E+00  1.0000E+00  1.0000E+00  5.5598E-01  4.3158E+00  6.3896E+01  0.0000E+00  0.0000E+00  0.0000E+00  0.0000E+00  0.0000E+00  0.0000E+00  0.0000E+00
  5.9000E+01  5.0000E-01  0.0000E+00  2.0000E-01  0.0000E+00  0.0000E+00  1.0000E+00  5.5598E-01  4.3158E+00  6.3896E+01  3.7319E-01 -8.4504E-01 -1.1662E+00  2.0000E-01  8.4144E-01 -6.4144E-01 -1.0283E+00
  5.9000E+01  1.0000E+00  0.0000E+00  4.9800E-01  0.0000E+00  0.0000E+00  1.0000E+00  5.5598E-01  4.3158E+00  6.3896E+01  6.4342E-01 -7.0954E-01 -1.2054E+00  4.9800E-01  1.2983E+00 -8.0035E-01 -1.1369E+00
  5.9000E+01  2.0000E+00  0.0000E+00  8.0300E-01  0.0000E+00  0.0000E+00  1.0000E+00  5.5598E-01  4.3158E+00  6.3896E+01  9.7041E-01 -8.1680E-01 -1.4137E+00  8.0300E-01  1.6470E+00 -8.4397E-01 -1.4503E+00
  5.9000E+01  4.0000E+00  0.0000E+00  9.9200E-01  0.0000E+00  0.0000E+00  1.0000E+00  5.5598E-01  4.3158E+00  6.3896E+01  1.1670E+00 -8.5368E-01 -1.3104E+00  9.9200E-01  1.6312E+00 -6.3923E-01 -1.1951E+00
  5.9000E+01  8.0000E+00  0.0000E+00  1.0310E+00  0.0000E+00  0.0000E+00  1.0000E+00  5.5598E-01  4.3158E+00  6.3896E+01  1.0169E+00  6.8671E-02 -1.2292E-01  1.0310E+00  1.2880E+00 -2.5703E-01  7.9576E-02
  5.9000E+01  1.2000E+01  0.0000E+00  7.0300E-01  0.0000E+00  0.0000E+00  1.0000E+00  5.5598E-01  4.3158E+00  6.3896E+01  7.8982E-01 -4.2361E-01 -5.3074E-01  7.0300E-01  1.0021E+00 -2.9910E-01 -4.5318E-01
  5.9000E+01  2.4000E+01  0.0000E+00  4.5000E-01  0.0000E+00  0.0000E+00  1.0000E+00  5.5598E-01  4.3158E+00  6.3896E+01  3.5217E-01  4.7732E-01  4.3410E-01  4.5000E-01  4.7160E-01 -2.1599E-02  3.2864E-01
  5.9000E+01  1.6800E+02  1.0000E+02  0.0000E+00  1.0000E+00  1.0000E+00  2.0000E+00  5.5598E-01  4.3158E+00  6.3896E+01  2.1020E-05 -1.0256E-04  0.0000E+00  0.0000E+00  5.5655E-05  0.0000E+00  0.0000E+00
  5.9000E+01  1.6850E+02  0.0000E+00  4.0800E-01  0.0000E+00  0.0000E+00  2.0000E+00  5.5598E-01  4.3158E+00  6.3896E+01  3.7321E-01  1.6972E-01 -1.5144E-01  4.0800E-01  8.4149E-01 -4.3349E-01 -1.3667E-02
  5.9000E+01  1.6900E+02  0.0000E+00  7.0800E-01  0.0000E+00  0.0000E+00  2.0000E+00  5.5598E-01  4.3158E+00  6.3896E+01  6.4344E-01  3.1499E-01 -1.8091E-01  7.0800E-01  1.2984E+00 -5.9040E-01 -1.1259E-01
  5.9000E+01  1.7000E+02  0.0000E+00  9.0900E-01  0.0000E+00  0.0000E+00  2.0000E+00  5.5598E-01  4.3158E+00  6.3896E+01  9.7043E-01 -2.9970E-01 -8.9663E-01  9.0900E-01  1.6470E+00 -7.3801E-01 -9.3334E-01
  5.9000E+01  1.7200E+02  0.0000E+00  1.2710E+00  0.0000E+00  0.0000E+00  2.0000E+00  5.5598E-01  4.3158E+00  6.3896E+01  1.1670E+00  5.0752E-01  5.0829E-02  1.2710E+00  1.6313E+00 -3.6027E-01  1.6598E-01
  5.9000E+01  1.7600E+02  0.0000E+00  1.0370E+00  0.0000E+00  0.0000E+00  2.0000E+00  5.5598E-01  4.3158E+00  6.3896E+01  1.0169E+00  9.7886E-02 -9.3710E-02  1.0370E+00  1.2881E+00 -2.5106E-01  1.0868E-01
  5.9000E+01  1.8000E+02  0.0000E+00  7.5700E-01  0.0000E+00  0.0000E+00  2.0000E+00  5.5598E-01  4.3158E+00  6.3896E+01  7.8983E-01 -1.6018E-01 -2.6731E-01  7.5700E-01  1.0021E+00 -2.4513E-01 -1.8984E-01
  5.9000E+01  1.9200E+02  0.0000E+00  2.6200E-01  0.0000E+00  0.0000E+00  2.0000E+00  5.5598E-01  4.3158E+00  6.3896E+01  3.5217E-01 -4.3998E-01 -4.8320E-01  2.6200E-01  4.7161E-01 -2.0961E-01 -5.8870E-01
  5.9000E+01  3.3600E+02  1.0000E+02  0.0000E+00  1.0000E+00  1.0000E+00  3.0000E+00  5.5598E-01  4.3158E+00  6.3896E+01  2.1020E-05 -1.0256E-04  0.0000E+00  0.0000E+00  5.5656E-05  0.0000E+00  0.0000E+00
  5.9000E+01  3.3650E+02  0.0000E+00  4.5900E-01  0.0000E+00  0.0000E+00  3.0000E+00  5.5598E-01  4.3158E+00  6.3896E+01  3.7321E-01  4.1856E-01  9.7395E-02  4.5900E-01  8.4149E-01 -3.8249E-01  2.3517E-01
  5.9000E+01  3.3700E+02  0.0000E+00  6.9700E-01  0.0000E+00  0.0000E+00  3.0000E+00  5.5598E-01  4.3158E+00  6.3896E+01  6.4344E-01  2.6132E-01 -2.3458E-01  6.9700E-01  1.2984E+00 -6.0140E-01 -1.6626E-01
  5.9000E+01  3.3800E+02  0.0000E+00  9.2100E-01  0.0000E+00  0.0000E+00  3.0000E+00  5.5598E-01  4.3158E+00  6.3896E+01  9.7043E-01 -2.4115E-01 -8.3808E-01  9.2100E-01  1.6470E+00 -7.2601E-01 -8.7479E-01
  5.9000E+01  3.4000E+02  0.0000E+00  1.2320E+00  0.0000E+00  0.0000E+00  3.0000E+00  5.5598E-01  4.3158E+00  6.3896E+01  1.1670E+00  3.1724E-01 -1.3946E-01  1.2320E+00  1.6313E+00 -3.9927E-01 -2.4312E-02
  5.9000E+01  3.4400E+02  0.0000E+00  1.0430E+00  0.0000E+00  0.0000E+00  3.0000E+00  5.5598E-01  4.3158E+00  6.3896E+01  1.0169E+00  1.2716E-01 -6.4435E-02  1.0430E+00  1.2881E+00 -2.4506E-01  1.3796E-01
  5.9000E+01  3.4800E+02  0.0000E+00  7.9600E-01  0.0000E+00  0.0000E+00  3.0000E+00  5.5598E-01  4.3158E+00  6.3896E+01  7.8983E-01  3.0107E-02 -7.7022E-02  7.9600E-01  1.0021E+00 -2.0613E-01  4.4652E-04
  5.9000E+01  3.6000E+02  0.0000E+00  3.7800E-01  0.0000E+00  0.0000E+00  3.0000E+00  5.5598E-01  4.3158E+00  6.3896E+01  3.5217E-01  1.2600E-01  8.2781E-02  3.7800E-01  4.7161E-01 -9.3612E-02 -2.2719E-02
  6.0000E+01  0.0000E+00  1.0000E+02  0.0000E+00  1.0000E+00  1.0000E+00  1.0000E+00  1.8718E+00  4.0350E+00  3.7145E+01  0.0000E+00  0.0000E+00  0.0000E+00  0.0000E+00  0.0000E+00  0.0000E+00  0.0000E+00
  6.0000E+01  5.0000E-01  0.0000E+00  1.1280E+00  0.0000E+00  0.0000E+00  1.0000E+00  1.8718E+00  4.0350E+00  3.7145E+01  1.5859E+00 -2.2341E+00 -1.6035E+00  1.1280E+00  8.4144E-01  2.8656E-01 -1.3826E+00
  6.0000E+01  1.0000E+00  0.0000E+00  2.2660E+00  0.0000E+00  0.0000E+00  1.0000E+00  1.8718E+00  4.0350E+00  3.7145E+01  2.1241E+00  6.9231E-01  1.2978E+00  2.2660E+00  1.2983E+00  9.6765E-01  1.3669E+00
  6.0000E+01  2.0000E+00  0.0000E+00  2.7300E+00  0.0000E+00  0.0000E+00  1.0000E+00  1.8718E+00  4.0350E+00  3.7145E+01  2.2323E+00  2.4285E+00  2.7660E+00  2.7300E+00  1.6470E+00  1.0830E+00  2.7523E+00
  6.0000E+01  4.0000E+00  0.0000E+00  1.9650E+00  0.0000E+00  0.0000E+00  1.0000E+00  1.8718E+00  4.0350E+00  3.7145E+01  1.8492E+00  5.6503E-01  6.2135E-01  1.9650E+00  1.6312E+00  3.3377E-01  8.0652E-01
  6.0000E+01  8.0000E+00  0.0000E+00  1.2740E+00  0.0000E+00  0.0000E+00  1.0000E+00  1.8718E+00  4.0350E+00  3.7145E+01  1.1985E+00  3.6818E-01  1.9811E-01  1.2740E+00  1.2880E+00 -1.4030E-02  2.2495E-01
  6.0000E+01  1.2000E+01  0.0000E+00  1.0330E+00  0.0000E+00  0.0000E+00  1.0000E+00  1.8718E+00  4.0350E+00  3.7145E+01  7.7615E-01  1.2532E+00  1.0110E+00  1.0330E+00  1.0021E+00  3.0901E-02  9.0782E-01
  6.0000E+01  2.4000E+01  0.0000E+00  3.3400E-01  0.0000E+00  0.0000E+00  1.0000E+00  1.8718E+00  4.0350E+00  3.7145E+01  2.1078E-01  6.0121E-01  4.2780E-01  3.3400E-01  4.7160E-01 -1.3760E-01  4.2259E-01
  6.0000E+01  1.6800E+02  1.0000E+02  0.0000E+00  1.0000E+00  1.0000E+00  2.0000E+00  1.8718E+00  4.0350E+00  3.7145E+01  3.3918E-08 -1.6549E-07  0.0000E+00  0.0000E+00  5.5655E-05  0.0000E+00  0.0000E+00
  6.0000E+01  1.6850E+02  0.0000E+00  2.1810E+00  0.0000E+00  0.0000E+00  2.0000E+00  1.8718E+00  4.0350E+00  3.7145E+01  1.5859E+00  2.9036E+00  3.5342E+00  2.1810E+00  8.4149E-01  1.3395E+00  3.7561E+00
  6.0000E+01  1.6900E+02  0.0000E+00  1.8320E+00  0.0000E+00  0.0000E+00  2.0000E+00  1.8718E+00  4.0350E+00  3.7145E+01  2.1241E+00 -1.4252E+00 -8.1977E-01  1.8320E+00  1.2984E+00  5.3360E-01 -7.4976E-01
  6.0000E+01  1.7000E+02  0.0000E+00  2.2550E+00  0.0000E+00  0.0000E+00  2.0000E+00  1.8718E+00  4.0350E+00  3.7145E+01  2.2323E+00  1.1094E-01  4.4845E-01  2.2550E+00  1.6470E+00  6.0799E-01  4.3553E-01
  6.0000E+01  1.7200E+02  0.0000E+00  1.5360E+00  0.0000E+00  0.0000E+00  2.0000E+00  1.8718E+00  4.0350E+00  3.7145E+01  1.8492E+00 -1.5281E+00 -1.4718E+00  1.5360E+00  1.6313E+00 -9.5274E-02 -1.2859E+00
  6.0000E+01  1.7600E+02  0.0000E+00  1.0910E+00  0.0000E+00  0.0000E+00  2.0000E+00  1.8718E+00  4.0350E+00  3.7145E+01  1.1985E+00 -5.2471E-01 -6.9477E-01  1.0910E+00  1.2881E+00 -1.9706E-01 -6.6735E-01
  6.0000E+01  1.8000E+02  0.0000E+00  3.9700E-01  0.0000E+00  0.0000E+00  2.0000E+00  1.8718E+00  4.0350E+00  3.7145E+01  7.7615E-01 -1.8499E+00 -2.0922E+00  3.9700E-01  1.0021E+00 -6.0513E-01 -2.1949E+00
  6.0000E+01  1.9200E+02  0.0000E+00  1.0700E-01  0.0000E+00  0.0000E+00  2.0000E+00  1.8718E+00  4.0350E+00  3.7145E+01  2.1078E-01 -5.0636E-01 -6.7977E-01  1.0700E-01  4.7161E-01 -3.6461E-01 -6.8473E-01
  6.0000E+01  3.3600E+02  1.0000E+02  0.0000E+00  1.0000E+00  1.0000E+00  3.0000E+00  1.8718E+00  4.0350E+00  3.7145E+01  3.3918E-08 -1.6549E-07  0.0000E+00  0.0000E+00  5.5656E-05  0.0000E+00  0.0000E+00
  6.0000E+01  3.3650E+02  0.0000E+00  1.7850E+00  0.0000E+00  0.0000E+00  3.0000E+00  1.8718E+00  4.0350E+00  3.7145E+01  1.5859E+00  9.7147E-01  1.6021E+00  1.7850E+00  8.4149E-01  9.4351E-01  1.8239E+00
  6.0000E+01  3.3700E+02  0.0000E+00  1.8310E+00  0.0000E+00  0.0000E+00  3.0000E+00  1.8718E+00  4.0350E+00  3.7145E+01  2.1241E+00 -1.4301E+00 -8.2465E-01  1.8310E+00  1.2984E+00  5.3260E-01 -7.5463E-01
  6.0000E+01  3.3800E+02  0.0000E+00  2.3590E+00  0.0000E+00  0.0000E+00  3.0000E+00  1.8718E+00  4.0350E+00  3.7145E+01  2.2323E+00  6.1837E-01  9.5588E-01  2.3590E+00  1.6470E+00  7.1199E-01  9.4297E-01
  6.0000E+01  3.4000E+02  0.0000E+00  1.6230E+00  0.0000E+00  0.0000E+00  3.0000E+00  1.8718E+00  4.0350E+00  3.7145E+01  1.8492E+00 -1.1036E+00 -1.0473E+00  1.6230E+00  1.6313E+00 -8.2745E-03 -8.6142E-01
  6.0000E+01  3.4400E+02  0.0000E+00  1.2530E+00  0.0000E+00  0.0000E+00  3.0000E+00  1.8718E+00  4.0350E+00  3.7145E+01  1.1985E+00  2.6571E-01  9.5647E-02  1.2530E+00  1.2881E+00 -3.5063E-02  1.2307E-01
  6.0000E+01  3.4800E+02  0.0000E+00  9.1500E-01  0.0000E+00  0.0000E+00  3.0000E+00  1.8718E+00  4.0350E+00  3.7145E+01  7.7615E-01  6.7745E-01  4.3522E-01  9.1500E-01  1.0021E+00 -8.7125E-02  3.3255E-01
  6.0000E+01  3.6000E+02  0.0000E+00  2.6000E-01  0.0000E+00  0.0000E+00  3.0000E+00  1.8718E+00  4.0350E+00  3.7145E+01  2.1078E-01  2.4015E-01  6.6742E-02  2.6000E-01  4.7161E-01 -2.1161E-01  6.1775E-02
