TABLE NO.  1
 ID          TIME        AMT         DV          MDV         EVID        OCC         KA          CL          V           IPRE        IWRE        CWRES       DV          PRED        RES         WRES
  1.0000E+00  0.0000E+00  1.0000E+02  0.0000E+00  1.0000E+00  1.0000E+00  1.0000E+00  1.0339E+00  3.2164E+00  5.8947E+01  0.0000E+00  0.0000E+00  0.0000E+00  0.0000E+00  0.0000E+00  0.0000E+00  0.0000E+00
  1.0000E+00  5.0000E-01  0.0000E+00  8.5300E-01  0.0000E+00  0.0000E+00  1.0000E+00  1.0339E+00  3.2164E+00  5.8947E+01  6.7476E-01  1.1924E+00  1.1364E+00  8.5300E-01  8.4209E-01  1.0906E-02  1.0122E+00
  1.0000E+00  1.0000E+00  0.0000E+00  1.4460E+00  0.0000E+00  0.0000E+00  1.0000E+00  1.0339E+00  3.2164E+00  5.8947E+01  1.0590E+00  2.0953E+00  1.9671E+00  1.4460E+00  1.2983E+00  1.4765E-01  1.6761E+00
  1.0000E+00  2.0000E+00  0.0000E+00  1.3090E+00  0.0000E+00  0.0000E+00  1.0000E+00  1.0339E+00  3.2164E+00  5.8947E+01  1.3793E+00 -3.2118E-01 -5.2707E-01  1.3090E+00  1.6451E+00 -3.3610E-01 -4.7809E-01
  1.0000E+00  4.0000E+00  0.0000E+00  1.4360E+00  0.0000E+00  0.0000E+00  1.0000E+00  1.0339E+00  3.2164E+00  5.8947E+01  1.4111E+00  1.1176E-01 -1.1304E-01  1.4360E+00  1.6275E+00 -1.9155E-01 -1.0540E-01
  1.0000E+00  8.0000E+00  0.0000E+00  1.1270E+00  0.0000E+00  0.0000E+00  1.0000E+00  1.0339E+00  3.2164E+00  5.8947E+01  1.1570E+00 -1.5400E-01 -3.0943E-01  1.1270E+00  1.2840E+00 -1.5704E-01 -2.8076E-01
  1.0000E+00  1.2000E+01  0.0000E+00  8.4900E-01  0.0000E+00  0.0000E+00  1.0000E+00  1.0339E+00  3.2164E+00  5.8947E+01  9.3050E-01 -4.7369E-01 -5.6458E-01  8.4900E-01  9.9838E-01 -1.4938E-01 -5.2928E-01
  1.0000E+00  2.4000E+01  0.0000E+00  3.4200E-01  0.0000E+00  0.0000E+00  1.0000E+00  1.0339E+00  3.2164E+00  5.8947E+01  4.8346E-01 -1.0420E+00 -1.0292E+00  3.4200E-01  4.6898E-01 -1.2698E-01 -1.0167E+00
  1.0000E+00  1.6800E+02  1.0000E+02  0.0000E+00  1.0000E+00  1.0000E+00  2.0000E+00  1.0339E+00  3.2164E+00  5.8947E+01  1.8707E-04 -1.5646E-03  0.0000E+00  0.0000E+00  5.4135E-05  0.0000E+00  0.0000E+00
  1.0000E+00  1.6850E+02  0.0000E+00  6.2900E-01  0.0000E+00  0.0000E+00  2.0000E+00  1.0339E+00  3.2164E+00  5.8947E+01  6.7494E-01 -3.0729E-01 -3.6298E-01  6.2900E-01  8.4215E-01 -2.1315E-01 -3.3633E-01
  1.0000E+00  1.6900E+02  0.0000E+00  1.1040E+00  0.0000E+00  0.0000E+00  2.0000E+00  1.0339E+00  3.2164E+00  5.8947E+01  1.0591E+00  2.4279E-01  1.1491E-01  1.1040E+00  1.2984E+00 -1.9440E-01  7.7850E-02
  1.0000E+00  1.7000E+02  0.0000E+00  1.4480E+00  0.0000E+00  0.0000E+00  2.0000E+00  1.0339E+00  3.2164E+00  5.8947E+01  1.3795E+00  3.1295E-01  1.0735E-01  1.4480E+00  1.6452E+00 -1.9715E-01  7.2169E-02
  1.0000E+00  1.7200E+02  0.0000E+00  1.4270E+00  0.0000E+00  0.0000E+00  2.0000E+00  1.0339E+00  3.2164E+00  5.8947E+01  1.4113E+00  7.0628E-02 -1.5392E-01  1.4270E+00  1.6276E+00 -2.0059E-01 -1.4174E-01
  1.0000E+00  1.7600E+02  0.0000E+00  1.3030E+00  0.0000E+00  0.0000E+00  2.0000E+00  1.0339E+00  3.2164E+00  5.8947E+01  1.1571E+00  7.4867E-01  5.9346E-01  1.3030E+00  1.2841E+00  1.8924E-02  5.4907E-01
  1.0000E+00  1.8000E+02  0.0000E+00  9.1100E-01  0.0000E+00  0.0000E+00  2.0000E+00  1.0339E+00  3.2164E+00  5.8947E+01  9.3060E-01 -1.1389E-01 -2.0460E-01  9.1100E-01  9.9840E-01 -8.7403E-02 -1.9091E-01
  1.0000E+00  1.9200E+02  0.0000E+00  5.2600E-01  0.0000E+00  0.0000E+00  2.0000E+00  1.0339E+00  3.2164E+00  5.8947E+01  4.8351E-01  3.1303E-01  3.2598E-01  5.2600E-01  4.6899E-01  5.7006E-02  3.2602E-01
  1.0000E+00  3.3600E+02  1.0000E+02  0.0000E+00  1.0000E+00  1.0000E+00  3.0000E+00  1.0339E+00  3.2164E+00  5.8947E+01  1.8709E-04 -1.5647E-03  0.0000E+00  0.0000E+00  5.4137E-05  0.0000E+00  0.0000E+00
  1.0000E+00  3.3650E+02  0.0000E+00  4.7200E-01  0.0000E+00  0.0000E+00  3.0000E+00  1.0339E+00  3.2164E+00  5.8947E+01  6.7494E-01 -1.3575E+00 -1.4132E+00  4.7200E-01  8.4215E-01 -3.7015E-01 -1.2810E+00
  1.0000E+00  3.3700E+02  0.0000E+00  8.3300E-01  0.0000E+00  0.0000E+00  3.0000E+00  1.0339E+00  3.2164E+00  5.8947E+01  1.0591E+00 -1.2242E+00 -1.3521E+00  8.3300E-01  1.2984E+00 -4.6540E-01 -1.1882E+00
  1.0000E+00  3.3800E+02  0.0000E+00  1.0080E+00  0.0000E+00  0.0000E+00  3.0000E+00  1.0339E+00  3.2164E+00  5.8947E+01  1.3795E+00 -1.6967E+00 -1.9023E+00  1.0080E+00  1.6452E+00 -6.3715E-01 -1.6707E+00
  1.0000E+00  3.4000E+02  0.0000E+00  1.2340E+00  0.0000E+00  0.0000E+00  3.0000E+00  1.0339E+00  3.2164E+00  5.8947E+01  1.4113E+00 -7.9681E-01 -1.0214E+00  1.2340E+00  1.6276E+00 -3.9359E-01 -9.1435E-01
  1.0000E+00  3.4400E+02  0.0000E+00  1.2120E+00  0.0000E+00  0.0000E+00  3.0000E+00  1.0339E+00  3.2164E+00  5.8947E+01  1.1571E+00  2.8163E-01  1.2642E-01  1.2120E+00  1.2841E+00 -7.2076E-02  1.1986E-01
  1.0000E+00  3.4800E+02  0.0000E+00  1.1490E+00  0.0000E+00  0.0000E+00  3.0000E+00  1.0339E+00  3.2164E+00  5.8947E+01  9.3060E-01  1.2693E+00  1.1786E+00  1.1490E+00  9.9840E-01  1.5060E-01  1.1090E+00
  1.0000E+00  3.6000E+02  0.0000E+00  5.4000E-01  0.0000E+00  0.0000E+00  3.0000E+00  1.0339E+00  3.2164E+00  5.8947E+01  4.8351E-01  4.1616E-01  4.2911E-01  5.4000E-01  4.6899E-01  7.1006E-02  4.2820E-01
  2.0000E+00  0.0000E+00  1.0000E+02  0.0000E+00  1.0000E+00  1.0000E+00  1.0000E+00  8.1885E-01  5.5728E+00  4.9878E+01  0.0000E+00  0.0000E+00  0.0000E+00  0.0000E+00  0.0000E+00  0.0000E+00  0.0000E+00
  2.0000E+00  5.0000E-01  0.0000E+00  6.3400E-01  0.0000E+00  0.0000E+00  1.0000E+00  8.1885E-01  5.5728E+00  4.9878E+01  6.5387E-01 -1.3441E-01 -3.5890E-01  6.3400E-01  8.4209E-01 -2.0809E-01 -2.8079E-01
  2.0000E+00  1.0000E+00  0.0000E+00  1.0210E+00  0.0000E+00  0.0000E+00  1.0000E+00  8.1885E-01  5.5728E+00  4.9878E+01  1.0525E+00 -1.7132E-01 -4.3634E-01  1.0210E+00  1.2983E+00 -2.7735E-01 -3.5216E-01
  2.0000E+00  2.0000E+00  0.0000E+00  1.7080E+00  0.0000E+00  0.0000E+00  1.0000E+00  8.1885E-01  5.5728E+00  4.9878E+01  1.4054E+00  1.3642E+00  1.1535E+00  1.7080E+00  1.6451E+00  6.2896E-02  1.0394E+00
  2.0000E+00  4.0000E+00  0.0000E+00  1.5190E+00  0.0000E+00  0.0000E+00  1.0000E+00  8.1885E-01  5.5728E+00  4.9878E+01  1.3972E+00  5.5141E-01  4.1220E-01  1.5190E+00  1.6275E+00 -1.0855E-01  3.7848E-01
  2.0000E+00  8.0000E+00  0.0000E+00  1.0540E+00  0.0000E+00  0.0000E+00  1.0000E+00  8.1885E-01  5.5728E+00  4.9878E+01  9.4645E-01  6.1958E-01  3.6441E-01  1.0540E+00  1.2840E+00 -2.3004E-01  2.1760E-01
  2.0000E+00  1.2000E+01  0.0000E+00  6.0800E-01  0.0000E+00  0.0000E+00  1.0000E+00  8.1885E-01  5.5728E+00  4.9878E+01  6.0734E-01  4.5433E-03 -3.3889E-01  6.0800E-01  9.9838E-01 -3.9038E-01 -3.7775E-01
  2.0000E+00  2.4000E+01  0.0000E+00  1.1800E-01  0.0000E+00  0.0000E+00  1.0000E+00  8.1885E-01  5.5728E+00  4.9878E+01  1.5894E-01 -3.3721E-01 -5.8189E-01  1.1800E-01  4.6898E-01 -3.5098E-01 -3.2108E-01
  2.0000E+00  1.6800E+02  1.0000E+02  0.0000E+00  1.0000E+00  1.0000E+00  2.0000E+00  8.1885E-01  5.5728E+00  4.9878E+01  1.6363E-08 -1.3686E-07  0.0000E+00  0.0000E+00  5.4135E-05  0.0000E+00  0.0000E+00
  2.0000E+00  1.6850E+02  0.0000E+00  6.5100E-01  0.0000E+00  0.0000E+00  2.0000E+00  8.1885E-01  5.5728E+00  4.9878E+01  6.5387E-01 -1.9412E-02 -2.4390E-01  6.5100E-01  8.4215E-01 -1.9115E-01 -1.7742E-01
  2.0000E+00  1.6900E+02  0.0000E+00  1.2500E+00  0.0000E+00  0.0000E+00  2.0000E+00  8.1885E-01  5.5728E+00  4.9878E+01  1.0525E+00  1.0728E+00  8.0780E-01  1.2500E+00  1.2984E+00 -4.8398E-02  7.1847E-01
  2.0000E+00  1.7000E+02  0.0000E+00  1.6730E+00  0.0000E+00  0.0000E+00  2.0000E+00  8.1885E-01  5.5728E+00  4.9878E+01  1.4054E+00  1.2064E+00  9.9569E-01  1.6730E+00  1.6452E+00  2.7848E-02  9.0136E-01
  2.0000E+00  1.7200E+02  0.0000E+00  1.2820E+00  0.0000E+00  0.0000E+00  2.0000E+00  8.1885E-01  5.5728E+00  4.9878E+01  1.3972E+00 -5.2140E-01 -6.6061E-01  1.2820E+00  1.6276E+00 -3.4559E-01 -5.6973E-01
  2.0000E+00  1.7600E+02  0.0000E+00  9.9300E-01  0.0000E+00  0.0000E+00  2.0000E+00  8.1885E-01  5.5728E+00  4.9878E+01  9.4645E-01  2.6816E-01  1.2993E-02  9.9300E-01  1.2841E+00 -2.9108E-01 -6.9589E-02
  2.0000E+00  1.8000E+02  0.0000E+00  6.4700E-01  0.0000E+00  0.0000E+00  2.0000E+00  8.1885E-01  5.5728E+00  4.9878E+01  6.0734E-01  2.7485E-01 -6.8585E-02  6.4700E-01  9.9840E-01 -3.5140E-01 -1.6422E-01
  2.0000E+00  1.9200E+02  0.0000E+00  1.0000E-01  0.0000E+00  0.0000E+00  2.0000E+00  8.1885E-01  5.5728E+00  4.9878E+01  1.5894E-01 -4.8546E-01 -7.3013E-01  1.0000E-01  4.6899E-01 -3.6899E-01 -4.5209E-01
  2.0000E+00  3.3600E+02  1.0000E+02  0.0000E+00  1.0000E+00  1.0000E+00  3.0000E+00  8.1885E-01  5.5728E+00  4.9878E+01  1.6363E-08 -1.3686E-07  0.0000E+00  0.0000E+00  5.4137E-05  0.0000E+00  0.0000E+00
  2.0000E+00  3.3650E+02  0.0000E+00  5.2400E-01  0.0000E+00  0.0000E+00  3.0000E+00  8.1885E-01  5.5728E+00  4.9878E+01  6.5387E-01 -8.7850E-01 -1.1030E+00  5.2400E-01  8.4215E-01 -3.1815E-01 -9.4161E-01
  2.0000E+00  3.3700E+02  0.0000E+00  8.7500E-01  0.0000E+00  0.0000E+00  3.0000E+00  8.1885E-01  5.5728E+00  4.9878E+01  1.0525E+00 -9.6453E-01 -1.2295E+00  8.7500E-01  1.2984E+00 -4.2340E-01 -1.0335E+00
  2.0000E+00  3.3800E+02  0.0000E+00  1.0860E+00  0.0000E+00  0.0000E+00  3.0000E+00  8.1885E-01  5.5728E+00  4.9878E+01  1.4054E+00 -1.4397E+00 -1.6505E+00  1.0860E+00  1.6452E+00 -5.5915E-01 -1.4238E+00
  2.0000E+00  3.4000E+02  0.0000E+00  1.3250E+00  0.0000E+00  0.0000E+00  3.0000E+00  8.1885E-01  5.5728E+00  4.9878E+01  1.3972E+00 -3.2675E-01 -4.6597E-01  1.3250E+00  1.6276E+00 -3.0259E-01 -3.9759E-01
  2.0000E+00  3.4400E+02  0.0000E+00  6.5800E-01  0.0000E+00  0.0000E+00  3.0000E+00  8.1885E-01  5.5728E+00  4.9878E+01  9.4645E-01 -1.6618E+00 -1.9169E+00  6.5800E-01  1.2841E+00 -6.2608E-01 -1.6497E+00
  2.0000E+00  3.4800E+02  0.0000E+00  7.5900E-01  0.0000E+00  0.0000E+00  3.0000E+00  8.1885E-01  5.5728E+00  4.9878E+01  6.0734E-01  1.0511E+00  7.0768E-01  7.5900E-01  9.9840E-01 -2.3940E-01  4.4750E-01
  2.0000E+00  3.6000E+02  0.0000E+00  9.9000E-02  0.0000E+00  0.0000E+00  3.0000E+00  8.1885E-01  5.5728E+00  4.9878E+01  1.5894E-01 -4.9369E-01 -7.3837E-01  9.9000E-02  4.6899E-01 -3.6999E-01 -4.5939E-01
  3.0000E+00  0.0000E+00  1.0000E+02  0.0000E+00  1.0000E+00  1.0000E+00  1.0000E+00  1.3777E+00  3.0467E+00  5.4117E+01  0.0000E+00  0.0000E+00  0.0000E+00  0.0000E+00  0.0000E+00  0.0000E+00  0.0000E+00
  3.0000E+00  5.0000E-01  0.0000E+00  9.9300E-01  0.0000E+00  0.0000E+00  1.0000E+00  1.3777E+00  3.0467E+00  5.4117E+01  9.0565E-01  5.1478E-01  6.1196E-01  9.9300E-01  8.4209E-01  1.5091E-01  6.4508E-01
  3.0000E+00  1.0000E+00  0.0000E+00  1.4210E+00  0.0000E+00  0.0000E+00  1.0000E+00  1.3777E+00  3.0467E+00  5.4117E+01  1.3353E+00  4.0044E-01  4.2300E-01  1.4210E+00  1.2983E+00  1.2265E-01  4.3278E-01
  3.0000E+00  2.0000E+00  0.0000E+00  1.8710E+00  0.0000E+00  0.0000E+00  1.0000E+00  1.3777E+00  3.0467E+00  5.4117E+01  1.5989E+00  1.1156E+00  9.9191E-01  1.8710E+00  1.6451E+00  2.2590E-01  9.5610E-01
  3.0000E+00  4.0000E+00  0.0000E+00  1.4800E+00  0.0000E+00  0.0000E+00  1.0000E+00  1.3777E+00  3.0467E+00  5.4117E+01  1.5303E+00 -2.1316E-01 -4.0218E-01  1.4800E+00  1.6275E+00 -1.4755E-01 -3.8510E-01
  3.0000E+00  8.0000E+00  0.0000E+00  1.1220E+00  0.0000E+00  0.0000E+00  1.0000E+00  1.3777E+00  3.0467E+00  5.4117E+01  1.2279E+00 -5.2343E-01 -6.3987E-01  1.1220E+00  1.2840E+00 -1.6204E-01 -6.0618E-01
  3.0000E+00  1.2000E+01  0.0000E+00  9.7000E-01  0.0000E+00  0.0000E+00  1.0000E+00  1.3777E+00  3.0467E+00  5.4117E+01  9.8035E-01 -5.8506E-02 -1.0839E-01  9.7000E-01  9.9838E-01 -2.8378E-02 -9.8493E-02
  3.0000E+00  2.4000E+01  0.0000E+00  5.5200E-01  0.0000E+00  0.0000E+00  1.0000E+00  1.3777E+00  3.0467E+00  5.4117E+01  4.9886E-01  3.8867E-01  4.3890E-01  5.5200E-01  4.6898E-01  8.3018E-02  4.4328E-01
  3.0000E+00  1.6800E+02  1.0000E+02  0.0000E+00  1.0000E+00  1.0000E+00  2.0000E+00  1.3777E+00  3.0467E+00  5.4117E+01  1.5036E-04 -1.2575E-03  0.0000E+00  0.0000E+00  5.4135E-05  0.0000E+00  0.0000E+00
  3.0000E+00  1.6850E+02  0.0000E+00  7.8400E-01  0.0000E+00  0.0000E+00  2.0000E+00  1.3777E+00  3.0467E+00  5.4117E+01  9.0579E-01 -7.1768E-01 -6.2020E-01  7.8400E-01  8.4215E-01 -5.8147E-02 -6.1307E-01
  3.0000E+00  1.6900E+02  0.0000E+00  1.0760E+00  0.0000E+00  0.0000E+00  2.0000E+00  1.3777E+00  3.0467E+00  5.4117E+01  1.3354E+00 -1.2120E+00 -1.1891E+00  1.0760E+00  1.2984E+00 -2.2240E-01 -1.1794E+00
  3.0000E+00  1.7000E+02  0.0000E+00  1.3080E+00  0.0000E+00  0.0000E+00  2.0000E+00  1.3777E+00  3.0467E+00  5.4117E+01  1.5990E+00 -1.1932E+00 -1.3166E+00  1.3080E+00  1.6452E+00 -3.3715E-01 -1.2743E+00
  3.0000E+00  1.7200E+02  0.0000E+00  1.6920E+00  0.0000E+00  0.0000E+00  2.0000E+00  1.3777E+00  3.0467E+00  5.4117E+01  1.5304E+00  6.8462E-01  4.9584E-01  1.6920E+00  1.6276E+00  6.4412E-02  4.6331E-01
  3.0000E+00  1.7600E+02  0.0000E+00  1.2150E+00  0.0000E+00  0.0000E+00  2.0000E+00  1.3777E+00  3.0467E+00  5.4117E+01  1.2280E+00 -6.4326E-02 -1.8056E-01  1.2150E+00  1.2841E+00 -6.9076E-02 -1.6777E-01
  3.0000E+00  1.8000E+02  0.0000E+00  8.7400E-01  0.0000E+00  0.0000E+00  2.0000E+00  1.3777E+00  3.0467E+00  5.4117E+01  9.8042E-01 -6.0166E-01 -6.5138E-01  8.7400E-01  9.9840E-01 -1.2440E-01 -6.2306E-01
  3.0000E+00  1.9200E+02  0.0000E+00  5.3000E-01  0.0000E+00  0.0000E+00  2.0000E+00  1.3777E+00  3.0467E+00  5.4117E+01  4.9890E-01  2.2748E-01  2.7781E-01  5.3000E-01  4.6899E-01  6.1006E-02  2.8255E-01
  3.0000E+00  3.3600E+02  1.0000E+02  0.0000E+00  1.0000E+00  1.0000E+00  3.0000E+00  1.3777E+00  3.0467E+00  5.4117E+01  1.5037E-04 -1.2576E-03  0.0000E+00  0.0000E+00  5.4137E-05  0.0000E+00  0.0000E+00
  3.0000E+00  3.3650E+02  0.0000E+00  1.0400E+00  0.0000E+00  0.0000E+00  3.0000E+00  1.3777E+00  3.0467E+00  5.4117E+01  9.0579E-01  7.9082E-01  8.8831E-01  1.0400E+00  8.4215E-01  1.9785E-01  9.2735E-01
  3.0000E+00  3.3700E+02  0.0000E+00  1.5190E+00  0.0000E+00  0.0000E+00  3.0000E+00  1.3777E+00  3.0467E+00  5.4117E+01  1.3354E+00  8.5756E-01  8.8040E-01  1.5190E+00  1.2984E+00  2.2060E-01  8.9024E-01
  3.0000E+00  3.3800E+02  0.0000E+00  1.5100E+00  0.0000E+00  0.0000E+00  3.0000E+00  1.3777E+00  3.0467E+00  5.4117E+01  1.5990E+00 -3.6504E-01 -4.8847E-01  1.5100E+00  1.6452E+00 -1.3515E-01 -4.7418E-01
  3.0000E+00  3.4000E+02  0.0000E+00  1.5970E+00  0.0000E+00  0.0000E+00  3.0000E+00  1.3777E+00  3.0467E+00  5.4117E+01  1.5304E+00  2.8209E-01  9.3310E-02  1.5970E+00  1.6276E+00 -3.0588E-02  8.3010E-02
  3.0000E+00  3.4400E+02  0.0000E+00  1.3570E+00  0.0000E+00  0.0000E+00  3.0000E+00  1.3777E+00  3.0467E+00  5.4117E+01  1.2280E+00  6.3736E-01  5.2112E-01  1.3570E+00  1.2841E+00  7.2924E-02  5.0199E-01
  3.0000E+00  3.4800E+02  0.0000E+00  9.3000E-01  0.0000E+00  0.0000E+00  3.0000E+00  1.3777E+00  3.0467E+00  5.4117E+01  9.8042E-01 -2.8507E-01 -3.3478E-01  9.3000E-01  9.9840E-01 -6.8403E-02 -3.1720E-01
  3.0000E+00  3.6000E+02  0.0000E+00  5.6400E-01  0.0000E+00  0.0000E+00  3.0000E+00  1.3777E+00  3.0467E+00  5.4117E+01  4.9890E-01  4.7614E-01  5.2646E-01  5.6400E-01  4.6899E-01  9.5006E-02  5.3070E-01
  4.0000E+00  0.0000E+00  1.0000E+02  0.0000E+00  1.0000E+00  1.0000E+00  1.0000E+00  1.4574E+00  5.3922E+00  4.8813E+01  0.0000E+00  0.0000E+00  0.0000E+00  0.0000E+00  0.0000E+00  0.0000E+00  0.0000E+00
  4.0000E+00  5.0000E-01  0.0000E+00  8.8000E-01  0.0000E+00  0.0000E+00  1.0000E+00  1.4574E+00  5.3922E+00  4.8813E+01  1.0279E+00 -8.1447E-01 -6.4021E-01  8.8000E-01  8.4209E-01  3.7906E-02 -7.0492E-01
  4.0000E+00  1.0000E+00  0.0000E+00  1.3320E+00  0.0000E+00  0.0000E+00  1.0000E+00  1.4574E+00  5.3922E+00  4.8813E+01  1.4687E+00 -5.9690E-01 -4.9149E-01  1.3320E+00  1.2983E+00  3.3653E-02 -4.9842E-01
  4.0000E+00  2.0000E+00  0.0000E+00  1.5190E+00  0.0000E+00  0.0000E+00  1.0000E+00  1.4574E+00  5.3922E+00  4.8813E+01  1.6571E+00 -5.5075E-01 -6.3500E-01  1.5190E+00  1.6451E+00 -1.2610E-01 -5.5352E-01
  4.0000E+00  4.0000E+00  0.0000E+00  1.4540E+00  0.0000E+00  0.0000E+00  1.0000E+00  1.4574E+00  5.3922E+00  4.8813E+01  1.4184E+00  1.5931E-01 -9.8720E-02  1.4540E+00  1.6275E+00 -1.7355E-01 -4.8872E-02
  4.0000E+00  8.0000E+00  0.0000E+00  9.3900E-01  0.0000E+00  0.0000E+00  1.0000E+00  1.4574E+00  5.3922E+00  4.8813E+01  9.1599E-01  1.3483E-01 -1.8320E-01  9.3900E-01  1.2840E+00 -3.4504E-01 -3.3180E-01
  4.0000E+00  1.2000E+01  0.0000E+00  5.5700E-01  0.0000E+00  0.0000E+00  1.0000E+00  1.4574E+00  5.3922E+00  4.8813E+01  5.8885E-01 -2.2282E-01 -5.1474E-01  5.5700E-01  9.9838E-01 -4.4138E-01 -6.9920E-01
  4.0000E+00  2.4000E+01  0.0000E+00  2.6800E-01  0.0000E+00  0.0000E+00  1.0000E+00  1.4574E+00  5.3922E+00  4.8813E+01  1.5643E-01  9.1935E-01  7.7729E-01  2.6800E-01  4.6898E-01 -2.0098E-01  6.2386E-01
  4.0000E+00  1.6800E+02  1.0000E+02  0.0000E+00  1.0000E+00  1.0000E+00  2.0000E+00  1.4574E+00  5.3922E+00  4.8813E+01  1.9319E-08 -1.6157E-07  0.0000E+00  0.0000E+00  5.4135E-05  0.0000E+00  0.0000E+00
  4.0000E+00  1.6850E+02  0.0000E+00  1.2090E+00  0.0000E+00  0.0000E+00  2.0000E+00  1.4574E+00  5.3922E+00  4.8813E+01  1.0279E+00  9.9735E-01  1.1716E+00  1.2090E+00  8.4215E-01  3.6685E-01  1.2757E+00
  4.0000E+00  1.6900E+02  0.0000E+00  1.8400E+00  0.0000E+00  0.0000E+00  2.0000E+00  1.4574E+00  5.3922E+00  4.8813E+01  1.4687E+00  1.6218E+00  1.7272E+00  1.8400E+00  1.2984E+00  5.4160E-01  1.8756E+00
  4.0000E+00  1.7000E+02  0.0000E+00  1.8310E+00  0.0000E+00  0.0000E+00  2.0000E+00  1.4574E+00  5.3922E+00  4.8813E+01  1.6571E+00  6.9393E-01  6.0967E-01  1.8310E+00  1.6452E+00  1.8585E-01  6.8292E-01
  4.0000E+00  1.7200E+02  0.0000E+00  1.6860E+00  0.0000E+00  0.0000E+00  2.0000E+00  1.4574E+00  5.3922E+00  4.8813E+01  1.4184E+00  1.1983E+00  9.4026E-01  1.6860E+00  1.6276E+00  5.8412E-02  8.8036E-01
  4.0000E+00  1.7600E+02  0.0000E+00  7.5000E-01  0.0000E+00  0.0000E+00  2.0000E+00  1.4574E+00  5.3922E+00  4.8813E+01  9.1599E-01 -9.7258E-01 -1.2906E+00  7.5000E-01  1.2841E+00 -5.3408E-01 -1.2228E+00
  4.0000E+00  1.8000E+02  0.0000E+00  6.2500E-01  0.0000E+00  0.0000E+00  2.0000E+00  1.4574E+00  5.3922E+00  4.8813E+01  5.8885E-01  2.5297E-01 -3.8947E-02  6.2500E-01  9.9840E-01 -3.7340E-01 -3.2732E-01
  4.0000E+00  1.9200E+02  0.0000E+00  3.4600E-01  0.0000E+00  0.0000E+00  2.0000E+00  1.4574E+00  5.3922E+00  4.8813E+01  1.5643E-01  1.5621E+00  1.4200E+00  3.4600E-01  4.6899E-01 -1.2299E-01  1.1934E+00
  4.0000E+00  3.3600E+02  1.0000E+02  0.0000E+00  1.0000E+00  1.0000E+00  3.0000E+00  1.4574E+00  5.3922E+00  4.8813E+01  1.9319E-08 -1.6157E-07  0.0000E+00  0.0000E+00  5.4137E-05  0.0000E+00  0.0000E+00
  4.0000E+00  3.3650E+02  0.0000E+00  9.1700E-01  0.0000E+00  0.0000E+00  3.0000E+00  1.4574E+00  5.3922E+00  4.8813E+01  1.0279E+00 -6.1071E-01 -4.3645E-01  9.1700E-01  8.4215E-01  7.4853E-02 -4.8130E-01
  4.0000E+00  3.3700E+02  0.0000E+00  1.5570E+00  0.0000E+00  0.0000E+00  3.0000E+00  1.4574E+00  5.3922E+00  4.8813E+01  1.4687E+00  3.8578E-01  4.9119E-01  1.5570E+00  1.2984E+00  2.5860E-01  5.5347E-01
  4.0000E+00  3.3800E+02  0.0000E+00  1.4360E+00  0.0000E+00  0.0000E+00  3.0000E+00  1.4574E+00  5.3922E+00  4.8813E+01  1.6571E+00 -8.8186E-01 -9.6612E-01  1.4360E+00  1.6452E+00 -2.0915E-01 -8.8172E-01
  4.0000E+00  3.4000E+02  0.0000E+00  1.4760E+00  0.0000E+00  0.0000E+00  3.0000E+00  1.4574E+00  5.3922E+00  4.8813E+01  1.4184E+00  2.5784E-01 -1.9633E-04  1.4760E+00  1.6276E+00 -1.5159E-01  3.9698E-02
  4.0000E+00  3.4400E+02  0.0000E+00  7.0400E-01  0.0000E+00  0.0000E+00  3.0000E+00  1.4574E+00  5.3922E+00  4.8813E+01  9.1599E-01 -1.2421E+00 -1.5601E+00  7.0400E-01  1.2841E+00 -5.8008E-01 -1.4397E+00
  4.0000E+00  3.4800E+02  0.0000E+00  5.6100E-01  0.0000E+00  0.0000E+00  3.0000E+00  1.4574E+00  5.3922E+00  4.8813E+01  5.8885E-01 -1.9484E-01 -4.8676E-01  5.6100E-01  9.9840E-01 -4.3740E-01 -6.7688E-01
  4.0000E+00  3.6000E+02  0.0000E+00  9.2000E-02  0.0000E+00  0.0000E+00  3.0000E+00  1.4574E+00  5.3922E+00  4.8813E+01  1.5643E-01 -5.3085E-01 -6.7292E-01  9.2000E-02  4.6899E-01 -3.7699E-01 -6.6036E-01
  5.0000E+00  0.0000E+00  1.0000E+02  0.0000E+00  1.0000E+00  1.0000E+00  1.0000E+00  1.1525E+00  2.1682E+00  4.3749E+01  0.0000E+00  0.0000E+00  0.0000E+00  0.0000E+00  0.0000E+00  0.0000E+00  0.0000E+00
  5.0000E+00  5.0000E-01  0.0000E+00  9.7700E-01  0.0000E+00  0.0000E+00  1.0000E+00  1.1525E+00  2.1682E+00  4.3749E+01  9.8766E-01 -6.0036E-02 -4.8673E-02  9.7700E-01  8.4209E-01  1.3491E-01 -6.2312E-02
  5.0000E+00  1.0000E+00  0.0000E+00  1.4330E+00  0.0000E+00  0.0000E+00  1.0000E+00  1.1525E+00  2.1682E+00  4.3749E+01  1.5186E+00 -3.6467E-01 -3.1579E-01  1.4330E+00  1.2983E+00  1.3465E-01 -3.5056E-01
  5.0000E+00  2.0000E+00  0.0000E+00  2.1960E+00  0.0000E+00  0.0000E+00  1.0000E+00  1.1525E+00  2.1682E+00  4.3749E+01  1.9248E+00  9.6010E-01  1.0610E+00  2.1960E+00  1.6451E+00  5.5090E-01  1.1886E+00
  5.0000E+00  4.0000E+00  0.0000E+00  2.0110E+00  0.0000E+00  0.0000E+00  1.0000E+00  1.1525E+00  2.1682E+00  4.3749E+01  1.9352E+00  2.6715E-01  4.0454E-01  2.0110E+00  1.6275E+00  3.8345E-01  4.5564E-01
  5.0000E+00  8.0000E+00  0.0000E+00  1.5720E+00  0.0000E+00  0.0000E+00  1.0000E+00  1.1525E+00  2.1682E+00  4.3749E+01  1.6065E+00 -1.4082E-01  8.9555E-03  1.5720E+00  1.2840E+00  2.8796E-01 -2.0174E-02
  5.0000E+00  1.2000E+01  0.0000E+00  1.2160E+00  0.0000E+00  0.0000E+00  1.0000E+00  1.1525E+00  2.1682E+00  4.3749E+01  1.3178E+00 -4.7982E-01 -3.3003E-01  1.2160E+00  9.9838E-01  2.1762E-01 -4.2149E-01
  5.0000E+00  2.4000E+01  0.0000E+00  6.8700E-01  0.0000E+00  0.0000E+00  1.0000E+00  1.1525E+00  2.1682E+00  4.3749E+01  7.2705E-01 -2.6047E-01 -1.3284E-01  6.8700E-01  4.6898E-01  2.1802E-01 -1.1888E-01
  5.0000E+00  1.6800E+02  1.0000E+02  0.0000E+00  1.0000E+00  1.0000E+00  2.0000E+00  1.1525E+00  2.1682E+00  4.3749E+01  5.7837E-04 -4.8372E-03  0.0000E+00  0.0000E+00  5.4135E-05  0.0000E+00  0.0000E+00
  5.0000E+00  1.6850E+02  0.0000E+00  1.1380E+00  0.0000E+00  0.0000E+00  2.0000E+00  1.1525E+00  2.1682E+00  4.3749E+01  9.8823E-01  8.4308E-01  8.5507E-01  1.1380E+00  8.4215E-01  2.9585E-01  9.0527E-01
  5.0000E+00  1.6900E+02  0.0000E+00  1.3320E+00  0.0000E+00  0.0000E+00  2.0000E+00  1.1525E+00  2.1682E+00  4.3749E+01  1.5191E+00 -7.9723E-01 -7.4775E-01  1.3320E+00  1.2984E+00  3.3602E-02 -8.2329E-01
  5.0000E+00  1.7000E+02  0.0000E+00  2.1250E+00  0.0000E+00  0.0000E+00  2.0000E+00  1.1525E+00  2.1682E+00  4.3749E+01  1.9253E+00  7.0674E-01  8.0816E-01  2.1250E+00  1.6452E+00  4.7985E-01  9.0660E-01
  5.0000E+00  1.7200E+02  0.0000E+00  1.7000E+00  0.0000E+00  0.0000E+00  2.0000E+00  1.1525E+00  2.1682E+00  4.3749E+01  1.9357E+00 -8.3050E-01 -6.9261E-01  1.7000E+00  1.6276E+00  7.2412E-02 -7.8996E-01
  5.0000E+00  1.7600E+02  0.0000E+00  1.6440E+00  0.0000E+00  0.0000E+00  2.0000E+00  1.1525E+00  2.1682E+00  4.3749E+01  1.6069E+00  1.5171E-01  3.0192E-01  1.6440E+00  1.2841E+00  3.5992E-01  3.1884E-01
  5.0000E+00  1.8000E+02  0.0000E+00  1.1750E+00  0.0000E+00  0.0000E+00  2.0000E+00  1.1525E+00  2.1682E+00  4.3749E+01  1.3181E+00 -6.7451E-01 -5.2434E-01  1.1750E+00  9.9840E-01  1.7660E-01 -6.4596E-01
  5.0000E+00  1.9200E+02  0.0000E+00  8.2100E-01  0.0000E+00  0.0000E+00  2.0000E+00  1.1525E+00  2.1682E+00  4.3749E+01  7.2722E-01  6.0985E-01  7.3770E-01  8.2100E-01  4.6899E-01  3.5201E-01  8.5874E-01
  5.0000E+00  3.3600E+02  1.0000E+02  0.0000E+00  1.0000E+00  1.0000E+00  3.0000E+00  1.1525E+00  2.1682E+00  4.3749E+01  5.7851E-04 -4.8384E-03  0.0000E+00  0.0000E+00  5.4137E-05  0.0000E+00  0.0000E+00
  5.0000E+00  3.3650E+02  0.0000E+00  7.6800E-01  0.0000E+00  0.0000E+00  3.0000E+00  1.1525E+00  2.1682E+00  4.3749E+01  9.8823E-01 -1.2397E+00 -1.2277E+00  7.6800E-01  8.4215E-01 -7.4147E-02 -1.3211E+00
  5.0000E+00  3.3700E+02  0.0000E+00  1.7380E+00  0.0000E+00  0.0000E+00  3.0000E+00  1.1525E+00  2.1682E+00  4.3749E+01  1.5191E+00  9.3254E-01  9.8203E-01  1.7380E+00  1.2984E+00  4.3960E-01  1.0735E+00
  5.0000E+00  3.3800E+02  0.0000E+00  2.1220E+00  0.0000E+00  0.0000E+00  3.0000E+00  1.1525E+00  2.1682E+00  4.3749E+01  1.9253E+00  6.9612E-01  7.9754E-01  2.1220E+00  1.6452E+00  4.7685E-01  8.9472E-01
  5.0000E+00  3.4000E+02  0.0000E+00  2.0210E+00  0.0000E+00  0.0000E+00  3.0000E+00  1.1525E+00  2.1682E+00  4.3749E+01  1.9357E+00  3.0067E-01  4.3856E-01  2.0210E+00  1.6276E+00  3.9341E-01  4.9504E-01
  5.0000E+00  3.4400E+02  0.0000E+00  1.7570E+00  0.0000E+00  0.0000E+00  3.0000E+00  1.1525E+00  2.1682E+00  4.3749E+01  1.6069E+00  6.1327E-01  7.6348E-01  1.7570E+00  1.2841E+00  4.7292E-01  8.5181E-01
  5.0000E+00  3.4800E+02  0.0000E+00  1.3830E+00  0.0000E+00  0.0000E+00  3.0000E+00  1.1525E+00  2.1682E+00  4.3749E+01  1.3181E+00  3.0593E-01  4.5609E-01  1.3830E+00  9.9840E-01  3.8460E-01  4.9011E-01
  5.0000E+00  3.6000E+02  0.0000E+00  8.0900E-01  0.0000E+00  0.0000E+00  3.0000E+00  1.1525E+00  2.1682E+00  4.3749E+01  7.2722E-01  5.3181E-01  6.5966E-01  8.0900E-01  4.6899E-01  3.4001E-01  7.7116E-01
  6.0000E+00  0.0000E+00  1.0000E+02  0.0000E+00  1.0000E+00  1.0000E+00  1.0000E+00  1.5918E+00  3.8862E+00  3.7155E+01  0.0000E+00  0.0000E+00  0.0000E+00  0.0000E+00  0.0000E+00  0.0000E+00  0.0000E+00
  6.0000E+00  5.0000E-01  0.0000E+00  1.6140E+00  0.0000E+00  0.0000E+00  1.0000E+00  1.5918E+00  3.8862E+00  3.7155E+01  1.4342E+00  7.9868E-01  1.2334E+00  1.6140E+00  8.4209E-01  7.7191E-01  1.6631E+00
  6.0000E+00  1.0000E+00  0.0000E+00  2.3760E+00  0.0000E+00  0.0000E+00  1.0000E+00  1.5918E+00  3.8862E+00  3.7155E+01  2.0082E+00  1.2570E+00  1.7579E+00  2.3760E+00  1.2983E+00  1.0777E+00  2.2614E+00
  6.0000E+00  2.0000E+00  0.0000E+00  1.8850E+00  0.0000E+00  0.0000E+00  1.0000E+00  1.5918E+00  3.8862E+00  3.7155E+01  2.2176E+00 -1.0454E+00 -6.5464E-01  1.8850E+00  1.6451E+00  2.3990E-01 -9.3131E-01
  6.0000E+00  4.0000E+00  0.0000E+00  1.9780E+00  0.0000E+00  0.0000E+00  1.0000E+00  1.5918E+00  3.8862E+00  3.7155E+01  1.8909E+00  3.1288E-01  4.5898E-01  1.9780E+00  1.6275E+00  3.5045E-01  5.7108E-01
  6.0000E+00  8.0000E+00  0.0000E+00  9.8300E-01  0.0000E+00  0.0000E+00  1.0000E+00  1.5918E+00  3.8862E+00  3.7155E+01  1.2477E+00 -1.2943E+00 -1.4394E+00  9.8300E-01  1.2840E+00 -3.0104E-01 -1.3553E+00
  6.0000E+00  1.2000E+01  0.0000E+00  5.9400E-01  0.0000E+00  0.0000E+00  1.0000E+00  1.5918E+00  3.8862E+00  3.7155E+01  8.2111E-01 -1.4027E+00 -1.6723E+00  5.9400E-01  9.9838E-01 -4.0438E-01 -1.5118E+00
  6.0000E+00  2.4000E+01  0.0000E+00  8.3000E-02  0.0000E+00  0.0000E+00  1.0000E+00  1.5918E+00  3.8862E+00  3.7155E+01  2.3404E-01 -1.2225E+00 -1.4525E+00  8.3000E-02  4.6898E-01 -3.8598E-01 -1.1150E+00
  6.0000E+00  1.6800E+02  1.0000E+02  0.0000E+00  1.0000E+00  1.0000E+00  2.0000E+00  1.5918E+00  3.8862E+00  3.7155E+01  6.7303E-08 -5.6289E-07  0.0000E+00  0.0000E+00  5.4135E-05  0.0000E+00  0.0000E+00
  6.0000E+00  1.6850E+02  0.0000E+00  1.1890E+00  0.0000E+00  0.0000E+00  2.0000E+00  1.5918E+00  3.8862E+00  3.7155E+01  1.4342E+00 -1.0896E+00 -6.5485E-01  1.1890E+00  8.4215E-01  3.4685E-01 -8.9307E-01
  6.0000E+00  1.6900E+02  0.0000E+00  1.6090E+00  0.0000E+00  0.0000E+00  2.0000E+00  1.5918E+00  3.8862E+00  3.7155E+01  2.0082E+00 -1.3647E+00 -8.6387E-01  1.6090E+00  1.2984E+00  3.1060E-01 -1.3212E+00
  6.0000E+00  1.7000E+02  0.0000E+00  1.9940E+00  0.0000E+00  0.0000E+00  2.0000E+00  1.5918E+00  3.8862E+00  3.7155E+01  2.2176E+00 -7.0280E-01 -3.1205E-01  1.9940E+00  1.6452E+00  3.4885E-01 -4.9888E-01
  6.0000E+00  1.7200E+02  0.0000E+00  1.9270E+00  0.0000E+00  0.0000E+00  2.0000E+00  1.5918E+00  3.8862E+00  3.7155E+01  1.8909E+00  1.2968E-01  2.7578E-01  1.9270E+00  1.6276E+00  2.9941E-01  3.6749E-01
  6.0000E+00  1.7600E+02  0.0000E+00  1.1360E+00  0.0000E+00  0.0000E+00  2.0000E+00  1.5918E+00  3.8862E+00  3.7155E+01  1.2477E+00 -5.4608E-01 -6.9122E-01  1.1360E+00  1.2841E+00 -1.4808E-01 -6.3300E-01
  6.0000E+00  1.8000E+02  0.0000E+00  1.0180E+00  0.0000E+00  0.0000E+00  2.0000E+00  1.5918E+00  3.8862E+00  3.7155E+01  8.2111E-01  1.2161E+00  9.4649E-01  1.0180E+00  9.9840E-01  1.9597E-02  8.0458E-01
  6.0000E+00  1.9200E+02  0.0000E+00  1.2300E-01  0.0000E+00  0.0000E+00  2.0000E+00  1.5918E+00  3.8862E+00  3.7155E+01  2.3404E-01 -8.9877E-01 -1.1288E+00  1.2300E-01  4.6899E-01 -3.4599E-01 -8.2261E-01
  6.0000E+00  3.3600E+02  1.0000E+02  0.0000E+00  1.0000E+00  1.0000E+00  3.0000E+00  1.5918E+00  3.8862E+00  3.7155E+01  6.7303E-08 -5.6289E-07  0.0000E+00  0.0000E+00  5.4137E-05  0.0000E+00  0.0000E+00
  6.0000E+00  3.3650E+02  0.0000E+00  1.5290E+00  0.0000E+00  0.0000E+00  3.0000E+00  1.5918E+00  3.8862E+00  3.7155E+01  1.4342E+00  4.2103E-01  8.5576E-01  1.5290E+00  8.4215E-01  6.8685E-01  1.1528E+00
  6.0000E+00  3.3700E+02  0.0000E+00  2.3110E+00  0.0000E+00  0.0000E+00  3.0000E+00  1.5918E+00  3.8862E+00  3.7155E+01  2.0082E+00  1.0348E+00  1.5357E+00  2.3110E+00  1.2984E+00  1.0126E+00  1.9585E+00
  6.0000E+00  3.3800E+02  0.0000E+00  2.4870E+00  0.0000E+00  0.0000E+00  3.0000E+00  1.5918E+00  3.8862E+00  3.7155E+01  2.2176E+00  8.4672E-01  1.2375E+00  2.4870E+00  1.6452E+00  8.4185E-01  1.4540E+00
  6.0000E+00  3.4000E+02  0.0000E+00  2.0440E+00  0.0000E+00  0.0000E+00  3.0000E+00  1.5918E+00  3.8862E+00  3.7155E+01  1.8909E+00  5.4996E-01  6.9606E-01  2.0440E+00  1.6276E+00  4.1641E-01  8.3586E-01
  6.0000E+00  3.4400E+02  0.0000E+00  1.6170E+00  0.0000E+00  0.0000E+00  3.0000E+00  1.5918E+00  3.8862E+00  3.7155E+01  1.2477E+00  1.8062E+00  1.6611E+00  1.6170E+00  1.2841E+00  3.3292E-01  1.6357E+00
  6.0000E+00  3.4800E+02  0.0000E+00  9.6000E-01  0.0000E+00  0.0000E+00  3.0000E+00  1.5918E+00  3.8862E+00  3.7155E+01  8.2111E-01  8.5786E-01  5.8826E-01  9.6000E-01  9.9840E-01 -3.8403E-02  4.8779E-01
  6.0000E+00  3.6000E+02  0.0000E+00  3.0100E-01  0.0000E+00  0.0000E+00  3.0000E+00  1.5918E+00  3.8862E+00  3.7155E+01  2.3404E-01  5.4195E-01  3.1194E-01  3.0100E-01  4.6899E-01 -1.6799E-01  4.7651E-01
  7.0000E+00  0.0000E+00  1.0000E+02  0.0000E+00  1.0000E+00  1.0000E+00  1.0000E+00  1.0405E+00  3.3155E+00  5.4267E+01  0.0000E+00  0.0000E+00  0.0000E+00  0.0000E+00  0.0000E+00  0.0000E+00  0.0000E+00
  7.0000E+00  5.0000E-01  0.0000E+00  5.1400E-01  0.0000E+00  0.0000E+00  1.0000E+00  1.0405E+00  3.3155E+00  5.4267E+01  7.3518E-01 -1.4322E+00 -1.4823E+00  5.1400E-01  8.4209E-01 -3.2809E-01 -1.3675E+00
  7.0000E+00  1.0000E+00  0.0000E+00  8.0100E-01  0.0000E+00  0.0000E+00  1.0000E+00  1.0405E+00  3.3155E+00  5.4267E+01  1.1500E+00 -1.7982E+00 -1.9016E+00  8.0100E-01  1.2983E+00 -4.9735E-01 -1.7266E+00
  7.0000E+00  2.0000E+00  0.0000E+00  1.1890E+00  0.0000E+00  0.0000E+00  1.0000E+00  1.0405E+00  3.3155E+00  5.4267E+01  1.4882E+00 -1.2941E+00 -1.4448E+00  1.1890E+00  1.6451E+00 -4.5610E-01 -1.3339E+00
  7.0000E+00  4.0000E+00  0.0000E+00  1.4120E+00  0.0000E+00  0.0000E+00  1.0000E+00  1.0405E+00  3.3155E+00  5.4267E+01  1.5027E+00 -3.8974E-01 -5.3960E-01  1.4120E+00  1.6275E+00 -2.1555E-01 -5.1012E-01
  7.0000E+00  8.0000E+00  0.0000E+00  1.1460E+00  0.0000E+00  0.0000E+00  1.0000E+00  1.0405E+00  3.3155E+00  5.4267E+01  1.2003E+00 -2.7253E-01 -3.5479E-01  1.1460E+00  1.2840E+00 -1.3804E-01 -3.3378E-01
  7.0000E+00  1.2000E+01  0.0000E+00  7.8400E-01  0.0000E+00  0.0000E+00  1.0000E+00  1.0405E+00  3.3155E+00  5.4267E+01  9.4046E-01 -9.0438E-01 -9.2558E-01  7.8400E-01  9.9838E-01 -2.1438E-01 -8.7338E-01
  7.0000E+00  2.4000E+01  0.0000E+00  3.7700E-01  0.0000E+00  0.0000E+00  1.0000E+00  1.0405E+00  3.3155E+00  5.4267E+01  4.5180E-01 -5.5900E-01 -4.8968E-01  3.7700E-01  4.6898E-01 -9.1982E-02 -4.7921E-01
  7.0000E+00  1.6800E+02  1.0000E+02  0.0000E+00  1.0000E+00  1.0000E+00  2.0000E+00  1.0405E+00  3.3155E+00  5.4267E+01  6.8257E-05 -5.7087E-04  0.0000E+00  0.0000E+00  5.4135E-05  0.0000E+00  0.0000E+00
  7.0000E+00  1.6850E+02  0.0000E+00  7.0800E-01  0.0000E+00  0.0000E+00  2.0000E+00  1.0405E+00  3.3155E+00  5.4267E+01  7.3525E-01 -1.7644E-01 -2.2640E-01  7.0800E-01  8.4215E-01 -1.3415E-01 -2.0039E-01
  7.0000E+00  1.6900E+02  0.0000E+00  1.3780E+00  0.0000E+00  0.0000E+00  2.0000E+00  1.0405E+00  3.3155E+00  5.4267E+01  1.1501E+00  1.1740E+00  1.0708E+00  1.3780E+00  1.2984E+00  7.9602E-02  9.6890E-01
  7.0000E+00  1.7000E+02  0.0000E+00  1.4980E+00  0.0000E+00  0.0000E+00  2.0000E+00  1.0405E+00  3.3155E+00  5.4267E+01  1.4882E+00  4.2223E-02 -1.0833E-01  1.4980E+00  1.6452E+00 -1.4715E-01 -1.1001E-01
  7.0000E+00  1.7200E+02  0.0000E+00  1.5800E+00  0.0000E+00  0.0000E+00  2.0000E+00  1.0405E+00  3.3155E+00  5.4267E+01  1.5028E+00  3.3154E-01  1.8178E-01  1.5800E+00  1.6276E+00 -4.7588E-02  1.6228E-01
  7.0000E+00  1.7600E+02  0.0000E+00  1.0820E+00  0.0000E+00  0.0000E+00  2.0000E+00  1.0405E+00  3.3155E+00  5.4267E+01  1.2004E+00 -5.9367E-01 -6.7584E-01  1.0820E+00  1.2841E+00 -2.0208E-01 -6.3576E-01
  7.0000E+00  1.8000E+02  0.0000E+00  8.2300E-01  0.0000E+00  0.0000E+00  2.0000E+00  1.0405E+00  3.3155E+00  5.4267E+01  9.4050E-01 -6.7913E-01 -7.0026E-01  8.2300E-01  9.9840E-01 -1.7540E-01 -6.6046E-01
  7.0000E+00  1.9200E+02  0.0000E+00  4.2900E-01  0.0000E+00  0.0000E+00  2.0000E+00  1.0405E+00  3.3155E+00  5.4267E+01  4.5181E-01 -1.7050E-01 -1.0114E-01  4.2900E-01  4.6899E-01 -3.9994E-02 -9.9767E-02
  7.0000E+00  3.3600E+02  1.0000E+02  0.0000E+00  1.0000E+00  1.0000E+00  3.0000E+00  1.0405E+00  3.3155E+00  5.4267E+01  6.8260E-05 -5.7089E-04  0.0000E+00  0.0000E+00  5.4137E-05  0.0000E+00  0.0000E+00
  7.0000E+00  3.3650E+02  0.0000E+00  8.8800E-01  0.0000E+00  0.0000E+00  3.0000E+00  1.0405E+00  3.3155E+00  5.4267E+01  7.3525E-01  9.8904E-01  9.3908E-01  8.8800E-01  8.4215E-01  4.5853E-02  8.8271E-01
  7.0000E+00  3.3700E+02  0.0000E+00  1.2710E+00  0.0000E+00  0.0000E+00  3.0000E+00  1.0405E+00  3.3155E+00  5.4267E+01  1.1501E+00  6.2281E-01  5.1957E-01  1.2710E+00  1.2984E+00 -2.7398E-02  4.6901E-01
  7.0000E+00  3.3800E+02  0.0000E+00  1.7940E+00  0.0000E+00  0.0000E+00  3.0000E+00  1.0405E+00  3.3155E+00  5.4267E+01  1.4882E+00  1.3226E+00  1.1720E+00  1.7940E+00  1.6452E+00  1.4885E-01  1.0625E+00
  7.0000E+00  3.4000E+02  0.0000E+00  1.8860E+00  0.0000E+00  0.0000E+00  3.0000E+00  1.0405E+00  3.3155E+00  5.4267E+01  1.5028E+00  1.6457E+00  1.4959E+00  1.8860E+00  1.6276E+00  2.5841E-01  1.3872E+00
  7.0000E+00  3.4400E+02  0.0000E+00  1.1410E+00  0.0000E+00  0.0000E+00  3.0000E+00  1.0405E+00  3.3155E+00  5.4267E+01  1.2004E+00 -2.9781E-01 -3.7998E-01  1.1410E+00  1.2841E+00 -1.4308E-01 -3.5749E-01
  7.0000E+00  3.4800E+02  0.0000E+00  9.7800E-01  0.0000E+00  0.0000E+00  3.0000E+00  1.0405E+00  3.3155E+00  5.4267E+01  9.4050E-01  2.1678E-01  1.9564E-01  9.7800E-01  9.9840E-01 -2.0403E-02  1.8612E-01
  7.0000E+00  3.6000E+02  0.0000E+00  7.3500E-01  0.0000E+00  0.0000E+00  3.0000E+00  1.0405E+00  3.3155E+00  5.4267E+01  4.5181E-01  2.1163E+00  2.1857E+00  7.3500E-01  4.6899E-01  2.6601E-01  2.1336E+00
  8.0000E+00  0.0000E+00  1.0000E+02  0.0000E+00  1.0000E+00  1.0000E+00  1.0000E+00  1.5608E+00  3.2924E+00  4.8299E+01  0.0000E+00  0.0000E+00  0.0000E+00  0.0000E+00  0.0000E+00  0.0000E+00  0.0000E+00
  8.0000E+00  5.0000E-01  0.0000E+00  1.1710E+00  0.0000E+00  0.0000E+00  1.0000E+00  1.5608E+00  3.2924E+00  4.8299E+01  1.1004E+00  3.7352E-01  5.9458E-01  1.1710E+00  8.4209E-01  3.2891E-01  7.1294E-01
  8.0000E+00  1.0000E+00  0.0000E+00  1.2470E+00  0.0000E+00  0.0000E+00  1.0000E+00  1.5608E+00  3.2924E+00  4.8299E+01  1.5678E+00 -1.3349E+00 -1.1590E+00  1.2470E+00  1.2983E+00 -5.1347E-02 -1.3219E+00
  8.0000E+00  2.0000E+00  0.0000E+00  2.1080E+00  0.0000E+00  0.0000E+00  1.0000E+00  1.5608E+00  3.2924E+00  4.8299E+01  1.7936E+00  1.1784E+00  1.2045E+00  2.1080E+00  1.6451E+00  4.6290E-01  1.2394E+00
  8.0000E+00  4.0000E+00  0.0000E+00  1.3240E+00  0.0000E+00  0.0000E+00  1.0000E+00  1.5608E+00  3.2924E+00  4.8299E+01  1.6441E+00 -1.2848E+00 -1.3505E+00  1.3240E+00  1.6275E+00 -3.0355E-01 -1.3352E+00
  8.0000E+00  8.0000E+00  0.0000E+00  1.4850E+00  0.0000E+00  0.0000E+00  1.0000E+00  1.5608E+00  3.2924E+00  4.8299E+01  1.2549E+00  1.1208E+00  1.0513E+00  1.4850E+00  1.2840E+00  2.0096E-01  1.0430E+00
  8.0000E+00  1.2000E+01  0.0000E+00  7.4600E-01  0.0000E+00  0.0000E+00  1.0000E+00  1.5608E+00  3.2924E+00  4.8299E+01  9.5544E-01 -1.2006E+00 -1.2631E+00  7.4600E-01  9.9838E-01 -2.5238E-01 -1.2015E+00
  8.0000E+00  2.4000E+01  0.0000E+00  3.9200E-01  0.0000E+00  0.0000E+00  1.0000E+00  1.5608E+00  3.2924E+00  4.8299E+01  4.2165E-01 -2.2453E-01 -2.6506E-01  3.9200E-01  4.6898E-01 -7.6982E-02 -2.9287E-01
  8.0000E+00  1.6800E+02  1.0000E+02  0.0000E+00  1.0000E+00  1.0000E+00  2.0000E+00  1.5608E+00  3.2924E+00  4.8299E+01  2.3010E-05 -1.9245E-04  0.0000E+00  0.0000E+00  5.4135E-05  0.0000E+00  0.0000E+00
  8.0000E+00  1.6850E+02  0.0000E+00  1.2120E+00  0.0000E+00  0.0000E+00  2.0000E+00  1.5608E+00  3.2924E+00  4.8299E+01  1.1004E+00  5.9039E-01  8.1144E-01  1.2120E+00  8.4215E-01  3.6985E-01  9.5952E-01
  8.0000E+00  1.6900E+02  0.0000E+00  1.6730E+00  0.0000E+00  0.0000E+00  2.0000E+00  1.5608E+00  3.2924E+00  4.8299E+01  1.5678E+00  4.3778E-01  6.1366E-01  1.6730E+00  1.2984E+00  3.7460E-01  6.6824E-01
  8.0000E+00  1.7000E+02  0.0000E+00  1.7120E+00  0.0000E+00  0.0000E+00  2.0000E+00  1.5608E+00  3.2924E+00  4.8299E+01  1.7937E+00 -3.0610E-01 -2.8002E-01  1.7120E+00  1.6452E+00  6.6848E-02 -3.2931E-01
  8.0000E+00  1.7200E+02  0.0000E+00  1.9300E+00  0.0000E+00  0.0000E+00  2.0000E+00  1.5608E+00  3.2924E+00  4.8299E+01  1.6441E+00  1.1474E+00  1.0816E+00  1.9300E+00  1.6276E+00  3.0241E-01  1.0907E+00
  8.0000E+00  1.7600E+02  0.0000E+00  1.3330E+00  0.0000E+00  0.0000E+00  2.0000E+00  1.5608E+00  3.2924E+00  4.8299E+01  1.2549E+00  3.8025E-01  3.1076E-01  1.3330E+00  1.2841E+00  4.8924E-02  3.2604E-01
  8.0000E+00  1.8000E+02  0.0000E+00  9.4500E-01  0.0000E+00  0.0000E+00  2.0000E+00  1.5608E+00  3.2924E+00  4.8299E+01  9.5545E-01 -5.9930E-02 -1.2244E-01  9.4500E-01  9.9840E-01 -5.3403E-02 -1.1461E-01
  8.0000E+00  1.9200E+02  0.0000E+00  4.8700E-01  0.0000E+00  0.0000E+00  2.0000E+00  1.5608E+00  3.2924E+00  4.8299E+01  4.2166E-01  4.9482E-01  4.5429E-01  4.8700E-01  4.6899E-01  1.8006E-02  4.0046E-01
  8.0000E+00  3.3600E+02  1.0000E+02  0.0000E+00  1.0000E+00  1.0000E+00  3.0000E+00  1.5608E+00  3.2924E+00  4.8299E+01  2.3010E-05 -1.9245E-04  0.0000E+00  0.0000E+00  5.4137E-05  0.0000E+00  0.0000E+00
  8.0000E+00  3.3650E+02  0.0000E+00  1.0770E+00  0.0000E+00  0.0000E+00  3.0000E+00  1.5608E+00  3.2924E+00  4.8299E+01  1.1004E+00 -1.2408E-01  9.6971E-02  1.0770E+00  8.4215E-01  2.3485E-01  1.4719E-01
  8.0000E+00  3.3700E+02  0.0000E+00  1.7280E+00  0.0000E+00  0.0000E+00  3.0000E+00  1.5608E+00  3.2924E+00  4.8299E+01  1.5678E+00  6.6666E-01  8.4254E-01  1.7280E+00  1.2984E+00  4.2960E-01  9.2519E-01
  8.0000E+00  3.3800E+02  0.0000E+00  1.7200E+00  0.0000E+00  0.0000E+00  3.0000E+00  1.5608E+00  3.2924E+00  4.8299E+01  1.7937E+00 -2.7611E-01 -2.5003E-01  1.7200E+00  1.6452E+00  7.4848E-02 -2.9762E-01
  8.0000E+00  3.4000E+02  0.0000E+00  1.4910E+00  0.0000E+00  0.0000E+00  3.0000E+00  1.5608E+00  3.2924E+00  4.8299E+01  1.6441E+00 -6.1458E-01 -6.8029E-01  1.4910E+00  1.6276E+00 -1.3659E-01 -6.6669E-01
  8.0000E+00  3.4400E+02  0.0000E+00  1.1830E+00  0.0000E+00  0.0000E+00  3.0000E+00  1.5608E+00  3.2924E+00  4.8299E+01  1.2549E+00 -3.5049E-01 -4.1998E-01  1.1830E+00  1.2841E+00 -1.0108E-01 -3.8145E-01
  8.0000E+00  3.4800E+02  0.0000E+00  9.8900E-01  0.0000E+00  0.0000E+00  3.0000E+00  1.5608E+00  3.2924E+00  4.8299E+01  9.5545E-01  1.9229E-01  1.2978E-01  9.8900E-01  9.9840E-01 -9.4031E-03  1.2571E-01
  8.0000E+00  3.6000E+02  0.0000E+00  4.7700E-01  0.0000E+00  0.0000E+00  3.0000E+00  1.5608E+00  3.2924E+00  4.8299E+01  4.2166E-01  4.1910E-01  3.7857E-01  4.7700E-01  4.6899E-01  8.0056E-03  3.2748E-01
  9.0000E+00  0.0000E+00  1.0000E+02  0.0000E+00  1.0000E+00  1.0000E+00  1.0000E+00  1.5661E+00  2.3196E+00  6.0815E+01  0.0000E+00  0.0000E+00  0.0000E+00  0.0000E+00  0.0000E+00  0.0000E+00  0.0000E+00
  9.0000E+00  5.0000E-01  0.0000E+00  9.6900E-01  0.0000E+00  0.0000E+00  1.0000E+00  1.5661E+00  2.3196E+00  6.0815E+01  8.8330E-01  5.1132E-01  6.1278E-01  9.6900E-01  8.4209E-01  1.2691E-01  6.3576E-01
  9.0000E+00  1.0000E+00  0.0000E+00  1.4400E+00  0.0000E+00  0.0000E+00  1.0000E+00  1.5661E+00  2.3196E+00  6.0815E+01  1.2703E+00  8.2009E-01  7.7113E-01  1.4400E+00  1.2983E+00  1.4165E-01  7.6260E-01
  9.0000E+00  2.0000E+00  0.0000E+00  1.5510E+00  0.0000E+00  0.0000E+00  1.0000E+00  1.5661E+00  2.3196E+00  6.0815E+01  1.4881E+00  2.7222E-01 -7.7270E-04  1.5510E+00  1.6451E+00 -9.4104E-02  1.4353E-02
  9.0000E+00  4.0000E+00  0.0000E+00  1.0460E+00  0.0000E+00  0.0000E+00  1.0000E+00  1.5661E+00  2.3196E+00  6.0815E+01  1.4437E+00 -1.7586E+00 -2.0739E+00  1.0460E+00  1.6275E+00 -5.8155E-01 -1.8537E+00
  9.0000E+00  8.0000E+00  0.0000E+00  1.1650E+00  0.0000E+00  0.0000E+00  1.0000E+00  1.5661E+00  2.3196E+00  6.0815E+01  1.2422E+00 -3.7839E-01 -5.2966E-01  1.1650E+00  1.2840E+00 -1.1904E-01 -4.9663E-01
  9.0000E+00  1.2000E+01  0.0000E+00  1.0400E+00  0.0000E+00  0.0000E+00  1.0000E+00  1.5661E+00  2.3196E+00  6.0815E+01  1.0664E+00 -1.4229E-01 -1.5217E-01  1.0400E+00  9.9838E-01  4.1622E-02 -1.6875E-01
  9.0000E+00  2.4000E+01  0.0000E+00  6.9000E-01  0.0000E+00  0.0000E+00  1.0000E+00  1.5661E+00  2.3196E+00  6.0815E+01  6.7474E-01  1.0210E-01  3.4412E-01  6.9000E-01  4.6898E-01  2.2102E-01  4.1486E-01
  9.0000E+00  1.6800E+02  1.0000E+02  0.0000E+00  1.0000E+00  1.0000E+00  2.0000E+00  1.5661E+00  2.3196E+00  6.0815E+01  2.7782E-03 -2.3236E-02  0.0000E+00  0.0000E+00  5.4135E-05  0.0000E+00  0.0000E+00
  9.0000E+00  1.6850E+02  0.0000E+00  7.2700E-01  0.0000E+00  0.0000E+00  2.0000E+00  1.5661E+00  2.3196E+00  6.0815E+01  8.8603E-01 -9.4746E-01 -8.3299E-01  7.2700E-01  8.4215E-01 -1.1515E-01 -8.2184E-01
  9.0000E+00  1.6900E+02  0.0000E+00  1.1430E+00  0.0000E+00  0.0000E+00  2.0000E+00  1.5661E+00  2.3196E+00  6.0815E+01  1.2730E+00 -6.2721E-01 -6.6401E-01  1.1430E+00  1.2984E+00 -1.5540E-01 -6.2597E-01
  9.0000E+00  1.7000E+02  0.0000E+00  1.5350E+00  0.0000E+00  0.0000E+00  2.0000E+00  1.5661E+00  2.3196E+00  6.0815E+01  1.4906E+00  1.9163E-01 -6.9880E-02  1.5350E+00  1.6452E+00 -1.1015E-01 -4.9802E-02
  9.0000E+00  1.7200E+02  0.0000E+00  1.3080E+00  0.0000E+00  0.0000E+00  2.0000E+00  1.5661E+00  2.3196E+00  6.0815E+01  1.4461E+00 -6.0983E-01 -9.1422E-01  1.3080E+00  1.6276E+00 -3.1959E-01 -8.0550E-01
  9.0000E+00  1.7600E+02  0.0000E+00  1.4020E+00  0.0000E+00  0.0000E+00  2.0000E+00  1.5661E+00  2.3196E+00  6.0815E+01  1.2442E+00  7.7312E-01  6.3167E-01  1.4020E+00  1.2841E+00  1.1792E-01  6.2054E-01
  9.0000E+00  1.8000E+02  0.0000E+00  1.0440E+00  0.0000E+00  0.0000E+00  2.0000E+00  1.5661E+00  2.3196E+00  6.0815E+01  1.0681E+00 -1.3007E-01 -1.3113E-01  1.0440E+00  9.9840E-01  4.5597E-02 -1.4753E-01
  9.0000E+00  1.9200E+02  0.0000E+00  8.4400E-01  0.0000E+00  0.0000E+00  2.0000E+00  1.5661E+00  2.3196E+00  6.0815E+01  6.7585E-01  1.1242E+00  1.3725E+00  8.4400E-01  4.6899E-01  3.7501E-01  1.5384E+00
  9.0000E+00  3.3600E+02  1.0000E+02  0.0000E+00  1.0000E+00  1.0000E+00  3.0000E+00  1.5661E+00  2.3196E+00  6.0815E+01  2.7828E-03 -2.3274E-02  0.0000E+00  0.0000E+00  5.4137E-05  0.0000E+00  0.0000E+00
  9.0000E+00  3.3650E+02  0.0000E+00  1.0750E+00  0.0000E+00  0.0000E+00  3.0000E+00  1.5661E+00  2.3196E+00  6.0815E+01  8.8603E-01  1.1258E+00  1.2403E+00  1.0750E+00  8.4215E-01  2.3285E-01  1.2722E+00
  9.0000E+00  3.3700E+02  0.0000E+00  1.2010E+00  0.0000E+00  0.0000E+00  3.0000E+00  1.5661E+00  2.3196E+00  6.0815E+01  1.2730E+00 -3.4734E-01 -3.8410E-01  1.2010E+00  1.2984E+00 -9.7398E-02 -3.5500E-01
  9.0000E+00  3.3800E+02  0.0000E+00  1.5940E+00  0.0000E+00  0.0000E+00  3.0000E+00  1.5661E+00  2.3196E+00  6.0815E+01  1.4906E+00  4.4651E-01  1.8504E-01  1.5940E+00  1.6452E+00 -5.1152E-02  1.8390E-01
  9.0000E+00  3.4000E+02  0.0000E+00  1.5040E+00  0.0000E+00  0.0000E+00  3.0000E+00  1.5661E+00  2.3196E+00  6.0815E+01  1.4461E+00  2.5584E-01 -4.8514E-02  1.5040E+00  1.6276E+00 -1.2359E-01 -2.0891E-02
  9.0000E+00  3.4400E+02  0.0000E+00  1.2420E+00  0.0000E+00  0.0000E+00  3.0000E+00  1.5661E+00  2.3196E+00  6.0815E+01  1.2442E+00 -1.0785E-02 -1.5220E-01  1.2420E+00  1.2841E+00 -4.2076E-02 -1.3412E-01
  9.0000E+00  3.4800E+02  0.0000E+00  1.1720E+00  0.0000E+00  0.0000E+00  3.0000E+00  1.5661E+00  2.3196E+00  6.0815E+01  1.0682E+00  5.5939E-01  5.5837E-01  1.1720E+00  9.9840E-01  1.7360E-01  5.5158E-01
  9.0000E+00  3.6000E+02  0.0000E+00  5.8700E-01  0.0000E+00  0.0000E+00  3.0000E+00  1.5661E+00  2.3196E+00  6.0815E+01  6.7585E-01 -5.9406E-01 -3.4575E-01  5.8700E-01  4.6899E-01  1.1801E-01 -3.3734E-01
  1.0000E+01  0.0000E+00  1.0000E+02  0.0000E+00  1.0000E+00  1.0000E+00  1.0000E+00  1.4085E+00  1.5477E+00  4.9852E+01  0.0000E+00  0.0000E+00  0.0000E+00  0.0000E+00  0.0000E+00  0.0000E+00  0.0000E+00
  1.0000E+01  5.0000E-01  0.0000E+00  1.0220E+00  0.0000E+00  0.0000E+00  1.0000E+00  1.4085E+00  1.5477E+00  4.9852E+01  1.0053E+00  9.3167E-02  1.5196E-01  1.0220E+00  8.4209E-01  1.7991E-01  1.1953E-01
  1.0000E+01  1.0000E+00  0.0000E+00  1.5940E+00  0.0000E+00  0.0000E+00  1.0000E+00  1.4085E+00  1.5477E+00  4.9852E+01  1.4869E+00  4.6353E-01  4.9046E-01  1.5940E+00  1.2983E+00  2.9565E-01  5.1545E-01
  1.0000E+01  2.0000E+00  0.0000E+00  2.0820E+00  0.0000E+00  0.0000E+00  1.0000E+00  1.4085E+00  1.5477E+00  4.9852E+01  1.8050E+00  1.0330E+00  9.8218E-01  2.0820E+00  1.6451E+00  4.3690E-01  1.0912E+00
  1.0000E+01  4.0000E+00  0.0000E+00  1.9000E+00  0.0000E+00  0.0000E+00  1.0000E+00  1.4085E+00  1.5477E+00  4.9852E+01  1.8043E+00  3.5714E-01  3.1414E-01  1.9000E+00  1.6275E+00  2.7245E-01  4.1866E-01
  1.0000E+01  8.0000E+00  0.0000E+00  1.3910E+00  0.0000E+00  0.0000E+00  1.0000E+00  1.4085E+00  1.5477E+00  4.9852E+01  1.6000E+00 -8.5653E-01 -7.4325E-01  1.3910E+00  1.2840E+00  1.0696E-01 -8.6898E-01
  1.0000E+01  1.2000E+01  0.0000E+00  1.2160E+00  0.0000E+00  0.0000E+00  1.0000E+00  1.4085E+00  1.5477E+00  4.9852E+01  1.4132E+00 -8.8542E-01 -6.3319E-01  1.2160E+00  9.9838E-01  2.1762E-01 -8.6147E-01
  1.0000E+01  2.4000E+01  0.0000E+00  9.5500E-01  0.0000E+00  0.0000E+00  1.0000E+00  1.4085E+00  1.5477E+00  4.9852E+01  9.7366E-01 -1.0587E-01  4.1595E-01  9.5500E-01  4.6898E-01  4.8602E-01  6.2637E-01
  1.0000E+01  1.6800E+02  1.0000E+02  0.0000E+00  1.0000E+00  1.0000E+00  2.0000E+00  1.4085E+00  1.5477E+00  4.9852E+01  1.1139E-02 -9.3158E-02  0.0000E+00  0.0000E+00  5.4135E-05  0.0000E+00  0.0000E+00
  1.0000E+01  1.6850E+02  0.0000E+00  1.1450E+00  0.0000E+00  0.0000E+00  2.0000E+00  1.4085E+00  1.5477E+00  4.9852E+01  1.0163E+00  7.1354E-01  8.2448E-01  1.1450E+00  8.4215E-01  3.0285E-01  8.5739E-01
  1.0000E+01  1.6900E+02  0.0000E+00  1.5190E+00  0.0000E+00  0.0000E+00  2.0000E+00  1.4085E+00  1.5477E+00  4.9852E+01  1.4977E+00  9.1674E-02  1.6603E-01  1.5190E+00  1.2984E+00  2.2060E-01  1.6342E-01
  1.0000E+01  1.7000E+02  0.0000E+00  1.7940E+00  0.0000E+00  0.0000E+00  2.0000E+00  1.4085E+00  1.5477E+00  4.9852E+01  1.8155E+00 -7.9795E-02 -8.6714E-02  1.7940E+00  1.6452E+00  1.4885E-01 -5.0879E-02
  1.0000E+01  1.7200E+02  0.0000E+00  1.6120E+00  0.0000E+00  0.0000E+00  2.0000E+00  1.4085E+00  1.5477E+00  4.9852E+01  1.8141E+00 -7.5078E-01 -7.5206E-01  1.6120E+00  1.6276E+00 -1.5588E-02 -7.3539E-01
  1.0000E+01  1.7600E+02  0.0000E+00  1.4070E+00  0.0000E+00  0.0000E+00  2.0000E+00  1.4085E+00  1.5477E+00  4.9852E+01  1.6087E+00 -8.2318E-01 -6.7112E-01  1.4070E+00  1.2841E+00  1.2292E-01 -7.9459E-01
  1.0000E+01  1.8000E+02  0.0000E+00  1.3550E+00  0.0000E+00  0.0000E+00  2.0000E+00  1.4085E+00  1.5477E+00  4.9852E+01  1.4209E+00 -2.9461E-01 -6.3909E-03  1.3550E+00  9.9840E-01  3.5660E-01 -1.0328E-01
  1.0000E+01  1.9200E+02  0.0000E+00  1.3380E+00  0.0000E+00  0.0000E+00  2.0000E+00  1.4085E+00  1.5477E+00  4.9852E+01  9.7894E-01  2.0316E+00  2.5817E+00  1.3380E+00  4.6899E-01  8.6901E-01  3.4209E+00
  1.0000E+01  3.3600E+02  1.0000E+02  0.0000E+00  1.0000E+00  1.0000E+00  3.0000E+00  1.4085E+00  1.5477E+00  4.9852E+01  1.1200E-02 -9.3664E-02  0.0000E+00  0.0000E+00  5.4137E-05  0.0000E+00  0.0000E+00
  1.0000E+01  3.3650E+02  0.0000E+00  8.9400E-01  0.0000E+00  0.0000E+00  3.0000E+00  1.4085E+00  1.5477E+00  4.9852E+01  1.0163E+00 -6.7793E-01 -5.6642E-01  8.9400E-01  8.4215E-01  5.1853E-02 -6.5294E-01
  1.0000E+01  3.3700E+02  0.0000E+00  1.5130E+00  0.0000E+00  0.0000E+00  3.0000E+00  1.4085E+00  1.5477E+00  4.9852E+01  1.4978E+00  6.5587E-02  1.4046E-01  1.5130E+00  1.2984E+00  2.1460E-01  1.3539E-01
  1.0000E+01  3.3800E+02  0.0000E+00  1.7050E+00  0.0000E+00  0.0000E+00  3.0000E+00  1.4085E+00  1.5477E+00  4.9852E+01  1.8156E+00 -4.1040E-01 -4.1684E-01  1.7050E+00  1.6452E+00  5.9848E-02 -4.0342E-01
  1.0000E+01  3.4000E+02  0.0000E+00  2.3470E+00  0.0000E+00  0.0000E+00  3.0000E+00  1.4085E+00  1.5477E+00  4.9852E+01  1.8142E+00  1.9792E+00  1.9784E+00  2.3470E+00  1.6276E+00  7.1941E-01  2.2069E+00
  1.0000E+01  3.4400E+02  0.0000E+00  1.3700E+00  0.0000E+00  0.0000E+00  3.0000E+00  1.4085E+00  1.5477E+00  4.9852E+01  1.6088E+00 -9.7434E-01 -8.2187E-01  1.3700E+00  1.2841E+00  8.5924E-02 -9.6910E-01
  1.0000E+01  3.4800E+02  0.0000E+00  1.5710E+00  0.0000E+00  0.0000E+00  3.0000E+00  1.4085E+00  1.5477E+00  4.9852E+01  1.4209E+00  6.7133E-01  9.5993E-01  1.5710E+00  9.9840E-01  5.7260E-01  1.0765E+00
  1.0000E+01  3.6000E+02  0.0000E+00  8.9200E-01  0.0000E+00  0.0000E+00  3.0000E+00  1.4085E+00  1.5477E+00  4.9852E+01  9.7897E-01 -4.9209E-01  5.8372E-02  8.9200E-01  4.6899E-01  4.2301E-01  1.6584E-01
  1.1000E+01  0.0000E+00  1.0000E+02  0.0000E+00  1.0000E+00  1.0000E+00  1.0000E+00  1.4508E+00  1.7041E+00  6.7250E+01  0.0000E+00  0.0000E+00  0.0000E+00  0.0000E+00  0.0000E+00  0.0000E+00  0.0000E+00
  1.1000E+01  5.0000E-01  0.0000E+00  9.0100E-01  0.0000E+00  0.0000E+00  1.0000E+00  1.4508E+00  1.7041E+00  6.7250E+01  7.6169E-01  8.8911E-01  8.7095E-01  9.0100E-01  8.4209E-01  5.8906E-02  7.7343E-01
  1.1000E+01  1.0000E+00  0.0000E+00  1.5200E+00  0.0000E+00  0.0000E+00  1.0000E+00  1.4508E+00  1.7041E+00  6.7250E+01  1.1208E+00  2.0892E+00  1.8955E+00  1.5200E+00  1.2983E+00  2.2165E-01  1.7220E+00
  1.1000E+01  2.0000E+00  0.0000E+00  1.3770E+00  0.0000E+00  0.0000E+00  1.0000E+00  1.4508E+00  1.7041E+00  6.7250E+01  1.3555E+00  9.9436E-02 -3.2333E-01  1.3770E+00  1.6451E+00 -2.6810E-01 -1.6955E-01
  1.1000E+01  4.0000E+00  0.0000E+00  1.1790E+00  0.0000E+00  0.0000E+00  1.0000E+00  1.4508E+00  1.7041E+00  6.7250E+01  1.3630E+00 -8.4737E-01 -1.3097E+00  1.1790E+00  1.6275E+00 -4.4855E-01 -1.0185E+00
  1.1000E+01  8.0000E+00  0.0000E+00  1.3640E+00  0.0000E+00  0.0000E+00  1.0000E+00  1.4508E+00  1.7041E+00  6.7250E+01  1.2357E+00  6.3140E-01  3.7336E-01  1.3640E+00  1.2840E+00  7.9957E-02  3.4901E-01
  1.1000E+01  1.2000E+01  0.0000E+00  1.1060E+00  0.0000E+00  0.0000E+00  1.0000E+00  1.4508E+00  1.7041E+00  6.7250E+01  1.1166E+00 -5.5627E-02 -1.2194E-01  1.1060E+00  9.9838E-01  1.0762E-01 -2.5719E-01
  1.1000E+01  2.4000E+01  0.0000E+00  9.4400E-01  0.0000E+00  0.0000E+00  1.0000E+00  1.4508E+00  1.7041E+00  6.7250E+01  8.2383E-01  7.4106E-01  1.0889E+00  9.4400E-01  4.6898E-01  4.7502E-01  1.2392E+00
  1.1000E+01  1.6800E+02  1.0000E+02  0.0000E+00  1.0000E+00  1.0000E+00  2.0000E+00  1.4508E+00  1.7041E+00  6.7250E+01  2.1435E-02 -1.7922E-01  0.0000E+00  0.0000E+00  5.4135E-05  0.0000E+00  0.0000E+00
  1.1000E+01  1.6850E+02  0.0000E+00  6.5400E-01  0.0000E+00  0.0000E+00  2.0000E+00  1.4508E+00  1.7041E+00  6.7250E+01  7.8285E-01 -8.1282E-01 -6.9656E-01  6.5400E-01  8.4215E-01 -1.8815E-01 -7.1514E-01
  1.1000E+01  1.6900E+02  0.0000E+00  1.1930E+00  0.0000E+00  0.0000E+00  2.0000E+00  1.4508E+00  1.7041E+00  6.7250E+01  1.1417E+00  2.6526E-01  1.9805E-01  1.1930E+00  1.2984E+00 -1.0540E-01  1.9259E-01
  1.1000E+01  1.7000E+02  0.0000E+00  1.3200E+00  0.0000E+00  0.0000E+00  2.0000E+00  1.4508E+00  1.7041E+00  6.7250E+01  1.3759E+00 -2.5565E-01 -5.5816E-01  1.3200E+00  1.6452E+00 -3.2515E-01 -3.9658E-01
  1.1000E+01  1.7200E+02  0.0000E+00  1.1570E+00  0.0000E+00  0.0000E+00  2.0000E+00  1.4508E+00  1.7041E+00  6.7250E+01  1.3823E+00 -1.0277E+00 -1.3741E+00  1.1570E+00  1.6276E+00 -4.7059E-01 -1.1077E+00
  1.1000E+01  1.7600E+02  0.0000E+00  1.1210E+00  0.0000E+00  0.0000E+00  2.0000E+00  1.4508E+00  1.7041E+00  6.7250E+01  1.2532E+00 -6.4464E-01 -7.9352E-01  1.1210E+00  1.2841E+00 -1.6308E-01 -7.9823E-01
  1.1000E+01  1.8000E+02  0.0000E+00  1.0910E+00  0.0000E+00  0.0000E+00  2.0000E+00  1.4508E+00  1.7041E+00  6.7250E+01  1.1324E+00 -2.1543E-01 -1.7911E-01  1.0910E+00  9.9840E-01  9.2597E-02 -3.4014E-01
  1.1000E+01  1.9200E+02  0.0000E+00  1.0510E+00  0.0000E+00  0.0000E+00  2.0000E+00  1.4508E+00  1.7041E+00  6.7250E+01  8.3550E-01  1.3204E+00  1.7526E+00  1.0510E+00  4.6899E-01  5.8201E-01  2.0194E+00
  1.1000E+01  3.3600E+02  1.0000E+02  0.0000E+00  1.0000E+00  1.0000E+00  3.0000E+00  1.4508E+00  1.7041E+00  6.7250E+01  2.1739E-02 -1.8176E-01  0.0000E+00  0.0000E+00  5.4137E-05  0.0000E+00  0.0000E+00
  1.1000E+01  3.3650E+02  0.0000E+00  6.5800E-01  0.0000E+00  0.0000E+00  3.0000E+00  1.4508E+00  1.7041E+00  6.7250E+01  7.8315E-01 -7.8935E-01 -6.6912E-01  6.5800E-01  8.4215E-01 -1.8415E-01 -6.9107E-01
  1.1000E+01  3.3700E+02  0.0000E+00  9.9500E-01  0.0000E+00  0.0000E+00  3.0000E+00  1.4508E+00  1.7041E+00  6.7250E+01  1.1420E+00 -7.6081E-01 -8.2431E-01  9.9500E-01  1.2984E+00 -3.0340E-01 -7.3244E-01
  1.1000E+01  3.3800E+02  0.0000E+00  1.3670E+00  0.0000E+00  0.0000E+00  3.0000E+00  1.4508E+00  1.7041E+00  6.7250E+01  1.3762E+00 -4.1904E-02 -3.4091E-01  1.3670E+00  1.6452E+00 -2.7815E-01 -2.1040E-01
  1.1000E+01  3.4000E+02  0.0000E+00  1.2380E+00  0.0000E+00  0.0000E+00  3.0000E+00  1.4508E+00  1.7041E+00  6.7250E+01  1.3826E+00 -6.5946E-01 -1.0025E+00  1.2380E+00  1.6276E+00 -3.8959E-01 -7.8340E-01
  1.1000E+01  3.4400E+02  0.0000E+00  1.2700E+00  0.0000E+00  0.0000E+00  3.0000E+00  1.4508E+00  1.7041E+00  6.7250E+01  1.2535E+00  8.0677E-02 -6.5076E-02  1.2700E+00  1.2841E+00 -1.4076E-02 -9.5456E-02
  1.1000E+01  3.4800E+02  0.0000E+00  1.1400E+00  0.0000E+00  0.0000E+00  3.0000E+00  1.4508E+00  1.7041E+00  6.7250E+01  1.1326E+00  3.8263E-02  7.7486E-02  1.1400E+00  9.9840E-01  1.4160E-01 -7.2513E-02
  1.1000E+01  3.6000E+02  0.0000E+00  8.5600E-01  0.0000E+00  0.0000E+00  3.0000E+00  1.4508E+00  1.7041E+00  6.7250E+01  8.3567E-01  1.2457E-01  5.5913E-01  8.5600E-01  4.6899E-01  3.8701E-01  5.9622E-01
  1.2000E+01  0.0000E+00  1.0000E+02  0.0000E+00  1.0000E+00  1.0000E+00  1.0000E+00  2.0647E+00  5.4595E+00  6.0221E+01  0.0000E+00  0.0000E+00  0.0000E+00  0.0000E+00  0.0000E+00  0.0000E+00  0.0000E+00
  1.2000E+01  5.0000E-01  0.0000E+00  9.6000E-01  0.0000E+00  0.0000E+00  1.0000E+00  2.0647E+00  5.4595E+00  6.0221E+01  1.0412E+00 -4.4412E-01 -1.8245E-02  9.6000E-01  8.4209E-01  1.1791E-01  2.0588E-01
  1.2000E+01  1.0000E+00  0.0000E+00  8.7500E-01  0.0000E+00  0.0000E+00  1.0000E+00  2.0647E+00  5.4595E+00  6.0221E+01  1.3660E+00 -2.2579E+00 -2.1891E+00  8.7500E-01  1.2983E+00 -4.2335E-01 -2.0740E+00
  1.2000E+01  2.0000E+00  0.0000E+00  1.1770E+00  0.0000E+00  0.0000E+00  1.0000E+00  2.0647E+00  5.4595E+00  6.0221E+01  1.4208E+00 -1.0907E+00 -1.4318E+00  1.1770E+00  1.6451E+00 -4.6810E-01 -1.2789E+00
  1.2000E+01  4.0000E+00  0.0000E+00  8.7400E-01  0.0000E+00  0.0000E+00  1.0000E+00  2.0647E+00  5.4595E+00  6.0221E+01  1.2081E+00 -1.6685E+00 -2.0867E+00  8.7400E-01  1.6275E+00 -7.5355E-01 -1.7612E+00
  1.2000E+01  8.0000E+00  0.0000E+00  8.5500E-01  0.0000E+00  0.0000E+00  1.0000E+00  2.0647E+00  5.4595E+00  6.0221E+01  8.4096E-01  8.5770E-02 -2.2897E-01  8.5500E-01  1.2840E+00 -4.2904E-01 -2.8999E-01
  1.2000E+01  1.2000E+01  0.0000E+00  6.6400E-01  0.0000E+00  0.0000E+00  1.0000E+00  2.0647E+00  5.4595E+00  6.0221E+01  5.8518E-01  5.5257E-01  3.2707E-01  6.6400E-01  9.9838E-01 -3.3438E-01  1.3468E-01
  1.2000E+01  2.4000E+01  0.0000E+00  1.6500E-01  0.0000E+00  0.0000E+00  1.0000E+00  2.0647E+00  5.4595E+00  6.0221E+01  1.9716E-01 -2.6273E-01 -3.3952E-01  1.6500E-01  4.6898E-01 -3.0398E-01 -2.7754E-01
  1.2000E+01  1.6800E+02  1.0000E+02  0.0000E+00  1.0000E+00  1.0000E+00  2.0000E+00  2.0647E+00  5.4595E+00  6.0221E+01  4.2191E-07 -3.5286E-06  0.0000E+00  0.0000E+00  5.4135E-05  0.0000E+00  0.0000E+00
  1.2000E+01  1.6850E+02  0.0000E+00  1.4820E+00  0.0000E+00  0.0000E+00  2.0000E+00  2.0647E+00  5.4595E+00  6.0221E+01  1.0412E+00  2.4095E+00  2.8354E+00  1.4820E+00  8.4215E-01  6.3985E-01  3.3475E+00
  1.2000E+01  1.6900E+02  0.0000E+00  1.5170E+00  0.0000E+00  0.0000E+00  2.0000E+00  2.0647E+00  5.4595E+00  6.0221E+01  1.3660E+00  6.9466E-01  7.6349E-01  1.5170E+00  1.2984E+00  2.1860E-01  9.2585E-01
  1.2000E+01  1.7000E+02  0.0000E+00  1.4890E+00  0.0000E+00  0.0000E+00  2.0000E+00  2.0647E+00  5.4595E+00  6.0221E+01  1.4209E+00  3.0483E-01 -3.6235E-02  1.4890E+00  1.6452E+00 -1.5615E-01 -4.2604E-02
  1.2000E+01  1.7200E+02  0.0000E+00  1.4010E+00  0.0000E+00  0.0000E+00  2.0000E+00  2.0647E+00  5.4595E+00  6.0221E+01  1.2081E+00  9.6335E-01  5.4515E-01  1.4010E+00  1.6276E+00 -2.2659E-01  3.4882E-01
  1.2000E+01  1.7600E+02  0.0000E+00  1.0780E+00  0.0000E+00  0.0000E+00  2.0000E+00  2.0647E+00  5.4595E+00  6.0221E+01  8.4096E-01  1.4480E+00  1.1333E+00  1.0780E+00  1.2841E+00 -2.0608E-01  7.6213E-01
  1.2000E+01  1.8000E+02  0.0000E+00  7.0700E-01  0.0000E+00  0.0000E+00  2.0000E+00  2.0647E+00  5.4595E+00  6.0221E+01  5.8518E-01  8.5400E-01  6.2850E-01  7.0700E-01  9.9840E-01 -2.9140E-01  3.6982E-01
  1.2000E+01  1.9200E+02  0.0000E+00  2.6700E-01  0.0000E+00  0.0000E+00  2.0000E+00  2.0647E+00  5.4595E+00  6.0221E+01  1.9716E-01  5.7055E-01  4.9377E-01  2.6700E-01  4.6899E-01 -2.0199E-01  4.6710E-01
  1.2000E+01  3.3600E+02  1.0000E+02  0.0000E+00  1.0000E+00  1.0000E+00  3.0000E+00  2.0647E+00  5.4595E+00  6.0221E+01  4.2191E-07 -3.5286E-06  0.0000E+00  0.0000E+00  5.4137E-05  0.0000E+00  0.0000E+00
  1.2000E+01  3.3650E+02  0.0000E+00  9.6400E-01  0.0000E+00  0.0000E+00  3.0000E+00  2.0647E+00  5.4595E+00  6.0221E+01  1.0412E+00 -4.2225E-01  3.6195E-03  9.6400E-01  8.4215E-01  1.2185E-01  2.3056E-01
  1.2000E+01  3.3700E+02  0.0000E+00  1.3470E+00  0.0000E+00  0.0000E+00  3.0000E+00  2.0647E+00  5.4595E+00  6.0221E+01  1.3660E+00 -8.7175E-02 -1.8345E-02  1.3470E+00  1.2984E+00  4.8602E-02  1.3164E-01
  1.2000E+01  3.3800E+02  0.0000E+00  1.4110E+00  0.0000E+00  0.0000E+00  3.0000E+00  2.0647E+00  5.4595E+00  6.0221E+01  1.4209E+00 -4.4058E-02 -3.8512E-01  1.4110E+00  1.6452E+00 -2.3415E-01 -3.5157E-01
  1.2000E+01  3.4000E+02  0.0000E+00  1.1670E+00  0.0000E+00  0.0000E+00  3.0000E+00  2.0647E+00  5.4595E+00  6.0221E+01  1.2081E+00 -2.0525E-01 -6.2345E-01  1.1670E+00  1.6276E+00 -4.6059E-01 -5.8791E-01
  1.2000E+01  3.4400E+02  0.0000E+00  6.6300E-01  0.0000E+00  0.0000E+00  3.0000E+00  2.0647E+00  5.4595E+00  6.0221E+01  8.4096E-01 -1.0871E+00 -1.4018E+00  6.6300E-01  1.2841E+00 -6.2108E-01 -1.1953E+00
  1.2000E+01  3.4800E+02  0.0000E+00  4.1100E-01  0.0000E+00  0.0000E+00  3.0000E+00  2.0647E+00  5.4595E+00  6.0221E+01  5.8518E-01 -1.2210E+00 -1.4465E+00  4.1100E-01  9.9840E-01 -5.8740E-01 -1.2469E+00
  1.2000E+01  3.6000E+02  0.0000E+00  1.2300E-01  0.0000E+00  0.0000E+00  3.0000E+00  2.0647E+00  5.4595E+00  6.0221E+01  1.9716E-01 -6.0585E-01 -6.8264E-01  1.2300E-01  4.6899E-01 -3.4599E-01 -5.8388E-01
  1.3000E+01  0.0000E+00  1.0000E+02  0.0000E+00  1.0000E+00  1.0000E+00  1.0000E+00  1.6161E+00  2.5429E+00  4.9857E+01  0.0000E+00  0.0000E+00  0.0000E+00  0.0000E+00  0.0000E+00  0.0000E+00  0.0000E+00
  1.3000E+01  5.0000E-01  0.0000E+00  9.6200E-01  0.0000E+00  0.0000E+00  1.0000E+00  1.6161E+00  2.5429E+00  4.9857E+01  1.0958E+00 -7.1000E-01 -4.0331E-01  9.6200E-01  8.4209E-01  1.1991E-01 -4.3562E-01
  1.3000E+01  1.0000E+00  0.0000E+00  1.1890E+00  0.0000E+00  0.0000E+00  1.0000E+00  1.6161E+00  2.5429E+00  4.9857E+01  1.5567E+00 -1.5382E+00 -1.3363E+00  1.1890E+00  1.2983E+00 -1.0935E-01 -1.5058E+00
  1.3000E+01  2.0000E+00  0.0000E+00  1.8510E+00  0.0000E+00  0.0000E+00  1.0000E+00  1.6161E+00  2.5429E+00  4.9857E+01  1.7885E+00  2.3481E-01  2.2868E-01  1.8510E+00  1.6451E+00  2.0590E-01  2.2549E-01
  1.3000E+01  4.0000E+00  0.0000E+00  1.6640E+00  0.0000E+00  0.0000E+00  1.0000E+00  1.6161E+00  2.5429E+00  4.9857E+01  1.6856E+00 -8.5213E-02 -1.6937E-01  1.6640E+00  1.6275E+00  3.6454E-02 -1.5095E-01
  1.3000E+01  8.0000E+00  0.0000E+00  1.4110E+00  0.0000E+00  0.0000E+00  1.0000E+00  1.6161E+00  2.5429E+00  4.9857E+01  1.3772E+00  1.5464E-01  1.3727E-01  1.4110E+00  1.2840E+00  1.2696E-01  1.6874E-01
  1.3000E+01  1.2000E+01  0.0000E+00  1.3460E+00  0.0000E+00  0.0000E+00  1.0000E+00  1.6161E+00  2.5429E+00  4.9857E+01  1.1230E+00  1.1657E+00  1.2050E+00  1.3460E+00  9.9838E-01  3.4762E-01  1.2603E+00
  1.3000E+01  2.4000E+01  0.0000E+00  6.5900E-01  0.0000E+00  0.0000E+00  1.0000E+00  1.6161E+00  2.5429E+00  4.9857E+01  6.0895E-01  3.4664E-01  4.6510E-01  6.5900E-01  4.6898E-01  1.9002E-01  4.7116E-01
  1.3000E+01  1.6800E+02  1.0000E+02  0.0000E+00  1.0000E+00  1.0000E+00  2.0000E+00  1.6161E+00  2.5429E+00  4.9857E+01  3.9341E-04 -3.2903E-03  0.0000E+00  0.0000E+00  5.4135E-05  0.0000E+00  0.0000E+00
  1.3000E+01  1.6850E+02  0.0000E+00  1.4440E+00  0.0000E+00  0.0000E+00  2.0000E+00  1.6161E+00  2.5429E+00  4.9857E+01  1.0962E+00  1.8449E+00  2.1524E+00  1.4440E+00  8.4215E-01  6.0185E-01  2.4638E+00
  1.3000E+01  1.6900E+02  0.0000E+00  1.7000E+00  0.0000E+00  0.0000E+00  2.0000E+00  1.6161E+00  2.5429E+00  4.9857E+01  1.5570E+00  5.9806E-01  8.0064E-01  1.7000E+00  1.2984E+00  4.0160E-01  8.8092E-01
  1.3000E+01  1.7000E+02  0.0000E+00  2.0880E+00  0.0000E+00  0.0000E+00  2.0000E+00  1.6161E+00  2.5429E+00  4.9857E+01  1.7889E+00  1.1237E+00  1.1183E+00  2.0880E+00  1.6452E+00  4.4285E-01  1.1637E+00
  1.3000E+01  1.7200E+02  0.0000E+00  1.5470E+00  0.0000E+00  0.0000E+00  2.0000E+00  1.6161E+00  2.5429E+00  4.9857E+01  1.6860E+00 -5.4700E-01 -6.3048E-01  1.5470E+00  1.6276E+00 -8.0588E-02 -6.1979E-01
  1.3000E+01  1.7600E+02  0.0000E+00  1.1450E+00  0.0000E+00  0.0000E+00  2.0000E+00  1.6161E+00  2.5429E+00  4.9857E+01  1.3774E+00 -1.0628E+00 -1.0796E+00  1.1450E+00  1.2841E+00 -1.3908E-01 -1.0863E+00
  1.3000E+01  1.8000E+02  0.0000E+00  1.0510E+00  0.0000E+00  0.0000E+00  2.0000E+00  1.6161E+00  2.5429E+00  4.9857E+01  1.1232E+00 -3.7760E-01 -3.3775E-01  1.0510E+00  9.9840E-01  5.2597E-02 -3.5145E-01
  1.3000E+01  1.9200E+02  0.0000E+00  6.8100E-01  0.0000E+00  0.0000E+00  2.0000E+00  1.6161E+00  2.5429E+00  4.9857E+01  6.0906E-01  4.9817E-01  6.1693E-01  6.8100E-01  4.6899E-01  2.1201E-01  6.3143E-01
  1.3000E+01  3.3600E+02  1.0000E+02  0.0000E+00  1.0000E+00  1.0000E+00  3.0000E+00  1.6161E+00  2.5429E+00  4.9857E+01  3.9349E-04 -3.2909E-03  0.0000E+00  0.0000E+00  5.4137E-05  0.0000E+00  0.0000E+00
  1.3000E+01  3.3650E+02  0.0000E+00  9.6300E-01  0.0000E+00  0.0000E+00  3.0000E+00  1.6161E+00  2.5429E+00  4.9857E+01  1.0962E+00 -7.0658E-01 -3.9908E-01  9.6300E-01  8.4215E-01  1.2085E-01 -4.3052E-01
  1.3000E+01  3.3700E+02  0.0000E+00  1.7310E+00  0.0000E+00  0.0000E+00  3.0000E+00  1.6161E+00  2.5429E+00  4.9857E+01  1.5570E+00  7.2773E-01  9.3032E-01  1.7310E+00  1.2984E+00  4.3260E-01  1.0257E+00
  1.3000E+01  3.3800E+02  0.0000E+00  1.5650E+00  0.0000E+00  0.0000E+00  3.0000E+00  1.6161E+00  2.5429E+00  4.9857E+01  1.7889E+00 -8.4093E-01 -8.4635E-01  1.5650E+00  1.6452E+00 -8.0152E-02 -9.0792E-01
  1.3000E+01  3.4000E+02  0.0000E+00  1.7220E+00  0.0000E+00  0.0000E+00  3.0000E+00  1.6161E+00  2.5429E+00  4.9857E+01  1.6860E+00  1.4184E-01  5.8349E-02  1.7220E+00  1.6276E+00  9.4412E-02  8.0759E-02
  1.3000E+01  3.4400E+02  0.0000E+00  1.5530E+00  0.0000E+00  0.0000E+00  3.0000E+00  1.6161E+00  2.5429E+00  4.9857E+01  1.3774E+00  8.0267E-01  7.8588E-01  1.5530E+00  1.2841E+00  2.6892E-01  8.3804E-01
  1.3000E+01  3.4800E+02  0.0000E+00  1.0680E+00  0.0000E+00  0.0000E+00  3.0000E+00  1.6161E+00  2.5429E+00  4.9857E+01  1.1232E+00 -2.8874E-01 -2.4889E-01  1.0680E+00  9.9840E-01  6.9597E-02 -2.5860E-01
  1.3000E+01  3.6000E+02  0.0000E+00  5.3200E-01  0.0000E+00  0.0000E+00  3.0000E+00  1.6161E+00  2.5429E+00  4.9857E+01  6.0906E-01 -5.3363E-01 -4.1487E-01  5.3200E-01  4.6899E-01  6.3006E-02 -4.5604E-01
  1.4000E+01  0.0000E+00  1.0000E+02  0.0000E+00  1.0000E+00  1.0000E+00  1.0000E+00  1.1631E+00  5.0498E+00  3.7668E+01  0.0000E+00  0.0000E+00  0.0000E+00  0.0000E+00  0.0000E+00  0.0000E+00  0.0000E+00
  1.4000E+01  5.0000E-01  0.0000E+00  1.3430E+00  0.0000E+00  0.0000E+00  1.0000E+00  1.1631E+00  5.0498E+00  3.7668E+01  1.1287E+00  1.1171E+00  1.3759E+00  1.3430E+00  8.4209E-01  5.0091E-01  1.5312E+00
  1.4000E+01  1.0000E+00  0.0000E+00  2.2330E+00  0.0000E+00  0.0000E+00  1.0000E+00  1.1631E+00  5.0498E+00  3.7668E+01  1.6864E+00  2.1509E+00  2.4969E+00  2.2330E+00  1.2983E+00  9.3465E-01  2.9581E+00
  1.4000E+01  2.0000E+00  0.0000E+00  2.6230E+00  0.0000E+00  0.0000E+00  1.0000E+00  1.1631E+00  5.0498E+00  3.7668E+01  2.0019E+00  2.1287E+00  2.4803E+00  2.6230E+00  1.6451E+00  9.7790E-01  2.9375E+00
  1.4000E+01  4.0000E+00  0.0000E+00  1.7220E+00  0.0000E+00  0.0000E+00  1.0000E+00  1.1631E+00  5.0498E+00  3.7668E+01  1.7266E+00 -1.7676E-02  9.1039E-02  1.7220E+00  1.6275E+00  9.4454E-02  1.7579E-01
  1.4000E+01  8.0000E+00  0.0000E+00  1.3450E+00  0.0000E+00  0.0000E+00  1.0000E+00  1.1631E+00  5.0498E+00  3.7668E+01  1.0264E+00  1.7559E+00  1.4317E+00  1.3450E+00  1.2840E+00  6.0957E-02  1.0887E+00
  1.4000E+01  1.2000E+01  0.0000E+00  7.8900E-01  0.0000E+00  0.0000E+00  1.0000E+00  1.1631E+00  5.0498E+00  3.7668E+01  6.0055E-01  1.3107E+00  8.5154E-01  7.8900E-01  9.9838E-01 -2.0938E-01  4.6011E-01
  1.4000E+01  2.4000E+01  0.0000E+00  1.1700E-01  0.0000E+00  0.0000E+00  1.0000E+00  1.1631E+00  5.0498E+00  3.7668E+01  1.2020E-01 -2.6511E-02 -2.8455E-01  1.1700E-01  4.6898E-01 -3.5198E-01  1.7943E-01
  1.4000E+01  1.6800E+02  1.0000E+02  0.0000E+00  1.0000E+00  1.0000E+00  2.0000E+00  1.1631E+00  5.0498E+00  3.7668E+01  4.9661E-10 -4.1534E-09  0.0000E+00  0.0000E+00  5.4135E-05  0.0000E+00  0.0000E+00
  1.4000E+01  1.6850E+02  0.0000E+00  1.0200E+00  0.0000E+00  0.0000E+00  2.0000E+00  1.1631E+00  5.0498E+00  3.7668E+01  1.1287E+00 -5.6635E-01 -3.0747E-01  1.0200E+00  8.4215E-01  1.7785E-01 -4.1061E-01
  1.4000E+01  1.6900E+02  0.0000E+00  1.7270E+00  0.0000E+00  0.0000E+00  2.0000E+00  1.1631E+00  5.0498E+00  3.7668E+01  1.6864E+00  1.5961E-01  5.0567E-01  1.7270E+00  1.2984E+00  4.2860E-01  5.9536E-01
  1.4000E+01  1.7000E+02  0.0000E+00  2.0490E+00  0.0000E+00  0.0000E+00  2.0000E+00  1.1631E+00  5.0498E+00  3.7668E+01  2.0019E+00  1.6149E-01  5.1310E-01  2.0490E+00  1.6452E+00  4.0385E-01  6.6473E-01
  1.4000E+01  1.7200E+02  0.0000E+00  1.4160E+00  0.0000E+00  0.0000E+00  2.0000E+00  1.1631E+00  5.0498E+00  3.7668E+01  1.7266E+00 -1.1999E+00 -1.0912E+00  1.4160E+00  1.6276E+00 -2.1159E-01 -1.0483E+00
  1.4000E+01  1.7600E+02  0.0000E+00  8.4500E-01  0.0000E+00  0.0000E+00  2.0000E+00  1.1631E+00  5.0498E+00  3.7668E+01  1.0264E+00 -9.9989E-01 -1.3241E+00  8.4500E-01  1.2841E+00 -4.3908E-01 -1.2687E+00
  1.4000E+01  1.8000E+02  0.0000E+00  4.2600E-01  0.0000E+00  0.0000E+00  2.0000E+00  1.1631E+00  5.0498E+00  3.7668E+01  6.0055E-01 -1.2141E+00 -1.6732E+00  4.2600E-01  9.9840E-01 -5.7240E-01 -1.5217E+00
  1.4000E+01  1.9200E+02  0.0000E+00  1.0000E-02  0.0000E+00  0.0000E+00  2.0000E+00  1.1631E+00  5.0498E+00  3.7668E+01  1.2020E-01 -9.1352E-01 -1.1716E+00  1.0000E-02  4.6899E-01 -4.5899E-01 -6.0092E-01
  1.4000E+01  3.3600E+02  1.0000E+02  0.0000E+00  1.0000E+00  1.0000E+00  3.0000E+00  1.1631E+00  5.0498E+00  3.7668E+01  4.9661E-10 -4.1534E-09  0.0000E+00  0.0000E+00  5.4137E-05  0.0000E+00  0.0000E+00
  1.4000E+01  3.3650E+02  0.0000E+00  7.0100E-01  0.0000E+00  0.0000E+00  3.0000E+00  1.1631E+00  5.0498E+00  3.7668E+01  1.1287E+00 -2.2289E+00 -1.9700E+00  7.0100E-01  8.4215E-01 -1.4115E-01 -2.3301E+00
  1.4000E+01  3.3700E+02  0.0000E+00  1.0990E+00  0.0000E+00  0.0000E+00  3.0000E+00  1.1631E+00  5.0498E+00  3.7668E+01  1.6864E+00 -2.3118E+00 -1.9657E+00  1.0990E+00  1.2984E+00 -1.9940E-01 -2.3386E+00
  1.4000E+01  3.3800E+02  0.0000E+00  1.8780E+00  0.0000E+00  0.0000E+00  3.0000E+00  1.1631E+00  5.0498E+00  3.7668E+01  2.0019E+00 -4.2457E-01 -7.2954E-02  1.8780E+00  1.6452E+00  2.3285E-01 -1.2616E-02
  1.4000E+01  3.4000E+02  0.0000E+00  1.7710E+00  0.0000E+00  0.0000E+00  3.0000E+00  1.1631E+00  5.0498E+00  3.7668E+01  1.7266E+00  1.7164E-01  2.8035E-01  1.7710E+00  1.6276E+00  1.4341E-01  3.7283E-01
  1.4000E+01  3.4400E+02  0.0000E+00  1.0060E+00  0.0000E+00  0.0000E+00  3.0000E+00  1.1631E+00  5.0498E+00  3.7668E+01  1.0264E+00 -1.1253E-01 -4.3672E-01  1.0060E+00  1.2841E+00 -2.7808E-01 -5.0936E-01
  1.4000E+01  3.4800E+02  0.0000E+00  5.8300E-01  0.0000E+00  0.0000E+00  3.0000E+00  1.1631E+00  5.0498E+00  3.7668E+01  6.0055E-01 -1.2209E-01 -5.8124E-01  5.8300E-01  9.9840E-01 -4.1540E-01 -6.6423E-01
  1.4000E+01  3.6000E+02  0.0000E+00  5.5000E-02  0.0000E+00  0.0000E+00  3.0000E+00  1.1631E+00  5.0498E+00  3.7668E+01  1.2020E-01 -5.4048E-01 -7.9851E-01  5.5000E-02  4.6899E-01 -4.1399E-01 -2.7249E-01
  1.5000E+01  0.0000E+00  1.0000E+02  0.0000E+00  1.0000E+00  1.0000E+00  1.0000E+00  1.1128E+00  7.4521E-01  4.1441E+01  0.0000E+00  0.0000E+00  0.0000E+00  0.0000E+00  0.0000E+00  0.0000E+00  0.0000E+00
  1.5000E+01  5.0000E-01  0.0000E+00  1.0480E+00  0.0000E+00  0.0000E+00  1.0000E+00  1.1128E+00  7.4521E-01  4.1441E+01  1.0247E+00  1.2848E-01  1.2203E-01  1.0480E+00  8.4209E-01  2.0591E-01 -1.6671E-01
  1.5000E+01  1.0000E+00  0.0000E+00  1.8910E+00  0.0000E+00  0.0000E+00  1.0000E+00  1.1128E+00  7.4521E-01  4.1441E+01  1.6030E+00  1.1787E+00  1.1940E+00  1.8910E+00  1.2983E+00  5.9265E-01  1.3192E+00
  1.5000E+01  2.0000E+00  0.0000E+00  1.7040E+00  0.0000E+00  0.0000E+00  1.0000E+00  1.1128E+00  7.4521E-01  4.1441E+01  2.1012E+00 -1.3071E+00 -1.2245E+00  1.7040E+00  1.6451E+00  5.8896E-02 -1.2219E+00
  1.5000E+01  4.0000E+00  0.0000E+00  2.5440E+00  0.0000E+00  0.0000E+00  1.0000E+00  1.1128E+00  7.4521E-01  4.1441E+01  2.2539E+00  8.9919E-01  1.0815E+00  2.5440E+00  1.6275E+00  9.1645E-01  1.6129E+00
  1.5000E+01  8.0000E+00  0.0000E+00  2.3460E+00  0.0000E+00  0.0000E+00  1.0000E+00  1.1128E+00  7.4521E-01  4.1441E+01  2.1237E+00  7.2482E-01  1.0371E+00  2.3460E+00  1.2840E+00  1.0620E+00  1.0360E+00
  1.5000E+01  1.2000E+01  0.0000E+00  1.7810E+00  0.0000E+00  0.0000E+00  1.0000E+00  1.1128E+00  7.4521E-01  4.1441E+01  1.9767E+00 -6.7765E-01 -2.5672E-01  1.7810E+00  9.9838E-01  7.8262E-01 -1.3718E+00
  1.5000E+01  2.4000E+01  0.0000E+00  1.8310E+00  0.0000E+00  0.0000E+00  1.0000E+00  1.1128E+00  7.4521E-01  4.1441E+01  1.5930E+00  9.7855E-01  1.6512E+00  1.8310E+00  4.6898E-01  1.3620E+00  2.3242E+00
  1.5000E+01  1.6800E+02  1.0000E+02  0.0000E+00  1.0000E+00  1.0000E+00  2.0000E+00  1.1128E+00  7.4521E-01  4.1441E+01  1.1957E-01 -9.9130E-01  0.0000E+00  0.0000E+00  5.4135E-05  0.0000E+00  0.0000E+00
  1.5000E+01  1.6850E+02  0.0000E+00  1.2940E+00  0.0000E+00  0.0000E+00  2.0000E+00  1.1128E+00  7.4521E-01  4.1441E+01  1.1432E+00  7.7973E-01  1.1340E+00  1.2940E+00  8.4215E-01  4.5185E-01  1.3083E+00
  1.5000E+01  1.6900E+02  0.0000E+00  2.1160E+00  0.0000E+00  0.0000E+00  2.0000E+00  1.1128E+00  7.4521E-01  4.1441E+01  1.7204E+00  1.5327E+00  1.8828E+00  2.1160E+00  1.2984E+00  8.1760E-01  2.3665E+00
  1.5000E+01  1.7000E+02  0.0000E+00  2.3680E+00  0.0000E+00  0.0000E+00  2.0000E+00  1.1128E+00  7.4521E-01  4.1441E+01  2.2165E+00  4.7627E-01  8.7186E-01  2.3680E+00  1.6452E+00  7.2285E-01  1.4054E+00
  1.5000E+01  1.7200E+02  0.0000E+00  2.4300E+00  0.0000E+00  0.0000E+00  2.0000E+00  1.1128E+00  7.4521E-01  4.1441E+01  2.3652E+00  1.9274E-01  6.7509E-01  2.4300E+00  1.6276E+00  8.0241E-01  1.1538E+00
  1.5000E+01  1.7600E+02  0.0000E+00  2.2930E+00  0.0000E+00  0.0000E+00  2.0000E+00  1.1128E+00  7.4521E-01  4.1441E+01  2.2273E+00  2.0574E-01  8.0638E-01  2.2930E+00  1.2841E+00  1.0089E+00  7.8339E-01
  1.5000E+01  1.8000E+02  0.0000E+00  2.1200E+00  0.0000E+00  0.0000E+00  2.0000E+00  1.1128E+00  7.4521E-01  4.1441E+01  2.0730E+00  1.5638E-01  8.5513E-01  2.1200E+00  9.9840E-01  1.1216E+00  4.7744E-01
  1.5000E+01  1.9200E+02  0.0000E+00  1.4840E+00  0.0000E+00  0.0000E+00  2.0000E+00  1.1128E+00  7.4521E-01  4.1441E+01  1.6707E+00 -7.3995E-01  1.8027E-01  1.4840E+00  4.6899E-01  1.0150E+00 -2.1011E-01
  1.5000E+01  3.3600E+02  1.0000E+02  0.0000E+00  1.0000E+00  1.0000E+00  3.0000E+00  1.1128E+00  7.4521E-01  4.1441E+01  1.2540E-01 -1.0387E+00  0.0000E+00  0.0000E+00  5.4137E-05  0.0000E+00  0.0000E+00
  1.5000E+01  3.3650E+02  0.0000E+00  8.0600E-01  0.0000E+00  0.0000E+00  3.0000E+00  1.1128E+00  7.4521E-01  4.1441E+01  1.1490E+00 -1.7680E+00 -1.3790E+00  8.0600E-01  8.4215E-01 -3.6147E-02 -1.6281E+00
  1.5000E+01  3.3700E+02  0.0000E+00  1.3750E+00  0.0000E+00  0.0000E+00  3.0000E+00  1.1128E+00  7.4521E-01  4.1441E+01  1.7261E+00 -1.3569E+00 -9.7463E-01  1.3750E+00  1.2984E+00  7.6602E-02 -1.0953E+00
  1.5000E+01  3.3800E+02  0.0000E+00  2.1210E+00  0.0000E+00  0.0000E+00  3.0000E+00  1.1128E+00  7.4521E-01  4.1441E+01  2.2222E+00 -3.1738E-01  1.0819E-01  2.1210E+00  1.6452E+00  4.7585E-01  4.2701E-01
  1.5000E+01  3.4000E+02  0.0000E+00  1.5610E+00  0.0000E+00  0.0000E+00  3.0000E+00  1.1128E+00  7.4521E-01  4.1441E+01  2.3706E+00 -2.4016E+00 -1.8907E+00  1.5610E+00  1.6276E+00 -6.6588E-02 -2.3249E+00
  1.5000E+01  3.4400E+02  0.0000E+00  2.5090E+00  0.0000E+00  0.0000E+00  3.0000E+00  1.1128E+00  7.4521E-01  4.1441E+01  2.2323E+00  8.6461E-01  1.4925E+00  2.5090E+00  1.2841E+00  1.2249E+00  1.8022E+00
  1.5000E+01  3.4800E+02  0.0000E+00  1.9480E+00  0.0000E+00  0.0000E+00  3.0000E+00  1.1128E+00  7.4521E-01  4.1441E+01  2.0777E+00 -4.3094E-01  2.9387E-01  1.9480E+00  9.9840E-01  9.4960E-01 -4.6200E-01
  1.5000E+01  3.6000E+02  0.0000E+00  2.1500E+00  0.0000E+00  0.0000E+00  3.0000E+00  1.1128E+00  7.4521E-01  4.1441E+01  1.6744E+00  1.8819E+00  2.8248E+00  2.1500E+00  4.6899E-01  1.6810E+00  4.6507E+00
  1.6000E+01  0.0000E+00  1.0000E+02  0.0000E+00  1.0000E+00  1.0000E+00  1.0000E+00  1.1862E+00  2.9964E+00  5.0823E+01  0.0000E+00  0.0000E+00  0.0000E+00  0.0000E+00  0.0000E+00  0.0000E+00  0.0000E+00
  1.6000E+01  5.0000E-01  0.0000E+00  6.8000E-01  0.0000E+00  0.0000E+00  1.0000E+00  1.1862E+00  2.9964E+00  5.0823E+01  8.6618E-01 -1.1215E+00 -1.1637E+00  6.8000E-01  8.4209E-01 -1.6209E-01 -1.1630E+00
  1.6000E+01  1.0000E+00  0.0000E+00  1.4930E+00  0.0000E+00  0.0000E+00  1.0000E+00  1.1862E+00  2.9964E+00  5.0823E+01  1.3197E+00  8.1629E-01  7.7137E-01  1.4930E+00  1.2983E+00  1.9465E-01  7.6315E-01
  1.6000E+01  2.0000E+00  0.0000E+00  1.7400E+00  0.0000E+00  0.0000E+00  1.0000E+00  1.1862E+00  2.9964E+00  5.0823E+01  1.6471E+00  3.7221E-01  3.2282E-01  1.7400E+00  1.6451E+00  9.4896E-02  3.1755E-01
  1.6000E+01  4.0000E+00  0.0000E+00  1.6670E+00  0.0000E+00  0.0000E+00  1.0000E+00  1.1862E+00  2.9964E+00  5.0823E+01  1.6175E+00  2.0104E-01  1.5706E-01  1.6670E+00  1.6275E+00  3.9454E-02  1.5693E-01
  1.6000E+01  8.0000E+00  0.0000E+00  1.4060E+00  0.0000E+00  0.0000E+00  1.0000E+00  1.1862E+00  2.9964E+00  5.0823E+01  1.2918E+00  5.4578E-01  5.2925E-01  1.4060E+00  1.2840E+00  1.2196E-01  5.2514E-01
  1.6000E+01  1.2000E+01  0.0000E+00  9.3300E-01  0.0000E+00  0.0000E+00  1.0000E+00  1.1862E+00  2.9964E+00  5.0823E+01  1.0205E+00 -4.8396E-01 -4.8019E-01  9.3300E-01  9.9838E-01 -6.5378E-02 -4.7349E-01
  1.6000E+01  2.4000E+01  0.0000E+00  5.9900E-01  0.0000E+00  0.0000E+00  1.0000E+00  1.1862E+00  2.9964E+00  5.0823E+01  5.0300E-01  7.0073E-01  7.2878E-01  5.9900E-01  4.6898E-01  1.3002E-01  7.2831E-01
  1.6000E+01  1.6800E+02  1.0000E+02  0.0000E+00  1.0000E+00  1.0000E+00  2.0000E+00  1.1862E+00  2.9964E+00  5.0823E+01  1.0340E-04 -8.6476E-04  0.0000E+00  0.0000E+00  5.4135E-05  0.0000E+00  0.0000E+00
  1.6000E+01  1.6850E+02  0.0000E+00  8.3600E-01  0.0000E+00  0.0000E+00  2.0000E+00  1.1862E+00  2.9964E+00  5.0823E+01  8.6628E-01 -1.8240E-01 -2.2452E-01  8.3600E-01  8.4215E-01 -6.1465E-03 -2.2472E-01
  1.6000E+01  1.6900E+02  0.0000E+00  1.4160E+00  0.0000E+00  0.0000E+00  2.0000E+00  1.1862E+00  2.9964E+00  5.0823E+01  1.3198E+00  4.5315E-01  4.0832E-01  1.4160E+00  1.2984E+00  1.1760E-01  4.0304E-01
  1.6000E+01  1.7000E+02  0.0000E+00  1.7580E+00  0.0000E+00  0.0000E+00  2.0000E+00  1.1862E+00  2.9964E+00  5.0823E+01  1.6472E+00  4.4396E-01  3.9464E-01  1.7580E+00  1.6452E+00  1.1285E-01  3.8856E-01
  1.6000E+01  1.7200E+02  0.0000E+00  1.6880E+00  0.0000E+00  0.0000E+00  2.0000E+00  1.1862E+00  2.9964E+00  5.0823E+01  1.6176E+00  2.8604E-01  2.4212E-01  1.6880E+00  1.6276E+00  6.0412E-02  2.4073E-01
  1.6000E+01  1.7600E+02  0.0000E+00  1.3310E+00  0.0000E+00  0.0000E+00  2.0000E+00  1.1862E+00  2.9964E+00  5.0823E+01  1.2918E+00  1.8708E-01  1.7060E-01  1.3310E+00  1.2841E+00  4.6924E-02  1.7115E-01
  1.6000E+01  1.8000E+02  0.0000E+00  1.2260E+00  0.0000E+00  0.0000E+00  2.0000E+00  1.1862E+00  2.9964E+00  5.0823E+01  1.0206E+00  1.1359E+00  1.1397E+00  1.2260E+00  9.9840E-01  2.2760E-01  1.1266E+00
  1.6000E+01  1.9200E+02  0.0000E+00  5.4600E-01  0.0000E+00  0.0000E+00  2.0000E+00  1.1862E+00  2.9964E+00  5.0823E+01  5.0303E-01  3.1368E-01  3.4175E-01  5.4600E-01  4.6899E-01  7.7006E-02  3.4134E-01
  1.6000E+01  3.3600E+02  1.0000E+02  0.0000E+00  1.0000E+00  1.0000E+00  3.0000E+00  1.1862E+00  2.9964E+00  5.0823E+01  1.0340E-04 -8.6480E-04  0.0000E+00  0.0000E+00  5.4137E-05  0.0000E+00  0.0000E+00
  1.6000E+01  3.3650E+02  0.0000E+00  9.9700E-01  0.0000E+00  0.0000E+00  3.0000E+00  1.1862E+00  2.9964E+00  5.0823E+01  8.6628E-01  7.8738E-01  7.4526E-01  9.9700E-01  8.4215E-01  1.5485E-01  7.4406E-01
  1.6000E+01  3.3700E+02  0.0000E+00  1.2130E+00  0.0000E+00  0.0000E+00  3.0000E+00  1.1862E+00  2.9964E+00  5.0823E+01  1.3198E+00 -5.0288E-01 -5.4772E-01  1.2130E+00  1.2984E+00 -8.5398E-02 -5.4535E-01
  1.6000E+01  3.3800E+02  0.0000E+00  1.7030E+00  0.0000E+00  0.0000E+00  3.0000E+00  1.1862E+00  2.9964E+00  5.0823E+01  1.6472E+00  2.2354E-01  1.7422E-01  1.7030E+00  1.6452E+00  5.7848E-02  1.7070E-01
  1.6000E+01  3.4000E+02  0.0000E+00  1.1150E+00  0.0000E+00  0.0000E+00  3.0000E+00  1.1862E+00  2.9964E+00  5.0823E+01  1.6176E+00 -2.0425E+00 -2.0865E+00  1.1150E+00  1.6276E+00 -5.1259E-01 -2.0531E+00
  1.6000E+01  3.4400E+02  0.0000E+00  1.4290E+00  0.0000E+00  0.0000E+00  3.0000E+00  1.1862E+00  2.9964E+00  5.0823E+01  1.2918E+00  6.5536E-01  6.3888E-01  1.4290E+00  1.2841E+00  1.4492E-01  6.3337E-01
  1.6000E+01  3.4800E+02  0.0000E+00  7.5500E-01  0.0000E+00  0.0000E+00  3.0000E+00  1.1862E+00  2.9964E+00  5.0823E+01  1.0206E+00 -1.4685E+00 -1.4646E+00  7.5500E-01  9.9840E-01 -2.4340E-01 -1.4459E+00
  1.6000E+01  3.6000E+02  0.0000E+00  4.1500E-01  0.0000E+00  0.0000E+00  3.0000E+00  1.1862E+00  2.9964E+00  5.0823E+01  5.0303E-01 -6.4252E-01 -6.1445E-01  4.1500E-01  4.6899E-01 -5.3994E-02 -6.1476E-01
  1.7000E+01  0.0000E+00  1.0000E+02  0.0000E+00  1.0000E+00  1.0000E+00  1.0000E+00  1.4205E+00  3.1822E+00  3.7067E+01  0.0000E+00  0.0000E+00  0.0000E+00  0.0000E+00  0.0000E+00  0.0000E+00  0.0000E+00
  1.7000E+01  5.0000E-01  0.0000E+00  1.6060E+00  0.0000E+00  0.0000E+00  1.0000E+00  1.4205E+00  3.1822E+00  3.7067E+01  1.3394E+00  1.2430E+00  1.5678E+00  1.6060E+00  8.4209E-01  7.6391E-01  2.0594E+00
  1.7000E+01  1.0000E+00  0.0000E+00  2.3800E+00  0.0000E+00  0.0000E+00  1.0000E+00  1.4205E+00  3.1822E+00  3.7067E+01  1.9414E+00  1.5417E+00  1.9979E+00  2.3800E+00  1.2983E+00  1.0817E+00  2.5709E+00
  1.7000E+01  2.0000E+00  0.0000E+00  2.3090E+00  0.0000E+00  0.0000E+00  1.0000E+00  1.4205E+00  3.1822E+00  3.7067E+01  2.2508E+00  1.8076E-01  6.5047E-01  2.3090E+00  1.6451E+00  6.6390E-01  7.1774E-01
  1.7000E+01  4.0000E+00  0.0000E+00  1.8430E+00  0.0000E+00  0.0000E+00  1.0000E+00  1.4205E+00  3.1822E+00  3.7067E+01  2.0270E+00 -6.2415E-01 -3.1398E-01  1.8430E+00  1.6275E+00  2.1545E-01 -3.7074E-01
  1.7000E+01  8.0000E+00  0.0000E+00  1.6420E+00  0.0000E+00  0.0000E+00  1.0000E+00  1.4205E+00  3.1822E+00  3.7067E+01  1.4448E+00  8.7162E-01  8.8675E-01  1.6420E+00  1.2840E+00  3.5796E-01  1.0132E+00
  1.7000E+01  1.2000E+01  0.0000E+00  1.2210E+00  0.0000E+00  0.0000E+00  1.0000E+00  1.4205E+00  3.1822E+00  3.7067E+01  1.0249E+00  1.0818E+00  9.1573E-01  1.2210E+00  9.9838E-01  2.2262E-01  9.6129E-01
  1.7000E+01  2.4000E+01  0.0000E+00  3.8400E-01  0.0000E+00  0.0000E+00  1.0000E+00  1.4205E+00  3.1822E+00  3.7067E+01  3.6582E-01  1.4083E-01 -1.3393E-01  3.8400E-01  4.6898E-01 -8.4982E-02 -4.3728E-02
  1.7000E+01  1.6800E+02  1.0000E+02  0.0000E+00  1.0000E+00  1.0000E+00  2.0000E+00  1.4205E+00  3.1822E+00  3.7067E+01  1.5645E-06 -1.3085E-05  0.0000E+00  0.0000E+00  5.4135E-05  0.0000E+00  0.0000E+00
  1.7000E+01  1.6850E+02  0.0000E+00  1.3240E+00  0.0000E+00  0.0000E+00  2.0000E+00  1.4205E+00  3.1822E+00  3.7067E+01  1.3394E+00 -7.1715E-02  2.5305E-01  1.3240E+00  8.4215E-01  4.8185E-01  3.6304E-01
  1.7000E+01  1.6900E+02  0.0000E+00  1.8150E+00  0.0000E+00  0.0000E+00  2.0000E+00  1.4205E+00  3.1822E+00  3.7067E+01  1.9414E+00 -4.4446E-01  1.1788E-02  1.8150E+00  1.2984E+00  5.1660E-01 -6.8455E-02
  1.7000E+01  1.7000E+02  0.0000E+00  2.1930E+00  0.0000E+00  0.0000E+00  2.0000E+00  1.4205E+00  3.1822E+00  3.7067E+01  2.2508E+00 -1.7921E-01  2.9049E-01  2.1930E+00  1.6452E+00  5.4785E-01  2.5849E-01
  1.7000E+01  1.7200E+02  0.0000E+00  1.7870E+00  0.0000E+00  0.0000E+00  2.0000E+00  1.4205E+00  3.1822E+00  3.7067E+01  2.0270E+00 -8.1409E-01 -5.0392E-01  1.7870E+00  1.6276E+00  1.5941E-01 -5.9467E-01
  1.7000E+01  1.7600E+02  0.0000E+00  1.3200E+00  0.0000E+00  0.0000E+00  2.0000E+00  1.4205E+00  3.1822E+00  3.7067E+01  1.4448E+00 -5.5150E-01 -5.3637E-01  1.3200E+00  1.2841E+00  3.5924E-02 -5.0537E-01
  1.7000E+01  1.8000E+02  0.0000E+00  7.9800E-01  0.0000E+00  0.0000E+00  2.0000E+00  1.4205E+00  3.1822E+00  3.7067E+01  1.0249E+00 -1.2516E+00 -1.4176E+00  7.9800E-01  9.9840E-01 -2.0040E-01 -1.3489E+00
  1.7000E+01  1.9200E+02  0.0000E+00  1.8600E-01  0.0000E+00  0.0000E+00  2.0000E+00  1.4205E+00  3.1822E+00  3.7067E+01  3.6582E-01 -1.3931E+00 -1.6679E+00  1.8600E-01  4.6899E-01 -2.8299E-01 -1.4886E+00
  1.7000E+01  3.3600E+02  1.0000E+02  0.0000E+00  1.0000E+00  1.0000E+00  3.0000E+00  1.4205E+00  3.1822E+00  3.7067E+01  1.5645E-06 -1.3085E-05  0.0000E+00  0.0000E+00  5.4137E-05  0.0000E+00  0.0000E+00
  1.7000E+01  3.3650E+02  0.0000E+00  1.2820E+00  0.0000E+00  0.0000E+00  3.0000E+00  1.4205E+00  3.1822E+00  3.7067E+01  1.3394E+00 -2.6752E-01  5.7243E-02  1.2820E+00  8.4215E-01  4.3985E-01  1.1031E-01
  1.7000E+01  3.3700E+02  0.0000E+00  1.6020E+00  0.0000E+00  0.0000E+00  3.0000E+00  1.4205E+00  3.1822E+00  3.7067E+01  1.9414E+00 -1.1932E+00 -7.3697E-01  1.6020E+00  1.2984E+00  3.0360E-01 -1.0636E+00
  1.7000E+01  3.3800E+02  0.0000E+00  1.9630E+00  0.0000E+00  0.0000E+00  3.0000E+00  1.4205E+00  3.1822E+00  3.7067E+01  2.2508E+00 -8.9294E-01 -4.2324E-01  1.9630E+00  1.6452E+00  3.1785E-01 -6.5257E-01
  1.7000E+01  3.4000E+02  0.0000E+00  2.4390E+00  0.0000E+00  0.0000E+00  3.0000E+00  1.4205E+00  3.1822E+00  3.7067E+01  2.0270E+00  1.3973E+00  1.7075E+00  2.4390E+00  1.6276E+00  8.1141E-01  2.0154E+00
  1.7000E+01  3.4400E+02  0.0000E+00  1.9350E+00  0.0000E+00  0.0000E+00  3.0000E+00  1.4205E+00  3.1822E+00  3.7067E+01  1.4448E+00  2.1666E+00  2.1817E+00  1.9350E+00  1.2841E+00  6.5092E-01  2.3953E+00
  1.7000E+01  3.4800E+02  0.0000E+00  1.0040E+00  0.0000E+00  0.0000E+00  3.0000E+00  1.4205E+00  3.1822E+00  3.7067E+01  1.0249E+00 -1.1523E-01 -2.8129E-01  1.0040E+00  9.9840E-01  5.5969E-03 -2.2372E-01
  1.7000E+01  3.6000E+02  0.0000E+00  3.3900E-01  0.0000E+00  0.0000E+00  3.0000E+00  1.4205E+00  3.1822E+00  3.7067E+01  3.6582E-01 -2.0779E-01 -4.8255E-01  3.3900E-01  4.6899E-01 -1.2999E-01 -3.7197E-01
  1.8000E+01  0.0000E+00  1.0000E+02  0.0000E+00  1.0000E+00  1.0000E+00  1.0000E+00  1.5828E+00  3.3880E+00  4.3291E+01  0.0000E+00  0.0000E+00  0.0000E+00  0.0000E+00  0.0000E+00  0.0000E+00  0.0000E+00
  1.8000E+01  5.0000E-01  0.0000E+00  1.3100E+00  0.0000E+00  0.0000E+00  1.0000E+00  1.5828E+00  3.3880E+00  4.3291E+01  1.2355E+00  3.6680E-01  7.1908E-01  1.3100E+00  8.4209E-01  4.6791E-01  9.3065E-01
  1.8000E+01  1.0000E+00  0.0000E+00  1.7610E+00  0.0000E+00  0.0000E+00  1.0000E+00  1.5828E+00  3.3880E+00  4.3291E+01  1.7480E+00  4.9732E-02  3.9791E-01  1.7610E+00  1.2983E+00  4.6265E-01  4.4373E-01
  1.8000E+01  2.0000E+00  0.0000E+00  1.3970E+00  0.0000E+00  0.0000E+00  1.0000E+00  1.5828E+00  3.3880E+00  4.3291E+01  1.9755E+00 -2.0045E+00 -1.7924E+00  1.3970E+00  1.6451E+00 -2.4810E-01 -2.1094E+00
  1.8000E+01  4.0000E+00  0.0000E+00  1.9720E+00  0.0000E+00  0.0000E+00  1.0000E+00  1.5828E+00  3.3880E+00  4.3291E+01  1.7726E+00  7.5455E-01  8.2476E-01  1.9720E+00  1.6275E+00  3.4445E-01  8.8366E-01
  1.8000E+01  8.0000E+00  0.0000E+00  9.8700E-01  0.0000E+00  0.0000E+00  1.0000E+00  1.5828E+00  3.3880E+00  4.3291E+01  1.2993E+00 -1.4865E+00 -1.5298E+00  9.8700E-01  1.2840E+00 -2.9704E-01 -1.4862E+00
  1.8000E+01  1.2000E+01  0.0000E+00  9.7900E-01  0.0000E+00  0.0000E+00  1.0000E+00  1.5828E+00  3.3880E+00  4.3291E+01  9.5008E-01  1.6625E-01  5.8735E-02  9.7900E-01  9.9838E-01 -1.9378E-02  5.8364E-02
  1.8000E+01  2.4000E+01  0.0000E+00  4.2500E-01  0.0000E+00  0.0000E+00  1.0000E+00  1.5828E+00  3.3880E+00  4.3291E+01  3.7145E-01  4.1392E-01  2.7045E-01  4.2500E-01  4.6898E-01 -4.3982E-02  2.5120E-01
  1.8000E+01  1.6800E+02  1.0000E+02  0.0000E+00  1.0000E+00  1.0000E+00  2.0000E+00  1.5828E+00  3.3880E+00  4.3291E+01  4.7381E-06 -3.9627E-05  0.0000E+00  0.0000E+00  5.4135E-05  0.0000E+00  0.0000E+00
  1.8000E+01  1.6850E+02  0.0000E+00  1.1140E+00  0.0000E+00  0.0000E+00  2.0000E+00  1.5828E+00  3.3880E+00  4.3291E+01  1.2355E+00 -5.9792E-01 -2.4566E-01  1.1140E+00  8.4215E-01  2.7185E-01 -2.4852E-01
  1.8000E+01  1.6900E+02  0.0000E+00  1.4340E+00  0.0000E+00  0.0000E+00  2.0000E+00  1.5828E+00  3.3880E+00  4.3291E+01  1.7480E+00 -1.2014E+00 -8.5327E-01  1.4340E+00  1.2984E+00  1.3560E-01 -1.0838E+00
  1.8000E+01  1.7000E+02  0.0000E+00  1.8430E+00  0.0000E+00  0.0000E+00  2.0000E+00  1.5828E+00  3.3880E+00  4.3291E+01  1.9755E+00 -4.5903E-01 -2.4696E-01  1.8430E+00  1.6452E+00  1.9785E-01 -3.4261E-01
  1.8000E+01  1.7200E+02  0.0000E+00  1.9550E+00  0.0000E+00  0.0000E+00  2.0000E+00  1.5828E+00  3.3880E+00  4.3291E+01  1.7726E+00  6.9021E-01  7.6041E-01  1.9550E+00  1.6276E+00  3.2741E-01  8.1570E-01
  1.8000E+01  1.7600E+02  0.0000E+00  1.2730E+00  0.0000E+00  0.0000E+00  2.0000E+00  1.5828E+00  3.3880E+00  4.3291E+01  1.2993E+00 -1.2524E-01 -1.6849E-01  1.2730E+00  1.2841E+00 -1.1076E-02 -1.3706E-01
  1.8000E+01  1.8000E+02  0.0000E+00  1.0640E+00  0.0000E+00  0.0000E+00  2.0000E+00  1.5828E+00  3.3880E+00  4.3291E+01  9.5009E-01  6.5493E-01  5.4741E-01  1.0640E+00  9.9840E-01  6.5597E-02  5.2273E-01
  1.8000E+01  1.9200E+02  0.0000E+00  4.6100E-01  0.0000E+00  0.0000E+00  2.0000E+00  1.5828E+00  3.3880E+00  4.3291E+01  3.7145E-01  6.9220E-01  5.4872E-01  4.6100E-01  4.6899E-01 -7.9944E-03  5.1403E-01
  1.8000E+01  3.3600E+02  1.0000E+02  0.0000E+00  1.0000E+00  1.0000E+00  3.0000E+00  1.5828E+00  3.3880E+00  4.3291E+01  4.7381E-06 -3.9627E-05  0.0000E+00  0.0000E+00  5.4137E-05  0.0000E+00  0.0000E+00
  1.8000E+01  3.3650E+02  0.0000E+00  1.3320E+00  0.0000E+00  0.0000E+00  3.0000E+00  1.5828E+00  3.3880E+00  4.3291E+01  1.2355E+00  4.7506E-01  8.2733E-01  1.3320E+00  8.4215E-01  4.8985E-01  1.0632E+00
  1.8000E+01  3.3700E+02  0.0000E+00  2.3010E+00  0.0000E+00  0.0000E+00  3.0000E+00  1.5828E+00  3.3880E+00  4.3291E+01  1.7480E+00  2.1158E+00  2.4640E+00  2.3010E+00  1.2984E+00  1.0026E+00  2.9667E+00
  1.8000E+01  3.3800E+02  0.0000E+00  2.1290E+00  0.0000E+00  0.0000E+00  3.0000E+00  1.5828E+00  3.3880E+00  4.3291E+01  1.9755E+00  5.3201E-01  7.4409E-01  2.1290E+00  1.6452E+00  4.8385E-01  7.9027E-01
  1.8000E+01  3.4000E+02  0.0000E+00  1.8620E+00  0.0000E+00  0.0000E+00  3.0000E+00  1.5828E+00  3.3880E+00  4.3291E+01  1.7726E+00  3.3830E-01  4.0850E-01  1.8620E+00  1.6276E+00  2.3441E-01  4.4341E-01
  1.8000E+01  3.4400E+02  0.0000E+00  1.5170E+00  0.0000E+00  0.0000E+00  3.0000E+00  1.5828E+00  3.3880E+00  4.3291E+01  1.2993E+00  1.0362E+00  9.9290E-01  1.5170E+00  1.2841E+00  2.3292E-01  1.0138E+00
  1.8000E+01  3.4800E+02  0.0000E+00  8.3800E-01  0.0000E+00  0.0000E+00  3.0000E+00  1.5828E+00  3.3880E+00  4.3291E+01  9.5009E-01 -6.4442E-01 -7.5194E-01  8.3800E-01  9.9840E-01 -1.6040E-01 -7.1164E-01
  1.8000E+01  3.6000E+02  0.0000E+00  2.3700E-01  0.0000E+00  0.0000E+00  3.0000E+00  1.5828E+00  3.3880E+00  4.3291E+01  3.7145E-01 -1.0393E+00 -1.1828E+00  2.3700E-01  4.6899E-01 -2.3199E-01 -1.1208E+00
  1.9000E+01  0.0000E+00  1.0000E+02  0.0000E+00  1.0000E+00  1.0000E+00  1.0000E+00  2.3406E+00  9.3257E-01  3.9356E+01  0.0000E+00  0.0000E+00  0.0000E+00  0.0000E+00  0.0000E+00  0.0000E+00  0.0000E+00
  1.9000E+01  5.0000E-01  0.0000E+00  1.5840E+00  0.0000E+00  0.0000E+00  1.0000E+00  2.3406E+00  9.3257E-01  3.9356E+01  1.7402E+00 -5.9981E-01  2.2182E-01  1.5840E+00  8.4209E-01  7.4191E-01  3.0053E-01
  1.9000E+01  1.0000E+00  0.0000E+00  2.1130E+00  0.0000E+00  0.0000E+00  1.0000E+00  2.3406E+00  9.3257E-01  3.9356E+01  2.2597E+00 -4.5360E-01  1.4497E-02  2.1130E+00  1.2983E+00  8.1465E-01 -1.0794E-01
  1.9000E+01  2.0000E+00  0.0000E+00  2.7300E+00  0.0000E+00  0.0000E+00  1.0000E+00  2.3406E+00  9.3257E-01  3.9356E+01  2.4243E+00  8.8920E-01  1.0120E+00  2.7300E+00  1.6451E+00  1.0849E+00  1.3166E+00
  1.9000E+01  4.0000E+00  0.0000E+00  2.7390E+00  0.0000E+00  0.0000E+00  1.0000E+00  2.3406E+00  9.3257E-01  3.9356E+01  2.3346E+00  1.2159E+00  1.3336E+00  2.7390E+00  1.6275E+00  1.1115E+00  1.9142E+00
  1.9000E+01  8.0000E+00  0.0000E+00  1.7510E+00  0.0000E+00  0.0000E+00  1.0000E+00  2.3406E+00  9.3257E-01  3.9356E+01  2.1236E+00 -1.2153E+00 -9.4834E-01  1.7510E+00  1.2840E+00  4.6696E-01 -1.4416E+00
  1.9000E+01  1.2000E+01  0.0000E+00  2.0190E+00  0.0000E+00  0.0000E+00  1.0000E+00  2.3406E+00  9.3257E-01  3.9356E+01  1.9316E+00  3.0850E-01  7.0664E-01  2.0190E+00  9.9838E-01  1.0206E+00  7.7926E-01
  1.9000E+01  2.4000E+01  0.0000E+00  1.4810E+00  0.0000E+00  0.0000E+00  1.0000E+00  2.3406E+00  9.3257E-01  3.9356E+01  1.4535E+00  1.2085E-01  8.0544E-01  1.4810E+00  4.6898E-01  1.0120E+00  1.3668E+00
  1.9000E+01  1.6800E+02  1.0000E+02  0.0000E+00  1.0000E+00  1.0000E+00  2.0000E+00  2.3406E+00  9.3257E-01  3.9356E+01  4.7920E-02 -4.0021E-01  0.0000E+00  0.0000E+00  5.4135E-05  0.0000E+00  0.0000E+00
  1.9000E+01  1.6850E+02  0.0000E+00  2.5430E+00  0.0000E+00  0.0000E+00  2.0000E+00  2.3406E+00  9.3257E-01  3.9356E+01  1.7876E+00  2.8395E+00  3.8198E+00  2.5430E+00  8.4215E-01  1.7009E+00  6.0671E+00
  1.9000E+01  1.6900E+02  0.0000E+00  2.5240E+00  0.0000E+00  0.0000E+00  2.0000E+00  2.3406E+00  9.3257E-01  3.9356E+01  2.3065E+00  6.6090E-01  1.2798E+00  2.5240E+00  1.2984E+00  1.2256E+00  1.8093E+00
  1.9000E+01  1.7000E+02  0.0000E+00  2.3400E+00  0.0000E+00  0.0000E+00  2.0000E+00  2.3406E+00  9.3257E-01  3.9356E+01  2.4700E+00 -3.7199E-01 -1.0087E-01  2.3400E+00  1.6452E+00  6.9485E-01 -2.3043E-01
  1.9000E+01  1.7200E+02  0.0000E+00  2.6100E+00  0.0000E+00  0.0000E+00  2.0000E+00  2.3406E+00  9.3257E-01  3.9356E+01  2.3782E+00  6.8587E-01  9.4860E-01  2.6100E+00  1.6276E+00  9.8241E-01  1.3958E+00
  1.9000E+01  1.7600E+02  0.0000E+00  2.1670E+00  0.0000E+00  0.0000E+00  2.0000E+00  2.3406E+00  9.3257E-01  3.9356E+01  2.1633E+00  1.1901E-02  4.1688E-01  2.1670E+00  1.2841E+00  8.8292E-01  5.1859E-01
  1.9000E+01  1.8000E+02  0.0000E+00  1.7010E+00  0.0000E+00  0.0000E+00  2.0000E+00  2.3406E+00  9.3257E-01  3.9356E+01  1.9677E+00 -9.2708E-01 -3.9786E-01  1.7010E+00  9.9840E-01  7.0260E-01 -9.5944E-01
  1.9000E+01  1.9200E+02  0.0000E+00  1.6020E+00  0.0000E+00  0.0000E+00  2.0000E+00  2.3406E+00  9.3257E-01  3.9356E+01  1.4807E+00  5.2677E-01  1.3229E+00  1.6020E+00  4.6899E-01  1.1330E+00  2.2486E+00
  1.9000E+01  3.3600E+02  1.0000E+02  0.0000E+00  1.0000E+00  1.0000E+00  3.0000E+00  2.3406E+00  9.3257E-01  3.9356E+01  4.8814E-02 -4.0766E-01  0.0000E+00  0.0000E+00  5.4137E-05  0.0000E+00  0.0000E+00
  1.9000E+01  3.3650E+02  0.0000E+00  1.4420E+00  0.0000E+00  0.0000E+00  3.0000E+00  2.3406E+00  9.3257E-01  3.9356E+01  1.7885E+00 -1.3017E+00 -3.1531E-01  1.4420E+00  8.4215E-01  5.9985E-01 -5.5788E-01
  1.9000E+01  3.3700E+02  0.0000E+00  1.9110E+00  0.0000E+00  0.0000E+00  3.0000E+00  2.3406E+00  9.3257E-01  3.9356E+01  2.3073E+00 -1.2038E+00 -5.7917E-01  1.9110E+00  1.2984E+00  6.1260E-01 -1.0545E+00
  1.9000E+01  3.3800E+02  0.0000E+00  2.3540E+00  0.0000E+00  0.0000E+00  3.0000E+00  2.3406E+00  9.3257E-01  3.9356E+01  2.4709E+00 -3.3427E-01 -5.7666E-02  2.3540E+00  1.6452E+00  7.0885E-01 -1.7498E-01
  1.9000E+01  3.4000E+02  0.0000E+00  2.6180E+00  0.0000E+00  0.0000E+00  3.0000E+00  2.3406E+00  9.3257E-01  3.9356E+01  2.3790E+00  7.0691E-01  9.7497E-01  2.6180E+00  1.6276E+00  9.9041E-01  1.4278E+00
  1.9000E+01  3.4400E+02  0.0000E+00  2.1600E+00  0.0000E+00  0.0000E+00  3.0000E+00  2.3406E+00  9.3257E-01  3.9356E+01  2.1640E+00 -1.2944E-02  3.9706E-01  2.1600E+00  1.2841E+00  8.7592E-01  4.8557E-01
  1.9000E+01  3.4800E+02  0.0000E+00  1.6340E+00  0.0000E+00  0.0000E+00  3.0000E+00  2.3406E+00  9.3257E-01  3.9356E+01  1.9683E+00 -1.1620E+00 -6.2806E-01  1.6340E+00  9.9840E-01  6.3560E-01 -1.3254E+00
  1.9000E+01  3.6000E+02  0.0000E+00  1.7640E+00  0.0000E+00  0.0000E+00  3.0000E+00  2.3406E+00  9.3257E-01  3.9356E+01  1.4812E+00  1.2276E+00  2.0277E+00  1.7640E+00  4.6899E-01  1.2950E+00  3.4310E+00
  2.0000E+01  0.0000E+00  1.0000E+02  0.0000E+00  1.0000E+00  1.0000E+00  1.0000E+00  5.4043E-01  5.7761E+00  6.0082E+01  0.0000E+00  0.0000E+00  0.0000E+00  0.0000E+00  0.0000E+00  0.0000E+00  0.0000E+00
  2.0000E+01  5.0000E-01  0.0000E+00  5.1400E-01  0.0000E+00  0.0000E+00  1.0000E+00  5.4043E-01  5.7761E+00  6.0082E+01  3.8437E-01  9.9696E-01  7.8815E-01  5.1400E-01  8.4209E-01 -3.2809E-01  7.5448E-01
  2.0000E+01  1.0000E+00  0.0000E+00  1.0100E+00  0.0000E+00  0.0000E+00  1.0000E+00  5.4043E-01  5.7761E+00  6.0082E+01  6.5968E-01  2.3624E+00  2.0179E+00  1.0100E+00  1.2983E+00 -2.8835E-01  1.3082E+00
  2.0000E+01  2.0000E+00  0.0000E+00  1.4460E+00  0.0000E+00  0.0000E+00  1.0000E+00  5.4043E-01  5.7761E+00  6.0082E+01  9.8348E-01  2.6104E+00  2.1666E+00  1.4460E+00  1.6451E+00 -1.9910E-01  1.2962E+00
  2.0000E+01  4.0000E+00  0.0000E+00  1.2060E+00  0.0000E+00  0.0000E+00  1.0000E+00  5.4043E-01  5.7761E+00  6.0082E+01  1.1451E+00  3.1433E-01 -6.1252E-02  1.2060E+00  1.6275E+00 -4.2155E-01 -8.8532E-02
  2.0000E+01  8.0000E+00  0.0000E+00  8.6800E-01  0.0000E+00  0.0000E+00  1.0000E+00  5.4043E-01  5.7761E+00  6.0082E+01  9.1141E-01 -2.5498E-01 -5.2773E-01  8.6800E-01  1.2840E+00 -4.1604E-01 -3.1212E-01
  2.0000E+01  1.2000E+01  0.0000E+00  6.6600E-01  0.0000E+00  0.0000E+00  1.0000E+00  5.4043E-01  5.7761E+00  6.0082E+01  6.3562E-01  2.0746E-01 -7.8093E-02  6.6600E-01  9.9838E-01 -3.3238E-01 -3.7564E-02
  2.0000E+01  2.4000E+01  0.0000E+00  1.0300E-01  0.0000E+00  0.0000E+00  1.0000E+00  5.4043E-01  5.7761E+00  6.0082E+01  2.0150E-01 -8.0387E-01 -1.0289E+00  1.0300E-01  4.6898E-01 -3.6598E-01 -9.9857E-01
  2.0000E+01  1.6800E+02  1.0000E+02  0.0000E+00  1.0000E+00  1.0000E+00  2.0000E+00  5.4043E-01  5.7761E+00  6.0082E+01  1.9589E-07 -1.6383E-06  0.0000E+00  0.0000E+00  5.4135E-05  0.0000E+00  0.0000E+00
  2.0000E+01  1.6850E+02  0.0000E+00  2.0400E-01  0.0000E+00  0.0000E+00  2.0000E+00  5.4043E-01  5.7761E+00  6.0082E+01  3.8437E-01 -1.3871E+00 -1.5959E+00  2.0400E-01  8.4215E-01 -6.3815E-01 -1.1105E+00
  2.0000E+01  1.6900E+02  0.0000E+00  6.5100E-01  0.0000E+00  0.0000E+00  2.0000E+00  5.4043E-01  5.7761E+00  6.0082E+01  6.5968E-01 -5.8545E-02 -4.0310E-01  6.5100E-01  1.2984E+00 -6.4740E-01 -3.6872E-01
  2.0000E+01  1.7000E+02  0.0000E+00  8.4600E-01  0.0000E+00  0.0000E+00  2.0000E+00  5.4043E-01  5.7761E+00  6.0082E+01  9.8348E-01 -7.7591E-01 -1.2197E+00  8.4600E-01  1.6452E+00 -7.9915E-01 -1.0802E+00
  2.0000E+01  1.7200E+02  0.0000E+00  1.2760E+00  0.0000E+00  0.0000E+00  2.0000E+00  5.4043E-01  5.7761E+00  6.0082E+01  1.1451E+00  6.7592E-01  3.0033E-01  1.2760E+00  1.6276E+00 -3.5159E-01  1.9189E-01
  2.0000E+01  1.7600E+02  0.0000E+00  1.0090E+00  0.0000E+00  0.0000E+00  2.0000E+00  5.4043E-01  5.7761E+00  6.0082E+01  9.1141E-01  5.7329E-01  3.0054E-01  1.0090E+00  1.2841E+00 -2.7508E-01  3.5313E-01
  2.0000E+01  1.8000E+02  0.0000E+00  6.8900E-01  0.0000E+00  0.0000E+00  2.0000E+00  5.4043E-01  5.7761E+00  6.0082E+01  6.3562E-01  3.6454E-01  7.8991E-02  6.8900E-01  9.9840E-01 -3.0940E-01  8.8248E-02
  2.0000E+01  1.9200E+02  0.0000E+00  1.9600E-01  0.0000E+00  0.0000E+00  2.0000E+00  5.4043E-01  5.7761E+00  6.0082E+01  2.0150E-01 -4.4880E-02 -2.6996E-01  1.9600E-01  4.6899E-01 -2.7299E-01 -3.1966E-01
  2.0000E+01  3.3600E+02  1.0000E+02  0.0000E+00  1.0000E+00  1.0000E+00  3.0000E+00  5.4043E-01  5.7761E+00  6.0082E+01  1.9589E-07 -1.6383E-06  0.0000E+00  0.0000E+00  5.4137E-05  0.0000E+00  0.0000E+00
  2.0000E+01  3.3650E+02  0.0000E+00  1.3100E-01  0.0000E+00  0.0000E+00  3.0000E+00  5.4043E-01  5.7761E+00  6.0082E+01  3.8437E-01 -1.9485E+00 -2.1573E+00  1.3100E-01  8.4215E-01 -7.1115E-01 -1.5498E+00
  2.0000E+01  3.3700E+02  0.0000E+00  2.9200E-01  0.0000E+00  0.0000E+00  3.0000E+00  5.4043E-01  5.7761E+00  6.0082E+01  6.5968E-01 -2.4795E+00 -2.8241E+00  2.9200E-01  1.2984E+00 -1.0064E+00 -2.0459E+00
  2.0000E+01  3.3800E+02  0.0000E+00  4.7700E-01  0.0000E+00  0.0000E+00  3.0000E+00  5.4043E-01  5.7761E+00  6.0082E+01  9.8348E-01 -2.8585E+00 -3.3023E+00  4.7700E-01  1.6452E+00 -1.1682E+00 -2.5419E+00
  2.0000E+01  3.4000E+02  0.0000E+00  8.1500E-01  0.0000E+00  0.0000E+00  3.0000E+00  5.4043E-01  5.7761E+00  6.0082E+01  1.1451E+00 -1.7054E+00 -2.0810E+00  8.1500E-01  1.6276E+00 -8.1259E-01 -1.6536E+00
  2.0000E+01  3.4400E+02  0.0000E+00  8.8600E-01  0.0000E+00  0.0000E+00  3.0000E+00  5.4043E-01  5.7761E+00  6.0082E+01  9.1141E-01 -1.4924E-01 -4.2199E-01  8.8600E-01  1.2841E+00 -3.9808E-01 -2.2702E-01
  2.0000E+01  3.4800E+02  0.0000E+00  6.1300E-01  0.0000E+00  0.0000E+00  3.0000E+00  5.4043E-01  5.7761E+00  6.0082E+01  6.3562E-01 -1.5452E-01 -4.4007E-01  6.1300E-01  9.9840E-01 -3.8540E-01 -3.2685E-01
  2.0000E+01  3.6000E+02  0.0000E+00  2.5800E-01  0.0000E+00  0.0000E+00  3.0000E+00  5.4043E-01  5.7761E+00  6.0082E+01  2.0150E-01  4.6111E-01  2.3604E-01  2.5800E-01  4.6899E-01 -2.1099E-01  1.3284E-01
  2.1000E+01  0.0000E+00  1.0000E+02  0.0000E+00  1.0000E+00  1.0000E+00  1.0000E+00  6.7745E-01  1.6607E+00  5.3557E+01  0.0000E+00  0.0000E+00  0.0000E+00  0.0000E+00  0.0000E+00  0.0000E+00  0.0000E+00
  2.1000E+01  5.0000E-01  0.0000E+00  6.8400E-01  0.0000E+00  0.0000E+00  1.0000E+00  6.7745E-01  1.6607E+00  5.3557E+01  5.3210E-01  1.0933E+00  7.8952E-01  6.8400E-01  8.4209E-01 -1.5809E-01  6.8227E-01
  2.1000E+01  1.0000E+00  0.0000E+00  8.5700E-01  0.0000E+00  0.0000E+00  1.0000E+00  6.7745E-01  1.6607E+00  5.3557E+01  9.0314E-01 -2.7227E-01 -6.9142E-01  8.5700E-01  1.2983E+00 -4.4135E-01 -5.9283E-01
  2.1000E+01  2.0000E+00  0.0000E+00  1.4780E+00  0.0000E+00  0.0000E+00  1.0000E+00  6.7745E-01  1.6607E+00  5.3557E+01  1.3343E+00  6.7183E-01  2.6362E-01  1.4780E+00  1.6451E+00 -1.6710E-01  1.8990E-01
  2.1000E+01  4.0000E+00  0.0000E+00  1.5990E+00  0.0000E+00  0.0000E+00  1.0000E+00  6.7745E-01  1.6607E+00  5.3557E+01  1.5983E+00  3.0747E-03 -1.8943E-01  1.5990E+00  1.6275E+00 -2.8546E-02 -1.1971E-01
  2.1000E+01  8.0000E+00  0.0000E+00  1.2650E+00  0.0000E+00  0.0000E+00  1.0000E+00  6.7745E-01  1.6607E+00  5.3557E+01  1.5182E+00 -1.0792E+00 -1.0091E+00  1.2650E+00  1.2840E+00 -1.9043E-02 -1.1388E+00
  2.1000E+01  1.2000E+01  0.0000E+00  1.1390E+00  0.0000E+00  0.0000E+00  1.0000E+00  6.7745E-01  1.6607E+00  5.3557E+01  1.3482E+00 -9.7074E-01 -7.8138E-01  1.1390E+00  9.9838E-01  1.4062E-01 -1.0830E+00
  2.1000E+01  2.4000E+01  0.0000E+00  9.5600E-01  0.0000E+00  0.0000E+00  1.0000E+00  6.7745E-01  1.6607E+00  5.3557E+01  9.2966E-01  1.5316E-01  5.2413E-01  9.5600E-01  4.6898E-01  4.8702E-01  6.0692E-01
  2.1000E+01  1.6800E+02  1.0000E+02  0.0000E+00  1.0000E+00  1.0000E+00  2.0000E+00  6.7745E-01  1.6607E+00  5.3557E+01  1.0693E-02 -8.9423E-02  0.0000E+00  0.0000E+00  5.4135E-05  0.0000E+00  0.0000E+00
  2.1000E+01  1.6850E+02  0.0000E+00  6.1400E-01  0.0000E+00  0.0000E+00  2.0000E+00  6.7745E-01  1.6607E+00  5.3557E+01  5.4263E-01  5.1106E-01  2.4579E-01  6.1400E-01  8.4215E-01 -2.2815E-01  2.5858E-01
  2.1000E+01  1.6900E+02  0.0000E+00  9.1700E-01  0.0000E+00  0.0000E+00  2.0000E+00  6.7745E-01  1.6607E+00  5.3557E+01  9.1350E-01  2.0520E-02 -3.6118E-01  9.1700E-01  1.2984E+00 -3.8140E-01 -3.1429E-01
  2.1000E+01  1.7000E+02  0.0000E+00  1.4940E+00  0.0000E+00  0.0000E+00  2.0000E+00  6.7745E-01  1.6607E+00  5.3557E+01  1.3443E+00  6.9603E-01  3.2312E-01  1.4940E+00  1.6452E+00 -1.5115E-01  2.5188E-01
  2.1000E+01  1.7200E+02  0.0000E+00  1.6330E+00  0.0000E+00  0.0000E+00  2.0000E+00  6.7745E-01  1.6607E+00  5.3557E+01  1.6077E+00  1.0332E-01 -5.6661E-02  1.6330E+00  1.6276E+00  5.4121E-03  1.5144E-02
  2.1000E+01  1.7600E+02  0.0000E+00  1.6740E+00  0.0000E+00  0.0000E+00  2.0000E+00  6.7745E-01  1.6607E+00  5.3557E+01  1.5265E+00  6.2607E-01  7.2556E-01  1.6740E+00  1.2841E+00  3.8992E-01  7.8917E-01
  2.1000E+01  1.8000E+02  0.0000E+00  1.5590E+00  0.0000E+00  0.0000E+00  2.0000E+00  6.7745E-01  1.6607E+00  5.3557E+01  1.3555E+00  9.4077E-01  1.1571E+00  1.5590E+00  9.9840E-01  5.6060E-01  1.2099E+00
  2.1000E+01  1.9200E+02  0.0000E+00  9.3000E-01  0.0000E+00  0.0000E+00  2.0000E+00  6.7745E-01  1.6607E+00  5.3557E+01  9.3474E-01 -2.7492E-02  3.6399E-01  9.3000E-01  4.6899E-01  4.6101E-01  4.1638E-01
  2.1000E+01  3.3600E+02  1.0000E+02  0.0000E+00  1.0000E+00  1.0000E+00  3.0000E+00  6.7745E-01  1.6607E+00  5.3557E+01  1.0751E-02 -8.9912E-02  0.0000E+00  0.0000E+00  5.4137E-05  0.0000E+00  0.0000E+00
  2.1000E+01  3.3650E+02  0.0000E+00  3.9000E-01  0.0000E+00  0.0000E+00  3.0000E+00  6.7745E-01  1.6607E+00  5.3557E+01  5.4269E-01 -1.0934E+00 -1.3582E+00  3.9000E-01  8.4215E-01 -4.5215E-01 -1.0893E+00
  2.1000E+01  3.3700E+02  0.0000E+00  6.5800E-01  0.0000E+00  0.0000E+00  3.0000E+00  6.7745E-01  1.6607E+00  5.3557E+01  9.1356E-01 -1.4994E+00 -1.8807E+00  6.5800E-01  1.2984E+00 -6.4040E-01 -1.5243E+00
  2.1000E+01  3.3800E+02  0.0000E+00  1.2820E+00  0.0000E+00  0.0000E+00  3.0000E+00  6.7745E-01  1.6607E+00  5.3557E+01  1.3444E+00 -2.9008E-01 -6.6261E-01  1.2820E+00  1.6452E+00 -3.6315E-01 -5.8788E-01
  2.1000E+01  3.4000E+02  0.0000E+00  1.6670E+00  0.0000E+00  0.0000E+00  3.0000E+00  6.7745E-01  1.6607E+00  5.3557E+01  1.6077E+00  2.4192E-01  8.2298E-02  1.6670E+00  1.6276E+00  3.9412E-02  1.5125E-01
  2.1000E+01  3.4400E+02  0.0000E+00  1.6470E+00  0.0000E+00  0.0000E+00  3.0000E+00  6.7745E-01  1.6607E+00  5.3557E+01  1.5266E+00  5.1125E-01  6.1105E-01  1.6470E+00  1.2841E+00  3.6292E-01  6.6182E-01
  2.1000E+01  3.4800E+02  0.0000E+00  1.3740E+00  0.0000E+00  0.0000E+00  3.0000E+00  6.7745E-01  1.6607E+00  5.3557E+01  1.3556E+00  8.5206E-02  3.0180E-01  1.3740E+00  9.9840E-01  3.7560E-01  1.9949E-01
  2.1000E+01  3.6000E+02  0.0000E+00  1.0590E+00  0.0000E+00  0.0000E+00  3.0000E+00  6.7745E-01  1.6607E+00  5.3557E+01  9.3477E-01  7.2035E-01  1.1120E+00  1.0590E+00  4.6899E-01  5.9001E-01  1.3579E+00
  2.2000E+01  0.0000E+00  1.0000E+02  0.0000E+00  1.0000E+00  1.0000E+00  1.0000E+00  9.1430E-01  5.4587E+00  4.8867E+01  0.0000E+00  0.0000E+00  0.0000E+00  0.0000E+00  0.0000E+00  0.0000E+00  0.0000E+00
  2.2000E+01  5.0000E-01  0.0000E+00  5.9600E-01  0.0000E+00  0.0000E+00  1.0000E+00  9.1430E-01  5.4587E+00  4.8867E+01  7.2871E-01 -8.6233E-01 -1.0114E+00  5.9600E-01  8.4209E-01 -2.4609E-01 -9.1878E-01
  2.2000E+01  1.0000E+00  0.0000E+00  9.7700E-01  0.0000E+00  0.0000E+00  1.0000E+00  9.1430E-01  5.4587E+00  4.8867E+01  1.1505E+00 -8.9343E-01 -1.0732E+00  9.7700E-01  1.2983E+00 -3.2135E-01 -9.3333E-01
  2.2000E+01  2.0000E+00  0.0000E+00  1.5530E+00  0.0000E+00  0.0000E+00  1.0000E+00  9.1430E-01  5.4587E+00  4.8867E+01  1.4900E+00  2.7243E-01  1.1208E-01  1.5530E+00  1.6451E+00 -9.2104E-02  1.7003E-01
  2.2000E+01  4.0000E+00  0.0000E+00  1.7210E+00  0.0000E+00  0.0000E+00  1.0000E+00  9.1430E-01  5.4587E+00  4.8867E+01  1.4310E+00  1.2906E+00  1.1236E+00  1.7210E+00  1.6275E+00  9.3454E-02  1.0449E+00
  2.2000E+01  8.0000E+00  0.0000E+00  9.3800E-01  0.0000E+00  0.0000E+00  1.0000E+00  9.1430E-01  5.4587E+00  4.8867E+01  9.5228E-01 -8.1981E-02 -3.7456E-01  9.3800E-01  1.2840E+00 -3.4604E-01 -4.4111E-01
  2.2000E+01  1.2000E+01  0.0000E+00  6.7000E-01  0.0000E+00  0.0000E+00  1.0000E+00  9.1430E-01  5.4587E+00  4.8867E+01  6.1008E-01  4.1469E-01  7.8412E-02  6.7000E-01  9.9838E-01 -3.2838E-01 -1.4998E-01
  2.2000E+01  2.4000E+01  0.0000E+00  2.0400E-01  0.0000E+00  0.0000E+00  1.0000E+00  9.1430E-01  5.4587E+00  4.8867E+01  1.5968E-01  3.6493E-01  1.6091E-01  2.0400E-01  4.6898E-01 -2.6498E-01  2.0703E-01
  2.2000E+01  1.6800E+02  1.0000E+02  0.0000E+00  1.0000E+00  1.0000E+00  2.0000E+00  9.1430E-01  5.4587E+00  4.8867E+01  1.6496E-08 -1.3796E-07  0.0000E+00  0.0000E+00  5.4135E-05  0.0000E+00  0.0000E+00
  2.2000E+01  1.6850E+02  0.0000E+00  4.7900E-01  0.0000E+00  0.0000E+00  2.0000E+00  9.1430E-01  5.4587E+00  4.8867E+01  7.2871E-01 -1.6226E+00 -1.7717E+00  4.7900E-01  8.4215E-01 -3.6315E-01 -1.6217E+00
  2.2000E+01  1.6900E+02  0.0000E+00  1.3120E+00  0.0000E+00  0.0000E+00  2.0000E+00  9.1430E-01  5.4587E+00  4.8867E+01  1.1505E+00  8.3207E-01  6.5233E-01  1.3120E+00  1.2984E+00  1.3602E-02  6.3252E-01
  2.2000E+01  1.7000E+02  0.0000E+00  1.4620E+00  0.0000E+00  0.0000E+00  2.0000E+00  9.1430E-01  5.4587E+00  4.8867E+01  1.4900E+00 -1.2085E-01 -2.8121E-01  1.4620E+00  1.6452E+00 -1.8315E-01 -1.8986E-01
  2.2000E+01  1.7200E+02  0.0000E+00  1.3570E+00  0.0000E+00  0.0000E+00  2.0000E+00  9.1430E-01  5.4587E+00  4.8867E+01  1.4310E+00 -3.2931E-01 -4.9624E-01  1.3570E+00  1.6276E+00 -2.7059E-01 -4.1174E-01
  2.2000E+01  1.7600E+02  0.0000E+00  8.1300E-01  0.0000E+00  0.0000E+00  2.0000E+00  9.1430E-01  5.4587E+00  4.8867E+01  9.5228E-01 -7.9978E-01 -1.0924E+00  8.1300E-01  1.2841E+00 -4.7108E-01 -1.0302E+00
  2.2000E+01  1.8000E+02  0.0000E+00  3.7800E-01  0.0000E+00  0.0000E+00  2.0000E+00  9.1430E-01  5.4587E+00  4.8867E+01  6.1008E-01 -1.6063E+00 -1.9426E+00  3.7800E-01  9.9840E-01 -6.2040E-01 -1.7444E+00
  2.2000E+01  1.9200E+02  0.0000E+00  1.4200E-01  0.0000E+00  0.0000E+00  2.0000E+00  9.1430E-01  5.4587E+00  4.8867E+01  1.5968E-01 -1.4562E-01 -3.4964E-01  1.4200E-01  4.6899E-01 -3.2699E-01 -2.4513E-01
  2.2000E+01  3.3600E+02  1.0000E+02  0.0000E+00  1.0000E+00  1.0000E+00  3.0000E+00  9.1430E-01  5.4587E+00  4.8867E+01  1.6496E-08 -1.3796E-07  0.0000E+00  0.0000E+00  5.4137E-05  0.0000E+00  0.0000E+00
  2.2000E+01  3.3650E+02  0.0000E+00  8.4800E-01  0.0000E+00  0.0000E+00  3.0000E+00  9.1430E-01  5.4587E+00  4.8867E+01  7.2871E-01  7.7517E-01  6.2606E-01  8.4800E-01  8.4215E-01  5.8535E-03  5.9863E-01
  2.2000E+01  3.3700E+02  0.0000E+00  1.4140E+00  0.0000E+00  0.0000E+00  3.0000E+00  9.1430E-01  5.4587E+00  4.8867E+01  1.1505E+00  1.3575E+00  1.1777E+00  1.4140E+00  1.2984E+00  1.1560E-01  1.1091E+00
  2.2000E+01  3.3800E+02  0.0000E+00  1.4530E+00  0.0000E+00  0.0000E+00  3.0000E+00  9.1430E-01  5.4587E+00  4.8867E+01  1.4900E+00 -1.5975E-01 -3.2010E-01  1.4530E+00  1.6452E+00 -1.9215E-01 -2.2551E-01
  2.2000E+01  3.4000E+02  0.0000E+00  1.4940E+00  0.0000E+00  0.0000E+00  3.0000E+00  9.1430E-01  5.4587E+00  4.8867E+01  1.4310E+00  2.8037E-01  1.1344E-01  1.4940E+00  1.6276E+00 -1.3359E-01  1.3669E-01
  2.2000E+01  3.4400E+02  0.0000E+00  9.7300E-01  0.0000E+00  0.0000E+00  3.0000E+00  9.1430E-01  5.4587E+00  4.8867E+01  9.5228E-01  1.1900E-01 -1.7358E-01  9.7300E-01  1.2841E+00 -3.1108E-01 -2.7550E-01
  2.2000E+01  3.4800E+02  0.0000E+00  7.2400E-01  0.0000E+00  0.0000E+00  3.0000E+00  9.1430E-01  5.4587E+00  4.8867E+01  6.1008E-01  7.8843E-01  4.5216E-01  7.2400E-01  9.9840E-01 -2.7440E-01  1.4545E-01
  2.2000E+01  3.6000E+02  0.0000E+00  2.1500E-01  0.0000E+00  0.0000E+00  3.0000E+00  9.1430E-01  5.4587E+00  4.8867E+01  1.5968E-01  4.5551E-01  2.5149E-01  2.1500E-01  4.6899E-01 -2.5399E-01  2.8766E-01
  2.3000E+01  0.0000E+00  1.0000E+02  0.0000E+00  1.0000E+00  1.0000E+00  1.0000E+00  1.1984E+00  1.3513E+00  5.6258E+01  0.0000E+00  0.0000E+00  0.0000E+00  0.0000E+00  0.0000E+00  0.0000E+00  0.0000E+00
  2.3000E+01  5.0000E-01  0.0000E+00  9.0100E-01  0.0000E+00  0.0000E+00  1.0000E+00  1.1984E+00  1.3513E+00  5.6258E+01  7.9595E-01  6.5791E-01  5.9503E-01  9.0100E-01  8.4209E-01  5.8906E-02  4.8291E-01
  2.3000E+01  1.0000E+00  0.0000E+00  1.0730E+00  0.0000E+00  0.0000E+00  1.0000E+00  1.1984E+00  1.3513E+00  5.6258E+01  1.2236E+00 -7.4602E-01 -8.9085E-01  1.0730E+00  1.2983E+00 -2.2535E-01 -8.2809E-01
  2.3000E+01  2.0000E+00  0.0000E+00  1.5840E+00  0.0000E+00  0.0000E+00  1.0000E+00  1.1984E+00  1.3513E+00  5.6258E+01  1.5637E+00  8.4582E-02 -1.5638E-01  1.5840E+00  1.6451E+00 -6.1104E-02 -2.0182E-02
  2.3000E+01  4.0000E+00  0.0000E+00  1.7470E+00  0.0000E+00  0.0000E+00  1.0000E+00  1.1984E+00  1.3513E+00  5.6258E+01  1.6327E+00  4.6130E-01  2.2234E-01  1.7470E+00  1.6275E+00  1.1945E-01  3.5738E-01
  2.3000E+01  8.0000E+00  0.0000E+00  1.6440E+00  0.0000E+00  0.0000E+00  1.0000E+00  1.1984E+00  1.3513E+00  5.6258E+01  1.4966E+00  6.3480E-01  5.6910E-01  1.6440E+00  1.2840E+00  3.5996E-01  5.5358E-01
  2.3000E+01  1.2000E+01  0.0000E+00  1.3320E+00  0.0000E+00  0.0000E+00  1.0000E+00  1.1984E+00  1.3513E+00  5.6258E+01  1.3596E+00 -1.2754E-01 -2.6497E-02  1.3320E+00  9.9838E-01  3.3362E-01 -2.5465E-01
  2.3000E+01  2.4000E+01  0.0000E+00  1.2860E+00  0.0000E+00  0.0000E+00  1.0000E+00  1.1984E+00  1.3513E+00  5.6258E+01  1.0192E+00  1.4766E+00  1.9426E+00  1.2860E+00  4.6898E-01  8.1702E-01  2.5523E+00
  2.3000E+01  1.6800E+02  1.0000E+02  0.0000E+00  1.0000E+00  1.0000E+00  2.0000E+00  1.1984E+00  1.3513E+00  5.6258E+01  3.2069E-02 -2.6804E-01  0.0000E+00  0.0000E+00  5.4135E-05  0.0000E+00  0.0000E+00
  2.3000E+01  1.6850E+02  0.0000E+00  1.0340E+00  0.0000E+00  0.0000E+00  2.0000E+00  1.1984E+00  1.3513E+00  5.6258E+01  8.2764E-01  1.2700E+00  1.3743E+00  1.0340E+00  8.4215E-01  1.9185E-01  1.2804E+00
  2.3000E+01  1.6900E+02  0.0000E+00  1.0440E+00  0.0000E+00  0.0000E+00  2.0000E+00  1.1984E+00  1.3513E+00  5.6258E+01  1.2549E+00 -1.0276E+00 -1.0163E+00  1.0440E+00  1.2984E+00 -2.5440E-01 -9.6558E-01
  2.3000E+01  1.7000E+02  0.0000E+00  1.8890E+00  0.0000E+00  0.0000E+00  2.0000E+00  1.1984E+00  1.3513E+00  5.6258E+01  1.5943E+00  1.2110E+00  1.1163E+00  1.8890E+00  1.6452E+00  2.4385E-01  1.1864E+00
  2.3000E+01  1.7200E+02  0.0000E+00  1.6700E+00  0.0000E+00  0.0000E+00  2.0000E+00  1.1984E+00  1.3513E+00  5.6258E+01  1.6618E+00  3.2602E-02 -6.6502E-02  1.6700E+00  1.6276E+00  4.2412E-02  4.7718E-02
  2.3000E+01  1.7600E+02  0.0000E+00  1.6000E+00  0.0000E+00  0.0000E+00  2.0000E+00  1.1984E+00  1.3513E+00  5.6258E+01  1.5231E+00  3.2701E-01  3.9359E-01  1.6000E+00  1.2841E+00  3.1592E-01  3.4467E-01
  2.3000E+01  1.8000E+02  0.0000E+00  1.2530E+00  0.0000E+00  0.0000E+00  2.0000E+00  1.1984E+00  1.3513E+00  5.6258E+01  1.3837E+00 -5.9561E-01 -3.6948E-01  1.2530E+00  9.9840E-01  2.5460E-01 -6.8741E-01
  2.3000E+01  1.9200E+02  0.0000E+00  1.0420E+00  0.0000E+00  0.0000E+00  2.0000E+00  1.1984E+00  1.3513E+00  5.6258E+01  1.0372E+00  2.6378E-02  5.9731E-01  1.0420E+00  4.6899E-01  5.7301E-01  7.7059E-01
  2.3000E+01  3.3600E+02  1.0000E+02  0.0000E+00  1.0000E+00  1.0000E+00  3.0000E+00  1.1984E+00  1.3513E+00  5.6258E+01  3.2636E-02 -2.7277E-01  0.0000E+00  0.0000E+00  5.4137E-05  0.0000E+00  0.0000E+00
  2.3000E+01  3.3650E+02  0.0000E+00  7.6900E-01  0.0000E+00  0.0000E+00  3.0000E+00  1.1984E+00  1.3513E+00  5.6258E+01  8.2820E-01 -3.6418E-01 -2.5375E-01  7.6900E-01  8.4215E-01 -7.3147E-02 -3.1419E-01
  2.3000E+01  3.3700E+02  0.0000E+00  1.2090E+00  0.0000E+00  0.0000E+00  3.0000E+00  1.1984E+00  1.3513E+00  5.6258E+01  1.2555E+00 -2.2639E-01 -2.0947E-01  1.2090E+00  1.2984E+00 -8.9398E-02 -1.9472E-01
  2.3000E+01  3.3800E+02  0.0000E+00  1.6280E+00  0.0000E+00  0.0000E+00  3.0000E+00  1.1984E+00  1.3513E+00  5.6258E+01  1.5948E+00  1.3631E-01  4.6812E-02  1.6280E+00  1.6452E+00 -1.7152E-02  1.5254E-01
  2.3000E+01  3.4000E+02  0.0000E+00  1.3160E+00  0.0000E+00  0.0000E+00  3.0000E+00  1.1984E+00  1.3513E+00  5.6258E+01  1.6623E+00 -1.3782E+00 -1.4723E+00  1.3160E+00  1.6276E+00 -3.1159E-01 -1.3694E+00
  2.3000E+01  3.4400E+02  0.0000E+00  1.2550E+00  0.0000E+00  0.0000E+00  3.0000E+00  1.1984E+00  1.3513E+00  5.6258E+01  1.5236E+00 -1.1418E+00 -1.0705E+00  1.2550E+00  1.2841E+00 -2.9076E-02 -1.2826E+00
  2.3000E+01  3.4800E+02  0.0000E+00  1.4580E+00  0.0000E+00  0.0000E+00  3.0000E+00  1.1984E+00  1.3513E+00  5.6258E+01  1.3841E+00  3.3671E-01  5.6722E-01  1.4580E+00  9.9840E-01  4.5960E-01  4.3227E-01
  2.3000E+01  3.6000E+02  0.0000E+00  1.0760E+00  0.0000E+00  0.0000E+00  3.0000E+00  1.1984E+00  1.3513E+00  5.6258E+01  1.0375E+00  2.1088E-01  7.8538E-01  1.0760E+00  4.6899E-01  6.0701E-01  1.0187E+00
  2.4000E+01  0.0000E+00  1.0000E+02  0.0000E+00  1.0000E+00  1.0000E+00  1.0000E+00  1.0478E+00  3.0725E+00  7.9206E+01  0.0000E+00  0.0000E+00  0.0000E+00  0.0000E+00  0.0000E+00  0.0000E+00  0.0000E+00
  2.4000E+01  5.0000E-01  0.0000E+00  5.6900E-01  0.0000E+00  0.0000E+00  1.0000E+00  1.0478E+00  3.0725E+00  7.9206E+01  5.0945E-01  4.3335E-01  1.9829E-01  5.6900E-01  8.4209E-01 -2.7309E-01  1.6681E-01
  2.4000E+01  1.0000E+00  0.0000E+00  1.0270E+00  0.0000E+00  0.0000E+00  1.0000E+00  1.0478E+00  3.0725E+00  7.9206E+01  8.0137E-01  1.4089E+00  1.0001E+00  1.0270E+00  1.2983E+00 -2.7135E-01  7.1479E-01
  2.4000E+01  2.0000E+00  0.0000E+00  9.8800E-01  0.0000E+00  0.0000E+00  1.0000E+00  1.0478E+00  3.0725E+00  7.9206E+01  1.0519E+00 -3.4743E-01 -9.3301E-01  9.8800E-01  1.6451E+00 -6.5710E-01 -7.4049E-01
  2.4000E+01  4.0000E+00  0.0000E+00  1.0860E+00  0.0000E+00  0.0000E+00  1.0000E+00  1.0478E+00  3.0725E+00  7.9206E+01  1.1028E+00 -8.8753E-02 -7.0054E-01  1.0860E+00  1.6275E+00 -5.4155E-01 -5.6346E-01
  2.4000E+01  8.0000E+00  0.0000E+00  8.6400E-01  0.0000E+00  0.0000E+00  1.0000E+00  1.0478E+00  3.0725E+00  7.9206E+01  9.6097E-01 -5.5418E-01 -9.5170E-01  8.6400E-01  1.2840E+00 -4.2004E-01 -7.5699E-01
  2.4000E+01  1.2000E+01  0.0000E+00  8.6900E-01  0.0000E+00  0.0000E+00  1.0000E+00  1.0478E+00  3.0725E+00  7.9206E+01  8.2311E-01  2.8312E-01  8.9846E-02  8.6900E-01  9.9838E-01 -1.2938E-01  1.3709E-01
  2.4000E+01  2.4000E+01  0.0000E+00  4.5300E-01  0.0000E+00  0.0000E+00  1.0000E+00  1.0478E+00  3.0725E+00  7.9206E+01  5.1677E-01 -4.6242E-01 -2.7624E-01  4.5300E-01  4.6898E-01 -1.5982E-02 -1.7267E-01
  2.4000E+01  1.6800E+02  1.0000E+02  0.0000E+00  1.0000E+00  1.0000E+00  2.0000E+00  1.0478E+00  3.0725E+00  7.9206E+01  1.9379E-03 -1.6208E-02  0.0000E+00  0.0000E+00  5.4135E-05  0.0000E+00  0.0000E+00
  2.4000E+01  1.6850E+02  0.0000E+00  3.0500E-01  0.0000E+00  0.0000E+00  2.0000E+00  1.0478E+00  3.0725E+00  7.9206E+01  5.1135E-01 -1.5002E+00 -1.7207E+00  3.0500E-01  8.4215E-01 -5.3715E-01 -1.4227E+00
  2.4000E+01  1.6900E+02  0.0000E+00  9.5900E-01  0.0000E+00  0.0000E+00  2.0000E+00  1.0478E+00  3.0725E+00  7.9206E+01  8.0323E-01  9.7164E-01  5.7646E-01  9.5900E-01  1.2984E+00 -3.3940E-01  3.9643E-01
  2.4000E+01  1.7000E+02  0.0000E+00  1.0480E+00  0.0000E+00  0.0000E+00  2.0000E+00  1.0478E+00  3.0725E+00  7.9206E+01  1.0537E+00 -3.1064E-02 -6.0411E-01  1.0480E+00  1.6452E+00 -5.9715E-01 -5.0330E-01
  2.4000E+01  1.7200E+02  0.0000E+00  8.4400E-01  0.0000E+00  0.0000E+00  2.0000E+00  1.0478E+00  3.0725E+00  7.9206E+01  1.1045E+00 -1.3754E+00 -1.9755E+00  8.4400E-01  1.6276E+00 -7.8359E-01 -1.5327E+00
  2.4000E+01  1.7600E+02  0.0000E+00  7.8700E-01  0.0000E+00  0.0000E+00  2.0000E+00  1.0478E+00  3.0725E+00  7.9206E+01  9.6240E-01 -1.0015E+00 -1.3886E+00  7.8700E-01  1.2841E+00 -4.9708E-01 -1.1206E+00
  2.4000E+01  1.8000E+02  0.0000E+00  6.8800E-01  0.0000E+00  0.0000E+00  2.0000E+00  1.0478E+00  3.0725E+00  7.9206E+01  8.2433E-01 -8.4049E-01 -1.0243E+00  6.8800E-01  9.9840E-01 -3.1040E-01 -8.5193E-01
  2.4000E+01  1.9200E+02  0.0000E+00  5.1700E-01  0.0000E+00  0.0000E+00  2.0000E+00  1.0478E+00  3.0725E+00  7.9206E+01  5.1753E-01 -3.8567E-03  1.8904E-01  5.1700E-01  4.6899E-01  4.8006E-02  2.9414E-01
  2.4000E+01  3.3600E+02  1.0000E+02  0.0000E+00  1.0000E+00  1.0000E+00  3.0000E+00  1.0478E+00  3.0725E+00  7.9206E+01  1.9408E-03 -1.6231E-02  0.0000E+00  0.0000E+00  5.4137E-05  0.0000E+00  0.0000E+00
  2.4000E+01  3.3650E+02  0.0000E+00  3.9800E-01  0.0000E+00  0.0000E+00  3.0000E+00  1.0478E+00  3.0725E+00  7.9206E+01  5.1135E-01 -8.2412E-01 -1.0446E+00  3.9800E-01  8.4215E-01 -4.4415E-01 -8.6308E-01
  2.4000E+01  3.3700E+02  0.0000E+00  7.9000E-01  0.0000E+00  0.0000E+00  3.0000E+00  1.0478E+00  3.0725E+00  7.9206E+01  8.0323E-01 -8.2546E-02 -4.7768E-01  7.9000E-01  1.2984E+00 -5.0840E-01 -3.9311E-01
  2.4000E+01  3.3800E+02  0.0000E+00  1.0340E+00  0.0000E+00  0.0000E+00  3.0000E+00  1.0478E+00  3.0725E+00  7.9206E+01  1.0537E+00 -1.0709E-01 -6.8010E-01  1.0340E+00  1.6452E+00 -6.1115E-01 -5.5876E-01
  2.4000E+01  3.4000E+02  0.0000E+00  1.0870E+00  0.0000E+00  0.0000E+00  3.0000E+00  1.0478E+00  3.0725E+00  7.9206E+01  1.1045E+00 -9.2168E-02 -6.9227E-01  1.0870E+00  1.6276E+00 -5.4059E-01 -5.5990E-01
  2.4000E+01  3.4400E+02  0.0000E+00  1.1030E+00  0.0000E+00  0.0000E+00  3.0000E+00  1.0478E+00  3.0725E+00  7.9206E+01  9.6240E-01  8.0287E-01  4.1588E-01  1.1030E+00  1.2841E+00 -1.8108E-01  3.6986E-01
  2.4000E+01  3.4800E+02  0.0000E+00  8.4000E-01  0.0000E+00  0.0000E+00  3.0000E+00  1.0478E+00  3.0725E+00  7.9206E+01  8.2433E-01  9.6627E-02 -8.7178E-02  8.4000E-01  9.9840E-01 -1.5840E-01 -2.1729E-02
  2.4000E+01  3.6000E+02  0.0000E+00  7.5400E-01  0.0000E+00  0.0000E+00  3.0000E+00  1.0478E+00  3.0725E+00  7.9206E+01  5.1753E-01  1.7141E+00  1.9070E+00  7.5400E-01  4.6899E-01  2.8501E-01  2.0239E+00
  2.5000E+01  0.0000E+00  1.0000E+02  0.0000E+00  1.0000E+00  1.0000E+00  1.0000E+00  8.7889E-01  5.5231E+00  4.6268E+01  0.0000E+00  0.0000E+00  0.0000E+00  0.0000E+00  0.0000E+00  0.0000E+00  0.0000E+00
  2.5000E+01  5.0000E-01  0.0000E+00  5.6300E-01  0.0000E+00  0.0000E+00  1.0000E+00  8.7889E-01  5.5231E+00  4.6268E+01  7.4448E-01 -1.1691E+00 -1.3454E+00  5.6300E-01  8.4209E-01 -2.7909E-01 -1.2211E+00
  2.5000E+01  1.0000E+00  0.0000E+00  1.2360E+00  0.0000E+00  0.0000E+00  1.0000E+00  8.7889E-01  5.5231E+00  4.6268E+01  1.1811E+00  2.7828E-01  8.7859E-02  1.2360E+00  1.2983E+00 -6.2347E-02  1.4036E-01
  2.5000E+01  2.0000E+00  0.0000E+00  1.5150E+00  0.0000E+00  0.0000E+00  1.0000E+00  8.7889E-01  5.5231E+00  4.6268E+01  1.5386E+00 -9.9638E-02 -2.2842E-01  1.5150E+00  1.6451E+00 -1.3010E-01 -1.3077E-01
  2.5000E+01  4.0000E+00  0.0000E+00  1.2270E+00  0.0000E+00  0.0000E+00  1.0000E+00  8.7889E-01  5.5231E+00  4.6268E+01  1.4771E+00 -1.0879E+00 -1.1953E+00  1.2270E+00  1.6275E+00 -4.0055E-01 -1.0619E+00
  2.5000E+01  8.0000E+00  0.0000E+00  1.0050E+00  0.0000E+00  0.0000E+00  1.0000E+00  8.7889E-01  5.5231E+00  4.6268E+01  9.6023E-01  2.5593E-01 -2.9862E-02  1.0050E+00  1.2840E+00 -2.7904E-01 -1.6894E-01
  2.5000E+01  1.2000E+01  0.0000E+00  6.3800E-01  0.0000E+00  0.0000E+00  1.0000E+00  8.7889E-01  5.5231E+00  4.6268E+01  5.9697E-01  2.8587E-01 -8.2613E-02  6.3800E-01  9.9838E-01 -3.6038E-01 -2.8291E-01
  2.5000E+01  2.4000E+01  0.0000E+00  1.8400E-01  0.0000E+00  0.0000E+00  1.0000E+00  8.7889E-01  5.5231E+00  4.6268E+01  1.4252E-01  3.4261E-01  1.1437E-01  1.8400E-01  4.6898E-01 -2.8498E-01  2.5695E-01
  2.5000E+01  1.6800E+02  1.0000E+02  0.0000E+00  1.0000E+00  1.0000E+00  2.0000E+00  8.7889E-01  5.5231E+00  4.6268E+01  4.8808E-09 -4.0821E-08  0.0000E+00  0.0000E+00  5.4135E-05  0.0000E+00  0.0000E+00
  2.5000E+01  1.6850E+02  0.0000E+00  9.3100E-01  0.0000E+00  0.0000E+00  2.0000E+00  8.7889E-01  5.5231E+00  4.6268E+01  7.4448E-01  1.2017E+00  1.0254E+00  9.3100E-01  8.4215E-01  8.8853E-02  9.9454E-01
  2.5000E+01  1.6900E+02  0.0000E+00  1.2430E+00  0.0000E+00  0.0000E+00  2.0000E+00  8.7889E-01  5.5231E+00  4.6268E+01  1.1811E+00  3.1375E-01  1.2333E-01  1.2430E+00  1.2984E+00 -5.5398E-02  1.7395E-01
  2.5000E+01  1.7000E+02  0.0000E+00  1.6630E+00  0.0000E+00  0.0000E+00  2.0000E+00  8.7889E-01  5.5231E+00  4.6268E+01  1.5386E+00  5.2498E-01  3.9619E-01  1.6630E+00  1.6452E+00  1.7848E-02  4.5616E-01
  2.5000E+01  1.7200E+02  0.0000E+00  1.7110E+00  0.0000E+00  0.0000E+00  2.0000E+00  8.7889E-01  5.5231E+00  4.6268E+01  1.4771E+00  1.0172E+00  9.0971E-01  1.7110E+00  1.6276E+00  8.3412E-02  8.7627E-01
  2.5000E+01  1.7600E+02  0.0000E+00  8.9400E-01  0.0000E+00  0.0000E+00  2.0000E+00  8.7889E-01  5.5231E+00  4.6268E+01  9.6023E-01 -3.7866E-01 -6.6446E-01  8.9400E-01  1.2841E+00 -3.9008E-01 -6.9187E-01
  2.5000E+01  1.8000E+02  0.0000E+00  3.4900E-01  0.0000E+00  0.0000E+00  2.0000E+00  8.7889E-01  5.5231E+00  4.6268E+01  5.9697E-01 -1.7279E+00 -2.0964E+00  3.4900E-01  9.9840E-01 -6.4940E-01 -1.8608E+00
  2.5000E+01  1.9200E+02  0.0000E+00  6.7000E-02  0.0000E+00  0.0000E+00  2.0000E+00  8.7889E-01  5.5231E+00  4.6268E+01  1.4252E-01 -6.2386E-01 -8.5210E-01  6.7000E-02  4.6899E-01 -4.0199E-01 -5.9656E-01
  2.5000E+01  3.3600E+02  1.0000E+02  0.0000E+00  1.0000E+00  1.0000E+00  3.0000E+00  8.7889E-01  5.5231E+00  4.6268E+01  4.8808E-09 -4.0821E-08  0.0000E+00  0.0000E+00  5.4137E-05  0.0000E+00  0.0000E+00
  2.5000E+01  3.3650E+02  0.0000E+00  4.4100E-01  0.0000E+00  0.0000E+00  3.0000E+00  8.7889E-01  5.5231E+00  4.6268E+01  7.4448E-01 -1.9551E+00 -2.1314E+00  4.4100E-01  8.4215E-01 -4.0115E-01 -1.9539E+00
  2.5000E+01  3.3700E+02  0.0000E+00  1.1960E+00  0.0000E+00  0.0000E+00  3.0000E+00  8.7889E-01  5.5231E+00  4.6268E+01  1.1811E+00  7.5619E-02 -1.1481E-01  1.1960E+00  1.2984E+00 -1.0240E-01 -4.5624E-02
  2.5000E+01  3.3800E+02  0.0000E+00  1.7960E+00  0.0000E+00  0.0000E+00  3.0000E+00  8.7889E-01  5.5231E+00  4.6268E+01  1.5386E+00  1.0863E+00  9.5750E-01  1.7960E+00  1.6452E+00  1.5085E-01  9.8299E-01
  2.5000E+01  3.4000E+02  0.0000E+00  1.5480E+00  0.0000E+00  0.0000E+00  3.0000E+00  8.7889E-01  5.5231E+00  4.6268E+01  1.4771E+00  3.0824E-01  2.0079E-01  1.5480E+00  1.6276E+00 -7.9588E-02  2.2376E-01
  2.5000E+01  3.4400E+02  0.0000E+00  9.2900E-01  0.0000E+00  0.0000E+00  3.0000E+00  8.7889E-01  5.5231E+00  4.6268E+01  9.6023E-01 -1.7856E-01 -4.6436E-01  9.2900E-01  1.2841E+00 -3.5508E-01 -5.2679E-01
  2.5000E+01  3.4800E+02  0.0000E+00  7.6600E-01  0.0000E+00  0.0000E+00  3.0000E+00  8.7889E-01  5.5231E+00  4.6268E+01  5.9697E-01  1.1778E+00  8.0929E-01  7.6600E-01  9.9840E-01 -2.3240E-01  4.1679E-01
  2.5000E+01  3.6000E+02  0.0000E+00  1.8600E-01  0.0000E+00  0.0000E+00  3.0000E+00  8.7889E-01  5.5231E+00  4.6268E+01  1.4252E-01  3.5913E-01  1.3089E-01  1.8600E-01  4.6899E-01 -2.8299E-01  2.7195E-01
  2.6000E+01  0.0000E+00  1.0000E+02  0.0000E+00  1.0000E+00  1.0000E+00  1.0000E+00  9.5287E-01  2.8213E+00  3.5184E+01  0.0000E+00  0.0000E+00  0.0000E+00  0.0000E+00  0.0000E+00  0.0000E+00  0.0000E+00
  2.6000E+01  5.0000E-01  0.0000E+00  9.6500E-01  0.0000E+00  0.0000E+00  1.0000E+00  9.5287E-01  2.8213E+00  3.5184E+01  1.0542E+00 -4.8431E-01 -5.6227E-01  9.6500E-01  8.4209E-01  1.2291E-01 -6.0718E-01
  2.6000E+01  1.0000E+00  0.0000E+00  1.6160E+00  0.0000E+00  0.0000E+00  1.0000E+00  9.5287E-01  2.8213E+00  3.5184E+01  1.6675E+00 -2.0432E-01 -1.3869E-01  1.6160E+00  1.2983E+00  3.1765E-01 -1.4353E-01
  2.6000E+01  2.0000E+00  0.0000E+00  2.8260E+00  0.0000E+00  0.0000E+00  1.0000E+00  9.5287E-01  2.8213E+00  3.5184E+01  2.1820E+00  2.0524E+00  2.3825E+00  2.8260E+00  1.6451E+00  1.1809E+00  2.9484E+00
  2.6000E+01  4.0000E+00  0.0000E+00  2.3860E+00  0.0000E+00  0.0000E+00  1.0000E+00  9.5287E-01  2.8213E+00  3.5184E+01  2.1832E+00  6.4606E-01  1.1249E+00  2.3860E+00  1.6275E+00  7.5845E-01  1.3629E+00
  2.6000E+01  8.0000E+00  0.0000E+00  1.9150E+00  0.0000E+00  0.0000E+00  1.0000E+00  9.5287E-01  2.8213E+00  3.5184E+01  1.6324E+00  1.1404E+00  1.3690E+00  1.9150E+00  1.2840E+00  6.3096E-01  1.6033E+00
  2.6000E+01  1.2000E+01  0.0000E+00  1.5040E+00  0.0000E+00  0.0000E+00  1.0000E+00  9.5287E-01  2.8213E+00  3.5184E+01  1.1856E+00  1.6095E+00  1.5890E+00  1.5040E+00  9.9838E-01  5.0562E-01  1.7505E+00
  2.6000E+01  2.4000E+01  0.0000E+00  5.7300E-01  0.0000E+00  0.0000E+00  1.0000E+00  9.5287E-01  2.8213E+00  3.5184E+01  4.5294E-01  8.9678E-01  6.3460E-01  5.7300E-01  4.6898E-01  1.0402E-01  6.5491E-01
  2.6000E+01  1.6800E+02  1.0000E+02  0.0000E+00  1.0000E+00  1.0000E+00  2.0000E+00  9.5287E-01  2.8213E+00  3.5184E+01  4.3784E-06 -3.6619E-05  0.0000E+00  0.0000E+00  5.4135E-05  0.0000E+00  0.0000E+00
  2.6000E+01  1.6850E+02  0.0000E+00  1.1740E+00  0.0000E+00  0.0000E+00  2.0000E+00  9.5287E-01  2.8213E+00  3.5184E+01  1.0542E+00  6.5009E-01  5.7210E-01  1.1740E+00  8.4215E-01  3.3185E-01  6.5067E-01
  2.6000E+01  1.6900E+02  0.0000E+00  1.7730E+00  0.0000E+00  0.0000E+00  2.0000E+00  9.5287E-01  2.8213E+00  3.5184E+01  1.6675E+00  4.1896E-01  4.8457E-01  1.7730E+00  1.2984E+00  4.7460E-01  5.9008E-01
  2.6000E+01  1.7000E+02  0.0000E+00  2.3380E+00  0.0000E+00  0.0000E+00  2.0000E+00  9.5287E-01  2.8213E+00  3.5184E+01  2.1820E+00  4.9712E-01  8.2728E-01  2.3380E+00  1.6452E+00  6.9285E-01  1.0154E+00
  2.6000E+01  1.7200E+02  0.0000E+00  1.8410E+00  0.0000E+00  0.0000E+00  2.0000E+00  9.5287E-01  2.8213E+00  3.5184E+01  2.1832E+00 -1.0900E+00 -6.1121E-01  1.8410E+00  1.6276E+00  2.1341E-01 -8.1880E-01
  2.6000E+01  1.7600E+02  0.0000E+00  1.8060E+00  0.0000E+00  0.0000E+00  2.0000E+00  9.5287E-01  2.8213E+00  3.5184E+01  1.6324E+00  7.0050E-01  9.2906E-01  1.8060E+00  1.2841E+00  5.2192E-01  1.0893E+00
  2.6000E+01  1.8000E+02  0.0000E+00  1.0800E+00  0.0000E+00  0.0000E+00  2.0000E+00  9.5287E-01  2.8213E+00  3.5184E+01  1.1856E+00 -5.3358E-01 -5.5413E-01  1.0800E+00  9.9840E-01  8.1597E-02 -5.6526E-01
  2.6000E+01  1.9200E+02  0.0000E+00  4.7700E-01  0.0000E+00  0.0000E+00  2.0000E+00  9.5287E-01  2.8213E+00  3.5184E+01  4.5294E-01  1.7969E-01 -8.2490E-02  4.7700E-01  4.6899E-01  8.0056E-03 -4.5646E-02
  2.6000E+01  3.3600E+02  1.0000E+02  0.0000E+00  1.0000E+00  1.0000E+00  3.0000E+00  9.5287E-01  2.8213E+00  3.5184E+01  4.3784E-06 -3.6619E-05  0.0000E+00  0.0000E+00  5.4137E-05  0.0000E+00  0.0000E+00
  2.6000E+01  3.3650E+02  0.0000E+00  9.1700E-01  0.0000E+00  0.0000E+00  3.0000E+00  9.5287E-01  2.8213E+00  3.5184E+01  1.0542E+00 -7.4487E-01 -8.2286E-01  9.1700E-01  8.4215E-01  7.4853E-02 -8.9576E-01
  2.6000E+01  3.3700E+02  0.0000E+00  1.5070E+00  0.0000E+00  0.0000E+00  3.0000E+00  9.5287E-01  2.8213E+00  3.5184E+01  1.6675E+00 -6.3707E-01 -5.7147E-01  1.5070E+00  1.2984E+00  2.0860E-01 -6.5264E-01
  2.6000E+01  3.3800E+02  0.0000E+00  2.1800E+00  0.0000E+00  0.0000E+00  3.0000E+00  9.5287E-01  2.8213E+00  3.5184E+01  2.1820E+00 -6.4097E-03  3.2374E-01  2.1800E+00  1.6452E+00  5.3485E-01  3.8953E-01
  2.6000E+01  3.4000E+02  0.0000E+00  2.1230E+00  0.0000E+00  0.0000E+00  3.0000E+00  9.5287E-01  2.8213E+00  3.5184E+01  2.1832E+00 -1.9173E-01  2.8708E-01  2.1230E+00  1.6276E+00  4.9541E-01  3.1009E-01
  2.6000E+01  3.4400E+02  0.0000E+00  1.5310E+00  0.0000E+00  0.0000E+00  3.0000E+00  9.5287E-01  2.8213E+00  3.5184E+01  1.6324E+00 -4.0930E-01 -1.8073E-01  1.5310E+00  1.2841E+00  2.4692E-01 -2.0781E-01
  2.6000E+01  3.4800E+02  0.0000E+00  9.2400E-01  0.0000E+00  0.0000E+00  3.0000E+00  9.5287E-01  2.8213E+00  3.5184E+01  1.1856E+00 -1.3221E+00 -1.3426E+00  9.2400E-01  9.9840E-01 -7.4403E-02 -1.4173E+00
  2.6000E+01  3.6000E+02  0.0000E+00  2.0500E-01  0.0000E+00  0.0000E+00  3.0000E+00  9.5287E-01  2.8213E+00  3.5184E+01  4.5294E-01 -1.8520E+00 -2.1142E+00  2.0500E-01  4.6899E-01 -2.6399E-01 -2.0308E+00
  2.7000E+01  0.0000E+00  1.0000E+02  0.0000E+00  1.0000E+00  1.0000E+00  1.0000E+00  8.9473E-01  2.8359E+00  5.6272E+01  0.0000E+00  0.0000E+00  0.0000E+00  0.0000E+00  0.0000E+00  0.0000E+00  0.0000E+00
  2.7000E+01  5.0000E-01  0.0000E+00  6.8400E-01  0.0000E+00  0.0000E+00  1.0000E+00  8.9473E-01  2.8359E+00  5.6272E+01  6.3238E-01  3.5314E-01  1.4736E-01  6.8400E-01  8.4209E-01 -1.5809E-01  1.2206E-01
  2.7000E+01  1.0000E+00  0.0000E+00  9.2700E-01  0.0000E+00  0.0000E+00  1.0000E+00  8.9473E-01  2.8359E+00  5.6272E+01  1.0209E+00 -5.1928E-01 -7.8780E-01  9.2700E-01  1.2983E+00 -3.7135E-01 -6.9749E-01
  2.7000E+01  2.0000E+00  0.0000E+00  1.7820E+00  0.0000E+00  0.0000E+00  1.0000E+00  8.9473E-01  2.8359E+00  5.6272E+01  1.3880E+00  1.7916E+00  1.5349E+00  1.7820E+00  1.6451E+00  1.3690E-01  1.3091E+00
  2.7000E+01  4.0000E+00  0.0000E+00  1.2500E+00  0.0000E+00  0.0000E+00  1.0000E+00  8.9473E-01  2.8359E+00  5.6272E+01  1.4868E+00 -1.0251E+00 -1.1845E+00  1.2500E+00  1.6275E+00 -3.7755E-01 -1.0877E+00
  2.7000E+01  8.0000E+00  0.0000E+00  1.3100E+00  0.0000E+00  0.0000E+00  1.0000E+00  8.9473E-01  2.8359E+00  5.6272E+01  1.2569E+00  2.5861E-01  2.0597E-01  1.3100E+00  1.2840E+00  2.5957E-02  2.1360E-01
  2.7000E+01  1.2000E+01  0.0000E+00  1.2250E+00  0.0000E+00  0.0000E+00  1.0000E+00  8.9473E-01  2.8359E+00  5.6272E+01  1.0286E+00  1.0814E+00  1.0865E+00  1.2250E+00  9.9838E-01  2.2662E-01  1.0764E+00
  2.7000E+01  2.4000E+01  0.0000E+00  5.1300E-01  0.0000E+00  0.0000E+00  1.0000E+00  8.9473E-01  2.8359E+00  5.6272E+01  5.6183E-01 -3.4635E-01 -2.6243E-01  5.1300E-01  4.6898E-01  4.4018E-02 -2.6899E-01
  2.7000E+01  1.6800E+02  1.0000E+02  0.0000E+00  1.0000E+00  1.0000E+00  2.0000E+00  8.9473E-01  2.8359E+00  5.6272E+01  3.9618E-04 -3.3134E-03  0.0000E+00  0.0000E+00  5.4135E-05  0.0000E+00  0.0000E+00
  2.7000E+01  1.6850E+02  0.0000E+00  6.5400E-01  0.0000E+00  0.0000E+00  2.0000E+00  8.9473E-01  2.8359E+00  5.6272E+01  6.3277E-01  1.4523E-01 -5.9785E-02  6.5400E-01  8.4215E-01 -1.8815E-01 -5.9351E-02
  2.7000E+01  1.6900E+02  0.0000E+00  9.5300E-01  0.0000E+00  0.0000E+00  2.0000E+00  8.9473E-01  2.8359E+00  5.6272E+01  1.0213E+00 -3.7755E-01 -6.4532E-01  9.5300E-01  1.2984E+00 -3.4540E-01 -5.7666E-01
  2.7000E+01  1.7000E+02  0.0000E+00  1.4230E+00  0.0000E+00  0.0000E+00  2.0000E+00  8.9473E-01  2.8359E+00  5.6272E+01  1.3884E+00  1.5738E-01 -9.8712E-02  1.4230E+00  1.6452E+00 -2.2215E-01 -1.1350E-01
  2.7000E+01  1.7200E+02  0.0000E+00  1.2510E+00  0.0000E+00  0.0000E+00  2.0000E+00  8.9473E-01  2.8359E+00  5.6272E+01  1.4871E+00 -1.0220E+00 -1.1808E+00  1.2510E+00  1.6276E+00 -3.7659E-01 -1.0841E+00
  2.7000E+01  1.7600E+02  0.0000E+00  1.3680E+00  0.0000E+00  0.0000E+00  2.0000E+00  8.9473E-01  2.8359E+00  5.6272E+01  1.2571E+00  5.3951E-01  4.8740E-01  1.3680E+00  1.2841E+00  8.3924E-02  4.8672E-01
  2.7000E+01  1.8000E+02  0.0000E+00  8.4400E-01  0.0000E+00  0.0000E+00  2.0000E+00  8.9473E-01  2.8359E+00  5.6272E+01  1.0288E+00 -1.0171E+00 -1.0116E+00  8.4400E-01  9.9840E-01 -1.5440E-01 -1.0050E+00
  2.7000E+01  1.9200E+02  0.0000E+00  4.5500E-01  0.0000E+00  0.0000E+00  2.0000E+00  8.9473E-01  2.8359E+00  5.6272E+01  5.6195E-01 -7.5854E-01 -6.7435E-01  4.5500E-01  4.6899E-01 -1.3994E-02 -6.9257E-01
  2.7000E+01  3.3600E+02  1.0000E+02  0.0000E+00  1.0000E+00  1.0000E+00  3.0000E+00  8.9473E-01  2.8359E+00  5.6272E+01  3.9626E-04 -3.3141E-03  0.0000E+00  0.0000E+00  5.4137E-05  0.0000E+00  0.0000E+00
  2.7000E+01  3.3650E+02  0.0000E+00  6.6900E-01  0.0000E+00  0.0000E+00  3.0000E+00  8.9473E-01  2.8359E+00  5.6272E+01  6.3277E-01  2.4783E-01  4.2815E-02  6.6900E-01  8.4215E-01 -1.7315E-01  3.0907E-02
  2.7000E+01  3.3700E+02  0.0000E+00  8.9800E-01  0.0000E+00  0.0000E+00  3.0000E+00  8.9473E-01  2.8359E+00  5.6272E+01  1.0213E+00 -6.8154E-01 -9.4931E-01  8.9800E-01  1.2984E+00 -4.0040E-01 -8.3361E-01
  2.7000E+01  3.3800E+02  0.0000E+00  1.3820E+00  0.0000E+00  0.0000E+00  3.0000E+00  8.9473E-01  2.8359E+00  5.6272E+01  1.3884E+00 -2.9042E-02 -2.8513E-01  1.3820E+00  1.6452E+00 -2.6315E-01 -2.7591E-01
  2.7000E+01  3.4000E+02  0.0000E+00  1.5320E+00  0.0000E+00  0.0000E+00  3.0000E+00  8.9473E-01  2.8359E+00  5.6272E+01  1.4871E+00  1.9415E-01  3.5293E-02  1.5320E+00  1.6276E+00 -9.5588E-02  4.0792E-02
  2.7000E+01  3.4400E+02  0.0000E+00  1.3550E+00  0.0000E+00  0.0000E+00  3.0000E+00  8.9473E-01  2.8359E+00  5.6272E+01  1.2571E+00  4.7625E-01  4.2414E-01  1.3550E+00  1.2841E+00  7.0924E-02  4.2540E-01
  2.7000E+01  3.4800E+02  0.0000E+00  9.7900E-01  0.0000E+00  0.0000E+00  3.0000E+00  8.9473E-01  2.8359E+00  5.6272E+01  1.0288E+00 -2.7398E-01 -2.6847E-01  9.7900E-01  9.9840E-01 -1.9403E-02 -2.6763E-01
  2.7000E+01  3.6000E+02  0.0000E+00  7.3800E-01  0.0000E+00  0.0000E+00  3.0000E+00  8.9473E-01  2.8359E+00  5.6272E+01  5.6195E-01  1.2487E+00  1.3329E+00  7.3800E-01  4.6899E-01  2.6901E-01  1.3729E+00
  2.8000E+01  0.0000E+00  1.0000E+02  0.0000E+00  1.0000E+00  1.0000E+00  1.0000E+00  1.6926E+00  4.1224E+00  4.7486E+01  0.0000E+00  0.0000E+00  0.0000E+00  0.0000E+00  0.0000E+00  0.0000E+00  0.0000E+00
  2.8000E+01  5.0000E-01  0.0000E+00  8.5700E-01  0.0000E+00  0.0000E+00  1.0000E+00  1.6926E+00  4.1224E+00  4.7486E+01  1.1732E+00 -1.6087E+00 -1.2270E+00  8.5700E-01  8.4209E-01  1.4906E-02 -1.4783E+00
  2.8000E+01  1.0000E+00  0.0000E+00  1.3820E+00  0.0000E+00  0.0000E+00  1.0000E+00  1.6926E+00  4.1224E+00  4.7486E+01  1.6266E+00 -9.8989E-01 -7.3151E-01  1.3820E+00  1.2983E+00  8.3653E-02 -8.9998E-01
  2.8000E+01  2.0000E+00  0.0000E+00  1.9100E+00  0.0000E+00  0.0000E+00  1.0000E+00  1.6926E+00  4.1224E+00  4.7486E+01  1.7907E+00  4.4765E-01  4.5391E-01  1.9100E+00  1.6451E+00  2.6490E-01  4.6247E-01
  2.8000E+01  4.0000E+00  0.0000E+00  1.3720E+00  0.0000E+00  0.0000E+00  1.0000E+00  1.6926E+00  4.1224E+00  4.7486E+01  1.5660E+00 -8.0790E-01 -9.4019E-01  1.3720E+00  1.6275E+00 -2.5555E-01 -8.5701E-01
  2.8000E+01  8.0000E+00  0.0000E+00  1.1520E+00  0.0000E+00  0.0000E+00  1.0000E+00  1.6926E+00  4.1224E+00  4.7486E+01  1.1084E+00  2.2995E-01  8.9286E-02  1.1520E+00  1.2840E+00 -1.3204E-01  7.0664E-02
  2.8000E+01  1.2000E+01  0.0000E+00  1.1240E+00  0.0000E+00  0.0000E+00  1.0000E+00  1.6926E+00  4.1224E+00  4.7486E+01  7.8321E-01  2.1494E+00  2.0320E+00  1.1240E+00  9.9838E-01  1.2562E-01  1.6815E+00
  2.8000E+01  2.4000E+01  0.0000E+00  3.5400E-01  0.0000E+00  0.0000E+00  1.0000E+00  1.6926E+00  4.1224E+00  4.7486E+01  2.7635E-01  6.2081E-01  5.7219E-01  3.5400E-01  4.6898E-01 -1.1498E-01  4.7851E-01
  2.8000E+01  1.6800E+02  1.0000E+02  0.0000E+00  1.0000E+00  1.0000E+00  2.0000E+00  1.6926E+00  4.1224E+00  4.7486E+01  1.0290E-06 -8.6057E-06  0.0000E+00  0.0000E+00  5.4135E-05  0.0000E+00  0.0000E+00
  2.8000E+01  1.6850E+02  0.0000E+00  1.1370E+00  0.0000E+00  0.0000E+00  2.0000E+00  1.6926E+00  4.1224E+00  4.7486E+01  1.1732E+00 -1.8401E-01  1.9765E-01  1.1370E+00  8.4215E-01  2.9485E-01  2.0713E-01
  2.8000E+01  1.6900E+02  0.0000E+00  1.4840E+00  0.0000E+00  0.0000E+00  2.0000E+00  1.6926E+00  4.1224E+00  4.7486E+01  1.6266E+00 -5.7714E-01 -3.1876E-01  1.4840E+00  1.2984E+00  1.8560E-01 -4.2302E-01
  2.8000E+01  1.7000E+02  0.0000E+00  1.9400E+00  0.0000E+00  0.0000E+00  2.0000E+00  1.6926E+00  4.1224E+00  4.7486E+01  1.7907E+00  5.6025E-01  5.6651E-01  1.9400E+00  1.6452E+00  2.9485E-01  5.8160E-01
  2.8000E+01  1.7200E+02  0.0000E+00  1.3060E+00  0.0000E+00  0.0000E+00  2.0000E+00  1.6926E+00  4.1224E+00  4.7486E+01  1.5660E+00 -1.0828E+00 -1.2151E+00  1.3060E+00  1.6276E+00 -3.2159E-01 -1.1209E+00
  2.8000E+01  1.7600E+02  0.0000E+00  9.2700E-01  0.0000E+00  0.0000E+00  2.0000E+00  1.6926E+00  4.1224E+00  4.7486E+01  1.1084E+00 -9.5571E-01 -1.0964E+00  9.2700E-01  1.2841E+00 -3.5708E-01 -9.9030E-01
  2.8000E+01  1.8000E+02  0.0000E+00  5.3000E-01  0.0000E+00  0.0000E+00  2.0000E+00  1.6926E+00  4.1224E+00  4.7486E+01  7.8321E-01 -1.5970E+00 -1.7143E+00  5.3000E-01  9.9840E-01 -4.6840E-01 -1.5626E+00
  2.8000E+01  1.9200E+02  0.0000E+00  2.1200E-01  0.0000E+00  0.0000E+00  2.0000E+00  1.6926E+00  4.1224E+00  4.7486E+01  2.7635E-01 -5.1442E-01 -5.6304E-01  2.1200E-01  4.6899E-01 -2.5699E-01 -5.5769E-01
  2.8000E+01  3.3600E+02  1.0000E+02  0.0000E+00  1.0000E+00  1.0000E+00  3.0000E+00  1.6926E+00  4.1224E+00  4.7486E+01  1.0290E-06 -8.6057E-06  0.0000E+00  0.0000E+00  5.4137E-05  0.0000E+00  0.0000E+00
  2.8000E+01  3.3650E+02  0.0000E+00  1.4380E+00  0.0000E+00  0.0000E+00  3.0000E+00  1.6926E+00  4.1224E+00  4.7486E+01  1.1732E+00  1.3475E+00  1.7292E+00  1.4380E+00  8.4215E-01  5.9585E-01  2.0183E+00
  2.8000E+01  3.3700E+02  0.0000E+00  2.1660E+00  0.0000E+00  0.0000E+00  3.0000E+00  1.6926E+00  4.1224E+00  4.7486E+01  1.6266E+00  2.1827E+00  2.4410E+00  2.1660E+00  1.2984E+00  8.6760E-01  2.7632E+00
  2.8000E+01  3.3800E+02  0.0000E+00  1.8620E+00  0.0000E+00  0.0000E+00  3.0000E+00  1.6926E+00  4.1224E+00  4.7486E+01  1.7907E+00  2.6748E-01  2.7375E-01  1.8620E+00  1.6452E+00  2.1685E-01  2.7264E-01
  2.8000E+01  3.4000E+02  0.0000E+00  1.6810E+00  0.0000E+00  0.0000E+00  3.0000E+00  1.6926E+00  4.1224E+00  4.7486E+01  1.5660E+00  4.7909E-01  3.4680E-01  1.6810E+00  1.6276E+00  5.3412E-02  3.8026E-01
  2.8000E+01  3.4400E+02  0.0000E+00  1.1310E+00  0.0000E+00  0.0000E+00  3.0000E+00  1.6926E+00  4.1224E+00  4.7486E+01  1.1084E+00  1.1929E-01 -2.1379E-02  1.1310E+00  1.2841E+00 -1.5308E-01 -2.8115E-02
  2.8000E+01  3.4800E+02  0.0000E+00  7.6100E-01  0.0000E+00  0.0000E+00  3.0000E+00  1.6926E+00  4.1224E+00  4.7486E+01  7.8321E-01 -1.4005E-01 -2.5741E-01  7.6100E-01  9.9840E-01 -2.3740E-01 -3.0092E-01
  2.8000E+01  3.6000E+02  0.0000E+00  2.8000E-01  0.0000E+00  0.0000E+00  3.0000E+00  1.6926E+00  4.1224E+00  4.7486E+01  2.7635E-01  2.9207E-02 -1.9409E-02  2.8000E-01  4.6899E-01 -1.8899E-01 -6.1399E-02
  2.9000E+01  0.0000E+00  1.0000E+02  0.0000E+00  1.0000E+00  1.0000E+00  1.0000E+00  4.8691E-01  9.0358E-01  4.7879E+01  0.0000E+00  0.0000E+00  0.0000E+00  0.0000E+00  0.0000E+00  0.0000E+00  0.0000E+00
  2.9000E+01  5.0000E-01  0.0000E+00  4.2600E-01  0.0000E+00  0.0000E+00  1.0000E+00  4.8691E-01  9.0358E-01  4.7879E+01  4.4911E-01 -1.7291E-01 -5.5227E-01  4.2600E-01  8.4209E-01 -4.1609E-01 -5.7263E-01
  2.9000E+01  1.0000E+00  0.0000E+00  9.0700E-01  0.0000E+00  0.0000E+00  1.0000E+00  4.8691E-01  9.0358E-01  4.7879E+01  7.9695E-01  6.8881E-01  1.1769E-01  9.0700E-01  1.2983E+00 -3.9135E-01 -6.2790E-02
  2.9000E+01  2.0000E+00  0.0000E+00  1.2410E+00  0.0000E+00  0.0000E+00  1.0000E+00  4.8691E-01  9.0358E-01  4.7879E+01  1.2718E+00 -1.4874E-01 -7.8556E-01  1.2410E+00  1.6451E+00 -4.0410E-01 -6.0789E-01
  2.9000E+01  4.0000E+00  0.0000E+00  1.7400E+00  0.0000E+00  0.0000E+00  1.0000E+00  4.8691E-01  9.0358E-01  4.7879E+01  1.7050E+00  1.3666E-01 -2.2345E-01  1.7400E+00  1.6275E+00  1.1245E-01  1.1291E-01
  2.9000E+01  8.0000E+00  0.0000E+00  1.8310E+00  0.0000E+00  0.0000E+00  1.0000E+00  4.8691E-01  9.0358E-01  4.7879E+01  1.8242E+00  2.5313E-02  1.7159E-01  1.8310E+00  1.2840E+00  5.4696E-01  1.3686E-01
  2.9000E+01  1.2000E+01  0.0000E+00  1.8630E+00  0.0000E+00  0.0000E+00  1.0000E+00  4.8691E-01  9.0358E-01  4.7879E+01  1.7262E+00  5.2864E-01  9.0863E-01  1.8630E+00  9.9838E-01  8.6462E-01  5.5496E-01
  2.9000E+01  2.4000E+01  0.0000E+00  1.3730E+00  0.0000E+00  0.0000E+00  1.0000E+00  4.8691E-01  9.0358E-01  4.7879E+01  1.3814E+00 -3.8246E-02  6.4932E-01  1.3730E+00  4.6898E-01  9.0402E-01  8.1921E-02
  2.9000E+01  1.6800E+02  1.0000E+02  0.0000E+00  1.0000E+00  1.0000E+00  2.0000E+00  4.8691E-01  9.0358E-01  4.7879E+01  9.1218E-02 -7.5901E-01  0.0000E+00  0.0000E+00  5.4135E-05  0.0000E+00  0.0000E+00
  2.9000E+01  1.6850E+02  0.0000E+00  5.1500E-01  0.0000E+00  0.0000E+00  2.0000E+00  4.8691E-01  9.0358E-01  4.7879E+01  5.3947E-01 -1.7550E-01 -1.8551E-01  5.1500E-01  8.4215E-01 -3.2715E-01 -4.2068E-02
  2.9000E+01  1.6900E+02  0.0000E+00  1.1370E+00  0.0000E+00  0.0000E+00  2.0000E+00  4.8691E-01  9.0358E-01  4.7879E+01  8.8647E-01  1.4922E+00  1.2714E+00  1.1370E+00  1.2984E+00 -1.6140E-01  1.0081E+00
  2.9000E+01  1.7000E+02  0.0000E+00  1.7360E+00  0.0000E+00  0.0000E+00  2.0000E+00  4.8691E-01  9.0358E-01  4.7879E+01  1.3596E+00  1.7365E+00  1.4236E+00  1.7360E+00  1.6452E+00  9.0848E-02  1.3501E+00
  2.9000E+01  1.7200E+02  0.0000E+00  1.9660E+00  0.0000E+00  0.0000E+00  2.0000E+00  4.8691E-01  9.0358E-01  4.7879E+01  1.7896E+00  6.6260E-01  5.9838E-01  1.9660E+00  1.6276E+00  3.3841E-01  1.0151E+00
  2.9000E+01  1.7600E+02  0.0000E+00  1.4920E+00  0.0000E+00  0.0000E+00  2.0000E+00  4.8691E-01  9.0358E-01  4.7879E+01  1.9026E+00 -1.4675E+00 -1.0489E+00  1.4920E+00  1.2841E+00  2.0792E-01 -1.4645E+00
  2.9000E+01  1.8000E+02  0.0000E+00  1.8760E+00  0.0000E+00  0.0000E+00  2.0000E+00  4.8691E-01  9.0358E-01  4.7879E+01  1.7989E+00  2.8823E-01  9.2793E-01  1.8760E+00  9.9840E-01  8.7760E-01  6.2367E-01
  2.9000E+01  1.9200E+02  0.0000E+00  1.7370E+00  0.0000E+00  0.0000E+00  2.0000E+00  4.8691E-01  9.0358E-01  4.7879E+01  1.4394E+00  1.3190E+00  2.2361E+00  1.7370E+00  4.6899E-01  1.2680E+00  2.7370E+00
  2.9000E+01  3.3600E+02  1.0000E+02  0.0000E+00  1.0000E+00  1.0000E+00  3.0000E+00  4.8691E-01  9.0358E-01  4.7879E+01  9.5047E-02 -7.9052E-01  0.0000E+00  0.0000E+00  5.4137E-05  0.0000E+00  0.0000E+00
  2.9000E+01  3.3650E+02  0.0000E+00  2.3400E-01  0.0000E+00  0.0000E+00  3.0000E+00  4.8691E-01  9.0358E-01  4.7879E+01  5.4326E-01 -2.2139E+00 -2.1931E+00  2.3400E-01  8.4215E-01 -6.0815E-01 -1.7329E+00
  2.9000E+01  3.3700E+02  0.0000E+00  6.2100E-01  0.0000E+00  0.0000E+00  3.0000E+00  4.8691E-01  9.0358E-01  4.7879E+01  8.9022E-01 -1.6002E+00 -1.7921E+00  6.2100E-01  1.2984E+00 -6.7740E-01 -1.4025E+00
  2.9000E+01  3.3800E+02  0.0000E+00  1.0340E+00  0.0000E+00  0.0000E+00  3.0000E+00  4.8691E-01  9.0358E-01  4.7879E+01  1.3633E+00 -1.5166E+00 -1.8029E+00  1.0340E+00  1.6452E+00 -6.1115E-01 -1.4306E+00
  2.9000E+01  3.4000E+02  0.0000E+00  1.6100E+00  0.0000E+00  0.0000E+00  3.0000E+00  4.8691E-01  9.0358E-01  4.7879E+01  1.7931E+00 -6.8657E-01 -7.2655E-01  1.6100E+00  1.6276E+00 -1.7588E-02 -4.1002E-01
  2.9000E+01  3.4400E+02  0.0000E+00  1.6540E+00  0.0000E+00  0.0000E+00  3.0000E+00  4.8691E-01  9.0358E-01  4.7879E+01  1.9059E+00 -8.9897E-01 -4.5813E-01  1.6540E+00  1.2841E+00  3.6992E-01 -7.0041E-01
  2.9000E+01  3.4800E+02  0.0000E+00  1.9050E+00  0.0000E+00  0.0000E+00  3.0000E+00  4.8691E-01  9.0358E-01  4.7879E+01  1.8020E+00  3.8474E-01  1.0455E+00  1.9050E+00  9.9840E-01  9.0660E-01  7.8206E-01
  2.9000E+01  3.6000E+02  0.0000E+00  1.7900E+00  0.0000E+00  0.0000E+00  3.0000E+00  4.8691E-01  9.0358E-01  4.7879E+01  1.4418E+00  1.5412E+00  2.4764E+00  1.7900E+00  4.6899E-01  1.3210E+00  3.1238E+00
  3.0000E+01  0.0000E+00  1.0000E+02  0.0000E+00  1.0000E+00  1.0000E+00  1.0000E+00  9.7717E-01  2.9955E+00  4.9008E+01  0.0000E+00  0.0000E+00  0.0000E+00  0.0000E+00  0.0000E+00  0.0000E+00  0.0000E+00
  3.0000E+01  5.0000E-01  0.0000E+00  8.8100E-01  0.0000E+00  0.0000E+00  1.0000E+00  9.7717E-01  2.9955E+00  4.9008E+01  7.7577E-01  6.6642E-01  5.8372E-01  8.8100E-01  8.4209E-01  3.8906E-02  5.5987E-01
  3.0000E+01  1.0000E+00  0.0000E+00  1.3910E+00  0.0000E+00  0.0000E+00  1.0000E+00  9.7717E-01  2.9955E+00  4.9008E+01  1.2283E+00  8.0361E-01  7.1925E-01  1.3910E+00  1.2983E+00  9.2653E-02  6.7641E-01
  3.0000E+01  2.0000E+00  0.0000E+00  1.6070E+00  0.0000E+00  0.0000E+00  1.0000E+00  9.7717E-01  2.9955E+00  4.9008E+01  1.6178E+00 -4.4003E-02 -7.7561E-02  1.6070E+00  1.6451E+00 -3.8104E-02 -8.1647E-02
  3.0000E+01  4.0000E+00  0.0000E+00  1.8870E+00  0.0000E+00  0.0000E+00  1.0000E+00  9.7717E-01  2.9955E+00  4.9008E+01  1.6608E+00  9.0063E-01  9.4838E-01  1.8870E+00  1.6275E+00  2.5945E-01  9.5375E-01
  3.0000E+01  8.0000E+00  0.0000E+00  1.2710E+00  0.0000E+00  0.0000E+00  1.0000E+00  9.7717E-01  2.9955E+00  4.9008E+01  1.3339E+00 -2.9424E-01 -1.8577E-01  1.2710E+00  1.2840E+00 -1.3043E-02 -1.8305E-01
  3.0000E+01  1.2000E+01  0.0000E+00  7.2700E-01  0.0000E+00  0.0000E+00  1.0000E+00  9.7717E-01  2.9955E+00  4.9008E+01  1.0453E+00 -1.7361E+00 -1.5921E+00  7.2700E-01  9.9838E-01 -2.7138E-01 -1.5926E+00
  3.0000E+01  2.4000E+01  0.0000E+00  1.8700E-01  0.0000E+00  0.0000E+00  1.0000E+00  9.7717E-01  2.9955E+00  4.9008E+01  5.0199E-01 -2.3003E+00 -2.1133E+00  1.8700E-01  4.6898E-01 -2.8198E-01 -2.1185E+00
  3.0000E+01  1.6800E+02  1.0000E+02  0.0000E+00  1.0000E+00  1.0000E+00  2.0000E+00  9.7717E-01  2.9955E+00  4.9008E+01  7.5535E-05 -6.3174E-04  0.0000E+00  0.0000E+00  5.4135E-05  0.0000E+00  0.0000E+00
  3.0000E+01  1.6850E+02  0.0000E+00  6.9900E-01  0.0000E+00  0.0000E+00  2.0000E+00  9.7717E-01  2.9955E+00  4.9008E+01  7.7584E-01 -4.8660E-01 -5.6914E-01  6.9900E-01  8.4215E-01 -1.4315E-01 -5.3560E-01
  3.0000E+01  1.6900E+02  0.0000E+00  1.4620E+00  0.0000E+00  0.0000E+00  2.0000E+00  9.7717E-01  2.9955E+00  4.9008E+01  1.2284E+00  1.1540E+00  1.0698E+00  1.4620E+00  1.2984E+00  1.6360E-01  1.0079E+00
  3.0000E+01  1.7000E+02  0.0000E+00  1.2000E+00  0.0000E+00  0.0000E+00  2.0000E+00  9.7717E-01  2.9955E+00  4.9008E+01  1.6179E+00 -1.6980E+00 -1.7315E+00  1.2000E+00  1.6452E+00 -4.4515E-01 -1.6940E+00
  3.0000E+01  1.7200E+02  0.0000E+00  1.5320E+00  0.0000E+00  0.0000E+00  2.0000E+00  9.7717E-01  2.9955E+00  4.9008E+01  1.6609E+00 -5.1331E-01 -4.6548E-01  1.5320E+00  1.6276E+00 -9.5588E-02 -4.6755E-01
  3.0000E+01  1.7600E+02  0.0000E+00  1.0000E+00  0.0000E+00  0.0000E+00  2.0000E+00  9.7717E-01  2.9955E+00  4.9008E+01  1.3340E+00 -1.5614E+00 -1.4529E+00  1.0000E+00  1.2841E+00 -2.8408E-01 -1.4614E+00
  3.0000E+01  1.8000E+02  0.0000E+00  8.8200E-01  0.0000E+00  0.0000E+00  2.0000E+00  9.7717E-01  2.9955E+00  4.9008E+01  1.0453E+00 -8.9079E-01 -7.4677E-01  8.8200E-01  9.9840E-01 -1.1640E-01 -7.4613E-01
  3.0000E+01  1.9200E+02  0.0000E+00  4.2300E-01  0.0000E+00  0.0000E+00  2.0000E+00  9.7717E-01  2.9955E+00  4.9008E+01  5.0201E-01 -5.7696E-01 -3.8992E-01  4.2300E-01  4.6899E-01 -4.5994E-02 -3.9614E-01
  3.0000E+01  3.3600E+02  1.0000E+02  0.0000E+00  1.0000E+00  1.0000E+00  3.0000E+00  9.7717E-01  2.9955E+00  4.9008E+01  7.5538E-05 -6.3176E-04  0.0000E+00  0.0000E+00  5.4137E-05  0.0000E+00  0.0000E+00
  3.0000E+01  3.3650E+02  0.0000E+00  7.2300E-01  0.0000E+00  0.0000E+00  3.0000E+00  9.7717E-01  2.9955E+00  4.9008E+01  7.7584E-01 -3.3462E-01 -4.1716E-01  7.2300E-01  8.4215E-01 -1.1915E-01 -3.9118E-01
  3.0000E+01  3.3700E+02  0.0000E+00  9.8600E-01  0.0000E+00  0.0000E+00  3.0000E+00  9.7717E-01  2.9955E+00  4.9008E+01  1.2284E+00 -1.1976E+00 -1.2819E+00  9.8600E-01  1.2984E+00 -3.1240E-01 -1.2159E+00
  3.0000E+01  3.3800E+02  0.0000E+00  1.6540E+00  0.0000E+00  0.0000E+00  3.0000E+00  9.7717E-01  2.9955E+00  4.9008E+01  1.6179E+00  1.4670E-01  1.1324E-01  1.6540E+00  1.6452E+00  8.8481E-03  1.0433E-01
  3.0000E+01  3.4000E+02  0.0000E+00  2.0950E+00  0.0000E+00  0.0000E+00  3.0000E+00  9.7717E-01  2.9955E+00  4.9008E+01  1.6609E+00  1.7287E+00  1.7765E+00  2.0950E+00  1.6276E+00  4.6741E-01  1.7862E+00
  3.0000E+01  3.4400E+02  0.0000E+00  1.5350E+00  0.0000E+00  0.0000E+00  3.0000E+00  9.7717E-01  2.9955E+00  4.9008E+01  1.3340E+00  9.3978E-01  1.0483E+00  1.5350E+00  1.2841E+00  2.5092E-01  1.0620E+00
  3.0000E+01  3.4800E+02  0.0000E+00  1.3570E+00  0.0000E+00  0.0000E+00  3.0000E+00  9.7717E-01  2.9955E+00  4.9008E+01  1.0453E+00  1.7001E+00  1.8441E+00  1.3570E+00  9.9840E-01  3.5860E-01  1.8482E+00
  3.0000E+01  3.6000E+02  0.0000E+00  8.7400E-01  0.0000E+00  0.0000E+00  3.0000E+00  9.7717E-01  2.9955E+00  4.9008E+01  5.0201E-01  2.7166E+00  2.9036E+00  8.7400E-01  4.6899E-01  4.0501E-01  2.8955E+00
  3.1000E+01  0.0000E+00  1.0000E+02  0.0000E+00  1.0000E+00  1.0000E+00  1.0000E+00  1.2672E+00  4.8223E+00  4.0091E+01  0.0000E+00  0.0000E+00  0.0000E+00  0.0000E+00  0.0000E+00  0.0000E+00  0.0000E+00
  3.1000E+01  5.0000E-01  0.0000E+00  1.4140E+00  0.0000E+00  0.0000E+00  1.0000E+00  1.2672E+00  4.8223E+00  4.0091E+01  1.1325E+00  1.4639E+00  1.6540E+00  1.4140E+00  8.4209E-01  5.7191E-01  1.8652E+00
  3.1000E+01  1.0000E+00  0.0000E+00  1.9470E+00  0.0000E+00  0.0000E+00  1.0000E+00  1.2672E+00  4.8223E+00  4.0091E+01  1.6674E+00  1.1098E+00  1.3554E+00  1.9470E+00  1.2983E+00  6.4865E-01  1.5861E+00
  3.1000E+01  2.0000E+00  0.0000E+00  2.2300E+00  0.0000E+00  0.0000E+00  1.0000E+00  1.2672E+00  4.8223E+00  4.0091E+01  1.9481E+00  9.8826E-01  1.1922E+00  2.2300E+00  1.6451E+00  5.8490E-01  1.4160E+00
  3.1000E+01  4.0000E+00  0.0000E+00  1.6960E+00  0.0000E+00  0.0000E+00  1.0000E+00  1.2672E+00  4.8223E+00  4.0091E+01  1.6860E+00  3.9172E-02  3.5504E-02  1.6960E+00  1.6275E+00  6.8454E-02  1.1783E-01
  3.1000E+01  8.0000E+00  0.0000E+00  1.0580E+00  0.0000E+00  0.0000E+00  1.0000E+00  1.2672E+00  4.8223E+00  4.0091E+01  1.0527E+00  2.8707E-02 -2.4399E-01  1.0580E+00  1.2840E+00 -2.2604E-01 -3.4895E-01
  3.1000E+01  1.2000E+01  0.0000E+00  4.4200E-01  0.0000E+00  0.0000E+00  1.0000E+00  1.2672E+00  4.8223E+00  4.0091E+01  6.5073E-01 -1.4143E+00 -1.7533E+00  4.4200E-01  9.9838E-01 -5.5638E-01 -1.6572E+00
  3.1000E+01  2.4000E+01  0.0000E+00  1.0500E-01  0.0000E+00  0.0000E+00  1.0000E+00  1.2672E+00  4.8223E+00  4.0091E+01  1.5365E-01 -4.0106E-01 -5.9668E-01  1.0500E-01  4.6898E-01 -3.6398E-01 -3.5075E-01
  3.1000E+01  1.6800E+02  1.0000E+02  0.0000E+00  1.0000E+00  1.0000E+00  2.0000E+00  1.2672E+00  4.8223E+00  4.0091E+01  4.6141E-09 -3.8590E-08  0.0000E+00  0.0000E+00  5.4135E-05  0.0000E+00  0.0000E+00
  3.1000E+01  1.6850E+02  0.0000E+00  1.0880E+00  0.0000E+00  0.0000E+00  2.0000E+00  1.2672E+00  4.8223E+00  4.0091E+01  1.1325E+00 -2.3162E-01 -4.1446E-02  1.0880E+00  8.4215E-01  2.4585E-01 -9.5007E-02
  3.1000E+01  1.6900E+02  0.0000E+00  1.6060E+00  0.0000E+00  0.0000E+00  2.0000E+00  1.2672E+00  4.8223E+00  4.0091E+01  1.6674E+00 -2.4396E-01  1.6460E-03  1.6060E+00  1.2984E+00  3.0760E-01 -5.9808E-03
  3.1000E+01  1.7000E+02  0.0000E+00  1.6180E+00  0.0000E+00  0.0000E+00  2.0000E+00  1.2672E+00  4.8223E+00  4.0091E+01  1.9481E+00 -1.1571E+00 -9.5308E-01  1.6180E+00  1.6452E+00 -2.7152E-02 -1.0074E+00
  3.1000E+01  1.7200E+02  0.0000E+00  1.7930E+00  0.0000E+00  0.0000E+00  2.0000E+00  1.2672E+00  4.8223E+00  4.0091E+01  1.6860E+00  4.2097E-01  4.1730E-01  1.7930E+00  1.6276E+00  1.6541E-01  5.0684E-01
  3.1000E+01  1.7600E+02  0.0000E+00  1.2280E+00  0.0000E+00  0.0000E+00  2.0000E+00  1.2672E+00  4.8223E+00  4.0091E+01  1.0527E+00  9.5221E-01  6.7952E-01  1.2280E+00  1.2841E+00 -5.6076E-02  4.5358E-01
  3.1000E+01  1.8000E+02  0.0000E+00  9.2800E-01  0.0000E+00  0.0000E+00  2.0000E+00  1.2672E+00  4.8223E+00  4.0091E+01  6.5073E-01  1.8787E+00  1.5397E+00  9.2800E-01  9.9840E-01 -7.0403E-02  9.9796E-01
  3.1000E+01  1.9200E+02  0.0000E+00  2.7000E-01  0.0000E+00  0.0000E+00  2.0000E+00  1.2672E+00  4.8223E+00  4.0091E+01  1.5365E-01  9.5921E-01  7.6359E-01  2.7000E-01  4.6899E-01 -1.9899E-01  8.5397E-01
  3.1000E+01  3.3600E+02  1.0000E+02  0.0000E+00  1.0000E+00  1.0000E+00  3.0000E+00  1.2672E+00  4.8223E+00  4.0091E+01  4.6141E-09 -3.8590E-08  0.0000E+00  0.0000E+00  5.4137E-05  0.0000E+00  0.0000E+00
  3.1000E+01  3.3650E+02  0.0000E+00  8.3700E-01  0.0000E+00  0.0000E+00  3.0000E+00  1.2672E+00  4.8223E+00  4.0091E+01  1.1325E+00 -1.5370E+00 -1.3469E+00  8.3700E-01  8.4215E-01 -5.1465E-03 -1.6053E+00
  3.1000E+01  3.3700E+02  0.0000E+00  1.5790E+00  0.0000E+00  0.0000E+00  3.0000E+00  1.2672E+00  4.8223E+00  4.0091E+01  1.6674E+00 -3.5115E-01 -1.0555E-01  1.5790E+00  1.2984E+00  2.8060E-01 -1.3212E-01
  3.1000E+01  3.3800E+02  0.0000E+00  2.0640E+00  0.0000E+00  0.0000E+00  3.0000E+00  1.2672E+00  4.8223E+00  4.0091E+01  1.9481E+00  4.0636E-01  6.1033E-01  2.0640E+00  1.6452E+00  4.1885E-01  7.5922E-01
  3.1000E+01  3.4000E+02  0.0000E+00  1.8520E+00  0.0000E+00  0.0000E+00  3.0000E+00  1.2672E+00  4.8223E+00  4.0091E+01  1.6860E+00  6.5319E-01  6.4953E-01  1.8520E+00  1.6276E+00  2.2441E-01  7.4303E-01
  3.1000E+01  3.4400E+02  0.0000E+00  9.0200E-01  0.0000E+00  0.0000E+00  3.0000E+00  1.2672E+00  4.8223E+00  4.0091E+01  1.0527E+00 -8.1874E-01 -1.0914E+00  9.0200E-01  1.2841E+00 -3.8208E-01 -1.0840E+00
  3.1000E+01  3.4800E+02  0.0000E+00  3.9500E-01  0.0000E+00  0.0000E+00  3.0000E+00  1.2672E+00  4.8223E+00  4.0091E+01  6.5073E-01 -1.7327E+00 -2.0718E+00  3.9500E-01  9.9840E-01 -6.0340E-01 -1.9132E+00
  3.1000E+01  3.6000E+02  0.0000E+00  1.3000E-01  0.0000E+00  0.0000E+00  3.0000E+00  1.2672E+00  4.8223E+00  4.0091E+01  1.5365E-01 -1.9496E-01 -3.9058E-01  1.3000E-01  4.6899E-01 -3.3899E-01 -1.6781E-01
  3.2000E+01  0.0000E+00  1.0000E+02  0.0000E+00  1.0000E+00  1.0000E+00  1.0000E+00  9.0366E-01  1.3051E+00  4.7382E+01  0.0000E+00  0.0000E+00  0.0000E+00  0.0000E+00  0.0000E+00  0.0000E+00  0.0000E+00
  3.2000E+01  5.0000E-01  0.0000E+00  1.0750E+00  0.0000E+00  0.0000E+00  1.0000E+00  9.0366E-01  1.3051E+00  4.7382E+01  7.6160E-01  2.0002E+00  1.8962E+00  1.0750E+00  8.4209E-01  2.3291E-01  1.7510E+00
  3.2000E+01  1.0000E+00  0.0000E+00  1.3880E+00  0.0000E+00  0.0000E+00  1.0000E+00  9.0366E-01  1.3051E+00  4.7382E+01  1.2359E+00  7.4841E-01  6.3044E-01  1.3880E+00  1.2983E+00  8.9653E-02  6.2882E-01
  3.2000E+01  2.0000E+00  0.0000E+00  1.7890E+00  0.0000E+00  0.0000E+00  1.0000E+00  9.0366E-01  1.3051E+00  4.7382E+01  1.7030E+00  3.3596E-01  2.8575E-01  1.7890E+00  1.6451E+00  1.4390E-01  4.0884E-01
  3.2000E+01  4.0000E+00  0.0000E+00  1.6820E+00  0.0000E+00  0.0000E+00  1.0000E+00  9.0366E-01  1.3051E+00  4.7382E+01  1.8911E+00 -7.5119E-01 -6.4853E-01  1.6820E+00  1.6275E+00  5.4454E-02 -6.1251E-01
  3.2000E+01  8.0000E+00  0.0000E+00  1.8370E+00  0.0000E+00  0.0000E+00  1.0000E+00  9.0366E-01  1.3051E+00  4.7382E+01  1.7448E+00  3.5339E-01  6.2308E-01  1.8370E+00  1.2840E+00  5.5296E-01  6.3273E-01
  3.2000E+01  1.2000E+01  0.0000E+00  1.7160E+00  0.0000E+00  0.0000E+00  1.0000E+00  9.0366E-01  1.3051E+00  4.7382E+01  1.5641E+00  6.3314E-01  1.0124E+00  1.7160E+00  9.9838E-01  7.1762E-01  1.0130E+00
  3.2000E+01  2.4000E+01  0.0000E+00  1.3540E+00  0.0000E+00  0.0000E+00  1.0000E+00  9.0366E-01  1.3051E+00  4.7382E+01  1.1239E+00  1.2022E+00  1.7841E+00  1.3540E+00  4.6898E-01  8.8502E-01  2.4069E+00
  3.2000E+01  1.6800E+02  1.0000E+02  0.0000E+00  1.0000E+00  1.0000E+00  2.0000E+00  9.0366E-01  1.3051E+00  4.7382E+01  2.1289E-02 -1.7800E-01  0.0000E+00  0.0000E+00  5.4135E-05  0.0000E+00  0.0000E+00
  3.2000E+01  1.6850E+02  0.0000E+00  4.9400E-01  0.0000E+00  0.0000E+00  2.0000E+00  9.0366E-01  1.3051E+00  4.7382E+01  7.8260E-01 -1.8208E+00 -1.8455E+00  4.9400E-01  8.4215E-01 -3.4815E-01 -1.7480E+00
  3.2000E+01  1.6900E+02  0.0000E+00  9.9400E-01  0.0000E+00  0.0000E+00  2.0000E+00  9.0366E-01  1.3051E+00  4.7382E+01  1.2566E+00 -1.2783E+00 -1.3211E+00  9.9400E-01  1.2984E+00 -3.0440E-01 -1.2141E+00
  3.2000E+01  1.7000E+02  0.0000E+00  1.4840E+00  0.0000E+00  0.0000E+00  2.0000E+00  9.0366E-01  1.3051E+00  4.7382E+01  1.7231E+00 -9.2533E-01 -9.0564E-01  1.4840E+00  1.6452E+00 -1.6115E-01 -8.0099E-01
  3.2000E+01  1.7200E+02  0.0000E+00  2.2560E+00  0.0000E+00  0.0000E+00  2.0000E+00  9.0366E-01  1.3051E+00  4.7382E+01  1.9102E+00  1.2318E+00  1.3998E+00  2.2560E+00  1.6276E+00  6.2841E-01  1.6838E+00
  3.2000E+01  1.7600E+02  0.0000E+00  1.4510E+00  0.0000E+00  0.0000E+00  2.0000E+00  9.0366E-01  1.3051E+00  4.7382E+01  1.7619E+00 -1.1820E+00 -8.5173E-01  1.4510E+00  1.2841E+00  1.6692E-01 -1.1894E+00
  3.2000E+01  1.8000E+02  0.0000E+00  1.4550E+00  0.0000E+00  0.0000E+00  2.0000E+00  9.0366E-01  1.3051E+00  4.7382E+01  1.5794E+00 -5.1488E-01 -7.9251E-02  1.4550E+00  9.9840E-01  4.5660E-01 -4.1393E-01
  3.2000E+01  1.9200E+02  0.0000E+00  1.2890E+00  0.0000E+00  0.0000E+00  2.0000E+00  9.0366E-01  1.3051E+00  4.7382E+01  1.1349E+00  8.0039E-01  1.4274E+00  1.2890E+00  4.6899E-01  8.2001E-01  1.9316E+00
  3.2000E+01  3.3600E+02  1.0000E+02  0.0000E+00  1.0000E+00  1.0000E+00  3.0000E+00  9.0366E-01  1.3051E+00  4.7382E+01  2.1497E-02 -1.7974E-01  0.0000E+00  0.0000E+00  5.4137E-05  0.0000E+00  0.0000E+00
  3.2000E+01  3.3650E+02  0.0000E+00  7.0600E-01  0.0000E+00  0.0000E+00  3.0000E+00  9.0366E-01  1.3051E+00  4.7382E+01  7.8280E-01 -4.8450E-01 -5.0768E-01  7.0600E-01  8.4215E-01 -1.3615E-01 -4.7238E-01
  3.2000E+01  3.3700E+02  0.0000E+00  1.3450E+00  0.0000E+00  0.0000E+00  3.0000E+00  9.0366E-01  1.3051E+00  4.7382E+01  1.2568E+00  4.2914E-01  3.8777E-01  1.3450E+00  1.2984E+00  4.6602E-02  4.2574E-01
  3.2000E+01  3.3800E+02  0.0000E+00  1.5870E+00  0.0000E+00  0.0000E+00  3.0000E+00  9.0366E-01  1.3051E+00  4.7382E+01  1.7233E+00 -5.2747E-01 -5.0642E-01  1.5870E+00  1.6452E+00 -5.8152E-02 -3.9300E-01
  3.2000E+01  3.4000E+02  0.0000E+00  2.5600E+00  0.0000E+00  0.0000E+00  3.0000E+00  9.0366E-01  1.3051E+00  4.7382E+01  1.9104E+00  2.3139E+00  2.4832E+00  2.5600E+00  1.6276E+00  9.3241E-01  2.9007E+00
  3.2000E+01  3.4400E+02  0.0000E+00  1.5670E+00  0.0000E+00  0.0000E+00  3.0000E+00  9.0366E-01  1.3051E+00  4.7382E+01  1.7620E+00 -7.4147E-01 -4.1008E-01  1.5670E+00  1.2841E+00  2.8292E-01 -6.4223E-01
  3.2000E+01  3.4800E+02  0.0000E+00  1.0760E+00  0.0000E+00  0.0000E+00  3.0000E+00  9.0366E-01  1.3051E+00  4.7382E+01  1.5796E+00 -2.0838E+00 -1.6471E+00  1.0760E+00  9.9840E-01  7.7597E-02 -2.4840E+00
  3.2000E+01  3.6000E+02  0.0000E+00  1.2110E+00  0.0000E+00  0.0000E+00  3.0000E+00  9.0366E-01  1.3051E+00  4.7382E+01  1.1350E+00  3.9466E-01  1.0225E+00  1.2110E+00  4.6899E-01  7.4201E-01  1.3623E+00
  3.3000E+01  0.0000E+00  1.0000E+02  0.0000E+00  1.0000E+00  1.0000E+00  1.0000E+00  1.4203E+00  8.9873E-01  5.2093E+01  0.0000E+00  0.0000E+00  0.0000E+00  0.0000E+00  0.0000E+00  0.0000E+00  0.0000E+00
  3.3000E+01  5.0000E-01  0.0000E+00  1.2320E+00  0.0000E+00  0.0000E+00  1.0000E+00  1.4203E+00  8.9873E-01  5.2093E+01  9.7132E-01  1.4812E+00  1.5968E+00  1.2320E+00  8.4209E-01  3.8991E-01  1.4809E+00
  3.3000E+01  1.0000E+00  0.0000E+00  1.5440E+00  0.0000E+00  0.0000E+00  1.0000E+00  1.4203E+00  8.9873E-01  5.2093E+01  1.4404E+00  4.5868E-01  4.6786E-01  1.5440E+00  1.2983E+00  2.4565E-01  4.3468E-01
  3.3000E+01  2.0000E+00  0.0000E+00  1.3250E+00  0.0000E+00  0.0000E+00  1.0000E+00  1.4203E+00  8.9873E-01  5.2093E+01  1.7639E+00 -1.6672E+00 -1.8187E+00  1.3250E+00  1.6451E+00 -3.2010E-01 -1.7751E+00
  3.3000E+01  4.0000E+00  0.0000E+00  1.4860E+00  0.0000E+00  0.0000E+00  1.0000E+00  1.4203E+00  8.9873E-01  5.2093E+01  1.8070E+00 -1.1962E+00 -1.3861E+00  1.4860E+00  1.6275E+00 -1.4155E-01 -1.3560E+00
  3.3000E+01  8.0000E+00  0.0000E+00  1.8350E+00  0.0000E+00  0.0000E+00  1.0000E+00  1.4203E+00  8.9873E-01  5.2093E+01  1.6927E+00  5.5842E-01  5.0946E-01  1.8350E+00  1.2840E+00  5.5096E-01  4.0998E-01
  3.3000E+01  1.2000E+01  0.0000E+00  1.3740E+00  0.0000E+00  0.0000E+00  1.0000E+00  1.4203E+00  8.9873E-01  5.2093E+01  1.5798E+00 -8.5166E-01 -7.6059E-01  1.3740E+00  9.9838E-01  3.7562E-01 -1.4426E+00
  3.3000E+01  2.4000E+01  0.0000E+00  1.5090E+00  0.0000E+00  0.0000E+00  1.0000E+00  1.4203E+00  8.9873E-01  5.2093E+01  1.2844E+00  1.0774E+00  1.5026E+00  1.5090E+00  4.6898E-01  1.0400E+00  2.3386E+00
  3.3000E+01  1.6800E+02  1.0000E+02  0.0000E+00  1.0000E+00  1.0000E+00  2.0000E+00  1.4203E+00  8.9873E-01  5.2093E+01  1.0710E-01 -8.8942E-01  0.0000E+00  0.0000E+00  5.4135E-05  0.0000E+00  0.0000E+00
  3.3000E+01  1.6850E+02  0.0000E+00  1.2230E+00  0.0000E+00  0.0000E+00  2.0000E+00  1.4203E+00  8.9873E-01  5.2093E+01  1.0775E+00  7.7977E-01  1.2878E+00  1.2230E+00  8.4215E-01  3.8085E-01  1.4227E+00
  3.3000E+01  1.6900E+02  0.0000E+00  1.7320E+00  0.0000E+00  0.0000E+00  2.0000E+00  1.4203E+00  8.9873E-01  5.2093E+01  1.5457E+00  7.8354E-01  1.1656E+00  1.7320E+00  1.2984E+00  4.3360E-01  1.3101E+00
  3.3000E+01  1.7000E+02  0.0000E+00  2.1310E+00  0.0000E+00  0.0000E+00  2.0000E+00  1.4203E+00  8.9873E-01  5.2093E+01  1.8673E+00  9.5685E-01  1.1650E+00  2.1310E+00  1.6452E+00  4.8585E-01  1.4154E+00
  3.3000E+01  1.7200E+02  0.0000E+00  2.2810E+00  0.0000E+00  0.0000E+00  2.0000E+00  1.4203E+00  8.9873E-01  5.2093E+01  1.9070E+00  1.3342E+00  1.4963E+00  2.2810E+00  1.6276E+00  6.5341E-01  1.8246E+00
  3.3000E+01  1.7600E+02  0.0000E+00  1.8230E+00  0.0000E+00  0.0000E+00  2.0000E+00  1.4203E+00  8.9873E-01  5.2093E+01  1.7860E+00  1.3924E-01  4.3013E-01  1.8230E+00  1.2841E+00  5.3892E-01  3.5145E-01
  3.3000E+01  1.8000E+02  0.0000E+00  1.5200E+00  0.0000E+00  0.0000E+00  2.0000E+00  1.4203E+00  8.9873E-01  5.2093E+01  1.6669E+00 -5.8339E-01 -1.6452E-01  1.5200E+00  9.9840E-01  5.2160E-01 -6.4693E-01
  3.3000E+01  1.9200E+02  0.0000E+00  1.3840E+00  0.0000E+00  0.0000E+00  2.0000E+00  1.4203E+00  8.9873E-01  5.2093E+01  1.3552E+00  1.3321E-01  8.5148E-01  1.3840E+00  4.6899E-01  9.1501E-01  1.4250E+00
  3.3000E+01  3.3600E+02  1.0000E+02  0.0000E+00  1.0000E+00  1.0000E+00  3.0000E+00  1.4203E+00  8.9873E-01  5.2093E+01  1.1300E-01 -9.3769E-01  0.0000E+00  0.0000E+00  5.4137E-05  0.0000E+00  0.0000E+00
  3.3000E+01  3.3650E+02  0.0000E+00  7.4900E-01  0.0000E+00  0.0000E+00  3.0000E+00  1.4203E+00  8.9873E-01  5.2093E+01  1.0833E+00 -1.7861E+00 -1.2334E+00  7.4900E-01  8.4215E-01 -9.3147E-02 -1.4294E+00
  3.3000E+01  3.3700E+02  0.0000E+00  1.1030E+00  0.0000E+00  0.0000E+00  3.0000E+00  1.4203E+00  8.9873E-01  5.2093E+01  1.5515E+00 -1.8811E+00 -1.4571E+00  1.1030E+00  1.2984E+00 -1.9540E-01 -1.6285E+00
  3.3000E+01  3.3800E+02  0.0000E+00  1.9330E+00  0.0000E+00  0.0000E+00  3.0000E+00  1.4203E+00  8.9873E-01  5.2093E+01  1.8730E+00  2.1709E-01  4.6530E-01  1.9330E+00  1.6452E+00  2.8785E-01  6.3109E-01
  3.3000E+01  3.4000E+02  0.0000E+00  1.9420E+00  0.0000E+00  0.0000E+00  3.0000E+00  1.4203E+00  8.9873E-01  5.2093E+01  1.9125E+00  1.0502E-01  3.0600E-01  1.9420E+00  1.6276E+00  3.1441E-01  4.6752E-01
  3.3000E+01  3.4400E+02  0.0000E+00  1.6590E+00  0.0000E+00  0.0000E+00  3.0000E+00  1.4203E+00  8.9873E-01  5.2093E+01  1.7911E+00 -4.9583E-01 -1.6774E-01  1.6590E+00  1.2841E+00  3.7492E-01 -4.2208E-01
  3.3000E+01  3.4800E+02  0.0000E+00  1.4930E+00  0.0000E+00  0.0000E+00  3.0000E+00  1.4203E+00  8.9873E-01  5.2093E+01  1.6717E+00 -7.0809E-01 -2.5364E-01  1.4930E+00  9.9840E-01  4.9460E-01 -7.9440E-01
  3.3000E+01  3.6000E+02  0.0000E+00  1.7110E+00  0.0000E+00  0.0000E+00  3.0000E+00  1.4203E+00  8.9873E-01  5.2093E+01  1.3591E+00  1.6241E+00  2.3733E+00  1.7110E+00  4.6899E-01  1.2420E+00  3.8116E+00
  3.4000E+01  0.0000E+00  1.0000E+02  0.0000E+00  1.0000E+00  1.0000E+00  1.0000E+00  8.4252E-01  3.9624E+00  4.8720E+01  0.0000E+00  0.0000E+00  0.0000E+00  0.0000E+00  0.0000E+00  0.0000E+00  0.0000E+00
  3.4000E+01  5.0000E-01  0.0000E+00  3.7600E-01  0.0000E+00  0.0000E+00  1.0000E+00  8.4252E-01  3.9624E+00  4.8720E+01  6.9049E-01 -2.0862E+00 -2.1250E+00  3.7600E-01  8.4209E-01 -4.6609E-01 -1.8924E+00
  3.4000E+01  1.0000E+00  0.0000E+00  6.2500E-01  0.0000E+00  0.0000E+00  1.0000E+00  8.4252E-01  3.9624E+00  4.8720E+01  1.1161E+00 -2.5770E+00 -2.6391E+00  6.2500E-01  1.2983E+00 -6.7335E-01 -2.3540E+00
  3.4000E+01  2.0000E+00  0.0000E+00  1.0120E+00  0.0000E+00  0.0000E+00  1.0000E+00  8.4252E-01  3.9624E+00  4.8720E+01  1.5095E+00 -2.1296E+00 -2.1655E+00  1.0120E+00  1.6451E+00 -6.3310E-01 -2.0238E+00
  3.4000E+01  4.0000E+00  0.0000E+00  1.4390E+00  0.0000E+00  0.0000E+00  1.0000E+00  8.4252E-01  3.9624E+00  4.8720E+01  1.5628E+00 -5.1651E-01 -5.0319E-01  1.4390E+00  1.6275E+00 -1.8855E-01 -4.7592E-01
  3.4000E+01  8.0000E+00  0.0000E+00  1.2710E+00  0.0000E+00  0.0000E+00  1.0000E+00  8.4252E-01  3.9624E+00  4.8720E+01  1.1826E+00  4.4775E-01  3.9559E-01  1.2710E+00  1.2840E+00 -1.3043E-02  3.7817E-01
  3.4000E+01  1.2000E+01  0.0000E+00  8.3100E-01  0.0000E+00  0.0000E+00  1.0000E+00  8.4252E-01  3.9624E+00  4.8720E+01  8.5600E-01 -1.5146E-01 -2.7304E-01  8.3100E-01  9.9838E-01 -1.6738E-01 -2.6470E-01
  3.4000E+01  2.4000E+01  0.0000E+00  3.5700E-01  0.0000E+00  0.0000E+00  1.0000E+00  8.4252E-01  3.9624E+00  4.8720E+01  3.2260E-01  2.7081E-01  1.2188E-01  3.5700E-01  4.6898E-01 -1.1198E-01  1.0208E-01
  3.4000E+01  1.6800E+02  1.0000E+02  0.0000E+00  1.0000E+00  1.0000E+00  2.0000E+00  8.4252E-01  3.9624E+00  4.8720E+01  2.6446E-06 -2.2118E-05  0.0000E+00  0.0000E+00  5.4135E-05  0.0000E+00  0.0000E+00
  3.4000E+01  1.6850E+02  0.0000E+00  8.6400E-01  0.0000E+00  0.0000E+00  2.0000E+00  8.4252E-01  3.9624E+00  4.8720E+01  6.9049E-01  1.1510E+00  1.1122E+00  8.6400E-01  8.4215E-01  2.1853E-02  1.0443E+00
  3.4000E+01  1.6900E+02  0.0000E+00  1.2110E+00  0.0000E+00  0.0000E+00  2.0000E+00  8.4252E-01  3.9624E+00  4.8720E+01  1.1161E+00  4.9806E-01  4.3588E-01  1.2110E+00  1.2984E+00 -8.7398E-02  3.8394E-01
  3.4000E+01  1.7000E+02  0.0000E+00  1.7510E+00  0.0000E+00  0.0000E+00  2.0000E+00  8.4252E-01  3.9624E+00  4.8720E+01  1.5095E+00  1.0337E+00  9.9782E-01  1.7510E+00  1.6452E+00  1.0585E-01  9.0366E-01
  3.4000E+01  1.7200E+02  0.0000E+00  1.8840E+00  0.0000E+00  0.0000E+00  2.0000E+00  8.4252E-01  3.9624E+00  4.8720E+01  1.5628E+00  1.3397E+00  1.3530E+00  1.8840E+00  1.6276E+00  2.5641E-01  1.3056E+00
  3.4000E+01  1.7600E+02  0.0000E+00  1.2380E+00  0.0000E+00  0.0000E+00  2.0000E+00  8.4252E-01  3.9624E+00  4.8720E+01  1.1826E+00  2.8067E-01  2.2851E-01  1.2380E+00  1.2841E+00 -4.6076E-02  2.2265E-01
  3.4000E+01  1.8000E+02  0.0000E+00  1.0730E+00  0.0000E+00  0.0000E+00  2.0000E+00  8.4252E-01  3.9624E+00  4.8720E+01  8.5600E-01  1.3146E+00  1.1930E+00  1.0730E+00  9.9840E-01  7.4597E-02  1.0572E+00
  3.4000E+01  1.9200E+02  0.0000E+00  4.8500E-01  0.0000E+00  0.0000E+00  2.0000E+00  8.4252E-01  3.9624E+00  4.8720E+01  3.2260E-01  1.2785E+00  1.1295E+00  4.8500E-01  4.6899E-01  1.6006E-02  1.0364E+00
  3.4000E+01  3.3600E+02  1.0000E+02  0.0000E+00  1.0000E+00  1.0000E+00  3.0000E+00  8.4252E-01  3.9624E+00  4.8720E+01  2.6446E-06 -2.2118E-05  0.0000E+00  0.0000E+00  5.4137E-05  0.0000E+00  0.0000E+00
  3.4000E+01  3.3650E+02  0.0000E+00  8.2900E-01  0.0000E+00  0.0000E+00  3.0000E+00  8.4252E-01  3.9624E+00  4.8720E+01  6.9049E-01  9.1883E-01  8.8005E-01  8.2900E-01  8.4215E-01 -1.3147E-02  8.3372E-01
  3.4000E+01  3.3700E+02  0.0000E+00  1.1220E+00  0.0000E+00  0.0000E+00  3.0000E+00  8.4252E-01  3.9624E+00  4.8720E+01  1.1161E+00  3.1034E-02 -3.1150E-02  1.1220E+00  1.2984E+00 -1.7640E-01 -3.1852E-02
  3.4000E+01  3.3800E+02  0.0000E+00  1.9150E+00  0.0000E+00  0.0000E+00  3.0000E+00  8.4252E-01  3.9624E+00  4.8720E+01  1.5095E+00  1.7357E+00  1.6998E+00  1.9150E+00  1.6452E+00  2.6985E-01  1.5533E+00
  3.4000E+01  3.4000E+02  0.0000E+00  1.5160E+00  0.0000E+00  0.0000E+00  3.0000E+00  8.4252E-01  3.9624E+00  4.8720E+01  1.5628E+00 -1.9533E-01 -1.8202E-01  1.5160E+00  1.6276E+00 -1.1159E-01 -1.6753E-01
  3.4000E+01  3.4400E+02  0.0000E+00  1.0110E+00  0.0000E+00  0.0000E+00  3.0000E+00  8.4252E-01  3.9624E+00  4.8720E+01  1.1826E+00 -8.6854E-01 -9.2071E-01  1.0110E+00  1.2841E+00 -2.7308E-01 -8.4801E-01
  3.4000E+01  3.4800E+02  0.0000E+00  5.9600E-01  0.0000E+00  0.0000E+00  3.0000E+00  8.4252E-01  3.9624E+00  4.8720E+01  8.5600E-01 -1.5751E+00 -1.6967E+00  5.9600E-01  9.9840E-01 -4.0240E-01 -1.5481E+00
  3.4000E+01  3.6000E+02  0.0000E+00  1.3600E-01  0.0000E+00  0.0000E+00  3.0000E+00  8.4252E-01  3.9624E+00  4.8720E+01  3.2260E-01 -1.4690E+00 -1.6179E+00  1.3600E-01  4.6899E-01 -3.3299E-01 -1.5108E+00
  3.5000E+01  0.0000E+00  1.0000E+02  0.0000E+00  1.0000E+00  1.0000E+00  1.0000E+00  1.4645E+00  6.7118E+00  4.3672E+01  0.0000E+00  0.0000E+00  0.0000E+00  0.0000E+00  0.0000E+00  0.0000E+00  0.0000E+00
  3.5000E+01  5.0000E-01  0.0000E+00  1.3810E+00  0.0000E+00  0.0000E+00  1.0000E+00  1.4645E+00  6.7118E+00  4.3672E+01  1.1390E+00  1.2544E+00  1.5722E+00  1.3810E+00  8.4209E-01  5.3891E-01  1.8081E+00
  3.5000E+01  1.0000E+00  0.0000E+00  1.9470E+00  0.0000E+00  0.0000E+00  1.0000E+00  1.4645E+00  6.7118E+00  4.3672E+01  1.6024E+00  1.4106E+00  1.6874E+00  1.9470E+00  1.2983E+00  6.4865E-01  1.9747E+00
  3.5000E+01  2.0000E+00  0.0000E+00  1.5140E+00  0.0000E+00  0.0000E+00  1.0000E+00  1.4645E+00  6.7118E+00  4.3672E+01  1.7446E+00 -8.8352E-01 -8.2276E-01  1.5140E+00  1.6451E+00 -1.3110E-01 -7.0670E-01
  3.5000E+01  4.0000E+00  0.0000E+00  9.5700E-01  0.0000E+00  0.0000E+00  1.0000E+00  1.4645E+00  6.7118E+00  4.3672E+01  1.3762E+00 -1.9177E+00 -2.1442E+00  9.5700E-01  1.6275E+00 -6.7055E-01 -1.8313E+00
  3.5000E+01  8.0000E+00  0.0000E+00  3.5000E-01  0.0000E+00  0.0000E+00  1.0000E+00  1.4645E+00  6.7118E+00  4.3672E+01  7.4812E-01 -2.5598E+00 -2.9291E+00  3.5000E-01  1.2840E+00 -9.3404E-01 -2.5315E+00
  3.5000E+01  1.2000E+01  0.0000E+00  9.3000E-02  0.0000E+00  0.0000E+00  1.0000E+00  1.4645E+00  6.7118E+00  4.3672E+01  4.0458E-01 -2.3765E+00 -2.6974E+00  9.3000E-02  9.9838E-01 -9.0538E-01 -2.3894E+00
  3.5000E+01  2.4000E+01  0.0000E+00  1.0000E-02  0.0000E+00  0.0000E+00  1.0000E+00  1.4645E+00  6.7118E+00  4.3672E+01  6.3983E-02 -4.5035E-01 -5.5913E-01  1.0000E-02  4.6898E-01 -4.5898E-01 -1.0447E-01
  3.5000E+01  1.6800E+02  1.0000E+02  0.0000E+00  1.0000E+00  1.0000E+00  2.0000E+00  1.4645E+00  6.7118E+00  4.3672E+01  1.5659E-11 -1.3097E-10  0.0000E+00  0.0000E+00  5.4135E-05  0.0000E+00  0.0000E+00
  3.5000E+01  1.6850E+02  0.0000E+00  1.1400E+00  0.0000E+00  0.0000E+00  2.0000E+00  1.4645E+00  6.7118E+00  4.3672E+01  1.1390E+00  5.3112E-03  3.2316E-01  1.1400E+00  8.4215E-01  2.9785E-01  3.5962E-01
  3.5000E+01  1.6900E+02  0.0000E+00  1.9050E+00  0.0000E+00  0.0000E+00  2.0000E+00  1.4645E+00  6.7118E+00  4.3672E+01  1.6024E+00  1.2387E+00  1.5154E+00  1.9050E+00  1.2984E+00  6.0660E-01  1.7797E+00
  3.5000E+01  1.7000E+02  0.0000E+00  1.7680E+00  0.0000E+00  0.0000E+00  2.0000E+00  1.4645E+00  6.7118E+00  4.3672E+01  1.7446E+00  8.9835E-02  1.5059E-01  1.7680E+00  1.6452E+00  1.2285E-01  3.0043E-01
  3.5000E+01  1.7200E+02  0.0000E+00  1.6920E+00  0.0000E+00  0.0000E+00  2.0000E+00  1.4645E+00  6.7118E+00  4.3672E+01  1.3762E+00  1.4451E+00  1.2186E+00  1.6920E+00  1.6276E+00  6.4412E-02  1.1119E+00
  3.5000E+01  1.7600E+02  0.0000E+00  1.0130E+00  0.0000E+00  0.0000E+00  2.0000E+00  1.4645E+00  6.7118E+00  4.3672E+01  7.4812E-01  1.7030E+00  1.3337E+00  1.0130E+00  1.2841E+00 -2.7108E-01  5.9651E-01
  3.5000E+01  1.8000E+02  0.0000E+00  6.3800E-01  0.0000E+00  0.0000E+00  2.0000E+00  1.4645E+00  6.7118E+00  4.3672E+01  4.0458E-01  1.7803E+00  1.4594E+00  6.3800E-01  9.9840E-01 -3.6040E-01  5.8815E-01
  3.5000E+01  1.9200E+02  0.0000E+00  1.1400E-01  0.0000E+00  0.0000E+00  2.0000E+00  1.4645E+00  6.7118E+00  4.3672E+01  6.3983E-02  4.1726E-01  3.0848E-01  1.1400E-01  4.6899E-01 -3.5499E-01  6.5513E-01
  3.5000E+01  3.3600E+02  1.0000E+02  0.0000E+00  1.0000E+00  1.0000E+00  3.0000E+00  1.4645E+00  6.7118E+00  4.3672E+01  1.5659E-11 -1.3097E-10  0.0000E+00  0.0000E+00  5.4137E-05  0.0000E+00  0.0000E+00
  3.5000E+01  3.3650E+02  0.0000E+00  6.4300E-01  0.0000E+00  0.0000E+00  3.0000E+00  1.4645E+00  6.7118E+00  4.3672E+01  1.1390E+00 -2.5705E+00 -2.2527E+00  6.4300E-01  8.4215E-01 -1.9915E-01 -2.6310E+00
  3.5000E+01  3.3700E+02  0.0000E+00  1.4010E+00  0.0000E+00  0.0000E+00  3.0000E+00  1.4645E+00  6.7118E+00  4.3672E+01  1.6024E+00 -8.2429E-01 -5.4758E-01  1.4010E+00  1.2984E+00  1.0260E-01 -5.7488E-01
  3.5000E+01  3.3800E+02  0.0000E+00  1.7250E+00  0.0000E+00  0.0000E+00  3.0000E+00  1.4645E+00  6.7118E+00  4.3672E+01  1.7446E+00 -7.4946E-02 -1.4186E-02  1.7250E+00  1.6452E+00  7.9848E-02  1.3010E-01
  3.5000E+01  3.4000E+02  0.0000E+00  1.4690E+00  0.0000E+00  0.0000E+00  3.0000E+00  1.4645E+00  6.7118E+00  4.3672E+01  1.3762E+00  4.2480E-01  1.9831E-01  1.4690E+00  1.6276E+00 -1.5859E-01  2.1921E-01
  3.5000E+01  3.4400E+02  0.0000E+00  8.2000E-01  0.0000E+00  0.0000E+00  3.0000E+00  1.4645E+00  6.7118E+00  4.3672E+01  7.4812E-01  4.6213E-01  9.2826E-02  8.2000E-01  1.2841E+00 -4.6408E-01 -3.1379E-01
  3.5000E+01  3.4800E+02  0.0000E+00  3.6300E-01  0.0000E+00  0.0000E+00  3.0000E+00  1.4645E+00  6.7118E+00  4.3672E+01  4.0458E-01 -3.1715E-01 -6.3809E-01  3.6300E-01  9.9840E-01 -6.3540E-01 -9.1386E-01
  3.5000E+01  3.6000E+02  0.0000E+00  5.0000E-02  0.0000E+00  0.0000E+00  3.0000E+00  1.4645E+00  6.7118E+00  4.3672E+01  6.3983E-02 -1.1665E-01 -2.2543E-01  5.0000E-02  4.6899E-01 -4.1899E-01  1.8803E-01
  3.6000E+01  0.0000E+00  1.0000E+02  0.0000E+00  1.0000E+00  1.0000E+00  1.0000E+00  6.4832E-01  5.0117E+00  5.4515E+01  0.0000E+00  0.0000E+00  0.0000E+00  0.0000E+00  0.0000E+00  0.0000E+00  0.0000E+00
  3.6000E+01  5.0000E-01  0.0000E+00  5.2100E-01  0.0000E+00  0.0000E+00  1.0000E+00  6.4832E-01  5.0117E+00  5.4515E+01  4.9576E-01  1.8484E-01 -1.4265E-01  5.2100E-01  8.4209E-01 -3.2109E-01 -6.4566E-02
  3.6000E+01  1.0000E+00  0.0000E+00  9.0200E-01  0.0000E+00  0.0000E+00  1.0000E+00  6.4832E-01  5.0117E+00  5.4515E+01  8.3199E-01  4.2977E-01 -8.2263E-03  9.0200E-01  1.2983E+00 -3.9635E-01 -6.0389E-02
  3.6000E+01  2.0000E+00  0.0000E+00  1.3260E+00  0.0000E+00  0.0000E+00  1.0000E+00  6.4832E-01  5.0117E+00  5.4515E+01  1.1940E+00  6.6426E-01  2.5265E-01  1.3260E+00  1.6451E+00 -3.1910E-01  1.1588E-01
  3.6000E+01  4.0000E+00  0.0000E+00  9.7000E-01  0.0000E+00  0.0000E+00  1.0000E+00  6.4832E-01  5.0117E+00  5.4515E+01  1.3199E+00 -1.6479E+00 -1.8577E+00  9.7000E-01  1.6275E+00 -6.5755E-01 -1.5596E+00
  3.6000E+01  8.0000E+00  0.0000E+00  9.5500E-01  0.0000E+00  0.0000E+00  1.0000E+00  6.4832E-01  5.0117E+00  5.4515E+01  1.0125E+00 -3.1936E-01 -4.1854E-01  9.5500E-01  1.2840E+00 -3.2904E-01 -3.2054E-01
  3.6000E+01  1.2000E+01  0.0000E+00  4.1400E-01  0.0000E+00  0.0000E+00  1.0000E+00  6.4832E-01  5.0117E+00  5.4515E+01  7.0834E-01 -1.9339E+00 -2.0796E+00  4.1400E-01  9.9838E-01 -5.8438E-01 -1.7550E+00
  3.6000E+01  2.4000E+01  0.0000E+00  1.7600E-01  0.0000E+00  0.0000E+00  1.0000E+00  6.4832E-01  5.0117E+00  5.4515E+01  2.3533E-01 -4.8006E-01 -6.4725E-01  1.7600E-01  4.6898E-01 -2.9298E-01 -5.9745E-01
  3.6000E+01  1.6800E+02  1.0000E+02  0.0000E+00  1.0000E+00  1.0000E+00  2.0000E+00  6.4832E-01  5.0117E+00  5.4515E+01  4.1917E-07 -3.5057E-06  0.0000E+00  0.0000E+00  5.4135E-05  0.0000E+00  0.0000E+00
  3.6000E+01  1.6850E+02  0.0000E+00  3.3800E-01  0.0000E+00  0.0000E+00  2.0000E+00  6.4832E-01  5.0117E+00  5.4515E+01  4.9576E-01 -1.1555E+00 -1.4830E+00  3.3800E-01  8.4215E-01 -5.0415E-01 -1.1652E+00
  3.6000E+01  1.6900E+02  0.0000E+00  7.3500E-01  0.0000E+00  0.0000E+00  2.0000E+00  6.4832E-01  5.0117E+00  5.4515E+01  8.3200E-01 -5.9547E-01 -1.0335E+00  7.3500E-01  1.2984E+00 -5.6340E-01 -8.4025E-01
  3.6000E+01  1.7000E+02  0.0000E+00  9.4200E-01  0.0000E+00  0.0000E+00  2.0000E+00  6.4832E-01  5.0117E+00  5.4515E+01  1.1940E+00 -1.2679E+00 -1.6795E+00  9.4200E-01  1.6452E+00 -7.0315E-01 -1.4049E+00
  3.6000E+01  1.7200E+02  0.0000E+00  1.1090E+00  0.0000E+00  0.0000E+00  2.0000E+00  6.4832E-01  5.0117E+00  5.4515E+01  1.3199E+00 -9.9337E-01 -1.2031E+00  1.1090E+00  1.6276E+00 -5.1859E-01 -1.0029E+00
  3.6000E+01  1.7600E+02  0.0000E+00  9.7400E-01  0.0000E+00  0.0000E+00  2.0000E+00  6.4832E-01  5.0117E+00  5.4515E+01  1.0125E+00 -2.1384E-01 -3.1301E-01  9.7400E-01  1.2841E+00 -3.1008E-01 -2.3068E-01
  3.6000E+01  1.8000E+02  0.0000E+00  6.0300E-01  0.0000E+00  0.0000E+00  2.0000E+00  6.4832E-01  5.0117E+00  5.4515E+01  7.0834E-01 -6.9210E-01 -8.3788E-01  6.0300E-01  9.9840E-01 -3.9540E-01 -7.2247E-01
  3.6000E+01  1.9200E+02  0.0000E+00  1.4800E-01  0.0000E+00  0.0000E+00  2.0000E+00  6.4832E-01  5.0117E+00  5.4515E+01  2.3533E-01 -7.0661E-01 -8.7380E-01  1.4800E-01  4.6899E-01 -3.2099E-01 -8.0163E-01
  3.6000E+01  3.3600E+02  1.0000E+02  0.0000E+00  1.0000E+00  1.0000E+00  3.0000E+00  6.4832E-01  5.0117E+00  5.4515E+01  4.1917E-07 -3.5057E-06  0.0000E+00  0.0000E+00  5.4137E-05  0.0000E+00  0.0000E+00
  3.6000E+01  3.3650E+02  0.0000E+00  4.7700E-01  0.0000E+00  0.0000E+00  3.0000E+00  6.4832E-01  5.0117E+00  5.4515E+01  4.9576E-01 -1.3744E-01 -4.6493E-01  4.7700E-01  8.4215E-01 -3.6515E-01 -3.2885E-01
  3.6000E+01  3.3700E+02  0.0000E+00  8.9700E-01  0.0000E+00  0.0000E+00  3.0000E+00  6.4832E-01  5.0117E+00  5.4515E+01  8.3200E-01  3.9908E-01 -3.8927E-02  8.9700E-01  1.2984E+00 -4.0140E-01 -8.3409E-02
  3.6000E+01  3.3800E+02  0.0000E+00  1.3950E+00  0.0000E+00  0.0000E+00  3.0000E+00  6.4832E-01  5.0117E+00  5.4515E+01  1.1940E+00  1.0115E+00  5.9984E-01  1.3950E+00  1.6452E+00 -2.5015E-01  3.8945E-01
  3.6000E+01  3.4000E+02  0.0000E+00  1.6820E+00  0.0000E+00  0.0000E+00  3.0000E+00  6.4832E-01  5.0117E+00  5.4515E+01  1.3199E+00  1.7050E+00  1.4952E+00  1.6820E+00  1.6276E+00  5.4412E-02  1.2909E+00
  3.6000E+01  3.4400E+02  0.0000E+00  1.2110E+00  0.0000E+00  0.0000E+00  3.0000E+00  6.4832E-01  5.0117E+00  5.4515E+01  1.0125E+00  1.1025E+00  1.0033E+00  1.2110E+00  1.2841E+00 -7.3076E-02  8.8716E-01
  3.6000E+01  3.4800E+02  0.0000E+00  1.0320E+00  0.0000E+00  0.0000E+00  3.0000E+00  6.4832E-01  5.0117E+00  5.4515E+01  7.0834E-01  2.1265E+00  1.9807E+00  1.0320E+00  9.9840E-01  3.3597E-02  1.6207E+00
  3.6000E+01  3.6000E+02  0.0000E+00  3.2700E-01  0.0000E+00  0.0000E+00  3.0000E+00  6.4832E-01  5.0117E+00  5.4515E+01  2.3533E-01  7.4170E-01  5.7451E-01  3.2700E-01  4.6899E-01 -1.4199E-01  5.0479E-01
  3.7000E+01  0.0000E+00  1.0000E+02  0.0000E+00  1.0000E+00  1.0000E+00  1.0000E+00  1.4637E+00  3.9257E+00  4.4303E+01  0.0000E+00  0.0000E+00  0.0000E+00  0.0000E+00  0.0000E+00  0.0000E+00  0.0000E+00
  3.7000E+01  5.0000E-01  0.0000E+00  1.3210E+00  0.0000E+00  0.0000E+00  1.0000E+00  1.4637E+00  3.9257E+00  4.4303E+01  1.1428E+00  9.2170E-01  1.1465E+00  1.3210E+00  8.4209E-01  4.7891E-01  1.3523E+00
  3.7000E+01  1.0000E+00  0.0000E+00  1.9930E+00  0.0000E+00  0.0000E+00  1.0000E+00  1.4637E+00  3.9257E+00  4.4303E+01  1.6430E+00  1.4056E+00  1.6474E+00  1.9930E+00  1.2983E+00  6.9465E-01  1.8918E+00
  3.7000E+01  2.0000E+00  0.0000E+00  1.5890E+00  0.0000E+00  0.0000E+00  1.0000E+00  1.4637E+00  3.9257E+00  4.4303E+01  1.8838E+00 -1.0622E+00 -9.1508E-01  1.5890E+00  1.6451E+00 -5.6104E-02 -1.0216E+00
  3.7000E+01  4.0000E+00  0.0000E+00  1.9920E+00  0.0000E+00  0.0000E+00  1.0000E+00  1.4637E+00  3.9257E+00  4.4303E+01  1.6787E+00  1.2373E+00  1.2477E+00  1.9920E+00  1.6275E+00  3.6445E-01  1.2927E+00
  3.7000E+01  8.0000E+00  0.0000E+00  9.0900E-01  0.0000E+00  0.0000E+00  1.0000E+00  1.4637E+00  3.9257E+00  4.4303E+01  1.1825E+00 -1.3849E+00 -1.4978E+00  9.0900E-01  1.2840E+00 -3.7504E-01 -1.4140E+00
  3.7000E+01  1.2000E+01  0.0000E+00  8.2400E-01  0.0000E+00  0.0000E+00  1.0000E+00  1.4637E+00  3.9257E+00  4.4303E+01  8.2965E-01 -3.4735E-02 -2.0331E-01  8.2400E-01  9.9838E-01 -1.7438E-01 -2.5310E-01
  3.7000E+01  2.4000E+01  0.0000E+00  2.1800E-01  0.0000E+00  0.0000E+00  1.0000E+00  1.4637E+00  3.9257E+00  4.4303E+01  2.8649E-01 -5.4577E-01 -7.0329E-01  2.1800E-01  4.6898E-01 -2.5098E-01 -6.6288E-01
  3.7000E+01  1.6800E+02  1.0000E+02  0.0000E+00  1.0000E+00  1.0000E+00  2.0000E+00  1.4637E+00  3.9257E+00  4.4303E+01  8.2343E-07 -6.8868E-06  0.0000E+00  0.0000E+00  5.4135E-05  0.0000E+00  0.0000E+00
  3.7000E+01  1.6850E+02  0.0000E+00  1.1260E+00  0.0000E+00  0.0000E+00  2.0000E+00  1.4637E+00  3.9257E+00  4.4303E+01  1.1428E+00 -8.6866E-02  1.3788E-01  1.1260E+00  8.4215E-01  2.8385E-01  1.7947E-01
  3.7000E+01  1.6900E+02  0.0000E+00  1.6380E+00  0.0000E+00  0.0000E+00  2.0000E+00  1.4637E+00  3.9257E+00  4.4303E+01  1.6430E+00 -1.9971E-02  2.2186E-01  1.6380E+00  1.2984E+00  3.3960E-01  2.3366E-01
  3.7000E+01  1.7000E+02  0.0000E+00  1.5520E+00  0.0000E+00  0.0000E+00  2.0000E+00  1.4637E+00  3.9257E+00  4.4303E+01  1.8838E+00 -1.1955E+00 -1.0484E+00  1.5520E+00  1.6452E+00 -9.3152E-02 -1.1678E+00
  3.7000E+01  1.7200E+02  0.0000E+00  1.4270E+00  0.0000E+00  0.0000E+00  2.0000E+00  1.4637E+00  3.9257E+00  4.4303E+01  1.6787E+00 -9.9413E-01 -9.8373E-01  1.4270E+00  1.6276E+00 -2.0059E-01 -9.6879E-01
  3.7000E+01  1.7600E+02  0.0000E+00  1.4000E+00  0.0000E+00  0.0000E+00  2.0000E+00  1.4637E+00  3.9257E+00  4.4303E+01  1.1825E+00  1.1009E+00  9.8799E-01  1.4000E+00  1.2841E+00  1.1592E-01  9.0217E-01
  3.7000E+01  1.8000E+02  0.0000E+00  6.9800E-01  0.0000E+00  0.0000E+00  2.0000E+00  1.4637E+00  3.9257E+00  4.4303E+01  8.2965E-01 -8.0928E-01 -9.7786E-01  6.9800E-01  9.9840E-01 -3.0040E-01 -9.4101E-01
  3.7000E+01  1.9200E+02  0.0000E+00  4.0700E-01  0.0000E+00  0.0000E+00  2.0000E+00  1.4637E+00  3.9257E+00  4.4303E+01  2.8649E-01  9.6036E-01  8.0283E-01  4.0700E-01  4.6899E-01 -6.1994E-02  7.1673E-01
  3.7000E+01  3.3600E+02  1.0000E+02  0.0000E+00  1.0000E+00  1.0000E+00  3.0000E+00  1.4637E+00  3.9257E+00  4.4303E+01  8.2343E-07 -6.8868E-06  0.0000E+00  0.0000E+00  5.4137E-05  0.0000E+00  0.0000E+00
  3.7000E+01  3.3650E+02  0.0000E+00  1.0100E+00  0.0000E+00  0.0000E+00  3.0000E+00  1.4637E+00  3.9257E+00  4.4303E+01  1.1428E+00 -6.8683E-01 -4.6208E-01  1.0100E+00  8.4215E-01  1.6785E-01 -5.1853E-01
  3.7000E+01  3.3700E+02  0.0000E+00  1.5490E+00  0.0000E+00  0.0000E+00  3.0000E+00  1.4637E+00  3.9257E+00  4.4303E+01  1.6430E+00 -3.7737E-01 -1.3553E-01  1.5490E+00  1.2984E+00  2.5060E-01 -1.8213E-01
  3.7000E+01  3.3800E+02  0.0000E+00  2.2050E+00  0.0000E+00  0.0000E+00  3.0000E+00  1.4637E+00  3.9257E+00  4.4303E+01  1.8838E+00  1.1573E+00  1.3044E+00  2.2050E+00  1.6452E+00  5.5985E-01  1.4188E+00
  3.7000E+01  3.4000E+02  0.0000E+00  1.9140E+00  0.0000E+00  0.0000E+00  3.0000E+00  1.4637E+00  3.9257E+00  4.4303E+01  1.6787E+00  9.2923E-01  9.3963E-01  1.9140E+00  1.6276E+00  2.8641E-01  9.8073E-01
  3.7000E+01  3.4400E+02  0.0000E+00  1.2710E+00  0.0000E+00  0.0000E+00  3.0000E+00  1.4637E+00  3.9257E+00  4.4303E+01  1.1825E+00  4.4781E-01  3.3491E-01  1.2710E+00  1.2841E+00 -1.3076E-02  2.9373E-01
  3.7000E+01  3.4800E+02  0.0000E+00  7.4500E-01  0.0000E+00  0.0000E+00  3.0000E+00  1.4637E+00  3.9257E+00  4.4303E+01  8.2965E-01 -5.2036E-01 -6.8894E-01  7.4500E-01  9.9840E-01 -2.5340E-01 -6.8431E-01
  3.7000E+01  3.6000E+02  0.0000E+00  3.6500E-01  0.0000E+00  0.0000E+00  3.0000E+00  1.4637E+00  3.9257E+00  4.4303E+01  2.8649E-01  6.2566E-01  4.6814E-01  3.6500E-01  4.6899E-01 -1.0399E-01  4.1019E-01
  3.8000E+01  0.0000E+00  1.0000E+02  0.0000E+00  1.0000E+00  1.0000E+00  1.0000E+00  8.6913E-01  3.6544E+00  5.3314E+01  0.0000E+00  0.0000E+00  0.0000E+00  0.0000E+00  0.0000E+00  0.0000E+00  0.0000E+00
  3.8000E+01  5.0000E-01  0.0000E+00  6.3400E-01  0.0000E+00  0.0000E+00  1.0000E+00  8.6913E-01  3.6544E+00  5.3314E+01  6.4909E-01 -1.0231E-01 -3.1628E-01  6.3400E-01  8.4209E-01 -2.0809E-01 -2.7125E-01
  3.8000E+01  1.0000E+00  0.0000E+00  1.1610E+00  0.0000E+00  0.0000E+00  1.0000E+00  8.6913E-01  3.6544E+00  5.3314E+01  1.0475E+00  6.1816E-01  3.5417E-01  1.1610E+00  1.2983E+00 -1.3735E-01  2.8232E-01
  3.8000E+01  2.0000E+00  0.0000E+00  1.3740E+00  0.0000E+00  0.0000E+00  1.0000E+00  8.6913E-01  3.6544E+00  5.3314E+01  1.4174E+00 -1.9439E-01 -4.2076E-01  1.3740E+00  1.6451E+00 -2.7110E-01 -3.9764E-01
  3.8000E+01  4.0000E+00  0.0000E+00  1.5130E+00  0.0000E+00  0.0000E+00  1.0000E+00  8.6913E-01  3.6544E+00  5.3314E+01  1.4850E+00  1.2121E-01 -5.7469E-03  1.5130E+00  1.6275E+00 -1.1455E-01 -1.7697E-03
  3.8000E+01  8.0000E+00  0.0000E+00  1.3650E+00  0.0000E+00  0.0000E+00  1.0000E+00  8.6913E-01  3.6544E+00  5.3314E+01  1.1748E+00  9.6683E-01  8.6499E-01  1.3650E+00  1.2840E+00  8.0957E-02  8.1840E-01
  3.8000E+01  1.2000E+01  0.0000E+00  9.7300E-01  0.0000E+00  0.0000E+00  1.0000E+00  8.6913E-01  3.6544E+00  5.3314E+01  8.9451E-01  4.6542E-01  3.4532E-01  9.7300E-01  9.9838E-01 -2.5378E-02  3.2363E-01
  3.8000E+01  2.4000E+01  0.0000E+00  3.8700E-01  0.0000E+00  0.0000E+00  1.0000E+00  8.6913E-01  3.6544E+00  5.3314E+01  3.9300E-01 -4.5966E-02 -1.6655E-01  3.8700E-01  4.6898E-01 -8.1982E-02 -1.7125E-01
  3.8000E+01  1.6800E+02  1.0000E+02  0.0000E+00  1.0000E+00  1.0000E+00  2.0000E+00  8.6913E-01  3.6544E+00  5.3314E+01  2.0310E-05 -1.6986E-04  0.0000E+00  0.0000E+00  5.4135E-05  0.0000E+00  0.0000E+00
  3.8000E+01  1.6850E+02  0.0000E+00  7.9600E-01  0.0000E+00  0.0000E+00  2.0000E+00  8.6913E-01  3.6544E+00  5.3314E+01  6.4911E-01  9.9616E-01  7.8216E-01  7.9600E-01  8.4215E-01 -4.6147E-02  7.0341E-01
  3.8000E+01  1.6900E+02  0.0000E+00  1.1080E+00  0.0000E+00  0.0000E+00  2.0000E+00  8.6913E-01  3.6544E+00  5.3314E+01  1.0476E+00  3.2931E-01  6.5296E-02  1.1080E+00  1.2984E+00 -1.9040E-01  3.4593E-02
  3.8000E+01  1.7000E+02  0.0000E+00  1.5930E+00  0.0000E+00  0.0000E+00  2.0000E+00  8.6913E-01  3.6544E+00  5.3314E+01  1.4174E+00  7.8680E-01  5.6040E-01  1.5930E+00  1.6452E+00 -5.2152E-02  4.6976E-01
  3.8000E+01  1.7200E+02  0.0000E+00  1.2130E+00  0.0000E+00  0.0000E+00  2.0000E+00  8.6913E-01  3.6544E+00  5.3314E+01  1.4850E+00 -1.1785E+00 -1.3055E+00  1.2130E+00  1.6276E+00 -4.1459E-01 -1.2028E+00
  3.8000E+01  1.7600E+02  0.0000E+00  1.0310E+00  0.0000E+00  0.0000E+00  2.0000E+00  8.6913E-01  3.6544E+00  5.3314E+01  1.1748E+00 -7.3117E-01 -8.3303E-01  1.0310E+00  1.2841E+00 -2.5308E-01 -7.5704E-01
  3.8000E+01  1.8000E+02  0.0000E+00  8.8800E-01  0.0000E+00  0.0000E+00  2.0000E+00  8.6913E-01  3.6544E+00  5.3314E+01  8.9452E-01 -3.8653E-02 -1.5877E-01  8.8800E-01  9.9840E-01 -1.1040E-01 -1.4070E-01
  3.8000E+01  1.9200E+02  0.0000E+00  4.0700E-01  0.0000E+00  0.0000E+00  2.0000E+00  8.6913E-01  3.6544E+00  5.3314E+01  3.9300E-01  1.0728E-01 -1.3318E-02  4.0700E-01  4.6899E-01 -6.1994E-02 -2.5310E-02
  3.8000E+01  3.3600E+02  1.0000E+02  0.0000E+00  1.0000E+00  1.0000E+00  3.0000E+00  8.6913E-01  3.6544E+00  5.3314E+01  2.0310E-05 -1.6986E-04  0.0000E+00  0.0000E+00  5.4137E-05  0.0000E+00  0.0000E+00
  3.8000E+01  3.3650E+02  0.0000E+00  4.4800E-01  0.0000E+00  0.0000E+00  3.0000E+00  8.6913E-01  3.6544E+00  5.3314E+01  6.4911E-01 -1.3638E+00 -1.5778E+00  4.4800E-01  8.4215E-01 -3.9415E-01 -1.3906E+00
  3.8000E+01  3.3700E+02  0.0000E+00  8.9800E-01  0.0000E+00  0.0000E+00  3.0000E+00  8.6913E-01  3.6544E+00  5.3314E+01  1.0476E+00 -8.1473E-01 -1.0787E+00  8.9800E-01  1.2984E+00 -4.0040E-01 -9.4650E-01
  3.8000E+01  3.3800E+02  0.0000E+00  1.4730E+00  0.0000E+00  0.0000E+00  3.0000E+00  8.6913E-01  3.6544E+00  5.3314E+01  1.4174E+00  2.4912E-01  2.2723E-02  1.4730E+00  1.6452E+00 -1.7215E-01 -5.5761E-03
  3.8000E+01  3.4000E+02  0.0000E+00  1.4760E+00  0.0000E+00  0.0000E+00  3.0000E+00  8.6913E-01  3.6544E+00  5.3314E+01  1.4850E+00 -3.9150E-02 -1.6613E-01  1.4760E+00  1.6276E+00 -1.5159E-01 -1.4997E-01
  3.8000E+01  3.4400E+02  0.0000E+00  1.3680E+00  0.0000E+00  0.0000E+00  3.0000E+00  8.6913E-01  3.6544E+00  5.3314E+01  1.1748E+00  9.8202E-01  8.8016E-01  1.3680E+00  1.2841E+00  8.3924E-02  8.3246E-01
  3.8000E+01  3.4800E+02  0.0000E+00  8.1000E-01  0.0000E+00  0.0000E+00  3.0000E+00  8.6913E-01  3.6544E+00  5.3314E+01  8.9452E-01 -5.0117E-01 -6.2129E-01  8.1000E-01  9.9840E-01 -1.8840E-01 -5.6672E-01
  3.8000E+01  3.6000E+02  0.0000E+00  3.7600E-01  0.0000E+00  0.0000E+00  3.0000E+00  8.6913E-01  3.6544E+00  5.3314E+01  3.9300E-01 -1.3030E-01 -2.5089E-01  3.7600E-01  4.6899E-01 -9.2994E-02 -2.5156E-01
  3.9000E+01  0.0000E+00  1.0000E+02  0.0000E+00  1.0000E+00  1.0000E+00  1.0000E+00  1.0159E+00  5.3550E+00  4.4194E+01  0.0000E+00  0.0000E+00  0.0000E+00  0.0000E+00  0.0000E+00  0.0000E+00  0.0000E+00
  3.9000E+01  5.0000E-01  0.0000E+00  6.3900E-01  0.0000E+00  0.0000E+00  1.0000E+00  1.0159E+00  5.3550E+00  4.4194E+01  8.7222E-01 -1.4002E+00 -1.3317E+00  6.3900E-01  8.4209E-01 -2.0309E-01 -1.3542E+00
  3.9000E+01  1.0000E+00  0.0000E+00  8.0600E-01  0.0000E+00  0.0000E+00  1.0000E+00  1.0159E+00  5.3550E+00  4.4194E+01  1.3458E+00 -2.5083E+00 -2.4314E+00  8.0600E-01  1.2983E+00 -4.9235E-01 -2.4046E+00
  3.9000E+01  2.0000E+00  0.0000E+00  1.8270E+00  0.0000E+00  0.0000E+00  1.0000E+00  1.0159E+00  5.3550E+00  4.4194E+01  1.6795E+00  5.8245E-01  6.3742E-01  1.8270E+00  1.6451E+00  1.8190E-01  7.4097E-01
  3.9000E+01  4.0000E+00  0.0000E+00  1.6800E+00  0.0000E+00  0.0000E+00  1.0000E+00  1.0159E+00  5.3550E+00  4.4194E+01  1.5382E+00  5.9859E-01  5.1052E-01  1.6800E+00  1.6275E+00  5.2454E-02  5.5199E-01
  3.9000E+01  8.0000E+00  0.0000E+00  9.8500E-01  0.0000E+00  0.0000E+00  1.0000E+00  1.0159E+00  5.3550E+00  4.4194E+01  9.7380E-01  6.3561E-02 -2.8253E-01  9.8500E-01  1.2840E+00 -2.9904E-01 -3.9622E-01
  3.9000E+01  1.2000E+01  0.0000E+00  6.5300E-01  0.0000E+00  0.0000E+00  1.0000E+00  1.0159E+00  5.3550E+00  4.4194E+01  6.0021E-01  3.6723E-01 -5.1494E-02  6.5300E-01  9.9838E-01 -3.4538E-01 -3.0885E-01
  3.9000E+01  2.4000E+01  0.0000E+00  1.5900E-01  0.0000E+00  0.0000E+00  1.0000E+00  1.0159E+00  5.3550E+00  4.4194E+01  1.4023E-01  1.5514E-01 -8.5954E-02  1.5900E-01  4.6898E-01 -3.0998E-01  2.2862E-02
  3.9000E+01  1.6800E+02  1.0000E+02  0.0000E+00  1.0000E+00  1.0000E+00  2.0000E+00  1.0159E+00  5.3550E+00  4.4194E+01  3.7069E-09 -3.1003E-08  0.0000E+00  0.0000E+00  5.4135E-05  0.0000E+00  0.0000E+00
  3.9000E+01  1.6850E+02  0.0000E+00  1.0290E+00  0.0000E+00  0.0000E+00  2.0000E+00  1.0159E+00  5.3550E+00  4.4194E+01  8.7222E-01  9.4122E-01  1.0097E+00  1.0290E+00  8.4215E-01  1.8685E-01  9.9385E-01
  3.9000E+01  1.6900E+02  0.0000E+00  1.4840E+00  0.0000E+00  0.0000E+00  2.0000E+00  1.0159E+00  5.3550E+00  4.4194E+01  1.3458E+00  6.4227E-01  7.1917E-01  1.4840E+00  1.2984E+00  1.8560E-01  7.6385E-01
  3.9000E+01  1.7000E+02  0.0000E+00  2.0380E+00  0.0000E+00  0.0000E+00  2.0000E+00  1.0159E+00  5.3550E+00  4.4194E+01  1.6795E+00  1.4155E+00  1.4704E+00  2.0380E+00  1.6452E+00  3.9285E-01  1.5775E+00
  3.9000E+01  1.7200E+02  0.0000E+00  1.6430E+00  0.0000E+00  0.0000E+00  2.0000E+00  1.0159E+00  5.3550E+00  4.4194E+01  1.5382E+00  4.4240E-01  3.5433E-01  1.6430E+00  1.6276E+00  1.5412E-02  4.0450E-01
  3.9000E+01  1.7600E+02  0.0000E+00  9.1000E-01  0.0000E+00  0.0000E+00  2.0000E+00  1.0159E+00  5.3550E+00  4.4194E+01  9.7380E-01 -3.6200E-01 -7.0810E-01  9.1000E-01  1.2841E+00 -3.7408E-01 -7.4933E-01
  3.9000E+01  1.8000E+02  0.0000E+00  6.3500E-01  0.0000E+00  0.0000E+00  2.0000E+00  1.0159E+00  5.3550E+00  4.4194E+01  6.0021E-01  2.4202E-01 -1.7671E-01  6.3500E-01  9.9840E-01 -3.6340E-01 -4.0656E-01
  3.9000E+01  1.9200E+02  0.0000E+00  1.3300E-01  0.0000E+00  0.0000E+00  2.0000E+00  1.0159E+00  5.3550E+00  4.4194E+01  1.4023E-01 -5.9712E-02 -3.0081E-01  1.3300E-01  4.6899E-01 -3.3599E-01 -1.6648E-01
  3.9000E+01  3.3600E+02  1.0000E+02  0.0000E+00  1.0000E+00  1.0000E+00  3.0000E+00  1.0159E+00  5.3550E+00  4.4194E+01  3.7069E-09 -3.1003E-08  0.0000E+00  0.0000E+00  5.4137E-05  0.0000E+00  0.0000E+00
  3.9000E+01  3.3650E+02  0.0000E+00  1.0470E+00  0.0000E+00  0.0000E+00  3.0000E+00  1.0159E+00  5.3550E+00  4.4194E+01  8.7222E-01  1.0493E+00  1.1178E+00  1.0470E+00  8.4215E-01  2.0485E-01  1.1022E+00
  3.9000E+01  3.3700E+02  0.0000E+00  1.2890E+00  0.0000E+00  0.0000E+00  3.0000E+00  1.0159E+00  5.3550E+00  4.4194E+01  1.3458E+00 -2.6386E-01 -1.8695E-01  1.2890E+00  1.2984E+00 -9.3978E-03 -1.4716E-01
  3.9000E+01  3.3800E+02  0.0000E+00  1.4430E+00  0.0000E+00  0.0000E+00  3.0000E+00  1.0159E+00  5.3550E+00  4.4194E+01  1.6795E+00 -9.3359E-01 -8.7862E-01  1.4430E+00  1.6452E+00 -2.0215E-01 -7.7941E-01
  3.9000E+01  3.4000E+02  0.0000E+00  1.7070E+00  0.0000E+00  0.0000E+00  3.0000E+00  1.0159E+00  5.3550E+00  4.4194E+01  1.5382E+00  7.1256E-01  6.2449E-01  1.7070E+00  1.6276E+00  7.9412E-02  6.6070E-01
  3.9000E+01  3.4400E+02  0.0000E+00  8.2100E-01  0.0000E+00  0.0000E+00  3.0000E+00  1.0159E+00  5.3550E+00  4.4194E+01  9.7380E-01 -8.6701E-01 -1.2131E+00  8.2100E-01  1.2841E+00 -4.6308E-01 -1.1691E+00
  3.9000E+01  3.4800E+02  0.0000E+00  4.8000E-01  0.0000E+00  0.0000E+00  3.0000E+00  1.0159E+00  5.3550E+00  4.4194E+01  6.0021E-01 -8.3623E-01 -1.2550E+00  4.8000E-01  9.9840E-01 -5.1840E-01 -1.2531E+00
  3.9000E+01  3.6000E+02  0.0000E+00  2.3700E-01  0.0000E+00  0.0000E+00  3.0000E+00  1.0159E+00  5.3550E+00  4.4194E+01  1.4023E-01  7.9971E-01  5.5861E-01  2.3700E-01  4.6899E-01 -2.3199E-01  5.9256E-01
  4.0000E+01  0.0000E+00  1.0000E+02  0.0000E+00  1.0000E+00  1.0000E+00  1.0000E+00  4.7657E-01  3.9438E+00  5.1958E+01  0.0000E+00  0.0000E+00  0.0000E+00  0.0000E+00  0.0000E+00  0.0000E+00  0.0000E+00
  4.0000E+01  5.0000E-01  0.0000E+00  2.1000E-01  0.0000E+00  0.0000E+00  1.0000E+00  4.7657E-01  3.9438E+00  5.1958E+01  4.0012E-01 -1.4527E+00 -1.7312E+00  2.1000E-01  8.4209E-01 -6.3209E-01 -1.2626E+00
  4.0000E+01  1.0000E+00  0.0000E+00  3.8600E-01  0.0000E+00  0.0000E+00  1.0000E+00  4.7657E-01  3.9438E+00  5.1958E+01  7.0050E-01 -2.0751E+00 -2.4952E+00  3.8600E-01  1.2983E+00 -9.1235E-01 -1.9147E+00
  4.0000E+01  2.0000E+00  0.0000E+00  6.6000E-01  0.0000E+00  0.0000E+00  1.0000E+00  4.7657E-01  3.9438E+00  5.1958E+01  1.0842E+00 -2.2652E+00 -2.7310E+00  6.6000E-01  1.6451E+00 -9.8510E-01 -2.2882E+00
  4.0000E+01  4.0000E+00  0.0000E+00  1.2160E+00  0.0000E+00  0.0000E+00  1.0000E+00  4.7657E-01  3.9438E+00  5.1958E+01  1.3495E+00 -6.1933E-01 -8.7704E-01  1.2160E+00  1.6275E+00 -4.1155E-01 -7.4597E-01
  4.0000E+01  8.0000E+00  0.0000E+00  1.2380E+00  0.0000E+00  0.0000E+00  1.0000E+00  4.7657E-01  3.9438E+00  5.1958E+01  1.1967E+00  2.0729E-01  2.0442E-01  1.2380E+00  1.2840E+00 -4.6043E-02  4.2344E-01
  4.0000E+01  1.2000E+01  0.0000E+00  1.2120E+00  0.0000E+00  0.0000E+00  1.0000E+00  4.7657E-01  3.9438E+00  5.1958E+01  9.1318E-01  1.7536E+00  1.7122E+00  1.2120E+00  9.9838E-01  2.1362E-01  1.7209E+00
  4.0000E+01  2.4000E+01  0.0000E+00  3.4400E-01  0.0000E+00  0.0000E+00  1.0000E+00  4.7657E-01  3.9438E+00  5.1958E+01  3.7027E-01 -2.0316E-01 -4.2886E-01  3.4400E-01  4.6898E-01 -1.2498E-01 -5.9023E-01
  4.0000E+01  1.6800E+02  1.0000E+02  0.0000E+00  1.0000E+00  1.0000E+00  2.0000E+00  4.7657E-01  3.9438E+00  5.1958E+01  6.6325E-06 -5.5471E-05  0.0000E+00  0.0000E+00  5.4135E-05  0.0000E+00  0.0000E+00
  4.0000E+01  1.6850E+02  0.0000E+00  3.2300E-01  0.0000E+00  0.0000E+00  2.0000E+00  4.7657E-01  3.9438E+00  5.1958E+01  4.0012E-01 -5.8932E-01 -8.6784E-01  3.2300E-01  8.4215E-01 -5.1915E-01 -5.8300E-01
  4.0000E+01  1.6900E+02  0.0000E+00  7.2900E-01  0.0000E+00  0.0000E+00  2.0000E+00  4.7657E-01  3.9438E+00  5.1958E+01  7.0050E-01  1.8802E-01 -2.3215E-01  7.2900E-01  1.2984E+00 -5.6940E-01 -3.1247E-01
  4.0000E+01  1.7000E+02  0.0000E+00  1.0690E+00  0.0000E+00  0.0000E+00  2.0000E+00  4.7657E-01  3.9438E+00  5.1958E+01  1.0842E+00 -8.1412E-02 -5.4732E-01  1.0690E+00  1.6452E+00 -5.7615E-01 -6.6826E-01
  4.0000E+01  1.7200E+02  0.0000E+00  9.8300E-01  0.0000E+00  0.0000E+00  2.0000E+00  4.7657E-01  3.9438E+00  5.1958E+01  1.3495E+00 -1.7000E+00 -1.9577E+00  9.8300E-01  1.6276E+00 -6.4459E-01 -1.6789E+00
  4.0000E+01  1.7600E+02  0.0000E+00  1.2270E+00  0.0000E+00  0.0000E+00  2.0000E+00  4.7657E-01  3.9438E+00  5.1958E+01  1.1967E+00  1.5201E-01  1.4911E-01  1.2270E+00  1.2841E+00 -5.7076E-02  3.7137E-01
  4.0000E+01  1.8000E+02  0.0000E+00  8.8400E-01  0.0000E+00  0.0000E+00  2.0000E+00  4.7657E-01  3.9438E+00  5.1958E+01  9.1319E-01 -1.7128E-01 -2.1272E-01  8.8400E-01  9.9840E-01 -1.1440E-01 -7.0824E-02
  4.0000E+01  1.9200E+02  0.0000E+00  3.6900E-01  0.0000E+00  0.0000E+00  2.0000E+00  4.7657E-01  3.9438E+00  5.1958E+01  3.7027E-01 -9.8234E-03 -2.3554E-01  3.6900E-01  4.6899E-01 -9.9994E-02 -4.0785E-01
  4.0000E+01  3.3600E+02  1.0000E+02  0.0000E+00  1.0000E+00  1.0000E+00  3.0000E+00  4.7657E-01  3.9438E+00  5.1958E+01  6.6325E-06 -5.5471E-05  0.0000E+00  0.0000E+00  5.4137E-05  0.0000E+00  0.0000E+00
  4.0000E+01  3.3650E+02  0.0000E+00  6.1700E-01  0.0000E+00  0.0000E+00  3.0000E+00  4.7657E-01  3.9438E+00  5.1958E+01  4.0012E-01  1.6572E+00  1.3787E+00  6.1700E-01  8.4215E-01 -2.2515E-01  1.1861E+00
  4.0000E+01  3.3700E+02  0.0000E+00  8.1600E-01  0.0000E+00  0.0000E+00  3.0000E+00  4.7657E-01  3.9438E+00  5.1958E+01  7.0050E-01  7.6205E-01  3.4188E-01  8.1600E-01  1.2984E+00 -4.8240E-01  9.3985E-02
  4.0000E+01  3.3800E+02  0.0000E+00  1.4360E+00  0.0000E+00  0.0000E+00  3.0000E+00  4.7657E-01  3.9438E+00  5.1958E+01  1.0842E+00  1.8781E+00  1.4122E+00  1.4360E+00  1.6452E+00 -2.0915E-01  7.8547E-01
  4.0000E+01  3.4000E+02  0.0000E+00  1.7070E+00  0.0000E+00  0.0000E+00  3.0000E+00  4.7657E-01  3.9438E+00  5.1958E+01  1.3495E+00  1.6578E+00  1.4001E+00  1.7070E+00  1.6276E+00  7.9412E-02  1.2194E+00
  4.0000E+01  3.4400E+02  0.0000E+00  1.2490E+00  0.0000E+00  0.0000E+00  3.0000E+00  4.7657E-01  3.9438E+00  5.1958E+01  1.1967E+00  2.6254E-01  2.5965E-01  1.2490E+00  1.2841E+00 -3.5076E-02  4.7513E-01
  4.0000E+01  3.4800E+02  0.0000E+00  8.4300E-01  0.0000E+00  0.0000E+00  3.0000E+00  4.7657E-01  3.9438E+00  5.1958E+01  9.1319E-01 -4.1189E-01 -4.5333E-01  8.4300E-01  9.9840E-01 -1.5540E-01 -2.9476E-01
  4.0000E+01  3.6000E+02  0.0000E+00  2.5500E-01  0.0000E+00  0.0000E+00  3.0000E+00  4.7657E-01  3.9438E+00  5.1958E+01  3.7027E-01 -8.9146E-01 -1.1172E+00  2.5500E-01  4.6899E-01 -2.1399E-01 -1.2399E+00
  4.1000E+01  0.0000E+00  1.0000E+02  0.0000E+00  1.0000E+00  1.0000E+00  1.0000E+00  1.2335E+00  1.0306E+00  5.4709E+01  0.0000E+00  0.0000E+00  0.0000E+00  0.0000E+00  0.0000E+00  0.0000E+00  0.0000E+00
  4.1000E+01  5.0000E-01  0.0000E+00  8.3000E-01  0.0000E+00  0.0000E+00  1.0000E+00  1.2335E+00  1.0306E+00  5.4709E+01  8.3702E-01 -4.2972E-02 -1.6708E-01  8.3000E-01  8.4209E-01 -1.2094E-02 -3.3723E-01
  4.1000E+01  1.0000E+00  0.0000E+00  1.0470E+00  0.0000E+00  0.0000E+00  1.0000E+00  1.2335E+00  1.0306E+00  5.4709E+01  1.2809E+00 -1.1241E+00 -1.3324E+00  1.0470E+00  1.2983E+00 -2.5135E-01 -1.3197E+00
  4.1000E+01  2.0000E+00  0.0000E+00  1.5540E+00  0.0000E+00  0.0000E+00  1.0000E+00  1.2335E+00  1.0306E+00  5.4709E+01  1.6301E+00 -3.0740E-01 -5.9536E-01  1.5540E+00  1.6451E+00 -9.1104E-02 -4.3384E-01
  4.1000E+01  4.0000E+00  0.0000E+00  1.6600E+00  0.0000E+00  0.0000E+00  1.0000E+00  1.2335E+00  1.0306E+00  5.4709E+01  1.7081E+00 -1.8744E-01 -4.6011E-01  1.6600E+00  1.6275E+00  3.2454E-02 -3.1451E-01
  4.1000E+01  8.0000E+00  0.0000E+00  1.6400E+00  0.0000E+00  0.0000E+00  1.0000E+00  1.2335E+00  1.0306E+00  5.4709E+01  1.5964E+00  1.7887E-01  7.0036E-02  1.6400E+00  1.2840E+00  3.5596E-01 -8.1916E-02
  4.1000E+01  1.2000E+01  0.0000E+00  1.6970E+00  0.0000E+00  0.0000E+00  1.0000E+00  1.2335E+00  1.0306E+00  5.4709E+01  1.4806E+00  9.3935E-01  9.8887E-01  1.6970E+00  9.9838E-01  6.9862E-01  8.5236E-01
  4.1000E+01  2.4000E+01  0.0000E+00  1.4070E+00  0.0000E+00  0.0000E+00  1.0000E+00  1.2335E+00  1.0306E+00  5.4709E+01  1.1811E+00  1.1447E+00  1.5677E+00  1.4070E+00  4.6898E-01  9.3802E-01  2.2326E+00
  4.1000E+01  1.6800E+02  1.0000E+02  0.0000E+00  1.0000E+00  1.0000E+00  2.0000E+00  1.2335E+00  1.0306E+00  5.4709E+01  7.8383E-02 -6.5308E-01  0.0000E+00  0.0000E+00  5.4135E-05  0.0000E+00  0.0000E+00
  4.1000E+01  1.6850E+02  0.0000E+00  1.0890E+00  0.0000E+00  0.0000E+00  2.0000E+00  1.2335E+00  1.0306E+00  5.4709E+01  9.1467E-01  1.0222E+00  1.2516E+00  1.0890E+00  8.4215E-01  2.4685E-01  1.2176E+00
  4.1000E+01  1.6900E+02  0.0000E+00  1.5070E+00  0.0000E+00  0.0000E+00  2.0000E+00  1.2335E+00  1.0306E+00  5.4709E+01  1.3578E+00  6.8892E-01  8.1284E-01  1.5070E+00  1.2984E+00  2.0860E-01  8.2678E-01
  4.1000E+01  1.7000E+02  0.0000E+00  1.8680E+00  0.0000E+00  0.0000E+00  2.0000E+00  1.2335E+00  1.0306E+00  5.4709E+01  1.7056E+00  6.3360E-01  6.5953E-01  1.8680E+00  1.6452E+00  2.2285E-01  8.0795E-01
  4.1000E+01  1.7200E+02  0.0000E+00  1.6670E+00  0.0000E+00  0.0000E+00  2.0000E+00  1.2335E+00  1.0306E+00  5.4709E+01  1.7808E+00 -4.2904E-01 -3.9870E-01  1.6670E+00  1.6276E+00  3.9412E-02 -2.8830E-01
  4.1000E+01  1.7600E+02  0.0000E+00  1.6870E+00  0.0000E+00  0.0000E+00  2.0000E+00  1.2335E+00  1.0306E+00  5.4709E+01  1.6638E+00  9.2090E-02  2.7429E-01  1.6870E+00  1.2841E+00  4.0292E-01  1.3802E-01
  4.1000E+01  1.8000E+02  0.0000E+00  1.7440E+00  0.0000E+00  0.0000E+00  2.0000E+00  1.2335E+00  1.0306E+00  5.4709E+01  1.5432E+00  8.4572E-01  1.1749E+00  1.7440E+00  9.9840E-01  7.4560E-01  1.1074E+00
  4.1000E+01  1.9200E+02  0.0000E+00  1.3380E+00  0.0000E+00  0.0000E+00  2.0000E+00  1.2335E+00  1.0306E+00  5.4709E+01  1.2310E+00  5.2814E-01  1.1979E+00  1.3380E+00  4.6899E-01  8.6901E-01  1.7278E+00
  4.1000E+01  3.3600E+02  1.0000E+02  0.0000E+00  1.0000E+00  1.0000E+00  3.0000E+00  1.2335E+00  1.0306E+00  5.4709E+01  8.1692E-02 -6.8043E-01  0.0000E+00  0.0000E+00  5.4137E-05  0.0000E+00  0.0000E+00
  4.1000E+01  3.3650E+02  0.0000E+00  8.0300E-01  0.0000E+00  0.0000E+00  3.0000E+00  1.2335E+00  1.0306E+00  5.4709E+01  9.1795E-01 -6.7277E-01 -4.1274E-01  8.0300E-01  8.4215E-01 -3.9147E-02 -5.0330E-01
  4.1000E+01  3.3700E+02  0.0000E+00  1.5370E+00  0.0000E+00  0.0000E+00  3.0000E+00  1.2335E+00  1.0306E+00  5.4709E+01  1.3611E+00  8.1112E-01  9.6361E-01  1.5370E+00  1.2984E+00  2.3860E-01  9.6693E-01
  4.1000E+01  3.3800E+02  0.0000E+00  1.6410E+00  0.0000E+00  0.0000E+00  3.0000E+00  1.2335E+00  1.0306E+00  5.4709E+01  1.7088E+00 -2.6393E-01 -2.1119E-01  1.6410E+00  1.6452E+00 -4.1519E-03 -9.1226E-02
  4.1000E+01  3.4000E+02  0.0000E+00  1.5040E+00  0.0000E+00  0.0000E+00  3.0000E+00  1.2335E+00  1.0306E+00  5.4709E+01  1.7839E+00 -1.0537E+00 -9.9764E-01  1.5040E+00  1.6276E+00 -1.2359E-01 -9.4081E-01
  4.1000E+01  3.4400E+02  0.0000E+00  1.6490E+00  0.0000E+00  0.0000E+00  3.0000E+00  1.2335E+00  1.0306E+00  5.4709E+01  1.6667E+00 -7.0254E-02  1.3643E-01  1.6490E+00  1.2841E+00  3.6492E-01 -4.1215E-02
  4.1000E+01  3.4800E+02  0.0000E+00  1.4260E+00  0.0000E+00  0.0000E+00  3.0000E+00  1.2335E+00  1.0306E+00  5.4709E+01  1.5458E+00 -5.0388E-01 -1.5141E-01  1.4260E+00  9.9840E-01  4.2760E-01 -6.2948E-01
  4.1000E+01  3.6000E+02  0.0000E+00  1.0940E+00  0.0000E+00  0.0000E+00  3.0000E+00  1.2335E+00  1.0306E+00  5.4709E+01  1.2331E+00 -6.8532E-01  4.4884E-03  1.0940E+00  4.6899E-01  6.2501E-01 -5.2991E-02
  4.2000E+01  0.0000E+00  1.0000E+02  0.0000E+00  1.0000E+00  1.0000E+00  1.0000E+00  1.2698E+00  5.9496E+00  5.3026E+01  0.0000E+00  0.0000E+00  0.0000E+00  0.0000E+00  0.0000E+00  0.0000E+00  0.0000E+00
  4.2000E+01  5.0000E-01  0.0000E+00  1.2670E+00  0.0000E+00  0.0000E+00  1.0000E+00  1.2698E+00  5.9496E+00  5.3026E+01  8.5944E-01  2.4643E+00  2.6827E+00  1.2670E+00  8.4209E-01  4.2491E-01  2.6886E+00
  4.2000E+01  1.0000E+00  0.0000E+00  1.5590E+00  0.0000E+00  0.0000E+00  1.0000E+00  1.2698E+00  5.9496E+00  5.3026E+01  1.2680E+00  1.4077E+00  1.5429E+00  1.5590E+00  1.2983E+00  2.6065E-01  1.5383E+00
  4.2000E+01  2.0000E+00  0.0000E+00  1.7930E+00  0.0000E+00  0.0000E+00  1.0000E+00  1.2698E+00  5.9496E+00  5.3026E+01  1.4896E+00  1.3113E+00  1.2451E+00  1.7930E+00  1.6451E+00  1.4790E-01  1.1981E+00
  4.2000E+01  4.0000E+00  0.0000E+00  1.2440E+00  0.0000E+00  0.0000E+00  1.0000E+00  1.2698E+00  5.9496E+00  5.3026E+01  1.3077E+00 -3.0204E-01 -5.7151E-01  1.2440E+00  1.6275E+00 -3.8355E-01 -5.0003E-01
  4.2000E+01  8.0000E+00  0.0000E+00  7.9200E-01  0.0000E+00  0.0000E+00  1.0000E+00  1.2698E+00  5.9496E+00  5.3026E+01  8.4298E-01 -3.1108E-01 -6.6555E-01  7.9200E-01  1.2840E+00 -4.9204E-01 -6.7001E-01
  4.2000E+01  1.2000E+01  0.0000E+00  4.9100E-01  0.0000E+00  0.0000E+00  1.0000E+00  1.2698E+00  5.9496E+00  5.3026E+01  5.3820E-01 -3.3872E-01 -6.7346E-01  4.9100E-01  9.9838E-01 -5.0738E-01 -6.6931E-01
  4.2000E+01  2.4000E+01  0.0000E+00  3.5000E-02  0.0000E+00  0.0000E+00  1.0000E+00  1.2698E+00  5.9496E+00  5.3026E+01  1.4002E-01 -8.6789E-01 -1.0376E+00  3.5000E-02  4.6898E-01 -4.3398E-01 -6.7511E-01
  4.2000E+01  1.6800E+02  1.0000E+02  0.0000E+00  1.0000E+00  1.0000E+00  2.0000E+00  1.2698E+00  5.9496E+00  5.3026E+01  1.3465E-08 -1.1262E-07  0.0000E+00  0.0000E+00  5.4135E-05  0.0000E+00  0.0000E+00
  4.2000E+01  1.6850E+02  0.0000E+00  8.3600E-01  0.0000E+00  0.0000E+00  2.0000E+00  1.2698E+00  5.9496E+00  5.3026E+01  8.5944E-01 -1.4173E-01  7.6683E-02  8.3600E-01  8.4215E-01 -6.1465E-03  9.6287E-02
  4.2000E+01  1.6900E+02  0.0000E+00  1.1130E+00  0.0000E+00  0.0000E+00  2.0000E+00  1.2698E+00  5.9496E+00  5.3026E+01  1.2680E+00 -7.5015E-01 -6.1497E-01  1.1130E+00  1.2984E+00 -1.8540E-01 -5.4450E-01
  4.2000E+01  1.7000E+02  0.0000E+00  1.5930E+00  0.0000E+00  0.0000E+00  2.0000E+00  1.2698E+00  5.9496E+00  5.3026E+01  1.4896E+00  4.4679E-01  3.8059E-01  1.5930E+00  1.6452E+00 -5.2152E-02  4.0649E-01
  4.2000E+01  1.7200E+02  0.0000E+00  1.3230E+00  0.0000E+00  0.0000E+00  2.0000E+00  1.2698E+00  5.9496E+00  5.3026E+01  1.3077E+00  7.2340E-02 -1.9713E-01  1.3230E+00  1.6276E+00 -3.0459E-01 -1.8318E-01
  4.2000E+01  1.7600E+02  0.0000E+00  1.1490E+00  0.0000E+00  0.0000E+00  2.0000E+00  1.2698E+00  5.9496E+00  5.3026E+01  8.4298E-01  1.8673E+00  1.5128E+00  1.1490E+00  1.2841E+00 -1.3508E-01  1.0144E+00
  4.2000E+01  1.8000E+02  0.0000E+00  7.3100E-01  0.0000E+00  0.0000E+00  2.0000E+00  1.2698E+00  5.9496E+00  5.3026E+01  5.3820E-01  1.3836E+00  1.0489E+00  7.3100E-01  9.9840E-01 -2.6740E-01  6.4209E-01
  4.2000E+01  1.9200E+02  0.0000E+00  1.6700E-01  0.0000E+00  0.0000E+00  2.0000E+00  1.2698E+00  5.9496E+00  5.3026E+01  1.4002E-01  2.2295E-01  5.3289E-02  1.6700E-01  4.6899E-01 -3.0199E-01  2.8867E-01
  4.2000E+01  3.3600E+02  1.0000E+02  0.0000E+00  1.0000E+00  1.0000E+00  3.0000E+00  1.2698E+00  5.9496E+00  5.3026E+01  1.3465E-08 -1.1262E-07  0.0000E+00  0.0000E+00  5.4137E-05  0.0000E+00  0.0000E+00
  4.2000E+01  3.3650E+02  0.0000E+00  4.5800E-01  0.0000E+00  0.0000E+00  3.0000E+00  1.2698E+00  5.9496E+00  5.3026E+01  8.5944E-01 -2.4273E+00 -2.2089E+00  4.5800E-01  8.4215E-01 -3.8415E-01 -2.1782E+00
  4.2000E+01  3.3700E+02  0.0000E+00  9.5500E-01  0.0000E+00  0.0000E+00  3.0000E+00  1.2698E+00  5.9496E+00  5.3026E+01  1.2680E+00 -1.5146E+00 -1.3794E+00  9.5500E-01  1.2984E+00 -3.4340E-01 -1.2827E+00
  4.2000E+01  3.3800E+02  0.0000E+00  1.0070E+00  0.0000E+00  0.0000E+00  3.0000E+00  1.2698E+00  5.9496E+00  5.3026E+01  1.4896E+00 -2.0862E+00 -2.1524E+00  1.0070E+00  1.6452E+00 -6.3815E-01 -1.9147E+00
  4.2000E+01  3.4000E+02  0.0000E+00  1.1380E+00  0.0000E+00  0.0000E+00  3.0000E+00  1.2698E+00  5.9496E+00  5.3026E+01  1.3077E+00 -8.0438E-01 -1.0738E+00  1.1380E+00  1.6276E+00 -4.8959E-01 -9.2376E-01
  4.2000E+01  3.4400E+02  0.0000E+00  7.2500E-01  0.0000E+00  0.0000E+00  3.0000E+00  1.2698E+00  5.9496E+00  5.3026E+01  8.4298E-01 -7.1991E-01 -1.0744E+00  7.2500E-01  1.2841E+00 -5.5908E-01 -9.8543E-01
  4.2000E+01  3.4800E+02  0.0000E+00  4.3600E-01  0.0000E+00  0.0000E+00  3.0000E+00  1.2698E+00  5.9496E+00  5.3026E+01  5.3820E-01 -7.3343E-01 -1.0682E+00  4.3600E-01  9.9840E-01 -5.6240E-01 -9.6916E-01
  4.2000E+01  3.6000E+02  0.0000E+00  5.3000E-02  0.0000E+00  0.0000E+00  3.0000E+00  1.2698E+00  5.9496E+00  5.3026E+01  1.4002E-01 -7.1914E-01 -8.8880E-01  5.3000E-02  4.6899E-01 -4.1599E-01 -5.4335E-01
  4.3000E+01  0.0000E+00  1.0000E+02  0.0000E+00  1.0000E+00  1.0000E+00  1.0000E+00  8.7113E-01  3.7581E+00  6.8167E+01  0.0000E+00  0.0000E+00  0.0000E+00  0.0000E+00  0.0000E+00  0.0000E+00  0.0000E+00
  4.3000E+01  5.0000E-01  0.0000E+00  6.0400E-01  0.0000E+00  0.0000E+00  1.0000E+00  8.7113E-01  3.7581E+00  6.8167E+01  5.1041E-01  6.8072E-01  3.9480E-01  6.0400E-01  8.4209E-01 -2.3809E-01  3.2110E-01
  4.3000E+01  1.0000E+00  0.0000E+00  8.8300E-01  0.0000E+00  0.0000E+00  1.0000E+00  8.7113E-01  3.7581E+00  6.8167E+01  8.2672E-01  3.4652E-01 -7.6260E-02  8.8300E-01  1.2983E+00 -4.1535E-01 -1.2195E-01
  4.3000E+01  2.0000E+00  0.0000E+00  1.1660E+00  0.0000E+00  0.0000E+00  1.0000E+00  8.7113E-01  3.7581E+00  6.8167E+01  1.1283E+00  1.9631E-01 -3.0567E-01  1.1660E+00  1.6451E+00 -4.7910E-01 -3.1845E-01
  4.3000E+01  4.0000E+00  0.0000E+00  1.1930E+00  0.0000E+00  0.0000E+00  1.0000E+00  8.7113E-01  3.7581E+00  6.8167E+01  1.2081E+00 -7.5607E-02 -5.2113E-01  1.1930E+00  1.6275E+00 -4.3455E-01 -4.4342E-01
  4.3000E+01  8.0000E+00  0.0000E+00  8.4100E-01  0.0000E+00  0.0000E+00  1.0000E+00  8.7113E-01  3.7581E+00  6.8167E+01  1.0061E+00 -9.2021E-01 -1.1830E+00  8.4100E-01  1.2840E+00 -4.4304E-01 -9.6945E-01
  4.3000E+01  1.2000E+01  0.0000E+00  5.0600E-01  0.0000E+00  0.0000E+00  1.0000E+00  8.7113E-01  3.7581E+00  6.8167E+01  8.0813E-01 -1.8795E+00 -1.9978E+00  5.0600E-01  9.9838E-01 -4.9238E-01 -1.7203E+00
  4.3000E+01  2.4000E+01  0.0000E+00  2.1800E-01  0.0000E+00  0.0000E+00  1.0000E+00  8.7113E-01  3.7581E+00  6.8167E+01  4.1705E-01 -1.5103E+00 -1.4022E+00  2.1800E-01  4.6898E-01 -2.5098E-01 -1.3451E+00
  4.3000E+01  1.6800E+02  1.0000E+02  0.0000E+00  1.0000E+00  1.0000E+00  2.0000E+00  8.7113E-01  3.7581E+00  6.8167E+01  1.4872E-04 -1.2439E-03  0.0000E+00  0.0000E+00  5.4135E-05  0.0000E+00  0.0000E+00
  4.3000E+01  1.6850E+02  0.0000E+00  5.1900E-01  0.0000E+00  0.0000E+00  2.0000E+00  8.7113E-01  3.7581E+00  6.8167E+01  5.1056E-01  6.1406E-02 -2.2378E-01  5.1900E-01  8.4215E-01 -3.2315E-01 -1.9078E-01
  4.3000E+01  1.6900E+02  0.0000E+00  8.4900E-01  0.0000E+00  0.0000E+00  2.0000E+00  8.7113E-01  3.7581E+00  6.8167E+01  8.2686E-01  1.3630E-01 -2.8582E-01  8.4900E-01  1.2984E+00 -4.4940E-01 -2.8107E-01
  4.3000E+01  1.7000E+02  0.0000E+00  1.2250E+00  0.0000E+00  0.0000E+00  2.0000E+00  8.7113E-01  3.7581E+00  6.8167E+01  1.1285E+00  5.0313E-01  1.7275E-03  1.2250E+00  1.6452E+00 -4.2015E-01 -8.4956E-02
  4.3000E+01  1.7200E+02  0.0000E+00  1.2030E+00  0.0000E+00  0.0000E+00  2.0000E+00  8.7113E-01  3.7581E+00  6.8167E+01  1.2083E+00 -2.6262E-02 -4.7128E-01  1.2030E+00  1.6276E+00 -4.2459E-01 -4.0358E-01
  4.3000E+01  1.7600E+02  0.0000E+00  9.7300E-01  0.0000E+00  0.0000E+00  2.0000E+00  8.7113E-01  3.7581E+00  6.8167E+01  1.0062E+00 -1.8501E-01 -4.4731E-01  9.7300E-01  1.2841E+00 -3.1108E-01 -3.4702E-01
  4.3000E+01  1.8000E+02  0.0000E+00  9.7700E-01  0.0000E+00  0.0000E+00  2.0000E+00  8.7113E-01  3.7581E+00  6.8167E+01  8.0820E-01  1.0500E+00  9.3209E-01  9.7700E-01  9.9840E-01 -2.1403E-02  8.5213E-01
  4.3000E+01  1.9200E+02  0.0000E+00  4.6700E-01  0.0000E+00  0.0000E+00  2.0000E+00  8.7113E-01  3.7581E+00  6.8167E+01  4.1709E-01  3.7869E-01  4.8698E-01  4.6700E-01  4.6899E-01 -1.9944E-03  4.7210E-01
  4.3000E+01  3.3600E+02  1.0000E+02  0.0000E+00  1.0000E+00  1.0000E+00  3.0000E+00  8.7113E-01  3.7581E+00  6.8167E+01  1.4874E-04 -1.2440E-03  0.0000E+00  0.0000E+00  5.4137E-05  0.0000E+00  0.0000E+00
  4.3000E+01  3.3650E+02  0.0000E+00  4.2500E-01  0.0000E+00  0.0000E+00  3.0000E+00  8.7113E-01  3.7581E+00  6.8167E+01  5.1056E-01 -6.2227E-01 -9.0746E-01  4.2500E-01  8.4215E-01 -4.1715E-01 -7.5640E-01
  4.3000E+01  3.3700E+02  0.0000E+00  7.3500E-01  0.0000E+00  0.0000E+00  3.0000E+00  8.7113E-01  3.7581E+00  6.8167E+01  8.2686E-01 -5.6556E-01 -9.8768E-01  7.3500E-01  1.2984E+00 -5.6340E-01 -8.1367E-01
  4.3000E+01  3.3800E+02  0.0000E+00  1.0530E+00  0.0000E+00  0.0000E+00  3.0000E+00  8.7113E-01  3.7581E+00  6.8167E+01  1.1285E+00 -3.9339E-01 -8.9480E-01  1.0530E+00  1.6452E+00 -5.9215E-01 -7.6627E-01
  4.3000E+01  3.4000E+02  0.0000E+00  1.0660E+00  0.0000E+00  0.0000E+00  3.0000E+00  8.7113E-01  3.7581E+00  6.8167E+01  1.2083E+00 -7.1038E-01 -1.1554E+00  1.0660E+00  1.6276E+00 -5.6159E-01 -9.5201E-01
  4.3000E+01  3.4400E+02  0.0000E+00  1.0990E+00  0.0000E+00  0.0000E+00  3.0000E+00  8.7113E-01  3.7581E+00  6.8167E+01  1.0062E+00  5.1724E-01  2.5493E-01  1.0990E+00  1.2841E+00 -1.8508E-01  2.4727E-01
  4.3000E+01  3.4800E+02  0.0000E+00  9.7300E-01  0.0000E+00  0.0000E+00  3.0000E+00  8.7113E-01  3.7581E+00  6.8167E+01  8.0820E-01  1.0251E+00  9.0720E-01  9.7300E-01  9.9840E-01 -2.5403E-02  8.3028E-01
  4.3000E+01  3.6000E+02  0.0000E+00  5.8700E-01  0.0000E+00  0.0000E+00  3.0000E+00  8.7113E-01  3.7581E+00  6.8167E+01  4.1709E-01  1.2892E+00  1.3975E+00  5.8700E-01  4.6899E-01  1.1801E-01  1.3479E+00
  4.4000E+01  0.0000E+00  1.0000E+02  0.0000E+00  1.0000E+00  1.0000E+00  1.0000E+00  8.5432E-01  1.2843E+00  4.8885E+01  0.0000E+00  0.0000E+00  0.0000E+00  0.0000E+00  0.0000E+00  0.0000E+00  0.0000E+00
  4.4000E+01  5.0000E-01  0.0000E+00  7.7300E-01  0.0000E+00  0.0000E+00  1.0000E+00  8.5432E-01  1.2843E+00  4.8885E+01  7.0616E-01  4.3965E-01  2.3924E-01  7.7300E-01  8.4209E-01 -6.9094E-02  1.9401E-01
  4.4000E+01  1.0000E+00  0.0000E+00  1.4570E+00  0.0000E+00  0.0000E+00  1.0000E+00  8.5432E-01  1.2843E+00  4.8885E+01  1.1576E+00  1.5361E+00  1.2973E+00  1.4570E+00  1.2983E+00  1.5865E-01  1.2018E+00
  4.4000E+01  2.0000E+00  0.0000E+00  1.7440E+00  0.0000E+00  0.0000E+00  1.0000E+00  8.5432E-01  1.2843E+00  4.8885E+01  1.6203E+00  5.0227E-01  3.4049E-01  1.7440E+00  1.6451E+00  9.8896E-02  4.2897E-01
  4.4000E+01  4.0000E+00  0.0000E+00  1.2850E+00  0.0000E+00  0.0000E+00  1.0000E+00  8.5432E-01  1.2843E+00  4.8885E+01  1.8308E+00 -2.0125E+00 -1.9803E+00  1.2850E+00  1.6275E+00 -3.4255E-01 -2.0614E+00
  4.4000E+01  8.0000E+00  0.0000E+00  1.7740E+00  0.0000E+00  0.0000E+00  1.0000E+00  8.5432E-01  1.2843E+00  4.8885E+01  1.7082E+00  2.5645E-01  4.8014E-01  1.7740E+00  1.2840E+00  4.8996E-01  4.3280E-01
  4.4000E+01  1.2000E+01  0.0000E+00  1.2820E+00  0.0000E+00  0.0000E+00  1.0000E+00  8.5432E-01  1.2843E+00  4.8885E+01  1.5397E+00 -1.0872E+00 -7.5360E-01  1.2820E+00  9.9838E-01  2.8362E-01 -1.2892E+00
  4.4000E+01  2.4000E+01  0.0000E+00  1.0440E+00  0.0000E+00  0.0000E+00  1.0000E+00  8.5432E-01  1.2843E+00  4.8885E+01  1.1234E+00 -4.1517E-01  1.2029E-01  1.0440E+00  4.6898E-01  5.7502E-01  1.5558E-01
  4.4000E+01  1.6800E+02  1.0000E+02  0.0000E+00  1.0000E+00  1.0000E+00  2.0000E+00  8.5432E-01  1.2843E+00  4.8885E+01  2.5555E-02 -2.1365E-01  0.0000E+00  0.0000E+00  5.4135E-05  0.0000E+00  0.0000E+00
  4.4000E+01  1.6850E+02  0.0000E+00  5.5600E-01  0.0000E+00  0.0000E+00  2.0000E+00  8.5432E-01  1.2843E+00  4.8885E+01  7.3138E-01 -1.1380E+00 -1.2476E+00  5.5600E-01  8.4215E-01 -2.8615E-01 -1.1148E+00
  4.4000E+01  1.6900E+02  0.0000E+00  8.4900E-01  0.0000E+00  0.0000E+00  2.0000E+00  8.5432E-01  1.2843E+00  4.8885E+01  1.1825E+00 -1.6885E+00 -1.8397E+00  8.4900E-01  1.2984E+00 -4.4940E-01 -1.6409E+00
  4.4000E+01  1.7000E+02  0.0000E+00  1.6660E+00  0.0000E+00  0.0000E+00  2.0000E+00  8.5432E-01  1.2843E+00  4.8885E+01  1.6445E+00  8.6282E-02  6.9006E-03  1.6660E+00  1.6452E+00  2.0848E-02  1.1828E-01
  4.4000E+01  1.7200E+02  0.0000E+00  2.0550E+00  0.0000E+00  0.0000E+00  2.0000E+00  8.5432E-01  1.2843E+00  4.8885E+01  1.8538E+00  7.3460E-01  8.4378E-01  2.0550E+00  1.6276E+00  4.2741E-01  1.0195E+00
  4.4000E+01  1.7600E+02  0.0000E+00  1.7050E+00  0.0000E+00  0.0000E+00  2.0000E+00  8.5432E-01  1.2843E+00  4.8885E+01  1.7289E+00 -9.2200E-02  2.0283E-01  1.7050E+00  1.2841E+00  4.2092E-01  1.0586E-01
  4.4000E+01  1.8000E+02  0.0000E+00  1.5240E+00  0.0000E+00  0.0000E+00  2.0000E+00  8.5432E-01  1.2843E+00  4.8885E+01  1.5584E+00 -1.4375E-01  2.5636E-01  1.5240E+00  9.9840E-01  5.2560E-01  3.1240E-02
  4.4000E+01  1.9200E+02  0.0000E+00  1.4210E+00  0.0000E+00  0.0000E+00  2.0000E+00  8.5432E-01  1.2843E+00  4.8885E+01  1.1370E+00  1.4733E+00  2.0622E+00  1.4210E+00  4.6899E-01  9.5201E-01  2.9061E+00
  4.4000E+01  3.3600E+02  1.0000E+02  0.0000E+00  1.0000E+00  1.0000E+00  3.0000E+00  8.5432E-01  1.2843E+00  4.8885E+01  2.5865E-02 -2.1623E-01  0.0000E+00  0.0000E+00  5.4137E-05  0.0000E+00  0.0000E+00
  4.4000E+01  3.3650E+02  0.0000E+00  6.0400E-01  0.0000E+00  0.0000E+00  3.0000E+00  8.5432E-01  1.2843E+00  4.8885E+01  7.3169E-01 -8.2839E-01 -9.3581E-01  6.0400E-01  8.4215E-01 -2.3815E-01 -8.2595E-01
  4.4000E+01  3.3700E+02  0.0000E+00  1.1940E+00  0.0000E+00  0.0000E+00  3.0000E+00  8.5432E-01  1.2843E+00  4.8885E+01  1.1828E+00  5.6631E-02 -9.2467E-02  1.1940E+00  1.2984E+00 -1.0440E-01 -2.9101E-02
  4.4000E+01  3.3800E+02  0.0000E+00  1.9920E+00  0.0000E+00  0.0000E+00  3.0000E+00  8.5432E-01  1.2843E+00  4.8885E+01  1.6448E+00  1.3931E+00  1.3157E+00  1.9920E+00  1.6452E+00  3.4685E-01  1.4096E+00
  4.4000E+01  3.4000E+02  0.0000E+00  1.8440E+00  0.0000E+00  0.0000E+00  3.0000E+00  8.5432E-01  1.2843E+00  4.8885E+01  1.8540E+00 -3.6660E-02  7.4376E-02  1.8440E+00  1.6276E+00  2.1641E-01  1.7487E-01
  4.4000E+01  3.4400E+02  0.0000E+00  2.1320E+00  0.0000E+00  0.0000E+00  3.0000E+00  8.5432E-01  1.2843E+00  4.8885E+01  1.7291E+00  1.5547E+00  1.8514E+00  2.1320E+00  1.2841E+00  8.4792E-01  2.1198E+00
  4.4000E+01  3.4800E+02  0.0000E+00  1.2670E+00  0.0000E+00  0.0000E+00  3.0000E+00  8.5432E-01  1.2843E+00  4.8885E+01  1.5586E+00 -1.2189E+00 -8.1720E-01  1.2670E+00  9.9840E-01  2.6860E-01 -1.3725E+00
  4.4000E+01  3.6000E+02  0.0000E+00  1.2740E+00  0.0000E+00  0.0000E+00  3.0000E+00  8.5432E-01  1.2843E+00  4.8885E+01  1.1372E+00  7.0968E-01  1.2999E+00  1.2740E+00  4.6899E-01  8.0501E-01  1.8333E+00
  4.5000E+01  0.0000E+00  1.0000E+02  0.0000E+00  1.0000E+00  1.0000E+00  1.0000E+00  6.1441E-01  2.5203E+00  7.3766E+01  0.0000E+00  0.0000E+00  0.0000E+00  0.0000E+00  0.0000E+00  0.0000E+00  0.0000E+00
  4.5000E+01  5.0000E-01  0.0000E+00  4.3800E-01  0.0000E+00  0.0000E+00  1.0000E+00  6.1441E-01  2.5203E+00  7.3766E+01  3.5536E-01  6.4277E-01  3.0658E-01  4.3800E-01  8.4209E-01 -4.0409E-01  1.6439E-01
  4.5000E+01  1.0000E+00  0.0000E+00  5.3800E-01  0.0000E+00  0.0000E+00  1.0000E+00  6.1441E-01  2.5203E+00  7.3766E+01  6.1071E-01 -5.0310E-01 -1.0327E+00  5.3800E-01  1.2983E+00 -7.6035E-01 -8.9963E-01
  4.5000E+01  2.0000E+00  0.0000E+00  1.0650E+00  0.0000E+00  0.0000E+00  1.0000E+00  6.1441E-01  2.5203E+00  7.3766E+01  9.2057E-01  8.4408E-01  1.7420E-01  1.0650E+00  1.6451E+00 -5.8010E-01 -1.0367E-01
  4.5000E+01  4.0000E+00  0.0000E+00  1.0800E+00  0.0000E+00  0.0000E+00  1.0000E+00  6.1441E-01  2.5203E+00  7.3766E+01  1.1292E+00 -2.5618E-01 -8.5461E-01  1.0800E+00  1.6275E+00 -5.4755E-01 -6.5155E-01
  4.5000E+01  8.0000E+00  0.0000E+00  1.1380E+00  0.0000E+00  0.0000E+00  1.0000E+00  6.1441E-01  2.5203E+00  7.3766E+01  1.0816E+00  3.0142E-01 -2.6931E-02  1.1380E+00  1.2840E+00 -1.4604E-01  1.2812E-01
  4.5000E+01  1.2000E+01  0.0000E+00  1.0590E+00  0.0000E+00  0.0000E+00  1.0000E+00  6.1441E-01  2.5203E+00  7.3766E+01  9.5174E-01  6.1609E-01  4.8101E-01  1.0590E+00  9.9838E-01  6.0622E-02  5.4240E-01
  4.5000E+01  2.4000E+01  0.0000E+00  7.0900E-01  0.0000E+00  0.0000E+00  1.0000E+00  6.1441E-01  2.5203E+00  7.3766E+01  6.3222E-01  5.2530E-01  7.3841E-01  7.0900E-01  4.6898E-01  2.4002E-01  7.9250E-01
  4.5000E+01  1.6800E+02  1.0000E+02  0.0000E+00  1.0000E+00  1.0000E+00  2.0000E+00  6.1441E-01  2.5203E+00  7.3766E+01  4.6147E-03 -3.8595E-02  0.0000E+00  0.0000E+00  5.4135E-05  0.0000E+00  0.0000E+00
  4.5000E+01  1.6850E+02  0.0000E+00  4.9400E-01  0.0000E+00  0.0000E+00  2.0000E+00  6.1441E-01  2.5203E+00  7.3766E+01  3.5990E-01  1.0413E+00  7.3426E-01  4.9400E-01  8.4215E-01 -3.4815E-01  4.9979E-01
  4.5000E+01  1.6900E+02  0.0000E+00  5.9700E-01  0.0000E+00  0.0000E+00  2.0000E+00  6.1441E-01  2.5203E+00  7.3766E+01  6.1517E-01 -1.2545E-01 -6.2701E-01  5.9700E-01  1.2984E+00 -7.0140E-01 -6.2508E-01
  4.5000E+01  1.7000E+02  0.0000E+00  1.0620E+00  0.0000E+00  0.0000E+00  2.0000E+00  6.1441E-01  2.5203E+00  7.3766E+01  9.2488E-01  7.9944E-01  1.5579E-01  1.0620E+00  1.6452E+00 -5.8315E-01 -1.1641E-01
  4.5000E+01  1.7200E+02  0.0000E+00  1.0570E+00  0.0000E+00  0.0000E+00  2.0000E+00  6.1441E-01  2.5203E+00  7.3766E+01  1.1332E+00 -3.9613E-01 -9.7056E-01  1.0570E+00  1.6276E+00 -5.7059E-01 -7.4438E-01
  4.5000E+01  1.7600E+02  0.0000E+00  1.1770E+00  0.0000E+00  0.0000E+00  2.0000E+00  6.1441E-01  2.5203E+00  7.3766E+01  1.0851E+00  4.9023E-01  1.8344E-01  1.1770E+00  1.2841E+00 -1.0708E-01  3.1132E-01
  4.5000E+01  1.8000E+02  0.0000E+00  8.1000E-01  0.0000E+00  0.0000E+00  2.0000E+00  6.1441E-01  2.5203E+00  7.3766E+01  9.5481E-01 -8.3036E-01 -9.4583E-01  8.1000E-01  9.9840E-01 -1.8840E-01 -8.1833E-01
  4.5000E+01  1.9200E+02  0.0000E+00  7.1900E-01  0.0000E+00  0.0000E+00  2.0000E+00  6.1441E-01  2.5203E+00  7.3766E+01  6.3426E-01  5.7920E-01  8.0686E-01  7.1900E-01  4.6899E-01  2.5001E-01  8.6498E-01
  4.5000E+01  3.3600E+02  1.0000E+02  0.0000E+00  1.0000E+00  1.0000E+00  3.0000E+00  6.1441E-01  2.5203E+00  7.3766E+01  4.6296E-03 -3.8719E-02  0.0000E+00  0.0000E+00  5.4137E-05  0.0000E+00  0.0000E+00
  4.5000E+01  3.3650E+02  0.0000E+00  2.9200E-01  0.0000E+00  0.0000E+00  3.0000E+00  6.1441E-01  2.5203E+00  7.3766E+01  3.5991E-01 -5.2734E-01 -8.3415E-01  2.9200E-01  8.4215E-01 -5.5015E-01 -7.1569E-01
  4.5000E+01  3.3700E+02  0.0000E+00  5.7300E-01  0.0000E+00  0.0000E+00  3.0000E+00  6.1441E-01  2.5203E+00  7.3766E+01  6.1519E-01 -2.9122E-01 -7.9259E-01  5.7300E-01  1.2984E+00 -7.2540E-01 -7.3721E-01
  4.5000E+01  3.3800E+02  0.0000E+00  5.8200E-01  0.0000E+00  0.0000E+00  3.0000E+00  6.1441E-01  2.5203E+00  7.3766E+01  9.2490E-01 -1.9992E+00 -2.6427E+00  5.8200E-01  1.6452E+00 -1.0632E+00 -2.0177E+00
  4.5000E+01  3.4000E+02  0.0000E+00  9.5600E-01  0.0000E+00  0.0000E+00  3.0000E+00  6.1441E-01  2.5203E+00  7.3766E+01  1.1332E+00 -9.2129E-01 -1.4956E+00  9.5600E-01  1.6276E+00 -6.7159E-01 -1.1487E+00
  4.5000E+01  3.4400E+02  0.0000E+00  1.1370E+00  0.0000E+00  0.0000E+00  3.0000E+00  6.1441E-01  2.5203E+00  7.3766E+01  1.0852E+00  2.7670E-01 -2.9953E-02  1.1370E+00  1.2841E+00 -1.4708E-01  1.2265E-01
  4.5000E+01  3.4800E+02  0.0000E+00  7.9600E-01  0.0000E+00  0.0000E+00  3.0000E+00  6.1441E-01  2.5203E+00  7.3766E+01  9.5482E-01 -9.1069E-01 -1.0260E+00  7.9600E-01  9.9840E-01 -2.0240E-01 -8.9479E-01
  4.5000E+01  3.6000E+02  0.0000E+00  6.5300E-01  0.0000E+00  0.0000E+00  3.0000E+00  6.1441E-01  2.5203E+00  7.3766E+01  6.3426E-01  1.2807E-01  3.5582E-01  6.5300E-01  4.6899E-01  1.8401E-01  3.8328E-01
  4.6000E+01  0.0000E+00  1.0000E+02  0.0000E+00  1.0000E+00  1.0000E+00  1.0000E+00  1.0792E+00  2.7313E+00  5.2062E+01  0.0000E+00  0.0000E+00  0.0000E+00  0.0000E+00  0.0000E+00  0.0000E+00  0.0000E+00
  4.6000E+01  5.0000E-01  0.0000E+00  8.7900E-01  0.0000E+00  0.0000E+00  1.0000E+00  1.0792E+00  2.7313E+00  5.2062E+01  7.8966E-01  5.6145E-01  4.6863E-01  8.7900E-01  8.4209E-01  3.6906E-02  4.4292E-01
  4.6000E+01  1.0000E+00  0.0000E+00  1.1350E+00  0.0000E+00  0.0000E+00  1.0000E+00  1.0792E+00  2.7313E+00  5.2062E+01  1.2296E+00 -4.6696E-01 -5.8249E-01  1.1350E+00  1.2983E+00 -1.6335E-01 -5.5256E-01
  4.6000E+01  2.0000E+00  0.0000E+00  1.6460E+00  0.0000E+00  0.0000E+00  1.0000E+00  1.0792E+00  2.7313E+00  5.2062E+01  1.5846E+00  2.5335E-01  1.3770E-01  1.6460E+00  1.6451E+00  8.9582E-04  1.3813E-01
  4.6000E+01  4.0000E+00  0.0000E+00  1.4800E+00  0.0000E+00  0.0000E+00  1.0000E+00  1.0792E+00  2.7313E+00  5.2062E+01  1.6098E+00 -5.2954E-01 -6.1727E-01  1.4800E+00  1.6275E+00 -1.4755E-01 -5.9876E-01
  4.6000E+01  8.0000E+00  0.0000E+00  1.3840E+00  0.0000E+00  0.0000E+00  1.0000E+00  1.0792E+00  2.7313E+00  5.2062E+01  1.3266E+00  2.6950E-01  2.3269E-01  1.3840E+00  1.2840E+00  9.9957E-02  2.2560E-01
  4.6000E+01  1.2000E+01  0.0000E+00  1.0220E+00  0.0000E+00  0.0000E+00  1.0000E+00  1.0792E+00  2.7313E+00  5.2062E+01  1.0757E+00 -2.8830E-01 -2.8768E-01  1.0220E+00  9.9838E-01  2.3622E-02 -3.1209E-01
  4.6000E+01  2.4000E+01  0.0000E+00  3.3700E-01  0.0000E+00  0.0000E+00  1.0000E+00  1.0792E+00  2.7313E+00  5.2062E+01  5.7319E-01 -1.6658E+00 -1.6075E+00  3.3700E-01  4.6898E-01 -1.3198E-01 -1.6696E+00
  4.6000E+01  1.6800E+02  1.0000E+02  0.0000E+00  1.0000E+00  1.0000E+00  2.0000E+00  1.0792E+00  2.7313E+00  5.2062E+01  3.0016E-04 -2.5104E-03  0.0000E+00  0.0000E+00  5.4135E-05  0.0000E+00  0.0000E+00
  4.6000E+01  1.6850E+02  0.0000E+00  8.6600E-01  0.0000E+00  0.0000E+00  2.0000E+00  1.0792E+00  2.7313E+00  5.2062E+01  7.8995E-01  4.7784E-01  3.8545E-01  8.6600E-01  8.4215E-01  2.3853E-02  3.6385E-01
  4.6000E+01  1.6900E+02  0.0000E+00  1.2120E+00  0.0000E+00  0.0000E+00  2.0000E+00  1.0792E+00  2.7313E+00  5.2062E+01  1.2299E+00 -8.8174E-02 -2.0330E-01  1.2120E+00  1.2984E+00 -8.6398E-02 -1.9343E-01
  4.6000E+01  1.7000E+02  0.0000E+00  1.6920E+00  0.0000E+00  0.0000E+00  2.0000E+00  1.0792E+00  2.7313E+00  5.2062E+01  1.5849E+00  4.4206E-01  3.2678E-01  1.6920E+00  1.6452E+00  4.6848E-02  3.1985E-01
  4.6000E+01  1.7200E+02  0.0000E+00  1.6280E+00  0.0000E+00  0.0000E+00  2.0000E+00  1.0792E+00  2.7313E+00  5.2062E+01  1.6101E+00  7.3125E-02 -1.4273E-02  1.6280E+00  1.6276E+00  4.1207E-04 -6.7139E-03
  4.6000E+01  1.7600E+02  0.0000E+00  1.5150E+00  0.0000E+00  0.0000E+00  2.0000E+00  1.0792E+00  2.7313E+00  5.2062E+01  1.3268E+00  8.8327E-01  8.4674E-01  1.5150E+00  1.2841E+00  2.3092E-01  8.4305E-01
  4.6000E+01  1.8000E+02  0.0000E+00  1.2290E+00  0.0000E+00  0.0000E+00  2.0000E+00  1.0792E+00  2.7313E+00  5.2062E+01  1.0759E+00  8.2116E-01  8.2203E-01  1.2290E+00  9.9840E-01  2.3060E-01  8.1814E-01
  4.6000E+01  1.9200E+02  0.0000E+00  6.7400E-01  0.0000E+00  0.0000E+00  2.0000E+00  1.0792E+00  2.7313E+00  5.2062E+01  5.7328E-01  7.1035E-01  7.6881E-01  6.7400E-01  4.6899E-01  2.0501E-01  7.8974E-01
  4.6000E+01  3.3600E+02  1.0000E+02  0.0000E+00  1.0000E+00  1.0000E+00  3.0000E+00  1.0792E+00  2.7313E+00  5.2062E+01  3.0020E-04 -2.5107E-03  0.0000E+00  0.0000E+00  5.4137E-05  0.0000E+00  0.0000E+00
  4.6000E+01  3.3650E+02  0.0000E+00  6.8800E-01  0.0000E+00  0.0000E+00  3.0000E+00  1.0792E+00  2.7313E+00  5.2062E+01  7.8995E-01 -6.4064E-01 -7.3302E-01  6.8800E-01  8.4215E-01 -1.5415E-01 -7.0722E-01
  4.6000E+01  3.3700E+02  0.0000E+00  1.3650E+00  0.0000E+00  0.0000E+00  3.0000E+00  1.0792E+00  2.7313E+00  5.2062E+01  1.2299E+00  6.6713E-01  5.5200E-01  1.3650E+00  1.2984E+00  6.6602E-02  5.2136E-01
  4.6000E+01  3.3800E+02  0.0000E+00  1.4910E+00  0.0000E+00  0.0000E+00  3.0000E+00  1.0792E+00  2.7313E+00  5.2062E+01  1.5849E+00 -3.8756E-01 -5.0284E-01  1.4910E+00  1.6452E+00 -1.5415E-01 -4.7633E-01
  4.6000E+01  3.4000E+02  0.0000E+00  1.4680E+00  0.0000E+00  0.0000E+00  3.0000E+00  1.0792E+00  2.7313E+00  5.2062E+01  1.6101E+00 -5.7942E-01 -6.6681E-01  1.4680E+00  1.6276E+00 -1.5959E-01 -6.4721E-01
  4.6000E+01  3.4400E+02  0.0000E+00  1.3490E+00  0.0000E+00  0.0000E+00  3.0000E+00  1.0792E+00  2.7313E+00  5.2062E+01  1.3268E+00  1.0431E-01  6.7784E-02  1.3490E+00  1.2841E+00  6.4924E-02  6.0098E-02
  4.6000E+01  3.4800E+02  0.0000E+00  1.1170E+00  0.0000E+00  0.0000E+00  3.0000E+00  1.0792E+00  2.7313E+00  5.2062E+01  1.0759E+00  2.2042E-01  2.2129E-01  1.1170E+00  9.9840E-01  1.1860E-01  2.0641E-01
  4.6000E+01  3.6000E+02  0.0000E+00  6.3700E-01  0.0000E+00  0.0000E+00  3.0000E+00  1.0792E+00  2.7313E+00  5.2062E+01  5.7328E-01  4.4941E-01  5.0787E-01  6.3700E-01  4.6899E-01  1.6801E-01  5.1970E-01
  4.7000E+01  0.0000E+00  1.0000E+02  0.0000E+00  1.0000E+00  1.0000E+00  1.0000E+00  1.3761E+00  6.3293E+00  4.2683E+01  0.0000E+00  0.0000E+00  0.0000E+00  0.0000E+00  0.0000E+00  0.0000E+00  0.0000E+00
  4.7000E+01  5.0000E-01  0.0000E+00  9.2300E-01  0.0000E+00  0.0000E+00  1.0000E+00  1.3761E+00  6.3293E+00  4.2683E+01  1.1185E+00 -1.0248E+00 -8.1253E-01  9.2300E-01  8.4209E-01  8.0906E-02 -9.6008E-01
  4.7000E+01  1.0000E+00  0.0000E+00  1.7030E+00  0.0000E+00  0.0000E+00  1.0000E+00  1.3761E+00  6.3293E+00  4.2683E+01  1.6007E+00  4.1888E-01  6.4039E-01  1.7030E+00  1.2983E+00  4.0465E-01  7.6212E-01
  4.7000E+01  2.0000E+00  0.0000E+00  2.1400E+00  0.0000E+00  0.0000E+00  1.0000E+00  1.3761E+00  6.3293E+00  4.2683E+01  1.7844E+00  1.3384E+00  1.4162E+00  2.1400E+00  1.6451E+00  4.9490E-01  1.6181E+00
  4.7000E+01  4.0000E+00  0.0000E+00  1.2350E+00  0.0000E+00  0.0000E+00  1.0000E+00  1.3761E+00  6.3293E+00  4.2683E+01  1.4403E+00 -9.0938E-01 -1.1223E+00  1.2350E+00  1.6275E+00 -3.9255E-01 -9.4800E-01
  4.7000E+01  8.0000E+00  0.0000E+00  6.4600E-01  0.0000E+00  0.0000E+00  1.0000E+00  1.3761E+00  6.3293E+00  4.2683E+01  8.0175E-01 -9.7233E-01 -1.4336E+00  6.4600E-01  1.2840E+00 -6.3804E-01 -1.4014E+00
  4.7000E+01  1.2000E+01  0.0000E+00  2.9100E-01  0.0000E+00  0.0000E+00  1.0000E+00  1.3761E+00  6.3293E+00  4.2683E+01  4.4306E-01 -1.1408E+00 -1.5967E+00  2.9100E-01  9.9838E-01 -7.0738E-01 -1.5788E+00
  4.7000E+01  2.4000E+01  0.0000E+00  4.7000E-02  0.0000E+00  0.0000E+00  1.0000E+00  1.3761E+00  6.3293E+00  4.2683E+01  7.4760E-02 -2.3137E-01 -4.0945E-01  4.7000E-02  4.6898E-01 -4.2198E-01 -5.2859E-02
  4.7000E+01  1.6800E+02  1.0000E+02  0.0000E+00  1.0000E+00  1.0000E+00  2.0000E+00  1.3761E+00  6.3293E+00  4.2683E+01  3.9821E-11 -3.3304E-10  0.0000E+00  0.0000E+00  5.4135E-05  0.0000E+00  0.0000E+00
  4.7000E+01  1.6850E+02  0.0000E+00  1.0020E+00  0.0000E+00  0.0000E+00  2.0000E+00  1.3761E+00  6.3293E+00  4.2683E+01  1.1185E+00 -6.1076E-01 -3.9853E-01  1.0020E+00  8.4215E-01  1.5985E-01 -4.8303E-01
  4.7000E+01  1.6900E+02  0.0000E+00  1.3020E+00  0.0000E+00  0.0000E+00  2.0000E+00  1.3761E+00  6.3293E+00  4.2683E+01  1.6007E+00 -1.2238E+00 -1.0023E+00  1.3020E+00  1.2984E+00  3.6022E-03 -1.1101E+00
  4.7000E+01  1.7000E+02  0.0000E+00  1.6670E+00  0.0000E+00  0.0000E+00  2.0000E+00  1.3761E+00  6.3293E+00  4.2683E+01  1.7844E+00 -4.4199E-01 -3.6413E-01  1.6670E+00  1.6452E+00  2.1848E-02 -2.5464E-01
  4.7000E+01  1.7200E+02  0.0000E+00  1.7490E+00  0.0000E+00  0.0000E+00  2.0000E+00  1.3761E+00  6.3293E+00  4.2683E+01  1.4403E+00  1.3674E+00  1.1545E+00  1.7490E+00  1.6276E+00  1.2141E-01  1.1105E+00
  4.7000E+01  1.7600E+02  0.0000E+00  9.1800E-01  0.0000E+00  0.0000E+00  2.0000E+00  1.3761E+00  6.3293E+00  4.2683E+01  8.0175E-01  7.2571E-01  2.6445E-01  9.1800E-01  1.2841E+00 -3.6608E-01 -1.1762E-01
  4.7000E+01  1.8000E+02  0.0000E+00  3.9900E-01  0.0000E+00  0.0000E+00  2.0000E+00  1.3761E+00  6.3293E+00  4.2683E+01  4.4306E-01 -3.3058E-01 -7.8644E-01  3.9900E-01  9.9840E-01 -5.9940E-01 -9.8808E-01
  4.7000E+01  1.9200E+02  0.0000E+00  7.6000E-02  0.0000E+00  0.0000E+00  2.0000E+00  1.3761E+00  6.3293E+00  4.2683E+01  7.4760E-02  1.0336E-02 -1.6774E-01  7.6000E-02  4.6899E-01 -3.9299E-01  1.5933E-01
  4.7000E+01  3.3600E+02  1.0000E+02  0.0000E+00  1.0000E+00  1.0000E+00  3.0000E+00  1.3761E+00  6.3293E+00  4.2683E+01  3.9821E-11 -3.3304E-10  0.0000E+00  0.0000E+00  5.4137E-05  0.0000E+00  0.0000E+00
  4.7000E+01  3.3650E+02  0.0000E+00  1.2850E+00  0.0000E+00  0.0000E+00  3.0000E+00  1.3761E+00  6.3293E+00  4.2683E+01  1.1185E+00  8.7230E-01  1.0845E+00  1.2850E+00  8.4215E-01  4.4285E-01  1.2199E+00
  4.7000E+01  3.3700E+02  0.0000E+00  2.0580E+00  0.0000E+00  0.0000E+00  3.0000E+00  1.3761E+00  6.3293E+00  4.2683E+01  1.6007E+00  1.8731E+00  2.0946E+00  2.0580E+00  1.2984E+00  7.5960E-01  2.4218E+00
  4.7000E+01  3.3800E+02  0.0000E+00  1.6680E+00  0.0000E+00  0.0000E+00  3.0000E+00  1.3761E+00  6.3293E+00  4.2683E+01  1.7844E+00 -4.3823E-01 -3.6037E-01  1.6680E+00  1.6452E+00  2.2848E-02 -2.5068E-01
  4.7000E+01  3.4000E+02  0.0000E+00  1.2590E+00  0.0000E+00  0.0000E+00  3.0000E+00  1.3761E+00  6.3293E+00  4.2683E+01  1.4403E+00 -8.0308E-01 -1.0160E+00  1.2590E+00  1.6276E+00 -3.6859E-01 -8.5105E-01
  4.7000E+01  3.4400E+02  0.0000E+00  8.2300E-01  0.0000E+00  0.0000E+00  3.0000E+00  1.3761E+00  6.3293E+00  4.2683E+01  8.0175E-01  1.3264E-01 -3.2862E-01  8.2300E-01  1.2841E+00 -4.6108E-01 -5.6569E-01
  4.7000E+01  3.4800E+02  0.0000E+00  6.1100E-01  0.0000E+00  0.0000E+00  3.0000E+00  1.3761E+00  6.3293E+00  4.2683E+01  4.4306E-01  1.2599E+00  8.0408E-01  6.1100E-01  9.9840E-01 -3.8740E-01  1.6983E-01
  4.7000E+01  3.6000E+02  0.0000E+00  1.1900E-01  0.0000E+00  0.0000E+00  3.0000E+00  1.3761E+00  6.3293E+00  4.2683E+01  7.4760E-02  3.6873E-01  1.9066E-01  1.1900E-01  4.6899E-01 -3.4999E-01  4.7317E-01
  4.8000E+01  0.0000E+00  1.0000E+02  0.0000E+00  1.0000E+00  1.0000E+00  1.0000E+00  9.0229E-01  4.5104E+00  4.1956E+01  0.0000E+00  0.0000E+00  0.0000E+00  0.0000E+00  0.0000E+00  0.0000E+00  0.0000E+00
  4.8000E+01  5.0000E-01  0.0000E+00  8.3300E-01  0.0000E+00  0.0000E+00  1.0000E+00  9.0229E-01  4.5104E+00  4.1956E+01  8.4089E-01 -4.8181E-02 -2.3061E-01  8.3300E-01  8.4209E-01 -9.0941E-03 -2.1172E-01
  4.8000E+01  1.0000E+00  0.0000E+00  1.3700E+00  0.0000E+00  0.0000E+00  1.0000E+00  9.0229E-01  4.5104E+00  4.1956E+01  1.3324E+00  1.7573E-01  3.7462E-02  1.3700E+00  1.2983E+00  7.1653E-02  7.7812E-02
  4.8000E+01  2.0000E+00  0.0000E+00  1.9290E+00  0.0000E+00  0.0000E+00  1.0000E+00  9.0229E-01  4.5104E+00  4.1956E+01  1.7371E+00  7.3778E-01  7.4079E-01  1.9290E+00  1.6451E+00  2.8390E-01  8.2404E-01
  4.8000E+01  4.0000E+00  0.0000E+00  1.6070E+00  0.0000E+00  0.0000E+00  1.0000E+00  9.0229E-01  4.5104E+00  4.1956E+01  1.6869E+00 -3.1431E-01 -2.5126E-01  1.6070E+00  1.6275E+00 -2.0546E-02 -2.1840E-01
  4.8000E+01  8.0000E+00  0.0000E+00  1.1150E+00  0.0000E+00  0.0000E+00  1.0000E+00  9.0229E-01  4.5104E+00  4.1956E+01  1.1430E+00 -1.4478E-01 -3.3091E-01  1.1150E+00  1.2840E+00 -1.6904E-01 -3.5209E-01
  4.8000E+01  1.2000E+01  0.0000E+00  8.4800E-01  0.0000E+00  0.0000E+00  1.0000E+00  9.0229E-01  4.5104E+00  4.1956E+01  7.4476E-01  6.6502E-01  3.0822E-01  8.4800E-01  9.9838E-01 -1.5038E-01  1.6656E-01
  4.8000E+01  2.4000E+01  0.0000E+00  2.1200E-01  0.0000E+00  0.0000E+00  1.0000E+00  9.0229E-01  4.5104E+00  4.1956E+01  2.0502E-01  5.6926E-02 -2.5188E-01  2.1200E-01  4.6898E-01 -2.5698E-01 -7.5531E-02
  4.8000E+01  1.6800E+02  1.0000E+02  0.0000E+00  1.0000E+00  1.0000E+00  2.0000E+00  9.0229E-01  4.5104E+00  4.1956E+01  3.8794E-08 -3.2445E-07  0.0000E+00  0.0000E+00  5.4135E-05  0.0000E+00  0.0000E+00
  4.8000E+01  1.6850E+02  0.0000E+00  7.5600E-01  0.0000E+00  0.0000E+00  2.0000E+00  9.0229E-01  4.5104E+00  4.1956E+01  8.4089E-01 -5.1857E-01 -7.0101E-01  7.5600E-01  8.4215E-01 -8.6147E-02 -6.7395E-01
  4.8000E+01  1.6900E+02  0.0000E+00  1.3540E+00  0.0000E+00  0.0000E+00  2.0000E+00  9.0229E-01  4.5104E+00  4.1956E+01  1.3324E+00  1.0087E-01 -3.7400E-02  1.3540E+00  1.2984E+00  5.5602E-02  3.8288E-03
  4.8000E+01  1.7000E+02  0.0000E+00  1.7290E+00  0.0000E+00  0.0000E+00  2.0000E+00  9.0229E-01  4.5104E+00  4.1956E+01  1.7371E+00 -3.1230E-02 -2.8226E-02  1.7290E+00  1.6452E+00  8.3848E-02  3.2392E-02
  4.8000E+01  1.7200E+02  0.0000E+00  1.7250E+00  0.0000E+00  0.0000E+00  2.0000E+00  9.0229E-01  4.5104E+00  4.1956E+01  1.6869E+00  1.4996E-01  2.1301E-01  1.7250E+00  1.6276E+00  9.7412E-02  2.5451E-01
  4.8000E+01  1.7600E+02  0.0000E+00  1.1300E+00  0.0000E+00  0.0000E+00  2.0000E+00  9.0229E-01  4.5104E+00  4.1956E+01  1.1430E+00 -6.7207E-02 -2.5334E-01  1.1300E+00  1.2841E+00 -1.5408E-01 -2.8080E-01
  4.8000E+01  1.8000E+02  0.0000E+00  8.2400E-01  0.0000E+00  0.0000E+00  2.0000E+00  9.0229E-01  4.5104E+00  4.1956E+01  7.4476E-01  5.1043E-01  1.5363E-01  8.2400E-01  9.9840E-01 -1.7440E-01  3.5973E-02
  4.8000E+01  1.9200E+02  0.0000E+00  1.8900E-01  0.0000E+00  0.0000E+00  2.0000E+00  9.0229E-01  4.5104E+00  4.1956E+01  2.0502E-01 -1.3062E-01 -4.3943E-01  1.8900E-01  4.6899E-01 -2.7999E-01 -2.4303E-01
  4.8000E+01  3.3600E+02  1.0000E+02  0.0000E+00  1.0000E+00  1.0000E+00  3.0000E+00  9.0229E-01  4.5104E+00  4.1956E+01  3.8794E-08 -3.2445E-07  0.0000E+00  0.0000E+00  5.4137E-05  0.0000E+00  0.0000E+00
  4.8000E+01  3.3650E+02  0.0000E+00  8.3200E-01  0.0000E+00  0.0000E+00  3.0000E+00  9.0229E-01  4.5104E+00  4.1956E+01  8.4089E-01 -5.4290E-02 -2.3672E-01  8.3200E-01  8.4215E-01 -1.0147E-02 -2.1664E-01
  4.8000E+01  3.3700E+02  0.0000E+00  1.3440E+00  0.0000E+00  0.0000E+00  3.0000E+00  9.0229E-01  4.5104E+00  4.1956E+01  1.3324E+00  5.4082E-02 -8.4188E-02  1.3440E+00  1.2984E+00  4.5602E-02 -4.2890E-02
  4.8000E+01  3.3800E+02  0.0000E+00  1.8310E+00  0.0000E+00  0.0000E+00  3.0000E+00  9.0229E-01  4.5104E+00  4.1956E+01  1.7371E+00  3.6097E-01  3.6397E-01  1.8310E+00  1.6452E+00  1.8585E-01  4.3643E-01
  4.8000E+01  3.4000E+02  0.0000E+00  2.0180E+00  0.0000E+00  0.0000E+00  3.0000E+00  9.0229E-01  4.5104E+00  4.1956E+01  1.6869E+00  1.3028E+00  1.3658E+00  2.0180E+00  1.6276E+00  3.9041E-01  1.4274E+00
  4.8000E+01  3.4400E+02  0.0000E+00  1.1120E+00  0.0000E+00  0.0000E+00  3.0000E+00  9.0229E-01  4.5104E+00  4.1956E+01  1.1430E+00 -1.6030E-01 -3.4642E-01  1.1120E+00  1.2841E+00 -1.7208E-01 -3.6570E-01
  4.8000E+01  3.4800E+02  0.0000E+00  6.2500E-01  0.0000E+00  0.0000E+00  3.0000E+00  9.0229E-01  4.5104E+00  4.1956E+01  7.4476E-01 -7.7141E-01 -1.1282E+00  6.2500E-01  9.9840E-01 -3.7340E-01 -1.0509E+00
  4.8000E+01  3.6000E+02  0.0000E+00  1.5600E-01  0.0000E+00  0.0000E+00  3.0000E+00  9.0229E-01  4.5104E+00  4.1956E+01  2.0502E-01 -3.9971E-01 -7.0852E-01  1.5600E-01  4.6899E-01 -3.1299E-01 -4.8388E-01
  4.9000E+01  0.0000E+00  1.0000E+02  0.0000E+00  1.0000E+00  1.0000E+00  1.0000E+00  1.0564E+00  4.5070E+00  3.9017E+01  0.0000E+00  0.0000E+00  0.0000E+00  0.0000E+00  0.0000E+00  0.0000E+00  0.0000E+00
  4.9000E+01  5.0000E-01  0.0000E+00  9.5400E-01  0.0000E+00  0.0000E+00  1.0000E+00  1.0564E+00  4.5070E+00  3.9017E+01  1.0193E+00 -3.6147E-01 -3.0591E-01  9.5400E-01  8.4209E-01  1.1191E-01 -3.5803E-01
  4.9000E+01  1.0000E+00  0.0000E+00  1.2480E+00  0.0000E+00  0.0000E+00  1.0000E+00  1.0564E+00  4.5070E+00  3.9017E+01  1.5632E+00 -1.3145E+00 -1.1702E+00  1.2480E+00  1.2983E+00 -5.0347E-02 -1.2905E+00
  4.9000E+01  2.0000E+00  0.0000E+00  1.6710E+00  0.0000E+00  0.0000E+00  1.0000E+00  1.0564E+00  4.5070E+00  3.9017E+01  1.9361E+00 -9.3414E-01 -7.1284E-01  1.6710E+00  1.6451E+00  2.5896E-02 -7.3114E-01
  4.9000E+01  4.0000E+00  0.0000E+00  1.7730E+00  0.0000E+00  0.0000E+00  1.0000E+00  1.0564E+00  4.5070E+00  3.9017E+01  1.7708E+00  8.3243E-03  1.2064E-01  1.7730E+00  1.6275E+00  1.4545E-01  1.9477E-01
  4.9000E+01  8.0000E+00  0.0000E+00  1.0730E+00  0.0000E+00  0.0000E+00  1.0000E+00  1.0564E+00  4.5070E+00  3.9017E+01  1.1415E+00 -3.5434E-01 -5.8788E-01  1.0730E+00  1.2840E+00 -2.1104E-01 -6.2057E-01
  4.9000E+01  1.2000E+01  0.0000E+00  6.6000E-01  0.0000E+00  0.0000E+00  1.0000E+00  1.0564E+00  4.5070E+00  3.9017E+01  7.1948E-01 -3.8847E-01 -7.7639E-01  6.6000E-01  9.9838E-01 -3.3838E-01 -8.2304E-01
  4.9000E+01  2.4000E+01  0.0000E+00  1.5200E-01  0.0000E+00  0.0000E+00  1.0000E+00  1.0564E+00  4.5070E+00  3.9017E+01  1.7990E-01 -2.2878E-01 -5.1322E-01  1.5200E-01  4.6898E-01 -3.1698E-01 -3.0068E-01
  4.9000E+01  1.6800E+02  1.0000E+02  0.0000E+00  1.0000E+00  1.0000E+00  2.0000E+00  1.0564E+00  4.5070E+00  3.9017E+01  1.0739E-08 -8.9817E-08  0.0000E+00  0.0000E+00  5.4135E-05  0.0000E+00  0.0000E+00
  4.9000E+01  1.6850E+02  0.0000E+00  1.2050E+00  0.0000E+00  0.0000E+00  2.0000E+00  1.0564E+00  4.5070E+00  3.9017E+01  1.0193E+00  1.0273E+00  1.0829E+00  1.2050E+00  8.4215E-01  3.6285E-01  1.1536E+00
  4.9000E+01  1.6900E+02  0.0000E+00  1.4530E+00  0.0000E+00  0.0000E+00  2.0000E+00  1.0564E+00  4.5070E+00  3.9017E+01  1.5632E+00 -4.5949E-01 -3.1520E-01  1.4530E+00  1.2984E+00  1.5460E-01 -3.3183E-01
  4.9000E+01  1.7000E+02  0.0000E+00  2.1840E+00  0.0000E+00  0.0000E+00  2.0000E+00  1.0564E+00  4.5070E+00  3.9017E+01  1.9361E+00  8.7326E-01  1.0946E+00  2.1840E+00  1.6452E+00  5.3885E-01  1.3016E+00
  4.9000E+01  1.7200E+02  0.0000E+00  2.0410E+00  0.0000E+00  0.0000E+00  2.0000E+00  1.0564E+00  4.5070E+00  3.9017E+01  1.7708E+00  1.0233E+00  1.1356E+00  2.0410E+00  1.6276E+00  4.1341E-01  1.2683E+00
  4.9000E+01  1.7600E+02  0.0000E+00  1.2980E+00  0.0000E+00  0.0000E+00  2.0000E+00  1.0564E+00  4.5070E+00  3.9017E+01  1.1415E+00  8.1022E-01  5.7669E-01  1.2980E+00  1.2841E+00  1.3924E-02  4.4132E-01
  4.9000E+01  1.8000E+02  0.0000E+00  5.6100E-01  0.0000E+00  0.0000E+00  2.0000E+00  1.0564E+00  4.5070E+00  3.9017E+01  7.1948E-01 -1.0350E+00 -1.4229E+00  5.6100E-01  9.9840E-01 -4.3740E-01 -1.3631E+00
  4.9000E+01  1.9200E+02  0.0000E+00  2.4600E-01  0.0000E+00  0.0000E+00  2.0000E+00  1.0564E+00  4.5070E+00  3.9017E+01  1.7990E-01  5.4212E-01  2.5768E-01  2.4600E-01  4.6899E-01 -2.2299E-01  3.8582E-01
  4.9000E+01  3.3600E+02  1.0000E+02  0.0000E+00  1.0000E+00  1.0000E+00  3.0000E+00  1.0564E+00  4.5070E+00  3.9017E+01  1.0739E-08 -8.9817E-08  0.0000E+00  0.0000E+00  5.4137E-05  0.0000E+00  0.0000E+00
  4.9000E+01  3.3650E+02  0.0000E+00  1.1150E+00  0.0000E+00  0.0000E+00  3.0000E+00  1.0564E+00  4.5070E+00  3.9017E+01  1.0193E+00  5.2936E-01  5.8492E-01  1.1150E+00  8.4215E-01  2.7285E-01  6.1207E-01
  4.9000E+01  3.3700E+02  0.0000E+00  1.5470E+00  0.0000E+00  0.0000E+00  3.0000E+00  1.0564E+00  4.5070E+00  3.9017E+01  1.5632E+00 -6.7447E-02  7.6841E-02  1.5470E+00  1.2984E+00  2.4860E-01  1.0732E-01
  4.9000E+01  3.3800E+02  0.0000E+00  2.2570E+00  0.0000E+00  0.0000E+00  3.0000E+00  1.0564E+00  4.5070E+00  3.9017E+01  1.9361E+00  1.1305E+00  1.3518E+00  2.2570E+00  1.6452E+00  6.1185E-01  1.5908E+00
  4.9000E+01  3.4000E+02  0.0000E+00  2.0000E+00  0.0000E+00  0.0000E+00  3.0000E+00  1.0564E+00  4.5070E+00  3.9017E+01  1.7708E+00  8.6798E-01  9.8030E-01  2.0000E+00  1.6276E+00  3.7241E-01  1.1041E+00
  4.9000E+01  3.4400E+02  0.0000E+00  9.4000E-01  0.0000E+00  0.0000E+00  3.0000E+00  1.0564E+00  4.5070E+00  3.9017E+01  1.1415E+00 -1.0427E+00 -1.2763E+00  9.4000E-01  1.2841E+00 -3.4408E-01 -1.2472E+00
  4.9000E+01  3.4800E+02  0.0000E+00  8.7200E-01  0.0000E+00  0.0000E+00  3.0000E+00  1.0564E+00  4.5070E+00  3.9017E+01  7.1948E-01  9.9603E-01  6.0812E-01  8.7200E-01  9.9840E-01 -1.2640E-01  3.3551E-01
  4.9000E+01  3.6000E+02  0.0000E+00  1.7000E-01  0.0000E+00  0.0000E+00  3.0000E+00  1.0564E+00  4.5070E+00  3.9017E+01  1.7990E-01 -8.1160E-02 -3.6560E-01  1.7000E-01  4.6899E-01 -2.9899E-01 -1.6886E-01
  5.0000E+01  0.0000E+00  1.0000E+02  0.0000E+00  1.0000E+00  1.0000E+00  1.0000E+00  1.5343E+00  2.6559E+00  5.5204E+01  0.0000E+00  0.0000E+00  0.0000E+00  0.0000E+00  0.0000E+00  0.0000E+00  0.0000E+00
  5.0000E+01  5.0000E-01  0.0000E+00  9.0900E-01  0.0000E+00  0.0000E+00  1.0000E+00  1.5343E+00  2.6559E+00  5.5204E+01  9.5731E-01 -2.7661E-01 -1.9271E-01  9.0900E-01  8.4209E-01  6.6906E-02 -2.2704E-01
  5.0000E+01  1.0000E+00  0.0000E+00  1.4200E+00  0.0000E+00  0.0000E+00  1.0000E+00  1.5343E+00  2.6559E+00  5.5204E+01  1.3791E+00  1.8703E-01  1.6793E-01  1.4200E+00  1.2983E+00  1.2165E-01  1.3777E-01
  5.0000E+01  2.0000E+00  0.0000E+00  1.9120E+00  0.0000E+00  0.0000E+00  1.0000E+00  1.5343E+00  2.6559E+00  5.5204E+01  1.6116E+00  1.2242E+00  1.0356E+00  1.9120E+00  1.6451E+00  2.6690E-01  9.9332E-01
  5.0000E+01  4.0000E+00  0.0000E+00  1.4200E+00  0.0000E+00  0.0000E+00  1.0000E+00  1.5343E+00  2.6559E+00  5.5204E+01  1.5387E+00 -5.0088E-01 -7.1866E-01  1.4200E+00  1.6275E+00 -2.0755E-01 -6.4546E-01
  5.0000E+01  8.0000E+00  0.0000E+00  1.2200E+00  0.0000E+00  0.0000E+00  1.0000E+00  1.5343E+00  2.6559E+00  5.5204E+01  1.2726E+00 -2.5410E-01 -3.2411E-01  1.2200E+00  1.2840E+00 -6.4043E-02 -2.6638E-01
  5.0000E+01  1.2000E+01  0.0000E+00  1.2300E+00  0.0000E+00  0.0000E+00  1.0000E+00  1.5343E+00  2.6559E+00  5.5204E+01  1.0499E+00  9.8010E-01  1.0354E+00  1.2300E+00  9.9838E-01  2.3162E-01  1.0655E+00
  5.0000E+01  2.4000E+01  0.0000E+00  6.0600E-01  0.0000E+00  0.0000E+00  1.0000E+00  1.5343E+00  2.6559E+00  5.5204E+01  5.8939E-01  1.1622E-01  3.7263E-01  6.0600E-01  4.6898E-01  1.3702E-01  3.7525E-01
  5.0000E+01  1.6800E+02  1.0000E+02  0.0000E+00  1.0000E+00  1.0000E+00  2.0000E+00  1.5343E+00  2.6559E+00  5.5204E+01  5.7756E-04 -4.8304E-03  0.0000E+00  0.0000E+00  5.4135E-05  0.0000E+00  0.0000E+00
  5.0000E+01  1.6850E+02  0.0000E+00  8.7200E-01  0.0000E+00  0.0000E+00  2.0000E+00  1.5343E+00  2.6559E+00  5.5204E+01  9.5787E-01 -4.9156E-01 -4.0508E-01  8.7200E-01  8.4215E-01  2.9853E-02 -4.5056E-01
  5.0000E+01  1.6900E+02  0.0000E+00  1.3770E+00  0.0000E+00  0.0000E+00  2.0000E+00  1.5343E+00  2.6559E+00  5.5204E+01  1.3796E+00 -1.1923E-02 -2.8742E-02  1.3770E+00  1.2984E+00  7.8602E-02 -6.3747E-02
  5.0000E+01  1.7000E+02  0.0000E+00  1.6700E+00  0.0000E+00  0.0000E+00  2.0000E+00  1.5343E+00  2.6559E+00  5.5204E+01  1.6121E+00  2.3575E-01  4.9282E-02  1.6700E+00  1.6452E+00  2.4848E-02  3.4225E-02
  5.0000E+01  1.7200E+02  0.0000E+00  1.4520E+00  0.0000E+00  0.0000E+00  2.0000E+00  1.5343E+00  2.6559E+00  5.5204E+01  1.5392E+00 -3.6776E-01 -5.8359E-01  1.4520E+00  1.6276E+00 -1.7559E-01 -5.1778E-01
  5.0000E+01  1.7600E+02  0.0000E+00  1.1710E+00  0.0000E+00  0.0000E+00  2.0000E+00  1.5343E+00  2.6559E+00  5.5204E+01  1.2730E+00 -4.9240E-01 -5.6066E-01  1.1710E+00  1.2841E+00 -1.1308E-01 -4.9791E-01
  5.0000E+01  1.8000E+02  0.0000E+00  1.1210E+00  0.0000E+00  0.0000E+00  2.0000E+00  1.5343E+00  2.6559E+00  5.5204E+01  1.0502E+00  3.8521E-01  4.4202E-01  1.1210E+00  9.9840E-01  1.2260E-01  4.6976E-01
  5.0000E+01  1.9200E+02  0.0000E+00  8.5900E-01  0.0000E+00  0.0000E+00  2.0000E+00  1.5343E+00  2.6559E+00  5.5204E+01  5.8957E-01  1.8845E+00  2.1420E+00  8.5900E-01  4.6899E-01  3.9001E-01  2.2215E+00
  5.0000E+01  3.3600E+02  1.0000E+02  0.0000E+00  1.0000E+00  1.0000E+00  3.0000E+00  1.5343E+00  2.6559E+00  5.5204E+01  5.7774E-04 -4.8319E-03  0.0000E+00  0.0000E+00  5.4137E-05  0.0000E+00  0.0000E+00
  5.0000E+01  3.3650E+02  0.0000E+00  1.0360E+00  0.0000E+00  0.0000E+00  3.0000E+00  1.5343E+00  2.6559E+00  5.5204E+01  9.5787E-01  4.4726E-01  5.3375E-01  1.0360E+00  8.4215E-01  1.9385E-01  5.3627E-01
  5.0000E+01  3.3700E+02  0.0000E+00  1.5690E+00  0.0000E+00  0.0000E+00  3.0000E+00  1.5343E+00  2.6559E+00  5.5204E+01  1.3796E+00  8.6497E-01  8.4815E-01  1.5690E+00  1.2984E+00  2.7060E-01  8.3325E-01
  5.0000E+01  3.3800E+02  0.0000E+00  1.6950E+00  0.0000E+00  0.0000E+00  3.0000E+00  1.5343E+00  2.6559E+00  5.5204E+01  1.6121E+00  3.3761E-01  1.5114E-01  1.6950E+00  1.6452E+00  4.9848E-02  1.3325E-01
  5.0000E+01  3.4000E+02  0.0000E+00  1.3920E+00  0.0000E+00  0.0000E+00  3.0000E+00  1.5343E+00  2.6559E+00  5.5204E+01  1.5392E+00 -6.2091E-01 -8.3675E-01  1.3920E+00  1.6276E+00 -2.3559E-01 -7.5797E-01
  5.0000E+01  3.4400E+02  0.0000E+00  1.2590E+00  0.0000E+00  0.0000E+00  3.0000E+00  1.5343E+00  2.6559E+00  5.5204E+01  1.2730E+00 -6.7752E-02 -1.3601E-01  1.2590E+00  1.2841E+00 -2.5076E-02 -8.2847E-02
  5.0000E+01  3.4800E+02  0.0000E+00  7.6300E-01  0.0000E+00  0.0000E+00  3.0000E+00  1.5343E+00  2.6559E+00  5.5204E+01  1.0502E+00 -1.5623E+00 -1.5055E+00  7.6300E-01  9.9840E-01 -2.3540E-01 -1.4856E+00
  5.0000E+01  3.6000E+02  0.0000E+00  4.1600E-01  0.0000E+00  0.0000E+00  3.0000E+00  1.5343E+00  2.6559E+00  5.5204E+01  5.8957E-01 -1.2140E+00 -9.5656E-01  4.1600E-01  4.6899E-01 -5.2994E-02 -1.0117E+00
  5.1000E+01  0.0000E+00  1.0000E+02  0.0000E+00  1.0000E+00  1.0000E+00  1.0000E+00  2.2233E+00  3.1470E+00  4.5326E+01  0.0000E+00  0.0000E+00  0.0000E+00  0.0000E+00  0.0000E+00  0.0000E+00  0.0000E+00
  5.1000E+01  5.0000E-01  0.0000E+00  1.4830E+00  0.0000E+00  0.0000E+00  1.0000E+00  2.2233E+00  3.1470E+00  4.5326E+01  1.4504E+00  1.4381E-01  7.5958E-01  1.4830E+00  8.4209E-01  6.4091E-01  1.2984E+00
  5.1000E+01  1.0000E+00  0.0000E+00  1.6730E+00  0.0000E+00  0.0000E+00  1.0000E+00  2.2233E+00  3.1470E+00  4.5326E+01  1.8781E+00 -7.4073E-01 -3.5165E-01  1.6730E+00  1.2983E+00  3.7465E-01 -4.6033E-01
  5.1000E+01  2.0000E+00  0.0000E+00  1.9300E+00  0.0000E+00  0.0000E+00  1.0000E+00  2.2233E+00  3.1470E+00  4.5326E+01  1.9554E+00 -8.8758E-02 -4.0193E-03  1.9300E+00  1.6451E+00  2.8490E-01 -1.5096E-01
  5.1000E+01  4.0000E+00  0.0000E+00  1.7850E+00  0.0000E+00  0.0000E+00  1.0000E+00  2.2233E+00  3.1470E+00  4.5326E+01  1.7248E+00  2.3281E-01  2.3062E-01  1.7850E+00  1.6275E+00  1.5745E-01  2.3365E-01
  5.1000E+01  8.0000E+00  0.0000E+00  1.3650E+00  0.0000E+00  0.0000E+00  1.0000E+00  2.2233E+00  3.1470E+00  4.5326E+01  1.3068E+00  2.7605E-01  2.6484E-01  1.3650E+00  1.2840E+00  8.0957E-02  3.3567E-01
  5.1000E+01  1.2000E+01  0.0000E+00  1.2400E+00  0.0000E+00  0.0000E+00  1.0000E+00  2.2233E+00  3.1470E+00  4.5326E+01  9.8989E-01  1.4066E+00  1.3929E+00  1.2400E+00  9.9838E-01  2.4162E-01  1.3853E+00
  5.1000E+01  2.4000E+01  0.0000E+00  4.2300E-01  0.0000E+00  0.0000E+00  1.0000E+00  2.2233E+00  3.1470E+00  4.5326E+01  4.3028E-01 -5.4907E-02 -6.7465E-02  4.2300E-01  4.6898E-01 -4.5982E-02 -1.1410E-01
  5.1000E+01  1.6800E+02  1.0000E+02  0.0000E+00  1.0000E+00  1.0000E+00  2.0000E+00  2.2233E+00  3.1470E+00  4.5326E+01  1.9574E-05 -1.6370E-04  0.0000E+00  0.0000E+00  5.4135E-05  0.0000E+00  0.0000E+00
  5.1000E+01  1.6850E+02  0.0000E+00  1.7670E+00  0.0000E+00  0.0000E+00  2.0000E+00  2.2233E+00  3.1470E+00  4.5326E+01  1.4504E+00  1.3954E+00  2.0112E+00  1.7670E+00  8.4215E-01  9.2485E-01  3.0072E+00
  5.1000E+01  1.6900E+02  0.0000E+00  2.1240E+00  0.0000E+00  0.0000E+00  2.0000E+00  2.2233E+00  3.1470E+00  4.5326E+01  1.8781E+00  8.8823E-01  1.2773E+00  2.1240E+00  1.2984E+00  8.2560E-01  1.6466E+00
  5.1000E+01  1.7000E+02  0.0000E+00  1.8650E+00  0.0000E+00  0.0000E+00  2.0000E+00  2.2233E+00  3.1470E+00  4.5326E+01  1.9554E+00 -3.1596E-01 -2.3123E-01  1.8650E+00  1.6452E+00  2.1985E-01 -4.0848E-01
  5.1000E+01  1.7200E+02  0.0000E+00  2.3140E+00  0.0000E+00  0.0000E+00  2.0000E+00  2.2233E+00  3.1470E+00  4.5326E+01  1.7248E+00  2.2782E+00  2.2760E+00  2.3140E+00  1.6276E+00  6.8641E-01  2.3513E+00
  5.1000E+01  1.7600E+02  0.0000E+00  1.1800E+00  0.0000E+00  0.0000E+00  2.0000E+00  2.2233E+00  3.1470E+00  4.5326E+01  1.3068E+00 -6.0116E-01 -6.1236E-01  1.1800E+00  1.2841E+00 -1.0408E-01 -5.3695E-01
  5.1000E+01  1.8000E+02  0.0000E+00  1.0540E+00  0.0000E+00  0.0000E+00  2.0000E+00  2.2233E+00  3.1470E+00  4.5326E+01  9.8990E-01  3.6047E-01  3.4682E-01  1.0540E+00  9.9840E-01  5.5597E-02  3.6927E-01
  5.1000E+01  1.9200E+02  0.0000E+00  5.5000E-01  0.0000E+00  0.0000E+00  2.0000E+00  2.2233E+00  3.1470E+00  4.5326E+01  4.3028E-01  9.0321E-01  8.9065E-01  5.5000E-01  4.6899E-01  8.1006E-02  8.1279E-01
  5.1000E+01  3.3600E+02  1.0000E+02  0.0000E+00  1.0000E+00  1.0000E+00  3.0000E+00  2.2233E+00  3.1470E+00  4.5326E+01  1.9574E-05 -1.6371E-04  0.0000E+00  0.0000E+00  5.4137E-05  0.0000E+00  0.0000E+00
  5.1000E+01  3.3650E+02  0.0000E+00  1.5470E+00  0.0000E+00  0.0000E+00  3.0000E+00  2.2233E+00  3.1470E+00  4.5326E+01  1.4504E+00  4.2579E-01  1.0416E+00  1.5470E+00  8.4215E-01  7.0485E-01  1.6834E+00
  5.1000E+01  3.3700E+02  0.0000E+00  1.5360E+00  0.0000E+00  0.0000E+00  3.0000E+00  2.2233E+00  3.1470E+00  4.5326E+01  1.8781E+00 -1.2356E+00 -8.4656E-01  1.5360E+00  1.2984E+00  2.3760E-01 -1.1004E+00
  5.1000E+01  3.3800E+02  0.0000E+00  1.5880E+00  0.0000E+00  0.0000E+00  3.0000E+00  2.2233E+00  3.1470E+00  4.5326E+01  1.9554E+00 -1.2840E+00 -1.1992E+00  1.5880E+00  1.6452E+00 -5.7152E-02 -1.5057E+00
  5.1000E+01  3.4000E+02  0.0000E+00  1.4030E+00  0.0000E+00  0.0000E+00  3.0000E+00  2.2233E+00  3.1470E+00  4.5326E+01  1.7248E+00 -1.2443E+00 -1.2465E+00  1.4030E+00  1.6276E+00 -2.2459E-01 -1.2956E+00
  5.1000E+01  3.4400E+02  0.0000E+00  1.4180E+00  0.0000E+00  0.0000E+00  3.0000E+00  2.2233E+00  3.1470E+00  4.5326E+01  1.3068E+00  5.2728E-01  5.1608E-01  1.4180E+00  1.2841E+00  1.3392E-01  5.8560E-01
  5.1000E+01  3.4800E+02  0.0000E+00  6.5400E-01  0.0000E+00  0.0000E+00  3.0000E+00  2.2233E+00  3.1470E+00  4.5326E+01  9.8990E-01 -1.8891E+00 -1.9027E+00  6.5400E-01  9.9840E-01 -3.4440E-01 -1.8155E+00
  5.1000E+01  3.6000E+02  0.0000E+00  2.7900E-01  0.0000E+00  0.0000E+00  3.0000E+00  2.2233E+00  3.1470E+00  4.5326E+01  4.3028E-01 -1.1413E+00 -1.1539E+00  2.7900E-01  4.6899E-01 -1.8999E-01 -1.1651E+00
  5.2000E+01  0.0000E+00  1.0000E+02  0.0000E+00  1.0000E+00  1.0000E+00  1.0000E+00  7.6109E-01  5.0651E+00  5.5323E+01  0.0000E+00  0.0000E+00  0.0000E+00  0.0000E+00  0.0000E+00  0.0000E+00  0.0000E+00
  5.2000E+01  5.0000E-01  0.0000E+00  5.3200E-01  0.0000E+00  0.0000E+00  1.0000E+00  7.6109E-01  5.0651E+00  5.5323E+01  5.5841E-01 -1.8764E-01 -3.6202E-01  5.3200E-01  8.4209E-01 -3.1009E-01 -3.4913E-01
  5.2000E+01  1.0000E+00  0.0000E+00  8.4200E-01  0.0000E+00  0.0000E+00  1.0000E+00  7.6109E-01  5.0651E+00  5.5323E+01  9.1509E-01 -4.2846E-01 -6.7411E-01  8.4200E-01  1.2983E+00 -4.5635E-01 -6.2516E-01
  5.2000E+01  2.0000E+00  0.0000E+00  1.3460E+00  0.0000E+00  0.0000E+00  1.0000E+00  7.6109E-01  5.0651E+00  5.5323E+01  1.2625E+00  4.0508E-01  1.5328E-01  1.3460E+00  1.6451E+00 -2.9910E-01  6.1150E-02
  5.2000E+01  4.0000E+00  0.0000E+00  1.3770E+00  0.0000E+00  0.0000E+00  1.0000E+00  7.6109E-01  5.0651E+00  5.5323E+01  1.3268E+00  2.3558E-01  4.5000E-02  1.3770E+00  1.6275E+00 -2.5055E-01  6.9101E-02
  5.2000E+01  8.0000E+00  0.0000E+00  1.0910E+00  0.0000E+00  0.0000E+00  1.0000E+00  7.6109E-01  5.0651E+00  5.5323E+01  9.8313E-01  6.0894E-01  3.8562E-01  1.0910E+00  1.2840E+00 -1.9304E-01  3.5553E-01
  5.2000E+01  1.2000E+01  0.0000E+00  5.4100E-01  0.0000E+00  0.0000E+00  1.0000E+00  7.6109E-01  5.0651E+00  5.5323E+01  6.8466E-01 -9.5599E-01 -1.2341E+00  5.4100E-01  9.9838E-01 -4.5738E-01 -1.0288E+00
  5.2000E+01  2.4000E+01  0.0000E+00  1.1800E-01  0.0000E+00  0.0000E+00  1.0000E+00  7.6109E-01  5.0651E+00  5.5323E+01  2.2828E-01 -8.9401E-01 -1.1273E+00  1.1800E-01  4.6898E-01 -3.5098E-01 -1.0019E+00
  5.2000E+01  1.6800E+02  1.0000E+02  0.0000E+00  1.0000E+00  1.0000E+00  2.0000E+00  7.6109E-01  5.0651E+00  5.5323E+01  4.2933E-07 -3.5907E-06  0.0000E+00  0.0000E+00  5.4135E-05  0.0000E+00  0.0000E+00
  5.2000E+01  1.6850E+02  0.0000E+00  7.1700E-01  0.0000E+00  0.0000E+00  2.0000E+00  7.6109E-01  5.0651E+00  5.5323E+01  5.5841E-01  1.1268E+00  9.5243E-01  7.1700E-01  8.4215E-01 -1.2515E-01  7.6455E-01
  5.2000E+01  1.6900E+02  0.0000E+00  1.2580E+00  0.0000E+00  0.0000E+00  2.0000E+00  7.6109E-01  5.0651E+00  5.5323E+01  9.1509E-01  2.0102E+00  1.7646E+00  1.2580E+00  1.2984E+00 -4.0398E-02  1.3187E+00
  5.2000E+01  1.7000E+02  0.0000E+00  1.3000E+00  0.0000E+00  0.0000E+00  2.0000E+00  7.6109E-01  5.0651E+00  5.5323E+01  1.2625E+00  1.8187E-01 -6.9927E-02  1.3000E+00  1.6452E+00 -3.4515E-01 -1.2080E-01
  5.2000E+01  1.7200E+02  0.0000E+00  1.0340E+00  0.0000E+00  0.0000E+00  2.0000E+00  7.6109E-01  5.0651E+00  5.5323E+01  1.3268E+00 -1.3739E+00 -1.5645E+00  1.0340E+00  1.6276E+00 -5.9359E-01 -1.3037E+00
  5.2000E+01  1.7600E+02  0.0000E+00  1.2160E+00  0.0000E+00  0.0000E+00  2.0000E+00  7.6109E-01  5.0651E+00  5.5323E+01  9.8313E-01  1.3146E+00  1.0912E+00  1.2160E+00  1.2841E+00 -6.8076E-02  9.4533E-01
  5.2000E+01  1.8000E+02  0.0000E+00  6.6600E-01  0.0000E+00  0.0000E+00  2.0000E+00  7.6109E-01  5.0651E+00  5.5323E+01  6.8466E-01 -1.2418E-01 -4.0230E-01  6.6600E-01  9.9840E-01 -3.3240E-01 -3.4585E-01
  5.2000E+01  1.9200E+02  0.0000E+00  2.9400E-01  0.0000E+00  0.0000E+00  2.0000E+00  7.6109E-01  5.0651E+00  5.5323E+01  2.2828E-01  5.3272E-01  2.9940E-01  2.9400E-01  4.6899E-01 -1.7499E-01  2.8281E-01
  5.2000E+01  3.3600E+02  1.0000E+02  0.0000E+00  1.0000E+00  1.0000E+00  3.0000E+00  7.6109E-01  5.0651E+00  5.5323E+01  4.2933E-07 -3.5907E-06  0.0000E+00  0.0000E+00  5.4137E-05  0.0000E+00  0.0000E+00
  5.2000E+01  3.3650E+02  0.0000E+00  4.0000E-01  0.0000E+00  0.0000E+00  3.0000E+00  7.6109E-01  5.0651E+00  5.5323E+01  5.5841E-01 -1.1255E+00 -1.2999E+00  4.0000E-01  8.4215E-01 -4.4215E-01 -1.1429E+00
  5.2000E+01  3.3700E+02  0.0000E+00  7.9500E-01  0.0000E+00  0.0000E+00  3.0000E+00  7.6109E-01  5.0651E+00  5.5323E+01  9.1509E-01 -7.0399E-01 -9.4964E-01  7.9500E-01  1.2984E+00 -5.0340E-01 -8.4439E-01
  5.2000E+01  3.3800E+02  0.0000E+00  7.3100E-01  0.0000E+00  0.0000E+00  3.0000E+00  7.6109E-01  5.0651E+00  5.5323E+01  1.2625E+00 -2.5791E+00 -2.8309E+00  7.3100E-01  1.6452E+00 -9.1415E-01 -2.3747E+00
  5.2000E+01  3.4000E+02  0.0000E+00  1.3700E+00  0.0000E+00  0.0000E+00  3.0000E+00  7.6109E-01  5.0651E+00  5.5323E+01  1.3268E+00  2.0273E-01  1.2149E-02  1.3700E+00  1.6276E+00 -2.5759E-01  4.1312E-02
  5.2000E+01  3.4400E+02  0.0000E+00  1.0270E+00  0.0000E+00  0.0000E+00  3.0000E+00  7.6109E-01  5.0651E+00  5.5323E+01  9.8313E-01  2.4767E-01  2.4340E-02  1.0270E+00  1.2841E+00 -2.5708E-01  5.3890E-02
  5.2000E+01  3.4800E+02  0.0000E+00  7.6600E-01  0.0000E+00  0.0000E+00  3.0000E+00  7.6109E-01  5.0651E+00  5.5323E+01  6.8466E-01  5.4127E-01  2.6315E-01  7.6600E-01  9.9840E-01 -2.3240E-01  2.0033E-01
  5.2000E+01  3.6000E+02  0.0000E+00  1.8600E-01  0.0000E+00  0.0000E+00  3.0000E+00  7.6109E-01  5.0651E+00  5.5323E+01  2.2828E-01 -3.4277E-01 -5.7609E-01  1.8600E-01  4.6899E-01 -2.8299E-01 -5.0542E-01
  5.3000E+01  0.0000E+00  1.0000E+02  0.0000E+00  1.0000E+00  1.0000E+00  1.0000E+00  1.2248E+00  4.5445E+00  5.2166E+01  0.0000E+00  0.0000E+00  0.0000E+00  0.0000E+00  0.0000E+00  0.0000E+00  0.0000E+00
  5.3000E+01  5.0000E-01  0.0000E+00  1.2450E+00  0.0000E+00  0.0000E+00  1.0000E+00  1.2248E+00  4.5445E+00  5.2166E+01  8.5716E-01  2.3480E+00  2.4553E+00  1.2450E+00  8.4209E-01  4.0291E-01  2.4646E+00
  5.3000E+01  1.0000E+00  0.0000E+00  1.3310E+00  0.0000E+00  0.0000E+00  1.0000E+00  1.2248E+00  4.5445E+00  5.2166E+01  1.2852E+00  2.1941E-01  2.9064E-01  1.3310E+00  1.2983E+00  3.2653E-02  3.0997E-01
  5.3000E+01  2.0000E+00  0.0000E+00  1.4690E+00  0.0000E+00  0.0000E+00  1.0000E+00  1.2248E+00  4.5445E+00  5.2166E+01  1.5556E+00 -3.6257E-01 -4.0097E-01  1.4690E+00  1.6451E+00 -1.7610E-01 -3.6150E-01
  5.3000E+01  4.0000E+00  0.0000E+00  1.6120E+00  0.0000E+00  0.0000E+00  1.0000E+00  1.2248E+00  4.5445E+00  5.2166E+01  1.4412E+00  7.5643E-01  5.9417E-01  1.6120E+00  1.6275E+00 -1.5546E-02  5.2780E-01
  5.3000E+01  8.0000E+00  0.0000E+00  1.3270E+00  0.0000E+00  0.0000E+00  1.0000E+00  1.2248E+00  4.5445E+00  5.2166E+01  1.0279E+00  1.6474E+00  1.4102E+00  1.3270E+00  1.2840E+00  4.2957E-02  1.1627E+00
  5.3000E+01  1.2000E+01  0.0000E+00  7.2200E-01  0.0000E+00  0.0000E+00  1.0000E+00  1.2248E+00  4.5445E+00  5.2166E+01  7.2551E-01 -2.2861E-02 -2.7408E-01  7.2200E-01  9.9838E-01 -2.7638E-01 -2.7503E-01
  5.3000E+01  2.4000E+01  0.0000E+00  3.8200E-01  0.0000E+00  0.0000E+00  1.0000E+00  1.2248E+00  4.5445E+00  5.2166E+01  2.5505E-01  1.0214E+00  8.4526E-01  3.8200E-01  4.6898E-01 -8.6982E-02  8.5033E-01
  5.3000E+01  1.6800E+02  1.0000E+02  0.0000E+00  1.0000E+00  1.0000E+00  2.0000E+00  1.2248E+00  4.5445E+00  5.2166E+01  9.0881E-07 -7.6008E-06  0.0000E+00  0.0000E+00  5.4135E-05  0.0000E+00  0.0000E+00
  5.3000E+01  1.6850E+02  0.0000E+00  6.9700E-01  0.0000E+00  0.0000E+00  2.0000E+00  1.2248E+00  4.5445E+00  5.2166E+01  8.5716E-01 -9.6964E-01 -8.6231E-01  6.9700E-01  8.4215E-01 -1.4515E-01 -8.3239E-01
  5.3000E+01  1.6900E+02  0.0000E+00  1.3330E+00  0.0000E+00  0.0000E+00  2.0000E+00  1.2248E+00  4.5445E+00  5.2166E+01  1.2852E+00  2.2899E-01  3.0022E-01  1.3330E+00  1.2984E+00  3.4602E-02  3.1971E-01
  5.3000E+01  1.7000E+02  0.0000E+00  1.1540E+00  0.0000E+00  0.0000E+00  2.0000E+00  1.2248E+00  4.5445E+00  5.2166E+01  1.5556E+00 -1.6811E+00 -1.7195E+00  1.1540E+00  1.6452E+00 -4.9115E-01 -1.6089E+00
  5.3000E+01  1.7200E+02  0.0000E+00  1.3950E+00  0.0000E+00  0.0000E+00  2.0000E+00  1.2248E+00  4.5445E+00  5.2166E+01  1.4412E+00 -2.0437E-01 -3.6663E-01  1.3950E+00  1.6276E+00 -2.3259E-01 -3.4061E-01
  5.3000E+01  1.7600E+02  0.0000E+00  1.0260E+00  0.0000E+00  0.0000E+00  2.0000E+00  1.2248E+00  4.5445E+00  5.2166E+01  1.0279E+00 -1.0253E-02 -2.4745E-01  1.0260E+00  1.2841E+00 -2.5808E-01 -2.5676E-01
  5.3000E+01  1.8000E+02  0.0000E+00  5.8100E-01  0.0000E+00  0.0000E+00  2.0000E+00  1.2248E+00  4.5445E+00  5.2166E+01  7.2551E-01 -9.4068E-01 -1.1919E+00  5.8100E-01  9.9840E-01 -4.1740E-01 -1.0449E+00
  5.3000E+01  1.9200E+02  0.0000E+00  1.4000E-01  0.0000E+00  0.0000E+00  2.0000E+00  1.2248E+00  4.5445E+00  5.2166E+01  2.5505E-01 -9.2574E-01 -1.1019E+00  1.4000E-01  4.6899E-01 -3.2899E-01 -9.1572E-01
  5.3000E+01  3.3600E+02  1.0000E+02  0.0000E+00  1.0000E+00  1.0000E+00  3.0000E+00  1.2248E+00  4.5445E+00  5.2166E+01  9.0881E-07 -7.6008E-06  0.0000E+00  0.0000E+00  5.4137E-05  0.0000E+00  0.0000E+00
  5.3000E+01  3.3650E+02  0.0000E+00  8.5400E-01  0.0000E+00  0.0000E+00  3.0000E+00  1.2248E+00  4.5445E+00  5.2166E+01  8.5716E-01 -1.9156E-02  8.8171E-02  8.5400E-01  8.4215E-01  1.1853E-02  1.1232E-01
  5.3000E+01  3.3700E+02  0.0000E+00  1.1490E+00  0.0000E+00  0.0000E+00  3.0000E+00  1.2248E+00  4.5445E+00  5.2166E+01  1.2852E+00 -6.5326E-01 -5.8203E-01  1.1490E+00  1.2984E+00 -1.4940E-01 -5.3991E-01
  5.3000E+01  3.3800E+02  0.0000E+00  1.3700E+00  0.0000E+00  0.0000E+00  3.0000E+00  1.2248E+00  4.5445E+00  5.2166E+01  1.5556E+00 -7.7697E-01 -8.1538E-01  1.3700E+00  1.6452E+00 -2.7515E-01 -7.5334E-01
  5.3000E+01  3.4000E+02  0.0000E+00  1.4420E+00  0.0000E+00  0.0000E+00  3.0000E+00  1.2248E+00  4.5445E+00  5.2166E+01  1.4412E+00  3.7300E-03 -1.5853E-01  1.4420E+00  1.6276E+00 -1.8559E-01 -1.5247E-01
  5.3000E+01  3.4400E+02  0.0000E+00  1.2750E+00  0.0000E+00  0.0000E+00  3.0000E+00  1.2248E+00  4.5445E+00  5.2166E+01  1.0279E+00  1.3610E+00  1.1238E+00  1.2750E+00  1.2841E+00 -9.0761E-03  9.1768E-01
  5.3000E+01  3.4800E+02  0.0000E+00  6.0300E-01  0.0000E+00  0.0000E+00  3.0000E+00  1.2248E+00  4.5445E+00  5.2166E+01  7.2551E-01 -7.9747E-01 -1.0487E+00  6.0300E-01  9.9840E-01 -3.9540E-01 -9.2472E-01
  5.3000E+01  3.6000E+02  0.0000E+00  1.8600E-01  0.0000E+00  0.0000E+00  3.0000E+00  1.2248E+00  4.5445E+00  5.2166E+01  2.5505E-01 -5.5562E-01 -7.3179E-01  1.8600E-01  4.6899E-01 -2.8299E-01 -5.7999E-01
  5.4000E+01  0.0000E+00  1.0000E+02  0.0000E+00  1.0000E+00  1.0000E+00  1.0000E+00  8.8952E-01  5.3558E+00  4.9006E+01  0.0000E+00  0.0000E+00  0.0000E+00  0.0000E+00  0.0000E+00  0.0000E+00  0.0000E+00
  5.4000E+01  5.0000E-01  0.0000E+00  3.7300E-01  0.0000E+00  0.0000E+00  1.0000E+00  8.8952E-01  5.3558E+00  4.9006E+01  7.1151E-01 -2.2202E+00 -2.1461E+00  3.7300E-01  8.4209E-01 -4.6909E-01 -1.9788E+00
  5.4000E+01  1.0000E+00  0.0000E+00  7.0000E-01  0.0000E+00  0.0000E+00  1.0000E+00  8.8952E-01  5.3558E+00  4.9006E+01  1.1297E+00 -2.2384E+00 -2.1869E+00  7.0000E-01  1.2983E+00 -5.9835E-01 -1.9682E+00
  5.4000E+01  2.0000E+00  0.0000E+00  1.0070E+00  0.0000E+00  0.0000E+00  1.0000E+00  8.8952E-01  5.3558E+00  4.9006E+01  1.4769E+00 -2.0440E+00 -2.0294E+00  1.0070E+00  1.6451E+00 -6.3810E-01 -1.8266E+00
  5.4000E+01  4.0000E+00  0.0000E+00  1.1940E+00  0.0000E+00  0.0000E+00  1.0000E+00  8.8952E-01  5.3558E+00  4.9006E+01  1.4363E+00 -1.0753E+00 -1.1526E+00  1.1940E+00  1.6275E+00 -4.3355E-01 -9.9968E-01
  5.4000E+01  8.0000E+00  0.0000E+00  1.0560E+00  0.0000E+00  0.0000E+00  1.0000E+00  8.8952E-01  5.3558E+00  4.9006E+01  9.6857E-01  4.9755E-01  2.1013E-01  1.0560E+00  1.2840E+00 -2.2804E-01  1.2299E-01
  5.4000E+01  1.2000E+01  0.0000E+00  6.7900E-01  0.0000E+00  0.0000E+00  1.0000E+00  8.8952E-01  5.3558E+00  4.9006E+01  6.2674E-01  3.5859E-01 -1.7417E-02  6.7900E-01  9.9838E-01 -3.1938E-01 -1.2136E-01
  5.4000E+01  2.4000E+01  0.0000E+00  1.4300E-01  0.0000E+00  0.0000E+00  1.0000E+00  8.8952E-01  5.3558E+00  4.9006E+01  1.6888E-01 -2.1270E-01 -4.7307E-01  1.4300E-01  4.6898E-01 -3.2598E-01 -2.9515E-01
  5.4000E+01  1.6800E+02  1.0000E+02  0.0000E+00  1.0000E+00  1.0000E+00  2.0000E+00  8.8952E-01  5.3558E+00  4.9006E+01  2.4712E-08 -2.0668E-07  0.0000E+00  0.0000E+00  5.4135E-05  0.0000E+00  0.0000E+00
  5.4000E+01  1.6850E+02  0.0000E+00  6.2200E-01  0.0000E+00  0.0000E+00  2.0000E+00  8.8952E-01  5.3558E+00  4.9006E+01  7.1151E-01 -5.8707E-01 -5.1292E-01  6.2200E-01  8.4215E-01 -2.2015E-01 -4.7947E-01
  5.4000E+01  1.6900E+02  0.0000E+00  9.3700E-01  0.0000E+00  0.0000E+00  2.0000E+00  8.8952E-01  5.3558E+00  4.9006E+01  1.1297E+00 -1.0039E+00 -9.5239E-01  9.3700E-01  1.2984E+00 -3.6140E-01 -8.6026E-01
  5.4000E+01  1.7000E+02  0.0000E+00  1.4550E+00  0.0000E+00  0.0000E+00  2.0000E+00  8.8952E-01  5.3558E+00  4.9006E+01  1.4769E+00 -9.5375E-02 -8.0757E-02  1.4550E+00  1.6452E+00 -1.9015E-01 -5.1462E-02
  5.4000E+01  1.7200E+02  0.0000E+00  1.7340E+00  0.0000E+00  0.0000E+00  2.0000E+00  8.8952E-01  5.3558E+00  4.9006E+01  1.4363E+00  1.3215E+00  1.2441E+00  1.7340E+00  1.6276E+00  1.0641E-01  1.1625E+00
  5.4000E+01  1.7600E+02  0.0000E+00  1.1540E+00  0.0000E+00  0.0000E+00  2.0000E+00  8.8952E-01  5.3558E+00  4.9006E+01  9.6857E-01  1.0552E+00  7.6782E-01  1.1540E+00  1.2841E+00 -1.3008E-01  5.8569E-01
  5.4000E+01  1.8000E+02  0.0000E+00  5.2000E-01  0.0000E+00  0.0000E+00  2.0000E+00  8.8952E-01  5.3558E+00  4.9006E+01  6.2674E-01 -7.3240E-01 -1.1084E+00  5.2000E-01  9.9840E-01 -4.7840E-01 -9.8934E-01
  5.4000E+01  1.9200E+02  0.0000E+00  1.7300E-01  0.0000E+00  0.0000E+00  2.0000E+00  8.8952E-01  5.3558E+00  4.9006E+01  1.6888E-01  3.3893E-02 -2.2648E-01  1.7300E-01  4.6899E-01 -2.9599E-01 -7.5858E-02
  5.4000E+01  3.3600E+02  1.0000E+02  0.0000E+00  1.0000E+00  1.0000E+00  3.0000E+00  8.8952E-01  5.3558E+00  4.9006E+01  2.4712E-08 -2.0668E-07  0.0000E+00  0.0000E+00  5.4137E-05  0.0000E+00  0.0000E+00
  5.4000E+01  3.3650E+02  0.0000E+00  1.0760E+00  0.0000E+00  0.0000E+00  3.0000E+00  8.8952E-01  5.3558E+00  4.9006E+01  7.1151E-01  2.3907E+00  2.4648E+00  1.0760E+00  8.4215E-01  2.3385E-01  2.2524E+00
  5.4000E+01  3.3700E+02  0.0000E+00  1.6010E+00  0.0000E+00  0.0000E+00  3.0000E+00  8.8952E-01  5.3558E+00  4.9006E+01  1.1297E+00  2.4547E+00  2.5063E+00  1.6010E+00  1.2984E+00  3.0260E-01  2.2419E+00
  5.4000E+01  3.3800E+02  0.0000E+00  1.6230E+00  0.0000E+00  0.0000E+00  3.0000E+00  8.8952E-01  5.3558E+00  4.9006E+01  1.4769E+00  6.3537E-01  6.4999E-01  1.6230E+00  1.6452E+00 -2.2152E-02  6.1400E-01
  5.4000E+01  3.4000E+02  0.0000E+00  1.5570E+00  0.0000E+00  0.0000E+00  3.0000E+00  8.8952E-01  5.3558E+00  4.9006E+01  1.4363E+00  5.3591E-01  4.5853E-01  1.5570E+00  1.6276E+00 -7.0588E-02  4.5397E-01
  5.4000E+01  3.4400E+02  0.0000E+00  7.9400E-01  0.0000E+00  0.0000E+00  3.0000E+00  8.8952E-01  5.3558E+00  4.9006E+01  9.6857E-01 -9.9341E-01 -1.2808E+00  7.9400E-01  1.2841E+00 -4.9008E-01 -1.1123E+00
  5.4000E+01  3.4800E+02  0.0000E+00  6.5400E-01  0.0000E+00  0.0000E+00  3.0000E+00  8.8952E-01  5.3558E+00  4.9006E+01  6.2674E-01  1.8705E-01 -1.8896E-01  6.5400E-01  9.9840E-01 -3.4440E-01 -2.5745E-01
  5.4000E+01  3.6000E+02  0.0000E+00  1.1600E-01  0.0000E+00  0.0000E+00  3.0000E+00  8.8952E-01  5.3558E+00  4.9006E+01  1.6888E-01 -4.3464E-01 -6.9501E-01  1.1600E-01  4.6899E-01 -3.5299E-01 -4.9187E-01
  5.5000E+01  0.0000E+00  1.0000E+02  0.0000E+00  1.0000E+00  1.0000E+00  1.0000E+00  4.2868E-01  1.6061E+00  4.8990E+01  0.0000E+00  0.0000E+00  0.0000E+00  0.0000E+00  0.0000E+00  0.0000E+00  0.0000E+00
  5.5000E+01  5.0000E-01  0.0000E+00  5.5600E-01  0.0000E+00  0.0000E+00  1.0000E+00  4.2868E-01  1.6061E+00  4.8990E+01  3.9048E-01  1.2698E+00  9.2825E-01  5.5600E-01  8.4209E-01 -2.8609E-01  7.8913E-01
  5.5000E+01  1.0000E+00  0.0000E+00  9.4000E-01  0.0000E+00  0.0000E+00  1.0000E+00  4.2868E-01  1.6061E+00  4.8990E+01  6.9928E-01  1.5893E+00  1.0665E+00  9.4000E-01  1.2983E+00 -3.5835E-01  6.0034E-01
  5.5000E+01  2.0000E+00  0.0000E+00  1.3940E+00  0.0000E+00  0.0000E+00  1.0000E+00  4.2868E-01  1.6061E+00  4.8990E+01  1.1322E+00  1.3617E+00  7.6116E-01  1.3940E+00  1.6451E+00 -2.5110E-01  3.7609E-01
  5.5000E+01  4.0000E+00  0.0000E+00  1.4630E+00  0.0000E+00  0.0000E+00  1.0000E+00  4.2868E-01  1.6061E+00  4.8990E+01  1.5407E+00 -3.2776E-01 -6.7748E-01  1.4630E+00  1.6275E+00 -1.6455E-01 -5.1926E-01
  5.5000E+01  8.0000E+00  0.0000E+00  1.6460E+00  0.0000E+00  0.0000E+00  1.0000E+00  4.2868E-01  1.6061E+00  4.8990E+01  1.6287E+00  6.9798E-02  2.2558E-01  1.6460E+00  1.2840E+00  3.6196E-01  4.0195E-01
  5.5000E+01  1.2000E+01  0.0000E+00  1.6510E+00  0.0000E+00  0.0000E+00  1.0000E+00  4.2868E-01  1.6061E+00  4.8990E+01  1.4785E+00  7.4980E-01  1.1023E+00  1.6510E+00  9.9838E-01  6.5262E-01  1.1631E+00
  5.5000E+01  2.4000E+01  0.0000E+00  1.1480E+00  0.0000E+00  0.0000E+00  1.0000E+00  4.2868E-01  1.6061E+00  4.8990E+01  1.0062E+00  7.9011E-01  1.1860E+00  1.1480E+00  4.6898E-01  6.7902E-01  1.0504E+00
  5.5000E+01  1.6800E+02  1.0000E+02  0.0000E+00  1.0000E+00  1.0000E+00  2.0000E+00  4.2868E-01  1.6061E+00  4.8990E+01  8.9627E-03 -7.4956E-02  0.0000E+00  0.0000E+00  5.4135E-05  0.0000E+00  0.0000E+00
  5.5000E+01  1.6850E+02  0.0000E+00  2.4000E-01  0.0000E+00  0.0000E+00  2.0000E+00  4.2868E-01  1.6061E+00  4.8990E+01  3.9930E-01 -1.2177E+00 -1.5457E+00  2.4000E-01  8.4215E-01 -6.0215E-01 -1.1156E+00
  5.5000E+01  1.6900E+02  0.0000E+00  5.6100E-01  0.0000E+00  0.0000E+00  2.0000E+00  4.2868E-01  1.6061E+00  4.8990E+01  7.0796E-01 -9.6573E-01 -1.4744E+00  5.6100E-01  1.2984E+00 -7.3740E-01 -1.1727E+00
  5.5000E+01  1.7000E+02  0.0000E+00  1.0970E+00  0.0000E+00  0.0000E+00  2.0000E+00  4.2868E-01  1.6061E+00  4.8990E+01  1.1406E+00 -2.2583E-01 -8.1162E-01  1.0970E+00  1.6452E+00 -5.4815E-01 -8.0219E-01
  5.5000E+01  1.7200E+02  0.0000E+00  1.3750E+00  0.0000E+00  0.0000E+00  2.0000E+00  4.2868E-01  1.6061E+00  4.8990E+01  1.5486E+00 -7.2913E-01 -1.0645E+00  1.3750E+00  1.6276E+00 -2.5259E-01 -8.7316E-01
  5.5000E+01  1.7600E+02  0.0000E+00  1.6900E+00  0.0000E+00  0.0000E+00  2.0000E+00  4.2868E-01  1.6061E+00  4.8990E+01  1.6356E+00  2.1909E-01  3.8750E-01  1.6900E+00  1.2841E+00  4.0592E-01  6.0790E-01
  5.5000E+01  1.8000E+02  0.0000E+00  1.5000E+00  0.0000E+00  0.0000E+00  2.0000E+00  4.2868E-01  1.6061E+00  4.8990E+01  1.4845E+00  6.7023E-02  4.3065E-01  1.5000E+00  9.9840E-01  5.0160E-01  3.3682E-01
  5.5000E+01  1.9200E+02  0.0000E+00  8.4100E-01  0.0000E+00  0.0000E+00  2.0000E+00  4.2868E-01  1.6061E+00  4.8990E+01  1.0103E+00 -9.4150E-01 -5.3796E-01  8.4100E-01  4.6899E-01  3.7201E-01 -1.1912E+00
  5.5000E+01  3.3600E+02  1.0000E+02  0.0000E+00  1.0000E+00  1.0000E+00  3.0000E+00  4.2868E-01  1.6061E+00  4.8990E+01  8.9991E-03 -7.5260E-02  0.0000E+00  0.0000E+00  5.4137E-05  0.0000E+00  0.0000E+00
  5.5000E+01  3.3650E+02  0.0000E+00  2.9600E-01  0.0000E+00  0.0000E+00  3.0000E+00  4.2868E-01  1.6061E+00  4.8990E+01  3.9934E-01 -7.8987E-01 -1.1178E+00  2.9600E-01  8.4215E-01 -5.4615E-01 -7.7859E-01
  5.5000E+01  3.3700E+02  0.0000E+00  5.3100E-01  0.0000E+00  0.0000E+00  3.0000E+00  4.2868E-01  1.6061E+00  4.8990E+01  7.0799E-01 -1.1631E+00 -1.6716E+00  5.3100E-01  1.2984E+00 -7.6740E-01 -1.3128E+00
  5.5000E+01  3.3800E+02  0.0000E+00  1.0780E+00  0.0000E+00  0.0000E+00  3.0000E+00  4.2868E-01  1.6061E+00  4.8990E+01  1.1406E+00 -3.2439E-01 -9.1006E-01  1.0780E+00  1.6452E+00 -5.6715E-01 -8.7745E-01
  5.5000E+01  3.4000E+02  0.0000E+00  1.3460E+00  0.0000E+00  0.0000E+00  3.0000E+00  4.2868E-01  1.6061E+00  4.8990E+01  1.5486E+00 -8.5105E-01 -1.1863E+00  1.3460E+00  1.6276E+00 -2.8159E-01 -9.8925E-01
  5.5000E+01  3.4400E+02  0.0000E+00  1.9220E+00  0.0000E+00  0.0000E+00  3.0000E+00  4.2868E-01  1.6061E+00  4.8990E+01  1.6357E+00  1.1538E+00  1.3223E+00  1.9220E+00  1.2841E+00  6.3792E-01  1.7022E+00
  5.5000E+01  3.4800E+02  0.0000E+00  1.5730E+00  0.0000E+00  0.0000E+00  3.0000E+00  4.2868E-01  1.6061E+00  4.8990E+01  1.4846E+00  3.8325E-01  7.4696E-01  1.5730E+00  9.9840E-01  5.7460E-01  7.3553E-01
  5.5000E+01  3.6000E+02  0.0000E+00  1.1150E+00  0.0000E+00  0.0000E+00  3.0000E+00  4.2868E-01  1.6061E+00  4.8990E+01  1.0103E+00  5.8204E-01  9.8564E-01  1.1150E+00  4.6899E-01  6.4601E-01  8.0857E-01
  5.6000E+01  0.0000E+00  1.0000E+02  0.0000E+00  1.0000E+00  1.0000E+00  1.0000E+00  1.8379E+00  4.9930E+00  3.7774E+01  0.0000E+00  0.0000E+00  0.0000E+00  0.0000E+00  0.0000E+00  0.0000E+00  0.0000E+00
  5.6000E+01  5.0000E-01  0.0000E+00  1.5660E+00  0.0000E+00  0.0000E+00  1.0000E+00  1.8379E+00  4.9930E+00  3.7774E+01  1.5321E+00  1.4350E-01  6.1948E-01  1.5660E+00  8.4209E-01  7.2391E-01  8.9283E-01
  5.6000E+01  1.0000E+00  0.0000E+00  2.0080E+00  0.0000E+00  0.0000E+00  1.0000E+00  1.8379E+00  4.9930E+00  3.7774E+01  2.0453E+00 -1.2564E-01  3.3844E-01  2.0080E+00  1.2983E+00  7.0965E-01  3.0748E-01
  5.6000E+01  2.0000E+00  0.0000E+00  2.0320E+00  0.0000E+00  0.0000E+00  1.0000E+00  1.8379E+00  4.9930E+00  3.7774E+01  2.1176E+00 -2.7977E-01 -5.2814E-02  2.0320E+00  1.6451E+00  3.8690E-01 -1.4122E-01
  5.6000E+01  4.0000E+00  0.0000E+00  1.3830E+00  0.0000E+00  0.0000E+00  1.0000E+00  1.8379E+00  4.9930E+00  3.7774E+01  1.6793E+00 -1.1699E+00 -1.2562E+00  1.3830E+00  1.6275E+00 -2.4455E-01 -1.1620E+00
  5.6000E+01  8.0000E+00  0.0000E+00  7.6000E-01  0.0000E+00  0.0000E+00  1.0000E+00  1.8379E+00  4.9930E+00  3.7774E+01  9.9078E-01 -1.2972E+00 -1.6500E+00  7.6000E-01  1.2840E+00 -5.2404E-01 -1.4856E+00
  5.6000E+01  1.2000E+01  0.0000E+00  5.0700E-01  0.0000E+00  0.0000E+00  1.0000E+00  1.8379E+00  4.9930E+00  3.7774E+01  5.8393E-01 -5.3961E-01 -9.3383E-01  5.0700E-01  9.9838E-01 -4.9138E-01 -9.5125E-01
  5.6000E+01  2.4000E+01  0.0000E+00  1.0000E-02  0.0000E+00  0.0000E+00  1.0000E+00  1.8379E+00  4.9930E+00  3.7774E+01  1.1954E-01 -9.0812E-01 -1.1024E+00  1.0000E-02  4.6898E-01 -4.5898E-01 -6.4346E-01
  5.6000E+01  1.6800E+02  1.0000E+02  0.0000E+00  1.0000E+00  1.0000E+00  2.0000E+00  1.8379E+00  4.9930E+00  3.7774E+01  6.4742E-10 -5.4147E-09  0.0000E+00  0.0000E+00  5.4135E-05  0.0000E+00  0.0000E+00
  5.6000E+01  1.6850E+02  0.0000E+00  1.6080E+00  0.0000E+00  0.0000E+00  2.0000E+00  1.8379E+00  4.9930E+00  3.7774E+01  1.5321E+00  3.2132E-01  7.9729E-01  1.6080E+00  8.4215E-01  7.6585E-01  1.1472E+00
  5.6000E+01  1.6900E+02  0.0000E+00  2.4130E+00  0.0000E+00  0.0000E+00  2.0000E+00  1.8379E+00  4.9930E+00  3.7774E+01  2.0453E+00  1.2377E+00  1.7018E+00  2.4130E+00  1.2984E+00  1.1146E+00  2.2008E+00
  5.6000E+01  1.7000E+02  0.0000E+00  1.9710E+00  0.0000E+00  0.0000E+00  2.0000E+00  1.8379E+00  4.9930E+00  3.7774E+01  2.1176E+00 -4.7920E-01 -2.5224E-01  1.9710E+00  1.6452E+00  3.2585E-01 -3.8190E-01
  5.6000E+01  1.7200E+02  0.0000E+00  2.0230E+00  0.0000E+00  0.0000E+00  2.0000E+00  1.8379E+00  4.9930E+00  3.7774E+01  1.6793E+00  1.3571E+00  1.2708E+00  2.0230E+00  1.6276E+00  3.9541E-01  1.4009E+00
  5.6000E+01  1.7600E+02  0.0000E+00  1.0920E+00  0.0000E+00  0.0000E+00  2.0000E+00  1.8379E+00  4.9930E+00  3.7774E+01  9.9078E-01  5.6895E-01  2.1623E-01  1.0920E+00  1.2841E+00 -1.9208E-01  8.1124E-02
  5.6000E+01  1.8000E+02  0.0000E+00  7.5500E-01  0.0000E+00  0.0000E+00  2.0000E+00  1.8379E+00  4.9930E+00  3.7774E+01  5.8393E-01  1.2000E+00  8.0577E-01  7.5500E-01  9.9840E-01 -2.4340E-01  4.0408E-01
  5.6000E+01  1.9200E+02  0.0000E+00  1.9000E-01  0.0000E+00  0.0000E+00  2.0000E+00  1.8379E+00  4.9930E+00  3.7774E+01  1.1954E-01  5.8419E-01  3.8995E-01  1.9000E-01  4.6899E-01 -2.7899E-01  6.7080E-01
  5.6000E+01  3.3600E+02  1.0000E+02  0.0000E+00  1.0000E+00  1.0000E+00  3.0000E+00  1.8379E+00  4.9930E+00  3.7774E+01  6.4742E-10 -5.4147E-09  0.0000E+00  0.0000E+00  5.4137E-05  0.0000E+00  0.0000E+00
  5.6000E+01  3.3650E+02  0.0000E+00  1.5030E+00  0.0000E+00  0.0000E+00  3.0000E+00  1.8379E+00  4.9930E+00  3.7774E+01  1.5321E+00 -1.2322E-01  3.5275E-01  1.5030E+00  8.4215E-01  6.6085E-01  5.1538E-01
  5.6000E+01  3.3700E+02  0.0000E+00  2.1990E+00  0.0000E+00  0.0000E+00  3.0000E+00  1.8379E+00  4.9930E+00  3.7774E+01  2.0453E+00  5.1733E-01  9.8141E-01  2.1990E+00  1.2984E+00  9.0060E-01  1.2010E+00
  5.6000E+01  3.3800E+02  0.0000E+00  2.1100E+00  0.0000E+00  0.0000E+00  3.0000E+00  1.8379E+00  4.9930E+00  3.7774E+01  2.1176E+00 -2.4773E-02  2.0219E-01  2.1100E+00  1.6452E+00  4.6485E-01  1.6869E-01
  5.6000E+01  3.4000E+02  0.0000E+00  1.7170E+00  0.0000E+00  0.0000E+00  3.0000E+00  1.8379E+00  4.9930E+00  3.7774E+01  1.6793E+00  1.4889E-01  6.2581E-02  1.7170E+00  1.6276E+00  8.9412E-02  1.7593E-01
  5.6000E+01  3.4400E+02  0.0000E+00  1.2430E+00  0.0000E+00  0.0000E+00  3.0000E+00  1.8379E+00  4.9930E+00  3.7774E+01  9.9078E-01  1.4177E+00  1.0650E+00  1.2430E+00  1.2841E+00 -4.1076E-02  7.9333E-01
  5.6000E+01  3.4800E+02  0.0000E+00  4.2400E-01  0.0000E+00  0.0000E+00  3.0000E+00  1.8379E+00  4.9930E+00  3.7774E+01  5.8393E-01 -1.1218E+00 -1.5160E+00  4.2400E-01  9.9840E-01 -5.7440E-01 -1.4038E+00
  5.6000E+01  3.6000E+02  0.0000E+00  3.2000E-02  0.0000E+00  0.0000E+00  3.0000E+00  1.8379E+00  4.9930E+00  3.7774E+01  1.1954E-01 -7.2573E-01 -9.1997E-01  3.2000E-02  4.6899E-01 -4.3699E-01 -4.8235E-01
  5.7000E+01  0.0000E+00  1.0000E+02  0.0000E+00  1.0000E+00  1.0000E+00  1.0000E+00  2.0295E+00  6.1919E+00  5.2560E+01  0.0000E+00  0.0000E+00  0.0000E+00  0.0000E+00  0.0000E+00  0.0000E+00  0.0000E+00
  5.7000E+01  5.0000E-01  0.0000E+00  1.2020E+00  0.0000E+00  0.0000E+00  1.0000E+00  2.0295E+00  6.1919E+00  5.2560E+01  1.1721E+00  1.5205E-01  5.3392E-01  1.2020E+00  8.4209E-01  3.5991E-01  7.6743E-01
  5.7000E+01  1.0000E+00  0.0000E+00  1.4100E+00  0.0000E+00  0.0000E+00  1.0000E+00  2.0295E+00  6.1919E+00  5.2560E+01  1.5300E+00 -5.0843E-01 -4.1398E-01  1.4100E+00  1.2983E+00  1.1165E-01 -3.7384E-01
  5.7000E+01  2.0000E+00  0.0000E+00  1.7460E+00  0.0000E+00  0.0000E+00  1.0000E+00  2.0295E+00  6.1919E+00  5.2560E+01  1.5610E+00  7.7251E-01  4.8064E-01  1.7460E+00  1.6451E+00  1.0090E-01  4.8861E-01
  5.7000E+01  4.0000E+00  0.0000E+00  1.1260E+00  0.0000E+00  0.0000E+00  1.0000E+00  2.0295E+00  6.1919E+00  5.2560E+01  1.2603E+00 -6.5221E-01 -1.0777E+00  1.1260E+00  1.6275E+00 -5.0155E-01 -8.9487E-01
  5.7000E+01  8.0000E+00  0.0000E+00  6.7100E-01  0.0000E+00  0.0000E+00  1.0000E+00  2.0295E+00  6.1919E+00  5.2560E+01  7.8707E-01 -7.3051E-01 -1.1128E+00  6.7100E-01  1.2840E+00 -6.1304E-01 -1.0582E+00
  5.7000E+01  1.2000E+01  0.0000E+00  3.7900E-01  0.0000E+00  0.0000E+00  1.0000E+00  2.0295E+00  6.1919E+00  5.2560E+01  4.9132E-01 -8.2439E-01 -1.1257E+00  3.7900E-01  9.9838E-01 -6.1938E-01 -1.1771E+00
  5.7000E+01  2.4000E+01  0.0000E+00  1.1300E-01  0.0000E+00  0.0000E+00  1.0000E+00  2.0295E+00  6.1919E+00  5.2560E+01  1.1951E-01 -5.4001E-02 -1.6826E-01  1.1300E-01  4.6898E-01 -3.5598E-01 -2.1454E-01
  5.7000E+01  1.6800E+02  1.0000E+02  0.0000E+00  1.0000E+00  1.0000E+00  2.0000E+00  2.0295E+00  6.1919E+00  5.2560E+01  5.1290E-09 -4.2896E-08  0.0000E+00  0.0000E+00  5.4135E-05  0.0000E+00  0.0000E+00
  5.7000E+01  1.6850E+02  0.0000E+00  1.2720E+00  0.0000E+00  0.0000E+00  2.0000E+00  2.0295E+00  6.1919E+00  5.2560E+01  1.1721E+00  5.0842E-01  8.9029E-01  1.2720E+00  8.4215E-01  4.2985E-01  1.1896E+00
  5.7000E+01  1.6900E+02  0.0000E+00  1.2510E+00  0.0000E+00  0.0000E+00  2.0000E+00  2.0295E+00  6.1919E+00  5.2560E+01  1.5300E+00 -1.1823E+00 -1.0878E+00  1.2510E+00  1.2984E+00 -4.7398E-02 -1.1159E+00
  5.7000E+01  1.7000E+02  0.0000E+00  1.3620E+00  0.0000E+00  0.0000E+00  2.0000E+00  2.0295E+00  6.1919E+00  5.2560E+01  1.5610E+00 -8.3071E-01 -1.1226E+00  1.3620E+00  1.6452E+00 -2.8315E-01 -1.0319E+00
  5.7000E+01  1.7200E+02  0.0000E+00  1.2020E+00  0.0000E+00  0.0000E+00  2.0000E+00  2.0295E+00  6.1919E+00  5.2560E+01  1.2603E+00 -2.8299E-01 -7.0844E-01  1.2020E+00  1.6276E+00 -4.2559E-01 -5.9009E-01
  5.7000E+01  1.7600E+02  0.0000E+00  9.1400E-01  0.0000E+00  0.0000E+00  2.0000E+00  2.0295E+00  6.1919E+00  5.2560E+01  7.8707E-01  7.9882E-01  4.1657E-01  9.1400E-01  1.2841E+00 -3.7008E-01  8.8445E-02
  5.7000E+01  1.8000E+02  0.0000E+00  6.0100E-01  0.0000E+00  0.0000E+00  2.0000E+00  2.0295E+00  6.1919E+00  5.2560E+01  4.9132E-01  8.0499E-01  5.0372E-01  6.0100E-01  9.9840E-01 -3.9740E-01  3.5933E-02
  5.7000E+01  1.9200E+02  0.0000E+00  2.8900E-01  0.0000E+00  0.0000E+00  2.0000E+00  2.0295E+00  6.1919E+00  5.2560E+01  1.1951E-01  1.4052E+00  1.2909E+00  2.8900E-01  4.6899E-01 -1.7999E-01  1.0703E+00
  5.7000E+01  3.3600E+02  1.0000E+02  0.0000E+00  1.0000E+00  1.0000E+00  3.0000E+00  2.0295E+00  6.1919E+00  5.2560E+01  5.1290E-09 -4.2896E-08  0.0000E+00  0.0000E+00  5.4137E-05  0.0000E+00  0.0000E+00
  5.7000E+01  3.3650E+02  0.0000E+00  1.3460E+00  0.0000E+00  0.0000E+00  3.0000E+00  2.0295E+00  6.1919E+00  5.2560E+01  1.1721E+00  8.8515E-01  1.2670E+00  1.3460E+00  8.4215E-01  5.0385E-01  1.6349E+00
  5.7000E+01  3.3700E+02  0.0000E+00  1.6950E+00  0.0000E+00  0.0000E+00  3.0000E+00  2.0295E+00  6.1919E+00  5.2560E+01  1.5300E+00  6.9943E-01  7.9388E-01  1.6950E+00  1.2984E+00  3.9660E-01  9.5838E-01
  5.7000E+01  3.3800E+02  0.0000E+00  1.8200E+00  0.0000E+00  0.0000E+00  3.0000E+00  2.0295E+00  6.1919E+00  5.2560E+01  1.5610E+00  1.0815E+00  7.8960E-01  1.8200E+00  1.6452E+00  1.7485E-01  7.8230E-01
  5.7000E+01  3.4000E+02  0.0000E+00  1.1830E+00  0.0000E+00  0.0000E+00  3.0000E+00  2.0295E+00  6.1919E+00  5.2560E+01  1.2603E+00 -3.7530E-01 -8.0074E-01  1.1830E+00  1.6276E+00 -4.4459E-01 -6.6615E-01
  5.7000E+01  3.4400E+02  0.0000E+00  7.6400E-01  0.0000E+00  0.0000E+00  3.0000E+00  2.0295E+00  6.1919E+00  5.2560E+01  7.8707E-01 -1.4521E-01 -5.2747E-01  7.6400E-01  1.2841E+00 -5.2008E-01 -6.1904E-01
  5.7000E+01  3.4800E+02  0.0000E+00  4.5400E-01  0.0000E+00  0.0000E+00  3.0000E+00  2.0295E+00  6.1919E+00  5.2560E+01  4.9132E-01 -2.7392E-01 -5.7520E-01  4.5400E-01  9.9840E-01 -5.4440E-01 -7.6696E-01
  5.7000E+01  3.6000E+02  0.0000E+00  1.3400E-01  0.0000E+00  0.0000E+00  3.0000E+00  2.0295E+00  6.1919E+00  5.2560E+01  1.1951E-01  1.2010E-01  5.8475E-03  1.3400E-01  4.6899E-01 -3.3499E-01 -6.0959E-02
  5.8000E+01  0.0000E+00  1.0000E+02  0.0000E+00  1.0000E+00  1.0000E+00  1.0000E+00  8.0701E-01  5.6067E+00  5.0567E+01  0.0000E+00  0.0000E+00  0.0000E+00  0.0000E+00  0.0000E+00  0.0000E+00  0.0000E+00
  5.8000E+01  5.0000E-01  0.0000E+00  5.4400E-01  0.0000E+00  0.0000E+00  1.0000E+00  8.0701E-01  5.6067E+00  5.0567E+01  6.3755E-01 -6.3830E-01 -8.7192E-01  5.4400E-01  8.4209E-01 -2.9809E-01 -7.3831E-01
  5.8000E+01  1.0000E+00  0.0000E+00  1.1180E+00  0.0000E+00  0.0000E+00  1.0000E+00  8.0701E-01  5.6067E+00  5.0567E+01  1.0290E+00  4.8960E-01  2.0458E-01  1.1180E+00  1.2983E+00 -1.8035E-01  1.8855E-01
  5.8000E+01  2.0000E+00  0.0000E+00  1.1140E+00  0.0000E+00  0.0000E+00  1.0000E+00  8.0701E-01  5.6067E+00  5.0567E+01  1.3802E+00 -1.2154E+00 -1.4594E+00  1.1140E+00  1.6451E+00 -5.3110E-01 -1.2422E+00
  5.8000E+01  4.0000E+00  0.0000E+00  1.2960E+00  0.0000E+00  0.0000E+00  1.0000E+00  8.0701E-01  5.6067E+00  5.0567E+01  1.3805E+00 -3.8558E-01 -5.6001E-01  1.2960E+00  1.6275E+00 -3.3155E-01 -4.6905E-01
  5.8000E+01  8.0000E+00  0.0000E+00  8.1900E-01  0.0000E+00  0.0000E+00  1.0000E+00  8.0701E-01  5.6067E+00  5.0567E+01  9.4067E-01 -7.0318E-01 -9.7250E-01  8.1900E-01  1.2840E+00 -4.6504E-01 -8.7885E-01
  5.8000E+01  1.2000E+01  0.0000E+00  5.9300E-01  0.0000E+00  0.0000E+00  1.0000E+00  8.0701E-01  5.6067E+00  5.0567E+01  6.0587E-01 -8.9283E-02 -4.3097E-01  5.9300E-01  9.9838E-01 -4.0538E-01 -4.7641E-01
  5.8000E+01  2.4000E+01  0.0000E+00  1.3800E-01  0.0000E+00  0.0000E+00  1.0000E+00  8.0701E-01  5.6067E+00  5.0567E+01  1.6019E-01 -1.8273E-01 -4.1808E-01  1.3800E-01  4.6898E-01 -3.3098E-01 -2.4418E-01
  5.8000E+01  1.6800E+02  1.0000E+02  0.0000E+00  1.0000E+00  1.0000E+00  2.0000E+00  8.0701E-01  5.6067E+00  5.0567E+01  1.8645E-08 -1.5594E-07  0.0000E+00  0.0000E+00  5.4135E-05  0.0000E+00  0.0000E+00
  5.8000E+01  1.6850E+02  0.0000E+00  6.9100E-01  0.0000E+00  0.0000E+00  2.0000E+00  8.0701E-01  5.6067E+00  5.0567E+01  6.3755E-01  3.6466E-01  1.3104E-01  6.9100E-01  8.4215E-01 -1.5115E-01  1.4726E-01
  5.8000E+01  1.6900E+02  0.0000E+00  1.1410E+00  0.0000E+00  0.0000E+00  2.0000E+00  8.0701E-01  5.6067E+00  5.0567E+01  1.0290E+00  6.1619E-01  3.3116E-01  1.1410E+00  1.2984E+00 -1.5740E-01  2.9672E-01
  5.8000E+01  1.7000E+02  0.0000E+00  1.7150E+00  0.0000E+00  0.0000E+00  2.0000E+00  8.0701E-01  5.6067E+00  5.0567E+01  1.3802E+00  1.5287E+00  1.2846E+00  1.7150E+00  1.6452E+00  6.9848E-02  1.1390E+00
  5.8000E+01  1.7200E+02  0.0000E+00  1.6960E+00  0.0000E+00  0.0000E+00  2.0000E+00  8.0701E-01  5.6067E+00  5.0567E+01  1.3805E+00  1.4405E+00  1.2661E+00  1.6960E+00  1.6276E+00  6.8412E-02  1.1327E+00
  5.8000E+01  1.7600E+02  0.0000E+00  9.8900E-01  0.0000E+00  0.0000E+00  2.0000E+00  8.0701E-01  5.6067E+00  5.0567E+01  9.4067E-01  2.7933E-01  1.0015E-02  9.8900E-01  1.2841E+00 -2.9508E-01 -7.6508E-02
  5.8000E+01  1.8000E+02  0.0000E+00  7.9500E-01  0.0000E+00  0.0000E+00  2.0000E+00  8.0701E-01  5.6067E+00  5.0567E+01  6.0587E-01  1.3118E+00  9.7015E-01  7.9500E-01  9.9840E-01 -2.0340E-01  6.2737E-01
  5.8000E+01  1.9200E+02  0.0000E+00  2.6300E-01  0.0000E+00  0.0000E+00  2.0000E+00  8.0701E-01  5.6067E+00  5.0567E+01  1.6019E-01  8.4650E-01  6.1116E-01  2.6300E-01  4.6899E-01 -2.0599E-01  6.6847E-01
  5.8000E+01  3.3600E+02  1.0000E+02  0.0000E+00  1.0000E+00  1.0000E+00  3.0000E+00  8.0701E-01  5.6067E+00  5.0567E+01  1.8645E-08 -1.5594E-07  0.0000E+00  0.0000E+00  5.4137E-05  0.0000E+00  0.0000E+00
  5.8000E+01  3.3650E+02  0.0000E+00  5.6100E-01  0.0000E+00  0.0000E+00  3.0000E+00  8.0701E-01  5.6067E+00  5.0567E+01  6.3755E-01 -5.2231E-01 -7.5593E-01  5.6100E-01  8.4215E-01 -2.8115E-01 -6.3499E-01
  5.8000E+01  3.3700E+02  0.0000E+00  8.7500E-01  0.0000E+00  0.0000E+00  3.0000E+00  8.0701E-01  5.6067E+00  5.0567E+01  1.0290E+00 -8.4777E-01 -1.1328E+00  8.7500E-01  1.2984E+00 -4.2340E-01 -9.4599E-01
  5.8000E+01  3.3800E+02  0.0000E+00  1.3330E+00  0.0000E+00  0.0000E+00  3.0000E+00  8.0701E-01  5.6067E+00  5.0567E+01  1.3802E+00 -2.1545E-01 -4.5951E-01  1.3330E+00  1.6452E+00 -3.1215E-01 -3.7416E-01
  5.8000E+01  3.4000E+02  0.0000E+00  1.3340E+00  0.0000E+00  0.0000E+00  3.0000E+00  8.0701E-01  5.6067E+00  5.0567E+01  1.3805E+00 -2.1211E-01 -3.8653E-01  1.3340E+00  1.6276E+00 -2.9359E-01 -3.1642E-01
  5.8000E+01  3.4400E+02  0.0000E+00  8.3400E-01  0.0000E+00  0.0000E+00  3.0000E+00  8.0701E-01  5.6067E+00  5.0567E+01  9.4067E-01 -6.1649E-01 -8.8581E-01  8.3400E-01  1.2841E+00 -4.5008E-01 -8.0758E-01
  5.8000E+01  3.4800E+02  0.0000E+00  5.4500E-01  0.0000E+00  0.0000E+00  3.0000E+00  8.0701E-01  5.6067E+00  5.0567E+01  6.0587E-01 -4.2222E-01 -7.6391E-01  5.4500E-01  9.9840E-01 -4.5340E-01 -7.3809E-01
  5.8000E+01  3.6000E+02  0.0000E+00  1.0000E-02  0.0000E+00  0.0000E+00  3.0000E+00  8.0701E-01  5.6067E+00  5.0567E+01  1.6019E-01 -1.2367E+00 -1.4720E+00  1.0000E-02  4.6899E-01 -4.5899E-01 -1.1780E+00
  5.9000E+01  0.0000E+00  1.0000E+02  0.0000E+00  1.0000E+00  1.0000E+00  1.0000E+00  5.4486E-01  4.3940E+00  6.4756E+01  0.0000E+00  0.0000E+00  0.0000E+00  0.0000E+00  0.0000E+00  0.0000E+00  0.0000E+00
  5.9000E+01  5.0000E-01  0.0000E+00  2.0000E-01  0.0000E+00  0.0000E+00  1.0000E+00  5.4486E-01  4.3940E+00  6.4756E+01  3.6181E-01 -1.2555E+00 -1.6304E+00  2.0000E-01  8.4209E-01 -6.4209E-01 -1.2169E+00
  5.9000E+01  1.0000E+00  0.0000E+00  4.9800E-01  0.0000E+00  0.0000E+00  1.0000E+00  5.4486E-01  4.3940E+00  6.4756E+01  6.2527E-01 -8.7394E-01 -1.4474E+00  4.9800E-01  1.2983E+00 -8.0035E-01 -1.1419E+00
  5.9000E+01  2.0000E+00  0.0000E+00  8.0300E-01  0.0000E+00  0.0000E+00  1.0000E+00  5.4486E-01  4.3940E+00  6.4756E+01  9.4686E-01 -8.2857E-01 -1.5134E+00  8.0300E-01  1.6451E+00 -8.4210E-01 -1.2956E+00
  5.9000E+01  4.0000E+00  0.0000E+00  9.9200E-01  0.0000E+00  0.0000E+00  1.0000E+00  5.4486E-01  4.3940E+00  6.4756E+01  1.1451E+00 -7.9102E-01 -1.3383E+00  9.9200E-01  1.6275E+00 -6.3555E-01 -1.0696E+00
  5.9000E+01  8.0000E+00  0.0000E+00  1.0310E+00  0.0000E+00  0.0000E+00  1.0000E+00  5.4486E-01  4.3940E+00  6.4756E+01  1.0024E+00  1.5946E-01 -1.1622E-01  1.0310E+00  1.2840E+00 -2.5304E-01  5.9255E-02
  5.9000E+01  1.2000E+01  0.0000E+00  7.0300E-01  0.0000E+00  0.0000E+00  1.0000E+00  5.4486E-01  4.3940E+00  6.4756E+01  7.7881E-01 -4.7930E-01 -6.5622E-01  7.0300E-01  9.9838E-01 -2.9538E-01 -4.8038E-01
  5.9000E+01  2.4000E+01  0.0000E+00  4.5000E-01  0.0000E+00  0.0000E+00  1.0000E+00  5.4486E-01  4.3940E+00  6.4756E+01  3.4611E-01  8.1086E-01  7.3231E-01  4.5000E-01  4.6898E-01 -1.8982E-02  5.5656E-01
  5.9000E+01  1.6800E+02  1.0000E+02  0.0000E+00  1.0000E+00  1.0000E+00  2.0000E+00  5.4486E-01  4.3940E+00  6.4756E+01  1.9755E-05 -1.6522E-04  0.0000E+00  0.0000E+00  5.4135E-05  0.0000E+00  0.0000E+00
  5.9000E+01  1.6850E+02  0.0000E+00  4.0800E-01  0.0000E+00  0.0000E+00  2.0000E+00  5.4486E-01  4.3940E+00  6.4756E+01  3.6183E-01  3.5823E-01 -1.6678E-02  4.0800E-01  8.4215E-01 -4.3415E-01  3.4475E-02
  5.9000E+01  1.6900E+02  0.0000E+00  7.0800E-01  0.0000E+00  0.0000E+00  2.0000E+00  5.4486E-01  4.3940E+00  6.4756E+01  6.2529E-01  5.6796E-01 -5.4591E-03  7.0800E-01  1.2984E+00 -5.9040E-01 -1.6100E-01
  5.9000E+01  1.7000E+02  0.0000E+00  9.0900E-01  0.0000E+00  0.0000E+00  2.0000E+00  5.4486E-01  4.3940E+00  6.4756E+01  9.4687E-01 -2.1814E-01 -9.0295E-01  9.0900E-01  1.6452E+00 -7.3615E-01 -8.7586E-01
  5.9000E+01  1.7200E+02  0.0000E+00  1.2710E+00  0.0000E+00  0.0000E+00  2.0000E+00  5.4486E-01  4.3940E+00  6.4756E+01  1.1451E+00  6.5009E-01  1.0282E-01  1.2710E+00  1.6276E+00 -3.5659E-01  4.7121E-02
  5.9000E+01  1.7600E+02  0.0000E+00  1.0370E+00  0.0000E+00  0.0000E+00  2.0000E+00  5.4486E-01  4.3940E+00  6.4756E+01  1.0025E+00  1.9290E-01 -8.2779E-02  1.0370E+00  1.2841E+00 -2.4708E-01  8.7415E-02
  5.9000E+01  1.8000E+02  0.0000E+00  7.5700E-01  0.0000E+00  0.0000E+00  2.0000E+00  5.4486E-01  4.3940E+00  6.4756E+01  7.7882E-01 -1.3796E-01 -3.1488E-01  7.5700E-01  9.9840E-01 -2.4140E-01 -1.8555E-01
  5.9000E+01  1.9200E+02  0.0000E+00  2.6200E-01  0.0000E+00  0.0000E+00  2.0000E+00  5.4486E-01  4.3940E+00  6.4756E+01  3.4612E-01 -6.5658E-01 -7.3514E-01  2.6200E-01  4.6899E-01 -2.0699E-01 -8.1564E-01
  5.9000E+01  3.3600E+02  1.0000E+02  0.0000E+00  1.0000E+00  1.0000E+00  3.0000E+00  5.4486E-01  4.3940E+00  6.4756E+01  1.9755E-05 -1.6523E-04  0.0000E+00  0.0000E+00  5.4137E-05  0.0000E+00  0.0000E+00
  5.9000E+01  3.3650E+02  0.0000E+00  4.5900E-01  0.0000E+00  0.0000E+00  3.0000E+00  5.4486E-01  4.3940E+00  6.4756E+01  3.6183E-01  7.5395E-01  3.7903E-01  4.5900E-01  8.4215E-01 -3.8315E-01  3.4136E-01
  5.9000E+01  3.3700E+02  0.0000E+00  6.9700E-01  0.0000E+00  0.0000E+00  3.0000E+00  5.4486E-01  4.3940E+00  6.4756E+01  6.2529E-01  4.9243E-01 -8.0994E-02  6.9700E-01  1.2984E+00 -6.0140E-01 -2.1239E-01
  5.9000E+01  3.3800E+02  0.0000E+00  9.2100E-01  0.0000E+00  0.0000E+00  3.0000E+00  5.4486E-01  4.3940E+00  6.4756E+01  9.4687E-01 -1.4903E-01 -8.3383E-01  9.2100E-01  1.6452E+00 -7.2415E-01 -8.2832E-01
  5.9000E+01  3.4000E+02  0.0000E+00  1.2320E+00  0.0000E+00  0.0000E+00  3.0000E+00  5.4486E-01  4.3940E+00  6.4756E+01  1.1451E+00  4.4864E-01 -9.8635E-02  1.2320E+00  1.6276E+00 -3.9559E-01 -1.0900E-01
  5.9000E+01  3.4400E+02  0.0000E+00  1.0430E+00  0.0000E+00  0.0000E+00  3.0000E+00  5.4486E-01  4.3940E+00  6.4756E+01  1.0025E+00  2.2641E-01 -4.9269E-02  1.0430E+00  1.2841E+00 -2.4108E-01  1.1571E-01
  5.9000E+01  3.4800E+02  0.0000E+00  7.9600E-01  0.0000E+00  0.0000E+00  3.0000E+00  5.4486E-01  4.3940E+00  6.4756E+01  7.7882E-01  1.0861E-01 -6.8311E-02  7.9600E-01  9.9840E-01 -2.0240E-01  2.7461E-02
  5.9000E+01  3.6000E+02  0.0000E+00  3.7800E-01  0.0000E+00  0.0000E+00  3.0000E+00  5.4486E-01  4.3940E+00  6.4756E+01  3.4612E-01  2.4884E-01  1.7029E-01  3.7800E-01  4.6899E-01 -9.0994E-02  3.0979E-02
  6.0000E+01  0.0000E+00  1.0000E+02  0.0000E+00  1.0000E+00  1.0000E+00  1.0000E+00  2.0737E+00  3.9488E+00  3.8334E+01  0.0000E+00  0.0000E+00  0.0000E+00  0.0000E+00  0.0000E+00  0.0000E+00  0.0000E+00
  6.0000E+01  5.0000E-01  0.0000E+00  1.1280E+00  0.0000E+00  0.0000E+00  1.0000E+00  2.0737E+00  3.9488E+00  3.8334E+01  1.6339E+00 -2.0402E+00 -1.2116E+00  1.1280E+00  8.4209E-01  2.8591E-01 -1.9081E+00
  6.0000E+01  1.0000E+00  0.0000E+00  2.2660E+00  0.0000E+00  0.0000E+00  1.0000E+00  2.0737E+00  3.9488E+00  3.8334E+01  2.1312E+00  4.3826E-01  1.0450E+00  2.2660E+00  1.2983E+00  9.6765E-01  1.2860E+00
  6.0000E+01  2.0000E+00  0.0000E+00  2.7300E+00  0.0000E+00  0.0000E+00  1.0000E+00  2.0737E+00  3.9488E+00  3.8334E+01  2.1905E+00  1.7135E+00  1.9409E+00  2.7300E+00  1.6451E+00  1.0849E+00  2.3147E+00
  6.0000E+01  4.0000E+00  0.0000E+00  1.9650E+00  0.0000E+00  0.0000E+00  1.0000E+00  2.0737E+00  3.9488E+00  3.8334E+01  1.8173E+00  5.4781E-01  5.4867E-01  1.9650E+00  1.6275E+00  3.3745E-01  7.1664E-01
  6.0000E+01  8.0000E+00  0.0000E+00  1.2740E+00  0.0000E+00  0.0000E+00  1.0000E+00  2.0737E+00  3.9488E+00  3.8334E+01  1.2041E+00  3.5005E-01  2.1940E-01  1.2740E+00  1.2840E+00 -1.0043E-02  2.3746E-01
  6.0000E+01  1.2000E+01  0.0000E+00  1.0330E+00  0.0000E+00  0.0000E+00  1.0000E+00  2.0737E+00  3.9488E+00  3.8334E+01  7.9744E-01  1.4740E+00  1.3133E+00  1.0330E+00  9.9838E-01  3.4622E-02  1.0288E+00
  6.0000E+01  2.4000E+01  0.0000E+00  3.3400E-01  0.0000E+00  0.0000E+00  1.0000E+00  2.0737E+00  3.9488E+00  3.8334E+01  2.3166E-01  8.2883E-01  7.2851E-01  3.3400E-01  4.6898E-01 -1.3498E-01  6.5834E-01
  6.0000E+01  1.6800E+02  1.0000E+02  0.0000E+00  1.0000E+00  1.0000E+00  2.0000E+00  2.0737E+00  3.9488E+00  3.8334E+01  8.3707E-08 -7.0008E-07  0.0000E+00  0.0000E+00  5.4135E-05  0.0000E+00  0.0000E+00
  6.0000E+01  1.6850E+02  0.0000E+00  2.1810E+00  0.0000E+00  0.0000E+00  2.0000E+00  2.0737E+00  3.9488E+00  3.8334E+01  1.6339E+00  2.2063E+00  3.0350E+00  2.1810E+00  8.4215E-01  1.3389E+00  4.4292E+00
  6.0000E+01  1.6900E+02  0.0000E+00  1.8320E+00  0.0000E+00  0.0000E+00  2.0000E+00  2.0737E+00  3.9488E+00  3.8334E+01  2.1312E+00 -9.7290E-01 -3.6618E-01  1.8320E+00  1.2984E+00  5.3360E-01 -7.4088E-01
  6.0000E+01  1.7000E+02  0.0000E+00  2.2550E+00  0.0000E+00  0.0000E+00  2.0000E+00  2.0737E+00  3.9488E+00  3.8334E+01  2.1905E+00  2.0475E-01  4.3212E-01  2.2550E+00  1.6452E+00  6.0985E-01  4.3366E-01
  6.0000E+01  1.7200E+02  0.0000E+00  1.5360E+00  0.0000E+00  0.0000E+00  2.0000E+00  2.0737E+00  3.9488E+00  3.8334E+01  1.8173E+00 -1.0435E+00 -1.0427E+00  1.5360E+00  1.6276E+00 -9.1588E-02 -1.0002E+00
  6.0000E+01  1.7600E+02  0.0000E+00  1.0910E+00  0.0000E+00  0.0000E+00  2.0000E+00  2.0737E+00  3.9488E+00  3.8334E+01  1.2041E+00 -5.6583E-01 -6.9648E-01  1.0910E+00  1.2841E+00 -1.9308E-01 -6.2518E-01
  6.0000E+01  1.8000E+02  0.0000E+00  3.9700E-01  0.0000E+00  0.0000E+00  2.0000E+00  2.0737E+00  3.9488E+00  3.8334E+01  7.9744E-01 -2.5058E+00 -2.6666E+00  3.9700E-01  9.9840E-01 -6.0140E-01 -2.4445E+00
  6.0000E+01  1.9200E+02  0.0000E+00  1.0700E-01  0.0000E+00  0.0000E+00  2.0000E+00  2.0737E+00  3.9488E+00  3.8334E+01  2.3166E-01 -1.0097E+00 -1.1100E+00  1.0700E-01  4.6899E-01 -3.6199E-01 -9.9807E-01
  6.0000E+01  3.3600E+02  1.0000E+02  0.0000E+00  1.0000E+00  1.0000E+00  3.0000E+00  2.0737E+00  3.9488E+00  3.8334E+01  8.3707E-08 -7.0008E-07  0.0000E+00  0.0000E+00  5.4137E-05  0.0000E+00  0.0000E+00
  6.0000E+01  3.3650E+02  0.0000E+00  1.7850E+00  0.0000E+00  0.0000E+00  3.0000E+00  2.0737E+00  3.9488E+00  3.8334E+01  1.6339E+00  6.0933E-01  1.4380E+00  1.7850E+00  8.4215E-01  9.4285E-01  2.0464E+00
  6.0000E+01  3.3700E+02  0.0000E+00  1.8310E+00  0.0000E+00  0.0000E+00  3.0000E+00  2.0737E+00  3.9488E+00  3.8334E+01  2.1312E+00 -9.7615E-01 -3.6943E-01  1.8310E+00  1.2984E+00  5.3260E-01 -7.4555E-01
  6.0000E+01  3.3800E+02  0.0000E+00  2.3590E+00  0.0000E+00  0.0000E+00  3.0000E+00  2.0737E+00  3.9488E+00  3.8334E+01  2.1905E+00  5.3509E-01  7.6245E-01  2.3590E+00  1.6452E+00  7.1385E-01  8.4562E-01
  6.0000E+01  3.4000E+02  0.0000E+00  1.6230E+00  0.0000E+00  0.0000E+00  3.0000E+00  2.0737E+00  3.9488E+00  3.8334E+01  1.8173E+00 -7.2080E-01 -7.1994E-01  1.6230E+00  1.6276E+00 -4.5879E-03 -6.5192E-01
  6.0000E+01  3.4400E+02  0.0000E+00  1.2530E+00  0.0000E+00  0.0000E+00  3.0000E+00  2.0737E+00  3.9488E+00  3.8334E+01  1.2041E+00  2.4495E-01  1.1430E-01  1.2530E+00  1.2841E+00 -3.1076E-02  1.3891E-01
  6.0000E+01  3.4800E+02  0.0000E+00  9.1500E-01  0.0000E+00  0.0000E+00  3.0000E+00  2.0737E+00  3.9488E+00  3.8334E+01  7.9744E-01  7.3563E-01  5.7490E-01  9.1500E-01  9.9840E-01 -8.3403E-02  3.8477E-01
  6.0000E+01  3.6000E+02  0.0000E+00  2.6000E-01  0.0000E+00  0.0000E+00  3.0000E+00  2.0737E+00  3.9488E+00  3.8334E+01  2.3166E-01  2.2950E-01  1.2918E-01  2.6000E-01  4.6899E-01 -2.0899E-01  1.1859E-01
