TABLE NO.  1
 ID          TIME        AMT         DV          MDV         EVID        CMT         IPRE        IWRE        CWRES       DV          PRED        RES         WRES
  1.0000E+00  0.0000E+00  0.0000E+00  0.0000E+00  1.0000E+00  0.0000E+00  1.0000E+00  0.0000E+00  0.0000E+00  0.0000E+00  0.0000E+00  0.0000E+00  0.0000E+00  0.0000E+00
  1.0000E+00  0.0000E+00  2.5000E+01  0.0000E+00  1.0000E+00  1.0000E+00  1.0000E+00  1.8528E+01 -7.4285E+00  0.0000E+00  0.0000E+00  1.7829E+01  0.0000E+00  0.0000E+00
  1.0000E+00  2.0000E+00  0.0000E+00  1.7300E+01  0.0000E+00  0.0000E+00  1.0000E+00  1.8358E+01 -4.2509E-01 -3.7054E-01  1.7300E+01  1.7660E+01 -3.6012E-01 -3.7340E-01
  1.0000E+00  1.2500E+01  3.5000E+00  0.0000E+00  1.0000E+00  1.0000E+00  1.0000E+00  2.0080E+01 -7.8591E+00  0.0000E+00  0.0000E+00  1.9296E+01  0.0000E+00  0.0000E+00
  1.0000E+00  2.4500E+01  3.5000E+00  0.0000E+00  1.0000E+00  1.0000E+00  1.0000E+00  2.1587E+01 -8.2484E+00  0.0000E+00  0.0000E+00  2.0722E+01  0.0000E+00  0.0000E+00
  1.0000E+00  3.7000E+01  3.5000E+00  0.0000E+00  1.0000E+00  1.0000E+00  1.0000E+00  2.2966E+01 -8.5805E+00  0.0000E+00  0.0000E+00  2.2023E+01  0.0000E+00  0.0000E+00
  1.0000E+00  4.8000E+01  3.5000E+00  0.0000E+00  1.0000E+00  1.0000E+00  1.0000E+00  2.4419E+01 -8.9068E+00  0.0000E+00  0.0000E+00  2.3397E+01  0.0000E+00  0.0000E+00
  1.0000E+00  6.0500E+01  3.5000E+00  0.0000E+00  1.0000E+00  1.0000E+00  1.0000E+00  2.5638E+01 -9.1631E+00  0.0000E+00  0.0000E+00  2.4543E+01  0.0000E+00  0.0000E+00
  1.0000E+00  7.2500E+01  3.5000E+00  0.0000E+00  1.0000E+00  1.0000E+00  1.0000E+00  2.6830E+01 -9.3987E+00  0.0000E+00  0.0000E+00  2.5663E+01  0.0000E+00  0.0000E+00
  1.0000E+00  8.5300E+01  3.5000E+00  0.0000E+00  1.0000E+00  1.0000E+00  1.0000E+00  2.7861E+01 -9.5916E+00  0.0000E+00  0.0000E+00  2.6626E+01  0.0000E+00  0.0000E+00
  1.0000E+00  9.6500E+01  3.5000E+00  0.0000E+00  1.0000E+00  1.0000E+00  1.0000E+00  2.9030E+01 -9.7982E+00  0.0000E+00  0.0000E+00  2.7726E+01  0.0000E+00  0.0000E+00
  1.0000E+00  1.0850E+02  3.5000E+00  0.0000E+00  1.0000E+00  1.0000E+00  1.0000E+00  3.0035E+01 -9.9666E+00  0.0000E+00  0.0000E+00  2.8667E+01  0.0000E+00  0.0000E+00
  1.0000E+00  1.1250E+02  0.0000E+00  3.1000E+01  0.0000E+00  0.0000E+00  1.0000E+00  2.9477E+01  5.1006E-01  6.2511E-01  3.1000E+01  2.8121E+01  2.8788E+00  6.3814E-01
  2.0000E+00  0.0000E+00  0.0000E+00  0.0000E+00  1.0000E+00  0.0000E+00  1.0000E+00  0.0000E+00  0.0000E+00  0.0000E+00  0.0000E+00  0.0000E+00  0.0000E+00  0.0000E+00
  2.0000E+00  0.0000E+00  1.5000E+01  0.0000E+00  1.0000E+00  1.0000E+00  1.0000E+00  1.2038E+01 -5.2761E+00  0.0000E+00  0.0000E+00  1.0044E+01  0.0000E+00  0.0000E+00
  2.0000E+00  2.0000E+00  0.0000E+00  9.7000E+00  0.0000E+00  0.0000E+00  1.0000E+00  1.1932E+01 -9.7961E-01 -7.6359E-01  9.7000E+00  9.9471E+00 -2.4711E-01 -7.6434E-01
  2.0000E+00  4.0000E+00  3.8000E+00  0.0000E+00  1.0000E+00  1.0000E+00  1.0000E+00  1.4877E+01 -6.2885E+00  0.0000E+00  0.0000E+00  1.2396E+01  0.0000E+00  0.0000E+00
  2.0000E+00  1.6000E+01  3.8000E+00  0.0000E+00  1.0000E+00  1.0000E+00  1.0000E+00  1.7160E+01 -7.0225E+00  0.0000E+00  0.0000E+00  1.4243E+01  0.0000E+00  0.0000E+00
  2.0000E+00  2.7800E+01  3.8000E+00  0.0000E+00  1.0000E+00  1.0000E+00  1.0000E+00  1.9340E+01 -7.6577E+00  0.0000E+00  0.0000E+00  1.5998E+01  0.0000E+00  0.0000E+00
  2.0000E+00  4.0000E+01  3.8000E+00  0.0000E+00  1.0000E+00  1.0000E+00  1.0000E+00  2.1377E+01 -8.1959E+00  0.0000E+00  0.0000E+00  1.7628E+01  0.0000E+00  0.0000E+00
  2.0000E+00  5.2000E+01  3.8000E+00  0.0000E+00  1.0000E+00  1.0000E+00  1.0000E+00  2.3325E+01 -8.6634E+00  0.0000E+00  0.0000E+00  1.9180E+01  0.0000E+00  0.0000E+00
  2.0000E+00  6.3500E+01  0.0000E+00  2.4600E+01  0.0000E+00  0.0000E+00  1.0000E+00  2.2172E+01  9.1881E-01  1.3496E+00  2.4600E+01  1.8144E+01  6.4560E+00  1.4536E+00
  2.0000E+00  6.4000E+01  3.8000E+00  0.0000E+00  1.0000E+00  1.0000E+00  1.0000E+00  2.5173E+01 -9.0672E+00  0.0000E+00  0.0000E+00  2.0645E+01  0.0000E+00  0.0000E+00
  2.0000E+00  7.6000E+01  3.8000E+00  0.0000E+00  1.0000E+00  1.0000E+00  1.0000E+00  2.6912E+01 -9.4146E+00  0.0000E+00  0.0000E+00  2.2015E+01  0.0000E+00  0.0000E+00
  2.0000E+00  8.8000E+01  3.8000E+00  0.0000E+00  1.0000E+00  1.0000E+00  1.0000E+00  2.8561E+01 -9.7168E+00  0.0000E+00  0.0000E+00  2.3307E+01  0.0000E+00  0.0000E+00
  2.0000E+00  1.0000E+02  3.8000E+00  0.0000E+00  1.0000E+00  1.0000E+00  1.0000E+00  3.0123E+01 -9.9809E+00  0.0000E+00  0.0000E+00  2.4526E+01  0.0000E+00  0.0000E+00
  2.0000E+00  1.1200E+02  3.8000E+00  0.0000E+00  1.0000E+00  1.0000E+00  1.0000E+00  3.1604E+01 -1.0213E+01  0.0000E+00  0.0000E+00  2.5675E+01  0.0000E+00  0.0000E+00
  2.0000E+00  1.2400E+02  3.8000E+00  0.0000E+00  1.0000E+00  1.0000E+00  1.0000E+00  3.3009E+01 -1.0417E+01  0.0000E+00  0.0000E+00  2.6759E+01  0.0000E+00  0.0000E+00
  2.0000E+00  1.3550E+02  0.0000E+00  3.3000E+01  0.0000E+00  0.0000E+00  1.0000E+00  3.1360E+01  5.3220E-01  1.1622E+00  3.3000E+01  2.5299E+01  7.7011E+00  1.2882E+00
  3.0000E+00  0.0000E+00  0.0000E+00  0.0000E+00  1.0000E+00  0.0000E+00  1.0000E+00  0.0000E+00  0.0000E+00  0.0000E+00  0.0000E+00  0.0000E+00  0.0000E+00  0.0000E+00
  3.0000E+00  0.0000E+00  3.0000E+01  0.0000E+00  1.0000E+00  1.0000E+00  1.0000E+00  1.7948E+01 -7.2594E+00  0.0000E+00  0.0000E+00  2.0087E+01  0.0000E+00  0.0000E+00
  3.0000E+00  1.5000E+00  0.0000E+00  1.8000E+01  0.0000E+00  0.0000E+00  1.0000E+00  1.7811E+01  7.6570E-02 -1.3814E-01  1.8000E+01  1.9942E+01 -1.9423E+00 -1.3199E-01
  3.0000E+00  1.1500E+01  3.7000E+00  0.0000E+00  1.0000E+00  1.0000E+00  1.0000E+00  1.9135E+01 -7.6007E+00  0.0000E+00  0.0000E+00  2.1480E+01  0.0000E+00  0.0000E+00
  3.0000E+00  2.3500E+01  3.7000E+00  0.0000E+00  1.0000E+00  1.0000E+00  1.0000E+00  2.0208E+01 -7.8934E+00  0.0000E+00  0.0000E+00  2.2748E+01  0.0000E+00  0.0000E+00
  3.0000E+00  3.5500E+01  3.7000E+00  0.0000E+00  1.0000E+00  1.0000E+00  1.0000E+00  2.1217E+01 -8.1554E+00  0.0000E+00  0.0000E+00  2.3945E+01  0.0000E+00  0.0000E+00
  3.0000E+00  4.7500E+01  3.7000E+00  0.0000E+00  1.0000E+00  1.0000E+00  1.0000E+00  2.2166E+01 -8.3905E+00  0.0000E+00  0.0000E+00  2.5075E+01  0.0000E+00  0.0000E+00
  3.0000E+00  5.9300E+01  3.7000E+00  0.0000E+00  1.0000E+00  1.0000E+00  1.0000E+00  2.3079E+01 -8.6068E+00  0.0000E+00  0.0000E+00  2.6164E+01  0.0000E+00  0.0000E+00
  3.0000E+00  7.3000E+01  3.7000E+00  0.0000E+00  1.0000E+00  1.0000E+00  1.0000E+00  2.3712E+01 -8.7511E+00  0.0000E+00  0.0000E+00  2.6949E+01  0.0000E+00  0.0000E+00
  3.0000E+00  8.3500E+01  0.0000E+00  2.3800E+01  0.0000E+00  0.0000E+00  1.0000E+00  2.2458E+01  5.0574E-01  1.9417E-01  2.3800E+01  2.5603E+01 -1.8032E+00  1.8296E-01
  3.0000E+00  8.4000E+01  3.7000E+00  0.0000E+00  1.0000E+00  1.0000E+00  1.0000E+00  2.4613E+01 -8.9487E+00  0.0000E+00  0.0000E+00  2.8018E+01  0.0000E+00  0.0000E+00
  3.0000E+00  9.6500E+01  3.7000E+00  0.0000E+00  1.0000E+00  1.0000E+00  1.0000E+00  2.5284E+01 -9.0903E+00  0.0000E+00  0.0000E+00  2.8838E+01  0.0000E+00  0.0000E+00
  3.0000E+00  1.0850E+02  3.7000E+00  0.0000E+00  1.0000E+00  1.0000E+00  1.0000E+00  2.5975E+01 -9.2311E+00  0.0000E+00  0.0000E+00  2.9675E+01  0.0000E+00  0.0000E+00
  3.0000E+00  1.2000E+02  3.7000E+00  0.0000E+00  1.0000E+00  1.0000E+00  1.0000E+00  2.6687E+01 -9.3712E+00  0.0000E+00  0.0000E+00  3.0533E+01  0.0000E+00  0.0000E+00
  3.0000E+00  1.3200E+02  3.7000E+00  0.0000E+00  1.0000E+00  1.0000E+00  1.0000E+00  2.7293E+01 -9.4866E+00  0.0000E+00  0.0000E+00  3.1274E+01  0.0000E+00  0.0000E+00
  3.0000E+00  1.3430E+02  0.0000E+00  2.4300E+01  0.0000E+00  0.0000E+00  1.0000E+00  2.6969E+01 -9.3294E-01 -1.3157E+00  2.4300E+01  3.0925E+01 -6.6246E+00 -1.2307E+00
  4.0000E+00  0.0000E+00  0.0000E+00  0.0000E+00  1.0000E+00  0.0000E+00  1.0000E+00  0.0000E+00  0.0000E+00  0.0000E+00  0.0000E+00  0.0000E+00  0.0000E+00  0.0000E+00
  4.0000E+00  0.0000E+00  1.8600E+01  0.0000E+00  1.0000E+00  1.0000E+00  1.0000E+00  2.0332E+01 -7.9262E+00  0.0000E+00  0.0000E+00  1.9864E+01  0.0000E+00  0.0000E+00
  4.0000E+00  1.8000E+00  0.0000E+00  2.0800E+01  0.0000E+00  0.0000E+00  1.0000E+00  2.0177E+01  2.4361E-01  2.6704E-01  2.0800E+01  1.9710E+01  1.0896E+00  2.6921E-01
  4.0000E+00  1.2000E+01  2.3000E+00  0.0000E+00  1.0000E+00  1.0000E+00  1.0000E+00  2.1832E+01 -8.3090E+00  0.0000E+00  0.0000E+00  2.1319E+01  0.0000E+00  0.0000E+00
  4.0000E+00  2.4300E+01  2.3000E+00  0.0000E+00  1.0000E+00  1.0000E+00  1.0000E+00  2.3231E+01 -8.6417E+00  0.0000E+00  0.0000E+00  2.2675E+01  0.0000E+00  0.0000E+00
  4.0000E+00  3.5800E+01  2.3000E+00  0.0000E+00  1.0000E+00  1.0000E+00  1.0000E+00  2.4633E+01 -8.9531E+00  0.0000E+00  0.0000E+00  2.4035E+01  0.0000E+00  0.0000E+00
  4.0000E+00  4.8100E+01  2.3000E+00  0.0000E+00  1.0000E+00  1.0000E+00  1.0000E+00  2.5889E+01 -9.2139E+00  0.0000E+00  0.0000E+00  2.5250E+01  0.0000E+00  0.0000E+00
  4.0000E+00  5.9300E+01  0.0000E+00  2.3900E+01  0.0000E+00  0.0000E+00  1.0000E+00  2.4682E+01 -2.8383E-01 -2.5113E-01  2.3900E+01  2.4061E+01 -1.6058E-01 -2.5271E-01
  4.0000E+00  5.9800E+01  2.3000E+00  0.0000E+00  1.0000E+00  1.0000E+00  1.0000E+00  2.7143E+01 -9.4585E+00  0.0000E+00  0.0000E+00  2.6465E+01  0.0000E+00  0.0000E+00
  4.0000E+00  7.1800E+01  2.3000E+00  0.0000E+00  1.0000E+00  1.0000E+00  1.0000E+00  2.8303E+01 -9.6713E+00  0.0000E+00  0.0000E+00  2.7588E+01  0.0000E+00  0.0000E+00
  4.0000E+00  8.3800E+01  2.3000E+00  0.0000E+00  1.0000E+00  1.0000E+00  1.0000E+00  2.9393E+01 -9.8601E+00  0.0000E+00  0.0000E+00  2.8641E+01  0.0000E+00  0.0000E+00
  4.0000E+00  9.5800E+01  2.3000E+00  0.0000E+00  1.0000E+00  1.0000E+00  1.0000E+00  3.0429E+01 -1.0030E+01  0.0000E+00  0.0000E+00  2.9641E+01  0.0000E+00  0.0000E+00
  4.0000E+00  1.0780E+02  2.3000E+00  0.0000E+00  1.0000E+00  1.0000E+00  1.0000E+00  3.1412E+01 -1.0183E+01  0.0000E+00  0.0000E+00  3.0591E+01  0.0000E+00  0.0000E+00
  4.0000E+00  1.1980E+02  2.3000E+00  0.0000E+00  1.0000E+00  1.0000E+00  1.0000E+00  3.2345E+01 -1.0322E+01  0.0000E+00  0.0000E+00  3.1492E+01  0.0000E+00  0.0000E+00
  4.0000E+00  1.3080E+02  0.0000E+00  3.1700E+01  0.0000E+00  0.0000E+00  1.0000E+00  3.0850E+01  2.7818E-01  3.2411E-01  3.1700E+01  3.0021E+01  1.6790E+00  3.2808E-01
  5.0000E+00  0.0000E+00  0.0000E+00  0.0000E+00  1.0000E+00  0.0000E+00  1.0000E+00  0.0000E+00  0.0000E+00  0.0000E+00  0.0000E+00  0.0000E+00  0.0000E+00  0.0000E+00
  5.0000E+00  0.0000E+00  2.7000E+01  0.0000E+00  1.0000E+00  1.0000E+00  1.0000E+00  1.5622E+01 -6.5358E+00  0.0000E+00  0.0000E+00  1.9255E+01  0.0000E+00  0.0000E+00
  5.0000E+00  2.0000E+00  0.0000E+00  1.4200E+01  0.0000E+00  0.0000E+00  1.0000E+00  1.5460E+01 -5.2816E-01 -9.3817E-01  1.4200E+01  1.9073E+01 -4.8729E+00 -8.6788E-01
  5.0000E+00  1.2000E+01  3.4000E+00  0.0000E+00  1.0000E+00  1.0000E+00  1.0000E+00  1.6639E+01 -6.8612E+00  0.0000E+00  0.0000E+00  2.0612E+01  0.0000E+00  0.0000E+00
  5.0000E+00  2.4000E+01  3.4000E+00  0.0000E+00  1.0000E+00  1.0000E+00  1.0000E+00  1.7594E+01 -7.1540E+00  0.0000E+00  0.0000E+00  2.1894E+01  0.0000E+00  0.0000E+00
  5.0000E+00  3.6000E+01  3.4000E+00  0.0000E+00  1.0000E+00  1.0000E+00  1.0000E+00  1.8491E+01 -7.4178E+00  0.0000E+00  0.0000E+00  2.3104E+01  0.0000E+00  0.0000E+00
  5.0000E+00  4.8000E+01  3.4000E+00  0.0000E+00  1.0000E+00  1.0000E+00  1.0000E+00  1.9334E+01 -7.6559E+00  0.0000E+00  0.0000E+00  2.4248E+01  0.0000E+00  0.0000E+00
  5.0000E+00  5.9500E+01  0.0000E+00  1.8200E+01  0.0000E+00  0.0000E+00  1.0000E+00  1.8205E+01 -2.1117E-03 -5.2991E-01  1.8200E+01  2.2958E+01 -4.7579E+00 -4.7118E-01
  5.0000E+00  6.0000E+01  3.4000E+00  0.0000E+00  1.0000E+00  1.0000E+00  1.0000E+00  2.0125E+01 -7.8712E+00  0.0000E+00  0.0000E+00  2.5328E+01  0.0000E+00  0.0000E+00
  5.0000E+00  7.2000E+01  3.4000E+00  0.0000E+00  1.0000E+00  1.0000E+00  1.0000E+00  2.0854E+01 -8.0626E+00  0.0000E+00  0.0000E+00  2.6332E+01  0.0000E+00  0.0000E+00
  5.0000E+00  8.4000E+01  3.4000E+00  0.0000E+00  1.0000E+00  1.0000E+00  1.0000E+00  2.1539E+01 -8.2363E+00  0.0000E+00  0.0000E+00  2.7281E+01  0.0000E+00  0.0000E+00
  5.0000E+00  9.6000E+01  3.4000E+00  0.0000E+00  1.0000E+00  1.0000E+00  1.0000E+00  2.2181E+01 -8.3942E+00  0.0000E+00  0.0000E+00  2.8175E+01  0.0000E+00  0.0000E+00
  5.0000E+00  1.0800E+02  3.4000E+00  0.0000E+00  1.0000E+00  1.0000E+00  1.0000E+00  2.2784E+01 -8.5379E+00  0.0000E+00  0.0000E+00  2.9020E+01  0.0000E+00  0.0000E+00
  5.0000E+00  1.2000E+02  3.4000E+00  0.0000E+00  1.0000E+00  1.0000E+00  1.0000E+00  2.3350E+01 -8.6690E+00  0.0000E+00  0.0000E+00  2.9817E+01  0.0000E+00  0.0000E+00
  5.0000E+00  1.3200E+02  0.0000E+00  2.0300E+01  0.0000E+00  0.0000E+00  1.0000E+00  2.1913E+01 -6.1326E-01 -1.2864E+00  2.0300E+01  2.8145E+01 -7.8453E+00 -1.1442E+00
  6.0000E+00  0.0000E+00  0.0000E+00  0.0000E+00  1.0000E+00  0.0000E+00  1.0000E+00  0.0000E+00  0.0000E+00  0.0000E+00  0.0000E+00  0.0000E+00  0.0000E+00  0.0000E+00
  6.0000E+00  0.0000E+00  2.4000E+01  0.0000E+00  1.0000E+00  1.0000E+00  1.0000E+00  1.8887E+01 -7.5308E+00  0.0000E+00  0.0000E+00  1.9705E+01  0.0000E+00  0.0000E+00
  6.0000E+00  1.8000E+00  0.0000E+00  1.9000E+01  0.0000E+00  0.0000E+00  1.0000E+00  1.8731E+01  1.0744E-01  2.1988E-02  1.9000E+01  1.9543E+01 -5.4283E-01  2.4658E-02
  6.0000E+00  1.1800E+01  3.0000E+00  0.0000E+00  1.0000E+00  1.0000E+00  1.0000E+00  2.0249E+01 -7.9043E+00  0.0000E+00  0.0000E+00  2.1128E+01  0.0000E+00  0.0000E+00
  6.0000E+00  2.3800E+01  3.0000E+00  0.0000E+00  1.0000E+00  1.0000E+00  1.0000E+00  2.1522E+01 -8.2321E+00  0.0000E+00  0.0000E+00  2.2458E+01  0.0000E+00  0.0000E+00
  6.0000E+00  3.5800E+01  3.0000E+00  0.0000E+00  1.0000E+00  1.0000E+00  1.0000E+00  2.2726E+01 -8.5243E+00  0.0000E+00  0.0000E+00  2.3717E+01  0.0000E+00  0.0000E+00
  6.0000E+00  4.7800E+01  3.0000E+00  0.0000E+00  1.0000E+00  1.0000E+00  1.0000E+00  2.3865E+01 -8.7853E+00  0.0000E+00  0.0000E+00  2.4908E+01  0.0000E+00  0.0000E+00
  6.0000E+00  5.9300E+01  0.0000E+00  1.7300E+01  0.0000E+00  0.0000E+00  1.0000E+00  2.2635E+01 -2.0040E+00 -2.1010E+00  1.7300E+01  2.3626E+01 -6.3263E+00 -2.0600E+00
  6.0000E+00  5.9800E+01  3.0000E+00  0.0000E+00  1.0000E+00  1.0000E+00  1.0000E+00  2.4944E+01 -9.0191E+00  0.0000E+00  0.0000E+00  2.6035E+01  0.0000E+00  0.0000E+00
  6.0000E+00  7.1800E+01  3.0000E+00  0.0000E+00  1.0000E+00  1.0000E+00  1.0000E+00  2.5964E+01 -9.2289E+00  0.0000E+00  0.0000E+00  2.7102E+01  0.0000E+00  0.0000E+00
  6.0000E+00  8.3800E+01  3.0000E+00  0.0000E+00  1.0000E+00  1.0000E+00  1.0000E+00  2.6920E+01 -9.4161E+00  0.0000E+00  0.0000E+00  2.8102E+01  0.0000E+00  0.0000E+00
  6.0000E+00  9.5800E+01  3.0000E+00  0.0000E+00  1.0000E+00  1.0000E+00  1.0000E+00  2.7825E+01 -9.5850E+00  0.0000E+00  0.0000E+00  2.9048E+01  0.0000E+00  0.0000E+00
  6.0000E+00  1.0780E+02  3.0000E+00  0.0000E+00  1.0000E+00  1.0000E+00  1.0000E+00  2.8680E+01 -9.7377E+00  0.0000E+00  0.0000E+00  2.9943E+01  0.0000E+00  0.0000E+00
  6.0000E+00  1.2010E+02  3.0000E+00  0.0000E+00  1.0000E+00  1.0000E+00  1.0000E+00  2.9452E+01 -9.8699E+00  0.0000E+00  0.0000E+00  3.0750E+01  0.0000E+00  0.0000E+00
  6.0000E+00  1.3180E+02  3.0000E+00  0.0000E+00  1.0000E+00  1.0000E+00  1.0000E+00  3.0258E+01 -1.0003E+01  0.0000E+00  0.0000E+00  3.1593E+01  0.0000E+00  0.0000E+00
  6.0000E+00  1.4280E+02  0.0000E+00  3.2500E+01  0.0000E+00  0.0000E+00  1.0000E+00  2.8754E+01  1.2703E+00  1.1545E+00  3.2500E+01  3.0026E+01  2.4738E+00  1.1285E+00
  7.0000E+00  0.0000E+00  0.0000E+00  0.0000E+00  1.0000E+00  0.0000E+00  1.0000E+00  0.0000E+00  0.0000E+00  0.0000E+00  0.0000E+00  0.0000E+00  0.0000E+00  0.0000E+00
  7.0000E+00  0.0000E+00  1.9000E+01  0.0000E+00  1.0000E+00  1.0000E+00  1.0000E+00  1.7868E+01 -7.2356E+00  0.0000E+00  0.0000E+00  1.8428E+01  0.0000E+00  0.0000E+00
  7.0000E+00  2.0000E+00  0.0000E+00  1.7900E+01  0.0000E+00  0.0000E+00  1.0000E+00  1.7708E+01  7.8075E-02  9.0547E-03  1.7900E+01  1.8266E+01 -3.6649E-01  8.7125E-03
  7.0000E+00  1.1300E+01  2.4000E+00  0.0000E+00  1.0000E+00  1.0000E+00  1.0000E+00  1.9238E+01 -7.6293E+00  0.0000E+00  0.0000E+00  1.9860E+01  0.0000E+00  0.0000E+00
  7.0000E+00  2.3300E+01  2.4000E+00  0.0000E+00  1.0000E+00  1.0000E+00  1.0000E+00  2.0483E+01 -7.9659E+00  0.0000E+00  0.0000E+00  2.1164E+01  0.0000E+00  0.0000E+00
  7.0000E+00  3.6500E+01  2.4000E+00  0.0000E+00  1.0000E+00  1.0000E+00  1.0000E+00  2.1557E+01 -8.2409E+00  0.0000E+00  0.0000E+00  2.2294E+01  0.0000E+00  0.0000E+00
  7.0000E+00  4.8200E+01  2.4000E+00  0.0000E+00  1.0000E+00  1.0000E+00  1.0000E+00  2.2707E+01 -8.5199E+00  0.0000E+00  0.0000E+00  2.3501E+01  0.0000E+00  0.0000E+00
  7.0000E+00  6.0300E+01  2.4000E+00  0.0000E+00  1.0000E+00  1.0000E+00  1.0000E+00  2.3760E+01 -8.7617E+00  0.0000E+00  0.0000E+00  2.4607E+01  0.0000E+00  0.0000E+00
  7.0000E+00  7.3800E+01  0.0000E+00  2.3400E+01  0.0000E+00  0.0000E+00  1.0000E+00  2.2347E+01  3.9753E-01  2.9699E-01  2.3400E+01  2.3173E+01  2.2694E-01  2.9182E-01
  7.0000E+00  7.5800E+01  2.4000E+00  0.0000E+00  1.0000E+00  1.0000E+00  1.0000E+00  2.4402E+01 -8.9031E+00  0.0000E+00  0.0000E+00  2.5296E+01  0.0000E+00  0.0000E+00
  7.0000E+00  8.4300E+01  2.4000E+00  0.0000E+00  1.0000E+00  1.0000E+00  1.0000E+00  2.5735E+01 -9.1827E+00  0.0000E+00  0.0000E+00  2.6685E+01  0.0000E+00  0.0000E+00
  7.0000E+00  9.6300E+01  2.4000E+00  0.0000E+00  1.0000E+00  1.0000E+00  1.0000E+00  2.6627E+01 -9.3596E+00  0.0000E+00  0.0000E+00  2.7626E+01  0.0000E+00  0.0000E+00
  7.0000E+00  1.0830E+02  2.4000E+00  0.0000E+00  1.0000E+00  1.0000E+00  1.0000E+00  2.7471E+01 -9.5199E+00  0.0000E+00  0.0000E+00  2.8518E+01  0.0000E+00  0.0000E+00
  7.0000E+00  1.2030E+02  2.4000E+00  0.0000E+00  1.0000E+00  1.0000E+00  1.0000E+00  2.8271E+01 -9.6655E+00  0.0000E+00  0.0000E+00  2.9364E+01  0.0000E+00  0.0000E+00
  7.0000E+00  1.3230E+02  2.4000E+00  0.0000E+00  1.0000E+00  1.0000E+00  1.0000E+00  2.9029E+01 -9.7981E+00  0.0000E+00  0.0000E+00  3.0166E+01  0.0000E+00  0.0000E+00
  7.0000E+00  1.4450E+02  2.4000E+00  0.0000E+00  1.0000E+00  1.0000E+00  1.0000E+00  2.9709E+01 -9.9128E+00  0.0000E+00  0.0000E+00  3.0888E+01  0.0000E+00  0.0000E+00
  7.0000E+00  1.6530E+02  0.0000E+00  2.5800E+01  0.0000E+00  0.0000E+00  1.0000E+00  2.7010E+01 -4.2269E-01 -5.5654E-01  2.5800E+01  2.8138E+01 -2.3379E+00 -5.4543E-01
  8.0000E+00  0.0000E+00  0.0000E+00  0.0000E+00  1.0000E+00  0.0000E+00  1.0000E+00  0.0000E+00  0.0000E+00  0.0000E+00  0.0000E+00  0.0000E+00  0.0000E+00  0.0000E+00
  8.0000E+00  0.0000E+00  2.4000E+01  0.0000E+00  1.0000E+00  1.0000E+00  1.0000E+00  2.3202E+01 -8.6352E+00  0.0000E+00  0.0000E+00  1.9705E+01  0.0000E+00  0.0000E+00
  8.0000E+00  1.7000E+00  0.0000E+00  2.5800E+01  0.0000E+00  0.0000E+00  1.0000E+00  2.3031E+01  1.0336E+00  1.3743E+00  2.5800E+01  1.9552E+01  6.2482E+00  1.4656E+00
  8.0000E+00  1.1800E+01  3.0000E+00  0.0000E+00  1.0000E+00  1.0000E+00  1.0000E+00  2.4937E+01 -9.0177E+00  0.0000E+00  0.0000E+00  2.1128E+01  0.0000E+00  0.0000E+00
  8.0000E+00  2.3700E+01  3.0000E+00  0.0000E+00  1.0000E+00  1.0000E+00  1.0000E+00  2.6575E+01 -9.3495E+00  0.0000E+00  0.0000E+00  2.2468E+01  0.0000E+00  0.0000E+00
  8.0000E+00  3.5700E+01  3.0000E+00  0.0000E+00  1.0000E+00  1.0000E+00  1.0000E+00  2.8118E+01 -9.6382E+00  0.0000E+00  0.0000E+00  2.3726E+01  0.0000E+00  0.0000E+00
  8.0000E+00  4.7700E+01  3.0000E+00  0.0000E+00  1.0000E+00  1.0000E+00  1.0000E+00  2.9583E+01 -9.8920E+00  0.0000E+00  0.0000E+00  2.4916E+01  0.0000E+00  0.0000E+00
  8.0000E+00  5.9700E+01  3.0000E+00  0.0000E+00  1.0000E+00  1.0000E+00  1.0000E+00  3.0973E+01 -1.0116E+01  0.0000E+00  0.0000E+00  2.6043E+01  0.0000E+00  0.0000E+00
  8.0000E+00  7.1700E+01  3.0000E+00  0.0000E+00  1.0000E+00  1.0000E+00  1.0000E+00  3.2292E+01 -1.0314E+01  0.0000E+00  0.0000E+00  2.7109E+01  0.0000E+00  0.0000E+00
  8.0000E+00  7.3700E+01  0.0000E+00  3.4200E+01  0.0000E+00  0.0000E+00  1.0000E+00  3.2010E+01  7.0291E-01  1.1765E+00  3.4200E+01  2.6860E+01  7.3403E+00  1.2874E+00
  8.0000E+00  8.3700E+01  3.0000E+00  0.0000E+00  1.0000E+00  1.0000E+00  1.0000E+00  3.3533E+01 -1.0489E+01  0.0000E+00  0.0000E+00  2.8109E+01  0.0000E+00  0.0000E+00
  8.0000E+00  9.5700E+01  3.0000E+00  0.0000E+00  1.0000E+00  1.0000E+00  1.0000E+00  3.4710E+01 -1.0645E+01  0.0000E+00  0.0000E+00  2.9054E+01  0.0000E+00  0.0000E+00
  8.0000E+00  1.0770E+02  3.0000E+00  0.0000E+00  1.0000E+00  1.0000E+00  1.0000E+00  3.5827E+01 -1.0785E+01  0.0000E+00  0.0000E+00  2.9949E+01  0.0000E+00  0.0000E+00
  8.0000E+00  1.1970E+02  3.0000E+00  0.0000E+00  1.0000E+00  1.0000E+00  1.0000E+00  3.6886E+01 -1.0911E+01  0.0000E+00  0.0000E+00  3.0795E+01  0.0000E+00  0.0000E+00
  8.0000E+00  1.3170E+02  3.0000E+00  0.0000E+00  1.0000E+00  1.0000E+00  1.0000E+00  3.7891E+01 -1.1024E+01  0.0000E+00  0.0000E+00  3.1596E+01  0.0000E+00  0.0000E+00
  8.0000E+00  1.4370E+02  3.0000E+00  0.0000E+00  1.0000E+00  1.0000E+00  1.0000E+00  3.8844E+01 -1.1127E+01  0.0000E+00  0.0000E+00  3.2353E+01  0.0000E+00  0.0000E+00
  8.0000E+00  1.4670E+02  0.0000E+00  3.6100E+01  0.0000E+00  0.0000E+00  1.0000E+00  3.8329E+01 -6.4377E-01 -7.7215E-02  3.6100E+01  3.1901E+01  4.1987E+00 -8.5929E-02
  9.0000E+00  0.0000E+00  0.0000E+00  0.0000E+00  1.0000E+00  0.0000E+00  1.0000E+00  0.0000E+00  0.0000E+00  0.0000E+00  0.0000E+00  0.0000E+00  0.0000E+00  0.0000E+00
  9.0000E+00  0.0000E+00  2.7000E+01  0.0000E+00  1.0000E+00  1.0000E+00  1.0000E+00  2.2472E+01 -8.4640E+00  0.0000E+00  0.0000E+00  1.9255E+01  0.0000E+00  0.0000E+00
  9.0000E+00  1.1000E+00  0.0000E+00  2.2100E+01  0.0000E+00  0.0000E+00  1.0000E+00  2.2367E+01 -1.0058E-01  1.5449E-01  2.2100E+01  1.9155E+01  2.9453E+00  1.7872E-01
  9.0000E+00  1.1100E+01  3.2000E+00  0.0000E+00  1.0000E+00  1.0000E+00  1.0000E+00  2.4098E+01 -8.8368E+00  0.0000E+00  0.0000E+00  2.0547E+01  0.0000E+00  0.0000E+00
  9.0000E+00  2.2300E+01  3.2000E+00  0.0000E+00  1.0000E+00  1.0000E+00  1.0000E+00  2.5640E+01 -9.1634E+00  0.0000E+00  0.0000E+00  2.1764E+01  0.0000E+00  0.0000E+00
  9.0000E+00  3.4600E+01  3.2000E+00  0.0000E+00  1.0000E+00  1.0000E+00  1.0000E+00  2.6995E+01 -9.4304E+00  0.0000E+00  0.0000E+00  2.2810E+01  0.0000E+00  0.0000E+00
  9.0000E+00  4.6600E+01  3.2000E+00  0.0000E+00  1.0000E+00  1.0000E+00  1.0000E+00  2.8315E+01 -9.6733E+00  0.0000E+00  0.0000E+00  2.3827E+01  0.0000E+00  0.0000E+00
  9.0000E+00  5.8700E+01  3.2000E+00  0.0000E+00  1.0000E+00  1.0000E+00  1.0000E+00  2.9557E+01 -9.8875E+00  0.0000E+00  0.0000E+00  2.4777E+01  0.0000E+00  0.0000E+00
  9.0000E+00  7.0900E+01  3.2000E+00  0.0000E+00  1.0000E+00  1.0000E+00  1.0000E+00  3.0725E+01 -1.0077E+01  0.0000E+00  0.0000E+00  2.5663E+01  0.0000E+00  0.0000E+00
  9.0000E+00  8.2700E+01  0.0000E+00  2.9200E+01  0.0000E+00  0.0000E+00  1.0000E+00  2.9203E+01 -9.5928E-04  4.1827E-01  2.9200E+01  2.4247E+01  4.9526E+00  4.6968E-01
  9.0000E+00  8.3200E+01  3.2000E+00  0.0000E+00  1.0000E+00  1.0000E+00  1.0000E+00  3.1803E+01 -1.0242E+01  0.0000E+00  0.0000E+00  2.6471E+01  0.0000E+00  0.0000E+00
  9.0000E+00  9.4600E+01  3.2000E+00  0.0000E+00  1.0000E+00  1.0000E+00  1.0000E+00  3.2943E+01 -1.0408E+01  0.0000E+00  0.0000E+00  2.7341E+01  0.0000E+00  0.0000E+00
  9.0000E+00  1.0660E+02  3.2000E+00  0.0000E+00  1.0000E+00  1.0000E+00  1.0000E+00  3.3948E+01 -1.0545E+01  0.0000E+00  0.0000E+00  2.8090E+01  0.0000E+00  0.0000E+00
  9.0000E+00  1.1860E+02  3.2000E+00  0.0000E+00  1.0000E+00  1.0000E+00  1.0000E+00  3.4902E+01 -1.0670E+01  0.0000E+00  0.0000E+00  2.8797E+01  0.0000E+00  0.0000E+00
  9.0000E+00  1.3060E+02  3.2000E+00  0.0000E+00  1.0000E+00  1.0000E+00  1.0000E+00  3.5808E+01 -1.0783E+01  0.0000E+00  0.0000E+00  2.9464E+01  0.0000E+00  0.0000E+00
  9.0000E+00  1.4210E+02  0.0000E+00  3.4200E+01  0.0000E+00  0.0000E+00  1.0000E+00  3.4078E+01  3.7665E-02  5.6893E-01  3.4200E+01  2.7879E+01  6.3213E+00  6.4155E-01
  9.0000E+00  1.4260E+02  3.2000E+00  0.0000E+00  1.0000E+00  1.0000E+00  1.0000E+00  3.6668E+01 -1.0886E+01  0.0000E+00  0.0000E+00  3.0094E+01  0.0000E+00  0.0000E+00
  9.0000E+00  3.1260E+02  0.0000E+00  1.9600E+01  0.0000E+00  0.0000E+00  1.0000E+00  1.7273E+01  9.5062E-01  1.3918E+00  1.9600E+01  1.2980E+01  6.6203E+00  1.5308E+00
  1.0000E+01  0.0000E+00  0.0000E+00  0.0000E+00  1.0000E+00  0.0000E+00  1.0000E+00  0.0000E+00  0.0000E+00  0.0000E+00  0.0000E+00  0.0000E+00  0.0000E+00  0.0000E+00
  1.0000E+01  0.0000E+00  2.7000E+01  0.0000E+00  1.0000E+00  1.0000E+00  1.0000E+00  1.9407E+01 -7.6762E+00  0.0000E+00  0.0000E+00  1.9255E+01  0.0000E+00  0.0000E+00
  1.0000E+01  1.2000E+00  0.0000E+00  1.9900E+01  0.0000E+00  0.0000E+00  1.0000E+00  1.9297E+01  2.3889E-01  2.3243E-01  1.9900E+01  1.9146E+01  7.5439E-01  2.3293E-01
  1.0000E+01  1.1200E+01  3.5000E+00  0.0000E+00  1.0000E+00  1.0000E+00  1.0000E+00  2.0920E+01 -8.0797E+00  0.0000E+00  0.0000E+00  2.0753E+01  0.0000E+00  0.0000E+00
  1.0000E+01  2.3200E+01  3.5000E+00  0.0000E+00  1.0000E+00  1.0000E+00  1.0000E+00  2.2281E+01 -8.4183E+00  0.0000E+00  0.0000E+00  2.2098E+01  0.0000E+00  0.0000E+00
  1.0000E+01  3.5300E+01  3.5000E+00  0.0000E+00  1.0000E+00  1.0000E+00  1.0000E+00  2.3556E+01 -8.7159E+00  0.0000E+00  0.0000E+00  2.3359E+01  0.0000E+00  0.0000E+00
  1.0000E+01  4.7200E+01  3.5000E+00  0.0000E+00  1.0000E+00  1.0000E+00  1.0000E+00  2.4781E+01 -8.9847E+00  0.0000E+00  0.0000E+00  2.4570E+01  0.0000E+00  0.0000E+00
  1.0000E+01  5.9200E+01  3.5000E+00  0.0000E+00  1.0000E+00  1.0000E+00  1.0000E+00  2.5928E+01 -9.2218E+00  0.0000E+00  0.0000E+00  2.5703E+01  0.0000E+00  0.0000E+00
  1.0000E+01  7.0700E+01  0.0000E+00  2.3400E+01  0.0000E+00  0.0000E+00  1.0000E+00  2.4555E+01 -4.2017E-01 -4.2634E-01  2.3400E+01  2.4336E+01 -9.3593E-01 -4.2677E-01
  1.0000E+01  7.1200E+01  3.5000E+00  0.0000E+00  1.0000E+00  1.0000E+00  1.0000E+00  2.7012E+01 -9.4336E+00  0.0000E+00  0.0000E+00  2.6774E+01  0.0000E+00  0.0000E+00
  1.0000E+01  8.3200E+01  3.5000E+00  0.0000E+00  1.0000E+00  1.0000E+00  1.0000E+00  2.8019E+01 -9.6203E+00  0.0000E+00  0.0000E+00  2.7769E+01  0.0000E+00  0.0000E+00
  1.0000E+01  9.5200E+01  3.5000E+00  0.0000E+00  1.0000E+00  1.0000E+00  1.0000E+00  2.8970E+01 -9.7880E+00  0.0000E+00  0.0000E+00  2.8708E+01  0.0000E+00  0.0000E+00
  1.0000E+01  1.0720E+02  3.5000E+00  0.0000E+00  1.0000E+00  1.0000E+00  1.0000E+00  2.9868E+01 -9.9391E+00  0.0000E+00  0.0000E+00  2.9594E+01  0.0000E+00  0.0000E+00
  1.0000E+01  1.1920E+02  3.5000E+00  0.0000E+00  1.0000E+00  1.0000E+00  1.0000E+00  3.0715E+01 -1.0076E+01  0.0000E+00  0.0000E+00  3.0430E+01  0.0000E+00  0.0000E+00
  1.0000E+01  1.3120E+02  3.5000E+00  0.0000E+00  1.0000E+00  1.0000E+00  1.0000E+00  3.1516E+01 -1.0199E+01  0.0000E+00  0.0000E+00  3.1220E+01  0.0000E+00  0.0000E+00
  1.0000E+01  1.4220E+02  0.0000E+00  3.0900E+01  0.0000E+00  0.0000E+00  1.0000E+00  2.9898E+01  3.3317E-01  3.2852E-01  3.0900E+01  2.9611E+01  1.2889E+00  3.2925E-01
  1.1000E+01  0.0000E+00  0.0000E+00  0.0000E+00  1.0000E+00  0.0000E+00  1.0000E+00  0.0000E+00  0.0000E+00  0.0000E+00  0.0000E+00  0.0000E+00  0.0000E+00  0.0000E+00
  1.1000E+01  0.0000E+00  2.4000E+01  0.0000E+00  1.0000E+00  1.0000E+00  1.0000E+00  1.5033E+01 -6.3408E+00  0.0000E+00  0.0000E+00  1.9705E+01  0.0000E+00  0.0000E+00
  1.1000E+01  1.1500E+01  2.4000E+01  0.0000E+00  1.0000E+00  1.0000E+00  1.0000E+00  2.9196E+01 -9.8266E+00  0.0000E+00  0.0000E+00  3.8396E+01  0.0000E+00  0.0000E+00
  1.1000E+01  2.3500E+01  3.0000E+00  0.0000E+00  1.0000E+00  1.0000E+00  1.0000E+00  2.9314E+01 -9.8467E+00  0.0000E+00  0.0000E+00  3.8800E+01  0.0000E+00  0.0000E+00
  1.1000E+01  3.5500E+01  3.0000E+00  0.0000E+00  1.0000E+00  1.0000E+00  1.0000E+00  2.9426E+01 -9.8655E+00  0.0000E+00  0.0000E+00  3.9182E+01  0.0000E+00  0.0000E+00
  1.1000E+01  4.7500E+01  3.0000E+00  0.0000E+00  1.0000E+00  1.0000E+00  1.0000E+00  2.9530E+01 -9.8831E+00  0.0000E+00  0.0000E+00  3.9544E+01  0.0000E+00  0.0000E+00
  1.1000E+01  5.7500E+01  0.0000E+00  2.4300E+01  0.0000E+00  0.0000E+00  1.0000E+00  2.8039E+01 -1.2832E+00 -2.2920E+00  2.4300E+01  3.7768E+01 -1.3468E+01 -1.9729E+00
  1.2000E+01  0.0000E+00  0.0000E+00  0.0000E+00  1.0000E+00  0.0000E+00  1.0000E+00  0.0000E+00  0.0000E+00  0.0000E+00  0.0000E+00  0.0000E+00  0.0000E+00  0.0000E+00
  1.2000E+01  0.0000E+00  2.6000E+01  0.0000E+00  1.0000E+00  1.0000E+00  1.0000E+00  1.9965E+01 -7.8284E+00  0.0000E+00  0.0000E+00  1.9841E+01  0.0000E+00  0.0000E+00
  1.2000E+01  2.0000E+00  0.0000E+00  1.7000E+01  0.0000E+00  0.0000E+00  1.0000E+00  1.9785E+01 -1.0951E+00 -1.1256E+00  1.7000E+01  1.9657E+01 -2.6566E+00 -1.1256E+00
  1.2000E+01  1.2000E+01  3.3000E+00  0.0000E+00  1.0000E+00  1.0000E+00  1.0000E+00  2.1441E+01 -8.2120E+00  0.0000E+00  0.0000E+00  2.1277E+01  0.0000E+00  0.0000E+00
  1.2000E+01  1.3000E+01  5.0000E+00  0.0000E+00  1.0000E+00  1.0000E+00  1.0000E+00  2.5184E+01 -9.0694E+00  0.0000E+00  0.0000E+00  2.4993E+01  0.0000E+00  0.0000E+00
  1.2000E+01  2.4500E+01  3.3000E+00  0.0000E+00  1.0000E+00  1.0000E+00  1.0000E+00  2.6437E+01 -9.3227E+00  0.0000E+00  0.0000E+00  2.6203E+01  0.0000E+00  0.0000E+00
  1.2000E+01  3.6000E+01  3.3000E+00  0.0000E+00  1.0000E+00  1.0000E+00  1.0000E+00  2.7627E+01 -9.5487E+00  0.0000E+00  0.0000E+00  2.7349E+01  0.0000E+00  0.0000E+00
  1.2000E+01  4.8500E+01  3.3000E+00  0.0000E+00  1.0000E+00  1.0000E+00  1.0000E+00  2.8638E+01 -9.7303E+00  0.0000E+00  0.0000E+00  2.8315E+01  0.0000E+00  0.0000E+00
  1.2000E+01  6.0000E+01  3.3000E+00  0.0000E+00  1.0000E+00  1.0000E+00  1.0000E+00  2.9716E+01 -9.9140E+00  0.0000E+00  0.0000E+00  2.9351E+01  0.0000E+00  0.0000E+00
  1.2000E+01  7.2000E+01  3.3000E+00  0.0000E+00  1.0000E+00  1.0000E+00  1.0000E+00  3.0656E+01 -1.0066E+01  0.0000E+00  0.0000E+00  3.0248E+01  0.0000E+00  0.0000E+00
  1.2000E+01  8.4000E+01  3.3000E+00  0.0000E+00  1.0000E+00  1.0000E+00  1.0000E+00  3.1545E+01 -1.0204E+01  0.0000E+00  0.0000E+00  3.1095E+01  0.0000E+00  0.0000E+00
  1.2000E+01  9.6000E+01  3.3000E+00  0.0000E+00  1.0000E+00  1.0000E+00  1.0000E+00  3.2387E+01 -1.0328E+01  0.0000E+00  0.0000E+00  3.1896E+01  0.0000E+00  0.0000E+00
  1.2000E+01  1.0800E+02  3.3000E+00  0.0000E+00  1.0000E+00  1.0000E+00  1.0000E+00  3.3184E+01 -1.0441E+01  0.0000E+00  0.0000E+00  3.2653E+01  0.0000E+00  0.0000E+00
  1.2000E+01  1.2000E+02  3.3000E+00  0.0000E+00  1.0000E+00  1.0000E+00  1.0000E+00  3.3938E+01 -1.0544E+01  0.0000E+00  0.0000E+00  3.3367E+01  0.0000E+00  0.0000E+00
  1.2000E+01  1.3220E+02  0.0000E+00  3.4100E+01  0.0000E+00  0.0000E+00  1.0000E+00  3.2088E+01  6.4488E-01  6.5567E-01  3.4100E+01  3.1495E+01  2.6055E+00  6.6100E-01
  1.2000E+01  1.3250E+02  3.3000E+00  0.0000E+00  1.0000E+00  1.0000E+00  1.0000E+00  3.4578E+01 -1.0628E+01  0.0000E+00  0.0000E+00  3.3968E+01  0.0000E+00  0.0000E+00
  1.2000E+01  3.0250E+02  0.0000E+00  1.6000E+01  0.0000E+00  0.0000E+00  1.0000E+00  1.5533E+01  1.9580E-01  2.4836E-01  1.6000E+01  1.4890E+01  1.1099E+00  2.5151E-01
  1.3000E+01  0.0000E+00  0.0000E+00  0.0000E+00  1.0000E+00  0.0000E+00  1.0000E+00  0.0000E+00  0.0000E+00  0.0000E+00  0.0000E+00  0.0000E+00  0.0000E+00  0.0000E+00
  1.3000E+01  0.0000E+00  1.1000E+01  0.0000E+00  1.0000E+00  1.0000E+00  1.0000E+00  1.1437E+01 -5.0480E+00  0.0000E+00  0.0000E+00  9.7790E+00  0.0000E+00  0.0000E+00
  1.3000E+01  1.2000E+01  1.1000E+01  0.0000E+00  1.0000E+00  1.0000E+00  1.0000E+00  2.2313E+01 -8.4260E+00  0.0000E+00  0.0000E+00  1.9043E+01  0.0000E+00  0.0000E+00
  1.3000E+01  2.5000E+01  2.8000E+00  0.0000E+00  1.0000E+00  1.0000E+00  1.0000E+00  2.4039E+01 -8.8239E+00  0.0000E+00  0.0000E+00  2.0449E+01  0.0000E+00  0.0000E+00
  1.3000E+01  3.6500E+01  0.0000E+00  2.4100E+01  0.0000E+00  0.0000E+00  1.0000E+00  2.2907E+01  4.4623E-01  7.9242E-01  2.4100E+01  1.9416E+01  4.6836E+00  8.4790E-01
  1.3000E+01  3.7000E+01  2.8000E+00  0.0000E+00  1.0000E+00  1.0000E+00  1.0000E+00  2.5770E+01 -9.1899E+00  0.0000E+00  0.0000E+00  2.1862E+01  0.0000E+00  0.0000E+00
  1.3000E+01  4.9000E+01  2.8000E+00  0.0000E+00  1.0000E+00  1.0000E+00  1.0000E+00  2.7416E+01 -9.5096E+00  0.0000E+00  0.0000E+00  2.3200E+01  0.0000E+00  0.0000E+00
  1.3000E+01  6.1000E+01  2.8000E+00  0.0000E+00  1.0000E+00  1.0000E+00  1.0000E+00  2.8981E+01 -9.7898E+00  0.0000E+00  0.0000E+00  2.4469E+01  0.0000E+00  0.0000E+00
  1.3000E+01  7.4000E+01  2.8000E+00  0.0000E+00  1.0000E+00  1.0000E+00  1.0000E+00  3.0342E+01 -1.0016E+01  0.0000E+00  0.0000E+00  2.5556E+01  0.0000E+00  0.0000E+00
  1.3000E+01  8.5000E+01  2.8000E+00  0.0000E+00  1.0000E+00  1.0000E+00  1.0000E+00  3.1875E+01 -1.0253E+01  0.0000E+00  0.0000E+00  2.6800E+01  0.0000E+00  0.0000E+00
  1.3000E+01  9.8000E+01  2.8000E+00  0.0000E+00  1.0000E+00  1.0000E+00  1.0000E+00  3.3081E+01 -1.0427E+01  0.0000E+00  0.0000E+00  2.7754E+01  0.0000E+00  0.0000E+00
  1.3000E+01  1.1000E+02  2.8000E+00  0.0000E+00  1.0000E+00  1.0000E+00  1.0000E+00  3.4356E+01 -1.0599E+01  0.0000E+00  0.0000E+00  2.8771E+01  0.0000E+00  0.0000E+00
  1.3000E+01  1.2130E+02  2.8000E+00  0.0000E+00  1.0000E+00  1.0000E+00  1.0000E+00  3.5665E+01 -1.0765E+01  0.0000E+00  0.0000E+00  2.9822E+01  0.0000E+00  0.0000E+00
  1.3000E+01  1.3400E+02  2.8000E+00  0.0000E+00  1.0000E+00  1.0000E+00  1.0000E+00  3.6712E+01 -1.0891E+01  0.0000E+00  0.0000E+00  3.0641E+01  0.0000E+00  0.0000E+00
  1.3000E+01  1.4500E+02  2.8000E+00  0.0000E+00  1.0000E+00  1.0000E+00  1.0000E+00  3.7931E+01 -1.1029E+01  0.0000E+00  0.0000E+00  3.1616E+01  0.0000E+00  0.0000E+00
  1.3000E+01  1.5700E+02  2.8000E+00  0.0000E+00  1.0000E+00  1.0000E+00  1.0000E+00  3.8939E+01 -1.1137E+01  0.0000E+00  0.0000E+00  3.2406E+01  0.0000E+00  0.0000E+00
  1.3000E+01  1.6900E+02  0.0000E+00  3.8200E+01  0.0000E+00  0.0000E+00  1.0000E+00  3.6985E+01  3.5869E-01  9.5367E-01  3.8200E+01  3.0663E+01  7.5369E+00  1.0499E+00
  1.4000E+01  0.0000E+00  0.0000E+00  0.0000E+00  1.0000E+00  0.0000E+00  1.0000E+00  0.0000E+00  0.0000E+00  0.0000E+00  0.0000E+00  0.0000E+00  0.0000E+00  0.0000E+00
  1.4000E+01  0.0000E+00  2.2000E+01  0.0000E+00  1.0000E+00  1.0000E+00  1.0000E+00  2.0322E+01 -7.9236E+00  0.0000E+00  0.0000E+00  1.9558E+01  0.0000E+00  0.0000E+00
  1.4000E+01  2.3000E+00  0.0000E+00  2.5600E+01  0.0000E+00  0.0000E+00  1.0000E+00  2.0103E+01  2.1508E+00  2.3056E+00  2.5600E+01  1.9356E+01  6.2436E+00  2.3356E+00
  1.4000E+01  1.1800E+01  2.8000E+00  0.0000E+00  1.0000E+00  1.0000E+00  1.0000E+00  2.1808E+01 -8.3031E+00  0.0000E+00  0.0000E+00  2.1035E+01  0.0000E+00  0.0000E+00
  1.4000E+01  2.3800E+01  2.8000E+00  0.0000E+00  1.0000E+00  1.0000E+00  1.0000E+00  2.3194E+01 -8.6333E+00  0.0000E+00  0.0000E+00  2.2417E+01  0.0000E+00  0.0000E+00
  1.4000E+01  3.5800E+01  2.8000E+00  0.0000E+00  1.0000E+00  1.0000E+00  1.0000E+00  2.4504E+01 -8.9253E+00  0.0000E+00  0.0000E+00  2.3726E+01  0.0000E+00  0.0000E+00
  1.4000E+01  4.7800E+01  2.8000E+00  0.0000E+00  1.0000E+00  1.0000E+00  1.0000E+00  2.5742E+01 -9.1841E+00  0.0000E+00  0.0000E+00  2.4966E+01  0.0000E+00  0.0000E+00
  1.4000E+01  5.9300E+01  0.0000E+00  2.5600E+01  0.0000E+00  0.0000E+00  1.0000E+00  2.4382E+01  4.4447E-01  5.7939E-01  2.5600E+01  2.3706E+01  1.8945E+00  5.8936E-01
  1.4000E+01  5.9800E+01  2.8000E+00  0.0000E+00  1.0000E+00  1.0000E+00  1.0000E+00  2.6911E+01 -9.4144E+00  0.0000E+00  0.0000E+00  2.6141E+01  0.0000E+00  0.0000E+00
  1.4000E+01  7.1800E+01  2.8000E+00  0.0000E+00  1.0000E+00  1.0000E+00  1.0000E+00  2.8016E+01 -9.6198E+00  0.0000E+00  0.0000E+00  2.7255E+01  0.0000E+00  0.0000E+00
  1.4000E+01  8.3800E+01  2.8000E+00  0.0000E+00  1.0000E+00  1.0000E+00  1.0000E+00  2.9050E+01 -9.8017E+00  0.0000E+00  0.0000E+00  2.8299E+01  0.0000E+00  0.0000E+00
  1.4000E+01  9.5800E+01  2.8000E+00  0.0000E+00  1.0000E+00  1.0000E+00  1.0000E+00  3.0026E+01 -9.9650E+00  0.0000E+00  0.0000E+00  2.9288E+01  0.0000E+00  0.0000E+00
  1.4000E+01  1.0730E+02  2.8000E+00  0.0000E+00  1.0000E+00  1.0000E+00  1.0000E+00  3.1015E+01 -1.0122E+01  0.0000E+00  0.0000E+00  3.0287E+01  0.0000E+00  0.0000E+00
  1.4000E+01  1.1980E+02  2.8000E+00  0.0000E+00  1.0000E+00  1.0000E+00  1.0000E+00  3.1813E+01 -1.0244E+01  0.0000E+00  0.0000E+00  3.1106E+01  0.0000E+00  0.0000E+00
  1.4000E+01  1.3150E+02  0.0000E+00  2.5700E+01  0.0000E+00  0.0000E+00  1.0000E+00  3.0092E+01 -1.4559E+00 -1.3438E+00  2.5700E+01  2.9497E+01 -3.7971E+00 -1.3485E+00
  1.4000E+01  1.3180E+02  2.8000E+00  0.0000E+00  1.0000E+00  1.0000E+00  1.0000E+00  3.2635E+01 -1.0364E+01  0.0000E+00  0.0000E+00  3.1946E+01  0.0000E+00  0.0000E+00
  1.4000E+01  1.4380E+02  2.8000E+00  0.0000E+00  1.0000E+00  1.0000E+00  1.0000E+00  3.3413E+01 -1.0473E+01  0.0000E+00  0.0000E+00  3.2742E+01  0.0000E+00  0.0000E+00
  1.4000E+01  3.0330E+02  0.0000E+00  1.4300E+01  0.0000E+00  0.0000E+00  1.0000E+00  1.5313E+01 -4.2559E-01 -4.6938E-01  1.4300E+01  1.5541E+01 -1.2411E+00 -4.6915E-01
  1.5000E+01  0.0000E+00  0.0000E+00  0.0000E+00  1.0000E+00  0.0000E+00  1.0000E+00  0.0000E+00  0.0000E+00  0.0000E+00  0.0000E+00  0.0000E+00  0.0000E+00  0.0000E+00
  1.5000E+01  0.0000E+00  2.6000E+01  0.0000E+00  1.0000E+00  1.0000E+00  1.0000E+00  1.9228E+01 -7.6266E+00  0.0000E+00  0.0000E+00  1.9841E+01  0.0000E+00  0.0000E+00
  1.5000E+01  1.2200E+01  3.3000E+00  0.0000E+00  1.0000E+00  1.0000E+00  1.0000E+00  2.0589E+01 -7.9938E+00  0.0000E+00  0.0000E+00  2.1259E+01  0.0000E+00  0.0000E+00
  1.5000E+01  2.2200E+01  0.0000E+00  1.9300E+01  0.0000E+00  0.0000E+00  1.0000E+00  1.9637E+01 -1.3270E-01 -2.2772E-01  1.9300E+01  2.0288E+01 -9.8805E-01 -2.2497E-01
  1.5000E+01  2.4200E+01  3.3000E+00  0.0000E+00  1.0000E+00  1.0000E+00  1.0000E+00  2.1892E+01 -8.3238E+00  0.0000E+00  0.0000E+00  2.2618E+01  0.0000E+00  0.0000E+00
  1.5000E+01  3.6200E+01  3.3000E+00  0.0000E+00  1.0000E+00  1.0000E+00  1.0000E+00  2.3123E+01 -8.6169E+00  0.0000E+00  0.0000E+00  2.3902E+01  0.0000E+00  0.0000E+00
  1.5000E+01  4.7800E+01  3.3000E+00  0.0000E+00  1.0000E+00  1.0000E+00  1.0000E+00  2.4327E+01 -8.8869E+00  0.0000E+00  0.0000E+00  2.5158E+01  0.0000E+00  0.0000E+00
  1.5000E+01  7.0200E+01  3.3000E+00  0.0000E+00  1.0000E+00  1.0000E+00  1.0000E+00  2.4319E+01 -8.8851E+00  0.0000E+00  0.0000E+00  2.5174E+01  0.0000E+00  0.0000E+00
  1.5000E+01  8.5600E+01  3.3000E+00  0.0000E+00  1.0000E+00  1.0000E+00  1.0000E+00  2.5028E+01 -9.0368E+00  0.0000E+00  0.0000E+00  2.5922E+01  0.0000E+00  0.0000E+00
  1.5000E+01  9.6200E+01  3.3000E+00  0.0000E+00  1.0000E+00  1.0000E+00  1.0000E+00  2.6228E+01 -9.2815E+00  0.0000E+00  0.0000E+00  2.7172E+01  0.0000E+00  0.0000E+00
  1.5000E+01  1.0820E+02  3.3000E+00  0.0000E+00  1.0000E+00  1.0000E+00  1.0000E+00  2.7201E+01 -9.4694E+00  0.0000E+00  0.0000E+00  2.8189E+01  0.0000E+00  0.0000E+00
  1.5000E+01  1.2020E+02  3.3000E+00  0.0000E+00  1.0000E+00  1.0000E+00  1.0000E+00  2.8120E+01 -9.6385E+00  0.0000E+00  0.0000E+00  2.9150E+01  0.0000E+00  0.0000E+00
  1.5000E+01  1.3220E+02  3.3000E+00  0.0000E+00  1.0000E+00  1.0000E+00  1.0000E+00  2.8988E+01 -9.7911E+00  0.0000E+00  0.0000E+00  3.0059E+01  0.0000E+00  0.0000E+00
  1.5000E+01  1.4370E+02  3.3000E+00  0.0000E+00  1.0000E+00  1.0000E+00  1.0000E+00  2.9873E+01 -9.9400E+00  0.0000E+00  0.0000E+00  3.0984E+01  0.0000E+00  0.0000E+00
  1.5000E+01  1.4570E+02  0.0000E+00  2.9700E+01  0.0000E+00  0.0000E+00  1.0000E+00  2.9586E+01  3.8036E-02 -1.0877E-01  2.9700E+01  3.0690E+01 -9.9012E-01 -1.0700E-01
  1.6000E+01  0.0000E+00  0.0000E+00  0.0000E+00  1.0000E+00  0.0000E+00  1.0000E+00  0.0000E+00  0.0000E+00  0.0000E+00  0.0000E+00  0.0000E+00  0.0000E+00  0.0000E+00
  1.6000E+01  0.0000E+00  1.2000E+01  0.0000E+00  1.0000E+00  1.0000E+00  1.0000E+00  1.0306E+01 -4.6053E+00  0.0000E+00  0.0000E+00  9.8526E+00  0.0000E+00  0.0000E+00
  1.6000E+01  9.0000E+00  1.2000E+01  0.0000E+00  1.0000E+00  1.0000E+00  1.0000E+00  2.0210E+01 -7.8937E+00  0.0000E+00  0.0000E+00  1.9306E+01  0.0000E+00  0.0000E+00
  1.6000E+01  1.2000E+01  0.0000E+00  1.7300E+01  0.0000E+00  0.0000E+00  1.0000E+00  1.9944E+01 -1.0369E+00 -9.9535E-01  1.7300E+01  1.9042E+01 -1.7418E+00 -1.0088E+00
  1.6000E+01  1.5400E+01  4.0000E+00  0.0000E+00  1.0000E+00  1.0000E+00  1.0000E+00  2.3082E+01 -8.6073E+00  0.0000E+00  0.0000E+00  2.2031E+01  0.0000E+00  0.0000E+00
  1.6000E+01  2.1300E+01  3.0000E+00  0.0000E+00  1.0000E+00  1.0000E+00  1.0000E+00  2.5064E+01 -9.0444E+00  0.0000E+00  0.0000E+00  2.3905E+01  0.0000E+00  0.0000E+00
  1.6000E+01  3.3000E+01  3.0000E+00  0.0000E+00  1.0000E+00  1.0000E+00  1.0000E+00  2.6379E+01 -9.3112E+00  0.0000E+00  0.0000E+00  2.5117E+01  0.0000E+00  0.0000E+00
  1.6000E+01  4.5000E+01  3.0000E+00  0.0000E+00  1.0000E+00  1.0000E+00  1.0000E+00  2.7593E+01 -9.5425E+00  0.0000E+00  0.0000E+00  2.6233E+01  0.0000E+00  0.0000E+00
  1.6000E+01  5.6000E+01  0.0000E+00  2.6800E+01  0.0000E+00  0.0000E+00  1.0000E+00  2.6285E+01  1.8205E-01  2.5627E-01  2.6800E+01  2.4940E+01  1.8597E+00  2.6097E-01
  1.6000E+01  5.7000E+01  3.0000E+00  0.0000E+00  1.0000E+00  1.0000E+00  1.0000E+00  2.8746E+01 -9.7492E+00  0.0000E+00  0.0000E+00  2.7289E+01  0.0000E+00  0.0000E+00
  1.6000E+01  6.9000E+01  3.0000E+00  0.0000E+00  1.0000E+00  1.0000E+00  1.0000E+00  2.9838E+01 -9.9343E+00  0.0000E+00  0.0000E+00  2.8289E+01  0.0000E+00  0.0000E+00
  1.6000E+01  8.1000E+01  3.0000E+00  0.0000E+00  1.0000E+00  1.0000E+00  1.0000E+00  3.0865E+01 -1.0099E+01  0.0000E+00  0.0000E+00  2.9225E+01  0.0000E+00  0.0000E+00
  1.6000E+01  9.3000E+01  3.0000E+00  0.0000E+00  1.0000E+00  1.0000E+00  1.0000E+00  3.1837E+01 -1.0247E+01  0.0000E+00  0.0000E+00  3.0110E+01  0.0000E+00  0.0000E+00
  1.6000E+01  1.0500E+02  3.0000E+00  0.0000E+00  1.0000E+00  1.0000E+00  1.0000E+00  3.2760E+01 -1.0382E+01  0.0000E+00  0.0000E+00  3.0947E+01  0.0000E+00  0.0000E+00
  1.6000E+01  1.1700E+02  3.0000E+00  0.0000E+00  1.0000E+00  1.0000E+00  1.0000E+00  3.3634E+01 -1.0503E+01  0.0000E+00  0.0000E+00  3.1740E+01  0.0000E+00  0.0000E+00
  1.6000E+01  1.2950E+02  3.0000E+00  0.0000E+00  1.0000E+00  1.0000E+00  1.0000E+00  3.4392E+01 -1.0604E+01  0.0000E+00  0.0000E+00  3.2420E+01  0.0000E+00  0.0000E+00
  1.6000E+01  1.4150E+02  3.0000E+00  0.0000E+00  1.0000E+00  1.0000E+00  1.0000E+00  3.5182E+01 -1.0705E+01  0.0000E+00  0.0000E+00  3.3133E+01  0.0000E+00  0.0000E+00
  1.6000E+01  1.5280E+02  3.0000E+00  0.0000E+00  1.0000E+00  1.0000E+00  1.0000E+00  3.6012E+01 -1.0808E+01  0.0000E+00  0.0000E+00  3.3887E+01  0.0000E+00  0.0000E+00
  1.6000E+01  1.5350E+02  0.0000E+00  3.8400E+01  0.0000E+00  0.0000E+00  1.0000E+00  3.5898E+01  7.5219E-01  8.8623E-01  3.8400E+01  3.3776E+01  4.6244E+00  9.1257E-01
  1.7000E+01  0.0000E+00  0.0000E+00  0.0000E+00  1.0000E+00  0.0000E+00  1.0000E+00  0.0000E+00  0.0000E+00  0.0000E+00  0.0000E+00  0.0000E+00  0.0000E+00  0.0000E+00
  1.7000E+01  0.0000E+00  2.2000E+01  0.0000E+00  1.0000E+00  1.0000E+00  1.0000E+00  2.0965E+01 -8.0911E+00  0.0000E+00  0.0000E+00  1.9558E+01  0.0000E+00  0.0000E+00
  1.7000E+01  1.2000E+01  2.8000E+00  0.0000E+00  1.0000E+00  1.0000E+00  1.0000E+00  2.2571E+01 -8.4878E+00  0.0000E+00  0.0000E+00  2.1018E+01  0.0000E+00  0.0000E+00
  1.7000E+01  2.4000E+01  2.8000E+00  0.0000E+00  1.0000E+00  1.0000E+00  1.0000E+00  2.4097E+01 -8.8365E+00  0.0000E+00  0.0000E+00  2.2401E+01  0.0000E+00  0.0000E+00
  1.7000E+01  3.2000E+01  0.0000E+00  2.1300E+01  0.0000E+00  0.0000E+00  1.0000E+00  2.3276E+01 -7.3465E-01 -6.0824E-01  2.1300E+01  2.1608E+01 -3.0765E-01 -6.2287E-01
  1.7000E+01  3.5500E+01  2.8000E+00  0.0000E+00  1.0000E+00  1.0000E+00  1.0000E+00  2.5595E+01 -9.1542E+00  0.0000E+00  0.0000E+00  2.3759E+01  0.0000E+00  0.0000E+00
  1.7000E+01  4.8000E+01  2.8000E+00  0.0000E+00  1.0000E+00  1.0000E+00  1.0000E+00  2.6914E+01 -9.4150E+00  0.0000E+00  0.0000E+00  2.4947E+01  0.0000E+00  0.0000E+00
  1.7000E+01  6.0000E+01  2.8000E+00  0.0000E+00  1.0000E+00  1.0000E+00  1.0000E+00  2.8220E+01 -9.6563E+00  0.0000E+00  0.0000E+00  2.6123E+01  0.0000E+00  0.0000E+00
  1.7000E+01  7.2000E+01  0.0000E+00  2.8800E+01  0.0000E+00  0.0000E+00  1.0000E+00  2.6781E+01  7.0803E-01  8.6467E-01  2.8800E+01  2.4738E+01  4.0620E+00  8.9381E-01
  1.7000E+01  7.2300E+01  2.8000E+00  0.0000E+00  1.0000E+00  1.0000E+00  1.0000E+00  2.9414E+01 -9.8636E+00  0.0000E+00  0.0000E+00  2.7194E+01  0.0000E+00  0.0000E+00
  1.7000E+01  8.4300E+01  2.8000E+00  0.0000E+00  1.0000E+00  1.0000E+00  1.0000E+00  3.0582E+01 -1.0054E+01  0.0000E+00  0.0000E+00  2.8241E+01  0.0000E+00  0.0000E+00
  1.7000E+01  9.5800E+01  2.8000E+00  0.0000E+00  1.0000E+00  1.0000E+00  1.0000E+00  3.1754E+01 -1.0235E+01  0.0000E+00  0.0000E+00  2.9294E+01  0.0000E+00  0.0000E+00
  1.7000E+01  1.0800E+02  2.8000E+00  0.0000E+00  1.0000E+00  1.0000E+00  1.0000E+00  3.2776E+01 -1.0384E+01  0.0000E+00  0.0000E+00  3.0205E+01  0.0000E+00  0.0000E+00
  1.7000E+01  1.2000E+02  2.8000E+00  0.0000E+00  1.0000E+00  1.0000E+00  1.0000E+00  3.3773E+01 -1.0522E+01  0.0000E+00  0.0000E+00  3.1093E+01  0.0000E+00  0.0000E+00
  1.7000E+01  1.3200E+02  2.8000E+00  0.0000E+00  1.0000E+00  1.0000E+00  1.0000E+00  3.4719E+01 -1.0647E+01  0.0000E+00  0.0000E+00  3.1934E+01  0.0000E+00  0.0000E+00
  1.7000E+01  1.4400E+02  2.8000E+00  0.0000E+00  1.0000E+00  1.0000E+00  1.0000E+00  3.5591E+01 -1.0756E+01  0.0000E+00  0.0000E+00  3.2706E+01  0.0000E+00  0.0000E+00
  1.7000E+01  1.5500E+02  0.0000E+00  3.4900E+01  0.0000E+00  0.0000E+00  1.0000E+00  3.3900E+01  3.1085E-01  5.2770E-01  3.4900E+01  3.1090E+01  3.8097E+00  5.5055E-01
  1.8000E+01  0.0000E+00  0.0000E+00  0.0000E+00  1.0000E+00  0.0000E+00  1.0000E+00  0.0000E+00  0.0000E+00  0.0000E+00  0.0000E+00  0.0000E+00  0.0000E+00  0.0000E+00
  1.8000E+01  0.0000E+00  2.0000E+01  0.0000E+00  1.0000E+00  1.0000E+00  1.0000E+00  1.6211E+01 -6.7258E+00  0.0000E+00  0.0000E+00  1.9398E+01  0.0000E+00  0.0000E+00
  1.8000E+01  2.8000E+00  0.0000E+00  2.1900E+01  0.0000E+00  0.0000E+00  1.0000E+00  1.5980E+01  2.4645E+00  2.2767E+00  2.1900E+01  1.9160E+01  2.7399E+00  2.1649E+00
  1.8000E+01  1.1800E+01  2.0000E+01  0.0000E+00  1.0000E+00  1.0000E+00  1.0000E+00  3.1470E+01 -1.0192E+01  0.0000E+00  0.0000E+00  3.7813E+01  0.0000E+00  0.0000E+00
  1.8000E+01  2.3800E+01  2.5000E+00  0.0000E+00  1.0000E+00  1.0000E+00  1.0000E+00  3.1619E+01 -1.0215E+01  0.0000E+00  0.0000E+00  3.8288E+01  0.0000E+00  0.0000E+00
  1.8000E+01  3.5800E+01  2.5000E+00  0.0000E+00  1.0000E+00  1.0000E+00  1.0000E+00  3.1758E+01 -1.0236E+01  0.0000E+00  0.0000E+00  3.8738E+01  0.0000E+00  0.0000E+00
  1.8000E+01  4.8100E+01  2.5000E+00  0.0000E+00  1.0000E+00  1.0000E+00  1.0000E+00  3.1844E+01 -1.0248E+01  0.0000E+00  0.0000E+00  3.9117E+01  0.0000E+00  0.0000E+00
  1.8000E+01  5.9300E+01  2.5000E+00  0.0000E+00  1.0000E+00  1.0000E+00  1.0000E+00  3.2094E+01 -1.0285E+01  0.0000E+00  0.0000E+00  3.9656E+01  0.0000E+00  0.0000E+00
  1.8000E+01  7.1300E+01  0.0000E+00  2.5900E+01  0.0000E+00  0.0000E+00  1.0000E+00  3.0179E+01 -1.4164E+00 -1.9157E+00  2.5900E+01  3.7612E+01 -1.1712E+01 -1.7091E+00
  1.8000E+01  7.1800E+01  2.5000E+00  0.0000E+00  1.0000E+00  1.0000E+00  1.0000E+00  3.2128E+01 -1.0290E+01  0.0000E+00  0.0000E+00  3.9953E+01  0.0000E+00  0.0000E+00
  1.8000E+01  8.2800E+01  2.5000E+00  0.0000E+00  1.0000E+00  1.0000E+00  1.0000E+00  3.2379E+01 -1.0327E+01  0.0000E+00  0.0000E+00  4.0471E+01  0.0000E+00  0.0000E+00
  1.8000E+01  9.5800E+01  2.5000E+00  0.0000E+00  1.0000E+00  1.0000E+00  1.0000E+00  3.2301E+01 -1.0316E+01  0.0000E+00  0.0000E+00  4.0622E+01  0.0000E+00  0.0000E+00
  1.8000E+01  1.0780E+02  2.5000E+00  0.0000E+00  1.0000E+00  1.0000E+00  1.0000E+00  3.2385E+01 -1.0328E+01  0.0000E+00  0.0000E+00  4.0936E+01  0.0000E+00  0.0000E+00
  1.8000E+01  1.1980E+02  2.5000E+00  0.0000E+00  1.0000E+00  1.0000E+00  1.0000E+00  3.2464E+01 -1.0339E+01  0.0000E+00  0.0000E+00  4.1233E+01  0.0000E+00  0.0000E+00
  1.8000E+01  1.3180E+02  2.5000E+00  0.0000E+00  1.0000E+00  1.0000E+00  1.0000E+00  3.2538E+01 -1.0350E+01  0.0000E+00  0.0000E+00  4.1515E+01  0.0000E+00  0.0000E+00
  1.8000E+01  1.4380E+02  0.0000E+00  2.8900E+01  0.0000E+00  0.0000E+00  1.0000E+00  3.0582E+01 -5.5290E-01 -1.1780E+00  2.8900E+01  3.9358E+01 -1.0458E+01 -1.0432E+00
  1.8000E+01  3.8980E+02  0.0000E+00  6.7000E+00  0.0000E+00  0.0000E+00  1.0000E+00  8.1506E+00 -6.6184E-01 -1.0474E+00  6.7000E+00  1.2614E+01 -5.9137E+00 -9.2395E-01
  1.9000E+01  0.0000E+00  0.0000E+00  0.0000E+00  1.0000E+00  0.0000E+00  1.0000E+00  0.0000E+00  0.0000E+00  0.0000E+00  0.0000E+00  0.0000E+00  0.0000E+00  0.0000E+00
  1.9000E+01  0.0000E+00  1.0000E+01  0.0000E+00  1.0000E+00  1.0000E+00  1.0000E+00  9.1803E+00 -4.1492E+00  0.0000E+00  0.0000E+00  9.6991E+00  0.0000E+00  0.0000E+00
  1.9000E+01  4.0000E+00  1.0000E+01  0.0000E+00  1.0000E+00  1.0000E+00  1.0000E+00  1.8196E+01 -7.3320E+00  0.0000E+00  0.0000E+00  1.9229E+01  0.0000E+00  0.0000E+00
  1.9000E+01  9.5000E+00  0.0000E+00  1.8900E+01  0.0000E+00  0.0000E+00  1.0000E+00  1.7748E+01  4.6745E-01  3.5777E-01  1.8900E+01  1.8768E+01  1.3230E-01  3.5255E-01
  1.9000E+01  1.3000E+01  2.5000E+00  0.0000E+00  1.0000E+00  1.0000E+00  1.0000E+00  1.9764E+01 -7.7738E+00  0.0000E+00  0.0000E+00  2.0905E+01  0.0000E+00  0.0000E+00
  1.9000E+01  2.4000E+01  2.5000E+00  0.0000E+00  1.0000E+00  1.0000E+00  1.0000E+00  2.1098E+01 -8.1251E+00  0.0000E+00  0.0000E+00  2.2340E+01  0.0000E+00  0.0000E+00
  1.9000E+01  3.5900E+01  3.0000E+00  0.0000E+00  1.0000E+00  1.0000E+00  1.0000E+00  2.2744E+01 -8.5286E+00  0.0000E+00  0.0000E+00  2.4107E+01  0.0000E+00  0.0000E+00
  1.9000E+01  4.8000E+01  3.0000E+00  0.0000E+00  1.0000E+00  1.0000E+00  1.0000E+00  2.4285E+01 -8.8777E+00  0.0000E+00  0.0000E+00  2.5763E+01  0.0000E+00  0.0000E+00
  1.9000E+01  5.9900E+01  3.0000E+00  0.0000E+00  1.0000E+00  1.0000E+00  1.0000E+00  2.5764E+01 -9.1886E+00  0.0000E+00  0.0000E+00  2.7356E+01  0.0000E+00  0.0000E+00
  1.9000E+01  7.2000E+01  3.0000E+00  0.0000E+00  1.0000E+00  1.0000E+00  1.0000E+00  2.7132E+01 -9.4564E+00  0.0000E+00  0.0000E+00  2.8832E+01  0.0000E+00  0.0000E+00
  1.9000E+01  8.3500E+01  0.0000E+00  2.3200E+01  0.0000E+00  0.0000E+00  1.0000E+00  2.5744E+01 -9.0756E-01 -1.0777E+00  2.3200E+01  2.7395E+01 -4.1947E+00 -1.0458E+00
  1.9000E+01  8.4300E+01  3.0000E+00  0.0000E+00  1.0000E+00  1.0000E+00  1.0000E+00  2.8404E+01 -9.6891E+00  0.0000E+00  0.0000E+00  3.0207E+01  0.0000E+00  0.0000E+00
  1.9000E+01  9.6000E+01  3.0000E+00  0.0000E+00  1.0000E+00  1.0000E+00  1.0000E+00  2.9680E+01 -9.9080E+00  0.0000E+00  0.0000E+00  3.1585E+01  0.0000E+00  0.0000E+00
  1.9000E+01  1.0830E+02  3.0000E+00  0.0000E+00  1.0000E+00  1.0000E+00  1.0000E+00  3.0812E+01 -1.0091E+01  0.0000E+00  0.0000E+00  3.2814E+01  0.0000E+00  0.0000E+00
  1.9000E+01  1.2000E+02  3.0000E+00  0.0000E+00  1.0000E+00  1.0000E+00  1.0000E+00  3.1963E+01 -1.0266E+01  0.0000E+00  0.0000E+00  3.4060E+01  0.0000E+00  0.0000E+00
  1.9000E+01  1.3200E+02  3.0000E+00  0.0000E+00  1.0000E+00  1.0000E+00  1.0000E+00  3.3012E+01 -1.0417E+01  0.0000E+00  0.0000E+00  3.5199E+01  0.0000E+00  0.0000E+00
  1.9000E+01  1.4400E+02  3.0000E+00  0.0000E+00  1.0000E+00  1.0000E+00  1.0000E+00  3.3991E+01 -1.0551E+01  0.0000E+00  0.0000E+00  3.6265E+01  0.0000E+00  0.0000E+00
  1.9000E+01  1.5800E+02  0.0000E+00  3.2900E+01  0.0000E+00  0.0000E+00  1.0000E+00  3.1869E+01  3.3181E-01  1.1430E-01  3.2900E+01  3.4059E+01 -1.1593E+00  1.0763E-01
  2.0000E+01  0.0000E+00  0.0000E+00  0.0000E+00  1.0000E+00  0.0000E+00  1.0000E+00  0.0000E+00  0.0000E+00  0.0000E+00  0.0000E+00  0.0000E+00  0.0000E+00  0.0000E+00
  2.0000E+01  0.0000E+00  2.4000E+01  0.0000E+00  1.0000E+00  1.0000E+00  1.0000E+00  2.1309E+01 -8.1787E+00  0.0000E+00  0.0000E+00  1.9705E+01  0.0000E+00  0.0000E+00
  2.0000E+01  2.0000E+00  0.0000E+00  2.3100E+01  0.0000E+00  0.0000E+00  1.0000E+00  2.1119E+01  7.6276E-01  9.0782E-01  2.3100E+01  1.9525E+01  3.5751E+00  9.3402E-01
  2.0000E+01  1.2000E+01  3.0000E+00  0.0000E+00  1.0000E+00  1.0000E+00  1.0000E+00  2.2857E+01 -8.5550E+00  0.0000E+00  0.0000E+00  2.1111E+01  0.0000E+00  0.0000E+00
  2.0000E+01  2.4000E+01  3.0000E+00  0.0000E+00  1.0000E+00  1.0000E+00  1.0000E+00  2.4323E+01 -8.8861E+00  0.0000E+00  0.0000E+00  2.2442E+01  0.0000E+00  0.0000E+00
  2.0000E+01  3.6000E+01  3.0000E+00  0.0000E+00  1.0000E+00  1.0000E+00  1.0000E+00  2.5713E+01 -9.1784E+00  0.0000E+00  0.0000E+00  2.3702E+01  0.0000E+00  0.0000E+00
  2.0000E+01  4.8000E+01  3.0000E+00  0.0000E+00  1.0000E+00  1.0000E+00  1.0000E+00  2.7031E+01 -9.4371E+00  0.0000E+00  0.0000E+00  2.4893E+01  0.0000E+00  0.0000E+00
  2.0000E+01  6.0500E+01  3.0000E+00  0.0000E+00  1.0000E+00  1.0000E+00  1.0000E+00  2.8221E+01 -9.6566E+00  0.0000E+00  0.0000E+00  2.5967E+01  0.0000E+00  0.0000E+00
  2.0000E+01  6.2500E+01  0.0000E+00  2.7800E+01  0.0000E+00  0.0000E+00  1.0000E+00  2.7970E+01 -5.8256E-02  1.3669E-01  2.7800E+01  2.5730E+01  2.0701E+00  1.4476E-01
  2.0000E+01  7.2000E+01  3.0000E+00  0.0000E+00  1.0000E+00  1.0000E+00  1.0000E+00  2.9459E+01 -9.8712E+00  0.0000E+00  0.0000E+00  2.7087E+01  0.0000E+00  0.0000E+00
  2.0000E+01  8.4000E+01  3.0000E+00  0.0000E+00  1.0000E+00  1.0000E+00  1.0000E+00  3.0570E+01 -1.0053E+01  0.0000E+00  0.0000E+00  2.8088E+01  0.0000E+00  0.0000E+00
  2.0000E+01  9.5500E+01  3.0000E+00  0.0000E+00  1.0000E+00  1.0000E+00  1.0000E+00  3.1688E+01 -1.0225E+01  0.0000E+00  0.0000E+00  2.9096E+01  0.0000E+00  0.0000E+00
  2.0000E+01  1.0800E+02  3.0000E+00  0.0000E+00  1.0000E+00  1.0000E+00  1.0000E+00  3.2614E+01 -1.0361E+01  0.0000E+00  0.0000E+00  2.9925E+01  0.0000E+00  0.0000E+00
  2.0000E+01  1.2000E+02  3.0000E+00  0.0000E+00  1.0000E+00  1.0000E+00  1.0000E+00  3.3558E+01 -1.0493E+01  0.0000E+00  0.0000E+00  3.0772E+01  0.0000E+00  0.0000E+00
  2.0000E+01  1.3200E+02  3.0000E+00  0.0000E+00  1.0000E+00  1.0000E+00  1.0000E+00  3.4453E+01 -1.0612E+01  0.0000E+00  0.0000E+00  3.1574E+01  0.0000E+00  0.0000E+00
  2.0000E+01  1.3400E+02  0.0000E+00  3.4000E+01  0.0000E+00  0.0000E+00  1.0000E+00  3.4144E+01 -4.4434E-02  1.9566E-01  3.4000E+01  3.1283E+01  2.7167E+00  2.0630E-01
  2.1000E+01  0.0000E+00  0.0000E+00  0.0000E+00  1.0000E+00  0.0000E+00  1.0000E+00  0.0000E+00  0.0000E+00  0.0000E+00  0.0000E+00  0.0000E+00  0.0000E+00  0.0000E+00
  2.1000E+01  0.0000E+00  1.7500E+01  0.0000E+00  1.0000E+00  1.0000E+00  1.0000E+00  1.0639E+01 -4.7374E+00  0.0000E+00  0.0000E+00  9.9191E+00  0.0000E+00  0.0000E+00
  2.1000E+01  4.2000E+00  1.7500E+01  0.0000E+00  1.0000E+00  1.0000E+00  1.0000E+00  2.1065E+01 -8.1168E+00  0.0000E+00  0.0000E+00  1.9631E+01  0.0000E+00  0.0000E+00
  2.1000E+01  8.3000E+00  0.0000E+00  2.1100E+01  0.0000E+00  0.0000E+00  1.0000E+00  2.0654E+01  1.7311E-01  2.9898E-01  2.1100E+01  1.9230E+01  1.8696E+00  3.0955E-01
  2.1000E+01  1.5800E+01  4.5000E+00  0.0000E+00  1.0000E+00  1.0000E+00  1.0000E+00  2.2657E+01 -8.5081E+00  0.0000E+00  0.0000E+00  2.1069E+01  0.0000E+00  0.0000E+00
  2.1000E+01  2.8000E+01  4.5000E+00  0.0000E+00  1.0000E+00  1.0000E+00  1.0000E+00  2.4101E+01 -8.8376E+00  0.0000E+00  0.0000E+00  2.2367E+01  0.0000E+00  0.0000E+00
  2.1000E+01  3.9800E+01  4.5000E+00  0.0000E+00  1.0000E+00  1.0000E+00  1.0000E+00  2.5507E+01 -9.1363E+00  0.0000E+00  0.0000E+00  2.3629E+01  0.0000E+00  0.0000E+00
  2.1000E+01  5.1800E+01  4.5000E+00  0.0000E+00  1.0000E+00  1.0000E+00  1.0000E+00  2.6812E+01 -9.3953E+00  0.0000E+00  0.0000E+00  2.4796E+01  0.0000E+00  0.0000E+00
  2.1000E+01  6.3800E+01  4.5000E+00  0.0000E+00  1.0000E+00  1.0000E+00  1.0000E+00  2.8043E+01 -9.6246E+00  0.0000E+00  0.0000E+00  2.5895E+01  0.0000E+00  0.0000E+00
  2.1000E+01  7.6800E+01  4.5000E+00  0.0000E+00  1.0000E+00  1.0000E+00  1.0000E+00  2.9064E+01 -9.8041E+00  0.0000E+00  0.0000E+00  2.6793E+01  0.0000E+00  0.0000E+00
  2.1000E+01  8.8300E+01  4.5000E+00  0.0000E+00  1.0000E+00  1.0000E+00  1.0000E+00  3.0221E+01 -9.9967E+00  0.0000E+00  0.0000E+00  2.7826E+01  0.0000E+00  0.0000E+00
  2.1000E+01  1.0080E+02  4.5000E+00  0.0000E+00  1.0000E+00  1.0000E+00  1.0000E+00  3.1178E+01 -1.0148E+01  0.0000E+00  0.0000E+00  2.8667E+01  0.0000E+00  0.0000E+00
  2.1000E+01  1.1230E+02  0.0000E+00  2.9100E+01  0.0000E+00  0.0000E+00  1.0000E+00  2.9485E+01 -1.2882E-01  9.1969E-02  2.9100E+01  2.7042E+01  2.0579E+00  9.9069E-02
  2.1000E+01  1.1280E+02  4.5000E+00  0.0000E+00  1.0000E+00  1.0000E+00  1.0000E+00  3.2149E+01 -1.0293E+01  0.0000E+00  0.0000E+00  2.9524E+01  0.0000E+00  0.0000E+00
  2.1000E+01  1.2430E+02  4.5000E+00  0.0000E+00  1.0000E+00  1.0000E+00  1.0000E+00  3.3139E+01 -1.0435E+01  0.0000E+00  0.0000E+00  3.0402E+01  0.0000E+00  0.0000E+00
  2.1000E+01  1.3630E+02  4.5000E+00  0.0000E+00  1.0000E+00  1.0000E+00  1.0000E+00  3.3999E+01 -1.0552E+01  0.0000E+00  0.0000E+00  3.1157E+01  0.0000E+00  0.0000E+00
  2.1000E+01  1.4880E+02  4.5000E+00  0.0000E+00  1.0000E+00  1.0000E+00  1.0000E+00  3.4716E+01 -1.0646E+01  0.0000E+00  0.0000E+00  3.1777E+01  0.0000E+00  0.0000E+00
  2.1000E+01  2.6060E+02  0.0000E+00  2.1100E+01  0.0000E+00  0.0000E+00  1.0000E+00  1.9980E+01  4.3907E-01  6.4773E-01  2.1100E+01  1.7841E+01  3.2594E+00  6.7709E-01
  2.2000E+01  0.0000E+00  0.0000E+00  0.0000E+00  1.0000E+00  0.0000E+00  1.0000E+00  0.0000E+00  0.0000E+00  0.0000E+00  0.0000E+00  0.0000E+00  0.0000E+00  0.0000E+00
  2.2000E+01  0.0000E+00  1.5000E+01  0.0000E+00  1.0000E+00  1.0000E+00  1.0000E+00  1.0691E+01 -4.7580E+00  0.0000E+00  0.0000E+00  1.0044E+01  0.0000E+00  0.0000E+00
  2.2000E+01  4.0000E+00  1.5000E+01  0.0000E+00  1.0000E+00  1.0000E+00  1.0000E+00  2.1183E+01 -8.1467E+00  0.0000E+00  0.0000E+00  1.9895E+01  0.0000E+00  0.0000E+00
  2.2000E+01  6.0000E+00  0.0000E+00  2.1800E+01  0.0000E+00  0.0000E+00  1.0000E+00  2.0984E+01  3.1487E-01  4.5833E-01  2.1800E+01  1.9704E+01  2.0960E+00  4.7069E-01
  2.2000E+01  1.6000E+01  4.0000E+00  0.0000E+00  1.0000E+00  1.0000E+00  1.0000E+00  2.2869E+01 -8.5579E+00  0.0000E+00  0.0000E+00  2.1454E+01  0.0000E+00  0.0000E+00
  2.2000E+01  2.8000E+01  4.0000E+00  0.0000E+00  1.0000E+00  1.0000E+00  1.0000E+00  2.4463E+01 -8.9164E+00  0.0000E+00  0.0000E+00  2.2924E+01  0.0000E+00  0.0000E+00
  2.2000E+01  4.0000E+01  4.0000E+00  0.0000E+00  1.0000E+00  1.0000E+00  1.0000E+00  2.5969E+01 -9.2299E+00  0.0000E+00  0.0000E+00  2.4312E+01  0.0000E+00  0.0000E+00
  2.2000E+01  5.1000E+01  0.0000E+00  2.5000E+01  0.0000E+00  0.0000E+00  1.0000E+00  2.4657E+01  1.2456E-01  3.0185E-01  2.5000E+01  2.3055E+01  1.9450E+00  3.1275E-01
  2.3000E+01  0.0000E+00  0.0000E+00  0.0000E+00  1.0000E+00  0.0000E+00  1.0000E+00  0.0000E+00  0.0000E+00  0.0000E+00  0.0000E+00  0.0000E+00  0.0000E+00  0.0000E+00
  2.3000E+01  0.0000E+00  6.0000E+01  0.0000E+00  1.0000E+00  1.0000E+00  1.0000E+00  2.1426E+01 -8.2080E+00  0.0000E+00  0.0000E+00  2.0693E+01  0.0000E+00  0.0000E+00
  2.3000E+01  1.1000E+01  0.0000E+00  2.2300E+01  0.0000E+00  0.0000E+00  1.0000E+00  2.0124E+01  8.5094E-01  9.3048E-01  2.2300E+01  1.9441E+01  2.8592E+00  9.4102E-01
  2.3000E+01  1.1500E+01  7.5000E+00  0.0000E+00  1.0000E+00  1.0000E+00  1.0000E+00  2.2745E+01 -8.5288E+00  0.0000E+00  0.0000E+00  2.1972E+01  0.0000E+00  0.0000E+00
  2.3000E+01  2.4000E+01  7.5000E+00  0.0000E+00  1.0000E+00  1.0000E+00  1.0000E+00  2.3860E+01 -8.7842E+00  0.0000E+00  0.0000E+00  2.3055E+01  0.0000E+00  0.0000E+00
  2.3000E+01  3.5500E+01  7.5000E+00  0.0000E+00  1.0000E+00  1.0000E+00  1.0000E+00  2.5026E+01 -9.0363E+00  0.0000E+00  0.0000E+00  2.4185E+01  0.0000E+00  0.0000E+00
  2.3000E+01  4.7000E+01  7.5000E+00  0.0000E+00  1.0000E+00  1.0000E+00  1.0000E+00  2.6117E+01 -9.2595E+00  0.0000E+00  0.0000E+00  2.5244E+01  0.0000E+00  0.0000E+00
  2.3000E+01  5.9500E+01  7.5000E+00  0.0000E+00  1.0000E+00  1.0000E+00  1.0000E+00  2.7000E+01 -9.4314E+00  0.0000E+00  0.0000E+00  2.6103E+01  0.0000E+00  0.0000E+00
  2.3000E+01  7.0500E+01  0.0000E+00  2.6600E+01  0.0000E+00  0.0000E+00  1.0000E+00  2.5360E+01  4.4508E-01  5.3179E-01  2.6600E+01  2.4523E+01  2.0766E+00  5.3936E-01
  2.3000E+01  7.1500E+01  7.5000E+00  0.0000E+00  1.0000E+00  1.0000E+00  1.0000E+00  2.7895E+01 -9.5977E+00  0.0000E+00  0.0000E+00  2.6971E+01  0.0000E+00  0.0000E+00
  2.3000E+01  8.4000E+01  7.5000E+00  0.0000E+00  1.0000E+00  1.0000E+00  1.0000E+00  2.8636E+01 -9.7301E+00  0.0000E+00  0.0000E+00  2.7693E+01  0.0000E+00  0.0000E+00
  2.3000E+01  9.5800E+01  7.5000E+00  0.0000E+00  1.0000E+00  1.0000E+00  1.0000E+00  2.9434E+01 -9.8670E+00  0.0000E+00  0.0000E+00  2.8468E+01  0.0000E+00  0.0000E+00
  2.3000E+01  1.0750E+02  7.5000E+00  0.0000E+00  1.0000E+00  1.0000E+00  1.0000E+00  3.0195E+01 -9.9925E+00  0.0000E+00  0.0000E+00  2.9208E+01  0.0000E+00  0.0000E+00
  2.3000E+01  1.2000E+02  7.5000E+00  0.0000E+00  1.0000E+00  1.0000E+00  1.0000E+00  3.0777E+01 -1.0085E+01  0.0000E+00  0.0000E+00  2.9775E+01  0.0000E+00  0.0000E+00
  2.3000E+01  1.3250E+02  7.5000E+00  0.0000E+00  1.0000E+00  1.0000E+00  1.0000E+00  3.1319E+01 -1.0169E+01  0.0000E+00  0.0000E+00  3.0302E+01  0.0000E+00  0.0000E+00
  2.3000E+01  1.4000E+02  0.0000E+00  2.7700E+01  0.0000E+00  0.0000E+00  1.0000E+00  2.9996E+01 -7.6230E-01 -6.7085E-01  2.7700E+01  2.9027E+01 -1.3269E+00 -6.7834E-01
  2.4000E+01  0.0000E+00  0.0000E+00  0.0000E+00  1.0000E+00  0.0000E+00  1.0000E+00  0.0000E+00  0.0000E+00  0.0000E+00  0.0000E+00  0.0000E+00  0.0000E+00  0.0000E+00
  2.4000E+01  0.0000E+00  6.3000E+01  0.0000E+00  1.0000E+00  1.0000E+00  1.0000E+00  1.8738E+01 -7.4886E+00  0.0000E+00  0.0000E+00  2.1106E+01  0.0000E+00  0.0000E+00
  2.4000E+01  7.0000E-01  6.3000E+01  0.0000E+00  1.0000E+00  1.0000E+00  1.0000E+00  3.7398E+01 -1.0969E+01  0.0000E+00  0.0000E+00  4.2128E+01  0.0000E+00  0.0000E+00
  2.4000E+01  2.0000E+00  0.0000E+00  3.7300E+01  0.0000E+00  0.0000E+00  1.0000E+00  3.7107E+01  5.6966E-02 -2.5543E-01  3.7300E+01  4.1816E+01 -4.5158E+00 -2.4888E-01
  2.4000E+01  6.5000E+00  3.2000E+01  0.0000E+00  1.0000E+00  1.0000E+00  1.0000E+00  4.5634E+01 -1.1734E+01  0.0000E+00  0.0000E+00  5.1475E+01  0.0000E+00  0.0000E+00
  2.4000E+01  1.6000E+01  1.0000E+01  0.0000E+00  1.0000E+00  1.0000E+00  1.0000E+00  4.6075E+01 -1.1767E+01  0.0000E+00  0.0000E+00  5.2106E+01  0.0000E+00  0.0000E+00
  2.4000E+01  2.8000E+01  1.0000E+01  0.0000E+00  1.0000E+00  1.0000E+00  1.0000E+00  4.5842E+01 -1.1750E+01  0.0000E+00  0.0000E+00  5.2003E+01  0.0000E+00  0.0000E+00
  2.4000E+01  4.0000E+01  1.0000E+01  0.0000E+00  1.0000E+00  1.0000E+00  1.0000E+00  4.5626E+01 -1.1734E+01  0.0000E+00  0.0000E+00  5.1907E+01  0.0000E+00  0.0000E+00
  2.4000E+01  5.2700E+01  1.0000E+01  0.0000E+00  1.0000E+00  1.0000E+00  1.0000E+00  4.5246E+01 -1.1705E+01  0.0000E+00  0.0000E+00  5.1624E+01  0.0000E+00  0.0000E+00
  2.4000E+01  6.4000E+01  1.0000E+01  0.0000E+00  1.0000E+00  1.0000E+00  1.0000E+00  4.5249E+01 -1.1705E+01  0.0000E+00  0.0000E+00  5.1747E+01  0.0000E+00  0.0000E+00
  2.4000E+01  7.6000E+01  1.0000E+01  0.0000E+00  1.0000E+00  1.0000E+00  1.0000E+00  4.5043E+01 -1.1689E+01  0.0000E+00  0.0000E+00  5.1634E+01  0.0000E+00  0.0000E+00
  2.4000E+01  7.9000E+01  0.0000E+00  4.1700E+01  0.0000E+00  0.0000E+00  1.0000E+00  4.4230E+01 -6.6479E-01 -1.0707E+00  4.1700E+01  5.0748E+01 -9.0482E+00 -9.8331E-01
  2.4000E+01  8.8000E+01  1.0000E+01  0.0000E+00  1.0000E+00  1.0000E+00  1.0000E+00  4.4851E+01 -1.1674E+01  0.0000E+00  0.0000E+00  5.1530E+01  0.0000E+00  0.0000E+00
  2.4000E+01  1.0000E+02  1.0000E+01  0.0000E+00  1.0000E+00  1.0000E+00  1.0000E+00  4.4673E+01 -1.1660E+01  0.0000E+00  0.0000E+00  5.1432E+01  0.0000E+00  0.0000E+00
  2.4000E+01  1.1200E+02  1.0000E+01  0.0000E+00  1.0000E+00  1.0000E+00  1.0000E+00  4.4508E+01 -1.1646E+01  0.0000E+00  0.0000E+00  5.1340E+01  0.0000E+00  0.0000E+00
  2.4000E+01  1.2400E+02  1.0000E+01  0.0000E+00  1.0000E+00  1.0000E+00  1.0000E+00  4.4354E+01 -1.1634E+01  0.0000E+00  0.0000E+00  5.1255E+01  0.0000E+00  0.0000E+00
  2.4000E+01  1.3600E+02  1.0000E+01  0.0000E+00  1.0000E+00  1.0000E+00  1.0000E+00  4.4211E+01 -1.1623E+01  0.0000E+00  0.0000E+00  5.1176E+01  0.0000E+00  0.0000E+00
  2.4000E+01  1.4750E+02  1.0000E+01  0.0000E+00  1.0000E+00  1.0000E+00  1.0000E+00  4.4174E+01 -1.1620E+01  0.0000E+00  0.0000E+00  5.1208E+01  0.0000E+00  0.0000E+00
  2.4000E+01  1.7600E+02  0.0000E+00  3.8100E+01  0.0000E+00  0.0000E+00  1.0000E+00  3.7088E+01  2.9821E-01 -9.6099E-02  3.8100E+01  4.3369E+01 -5.2692E+00 -1.0256E-01
  2.5000E+01  0.0000E+00  0.0000E+00  0.0000E+00  1.0000E+00  0.0000E+00  1.0000E+00  0.0000E+00  0.0000E+00  0.0000E+00  0.0000E+00  0.0000E+00  0.0000E+00  0.0000E+00
  2.5000E+01  0.0000E+00  1.5000E+01  0.0000E+00  1.0000E+00  1.0000E+00  1.0000E+00  1.5168E+01 -6.3861E+00  0.0000E+00  0.0000E+00  2.0155E+01  0.0000E+00  0.0000E+00
  2.5000E+01  2.0000E+00  0.0000E+00  1.3700E+01  0.0000E+00  0.0000E+00  1.0000E+00  1.5033E+01 -5.6215E-01 -8.9290E-01  1.3700E+01  1.9992E+01 -6.2919E+00 -8.0380E-01
  2.5000E+01  1.2000E+01  1.9000E+00  0.0000E+00  1.0000E+00  1.0000E+00  1.0000E+00  1.6294E+01 -6.7523E+00  0.0000E+00  0.0000E+00  2.1747E+01  0.0000E+00  0.0000E+00
  2.5000E+01  1.8500E+01  7.5000E+00  0.0000E+00  1.0000E+00  1.0000E+00  1.0000E+00  2.3409E+01 -8.6825E+00  0.0000E+00  0.0000E+00  3.1256E+01  0.0000E+00  0.0000E+00
  2.5000E+01  2.1000E+01  0.0000E+00  2.1800E+01  0.0000E+00  0.0000E+00  1.0000E+00  2.3148E+01 -5.0203E-01 -1.0065E+00  2.1800E+01  3.0939E+01 -9.1391E+00 -8.7082E-01
  2.5000E+01  2.3700E+01  1.5000E+00  0.0000E+00  1.0000E+00  1.0000E+00  1.0000E+00  2.4386E+01 -8.8996E+00  0.0000E+00  0.0000E+00  3.2616E+01  0.0000E+00  0.0000E+00
  2.5000E+01  3.5800E+01  1.5000E+00  0.0000E+00  1.0000E+00  1.0000E+00  1.0000E+00  2.4612E+01 -8.9486E+00  0.0000E+00  0.0000E+00  3.3062E+01  0.0000E+00  0.0000E+00
  2.5000E+01  4.8300E+01  1.5000E+00  0.0000E+00  1.0000E+00  1.0000E+00  1.0000E+00  2.4785E+01 -8.9855E+00  0.0000E+00  0.0000E+00  3.3436E+01  0.0000E+00  0.0000E+00
  2.5000E+01  6.0500E+01  1.5000E+00  0.0000E+00  1.0000E+00  1.0000E+00  1.0000E+00  2.4981E+01 -9.0268E+00  0.0000E+00  0.0000E+00  3.3830E+01  0.0000E+00  0.0000E+00
  2.5000E+01  6.1500E+01  0.0000E+00  1.6700E+01  0.0000E+00  0.0000E+00  1.0000E+00  2.4869E+01 -2.9573E+00 -3.5114E+00  1.6700E+01  3.3692E+01 -1.6992E+01 -3.0071E+00
  2.5000E+01  7.0700E+01  5.0000E+00  0.0000E+00  1.0000E+00  1.0000E+00  1.0000E+00  2.8918E+01 -9.7790E+00  0.0000E+00  0.0000E+00  3.9171E+01  0.0000E+00  0.0000E+00
  2.5000E+01  7.2000E+01  2.0000E+00  0.0000E+00  1.0000E+00  1.0000E+00  1.0000E+00  3.0770E+01 -1.0084E+01  0.0000E+00  0.0000E+00  4.1649E+01  0.0000E+00  0.0000E+00
  2.5000E+01  8.4000E+01  2.0000E+00  0.0000E+00  1.0000E+00  1.0000E+00  1.0000E+00  3.1160E+01 -1.0145E+01  0.0000E+00  0.0000E+00  4.2326E+01  0.0000E+00  0.0000E+00
  2.5000E+01  9.0500E+01  0.0000E+00  2.9800E+01  0.0000E+00  0.0000E+00  1.0000E+00  3.0253E+01 -1.4971E-01 -8.2045E-01  2.9800E+01  4.1207E+01 -1.1407E+01 -6.9123E-01
  2.5000E+01  9.5800E+01  2.0000E+00  0.0000E+00  1.0000E+00  1.0000E+00  1.0000E+00  3.1555E+01 -1.0205E+01  0.0000E+00  0.0000E+00  4.3004E+01  0.0000E+00  0.0000E+00
  2.5000E+01  1.0800E+02  2.0000E+00  0.0000E+00  1.0000E+00  1.0000E+00  1.0000E+00  3.1876E+01 -1.0253E+01  0.0000E+00  0.0000E+00  4.3582E+01  0.0000E+00  0.0000E+00
  2.5000E+01  1.2000E+02  2.0000E+00  0.0000E+00  1.0000E+00  1.0000E+00  1.0000E+00  3.2207E+01 -1.0302E+01  0.0000E+00  0.0000E+00  4.4166E+01  0.0000E+00  0.0000E+00
  2.5000E+01  1.2150E+02  0.0000E+00  3.8000E+01  0.0000E+00  0.0000E+00  1.0000E+00  3.1988E+01  1.9301E+00  1.2141E+00  3.8000E+01  4.3894E+01 -5.8936E+00  9.7667E-01
  2.5000E+01  1.3200E+02  2.0000E+00  0.0000E+00  1.0000E+00  1.0000E+00  1.0000E+00  3.2520E+01 -1.0347E+01  0.0000E+00  0.0000E+00  4.4722E+01  0.0000E+00  0.0000E+00
  2.5000E+01  1.3800E+02  0.0000E+00  3.1300E+01  0.0000E+00  0.0000E+00  1.0000E+00  3.1646E+01 -1.1164E-01 -8.2738E-01  3.1300E+01  4.3629E+01 -1.2329E+01 -6.8952E-01
  2.6000E+01  0.0000E+00  0.0000E+00  0.0000E+00  1.0000E+00  0.0000E+00  1.0000E+00  0.0000E+00  0.0000E+00  0.0000E+00  0.0000E+00  0.0000E+00  0.0000E+00  0.0000E+00
  2.6000E+01  0.0000E+00  7.0000E+01  0.0000E+00  1.0000E+00  1.0000E+00  1.0000E+00  2.3878E+01 -8.7880E+00  0.0000E+00  0.0000E+00  2.1607E+01  0.0000E+00  0.0000E+00
  2.6000E+01  1.1500E+01  9.0000E+00  0.0000E+00  1.0000E+00  1.0000E+00  1.0000E+00  2.5468E+01 -9.1282E+00  0.0000E+00  0.0000E+00  2.2984E+01  0.0000E+00  0.0000E+00
  2.6000E+01  2.3500E+01  9.0000E+00  0.0000E+00  1.0000E+00  1.0000E+00  1.0000E+00  2.6892E+01 -9.4108E+00  0.0000E+00  0.0000E+00  2.4210E+01  0.0000E+00  0.0000E+00
  2.6000E+01  3.5500E+01  9.0000E+00  0.0000E+00  1.0000E+00  1.0000E+00  1.0000E+00  2.8225E+01 -9.6573E+00  0.0000E+00  0.0000E+00  2.5352E+01  0.0000E+00  0.0000E+00
  2.6000E+01  3.7500E+01  0.0000E+00  2.8600E+01  0.0000E+00  0.0000E+00  1.0000E+00  2.7913E+01  2.3632E-01  4.9192E-01  2.8600E+01  2.5058E+01  3.5415E+00  5.1753E-01
  2.6000E+01  4.7500E+01  9.0000E+00  0.0000E+00  1.0000E+00  1.0000E+00  1.0000E+00  2.9472E+01 -9.8734E+00  0.0000E+00  0.0000E+00  2.6418E+01  0.0000E+00  0.0000E+00
  2.6000E+01  5.9500E+01  9.0000E+00  0.0000E+00  1.0000E+00  1.0000E+00  1.0000E+00  3.0638E+01 -1.0063E+01  0.0000E+00  0.0000E+00  2.7411E+01  0.0000E+00  0.0000E+00
  2.6000E+01  7.1500E+01  9.0000E+00  0.0000E+00  1.0000E+00  1.0000E+00  1.0000E+00  3.1729E+01 -1.0231E+01  0.0000E+00  0.0000E+00  2.8338E+01  0.0000E+00  0.0000E+00
  2.6000E+01  8.3500E+01  9.0000E+00  0.0000E+00  1.0000E+00  1.0000E+00  1.0000E+00  3.2731E+01 -1.0378E+01  0.0000E+00  0.0000E+00  2.9184E+01  0.0000E+00  0.0000E+00
  2.6000E+01  9.5500E+01  9.0000E+00  0.0000E+00  1.0000E+00  1.0000E+00  1.0000E+00  3.3668E+01 -1.0508E+01  0.0000E+00  0.0000E+00  2.9973E+01  0.0000E+00  0.0000E+00
  2.6000E+01  1.0750E+02  9.0000E+00  0.0000E+00  1.0000E+00  1.0000E+00  1.0000E+00  3.4544E+01 -1.0624E+01  0.0000E+00  0.0000E+00  3.0708E+01  0.0000E+00  0.0000E+00
  2.6000E+01  1.1050E+02  0.0000E+00  3.4900E+01  0.0000E+00  0.0000E+00  1.0000E+00  3.3967E+01  2.8988E-01  6.2447E-01  3.4900E+01  3.0171E+01  4.7288E+00  6.6298E-01
  2.7000E+01  0.0000E+00  0.0000E+00  0.0000E+00  1.0000E+00  0.0000E+00  1.0000E+00  0.0000E+00  0.0000E+00  0.0000E+00  0.0000E+00  0.0000E+00  0.0000E+00  0.0000E+00
  2.7000E+01  0.0000E+00  3.5000E+01  0.0000E+00  1.0000E+00  1.0000E+00  1.0000E+00  2.3639E+01 -8.7347E+00  0.0000E+00  0.0000E+00  1.8882E+01  0.0000E+00  0.0000E+00
  2.7000E+01  1.7000E+00  0.0000E+00  2.6400E+01  0.0000E+00  0.0000E+00  1.0000E+00  2.3452E+01  1.0926E+00  1.6478E+00  2.6400E+01  1.8719E+01  7.6809E+00  1.8060E+00
  2.7000E+01  1.2400E+01  5.0000E+00  0.0000E+00  1.0000E+00  1.0000E+00  1.0000E+00  2.5686E+01 -9.1728E+00  0.0000E+00  0.0000E+00  2.0425E+01  0.0000E+00  0.0000E+00
  2.7000E+01  2.3700E+01  5.0000E+00  0.0000E+00  1.0000E+00  1.0000E+00  1.0000E+00  2.7742E+01 -9.5699E+00  0.0000E+00  0.0000E+00  2.1981E+01  0.0000E+00  0.0000E+00
  2.7000E+01  3.5200E+01  5.0000E+00  0.0000E+00  1.0000E+00  1.0000E+00  1.0000E+00  2.9668E+01 -9.9061E+00  0.0000E+00  0.0000E+00  2.3429E+01  0.0000E+00  0.0000E+00
  2.7000E+01  4.8000E+01  5.0000E+00  0.0000E+00  1.0000E+00  1.0000E+00  1.0000E+00  3.1323E+01 -1.0170E+01  0.0000E+00  0.0000E+00  2.4649E+01  0.0000E+00  0.0000E+00
  2.7000E+01  5.9700E+01  5.0000E+00  0.0000E+00  1.0000E+00  1.0000E+00  1.0000E+00  3.3034E+01 -1.0420E+01  0.0000E+00  0.0000E+00  2.5922E+01  0.0000E+00  0.0000E+00
  2.7000E+01  7.1700E+01  5.0000E+00  0.0000E+00  1.0000E+00  1.0000E+00  1.0000E+00  3.4610E+01 -1.0633E+01  0.0000E+00  0.0000E+00  2.7084E+01  0.0000E+00  0.0000E+00
  2.7000E+01  8.3200E+01  0.0000E+00  3.3300E+01  0.0000E+00  0.0000E+00  1.0000E+00  3.2785E+01  1.6311E-01  9.7438E-01  3.3300E+01  2.5532E+01  7.7682E+00  1.1110E+00
  2.8000E+01  0.0000E+00  0.0000E+00  0.0000E+00  1.0000E+00  0.0000E+00  1.0000E+00  0.0000E+00  0.0000E+00  0.0000E+00  0.0000E+00  0.0000E+00  0.0000E+00  0.0000E+00
  2.8000E+01  0.0000E+00  6.0000E+01  0.0000E+00  1.0000E+00  1.0000E+00  1.0000E+00  1.8448E+01 -7.4054E+00  0.0000E+00  0.0000E+00  2.0101E+01  0.0000E+00  0.0000E+00
  2.8000E+01  2.0000E+00  0.0000E+00  1.6900E+01  0.0000E+00  0.0000E+00  1.0000E+00  1.8232E+01 -5.3638E-01 -8.0228E-01  1.6900E+01  1.9872E+01 -2.9725E+00 -7.7459E-01
  2.9000E+01  0.0000E+00  0.0000E+00  0.0000E+00  1.0000E+00  0.0000E+00  1.0000E+00  0.0000E+00  0.0000E+00  0.0000E+00  0.0000E+00  0.0000E+00  0.0000E+00  0.0000E+00
  2.9000E+01  0.0000E+00  2.0000E+01  0.0000E+00  1.0000E+00  1.0000E+00  1.0000E+00  1.9648E+01 -7.7423E+00  0.0000E+00  0.0000E+00  1.9398E+01  0.0000E+00  0.0000E+00
  2.9000E+01  1.2000E+01  2.5000E+00  0.0000E+00  1.0000E+00  1.0000E+00  1.0000E+00  2.1096E+01 -8.1246E+00  0.0000E+00  0.0000E+00  2.0823E+01  0.0000E+00  0.0000E+00
  2.9000E+01  2.3500E+01  2.5000E+00  0.0000E+00  1.0000E+00  1.0000E+00  1.0000E+00  2.2514E+01 -8.4741E+00  0.0000E+00  0.0000E+00  2.2218E+01  0.0000E+00  0.0000E+00
  2.9000E+01  3.6500E+01  2.5000E+00  0.0000E+00  1.0000E+00  1.0000E+00  1.0000E+00  2.3722E+01 -8.7532E+00  0.0000E+00  0.0000E+00  2.3404E+01  0.0000E+00  0.0000E+00
  2.9000E+01  4.7500E+01  0.0000E+00  2.2900E+01  0.0000E+00  0.0000E+00  1.0000E+00  2.2604E+01  1.1128E-01  1.3854E-01  2.2900E+01  2.2296E+01  6.0449E-01  1.3941E-01
  3.0000E+01  0.0000E+00  0.0000E+00  0.0000E+00  1.0000E+00  0.0000E+00  1.0000E+00  0.0000E+00  0.0000E+00  0.0000E+00  0.0000E+00  0.0000E+00  0.0000E+00  0.0000E+00
  3.0000E+01  0.0000E+00  1.8000E+01  0.0000E+00  1.0000E+00  1.0000E+00  1.0000E+00  9.7897E+00 -4.3982E+00  0.0000E+00  0.0000E+00  1.0202E+01  0.0000E+00  0.0000E+00
  3.0000E+01  2.2000E+00  1.8000E+01  0.0000E+00  1.0000E+00  1.0000E+00  1.0000E+00  1.9471E+01 -7.6939E+00  0.0000E+00  0.0000E+00  2.0293E+01  0.0000E+00  0.0000E+00
  3.0000E+01  6.3000E+00  0.0000E+00  1.7900E+01  0.0000E+00  0.0000E+00  1.0000E+00  1.9071E+01 -4.6565E-01 -5.8971E-01  1.7900E+01  1.9879E+01 -1.9787E+00 -5.8111E-01
  3.0000E+01  1.5300E+01  3.5000E+00  0.0000E+00  1.0000E+00  1.0000E+00  1.0000E+00  2.0125E+01 -7.8713E+00  0.0000E+00  0.0000E+00  2.0983E+01  0.0000E+00  0.0000E+00
  3.0000E+01  2.6300E+01  3.5000E+00  0.0000E+00  1.0000E+00  1.0000E+00  1.0000E+00  2.0939E+01 -8.0844E+00  0.0000E+00  0.0000E+00  2.1838E+01  0.0000E+00  0.0000E+00
  3.0000E+01  3.8800E+01  3.5000E+00  0.0000E+00  1.0000E+00  1.0000E+00  1.0000E+00  2.1559E+01 -8.2413E+00  0.0000E+00  0.0000E+00  2.2492E+01  0.0000E+00  0.0000E+00
  3.0000E+01  5.0800E+01  3.5000E+00  0.0000E+00  1.0000E+00  1.0000E+00  1.0000E+00  2.2192E+01 -8.3968E+00  0.0000E+00  0.0000E+00  2.3159E+01  0.0000E+00  0.0000E+00
  3.0000E+01  6.2800E+01  3.5000E+00  0.0000E+00  1.0000E+00  1.0000E+00  1.0000E+00  2.2787E+01 -8.5387E+00  0.0000E+00  0.0000E+00  2.3787E+01  0.0000E+00  0.0000E+00
  3.0000E+01  7.5300E+01  3.5000E+00  0.0000E+00  1.0000E+00  1.0000E+00  1.0000E+00  2.3282E+01 -8.6534E+00  0.0000E+00  0.0000E+00  2.4309E+01  0.0000E+00  0.0000E+00
  3.0000E+01  8.7300E+01  3.5000E+00  0.0000E+00  1.0000E+00  1.0000E+00  1.0000E+00  2.3801E+01 -8.7709E+00  0.0000E+00  0.0000E+00  2.4857E+01  0.0000E+00  0.0000E+00
  3.0000E+01  9.8800E+01  3.5000E+00  0.0000E+00  1.0000E+00  1.0000E+00  1.0000E+00  2.4347E+01 -8.8912E+00  0.0000E+00  0.0000E+00  2.5433E+01  0.0000E+00  0.0000E+00
  3.0000E+01  1.1080E+02  3.5000E+00  0.0000E+00  1.0000E+00  1.0000E+00  1.0000E+00  2.4803E+01 -8.9893E+00  0.0000E+00  0.0000E+00  2.5914E+01  0.0000E+00  0.0000E+00
  3.0000E+01  1.2330E+02  3.5000E+00  0.0000E+00  1.0000E+00  1.0000E+00  1.0000E+00  2.5172E+01 -9.0671E+00  0.0000E+00  0.0000E+00  2.6306E+01  0.0000E+00  0.0000E+00
  3.0000E+01  1.3480E+02  3.5000E+00  0.0000E+00  1.0000E+00  1.0000E+00  1.0000E+00  2.5640E+01 -9.1635E+00  0.0000E+00  0.0000E+00  2.6799E+01  0.0000E+00  0.0000E+00
  3.0000E+01  2.2630E+02  0.0000E+00  1.6500E+01  0.0000E+00  0.0000E+00  1.0000E+00  1.5934E+01  2.3565E-01  1.2249E-01  1.6500E+01  1.6709E+01 -2.0870E-01  1.2156E-01
  3.1000E+01  0.0000E+00  0.0000E+00  0.0000E+00  1.0000E+00  0.0000E+00  1.0000E+00  0.0000E+00  0.0000E+00  0.0000E+00  0.0000E+00  0.0000E+00  0.0000E+00  0.0000E+00
  3.1000E+01  0.0000E+00  3.0000E+01  0.0000E+00  1.0000E+00  1.0000E+00  1.0000E+00  2.3761E+01 -8.7621E+00  0.0000E+00  0.0000E+00  2.1395E+01  0.0000E+00  0.0000E+00
  3.1000E+01  1.0000E+00  0.0000E+00  2.5300E+01  0.0000E+00  0.0000E+00  1.0000E+00  2.3653E+01  6.0843E-01  9.5005E-01  2.5300E+01  2.1293E+01  4.0069E+00  9.9548E-01
  3.2000E+01  0.0000E+00  0.0000E+00  0.0000E+00  1.0000E+00  0.0000E+00  1.0000E+00  0.0000E+00  0.0000E+00  0.0000E+00  0.0000E+00  0.0000E+00  0.0000E+00  0.0000E+00
  3.2000E+01  0.0000E+00  7.0000E+01  0.0000E+00  1.0000E+00  1.0000E+00  1.0000E+00  1.5850E+01 -6.6101E+00  0.0000E+00  0.0000E+00  2.1058E+01  0.0000E+00  0.0000E+00
  3.2000E+01  6.5000E+00  0.0000E+00  1.2700E+01  0.0000E+00  0.0000E+00  1.0000E+00  1.5184E+01 -1.0455E+00 -1.5824E+00  1.2700E+01  2.0270E+01 -7.5701E+00 -1.4289E+00
  3.2000E+01  1.2000E+01  7.5000E+00  0.0000E+00  1.0000E+00  1.0000E+00  1.0000E+00  1.6340E+01 -6.7671E+00  0.0000E+00  0.0000E+00  2.1883E+01  0.0000E+00  0.0000E+00
  3.2000E+01  2.1600E+01  3.5000E+01  0.0000E+00  1.0000E+00  1.0000E+00  1.0000E+00  2.3261E+01 -8.6487E+00  0.0000E+00  0.0000E+00  3.1214E+01  0.0000E+00  0.0000E+00
  3.2000E+01  2.4000E+01  0.0000E+00  2.2100E+01  0.0000E+00  0.0000E+00  1.0000E+00  2.2895E+01 -2.9740E-01 -1.0961E+00  2.2100E+01  3.0777E+01 -8.6774E+00 -9.4425E-01
  3.2000E+01  2.4300E+01  7.5000E+00  0.0000E+00  1.0000E+00  1.0000E+00  1.0000E+00  2.4548E+01 -8.9347E+00  0.0000E+00  0.0000E+00  3.2979E+01  0.0000E+00  0.0000E+00
  3.2000E+01  3.5600E+01  7.5000E+00  0.0000E+00  1.0000E+00  1.0000E+00  1.0000E+00  2.4480E+01 -8.9201E+00  0.0000E+00  0.0000E+00  3.3121E+01  0.0000E+00  0.0000E+00
  3.2000E+01  4.8000E+01  7.5000E+00  0.0000E+00  1.0000E+00  1.0000E+00  1.0000E+00  2.4253E+01 -8.8707E+00  0.0000E+00  0.0000E+00  3.3054E+01  0.0000E+00  0.0000E+00
  3.2000E+01  6.1000E+01  7.5000E+00  0.0000E+00  1.0000E+00  1.0000E+00  1.0000E+00  2.3955E+01 -8.8051E+00  0.0000E+00  0.0000E+00  3.2883E+01  0.0000E+00  0.0000E+00
  3.2000E+01  7.2000E+01  7.5000E+00  0.0000E+00  1.0000E+00  1.0000E+00  1.0000E+00  2.3959E+01 -8.8061E+00  0.0000E+00  0.0000E+00  3.3067E+01  0.0000E+00  0.0000E+00
  3.2000E+01  8.3500E+01  0.0000E+00  2.1200E+01  0.0000E+00  0.0000E+00  1.0000E+00  2.2190E+01 -3.7479E-01 -1.2455E+00  2.1200E+01  3.0892E+01 -9.6916E+00 -1.0564E+00
  3.3000E+01  0.0000E+00  0.0000E+00  0.0000E+00  1.0000E+00  0.0000E+00  1.0000E+00  0.0000E+00  0.0000E+00  0.0000E+00  0.0000E+00  0.0000E+00  0.0000E+00  0.0000E+00
  3.3000E+01  0.0000E+00  1.7000E+01  0.0000E+00  1.0000E+00  1.0000E+00  1.0000E+00  1.0971E+01 -4.8675E+00  0.0000E+00  0.0000E+00  1.0152E+01  0.0000E+00  0.0000E+00
  3.3000E+01  4.0000E+00  1.7000E+01  0.0000E+00  1.0000E+00  1.0000E+00  1.0000E+00  2.1734E+01 -8.2847E+00  0.0000E+00  0.0000E+00  2.0105E+01  0.0000E+00  0.0000E+00
  3.3000E+01  5.5000E+00  0.0000E+00  2.1200E+01  0.0000E+00  0.0000E+00  1.0000E+00  2.1578E+01 -1.4451E-01  3.3760E-02  2.1200E+01  1.9956E+01  1.2439E+00  3.8811E-02
  3.3000E+01  1.6000E+01  4.3000E+00  0.0000E+00  1.0000E+00  1.0000E+00  1.0000E+00  2.3296E+01 -8.6567E+00  0.0000E+00  0.0000E+00  2.1511E+01  0.0000E+00  0.0000E+00
  3.3000E+01  2.8000E+01  4.3000E+00  0.0000E+00  1.0000E+00  1.0000E+00  1.0000E+00  2.4771E+01 -8.9826E+00  0.0000E+00  0.0000E+00  2.2835E+01  0.0000E+00  0.0000E+00
  3.3000E+01  4.0300E+01  4.3000E+00  0.0000E+00  1.0000E+00  1.0000E+00  1.0000E+00  2.6131E+01 -9.2623E+00  0.0000E+00  0.0000E+00  2.4050E+01  0.0000E+00  0.0000E+00
  3.3000E+01  5.2000E+01  4.3000E+00  0.0000E+00  1.0000E+00  1.0000E+00  1.0000E+00  2.7484E+01 -9.5222E+00  0.0000E+00  0.0000E+00  2.5261E+01  0.0000E+00  0.0000E+00
  3.3000E+01  6.5000E+01  0.0000E+00  2.7400E+01  0.0000E+00  0.0000E+00  1.0000E+00  2.5826E+01  5.6060E-01  7.9544E-01  2.7400E+01  2.3682E+01  3.7175E+00  8.2655E-01
  3.4000E+01  0.0000E+00  0.0000E+00  0.0000E+00  1.0000E+00  0.0000E+00  1.0000E+00  0.0000E+00  0.0000E+00  0.0000E+00  0.0000E+00  0.0000E+00  0.0000E+00  0.0000E+00
  3.4000E+01  0.0000E+00  3.4000E+01  0.0000E+00  1.0000E+00  1.0000E+00  1.0000E+00  2.1872E+01 -8.3189E+00  0.0000E+00  0.0000E+00  2.0305E+01  0.0000E+00  0.0000E+00
  3.4000E+01  1.8000E+00  0.0000E+00  2.2100E+01  0.0000E+00  0.0000E+00  1.0000E+00  2.1684E+01  1.5874E-01  3.2247E-01  2.2100E+01  2.0124E+01  1.9758E+00  3.3406E-01
  3.4000E+01  1.1800E+01  4.3000E+00  0.0000E+00  1.0000E+00  1.0000E+00  1.0000E+00  2.3433E+01 -8.6879E+00  0.0000E+00  0.0000E+00  2.1718E+01  0.0000E+00  0.0000E+00
  3.4000E+01  2.3800E+01  4.3000E+00  0.0000E+00  1.0000E+00  1.0000E+00  1.0000E+00  2.4886E+01 -9.0069E+00  0.0000E+00  0.0000E+00  2.3030E+01  0.0000E+00  0.0000E+00
  3.4000E+01  4.7800E+01  4.3000E+00  0.0000E+00  1.0000E+00  1.0000E+00  1.0000E+00  2.4942E+01 -9.0187E+00  0.0000E+00  0.0000E+00  2.3011E+01  0.0000E+00  0.0000E+00
  3.4000E+01  5.9800E+01  4.0000E+00  0.0000E+00  1.0000E+00  1.0000E+00  1.0000E+00  2.6118E+01 -9.2596E+00  0.0000E+00  0.0000E+00  2.4069E+01  0.0000E+00  0.0000E+00
  3.4000E+01  7.1800E+01  4.0000E+00  0.0000E+00  1.0000E+00  1.0000E+00  1.0000E+00  2.7228E+01 -9.4743E+00  0.0000E+00  0.0000E+00  2.5066E+01  0.0000E+00  0.0000E+00
  3.4000E+01  8.3800E+01  4.0000E+00  0.0000E+00  1.0000E+00  1.0000E+00  1.0000E+00  2.8261E+01 -9.6637E+00  0.0000E+00  0.0000E+00  2.5992E+01  0.0000E+00  0.0000E+00
  3.4000E+01  8.6800E+01  0.0000E+00  2.8700E+01  0.0000E+00  0.0000E+00  1.0000E+00  2.7853E+01  2.9171E-01  5.2420E-01  2.8700E+01  2.5604E+01  3.0957E+00  5.4617E-01
  3.5000E+01  0.0000E+00  0.0000E+00  0.0000E+00  1.0000E+00  0.0000E+00  1.0000E+00  0.0000E+00  0.0000E+00  0.0000E+00  0.0000E+00  0.0000E+00  0.0000E+00  0.0000E+00
  3.5000E+01  0.0000E+00  2.5000E+01  0.0000E+00  1.0000E+00  1.0000E+00  1.0000E+00  1.2999E+01 -5.6311E+00  0.0000E+00  0.0000E+00  1.0495E+01  0.0000E+00  0.0000E+00
  3.5000E+01  3.5000E+00  2.5000E+01  0.0000E+00  1.0000E+00  1.0000E+00  1.0000E+00  2.5780E+01 -9.1919E+00  0.0000E+00  0.0000E+00  2.0793E+01  0.0000E+00  0.0000E+00
  3.5000E+01  1.5000E+01  6.0000E+00  0.0000E+00  1.0000E+00  1.0000E+00  1.0000E+00  2.7506E+01 -9.5264E+00  0.0000E+00  0.0000E+00  2.2058E+01  0.0000E+00  0.0000E+00
  3.5000E+01  1.9000E+01  0.0000E+00  2.5200E+01  0.0000E+00  0.0000E+00  1.0000E+00  2.6980E+01 -6.2186E-01 -5.7307E-02  2.5200E+01  2.1586E+01  3.6137E+00 -5.2843E-02
  3.5000E+01  2.7000E+01  6.0000E+00  0.0000E+00  1.0000E+00  1.0000E+00  1.0000E+00  2.9076E+01 -9.8063E+00  0.0000E+00  0.0000E+00  2.3191E+01  0.0000E+00  0.0000E+00
  3.5000E+01  3.9000E+01  6.0000E+00  0.0000E+00  1.0000E+00  1.0000E+00  1.0000E+00  3.0558E+01 -1.0051E+01  0.0000E+00  0.0000E+00  2.4253E+01  0.0000E+00  0.0000E+00
  3.5000E+01  5.1000E+01  6.0000E+00  0.0000E+00  1.0000E+00  1.0000E+00  1.0000E+00  3.1956E+01 -1.0265E+01  0.0000E+00  0.0000E+00  2.5247E+01  0.0000E+00  0.0000E+00
  3.5000E+01  6.3000E+01  6.0000E+00  0.0000E+00  1.0000E+00  1.0000E+00  1.0000E+00  3.3275E+01 -1.0454E+01  0.0000E+00  0.0000E+00  2.6180E+01  0.0000E+00  0.0000E+00
  3.5000E+01  7.5000E+01  6.0000E+00  0.0000E+00  1.0000E+00  1.0000E+00  1.0000E+00  3.4502E+01 -1.0619E+01  0.0000E+00  0.0000E+00  2.7038E+01  0.0000E+00  0.0000E+00
  3.5000E+01  8.7000E+01  6.0000E+00  0.0000E+00  1.0000E+00  1.0000E+00  1.0000E+00  3.5660E+01 -1.0765E+01  0.0000E+00  0.0000E+00  2.7842E+01  0.0000E+00  0.0000E+00
  3.5000E+01  9.9000E+01  0.0000E+00  3.8000E+01  0.0000E+00  0.0000E+00  1.0000E+00  3.3631E+01  1.3643E+00  2.1486E+00  3.8000E+01  2.6076E+01  1.1924E+01  2.4276E+00
  3.6000E+01  0.0000E+00  0.0000E+00  0.0000E+00  1.0000E+00  0.0000E+00  1.0000E+00  0.0000E+00  0.0000E+00  0.0000E+00  0.0000E+00  0.0000E+00  0.0000E+00  0.0000E+00
  3.6000E+01  0.0000E+00  3.0000E+01  0.0000E+00  1.0000E+00  1.0000E+00  1.0000E+00  1.9804E+01 -7.7847E+00  0.0000E+00  0.0000E+00  2.0087E+01  0.0000E+00  0.0000E+00
  3.6000E+01  2.0000E+00  0.0000E+00  2.3200E+01  0.0000E+00  0.0000E+00  1.0000E+00  1.9605E+01  1.4174E+00  1.4337E+00  2.3200E+01  1.9894E+01  3.3058E+00  1.4254E+00
  3.6000E+01  1.2000E+01  4.0000E+00  0.0000E+00  1.0000E+00  1.0000E+00  1.0000E+00  2.1284E+01 -8.1723E+00  0.0000E+00  0.0000E+00  2.1635E+01  0.0000E+00  0.0000E+00
  3.6000E+01  2.3500E+01  4.0000E+00  0.0000E+00  1.0000E+00  1.0000E+00  1.0000E+00  2.2728E+01 -8.5247E+00  0.0000E+00  0.0000E+00  2.3145E+01  0.0000E+00  0.0000E+00
  3.6000E+01  3.6000E+01  4.0000E+00  0.0000E+00  1.0000E+00  1.0000E+00  1.0000E+00  2.3983E+01 -8.8114E+00  0.0000E+00  0.0000E+00  2.4468E+01  0.0000E+00  0.0000E+00
  3.6000E+01  4.8000E+01  4.0000E+00  0.0000E+00  1.0000E+00  1.0000E+00  1.0000E+00  2.5219E+01 -9.0767E+00  0.0000E+00  0.0000E+00  2.5769E+01  0.0000E+00  0.0000E+00
  3.6000E+01  6.0000E+01  4.0000E+00  0.0000E+00  1.0000E+00  1.0000E+00  1.0000E+00  2.6382E+01 -9.3118E+00  0.0000E+00  0.0000E+00  2.6997E+01  0.0000E+00  0.0000E+00
  3.6000E+01  7.2000E+01  4.0000E+00  0.0000E+00  1.0000E+00  1.0000E+00  1.0000E+00  2.7460E+01 -9.5179E+00  0.0000E+00  0.0000E+00  2.8140E+01  0.0000E+00  0.0000E+00
  3.6000E+01  8.5000E+01  4.0000E+00  0.0000E+00  1.0000E+00  1.0000E+00  1.0000E+00  2.8344E+01 -9.6785E+00  0.0000E+00  0.0000E+00  2.9088E+01  0.0000E+00  0.0000E+00
  3.6000E+01  9.6000E+01  4.0000E+00  0.0000E+00  1.0000E+00  1.0000E+00  1.0000E+00  2.9443E+01 -9.8684E+00  0.0000E+00  0.0000E+00  3.0246E+01  0.0000E+00  0.0000E+00
  3.6000E+01  1.0800E+02  4.0000E+00  0.0000E+00  1.0000E+00  1.0000E+00  1.0000E+00  3.0340E+01 -1.0016E+01  0.0000E+00  0.0000E+00  3.1204E+01  0.0000E+00  0.0000E+00
  3.6000E+01  1.2000E+02  4.0000E+00  0.0000E+00  1.0000E+00  1.0000E+00  1.0000E+00  3.1184E+01 -1.0149E+01  0.0000E+00  0.0000E+00  3.2108E+01  0.0000E+00  0.0000E+00
  3.6000E+01  1.3200E+02  4.0000E+00  0.0000E+00  1.0000E+00  1.0000E+00  1.0000E+00  3.1979E+01 -1.0268E+01  0.0000E+00  0.0000E+00  3.2960E+01  0.0000E+00  0.0000E+00
  3.6000E+01  1.3400E+02  0.0000E+00  2.8900E+01  0.0000E+00  0.0000E+00  1.0000E+00  3.1655E+01 -8.8953E-01 -9.4416E-01  2.8900E+01  3.2640E+01 -3.7396E+00 -9.2617E-01
  3.6000E+01  3.0400E+02  0.0000E+00  1.2700E+01  0.0000E+00  0.0000E+00  1.0000E+00  1.3031E+01 -1.4326E-01 -2.4198E-01  1.2700E+01  1.3927E+01 -1.2266E+00 -2.3997E-01
  3.7000E+01  0.0000E+00  0.0000E+00  0.0000E+00  1.0000E+00  0.0000E+00  1.0000E+00  0.0000E+00  0.0000E+00  0.0000E+00  0.0000E+00  0.0000E+00  0.0000E+00  0.0000E+00
  3.7000E+01  0.0000E+00  2.4000E+01  0.0000E+00  1.0000E+00  1.0000E+00  1.0000E+00  1.9900E+01 -7.8107E+00  0.0000E+00  0.0000E+00  1.9705E+01  0.0000E+00  0.0000E+00
  3.7000E+01  2.3000E+00  0.0000E+00  1.9500E+01  0.0000E+00  0.0000E+00  1.0000E+00  1.9692E+01 -7.5665E-02 -7.9651E-02  1.9500E+01  1.9498E+01  2.0051E-03 -7.9582E-02
  3.7000E+01  1.1800E+01  3.0000E+00  0.0000E+00  1.0000E+00  1.0000E+00  1.0000E+00  2.1345E+01 -8.1877E+00  0.0000E+00  0.0000E+00  2.1128E+01  0.0000E+00  0.0000E+00
  3.7000E+01  2.4300E+01  3.0000E+00  0.0000E+00  1.0000E+00  1.0000E+00  1.0000E+00  2.2649E+01 -8.5062E+00  0.0000E+00  0.0000E+00  2.2413E+01  0.0000E+00  0.0000E+00
  3.7000E+01  3.6300E+01  3.0000E+00  0.0000E+00  1.0000E+00  1.0000E+00  1.0000E+00  2.3931E+01 -8.7998E+00  0.0000E+00  0.0000E+00  2.3674E+01  0.0000E+00  0.0000E+00
  3.7000E+01  4.8300E+01  3.0000E+00  0.0000E+00  1.0000E+00  1.0000E+00  1.0000E+00  2.5144E+01 -9.0611E+00  0.0000E+00  0.0000E+00  2.4867E+01  0.0000E+00  0.0000E+00
  3.7000E+01  6.0300E+01  3.0000E+00  0.0000E+00  1.0000E+00  1.0000E+00  1.0000E+00  2.6292E+01 -9.2942E+00  0.0000E+00  0.0000E+00  2.5996E+01  0.0000E+00  0.0000E+00
  3.7000E+01  7.2800E+01  3.0000E+00  0.0000E+00  1.0000E+00  1.0000E+00  1.0000E+00  2.7313E+01 -9.4904E+00  0.0000E+00  0.0000E+00  2.6999E+01  0.0000E+00  0.0000E+00
  3.7000E+01  8.4300E+01  3.0000E+00  0.0000E+00  1.0000E+00  1.0000E+00  1.0000E+00  2.8396E+01 -9.6877E+00  0.0000E+00  0.0000E+00  2.8064E+01  0.0000E+00  0.0000E+00
  3.7000E+01  9.6300E+01  3.0000E+00  0.0000E+00  1.0000E+00  1.0000E+00  1.0000E+00  2.9361E+01 -9.8547E+00  0.0000E+00  0.0000E+00  2.9012E+01  0.0000E+00  0.0000E+00
  3.7000E+01  1.0830E+02  3.0000E+00  0.0000E+00  1.0000E+00  1.0000E+00  1.0000E+00  3.0275E+01 -1.0005E+01  0.0000E+00  0.0000E+00  2.9909E+01  0.0000E+00  0.0000E+00
  3.7000E+01  1.1980E+02  3.0000E+00  0.0000E+00  1.0000E+00  1.0000E+00  1.0000E+00  3.1205E+01 -1.0152E+01  0.0000E+00  0.0000E+00  3.0823E+01  0.0000E+00  0.0000E+00
  3.7000E+01  1.3230E+02  3.0000E+00  0.0000E+00  1.0000E+00  1.0000E+00  1.0000E+00  3.1952E+01 -1.0264E+01  0.0000E+00  0.0000E+00  3.1554E+01  0.0000E+00  0.0000E+00
  3.7000E+01  1.4430E+02  3.0000E+00  0.0000E+00  1.0000E+00  1.0000E+00  1.0000E+00  3.2704E+01 -1.0374E+01  0.0000E+00  0.0000E+00  3.2292E+01  0.0000E+00  0.0000E+00
  3.7000E+01  1.5630E+02  3.0000E+00  0.0000E+00  1.0000E+00  1.0000E+00  1.0000E+00  3.3416E+01 -1.0473E+01  0.0000E+00  0.0000E+00  3.2989E+01  0.0000E+00  0.0000E+00
  3.7000E+01  1.5980E+02  0.0000E+00  3.3400E+01  0.0000E+00  0.0000E+00  1.0000E+00  3.2876E+01  1.6573E-01  1.7310E-01  3.3400E+01  3.2452E+01  9.4823E-01  1.7403E-01
  3.8000E+01  0.0000E+00  0.0000E+00  0.0000E+00  1.0000E+00  0.0000E+00  1.0000E+00  0.0000E+00  0.0000E+00  0.0000E+00  0.0000E+00  0.0000E+00  0.0000E+00  0.0000E+00
  3.8000E+01  0.0000E+00  2.6000E+01  0.0000E+00  1.0000E+00  1.0000E+00  1.0000E+00  1.8474E+01 -7.4129E+00  0.0000E+00  0.0000E+00  1.9841E+01  0.0000E+00  0.0000E+00
  3.8000E+01  1.8000E+00  0.0000E+00  1.7900E+01  0.0000E+00  0.0000E+00  1.0000E+00  1.8314E+01 -1.6645E-01 -3.0239E-01  1.7900E+01  1.9675E+01 -1.7750E+00 -2.9218E-01
  3.8000E+01  1.1600E+01  3.0000E+00  0.0000E+00  1.0000E+00  1.0000E+00  1.0000E+00  1.9596E+01 -7.7281E+00  0.0000E+00  0.0000E+00  2.1083E+01  0.0000E+00  0.0000E+00
  3.8000E+01  2.3300E+01  3.0000E+00  0.0000E+00  1.0000E+00  1.0000E+00  1.0000E+00  2.0647E+01 -8.0089E+00  0.0000E+00  0.0000E+00  2.2250E+01  0.0000E+00  0.0000E+00
  3.8000E+01  3.5300E+01  3.0000E+00  0.0000E+00  1.0000E+00  1.0000E+00  1.0000E+00  2.1612E+01 -8.2545E+00  0.0000E+00  0.0000E+00  2.3325E+01  0.0000E+00  0.0000E+00
  3.8000E+01  4.7300E+01  3.0000E+00  0.0000E+00  1.0000E+00  1.0000E+00  1.0000E+00  2.2522E+01 -8.4759E+00  0.0000E+00  0.0000E+00  2.4342E+01  0.0000E+00  0.0000E+00
  3.8000E+01  5.9300E+01  3.0000E+00  0.0000E+00  1.0000E+00  1.0000E+00  1.0000E+00  2.3381E+01 -8.6760E+00  0.0000E+00  0.0000E+00  2.5303E+01  0.0000E+00  0.0000E+00
  3.8000E+01  7.1300E+01  3.0000E+00  0.0000E+00  1.0000E+00  1.0000E+00  1.0000E+00  2.4191E+01 -8.8572E+00  0.0000E+00  0.0000E+00  2.6211E+01  0.0000E+00  0.0000E+00
  3.8000E+01  8.3300E+01  3.0000E+00  0.0000E+00  1.0000E+00  1.0000E+00  1.0000E+00  2.4939E+01 -9.0180E+00  0.0000E+00  0.0000E+00  2.7053E+01  0.0000E+00  0.0000E+00
  3.8000E+01  9.5300E+01  3.0000E+00  0.0000E+00  1.0000E+00  1.0000E+00  1.0000E+00  2.5644E+01 -9.1642E+00  0.0000E+00  0.0000E+00  2.7848E+01  0.0000E+00  0.0000E+00
  3.8000E+01  1.0730E+02  3.0000E+00  0.0000E+00  1.0000E+00  1.0000E+00  1.0000E+00  2.6309E+01 -9.2974E+00  0.0000E+00  0.0000E+00  2.8599E+01  0.0000E+00  0.0000E+00
  3.8000E+01  1.1880E+02  0.0000E+00  2.1600E+01  0.0000E+00  0.0000E+00  1.0000E+00  2.4865E+01 -1.1819E+00 -1.3963E+00  2.1600E+01  2.7083E+01 -5.4835E+00 -1.3380E+00
  3.8000E+01  1.1930E+02  3.0000E+00  0.0000E+00  1.0000E+00  1.0000E+00  1.0000E+00  2.6935E+01 -9.4190E+00  0.0000E+00  0.0000E+00  2.9309E+01  0.0000E+00  0.0000E+00
  3.8000E+01  1.3130E+02  3.0000E+00  0.0000E+00  1.0000E+00  1.0000E+00  1.0000E+00  2.7526E+01 -9.5301E+00  0.0000E+00  0.0000E+00  2.9979E+01  0.0000E+00  0.0000E+00
  3.8000E+01  1.4330E+02  3.0000E+00  0.0000E+00  1.0000E+00  1.0000E+00  1.0000E+00  2.8083E+01 -9.6318E+00  0.0000E+00  0.0000E+00  3.0613E+01  0.0000E+00  0.0000E+00
  3.8000E+01  1.5530E+02  3.0000E+00  0.0000E+00  1.0000E+00  1.0000E+00  1.0000E+00  2.8599E+01 -9.7235E+00  0.0000E+00  0.0000E+00  3.1201E+01  0.0000E+00  0.0000E+00
  3.8000E+01  1.6730E+02  3.0000E+00  0.0000E+00  1.0000E+00  1.0000E+00  1.0000E+00  2.9085E+01 -9.8077E+00  0.0000E+00  0.0000E+00  3.1757E+01  0.0000E+00  0.0000E+00
  3.8000E+01  1.8330E+02  0.0000E+00  3.0500E+01  0.0000E+00  0.0000E+00  1.0000E+00  2.6875E+01  1.2690E+00  1.0254E+00  3.0500E+01  2.9426E+01  1.0738E+00  9.8131E-01
  3.8000E+01  3.1030E+02  0.0000E+00  1.3000E+01  0.0000E+00  0.0000E+00  1.0000E+00  1.4189E+01 -5.0721E-01 -6.7781E-01  1.3000E+01  1.5891E+01 -2.8912E+00 -6.5185E-01
  3.9000E+01  0.0000E+00  0.0000E+00  0.0000E+00  1.0000E+00  0.0000E+00  1.0000E+00  0.0000E+00  0.0000E+00  0.0000E+00  0.0000E+00  0.0000E+00  0.0000E+00  0.0000E+00
  3.9000E+01  0.0000E+00  5.6000E+01  0.0000E+00  1.0000E+00  1.0000E+00  1.0000E+00  3.0343E+01 -1.0016E+01  0.0000E+00  0.0000E+00  3.0211E+01  0.0000E+00  0.0000E+00
  3.9000E+01  1.4000E+00  0.0000E+00  3.0000E+01  0.0000E+00  0.0000E+00  1.0000E+00  3.0126E+01 -4.1674E-02 -6.2752E-02  3.0000E+01  2.9996E+01  3.7109E-03 -6.2050E-02
  3.9000E+01  1.2700E+01  5.0000E+00  0.0000E+00  1.0000E+00  1.0000E+00  1.0000E+00  3.1140E+01 -1.0142E+01  0.0000E+00  0.0000E+00  3.1018E+01  0.0000E+00  0.0000E+00
  3.9000E+01  2.4400E+01  5.0000E+00  0.0000E+00  1.0000E+00  1.0000E+00  1.0000E+00  3.2036E+01 -1.0277E+01  0.0000E+00  0.0000E+00  3.1922E+01  0.0000E+00  0.0000E+00
  3.9000E+01  3.6400E+01  5.0000E+00  0.0000E+00  1.0000E+00  1.0000E+00  1.0000E+00  3.2834E+01 -1.0392E+01  0.0000E+00  0.0000E+00  3.2729E+01  0.0000E+00  0.0000E+00
  3.9000E+01  4.8400E+01  5.0000E+00  0.0000E+00  1.0000E+00  1.0000E+00  1.0000E+00  3.3584E+01 -1.0496E+01  0.0000E+00  0.0000E+00  3.3488E+01  0.0000E+00  0.0000E+00
  3.9000E+01  6.0400E+01  5.0000E+00  0.0000E+00  1.0000E+00  1.0000E+00  1.0000E+00  3.4290E+01 -1.0591E+01  0.0000E+00  0.0000E+00  3.4202E+01  0.0000E+00  0.0000E+00
  3.9000E+01  7.2300E+01  5.0000E+00  0.0000E+00  1.0000E+00  1.0000E+00  1.0000E+00  3.4953E+01 -1.0677E+01  0.0000E+00  0.0000E+00  3.4873E+01  0.0000E+00  0.0000E+00
  3.9000E+01  8.4800E+01  5.0000E+00  0.0000E+00  1.0000E+00  1.0000E+00  1.0000E+00  3.5475E+01 -1.0742E+01  0.0000E+00  0.0000E+00  3.5404E+01  0.0000E+00  0.0000E+00
  3.9000E+01  9.6400E+01  5.0000E+00  0.0000E+00  1.0000E+00  1.0000E+00  1.0000E+00  3.6119E+01 -1.0821E+01  0.0000E+00  0.0000E+00  3.6055E+01  0.0000E+00  0.0000E+00
  3.9000E+01  1.0840E+02  5.0000E+00  0.0000E+00  1.0000E+00  1.0000E+00  1.0000E+00  3.6656E+01 -1.0884E+01  0.0000E+00  0.0000E+00  3.6599E+01  0.0000E+00  0.0000E+00
  3.9000E+01  1.1040E+02  0.0000E+00  3.7700E+01  0.0000E+00  0.0000E+00  1.0000E+00  3.6279E+01  4.2464E-01  3.7853E-01  3.7700E+01  3.6225E+01  1.4746E+00  3.7765E-01
  3.9000E+01  1.2040E+02  5.0000E+00  0.0000E+00  1.0000E+00  1.0000E+00  1.0000E+00  3.7160E+01 -1.0942E+01  0.0000E+00  0.0000E+00  3.7111E+01  0.0000E+00  0.0000E+00
  3.9000E+01  1.3240E+02  5.0000E+00  0.0000E+00  1.0000E+00  1.0000E+00  1.0000E+00  3.7634E+01 -1.0996E+01  0.0000E+00  0.0000E+00  3.7592E+01  0.0000E+00  0.0000E+00
  3.9000E+01  2.6040E+02  0.0000E+00  1.8400E+01  0.0000E+00  0.0000E+00  1.0000E+00  1.9148E+01 -2.9695E-01 -3.6028E-01  1.8400E+01  1.9222E+01 -8.2180E-01 -3.5877E-01
  4.0000E+01  0.0000E+00  0.0000E+00  0.0000E+00  1.0000E+00  0.0000E+00  1.0000E+00  0.0000E+00  0.0000E+00  0.0000E+00  0.0000E+00  0.0000E+00  0.0000E+00  0.0000E+00
  4.0000E+01  0.0000E+00  1.9000E+01  0.0000E+00  1.0000E+00  1.0000E+00  1.0000E+00  1.4737E+01 -6.2411E+00  0.0000E+00  0.0000E+00  1.6891E+01  0.0000E+00  0.0000E+00
  4.0000E+01  1.0000E+00  0.0000E+00  1.3700E+01  0.0000E+00  0.0000E+00  1.0000E+00  1.4667E+01 -4.1007E-01 -6.9535E-01  1.3700E+01  1.6815E+01 -3.1151E+00 -6.6280E-01
  4.0000E+01  2.0000E+00  3.0000E+00  0.0000E+00  1.0000E+00  1.0000E+00  1.0000E+00  1.6925E+01 -6.9501E+00  0.0000E+00  0.0000E+00  1.9407E+01  0.0000E+00  0.0000E+00
  4.0000E+01  3.8000E+00  1.2000E+01  0.0000E+00  1.0000E+00  1.0000E+00  1.0000E+00  2.6089E+01 -9.2539E+00  0.0000E+00  0.0000E+00  2.9918E+01  0.0000E+00  0.0000E+00
  4.0000E+01  4.0000E+00  0.0000E+00  2.5000E+01  0.0000E+00  0.0000E+00  1.0000E+00  2.6064E+01 -3.7758E-01 -8.5226E-01  2.5000E+01  2.9891E+01 -4.8909E+00 -7.9395E-01
  4.1000E+01  0.0000E+00  0.0000E+00  0.0000E+00  1.0000E+00  0.0000E+00  1.0000E+00  0.0000E+00  0.0000E+00  0.0000E+00  0.0000E+00  0.0000E+00  0.0000E+00  0.0000E+00
  4.1000E+01  0.0000E+00  3.4000E+01  0.0000E+00  1.0000E+00  1.0000E+00  1.0000E+00  1.8601E+01 -7.4493E+00  0.0000E+00  0.0000E+00  2.0305E+01  0.0000E+00  0.0000E+00
  4.1000E+01  2.0000E+00  0.0000E+00  1.8600E+01  0.0000E+00  0.0000E+00  1.0000E+00  1.8411E+01  7.6025E-02 -1.1796E-01  1.8600E+01  2.0104E+01 -1.5042E+00 -1.1192E-01
  4.1000E+01  7.3000E+00  4.0000E+00  0.0000E+00  1.0000E+00  1.0000E+00  1.0000E+00  2.0104E+01 -7.8657E+00  0.0000E+00  0.0000E+00  2.1971E+01  0.0000E+00  0.0000E+00
  4.1000E+01  1.2000E+01  4.0000E+00  0.0000E+00  1.0000E+00  1.0000E+00  1.0000E+00  2.1813E+01 -8.3043E+00  0.0000E+00  0.0000E+00  2.3853E+01  0.0000E+00  0.0000E+00
  4.1000E+01  2.4800E+01  4.0000E+00  0.0000E+00  1.0000E+00  1.0000E+00  1.0000E+00  2.2612E+01 -8.4974E+00  0.0000E+00  0.0000E+00  2.4774E+01  0.0000E+00  0.0000E+00
  4.1000E+01  3.3900E+01  4.0000E+00  0.0000E+00  1.0000E+00  1.0000E+00  1.0000E+00  2.3767E+01 -8.7634E+00  0.0000E+00  0.0000E+00  2.6068E+01  0.0000E+00  0.0000E+00
  4.1000E+01  3.6000E+01  0.0000E+00  2.1000E+01  0.0000E+00  0.0000E+00  1.0000E+00  2.3512E+01 -9.3018E-01 -1.1838E+00  2.1000E+01  2.5798E+01 -4.7979E+00 -1.1357E+00
  4.1000E+01  4.8300E+01  4.0000E+00  0.0000E+00  1.0000E+00  1.0000E+00  1.0000E+00  2.4260E+01 -8.8723E+00  0.0000E+00  0.0000E+00  2.6659E+01  0.0000E+00  0.0000E+00
  4.1000E+01  5.8700E+01  4.0000E+00  0.0000E+00  1.0000E+00  1.0000E+00  1.0000E+00  2.5186E+01 -9.0698E+00  0.0000E+00  0.0000E+00  2.7706E+01  0.0000E+00  0.0000E+00
  4.1000E+01  5.9000E+01  0.0000E+00  2.6400E+01  0.0000E+00  0.0000E+00  1.0000E+00  2.5147E+01  4.5159E-01  1.7540E-01  2.6400E+01  2.7665E+01 -1.2649E+00  1.6839E-01
  4.2000E+01  0.0000E+00  0.0000E+00  0.0000E+00  1.0000E+00  0.0000E+00  1.0000E+00  0.0000E+00  0.0000E+00  0.0000E+00  0.0000E+00  0.0000E+00  0.0000E+00  0.0000E+00
  4.2000E+01  0.0000E+00  2.8000E+01  0.0000E+00  1.0000E+00  1.0000E+00  1.0000E+00  7.6962E+00 -3.5249E+00  0.0000E+00  0.0000E+00  1.0598E+01  0.0000E+00  0.0000E+00
  4.2000E+01  1.2000E+01  2.8000E+01  0.0000E+00  1.0000E+00  1.0000E+00  1.0000E+00  1.4820E+01 -6.2691E+00  0.0000E+00  0.0000E+00  2.0514E+01  0.0000E+00  0.0000E+00
  4.2000E+01  1.4000E+01  0.0000E+00  1.3300E+01  0.0000E+00  0.0000E+00  1.0000E+00  1.4630E+01 -5.6403E-01 -1.2678E+00  1.3300E+01  2.0287E+01 -6.9872E+00 -1.0900E+00
  4.2000E+01  2.3700E+01  7.0000E+00  0.0000E+00  1.0000E+00  1.0000E+00  1.0000E+00  1.5667E+01 -6.5507E+00  0.0000E+00  0.0000E+00  2.1874E+01  0.0000E+00  0.0000E+00
  4.2000E+01  3.6200E+01  7.0000E+00  0.0000E+00  1.0000E+00  1.0000E+00  1.0000E+00  1.6379E+01 -6.7793E+00  0.0000E+00  0.0000E+00  2.3058E+01  0.0000E+00  0.0000E+00
  4.2000E+01  4.7800E+01  7.0000E+00  0.0000E+00  1.0000E+00  1.0000E+00  1.0000E+00  1.7123E+01 -7.0112E+00  0.0000E+00  0.0000E+00  2.4271E+01  0.0000E+00  0.0000E+00
  4.2000E+01  6.0000E+01  7.0000E+00  0.0000E+00  1.0000E+00  1.0000E+00  1.0000E+00  1.7753E+01 -7.2014E+00  0.0000E+00  0.0000E+00  2.5333E+01  0.0000E+00  0.0000E+00
  4.2000E+01  7.2000E+01  7.0000E+00  0.0000E+00  1.0000E+00  1.0000E+00  1.0000E+00  1.8345E+01 -7.3755E+00  0.0000E+00  0.0000E+00  2.6337E+01  0.0000E+00  0.0000E+00
  4.2000E+01  8.4000E+01  7.0000E+00  0.0000E+00  1.0000E+00  1.0000E+00  1.0000E+00  1.8892E+01 -7.5323E+00  0.0000E+00  0.0000E+00  2.7277E+01  0.0000E+00  0.0000E+00
  4.2000E+01  9.5500E+01  0.0000E+00  1.3900E+01  0.0000E+00  0.0000E+00  1.0000E+00  1.7532E+01 -1.4781E+00 -2.4481E+00  1.3900E+01  2.5577E+01 -1.1677E+01 -2.0740E+00
  4.3000E+01  0.0000E+00  0.0000E+00  0.0000E+00  1.0000E+00  0.0000E+00  1.0000E+00  0.0000E+00  0.0000E+00  0.0000E+00  0.0000E+00  0.0000E+00  0.0000E+00  0.0000E+00
  4.3000E+01  0.0000E+00  1.8000E+01  0.0000E+00  1.0000E+00  1.0000E+00  1.0000E+00  2.1019E+01 -8.1049E+00  0.0000E+00  0.0000E+00  1.9223E+01  0.0000E+00  0.0000E+00
  4.3000E+01  2.0000E+00  0.0000E+00  2.2300E+01  0.0000E+00  0.0000E+00  1.0000E+00  2.0844E+01  5.6287E-01  8.3810E-01  2.2300E+01  1.9058E+01  3.2418E+00  8.6995E-01
  4.4000E+01  0.0000E+00  0.0000E+00  0.0000E+00  1.0000E+00  0.0000E+00  1.0000E+00  0.0000E+00  0.0000E+00  0.0000E+00  0.0000E+00  0.0000E+00  0.0000E+00  0.0000E+00
  4.4000E+01  0.0000E+00  1.4000E+01  0.0000E+00  1.0000E+00  1.0000E+00  1.0000E+00  9.7199E+00 -4.3699E+00  0.0000E+00  0.0000E+00  9.9842E+00  0.0000E+00  0.0000E+00
  4.4000E+01  5.0000E+00  1.4000E+01  0.0000E+00  1.0000E+00  1.0000E+00  1.0000E+00  1.9211E+01 -7.6218E+00  0.0000E+00  0.0000E+00  1.9734E+01  0.0000E+00  0.0000E+00
  4.4000E+01  1.1000E+01  0.0000E+00  1.7800E+01  0.0000E+00  0.0000E+00  1.0000E+00  1.8670E+01 -3.4799E-01 -4.2823E-01  1.7800E+01  1.9179E+01 -1.3788E+00 -4.2429E-01
  4.4000E+01  1.7000E+01  3.5000E+00  0.0000E+00  1.0000E+00  1.0000E+00  1.0000E+00  2.0574E+01 -7.9898E+00  0.0000E+00  0.0000E+00  2.1136E+01  0.0000E+00  0.0000E+00
  4.4000E+01  2.9000E+01  3.5000E+00  0.0000E+00  1.0000E+00  1.0000E+00  1.0000E+00  2.1861E+01 -8.3162E+00  0.0000E+00  0.0000E+00  2.2460E+01  0.0000E+00  0.0000E+00
  4.4000E+01  4.1000E+01  3.5000E+00  0.0000E+00  1.0000E+00  1.0000E+00  1.0000E+00  2.3077E+01 -8.6062E+00  0.0000E+00  0.0000E+00  2.3710E+01  0.0000E+00  0.0000E+00
  4.4000E+01  5.4500E+01  3.5000E+00  0.0000E+00  1.0000E+00  1.0000E+00  1.0000E+00  2.4070E+01 -8.8306E+00  0.0000E+00  0.0000E+00  2.4732E+01  0.0000E+00  0.0000E+00
  4.4000E+01  6.5000E+01  3.5000E+00  0.0000E+00  1.0000E+00  1.0000E+00  1.0000E+00  2.5326E+01 -9.0989E+00  0.0000E+00  0.0000E+00  2.6024E+01  0.0000E+00  0.0000E+00
  4.4000E+01  7.7500E+01  3.5000E+00  0.0000E+00  1.0000E+00  1.0000E+00  1.0000E+00  2.6276E+01 -9.2909E+00  0.0000E+00  0.0000E+00  2.7002E+01  0.0000E+00  0.0000E+00
  4.4000E+01  8.9000E+01  3.5000E+00  0.0000E+00  1.0000E+00  1.0000E+00  1.0000E+00  2.7289E+01 -9.4860E+00  0.0000E+00  0.0000E+00  2.8045E+01  0.0000E+00  0.0000E+00
  4.4000E+01  1.0100E+02  3.5000E+00  0.0000E+00  1.0000E+00  1.0000E+00  1.0000E+00  2.8186E+01 -9.6504E+00  0.0000E+00  0.0000E+00  2.8968E+01  0.0000E+00  0.0000E+00
  4.4000E+01  1.1300E+02  3.5000E+00  0.0000E+00  1.0000E+00  1.0000E+00  1.0000E+00  2.9033E+01 -9.7989E+00  0.0000E+00  0.0000E+00  2.9840E+01  0.0000E+00  0.0000E+00
  4.4000E+01  1.2500E+02  0.0000E+00  2.7600E+01  0.0000E+00  0.0000E+00  1.0000E+00  2.7402E+01  6.8581E-02 -3.8418E-02  2.7600E+01  2.8166E+01 -5.6637E-01 -3.8116E-02
  4.4000E+01  1.2550E+02  3.5000E+00  0.0000E+00  1.0000E+00  1.0000E+00  1.0000E+00  2.9766E+01 -9.9224E+00  0.0000E+00  0.0000E+00  3.0595E+01  0.0000E+00  0.0000E+00
  4.4000E+01  2.9200E+02  0.0000E+00  1.3500E+01  0.0000E+00  0.0000E+00  1.0000E+00  1.3044E+01  1.9733E-01  1.4189E-01  1.3500E+01  1.3426E+01  7.3776E-02  1.4108E-01
  4.5000E+01  0.0000E+00  0.0000E+00  0.0000E+00  1.0000E+00  0.0000E+00  1.0000E+00  0.0000E+00  0.0000E+00  0.0000E+00  0.0000E+00  0.0000E+00  0.0000E+00  0.0000E+00
  4.5000E+01  0.0000E+00  1.6000E+01  0.0000E+00  1.0000E+00  1.0000E+00  1.0000E+00  1.7488E+01 -7.1219E+00  0.0000E+00  0.0000E+00  1.9029E+01  0.0000E+00  0.0000E+00
  4.5000E+01  4.5000E+00  0.0000E+00  1.6600E+01  0.0000E+00  0.0000E+00  1.0000E+00  1.7149E+01 -2.2450E-01 -4.1206E-01  1.6600E+01  1.8673E+01 -2.0732E+00 -3.9954E-01
  4.5000E+01  1.2500E+01  2.0000E+00  0.0000E+00  1.0000E+00  1.0000E+00  1.0000E+00  1.8748E+01 -7.4912E+00  0.0000E+00  0.0000E+00  2.0435E+01  0.0000E+00  0.0000E+00
  4.5000E+01  2.4500E+01  2.0000E+00  0.0000E+00  1.0000E+00  1.0000E+00  1.0000E+00  1.9980E+01 -7.8322E+00  0.0000E+00  0.0000E+00  2.1810E+01  0.0000E+00  0.0000E+00
  4.5000E+01  3.6500E+01  2.0000E+00  0.0000E+00  1.0000E+00  1.0000E+00  1.0000E+00  2.1149E+01 -8.1381E+00  0.0000E+00  0.0000E+00  2.3117E+01  0.0000E+00  0.0000E+00
  4.5000E+01  4.8300E+01  0.0000E+00  2.0200E+01  0.0000E+00  0.0000E+00  1.0000E+00  2.0090E+01  4.3022E-02 -1.8718E-01  2.0200E+01  2.2000E+01 -1.7998E+00 -1.7895E-01
  4.5000E+01  4.8500E+01  2.0000E+00  0.0000E+00  1.0000E+00  1.0000E+00  1.0000E+00  2.2259E+01 -8.4129E+00  0.0000E+00  0.0000E+00  2.4360E+01  0.0000E+00  0.0000E+00
  4.5000E+01  6.0500E+01  2.0000E+00  0.0000E+00  1.0000E+00  1.0000E+00  1.0000E+00  2.3312E+01 -8.6603E+00  0.0000E+00  0.0000E+00  2.5542E+01  0.0000E+00  0.0000E+00
  4.5000E+01  7.2500E+01  2.0000E+00  0.0000E+00  1.0000E+00  1.0000E+00  1.0000E+00  2.4300E+01 -8.8810E+00  0.0000E+00  0.0000E+00  2.6653E+01  0.0000E+00  0.0000E+00
  4.5000E+01  8.4500E+01  2.0000E+00  0.0000E+00  1.0000E+00  1.0000E+00  1.0000E+00  2.5237E+01 -9.0805E+00  0.0000E+00  0.0000E+00  2.7710E+01  0.0000E+00  0.0000E+00
  4.5000E+01  9.6500E+01  2.0000E+00  0.0000E+00  1.0000E+00  1.0000E+00  1.0000E+00  2.6126E+01 -9.2613E+00  0.0000E+00  0.0000E+00  2.8714E+01  0.0000E+00  0.0000E+00
  4.5000E+01  1.0650E+02  0.0000E+00  2.4500E+01  0.0000E+00  0.0000E+00  1.0000E+00  2.5002E+01 -1.8138E-01 -4.7478E-01  2.4500E+01  2.7521E+01 -3.0214E+00 -4.5345E-01
  4.6000E+01  0.0000E+00  0.0000E+00  0.0000E+00  1.0000E+00  0.0000E+00  1.0000E+00  0.0000E+00  0.0000E+00  0.0000E+00  0.0000E+00  0.0000E+00  0.0000E+00  0.0000E+00
  4.6000E+01  0.0000E+00  1.1000E+01  0.0000E+00  1.0000E+00  1.0000E+00  1.0000E+00  9.9451E+00 -4.4609E+00  0.0000E+00  0.0000E+00  9.7790E+00  0.0000E+00  0.0000E+00
  4.6000E+01  5.0000E-01  1.1000E+01  0.0000E+00  1.0000E+00  1.0000E+00  1.0000E+00  1.9868E+01 -7.8022E+00  0.0000E+00  0.0000E+00  1.9536E+01  0.0000E+00  0.0000E+00
  4.6000E+01  2.0000E+00  0.0000E+00  2.0100E+01  0.0000E+00  0.0000E+00  1.0000E+00  1.9735E+01  1.4362E-01  1.8307E-01  2.0100E+01  1.9404E+01  6.9553E-01  1.8439E-01
  4.7000E+01  0.0000E+00  0.0000E+00  0.0000E+00  1.0000E+00  0.0000E+00  1.0000E+00  0.0000E+00  0.0000E+00  0.0000E+00  0.0000E+00  0.0000E+00  0.0000E+00  0.0000E+00
  4.7000E+01  0.0000E+00  4.0000E+01  0.0000E+00  1.0000E+00  1.0000E+00  1.0000E+00  1.6937E+01 -6.9538E+00  0.0000E+00  0.0000E+00  1.6201E+01  0.0000E+00  0.0000E+00
  4.7000E+01  9.3000E+00  6.7000E+00  0.0000E+00  1.0000E+00  1.0000E+00  1.0000E+00  1.8951E+01 -7.5489E+00  0.0000E+00  0.0000E+00  1.8113E+01  0.0000E+00  0.0000E+00
  4.7000E+01  1.9300E+01  6.7000E+00  0.0000E+00  1.0000E+00  1.0000E+00  1.0000E+00  2.0800E+01 -8.0485E+00  0.0000E+00  0.0000E+00  1.9865E+01  0.0000E+00  0.0000E+00
  4.7000E+01  3.3300E+01  6.7000E+00  0.0000E+00  1.0000E+00  1.0000E+00  1.0000E+00  2.2134E+01 -8.3828E+00  0.0000E+00  0.0000E+00  2.1118E+01  0.0000E+00  0.0000E+00
  4.7000E+01  3.6300E+01  6.7000E+00  0.0000E+00  1.0000E+00  1.0000E+00  1.0000E+00  2.4618E+01 -8.9499E+00  0.0000E+00  0.0000E+00  2.3489E+01  0.0000E+00  0.0000E+00
  4.7000E+01  3.8300E+01  0.0000E+00  2.5100E+01  0.0000E+00  0.0000E+00  1.0000E+00  2.4356E+01  2.7165E-01  4.1094E-01  2.5100E+01  2.3234E+01  1.8662E+00  4.1996E-01
  4.8000E+01  0.0000E+00  0.0000E+00  0.0000E+00  1.0000E+00  0.0000E+00  1.0000E+00  0.0000E+00  0.0000E+00  0.0000E+00  0.0000E+00  0.0000E+00  0.0000E+00  0.0000E+00
  4.8000E+01  0.0000E+00  1.4000E+01  0.0000E+00  1.0000E+00  1.0000E+00  1.0000E+00  2.0438E+01 -7.9541E+00  0.0000E+00  0.0000E+00  1.8812E+01  0.0000E+00  0.0000E+00
  4.8000E+01  2.8000E+00  0.0000E+00  1.2900E+01  0.0000E+00  0.0000E+00  1.0000E+00  2.0225E+01 -2.8603E+00 -2.7991E+00  1.2900E+01  1.8598E+01 -5.6984E+00 -2.8701E+00
  4.8000E+01  1.1300E+01  1.7000E+00  0.0000E+00  1.0000E+00  1.0000E+00  1.0000E+00  2.2073E+01 -8.3680E+00  0.0000E+00  0.0000E+00  2.0249E+01  0.0000E+00  0.0000E+00
  4.8000E+01  2.3300E+01  1.7000E+00  0.0000E+00  1.0000E+00  1.0000E+00  1.0000E+00  2.3586E+01 -8.7226E+00  0.0000E+00  0.0000E+00  2.1567E+01  0.0000E+00  0.0000E+00
  4.8000E+01  2.8800E+01  1.0000E+01  0.0000E+00  1.0000E+00  1.0000E+00  1.0000E+00  3.7704E+01 -1.1004E+01  0.0000E+00  0.0000E+00  3.4526E+01  0.0000E+00  0.0000E+00
  4.8000E+01  3.5300E+01  1.7000E+00  0.0000E+00  1.0000E+00  1.0000E+00  1.0000E+00  3.9279E+01 -1.1172E+01  0.0000E+00  0.0000E+00  3.5908E+01  0.0000E+00  0.0000E+00
  4.8000E+01  4.7500E+01  1.7000E+00  0.0000E+00  1.0000E+00  1.0000E+00  1.0000E+00  4.0008E+01 -1.1245E+01  0.0000E+00  0.0000E+00  3.6451E+01  0.0000E+00  0.0000E+00
  4.8000E+01  5.9300E+01  1.7000E+00  0.0000E+00  1.0000E+00  1.0000E+00  1.0000E+00  4.0762E+01 -1.1319E+01  0.0000E+00  0.0000E+00  3.7024E+01  0.0000E+00  0.0000E+00
  4.8000E+01  6.5800E+01  0.0000E+00  4.1100E+01  0.0000E+00  0.0000E+00  1.0000E+00  3.9782E+01  3.7173E-01  5.5271E-01  4.1100E+01  3.6056E+01  5.0441E+00  5.7889E-01
  4.8000E+01  7.1800E+01  1.7000E+00  0.0000E+00  1.0000E+00  1.0000E+00  1.0000E+00  4.1381E+01 -1.1377E+01  0.0000E+00  0.0000E+00  3.7469E+01  0.0000E+00  0.0000E+00
  4.8000E+01  8.4800E+01  0.0000E+00  4.0300E+01  0.0000E+00  0.0000E+00  1.0000E+00  3.9394E+01  2.5729E-01  4.5679E-01  4.0300E+01  3.5514E+01  4.7859E+00  4.7801E-01
  4.8000E+01  1.1230E+02  0.0000E+00  3.6800E+01  0.0000E+00  0.0000E+00  1.0000E+00  3.5499E+01  3.9376E-01  6.0701E-01  3.6800E+01  3.1708E+01  5.0922E+00  6.3778E-01
  4.8000E+01  1.3790E+02  0.0000E+00  3.5800E+01  0.0000E+00  0.0000E+00  1.0000E+00  3.2220E+01  1.1447E+00  1.3676E+00  3.5800E+01  2.8532E+01  7.2679E+00  1.4448E+00
  4.9000E+01  0.0000E+00  0.0000E+00  0.0000E+00  1.0000E+00  0.0000E+00  1.0000E+00  0.0000E+00  0.0000E+00  0.0000E+00  0.0000E+00  0.0000E+00  0.0000E+00  0.0000E+00
  4.9000E+01  0.0000E+00  2.6000E+01  0.0000E+00  1.0000E+00  1.0000E+00  1.0000E+00  1.8940E+01 -7.5458E+00  0.0000E+00  0.0000E+00  1.9841E+01  0.0000E+00  0.0000E+00
  4.9000E+01  2.0000E+00  0.0000E+00  1.8800E+01  0.0000E+00  0.0000E+00  1.0000E+00  1.8762E+01  1.5199E-02 -8.6488E-02  1.8800E+01  1.9657E+01 -8.5663E-01 -8.3651E-02
  4.9000E+01  1.2000E+01  4.0000E+00  0.0000E+00  1.0000E+00  1.0000E+00  1.0000E+00  2.0810E+01 -8.0512E+00  0.0000E+00  0.0000E+00  2.1811E+01  0.0000E+00  0.0000E+00
  4.9000E+01  2.4000E+01  4.0000E+00  0.0000E+00  1.0000E+00  1.0000E+00  1.0000E+00  2.2577E+01 -8.4890E+00  0.0000E+00  0.0000E+00  2.3673E+01  0.0000E+00  0.0000E+00
  4.9000E+01  3.6000E+01  4.0000E+00  0.0000E+00  1.0000E+00  1.0000E+00  1.0000E+00  2.4246E+01 -8.8693E+00  0.0000E+00  0.0000E+00  2.5434E+01  0.0000E+00  0.0000E+00
  4.9000E+01  4.8000E+01  4.0000E+00  0.0000E+00  1.0000E+00  1.0000E+00  1.0000E+00  2.5823E+01 -9.2007E+00  0.0000E+00  0.0000E+00  2.7098E+01  0.0000E+00  0.0000E+00
  4.9000E+01  6.0500E+01  4.0000E+00  0.0000E+00  1.0000E+00  1.0000E+00  1.0000E+00  2.7256E+01 -9.4797E+00  0.0000E+00  0.0000E+00  2.8612E+01  0.0000E+00  0.0000E+00
  4.9000E+01  7.2000E+01  4.0000E+00  0.0000E+00  1.0000E+00  1.0000E+00  1.0000E+00  2.8711E+01 -9.7431E+00  0.0000E+00  0.0000E+00  3.0149E+01  0.0000E+00  0.0000E+00
  4.9000E+01  7.4000E+01  0.0000E+00  2.5100E+01  0.0000E+00  0.0000E+00  1.0000E+00  2.8438E+01 -1.1379E+00 -1.2865E+00  2.5100E+01  2.9864E+01 -4.7644E+00 -1.2509E+00
  4.9000E+01  8.4000E+01  4.0000E+00  0.0000E+00  1.0000E+00  1.0000E+00  1.0000E+00  3.0023E+01 -9.9645E+00  0.0000E+00  0.0000E+00  3.1536E+01  0.0000E+00  0.0000E+00
  4.9000E+01  9.6000E+01  4.0000E+00  0.0000E+00  1.0000E+00  1.0000E+00  1.0000E+00  3.1262E+01 -1.0160E+01  0.0000E+00  0.0000E+00  3.2846E+01  0.0000E+00  0.0000E+00
  4.9000E+01  1.0850E+02  4.0000E+00  0.0000E+00  1.0000E+00  1.0000E+00  1.0000E+00  3.2361E+01 -1.0324E+01  0.0000E+00  0.0000E+00  3.4011E+01  0.0000E+00  0.0000E+00
  4.9000E+01  1.2000E+02  4.0000E+00  0.0000E+00  1.0000E+00  1.0000E+00  1.0000E+00  3.3543E+01 -1.0491E+01  0.0000E+00  0.0000E+00  3.5261E+01  0.0000E+00  0.0000E+00
  4.9000E+01  1.3200E+02  4.0000E+00  0.0000E+00  1.0000E+00  1.0000E+00  1.0000E+00  3.4585E+01 -1.0629E+01  0.0000E+00  0.0000E+00  3.6366E+01  0.0000E+00  0.0000E+00
  4.9000E+01  1.4400E+02  4.0000E+00  0.0000E+00  1.0000E+00  1.0000E+00  1.0000E+00  3.5558E+01 -1.0752E+01  0.0000E+00  0.0000E+00  3.7398E+01  0.0000E+00  0.0000E+00
  4.9000E+01  1.5000E+02  0.0000E+00  3.7200E+01  0.0000E+00  0.0000E+00  1.0000E+00  3.4545E+01  8.1639E-01  6.3969E-01  3.7200E+01  3.6344E+01  8.5583E-01  6.1776E-01
  5.0000E+01  0.0000E+00  0.0000E+00  0.0000E+00  1.0000E+00  0.0000E+00  1.0000E+00  0.0000E+00  0.0000E+00  0.0000E+00  0.0000E+00  0.0000E+00  0.0000E+00  0.0000E+00
  5.0000E+01  0.0000E+00  2.0000E+01  0.0000E+00  1.0000E+00  1.0000E+00  1.0000E+00  2.1444E+01 -8.2125E+00  0.0000E+00  0.0000E+00  1.7780E+01  0.0000E+00  0.0000E+00
  5.0000E+01  3.0000E+00  0.0000E+00  2.2200E+01  0.0000E+00  0.0000E+00  1.0000E+00  2.1172E+01  3.9532E-01  6.4166E-01  2.2200E+01  1.7541E+01  4.6587E+00  6.8687E-01
  5.0000E+01  1.2500E+01  2.5000E+00  0.0000E+00  1.0000E+00  1.0000E+00  1.0000E+00  2.3016E+01 -8.5921E+00  0.0000E+00  0.0000E+00  1.9029E+01  0.0000E+00  0.0000E+00
  5.0000E+01  2.4500E+01  2.5000E+00  0.0000E+00  1.0000E+00  1.0000E+00  1.0000E+00  2.4553E+01 -8.9359E+00  0.0000E+00  0.0000E+00  2.0250E+01  0.0000E+00  0.0000E+00
  5.0000E+01  3.6500E+01  2.5000E+00  0.0000E+00  1.0000E+00  1.0000E+00  1.0000E+00  2.6014E+01 -9.2390E+00  0.0000E+00  0.0000E+00  2.1406E+01  0.0000E+00  0.0000E+00
  5.0000E+01  4.8000E+01  2.5000E+00  0.0000E+00  1.0000E+00  1.0000E+00  1.0000E+00  2.7455E+01 -9.5170E+00  0.0000E+00  0.0000E+00  2.2548E+01  0.0000E+00  0.0000E+00
  5.0000E+01  6.0500E+01  2.5000E+00  0.0000E+00  1.0000E+00  1.0000E+00  1.0000E+00  2.8717E+01 -9.7442E+00  0.0000E+00  0.0000E+00  2.3536E+01  0.0000E+00  0.0000E+00
  5.0000E+01  7.2500E+01  2.5000E+00  0.0000E+00  1.0000E+00  1.0000E+00  1.0000E+00  2.9961E+01 -9.9544E+00  0.0000E+00  0.0000E+00  2.4510E+01  0.0000E+00  0.0000E+00
  5.0000E+01  8.1000E+01  0.0000E+00  3.0500E+01  0.0000E+00  0.0000E+00  1.0000E+00  2.8891E+01  5.4421E-01  8.8575E-01  3.0500E+01  2.3583E+01  6.9174E+00  9.7482E-01
  5.0000E+01  8.4500E+01  2.5000E+00  0.0000E+00  1.0000E+00  1.0000E+00  1.0000E+00  3.1143E+01 -1.0142E+01  0.0000E+00  0.0000E+00  2.5433E+01  0.0000E+00  0.0000E+00
  5.0000E+01  8.8000E+01  3.0000E+01  0.0000E+00  1.0000E+00  1.0000E+00  1.0000E+00  6.2845E+01 -1.2650E+01  0.0000E+00  0.0000E+00  5.1703E+01  0.0000E+00  0.0000E+00
  5.0000E+01  8.9000E+01  0.0000E+00  6.7900E+01  0.0000E+00  0.0000E+00  1.0000E+00  6.2577E+01  1.0751E+00  1.7170E+00  6.7900E+01  5.1469E+01  1.6431E+01  1.9533E+00
  5.0000E+01  9.6500E+01  2.5000E+00  0.0000E+00  1.0000E+00  1.0000E+00  1.0000E+00  6.3283E+01 -1.2666E+01  0.0000E+00  0.0000E+00  5.1968E+01  0.0000E+00  0.0000E+00
  5.0000E+01  1.0850E+02  2.5000E+00  0.0000E+00  1.0000E+00  1.0000E+00  1.0000E+00  6.2798E+01 -1.2648E+01  0.0000E+00  0.0000E+00  5.1436E+01  0.0000E+00  0.0000E+00
  5.0000E+01  1.2050E+02  3.5000E+00  0.0000E+00  1.0000E+00  1.0000E+00  1.0000E+00  6.3409E+01 -1.2670E+01  0.0000E+00  0.0000E+00  5.1820E+01  0.0000E+00  0.0000E+00
  5.0000E+01  1.3250E+02  3.5000E+00  0.0000E+00  1.0000E+00  1.0000E+00  1.0000E+00  6.3990E+01 -1.2691E+01  0.0000E+00  0.0000E+00  5.2185E+01  0.0000E+00  0.0000E+00
  5.0000E+01  1.4450E+02  3.5000E+00  0.0000E+00  1.0000E+00  1.0000E+00  1.0000E+00  6.4496E+01 -1.2708E+01  0.0000E+00  0.0000E+00  5.2490E+01  0.0000E+00  0.0000E+00
  5.0000E+01  1.5700E+02  3.5000E+00  0.0000E+00  1.0000E+00  1.0000E+00  1.0000E+00  6.4844E+01 -1.2720E+01  0.0000E+00  0.0000E+00  5.2665E+01  0.0000E+00  0.0000E+00
  5.0000E+01  1.6200E+02  0.0000E+00  5.8700E+01  0.0000E+00  0.0000E+00  1.0000E+00  6.3452E+01 -9.4900E-01 -2.7190E-01  5.8700E+01  5.1466E+01  7.2336E+00 -3.5449E-01
  5.1000E+01  0.0000E+00  0.0000E+00  0.0000E+00  1.0000E+00  0.0000E+00  1.0000E+00  0.0000E+00  0.0000E+00  0.0000E+00  0.0000E+00  0.0000E+00  0.0000E+00  0.0000E+00
  5.1000E+01  0.0000E+00  1.8000E+01  0.0000E+00  1.0000E+00  1.0000E+00  1.0000E+00  1.7096E+01 -7.0027E+00  0.0000E+00  0.0000E+00  1.9223E+01  0.0000E+00  0.0000E+00
  5.1000E+01  3.0000E+00  0.0000E+00  1.2700E+01  0.0000E+00  0.0000E+00  1.0000E+00  1.6867E+01 -1.7125E+00 -1.9276E+00  1.2700E+01  1.8976E+01 -6.2762E+00 -1.8570E+00
  5.1000E+01  1.1500E+01  2.5000E+00  0.0000E+00  1.0000E+00  1.0000E+00  1.0000E+00  1.8609E+01 -7.4517E+00  0.0000E+00  0.0000E+00  2.0964E+01  0.0000E+00  0.0000E+00
  5.1000E+01  1.2500E+01  9.0000E+00  0.0000E+00  1.0000E+00  1.0000E+00  1.0000E+00  2.7074E+01 -9.4453E+00  0.0000E+00  0.0000E+00  3.0485E+01  0.0000E+00  0.0000E+00
  5.1000E+01  2.4500E+01  2.5000E+00  0.0000E+00  1.0000E+00  1.0000E+00  1.0000E+00  2.8028E+01 -9.6218E+00  0.0000E+00  0.0000E+00  3.1619E+01  0.0000E+00  0.0000E+00
  5.1000E+01  3.6500E+01  2.5000E+00  0.0000E+00  1.0000E+00  1.0000E+00  1.0000E+00  2.8931E+01 -9.7813E+00  0.0000E+00  0.0000E+00  3.2695E+01  0.0000E+00  0.0000E+00
  5.1000E+01  4.9000E+01  2.5000E+00  0.0000E+00  1.0000E+00  1.0000E+00  1.0000E+00  2.9726E+01 -9.9157E+00  0.0000E+00  0.0000E+00  3.3650E+01  0.0000E+00  0.0000E+00
  5.1000E+01  6.0000E+01  0.0000E+00  3.1300E+01  0.0000E+00  0.0000E+00  1.0000E+00  2.8293E+01  1.0277E+00  6.6806E-01  3.1300E+01  3.2092E+01 -7.9238E-01  6.2694E-01
  5.1000E+01  6.0500E+01  2.5000E+00  0.0000E+00  1.0000E+00  1.0000E+00  1.0000E+00  3.0604E+01 -1.0058E+01  0.0000E+00  0.0000E+00  3.4693E+01  0.0000E+00  0.0000E+00
  5.1000E+01  7.2500E+01  2.5000E+00  0.0000E+00  1.0000E+00  1.0000E+00  1.0000E+00  3.1358E+01 -1.0175E+01  0.0000E+00  0.0000E+00  3.5599E+01  0.0000E+00  0.0000E+00
  5.1000E+01  8.4500E+01  2.5000E+00  0.0000E+00  1.0000E+00  1.0000E+00  1.0000E+00  3.2073E+01 -1.0282E+01  0.0000E+00  0.0000E+00  3.6459E+01  0.0000E+00  0.0000E+00
  5.1000E+01  9.6500E+01  2.5000E+00  0.0000E+00  1.0000E+00  1.0000E+00  1.0000E+00  3.2750E+01 -1.0380E+01  0.0000E+00  0.0000E+00  3.7275E+01  0.0000E+00  0.0000E+00
  5.1000E+01  1.0850E+02  2.5000E+00  0.0000E+00  1.0000E+00  1.0000E+00  1.0000E+00  3.3390E+01 -1.0470E+01  0.0000E+00  0.0000E+00  3.8050E+01  0.0000E+00  0.0000E+00
  5.1000E+01  1.2050E+02  2.5000E+00  0.0000E+00  1.0000E+00  1.0000E+00  1.0000E+00  3.3997E+01 -1.0552E+01  0.0000E+00  0.0000E+00  3.8786E+01  0.0000E+00  0.0000E+00
  5.1000E+01  1.3200E+02  0.0000E+00  3.1100E+01  0.0000E+00  0.0000E+00  1.0000E+00  3.2271E+01 -3.7410E-01 -7.9551E-01  3.1100E+01  3.6894E+01 -5.7939E+00 -7.3393E-01
  5.2000E+01  0.0000E+00  0.0000E+00  0.0000E+00  1.0000E+00  0.0000E+00  1.0000E+00  0.0000E+00  0.0000E+00  0.0000E+00  0.0000E+00  0.0000E+00  0.0000E+00  0.0000E+00
  5.2000E+01  0.0000E+00  9.5000E+00  0.0000E+00  1.0000E+00  1.0000E+00  1.0000E+00  1.0877E+01 -4.8308E+00  0.0000E+00  0.0000E+00  1.0146E+01  0.0000E+00  0.0000E+00
  5.2000E+01  2.0000E+00  0.0000E+00  1.4300E+01  0.0000E+00  0.0000E+00  1.0000E+00  1.0783E+01  1.5636E+00  1.7085E+00  1.4300E+01  1.0058E+01  4.2415E+00  1.7263E+00
  5.2000E+01  4.0000E+00  9.5000E+00  0.0000E+00  1.0000E+00  1.0000E+00  1.0000E+00  2.1567E+01 -8.2433E+00  0.0000E+00  0.0000E+00  2.0118E+01  0.0000E+00  0.0000E+00
  5.2000E+01  1.2500E+01  9.0000E+00  0.0000E+00  1.0000E+00  1.0000E+00  1.0000E+00  3.1092E+01 -1.0134E+01  0.0000E+00  0.0000E+00  2.9006E+01  0.0000E+00  0.0000E+00
  5.2000E+01  3.5500E+01  2.5000E+00  0.0000E+00  1.0000E+00  1.0000E+00  1.0000E+00  3.1008E+01 -1.0121E+01  0.0000E+00  0.0000E+00  2.8939E+01  0.0000E+00  0.0000E+00
  5.2000E+01  3.7500E+01  2.5000E+00  0.0000E+00  1.0000E+00  1.0000E+00  1.0000E+00  3.3604E+01 -1.0499E+01  0.0000E+00  0.0000E+00  3.1360E+01  0.0000E+00  0.0000E+00
  5.2000E+01  5.9500E+01  2.5000E+00  0.0000E+00  1.0000E+00  1.0000E+00  1.0000E+00  3.3414E+01 -1.0473E+01  0.0000E+00  0.0000E+00  3.1194E+01  0.0000E+00  0.0000E+00
  5.2000E+01  7.1500E+01  2.5000E+00  0.0000E+00  1.0000E+00  1.0000E+00  1.0000E+00  3.4585E+01 -1.0629E+01  0.0000E+00  0.0000E+00  3.2291E+01  0.0000E+00  0.0000E+00
  5.2000E+01  8.3000E+01  0.0000E+00  3.8100E+01  0.0000E+00  0.0000E+00  1.0000E+00  3.2891E+01  1.6471E+00  1.9995E+00  3.8100E+01  3.0716E+01  7.3837E+00  2.0711E+00
  5.2000E+01  8.3500E+01  2.5000E+00  0.0000E+00  1.0000E+00  1.0000E+00  1.0000E+00  3.5682E+01 -1.0768E+01  0.0000E+00  0.0000E+00  3.3320E+01  0.0000E+00  0.0000E+00
  5.2000E+01  9.5500E+01  2.5000E+00  0.0000E+00  1.0000E+00  1.0000E+00  1.0000E+00  3.6722E+01 -1.0892E+01  0.0000E+00  0.0000E+00  3.4295E+01  0.0000E+00  0.0000E+00
  5.2000E+01  1.0750E+02  2.5000E+00  0.0000E+00  1.0000E+00  1.0000E+00  1.0000E+00  3.7710E+01 -1.1004E+01  0.0000E+00  0.0000E+00  3.5222E+01  0.0000E+00  0.0000E+00
  5.2000E+01  1.1950E+02  2.5000E+00  0.0000E+00  1.0000E+00  1.0000E+00  1.0000E+00  3.8647E+01 -1.1106E+01  0.0000E+00  0.0000E+00  3.6101E+01  0.0000E+00  0.0000E+00
  5.2000E+01  1.3150E+02  2.5000E+00  0.0000E+00  1.0000E+00  1.0000E+00  1.0000E+00  3.9536E+01 -1.1198E+01  0.0000E+00  0.0000E+00  3.6935E+01  0.0000E+00  0.0000E+00
  5.2000E+01  1.4350E+02  2.5000E+00  0.0000E+00  1.0000E+00  1.0000E+00  1.0000E+00  4.0380E+01 -1.1282E+01  0.0000E+00  0.0000E+00  3.7727E+01  0.0000E+00  0.0000E+00
  5.2000E+01  1.5500E+02  0.0000E+00  3.1200E+01  0.0000E+00  0.0000E+00  1.0000E+00  3.8384E+01 -2.0734E+00 -1.6908E+00  3.1200E+01  3.5871E+01 -4.6712E+00 -1.7504E+00
  5.3000E+01  0.0000E+00  0.0000E+00  0.0000E+00  1.0000E+00  0.0000E+00  1.0000E+00  0.0000E+00  0.0000E+00  0.0000E+00  0.0000E+00  0.0000E+00  0.0000E+00  0.0000E+00
  5.3000E+01  0.0000E+00  1.7000E+01  0.0000E+00  1.0000E+00  1.0000E+00  1.0000E+00  1.1112E+01 -4.9223E+00  0.0000E+00  0.0000E+00  1.0152E+01  0.0000E+00  0.0000E+00
  5.3000E+01  4.0000E+00  1.7000E+01  0.0000E+00  1.0000E+00  1.0000E+00  1.0000E+00  2.2015E+01 -8.3538E+00  0.0000E+00  0.0000E+00  2.0105E+01  0.0000E+00  0.0000E+00
  5.3000E+01  6.0000E+00  0.0000E+00  1.9100E+01  0.0000E+00  0.0000E+00  1.0000E+00  2.1807E+01 -1.0307E+00 -8.2244E-01  1.9100E+01  1.9907E+01 -8.0661E-01 -8.4546E-01
  5.3000E+01  2.3800E+01  4.0000E+00  0.0000E+00  1.0000E+00  1.0000E+00  1.0000E+00  2.2658E+01 -8.5083E+00  0.0000E+00  0.0000E+00  2.0612E+01  0.0000E+00  0.0000E+00
  5.3000E+01  2.7000E+01  7.5000E+00  0.0000E+00  1.0000E+00  1.0000E+00  1.0000E+00  2.7219E+01 -9.4728E+00  0.0000E+00  0.0000E+00  2.4766E+01  0.0000E+00  0.0000E+00
  5.3000E+01  2.8000E+01  4.0000E+00  0.0000E+00  1.0000E+00  1.0000E+00  1.0000E+00  2.9705E+01 -9.9123E+00  0.0000E+00  0.0000E+00  2.7032E+01  0.0000E+00  0.0000E+00
  5.3000E+01  3.9500E+01  4.0000E+00  0.0000E+00  1.0000E+00  1.0000E+00  1.0000E+00  3.0745E+01 -1.0080E+01  0.0000E+00  0.0000E+00  2.7921E+01  0.0000E+00  0.0000E+00
  5.3000E+01  4.7000E+01  0.0000E+00  3.3300E+01  0.0000E+00  0.0000E+00  1.0000E+00  2.9671E+01  1.2115E+00  1.5075E+00  3.3300E+01  2.6901E+01  6.3991E+00  1.5747E+00
  5.4000E+01  0.0000E+00  0.0000E+00  0.0000E+00  1.0000E+00  0.0000E+00  1.0000E+00  0.0000E+00  0.0000E+00  0.0000E+00  0.0000E+00  0.0000E+00  0.0000E+00  0.0000E+00
  5.4000E+01  0.0000E+00  1.8000E+01  0.0000E+00  1.0000E+00  1.0000E+00  1.0000E+00  1.2783E+01 -5.5525E+00  0.0000E+00  0.0000E+00  1.0202E+01  0.0000E+00  0.0000E+00
  5.4000E+01  3.7000E+00  1.8000E+01  0.0000E+00  1.0000E+00  1.0000E+00  1.0000E+00  2.5353E+01 -9.1046E+00  0.0000E+00  0.0000E+00  2.0217E+01  0.0000E+00  0.0000E+00
  5.4000E+01  9.7000E+00  0.0000E+00  2.5500E+01  0.0000E+00  0.0000E+00  1.0000E+00  2.4672E+01  3.0081E-01  7.2293E-01  2.5500E+01  1.9616E+01  5.8838E+00  7.9963E-01
  5.4000E+01  1.5700E+01  4.4000E+00  0.0000E+00  1.0000E+00  1.0000E+00  1.0000E+00  2.7133E+01 -9.4566E+00  0.0000E+00  0.0000E+00  2.1527E+01  0.0000E+00  0.0000E+00
  5.4000E+01  2.7700E+01  4.4000E+00  0.0000E+00  1.0000E+00  1.0000E+00  1.0000E+00  2.8819E+01 -9.7620E+00  0.0000E+00  0.0000E+00  2.2761E+01  0.0000E+00  0.0000E+00
  5.4000E+01  2.9700E+01  0.0000E+00  2.9400E+01  0.0000E+00  0.0000E+00  1.0000E+00  2.8559E+01  2.8623E-01  7.8550E-01  2.9400E+01  2.2533E+01  6.8668E+00  8.7813E-01
  5.4000E+01  3.9700E+01  4.4000E+00  0.0000E+00  1.0000E+00  1.0000E+00  1.0000E+00  3.0416E+01 -1.0028E+01  0.0000E+00  0.0000E+00  2.3922E+01  0.0000E+00  0.0000E+00
  5.4000E+01  5.1700E+01  4.4000E+00  0.0000E+00  1.0000E+00  1.0000E+00  1.0000E+00  3.1927E+01 -1.0261E+01  0.0000E+00  0.0000E+00  2.5016E+01  0.0000E+00  0.0000E+00
  5.4000E+01  6.3200E+01  0.0000E+00  2.9500E+01  0.0000E+00  0.0000E+00  1.0000E+00  3.0303E+01 -2.6521E-01  2.8943E-01  2.9500E+01  2.3610E+01  5.8895E+00  3.3258E-01
  5.4000E+01  6.3700E+01  4.4000E+00  0.0000E+00  1.0000E+00  1.0000E+00  1.0000E+00  3.3359E+01 -1.0465E+01  0.0000E+00  0.0000E+00  2.6045E+01  0.0000E+00  0.0000E+00
  5.4000E+01  7.5700E+01  4.4000E+00  0.0000E+00  1.0000E+00  1.0000E+00  1.0000E+00  3.4699E+01 -1.0644E+01  0.0000E+00  0.0000E+00  2.7001E+01  0.0000E+00  0.0000E+00
  5.4000E+01  8.7700E+01  4.4000E+00  0.0000E+00  1.0000E+00  1.0000E+00  1.0000E+00  3.5967E+01 -1.0802E+01  0.0000E+00  0.0000E+00  2.7900E+01  0.0000E+00  0.0000E+00
  5.4000E+01  9.9700E+01  4.4000E+00  0.0000E+00  1.0000E+00  1.0000E+00  1.0000E+00  3.7168E+01 -1.0943E+01  0.0000E+00  0.0000E+00  2.8746E+01  0.0000E+00  0.0000E+00
  5.4000E+01  1.1130E+02  0.0000E+00  3.7900E+01  0.0000E+00  0.0000E+00  1.0000E+00  3.5244E+01  8.0735E-01  1.4752E+00  3.7900E+01  2.7104E+01  1.0796E+01  1.6865E+00
  5.5000E+01  0.0000E+00  0.0000E+00  0.0000E+00  1.0000E+00  0.0000E+00  1.0000E+00  0.0000E+00  0.0000E+00  0.0000E+00  0.0000E+00  0.0000E+00  0.0000E+00  0.0000E+00
  5.5000E+01  0.0000E+00  2.5000E+01  0.0000E+00  1.0000E+00  1.0000E+00  1.0000E+00  1.8054E+01 -7.2904E+00  0.0000E+00  0.0000E+00  2.2225E+01  0.0000E+00  0.0000E+00
  5.5000E+01  1.2000E+01  3.0000E+00  0.0000E+00  1.0000E+00  1.0000E+00  1.0000E+00  1.9179E+01 -7.6128E+00  0.0000E+00  0.0000E+00  2.3722E+01  0.0000E+00  0.0000E+00
  5.5000E+01  2.4000E+01  3.0000E+00  0.0000E+00  1.0000E+00  1.0000E+00  1.0000E+00  2.0239E+01 -7.9015E+00  0.0000E+00  0.0000E+00  2.5141E+01  0.0000E+00  0.0000E+00
  5.5000E+01  3.6000E+01  3.0000E+00  0.0000E+00  1.0000E+00  1.0000E+00  1.0000E+00  2.1238E+01 -8.1607E+00  0.0000E+00  0.0000E+00  2.6484E+01  0.0000E+00  0.0000E+00
  5.5000E+01  4.8000E+01  3.0000E+00  0.0000E+00  1.0000E+00  1.0000E+00  1.0000E+00  2.2179E+01 -8.3937E+00  0.0000E+00  0.0000E+00  2.7757E+01  0.0000E+00  0.0000E+00
  5.5000E+01  6.0000E+01  3.0000E+00  0.0000E+00  1.0000E+00  1.0000E+00  1.0000E+00  2.3066E+01 -8.6038E+00  0.0000E+00  0.0000E+00  2.8963E+01  0.0000E+00  0.0000E+00
  5.5000E+01  7.2000E+01  3.0000E+00  0.0000E+00  1.0000E+00  1.0000E+00  1.0000E+00  2.3893E+01 -8.7914E+00  0.0000E+00  0.0000E+00  3.0095E+01  0.0000E+00  0.0000E+00
  5.5000E+01  7.4000E+01  0.0000E+00  2.0800E+01  0.0000E+00  0.0000E+00  1.0000E+00  2.3656E+01 -1.0548E+00 -1.8021E+00  2.0800E+01  2.9823E+01 -9.0229E+00 -1.6144E+00
  5.6000E+01  0.0000E+00  0.0000E+00  0.0000E+00  1.0000E+00  0.0000E+00  1.0000E+00  0.0000E+00  0.0000E+00  0.0000E+00  0.0000E+00  0.0000E+00  0.0000E+00  0.0000E+00
  5.6000E+01  0.0000E+00  1.2000E+01  0.0000E+00  1.0000E+00  1.0000E+00  1.0000E+00  1.8196E+01 -7.3321E+00  0.0000E+00  0.0000E+00  1.8564E+01  0.0000E+00  0.0000E+00
  5.6000E+01  1.2700E+01  1.5000E+00  0.0000E+00  1.0000E+00  1.0000E+00  1.0000E+00  1.9576E+01 -7.7226E+00  0.0000E+00  0.0000E+00  1.9979E+01  0.0000E+00  0.0000E+00
  5.6000E+01  2.0000E+01  0.0000E+00  1.8800E+01  0.0000E+00  0.0000E+00  1.0000E+00  1.9017E+01 -8.6274E-02 -1.6146E-01  1.8800E+01  1.9413E+01 -6.1263E-01 -1.6018E-01
  5.7000E+01  0.0000E+00  0.0000E+00  0.0000E+00  1.0000E+00  0.0000E+00  1.0000E+00  0.0000E+00  0.0000E+00  0.0000E+00  0.0000E+00  0.0000E+00  0.0000E+00  0.0000E+00
  5.7000E+01  0.0000E+00  2.0000E+01  0.0000E+00  1.0000E+00  1.0000E+00  1.0000E+00  9.9675E+00 -4.4699E+00  0.0000E+00  0.0000E+00  9.8464E+00  0.0000E+00  0.0000E+00
  5.7000E+01  5.0000E-01  2.0000E+01  0.0000E+00  1.0000E+00  1.0000E+00  1.0000E+00  1.9909E+01 -7.8133E+00  0.0000E+00  0.0000E+00  1.9667E+01  0.0000E+00  0.0000E+00
  5.7000E+01  1.7000E+00  0.0000E+00  2.0200E+01  0.0000E+00  0.0000E+00  1.0000E+00  1.9786E+01  1.6292E-01  1.7333E-01  2.0200E+01  1.9545E+01  6.5513E-01  1.7407E-01
  5.7000E+01  1.2200E+01  5.0000E+00  0.0000E+00  1.0000E+00  1.0000E+00  1.0000E+00  2.1229E+01 -8.1585E+00  0.0000E+00  0.0000E+00  2.0967E+01  0.0000E+00  0.0000E+00
  5.7000E+01  2.4700E+01  5.0000E+00  0.0000E+00  1.0000E+00  1.0000E+00  1.0000E+00  2.2389E+01 -8.4443E+00  0.0000E+00  0.0000E+00  2.2109E+01  0.0000E+00  0.0000E+00
  5.7000E+01  3.7200E+01  5.0000E+00  0.0000E+00  1.0000E+00  1.0000E+00  1.0000E+00  2.3476E+01 -8.6978E+00  0.0000E+00  0.0000E+00  2.3178E+01  0.0000E+00  0.0000E+00
  5.7000E+01  4.7800E+01  5.0000E+00  0.0000E+00  1.0000E+00  1.0000E+00  1.0000E+00  2.4713E+01 -8.9701E+00  0.0000E+00  0.0000E+00  2.4396E+01  0.0000E+00  0.0000E+00
  5.7000E+01  6.0200E+01  5.0000E+00  0.0000E+00  1.0000E+00  1.0000E+00  1.0000E+00  2.5666E+01 -9.1688E+00  0.0000E+00  0.0000E+00  2.5334E+01  0.0000E+00  0.0000E+00
  5.7000E+01  7.2200E+01  6.0000E+00  0.0000E+00  1.0000E+00  1.0000E+00  1.0000E+00  2.7091E+01 -9.4486E+00  0.0000E+00  0.0000E+00  2.6737E+01  0.0000E+00  0.0000E+00
  5.7000E+01  8.4200E+01  6.0000E+00  0.0000E+00  1.0000E+00  1.0000E+00  1.0000E+00  2.8429E+01 -9.6936E+00  0.0000E+00  0.0000E+00  2.8055E+01  0.0000E+00  0.0000E+00
  5.7000E+01  9.6200E+01  6.0000E+00  0.0000E+00  1.0000E+00  1.0000E+00  1.0000E+00  2.9685E+01 -9.9090E+00  0.0000E+00  0.0000E+00  2.9292E+01  0.0000E+00  0.0000E+00
  5.7000E+01  1.0900E+02  0.0000E+00  2.7800E+01  0.0000E+00  0.0000E+00  1.0000E+00  2.7758E+01  1.4435E-02  3.0979E-02  2.7800E+01  2.7383E+01  4.1666E-01  3.1425E-02
  5.8000E+01  0.0000E+00  0.0000E+00  0.0000E+00  1.0000E+00  0.0000E+00  1.0000E+00  0.0000E+00  0.0000E+00  0.0000E+00  0.0000E+00  0.0000E+00  0.0000E+00  0.0000E+00
  5.8000E+01  0.0000E+00  1.4000E+01  0.0000E+00  1.0000E+00  1.0000E+00  1.0000E+00  1.1086E+01 -4.9125E+00  0.0000E+00  0.0000E+00  9.9842E+00  0.0000E+00  0.0000E+00
  5.8000E+01  5.0000E-01  1.4000E+01  0.0000E+00  1.0000E+00  1.0000E+00  1.0000E+00  2.2147E+01 -8.3861E+00  0.0000E+00  0.0000E+00  1.9945E+01  0.0000E+00  0.0000E+00
  5.8000E+01  8.5000E+00  0.0000E+00  2.2400E+01  0.0000E+00  0.0000E+00  1.0000E+00  2.1347E+01  4.0390E-01  6.2534E-01  2.2400E+01  1.9200E+01  3.1997E+00  6.5372E-01
  5.8000E+01  1.2000E+01  3.5000E+00  0.0000E+00  1.0000E+00  1.0000E+00  1.0000E+00  2.3778E+01 -8.7657E+00  0.0000E+00  0.0000E+00  2.1379E+01  0.0000E+00  0.0000E+00
  5.8000E+01  2.4300E+01  3.5000E+00  0.0000E+00  1.0000E+00  1.0000E+00  1.0000E+00  2.5241E+01 -9.0813E+00  0.0000E+00  0.0000E+00  2.2661E+01  0.0000E+00  0.0000E+00
  5.8000E+01  3.5800E+01  3.5000E+00  0.0000E+00  1.0000E+00  1.0000E+00  1.0000E+00  2.6712E+01 -9.3760E+00  0.0000E+00  0.0000E+00  2.3952E+01  0.0000E+00  0.0000E+00
  5.8000E+01  4.7500E+01  0.0000E+00  2.7900E+01  0.0000E+00  0.0000E+00  1.0000E+00  2.5312E+01  9.3015E-01  1.1962E+00  2.7900E+01  2.2656E+01  5.2444E+00  1.2547E+00
  5.8000E+01  4.8000E+01  3.5000E+00  0.0000E+00  1.0000E+00  1.0000E+00  1.0000E+00  2.8025E+01 -9.6214E+00  0.0000E+00  0.0000E+00  2.5098E+01  0.0000E+00  0.0000E+00
  5.8000E+01  5.9500E+01  3.5000E+00  0.0000E+00  1.0000E+00  1.0000E+00  1.0000E+00  2.9352E+01 -9.8532E+00  0.0000E+00  0.0000E+00  2.6259E+01  0.0000E+00  0.0000E+00
  5.8000E+01  7.2000E+01  3.5000E+00  0.0000E+00  1.0000E+00  1.0000E+00  1.0000E+00  3.0465E+01 -1.0036E+01  0.0000E+00  0.0000E+00  2.7223E+01  0.0000E+00  0.0000E+00
  5.8000E+01  8.4000E+01  3.5000E+00  0.0000E+00  1.0000E+00  1.0000E+00  1.0000E+00  3.1582E+01 -1.0209E+01  0.0000E+00  0.0000E+00  2.8192E+01  0.0000E+00  0.0000E+00
  5.8000E+01  9.6300E+01  3.5000E+00  0.0000E+00  1.0000E+00  1.0000E+00  1.0000E+00  3.2596E+01 -1.0358E+01  0.0000E+00  0.0000E+00  2.9069E+01  0.0000E+00  0.0000E+00
  5.8000E+01  1.0700E+02  3.5000E+00  0.0000E+00  1.0000E+00  1.0000E+00  1.0000E+00  3.3784E+01 -1.0523E+01  0.0000E+00  0.0000E+00  3.0107E+01  0.0000E+00  0.0000E+00
  5.8000E+01  1.2030E+02  3.5000E+00  0.0000E+00  1.0000E+00  1.0000E+00  1.0000E+00  3.4527E+01 -1.0622E+01  0.0000E+00  0.0000E+00  3.0737E+01  0.0000E+00  0.0000E+00
  5.8000E+01  1.3180E+02  0.0000E+00  3.1000E+01  0.0000E+00  0.0000E+00  1.0000E+00  3.2728E+01 -5.4783E-01 -2.0025E-01  3.1000E+01  2.9083E+01  1.9165E+00 -2.0831E-01
  5.9000E+01  0.0000E+00  0.0000E+00  0.0000E+00  1.0000E+00  0.0000E+00  1.0000E+00  0.0000E+00  0.0000E+00  0.0000E+00  0.0000E+00  0.0000E+00  0.0000E+00  0.0000E+00
  5.9000E+01  0.0000E+00  2.2800E+01  0.0000E+00  1.0000E+00  1.0000E+00  1.0000E+00  2.2928E+01 -8.5716E+00  0.0000E+00  0.0000E+00  2.0269E+01  0.0000E+00  0.0000E+00
  5.9000E+01  1.8000E+00  0.0000E+00  2.2600E+01  0.0000E+00  0.0000E+00  1.0000E+00  2.2753E+01 -5.7277E-02  1.4805E-01  2.2600E+01  2.0106E+01  2.4945E+00  1.5830E-01
  5.9000E+01  1.2500E+01  3.0000E+00  0.0000E+00  1.0000E+00  1.0000E+00  1.0000E+00  2.4756E+01 -8.9794E+00  0.0000E+00  0.0000E+00  2.1826E+01  0.0000E+00  0.0000E+00
  5.9000E+01  2.4300E+01  3.0000E+00  0.0000E+00  1.0000E+00  1.0000E+00  1.0000E+00  2.6560E+01 -9.3467E+00  0.0000E+00  0.0000E+00  2.3363E+01  0.0000E+00  0.0000E+00
  5.9000E+01  3.6300E+01  3.0000E+00  0.0000E+00  1.0000E+00  1.0000E+00  1.0000E+00  2.8254E+01 -9.6625E+00  0.0000E+00  0.0000E+00  2.4800E+01  0.0000E+00  0.0000E+00
  5.9000E+01  4.8800E+01  3.0000E+00  0.0000E+00  1.0000E+00  1.0000E+00  1.0000E+00  2.9807E+01 -9.9291E+00  0.0000E+00  0.0000E+00  2.6109E+01  0.0000E+00  0.0000E+00
  5.9000E+01  6.0300E+01  3.0000E+00  0.0000E+00  1.0000E+00  1.0000E+00  1.0000E+00  3.1400E+01 -1.0182E+01  0.0000E+00  0.0000E+00  2.7458E+01  0.0000E+00  0.0000E+00
  5.9000E+01  7.2300E+01  3.0000E+00  0.0000E+00  1.0000E+00  1.0000E+00  1.0000E+00  3.2841E+01 -1.0393E+01  0.0000E+00  0.0000E+00  2.8669E+01  0.0000E+00  0.0000E+00
  5.9000E+01  7.3800E+01  0.0000E+00  3.4300E+01  0.0000E+00  0.0000E+00  1.0000E+00  3.2631E+01  5.3012E-01  8.4800E-01  3.4300E+01  2.8474E+01  5.8256E+00  9.0647E-01
  5.9000E+01  8.4300E+01  3.0000E+00  0.0000E+00  1.0000E+00  1.0000E+00  1.0000E+00  3.4211E+01 -1.0580E+01  0.0000E+00  0.0000E+00  2.9816E+01  0.0000E+00  0.0000E+00
  5.9000E+01  9.6000E+01  3.0000E+00  0.0000E+00  1.0000E+00  1.0000E+00  1.0000E+00  3.5553E+01 -1.0752E+01  0.0000E+00  0.0000E+00  3.0941E+01  0.0000E+00  0.0000E+00
  5.9000E+01  1.0830E+02  3.0000E+00  0.0000E+00  1.0000E+00  1.0000E+00  1.0000E+00  3.6743E+01 -1.0894E+01  0.0000E+00  0.0000E+00  3.1928E+01  0.0000E+00  0.0000E+00
  5.9000E+01  1.2050E+02  3.0000E+00  0.0000E+00  1.0000E+00  1.0000E+00  1.0000E+00  3.7887E+01 -1.1024E+01  0.0000E+00  0.0000E+00  3.2875E+01  0.0000E+00  0.0000E+00
  5.9000E+01  1.3230E+02  3.0000E+00  0.0000E+00  1.0000E+00  1.0000E+00  1.0000E+00  3.9034E+01 -1.1146E+01  0.0000E+00  0.0000E+00  3.3827E+01  0.0000E+00  0.0000E+00
  5.9000E+01  1.4480E+02  3.0000E+00  0.0000E+00  1.0000E+00  1.0000E+00  1.0000E+00  3.9985E+01 -1.1243E+01  0.0000E+00  0.0000E+00  3.4602E+01  0.0000E+00  0.0000E+00
  5.9000E+01  1.4680E+02  0.0000E+00  4.0200E+01  0.0000E+00  0.0000E+00  1.0000E+00  3.9638E+01  1.5883E-01  5.6232E-01  4.0200E+01  3.4284E+01  5.9155E+00  6.0550E-01
