TABLE NO.  1
 ID          TIME        AMT         CMT         DV          DVID        MDV         EVID        IPRE        IWRE        CWRES       DV          PRED        RES         WRES
  1.0000E+00  0.0000E+00  1.0000E+02  1.0000E+00  0.0000E+00  0.0000E+00  1.0000E+00  1.0000E+00  0.0000E+00  0.0000E+00  0.0000E+00  0.0000E+00  0.0000E+00  0.0000E+00  0.0000E+00
  1.0000E+00  0.0000E+00  0.0000E+00  3.0000E+00  1.2350E+02  2.0000E+00  0.0000E+00  0.0000E+00  1.1955E+02  5.7092E-01  1.3592E+00  1.2350E+02  1.0356E+02  1.9937E+01  1.4733E+00
  1.0000E+00  5.0000E-01  0.0000E+00  2.0000E+00  4.4100E+00  1.0000E+00  0.0000E+00  0.0000E+00  4.1927E+00  5.1121E-01  1.9635E-01  4.4100E+00  6.9188E+00 -2.5088E+00 -3.6894E-01
  1.0000E+00  2.0000E+00  0.0000E+00  2.0000E+00  8.1680E+00  1.0000E+00  0.0000E+00  0.0000E+00  9.5571E+00 -1.4336E+00 -1.9383E+00  8.1680E+00  1.1915E+01 -3.7471E+00 -1.9851E+00
  1.0000E+00  6.0000E+00  0.0000E+00  2.0000E+00  1.0264E+01  1.0000E+00  0.0000E+00  0.0000E+00  1.0751E+01 -4.4697E-01 -6.7472E-01  1.0264E+01  1.1534E+01 -1.2700E+00 -4.7938E-01
  1.0000E+00  1.2000E+01  0.0000E+00  2.0000E+00  1.1279E+01  1.0000E+00  0.0000E+00  0.0000E+00  9.7168E+00  1.5857E+00  1.5125E+00  1.1279E+01  1.0246E+01  1.0333E+00  1.6171E+00
  1.0000E+00  1.2000E+01  0.0000E+00  3.0000E+00  7.4300E+01  2.0000E+00  0.0000E+00  0.0000E+00  7.6056E+01 -2.5408E-01  3.8765E-01  7.4300E+01  5.6146E+01  1.8154E+01  2.9254E-01
  1.0000E+00  2.4000E+01  0.0000E+00  2.0000E+00  7.7040E+00  1.0000E+00  0.0000E+00  0.0000E+00  7.8503E+00 -1.8382E-01 -3.2360E-02  7.7040E+00  8.0832E+00 -3.7917E-01  1.9074E-01
  1.0000E+00  2.4000E+01  0.0000E+00  3.0000E+00  6.4400E+01  2.0000E+00  0.0000E+00  0.0000E+00  5.4145E+01  1.4836E+00  1.9727E+00  6.4400E+01  3.5933E+01  2.8467E+01  1.9849E+00
  1.0000E+00  3.6000E+01  0.0000E+00  3.0000E+00  3.8800E+01  2.0000E+00  0.0000E+00  0.0000E+00  4.4328E+01 -7.9972E-01 -3.4678E-01  3.8800E+01  2.7781E+01  1.1019E+01 -2.3536E-01
  1.0000E+00  4.8000E+01  0.0000E+00  2.0000E+00  4.6530E+00  1.0000E+00  0.0000E+00  0.0000E+00  5.1238E+00 -9.0621E-01 -4.7072E-01  4.6530E+00  5.0311E+00 -3.7810E-01 -2.7962E-01
  1.0000E+00  4.8000E+01  0.0000E+00  3.0000E+00  4.1000E+01  2.0000E+00  0.0000E+00  0.0000E+00  4.0428E+01  8.2778E-02  5.3730E-01  4.1000E+01  2.4891E+01  1.6109E+01  7.0308E-01
  1.0000E+00  7.2000E+01  0.0000E+00  2.0000E+00  3.5320E+00  1.0000E+00  0.0000E+00  0.0000E+00  3.3442E+00  5.5382E-01  1.0931E+00  3.5320E+00  3.1314E+00  4.0055E-01  1.2148E+00
  1.0000E+00  7.2000E+01  0.0000E+00  3.0000E+00  3.1900E+01  2.0000E+00  0.0000E+00  0.0000E+00  4.0593E+01 -1.2577E+00 -7.8982E-01  3.1900E+01  2.5423E+01  6.4768E+00 -6.0374E-01
  1.0000E+00  9.6000E+01  0.0000E+00  2.0000E+00  2.3720E+00  1.0000E+00  0.0000E+00  0.0000E+00  2.1827E+00  8.5529E-01  1.3761E+00  2.3720E+00  1.9491E+00  4.2293E-01  1.4383E+00
  1.0000E+00  9.6000E+01  0.0000E+00  3.0000E+00  4.5000E+01  2.0000E+00  0.0000E+00  0.0000E+00  4.5340E+01 -4.9207E-02  4.0378E-01  4.5000E+01  2.9397E+01  1.5603E+01  5.5642E-01
  1.0000E+00  1.2000E+02  0.0000E+00  2.0000E+00  1.3940E+00  1.0000E+00  0.0000E+00  0.0000E+00  1.4246E+00 -2.1204E-01  2.2247E-01  1.3940E+00  1.2131E+00  1.8087E-01  2.4056E-01
  1.0000E+00  1.2000E+02  0.0000E+00  3.0000E+00  5.3900E+01  2.0000E+00  0.0000E+00  0.0000E+00  5.2035E+01  2.6978E-01  6.8252E-01  5.3900E+01  3.5024E+01  1.8876E+01  7.8047E-01
  1.0000E+00  1.4400E+02  0.0000E+00  3.0000E+00  7.0800E+01  2.0000E+00  0.0000E+00  0.0000E+00  5.9610E+01  1.6189E+00  1.9839E+00  7.0800E+01  4.1647E+01  2.9153E+01  2.0220E+00
  2.0000E+00  0.0000E+00  1.0000E+02  1.0000E+00  0.0000E+00  0.0000E+00  1.0000E+00  1.0000E+00  0.0000E+00  0.0000E+00  0.0000E+00  0.0000E+00  0.0000E+00  0.0000E+00  0.0000E+00
  2.0000E+00  0.0000E+00  0.0000E+00  3.0000E+00  1.0050E+02  2.0000E+00  0.0000E+00  0.0000E+00  1.0354E+02 -4.3972E-01 -4.5069E-01  1.0050E+02  1.0356E+02 -3.0631E+00 -4.1623E-01
  2.0000E+00  5.0000E-01  0.0000E+00  2.0000E+00  5.8590E+00  1.0000E+00  0.0000E+00  0.0000E+00  5.8877E+00 -4.8026E-02 -2.7774E-01  5.8590E+00  6.9188E+00 -1.0598E+00 -2.4843E-01
  2.0000E+00  2.0000E+00  0.0000E+00  2.0000E+00  1.0868E+01  1.0000E+00  0.0000E+00  0.0000E+00  9.9999E+00  8.5619E-01  2.5935E-01  1.0868E+01  1.1915E+01 -1.0471E+00  1.5220E-01
  2.0000E+00  6.0000E+00  0.0000E+00  2.0000E+00  9.6460E+00  1.0000E+00  0.0000E+00  0.0000E+00  9.7285E+00 -8.3613E-02 -7.0266E-01  9.6460E+00  1.1534E+01 -1.8880E+00 -6.4823E-01
  2.0000E+00  1.2000E+01  0.0000E+00  2.0000E+00  8.4110E+00  1.0000E+00  0.0000E+00  0.0000E+00  8.7693E+00 -4.0297E-01 -9.2259E-01  8.4110E+00  1.0246E+01 -1.8347E+00 -8.2471E-01
  2.0000E+00  1.2000E+01  0.0000E+00  3.0000E+00  6.7900E+01  2.0000E+00  0.0000E+00  0.0000E+00  6.0866E+01  1.0176E+00  1.1764E+00  6.7900E+01  5.6146E+01  1.1754E+01  1.1040E+00
  2.0000E+00  2.4000E+01  0.0000E+00  2.0000E+00  6.9450E+00  1.0000E+00  0.0000E+00  0.0000E+00  7.1243E+00 -2.4827E-01 -5.8677E-01  6.9450E+00  8.0832E+00 -1.1382E+00 -5.2382E-01
  2.0000E+00  2.4000E+01  0.0000E+00  3.0000E+00  4.5800E+01  2.0000E+00  0.0000E+00  0.0000E+00  4.0575E+01  7.5594E-01  9.3122E-01  4.5800E+01  3.5933E+01  9.8672E+00  8.7512E-01
  2.0000E+00  3.6000E+01  0.0000E+00  3.0000E+00  2.6300E+01  2.0000E+00  0.0000E+00  0.0000E+00  3.1364E+01 -7.3256E-01 -5.8344E-01  2.6300E+01  2.7781E+01 -1.4810E+00 -6.1410E-01
  2.0000E+00  4.8000E+01  0.0000E+00  2.0000E+00  4.5820E+00  1.0000E+00  0.0000E+00  0.0000E+00  4.7022E+00 -2.5219E-01 -3.0203E-01  4.5820E+00  5.0311E+00 -4.4910E-01 -2.5096E-01
  2.0000E+00  4.8000E+01  0.0000E+00  3.0000E+00  1.7000E+01  2.0000E+00  0.0000E+00  0.0000E+00  2.7445E+01 -1.5112E+00 -1.3949E+00  1.7000E+01  2.4891E+01 -7.8907E+00 -1.4094E+00
  2.0000E+00  7.2000E+01  0.0000E+00  2.0000E+00  3.0600E+00  1.0000E+00  0.0000E+00  0.0000E+00  3.1036E+00 -1.3853E-01  7.8903E-03  3.0600E+00  3.1314E+00 -7.1445E-02  5.1512E-02
  2.0000E+00  7.2000E+01  0.0000E+00  3.0000E+00  2.1400E+01  2.0000E+00  0.0000E+00  0.0000E+00  2.6464E+01 -7.3270E-01 -6.7956E-01  2.1400E+01  2.5423E+01 -4.0232E+00 -6.8287E-01
  2.0000E+00  9.6000E+01  0.0000E+00  2.0000E+00  1.8620E+00  1.0000E+00  0.0000E+00  0.0000E+00  2.0484E+00 -8.9770E-01 -6.3502E-01  1.8620E+00  1.9491E+00 -8.7065E-02 -5.3457E-01
  2.0000E+00  9.6000E+01  0.0000E+00  3.0000E+00  3.3100E+01  2.0000E+00  0.0000E+00  0.0000E+00  2.9303E+01  5.4929E-01  5.3641E-01  3.3100E+01  2.9397E+01  3.7027E+00  5.3291E-01
  2.0000E+00  1.2000E+02  0.0000E+00  2.0000E+00  1.5020E+00  1.0000E+00  0.0000E+00  0.0000E+00  1.3520E+00  1.0941E+00  1.4095E+00  1.5020E+00  1.2131E+00  2.8887E-01  1.4504E+00
  2.0000E+00  1.2000E+02  0.0000E+00  3.0000E+00  3.6200E+01  2.0000E+00  0.0000E+00  0.0000E+00  3.3865E+01  3.3788E-01  2.4980E-01  3.6200E+01  3.5024E+01  1.1763E+00  2.4420E-01
  2.0000E+00  1.4400E+02  0.0000E+00  3.0000E+00  4.1000E+01  2.0000E+00  0.0000E+00  0.0000E+00  3.9426E+01  2.2765E-01  5.7959E-02  4.1000E+01  4.1647E+01 -6.4663E-01  5.2269E-02
  3.0000E+00  0.0000E+00  1.0000E+02  1.0000E+00  0.0000E+00  0.0000E+00  1.0000E+00  1.0000E+00  0.0000E+00  0.0000E+00  0.0000E+00  0.0000E+00  0.0000E+00  0.0000E+00  0.0000E+00
  3.0000E+00  0.0000E+00  0.0000E+00  3.0000E+00  1.1380E+02  2.0000E+00  0.0000E+00  0.0000E+00  1.1299E+02  1.1661E-01  4.8789E-01  1.1380E+02  1.0356E+02  1.0237E+01  5.8939E-01
  3.0000E+00  5.0000E-01  0.0000E+00  2.0000E+00  6.1160E+00  1.0000E+00  0.0000E+00  0.0000E+00  6.1413E+00 -4.0596E-02 -4.0010E-01  6.1160E+00  6.9188E+00 -8.0283E-01 -3.9981E-01
  3.0000E+00  2.0000E+00  0.0000E+00  2.0000E+00  1.1847E+01  1.0000E+00  0.0000E+00  0.0000E+00  1.1520E+01  2.7999E-01 -1.3433E-01  1.1847E+01  1.1915E+01 -6.8127E-02 -1.6729E-01
  3.0000E+00  6.0000E+00  0.0000E+00  2.0000E+00  1.2133E+01  1.0000E+00  0.0000E+00  0.0000E+00  1.1326E+01  7.0301E-01  4.1091E-01  1.2133E+01  1.1534E+01  5.9901E-01  4.0236E-01
  3.0000E+00  1.2000E+01  0.0000E+00  2.0000E+00  9.6540E+00  1.0000E+00  0.0000E+00  0.0000E+00  9.8212E+00 -1.6792E-01 -3.3475E-01  9.6540E+00  1.0246E+01 -5.9168E-01 -3.3268E-01
  3.0000E+00  1.2000E+01  0.0000E+00  3.0000E+00  6.4200E+01  2.0000E+00  0.0000E+00  0.0000E+00  6.9891E+01 -8.2338E-01 -4.7024E-01  6.4200E+01  5.6146E+01  8.0537E+00 -5.9356E-01
  3.0000E+00  2.4000E+01  0.0000E+00  2.0000E+00  7.8050E+00  1.0000E+00  0.0000E+00  0.0000E+00  7.3788E+00  5.6964E-01  6.3018E-01  7.8050E+00  8.0832E+00 -2.7817E-01  5.4015E-01
  3.0000E+00  2.4000E+01  0.0000E+00  3.0000E+00  5.7200E+01  2.0000E+00  0.0000E+00  0.0000E+00  5.0503E+01  9.6887E-01  1.3438E+00  5.7200E+01  3.5933E+01  2.1267E+01  1.3095E+00
  3.0000E+00  3.6000E+01  0.0000E+00  3.0000E+00  5.0700E+01  2.0000E+00  0.0000E+00  0.0000E+00  4.2740E+01  1.1516E+00  1.5773E+00  5.0700E+01  2.7781E+01  2.2919E+01  1.6613E+00
  3.0000E+00  4.8000E+01  0.0000E+00  2.0000E+00  3.7160E+00  1.0000E+00  0.0000E+00  0.0000E+00  4.1652E+00 -1.0636E+00 -6.5928E-01  3.7160E+00  5.0311E+00 -1.3151E+00 -4.9606E-01
  3.0000E+00  4.8000E+01  0.0000E+00  3.0000E+00  3.4700E+01  2.0000E+00  0.0000E+00  0.0000E+00  4.0476E+01 -8.3558E-01 -3.5601E-01  3.4700E+01  2.4891E+01  9.8093E+00 -1.8011E-01
  3.0000E+00  7.2000E+01  0.0000E+00  2.0000E+00  2.1140E+00  1.0000E+00  0.0000E+00  0.0000E+00  2.3511E+00 -9.9471E-01 -4.0998E-01  2.1140E+00  3.1314E+00 -1.0174E+00 -9.4389E-02
  3.0000E+00  7.2000E+01  0.0000E+00  3.0000E+00  3.6300E+01  2.0000E+00  0.0000E+00  0.0000E+00  4.3284E+01 -1.0104E+00 -4.3710E-01  3.6300E+01  2.5423E+01  1.0877E+01 -1.6153E-01
  3.0000E+00  9.6000E+01  0.0000E+00  2.0000E+00  1.4270E+00  1.0000E+00  0.0000E+00  0.0000E+00  1.3271E+00  7.4208E-01  1.3599E+00  1.4270E+00  1.9491E+00 -5.2207E-01  1.2444E+00
  3.0000E+00  9.6000E+01  0.0000E+00  3.0000E+00  5.1800E+01  2.0000E+00  0.0000E+00  0.0000E+00  5.0288E+01  2.1871E-01  8.5988E-01  5.1800E+01  2.9397E+01  2.2403E+01  1.1444E+00
  3.0000E+00  1.2000E+02  0.0000E+00  2.0000E+00  7.9200E-01  1.0000E+00  0.0000E+00  0.0000E+00  7.4914E-01  5.6429E-01  1.1130E+00  7.9200E-01  1.2131E+00 -4.2113E-01  1.2182E+00
  3.0000E+00  1.2000E+02  0.0000E+00  3.0000E+00  6.1600E+01  2.0000E+00  0.0000E+00  0.0000E+00  5.8827E+01  4.0112E-01  1.0854E+00  6.1600E+01  3.5024E+01  2.6576E+01  1.2970E+00
  3.0000E+00  1.4400E+02  0.0000E+00  3.0000E+00  7.6100E+01  2.0000E+00  0.0000E+00  0.0000E+00  6.7626E+01  1.2260E+00  1.9332E+00  7.6100E+01  4.1647E+01  3.4453E+01  2.0051E+00
  4.0000E+00  0.0000E+00  1.0000E+02  1.0000E+00  0.0000E+00  0.0000E+00  1.0000E+00  1.0000E+00  0.0000E+00  0.0000E+00  0.0000E+00  0.0000E+00  0.0000E+00  0.0000E+00  0.0000E+00
  4.0000E+00  0.0000E+00  0.0000E+00  3.0000E+00  1.1620E+02  2.0000E+00  0.0000E+00  0.0000E+00  1.1231E+02  5.6262E-01  1.0135E+00  1.1620E+02  1.0356E+02  1.2637E+01  1.0634E+00
  4.0000E+00  5.0000E-01  0.0000E+00  2.0000E+00  2.9400E+00  1.0000E+00  0.0000E+00  0.0000E+00  3.0854E+00 -4.6466E-01 -1.4733E+00  2.9400E+00  6.9188E+00 -3.9788E+00 -9.4880E-01
  4.0000E+00  2.0000E+00  0.0000E+00  2.0000E+00  7.8470E+00  1.0000E+00  0.0000E+00  0.0000E+00  7.2765E+00  7.7326E-01 -4.7824E-01  7.8470E+00  1.1915E+01 -4.0681E+00 -6.6882E-01
  4.0000E+00  6.0000E+00  0.0000E+00  2.0000E+00  7.4540E+00  1.0000E+00  0.0000E+00  0.0000E+00  8.5753E+00 -1.2896E+00 -2.0351E+00  7.4540E+00  1.1534E+01 -4.0800E+00 -1.4255E+00
  4.0000E+00  1.2000E+01  0.0000E+00  2.0000E+00  8.0590E+00  1.0000E+00  0.0000E+00  0.0000E+00  8.0769E+00 -2.1867E-02 -5.5675E-01  8.0590E+00  1.0246E+01 -2.1867E+00 -3.7046E-01
  4.0000E+00  1.2000E+01  0.0000E+00  3.0000E+00  7.0000E+01  2.0000E+00  0.0000E+00  0.0000E+00  6.8613E+01  2.0072E-01  7.0905E-01  7.0000E+01  5.6146E+01  1.3854E+01  6.5806E-01
  4.0000E+00  2.4000E+01  0.0000E+00  2.0000E+00  7.9890E+00  1.0000E+00  0.0000E+00  0.0000E+00  7.0613E+00  1.2958E+00  1.0429E+00  7.9890E+00  8.0832E+00 -9.4171E-02  8.9114E-01
  4.0000E+00  2.4000E+01  0.0000E+00  3.0000E+00  4.1300E+01  2.0000E+00  0.0000E+00  0.0000E+00  4.6454E+01 -7.4570E-01 -3.7204E-01  4.1300E+01  3.5933E+01  5.3672E+00 -3.8160E-01
  4.0000E+00  3.6000E+01  0.0000E+00  3.0000E+00  3.8800E+01  2.0000E+00  0.0000E+00  0.0000E+00  3.6356E+01  3.5356E-01  6.7955E-01  3.8800E+01  2.7781E+01  1.1019E+01  6.8929E-01
  4.0000E+00  4.8000E+01  0.0000E+00  2.0000E+00  4.2790E+00  1.0000E+00  0.0000E+00  0.0000E+00  5.3965E+00 -2.0424E+00 -1.8554E+00  4.2790E+00  5.0311E+00 -7.5210E-01 -2.1584E+00
  4.0000E+00  4.8000E+01  0.0000E+00  3.0000E+00  3.1100E+01  2.0000E+00  0.0000E+00  0.0000E+00  3.1983E+01 -1.2773E-01  1.7639E-01  3.1100E+01  2.4891E+01  6.2093E+00  1.8523E-01
  4.0000E+00  7.2000E+01  0.0000E+00  2.0000E+00  3.8620E+00  1.0000E+00  0.0000E+00  0.0000E+00  4.1243E+00 -6.2719E-01 -1.4387E-01  3.8620E+00  3.1314E+00  7.3055E-01 -5.1280E-01
  4.0000E+00  7.2000E+01  0.0000E+00  3.0000E+00  3.7700E+01  2.0000E+00  0.0000E+00  0.0000E+00  3.0425E+01  1.0525E+00  1.2993E+00  3.7700E+01  2.5423E+01  1.2277E+01  1.2825E+00
  4.0000E+00  9.6000E+01  0.0000E+00  2.0000E+00  3.6070E+00  1.0000E+00  0.0000E+00  0.0000E+00  3.1519E+00  1.4239E+00  2.0857E+00  3.6070E+00  1.9491E+00  1.6579E+00  2.8695E+00
  4.0000E+00  9.6000E+01  0.0000E+00  3.0000E+00  2.9400E+01  2.0000E+00  0.0000E+00  0.0000E+00  3.2545E+01 -4.5497E-01 -3.2369E-01  2.9400E+01  2.9397E+01  2.6947E-03 -3.7265E-01
  4.0000E+00  1.2000E+02  0.0000E+00  2.0000E+00  2.4520E+00  1.0000E+00  0.0000E+00  0.0000E+00  2.4088E+00  1.7669E-01  9.2501E-01  2.4520E+00  1.2131E+00  1.2389E+00  1.9741E+00
  4.0000E+00  1.2000E+02  0.0000E+00  3.0000E+00  4.1900E+01  2.0000E+00  0.0000E+00  0.0000E+00  3.6079E+01  8.4220E-01  7.9902E-01  4.1900E+01  3.5024E+01  6.8763E+00  7.2021E-01
  4.0000E+00  1.4400E+02  0.0000E+00  3.0000E+00  3.8400E+01  2.0000E+00  0.0000E+00  0.0000E+00  4.0366E+01 -2.8442E-01 -5.4787E-01  3.8400E+01  4.1647E+01 -3.2466E+00 -6.4811E-01
  5.0000E+00  0.0000E+00  1.0000E+02  1.0000E+00  0.0000E+00  0.0000E+00  1.0000E+00  1.0000E+00  0.0000E+00  0.0000E+00  0.0000E+00  0.0000E+00  0.0000E+00  0.0000E+00  0.0000E+00
  5.0000E+00  0.0000E+00  0.0000E+00  3.0000E+00  9.6700E+01  2.0000E+00  0.0000E+00  0.0000E+00  9.7291E+01 -8.5476E-02 -3.5040E-01  9.6700E+01  1.0356E+02 -6.8631E+00 -3.6534E-01
  5.0000E+00  5.0000E-01  0.0000E+00  2.0000E+00  9.7540E+00  1.0000E+00  0.0000E+00  0.0000E+00  9.5683E+00  1.9141E-01  6.8970E-01  9.7540E+00  6.9188E+00  2.8352E+00  5.6439E-01
  5.0000E+00  2.0000E+00  0.0000E+00  2.0000E+00  1.5460E+01  1.0000E+00  0.0000E+00  0.0000E+00  1.3563E+01  1.3798E+00  1.5617E+00  1.5460E+01  1.1915E+01  3.5449E+00  1.6990E+00
  5.0000E+00  6.0000E+00  0.0000E+00  2.0000E+00  1.3234E+01  1.0000E+00  0.0000E+00  0.0000E+00  1.2896E+01  2.5820E-01  4.1711E-01  1.3234E+01  1.1534E+01  1.7000E+00  5.9881E-01
  5.0000E+00  1.2000E+01  0.0000E+00  2.0000E+00  1.0026E+01  1.0000E+00  0.0000E+00  0.0000E+00  1.1777E+01 -1.4661E+00 -1.2729E+00  1.0026E+01  1.0246E+01 -2.1968E-01 -1.3541E+00
  5.0000E+00  1.2000E+01  0.0000E+00  3.0000E+00  4.7200E+01  2.0000E+00  0.0000E+00  0.0000E+00  4.9211E+01 -2.9098E-01 -4.1266E-01  4.7200E+01  5.6146E+01 -8.9463E+00 -4.6954E-01
  5.0000E+00  2.4000E+01  0.0000E+00  2.0000E+00  1.0444E+01  1.0000E+00  0.0000E+00  0.0000E+00  9.8201E+00  6.2663E-01  8.7722E-01  1.0444E+01  8.0832E+00  2.3608E+00  1.0634E+00
  5.0000E+00  2.4000E+01  0.0000E+00  3.0000E+00  3.1600E+01  2.0000E+00  0.0000E+00  0.0000E+00  2.9131E+01  3.5719E-01  2.3291E-01  3.1600E+01  3.5933E+01 -4.3328E+00  2.3214E-01
  5.0000E+00  3.6000E+01  0.0000E+00  3.0000E+00  3.0000E+01  2.0000E+00  0.0000E+00  0.0000E+00  2.0913E+01  1.3147E+00  1.1503E+00  3.0000E+01  2.7781E+01  2.2190E+00  1.2107E+00
  5.0000E+00  4.8000E+01  0.0000E+00  2.0000E+00  6.2800E+00  1.0000E+00  0.0000E+00  0.0000E+00  6.8283E+00 -7.9193E-01 -4.6824E-01  6.2800E+00  5.0311E+00  1.2489E+00 -7.3828E-01
  5.0000E+00  4.8000E+01  0.0000E+00  3.0000E+00  9.3000E+00  2.0000E+00  0.0000E+00  0.0000E+00  1.7685E+01 -1.2130E+00 -1.4203E+00  9.3000E+00  2.4891E+01 -1.5591E+01 -1.3096E+00
  5.0000E+00  7.2000E+01  0.0000E+00  2.0000E+00  4.6150E+00  1.0000E+00  0.0000E+00  0.0000E+00  4.7479E+00 -2.7617E-01  7.0929E-02  4.6150E+00  3.1314E+00  1.4836E+00 -5.2556E-02
  5.0000E+00  7.2000E+01  0.0000E+00  3.0000E+00  3.4000E+00  2.0000E+00  0.0000E+00  0.0000E+00  1.6662E+01 -1.9187E+00 -2.2172E+00  3.4000E+00  2.5423E+01 -2.2023E+01 -2.0280E+00
  5.0000E+00  9.6000E+01  0.0000E+00  2.0000E+00  3.6380E+00  1.0000E+00  0.0000E+00  0.0000E+00  3.3014E+00  1.0055E+00  1.3358E+00  3.6380E+00  1.9491E+00  1.6889E+00  1.9815E+00
  5.0000E+00  9.6000E+01  0.0000E+00  3.0000E+00  1.3700E+01  2.0000E+00  0.0000E+00  0.0000E+00  1.8100E+01 -6.3663E-01 -1.0496E+00  1.3700E+01  2.9397E+01 -1.5697E+01 -7.9763E-01
  5.0000E+00  1.2000E+02  0.0000E+00  2.0000E+00  2.2920E+00  1.0000E+00  0.0000E+00  0.0000E+00  2.2956E+00 -1.5482E-02  2.6928E-01  2.2920E+00  1.2131E+00  1.0789E+00  6.2037E-01
  5.0000E+00  1.2000E+02  0.0000E+00  3.0000E+00  1.3900E+01  2.0000E+00  0.0000E+00  0.0000E+00  2.0551E+01 -9.6222E-01 -1.5210E+00  1.3900E+01  3.5024E+01 -2.1124E+01 -1.2246E+00
  5.0000E+00  1.4400E+02  0.0000E+00  3.0000E+00  2.4400E+01  2.0000E+00  0.0000E+00  0.0000E+00  2.3740E+01  9.5557E-02 -6.3772E-01  2.4400E+01  4.1647E+01 -1.7247E+01 -3.2523E-01
  6.0000E+00  0.0000E+00  1.0000E+02  1.0000E+00  0.0000E+00  0.0000E+00  1.0000E+00  1.0000E+00  0.0000E+00  0.0000E+00  0.0000E+00  0.0000E+00  0.0000E+00  0.0000E+00  0.0000E+00
  6.0000E+00  0.0000E+00  0.0000E+00  3.0000E+00  1.0070E+02  2.0000E+00  0.0000E+00  0.0000E+00  1.0387E+02 -4.5857E-01 -5.3808E-01  1.0070E+02  1.0356E+02 -2.8631E+00 -4.8201E-01
  6.0000E+00  5.0000E-01  0.0000E+00  2.0000E+00  8.2660E+00  1.0000E+00  0.0000E+00  0.0000E+00  8.0629E+00  2.4843E-01  3.2494E-01  8.2660E+00  6.9188E+00  1.3472E+00  4.3221E-01
  6.0000E+00  2.0000E+00  0.0000E+00  2.0000E+00  1.1804E+01  1.0000E+00  0.0000E+00  0.0000E+00  1.2257E+01 -3.6418E-01 -7.3246E-01  1.1804E+01  1.1915E+01 -1.1113E-01 -5.0000E-01
  6.0000E+00  6.0000E+00  0.0000E+00  2.0000E+00  1.0746E+01  1.0000E+00  0.0000E+00  0.0000E+00  1.1054E+01 -2.7445E-01 -7.1586E-01  1.0746E+01  1.1534E+01 -7.8799E-01 -5.2988E-01
  6.0000E+00  1.2000E+01  0.0000E+00  2.0000E+00  1.0149E+01  1.0000E+00  0.0000E+00  0.0000E+00  9.1520E+00  1.0744E+00  6.6555E-01  1.0149E+01  1.0246E+01 -9.6684E-02  5.3724E-01
  6.0000E+00  1.2000E+01  0.0000E+00  3.0000E+00  4.6300E+01  2.0000E+00  0.0000E+00  0.0000E+00  4.1717E+01  6.6301E-01  1.0659E-01  4.6300E+01  5.6146E+01 -9.8463E+00 -1.5754E-02
  6.0000E+00  2.4000E+01  0.0000E+00  2.0000E+00  5.5680E+00  1.0000E+00  0.0000E+00  0.0000E+00  6.2739E+00 -1.1097E+00 -1.4287E+00  5.5680E+00  8.0832E+00 -2.5152E+00 -1.4337E+00
  6.0000E+00  2.4000E+01  0.0000E+00  3.0000E+00  1.9300E+01  2.0000E+00  0.0000E+00  0.0000E+00  2.6441E+01 -1.0331E+00 -1.3102E+00  1.9300E+01  3.5933E+01 -1.6633E+01 -1.2950E+00
  6.0000E+00  3.6000E+01  0.0000E+00  3.0000E+00  2.2000E+01  2.0000E+00  0.0000E+00  0.0000E+00  2.3889E+01 -2.7322E-01 -3.3666E-01  2.2000E+01  2.7781E+01 -5.7810E+00 -2.7861E-01
  6.0000E+00  4.8000E+01  0.0000E+00  2.0000E+00  2.9690E+00  1.0000E+00  0.0000E+00  0.0000E+00  2.9483E+00  6.9220E-02 -5.7689E-02  2.9690E+00  5.0311E+00 -2.0621E+00 -5.0513E-01
  6.0000E+00  4.8000E+01  0.0000E+00  3.0000E+00  1.9400E+01  2.0000E+00  0.0000E+00  0.0000E+00  2.5383E+01 -8.6552E-01 -7.7655E-01  1.9400E+01  2.4891E+01 -5.4907E+00 -7.2233E-01
  6.0000E+00  7.2000E+01  0.0000E+00  2.0000E+00  1.3780E+00  1.0000E+00  0.0000E+00  0.0000E+00  1.3855E+00 -5.3469E-02 -5.3387E-02  1.3780E+00  3.1314E+00 -1.7534E+00 -1.8802E-01
  6.0000E+00  7.2000E+01  0.0000E+00  3.0000E+00  3.1600E+01  2.0000E+00  0.0000E+00  0.0000E+00  3.2935E+01 -1.9309E-01  1.5565E-01  3.1600E+01  2.5423E+01  6.1768E+00  2.1995E-01
  6.0000E+00  9.6000E+01  0.0000E+00  2.0000E+00  6.4200E-01  1.0000E+00  0.0000E+00  0.0000E+00  6.5110E-01 -1.3784E-01 -9.2850E-02  6.4200E-01  1.9491E+00 -1.3071E+00  3.6915E-01
  6.0000E+00  9.6000E+01  0.0000E+00  3.0000E+00  4.1700E+01  2.0000E+00  0.0000E+00  0.0000E+00  4.3436E+01 -2.5108E-01  3.4137E-01  4.1700E+01  2.9397E+01  1.2303E+01  4.7174E-01
  6.0000E+00  1.2000E+02  0.0000E+00  2.0000E+00  3.2000E-01  1.0000E+00  0.0000E+00  0.0000E+00  3.0597E-01  4.5212E-01  4.8227E-01  3.2000E-01  1.2131E+00 -8.9313E-01  1.1796E+00
  6.0000E+00  1.2000E+02  0.0000E+00  3.0000E+00  5.9100E+01  2.0000E+00  0.0000E+00  0.0000E+00  5.5010E+01  5.9166E-01  1.3656E+00  5.9100E+01  3.5024E+01  2.4076E+01  1.5581E+00
  6.0000E+00  1.4400E+02  0.0000E+00  3.0000E+00  7.2800E+01  2.0000E+00  0.0000E+00  0.0000E+00  6.6145E+01  9.6276E-01  1.8148E+00  7.2800E+01  4.1647E+01  3.1153E+01  2.0007E+00
  7.0000E+00  0.0000E+00  1.0000E+02  1.0000E+00  0.0000E+00  0.0000E+00  1.0000E+00  1.0000E+00  0.0000E+00  0.0000E+00  0.0000E+00  0.0000E+00  0.0000E+00  0.0000E+00  0.0000E+00
  7.0000E+00  0.0000E+00  0.0000E+00  3.0000E+00  9.8300E+01  2.0000E+00  0.0000E+00  0.0000E+00  1.0523E+02 -1.0023E+00 -1.0369E+00  9.8300E+01  1.0356E+02 -5.2631E+00 -9.2931E-01
  7.0000E+00  5.0000E-01  0.0000E+00  2.0000E+00  5.1490E+00  1.0000E+00  0.0000E+00  0.0000E+00  5.1868E+00 -7.1801E-02 -6.6599E-01  5.1490E+00  6.9188E+00 -1.7698E+00 -5.9895E-01
  7.0000E+00  2.0000E+00  0.0000E+00  2.0000E+00  1.0567E+01  1.0000E+00  0.0000E+00  0.0000E+00  1.0348E+01  2.0857E-01 -3.9037E-01  1.0567E+01  1.1915E+01 -1.3481E+00 -4.3757E-01
  7.0000E+00  6.0000E+00  0.0000E+00  2.0000E+00  1.0733E+01  1.0000E+00  0.0000E+00  0.0000E+00  1.0516E+01  2.0327E-01 -1.3492E-01  1.0733E+01  1.1534E+01 -8.0099E-01 -1.0861E-01
  7.0000E+00  1.2000E+01  0.0000E+00  2.0000E+00  8.0730E+00  1.0000E+00  0.0000E+00  0.0000E+00  9.1969E+00 -1.2053E+00 -1.3720E+00  8.0730E+00  1.0246E+01 -2.1727E+00 -1.2053E+00
  7.0000E+00  1.2000E+01  0.0000E+00  3.0000E+00  6.0400E+01  2.0000E+00  0.0000E+00  0.0000E+00  6.0331E+01  9.9799E-03  7.7608E-02  6.0400E+01  5.6146E+01  4.2537E+00 -1.2824E-01
  7.0000E+00  2.4000E+01  0.0000E+00  2.0000E+00  7.2800E+00  1.0000E+00  0.0000E+00  0.0000E+00  7.0193E+00  3.6636E-01  4.6542E-01  7.2800E+00  8.0832E+00 -8.0317E-01  4.3142E-01
  7.0000E+00  2.4000E+01  0.0000E+00  3.0000E+00  4.4000E+01  2.0000E+00  0.0000E+00  0.0000E+00  4.3510E+01  7.0863E-02  3.2949E-01  4.4000E+01  3.5933E+01  8.0672E+00  1.7095E-01
  7.0000E+00  3.6000E+01  0.0000E+00  3.0000E+00  3.2900E+01  2.0000E+00  0.0000E+00  0.0000E+00  3.8505E+01 -8.1087E-01 -3.7076E-01  3.2900E+01  2.7781E+01  5.1190E+00 -4.1372E-01
  7.0000E+00  4.8000E+01  0.0000E+00  2.0000E+00  4.3370E+00  1.0000E+00  0.0000E+00  0.0000E+00  4.0887E+00  5.9885E-01  9.8394E-01  4.3370E+00  5.0311E+00 -6.9410E-01  9.0634E-01
  7.0000E+00  4.8000E+01  0.0000E+00  3.0000E+00  4.2000E+01  2.0000E+00  0.0000E+00  0.0000E+00  3.8357E+01  5.2703E-01  1.0987E+00  4.2000E+01  2.4891E+01  1.7109E+01  1.1736E+00
  7.0000E+00  7.2000E+01  0.0000E+00  2.0000E+00  2.5010E+00  1.0000E+00  0.0000E+00  0.0000E+00  2.3817E+00  4.9403E-01  9.3140E-01  2.5010E+00  3.1314E+00 -6.3045E-01  9.1303E-01
  7.0000E+00  7.2000E+01  0.0000E+00  3.0000E+00  4.3600E+01  2.0000E+00  0.0000E+00  0.0000E+00  4.3781E+01 -2.6152E-02  6.8344E-01  4.3600E+01  2.5423E+01  1.8177E+01  9.4967E-01
  7.0000E+00  9.6000E+01  0.0000E+00  2.0000E+00  1.3270E+00  1.0000E+00  0.0000E+00  0.0000E+00  1.3873E+00 -4.2901E-01 -5.6742E-02  1.3270E+00  1.9491E+00 -6.2207E-01  3.0463E-01
  7.0000E+00  9.6000E+01  0.0000E+00  3.0000E+00  5.8100E+01  2.0000E+00  0.0000E+00  0.0000E+00  5.2096E+01  8.6861E-01  1.6048E+00  5.8100E+01  2.9397E+01  2.8703E+01  1.9736E+00
  7.0000E+00  1.2000E+02  0.0000E+00  2.0000E+00  8.3600E-01  1.0000E+00  0.0000E+00  0.0000E+00  8.0813E-01  3.4011E-01  6.0922E-01  8.3600E-01  1.2131E+00 -3.7713E-01  7.5691E-01
  7.0000E+00  1.2000E+02  0.0000E+00  3.0000E+00  6.6500E+01  2.0000E+00  0.0000E+00  0.0000E+00  6.1177E+01  7.7007E-01  1.4684E+00  6.6500E+01  3.5024E+01  3.1476E+01  1.8274E+00
  7.0000E+00  1.4400E+02  0.0000E+00  3.0000E+00  7.3800E+01  2.0000E+00  0.0000E+00  0.0000E+00  6.9974E+01  5.5349E-01  1.1814E+00  7.3800E+01  4.1647E+01  3.2153E+01  1.4213E+00
  8.0000E+00  0.0000E+00  1.0000E+02  1.0000E+00  0.0000E+00  0.0000E+00  1.0000E+00  1.0000E+00  0.0000E+00  0.0000E+00  0.0000E+00  0.0000E+00  0.0000E+00  0.0000E+00  0.0000E+00
  8.0000E+00  0.0000E+00  0.0000E+00  3.0000E+00  1.1590E+02  2.0000E+00  0.0000E+00  0.0000E+00  1.1079E+02  7.3978E-01  1.2222E+00  1.1590E+02  1.0356E+02  1.2337E+01  1.1884E+00
  8.0000E+00  5.0000E-01  0.0000E+00  2.0000E+00  6.4610E+00  1.0000E+00  0.0000E+00  0.0000E+00  6.2522E+00  3.2937E-01  1.6136E-01  6.4610E+00  6.9188E+00 -4.5783E-01 -2.3215E-03
  8.0000E+00  2.0000E+00  0.0000E+00  2.0000E+00  1.1150E+01  1.0000E+00  0.0000E+00  0.0000E+00  1.2331E+01 -9.4479E-01 -9.7809E-01  1.1150E+01  1.1915E+01 -7.6513E-01 -1.0237E+00
  8.0000E+00  6.0000E+00  0.0000E+00  2.0000E+00  1.1946E+01  1.0000E+00  0.0000E+00  0.0000E+00  1.2580E+01 -4.9690E-01 -3.8403E-01  1.1946E+01  1.1534E+01  4.1201E-01 -3.3214E-01
  8.0000E+00  1.2000E+01  0.0000E+00  2.0000E+00  1.2897E+01  1.0000E+00  0.0000E+00  0.0000E+00  1.1198E+01  1.4967E+00  1.6279E+00  1.2897E+01  1.0246E+01  2.6513E+00  1.8243E+00
  8.0000E+00  1.2000E+01  0.0000E+00  3.0000E+00  5.3200E+01  2.0000E+00  0.0000E+00  0.0000E+00  4.7360E+01  8.4488E-01  5.1106E-01  5.3200E+01  5.6146E+01 -2.9463E+00  6.1481E-01
  8.0000E+00  2.4000E+01  0.0000E+00  2.0000E+00  9.2830E+00  1.0000E+00  0.0000E+00  0.0000E+00  8.8576E+00  4.7371E-01  6.2926E-01  9.2830E+00  8.0832E+00  1.1998E+00  7.0555E-01
  8.0000E+00  2.4000E+01  0.0000E+00  3.0000E+00  1.7600E+01  2.0000E+00  0.0000E+00  0.0000E+00  2.7307E+01 -1.4043E+00 -1.7005E+00  1.7600E+01  3.5933E+01 -1.8333E+01 -1.5219E+00
  8.0000E+00  3.6000E+01  0.0000E+00  3.0000E+00  1.9500E+01  2.0000E+00  0.0000E+00  0.0000E+00  2.1549E+01 -2.9647E-01 -4.7765E-01  1.9500E+01  2.7781E+01 -8.2810E+00 -2.9577E-01
  8.0000E+00  4.8000E+01  0.0000E+00  2.0000E+00  5.2780E+00  1.0000E+00  0.0000E+00  0.0000E+00  5.5423E+00 -4.7026E-01 -2.9047E-01  5.2780E+00  5.0311E+00  2.4690E-01 -3.5485E-01
  8.0000E+00  4.8000E+01  0.0000E+00  3.0000E+00  2.1000E+01  2.0000E+00  0.0000E+00  0.0000E+00  2.0485E+01  7.4482E-02 -3.7706E-02  2.1000E+01  2.4891E+01 -3.8907E+00  1.1707E-01
  8.0000E+00  7.2000E+01  0.0000E+00  2.0000E+00  3.5110E+00  1.0000E+00  0.0000E+00  0.0000E+00  3.4678E+00  1.2277E-01  2.9736E-01  3.5110E+00  3.1314E+00  3.7955E-01  2.2872E-01
  8.0000E+00  7.2000E+01  0.0000E+00  3.0000E+00  1.1300E+01  2.0000E+00  0.0000E+00  0.0000E+00  2.2705E+01 -1.6500E+00 -1.7266E+00  1.1300E+01  2.5423E+01 -1.4123E+01 -1.6363E+00
  8.0000E+00  9.6000E+01  0.0000E+00  2.0000E+00  2.1180E+00  1.0000E+00  0.0000E+00  0.0000E+00  2.1699E+00 -2.3568E-01 -8.9360E-02  2.1180E+00  1.9491E+00  1.6893E-01 -1.8907E-01
  8.0000E+00  9.6000E+01  0.0000E+00  3.0000E+00  2.3600E+01  2.0000E+00  0.0000E+00  0.0000E+00  2.7166E+01 -5.1587E-01 -6.1140E-01  2.3600E+01  2.9397E+01 -5.7973E+00 -5.6687E-01
  8.0000E+00  1.2000E+02  0.0000E+00  2.0000E+00  1.4270E+00  1.0000E+00  0.0000E+00  0.0000E+00  1.3577E+00  5.0348E-01  6.0537E-01  1.4270E+00  1.2131E+00  2.1387E-01  4.7774E-01
  8.0000E+00  1.2000E+02  0.0000E+00  3.0000E+00  3.2600E+01  2.0000E+00  0.0000E+00  0.0000E+00  3.3059E+01 -6.6474E-02 -1.9155E-01  3.2600E+01  3.5024E+01 -2.4237E+00 -1.7540E-01
  8.0000E+00  1.4400E+02  0.0000E+00  3.0000E+00  4.8300E+01  2.0000E+00  0.0000E+00  0.0000E+00  4.0132E+01  1.1817E+00  1.0359E+00  4.8300E+01  4.1647E+01  6.6534E+00  1.0352E+00
  9.0000E+00  0.0000E+00  1.0000E+02  1.0000E+00  0.0000E+00  0.0000E+00  1.0000E+00  1.0000E+00  0.0000E+00  0.0000E+00  0.0000E+00  0.0000E+00  0.0000E+00  0.0000E+00  0.0000E+00
  9.0000E+00  0.0000E+00  0.0000E+00  3.0000E+00  9.3200E+01  2.0000E+00  0.0000E+00  0.0000E+00  9.9393E+01 -8.9603E-01 -1.0851E+00  9.3200E+01  1.0356E+02 -1.0363E+01 -1.0282E+00
  9.0000E+00  5.0000E-01  0.0000E+00  2.0000E+00  6.1220E+00  1.0000E+00  0.0000E+00  0.0000E+00  6.0001E+00  2.0033E-01 -7.6559E-02  6.1220E+00  6.9188E+00 -7.9683E-01 -6.4306E-02
  9.0000E+00  2.0000E+00  0.0000E+00  2.0000E+00  9.6420E+00  1.0000E+00  0.0000E+00  0.0000E+00  1.0124E+01 -4.6913E-01 -1.1946E+00  9.6420E+00  1.1915E+01 -2.2731E+00 -9.9011E-01
  9.0000E+00  6.0000E+00  0.0000E+00  2.0000E+00  9.4660E+00  1.0000E+00  0.0000E+00  0.0000E+00  9.7642E+00 -3.0124E-01 -9.9662E-01  9.4660E+00  1.1534E+01 -2.0680E+00 -8.2727E-01
  9.0000E+00  1.2000E+01  0.0000E+00  2.0000E+00  8.7180E+00  1.0000E+00  0.0000E+00  0.0000E+00  8.7013E+00  1.8980E-02 -4.8204E-01  8.7180E+00  1.0246E+01 -1.5277E+00 -3.9410E-01
  9.0000E+00  1.2000E+01  0.0000E+00  3.0000E+00  3.8200E+01  2.0000E+00  0.0000E+00  0.0000E+00  4.0517E+01 -3.3524E-01 -9.3731E-01  3.8200E+01  5.6146E+01 -1.7946E+01 -1.0010E+00
  9.0000E+00  2.4000E+01  0.0000E+00  2.0000E+00  6.5120E+00  1.0000E+00  0.0000E+00  0.0000E+00  6.9090E+00 -5.6671E-01 -7.3819E-01  6.5120E+00  8.0832E+00 -1.5712E+00 -6.1178E-01
  9.0000E+00  2.4000E+01  0.0000E+00  3.0000E+00  2.3600E+01  2.0000E+00  0.0000E+00  0.0000E+00  2.6348E+01 -3.9758E-01 -5.3791E-01  2.3600E+01  3.5933E+01 -1.2333E+01 -5.2250E-01
  9.0000E+00  3.6000E+01  0.0000E+00  3.0000E+00  1.8400E+01  2.0000E+00  0.0000E+00  0.0000E+00  2.3934E+01 -8.0063E-01 -6.5830E-01  1.8400E+01  2.7781E+01 -9.3810E+00 -6.1032E-01
  9.0000E+00  4.8000E+01  0.0000E+00  2.0000E+00  4.7890E+00  1.0000E+00  0.0000E+00  0.0000E+00  4.3559E+00  9.8062E-01  1.2439E+00  4.7890E+00  5.0311E+00 -2.4210E-01  1.0501E+00
  9.0000E+00  4.8000E+01  0.0000E+00  3.0000E+00  2.3200E+01  2.0000E+00  0.0000E+00  0.0000E+00  2.4853E+01 -2.3918E-01  3.1834E-02  2.3200E+01  2.4891E+01 -1.6907E+00  7.6730E-02
  9.0000E+00  7.2000E+01  0.0000E+00  2.0000E+00  2.6550E+00  1.0000E+00  0.0000E+00  0.0000E+00  2.7463E+00 -3.2779E-01  1.2930E-01  2.6550E+00  3.1314E+00 -4.7645E-01  9.4337E-02
  9.0000E+00  7.2000E+01  0.0000E+00  3.0000E+00  2.9600E+01  2.0000E+00  0.0000E+00  0.0000E+00  2.9719E+01 -1.7206E-02  3.0522E-01  2.9600E+01  2.5423E+01  4.1768E+00  3.3657E-01
  9.0000E+00  9.6000E+01  0.0000E+00  2.0000E+00  1.7510E+00  1.0000E+00  0.0000E+00  0.0000E+00  1.7314E+00  1.1141E-01  6.0416E-01  1.7510E+00  1.9491E+00 -1.9807E-01  4.7149E-01
  9.0000E+00  9.6000E+01  0.0000E+00  3.0000E+00  3.4500E+01  2.0000E+00  0.0000E+00  0.0000E+00  3.6341E+01 -2.6640E-01 -7.7946E-03  3.4500E+01  2.9397E+01  5.1027E+00  3.9043E-02
  9.0000E+00  1.2000E+02  0.0000E+00  2.0000E+00  1.1360E+00  1.0000E+00  0.0000E+00  0.0000E+00  1.0916E+00  4.0095E-01  8.4275E-01  1.1360E+00  1.2131E+00 -7.7132E-02  6.4244E-01
  9.0000E+00  1.2000E+02  0.0000E+00  3.0000E+00  5.4700E+01  2.0000E+00  0.0000E+00  0.0000E+00  4.4008E+01  1.5469E+00  1.6893E+00  5.4700E+01  3.5024E+01  1.9676E+01  1.7651E+00
  9.0000E+00  1.4400E+02  0.0000E+00  3.0000E+00  5.7000E+01  2.0000E+00  0.0000E+00  0.0000E+00  5.2215E+01  6.9228E-01  7.0031E-01  5.7000E+01  4.1647E+01  1.5353E+01  7.9503E-01
  1.0000E+01  0.0000E+00  1.0000E+02  1.0000E+00  0.0000E+00  0.0000E+00  1.0000E+00  1.0000E+00  0.0000E+00  0.0000E+00  0.0000E+00  0.0000E+00  0.0000E+00  0.0000E+00  0.0000E+00
  1.0000E+01  0.0000E+00  0.0000E+00  3.0000E+00  8.5200E+01  2.0000E+00  0.0000E+00  0.0000E+00  9.2992E+01 -1.1273E+00 -1.6624E+00  8.5200E+01  1.0356E+02 -1.8363E+01 -1.6158E+00
  1.0000E+01  5.0000E-01  0.0000E+00  2.0000E+00  9.0880E+00  1.0000E+00  0.0000E+00  0.0000E+00  8.9341E+00  1.6992E-01  5.4397E-01  9.0880E+00  6.9188E+00  2.1692E+00  4.4671E-01
  1.0000E+01  2.0000E+00  0.0000E+00  2.0000E+00  1.4326E+01  1.0000E+00  0.0000E+00  0.0000E+00  1.2896E+01  1.0940E+00  1.1635E+00  1.4326E+01  1.1915E+01  2.4109E+00  1.1589E+00
  1.0000E+01  6.0000E+00  0.0000E+00  2.0000E+00  1.2270E+01  1.0000E+00  0.0000E+00  0.0000E+00  1.2088E+01  1.4815E-01  1.7237E-01  1.2270E+01  1.1534E+01  7.3601E-01  2.3957E-01
  1.0000E+01  1.2000E+01  0.0000E+00  2.0000E+00  9.3220E+00  1.0000E+00  0.0000E+00  0.0000E+00  1.0763E+01 -1.3208E+00 -1.2861E+00  9.3220E+00  1.0246E+01 -9.2368E-01 -1.2755E+00
  1.0000E+01  1.2000E+01  0.0000E+00  3.0000E+00  4.8800E+01  2.0000E+00  0.0000E+00  0.0000E+00  4.9048E+01 -3.5831E-02 -2.5906E-01  4.8800E+01  5.6146E+01 -7.3463E+00 -2.4979E-01
  1.0000E+01  2.4000E+01  0.0000E+00  2.0000E+00  9.1360E+00  1.0000E+00  0.0000E+00  0.0000E+00  8.5333E+00  6.9665E-01  7.5500E-01  9.1360E+00  8.0832E+00  1.0528E+00  8.4608E-01
  1.0000E+01  2.4000E+01  0.0000E+00  3.0000E+00  3.0700E+01  2.0000E+00  0.0000E+00  0.0000E+00  3.0713E+01 -1.8457E-03 -1.2701E-01  3.0700E+01  3.5933E+01 -5.2328E+00 -1.2038E-01
  1.0000E+01  3.6000E+01  0.0000E+00  3.0000E+00  2.4800E+01  2.0000E+00  0.0000E+00  0.0000E+00  2.3332E+01  2.1233E-01  1.0344E-01  2.4800E+01  2.7781E+01 -2.9810E+00  1.1498E-01
  1.0000E+01  4.8000E+01  0.0000E+00  2.0000E+00  4.5890E+00  1.0000E+00  0.0000E+00  0.0000E+00  5.3634E+00 -1.4241E+00 -1.3227E+00  4.5890E+00  5.0311E+00 -4.4210E-01 -1.3353E+00
  1.0000E+01  4.8000E+01  0.0000E+00  3.0000E+00  2.1700E+01  2.0000E+00  0.0000E+00  0.0000E+00  2.0666E+01  1.4963E-01  3.2799E-02  2.1700E+01  2.4891E+01 -3.1907E+00  4.9596E-02
  1.0000E+01  7.2000E+01  0.0000E+00  2.0000E+00  3.4550E+00  1.0000E+00  0.0000E+00  0.0000E+00  3.3711E+00  2.4557E-01  3.6731E-01  3.4550E+00  3.1314E+00  3.2355E-01  3.9391E-01
  1.0000E+01  7.2000E+01  0.0000E+00  3.0000E+00  1.8200E+01  2.0000E+00  0.0000E+00  0.0000E+00  2.0859E+01 -3.8463E-01 -5.3501E-01  1.8200E+01  2.5423E+01 -7.2232E+00 -5.1014E-01
  1.0000E+01  9.6000E+01  0.0000E+00  2.0000E+00  2.4350E+00  1.0000E+00  0.0000E+00  0.0000E+00  2.1188E+00  1.4718E+00  1.5880E+00  2.4350E+00  1.9491E+00  4.8593E-01  1.5598E+00
  1.0000E+01  9.6000E+01  0.0000E+00  3.0000E+00  1.8800E+01  2.0000E+00  0.0000E+00  0.0000E+00  2.3993E+01 -7.5129E-01 -9.4260E-01  1.8800E+01  2.9397E+01 -1.0597E+01 -9.1174E-01
  1.0000E+01  1.2000E+02  0.0000E+00  2.0000E+00  1.2230E+00  1.0000E+00  0.0000E+00  0.0000E+00  1.3317E+00 -8.0532E-01 -7.0986E-01  1.2230E+00  1.2131E+00  9.8684E-03 -6.8079E-01
  1.0000E+01  1.2000E+02  0.0000E+00  3.0000E+00  2.7700E+01  2.0000E+00  0.0000E+00  0.0000E+00  2.8565E+01 -1.2508E-01 -3.6234E-01  2.7700E+01  3.5024E+01 -7.3237E+00 -3.2675E-01
  1.0000E+01  1.4400E+02  0.0000E+00  3.0000E+00  3.6600E+01  2.0000E+00  0.0000E+00  0.0000E+00  3.4080E+01  3.6458E-01  7.7870E-02  3.6600E+01  4.1647E+01 -5.0466E+00  1.1701E-01
  1.1000E+01  0.0000E+00  1.0000E+02  1.0000E+00  0.0000E+00  0.0000E+00  1.0000E+00  1.0000E+00  0.0000E+00  0.0000E+00  0.0000E+00  0.0000E+00  0.0000E+00  0.0000E+00  0.0000E+00
  1.1000E+01  0.0000E+00  0.0000E+00  3.0000E+00  9.7200E+01  2.0000E+00  0.0000E+00  0.0000E+00  1.0066E+02 -5.0077E-01 -6.9851E-01  9.7200E+01  1.0356E+02 -6.3631E+00 -5.9446E-01
  1.1000E+01  5.0000E-01  0.0000E+00  2.0000E+00  4.3180E+00  1.0000E+00  0.0000E+00  0.0000E+00  4.5382E+00 -4.7848E-01 -1.1136E+00  4.3180E+00  6.9188E+00 -2.6008E+00 -7.6167E-01
  1.1000E+01  2.0000E+00  0.0000E+00  2.0000E+00  1.0223E+01  1.0000E+00  0.0000E+00  0.0000E+00  9.0481E+00  1.2807E+00  5.1882E-01  1.0223E+01  1.1915E+01 -1.6921E+00  2.7274E-01
  1.1000E+01  6.0000E+00  0.0000E+00  2.0000E+00  9.6630E+00  1.0000E+00  0.0000E+00  0.0000E+00  9.4400E+00  2.3299E-01 -3.7238E-01  9.6630E+00  1.1534E+01 -1.8710E+00 -3.2170E-01
  1.1000E+01  1.2000E+01  0.0000E+00  2.0000E+00  8.4320E+00  1.0000E+00  0.0000E+00  0.0000E+00  8.6720E+00 -2.7294E-01 -7.7255E-01  8.4320E+00  1.0246E+01 -1.8137E+00 -6.6571E-01
  1.1000E+01  1.2000E+01  0.0000E+00  3.0000E+00  6.8300E+01  2.0000E+00  0.0000E+00  0.0000E+00  6.6916E+01  2.0027E-01  5.5023E-01  6.8300E+01  5.6146E+01  1.2154E+01  3.4148E-01
  1.1000E+01  2.4000E+01  0.0000E+00  2.0000E+00  7.1140E+00  1.0000E+00  0.0000E+00  0.0000E+00  7.3056E+00 -2.5863E-01 -5.7139E-01  7.1140E+00  8.0832E+00 -9.6917E-01 -5.3350E-01
  1.1000E+01  2.4000E+01  0.0000E+00  3.0000E+00  5.2700E+01  2.0000E+00  0.0000E+00  0.0000E+00  4.7253E+01  7.8810E-01  1.2275E+00  5.2700E+01  3.5933E+01  1.6767E+01  1.1270E+00
  1.1000E+01  3.6000E+01  0.0000E+00  3.0000E+00  4.1800E+01  2.0000E+00  0.0000E+00  0.0000E+00  3.6350E+01  7.8850E-01  1.1638E+00  4.1800E+01  2.7781E+01  1.4019E+01  1.1590E+00
  1.1000E+01  4.8000E+01  0.0000E+00  2.0000E+00  4.4180E+00  1.0000E+00  0.0000E+00  0.0000E+00  5.1847E+00 -1.4585E+00 -1.4709E+00  4.4180E+00  5.0311E+00 -6.1310E-01 -1.5067E+00
  1.1000E+01  4.8000E+01  0.0000E+00  3.0000E+00  2.8400E+01  2.0000E+00  0.0000E+00  0.0000E+00  3.0364E+01 -2.8418E-01 -1.5553E-02  2.8400E+01  2.4891E+01  3.5093E+00  2.2774E-02
  1.1000E+01  7.2000E+01  0.0000E+00  2.0000E+00  3.3510E+00  1.0000E+00  0.0000E+00  0.0000E+00  3.6796E+00 -8.8070E-01 -6.8430E-01  3.3510E+00  3.1314E+00  2.1955E-01 -7.5794E-01
  1.1000E+01  7.2000E+01  0.0000E+00  3.0000E+00  2.1000E+01  2.0000E+00  0.0000E+00  0.0000E+00  2.5806E+01 -6.9537E-01 -6.4073E-01  2.1000E+01  2.5423E+01 -4.4232E+00 -5.9048E-01
  1.1000E+01  9.6000E+01  0.0000E+00  2.0000E+00  2.8620E+00  1.0000E+00  0.0000E+00  0.0000E+00  2.6114E+00  9.4661E-01  1.2708E+00  2.8620E+00  1.9491E+00  9.1293E-01  1.6509E+00
  1.1000E+01  9.6000E+01  0.0000E+00  3.0000E+00  1.4400E+01  2.0000E+00  0.0000E+00  0.0000E+00  2.5828E+01 -1.6533E+00 -1.7846E+00  1.4400E+01  2.9397E+01 -1.4997E+01 -1.7401E+00
  1.1000E+01  1.2000E+02  0.0000E+00  2.0000E+00  1.9420E+00  1.0000E+00  0.0000E+00  0.0000E+00  1.8533E+00  4.7220E-01  8.5745E-01  1.9420E+00  1.2131E+00  7.2887E-01  1.4689E+00
  1.1000E+01  1.2000E+02  0.0000E+00  3.0000E+00  2.1800E+01  2.0000E+00  0.0000E+00  0.0000E+00  2.7913E+01 -8.8435E-01 -1.1891E+00  2.1800E+01  3.5024E+01 -1.3224E+01 -1.1436E+00
  1.1000E+01  1.4400E+02  0.0000E+00  3.0000E+00  3.8800E+01  2.0000E+00  0.0000E+00  0.0000E+00  3.1142E+01  1.1079E+00  6.3019E-01  3.8800E+01  4.1647E+01 -2.8466E+00  6.8107E-01
  1.2000E+01  0.0000E+00  1.0000E+02  1.0000E+00  0.0000E+00  0.0000E+00  1.0000E+00  1.0000E+00  0.0000E+00  0.0000E+00  0.0000E+00  0.0000E+00  0.0000E+00  0.0000E+00  0.0000E+00
  1.2000E+01  0.0000E+00  0.0000E+00  3.0000E+00  9.1400E+01  2.0000E+00  0.0000E+00  0.0000E+00  9.9190E+01 -1.1271E+00 -1.4066E+00  9.1400E+01  1.0356E+02 -1.2163E+01 -1.2815E+00
  1.2000E+01  5.0000E-01  0.0000E+00  2.0000E+00  1.0249E+01  1.0000E+00  0.0000E+00  0.0000E+00  9.9223E+00  3.2474E-01  9.0317E-01  1.0249E+01  6.9188E+00  3.3302E+00  1.0837E+00
  1.2000E+01  2.0000E+00  0.0000E+00  2.0000E+00  1.4165E+01  1.0000E+00  0.0000E+00  0.0000E+00  1.4399E+01 -1.6032E-01  2.0325E-01  1.4165E+01  1.1915E+01  2.2499E+00  1.2915E-01
  1.2000E+01  6.0000E+00  0.0000E+00  2.0000E+00  1.4325E+01  1.0000E+00  0.0000E+00  0.0000E+00  1.3621E+01  5.0981E-01  8.4135E-01  1.4325E+01  1.1534E+01  2.7910E+00  9.8589E-01
  1.2000E+01  1.2000E+01  0.0000E+00  2.0000E+00  1.3177E+01  1.0000E+00  0.0000E+00  0.0000E+00  1.2290E+01  7.1173E-01  1.0646E+00  1.3177E+01  1.0246E+01  2.9313E+00  1.2654E+00
  1.2000E+01  1.2000E+01  0.0000E+00  3.0000E+00  6.9600E+01  2.0000E+00  0.0000E+00  0.0000E+00  6.7516E+01  3.0147E-01  5.9915E-01  6.9600E+01  5.6146E+01  1.3454E+01  3.8234E-01
  1.2000E+01  2.4000E+01  0.0000E+00  2.0000E+00  1.0338E+01  1.0000E+00  0.0000E+00  0.0000E+00  1.0006E+01  3.2747E-01  7.1383E-01  1.0338E+01  8.0832E+00  2.2548E+00  8.6602E-01
  1.2000E+01  2.4000E+01  0.0000E+00  3.0000E+00  6.1800E+01  2.0000E+00  0.0000E+00  0.0000E+00  4.9154E+01  1.8296E+00  2.2833E+00  6.1800E+01  3.5933E+01  2.5867E+01  2.2028E+00
  1.2000E+01  3.6000E+01  0.0000E+00  3.0000E+00  3.3900E+01  2.0000E+00  0.0000E+00  0.0000E+00  3.8778E+01 -7.0578E-01 -2.7690E-01  3.3900E+01  2.7781E+01  6.1190E+00 -2.4210E-01
  1.2000E+01  4.8000E+01  0.0000E+00  2.0000E+00  6.4720E+00  1.0000E+00  0.0000E+00  0.0000E+00  6.6320E+00 -2.3788E-01  1.8096E-01  6.4720E+00  5.0311E+00  1.4409E+00  2.0565E-01
  1.2000E+01  4.8000E+01  0.0000E+00  3.0000E+00  2.8200E+01  2.0000E+00  0.0000E+00  0.0000E+00  3.3008E+01 -6.9553E-01 -3.5269E-01  2.8200E+01  2.4891E+01  3.3093E+00 -2.7263E-01
  1.2000E+01  7.2000E+01  0.0000E+00  2.0000E+00  4.5000E+00  1.0000E+00  0.0000E+00  0.0000E+00  4.3957E+00  2.3393E-01  6.4607E-01  4.5000E+00  3.1314E+00  1.3686E+00  8.3024E-01
  1.2000E+01  7.2000E+01  0.0000E+00  3.0000E+00  2.4800E+01  2.0000E+00  0.0000E+00  0.0000E+00  2.8682E+01 -5.6158E-01 -4.1911E-01  2.4800E+01  2.5423E+01 -6.2321E-01 -3.5434E-01
  1.2000E+01  9.6000E+01  0.0000E+00  2.0000E+00  2.7930E+00  1.0000E+00  0.0000E+00  0.0000E+00  2.9136E+00 -4.0808E-01 -3.1431E-02  2.7930E+00  1.9491E+00  8.4393E-01 -3.4303E-02
  1.2000E+01  9.6000E+01  0.0000E+00  3.0000E+00  3.6100E+01  2.0000E+00  0.0000E+00  0.0000E+00  2.9063E+01  1.0181E+00  9.7847E-01  3.6100E+01  2.9397E+01  6.7027E+00  9.9703E-01
  1.2000E+01  1.2000E+02  0.0000E+00  2.0000E+00  2.0580E+00  1.0000E+00  0.0000E+00  0.0000E+00  1.9311E+00  6.4792E-01  9.7101E-01  2.0580E+00  1.2131E+00  8.4487E-01  1.4048E+00
  1.2000E+01  1.2000E+02  0.0000E+00  3.0000E+00  2.7800E+01  2.0000E+00  0.0000E+00  0.0000E+00  3.1698E+01 -5.6397E-01 -7.6752E-01  2.7800E+01  3.5024E+01 -7.2237E+00 -7.8458E-01
  1.2000E+01  1.4400E+02  0.0000E+00  3.0000E+00  3.7500E+01  2.0000E+00  0.0000E+00  0.0000E+00  3.5590E+01  2.7631E-01 -7.9456E-02  3.7500E+01  4.1647E+01 -4.1466E+00 -1.1549E-01
  1.3000E+01  0.0000E+00  1.0000E+02  1.0000E+00  0.0000E+00  0.0000E+00  1.0000E+00  1.0000E+00  0.0000E+00  0.0000E+00  0.0000E+00  0.0000E+00  0.0000E+00  0.0000E+00  0.0000E+00
  1.3000E+01  0.0000E+00  0.0000E+00  3.0000E+00  1.0200E+02  2.0000E+00  0.0000E+00  0.0000E+00  1.0198E+02  3.5669E-03 -5.5238E-02  1.0200E+02  1.0356E+02 -1.5631E+00 -4.6548E-02
  1.3000E+01  5.0000E-01  0.0000E+00  2.0000E+00  7.7900E+00  1.0000E+00  0.0000E+00  0.0000E+00  7.8337E+00 -5.5031E-02 -2.1054E-01  7.7900E+00  6.9188E+00  8.7117E-01 -1.6739E-01
  1.3000E+01  2.0000E+00  0.0000E+00  2.0000E+00  1.5800E+01  1.0000E+00  0.0000E+00  0.0000E+00  1.5147E+01  4.2491E-01  9.5342E-01  1.5800E+01  1.1915E+01  3.8849E+00  1.1051E+00
  1.3000E+01  6.0000E+00  0.0000E+00  2.0000E+00  1.4912E+01  1.0000E+00  0.0000E+00  0.0000E+00  1.5273E+01 -2.3288E-01  5.5566E-01  1.4912E+01  1.1534E+01  3.3780E+00  5.4353E-01
  1.3000E+01  1.2000E+01  0.0000E+00  2.0000E+00  1.6109E+01  1.0000E+00  0.0000E+00  0.0000E+00  1.3534E+01  1.8762E+00  2.5368E+00  1.6109E+01  1.0246E+01  5.8633E+00  3.1735E+00
  1.3000E+01  1.2000E+01  0.0000E+00  3.0000E+00  5.8300E+01  2.0000E+00  0.0000E+00  0.0000E+00  5.4863E+01  4.9729E-01  5.6479E-01  5.8300E+01  5.6146E+01  2.1537E+00  5.0027E-01
  1.3000E+01  2.4000E+01  0.0000E+00  2.0000E+00  1.0121E+01  1.0000E+00  0.0000E+00  0.0000E+00  1.0615E+01 -4.5940E-01 -2.5618E-02  1.0121E+01  8.0832E+00  2.0378E+00 -1.0021E-01
  1.3000E+01  2.4000E+01  0.0000E+00  3.0000E+00  3.6300E+01  2.0000E+00  0.0000E+00  0.0000E+00  3.3583E+01  3.9312E-01  3.9737E-01  3.6300E+01  3.5933E+01  3.6723E-01  3.4757E-01
  1.3000E+01  3.6000E+01  0.0000E+00  3.0000E+00  2.0300E+01  2.0000E+00  0.0000E+00  0.0000E+00  2.4357E+01 -5.8696E-01 -6.6132E-01  2.0300E+01  2.7781E+01 -7.4810E+00 -6.8158E-01
  1.3000E+01  4.8000E+01  0.0000E+00  2.0000E+00  6.6550E+00  1.0000E+00  0.0000E+00  0.0000E+00  6.5304E+00  1.8822E-01  3.2088E-01  6.6550E+00  5.0311E+00  1.6239E+00  4.4279E-01
  1.3000E+01  4.8000E+01  0.0000E+00  3.0000E+00  1.4000E+01  2.0000E+00  0.0000E+00  0.0000E+00  2.0551E+01 -9.4769E-01 -1.0849E+00  1.4000E+01  2.4891E+01 -1.0891E+01 -1.0776E+00
  1.3000E+01  7.2000E+01  0.0000E+00  2.0000E+00  3.4760E+00  1.0000E+00  0.0000E+00  0.0000E+00  4.0173E+00 -1.3290E+00 -1.3446E+00  3.4760E+00  3.1314E+00  3.4455E-01 -1.5482E+00
  1.3000E+01  7.2000E+01  0.0000E+00  3.0000E+00  2.9900E+01  2.0000E+00  0.0000E+00  0.0000E+00  1.9436E+01  1.5138E+00  1.2920E+00  2.9900E+01  2.5423E+01  4.4768E+00  1.3426E+00
  1.3000E+01  9.6000E+01  0.0000E+00  2.0000E+00  2.7860E+00  1.0000E+00  0.0000E+00  0.0000E+00  2.4714E+00  1.2557E+00  1.1805E+00  2.7860E+00  1.9491E+00  8.3693E-01  1.4471E+00
  1.3000E+01  9.6000E+01  0.0000E+00  3.0000E+00  1.3700E+01  2.0000E+00  0.0000E+00  0.0000E+00  2.1745E+01 -1.1639E+00 -1.4400E+00  1.3700E+01  2.9397E+01 -1.5697E+01 -1.3582E+00
  1.3000E+01  1.2000E+02  0.0000E+00  2.0000E+00  1.4710E+00  1.0000E+00  0.0000E+00  0.0000E+00  1.5203E+00 -3.2000E-01 -4.1271E-01  1.4710E+00  1.2131E+00  2.5787E-01 -3.4439E-01
  1.3000E+01  1.2000E+02  0.0000E+00  3.0000E+00  1.6000E+01  2.0000E+00  0.0000E+00  0.0000E+00  2.5709E+01 -1.4047E+00 -1.7155E+00  1.6000E+01  3.5024E+01 -1.9024E+01 -1.6146E+00
  1.3000E+01  1.4400E+02  0.0000E+00  3.0000E+00  3.2700E+01  2.0000E+00  0.0000E+00  0.0000E+00  3.0838E+01  2.6939E-01 -5.8809E-02  3.2700E+01  4.1647E+01 -8.9466E+00  4.6715E-02
  1.4000E+01  0.0000E+00  1.0000E+02  1.0000E+00  0.0000E+00  0.0000E+00  1.0000E+00  1.0000E+00  0.0000E+00  0.0000E+00  0.0000E+00  0.0000E+00  0.0000E+00  0.0000E+00  0.0000E+00
  1.4000E+01  0.0000E+00  0.0000E+00  3.0000E+00  1.0440E+02  2.0000E+00  0.0000E+00  0.0000E+00  1.0516E+02 -1.0969E-01  6.7907E-02  1.0440E+02  1.0356E+02  8.3691E-01  2.8662E-02
  1.4000E+01  5.0000E-01  0.0000E+00  2.0000E+00  9.6890E+00  1.0000E+00  0.0000E+00  0.0000E+00  9.3217E+00  3.8860E-01  8.2953E-01  9.6890E+00  6.9188E+00  2.7702E+00  1.0399E+00
  1.4000E+01  2.0000E+00  0.0000E+00  2.0000E+00  1.2309E+01  1.0000E+00  0.0000E+00  0.0000E+00  1.2758E+01 -3.4731E-01 -4.4343E-01  1.2309E+01  1.1915E+01  3.9387E-01 -5.0274E-01
  1.4000E+01  6.0000E+00  0.0000E+00  2.0000E+00  1.4644E+01  1.0000E+00  0.0000E+00  0.0000E+00  1.1986E+01  2.1870E+00  2.1373E+00  1.4644E+01  1.1534E+01  3.1100E+00  2.2797E+00
  1.4000E+01  1.2000E+01  0.0000E+00  2.0000E+00  7.4460E+00  1.0000E+00  0.0000E+00  0.0000E+00  1.0793E+01 -3.0589E+00 -2.9651E+00  7.4460E+00  1.0246E+01 -2.7997E+00 -3.0103E+00
  1.4000E+01  1.2000E+01  0.0000E+00  3.0000E+00  5.2300E+01  2.0000E+00  0.0000E+00  0.0000E+00  4.8203E+01  5.9267E-01  2.8615E-01  5.2300E+01  5.6146E+01 -3.8463E+00  3.7242E-01
  1.4000E+01  2.4000E+01  0.0000E+00  2.0000E+00  9.1240E+00  1.0000E+00  0.0000E+00  0.0000E+00  8.7523E+00  4.1886E-01  7.6344E-01  9.1240E+00  8.0832E+00  1.0408E+00  8.7339E-01
  1.4000E+01  2.4000E+01  0.0000E+00  3.0000E+00  2.8100E+01  2.0000E+00  0.0000E+00  0.0000E+00  2.9399E+01 -1.8787E-01 -3.7590E-01  2.8100E+01  3.5933E+01 -7.8328E+00 -2.6181E-01
  1.4000E+01  3.6000E+01  0.0000E+00  3.0000E+00  1.2900E+01  2.0000E+00  0.0000E+00  0.0000E+00  2.3611E+01 -1.5496E+00 -1.6101E+00  1.2900E+01  2.7781E+01 -1.4881E+01 -1.5137E+00
  1.4000E+01  4.8000E+01  0.0000E+00  2.0000E+00  5.7440E+00  1.0000E+00  0.0000E+00  0.0000E+00  5.7550E+00 -1.8799E-02  6.7886E-01  5.7440E+00  5.0311E+00  7.1290E-01  7.2630E-01
  1.4000E+01  4.8000E+01  0.0000E+00  3.0000E+00  2.2100E+01  2.0000E+00  0.0000E+00  0.0000E+00  2.2421E+01 -4.6482E-02 -3.5936E-02  2.2100E+01  2.4891E+01 -2.7907E+00  3.2027E-02
  1.4000E+01  7.2000E+01  0.0000E+00  2.0000E+00  3.0420E+00  1.0000E+00  0.0000E+00  0.0000E+00  3.7841E+00 -1.9342E+00 -1.0687E+00  3.0420E+00  3.1314E+00 -8.9445E-02 -1.3389E+00
  1.4000E+01  7.2000E+01  0.0000E+00  3.0000E+00  2.6900E+01  2.0000E+00  0.0000E+00  0.0000E+00  2.4568E+01  3.3733E-01  3.6723E-01  2.6900E+01  2.5423E+01  1.4768E+00  3.8793E-01
  1.4000E+01  9.6000E+01  0.0000E+00  2.0000E+00  2.7130E+00  1.0000E+00  0.0000E+00  0.0000E+00  2.4882E+00  8.9109E-01  1.7743E+00  2.7130E+00  1.9491E+00  7.6393E-01  1.8819E+00
  1.4000E+01  9.6000E+01  0.0000E+00  3.0000E+00  1.5800E+01  2.0000E+00  0.0000E+00  0.0000E+00  2.8971E+01 -1.9055E+00 -1.9461E+00  1.5800E+01  2.9397E+01 -1.3597E+01 -1.9533E+00
  1.4000E+01  1.2000E+02  0.0000E+00  2.0000E+00  1.7690E+00  1.0000E+00  0.0000E+00  0.0000E+00  1.6361E+00  8.0127E-01  1.5964E+00  1.7690E+00  1.2131E+00  5.5587E-01  1.6873E+00
  1.4000E+01  1.2000E+02  0.0000E+00  3.0000E+00  3.7200E+01  2.0000E+00  0.0000E+00  0.0000E+00  3.4607E+01  3.7508E-01  2.1701E-01  3.7200E+01  3.5024E+01  2.1763E+00  1.9643E-01
  1.4000E+01  1.4400E+02  0.0000E+00  3.0000E+00  5.4000E+01  2.0000E+00  0.0000E+00  0.0000E+00  4.1153E+01  1.8586E+00  1.5630E+00  5.4000E+01  4.1647E+01  1.2353E+01  1.5413E+00
  1.5000E+01  0.0000E+00  1.0000E+02  1.0000E+00  0.0000E+00  0.0000E+00  1.0000E+00  1.0000E+00  0.0000E+00  0.0000E+00  0.0000E+00  0.0000E+00  0.0000E+00  0.0000E+00  0.0000E+00
  1.5000E+01  0.0000E+00  0.0000E+00  3.0000E+00  1.2810E+02  2.0000E+00  0.0000E+00  0.0000E+00  1.2245E+02  8.1701E-01  1.6919E+00  1.2810E+02  1.0356E+02  2.4537E+01  2.0258E+00
  1.5000E+01  5.0000E-01  0.0000E+00  2.0000E+00  7.4040E+00  1.0000E+00  0.0000E+00  0.0000E+00  7.1881E+00  2.9622E-01  4.2595E-01  7.4040E+00  6.9188E+00  4.8517E-01  4.0867E-01
  1.5000E+01  2.0000E+00  0.0000E+00  2.0000E+00  1.1338E+01  1.0000E+00  0.0000E+00  0.0000E+00  1.2242E+01 -7.2801E-01 -4.3233E-01  1.1338E+01  1.1915E+01 -5.7713E-01 -4.1763E-01
  1.5000E+01  6.0000E+00  0.0000E+00  2.0000E+00  1.1582E+01  1.0000E+00  0.0000E+00  0.0000E+00  1.1856E+01 -2.2800E-01  4.1733E-02  1.1582E+01  1.1534E+01  4.8010E-02  8.2274E-02
  1.5000E+01  1.2000E+01  0.0000E+00  2.0000E+00  1.1175E+01  1.0000E+00  0.0000E+00  0.0000E+00  1.0595E+01  5.3985E-01  7.3304E-01  1.1175E+01  1.0246E+01  9.2932E-01  8.0276E-01
  1.5000E+01  1.2000E+01  0.0000E+00  3.0000E+00  9.2700E+01  2.0000E+00  0.0000E+00  0.0000E+00  8.7528E+01  7.4823E-01  1.7056E+00  9.2700E+01  5.6146E+01  3.6554E+01  1.3252E+00
  1.5000E+01  2.4000E+01  0.0000E+00  2.0000E+00  8.7400E+00  1.0000E+00  0.0000E+00  0.0000E+00  8.4599E+00  3.2657E-01  3.7631E-01  8.7400E+00  8.0832E+00  6.5683E-01  4.6381E-01
  1.5000E+01  2.4000E+01  0.0000E+00  3.0000E+00  6.9100E+01  2.0000E+00  0.0000E+00  0.0000E+00  6.5681E+01  4.9462E-01  1.3680E+00  6.9100E+01  3.5933E+01  3.3167E+01  1.3218E+00
  1.5000E+01  3.6000E+01  0.0000E+00  3.0000E+00  6.0200E+01  2.0000E+00  0.0000E+00  0.0000E+00  5.2481E+01  1.1168E+00  1.8512E+00  6.0200E+01  2.7781E+01  3.2419E+01  2.0784E+00
  1.5000E+01  4.8000E+01  0.0000E+00  2.0000E+00  5.3520E+00  1.0000E+00  0.0000E+00  0.0000E+00  5.3937E+00 -7.6234E-02 -2.6149E-01  5.3520E+00  5.0311E+00  3.2090E-01 -1.7115E-01
  1.5000E+01  4.8000E+01  0.0000E+00  3.0000E+00  4.0700E+01  2.0000E+00  0.0000E+00  0.0000E+00  4.4586E+01 -5.6223E-01  3.2035E-02  4.0700E+01  2.4891E+01  1.5809E+01  3.6015E-01
  1.5000E+01  7.2000E+01  0.0000E+00  2.0000E+00  3.8060E+00  1.0000E+00  0.0000E+00  0.0000E+00  3.4388E+00  1.0532E+00  7.1588E-01  3.8060E+00  3.1314E+00  6.7455E-01  8.5390E-01
  1.5000E+01  7.2000E+01  0.0000E+00  3.0000E+00  3.6000E+01  2.0000E+00  0.0000E+00  0.0000E+00  3.7686E+01 -2.4388E-01  1.2350E-01  3.6000E+01  2.5423E+01  1.0577E+01  3.8047E-01
  1.5000E+01  9.6000E+01  0.0000E+00  2.0000E+00  2.4190E+00  1.0000E+00  0.0000E+00  0.0000E+00  2.1924E+00  1.0192E+00  6.1651E-01  2.4190E+00  1.9491E+00  4.6993E-01  7.2635E-01
  1.5000E+01  9.6000E+01  0.0000E+00  3.0000E+00  2.7000E+01  2.0000E+00  0.0000E+00  0.0000E+00  3.6971E+01 -1.4425E+00 -1.2291E+00  2.7000E+01  2.9397E+01 -2.3973E+00 -1.1319E+00
  1.5000E+01  1.2000E+02  0.0000E+00  2.0000E+00  1.1540E+00  1.0000E+00  0.0000E+00  0.0000E+00  1.3978E+00 -1.7203E+00 -2.1108E+00  1.1540E+00  1.2131E+00 -5.9132E-02 -1.9999E+00
  1.5000E+01  1.2000E+02  0.0000E+00  3.0000E+00  3.9800E+01  2.0000E+00  0.0000E+00  0.0000E+00  3.9369E+01  6.2396E-02  1.7271E-01  3.9800E+01  3.5024E+01  4.7763E+00  1.3408E-01
  1.5000E+01  1.4400E+02  0.0000E+00  3.0000E+00  4.4900E+01  2.0000E+00  0.0000E+00  0.0000E+00  4.3521E+01  1.9948E-01  2.3950E-01  4.4900E+01  4.1647E+01  3.2534E+00  1.0838E-01
  1.6000E+01  0.0000E+00  1.0000E+02  1.0000E+00  0.0000E+00  0.0000E+00  1.0000E+00  1.0000E+00  0.0000E+00  0.0000E+00  0.0000E+00  0.0000E+00  0.0000E+00  0.0000E+00  0.0000E+00
  1.6000E+01  0.0000E+00  0.0000E+00  3.0000E+00  9.5500E+01  2.0000E+00  0.0000E+00  0.0000E+00  9.8153E+01 -3.8386E-01 -5.8390E-01  9.5500E+01  1.0356E+02 -8.0631E+00 -6.0561E-01
  1.6000E+01  5.0000E-01  0.0000E+00  2.0000E+00  7.4460E+00  1.0000E+00  0.0000E+00  0.0000E+00  7.4911E+00 -5.9369E-02 -1.9651E-01  7.4460E+00  6.9188E+00  5.2717E-01 -1.7082E-01
  1.6000E+01  2.0000E+00  0.0000E+00  2.0000E+00  1.4590E+01  1.0000E+00  0.0000E+00  0.0000E+00  1.3843E+01  5.3215E-01  6.2566E-01  1.4590E+01  1.1915E+01  2.6749E+00  7.1171E-01
  1.6000E+01  6.0000E+00  0.0000E+00  2.0000E+00  1.4976E+01  1.0000E+00  0.0000E+00  0.0000E+00  1.3879E+01  7.7978E-01  1.0101E+00  1.4976E+01  1.1534E+01  3.4420E+00  1.1828E+00
  1.6000E+01  1.2000E+01  0.0000E+00  2.0000E+00  1.3286E+01  1.0000E+00  0.0000E+00  0.0000E+00  1.2586E+01  5.4882E-01  8.3436E-01  1.3286E+01  1.0246E+01  3.0403E+00  9.8587E-01
  1.6000E+01  1.2000E+01  0.0000E+00  3.0000E+00  4.7000E+01  2.0000E+00  0.0000E+00  0.0000E+00  4.6788E+01  3.0657E-02 -2.3313E-01  4.7000E+01  5.6146E+01 -9.1463E+00 -2.0878E-01
  1.6000E+01  2.4000E+01  0.0000E+00  2.0000E+00  1.0785E+01  1.0000E+00  0.0000E+00  0.0000E+00  1.0344E+01  4.2066E-01  8.0624E-01  1.0785E+01  8.0832E+00  2.7018E+00  9.7255E-01
  1.6000E+01  2.4000E+01  0.0000E+00  3.0000E+00  3.1100E+01  2.0000E+00  0.0000E+00  0.0000E+00  2.7373E+01  5.3921E-01  3.0146E-01  3.1100E+01  3.5933E+01 -4.8328E+00  3.7849E-01
  1.6000E+01  3.6000E+01  0.0000E+00  3.0000E+00  1.3800E+01  2.0000E+00  0.0000E+00  0.0000E+00  2.0408E+01 -9.5606E-01 -1.1650E+00  1.3800E+01  2.7781E+01 -1.3981E+01 -1.0636E+00
  1.6000E+01  4.8000E+01  0.0000E+00  2.0000E+00  6.4510E+00  1.0000E+00  0.0000E+00  0.0000E+00  6.9870E+00 -7.5662E-01 -2.0970E-01  6.4510E+00  5.0311E+00  1.4199E+00 -3.6586E-01
  1.6000E+01  4.8000E+01  0.0000E+00  3.0000E+00  1.8100E+01  2.0000E+00  0.0000E+00  0.0000E+00  1.8178E+01 -1.1298E-02 -2.1186E-01  1.8100E+01  2.4891E+01 -6.7907E+00 -1.0314E-01
  1.6000E+01  7.2000E+01  0.0000E+00  2.0000E+00  4.1340E+00  1.0000E+00  0.0000E+00  0.0000E+00  4.7195E+00 -1.2237E+00 -5.7416E-01  4.1340E+00  3.1314E+00  1.0026E+00 -9.1128E-01
  1.6000E+01  7.2000E+01  0.0000E+00  3.0000E+00  1.2700E+01  2.0000E+00  0.0000E+00  0.0000E+00  1.8481E+01 -8.3630E-01 -1.0771E+00  1.2700E+01  2.5423E+01 -1.2723E+01 -9.7123E-01
  1.6000E+01  9.6000E+01  0.0000E+00  2.0000E+00  3.2280E+00  1.0000E+00  0.0000E+00  0.0000E+00  3.1879E+00  1.2393E-01  8.1549E-01  3.2280E+00  1.9491E+00  1.2789E+00  1.1447E+00
  1.6000E+01  9.6000E+01  0.0000E+00  3.0000E+00  1.3600E+01  2.0000E+00  0.0000E+00  0.0000E+00  2.0958E+01 -1.0646E+00 -1.3997E+00  1.3600E+01  2.9397E+01 -1.5797E+01 -1.3023E+00
  1.6000E+01  1.2000E+02  0.0000E+00  2.0000E+00  2.4000E+00  1.0000E+00  0.0000E+00  0.0000E+00  2.1534E+00  1.1296E+00  1.8097E+00  2.4000E+00  1.2131E+00  1.1869E+00  2.7829E+00
  1.6000E+01  1.2000E+02  0.0000E+00  3.0000E+00  2.6000E+01  2.0000E+00  0.0000E+00  0.0000E+00  2.4497E+01  2.1749E-01 -2.4926E-01  2.6000E+01  3.5024E+01 -9.0237E+00 -1.6489E-01
  1.6000E+01  1.4400E+02  0.0000E+00  3.0000E+00  3.2700E+01  2.0000E+00  0.0000E+00  0.0000E+00  2.8885E+01  5.5189E-01 -7.0711E-02  3.2700E+01  4.1647E+01 -8.9466E+00 -4.3092E-03
  1.7000E+01  0.0000E+00  1.0000E+02  1.0000E+00  0.0000E+00  0.0000E+00  1.0000E+00  1.0000E+00  0.0000E+00  0.0000E+00  0.0000E+00  0.0000E+00  0.0000E+00  0.0000E+00  0.0000E+00
  1.7000E+01  0.0000E+00  0.0000E+00  3.0000E+00  1.1690E+02  2.0000E+00  0.0000E+00  0.0000E+00  1.1192E+02  7.2015E-01  1.1290E+00  1.1690E+02  1.0356E+02  1.3337E+01  1.2216E+00
  1.7000E+01  5.0000E-01  0.0000E+00  2.0000E+00  6.4260E+00  1.0000E+00  0.0000E+00  0.0000E+00  6.2382E+00  2.9696E-01  2.9625E-01  6.4260E+00  6.9188E+00 -4.9283E-01  2.9382E-01
  1.7000E+01  2.0000E+00  0.0000E+00  2.0000E+00  9.2540E+00  1.0000E+00  0.0000E+00  0.0000E+00  1.0045E+01 -7.7623E-01 -1.1279E+00  9.2540E+00  1.1915E+01 -2.6611E+00 -8.7100E-01
  1.7000E+01  6.0000E+00  0.0000E+00  2.0000E+00  9.6750E+00  1.0000E+00  0.0000E+00  0.0000E+00  9.7671E+00 -9.3008E-02 -4.7750E-01  9.6750E+00  1.1534E+01 -1.8590E+00 -3.5931E-01
  1.7000E+01  1.2000E+01  0.0000E+00  2.0000E+00  9.8080E+00  1.0000E+00  0.0000E+00  0.0000E+00  8.9757E+00  9.1461E-01  5.9720E-01  9.8080E+00  1.0246E+01 -4.3768E-01  5.1826E-01
  1.7000E+01  1.2000E+01  0.0000E+00  3.0000E+00  7.2900E+01  2.0000E+00  0.0000E+00  0.0000E+00  7.3601E+01 -1.0149E-01  4.9250E-01  7.2900E+01  5.6146E+01  1.6754E+01  3.5066E-01
  1.7000E+01  2.4000E+01  0.0000E+00  2.0000E+00  7.1050E+00  1.0000E+00  0.0000E+00  0.0000E+00  7.5796E+00 -6.1760E-01 -8.2057E-01  7.1050E+00  8.0832E+00 -9.7817E-01 -8.3874E-01
  1.7000E+01  2.4000E+01  0.0000E+00  3.0000E+00  5.6700E+01  2.0000E+00  0.0000E+00  0.0000E+00  5.1843E+01  7.0263E-01  1.2523E+00  5.6700E+01  3.5933E+01  2.0767E+01  1.2391E+00
  1.7000E+01  3.6000E+01  0.0000E+00  3.0000E+00  4.3400E+01  2.0000E+00  0.0000E+00  0.0000E+00  3.9858E+01  5.1247E-01  9.4431E-01  4.3400E+01  2.7781E+01  1.5619E+01  1.0180E+00
  1.7000E+01  4.8000E+01  0.0000E+00  2.0000E+00  5.0450E+00  1.0000E+00  0.0000E+00  0.0000E+00  5.4052E+00 -6.5726E-01 -7.0080E-01  5.0450E+00  5.0311E+00  1.3896E-02 -9.2173E-01
  1.7000E+01  4.8000E+01  0.0000E+00  3.0000E+00  3.0600E+01  2.0000E+00  0.0000E+00  0.0000E+00  3.3325E+01 -3.9425E-01 -8.6388E-02  3.0600E+01  2.4891E+01  5.7093E+00  1.1470E-02
  1.7000E+01  7.2000E+01  0.0000E+00  2.0000E+00  4.0730E+00  1.0000E+00  0.0000E+00  0.0000E+00  3.8546E+00  5.5892E-01  6.0284E-01  4.0730E+00  3.1314E+00  9.4155E-01  5.2599E-01
  1.7000E+01  7.2000E+01  0.0000E+00  3.0000E+00  2.7800E+01  2.0000E+00  0.0000E+00  0.0000E+00  2.8424E+01 -9.0339E-02  8.5050E-03  2.7800E+01  2.5423E+01  2.3768E+00  7.9381E-02
  1.7000E+01  9.6000E+01  0.0000E+00  2.0000E+00  3.0860E+00  1.0000E+00  0.0000E+00  0.0000E+00  2.7488E+00  1.2100E+00  1.2930E+00  3.0860E+00  1.9491E+00  1.1369E+00  1.6541E+00
  1.7000E+01  9.6000E+01  0.0000E+00  3.0000E+00  2.6500E+01  2.0000E+00  0.0000E+00  0.0000E+00  2.8529E+01 -2.9356E-01 -3.6240E-01  2.6500E+01  2.9397E+01 -2.8973E+00 -3.2549E-01
  1.7000E+01  1.2000E+02  0.0000E+00  2.0000E+00  1.7810E+00  1.0000E+00  0.0000E+00  0.0000E+00  1.9602E+00 -9.0170E-01 -8.0792E-01  1.7810E+00  1.2131E+00  5.6787E-01 -7.2964E-01
  1.7000E+01  1.2000E+02  0.0000E+00  3.0000E+00  2.2800E+01  2.0000E+00  0.0000E+00  0.0000E+00  3.0875E+01 -1.1683E+00 -1.3907E+00  2.2800E+01  3.5024E+01 -1.2224E+01 -1.3711E+00
  1.7000E+01  1.4400E+02  0.0000E+00  3.0000E+00  3.7200E+01  2.0000E+00  0.0000E+00  0.0000E+00  3.4463E+01  3.9596E-01  2.1003E-02  3.7200E+01  4.1647E+01 -4.4466E+00  3.3955E-02
  1.8000E+01  0.0000E+00  1.0000E+02  1.0000E+00  0.0000E+00  0.0000E+00  1.0000E+00  1.0000E+00  0.0000E+00  0.0000E+00  0.0000E+00  0.0000E+00  0.0000E+00  0.0000E+00  0.0000E+00
  1.8000E+01  0.0000E+00  0.0000E+00  3.0000E+00  9.5100E+01  2.0000E+00  0.0000E+00  0.0000E+00  1.0023E+02 -7.4276E-01 -8.8282E-01  9.5100E+01  1.0356E+02 -8.4631E+00 -8.9236E-01
  1.8000E+01  5.0000E-01  0.0000E+00  2.0000E+00  6.5020E+00  1.0000E+00  0.0000E+00  0.0000E+00  6.4875E+00  2.2070E-02 -1.8054E-01  6.5020E+00  6.9188E+00 -4.1683E-01 -1.6584E-01
  1.8000E+01  2.0000E+00  0.0000E+00  2.0000E+00  1.1717E+01  1.0000E+00  0.0000E+00  0.0000E+00  1.1186E+01  4.6801E-01  9.9302E-02  1.1717E+01  1.1915E+01 -1.9813E-01  9.2868E-02
  1.8000E+01  6.0000E+00  0.0000E+00  2.0000E+00  9.6870E+00  1.0000E+00  0.0000E+00  0.0000E+00  1.0894E+01 -1.0930E+00 -1.4205E+00  9.6870E+00  1.1534E+01 -1.8470E+00 -1.3173E+00
  1.8000E+01  1.2000E+01  0.0000E+00  2.0000E+00  1.0265E+01  1.0000E+00  0.0000E+00  0.0000E+00  9.7709E+00  4.9878E-01  2.9353E-01  1.0265E+01  1.0246E+01  1.9316E-02  2.9095E-01
  1.8000E+01  1.2000E+01  0.0000E+00  3.0000E+00  5.4100E+01  2.0000E+00  0.0000E+00  0.0000E+00  5.0742E+01  4.8579E-01  2.9109E-01  5.4100E+01  5.6146E+01 -2.0463E+00  3.3563E-01
  1.8000E+01  2.4000E+01  0.0000E+00  2.0000E+00  8.1440E+00  1.0000E+00  0.0000E+00  0.0000E+00  7.8581E+00  3.5886E-01  3.6252E-01  8.1440E+00  8.0832E+00  6.0829E-02  3.6443E-01
  1.8000E+01  2.4000E+01  0.0000E+00  3.0000E+00  3.3100E+01  2.0000E+00  0.0000E+00  0.0000E+00  3.2183E+01  1.3266E-01  4.0534E-02  3.3100E+01  3.5933E+01 -2.8328E+00  8.5957E-02
  1.8000E+01  3.6000E+01  0.0000E+00  3.0000E+00  2.3600E+01  2.0000E+00  0.0000E+00  0.0000E+00  2.5777E+01 -3.1493E-01 -3.1753E-01  2.3600E+01  2.7781E+01 -4.1810E+00 -2.8709E-01
  1.8000E+01  4.8000E+01  0.0000E+00  2.0000E+00  4.6620E+00  1.0000E+00  0.0000E+00  0.0000E+00  5.0826E+00 -8.1611E-01 -5.3142E-01  4.6620E+00  5.0311E+00 -3.6910E-01 -5.2684E-01
  1.8000E+01  4.8000E+01  0.0000E+00  3.0000E+00  1.3700E+01  2.0000E+00  0.0000E+00  0.0000E+00  2.4126E+01 -1.5083E+00 -1.4578E+00  1.3700E+01  2.4891E+01 -1.1191E+01 -1.4426E+00
  1.8000E+01  7.2000E+01  0.0000E+00  2.0000E+00  3.6300E+00  1.0000E+00  0.0000E+00  0.0000E+00  3.2874E+00  1.0280E+00  1.4414E+00  3.6300E+00  3.1314E+00  4.9855E-01  1.4074E+00
  1.8000E+01  7.2000E+01  0.0000E+00  3.0000E+00  2.4400E+01  2.0000E+00  0.0000E+00  0.0000E+00  2.5999E+01 -2.3131E-01 -1.5614E-01  2.4400E+01  2.5423E+01 -1.0232E+00 -1.6027E-01
  1.8000E+01  9.6000E+01  0.0000E+00  2.0000E+00  1.9970E+00  1.0000E+00  0.0000E+00  0.0000E+00  2.1263E+00 -5.9956E-01 -1.6301E-01  1.9970E+00  1.9491E+00  4.7935E-02 -1.8519E-01
  1.8000E+01  9.6000E+01  0.0000E+00  3.0000E+00  2.4200E+01  2.0000E+00  0.0000E+00  0.0000E+00  3.0547E+01 -9.1820E-01 -8.8497E-01  2.4200E+01  2.9397E+01 -5.1973E+00 -8.9783E-01
  1.8000E+01  1.2000E+02  0.0000E+00  2.0000E+00  1.4490E+00  1.0000E+00  0.0000E+00  0.0000E+00  1.3752E+00  5.2891E-01  9.2630E-01  1.4490E+00  1.2131E+00  2.3587E-01  8.9196E-01
  1.8000E+01  1.2000E+02  0.0000E+00  3.0000E+00  4.6400E+01  2.0000E+00  0.0000E+00  0.0000E+00  3.6404E+01  1.4462E+00  1.3996E+00  4.6400E+01  3.5024E+01  1.1376E+01  1.3827E+00
  1.8000E+01  1.4400E+02  0.0000E+00  3.0000E+00  4.8900E+01  2.0000E+00  0.0000E+00  0.0000E+00  4.3072E+01  8.4312E-01  6.9984E-01  4.8900E+01  4.1647E+01  7.2534E+00  6.8111E-01
  1.9000E+01  0.0000E+00  1.0000E+02  1.0000E+00  0.0000E+00  0.0000E+00  1.0000E+00  1.0000E+00  0.0000E+00  0.0000E+00  0.0000E+00  0.0000E+00  0.0000E+00  0.0000E+00  0.0000E+00
  1.9000E+01  0.0000E+00  0.0000E+00  3.0000E+00  9.3000E+01  2.0000E+00  0.0000E+00  0.0000E+00  9.9721E+01 -9.7231E-01 -1.2807E+00  9.3000E+01  1.0356E+02 -1.0563E+01 -1.2219E+00
  1.9000E+01  5.0000E-01  0.0000E+00  2.0000E+00  1.1326E+01  1.0000E+00  0.0000E+00  0.0000E+00  1.0331E+01  9.5035E-01  1.6774E+00  1.1326E+01  6.9188E+00  4.4072E+00  1.9914E+00
  1.9000E+01  2.0000E+00  0.0000E+00  2.0000E+00  1.0635E+01  1.0000E+00  0.0000E+00  0.0000E+00  1.1480E+01 -7.2614E-01 -1.0815E+00  1.0635E+01  1.1915E+01 -1.2801E+00 -1.3242E+00
  1.9000E+01  6.0000E+00  0.0000E+00  2.0000E+00  1.0547E+01  1.0000E+00  0.0000E+00  0.0000E+00  1.0556E+01 -8.6992E-03 -3.3431E-01  1.0547E+01  1.1534E+01 -9.8699E-01 -1.2582E-01
  1.9000E+01  1.2000E+01  0.0000E+00  2.0000E+00  9.3430E+00  1.0000E+00  0.0000E+00  0.0000E+00  9.3042E+00  4.1149E-02 -2.3014E-01  9.3430E+00  1.0246E+01 -9.0268E-01 -3.3856E-02
  1.9000E+01  1.2000E+01  0.0000E+00  3.0000E+00  6.6400E+01  2.0000E+00  0.0000E+00  0.0000E+00  6.7266E+01 -1.2532E-01  7.6948E-02  6.6400E+01  5.6146E+01  1.0254E+01 -5.3818E-02
  1.9000E+01  2.4000E+01  0.0000E+00  2.0000E+00  7.1470E+00  1.0000E+00  0.0000E+00  0.0000E+00  7.2279E+00 -1.1035E-01 -2.8606E-01  7.1470E+00  8.0832E+00 -9.3617E-01 -1.0244E-01
  1.9000E+01  2.4000E+01  0.0000E+00  3.0000E+00  6.2900E+01  2.0000E+00  0.0000E+00  0.0000E+00  5.0142E+01  1.8457E+00  2.2436E+00  6.2900E+01  3.5933E+01  2.6967E+01  2.2644E+00
  1.9000E+01  3.6000E+01  0.0000E+00  3.0000E+00  3.3100E+01  2.0000E+00  0.0000E+00  0.0000E+00  4.1335E+01 -1.1914E+00 -7.4792E-01  3.3100E+01  2.7781E+01  5.3190E+00 -6.1026E-01
  1.9000E+01  4.8000E+01  0.0000E+00  2.0000E+00  4.1400E+00  1.0000E+00  0.0000E+00  0.0000E+00  4.3619E+00 -5.0172E-01 -5.4560E-01  4.1400E+00  5.0311E+00 -8.9110E-01 -3.6898E-01
  1.9000E+01  4.8000E+01  0.0000E+00  3.0000E+00  3.4100E+01  2.0000E+00  0.0000E+00  0.0000E+00  3.7094E+01 -4.3312E-01  1.1045E-03  3.4100E+01  2.4891E+01  9.2093E+00  1.8844E-01
  1.9000E+01  7.2000E+01  0.0000E+00  2.0000E+00  2.7350E+00  1.0000E+00  0.0000E+00  0.0000E+00  2.6323E+00  3.8473E-01  3.9809E-01  2.7350E+00  3.1314E+00 -3.9645E-01  3.4853E-01
  1.9000E+01  7.2000E+01  0.0000E+00  3.0000E+00  3.5800E+01  2.0000E+00  0.0000E+00  0.0000E+00  3.5541E+01  3.7443E-02  4.1169E-01  3.5800E+01  2.5423E+01  1.0377E+01  5.8501E-01
  1.9000E+01  9.6000E+01  0.0000E+00  2.0000E+00  1.7060E+00  1.0000E+00  0.0000E+00  0.0000E+00  1.5886E+00  7.2917E-01  7.4788E-01  1.7060E+00  1.9491E+00 -2.4307E-01  5.2885E-01
  1.9000E+01  9.6000E+01  0.0000E+00  3.0000E+00  3.9400E+01  2.0000E+00  0.0000E+00  0.0000E+00  3.8434E+01  1.3968E-01  4.4712E-01  3.9400E+01  2.9397E+01  1.0003E+01  5.5195E-01
  1.9000E+01  1.2000E+02  0.0000E+00  2.0000E+00  9.2600E-01  1.0000E+00  0.0000E+00  0.0000E+00  9.5866E-01 -3.3606E-01 -3.3668E-01  9.2600E-01  1.2131E+00 -2.8713E-01 -2.9472E-01
  1.9000E+01  1.2000E+02  0.0000E+00  3.0000E+00  5.0300E+01  2.0000E+00  0.0000E+00  0.0000E+00  4.3353E+01  1.0050E+00  1.2445E+00  5.0300E+01  3.5024E+01  1.5276E+01  1.2686E+00
  1.9000E+01  1.4400E+02  0.0000E+00  3.0000E+00  4.7400E+01  2.0000E+00  0.0000E+00  0.0000E+00  4.9195E+01 -2.5971E-01 -9.0868E-02  4.7400E+01  4.1647E+01  5.7534E+00 -1.4474E-01
  2.0000E+01  0.0000E+00  1.0000E+02  1.0000E+00  0.0000E+00  0.0000E+00  1.0000E+00  1.0000E+00  0.0000E+00  0.0000E+00  0.0000E+00  0.0000E+00  0.0000E+00  0.0000E+00  0.0000E+00
  2.0000E+01  0.0000E+00  0.0000E+00  3.0000E+00  1.1240E+02  2.0000E+00  0.0000E+00  0.0000E+00  1.1724E+02 -7.0029E-01 -1.4077E-01  1.1240E+02  1.0356E+02  8.8369E+00  1.8486E-01
  2.0000E+01  5.0000E-01  0.0000E+00  2.0000E+00  1.4203E+01  1.0000E+00  0.0000E+00  0.0000E+00  1.3184E+01  7.6229E-01  1.8645E+00  1.4203E+01  6.9188E+00  7.2842E+00  2.5946E+00
  2.0000E+01  2.0000E+00  0.0000E+00  2.0000E+00  1.4016E+01  1.0000E+00  0.0000E+00  0.0000E+00  1.5089E+01 -7.0160E-01 -4.5063E-01  1.4016E+01  1.1915E+01  2.1009E+00 -8.1180E-01
  2.0000E+01  6.0000E+00  0.0000E+00  2.0000E+00  1.2969E+01  1.0000E+00  0.0000E+00  0.0000E+00  1.3168E+01 -1.4896E-01 -1.5065E-02  1.2969E+01  1.1534E+01  1.4350E+00  2.2729E-01
  2.0000E+01  1.2000E+01  0.0000E+00  2.0000E+00  1.1469E+01  1.0000E+00  0.0000E+00  0.0000E+00  1.0721E+01  6.8832E-01  6.9780E-01  1.1469E+01  1.0246E+01  1.2233E+00  7.8877E-01
  2.0000E+01  1.2000E+01  0.0000E+00  3.0000E+00  8.1200E+01  2.0000E+00  0.0000E+00  0.0000E+00  6.4515E+01  2.4139E+00  2.6235E+00  8.1200E+01  5.6146E+01  2.5054E+01  2.3351E+00
  2.0000E+01  2.4000E+01  0.0000E+00  2.0000E+00  6.9440E+00  1.0000E+00  0.0000E+00  0.0000E+00  7.1064E+00 -2.2541E-01 -3.8607E-01  6.9440E+00  8.0832E+00 -1.1392E+00 -5.5469E-01
  2.0000E+01  2.4000E+01  0.0000E+00  3.0000E+00  5.2800E+01  2.0000E+00  0.0000E+00  0.0000E+00  4.4165E+01  1.2492E+00  1.4412E+00  5.2800E+01  3.5933E+01  1.6867E+01  1.1342E+00
  2.0000E+01  3.6000E+01  0.0000E+00  3.0000E+00  2.1900E+01  2.0000E+00  0.0000E+00  0.0000E+00  3.7071E+01 -2.1949E+00 -1.9490E+00  2.1900E+01  2.7781E+01 -5.8810E+00 -2.1512E+00
  2.0000E+01  4.8000E+01  0.0000E+00  2.0000E+00  3.4670E+00  1.0000E+00  0.0000E+00  0.0000E+00  3.1225E+00  1.0883E+00  7.9562E-01  3.4670E+00  5.0311E+00 -1.5641E+00  1.0935E-01
  2.0000E+01  4.8000E+01  0.0000E+00  3.0000E+00  2.9400E+01  2.0000E+00  0.0000E+00  0.0000E+00  3.5867E+01 -9.3563E-01 -6.0413E-01  2.9400E+01  2.4891E+01  4.5093E+00 -6.9486E-01
  2.0000E+01  7.2000E+01  0.0000E+00  2.0000E+00  1.2040E+00  1.0000E+00  0.0000E+00  0.0000E+00  1.3720E+00 -1.2075E+00 -1.4708E+00  1.2040E+00  3.1314E+00 -1.9274E+00 -6.2880E-01
  2.0000E+01  7.2000E+01  0.0000E+00  3.0000E+00  2.6300E+01  2.0000E+00  0.0000E+00  0.0000E+00  4.1129E+01 -2.1454E+00 -1.5954E+00  2.6300E+01  2.5423E+01  8.7679E-01 -1.5131E+00
  2.0000E+01  9.6000E+01  0.0000E+00  2.0000E+00  6.3500E-01  1.0000E+00  0.0000E+00  0.0000E+00  6.0282E-01  5.2647E-01  3.4516E-01  6.3500E-01  1.9491E+00 -1.3141E+00  7.8520E-01
  2.0000E+01  9.6000E+01  0.0000E+00  3.0000E+00  4.9900E+01  2.0000E+00  0.0000E+00  0.0000E+00  5.0711E+01 -1.1734E-01  6.4648E-01  4.9900E+01  2.9397E+01  2.0503E+01  8.2725E-01
  2.0000E+01  1.2000E+02  0.0000E+00  2.0000E+00  2.6500E-01  1.0000E+00  0.0000E+00  0.0000E+00  2.6487E-01  4.7835E-03 -1.1322E-01  2.6500E-01  1.2131E+00 -9.4813E-01  1.5676E+00
  2.0000E+01  1.2000E+02  0.0000E+00  3.0000E+00  7.0000E+01  2.0000E+00  0.0000E+00  0.0000E+00  6.1513E+01  1.2278E+00  2.1364E+00  7.0000E+01  3.5024E+01  3.4976E+01  2.3229E+00
  2.0000E+01  1.4400E+02  0.0000E+00  3.0000E+00  8.5200E+01  2.0000E+00  0.0000E+00  0.0000E+00  7.1919E+01  1.9214E+00  2.8880E+00  8.5200E+01  4.1647E+01  4.3553E+01  2.9775E+00
  2.1000E+01  0.0000E+00  1.0000E+02  1.0000E+00  0.0000E+00  0.0000E+00  1.0000E+00  1.0000E+00  0.0000E+00  0.0000E+00  0.0000E+00  0.0000E+00  0.0000E+00  0.0000E+00  0.0000E+00
  2.1000E+01  0.0000E+00  0.0000E+00  3.0000E+00  9.4900E+01  2.0000E+00  0.0000E+00  0.0000E+00  9.9865E+01 -7.1835E-01 -9.0350E-01  9.4900E+01  1.0356E+02 -8.6631E+00 -8.9719E-01
  2.1000E+01  5.0000E-01  0.0000E+00  2.0000E+00  5.4050E+00  1.0000E+00  0.0000E+00  0.0000E+00  5.2164E+00  3.5662E-01  8.0346E-03  5.4050E+00  6.9188E+00 -1.5138E+00 -2.4919E-01
  2.1000E+01  2.0000E+00  0.0000E+00  2.0000E+00  1.0133E+01  1.0000E+00  0.0000E+00  0.0000E+00  1.1169E+01 -9.1478E-01 -1.0206E+00  1.0133E+01  1.1915E+01 -1.7821E+00 -1.0759E+00
  2.1000E+01  6.0000E+00  0.0000E+00  2.0000E+00  1.0169E+01  1.0000E+00  0.0000E+00  0.0000E+00  1.1939E+01 -1.4620E+00 -1.2191E+00  1.0169E+01  1.1534E+01 -1.3650E+00 -1.1633E+00
  2.1000E+01  1.2000E+01  0.0000E+00  2.0000E+00  1.1836E+01  1.0000E+00  0.0000E+00  0.0000E+00  1.0640E+01  1.1091E+00  1.3558E+00  1.1836E+01  1.0246E+01  1.5903E+00  1.4731E+00
  2.1000E+01  1.2000E+01  0.0000E+00  3.0000E+00  5.8600E+01  2.0000E+00  0.0000E+00  0.0000E+00  5.4567E+01  5.8348E-01  5.5653E-01  5.8600E+01  5.6146E+01  2.4537E+00  5.5555E-01
  2.1000E+01  2.4000E+01  0.0000E+00  2.0000E+00  8.8780E+00  1.0000E+00  0.0000E+00  0.0000E+00  8.4063E+00  5.5337E-01  7.5843E-01  8.8780E+00  8.0832E+00  7.9483E-01  8.4389E-01
  2.1000E+01  2.4000E+01  0.0000E+00  3.0000E+00  3.9800E+01  2.0000E+00  0.0000E+00  0.0000E+00  3.4760E+01  7.2909E-01  7.0305E-01  3.9800E+01  3.5933E+01  3.8672E+00  7.0222E-01
  2.1000E+01  3.6000E+01  0.0000E+00  3.0000E+00  1.8700E+01  2.0000E+00  0.0000E+00  0.0000E+00  2.6777E+01 -1.1685E+00 -1.1969E+00  1.8700E+01  2.7781E+01 -9.0810E+00 -1.1973E+00
  2.1000E+01  4.8000E+01  0.0000E+00  2.0000E+00  5.2130E+00  1.0000E+00  0.0000E+00  0.0000E+00  5.2477E+00 -6.5219E-02  3.0258E-02  5.2130E+00  5.0311E+00  1.8190E-01  5.4944E-02
  2.1000E+01  4.8000E+01  0.0000E+00  3.0000E+00  2.3400E+01  2.0000E+00  0.0000E+00  0.0000E+00  2.3934E+01 -7.7290E-02 -1.0980E-01  2.3400E+01  2.4891E+01 -1.4907E+00 -1.0982E-01
  2.1000E+01  7.2000E+01  0.0000E+00  2.0000E+00  3.9740E+00  1.0000E+00  0.0000E+00  0.0000E+00  3.2759E+00  2.1018E+00  2.0918E+00  3.9740E+00  3.1314E+00  8.4255E-01  2.0494E+00
  2.1000E+01  7.2000E+01  0.0000E+00  3.0000E+00  1.5000E+01  2.0000E+00  0.0000E+00  0.0000E+00  2.4390E+01 -1.3584E+00 -1.4033E+00  1.5000E+01  2.5423E+01 -1.0423E+01 -1.4025E+00
  2.1000E+01  9.6000E+01  0.0000E+00  2.0000E+00  1.6870E+00  1.0000E+00  0.0000E+00  0.0000E+00  2.0450E+00 -1.7266E+00 -1.8045E+00  1.6870E+00  1.9491E+00 -2.6207E-01 -1.7759E+00
  2.1000E+01  9.6000E+01  0.0000E+00  3.0000E+00  2.5500E+01  2.0000E+00  0.0000E+00  0.0000E+00  2.8171E+01 -3.8649E-01 -4.4922E-01  2.5500E+01  2.9397E+01 -3.8973E+00 -4.4738E-01
  2.1000E+01  1.2000E+02  0.0000E+00  2.0000E+00  1.2660E+00  1.0000E+00  0.0000E+00  0.0000E+00  1.2766E+00 -8.1881E-02 -1.8102E-01  1.2660E+00  1.2131E+00  5.2868E-02 -2.7830E-01
  2.1000E+01  1.2000E+02  0.0000E+00  3.0000E+00  3.6400E+01  2.0000E+00  0.0000E+00  0.0000E+00  3.3545E+01  4.1308E-01  3.2800E-01  3.6400E+01  3.5024E+01  1.3763E+00  3.3117E-01
  2.1000E+01  1.4400E+02  0.0000E+00  3.0000E+00  4.6600E+01  2.0000E+00  0.0000E+00  0.0000E+00  3.9883E+01  9.7172E-01  8.6204E-01  4.6600E+01  4.1647E+01  4.9534E+00  8.6671E-01
  2.2000E+01  0.0000E+00  1.0000E+02  1.0000E+00  0.0000E+00  0.0000E+00  1.0000E+00  1.0000E+00  0.0000E+00  0.0000E+00  0.0000E+00  0.0000E+00  0.0000E+00  0.0000E+00  0.0000E+00
  2.2000E+01  0.0000E+00  0.0000E+00  3.0000E+00  1.0700E+02  2.0000E+00  0.0000E+00  0.0000E+00  1.0730E+02 -4.3209E-02  1.8626E-01  1.0700E+02  1.0356E+02  3.4369E+00  2.1451E-01
  2.2000E+01  5.0000E-01  0.0000E+00  2.0000E+00  4.3400E+00  1.0000E+00  0.0000E+00  0.0000E+00  4.3749E+00 -7.8718E-02 -7.5478E-01  4.3400E+00  6.9188E+00 -2.5788E+00 -6.7952E-01
  2.2000E+01  2.0000E+00  0.0000E+00  2.0000E+00  1.0414E+01  1.0000E+00  0.0000E+00  0.0000E+00  1.0343E+01  6.8096E-02 -5.2880E-01  1.0414E+01  1.1915E+01 -1.5011E+00 -6.9252E-01
  2.2000E+01  6.0000E+00  0.0000E+00  2.0000E+00  1.2497E+01  1.0000E+00  0.0000E+00  0.0000E+00  1.2126E+01  3.0146E-01  3.2717E-01  1.2497E+01  1.1534E+01  9.6301E-01  5.6826E-01
  2.2000E+01  1.2000E+01  0.0000E+00  2.0000E+00  1.0763E+01  1.0000E+00  0.0000E+00  0.0000E+00  1.1245E+01 -4.2302E-01 -2.4179E-01  1.0763E+01  1.0246E+01  5.1732E-01 -8.3341E-02
  2.2000E+01  1.2000E+01  0.0000E+00  3.0000E+00  7.0300E+01  2.0000E+00  0.0000E+00  0.0000E+00  6.4719E+01  8.0738E-01  1.2060E+00  7.0300E+01  5.6146E+01  1.4154E+01  1.1209E+00
  2.2000E+01  2.4000E+01  0.0000E+00  2.0000E+00  1.1086E+01  1.0000E+00  0.0000E+00  0.0000E+00  9.5192E+00  1.6234E+00  1.9604E+00  1.1086E+01  8.0832E+00  3.0028E+00  2.3323E+00
  2.2000E+01  2.4000E+01  0.0000E+00  3.0000E+00  4.3500E+01  2.0000E+00  0.0000E+00  0.0000E+00  4.2588E+01  1.3196E-01  3.9766E-01  4.3500E+01  3.5933E+01  7.5672E+00  3.5146E-01
  2.2000E+01  3.6000E+01  0.0000E+00  3.0000E+00  3.2800E+01  2.0000E+00  0.0000E+00  0.0000E+00  3.1993E+01  1.1681E-01  2.7242E-01  3.2800E+01  2.7781E+01  5.0190E+00  2.5617E-01
  2.2000E+01  4.8000E+01  0.0000E+00  2.0000E+00  6.1580E+00  1.0000E+00  0.0000E+00  0.0000E+00  6.8203E+00 -9.5773E-01 -4.0468E-01  6.1580E+00  5.0311E+00  1.1269E+00 -7.5733E-01
  2.2000E+01  4.8000E+01  0.0000E+00  3.0000E+00  2.2700E+01  2.0000E+00  0.0000E+00  0.0000E+00  2.7057E+01 -6.3041E-01 -5.5924E-01  2.2700E+01  2.4891E+01 -2.1907E+00 -5.6221E-01
  2.2000E+01  7.2000E+01  0.0000E+00  2.0000E+00  4.8050E+00  1.0000E+00  0.0000E+00  0.0000E+00  4.8866E+00 -1.6465E-01  4.9821E-01  4.8050E+00  3.1314E+00  1.6736E+00  3.4655E-01
  2.2000E+01  7.2000E+01  0.0000E+00  3.0000E+00  2.0400E+01  2.0000E+00  0.0000E+00  0.0000E+00  2.4555E+01 -6.0110E-01 -6.6163E-01  2.0400E+01  2.5423E+01 -5.0232E+00 -6.5898E-01
  2.2000E+01  9.6000E+01  0.0000E+00  2.0000E+00  3.5480E+00  1.0000E+00  0.0000E+00  0.0000E+00  3.5011E+00  1.3207E-01  8.2274E-01  3.5480E+00  1.9491E+00  1.5989E+00  9.8892E-01
  2.2000E+01  9.6000E+01  0.0000E+00  3.0000E+00  1.8500E+01  2.0000E+00  0.0000E+00  0.0000E+00  2.5999E+01 -1.0849E+00 -1.2761E+00  1.8500E+01  2.9397E+01 -1.0897E+01 -1.2719E+00
  2.2000E+01  1.2000E+02  0.0000E+00  2.0000E+00  2.6940E+00  1.0000E+00  0.0000E+00  0.0000E+00  2.5085E+00  7.2947E-01  1.3895E+00  2.6940E+00  1.2131E+00  1.4809E+00  2.4214E+00
  2.2000E+01  1.2000E+02  0.0000E+00  3.0000E+00  2.8500E+01  2.0000E+00  0.0000E+00  0.0000E+00  2.9076E+01 -8.3388E-02 -4.2809E-01  2.8500E+01  3.5024E+01 -6.5237E+00 -4.2055E-01
  2.2000E+01  1.4400E+02  0.0000E+00  3.0000E+00  4.2200E+01  2.0000E+00  0.0000E+00  0.0000E+00  3.3099E+01  1.3167E+00  7.9447E-01  4.2200E+01  4.1647E+01  5.5337E-01  8.0673E-01
  2.3000E+01  0.0000E+00  1.0000E+02  1.0000E+00  0.0000E+00  0.0000E+00  1.0000E+00  1.0000E+00  0.0000E+00  0.0000E+00  0.0000E+00  0.0000E+00  0.0000E+00  0.0000E+00  0.0000E+00
  2.3000E+01  0.0000E+00  0.0000E+00  3.0000E+00  1.1330E+02  2.0000E+00  0.0000E+00  0.0000E+00  1.1056E+02  3.9664E-01  7.4938E-01  1.1330E+02  1.0356E+02  9.7369E+00  8.8017E-01
  2.3000E+01  5.0000E-01  0.0000E+00  2.0000E+00  4.9780E+00  1.0000E+00  0.0000E+00  0.0000E+00  4.8454E+00  2.6993E-01 -8.5771E-02  4.9780E+00  6.9188E+00 -1.9408E+00 -2.6255E-01
  2.3000E+01  2.0000E+00  0.0000E+00  2.0000E+00  9.6070E+00  1.0000E+00  0.0000E+00  0.0000E+00  1.0474E+01 -8.1661E-01 -1.0645E+00  9.6070E+00  1.1915E+01 -2.3081E+00 -1.0897E+00
  2.3000E+01  6.0000E+00  0.0000E+00  2.0000E+00  1.3337E+01  1.0000E+00  0.0000E+00  0.0000E+00  1.1320E+01  1.7570E+00  1.7672E+00  1.3337E+01  1.1534E+01  1.8030E+00  1.8043E+00
  2.3000E+01  1.2000E+01  0.0000E+00  2.0000E+00  1.0229E+01  1.0000E+00  0.0000E+00  0.0000E+00  1.0185E+01  4.2339E-02  2.8383E-02  1.0229E+01  1.0246E+01 -1.6684E-02  1.1334E-01
  2.3000E+01  1.2000E+01  0.0000E+00  3.0000E+00  7.6700E+01  2.0000E+00  0.0000E+00  0.0000E+00  6.8159E+01  1.2357E+00  1.7315E+00  7.6700E+01  5.6146E+01  2.0554E+01  1.5143E+00
  2.3000E+01  2.4000E+01  0.0000E+00  2.0000E+00  7.0280E+00  1.0000E+00  0.0000E+00  0.0000E+00  8.1985E+00 -1.4081E+00 -1.4879E+00  7.0280E+00  8.0832E+00 -1.0552E+00 -1.4293E+00
  2.3000E+01  2.4000E+01  0.0000E+00  3.0000E+00  5.1200E+01  2.0000E+00  0.0000E+00  0.0000E+00  4.5240E+01  8.6219E-01  1.2409E+00  5.1200E+01  3.5933E+01  1.5267E+01  1.0732E+00
  2.3000E+01  3.6000E+01  0.0000E+00  3.0000E+00  2.8200E+01  2.0000E+00  0.0000E+00  0.0000E+00  3.3463E+01 -7.6147E-01 -5.2848E-01  2.8200E+01  2.7781E+01  4.1905E-01 -6.1742E-01
  2.3000E+01  4.8000E+01  0.0000E+00  2.0000E+00  4.9970E+00  1.0000E+00  0.0000E+00  0.0000E+00  5.3119E+00 -5.8471E-01 -7.4390E-01  4.9970E+00  5.0311E+00 -3.4104E-02 -7.2976E-01
  2.3000E+01  4.8000E+01  0.0000E+00  3.0000E+00  2.4500E+01  2.0000E+00  0.0000E+00  0.0000E+00  2.7513E+01 -4.3584E-01 -3.2757E-01  2.4500E+01  2.4891E+01 -3.9073E-01 -3.6271E-01
  2.3000E+01  7.2000E+01  0.0000E+00  2.0000E+00  3.6510E+00  1.0000E+00  0.0000E+00  0.0000E+00  3.4417E+00  5.9992E-01  4.0783E-01  3.6510E+00  3.1314E+00  5.1955E-01  4.4524E-01
  2.3000E+01  7.2000E+01  0.0000E+00  3.0000E+00  1.6300E+01  2.0000E+00  0.0000E+00  0.0000E+00  2.3746E+01 -1.0772E+00 -1.1421E+00  1.6300E+01  2.5423E+01 -9.1232E+00 -1.1164E+00
  2.3000E+01  9.6000E+01  0.0000E+00  2.0000E+00  2.2170E+00  1.0000E+00  0.0000E+00  0.0000E+00  2.2299E+00 -5.7027E-02 -2.6214E-01  2.2170E+00  1.9491E+00  2.6793E-01 -2.5253E-01
  2.3000E+01  9.6000E+01  0.0000E+00  3.0000E+00  1.9700E+01  2.0000E+00  0.0000E+00  0.0000E+00  2.4704E+01 -7.2388E-01 -8.9768E-01  1.9700E+01  2.9397E+01 -9.6973E+00 -8.2819E-01
  2.3000E+01  1.2000E+02  0.0000E+00  2.0000E+00  1.4700E+00  1.0000E+00  0.0000E+00  0.0000E+00  1.4448E+00  1.7219E-01 -4.2645E-02  1.4700E+00  1.2131E+00  2.5687E-01 -1.4253E-02
  2.3000E+01  1.2000E+02  0.0000E+00  3.0000E+00  2.4200E+01  2.0000E+00  0.0000E+00  0.0000E+00  2.7802E+01 -5.2113E-01 -7.7197E-01  2.4200E+01  3.5024E+01 -1.0824E+01 -6.6296E-01
  2.3000E+01  1.4400E+02  0.0000E+00  3.0000E+00  3.1900E+01  2.0000E+00  0.0000E+00  0.0000E+00  3.2193E+01 -4.2385E-02 -3.5139E-01  3.1900E+01  4.1647E+01 -9.7466E+00 -2.1235E-01
  2.4000E+01  0.0000E+00  1.0000E+02  1.0000E+00  0.0000E+00  0.0000E+00  1.0000E+00  1.0000E+00  0.0000E+00  0.0000E+00  0.0000E+00  0.0000E+00  0.0000E+00  0.0000E+00  0.0000E+00
  2.4000E+01  0.0000E+00  0.0000E+00  3.0000E+00  8.7200E+01  2.0000E+00  0.0000E+00  0.0000E+00  9.6915E+01 -1.4055E+00 -1.7950E+00  8.7200E+01  1.0356E+02 -1.6363E+01 -1.7061E+00
  2.4000E+01  5.0000E-01  0.0000E+00  2.0000E+00  3.7400E+00  1.0000E+00  0.0000E+00  0.0000E+00  4.5022E+00 -1.6697E+00 -2.8867E+00  3.7400E+00  6.9188E+00 -3.1788E+00 -1.6845E+00
  2.4000E+01  2.0000E+00  0.0000E+00  2.0000E+00  1.3860E+01  1.0000E+00  0.0000E+00  0.0000E+00  1.1618E+01  1.9034E+00  9.3160E-01  1.3860E+01  1.1915E+01  1.9449E+00  8.7963E-01
  2.4000E+01  6.0000E+00  0.0000E+00  2.0000E+00  1.3655E+01  1.0000E+00  0.0000E+00  0.0000E+00  1.4328E+01 -4.6331E-01  1.6605E-01  1.3655E+01  1.1534E+01  2.1210E+00  5.1226E-01
  2.4000E+01  1.2000E+01  0.0000E+00  2.0000E+00  1.0734E+01  1.0000E+00  0.0000E+00  0.0000E+00  1.2223E+01 -1.2013E+00 -3.1575E-01  1.0734E+01  1.0246E+01  4.8832E-01 -3.9791E-01
  2.4000E+01  1.2000E+01  0.0000E+00  3.0000E+00  4.2400E+01  2.0000E+00  0.0000E+00  0.0000E+00  3.7488E+01  7.1060E-01  6.9918E-02  4.2400E+01  5.6146E+01 -1.3746E+01  2.3358E-02
  2.4000E+01  2.4000E+01  0.0000E+00  2.0000E+00  8.4410E+00  1.0000E+00  0.0000E+00  0.0000E+00  8.4209E+00  2.3586E-02  5.9226E-01  8.4410E+00  8.0832E+00  3.5783E-01  4.2502E-01
  2.4000E+01  2.4000E+01  0.0000E+00  3.0000E+00  1.5600E+01  2.0000E+00  0.0000E+00  0.0000E+00  2.2656E+01 -1.0208E+00 -1.4585E+00  1.5600E+01  3.5933E+01 -2.0333E+01 -1.3154E+00
  2.4000E+01  3.6000E+01  0.0000E+00  3.0000E+00  1.3600E+01  2.0000E+00  0.0000E+00  0.0000E+00  2.0359E+01 -9.7792E-01 -1.2116E+00  1.3600E+01  2.7781E+01 -1.4181E+01 -1.0409E+00
  2.4000E+01  4.8000E+01  0.0000E+00  2.0000E+00  4.4860E+00  1.0000E+00  0.0000E+00  0.0000E+00  3.9907E+00  1.2241E+00  1.1784E+00  4.4860E+00  5.0311E+00 -5.4510E-01  6.5186E-01
  2.4000E+01  4.8000E+01  0.0000E+00  3.0000E+00  2.2600E+01  2.0000E+00  0.0000E+00  0.0000E+00  2.1703E+01  1.2980E-01  3.0840E-02  2.2600E+01  2.4891E+01 -2.2907E+00  1.6487E-01
  2.4000E+01  7.2000E+01  0.0000E+00  2.0000E+00  2.2150E+00  1.0000E+00  0.0000E+00  0.0000E+00  1.8912E+00  1.6885E+00  1.1961E+00  2.2150E+00  3.1314E+00 -9.1645E-01  5.6566E-01
  2.4000E+01  7.2000E+01  0.0000E+00  3.0000E+00  2.0100E+01  2.0000E+00  0.0000E+00  0.0000E+00  2.8349E+01 -1.1934E+00 -1.0715E+00  2.0100E+01  2.5423E+01 -5.3232E+00 -1.0051E+00
  2.4000E+01  9.6000E+01  0.0000E+00  2.0000E+00  8.9500E-01  1.0000E+00  0.0000E+00  0.0000E+00  8.9626E-01 -1.3904E-02 -6.8724E-01  8.9500E-01  1.9491E+00 -1.0541E+00 -8.8307E-02
  2.4000E+01  9.6000E+01  0.0000E+00  3.0000E+00  3.9500E+01  2.0000E+00  0.0000E+00  0.0000E+00  3.7792E+01  2.4704E-01  6.0021E-01  3.9500E+01  2.9397E+01  1.0103E+01  6.5967E-01
  2.4000E+01  1.2000E+02  0.0000E+00  2.0000E+00  3.6600E-01  1.0000E+00  0.0000E+00  0.0000E+00  4.2475E-01 -1.3641E+00 -1.9760E+00  3.6600E-01  1.2131E+00 -8.4713E-01  9.0704E-02
  2.4000E+01  1.2000E+02  0.0000E+00  3.0000E+00  4.7500E+01  2.0000E+00  0.0000E+00  0.0000E+00  4.8553E+01 -1.5229E-01  3.9967E-01  4.7500E+01  3.5024E+01  1.2476E+01  4.7436E-01
  2.4000E+01  1.4400E+02  0.0000E+00  3.0000E+00  7.2100E+01  2.0000E+00  0.0000E+00  0.0000E+00  5.9223E+01  1.8630E+00  2.5203E+00  7.2100E+01  4.1647E+01  3.0453E+01  2.5831E+00
  2.5000E+01  0.0000E+00  1.0000E+02  1.0000E+00  0.0000E+00  0.0000E+00  1.0000E+00  1.0000E+00  0.0000E+00  0.0000E+00  0.0000E+00  0.0000E+00  0.0000E+00  0.0000E+00  0.0000E+00
  2.5000E+01  0.0000E+00  0.0000E+00  3.0000E+00  1.0100E+02  2.0000E+00  0.0000E+00  0.0000E+00  1.0369E+02 -3.8881E-01 -3.6380E-01  1.0100E+02  1.0356E+02 -2.5631E+00 -3.8646E-01
  2.5000E+01  5.0000E-01  0.0000E+00  2.0000E+00  8.2510E+00  1.0000E+00  0.0000E+00  0.0000E+00  8.0906E+00  1.9558E-01  2.7712E-01  8.2510E+00  6.9188E+00  1.3322E+00  3.2224E-01
  2.5000E+01  2.0000E+00  0.0000E+00  2.0000E+00  1.3063E+01  1.0000E+00  0.0000E+00  0.0000E+00  1.3260E+01 -1.4627E-01 -1.2085E-01  1.3063E+01  1.1915E+01  1.1479E+00 -5.6819E-02
  2.5000E+01  6.0000E+00  0.0000E+00  2.0000E+00  1.3112E+01  1.0000E+00  0.0000E+00  0.0000E+00  1.2497E+01  4.8496E-01  5.0549E-01  1.3112E+01  1.1534E+01  1.5780E+00  5.9983E-01
  2.5000E+01  1.2000E+01  0.0000E+00  2.0000E+00  1.0620E+01  1.0000E+00  0.0000E+00  0.0000E+00  1.0847E+01 -2.0675E-01 -1.4688E-01  1.0620E+01  1.0246E+01  3.7432E-01 -1.4932E-01
  2.5000E+01  1.2000E+01  0.0000E+00  3.0000E+00  5.1300E+01  2.0000E+00  0.0000E+00  0.0000E+00  4.7392E+01  5.6542E-01  2.0742E-01  5.1300E+01  5.6146E+01 -4.8463E+00  2.5601E-01
  2.5000E+01  2.4000E+01  0.0000E+00  2.0000E+00  7.9700E+00  1.0000E+00  0.0000E+00  0.0000E+00  8.1713E+00 -2.4302E-01 -1.2007E-01  7.9700E+00  8.0832E+00 -1.1317E-01 -1.9352E-01
  2.5000E+01  2.4000E+01  0.0000E+00  3.0000E+00  3.1500E+01  2.0000E+00  0.0000E+00  0.0000E+00  2.9473E+01  2.9330E-01  7.5223E-02  3.1500E+01  3.5933E+01 -4.4328E+00  1.6175E-01
  2.5000E+01  3.6000E+01  0.0000E+00  3.0000E+00  1.6600E+01  2.0000E+00  0.0000E+00  0.0000E+00  2.4470E+01 -1.1386E+00 -1.2155E+00  1.6600E+01  2.7781E+01 -1.1181E+01 -1.1375E+00
  2.5000E+01  4.8000E+01  0.0000E+00  2.0000E+00  4.8920E+00  1.0000E+00  0.0000E+00  0.0000E+00  4.6369E+00  5.4256E-01  7.1568E-01  4.8920E+00  5.0311E+00 -1.3910E-01  5.2749E-01
  2.5000E+01  4.8000E+01  0.0000E+00  3.0000E+00  9.6000E+00  2.0000E+00  0.0000E+00  0.0000E+00  2.4039E+01 -2.0889E+00 -2.0720E+00  9.6000E+00  2.4891E+01 -1.5291E+01 -2.0146E+00
  2.5000E+01  7.2000E+01  0.0000E+00  2.0000E+00  2.6770E+00  1.0000E+00  0.0000E+00  0.0000E+00  2.6313E+00  1.7140E-01  3.1134E-01  2.6770E+00  3.1314E+00 -4.5445E-01  1.9466E-01
  2.5000E+01  7.2000E+01  0.0000E+00  3.0000E+00  3.2800E+01  2.0000E+00  0.0000E+00  0.0000E+00  2.8042E+01  6.8841E-01  8.1375E-01  3.2800E+01  2.5423E+01  7.3768E+00  8.4755E-01
  2.5000E+01  9.6000E+01  0.0000E+00  2.0000E+00  1.5930E+00  1.0000E+00  0.0000E+00  0.0000E+00  1.4931E+00  6.5958E-01  7.3064E-01  1.5930E+00  1.9491E+00 -3.5607E-01  5.6678E-01
  2.5000E+01  9.6000E+01  0.0000E+00  3.0000E+00  3.7200E+01  2.0000E+00  0.0000E+00  0.0000E+00  3.4859E+01  3.3862E-01  5.3334E-01  3.7200E+01  2.9397E+01  7.8027E+00  5.7310E-01
  2.5000E+01  1.2000E+02  0.0000E+00  2.0000E+00  8.1400E-01  1.0000E+00  0.0000E+00  0.0000E+00  8.4730E-01 -3.8765E-01 -3.8142E-01  8.1400E-01  1.2131E+00 -3.9913E-01 -3.2807E-02
  2.5000E+01  1.2000E+02  0.0000E+00  3.0000E+00  4.6500E+01  2.0000E+00  0.0000E+00  0.0000E+00  4.3181E+01  4.8019E-01  7.3057E-01  4.6500E+01  3.5024E+01  1.1476E+01  7.8396E-01
  2.5000E+01  1.4400E+02  0.0000E+00  3.0000E+00  5.6500E+01  2.0000E+00  0.0000E+00  0.0000E+00  5.2211E+01  6.2052E-01  9.1536E-01  5.6500E+01  4.1647E+01  1.4853E+01  9.6861E-01
  2.6000E+01  0.0000E+00  1.0000E+02  1.0000E+00  0.0000E+00  0.0000E+00  1.0000E+00  1.0000E+00  0.0000E+00  0.0000E+00  0.0000E+00  0.0000E+00  0.0000E+00  0.0000E+00  0.0000E+00
  2.6000E+01  0.0000E+00  0.0000E+00  3.0000E+00  1.1280E+02  2.0000E+00  0.0000E+00  0.0000E+00  1.0889E+02  5.6564E-01  8.0522E-01  1.1280E+02  1.0356E+02  9.2369E+00  8.7716E-01
  2.6000E+01  5.0000E-01  0.0000E+00  2.0000E+00  6.4270E+00  1.0000E+00  0.0000E+00  0.0000E+00  6.2905E+00  2.1400E-01  2.0454E-01  6.4270E+00  6.9188E+00 -4.9183E-01  1.9721E-01
  2.6000E+01  2.0000E+00  0.0000E+00  2.0000E+00  9.6540E+00  1.0000E+00  0.0000E+00  0.0000E+00  9.6389E+00  1.5448E-02 -4.4312E-01  9.6540E+00  1.1915E+01 -2.2611E+00 -3.9964E-01
  2.6000E+01  6.0000E+00  0.0000E+00  2.0000E+00  8.7760E+00  1.0000E+00  0.0000E+00  0.0000E+00  9.1375E+00 -3.9017E-01 -9.4206E-01  8.7760E+00  1.1534E+01 -2.7580E+00 -7.9713E-01
  2.6000E+01  1.2000E+01  0.0000E+00  2.0000E+00  7.6840E+00  1.0000E+00  0.0000E+00  0.0000E+00  8.1763E+00 -5.9387E-01 -1.1660E+00  7.6840E+00  1.0246E+01 -2.5617E+00 -9.8855E-01
  2.6000E+01  1.2000E+01  0.0000E+00  3.0000E+00  6.8400E+01  2.0000E+00  0.0000E+00  0.0000E+00  6.5516E+01  4.1728E-01  7.5064E-01  6.8400E+01  5.6146E+01  1.2254E+01  6.4434E-01
  2.6000E+01  2.4000E+01  0.0000E+00  2.0000E+00  6.5640E+00  1.0000E+00  0.0000E+00  0.0000E+00  6.5466E+00  2.6248E-02 -5.7722E-01  6.5640E+00  8.0832E+00 -1.5192E+00 -5.4241E-01
  2.6000E+01  2.4000E+01  0.0000E+00  3.0000E+00  5.2100E+01  2.0000E+00  0.0000E+00  0.0000E+00  4.3625E+01  1.2261E+00  1.5079E+00  5.2100E+01  3.5933E+01  1.6167E+01  1.4347E+00
  2.6000E+01  3.6000E+01  0.0000E+00  3.0000E+00  2.6700E+01  2.0000E+00  0.0000E+00  0.0000E+00  3.2877E+01 -8.9362E-01 -7.0046E-01  2.6700E+01  2.7781E+01 -1.0810E+00 -7.3430E-01
  2.6000E+01  4.8000E+01  0.0000E+00  2.0000E+00  4.1430E+00  1.0000E+00  0.0000E+00  0.0000E+00  4.1969E+00 -1.2663E-01 -7.5371E-01  4.1430E+00  5.0311E+00 -8.8810E-01 -7.0241E-01
  2.6000E+01  4.8000E+01  0.0000E+00  3.0000E+00  2.4500E+01  2.0000E+00  0.0000E+00  0.0000E+00  2.7767E+01 -4.7271E-01 -3.5846E-01  2.4500E+01  2.4891E+01 -3.9073E-01 -3.6961E-01
  2.6000E+01  7.2000E+01  0.0000E+00  2.0000E+00  2.6460E+00  1.0000E+00  0.0000E+00  0.0000E+00  2.6905E+00 -1.6328E-01 -7.6527E-01  2.6460E+00  3.1314E+00 -4.8545E-01 -7.0579E-01
  2.6000E+01  7.2000E+01  0.0000E+00  3.0000E+00  1.8500E+01  2.0000E+00  0.0000E+00  0.0000E+00  2.5234E+01 -9.7431E-01 -9.6556E-01  1.8500E+01  2.5423E+01 -6.9232E+00 -9.5724E-01
  2.6000E+01  9.6000E+01  0.0000E+00  2.0000E+00  1.9750E+00  1.0000E+00  0.0000E+00  0.0000E+00  1.7249E+00  1.4304E+00  8.9197E-01  1.9750E+00  1.9491E+00  2.5935E-02  6.3955E-01
  2.6000E+01  9.6000E+01  0.0000E+00  3.0000E+00  2.9800E+01  2.0000E+00  0.0000E+00  0.0000E+00  2.7146E+01  3.8394E-01  3.3728E-01  2.9800E+01  2.9397E+01  4.0269E-01  3.5763E-01
  2.6000E+01  1.2000E+02  0.0000E+00  2.0000E+00  9.6000E-01  1.0000E+00  0.0000E+00  0.0000E+00  1.1058E+00 -1.3002E+00 -1.7478E+00  9.6000E-01  1.2131E+00 -2.5313E-01 -1.4195E+00
  2.6000E+01  1.2000E+02  0.0000E+00  3.0000E+00  2.9400E+01  2.0000E+00  0.0000E+00  0.0000E+00  3.1107E+01 -2.4695E-01 -3.2096E-01  2.9400E+01  3.5024E+01 -5.6237E+00 -2.8942E-01
  2.6000E+01  1.4400E+02  0.0000E+00  3.0000E+00  3.1700E+01  2.0000E+00  0.0000E+00  0.0000E+00  3.6295E+01 -6.6475E-01 -7.4995E-01  3.1700E+01  4.1647E+01 -9.9466E+00 -7.1113E-01
  2.7000E+01  0.0000E+00  1.0000E+02  1.0000E+00  0.0000E+00  0.0000E+00  1.0000E+00  1.0000E+00  0.0000E+00  0.0000E+00  0.0000E+00  0.0000E+00  0.0000E+00  0.0000E+00  0.0000E+00
  2.7000E+01  0.0000E+00  0.0000E+00  3.0000E+00  9.4200E+01  2.0000E+00  0.0000E+00  0.0000E+00  1.0188E+02 -1.1114E+00 -1.3298E+00  9.4200E+01  1.0356E+02 -9.3631E+00 -1.1766E+00
  2.7000E+01  5.0000E-01  0.0000E+00  2.0000E+00  1.5827E+01  1.0000E+00  0.0000E+00  0.0000E+00  1.4471E+01  9.2445E-01  2.1562E+00  1.5827E+01  6.9188E+00  8.9082E+00  2.5691E+00
  2.7000E+01  2.0000E+00  0.0000E+00  2.0000E+00  1.7382E+01  1.0000E+00  0.0000E+00  0.0000E+00  1.5841E+01  9.5941E-01  1.2149E+00  1.7382E+01  1.1915E+01  5.4669E+00  1.2691E+00
  2.7000E+01  6.0000E+00  0.0000E+00  2.0000E+00  1.4585E+01  1.0000E+00  0.0000E+00  0.0000E+00  1.3781E+01  5.7567E-01  7.1549E-01  1.4585E+01  1.1534E+01  3.0510E+00  1.3372E+00
  2.7000E+01  1.2000E+01  0.0000E+00  2.0000E+00  9.0630E+00  1.0000E+00  0.0000E+00  0.0000E+00  1.1176E+01 -1.8648E+00 -1.8362E+00  9.0630E+00  1.0246E+01 -1.1827E+00 -1.7723E+00
  2.7000E+01  1.2000E+01  0.0000E+00  3.0000E+00  5.7100E+01  2.0000E+00  0.0000E+00  0.0000E+00  5.2745E+01  6.3000E-01  4.7235E-01  5.7100E+01  5.6146E+01  9.5372E-01  3.0642E-01
  2.7000E+01  2.4000E+01  0.0000E+00  2.0000E+00  6.8270E+00  1.0000E+00  0.0000E+00  0.0000E+00  7.3509E+00 -7.0288E-01 -7.6552E-01  6.8270E+00  8.0832E+00 -1.2562E+00 -9.7335E-01
  2.7000E+01  2.4000E+01  0.0000E+00  3.0000E+00  3.9200E+01  2.0000E+00  0.0000E+00  0.0000E+00  3.5068E+01  5.9777E-01  5.7035E-01  3.9200E+01  3.5933E+01  3.2672E+00  3.7898E-01
  2.7000E+01  3.6000E+01  0.0000E+00  3.0000E+00  2.5700E+01  2.0000E+00  0.0000E+00  0.0000E+00  2.9397E+01 -5.3481E-01 -4.5711E-01  2.5700E+01  2.7781E+01 -2.0810E+00 -6.1287E-01
  2.7000E+01  4.8000E+01  0.0000E+00  2.0000E+00  3.6020E+00  1.0000E+00  0.0000E+00  0.0000E+00  3.1800E+00  1.3088E+00  1.3094E+00  3.6020E+00  5.0311E+00 -1.4291E+00  1.4264E-01
  2.7000E+01  4.8000E+01  0.0000E+00  3.0000E+00  2.8300E+01  2.0000E+00  0.0000E+00  0.0000E+00  2.8796E+01 -7.1702E-02  1.0753E-01  2.8300E+01  2.4891E+01  3.4093E+00 -4.1759E-03
  2.7000E+01  7.2000E+01  0.0000E+00  2.0000E+00  1.1390E+00  1.0000E+00  0.0000E+00  0.0000E+00  1.3757E+00 -1.6969E+00 -1.5778E+00  1.1390E+00  3.1314E+00 -1.9924E+00 -9.4619E-01
  2.7000E+01  7.2000E+01  0.0000E+00  3.0000E+00  2.9600E+01  2.0000E+00  0.0000E+00  0.0000E+00  3.4019E+01 -6.3928E-01 -2.4341E-01  2.9600E+01  2.5423E+01  4.1768E+00 -2.6658E-01
  2.7000E+01  9.6000E+01  0.0000E+00  2.0000E+00  6.2200E-01  1.0000E+00  0.0000E+00  0.0000E+00  5.9513E-01  4.4532E-01  6.2341E-01  6.2200E-01  1.9491E+00 -1.3271E+00  7.1231E-01
  2.7000E+01  9.6000E+01  0.0000E+00  3.0000E+00  3.8600E+01  2.0000E+00  0.0000E+00  0.0000E+00  4.2896E+01 -6.2156E-01 -3.7136E-02  3.8600E+01  2.9397E+01  9.2027E+00  2.1438E-02
  2.7000E+01  1.2000E+02  0.0000E+00  2.0000E+00  2.6700E-01  1.0000E+00  0.0000E+00  0.0000E+00  2.5746E-01  3.6564E-01  5.2000E-01  2.6700E-01  1.2131E+00 -9.4613E-01  1.6676E+00
  2.7000E+01  1.2000E+02  0.0000E+00  3.0000E+00  4.6400E+01  2.0000E+00  0.0000E+00  0.0000E+00  5.2815E+01 -9.2814E-01 -2.4939E-01  4.6400E+01  3.5024E+01  1.1376E+01 -1.4838E-01
  2.7000E+01  1.4400E+02  0.0000E+00  3.0000E+00  7.9700E+01  2.0000E+00  0.0000E+00  0.0000E+00  6.2327E+01  2.5135E+00  3.1791E+00  7.9700E+01  4.1647E+01  3.8053E+01  3.2475E+00
  2.8000E+01  0.0000E+00  1.0000E+02  1.0000E+00  0.0000E+00  0.0000E+00  1.0000E+00  1.0000E+00  0.0000E+00  0.0000E+00  0.0000E+00  0.0000E+00  0.0000E+00  0.0000E+00  0.0000E+00
  2.8000E+01  0.0000E+00  0.0000E+00  3.0000E+00  1.0050E+02  2.0000E+00  0.0000E+00  0.0000E+00  1.0140E+02 -1.3013E-01 -2.7439E-01  1.0050E+02  1.0356E+02 -3.0631E+00 -2.6329E-01
  2.8000E+01  5.0000E-01  0.0000E+00  2.0000E+00  1.5380E+00  1.0000E+00  0.0000E+00  0.0000E+00  1.6267E+00 -5.3808E-01 -1.5773E+00  1.5380E+00  6.9188E+00 -5.3808E+00 -8.6845E-01
  2.8000E+01  2.0000E+00  0.0000E+00  2.0000E+00  5.3420E+00  1.0000E+00  0.0000E+00  0.0000E+00  5.3409E+00  2.0207E-03 -1.9525E+00  5.3420E+00  1.1915E+01 -6.5731E+00 -3.3317E+00
  2.8000E+01  6.0000E+00  0.0000E+00  2.0000E+00  1.0666E+01  1.0000E+00  0.0000E+00  0.0000E+00  9.9401E+00  7.2026E-01 -5.9745E-01  1.0666E+01  1.1534E+01 -8.6799E-01 -1.9337E-03
  2.8000E+01  1.2000E+01  0.0000E+00  2.0000E+00  1.0658E+01  1.0000E+00  0.0000E+00  0.0000E+00  1.0969E+01 -2.7925E-01 -2.7535E-01  1.0658E+01  1.0246E+01  4.1232E-01  8.7106E-01
  2.8000E+01  1.2000E+01  0.0000E+00  3.0000E+00  6.9000E+01  2.0000E+00  0.0000E+00  0.0000E+00  5.7971E+01  1.5955E+00  2.0709E+00  6.9000E+01  5.6146E+01  1.2854E+01  1.8503E+00
  2.8000E+01  2.4000E+01  0.0000E+00  2.0000E+00  9.8680E+00  1.0000E+00  0.0000E+00  0.0000E+00  9.1365E+00  7.8966E-01  1.3123E+00  9.8680E+00  8.0832E+00  1.7848E+00  2.1499E+00
  2.8000E+01  2.4000E+01  0.0000E+00  3.0000E+00  2.6100E+01  2.0000E+00  0.0000E+00  0.0000E+00  3.4682E+01 -1.2415E+00 -1.1563E+00  2.6100E+01  3.5933E+01 -9.8328E+00 -1.2848E+00
  2.8000E+01  3.6000E+01  0.0000E+00  3.0000E+00  2.5700E+01  2.0000E+00  0.0000E+00  0.0000E+00  2.4629E+01  1.5493E-01  2.3454E-02  2.5700E+01  2.7781E+01 -2.0810E+00 -4.3741E-03
  2.8000E+01  4.8000E+01  0.0000E+00  2.0000E+00  5.5190E+00  1.0000E+00  0.0000E+00  0.0000E+00  5.6633E+00 -2.5135E-01 -2.7797E-01  5.5190E+00  5.0311E+00  4.8790E-01  5.4850E-02
  2.8000E+01  4.8000E+01  0.0000E+00  3.0000E+00  2.1800E+01  2.0000E+00  0.0000E+00  0.0000E+00  2.0504E+01  1.8751E-01 -4.2174E-02  2.1800E+01  2.4891E+01 -3.0907E+00 -7.9418E-03
  2.8000E+01  7.2000E+01  0.0000E+00  2.0000E+00  3.4210E+00  1.0000E+00  0.0000E+00  0.0000E+00  3.4980E+00 -2.1699E-01 -6.2408E-01  3.4210E+00  3.1314E+00  2.8955E-01 -6.9844E-01
  2.8000E+01  7.2000E+01  0.0000E+00  3.0000E+00  9.4000E+00  2.0000E+00  0.0000E+00  0.0000E+00  1.9195E+01 -1.4171E+00 -1.7208E+00  9.4000E+00  2.5423E+01 -1.6023E+01 -1.6037E+00
  2.8000E+01  9.6000E+01  0.0000E+00  2.0000E+00  2.4550E+00  1.0000E+00  0.0000E+00  0.0000E+00  2.1605E+00  1.3445E+00  7.7497E-01  2.4550E+00  1.9491E+00  5.0593E-01  2.7205E-01
  2.8000E+01  9.6000E+01  0.0000E+00  3.0000E+00  9.8000E+00  2.0000E+00  0.0000E+00  0.0000E+00  2.1423E+01 -1.6816E+00 -2.0070E+00  9.8000E+00  2.9397E+01 -1.9597E+01 -1.8192E+00
  2.8000E+01  1.2000E+02  0.0000E+00  2.0000E+00  1.1800E+00  1.0000E+00  0.0000E+00  0.0000E+00  1.3344E+00 -1.1413E+00 -1.7235E+00  1.1800E+00  1.2131E+00 -3.3132E-02 -2.5782E+00
  2.8000E+01  1.2000E+02  0.0000E+00  3.0000E+00  2.3500E+01  2.0000E+00  0.0000E+00  0.0000E+00  2.5310E+01 -2.6185E-01 -5.7749E-01  2.3500E+01  3.5024E+01 -1.1524E+01 -3.3141E-01
  2.8000E+01  1.4400E+02  0.0000E+00  3.0000E+00  3.1100E+01  2.0000E+00  0.0000E+00  0.0000E+00  3.0361E+01  1.0687E-01 -1.6865E-01  3.1100E+01  4.1647E+01 -1.0547E+01  1.1070E-01
  2.9000E+01  0.0000E+00  1.0000E+02  1.0000E+00  0.0000E+00  0.0000E+00  1.0000E+00  1.0000E+00  0.0000E+00  0.0000E+00  0.0000E+00  0.0000E+00  0.0000E+00  0.0000E+00  0.0000E+00
  2.9000E+01  0.0000E+00  0.0000E+00  3.0000E+00  9.9000E+01  2.0000E+00  0.0000E+00  0.0000E+00  1.0298E+02 -5.7512E-01 -6.4061E-01  9.9000E+01  1.0356E+02 -4.5631E+00 -6.2452E-01
  2.9000E+01  5.0000E-01  0.0000E+00  2.0000E+00  3.8650E+00  1.0000E+00  0.0000E+00  0.0000E+00  3.7469E+00  3.1100E-01 -2.9596E-01  3.8650E+00  6.9188E+00 -3.0538E+00 -5.9485E-01
  2.9000E+01  2.0000E+00  0.0000E+00  2.0000E+00  8.2100E+00  1.0000E+00  0.0000E+00  0.0000E+00  9.0798E+00 -9.4477E-01 -1.6667E+00  8.2100E+00  1.1915E+01 -3.7051E+00 -1.7659E+00
  2.9000E+01  6.0000E+00  0.0000E+00  2.0000E+00  1.1449E+01  1.0000E+00  0.0000E+00  0.0000E+00  1.0715E+01  6.7537E-01  4.9844E-01  1.1449E+01  1.1534E+01 -8.4990E-02  6.3450E-01
  2.9000E+01  1.2000E+01  0.0000E+00  2.0000E+00  8.6640E+00  1.0000E+00  0.0000E+00  0.0000E+00  9.6002E+00 -9.6181E-01 -1.0039E+00  8.6640E+00  1.0246E+01 -1.5817E+00 -7.3957E-01
  2.9000E+01  1.2000E+01  0.0000E+00  3.0000E+00  6.1700E+01  2.0000E+00  0.0000E+00  0.0000E+00  5.7965E+01  5.4031E-01  6.3495E-01  6.1700E+01  5.6146E+01  5.5537E+00  5.8585E-01
  2.9000E+01  2.4000E+01  0.0000E+00  2.0000E+00  7.7950E+00  1.0000E+00  0.0000E+00  0.0000E+00  7.5280E+00  3.4986E-01  3.8575E-01  7.7950E+00  8.0832E+00 -2.8817E-01  5.1638E-01
  2.9000E+01  2.4000E+01  0.0000E+00  3.0000E+00  3.7000E+01  2.0000E+00  0.0000E+00  0.0000E+00  3.8226E+01 -1.7732E-01 -1.1107E-01  3.7000E+01  3.5933E+01  1.0672E+00 -1.4250E-01
  2.9000E+01  3.6000E+01  0.0000E+00  3.0000E+00  2.8100E+01  2.0000E+00  0.0000E+00  0.0000E+00  3.0695E+01 -3.7541E-01 -2.8088E-01  2.8100E+01  2.7781E+01  3.1905E-01 -2.9613E-01
  2.9000E+01  4.8000E+01  0.0000E+00  2.0000E+00  4.4110E+00  1.0000E+00  0.0000E+00  0.0000E+00  4.6275E+00 -4.6151E-01 -3.6556E-01  4.4110E+00  5.0311E+00 -6.2010E-01 -2.3746E-01
  2.9000E+01  4.8000E+01  0.0000E+00  3.0000E+00  2.7500E+01  2.0000E+00  0.0000E+00  0.0000E+00  2.8409E+01 -1.3146E-01 -3.6933E-03  2.7500E+01  2.4891E+01  2.6093E+00 -5.6761E-03
  2.9000E+01  7.2000E+01  0.0000E+00  2.0000E+00  3.1390E+00  1.0000E+00  0.0000E+00  0.0000E+00  2.8446E+00  1.0207E+00  1.0977E+00  3.1390E+00  3.1314E+00  7.5547E-03  9.6023E-01
  2.9000E+01  7.2000E+01  0.0000E+00  3.0000E+00  2.9400E+01  2.0000E+00  0.0000E+00  0.0000E+00  3.0140E+01 -1.0700E-01  6.8095E-02  2.9400E+01  2.5423E+01  3.9768E+00  8.6341E-02
  2.9000E+01  9.6000E+01  0.0000E+00  2.0000E+00  2.0290E+00  1.0000E+00  0.0000E+00  0.0000E+00  1.7486E+00  1.5815E+00  1.6197E+00  2.0290E+00  1.9491E+00  7.9935E-02  1.2545E+00
  2.9000E+01  9.6000E+01  0.0000E+00  3.0000E+00  3.3500E+01  2.0000E+00  0.0000E+00  0.0000E+00  3.5326E+01 -2.6416E-01 -6.7642E-02  3.3500E+01  2.9397E+01  4.1027E+00 -3.5714E-02
  2.9000E+01  1.2000E+02  0.0000E+00  2.0000E+00  8.6500E-01  1.0000E+00  0.0000E+00  0.0000E+00  1.0749E+00 -1.9259E+00 -1.9016E+00  8.6500E-01  1.2131E+00 -3.4813E-01 -1.5745E+00
  2.9000E+01  1.2000E+02  0.0000E+00  3.0000E+00  4.4100E+01  2.0000E+00  0.0000E+00  0.0000E+00  4.2068E+01  2.9395E-01  4.9308E-01  4.4100E+01  3.5024E+01  9.0763E+00  5.3090E-01
  2.9000E+01  1.4400E+02  0.0000E+00  3.0000E+00  5.5700E+01  2.0000E+00  0.0000E+00  0.0000E+00  4.9562E+01  8.8795E-01  1.0775E+00  5.5700E+01  4.1647E+01  1.4053E+01  1.1122E+00
  3.0000E+01  0.0000E+00  1.0000E+02  1.0000E+00  0.0000E+00  0.0000E+00  1.0000E+00  1.0000E+00  0.0000E+00  0.0000E+00  0.0000E+00  0.0000E+00  0.0000E+00  0.0000E+00  0.0000E+00
  3.0000E+01  0.0000E+00  0.0000E+00  3.0000E+00  1.1120E+02  2.0000E+00  0.0000E+00  0.0000E+00  1.0776E+02  4.9779E-01  7.5862E-01  1.1120E+02  1.0356E+02  7.6369E+00  7.6446E-01
  3.0000E+01  5.0000E-01  0.0000E+00  2.0000E+00  5.6800E+00  1.0000E+00  0.0000E+00  0.0000E+00  5.5485E+00  2.3371E-01  4.2378E-02  5.6800E+00  6.9188E+00 -1.2388E+00  4.7820E-02
  3.0000E+01  2.0000E+00  0.0000E+00  2.0000E+00  8.6050E+00  1.0000E+00  0.0000E+00  0.0000E+00  8.9530E+00 -3.8338E-01 -1.1041E+00  8.6050E+00  1.1915E+01 -3.3101E+00 -8.6846E-01
  3.0000E+01  6.0000E+00  0.0000E+00  2.0000E+00  9.1800E+00  1.0000E+00  0.0000E+00  0.0000E+00  8.7059E+00  5.3707E-01 -2.1827E-01  9.1800E+00  1.1534E+01 -2.3540E+00 -2.5278E-01
  3.0000E+01  1.2000E+01  0.0000E+00  2.0000E+00  7.0080E+00  1.0000E+00  0.0000E+00  0.0000E+00  7.9953E+00 -1.2179E+00 -1.8697E+00  7.0080E+00  1.0246E+01 -3.2377E+00 -1.5440E+00
  3.0000E+01  1.2000E+01  0.0000E+00  3.0000E+00  6.1800E+01  2.0000E+00  0.0000E+00  0.0000E+00  5.8441E+01  4.8591E-01  6.1175E-01  6.1800E+01  5.6146E+01  5.6537E+00  6.0828E-01
  3.0000E+01  2.4000E+01  0.0000E+00  2.0000E+00  6.5300E+00  1.0000E+00  0.0000E+00  0.0000E+00  6.7429E+00 -3.1143E-01 -7.8315E-01  6.5300E+00  8.0832E+00 -1.5532E+00 -7.7338E-01
  3.0000E+01  2.4000E+01  0.0000E+00  3.0000E+00  3.7100E+01  2.0000E+00  0.0000E+00  0.0000E+00  3.6778E+01  4.6532E-02  1.1478E-01  3.7100E+01  3.5933E+01  1.1672E+00  1.1484E-01
  3.0000E+01  3.6000E+01  0.0000E+00  3.0000E+00  2.5400E+01  2.0000E+00  0.0000E+00  0.0000E+00  2.7618E+01 -3.2089E-01 -2.8517E-01  2.5400E+01  2.7781E+01 -2.3810E+00 -2.8089E-01
  3.0000E+01  4.8000E+01  0.0000E+00  2.0000E+00  4.5050E+00  1.0000E+00  0.0000E+00  0.0000E+00  4.7960E+00 -5.9839E-01 -8.0808E-01  4.5050E+00  5.0311E+00 -5.2610E-01 -9.2525E-01
  3.0000E+01  4.8000E+01  0.0000E+00  3.0000E+00  2.0900E+01  2.0000E+00  0.0000E+00  0.0000E+00  2.3962E+01 -4.4294E-01 -4.3162E-01  2.0900E+01  2.4891E+01 -3.9907E+00 -4.2302E-01
  3.0000E+01  7.2000E+01  0.0000E+00  2.0000E+00  3.6970E+00  1.0000E+00  0.0000E+00  0.0000E+00  3.4112E+00  8.2634E-01  7.7278E-01  3.6970E+00  3.1314E+00  5.6555E-01  6.4879E-01
  3.0000E+01  7.2000E+01  0.0000E+00  3.0000E+00  2.3200E+01  2.0000E+00  0.0000E+00  0.0000E+00  2.3049E+01  2.1911E-02 -2.4883E-02  2.3200E+01  2.5423E+01 -2.2232E+00 -7.5982E-03
  3.0000E+01  9.6000E+01  0.0000E+00  2.0000E+00  2.6580E+00  1.0000E+00  0.0000E+00  0.0000E+00  2.4263E+00  9.4205E-01  9.6933E-01  2.6580E+00  1.9491E+00  7.0893E-01  1.1012E+00
  3.0000E+01  9.6000E+01  0.0000E+00  3.0000E+00  9.8000E+00  2.0000E+00  0.0000E+00  0.0000E+00  2.5267E+01 -2.2376E+00 -2.3743E+00  9.8000E+00  2.9397E+01 -1.9597E+01 -2.3510E+00
  3.0000E+01  1.2000E+02  0.0000E+00  2.0000E+00  1.5890E+00  1.0000E+00  0.0000E+00  0.0000E+00  1.7257E+00 -7.8130E-01 -7.2111E-01  1.5890E+00  1.2131E+00  3.7587E-01 -5.4319E-01
  3.0000E+01  1.2000E+02  0.0000E+00  3.0000E+00  3.4600E+01  2.0000E+00  0.0000E+00  0.0000E+00  2.8790E+01  8.4052E-01  5.7975E-01  3.4600E+01  3.5024E+01 -4.2371E-01  6.0229E-01
  3.0000E+01  1.4400E+02  0.0000E+00  3.0000E+00  3.5300E+01  2.0000E+00  0.0000E+00  0.0000E+00  3.3158E+01  3.0985E-01 -1.0250E-01  3.5300E+01  4.1647E+01 -6.3466E+00 -8.8848E-02
  3.1000E+01  0.0000E+00  1.0000E+02  1.0000E+00  0.0000E+00  0.0000E+00  1.0000E+00  1.0000E+00  0.0000E+00  0.0000E+00  0.0000E+00  0.0000E+00  0.0000E+00  0.0000E+00  0.0000E+00
  3.1000E+01  0.0000E+00  0.0000E+00  3.0000E+00  9.8600E+01  2.0000E+00  0.0000E+00  0.0000E+00  9.9563E+01 -1.3936E-01 -3.2552E-01  9.8600E+01  1.0356E+02 -4.9631E+00 -3.4333E-01
  3.1000E+01  5.0000E-01  0.0000E+00  2.0000E+00  6.6220E+00  1.0000E+00  0.0000E+00  0.0000E+00  6.6383E+00 -2.4219E-02 -3.4717E-01  6.6220E+00  6.9188E+00 -2.9683E-01 -3.2160E-01
  3.1000E+01  2.0000E+00  0.0000E+00  2.0000E+00  1.2823E+01  1.0000E+00  0.0000E+00  0.0000E+00  1.2500E+01  2.5478E-01  2.2829E-01  1.2823E+01  1.1915E+01  9.0787E-01  2.7872E-01
  3.1000E+01  6.0000E+00  0.0000E+00  2.0000E+00  1.3003E+01  1.0000E+00  0.0000E+00  0.0000E+00  1.2313E+01  5.5244E-01  6.6349E-01  1.3003E+01  1.1534E+01  1.4690E+00  7.4115E-01
  3.1000E+01  1.2000E+01  0.0000E+00  2.0000E+00  9.3020E+00  1.0000E+00  0.0000E+00  0.0000E+00  1.0684E+01 -1.2762E+00 -1.2196E+00  9.3020E+00  1.0246E+01 -9.4368E-01 -1.2412E+00
  3.1000E+01  1.2000E+01  0.0000E+00  3.0000E+00  3.9400E+01  2.0000E+00  0.0000E+00  0.0000E+00  4.0546E+01 -1.6578E-01 -7.3343E-01  3.9400E+01  5.6146E+01 -1.6746E+01 -6.9816E-01
  3.1000E+01  2.4000E+01  0.0000E+00  2.0000E+00  8.4560E+00  1.0000E+00  0.0000E+00  0.0000E+00  8.0373E+00  5.1381E-01  4.7648E-01  8.4560E+00  8.0832E+00  3.7283E-01  4.4253E-01
  3.1000E+01  2.4000E+01  0.0000E+00  3.0000E+00  2.4200E+01  2.0000E+00  0.0000E+00  0.0000E+00  2.3438E+01  1.1029E-01 -2.8945E-01  2.4200E+01  3.5933E+01 -1.1733E+01 -1.2308E-01
  3.1000E+01  3.6000E+01  0.0000E+00  3.0000E+00  1.5000E+01  2.0000E+00  0.0000E+00  0.0000E+00  1.9070E+01 -5.8876E-01 -8.4948E-01  1.5000E+01  2.7781E+01 -1.2781E+01 -6.5328E-01
  3.1000E+01  4.8000E+01  0.0000E+00  2.0000E+00  4.4570E+00  1.0000E+00  0.0000E+00  0.0000E+00  4.5480E+00 -1.9743E-01 -3.6247E-01  4.4570E+00  5.0311E+00 -5.7410E-01 -4.0185E-01
  3.1000E+01  4.8000E+01  0.0000E+00  3.0000E+00  1.7400E+01  2.0000E+00  0.0000E+00  0.0000E+00  1.8713E+01 -1.8994E-01 -3.7435E-01  1.7400E+01  2.4891E+01 -7.4907E+00 -2.0268E-01
  3.1000E+01  7.2000E+01  0.0000E+00  2.0000E+00  2.6520E+00  1.0000E+00  0.0000E+00  0.0000E+00  2.5736E+00  3.0051E-01  6.1200E-02  2.6520E+00  3.1314E+00 -4.7945E-01 -3.4692E-02
  3.1000E+01  7.2000E+01  0.0000E+00  3.0000E+00  9.5000E+00  2.0000E+00  0.0000E+00  0.0000E+00  2.1851E+01 -1.7869E+00 -1.8948E+00  9.5000E+00  2.5423E+01 -1.5923E+01 -1.8010E+00
  3.1000E+01  9.6000E+01  0.0000E+00  2.0000E+00  1.6620E+00  1.0000E+00  0.0000E+00  0.0000E+00  1.4563E+00  1.3931E+00  1.1243E+00  1.6620E+00  1.9491E+00 -2.8707E-01  7.2545E-01
  3.1000E+01  9.6000E+01  0.0000E+00  3.0000E+00  2.3600E+01  2.0000E+00  0.0000E+00  0.0000E+00  2.7329E+01 -5.3944E-01 -5.7833E-01  2.3600E+01  2.9397E+01 -5.7973E+00 -5.4150E-01
  3.1000E+01  1.2000E+02  0.0000E+00  2.0000E+00  7.1600E-01  1.0000E+00  0.0000E+00  0.0000E+00  8.2408E-01 -1.2935E+00 -1.5458E+00  7.1600E-01  1.2131E+00 -4.9713E-01 -8.4203E-01
  3.1000E+01  1.2000E+02  0.0000E+00  3.0000E+00  3.7400E+01  2.0000E+00  0.0000E+00  0.0000E+00  3.4419E+01  4.3126E-01  4.8264E-01  3.7400E+01  3.5024E+01  2.3763E+00  4.8537E-01
  3.1000E+01  1.4400E+02  0.0000E+00  3.0000E+00  4.7400E+01  2.0000E+00  0.0000E+00  0.0000E+00  4.2637E+01  6.8901E-01  8.4207E-01  4.7400E+01  4.1647E+01  5.7534E+00  8.2618E-01
  3.2000E+01  0.0000E+00  1.0000E+02  1.0000E+00  0.0000E+00  0.0000E+00  1.0000E+00  1.0000E+00  0.0000E+00  0.0000E+00  0.0000E+00  0.0000E+00  0.0000E+00  0.0000E+00  0.0000E+00
  3.2000E+01  0.0000E+00  0.0000E+00  3.0000E+00  9.4500E+01  2.0000E+00  0.0000E+00  0.0000E+00  9.9903E+01 -7.8164E-01 -1.0015E+00  9.4500E+01  1.0356E+02 -9.0631E+00 -9.6648E-01
  3.2000E+01  5.0000E-01  0.0000E+00  2.0000E+00  5.3870E+00  1.0000E+00  0.0000E+00  0.0000E+00  5.1504E+00  4.5302E-01  3.5686E-01  5.3870E+00  6.9188E+00 -1.5318E+00  2.6869E-01
  3.2000E+01  2.0000E+00  0.0000E+00  2.0000E+00  6.6400E+00  1.0000E+00  0.0000E+00  0.0000E+00  8.5547E+00 -2.2074E+00 -2.9847E+00  6.6400E+00  1.1915E+01 -5.2751E+00 -2.2472E+00
  3.2000E+01  6.0000E+00  0.0000E+00  2.0000E+00  9.3860E+00  1.0000E+00  0.0000E+00  0.0000E+00  8.3617E+00  1.2082E+00  3.8007E-01  9.3860E+00  1.1534E+01 -2.1480E+00  9.8080E-02
  3.2000E+01  1.2000E+01  0.0000E+00  2.0000E+00  7.2220E+00  1.0000E+00  0.0000E+00  0.0000E+00  7.6655E+00 -5.7062E-01 -1.2507E+00  7.2220E+00  1.0246E+01 -3.0237E+00 -1.0595E+00
  3.2000E+01  1.2000E+01  0.0000E+00  3.0000E+00  6.2200E+01  2.0000E+00  0.0000E+00  0.0000E+00  6.0360E+01  2.6622E-01  4.0018E-01  6.2200E+01  5.6146E+01  6.0537E+00  3.4116E-01
  3.2000E+01  2.4000E+01  0.0000E+00  2.0000E+00  6.4240E+00  1.0000E+00  0.0000E+00  0.0000E+00  6.4417E+00 -2.7044E-02 -4.4784E-01  6.4240E+00  8.0832E+00 -1.6592E+00 -4.3045E-01
  3.2000E+01  2.4000E+01  0.0000E+00  3.0000E+00  4.8500E+01  2.0000E+00  0.0000E+00  0.0000E+00  4.1356E+01  1.0336E+00  1.2698E+00  4.8500E+01  3.5933E+01  1.2567E+01  1.2289E+00
  3.2000E+01  3.6000E+01  0.0000E+00  3.0000E+00  2.8600E+01  2.0000E+00  0.0000E+00  0.0000E+00  3.2683E+01 -5.9068E-01 -3.4242E-01  2.8600E+01  2.7781E+01  8.1905E-01 -3.6149E-01
  3.2000E+01  4.8000E+01  0.0000E+00  2.0000E+00  4.1850E+00  1.0000E+00  0.0000E+00  0.0000E+00  4.5490E+00 -7.8916E-01 -8.3007E-01  4.1850E+00  5.0311E+00 -8.4610E-01 -7.6412E-01
  3.2000E+01  4.8000E+01  0.0000E+00  3.0000E+00  2.1700E+01  2.0000E+00  0.0000E+00  0.0000E+00  2.8987E+01 -1.0542E+00 -8.2354E-01  2.1700E+01  2.4891E+01 -3.1907E+00 -8.3239E-01
  3.2000E+01  7.2000E+01  0.0000E+00  2.0000E+00  3.4770E+00  1.0000E+00  0.0000E+00  0.0000E+00  3.2124E+00  8.1239E-01  9.9637E-01  3.4770E+00  3.1314E+00  3.4555E-01  9.7035E-01
  3.2000E+01  7.2000E+01  0.0000E+00  3.0000E+00  2.2800E+01  2.0000E+00  0.0000E+00  0.0000E+00  2.8059E+01 -7.6077E-01 -5.9888E-01  2.2800E+01  2.5423E+01 -2.6232E+00 -6.1201E-01
  3.2000E+01  9.6000E+01  0.0000E+00  2.0000E+00  2.0750E+00  1.0000E+00  0.0000E+00  0.0000E+00  2.2685E+00 -8.4142E-01 -5.4949E-01  2.0750E+00  1.9491E+00  1.2593E-01 -4.6623E-01
  3.2000E+01  9.6000E+01  0.0000E+00  3.0000E+00  3.4300E+01  2.0000E+00  0.0000E+00  0.0000E+00  3.0665E+01  5.2583E-01  5.8521E-01  3.4300E+01  2.9397E+01  4.9027E+00  5.5291E-01
  3.2000E+01  1.2000E+02  0.0000E+00  2.0000E+00  1.7250E+00  1.0000E+00  0.0000E+00  0.0000E+00  1.6020E+00  7.5729E-01  1.0753E+00  1.7250E+00  1.2131E+00  5.1187E-01  1.5502E+00
  3.2000E+01  1.2000E+02  0.0000E+00  3.0000E+00  3.4800E+01  2.0000E+00  0.0000E+00  0.0000E+00  3.4776E+01  3.4630E-03 -7.1504E-02  3.4800E+01  3.5024E+01 -2.2371E-01 -1.2598E-01
  3.2000E+01  1.4400E+02  0.0000E+00  3.0000E+00  4.5900E+01  2.0000E+00  0.0000E+00  0.0000E+00  3.9714E+01  8.9494E-01  6.6245E-01  4.5900E+01  4.1647E+01  4.2534E+00  5.9114E-01
  3.3000E+01  0.0000E+00  1.0000E+02  1.0000E+00  0.0000E+00  0.0000E+00  1.0000E+00  1.0000E+00  0.0000E+00  0.0000E+00  0.0000E+00  0.0000E+00  0.0000E+00  0.0000E+00  0.0000E+00
  3.3000E+01  0.0000E+00  0.0000E+00  3.0000E+00  1.0010E+02  2.0000E+00  0.0000E+00  0.0000E+00  1.0261E+02 -3.6319E-01 -4.6541E-01  1.0010E+02  1.0356E+02 -3.4631E+00 -4.2700E-01
  3.3000E+01  5.0000E-01  0.0000E+00  2.0000E+00  5.1110E+00  1.0000E+00  0.0000E+00  0.0000E+00  5.1595E+00 -9.2784E-02 -7.2563E-01  5.1110E+00  6.9188E+00 -1.8078E+00 -6.5534E-01
  3.3000E+01  2.0000E+00  0.0000E+00  2.0000E+00  1.1185E+01  1.0000E+00  0.0000E+00  0.0000E+00  1.0997E+01  1.6864E-01 -2.8209E-01  1.1185E+01  1.1915E+01 -7.3013E-01 -3.4446E-01
  3.3000E+01  6.0000E+00  0.0000E+00  2.0000E+00  1.1166E+01  1.0000E+00  0.0000E+00  0.0000E+00  1.1553E+01 -3.3009E-01 -3.9174E-01  1.1166E+01  1.1534E+01 -3.6799E-01 -3.1480E-01
  3.3000E+01  1.2000E+01  0.0000E+00  2.0000E+00  9.8290E+00  1.0000E+00  0.0000E+00  0.0000E+00  1.0006E+01 -1.7438E-01 -2.3715E-01  9.8290E+00  1.0246E+01 -4.1668E-01 -1.8173E-01
  3.3000E+01  1.2000E+01  0.0000E+00  3.0000E+00  5.1600E+01  2.0000E+00  0.0000E+00  0.0000E+00  5.4032E+01 -3.5181E-01 -4.3268E-01  5.1600E+01  5.6146E+01 -4.5463E+00 -4.8827E-01
  3.3000E+01  2.4000E+01  0.0000E+00  2.0000E+00  8.0400E+00  1.0000E+00  0.0000E+00  0.0000E+00  7.4659E+00  7.5837E-01  6.6057E-01  8.0400E+00  8.0832E+00 -4.3171E-02  6.0783E-01
  3.3000E+01  2.4000E+01  0.0000E+00  3.0000E+00  3.7200E+01  2.0000E+00  0.0000E+00  0.0000E+00  3.4887E+01  3.3464E-01  2.8176E-01  3.7200E+01  3.5933E+01  1.2672E+00  2.3227E-01
  3.3000E+01  3.6000E+01  0.0000E+00  3.0000E+00  3.3700E+01  2.0000E+00  0.0000E+00  0.0000E+00  2.8216E+01  7.9336E-01  7.9753E-01  3.3700E+01  2.7781E+01  5.9190E+00  7.6369E-01
  3.3000E+01  4.8000E+01  0.0000E+00  2.0000E+00  4.5060E+00  1.0000E+00  0.0000E+00  0.0000E+00  4.1565E+00  8.2921E-01  7.0682E-01  4.5060E+00  5.0311E+00 -5.2510E-01  5.2615E-01
  3.3000E+01  4.8000E+01  0.0000E+00  3.0000E+00  2.4500E+01  2.0000E+00  0.0000E+00  0.0000E+00  2.6661E+01 -3.1259E-01 -2.5438E-01  2.4500E+01  2.4891E+01 -3.9073E-01 -2.7339E-01
  3.3000E+01  7.2000E+01  0.0000E+00  2.0000E+00  2.2080E+00  1.0000E+00  0.0000E+00  0.0000E+00  2.3141E+00 -4.5216E-01 -5.3849E-01  2.2080E+00  3.1314E+00 -9.2345E-01 -4.1110E-01
  3.3000E+01  7.2000E+01  0.0000E+00  3.0000E+00  2.2000E+01  2.0000E+00  0.0000E+00  0.0000E+00  2.9608E+01 -1.1007E+00 -9.4315E-01  2.2000E+01  2.5423E+01 -3.4232E+00 -9.3616E-01
  3.3000E+01  9.6000E+01  0.0000E+00  2.0000E+00  1.1070E+00  1.0000E+00  0.0000E+00  0.0000E+00  1.2883E+00 -1.3882E+00 -1.4016E+00  1.1070E+00  1.9491E+00 -8.4207E-01 -7.9556E-01
  3.3000E+01  9.6000E+01  0.0000E+00  3.0000E+00  3.3500E+01  2.0000E+00  0.0000E+00  0.0000E+00  3.6002E+01 -3.6204E-01 -1.0854E-01  3.3500E+01  2.9397E+01  4.1027E+00 -8.0115E-02
  3.3000E+01  1.2000E+02  0.0000E+00  2.0000E+00  7.8700E-01  1.0000E+00  0.0000E+00  0.0000E+00  7.1726E-01  9.5898E-01  1.0174E+00  7.8700E-01  1.2131E+00 -4.2613E-01  6.9900E-01
  3.3000E+01  1.2000E+02  0.0000E+00  3.0000E+00  4.3600E+01  2.0000E+00  0.0000E+00  0.0000E+00  4.3980E+01 -5.5025E-02  2.8323E-01  4.3600E+01  3.5024E+01  8.5763E+00  3.2349E-01
  3.3000E+01  1.4400E+02  0.0000E+00  3.0000E+00  6.1600E+01  2.0000E+00  0.0000E+00  0.0000E+00  5.2574E+01  1.3058E+00  1.7038E+00  6.1600E+01  4.1647E+01  1.9953E+01  1.7406E+00
  3.4000E+01  0.0000E+00  1.0000E+02  1.0000E+00  0.0000E+00  0.0000E+00  1.0000E+00  1.0000E+00  0.0000E+00  0.0000E+00  0.0000E+00  0.0000E+00  0.0000E+00  0.0000E+00  0.0000E+00
  3.4000E+01  0.0000E+00  0.0000E+00  3.0000E+00  8.8400E+01  2.0000E+00  0.0000E+00  0.0000E+00  9.4458E+01 -8.7643E-01 -1.3451E+00  8.8400E+01  1.0356E+02 -1.5163E+01 -1.2540E+00
  3.4000E+01  5.0000E-01  0.0000E+00  2.0000E+00  6.4220E+00  1.0000E+00  0.0000E+00  0.0000E+00  6.2155E+00  3.2773E-01  2.4809E-01  6.4220E+00  6.9188E+00 -4.9683E-01  1.8017E-01
  3.4000E+01  2.0000E+00  0.0000E+00  2.0000E+00  1.0325E+01  1.0000E+00  0.0000E+00  0.0000E+00  1.1495E+01 -1.0038E+00 -1.0982E+00  1.0325E+01  1.1915E+01 -1.5901E+00 -7.1374E-01
  3.4000E+01  6.0000E+00  0.0000E+00  2.0000E+00  1.2894E+01  1.0000E+00  0.0000E+00  0.0000E+00  1.1747E+01  9.6283E-01  9.4042E-01  1.2894E+01  1.1534E+01  1.3600E+00  1.2891E+00
  3.4000E+01  1.2000E+01  0.0000E+00  2.0000E+00  1.1151E+01  1.0000E+00  0.0000E+00  0.0000E+00  1.1008E+01  1.2843E-01  2.0332E-01  1.1151E+01  1.0246E+01  9.0532E-01  3.8234E-01
  3.4000E+01  1.2000E+01  0.0000E+00  3.0000E+00  5.9600E+01  2.0000E+00  0.0000E+00  0.0000E+00  5.8236E+01  1.9733E-01  3.4837E-01  5.9600E+01  5.6146E+01  3.4537E+00  1.6870E-01
  3.4000E+01  2.4000E+01  0.0000E+00  2.0000E+00  8.8340E+00  1.0000E+00  0.0000E+00  0.0000E+00  9.6604E+00 -8.4370E-01 -5.9919E-01  8.8340E+00  8.0832E+00  7.5083E-01 -8.9811E-01
  3.4000E+01  2.4000E+01  0.0000E+00  3.0000E+00  4.1000E+01  2.0000E+00  0.0000E+00  0.0000E+00  3.8440E+01  3.7030E-01  6.0493E-01  4.1000E+01  3.5933E+01  5.0672E+00  4.6190E-01
  3.4000E+01  3.6000E+01  0.0000E+00  3.0000E+00  3.4700E+01  2.0000E+00  0.0000E+00  0.0000E+00  2.7988E+01  9.7107E-01  1.1151E+00  3.4700E+01  2.7781E+01  6.9190E+00  1.0428E+00
  3.4000E+01  4.8000E+01  0.0000E+00  2.0000E+00  8.5470E+00  1.0000E+00  0.0000E+00  0.0000E+00  7.4403E+00  1.4670E+00  1.9605E+00  8.5470E+00  5.0311E+00  3.5159E+00  2.0417E+00
  3.4000E+01  4.8000E+01  0.0000E+00  3.0000E+00  2.0400E+01  2.0000E+00  0.0000E+00  0.0000E+00  2.2488E+01 -3.0212E-01 -2.8474E-01  2.0400E+01  2.4891E+01 -4.4907E+00 -2.9301E-01
  3.4000E+01  7.2000E+01  0.0000E+00  2.0000E+00  5.2450E+00  1.0000E+00  0.0000E+00  0.0000E+00  5.7305E+00 -8.3558E-01 -1.9510E-01  5.2450E+00  3.1314E+00  2.1136E+00 -1.3598E+00
  3.4000E+01  7.2000E+01  0.0000E+00  3.0000E+00  1.0900E+01  2.0000E+00  0.0000E+00  0.0000E+00  1.8353E+01 -1.0782E+00 -1.2907E+00  1.0900E+01  2.5423E+01 -1.4523E+01 -1.1823E+00
  3.4000E+01  9.6000E+01  0.0000E+00  2.0000E+00  4.5930E+00  1.0000E+00  0.0000E+00  0.0000E+00  4.4136E+00  4.0096E-01  1.1085E+00  4.5930E+00  1.9491E+00  2.6439E+00  1.5889E+00
  3.4000E+01  9.6000E+01  0.0000E+00  3.0000E+00  9.8000E+00  2.0000E+00  0.0000E+00  0.0000E+00  1.7954E+01 -1.1797E+00 -1.5863E+00  9.8000E+00  2.9397E+01 -1.9597E+01 -1.3623E+00
  3.4000E+01  1.2000E+02  0.0000E+00  2.0000E+00  3.5390E+00  1.0000E+00  0.0000E+00  0.0000E+00  3.3993E+00  4.0534E-01  1.1207E+00  3.5390E+00  1.2131E+00  2.3259E+00  3.0832E+00
  3.4000E+01  1.2000E+02  0.0000E+00  3.0000E+00  1.7500E+01  2.0000E+00  0.0000E+00  0.0000E+00  1.8967E+01 -2.1219E-01 -8.1274E-01  1.7500E+01  3.5024E+01 -1.7524E+01 -4.8660E-01
  3.4000E+01  1.4400E+02  0.0000E+00  3.0000E+00  1.4900E+01  2.0000E+00  0.0000E+00  0.0000E+00  2.0681E+01 -8.3641E-01 -1.6533E+00  1.4900E+01  4.1647E+01 -2.6747E+01 -1.2632E+00
  3.5000E+01  0.0000E+00  1.0000E+02  1.0000E+00  0.0000E+00  0.0000E+00  1.0000E+00  1.0000E+00  0.0000E+00  0.0000E+00  0.0000E+00  0.0000E+00  0.0000E+00  0.0000E+00  0.0000E+00
  3.5000E+01  0.0000E+00  0.0000E+00  3.0000E+00  8.6100E+01  2.0000E+00  0.0000E+00  0.0000E+00  9.0763E+01 -6.7460E-01 -1.2806E+00  8.6100E+01  1.0356E+02 -1.7463E+01 -1.3067E+00
  3.5000E+01  5.0000E-01  0.0000E+00  2.0000E+00  1.1860E+01  1.0000E+00  0.0000E+00  0.0000E+00  1.0529E+01  1.2468E+00  2.0768E+00  1.1860E+01  6.9188E+00  4.9412E+00  2.1954E+00
  3.5000E+01  2.0000E+00  0.0000E+00  2.0000E+00  1.0865E+01  1.0000E+00  0.0000E+00  0.0000E+00  1.1385E+01 -4.5037E-01 -6.3813E-01  1.0865E+01  1.1915E+01 -1.0501E+00 -9.0570E-01
  3.5000E+01  6.0000E+00  0.0000E+00  2.0000E+00  9.5450E+00  1.0000E+00  0.0000E+00  0.0000E+00  1.0739E+01 -1.0965E+00 -1.2647E+00  9.5450E+00  1.1534E+01 -1.9890E+00 -8.1591E-01
  3.5000E+01  1.2000E+01  0.0000E+00  2.0000E+00  7.7900E+00  1.0000E+00  0.0000E+00  0.0000E+00  9.8368E+00 -2.0522E+00 -2.1903E+00  7.7900E+00  1.0246E+01 -2.4557E+00 -1.8037E+00
  3.5000E+01  1.2000E+01  0.0000E+00  3.0000E+00  4.1000E+01  2.0000E+00  0.0000E+00  0.0000E+00  3.9201E+01  2.6023E-01 -2.3847E-01  4.1000E+01  5.6146E+01 -1.5146E+01 -1.9282E-01
  3.5000E+01  2.4000E+01  0.0000E+00  2.0000E+00  8.7220E+00  1.0000E+00  0.0000E+00  0.0000E+00  8.2535E+00  5.5984E-01  4.6820E-01  8.7220E+00  8.0832E+00  6.3883E-01  6.0116E-01
  3.5000E+01  2.4000E+01  0.0000E+00  3.0000E+00  2.1200E+01  2.0000E+00  0.0000E+00  0.0000E+00  2.1906E+01 -1.0208E-01 -4.6953E-01  2.1200E+01  3.5933E+01 -1.4733E+01 -2.6201E-01
  3.5000E+01  3.6000E+01  0.0000E+00  3.0000E+00  1.2600E+01  2.0000E+00  0.0000E+00  0.0000E+00  1.6201E+01 -5.2091E-01 -8.2609E-01  1.2600E+01  2.7781E+01 -1.5181E+01 -5.3127E-01
  3.5000E+01  4.8000E+01  0.0000E+00  2.0000E+00  7.1190E+00  1.0000E+00  0.0000E+00  0.0000E+00  5.8105E+00  2.2211E+00  2.1787E+00  7.1190E+00  5.0311E+00  2.0879E+00  2.3420E+00
  3.5000E+01  4.8000E+01  0.0000E+00  3.0000E+00  6.9000E+00  2.0000E+00  0.0000E+00  0.0000E+00  1.4509E+01 -1.1009E+00 -1.3899E+00  6.9000E+00  2.4891E+01 -1.7991E+01 -1.0561E+00
  3.5000E+01  7.2000E+01  0.0000E+00  2.0000E+00  3.7670E+00  1.0000E+00  0.0000E+00  0.0000E+00  4.0906E+00 -7.8015E-01 -8.1160E-01  3.7670E+00  3.1314E+00  6.3555E-01 -1.2060E+00
  3.5000E+01  7.2000E+01  0.0000E+00  3.0000E+00  4.0000E+00  2.0000E+00  0.0000E+00  0.0000E+00  1.4696E+01 -1.5474E+00 -1.8801E+00  4.0000E+00  2.5423E+01 -2.1423E+01 -1.5102E+00
  3.5000E+01  9.6000E+01  0.0000E+00  2.0000E+00  2.6340E+00  1.0000E+00  0.0000E+00  0.0000E+00  2.8798E+00 -8.4168E-01 -8.8174E-01  2.6340E+00  1.9491E+00  6.8493E-01 -1.2765E+00
  3.5000E+01  9.6000E+01  0.0000E+00  3.0000E+00  1.0400E+01  2.0000E+00  0.0000E+00  0.0000E+00  1.6294E+01 -8.5272E-01 -1.2849E+00  1.0400E+01  2.9397E+01 -1.8997E+01 -8.8292E-01
  3.5000E+01  1.2000E+02  0.0000E+00  2.0000E+00  2.0920E+00  1.0000E+00  0.0000E+00  0.0000E+00  2.0273E+00  3.1454E-01  2.5798E-01  2.0920E+00  1.2131E+00  8.7887E-01  5.6573E-01
  3.5000E+01  1.2000E+02  0.0000E+00  3.0000E+00  4.4000E+00  2.0000E+00  0.0000E+00  0.0000E+00  1.8560E+01 -2.0486E+00 -2.6181E+00  4.4000E+00  3.5024E+01 -3.0624E+01 -2.1967E+00
  3.5000E+01  1.4400E+02  0.0000E+00  3.0000E+00  2.4800E+01  2.0000E+00  0.0000E+00  0.0000E+00  2.1430E+01  4.8756E-01 -2.5072E-01  2.4800E+01  4.1647E+01 -1.6847E+01  1.5600E-01
  3.6000E+01  0.0000E+00  1.0000E+02  1.0000E+00  0.0000E+00  0.0000E+00  1.0000E+00  1.0000E+00  0.0000E+00  0.0000E+00  0.0000E+00  0.0000E+00  0.0000E+00  0.0000E+00  0.0000E+00
  3.6000E+01  0.0000E+00  0.0000E+00  3.0000E+00  1.0870E+02  2.0000E+00  0.0000E+00  0.0000E+00  1.1015E+02 -2.0915E-01  3.7701E-02  1.0870E+02  1.0356E+02  5.1369E+00  2.2962E-01
  3.6000E+01  5.0000E-01  0.0000E+00  2.0000E+00  8.9640E+00  1.0000E+00  0.0000E+00  0.0000E+00  8.9652E+00 -1.2873E-03  2.9403E-01  8.9640E+00  6.9188E+00  2.0452E+00  1.8213E-01
  3.6000E+01  2.0000E+00  0.0000E+00  2.0000E+00  1.5920E+01  1.0000E+00  0.0000E+00  0.0000E+00  1.4127E+01  1.2518E+00  1.4943E+00  1.5920E+01  1.1915E+01  4.0049E+00  1.6659E+00
  3.6000E+01  6.0000E+00  0.0000E+00  2.0000E+00  1.3868E+01  1.0000E+00  0.0000E+00  0.0000E+00  1.3208E+01  4.9311E-01  6.5999E-01  1.3868E+01  1.1534E+01  2.3340E+00  7.4507E-01
  3.6000E+01  1.2000E+01  0.0000E+00  2.0000E+00  1.2123E+01  1.0000E+00  0.0000E+00  0.0000E+00  1.1468E+01  5.6354E-01  6.8517E-01  1.2123E+01  1.0246E+01  1.8773E+00  7.6502E-01
  3.6000E+01  1.2000E+01  0.0000E+00  3.0000E+00  7.9000E+01  2.0000E+00  0.0000E+00  0.0000E+00  7.5038E+01  5.7318E-01  1.0850E+00  7.9000E+01  5.6146E+01  2.2854E+01  8.0450E-01
  3.6000E+01  2.4000E+01  0.0000E+00  2.0000E+00  7.7860E+00  1.0000E+00  0.0000E+00  0.0000E+00  8.6450E+00 -9.8005E-01 -8.9901E-01  7.7860E+00  8.0832E+00 -2.9717E-01 -9.4499E-01
  3.6000E+01  2.4000E+01  0.0000E+00  3.0000E+00  6.1600E+01  2.0000E+00  0.0000E+00  0.0000E+00  5.5038E+01  9.4931E-01  1.4957E+00  6.1600E+01  3.5933E+01  2.5667E+01  1.4015E+00
  3.6000E+01  3.6000E+01  0.0000E+00  3.0000E+00  5.1100E+01  2.0000E+00  0.0000E+00  0.0000E+00  4.4052E+01  1.0196E+00  1.5150E+00  5.1100E+01  2.7781E+01  2.3319E+01  1.5916E+00
  3.6000E+01  4.8000E+01  0.0000E+00  2.0000E+00  4.7370E+00  1.0000E+00  0.0000E+00  0.0000E+00  4.9130E+00 -3.5327E-01 -2.2219E-01  4.7370E+00  5.0311E+00 -2.9410E-01 -2.0623E-01
  3.6000E+01  4.8000E+01  0.0000E+00  3.0000E+00  3.5800E+01  2.0000E+00  0.0000E+00  0.0000E+00  3.8224E+01 -3.5065E-01  7.6556E-02  3.5800E+01  2.4891E+01  1.0909E+01  2.2701E-01
  3.6000E+01  7.2000E+01  0.0000E+00  2.0000E+00  2.3500E+00  1.0000E+00  0.0000E+00  0.0000E+00  2.7920E+00 -1.5615E+00 -1.3265E+00  2.3500E+00  3.1314E+00 -7.8145E-01 -1.0496E+00
  3.6000E+01  7.2000E+01  0.0000E+00  3.0000E+00  2.3200E+01  2.0000E+00  0.0000E+00  0.0000E+00  3.4677E+01 -1.6605E+00 -1.3463E+00  2.3200E+01  2.5423E+01 -2.2232E+00 -1.2189E+00
  3.6000E+01  9.6000E+01  0.0000E+00  2.0000E+00  1.7470E+00  1.0000E+00  0.0000E+00  0.0000E+00  1.5867E+00  9.9632E-01  1.2951E+00  1.7470E+00  1.9491E+00 -2.0207E-01  1.1676E+00
  3.6000E+01  9.6000E+01  0.0000E+00  3.0000E+00  3.4300E+01  2.0000E+00  0.0000E+00  0.0000E+00  3.6517E+01 -3.2078E-01 -7.6845E-02  3.4300E+01  2.9397E+01  4.9027E+00 -4.6676E-02
  3.6000E+01  1.2000E+02  0.0000E+00  2.0000E+00  9.3800E-01  1.0000E+00  0.0000E+00  0.0000E+00  9.0173E-01  3.9672E-01  6.9456E-01  9.3800E-01  1.2131E+00 -2.7513E-01  8.5896E-01
  3.6000E+01  1.2000E+02  0.0000E+00  3.0000E+00  2.9300E+01  2.0000E+00  0.0000E+00  0.0000E+00  4.0943E+01 -1.6845E+00 -1.4858E+00  2.9300E+01  3.5024E+01 -5.7237E+00 -1.5565E+00
  3.6000E+01  1.4400E+02  0.0000E+00  3.0000E+00  6.1600E+01  2.0000E+00  0.0000E+00  0.0000E+00  4.6672E+01  2.1597E+00  2.3213E+00  6.1600E+01  4.1647E+01  1.9953E+01  2.1672E+00
  3.7000E+01  0.0000E+00  1.0000E+02  1.0000E+00  0.0000E+00  0.0000E+00  1.0000E+00  1.0000E+00  0.0000E+00  0.0000E+00  0.0000E+00  0.0000E+00  0.0000E+00  0.0000E+00  0.0000E+00
  3.7000E+01  0.0000E+00  0.0000E+00  3.0000E+00  9.8500E+01  2.0000E+00  0.0000E+00  0.0000E+00  1.0290E+02 -6.3662E-01 -6.5808E-01  9.8500E+01  1.0356E+02 -5.0631E+00 -6.1676E-01
  3.7000E+01  5.0000E-01  0.0000E+00  2.0000E+00  1.2355E+01  1.0000E+00  0.0000E+00  0.0000E+00  1.1790E+01  4.7243E-01  1.3913E+00  1.2355E+01  6.9188E+00  5.4362E+00  1.3965E+00
  3.7000E+01  2.0000E+00  0.0000E+00  2.0000E+00  1.6938E+01  1.0000E+00  0.0000E+00  0.0000E+00  1.4844E+01  1.3916E+00  1.7089E+00  1.6938E+01  1.1915E+01  5.0229E+00  1.7882E+00
  3.7000E+01  6.0000E+00  0.0000E+00  2.0000E+00  1.2471E+01  1.0000E+00  0.0000E+00  0.0000E+00  1.3756E+01 -9.2161E-01 -6.2841E-01  1.2471E+01  1.1534E+01  9.3701E-01 -5.8721E-01
  3.7000E+01  1.2000E+01  0.0000E+00  2.0000E+00  1.2172E+01  1.0000E+00  0.0000E+00  0.0000E+00  1.2221E+01 -3.9281E-02  2.6386E-01  1.2172E+01  1.0246E+01  1.9263E+00  4.5717E-01
  3.7000E+01  1.2000E+01  0.0000E+00  3.0000E+00  6.6900E+01  2.0000E+00  0.0000E+00  0.0000E+00  6.0124E+01  9.8027E-01  1.1295E+00  6.6900E+01  5.6146E+01  1.0754E+01  1.0459E+00
  3.7000E+01  2.4000E+01  0.0000E+00  2.0000E+00  9.5740E+00  1.0000E+00  0.0000E+00  0.0000E+00  9.6444E+00 -7.1954E-02  2.4775E-01  9.5740E+00  8.0832E+00  1.4908E+00  4.0957E-01
  3.7000E+01  2.4000E+01  0.0000E+00  3.0000E+00  4.7900E+01  2.0000E+00  0.0000E+00  0.0000E+00  3.9892E+01  1.1585E+00  1.3158E+00  4.7900E+01  3.5933E+01  1.1967E+01  1.2438E+00
  3.7000E+01  3.6000E+01  0.0000E+00  3.0000E+00  2.1400E+01  2.0000E+00  0.0000E+00  0.0000E+00  3.0534E+01 -1.3215E+00 -1.2105E+00  2.1400E+01  2.7781E+01 -6.3810E+00 -1.2541E+00
  3.7000E+01  4.8000E+01  0.0000E+00  2.0000E+00  6.1420E+00  1.0000E+00  0.0000E+00  0.0000E+00  6.0066E+00  2.2229E-01  5.4955E-01  6.1420E+00  5.0311E+00  1.1109E+00  6.9134E-01
  3.7000E+01  4.8000E+01  0.0000E+00  3.0000E+00  2.0200E+01  2.0000E+00  0.0000E+00  0.0000E+00  2.6458E+01 -9.0538E-01 -8.4555E-01  2.0200E+01  2.4891E+01 -4.6907E+00 -8.6908E-01
  3.7000E+01  7.2000E+01  0.0000E+00  2.0000E+00  3.7660E+00  1.0000E+00  0.0000E+00  0.0000E+00  3.7410E+00  6.5931E-02  3.6005E-01  3.7660E+00  3.1314E+00  6.3455E-01  3.9550E-01
  3.7000E+01  7.2000E+01  0.0000E+00  3.0000E+00  2.3300E+01  2.0000E+00  0.0000E+00  0.0000E+00  2.5289E+01 -2.8778E-01 -3.1286E-01  2.3300E+01  2.5423E+01 -2.1232E+00 -3.1808E-01
  3.7000E+01  9.6000E+01  0.0000E+00  2.0000E+00  2.4000E+00  1.0000E+00  0.0000E+00  0.0000E+00  2.3299E+00  2.9660E-01  5.2634E-01  2.4000E+00  1.9491E+00  4.5093E-01  5.0597E-01
  3.7000E+01  9.6000E+01  0.0000E+00  3.0000E+00  2.6100E+01  2.0000E+00  0.0000E+00  0.0000E+00  2.8137E+01 -2.9472E-01 -3.8874E-01  2.6100E+01  2.9397E+01 -3.2973E+00 -3.8731E-01
  3.7000E+01  1.2000E+02  0.0000E+00  2.0000E+00  1.4760E+00  1.0000E+00  0.0000E+00  0.0000E+00  1.4511E+00  1.6917E-01  3.1954E-01  1.4760E+00  1.2131E+00  2.6287E-01  2.2285E-01
  3.7000E+01  1.2000E+02  0.0000E+00  3.0000E+00  3.4700E+01  2.0000E+00  0.0000E+00  0.0000E+00  3.2869E+01  2.6487E-01  1.0733E-01  3.4700E+01  3.5024E+01 -3.2371E-01  1.1380E-01
  3.7000E+01  1.4400E+02  0.0000E+00  3.0000E+00  4.3100E+01  2.0000E+00  0.0000E+00  0.0000E+00  3.8703E+01  6.3614E-01  4.1890E-01  4.3100E+01  4.1647E+01  1.4534E+00  4.3181E-01
  3.8000E+01  0.0000E+00  1.0000E+02  1.0000E+00  0.0000E+00  0.0000E+00  1.0000E+00  1.0000E+00  0.0000E+00  0.0000E+00  0.0000E+00  0.0000E+00  0.0000E+00  0.0000E+00  0.0000E+00
  3.8000E+01  0.0000E+00  0.0000E+00  3.0000E+00  9.3900E+01  2.0000E+00  0.0000E+00  0.0000E+00  1.0118E+02 -1.0530E+00 -1.2751E+00  9.3900E+01  1.0356E+02 -9.6631E+00 -1.1028E+00
  3.8000E+01  5.0000E-01  0.0000E+00  2.0000E+00  1.1662E+01  1.0000E+00  0.0000E+00  0.0000E+00  1.1291E+01  3.2446E-01  1.1342E+00  1.1662E+01  6.9188E+00  4.7432E+00  1.1665E+00
  3.8000E+01  2.0000E+00  0.0000E+00  2.0000E+00  1.6668E+01  1.0000E+00  0.0000E+00  0.0000E+00  1.5183E+01  9.6445E-01  1.4270E+00  1.6668E+01  1.1915E+01  4.7529E+00  1.5987E+00
  3.8000E+01  6.0000E+00  0.0000E+00  2.0000E+00  1.4366E+01  1.0000E+00  0.0000E+00  0.0000E+00  1.3719E+01  4.6495E-01  7.5731E-01  1.4366E+01  1.1534E+01  2.8320E+00  1.0234E+00
  3.8000E+01  1.2000E+01  0.0000E+00  2.0000E+00  1.0932E+01  1.0000E+00  0.0000E+00  0.0000E+00  1.1657E+01 -6.1321E-01 -4.8472E-01  1.0932E+01  1.0246E+01  6.8632E-01 -4.4204E-01
  3.8000E+01  1.2000E+01  0.0000E+00  3.0000E+00  7.4600E+01  2.0000E+00  0.0000E+00  0.0000E+00  6.4882E+01  1.4059E+00  1.6168E+00  7.4600E+01  5.6146E+01  1.8454E+01  1.3561E+00
  3.8000E+01  2.4000E+01  0.0000E+00  2.0000E+00  8.7780E+00  1.0000E+00  0.0000E+00  0.0000E+00  8.4153E+00  4.2506E-01  3.3255E-01  8.7780E+00  8.0832E+00  6.9483E-01  3.3802E-01
  3.8000E+01  2.4000E+01  0.0000E+00  3.0000E+00  5.2600E+01  2.0000E+00  0.0000E+00  0.0000E+00  4.5646E+01  1.0061E+00  1.3189E+00  5.2600E+01  3.5933E+01  1.6667E+01  1.1193E+00
  3.8000E+01  3.6000E+01  0.0000E+00  3.0000E+00  3.4100E+01  2.0000E+00  0.0000E+00  0.0000E+00  3.5736E+01 -2.3673E-01  5.7724E-02  3.4100E+01  2.7781E+01  6.3190E+00 -4.5379E-02
  3.8000E+01  4.8000E+01  0.0000E+00  2.0000E+00  3.6150E+00  1.0000E+00  0.0000E+00  0.0000E+00  4.3859E+00 -1.7335E+00 -1.9689E+00  3.6150E+00  5.0311E+00 -1.4161E+00 -1.8823E+00
  3.8000E+01  4.8000E+01  0.0000E+00  3.0000E+00  2.7400E+01  2.0000E+00  0.0000E+00  0.0000E+00  3.0895E+01 -5.0561E-01 -2.5404E-01  2.7400E+01  2.4891E+01  2.5093E+00 -3.0252E-01
  3.8000E+01  7.2000E+01  0.0000E+00  2.0000E+00  2.3820E+00  1.0000E+00  0.0000E+00  0.0000E+00  2.2858E+00  4.1495E-01  2.1241E-01  2.3820E+00  3.1314E+00 -7.4945E-01 -5.1351E-02
  3.8000E+01  7.2000E+01  0.0000E+00  3.0000E+00  1.9800E+01  2.0000E+00  0.0000E+00  0.0000E+00  2.8802E+01 -1.3024E+00 -1.1114E+00  1.9800E+01  2.5423E+01 -5.6232E+00 -1.1406E+00
  3.8000E+01  9.6000E+01  0.0000E+00  2.0000E+00  1.3200E+00  1.0000E+00  0.0000E+00  0.0000E+00  1.1913E+00  1.0653E+00  9.1343E-01  1.3200E+00  1.9491E+00 -6.2907E-01  5.5326E-01
  3.8000E+01  9.6000E+01  0.0000E+00  3.0000E+00  2.5300E+01  2.0000E+00  0.0000E+00  0.0000E+00  3.1591E+01 -9.1011E-01 -7.3464E-01  2.5300E+01  2.9397E+01 -4.0973E+00 -7.8424E-01
  3.8000E+01  1.2000E+02  0.0000E+00  2.0000E+00  5.8700E-01  1.0000E+00  0.0000E+00  0.0000E+00  6.2089E-01 -5.3840E-01 -6.5742E-01  5.8700E-01  1.2131E+00 -6.2613E-01  1.6294E-01
  3.8000E+01  1.2000E+02  0.0000E+00  3.0000E+00  3.7200E+01  2.0000E+00  0.0000E+00  0.0000E+00  3.6678E+01  7.5558E-02  2.4831E-01  3.7200E+01  3.5024E+01  2.1763E+00  1.8215E-01
  3.8000E+01  1.4400E+02  0.0000E+00  3.0000E+00  4.8000E+01  2.0000E+00  0.0000E+00  0.0000E+00  4.2852E+01  7.4481E-01  8.9774E-01  4.8000E+01  4.1647E+01  6.3534E+00  8.3091E-01
  3.9000E+01  0.0000E+00  1.0000E+02  1.0000E+00  0.0000E+00  0.0000E+00  1.0000E+00  1.0000E+00  0.0000E+00  0.0000E+00  0.0000E+00  0.0000E+00  0.0000E+00  0.0000E+00  0.0000E+00
  3.9000E+01  0.0000E+00  0.0000E+00  3.0000E+00  1.0060E+02  2.0000E+00  0.0000E+00  0.0000E+00  1.0427E+02 -5.3111E-01 -4.9256E-01  1.0060E+02  1.0356E+02 -2.9631E+00 -4.9629E-01
  3.9000E+01  5.0000E-01  0.0000E+00  2.0000E+00  7.9030E+00  1.0000E+00  0.0000E+00  0.0000E+00  7.8131E+00  1.1348E-01  5.7274E-02  7.9030E+00  6.9188E+00  9.8417E-01  7.3009E-02
  3.9000E+01  2.0000E+00  0.0000E+00  2.0000E+00  1.3385E+01  1.0000E+00  0.0000E+00  0.0000E+00  1.3201E+01  1.3730E-01  1.4772E-01  1.3385E+01  1.1915E+01  1.4699E+00  3.2990E-01
  3.9000E+01  6.0000E+00  0.0000E+00  2.0000E+00  1.0701E+01  1.0000E+00  0.0000E+00  0.0000E+00  1.2398E+01 -1.3498E+00 -1.3014E+00  1.0701E+01  1.1534E+01 -8.3299E-01 -1.2543E+00
  3.9000E+01  1.2000E+01  0.0000E+00  2.0000E+00  1.0793E+01  1.0000E+00  0.0000E+00  0.0000E+00  1.0561E+01  2.1624E-01  3.0651E-01  1.0793E+01  1.0246E+01  5.4732E-01  3.2237E-01
  3.9000E+01  1.2000E+01  0.0000E+00  3.0000E+00  4.9600E+01  2.0000E+00  0.0000E+00  0.0000E+00  4.3744E+01  8.4716E-01  3.3162E-01  4.9600E+01  5.6146E+01 -6.5463E+00  3.4942E-01
  3.9000E+01  2.4000E+01  0.0000E+00  2.0000E+00  8.3440E+00  1.0000E+00  0.0000E+00  0.0000E+00  7.6634E+00  8.7599E-01  1.0197E+00  8.3440E+00  8.0832E+00  2.6083E-01  8.0643E-01
  3.9000E+01  2.4000E+01  0.0000E+00  3.0000E+00  2.1100E+01  2.0000E+00  0.0000E+00  0.0000E+00  2.7473E+01 -9.2200E-01 -1.1870E+00  2.1100E+01  3.5933E+01 -1.4833E+01 -1.0898E+00
  3.9000E+01  3.6000E+01  0.0000E+00  3.0000E+00  2.4000E+01  2.0000E+00  0.0000E+00  0.0000E+00  2.4109E+01 -1.5773E-02 -7.1434E-02  2.4000E+01  2.7781E+01 -3.7810E+00  2.9464E-02
  3.9000E+01  4.8000E+01  0.0000E+00  2.0000E+00  4.1630E+00  1.0000E+00  0.0000E+00  0.0000E+00  4.0347E+00  3.1361E-01  4.4530E-01  4.1630E+00  5.0311E+00 -8.6810E-01  1.2882E-01
  3.9000E+01  4.8000E+01  0.0000E+00  3.0000E+00  1.1500E+01  2.0000E+00  0.0000E+00  0.0000E+00  2.4896E+01 -1.9381E+00 -1.8616E+00  1.1500E+01  2.4891E+01 -1.3391E+01 -1.7821E+00
  3.9000E+01  7.2000E+01  0.0000E+00  2.0000E+00  2.2360E+00  1.0000E+00  0.0000E+00  0.0000E+00  2.1242E+00  5.1887E-01  5.4918E-01  2.2360E+00  3.1314E+00 -8.9545E-01  2.6956E-01
  3.9000E+01  7.2000E+01  0.0000E+00  3.0000E+00  2.2500E+01  2.0000E+00  0.0000E+00  0.0000E+00  3.0880E+01 -1.2124E+00 -9.7139E-01  2.2500E+01  2.5423E+01 -2.9232E+00 -9.0367E-01
  3.9000E+01  9.6000E+01  0.0000E+00  2.0000E+00  1.1310E+00  1.0000E+00  0.0000E+00  0.0000E+00  1.1184E+00  1.1111E-01  3.7830E-02  1.1310E+00  1.9491E+00 -8.1807E-01  1.7624E-01
  3.9000E+01  9.6000E+01  0.0000E+00  3.0000E+00  4.9100E+01  2.0000E+00  0.0000E+00  0.0000E+00  3.9634E+01  1.3695E+00  1.7350E+00  4.9100E+01  2.9397E+01  1.9703E+01  1.8422E+00
  3.9000E+01  1.2000E+02  0.0000E+00  2.0000E+00  5.7600E-01  1.0000E+00  0.0000E+00  0.0000E+00  5.8883E-01 -2.1490E-01 -3.5481E-01  5.7600E-01  1.2131E+00 -6.3713E-01  3.0886E-01
  3.9000E+01  1.2000E+02  0.0000E+00  3.0000E+00  5.4400E+01  2.0000E+00  0.0000E+00  0.0000E+00  4.9755E+01  6.7206E-01  1.1405E+00  5.4400E+01  3.5024E+01  1.9376E+01  1.2871E+00
  3.9000E+01  1.4400E+02  0.0000E+00  3.0000E+00  6.5800E+01  2.0000E+00  0.0000E+00  0.0000E+00  6.0129E+01  8.2041E-01  1.3606E+00  6.5800E+01  4.1647E+01  2.4153E+01  1.4990E+00
  4.0000E+01  0.0000E+00  1.0000E+02  1.0000E+00  0.0000E+00  0.0000E+00  1.0000E+00  1.0000E+00  0.0000E+00  0.0000E+00  0.0000E+00  0.0000E+00  0.0000E+00  0.0000E+00  0.0000E+00
  4.0000E+01  0.0000E+00  0.0000E+00  3.0000E+00  9.4100E+01  2.0000E+00  0.0000E+00  0.0000E+00  1.0249E+02 -1.2145E+00 -1.5360E+00  9.4100E+01  1.0356E+02 -9.4631E+00 -1.2560E+00
  4.0000E+01  5.0000E-01  0.0000E+00  2.0000E+00  6.8720E+00  1.0000E+00  0.0000E+00  0.0000E+00  6.5526E+00  4.8069E-01  4.1335E-01  6.8720E+00  6.9188E+00 -4.6831E-02  2.4518E-01
  4.0000E+01  2.0000E+00  0.0000E+00  2.0000E+00  9.3880E+00  1.0000E+00  0.0000E+00  0.0000E+00  1.1804E+01 -2.0185E+00 -2.0703E+00  9.3880E+00  1.1915E+01 -2.5271E+00 -1.7471E+00
  4.0000E+01  6.0000E+00  0.0000E+00  2.0000E+00  1.0469E+01  1.0000E+00  0.0000E+00  0.0000E+00  1.0779E+01 -2.8325E-01 -4.4589E-01  1.0469E+01  1.1534E+01 -1.0650E+00 -2.0094E-01
  4.0000E+01  1.2000E+01  0.0000E+00  2.0000E+00  9.0180E+00  1.0000E+00  0.0000E+00  0.0000E+00  8.4425E+00  6.7228E-01  3.0271E-01  9.0180E+00  1.0246E+01 -1.2277E+00  1.7601E-01
  4.0000E+01  1.2000E+01  0.0000E+00  3.0000E+00  4.6300E+01  2.0000E+00  0.0000E+00  0.0000E+00  3.9995E+01  9.1214E-01  3.7594E-01  4.6300E+01  5.6146E+01 -9.8463E+00 -2.6181E-03
  4.0000E+01  2.4000E+01  0.0000E+00  2.0000E+00  4.6060E+00  1.0000E+00  0.0000E+00  0.0000E+00  5.1761E+00 -1.0862E+00 -1.7646E+00  4.6060E+00  8.0832E+00 -3.4772E+00 -1.5943E+00
  4.0000E+01  2.4000E+01  0.0000E+00  3.0000E+00  2.1100E+01  2.0000E+00  0.0000E+00  0.0000E+00  2.6123E+01 -7.2668E-01 -9.6881E-01  2.1100E+01  3.5933E+01 -1.4833E+01 -1.1621E+00
  4.0000E+01  3.6000E+01  0.0000E+00  3.0000E+00  2.3900E+01  2.0000E+00  0.0000E+00  0.0000E+00  2.4907E+01 -1.4570E-01 -1.4395E-01  2.3900E+01  2.7781E+01 -3.8810E+00 -2.4038E-01
  4.0000E+01  4.8000E+01  0.0000E+00  2.0000E+00  2.1970E+00  1.0000E+00  0.0000E+00  0.0000E+00  1.9456E+00  1.2744E+00  2.6913E-01  2.1970E+00  5.0311E+00 -2.8341E+00 -5.2020E-01
  4.0000E+01  4.8000E+01  0.0000E+00  3.0000E+00  2.3100E+01  2.0000E+00  0.0000E+00  0.0000E+00  2.7797E+01 -6.7955E-01 -4.4591E-01  2.3100E+01  2.4891E+01 -1.7907E+00 -5.1378E-01
  4.0000E+01  7.2000E+01  0.0000E+00  2.0000E+00  7.6800E-01  1.0000E+00  0.0000E+00  0.0000E+00  7.3132E-01  4.9463E-01 -5.7277E-01  7.6800E-01  3.1314E+00 -2.3634E+00 -2.2168E-01
  4.0000E+01  7.2000E+01  0.0000E+00  3.0000E+00  2.5100E+01  2.0000E+00  0.0000E+00  0.0000E+00  3.8555E+01 -1.9466E+00 -1.2282E+00  2.5100E+01  2.5423E+01 -3.2321E-01 -1.2227E+00
  4.0000E+01  9.6000E+01  0.0000E+00  2.0000E+00  2.7800E-01  1.0000E+00  0.0000E+00  0.0000E+00  2.7489E-01  1.1146E-01 -8.1155E-01  2.7800E-01  1.9491E+00 -1.6711E+00  6.9519E-01
  4.0000E+01  9.6000E+01  0.0000E+00  3.0000E+00  5.3800E+01  2.0000E+00  0.0000E+00  0.0000E+00  5.1917E+01  2.7243E-01  1.3518E+00  5.3800E+01  2.9397E+01  2.4403E+01  1.5223E+00
  4.0000E+01  1.2000E+02  0.0000E+00  2.0000E+00  9.6000E-02  1.0000E+00  0.0000E+00  0.0000E+00  1.0333E-01 -6.9949E-01 -1.3731E+00  9.6000E-02  1.2131E+00 -1.1171E+00  1.7377E+00
  4.0000E+01  1.2000E+02  0.0000E+00  3.0000E+00  7.1900E+01  2.0000E+00  0.0000E+00  0.0000E+00  6.4884E+01  1.0151E+00  2.1879E+00  7.1900E+01  3.5024E+01  3.6876E+01  2.5009E+00
  4.0000E+01  1.4400E+02  0.0000E+00  3.0000E+00  8.6100E+01  2.0000E+00  0.0000E+00  0.0000E+00  7.5753E+01  1.4970E+00  2.5330E+00  8.6100E+01  4.1647E+01  4.4453E+01  2.8243E+00
