TABLE NO.  2
 ID          CL          V           LB          PLMX        EC50        ETA1        ETA2        ETA3        ETA4        ETA5
  1.0000E+00  5.0618E+00  3.9240E+01  5.8310E-01  7.1817E-01  9.3885E-01  0.0000E+00  0.0000E+00 -2.9047E-01 -1.8975E-01  0.0000E+00
  1.0000E+00  5.0618E+00  3.9240E+01  5.8310E-01  7.1817E-01  9.3885E-01  0.0000E+00  0.0000E+00 -2.9047E-01 -1.8975E-01  0.0000E+00
  1.0000E+00  5.0618E+00  3.9240E+01  5.8310E-01  7.1817E-01  9.3885E-01  0.0000E+00  0.0000E+00 -2.9047E-01 -1.8975E-01  0.0000E+00
  1.0000E+00  5.0618E+00  3.9240E+01  5.8310E-01  7.1817E-01  9.3885E-01  0.0000E+00  0.0000E+00 -2.9047E-01 -1.8975E-01  0.0000E+00
  1.0000E+00  5.0618E+00  3.9240E+01  5.8310E-01  7.1817E-01  9.3885E-01  0.0000E+00  0.0000E+00 -2.9047E-01 -1.8975E-01  0.0000E+00
  1.0000E+00  5.0618E+00  3.9240E+01  5.8310E-01  7.1817E-01  9.3885E-01  0.0000E+00  0.0000E+00 -2.9047E-01 -1.8975E-01  0.0000E+00
  1.0000E+00  5.0618E+00  3.9240E+01  5.8310E-01  7.1817E-01  9.3885E-01  0.0000E+00  0.0000E+00 -2.9047E-01 -1.8975E-01  0.0000E+00
  1.0000E+00  5.0618E+00  3.9240E+01  5.8310E-01  7.1817E-01  9.3885E-01  0.0000E+00  0.0000E+00 -2.9047E-01 -1.8975E-01  0.0000E+00
  1.0000E+00  5.0618E+00  3.9240E+01  5.8310E-01  7.1817E-01  9.3885E-01  0.0000E+00  0.0000E+00 -2.9047E-01 -1.8975E-01  0.0000E+00
  2.0000E+00  5.0618E+00  3.9240E+01  8.8958E-01  7.7207E-01  9.3885E-01  0.0000E+00  0.0000E+00  1.6016E-02 -1.1740E-01  0.0000E+00
  2.0000E+00  5.0618E+00  3.9240E+01  8.8958E-01  7.7207E-01  9.3885E-01  0.0000E+00  0.0000E+00  1.6016E-02 -1.1740E-01  0.0000E+00
  2.0000E+00  5.0618E+00  3.9240E+01  8.8958E-01  7.7207E-01  9.3885E-01  0.0000E+00  0.0000E+00  1.6016E-02 -1.1740E-01  0.0000E+00
  2.0000E+00  5.0618E+00  3.9240E+01  8.8958E-01  7.7207E-01  9.3885E-01  0.0000E+00  0.0000E+00  1.6016E-02 -1.1740E-01  0.0000E+00
  2.0000E+00  5.0618E+00  3.9240E+01  8.8958E-01  7.7207E-01  9.3885E-01  0.0000E+00  0.0000E+00  1.6016E-02 -1.1740E-01  0.0000E+00
  2.0000E+00  5.0618E+00  3.9240E+01  8.8958E-01  7.7207E-01  9.3885E-01  0.0000E+00  0.0000E+00  1.6016E-02 -1.1740E-01  0.0000E+00
  2.0000E+00  5.0618E+00  3.9240E+01  8.8958E-01  7.7207E-01  9.3885E-01  0.0000E+00  0.0000E+00  1.6016E-02 -1.1740E-01  0.0000E+00
  2.0000E+00  5.0618E+00  3.9240E+01  8.8958E-01  7.7207E-01  9.3885E-01  0.0000E+00  0.0000E+00  1.6016E-02 -1.1740E-01  0.0000E+00
  2.0000E+00  5.0618E+00  3.9240E+01  8.8958E-01  7.7207E-01  9.3885E-01  0.0000E+00  0.0000E+00  1.6016E-02 -1.1740E-01  0.0000E+00
  3.0000E+00  5.0618E+00  3.9240E+01  9.4568E-01  8.4582E-01  9.3885E-01  0.0000E+00  0.0000E+00  7.2112E-02 -2.6162E-02  0.0000E+00
  3.0000E+00  5.0618E+00  3.9240E+01  9.4568E-01  8.4582E-01  9.3885E-01  0.0000E+00  0.0000E+00  7.2112E-02 -2.6162E-02  0.0000E+00
  3.0000E+00  5.0618E+00  3.9240E+01  9.4568E-01  8.4582E-01  9.3885E-01  0.0000E+00  0.0000E+00  7.2112E-02 -2.6162E-02  0.0000E+00
  3.0000E+00  5.0618E+00  3.9240E+01  9.4568E-01  8.4582E-01  9.3885E-01  0.0000E+00  0.0000E+00  7.2112E-02 -2.6162E-02  0.0000E+00
  3.0000E+00  5.0618E+00  3.9240E+01  9.4568E-01  8.4582E-01  9.3885E-01  0.0000E+00  0.0000E+00  7.2112E-02 -2.6162E-02  0.0000E+00
  3.0000E+00  5.0618E+00  3.9240E+01  9.4568E-01  8.4582E-01  9.3885E-01  0.0000E+00  0.0000E+00  7.2112E-02 -2.6162E-02  0.0000E+00
  3.0000E+00  5.0618E+00  3.9240E+01  9.4568E-01  8.4582E-01  9.3885E-01  0.0000E+00  0.0000E+00  7.2112E-02 -2.6162E-02  0.0000E+00
  3.0000E+00  5.0618E+00  3.9240E+01  9.4568E-01  8.4582E-01  9.3885E-01  0.0000E+00  0.0000E+00  7.2112E-02 -2.6162E-02  0.0000E+00
  3.0000E+00  5.0618E+00  3.9240E+01  9.4568E-01  8.4582E-01  9.3885E-01  0.0000E+00  0.0000E+00  7.2112E-02 -2.6162E-02  0.0000E+00
  4.0000E+00  5.0618E+00  3.9240E+01  5.5670E-01  1.8032E+00  9.3885E-01  0.0000E+00  0.0000E+00 -3.1687E-01  7.3083E-01  0.0000E+00
  4.0000E+00  5.0618E+00  3.9240E+01  5.5670E-01  1.8032E+00  9.3885E-01  0.0000E+00  0.0000E+00 -3.1687E-01  7.3083E-01  0.0000E+00
  4.0000E+00  5.0618E+00  3.9240E+01  5.5670E-01  1.8032E+00  9.3885E-01  0.0000E+00  0.0000E+00 -3.1687E-01  7.3083E-01  0.0000E+00
  4.0000E+00  5.0618E+00  3.9240E+01  5.5670E-01  1.8032E+00  9.3885E-01  0.0000E+00  0.0000E+00 -3.1687E-01  7.3083E-01  0.0000E+00
  4.0000E+00  5.0618E+00  3.9240E+01  5.5670E-01  1.8032E+00  9.3885E-01  0.0000E+00  0.0000E+00 -3.1687E-01  7.3083E-01  0.0000E+00
  4.0000E+00  5.0618E+00  3.9240E+01  5.5670E-01  1.8032E+00  9.3885E-01  0.0000E+00  0.0000E+00 -3.1687E-01  7.3083E-01  0.0000E+00
  4.0000E+00  5.0618E+00  3.9240E+01  5.5670E-01  1.8032E+00  9.3885E-01  0.0000E+00  0.0000E+00 -3.1687E-01  7.3083E-01  0.0000E+00
  4.0000E+00  5.0618E+00  3.9240E+01  5.5670E-01  1.8032E+00  9.3885E-01  0.0000E+00  0.0000E+00 -3.1687E-01  7.3083E-01  0.0000E+00
  4.0000E+00  5.0618E+00  3.9240E+01  5.5670E-01  1.8032E+00  9.3885E-01  0.0000E+00  0.0000E+00 -3.1687E-01  7.3083E-01  0.0000E+00
  5.0000E+00  5.0618E+00  3.9240E+01  6.4197E-01  6.6239E-01  9.3885E-01  0.0000E+00  0.0000E+00 -2.3160E-01 -2.7061E-01  0.0000E+00
  5.0000E+00  5.0618E+00  3.9240E+01  6.4197E-01  6.6239E-01  9.3885E-01  0.0000E+00  0.0000E+00 -2.3160E-01 -2.7061E-01  0.0000E+00
  5.0000E+00  5.0618E+00  3.9240E+01  6.4197E-01  6.6239E-01  9.3885E-01  0.0000E+00  0.0000E+00 -2.3160E-01 -2.7061E-01  0.0000E+00
  5.0000E+00  5.0618E+00  3.9240E+01  6.4197E-01  6.6239E-01  9.3885E-01  0.0000E+00  0.0000E+00 -2.3160E-01 -2.7061E-01  0.0000E+00
  5.0000E+00  5.0618E+00  3.9240E+01  6.4197E-01  6.6239E-01  9.3885E-01  0.0000E+00  0.0000E+00 -2.3160E-01 -2.7061E-01  0.0000E+00
  5.0000E+00  5.0618E+00  3.9240E+01  6.4197E-01  6.6239E-01  9.3885E-01  0.0000E+00  0.0000E+00 -2.3160E-01 -2.7061E-01  0.0000E+00
  5.0000E+00  5.0618E+00  3.9240E+01  6.4197E-01  6.6239E-01  9.3885E-01  0.0000E+00  0.0000E+00 -2.3160E-01 -2.7061E-01  0.0000E+00
  5.0000E+00  5.0618E+00  3.9240E+01  6.4197E-01  6.6239E-01  9.3885E-01  0.0000E+00  0.0000E+00 -2.3160E-01 -2.7061E-01  0.0000E+00
  5.0000E+00  5.0618E+00  3.9240E+01  6.4197E-01  6.6239E-01  9.3885E-01  0.0000E+00  0.0000E+00 -2.3160E-01 -2.7061E-01  0.0000E+00
  6.0000E+00  5.0618E+00  3.9240E+01  4.0032E-01  6.4047E-01  9.3885E-01  0.0000E+00  0.0000E+00 -4.7324E-01 -3.0426E-01  0.0000E+00
  6.0000E+00  5.0618E+00  3.9240E+01  4.0032E-01  6.4047E-01  9.3885E-01  0.0000E+00  0.0000E+00 -4.7324E-01 -3.0426E-01  0.0000E+00
  6.0000E+00  5.0618E+00  3.9240E+01  4.0032E-01  6.4047E-01  9.3885E-01  0.0000E+00  0.0000E+00 -4.7324E-01 -3.0426E-01  0.0000E+00
  6.0000E+00  5.0618E+00  3.9240E+01  4.0032E-01  6.4047E-01  9.3885E-01  0.0000E+00  0.0000E+00 -4.7324E-01 -3.0426E-01  0.0000E+00
  6.0000E+00  5.0618E+00  3.9240E+01  4.0032E-01  6.4047E-01  9.3885E-01  0.0000E+00  0.0000E+00 -4.7324E-01 -3.0426E-01  0.0000E+00
  6.0000E+00  5.0618E+00  3.9240E+01  4.0032E-01  6.4047E-01  9.3885E-01  0.0000E+00  0.0000E+00 -4.7324E-01 -3.0426E-01  0.0000E+00
  6.0000E+00  5.0618E+00  3.9240E+01  4.0032E-01  6.4047E-01  9.3885E-01  0.0000E+00  0.0000E+00 -4.7324E-01 -3.0426E-01  0.0000E+00
  6.0000E+00  5.0618E+00  3.9240E+01  4.0032E-01  6.4047E-01  9.3885E-01  0.0000E+00  0.0000E+00 -4.7324E-01 -3.0426E-01  0.0000E+00
  6.0000E+00  5.0618E+00  3.9240E+01  4.0032E-01  6.4047E-01  9.3885E-01  0.0000E+00  0.0000E+00 -4.7324E-01 -3.0426E-01  0.0000E+00
  7.0000E+00  5.0618E+00  3.9240E+01  1.0908E+00  7.3185E-01  9.3885E-01  0.0000E+00  0.0000E+00  2.1719E-01 -1.7089E-01  0.0000E+00
  7.0000E+00  5.0618E+00  3.9240E+01  1.0908E+00  7.3185E-01  9.3885E-01  0.0000E+00  0.0000E+00  2.1719E-01 -1.7089E-01  0.0000E+00
  7.0000E+00  5.0618E+00  3.9240E+01  1.0908E+00  7.3185E-01  9.3885E-01  0.0000E+00  0.0000E+00  2.1719E-01 -1.7089E-01  0.0000E+00
  7.0000E+00  5.0618E+00  3.9240E+01  1.0908E+00  7.3185E-01  9.3885E-01  0.0000E+00  0.0000E+00  2.1719E-01 -1.7089E-01  0.0000E+00
  7.0000E+00  5.0618E+00  3.9240E+01  1.0908E+00  7.3185E-01  9.3885E-01  0.0000E+00  0.0000E+00  2.1719E-01 -1.7089E-01  0.0000E+00
  7.0000E+00  5.0618E+00  3.9240E+01  1.0908E+00  7.3185E-01  9.3885E-01  0.0000E+00  0.0000E+00  2.1719E-01 -1.7089E-01  0.0000E+00
  7.0000E+00  5.0618E+00  3.9240E+01  1.0908E+00  7.3185E-01  9.3885E-01  0.0000E+00  0.0000E+00  2.1719E-01 -1.7089E-01  0.0000E+00
  7.0000E+00  5.0618E+00  3.9240E+01  1.0908E+00  7.3185E-01  9.3885E-01  0.0000E+00  0.0000E+00  2.1719E-01 -1.7089E-01  0.0000E+00
  7.0000E+00  5.0618E+00  3.9240E+01  1.0908E+00  7.3185E-01  9.3885E-01  0.0000E+00  0.0000E+00  2.1719E-01 -1.7089E-01  0.0000E+00
  8.0000E+00  5.0618E+00  3.9240E+01  7.3620E-01  8.7316E-01  9.3885E-01  0.0000E+00  0.0000E+00 -1.3736E-01  5.6556E-03  0.0000E+00
  8.0000E+00  5.0618E+00  3.9240E+01  7.3620E-01  8.7316E-01  9.3885E-01  0.0000E+00  0.0000E+00 -1.3736E-01  5.6556E-03  0.0000E+00
  8.0000E+00  5.0618E+00  3.9240E+01  7.3620E-01  8.7316E-01  9.3885E-01  0.0000E+00  0.0000E+00 -1.3736E-01  5.6556E-03  0.0000E+00
  8.0000E+00  5.0618E+00  3.9240E+01  7.3620E-01  8.7316E-01  9.3885E-01  0.0000E+00  0.0000E+00 -1.3736E-01  5.6556E-03  0.0000E+00
  8.0000E+00  5.0618E+00  3.9240E+01  7.3620E-01  8.7316E-01  9.3885E-01  0.0000E+00  0.0000E+00 -1.3736E-01  5.6556E-03  0.0000E+00
  8.0000E+00  5.0618E+00  3.9240E+01  7.3620E-01  8.7316E-01  9.3885E-01  0.0000E+00  0.0000E+00 -1.3736E-01  5.6556E-03  0.0000E+00
  8.0000E+00  5.0618E+00  3.9240E+01  7.3620E-01  8.7316E-01  9.3885E-01  0.0000E+00  0.0000E+00 -1.3736E-01  5.6556E-03  0.0000E+00
  8.0000E+00  5.0618E+00  3.9240E+01  7.3620E-01  8.7316E-01  9.3885E-01  0.0000E+00  0.0000E+00 -1.3736E-01  5.6556E-03  0.0000E+00
  8.0000E+00  5.0618E+00  3.9240E+01  7.3620E-01  8.7316E-01  9.3885E-01  0.0000E+00  0.0000E+00 -1.3736E-01  5.6556E-03  0.0000E+00
  9.0000E+00  5.0618E+00  3.9240E+01  8.6626E-01  6.4689E-01  9.3885E-01  0.0000E+00  0.0000E+00 -7.3106E-03 -2.9429E-01  0.0000E+00
  9.0000E+00  5.0618E+00  3.9240E+01  8.6626E-01  6.4689E-01  9.3885E-01  0.0000E+00  0.0000E+00 -7.3106E-03 -2.9429E-01  0.0000E+00
  9.0000E+00  5.0618E+00  3.9240E+01  8.6626E-01  6.4689E-01  9.3885E-01  0.0000E+00  0.0000E+00 -7.3106E-03 -2.9429E-01  0.0000E+00
  9.0000E+00  5.0618E+00  3.9240E+01  8.6626E-01  6.4689E-01  9.3885E-01  0.0000E+00  0.0000E+00 -7.3106E-03 -2.9429E-01  0.0000E+00
  9.0000E+00  5.0618E+00  3.9240E+01  8.6626E-01  6.4689E-01  9.3885E-01  0.0000E+00  0.0000E+00 -7.3106E-03 -2.9429E-01  0.0000E+00
  9.0000E+00  5.0618E+00  3.9240E+01  8.6626E-01  6.4689E-01  9.3885E-01  0.0000E+00  0.0000E+00 -7.3106E-03 -2.9429E-01  0.0000E+00
  9.0000E+00  5.0618E+00  3.9240E+01  8.6626E-01  6.4689E-01  9.3885E-01  0.0000E+00  0.0000E+00 -7.3106E-03 -2.9429E-01  0.0000E+00
  9.0000E+00  5.0618E+00  3.9240E+01  8.6626E-01  6.4689E-01  9.3885E-01  0.0000E+00  0.0000E+00 -7.3106E-03 -2.9429E-01  0.0000E+00
  9.0000E+00  5.0618E+00  3.9240E+01  8.6626E-01  6.4689E-01  9.3885E-01  0.0000E+00  0.0000E+00 -7.3106E-03 -2.9429E-01  0.0000E+00
  1.0000E+01  5.0618E+00  3.9240E+01  1.0420E+00  1.2536E+00  9.3885E-01  0.0000E+00  0.0000E+00  1.6841E-01  3.6729E-01  0.0000E+00
  1.0000E+01  5.0618E+00  3.9240E+01  1.0420E+00  1.2536E+00  9.3885E-01  0.0000E+00  0.0000E+00  1.6841E-01  3.6729E-01  0.0000E+00
  1.0000E+01  5.0618E+00  3.9240E+01  1.0420E+00  1.2536E+00  9.3885E-01  0.0000E+00  0.0000E+00  1.6841E-01  3.6729E-01  0.0000E+00
  1.0000E+01  5.0618E+00  3.9240E+01  1.0420E+00  1.2536E+00  9.3885E-01  0.0000E+00  0.0000E+00  1.6841E-01  3.6729E-01  0.0000E+00
  1.0000E+01  5.0618E+00  3.9240E+01  1.0420E+00  1.2536E+00  9.3885E-01  0.0000E+00  0.0000E+00  1.6841E-01  3.6729E-01  0.0000E+00
  1.0000E+01  5.0618E+00  3.9240E+01  1.0420E+00  1.2536E+00  9.3885E-01  0.0000E+00  0.0000E+00  1.6841E-01  3.6729E-01  0.0000E+00
  1.0000E+01  5.0618E+00  3.9240E+01  1.0420E+00  1.2536E+00  9.3885E-01  0.0000E+00  0.0000E+00  1.6841E-01  3.6729E-01  0.0000E+00
  1.0000E+01  5.0618E+00  3.9240E+01  1.0420E+00  1.2536E+00  9.3885E-01  0.0000E+00  0.0000E+00  1.6841E-01  3.6729E-01  0.0000E+00
  1.0000E+01  5.0618E+00  3.9240E+01  1.0420E+00  1.2536E+00  9.3885E-01  0.0000E+00  0.0000E+00  1.6841E-01  3.6729E-01  0.0000E+00
  1.1000E+01  5.0618E+00  3.9240E+01  1.2891E+00  7.6641E-01  9.3885E-01  0.0000E+00  0.0000E+00  4.1554E-01 -1.2475E-01  0.0000E+00
  1.1000E+01  5.0618E+00  3.9240E+01  1.2891E+00  7.6641E-01  9.3885E-01  0.0000E+00  0.0000E+00  4.1554E-01 -1.2475E-01  0.0000E+00
  1.1000E+01  5.0618E+00  3.9240E+01  1.2891E+00  7.6641E-01  9.3885E-01  0.0000E+00  0.0000E+00  4.1554E-01 -1.2475E-01  0.0000E+00
  1.1000E+01  5.0618E+00  3.9240E+01  1.2891E+00  7.6641E-01  9.3885E-01  0.0000E+00  0.0000E+00  4.1554E-01 -1.2475E-01  0.0000E+00
  1.1000E+01  5.0618E+00  3.9240E+01  1.2891E+00  7.6641E-01  9.3885E-01  0.0000E+00  0.0000E+00  4.1554E-01 -1.2475E-01  0.0000E+00
  1.1000E+01  5.0618E+00  3.9240E+01  1.2891E+00  7.6641E-01  9.3885E-01  0.0000E+00  0.0000E+00  4.1554E-01 -1.2475E-01  0.0000E+00
  1.1000E+01  5.0618E+00  3.9240E+01  1.2891E+00  7.6641E-01  9.3885E-01  0.0000E+00  0.0000E+00  4.1554E-01 -1.2475E-01  0.0000E+00
  1.1000E+01  5.0618E+00  3.9240E+01  1.2891E+00  7.6641E-01  9.3885E-01  0.0000E+00  0.0000E+00  4.1554E-01 -1.2475E-01  0.0000E+00
  1.1000E+01  5.0618E+00  3.9240E+01  1.2891E+00  7.6641E-01  9.3885E-01  0.0000E+00  0.0000E+00  4.1554E-01 -1.2475E-01  0.0000E+00
  1.2000E+01  5.0618E+00  3.9240E+01  7.9987E-01  8.4505E-01  9.3885E-01  0.0000E+00  0.0000E+00 -7.3700E-02 -2.7070E-02  0.0000E+00
  1.2000E+01  5.0618E+00  3.9240E+01  7.9987E-01  8.4505E-01  9.3885E-01  0.0000E+00  0.0000E+00 -7.3700E-02 -2.7070E-02  0.0000E+00
  1.2000E+01  5.0618E+00  3.9240E+01  7.9987E-01  8.4505E-01  9.3885E-01  0.0000E+00  0.0000E+00 -7.3700E-02 -2.7070E-02  0.0000E+00
  1.2000E+01  5.0618E+00  3.9240E+01  7.9987E-01  8.4505E-01  9.3885E-01  0.0000E+00  0.0000E+00 -7.3700E-02 -2.7070E-02  0.0000E+00
  1.2000E+01  5.0618E+00  3.9240E+01  7.9987E-01  8.4505E-01  9.3885E-01  0.0000E+00  0.0000E+00 -7.3700E-02 -2.7070E-02  0.0000E+00
  1.2000E+01  5.0618E+00  3.9240E+01  7.9987E-01  8.4505E-01  9.3885E-01  0.0000E+00  0.0000E+00 -7.3700E-02 -2.7070E-02  0.0000E+00
  1.2000E+01  5.0618E+00  3.9240E+01  7.9987E-01  8.4505E-01  9.3885E-01  0.0000E+00  0.0000E+00 -7.3700E-02 -2.7070E-02  0.0000E+00
  1.2000E+01  5.0618E+00  3.9240E+01  7.9987E-01  8.4505E-01  9.3885E-01  0.0000E+00  0.0000E+00 -7.3700E-02 -2.7070E-02  0.0000E+00
  1.2000E+01  5.0618E+00  3.9240E+01  7.9987E-01  8.4505E-01  9.3885E-01  0.0000E+00  0.0000E+00 -7.3700E-02 -2.7070E-02  0.0000E+00
  1.3000E+01  5.0618E+00  3.9240E+01  1.1322E+00  5.9059E-01  9.3885E-01  0.0000E+00  0.0000E+00  2.5863E-01 -3.8535E-01  0.0000E+00
  1.3000E+01  5.0618E+00  3.9240E+01  1.1322E+00  5.9059E-01  9.3885E-01  0.0000E+00  0.0000E+00  2.5863E-01 -3.8535E-01  0.0000E+00
  1.3000E+01  5.0618E+00  3.9240E+01  1.1322E+00  5.9059E-01  9.3885E-01  0.0000E+00  0.0000E+00  2.5863E-01 -3.8535E-01  0.0000E+00
  1.3000E+01  5.0618E+00  3.9240E+01  1.1322E+00  5.9059E-01  9.3885E-01  0.0000E+00  0.0000E+00  2.5863E-01 -3.8535E-01  0.0000E+00
  1.3000E+01  5.0618E+00  3.9240E+01  1.1322E+00  5.9059E-01  9.3885E-01  0.0000E+00  0.0000E+00  2.5863E-01 -3.8535E-01  0.0000E+00
  1.3000E+01  5.0618E+00  3.9240E+01  1.1322E+00  5.9059E-01  9.3885E-01  0.0000E+00  0.0000E+00  2.5863E-01 -3.8535E-01  0.0000E+00
  1.3000E+01  5.0618E+00  3.9240E+01  1.1322E+00  5.9059E-01  9.3885E-01  0.0000E+00  0.0000E+00  2.5863E-01 -3.8535E-01  0.0000E+00
  1.3000E+01  5.0618E+00  3.9240E+01  1.1322E+00  5.9059E-01  9.3885E-01  0.0000E+00  0.0000E+00  2.5863E-01 -3.8535E-01  0.0000E+00
  1.3000E+01  5.0618E+00  3.9240E+01  1.1322E+00  5.9059E-01  9.3885E-01  0.0000E+00  0.0000E+00  2.5863E-01 -3.8535E-01  0.0000E+00
  1.4000E+01  5.0618E+00  3.9240E+01  1.1509E+00  5.4507E-01  9.3885E-01  0.0000E+00  0.0000E+00  2.7731E-01 -4.6554E-01  0.0000E+00
  1.4000E+01  5.0618E+00  3.9240E+01  1.1509E+00  5.4507E-01  9.3885E-01  0.0000E+00  0.0000E+00  2.7731E-01 -4.6554E-01  0.0000E+00
  1.4000E+01  5.0618E+00  3.9240E+01  1.1509E+00  5.4507E-01  9.3885E-01  0.0000E+00  0.0000E+00  2.7731E-01 -4.6554E-01  0.0000E+00
  1.4000E+01  5.0618E+00  3.9240E+01  1.1509E+00  5.4507E-01  9.3885E-01  0.0000E+00  0.0000E+00  2.7731E-01 -4.6554E-01  0.0000E+00
  1.4000E+01  5.0618E+00  3.9240E+01  1.1509E+00  5.4507E-01  9.3885E-01  0.0000E+00  0.0000E+00  2.7731E-01 -4.6554E-01  0.0000E+00
  1.4000E+01  5.0618E+00  3.9240E+01  1.1509E+00  5.4507E-01  9.3885E-01  0.0000E+00  0.0000E+00  2.7731E-01 -4.6554E-01  0.0000E+00
  1.4000E+01  5.0618E+00  3.9240E+01  1.1509E+00  5.4507E-01  9.3885E-01  0.0000E+00  0.0000E+00  2.7731E-01 -4.6554E-01  0.0000E+00
  1.4000E+01  5.0618E+00  3.9240E+01  1.1509E+00  5.4507E-01  9.3885E-01  0.0000E+00  0.0000E+00  2.7731E-01 -4.6554E-01  0.0000E+00
  1.4000E+01  5.0618E+00  3.9240E+01  1.1509E+00  5.4507E-01  9.3885E-01  0.0000E+00  0.0000E+00  2.7731E-01 -4.6554E-01  0.0000E+00
  1.5000E+01  5.0618E+00  3.9240E+01  5.3855E-01  1.1611E+00  9.3885E-01  0.0000E+00  0.0000E+00 -3.3501E-01  2.9069E-01  0.0000E+00
  1.5000E+01  5.0618E+00  3.9240E+01  5.3855E-01  1.1611E+00  9.3885E-01  0.0000E+00  0.0000E+00 -3.3501E-01  2.9069E-01  0.0000E+00
  1.5000E+01  5.0618E+00  3.9240E+01  5.3855E-01  1.1611E+00  9.3885E-01  0.0000E+00  0.0000E+00 -3.3501E-01  2.9069E-01  0.0000E+00
  1.5000E+01  5.0618E+00  3.9240E+01  5.3855E-01  1.1611E+00  9.3885E-01  0.0000E+00  0.0000E+00 -3.3501E-01  2.9069E-01  0.0000E+00
  1.5000E+01  5.0618E+00  3.9240E+01  5.3855E-01  1.1611E+00  9.3885E-01  0.0000E+00  0.0000E+00 -3.3501E-01  2.9069E-01  0.0000E+00
  1.5000E+01  5.0618E+00  3.9240E+01  5.3855E-01  1.1611E+00  9.3885E-01  0.0000E+00  0.0000E+00 -3.3501E-01  2.9069E-01  0.0000E+00
  1.5000E+01  5.0618E+00  3.9240E+01  5.3855E-01  1.1611E+00  9.3885E-01  0.0000E+00  0.0000E+00 -3.3501E-01  2.9069E-01  0.0000E+00
  1.5000E+01  5.0618E+00  3.9240E+01  5.3855E-01  1.1611E+00  9.3885E-01  0.0000E+00  0.0000E+00 -3.3501E-01  2.9069E-01  0.0000E+00
  1.5000E+01  5.0618E+00  3.9240E+01  5.3855E-01  1.1611E+00  9.3885E-01  0.0000E+00  0.0000E+00 -3.3501E-01  2.9069E-01  0.0000E+00
  1.6000E+01  5.0618E+00  3.9240E+01  7.1345E-01  6.7280E-01  9.3885E-01  0.0000E+00  0.0000E+00 -1.6012E-01 -2.5502E-01  0.0000E+00
  1.6000E+01  5.0618E+00  3.9240E+01  7.1345E-01  6.7280E-01  9.3885E-01  0.0000E+00  0.0000E+00 -1.6012E-01 -2.5502E-01  0.0000E+00
  1.6000E+01  5.0618E+00  3.9240E+01  7.1345E-01  6.7280E-01  9.3885E-01  0.0000E+00  0.0000E+00 -1.6012E-01 -2.5502E-01  0.0000E+00
  1.6000E+01  5.0618E+00  3.9240E+01  7.1345E-01  6.7280E-01  9.3885E-01  0.0000E+00  0.0000E+00 -1.6012E-01 -2.5502E-01  0.0000E+00
  1.6000E+01  5.0618E+00  3.9240E+01  7.1345E-01  6.7280E-01  9.3885E-01  0.0000E+00  0.0000E+00 -1.6012E-01 -2.5502E-01  0.0000E+00
  1.6000E+01  5.0618E+00  3.9240E+01  7.1345E-01  6.7280E-01  9.3885E-01  0.0000E+00  0.0000E+00 -1.6012E-01 -2.5502E-01  0.0000E+00
  1.6000E+01  5.0618E+00  3.9240E+01  7.1345E-01  6.7280E-01  9.3885E-01  0.0000E+00  0.0000E+00 -1.6012E-01 -2.5502E-01  0.0000E+00
  1.6000E+01  5.0618E+00  3.9240E+01  7.1345E-01  6.7280E-01  9.3885E-01  0.0000E+00  0.0000E+00 -1.6012E-01 -2.5502E-01  0.0000E+00
  1.6000E+01  5.0618E+00  3.9240E+01  7.1345E-01  6.7280E-01  9.3885E-01  0.0000E+00  0.0000E+00 -1.6012E-01 -2.5502E-01  0.0000E+00
  1.7000E+01  5.0618E+00  3.9240E+01  5.5194E-01  8.8532E-01  9.3885E-01  0.0000E+00  0.0000E+00 -3.2162E-01  1.9479E-02  0.0000E+00
  1.7000E+01  5.0618E+00  3.9240E+01  5.5194E-01  8.8532E-01  9.3885E-01  0.0000E+00  0.0000E+00 -3.2162E-01  1.9479E-02  0.0000E+00
  1.7000E+01  5.0618E+00  3.9240E+01  5.5194E-01  8.8532E-01  9.3885E-01  0.0000E+00  0.0000E+00 -3.2162E-01  1.9479E-02  0.0000E+00
  1.7000E+01  5.0618E+00  3.9240E+01  5.5194E-01  8.8532E-01  9.3885E-01  0.0000E+00  0.0000E+00 -3.2162E-01  1.9479E-02  0.0000E+00
  1.7000E+01  5.0618E+00  3.9240E+01  5.5194E-01  8.8532E-01  9.3885E-01  0.0000E+00  0.0000E+00 -3.2162E-01  1.9479E-02  0.0000E+00
  1.7000E+01  5.0618E+00  3.9240E+01  5.5194E-01  8.8532E-01  9.3885E-01  0.0000E+00  0.0000E+00 -3.2162E-01  1.9479E-02  0.0000E+00
  1.7000E+01  5.0618E+00  3.9240E+01  5.5194E-01  8.8532E-01  9.3885E-01  0.0000E+00  0.0000E+00 -3.2162E-01  1.9479E-02  0.0000E+00
  1.7000E+01  5.0618E+00  3.9240E+01  5.5194E-01  8.8532E-01  9.3885E-01  0.0000E+00  0.0000E+00 -3.2162E-01  1.9479E-02  0.0000E+00
  1.7000E+01  5.0618E+00  3.9240E+01  5.5194E-01  8.8532E-01  9.3885E-01  0.0000E+00  0.0000E+00 -3.2162E-01  1.9479E-02  0.0000E+00
  1.8000E+01  5.0618E+00  3.9240E+01  5.2634E-01  1.0858E+00  9.3885E-01  0.0000E+00  0.0000E+00 -3.4723E-01  2.2357E-01  0.0000E+00
  1.8000E+01  5.0618E+00  3.9240E+01  5.2634E-01  1.0858E+00  9.3885E-01  0.0000E+00  0.0000E+00 -3.4723E-01  2.2357E-01  0.0000E+00
  1.8000E+01  5.0618E+00  3.9240E+01  5.2634E-01  1.0858E+00  9.3885E-01  0.0000E+00  0.0000E+00 -3.4723E-01  2.2357E-01  0.0000E+00
  1.8000E+01  5.0618E+00  3.9240E+01  5.2634E-01  1.0858E+00  9.3885E-01  0.0000E+00  0.0000E+00 -3.4723E-01  2.2357E-01  0.0000E+00
  1.8000E+01  5.0618E+00  3.9240E+01  5.2634E-01  1.0858E+00  9.3885E-01  0.0000E+00  0.0000E+00 -3.4723E-01  2.2357E-01  0.0000E+00
  1.8000E+01  5.0618E+00  3.9240E+01  5.2634E-01  1.0858E+00  9.3885E-01  0.0000E+00  0.0000E+00 -3.4723E-01  2.2357E-01  0.0000E+00
  1.8000E+01  5.0618E+00  3.9240E+01  5.2634E-01  1.0858E+00  9.3885E-01  0.0000E+00  0.0000E+00 -3.4723E-01  2.2357E-01  0.0000E+00
  1.8000E+01  5.0618E+00  3.9240E+01  5.2634E-01  1.0858E+00  9.3885E-01  0.0000E+00  0.0000E+00 -3.4723E-01  2.2357E-01  0.0000E+00
  1.8000E+01  5.0618E+00  3.9240E+01  5.2634E-01  1.0858E+00  9.3885E-01  0.0000E+00  0.0000E+00 -3.4723E-01  2.2357E-01  0.0000E+00
  1.9000E+01  5.0618E+00  3.9240E+01  7.5179E-01  9.5741E-01  9.3885E-01  0.0000E+00  0.0000E+00 -1.2177E-01  9.7760E-02  0.0000E+00
  1.9000E+01  5.0618E+00  3.9240E+01  7.5179E-01  9.5741E-01  9.3885E-01  0.0000E+00  0.0000E+00 -1.2177E-01  9.7760E-02  0.0000E+00
  1.9000E+01  5.0618E+00  3.9240E+01  7.5179E-01  9.5741E-01  9.3885E-01  0.0000E+00  0.0000E+00 -1.2177E-01  9.7760E-02  0.0000E+00
  1.9000E+01  5.0618E+00  3.9240E+01  7.5179E-01  9.5741E-01  9.3885E-01  0.0000E+00  0.0000E+00 -1.2177E-01  9.7760E-02  0.0000E+00
  1.9000E+01  5.0618E+00  3.9240E+01  7.5179E-01  9.5741E-01  9.3885E-01  0.0000E+00  0.0000E+00 -1.2177E-01  9.7760E-02  0.0000E+00
  1.9000E+01  5.0618E+00  3.9240E+01  7.5179E-01  9.5741E-01  9.3885E-01  0.0000E+00  0.0000E+00 -1.2177E-01  9.7760E-02  0.0000E+00
  1.9000E+01  5.0618E+00  3.9240E+01  7.5179E-01  9.5741E-01  9.3885E-01  0.0000E+00  0.0000E+00 -1.2177E-01  9.7760E-02  0.0000E+00
  1.9000E+01  5.0618E+00  3.9240E+01  7.5179E-01  9.5741E-01  9.3885E-01  0.0000E+00  0.0000E+00 -1.2177E-01  9.7760E-02  0.0000E+00
  1.9000E+01  5.0618E+00  3.9240E+01  7.5179E-01  9.5741E-01  9.3885E-01  0.0000E+00  0.0000E+00 -1.2177E-01  9.7760E-02  0.0000E+00
  2.0000E+01  5.0618E+00  3.9240E+01  1.1196E+00  7.2615E-01  9.3885E-01  0.0000E+00  0.0000E+00  2.4601E-01 -1.7871E-01  0.0000E+00
  2.0000E+01  5.0618E+00  3.9240E+01  1.1196E+00  7.2615E-01  9.3885E-01  0.0000E+00  0.0000E+00  2.4601E-01 -1.7871E-01  0.0000E+00
  2.0000E+01  5.0618E+00  3.9240E+01  1.1196E+00  7.2615E-01  9.3885E-01  0.0000E+00  0.0000E+00  2.4601E-01 -1.7871E-01  0.0000E+00
  2.0000E+01  5.0618E+00  3.9240E+01  1.1196E+00  7.2615E-01  9.3885E-01  0.0000E+00  0.0000E+00  2.4601E-01 -1.7871E-01  0.0000E+00
  2.0000E+01  5.0618E+00  3.9240E+01  1.1196E+00  7.2615E-01  9.3885E-01  0.0000E+00  0.0000E+00  2.4601E-01 -1.7871E-01  0.0000E+00
  2.0000E+01  5.0618E+00  3.9240E+01  1.1196E+00  7.2615E-01  9.3885E-01  0.0000E+00  0.0000E+00  2.4601E-01 -1.7871E-01  0.0000E+00
  2.0000E+01  5.0618E+00  3.9240E+01  1.1196E+00  7.2615E-01  9.3885E-01  0.0000E+00  0.0000E+00  2.4601E-01 -1.7871E-01  0.0000E+00
  2.0000E+01  5.0618E+00  3.9240E+01  1.1196E+00  7.2615E-01  9.3885E-01  0.0000E+00  0.0000E+00  2.4601E-01 -1.7871E-01  0.0000E+00
  2.0000E+01  5.0618E+00  3.9240E+01  1.1196E+00  7.2615E-01  9.3885E-01  0.0000E+00  0.0000E+00  2.4601E-01 -1.7871E-01  0.0000E+00
  2.1000E+01  5.0618E+00  3.9240E+01  1.6461E+00  5.8459E-01  9.3885E-01  0.0000E+00  0.0000E+00  7.7252E-01 -3.9555E-01  0.0000E+00
  2.1000E+01  5.0618E+00  3.9240E+01  1.6461E+00  5.8459E-01  9.3885E-01  0.0000E+00  0.0000E+00  7.7252E-01 -3.9555E-01  0.0000E+00
  2.1000E+01  5.0618E+00  3.9240E+01  1.6461E+00  5.8459E-01  9.3885E-01  0.0000E+00  0.0000E+00  7.7252E-01 -3.9555E-01  0.0000E+00
  2.1000E+01  5.0618E+00  3.9240E+01  1.6461E+00  5.8459E-01  9.3885E-01  0.0000E+00  0.0000E+00  7.7252E-01 -3.9555E-01  0.0000E+00
  2.1000E+01  5.0618E+00  3.9240E+01  1.6461E+00  5.8459E-01  9.3885E-01  0.0000E+00  0.0000E+00  7.7252E-01 -3.9555E-01  0.0000E+00
  2.1000E+01  5.0618E+00  3.9240E+01  1.6461E+00  5.8459E-01  9.3885E-01  0.0000E+00  0.0000E+00  7.7252E-01 -3.9555E-01  0.0000E+00
  2.1000E+01  5.0618E+00  3.9240E+01  1.6461E+00  5.8459E-01  9.3885E-01  0.0000E+00  0.0000E+00  7.7252E-01 -3.9555E-01  0.0000E+00
  2.1000E+01  5.0618E+00  3.9240E+01  1.6461E+00  5.8459E-01  9.3885E-01  0.0000E+00  0.0000E+00  7.7252E-01 -3.9555E-01  0.0000E+00
  2.1000E+01  5.0618E+00  3.9240E+01  1.6461E+00  5.8459E-01  9.3885E-01  0.0000E+00  0.0000E+00  7.7252E-01 -3.9555E-01  0.0000E+00
  2.2000E+01  5.0618E+00  3.9240E+01  4.8821E-01  1.2577E+00  9.3885E-01  0.0000E+00  0.0000E+00 -3.8536E-01  3.7058E-01  0.0000E+00
  2.2000E+01  5.0618E+00  3.9240E+01  4.8821E-01  1.2577E+00  9.3885E-01  0.0000E+00  0.0000E+00 -3.8536E-01  3.7058E-01  0.0000E+00
  2.2000E+01  5.0618E+00  3.9240E+01  4.8821E-01  1.2577E+00  9.3885E-01  0.0000E+00  0.0000E+00 -3.8536E-01  3.7058E-01  0.0000E+00
  2.2000E+01  5.0618E+00  3.9240E+01  4.8821E-01  1.2577E+00  9.3885E-01  0.0000E+00  0.0000E+00 -3.8536E-01  3.7058E-01  0.0000E+00
  2.2000E+01  5.0618E+00  3.9240E+01  4.8821E-01  1.2577E+00  9.3885E-01  0.0000E+00  0.0000E+00 -3.8536E-01  3.7058E-01  0.0000E+00
  2.2000E+01  5.0618E+00  3.9240E+01  4.8821E-01  1.2577E+00  9.3885E-01  0.0000E+00  0.0000E+00 -3.8536E-01  3.7058E-01  0.0000E+00
  2.2000E+01  5.0618E+00  3.9240E+01  4.8821E-01  1.2577E+00  9.3885E-01  0.0000E+00  0.0000E+00 -3.8536E-01  3.7058E-01  0.0000E+00
  2.2000E+01  5.0618E+00  3.9240E+01  4.8821E-01  1.2577E+00  9.3885E-01  0.0000E+00  0.0000E+00 -3.8536E-01  3.7058E-01  0.0000E+00
  2.2000E+01  5.0618E+00  3.9240E+01  4.8821E-01  1.2577E+00  9.3885E-01  0.0000E+00  0.0000E+00 -3.8536E-01  3.7058E-01  0.0000E+00
  2.3000E+01  5.0618E+00  3.9240E+01  1.0268E+00  6.6093E-01  9.3885E-01  0.0000E+00  0.0000E+00  1.5319E-01 -2.7282E-01  0.0000E+00
  2.3000E+01  5.0618E+00  3.9240E+01  1.0268E+00  6.6093E-01  9.3885E-01  0.0000E+00  0.0000E+00  1.5319E-01 -2.7282E-01  0.0000E+00
  2.3000E+01  5.0618E+00  3.9240E+01  1.0268E+00  6.6093E-01  9.3885E-01  0.0000E+00  0.0000E+00  1.5319E-01 -2.7282E-01  0.0000E+00
  2.3000E+01  5.0618E+00  3.9240E+01  1.0268E+00  6.6093E-01  9.3885E-01  0.0000E+00  0.0000E+00  1.5319E-01 -2.7282E-01  0.0000E+00
  2.3000E+01  5.0618E+00  3.9240E+01  1.0268E+00  6.6093E-01  9.3885E-01  0.0000E+00  0.0000E+00  1.5319E-01 -2.7282E-01  0.0000E+00
  2.3000E+01  5.0618E+00  3.9240E+01  1.0268E+00  6.6093E-01  9.3885E-01  0.0000E+00  0.0000E+00  1.5319E-01 -2.7282E-01  0.0000E+00
  2.3000E+01  5.0618E+00  3.9240E+01  1.0268E+00  6.6093E-01  9.3885E-01  0.0000E+00  0.0000E+00  1.5319E-01 -2.7282E-01  0.0000E+00
  2.3000E+01  5.0618E+00  3.9240E+01  1.0268E+00  6.6093E-01  9.3885E-01  0.0000E+00  0.0000E+00  1.5319E-01 -2.7282E-01  0.0000E+00
  2.3000E+01  5.0618E+00  3.9240E+01  1.0268E+00  6.6093E-01  9.3885E-01  0.0000E+00  0.0000E+00  1.5319E-01 -2.7282E-01  0.0000E+00
  2.4000E+01  5.0618E+00  3.9240E+01  1.0665E+00  1.0342E+00  9.3885E-01  0.0000E+00  0.0000E+00  1.9293E-01  1.7493E-01  0.0000E+00
  2.4000E+01  5.0618E+00  3.9240E+01  1.0665E+00  1.0342E+00  9.3885E-01  0.0000E+00  0.0000E+00  1.9293E-01  1.7493E-01  0.0000E+00
  2.4000E+01  5.0618E+00  3.9240E+01  1.0665E+00  1.0342E+00  9.3885E-01  0.0000E+00  0.0000E+00  1.9293E-01  1.7493E-01  0.0000E+00
  2.4000E+01  5.0618E+00  3.9240E+01  1.0665E+00  1.0342E+00  9.3885E-01  0.0000E+00  0.0000E+00  1.9293E-01  1.7493E-01  0.0000E+00
  2.4000E+01  5.0618E+00  3.9240E+01  1.0665E+00  1.0342E+00  9.3885E-01  0.0000E+00  0.0000E+00  1.9293E-01  1.7493E-01  0.0000E+00
  2.4000E+01  5.0618E+00  3.9240E+01  1.0665E+00  1.0342E+00  9.3885E-01  0.0000E+00  0.0000E+00  1.9293E-01  1.7493E-01  0.0000E+00
  2.4000E+01  5.0618E+00  3.9240E+01  1.0665E+00  1.0342E+00  9.3885E-01  0.0000E+00  0.0000E+00  1.9293E-01  1.7493E-01  0.0000E+00
  2.4000E+01  5.0618E+00  3.9240E+01  1.0665E+00  1.0342E+00  9.3885E-01  0.0000E+00  0.0000E+00  1.9293E-01  1.7493E-01  0.0000E+00
  2.4000E+01  5.0618E+00  3.9240E+01  1.0665E+00  1.0342E+00  9.3885E-01  0.0000E+00  0.0000E+00  1.9293E-01  1.7493E-01  0.0000E+00
  2.5000E+01  5.0618E+00  3.9240E+01  9.2257E-01  6.8822E-01  9.3885E-01  0.0000E+00  0.0000E+00  4.9005E-02 -2.3236E-01  0.0000E+00
  2.5000E+01  5.0618E+00  3.9240E+01  9.2257E-01  6.8822E-01  9.3885E-01  0.0000E+00  0.0000E+00  4.9005E-02 -2.3236E-01  0.0000E+00
  2.5000E+01  5.0618E+00  3.9240E+01  9.2257E-01  6.8822E-01  9.3885E-01  0.0000E+00  0.0000E+00  4.9005E-02 -2.3236E-01  0.0000E+00
  2.5000E+01  5.0618E+00  3.9240E+01  9.2257E-01  6.8822E-01  9.3885E-01  0.0000E+00  0.0000E+00  4.9005E-02 -2.3236E-01  0.0000E+00
  2.5000E+01  5.0618E+00  3.9240E+01  9.2257E-01  6.8822E-01  9.3885E-01  0.0000E+00  0.0000E+00  4.9005E-02 -2.3236E-01  0.0000E+00
  2.5000E+01  5.0618E+00  3.9240E+01  9.2257E-01  6.8822E-01  9.3885E-01  0.0000E+00  0.0000E+00  4.9005E-02 -2.3236E-01  0.0000E+00
  2.5000E+01  5.0618E+00  3.9240E+01  9.2257E-01  6.8822E-01  9.3885E-01  0.0000E+00  0.0000E+00  4.9005E-02 -2.3236E-01  0.0000E+00
  2.5000E+01  5.0618E+00  3.9240E+01  9.2257E-01  6.8822E-01  9.3885E-01  0.0000E+00  0.0000E+00  4.9005E-02 -2.3236E-01  0.0000E+00
  2.5000E+01  5.0618E+00  3.9240E+01  9.2257E-01  6.8822E-01  9.3885E-01  0.0000E+00  0.0000E+00  4.9005E-02 -2.3236E-01  0.0000E+00
  2.6000E+01  5.0618E+00  3.9240E+01  9.0128E-01  1.0554E+00  9.3885E-01  0.0000E+00  0.0000E+00  2.7718E-02  1.9521E-01  0.0000E+00
  2.6000E+01  5.0618E+00  3.9240E+01  9.0128E-01  1.0554E+00  9.3885E-01  0.0000E+00  0.0000E+00  2.7718E-02  1.9521E-01  0.0000E+00
  2.6000E+01  5.0618E+00  3.9240E+01  9.0128E-01  1.0554E+00  9.3885E-01  0.0000E+00  0.0000E+00  2.7718E-02  1.9521E-01  0.0000E+00
  2.6000E+01  5.0618E+00  3.9240E+01  9.0128E-01  1.0554E+00  9.3885E-01  0.0000E+00  0.0000E+00  2.7718E-02  1.9521E-01  0.0000E+00
  2.6000E+01  5.0618E+00  3.9240E+01  9.0128E-01  1.0554E+00  9.3885E-01  0.0000E+00  0.0000E+00  2.7718E-02  1.9521E-01  0.0000E+00
  2.6000E+01  5.0618E+00  3.9240E+01  9.0128E-01  1.0554E+00  9.3885E-01  0.0000E+00  0.0000E+00  2.7718E-02  1.9521E-01  0.0000E+00
  2.6000E+01  5.0618E+00  3.9240E+01  9.0128E-01  1.0554E+00  9.3885E-01  0.0000E+00  0.0000E+00  2.7718E-02  1.9521E-01  0.0000E+00
  2.6000E+01  5.0618E+00  3.9240E+01  9.0128E-01  1.0554E+00  9.3885E-01  0.0000E+00  0.0000E+00  2.7718E-02  1.9521E-01  0.0000E+00
  2.6000E+01  5.0618E+00  3.9240E+01  9.0128E-01  1.0554E+00  9.3885E-01  0.0000E+00  0.0000E+00  2.7718E-02  1.9521E-01  0.0000E+00
  2.7000E+01  5.0618E+00  3.9240E+01  6.2123E-01  8.1607E-01  9.3885E-01  0.0000E+00  0.0000E+00 -2.5233E-01 -6.1961E-02  0.0000E+00
  2.7000E+01  5.0618E+00  3.9240E+01  6.2123E-01  8.1607E-01  9.3885E-01  0.0000E+00  0.0000E+00 -2.5233E-01 -6.1961E-02  0.0000E+00
  2.7000E+01  5.0618E+00  3.9240E+01  6.2123E-01  8.1607E-01  9.3885E-01  0.0000E+00  0.0000E+00 -2.5233E-01 -6.1961E-02  0.0000E+00
  2.7000E+01  5.0618E+00  3.9240E+01  6.2123E-01  8.1607E-01  9.3885E-01  0.0000E+00  0.0000E+00 -2.5233E-01 -6.1961E-02  0.0000E+00
  2.7000E+01  5.0618E+00  3.9240E+01  6.2123E-01  8.1607E-01  9.3885E-01  0.0000E+00  0.0000E+00 -2.5233E-01 -6.1961E-02  0.0000E+00
  2.7000E+01  5.0618E+00  3.9240E+01  6.2123E-01  8.1607E-01  9.3885E-01  0.0000E+00  0.0000E+00 -2.5233E-01 -6.1961E-02  0.0000E+00
  2.7000E+01  5.0618E+00  3.9240E+01  6.2123E-01  8.1607E-01  9.3885E-01  0.0000E+00  0.0000E+00 -2.5233E-01 -6.1961E-02  0.0000E+00
  2.7000E+01  5.0618E+00  3.9240E+01  6.2123E-01  8.1607E-01  9.3885E-01  0.0000E+00  0.0000E+00 -2.5233E-01 -6.1961E-02  0.0000E+00
  2.7000E+01  5.0618E+00  3.9240E+01  6.2123E-01  8.1607E-01  9.3885E-01  0.0000E+00  0.0000E+00 -2.5233E-01 -6.1961E-02  0.0000E+00
  2.8000E+01  5.0618E+00  3.9240E+01  3.7031E-01  1.5460E+00  9.3885E-01  0.0000E+00  0.0000E+00 -5.0326E-01  5.7696E-01  0.0000E+00
  2.8000E+01  5.0618E+00  3.9240E+01  3.7031E-01  1.5460E+00  9.3885E-01  0.0000E+00  0.0000E+00 -5.0326E-01  5.7696E-01  0.0000E+00
  2.8000E+01  5.0618E+00  3.9240E+01  3.7031E-01  1.5460E+00  9.3885E-01  0.0000E+00  0.0000E+00 -5.0326E-01  5.7696E-01  0.0000E+00
  2.8000E+01  5.0618E+00  3.9240E+01  3.7031E-01  1.5460E+00  9.3885E-01  0.0000E+00  0.0000E+00 -5.0326E-01  5.7696E-01  0.0000E+00
  2.8000E+01  5.0618E+00  3.9240E+01  3.7031E-01  1.5460E+00  9.3885E-01  0.0000E+00  0.0000E+00 -5.0326E-01  5.7696E-01  0.0000E+00
  2.8000E+01  5.0618E+00  3.9240E+01  3.7031E-01  1.5460E+00  9.3885E-01  0.0000E+00  0.0000E+00 -5.0326E-01  5.7696E-01  0.0000E+00
  2.8000E+01  5.0618E+00  3.9240E+01  3.7031E-01  1.5460E+00  9.3885E-01  0.0000E+00  0.0000E+00 -5.0326E-01  5.7696E-01  0.0000E+00
  2.8000E+01  5.0618E+00  3.9240E+01  3.7031E-01  1.5460E+00  9.3885E-01  0.0000E+00  0.0000E+00 -5.0326E-01  5.7696E-01  0.0000E+00
  2.8000E+01  5.0618E+00  3.9240E+01  3.7031E-01  1.5460E+00  9.3885E-01  0.0000E+00  0.0000E+00 -5.0326E-01  5.7696E-01  0.0000E+00
  2.9000E+01  5.0618E+00  3.9240E+01  8.8644E-01  1.0239E+00  9.3885E-01  0.0000E+00  0.0000E+00  1.2870E-02  1.6492E-01  0.0000E+00
  2.9000E+01  5.0618E+00  3.9240E+01  8.8644E-01  1.0239E+00  9.3885E-01  0.0000E+00  0.0000E+00  1.2870E-02  1.6492E-01  0.0000E+00
  2.9000E+01  5.0618E+00  3.9240E+01  8.8644E-01  1.0239E+00  9.3885E-01  0.0000E+00  0.0000E+00  1.2870E-02  1.6492E-01  0.0000E+00
  2.9000E+01  5.0618E+00  3.9240E+01  8.8644E-01  1.0239E+00  9.3885E-01  0.0000E+00  0.0000E+00  1.2870E-02  1.6492E-01  0.0000E+00
  2.9000E+01  5.0618E+00  3.9240E+01  8.8644E-01  1.0239E+00  9.3885E-01  0.0000E+00  0.0000E+00  1.2870E-02  1.6492E-01  0.0000E+00
  2.9000E+01  5.0618E+00  3.9240E+01  8.8644E-01  1.0239E+00  9.3885E-01  0.0000E+00  0.0000E+00  1.2870E-02  1.6492E-01  0.0000E+00
  2.9000E+01  5.0618E+00  3.9240E+01  8.8644E-01  1.0239E+00  9.3885E-01  0.0000E+00  0.0000E+00  1.2870E-02  1.6492E-01  0.0000E+00
  2.9000E+01  5.0618E+00  3.9240E+01  8.8644E-01  1.0239E+00  9.3885E-01  0.0000E+00  0.0000E+00  1.2870E-02  1.6492E-01  0.0000E+00
  2.9000E+01  5.0618E+00  3.9240E+01  8.8644E-01  1.0239E+00  9.3885E-01  0.0000E+00  0.0000E+00  1.2870E-02  1.6492E-01  0.0000E+00
  3.0000E+01  5.0618E+00  3.9240E+01  1.2937E+00  7.9490E-01  9.3885E-01  0.0000E+00  0.0000E+00  4.2017E-01 -8.8246E-02  0.0000E+00
  3.0000E+01  5.0618E+00  3.9240E+01  1.2937E+00  7.9490E-01  9.3885E-01  0.0000E+00  0.0000E+00  4.2017E-01 -8.8246E-02  0.0000E+00
  3.0000E+01  5.0618E+00  3.9240E+01  1.2937E+00  7.9490E-01  9.3885E-01  0.0000E+00  0.0000E+00  4.2017E-01 -8.8246E-02  0.0000E+00
  3.0000E+01  5.0618E+00  3.9240E+01  1.2937E+00  7.9490E-01  9.3885E-01  0.0000E+00  0.0000E+00  4.2017E-01 -8.8246E-02  0.0000E+00
  3.0000E+01  5.0618E+00  3.9240E+01  1.2937E+00  7.9490E-01  9.3885E-01  0.0000E+00  0.0000E+00  4.2017E-01 -8.8246E-02  0.0000E+00
  3.0000E+01  5.0618E+00  3.9240E+01  1.2937E+00  7.9490E-01  9.3885E-01  0.0000E+00  0.0000E+00  4.2017E-01 -8.8246E-02  0.0000E+00
  3.0000E+01  5.0618E+00  3.9240E+01  1.2937E+00  7.9490E-01  9.3885E-01  0.0000E+00  0.0000E+00  4.2017E-01 -8.8246E-02  0.0000E+00
  3.0000E+01  5.0618E+00  3.9240E+01  1.2937E+00  7.9490E-01  9.3885E-01  0.0000E+00  0.0000E+00  4.2017E-01 -8.8246E-02  0.0000E+00
  3.0000E+01  5.0618E+00  3.9240E+01  1.2937E+00  7.9490E-01  9.3885E-01  0.0000E+00  0.0000E+00  4.2017E-01 -8.8246E-02  0.0000E+00
  3.1000E+01  5.0618E+00  3.9240E+01  1.4342E+00  7.5618E-01  9.3885E-01  0.0000E+00  0.0000E+00  5.6066E-01 -1.3819E-01  0.0000E+00
  3.1000E+01  5.0618E+00  3.9240E+01  1.4342E+00  7.5618E-01  9.3885E-01  0.0000E+00  0.0000E+00  5.6066E-01 -1.3819E-01  0.0000E+00
  3.1000E+01  5.0618E+00  3.9240E+01  1.4342E+00  7.5618E-01  9.3885E-01  0.0000E+00  0.0000E+00  5.6066E-01 -1.3819E-01  0.0000E+00
  3.1000E+01  5.0618E+00  3.9240E+01  1.4342E+00  7.5618E-01  9.3885E-01  0.0000E+00  0.0000E+00  5.6066E-01 -1.3819E-01  0.0000E+00
  3.1000E+01  5.0618E+00  3.9240E+01  1.4342E+00  7.5618E-01  9.3885E-01  0.0000E+00  0.0000E+00  5.6066E-01 -1.3819E-01  0.0000E+00
  3.1000E+01  5.0618E+00  3.9240E+01  1.4342E+00  7.5618E-01  9.3885E-01  0.0000E+00  0.0000E+00  5.6066E-01 -1.3819E-01  0.0000E+00
  3.1000E+01  5.0618E+00  3.9240E+01  1.4342E+00  7.5618E-01  9.3885E-01  0.0000E+00  0.0000E+00  5.6066E-01 -1.3819E-01  0.0000E+00
  3.1000E+01  5.0618E+00  3.9240E+01  1.4342E+00  7.5618E-01  9.3885E-01  0.0000E+00  0.0000E+00  5.6066E-01 -1.3819E-01  0.0000E+00
  3.1000E+01  5.0618E+00  3.9240E+01  1.4342E+00  7.5618E-01  9.3885E-01  0.0000E+00  0.0000E+00  5.6066E-01 -1.3819E-01  0.0000E+00
  3.2000E+01  5.0618E+00  3.9240E+01  1.5791E+00  9.7146E-01  9.3885E-01  0.0000E+00  0.0000E+00  7.0558E-01  1.1233E-01  0.0000E+00
  3.2000E+01  5.0618E+00  3.9240E+01  1.5791E+00  9.7146E-01  9.3885E-01  0.0000E+00  0.0000E+00  7.0558E-01  1.1233E-01  0.0000E+00
  3.2000E+01  5.0618E+00  3.9240E+01  1.5791E+00  9.7146E-01  9.3885E-01  0.0000E+00  0.0000E+00  7.0558E-01  1.1233E-01  0.0000E+00
  3.2000E+01  5.0618E+00  3.9240E+01  1.5791E+00  9.7146E-01  9.3885E-01  0.0000E+00  0.0000E+00  7.0558E-01  1.1233E-01  0.0000E+00
  3.2000E+01  5.0618E+00  3.9240E+01  1.5791E+00  9.7146E-01  9.3885E-01  0.0000E+00  0.0000E+00  7.0558E-01  1.1233E-01  0.0000E+00
  3.2000E+01  5.0618E+00  3.9240E+01  1.5791E+00  9.7146E-01  9.3885E-01  0.0000E+00  0.0000E+00  7.0558E-01  1.1233E-01  0.0000E+00
  3.2000E+01  5.0618E+00  3.9240E+01  1.5791E+00  9.7146E-01  9.3885E-01  0.0000E+00  0.0000E+00  7.0558E-01  1.1233E-01  0.0000E+00
  3.2000E+01  5.0618E+00  3.9240E+01  1.5791E+00  9.7146E-01  9.3885E-01  0.0000E+00  0.0000E+00  7.0558E-01  1.1233E-01  0.0000E+00
  3.2000E+01  5.0618E+00  3.9240E+01  1.5791E+00  9.7146E-01  9.3885E-01  0.0000E+00  0.0000E+00  7.0558E-01  1.1233E-01  0.0000E+00
  3.3000E+01  5.0618E+00  3.9240E+01  7.9322E-01  1.1425E+00  9.3885E-01  0.0000E+00  0.0000E+00 -8.0341E-02  2.7446E-01  0.0000E+00
  3.3000E+01  5.0618E+00  3.9240E+01  7.9322E-01  1.1425E+00  9.3885E-01  0.0000E+00  0.0000E+00 -8.0341E-02  2.7446E-01  0.0000E+00
  3.3000E+01  5.0618E+00  3.9240E+01  7.9322E-01  1.1425E+00  9.3885E-01  0.0000E+00  0.0000E+00 -8.0341E-02  2.7446E-01  0.0000E+00
  3.3000E+01  5.0618E+00  3.9240E+01  7.9322E-01  1.1425E+00  9.3885E-01  0.0000E+00  0.0000E+00 -8.0341E-02  2.7446E-01  0.0000E+00
  3.3000E+01  5.0618E+00  3.9240E+01  7.9322E-01  1.1425E+00  9.3885E-01  0.0000E+00  0.0000E+00 -8.0341E-02  2.7446E-01  0.0000E+00
  3.3000E+01  5.0618E+00  3.9240E+01  7.9322E-01  1.1425E+00  9.3885E-01  0.0000E+00  0.0000E+00 -8.0341E-02  2.7446E-01  0.0000E+00
  3.3000E+01  5.0618E+00  3.9240E+01  7.9322E-01  1.1425E+00  9.3885E-01  0.0000E+00  0.0000E+00 -8.0341E-02  2.7446E-01  0.0000E+00
  3.3000E+01  5.0618E+00  3.9240E+01  7.9322E-01  1.1425E+00  9.3885E-01  0.0000E+00  0.0000E+00 -8.0341E-02  2.7446E-01  0.0000E+00
  3.3000E+01  5.0618E+00  3.9240E+01  7.9322E-01  1.1425E+00  9.3885E-01  0.0000E+00  0.0000E+00 -8.0341E-02  2.7446E-01  0.0000E+00
  3.4000E+01  5.0618E+00  3.9240E+01  5.0176E-01  5.8409E-01  9.3885E-01  0.0000E+00  0.0000E+00 -3.7181E-01 -3.9641E-01  0.0000E+00
  3.4000E+01  5.0618E+00  3.9240E+01  5.0176E-01  5.8409E-01  9.3885E-01  0.0000E+00  0.0000E+00 -3.7181E-01 -3.9641E-01  0.0000E+00
  3.4000E+01  5.0618E+00  3.9240E+01  5.0176E-01  5.8409E-01  9.3885E-01  0.0000E+00  0.0000E+00 -3.7181E-01 -3.9641E-01  0.0000E+00
  3.4000E+01  5.0618E+00  3.9240E+01  5.0176E-01  5.8409E-01  9.3885E-01  0.0000E+00  0.0000E+00 -3.7181E-01 -3.9641E-01  0.0000E+00
  3.4000E+01  5.0618E+00  3.9240E+01  5.0176E-01  5.8409E-01  9.3885E-01  0.0000E+00  0.0000E+00 -3.7181E-01 -3.9641E-01  0.0000E+00
  3.4000E+01  5.0618E+00  3.9240E+01  5.0176E-01  5.8409E-01  9.3885E-01  0.0000E+00  0.0000E+00 -3.7181E-01 -3.9641E-01  0.0000E+00
  3.4000E+01  5.0618E+00  3.9240E+01  5.0176E-01  5.8409E-01  9.3885E-01  0.0000E+00  0.0000E+00 -3.7181E-01 -3.9641E-01  0.0000E+00
  3.4000E+01  5.0618E+00  3.9240E+01  5.0176E-01  5.8409E-01  9.3885E-01  0.0000E+00  0.0000E+00 -3.7181E-01 -3.9641E-01  0.0000E+00
  3.4000E+01  5.0618E+00  3.9240E+01  5.0176E-01  5.8409E-01  9.3885E-01  0.0000E+00  0.0000E+00 -3.7181E-01 -3.9641E-01  0.0000E+00
  3.5000E+01  5.0618E+00  3.9240E+01  6.0978E-01  1.4530E+00  9.3885E-01  0.0000E+00  0.0000E+00 -2.6378E-01  5.1492E-01  0.0000E+00
  3.5000E+01  5.0618E+00  3.9240E+01  6.0978E-01  1.4530E+00  9.3885E-01  0.0000E+00  0.0000E+00 -2.6378E-01  5.1492E-01  0.0000E+00
  3.5000E+01  5.0618E+00  3.9240E+01  6.0978E-01  1.4530E+00  9.3885E-01  0.0000E+00  0.0000E+00 -2.6378E-01  5.1492E-01  0.0000E+00
  3.5000E+01  5.0618E+00  3.9240E+01  6.0978E-01  1.4530E+00  9.3885E-01  0.0000E+00  0.0000E+00 -2.6378E-01  5.1492E-01  0.0000E+00
  3.5000E+01  5.0618E+00  3.9240E+01  6.0978E-01  1.4530E+00  9.3885E-01  0.0000E+00  0.0000E+00 -2.6378E-01  5.1492E-01  0.0000E+00
  3.5000E+01  5.0618E+00  3.9240E+01  6.0978E-01  1.4530E+00  9.3885E-01  0.0000E+00  0.0000E+00 -2.6378E-01  5.1492E-01  0.0000E+00
  3.5000E+01  5.0618E+00  3.9240E+01  6.0978E-01  1.4530E+00  9.3885E-01  0.0000E+00  0.0000E+00 -2.6378E-01  5.1492E-01  0.0000E+00
  3.5000E+01  5.0618E+00  3.9240E+01  6.0978E-01  1.4530E+00  9.3885E-01  0.0000E+00  0.0000E+00 -2.6378E-01  5.1492E-01  0.0000E+00
  3.5000E+01  5.0618E+00  3.9240E+01  6.0978E-01  1.4530E+00  9.3885E-01  0.0000E+00  0.0000E+00 -2.6378E-01  5.1492E-01  0.0000E+00
  3.6000E+01  5.0618E+00  3.9240E+01  6.0102E-01  8.1313E-01  9.3885E-01  0.0000E+00  0.0000E+00 -2.7255E-01 -6.5581E-02  0.0000E+00
  3.6000E+01  5.0618E+00  3.9240E+01  6.0102E-01  8.1313E-01  9.3885E-01  0.0000E+00  0.0000E+00 -2.7255E-01 -6.5581E-02  0.0000E+00
  3.6000E+01  5.0618E+00  3.9240E+01  6.0102E-01  8.1313E-01  9.3885E-01  0.0000E+00  0.0000E+00 -2.7255E-01 -6.5581E-02  0.0000E+00
  3.6000E+01  5.0618E+00  3.9240E+01  6.0102E-01  8.1313E-01  9.3885E-01  0.0000E+00  0.0000E+00 -2.7255E-01 -6.5581E-02  0.0000E+00
  3.6000E+01  5.0618E+00  3.9240E+01  6.0102E-01  8.1313E-01  9.3885E-01  0.0000E+00  0.0000E+00 -2.7255E-01 -6.5581E-02  0.0000E+00
  3.6000E+01  5.0618E+00  3.9240E+01  6.0102E-01  8.1313E-01  9.3885E-01  0.0000E+00  0.0000E+00 -2.7255E-01 -6.5581E-02  0.0000E+00
  3.6000E+01  5.0618E+00  3.9240E+01  6.0102E-01  8.1313E-01  9.3885E-01  0.0000E+00  0.0000E+00 -2.7255E-01 -6.5581E-02  0.0000E+00
  3.6000E+01  5.0618E+00  3.9240E+01  6.0102E-01  8.1313E-01  9.3885E-01  0.0000E+00  0.0000E+00 -2.7255E-01 -6.5581E-02  0.0000E+00
  3.6000E+01  5.0618E+00  3.9240E+01  6.0102E-01  8.1313E-01  9.3885E-01  0.0000E+00  0.0000E+00 -2.7255E-01 -6.5581E-02  0.0000E+00
  3.7000E+01  5.0618E+00  3.9240E+01  1.3064E+00  8.5332E-01  9.3885E-01  0.0000E+00  0.0000E+00  4.3279E-01 -1.7327E-02  0.0000E+00
  3.7000E+01  5.0618E+00  3.9240E+01  1.3064E+00  8.5332E-01  9.3885E-01  0.0000E+00  0.0000E+00  4.3279E-01 -1.7327E-02  0.0000E+00
  3.7000E+01  5.0618E+00  3.9240E+01  1.3064E+00  8.5332E-01  9.3885E-01  0.0000E+00  0.0000E+00  4.3279E-01 -1.7327E-02  0.0000E+00
  3.7000E+01  5.0618E+00  3.9240E+01  1.3064E+00  8.5332E-01  9.3885E-01  0.0000E+00  0.0000E+00  4.3279E-01 -1.7327E-02  0.0000E+00
  3.7000E+01  5.0618E+00  3.9240E+01  1.3064E+00  8.5332E-01  9.3885E-01  0.0000E+00  0.0000E+00  4.3279E-01 -1.7327E-02  0.0000E+00
  3.7000E+01  5.0618E+00  3.9240E+01  1.3064E+00  8.5332E-01  9.3885E-01  0.0000E+00  0.0000E+00  4.3279E-01 -1.7327E-02  0.0000E+00
  3.7000E+01  5.0618E+00  3.9240E+01  1.3064E+00  8.5332E-01  9.3885E-01  0.0000E+00  0.0000E+00  4.3279E-01 -1.7327E-02  0.0000E+00
  3.7000E+01  5.0618E+00  3.9240E+01  1.3064E+00  8.5332E-01  9.3885E-01  0.0000E+00  0.0000E+00  4.3279E-01 -1.7327E-02  0.0000E+00
  3.7000E+01  5.0618E+00  3.9240E+01  1.3064E+00  8.5332E-01  9.3885E-01  0.0000E+00  0.0000E+00  4.3279E-01 -1.7327E-02  0.0000E+00
  3.8000E+01  5.0618E+00  3.9240E+01  8.7945E-01  1.1623E+00  9.3885E-01  0.0000E+00  0.0000E+00  5.8847E-03  2.9166E-01  0.0000E+00
  3.8000E+01  5.0618E+00  3.9240E+01  8.7945E-01  1.1623E+00  9.3885E-01  0.0000E+00  0.0000E+00  5.8847E-03  2.9166E-01  0.0000E+00
  3.8000E+01  5.0618E+00  3.9240E+01  8.7945E-01  1.1623E+00  9.3885E-01  0.0000E+00  0.0000E+00  5.8847E-03  2.9166E-01  0.0000E+00
  3.8000E+01  5.0618E+00  3.9240E+01  8.7945E-01  1.1623E+00  9.3885E-01  0.0000E+00  0.0000E+00  5.8847E-03  2.9166E-01  0.0000E+00
  3.8000E+01  5.0618E+00  3.9240E+01  8.7945E-01  1.1623E+00  9.3885E-01  0.0000E+00  0.0000E+00  5.8847E-03  2.9166E-01  0.0000E+00
  3.8000E+01  5.0618E+00  3.9240E+01  8.7945E-01  1.1623E+00  9.3885E-01  0.0000E+00  0.0000E+00  5.8847E-03  2.9166E-01  0.0000E+00
  3.8000E+01  5.0618E+00  3.9240E+01  8.7945E-01  1.1623E+00  9.3885E-01  0.0000E+00  0.0000E+00  5.8847E-03  2.9166E-01  0.0000E+00
  3.8000E+01  5.0618E+00  3.9240E+01  8.7945E-01  1.1623E+00  9.3885E-01  0.0000E+00  0.0000E+00  5.8847E-03  2.9166E-01  0.0000E+00
  3.8000E+01  5.0618E+00  3.9240E+01  8.7945E-01  1.1623E+00  9.3885E-01  0.0000E+00  0.0000E+00  5.8847E-03  2.9166E-01  0.0000E+00
  3.9000E+01  5.0618E+00  3.9240E+01  1.1195E+00  7.1992E-01  9.3885E-01  0.0000E+00  0.0000E+00  2.4593E-01 -1.8732E-01  0.0000E+00
  3.9000E+01  5.0618E+00  3.9240E+01  1.1195E+00  7.1992E-01  9.3885E-01  0.0000E+00  0.0000E+00  2.4593E-01 -1.8732E-01  0.0000E+00
  3.9000E+01  5.0618E+00  3.9240E+01  1.1195E+00  7.1992E-01  9.3885E-01  0.0000E+00  0.0000E+00  2.4593E-01 -1.8732E-01  0.0000E+00
  3.9000E+01  5.0618E+00  3.9240E+01  1.1195E+00  7.1992E-01  9.3885E-01  0.0000E+00  0.0000E+00  2.4593E-01 -1.8732E-01  0.0000E+00
  3.9000E+01  5.0618E+00  3.9240E+01  1.1195E+00  7.1992E-01  9.3885E-01  0.0000E+00  0.0000E+00  2.4593E-01 -1.8732E-01  0.0000E+00
  3.9000E+01  5.0618E+00  3.9240E+01  1.1195E+00  7.1992E-01  9.3885E-01  0.0000E+00  0.0000E+00  2.4593E-01 -1.8732E-01  0.0000E+00
  3.9000E+01  5.0618E+00  3.9240E+01  1.1195E+00  7.1992E-01  9.3885E-01  0.0000E+00  0.0000E+00  2.4593E-01 -1.8732E-01  0.0000E+00
  3.9000E+01  5.0618E+00  3.9240E+01  1.1195E+00  7.1992E-01  9.3885E-01  0.0000E+00  0.0000E+00  2.4593E-01 -1.8732E-01  0.0000E+00
  3.9000E+01  5.0618E+00  3.9240E+01  1.1195E+00  7.1992E-01  9.3885E-01  0.0000E+00  0.0000E+00  2.4593E-01 -1.8732E-01  0.0000E+00
  4.0000E+01  5.0618E+00  3.9240E+01  9.6461E-01  1.1337E+00  9.3885E-01  0.0000E+00  0.0000E+00  9.1043E-02  2.6679E-01  0.0000E+00
  4.0000E+01  5.0618E+00  3.9240E+01  9.6461E-01  1.1337E+00  9.3885E-01  0.0000E+00  0.0000E+00  9.1043E-02  2.6679E-01  0.0000E+00
  4.0000E+01  5.0618E+00  3.9240E+01  9.6461E-01  1.1337E+00  9.3885E-01  0.0000E+00  0.0000E+00  9.1043E-02  2.6679E-01  0.0000E+00
  4.0000E+01  5.0618E+00  3.9240E+01  9.6461E-01  1.1337E+00  9.3885E-01  0.0000E+00  0.0000E+00  9.1043E-02  2.6679E-01  0.0000E+00
  4.0000E+01  5.0618E+00  3.9240E+01  9.6461E-01  1.1337E+00  9.3885E-01  0.0000E+00  0.0000E+00  9.1043E-02  2.6679E-01  0.0000E+00
  4.0000E+01  5.0618E+00  3.9240E+01  9.6461E-01  1.1337E+00  9.3885E-01  0.0000E+00  0.0000E+00  9.1043E-02  2.6679E-01  0.0000E+00
  4.0000E+01  5.0618E+00  3.9240E+01  9.6461E-01  1.1337E+00  9.3885E-01  0.0000E+00  0.0000E+00  9.1043E-02  2.6679E-01  0.0000E+00
  4.0000E+01  5.0618E+00  3.9240E+01  9.6461E-01  1.1337E+00  9.3885E-01  0.0000E+00  0.0000E+00  9.1043E-02  2.6679E-01  0.0000E+00
  4.0000E+01  5.0618E+00  3.9240E+01  9.6461E-01  1.1337E+00  9.3885E-01  0.0000E+00  0.0000E+00  9.1043E-02  2.6679E-01  0.0000E+00
  4.1000E+01  6.0332E+00  5.1894E+01  9.1864E-01  7.2796E-01  1.6942E+00  1.7556E-01  2.7950E-01  4.5070E-02 -1.7622E-01  5.9032E-01
  4.1000E+01  6.0332E+00  5.1894E+01  9.1864E-01  7.2796E-01  1.6942E+00  1.7556E-01  2.7950E-01  4.5070E-02 -1.7622E-01  5.9032E-01
  4.1000E+01  6.0332E+00  5.1894E+01  9.1864E-01  7.2796E-01  1.6942E+00  1.7556E-01  2.7950E-01  4.5070E-02 -1.7622E-01  5.9032E-01
  4.1000E+01  6.0332E+00  5.1894E+01  9.1864E-01  7.2796E-01  1.6942E+00  1.7556E-01  2.7950E-01  4.5070E-02 -1.7622E-01  5.9032E-01
  4.1000E+01  6.0332E+00  5.1894E+01  9.1864E-01  7.2796E-01  1.6942E+00  1.7556E-01  2.7950E-01  4.5070E-02 -1.7622E-01  5.9032E-01
  4.1000E+01  6.0332E+00  5.1894E+01  9.1864E-01  7.2796E-01  1.6942E+00  1.7556E-01  2.7950E-01  4.5070E-02 -1.7622E-01  5.9032E-01
  4.1000E+01  6.0332E+00  5.1894E+01  9.1864E-01  7.2796E-01  1.6942E+00  1.7556E-01  2.7950E-01  4.5070E-02 -1.7622E-01  5.9032E-01
  4.1000E+01  6.0332E+00  5.1894E+01  9.1864E-01  7.2796E-01  1.6942E+00  1.7556E-01  2.7950E-01  4.5070E-02 -1.7622E-01  5.9032E-01
  4.1000E+01  6.0332E+00  5.1894E+01  9.1864E-01  7.2796E-01  1.6942E+00  1.7556E-01  2.7950E-01  4.5070E-02 -1.7622E-01  5.9032E-01
  4.1000E+01  6.0332E+00  5.1894E+01  9.1864E-01  7.2796E-01  1.6942E+00  1.7556E-01  2.7950E-01  4.5070E-02 -1.7622E-01  5.9032E-01
  4.1000E+01  6.0332E+00  5.1894E+01  9.1864E-01  7.2796E-01  1.6942E+00  1.7556E-01  2.7950E-01  4.5070E-02 -1.7622E-01  5.9032E-01
  4.1000E+01  6.0332E+00  5.1894E+01  9.1864E-01  7.2796E-01  1.6942E+00  1.7556E-01  2.7950E-01  4.5070E-02 -1.7622E-01  5.9032E-01
  4.1000E+01  6.0332E+00  5.1894E+01  9.1864E-01  7.2796E-01  1.6942E+00  1.7556E-01  2.7950E-01  4.5070E-02 -1.7622E-01  5.9032E-01
  4.2000E+01  5.6995E+00  3.8365E+01  9.1115E-01  9.2528E-01  1.5908E+00  1.1867E-01 -2.2573E-02  3.7580E-02  6.3633E-02  5.2731E-01
  4.2000E+01  5.6995E+00  3.8365E+01  9.1115E-01  9.2528E-01  1.5908E+00  1.1867E-01 -2.2573E-02  3.7580E-02  6.3633E-02  5.2731E-01
  4.2000E+01  5.6995E+00  3.8365E+01  9.1115E-01  9.2528E-01  1.5908E+00  1.1867E-01 -2.2573E-02  3.7580E-02  6.3633E-02  5.2731E-01
  4.2000E+01  5.6995E+00  3.8365E+01  9.1115E-01  9.2528E-01  1.5908E+00  1.1867E-01 -2.2573E-02  3.7580E-02  6.3633E-02  5.2731E-01
  4.2000E+01  5.6995E+00  3.8365E+01  9.1115E-01  9.2528E-01  1.5908E+00  1.1867E-01 -2.2573E-02  3.7580E-02  6.3633E-02  5.2731E-01
  4.2000E+01  5.6995E+00  3.8365E+01  9.1115E-01  9.2528E-01  1.5908E+00  1.1867E-01 -2.2573E-02  3.7580E-02  6.3633E-02  5.2731E-01
  4.2000E+01  5.6995E+00  3.8365E+01  9.1115E-01  9.2528E-01  1.5908E+00  1.1867E-01 -2.2573E-02  3.7580E-02  6.3633E-02  5.2731E-01
  4.2000E+01  5.6995E+00  3.8365E+01  9.1115E-01  9.2528E-01  1.5908E+00  1.1867E-01 -2.2573E-02  3.7580E-02  6.3633E-02  5.2731E-01
  4.2000E+01  5.6995E+00  3.8365E+01  9.1115E-01  9.2528E-01  1.5908E+00  1.1867E-01 -2.2573E-02  3.7580E-02  6.3633E-02  5.2731E-01
  4.2000E+01  5.6995E+00  3.8365E+01  9.1115E-01  9.2528E-01  1.5908E+00  1.1867E-01 -2.2573E-02  3.7580E-02  6.3633E-02  5.2731E-01
  4.2000E+01  5.6995E+00  3.8365E+01  9.1115E-01  9.2528E-01  1.5908E+00  1.1867E-01 -2.2573E-02  3.7580E-02  6.3633E-02  5.2731E-01
  4.2000E+01  5.6995E+00  3.8365E+01  9.1115E-01  9.2528E-01  1.5908E+00  1.1867E-01 -2.2573E-02  3.7580E-02  6.3633E-02  5.2731E-01
  4.2000E+01  5.6995E+00  3.8365E+01  9.1115E-01  9.2528E-01  1.5908E+00  1.1867E-01 -2.2573E-02  3.7580E-02  6.3633E-02  5.2731E-01
  4.3000E+01  4.3814E+00  4.7848E+01  1.0607E+00  9.5924E-01  1.6294E+00 -1.4435E-01  1.9832E-01  1.8717E-01  9.9670E-02  5.5133E-01
  4.3000E+01  4.3814E+00  4.7848E+01  1.0607E+00  9.5924E-01  1.6294E+00 -1.4435E-01  1.9832E-01  1.8717E-01  9.9670E-02  5.5133E-01
  4.3000E+01  4.3814E+00  4.7848E+01  1.0607E+00  9.5924E-01  1.6294E+00 -1.4435E-01  1.9832E-01  1.8717E-01  9.9670E-02  5.5133E-01
  4.3000E+01  4.3814E+00  4.7848E+01  1.0607E+00  9.5924E-01  1.6294E+00 -1.4435E-01  1.9832E-01  1.8717E-01  9.9670E-02  5.5133E-01
  4.3000E+01  4.3814E+00  4.7848E+01  1.0607E+00  9.5924E-01  1.6294E+00 -1.4435E-01  1.9832E-01  1.8717E-01  9.9670E-02  5.5133E-01
  4.3000E+01  4.3814E+00  4.7848E+01  1.0607E+00  9.5924E-01  1.6294E+00 -1.4435E-01  1.9832E-01  1.8717E-01  9.9670E-02  5.5133E-01
  4.3000E+01  4.3814E+00  4.7848E+01  1.0607E+00  9.5924E-01  1.6294E+00 -1.4435E-01  1.9832E-01  1.8717E-01  9.9670E-02  5.5133E-01
  4.3000E+01  4.3814E+00  4.7848E+01  1.0607E+00  9.5924E-01  1.6294E+00 -1.4435E-01  1.9832E-01  1.8717E-01  9.9670E-02  5.5133E-01
  4.3000E+01  4.3814E+00  4.7848E+01  1.0607E+00  9.5924E-01  1.6294E+00 -1.4435E-01  1.9832E-01  1.8717E-01  9.9670E-02  5.5133E-01
  4.3000E+01  4.3814E+00  4.7848E+01  1.0607E+00  9.5924E-01  1.6294E+00 -1.4435E-01  1.9832E-01  1.8717E-01  9.9670E-02  5.5133E-01
  4.3000E+01  4.3814E+00  4.7848E+01  1.0607E+00  9.5924E-01  1.6294E+00 -1.4435E-01  1.9832E-01  1.8717E-01  9.9670E-02  5.5133E-01
  4.3000E+01  4.3814E+00  4.7848E+01  1.0607E+00  9.5924E-01  1.6294E+00 -1.4435E-01  1.9832E-01  1.8717E-01  9.9670E-02  5.5133E-01
  4.3000E+01  4.3814E+00  4.7848E+01  1.0607E+00  9.5924E-01  1.6294E+00 -1.4435E-01  1.9832E-01  1.8717E-01  9.9670E-02  5.5133E-01
  4.4000E+01  7.3920E+00  3.4597E+01  3.7515E-01  1.0585E+00  4.6871E-01  3.7867E-01 -1.2595E-01 -4.9842E-01  1.9810E-01 -6.9467E-01
  4.4000E+01  7.3920E+00  3.4597E+01  3.7515E-01  1.0585E+00  4.6871E-01  3.7867E-01 -1.2595E-01 -4.9842E-01  1.9810E-01 -6.9467E-01
  4.4000E+01  7.3920E+00  3.4597E+01  3.7515E-01  1.0585E+00  4.6871E-01  3.7867E-01 -1.2595E-01 -4.9842E-01  1.9810E-01 -6.9467E-01
  4.4000E+01  7.3920E+00  3.4597E+01  3.7515E-01  1.0585E+00  4.6871E-01  3.7867E-01 -1.2595E-01 -4.9842E-01  1.9810E-01 -6.9467E-01
  4.4000E+01  7.3920E+00  3.4597E+01  3.7515E-01  1.0585E+00  4.6871E-01  3.7867E-01 -1.2595E-01 -4.9842E-01  1.9810E-01 -6.9467E-01
  4.4000E+01  7.3920E+00  3.4597E+01  3.7515E-01  1.0585E+00  4.6871E-01  3.7867E-01 -1.2595E-01 -4.9842E-01  1.9810E-01 -6.9467E-01
  4.4000E+01  7.3920E+00  3.4597E+01  3.7515E-01  1.0585E+00  4.6871E-01  3.7867E-01 -1.2595E-01 -4.9842E-01  1.9810E-01 -6.9467E-01
  4.4000E+01  7.3920E+00  3.4597E+01  3.7515E-01  1.0585E+00  4.6871E-01  3.7867E-01 -1.2595E-01 -4.9842E-01  1.9810E-01 -6.9467E-01
  4.4000E+01  7.3920E+00  3.4597E+01  3.7515E-01  1.0585E+00  4.6871E-01  3.7867E-01 -1.2595E-01 -4.9842E-01  1.9810E-01 -6.9467E-01
  4.4000E+01  7.3920E+00  3.4597E+01  3.7515E-01  1.0585E+00  4.6871E-01  3.7867E-01 -1.2595E-01 -4.9842E-01  1.9810E-01 -6.9467E-01
  4.4000E+01  7.3920E+00  3.4597E+01  3.7515E-01  1.0585E+00  4.6871E-01  3.7867E-01 -1.2595E-01 -4.9842E-01  1.9810E-01 -6.9467E-01
  4.4000E+01  7.3920E+00  3.4597E+01  3.7515E-01  1.0585E+00  4.6871E-01  3.7867E-01 -1.2595E-01 -4.9842E-01  1.9810E-01 -6.9467E-01
  4.4000E+01  7.3920E+00  3.4597E+01  3.7515E-01  1.0585E+00  4.6871E-01  3.7867E-01 -1.2595E-01 -4.9842E-01  1.9810E-01 -6.9467E-01
  4.5000E+01  7.5236E+00  3.3481E+01  8.0085E-01  1.3428E+00  7.6764E-01  3.9632E-01 -1.5872E-01 -7.2720E-02  4.3604E-01 -2.0134E-01
  4.5000E+01  7.5236E+00  3.3481E+01  8.0085E-01  1.3428E+00  7.6764E-01  3.9632E-01 -1.5872E-01 -7.2720E-02  4.3604E-01 -2.0134E-01
  4.5000E+01  7.5236E+00  3.3481E+01  8.0085E-01  1.3428E+00  7.6764E-01  3.9632E-01 -1.5872E-01 -7.2720E-02  4.3604E-01 -2.0134E-01
  4.5000E+01  7.5236E+00  3.3481E+01  8.0085E-01  1.3428E+00  7.6764E-01  3.9632E-01 -1.5872E-01 -7.2720E-02  4.3604E-01 -2.0134E-01
  4.5000E+01  7.5236E+00  3.3481E+01  8.0085E-01  1.3428E+00  7.6764E-01  3.9632E-01 -1.5872E-01 -7.2720E-02  4.3604E-01 -2.0134E-01
  4.5000E+01  7.5236E+00  3.3481E+01  8.0085E-01  1.3428E+00  7.6764E-01  3.9632E-01 -1.5872E-01 -7.2720E-02  4.3604E-01 -2.0134E-01
  4.5000E+01  7.5236E+00  3.3481E+01  8.0085E-01  1.3428E+00  7.6764E-01  3.9632E-01 -1.5872E-01 -7.2720E-02  4.3604E-01 -2.0134E-01
  4.5000E+01  7.5236E+00  3.3481E+01  8.0085E-01  1.3428E+00  7.6764E-01  3.9632E-01 -1.5872E-01 -7.2720E-02  4.3604E-01 -2.0134E-01
  4.5000E+01  7.5236E+00  3.3481E+01  8.0085E-01  1.3428E+00  7.6764E-01  3.9632E-01 -1.5872E-01 -7.2720E-02  4.3604E-01 -2.0134E-01
  4.5000E+01  7.5236E+00  3.3481E+01  8.0085E-01  1.3428E+00  7.6764E-01  3.9632E-01 -1.5872E-01 -7.2720E-02  4.3604E-01 -2.0134E-01
  4.5000E+01  7.5236E+00  3.3481E+01  8.0085E-01  1.3428E+00  7.6764E-01  3.9632E-01 -1.5872E-01 -7.2720E-02  4.3604E-01 -2.0134E-01
  4.5000E+01  7.5236E+00  3.3481E+01  8.0085E-01  1.3428E+00  7.6764E-01  3.9632E-01 -1.5872E-01 -7.2720E-02  4.3604E-01 -2.0134E-01
  4.5000E+01  7.5236E+00  3.3481E+01  8.0085E-01  1.3428E+00  7.6764E-01  3.9632E-01 -1.5872E-01 -7.2720E-02  4.3604E-01 -2.0134E-01
  4.6000E+01  6.3617E+00  4.4413E+01  1.0068E+00  9.6103E-01  1.0538E+00  2.2857E-01  1.2383E-01  1.3325E-01  1.0154E-01  1.1553E-01
  4.6000E+01  6.3617E+00  4.4413E+01  1.0068E+00  9.6103E-01  1.0538E+00  2.2857E-01  1.2383E-01  1.3325E-01  1.0154E-01  1.1553E-01
  4.6000E+01  6.3617E+00  4.4413E+01  1.0068E+00  9.6103E-01  1.0538E+00  2.2857E-01  1.2383E-01  1.3325E-01  1.0154E-01  1.1553E-01
  4.6000E+01  6.3617E+00  4.4413E+01  1.0068E+00  9.6103E-01  1.0538E+00  2.2857E-01  1.2383E-01  1.3325E-01  1.0154E-01  1.1553E-01
  4.6000E+01  6.3617E+00  4.4413E+01  1.0068E+00  9.6103E-01  1.0538E+00  2.2857E-01  1.2383E-01  1.3325E-01  1.0154E-01  1.1553E-01
  4.6000E+01  6.3617E+00  4.4413E+01  1.0068E+00  9.6103E-01  1.0538E+00  2.2857E-01  1.2383E-01  1.3325E-01  1.0154E-01  1.1553E-01
  4.6000E+01  6.3617E+00  4.4413E+01  1.0068E+00  9.6103E-01  1.0538E+00  2.2857E-01  1.2383E-01  1.3325E-01  1.0154E-01  1.1553E-01
  4.6000E+01  6.3617E+00  4.4413E+01  1.0068E+00  9.6103E-01  1.0538E+00  2.2857E-01  1.2383E-01  1.3325E-01  1.0154E-01  1.1553E-01
  4.6000E+01  6.3617E+00  4.4413E+01  1.0068E+00  9.6103E-01  1.0538E+00  2.2857E-01  1.2383E-01  1.3325E-01  1.0154E-01  1.1553E-01
  4.6000E+01  6.3617E+00  4.4413E+01  1.0068E+00  9.6103E-01  1.0538E+00  2.2857E-01  1.2383E-01  1.3325E-01  1.0154E-01  1.1553E-01
  4.6000E+01  6.3617E+00  4.4413E+01  1.0068E+00  9.6103E-01  1.0538E+00  2.2857E-01  1.2383E-01  1.3325E-01  1.0154E-01  1.1553E-01
  4.6000E+01  6.3617E+00  4.4413E+01  1.0068E+00  9.6103E-01  1.0538E+00  2.2857E-01  1.2383E-01  1.3325E-01  1.0154E-01  1.1553E-01
  4.6000E+01  6.3617E+00  4.4413E+01  1.0068E+00  9.6103E-01  1.0538E+00  2.2857E-01  1.2383E-01  1.3325E-01  1.0154E-01  1.1553E-01
  4.7000E+01  3.7857E+00  2.9567E+01  6.7175E-01  1.7542E+00  6.3441E-01 -2.9048E-01 -2.8303E-01 -2.0182E-01  7.0331E-01 -3.9197E-01
  4.7000E+01  3.7857E+00  2.9567E+01  6.7175E-01  1.7542E+00  6.3441E-01 -2.9048E-01 -2.8303E-01 -2.0182E-01  7.0331E-01 -3.9197E-01
  4.7000E+01  3.7857E+00  2.9567E+01  6.7175E-01  1.7542E+00  6.3441E-01 -2.9048E-01 -2.8303E-01 -2.0182E-01  7.0331E-01 -3.9197E-01
  4.7000E+01  3.7857E+00  2.9567E+01  6.7175E-01  1.7542E+00  6.3441E-01 -2.9048E-01 -2.8303E-01 -2.0182E-01  7.0331E-01 -3.9197E-01
  4.7000E+01  3.7857E+00  2.9567E+01  6.7175E-01  1.7542E+00  6.3441E-01 -2.9048E-01 -2.8303E-01 -2.0182E-01  7.0331E-01 -3.9197E-01
  4.7000E+01  3.7857E+00  2.9567E+01  6.7175E-01  1.7542E+00  6.3441E-01 -2.9048E-01 -2.8303E-01 -2.0182E-01  7.0331E-01 -3.9197E-01
  4.7000E+01  3.7857E+00  2.9567E+01  6.7175E-01  1.7542E+00  6.3441E-01 -2.9048E-01 -2.8303E-01 -2.0182E-01  7.0331E-01 -3.9197E-01
  4.7000E+01  3.7857E+00  2.9567E+01  6.7175E-01  1.7542E+00  6.3441E-01 -2.9048E-01 -2.8303E-01 -2.0182E-01  7.0331E-01 -3.9197E-01
  4.7000E+01  3.7857E+00  2.9567E+01  6.7175E-01  1.7542E+00  6.3441E-01 -2.9048E-01 -2.8303E-01 -2.0182E-01  7.0331E-01 -3.9197E-01
  4.7000E+01  3.7857E+00  2.9567E+01  6.7175E-01  1.7542E+00  6.3441E-01 -2.9048E-01 -2.8303E-01 -2.0182E-01  7.0331E-01 -3.9197E-01
  4.7000E+01  3.7857E+00  2.9567E+01  6.7175E-01  1.7542E+00  6.3441E-01 -2.9048E-01 -2.8303E-01 -2.0182E-01  7.0331E-01 -3.9197E-01
  4.7000E+01  3.7857E+00  2.9567E+01  6.7175E-01  1.7542E+00  6.3441E-01 -2.9048E-01 -2.8303E-01 -2.0182E-01  7.0331E-01 -3.9197E-01
  4.7000E+01  3.7857E+00  2.9567E+01  6.7175E-01  1.7542E+00  6.3441E-01 -2.9048E-01 -2.8303E-01 -2.0182E-01  7.0331E-01 -3.9197E-01
  4.8000E+01  5.8798E+00  4.6284E+01  2.7816E-01  8.8068E-01  1.0434E+00  1.4980E-01  1.6509E-01 -5.9541E-01  1.4231E-02  1.0557E-01
  4.8000E+01  5.8798E+00  4.6284E+01  2.7816E-01  8.8068E-01  1.0434E+00  1.4980E-01  1.6509E-01 -5.9541E-01  1.4231E-02  1.0557E-01
  4.8000E+01  5.8798E+00  4.6284E+01  2.7816E-01  8.8068E-01  1.0434E+00  1.4980E-01  1.6509E-01 -5.9541E-01  1.4231E-02  1.0557E-01
  4.8000E+01  5.8798E+00  4.6284E+01  2.7816E-01  8.8068E-01  1.0434E+00  1.4980E-01  1.6509E-01 -5.9541E-01  1.4231E-02  1.0557E-01
  4.8000E+01  5.8798E+00  4.6284E+01  2.7816E-01  8.8068E-01  1.0434E+00  1.4980E-01  1.6509E-01 -5.9541E-01  1.4231E-02  1.0557E-01
  4.8000E+01  5.8798E+00  4.6284E+01  2.7816E-01  8.8068E-01  1.0434E+00  1.4980E-01  1.6509E-01 -5.9541E-01  1.4231E-02  1.0557E-01
  4.8000E+01  5.8798E+00  4.6284E+01  2.7816E-01  8.8068E-01  1.0434E+00  1.4980E-01  1.6509E-01 -5.9541E-01  1.4231E-02  1.0557E-01
  4.8000E+01  5.8798E+00  4.6284E+01  2.7816E-01  8.8068E-01  1.0434E+00  1.4980E-01  1.6509E-01 -5.9541E-01  1.4231E-02  1.0557E-01
  4.8000E+01  5.8798E+00  4.6284E+01  2.7816E-01  8.8068E-01  1.0434E+00  1.4980E-01  1.6509E-01 -5.9541E-01  1.4231E-02  1.0557E-01
  4.8000E+01  5.8798E+00  4.6284E+01  2.7816E-01  8.8068E-01  1.0434E+00  1.4980E-01  1.6509E-01 -5.9541E-01  1.4231E-02  1.0557E-01
  4.8000E+01  5.8798E+00  4.6284E+01  2.7816E-01  8.8068E-01  1.0434E+00  1.4980E-01  1.6509E-01 -5.9541E-01  1.4231E-02  1.0557E-01
  4.8000E+01  5.8798E+00  4.6284E+01  2.7816E-01  8.8068E-01  1.0434E+00  1.4980E-01  1.6509E-01 -5.9541E-01  1.4231E-02  1.0557E-01
  4.8000E+01  5.8798E+00  4.6284E+01  2.7816E-01  8.8068E-01  1.0434E+00  1.4980E-01  1.6509E-01 -5.9541E-01  1.4231E-02  1.0557E-01
  4.9000E+01  3.4172E+00  4.9162E+01  5.0942E-01  7.2864E-01  9.1049E-01 -3.9290E-01  2.2542E-01 -3.6414E-01 -1.7529E-01 -3.0675E-02
  4.9000E+01  3.4172E+00  4.9162E+01  5.0942E-01  7.2864E-01  9.1049E-01 -3.9290E-01  2.2542E-01 -3.6414E-01 -1.7529E-01 -3.0675E-02
  4.9000E+01  3.4172E+00  4.9162E+01  5.0942E-01  7.2864E-01  9.1049E-01 -3.9290E-01  2.2542E-01 -3.6414E-01 -1.7529E-01 -3.0675E-02
  4.9000E+01  3.4172E+00  4.9162E+01  5.0942E-01  7.2864E-01  9.1049E-01 -3.9290E-01  2.2542E-01 -3.6414E-01 -1.7529E-01 -3.0675E-02
  4.9000E+01  3.4172E+00  4.9162E+01  5.0942E-01  7.2864E-01  9.1049E-01 -3.9290E-01  2.2542E-01 -3.6414E-01 -1.7529E-01 -3.0675E-02
  4.9000E+01  3.4172E+00  4.9162E+01  5.0942E-01  7.2864E-01  9.1049E-01 -3.9290E-01  2.2542E-01 -3.6414E-01 -1.7529E-01 -3.0675E-02
  4.9000E+01  3.4172E+00  4.9162E+01  5.0942E-01  7.2864E-01  9.1049E-01 -3.9290E-01  2.2542E-01 -3.6414E-01 -1.7529E-01 -3.0675E-02
  4.9000E+01  3.4172E+00  4.9162E+01  5.0942E-01  7.2864E-01  9.1049E-01 -3.9290E-01  2.2542E-01 -3.6414E-01 -1.7529E-01 -3.0675E-02
  4.9000E+01  3.4172E+00  4.9162E+01  5.0942E-01  7.2864E-01  9.1049E-01 -3.9290E-01  2.2542E-01 -3.6414E-01 -1.7529E-01 -3.0675E-02
  4.9000E+01  3.4172E+00  4.9162E+01  5.0942E-01  7.2864E-01  9.1049E-01 -3.9290E-01  2.2542E-01 -3.6414E-01 -1.7529E-01 -3.0675E-02
  4.9000E+01  3.4172E+00  4.9162E+01  5.0942E-01  7.2864E-01  9.1049E-01 -3.9290E-01  2.2542E-01 -3.6414E-01 -1.7529E-01 -3.0675E-02
  4.9000E+01  3.4172E+00  4.9162E+01  5.0942E-01  7.2864E-01  9.1049E-01 -3.9290E-01  2.2542E-01 -3.6414E-01 -1.7529E-01 -3.0675E-02
  4.9000E+01  3.4172E+00  4.9162E+01  5.0942E-01  7.2864E-01  9.1049E-01 -3.9290E-01  2.2542E-01 -3.6414E-01 -1.7529E-01 -3.0675E-02
  5.0000E+01  3.1892E+00  3.4855E+01  6.1804E-01  8.0298E-01  5.3031E-01 -4.6195E-01 -1.1851E-01 -2.5553E-01 -7.8137E-02 -5.7120E-01
  5.0000E+01  3.1892E+00  3.4855E+01  6.1804E-01  8.0298E-01  5.3031E-01 -4.6195E-01 -1.1851E-01 -2.5553E-01 -7.8137E-02 -5.7120E-01
  5.0000E+01  3.1892E+00  3.4855E+01  6.1804E-01  8.0298E-01  5.3031E-01 -4.6195E-01 -1.1851E-01 -2.5553E-01 -7.8137E-02 -5.7120E-01
  5.0000E+01  3.1892E+00  3.4855E+01  6.1804E-01  8.0298E-01  5.3031E-01 -4.6195E-01 -1.1851E-01 -2.5553E-01 -7.8137E-02 -5.7120E-01
  5.0000E+01  3.1892E+00  3.4855E+01  6.1804E-01  8.0298E-01  5.3031E-01 -4.6195E-01 -1.1851E-01 -2.5553E-01 -7.8137E-02 -5.7120E-01
  5.0000E+01  3.1892E+00  3.4855E+01  6.1804E-01  8.0298E-01  5.3031E-01 -4.6195E-01 -1.1851E-01 -2.5553E-01 -7.8137E-02 -5.7120E-01
  5.0000E+01  3.1892E+00  3.4855E+01  6.1804E-01  8.0298E-01  5.3031E-01 -4.6195E-01 -1.1851E-01 -2.5553E-01 -7.8137E-02 -5.7120E-01
  5.0000E+01  3.1892E+00  3.4855E+01  6.1804E-01  8.0298E-01  5.3031E-01 -4.6195E-01 -1.1851E-01 -2.5553E-01 -7.8137E-02 -5.7120E-01
  5.0000E+01  3.1892E+00  3.4855E+01  6.1804E-01  8.0298E-01  5.3031E-01 -4.6195E-01 -1.1851E-01 -2.5553E-01 -7.8137E-02 -5.7120E-01
  5.0000E+01  3.1892E+00  3.4855E+01  6.1804E-01  8.0298E-01  5.3031E-01 -4.6195E-01 -1.1851E-01 -2.5553E-01 -7.8137E-02 -5.7120E-01
  5.0000E+01  3.1892E+00  3.4855E+01  6.1804E-01  8.0298E-01  5.3031E-01 -4.6195E-01 -1.1851E-01 -2.5553E-01 -7.8137E-02 -5.7120E-01
  5.0000E+01  3.1892E+00  3.4855E+01  6.1804E-01  8.0298E-01  5.3031E-01 -4.6195E-01 -1.1851E-01 -2.5553E-01 -7.8137E-02 -5.7120E-01
  5.0000E+01  3.1892E+00  3.4855E+01  6.1804E-01  8.0298E-01  5.3031E-01 -4.6195E-01 -1.1851E-01 -2.5553E-01 -7.8137E-02 -5.7120E-01
  5.1000E+01  5.3775E+00  4.0651E+01  1.1586E+00  7.9103E-01  8.1236E-01  6.0514E-02  3.5321E-02  2.8506E-01 -9.3133E-02 -1.4472E-01
  5.1000E+01  5.3775E+00  4.0651E+01  1.1586E+00  7.9103E-01  8.1236E-01  6.0514E-02  3.5321E-02  2.8506E-01 -9.3133E-02 -1.4472E-01
  5.1000E+01  5.3775E+00  4.0651E+01  1.1586E+00  7.9103E-01  8.1236E-01  6.0514E-02  3.5321E-02  2.8506E-01 -9.3133E-02 -1.4472E-01
  5.1000E+01  5.3775E+00  4.0651E+01  1.1586E+00  7.9103E-01  8.1236E-01  6.0514E-02  3.5321E-02  2.8506E-01 -9.3133E-02 -1.4472E-01
  5.1000E+01  5.3775E+00  4.0651E+01  1.1586E+00  7.9103E-01  8.1236E-01  6.0514E-02  3.5321E-02  2.8506E-01 -9.3133E-02 -1.4472E-01
  5.1000E+01  5.3775E+00  4.0651E+01  1.1586E+00  7.9103E-01  8.1236E-01  6.0514E-02  3.5321E-02  2.8506E-01 -9.3133E-02 -1.4472E-01
  5.1000E+01  5.3775E+00  4.0651E+01  1.1586E+00  7.9103E-01  8.1236E-01  6.0514E-02  3.5321E-02  2.8506E-01 -9.3133E-02 -1.4472E-01
  5.1000E+01  5.3775E+00  4.0651E+01  1.1586E+00  7.9103E-01  8.1236E-01  6.0514E-02  3.5321E-02  2.8506E-01 -9.3133E-02 -1.4472E-01
  5.1000E+01  5.3775E+00  4.0651E+01  1.1586E+00  7.9103E-01  8.1236E-01  6.0514E-02  3.5321E-02  2.8506E-01 -9.3133E-02 -1.4472E-01
  5.1000E+01  5.3775E+00  4.0651E+01  1.1586E+00  7.9103E-01  8.1236E-01  6.0514E-02  3.5321E-02  2.8506E-01 -9.3133E-02 -1.4472E-01
  5.1000E+01  5.3775E+00  4.0651E+01  1.1586E+00  7.9103E-01  8.1236E-01  6.0514E-02  3.5321E-02  2.8506E-01 -9.3133E-02 -1.4472E-01
  5.1000E+01  5.3775E+00  4.0651E+01  1.1586E+00  7.9103E-01  8.1236E-01  6.0514E-02  3.5321E-02  2.8506E-01 -9.3133E-02 -1.4472E-01
  5.1000E+01  5.3775E+00  4.0651E+01  1.1586E+00  7.9103E-01  8.1236E-01  6.0514E-02  3.5321E-02  2.8506E-01 -9.3133E-02 -1.4472E-01
  5.2000E+01  5.3105E+00  4.2266E+01  9.8654E-01  1.0808E+00  5.8070E-01  4.7969E-02  7.4277E-02  1.1298E-01  2.1903E-01 -4.8042E-01
  5.2000E+01  5.3105E+00  4.2266E+01  9.8654E-01  1.0808E+00  5.8070E-01  4.7969E-02  7.4277E-02  1.1298E-01  2.1903E-01 -4.8042E-01
  5.2000E+01  5.3105E+00  4.2266E+01  9.8654E-01  1.0808E+00  5.8070E-01  4.7969E-02  7.4277E-02  1.1298E-01  2.1903E-01 -4.8042E-01
  5.2000E+01  5.3105E+00  4.2266E+01  9.8654E-01  1.0808E+00  5.8070E-01  4.7969E-02  7.4277E-02  1.1298E-01  2.1903E-01 -4.8042E-01
  5.2000E+01  5.3105E+00  4.2266E+01  9.8654E-01  1.0808E+00  5.8070E-01  4.7969E-02  7.4277E-02  1.1298E-01  2.1903E-01 -4.8042E-01
  5.2000E+01  5.3105E+00  4.2266E+01  9.8654E-01  1.0808E+00  5.8070E-01  4.7969E-02  7.4277E-02  1.1298E-01  2.1903E-01 -4.8042E-01
  5.2000E+01  5.3105E+00  4.2266E+01  9.8654E-01  1.0808E+00  5.8070E-01  4.7969E-02  7.4277E-02  1.1298E-01  2.1903E-01 -4.8042E-01
  5.2000E+01  5.3105E+00  4.2266E+01  9.8654E-01  1.0808E+00  5.8070E-01  4.7969E-02  7.4277E-02  1.1298E-01  2.1903E-01 -4.8042E-01
  5.2000E+01  5.3105E+00  4.2266E+01  9.8654E-01  1.0808E+00  5.8070E-01  4.7969E-02  7.4277E-02  1.1298E-01  2.1903E-01 -4.8042E-01
  5.2000E+01  5.3105E+00  4.2266E+01  9.8654E-01  1.0808E+00  5.8070E-01  4.7969E-02  7.4277E-02  1.1298E-01  2.1903E-01 -4.8042E-01
  5.2000E+01  5.3105E+00  4.2266E+01  9.8654E-01  1.0808E+00  5.8070E-01  4.7969E-02  7.4277E-02  1.1298E-01  2.1903E-01 -4.8042E-01
  5.2000E+01  5.3105E+00  4.2266E+01  9.8654E-01  1.0808E+00  5.8070E-01  4.7969E-02  7.4277E-02  1.1298E-01  2.1903E-01 -4.8042E-01
  5.2000E+01  5.3105E+00  4.2266E+01  9.8654E-01  1.0808E+00  5.8070E-01  4.7969E-02  7.4277E-02  1.1298E-01  2.1903E-01 -4.8042E-01
  5.3000E+01  4.0205E+00  4.3666E+01  1.2078E+00  8.2375E-01  1.1406E+00 -2.3030E-01  1.0686E-01  3.3421E-01 -5.2600E-02  1.9465E-01
  5.3000E+01  4.0205E+00  4.3666E+01  1.2078E+00  8.2375E-01  1.1406E+00 -2.3030E-01  1.0686E-01  3.3421E-01 -5.2600E-02  1.9465E-01
  5.3000E+01  4.0205E+00  4.3666E+01  1.2078E+00  8.2375E-01  1.1406E+00 -2.3030E-01  1.0686E-01  3.3421E-01 -5.2600E-02  1.9465E-01
  5.3000E+01  4.0205E+00  4.3666E+01  1.2078E+00  8.2375E-01  1.1406E+00 -2.3030E-01  1.0686E-01  3.3421E-01 -5.2600E-02  1.9465E-01
  5.3000E+01  4.0205E+00  4.3666E+01  1.2078E+00  8.2375E-01  1.1406E+00 -2.3030E-01  1.0686E-01  3.3421E-01 -5.2600E-02  1.9465E-01
  5.3000E+01  4.0205E+00  4.3666E+01  1.2078E+00  8.2375E-01  1.1406E+00 -2.3030E-01  1.0686E-01  3.3421E-01 -5.2600E-02  1.9465E-01
  5.3000E+01  4.0205E+00  4.3666E+01  1.2078E+00  8.2375E-01  1.1406E+00 -2.3030E-01  1.0686E-01  3.3421E-01 -5.2600E-02  1.9465E-01
  5.3000E+01  4.0205E+00  4.3666E+01  1.2078E+00  8.2375E-01  1.1406E+00 -2.3030E-01  1.0686E-01  3.3421E-01 -5.2600E-02  1.9465E-01
  5.3000E+01  4.0205E+00  4.3666E+01  1.2078E+00  8.2375E-01  1.1406E+00 -2.3030E-01  1.0686E-01  3.3421E-01 -5.2600E-02  1.9465E-01
  5.3000E+01  4.0205E+00  4.3666E+01  1.2078E+00  8.2375E-01  1.1406E+00 -2.3030E-01  1.0686E-01  3.3421E-01 -5.2600E-02  1.9465E-01
  5.3000E+01  4.0205E+00  4.3666E+01  1.2078E+00  8.2375E-01  1.1406E+00 -2.3030E-01  1.0686E-01  3.3421E-01 -5.2600E-02  1.9465E-01
  5.3000E+01  4.0205E+00  4.3666E+01  1.2078E+00  8.2375E-01  1.1406E+00 -2.3030E-01  1.0686E-01  3.3421E-01 -5.2600E-02  1.9465E-01
  5.3000E+01  4.0205E+00  4.3666E+01  1.2078E+00  8.2375E-01  1.1406E+00 -2.3030E-01  1.0686E-01  3.3421E-01 -5.2600E-02  1.9465E-01
  5.4000E+01  3.9912E+00  3.1540E+01  9.0922E-01  7.2876E-01  8.7785E-01 -2.3763E-01 -2.1844E-01  3.5653E-02 -1.7513E-01 -6.7178E-02
  5.4000E+01  3.9912E+00  3.1540E+01  9.0922E-01  7.2876E-01  8.7785E-01 -2.3763E-01 -2.1844E-01  3.5653E-02 -1.7513E-01 -6.7178E-02
  5.4000E+01  3.9912E+00  3.1540E+01  9.0922E-01  7.2876E-01  8.7785E-01 -2.3763E-01 -2.1844E-01  3.5653E-02 -1.7513E-01 -6.7178E-02
  5.4000E+01  3.9912E+00  3.1540E+01  9.0922E-01  7.2876E-01  8.7785E-01 -2.3763E-01 -2.1844E-01  3.5653E-02 -1.7513E-01 -6.7178E-02
  5.4000E+01  3.9912E+00  3.1540E+01  9.0922E-01  7.2876E-01  8.7785E-01 -2.3763E-01 -2.1844E-01  3.5653E-02 -1.7513E-01 -6.7178E-02
  5.4000E+01  3.9912E+00  3.1540E+01  9.0922E-01  7.2876E-01  8.7785E-01 -2.3763E-01 -2.1844E-01  3.5653E-02 -1.7513E-01 -6.7178E-02
  5.4000E+01  3.9912E+00  3.1540E+01  9.0922E-01  7.2876E-01  8.7785E-01 -2.3763E-01 -2.1844E-01  3.5653E-02 -1.7513E-01 -6.7178E-02
  5.4000E+01  3.9912E+00  3.1540E+01  9.0922E-01  7.2876E-01  8.7785E-01 -2.3763E-01 -2.1844E-01  3.5653E-02 -1.7513E-01 -6.7178E-02
  5.4000E+01  3.9912E+00  3.1540E+01  9.0922E-01  7.2876E-01  8.7785E-01 -2.3763E-01 -2.1844E-01  3.5653E-02 -1.7513E-01 -6.7178E-02
  5.4000E+01  3.9912E+00  3.1540E+01  9.0922E-01  7.2876E-01  8.7785E-01 -2.3763E-01 -2.1844E-01  3.5653E-02 -1.7513E-01 -6.7178E-02
  5.4000E+01  3.9912E+00  3.1540E+01  9.0922E-01  7.2876E-01  8.7785E-01 -2.3763E-01 -2.1844E-01  3.5653E-02 -1.7513E-01 -6.7178E-02
  5.4000E+01  3.9912E+00  3.1540E+01  9.0922E-01  7.2876E-01  8.7785E-01 -2.3763E-01 -2.1844E-01  3.5653E-02 -1.7513E-01 -6.7178E-02
  5.4000E+01  3.9912E+00  3.1540E+01  9.0922E-01  7.2876E-01  8.7785E-01 -2.3763E-01 -2.1844E-01  3.5653E-02 -1.7513E-01 -6.7178E-02
  5.5000E+01  3.5412E+00  3.8961E+01  1.0839E+00  7.1369E-01  1.1357E+00 -3.5724E-01 -7.1364E-03  2.1036E-01 -1.9602E-01  1.9032E-01
  5.5000E+01  3.5412E+00  3.8961E+01  1.0839E+00  7.1369E-01  1.1357E+00 -3.5724E-01 -7.1364E-03  2.1036E-01 -1.9602E-01  1.9032E-01
  5.5000E+01  3.5412E+00  3.8961E+01  1.0839E+00  7.1369E-01  1.1357E+00 -3.5724E-01 -7.1364E-03  2.1036E-01 -1.9602E-01  1.9032E-01
  5.5000E+01  3.5412E+00  3.8961E+01  1.0839E+00  7.1369E-01  1.1357E+00 -3.5724E-01 -7.1364E-03  2.1036E-01 -1.9602E-01  1.9032E-01
  5.5000E+01  3.5412E+00  3.8961E+01  1.0839E+00  7.1369E-01  1.1357E+00 -3.5724E-01 -7.1364E-03  2.1036E-01 -1.9602E-01  1.9032E-01
  5.5000E+01  3.5412E+00  3.8961E+01  1.0839E+00  7.1369E-01  1.1357E+00 -3.5724E-01 -7.1364E-03  2.1036E-01 -1.9602E-01  1.9032E-01
  5.5000E+01  3.5412E+00  3.8961E+01  1.0839E+00  7.1369E-01  1.1357E+00 -3.5724E-01 -7.1364E-03  2.1036E-01 -1.9602E-01  1.9032E-01
  5.5000E+01  3.5412E+00  3.8961E+01  1.0839E+00  7.1369E-01  1.1357E+00 -3.5724E-01 -7.1364E-03  2.1036E-01 -1.9602E-01  1.9032E-01
  5.5000E+01  3.5412E+00  3.8961E+01  1.0839E+00  7.1369E-01  1.1357E+00 -3.5724E-01 -7.1364E-03  2.1036E-01 -1.9602E-01  1.9032E-01
  5.5000E+01  3.5412E+00  3.8961E+01  1.0839E+00  7.1369E-01  1.1357E+00 -3.5724E-01 -7.1364E-03  2.1036E-01 -1.9602E-01  1.9032E-01
  5.5000E+01  3.5412E+00  3.8961E+01  1.0839E+00  7.1369E-01  1.1357E+00 -3.5724E-01 -7.1364E-03  2.1036E-01 -1.9602E-01  1.9032E-01
  5.5000E+01  3.5412E+00  3.8961E+01  1.0839E+00  7.1369E-01  1.1357E+00 -3.5724E-01 -7.1364E-03  2.1036E-01 -1.9602E-01  1.9032E-01
  5.5000E+01  3.5412E+00  3.8961E+01  1.0839E+00  7.1369E-01  1.1357E+00 -3.5724E-01 -7.1364E-03  2.1036E-01 -1.9602E-01  1.9032E-01
  5.6000E+01  3.1935E+00  3.9077E+01  9.4395E-01  7.3055E-01  1.1662E+00 -4.6059E-01 -4.1678E-03  7.0385E-02 -1.7268E-01  2.1685E-01
  5.6000E+01  3.1935E+00  3.9077E+01  9.4395E-01  7.3055E-01  1.1662E+00 -4.6059E-01 -4.1678E-03  7.0385E-02 -1.7268E-01  2.1685E-01
  5.6000E+01  3.1935E+00  3.9077E+01  9.4395E-01  7.3055E-01  1.1662E+00 -4.6059E-01 -4.1678E-03  7.0385E-02 -1.7268E-01  2.1685E-01
  5.6000E+01  3.1935E+00  3.9077E+01  9.4395E-01  7.3055E-01  1.1662E+00 -4.6059E-01 -4.1678E-03  7.0385E-02 -1.7268E-01  2.1685E-01
  5.6000E+01  3.1935E+00  3.9077E+01  9.4395E-01  7.3055E-01  1.1662E+00 -4.6059E-01 -4.1678E-03  7.0385E-02 -1.7268E-01  2.1685E-01
  5.6000E+01  3.1935E+00  3.9077E+01  9.4395E-01  7.3055E-01  1.1662E+00 -4.6059E-01 -4.1678E-03  7.0385E-02 -1.7268E-01  2.1685E-01
  5.6000E+01  3.1935E+00  3.9077E+01  9.4395E-01  7.3055E-01  1.1662E+00 -4.6059E-01 -4.1678E-03  7.0385E-02 -1.7268E-01  2.1685E-01
  5.6000E+01  3.1935E+00  3.9077E+01  9.4395E-01  7.3055E-01  1.1662E+00 -4.6059E-01 -4.1678E-03  7.0385E-02 -1.7268E-01  2.1685E-01
  5.6000E+01  3.1935E+00  3.9077E+01  9.4395E-01  7.3055E-01  1.1662E+00 -4.6059E-01 -4.1678E-03  7.0385E-02 -1.7268E-01  2.1685E-01
  5.6000E+01  3.1935E+00  3.9077E+01  9.4395E-01  7.3055E-01  1.1662E+00 -4.6059E-01 -4.1678E-03  7.0385E-02 -1.7268E-01  2.1685E-01
  5.6000E+01  3.1935E+00  3.9077E+01  9.4395E-01  7.3055E-01  1.1662E+00 -4.6059E-01 -4.1678E-03  7.0385E-02 -1.7268E-01  2.1685E-01
  5.6000E+01  3.1935E+00  3.9077E+01  9.4395E-01  7.3055E-01  1.1662E+00 -4.6059E-01 -4.1678E-03  7.0385E-02 -1.7268E-01  2.1685E-01
  5.6000E+01  3.1935E+00  3.9077E+01  9.4395E-01  7.3055E-01  1.1662E+00 -4.6059E-01 -4.1678E-03  7.0385E-02 -1.7268E-01  2.1685E-01
  5.7000E+01  5.5869E+00  3.3624E+01  8.2558E-01  1.0732E+00  1.2653E+00  9.8699E-02 -1.5448E-01 -4.7990E-02  2.1197E-01  2.9845E-01
  5.7000E+01  5.5869E+00  3.3624E+01  8.2558E-01  1.0732E+00  1.2653E+00  9.8699E-02 -1.5448E-01 -4.7990E-02  2.1197E-01  2.9845E-01
  5.7000E+01  5.5869E+00  3.3624E+01  8.2558E-01  1.0732E+00  1.2653E+00  9.8699E-02 -1.5448E-01 -4.7990E-02  2.1197E-01  2.9845E-01
  5.7000E+01  5.5869E+00  3.3624E+01  8.2558E-01  1.0732E+00  1.2653E+00  9.8699E-02 -1.5448E-01 -4.7990E-02  2.1197E-01  2.9845E-01
  5.7000E+01  5.5869E+00  3.3624E+01  8.2558E-01  1.0732E+00  1.2653E+00  9.8699E-02 -1.5448E-01 -4.7990E-02  2.1197E-01  2.9845E-01
  5.7000E+01  5.5869E+00  3.3624E+01  8.2558E-01  1.0732E+00  1.2653E+00  9.8699E-02 -1.5448E-01 -4.7990E-02  2.1197E-01  2.9845E-01
  5.7000E+01  5.5869E+00  3.3624E+01  8.2558E-01  1.0732E+00  1.2653E+00  9.8699E-02 -1.5448E-01 -4.7990E-02  2.1197E-01  2.9845E-01
  5.7000E+01  5.5869E+00  3.3624E+01  8.2558E-01  1.0732E+00  1.2653E+00  9.8699E-02 -1.5448E-01 -4.7990E-02  2.1197E-01  2.9845E-01
  5.7000E+01  5.5869E+00  3.3624E+01  8.2558E-01  1.0732E+00  1.2653E+00  9.8699E-02 -1.5448E-01 -4.7990E-02  2.1197E-01  2.9845E-01
  5.7000E+01  5.5869E+00  3.3624E+01  8.2558E-01  1.0732E+00  1.2653E+00  9.8699E-02 -1.5448E-01 -4.7990E-02  2.1197E-01  2.9845E-01
  5.7000E+01  5.5869E+00  3.3624E+01  8.2558E-01  1.0732E+00  1.2653E+00  9.8699E-02 -1.5448E-01 -4.7990E-02  2.1197E-01  2.9845E-01
  5.7000E+01  5.5869E+00  3.3624E+01  8.2558E-01  1.0732E+00  1.2653E+00  9.8699E-02 -1.5448E-01 -4.7990E-02  2.1197E-01  2.9845E-01
  5.7000E+01  5.5869E+00  3.3624E+01  8.2558E-01  1.0732E+00  1.2653E+00  9.8699E-02 -1.5448E-01 -4.7990E-02  2.1197E-01  2.9845E-01
  5.8000E+01  3.5000E+00  2.9627E+01  5.4282E-01  1.0202E+00  1.1765E+00 -3.6895E-01 -2.8103E-01 -3.3075E-01  1.6125E-01  2.2565E-01
  5.8000E+01  3.5000E+00  2.9627E+01  5.4282E-01  1.0202E+00  1.1765E+00 -3.6895E-01 -2.8103E-01 -3.3075E-01  1.6125E-01  2.2565E-01
  5.8000E+01  3.5000E+00  2.9627E+01  5.4282E-01  1.0202E+00  1.1765E+00 -3.6895E-01 -2.8103E-01 -3.3075E-01  1.6125E-01  2.2565E-01
  5.8000E+01  3.5000E+00  2.9627E+01  5.4282E-01  1.0202E+00  1.1765E+00 -3.6895E-01 -2.8103E-01 -3.3075E-01  1.6125E-01  2.2565E-01
  5.8000E+01  3.5000E+00  2.9627E+01  5.4282E-01  1.0202E+00  1.1765E+00 -3.6895E-01 -2.8103E-01 -3.3075E-01  1.6125E-01  2.2565E-01
  5.8000E+01  3.5000E+00  2.9627E+01  5.4282E-01  1.0202E+00  1.1765E+00 -3.6895E-01 -2.8103E-01 -3.3075E-01  1.6125E-01  2.2565E-01
  5.8000E+01  3.5000E+00  2.9627E+01  5.4282E-01  1.0202E+00  1.1765E+00 -3.6895E-01 -2.8103E-01 -3.3075E-01  1.6125E-01  2.2565E-01
  5.8000E+01  3.5000E+00  2.9627E+01  5.4282E-01  1.0202E+00  1.1765E+00 -3.6895E-01 -2.8103E-01 -3.3075E-01  1.6125E-01  2.2565E-01
  5.8000E+01  3.5000E+00  2.9627E+01  5.4282E-01  1.0202E+00  1.1765E+00 -3.6895E-01 -2.8103E-01 -3.3075E-01  1.6125E-01  2.2565E-01
  5.8000E+01  3.5000E+00  2.9627E+01  5.4282E-01  1.0202E+00  1.1765E+00 -3.6895E-01 -2.8103E-01 -3.3075E-01  1.6125E-01  2.2565E-01
  5.8000E+01  3.5000E+00  2.9627E+01  5.4282E-01  1.0202E+00  1.1765E+00 -3.6895E-01 -2.8103E-01 -3.3075E-01  1.6125E-01  2.2565E-01
  5.8000E+01  3.5000E+00  2.9627E+01  5.4282E-01  1.0202E+00  1.1765E+00 -3.6895E-01 -2.8103E-01 -3.3075E-01  1.6125E-01  2.2565E-01
  5.8000E+01  3.5000E+00  2.9627E+01  5.4282E-01  1.0202E+00  1.1765E+00 -3.6895E-01 -2.8103E-01 -3.3075E-01  1.6125E-01  2.2565E-01
  5.9000E+01  5.2109E+00  4.0314E+01  5.9998E-01  8.6610E-01  4.5537E-01  2.9044E-02  2.6993E-02 -2.7359E-01 -2.4627E-03 -7.2354E-01
  5.9000E+01  5.2109E+00  4.0314E+01  5.9998E-01  8.6610E-01  4.5537E-01  2.9044E-02  2.6993E-02 -2.7359E-01 -2.4627E-03 -7.2354E-01
  5.9000E+01  5.2109E+00  4.0314E+01  5.9998E-01  8.6610E-01  4.5537E-01  2.9044E-02  2.6993E-02 -2.7359E-01 -2.4627E-03 -7.2354E-01
  5.9000E+01  5.2109E+00  4.0314E+01  5.9998E-01  8.6610E-01  4.5537E-01  2.9044E-02  2.6993E-02 -2.7359E-01 -2.4627E-03 -7.2354E-01
  5.9000E+01  5.2109E+00  4.0314E+01  5.9998E-01  8.6610E-01  4.5537E-01  2.9044E-02  2.6993E-02 -2.7359E-01 -2.4627E-03 -7.2354E-01
  5.9000E+01  5.2109E+00  4.0314E+01  5.9998E-01  8.6610E-01  4.5537E-01  2.9044E-02  2.6993E-02 -2.7359E-01 -2.4627E-03 -7.2354E-01
  5.9000E+01  5.2109E+00  4.0314E+01  5.9998E-01  8.6610E-01  4.5537E-01  2.9044E-02  2.6993E-02 -2.7359E-01 -2.4627E-03 -7.2354E-01
  5.9000E+01  5.2109E+00  4.0314E+01  5.9998E-01  8.6610E-01  4.5537E-01  2.9044E-02  2.6993E-02 -2.7359E-01 -2.4627E-03 -7.2354E-01
  5.9000E+01  5.2109E+00  4.0314E+01  5.9998E-01  8.6610E-01  4.5537E-01  2.9044E-02  2.6993E-02 -2.7359E-01 -2.4627E-03 -7.2354E-01
  5.9000E+01  5.2109E+00  4.0314E+01  5.9998E-01  8.6610E-01  4.5537E-01  2.9044E-02  2.6993E-02 -2.7359E-01 -2.4627E-03 -7.2354E-01
  5.9000E+01  5.2109E+00  4.0314E+01  5.9998E-01  8.6610E-01  4.5537E-01  2.9044E-02  2.6993E-02 -2.7359E-01 -2.4627E-03 -7.2354E-01
  5.9000E+01  5.2109E+00  4.0314E+01  5.9998E-01  8.6610E-01  4.5537E-01  2.9044E-02  2.6993E-02 -2.7359E-01 -2.4627E-03 -7.2354E-01
  5.9000E+01  5.2109E+00  4.0314E+01  5.9998E-01  8.6610E-01  4.5537E-01  2.9044E-02  2.6993E-02 -2.7359E-01 -2.4627E-03 -7.2354E-01
  6.0000E+01  4.5883E+00  4.1289E+01  6.0090E-01  1.0134E+00  1.1850E+00 -9.8209E-02  5.0901E-02 -2.7267E-01  1.5461E-01  2.3288E-01
  6.0000E+01  4.5883E+00  4.1289E+01  6.0090E-01  1.0134E+00  1.1850E+00 -9.8209E-02  5.0901E-02 -2.7267E-01  1.5461E-01  2.3288E-01
  6.0000E+01  4.5883E+00  4.1289E+01  6.0090E-01  1.0134E+00  1.1850E+00 -9.8209E-02  5.0901E-02 -2.7267E-01  1.5461E-01  2.3288E-01
  6.0000E+01  4.5883E+00  4.1289E+01  6.0090E-01  1.0134E+00  1.1850E+00 -9.8209E-02  5.0901E-02 -2.7267E-01  1.5461E-01  2.3288E-01
  6.0000E+01  4.5883E+00  4.1289E+01  6.0090E-01  1.0134E+00  1.1850E+00 -9.8209E-02  5.0901E-02 -2.7267E-01  1.5461E-01  2.3288E-01
  6.0000E+01  4.5883E+00  4.1289E+01  6.0090E-01  1.0134E+00  1.1850E+00 -9.8209E-02  5.0901E-02 -2.7267E-01  1.5461E-01  2.3288E-01
  6.0000E+01  4.5883E+00  4.1289E+01  6.0090E-01  1.0134E+00  1.1850E+00 -9.8209E-02  5.0901E-02 -2.7267E-01  1.5461E-01  2.3288E-01
  6.0000E+01  4.5883E+00  4.1289E+01  6.0090E-01  1.0134E+00  1.1850E+00 -9.8209E-02  5.0901E-02 -2.7267E-01  1.5461E-01  2.3288E-01
  6.0000E+01  4.5883E+00  4.1289E+01  6.0090E-01  1.0134E+00  1.1850E+00 -9.8209E-02  5.0901E-02 -2.7267E-01  1.5461E-01  2.3288E-01
  6.0000E+01  4.5883E+00  4.1289E+01  6.0090E-01  1.0134E+00  1.1850E+00 -9.8209E-02  5.0901E-02 -2.7267E-01  1.5461E-01  2.3288E-01
  6.0000E+01  4.5883E+00  4.1289E+01  6.0090E-01  1.0134E+00  1.1850E+00 -9.8209E-02  5.0901E-02 -2.7267E-01  1.5461E-01  2.3288E-01
  6.0000E+01  4.5883E+00  4.1289E+01  6.0090E-01  1.0134E+00  1.1850E+00 -9.8209E-02  5.0901E-02 -2.7267E-01  1.5461E-01  2.3288E-01
  6.0000E+01  4.5883E+00  4.1289E+01  6.0090E-01  1.0134E+00  1.1850E+00 -9.8209E-02  5.0901E-02 -2.7267E-01  1.5461E-01  2.3288E-01
  6.1000E+01  4.9422E+00  3.4123E+01  1.0436E+00  1.4254E+00  7.4787E-01 -2.3913E-02 -1.3974E-01  1.7000E-01  4.9577E-01 -2.2743E-01
  6.1000E+01  4.9422E+00  3.4123E+01  1.0436E+00  1.4254E+00  7.4787E-01 -2.3913E-02 -1.3974E-01  1.7000E-01  4.9577E-01 -2.2743E-01
  6.1000E+01  4.9422E+00  3.4123E+01  1.0436E+00  1.4254E+00  7.4787E-01 -2.3913E-02 -1.3974E-01  1.7000E-01  4.9577E-01 -2.2743E-01
  6.1000E+01  4.9422E+00  3.4123E+01  1.0436E+00  1.4254E+00  7.4787E-01 -2.3913E-02 -1.3974E-01  1.7000E-01  4.9577E-01 -2.2743E-01
  6.1000E+01  4.9422E+00  3.4123E+01  1.0436E+00  1.4254E+00  7.4787E-01 -2.3913E-02 -1.3974E-01  1.7000E-01  4.9577E-01 -2.2743E-01
  6.1000E+01  4.9422E+00  3.4123E+01  1.0436E+00  1.4254E+00  7.4787E-01 -2.3913E-02 -1.3974E-01  1.7000E-01  4.9577E-01 -2.2743E-01
  6.1000E+01  4.9422E+00  3.4123E+01  1.0436E+00  1.4254E+00  7.4787E-01 -2.3913E-02 -1.3974E-01  1.7000E-01  4.9577E-01 -2.2743E-01
  6.1000E+01  4.9422E+00  3.4123E+01  1.0436E+00  1.4254E+00  7.4787E-01 -2.3913E-02 -1.3974E-01  1.7000E-01  4.9577E-01 -2.2743E-01
  6.1000E+01  4.9422E+00  3.4123E+01  1.0436E+00  1.4254E+00  7.4787E-01 -2.3913E-02 -1.3974E-01  1.7000E-01  4.9577E-01 -2.2743E-01
  6.1000E+01  4.9422E+00  3.4123E+01  1.0436E+00  1.4254E+00  7.4787E-01 -2.3913E-02 -1.3974E-01  1.7000E-01  4.9577E-01 -2.2743E-01
  6.1000E+01  4.9422E+00  3.4123E+01  1.0436E+00  1.4254E+00  7.4787E-01 -2.3913E-02 -1.3974E-01  1.7000E-01  4.9577E-01 -2.2743E-01
  6.1000E+01  4.9422E+00  3.4123E+01  1.0436E+00  1.4254E+00  7.4787E-01 -2.3913E-02 -1.3974E-01  1.7000E-01  4.9577E-01 -2.2743E-01
  6.1000E+01  4.9422E+00  3.4123E+01  1.0436E+00  1.4254E+00  7.4787E-01 -2.3913E-02 -1.3974E-01  1.7000E-01  4.9577E-01 -2.2743E-01
  6.2000E+01  4.6364E+00  4.4373E+01  1.4875E+00  7.9250E-01  1.3316E+00 -8.7784E-02  1.2293E-01  6.1389E-01 -9.1280E-02  3.4947E-01
  6.2000E+01  4.6364E+00  4.4373E+01  1.4875E+00  7.9250E-01  1.3316E+00 -8.7784E-02  1.2293E-01  6.1389E-01 -9.1280E-02  3.4947E-01
  6.2000E+01  4.6364E+00  4.4373E+01  1.4875E+00  7.9250E-01  1.3316E+00 -8.7784E-02  1.2293E-01  6.1389E-01 -9.1280E-02  3.4947E-01
  6.2000E+01  4.6364E+00  4.4373E+01  1.4875E+00  7.9250E-01  1.3316E+00 -8.7784E-02  1.2293E-01  6.1389E-01 -9.1280E-02  3.4947E-01
  6.2000E+01  4.6364E+00  4.4373E+01  1.4875E+00  7.9250E-01  1.3316E+00 -8.7784E-02  1.2293E-01  6.1389E-01 -9.1280E-02  3.4947E-01
  6.2000E+01  4.6364E+00  4.4373E+01  1.4875E+00  7.9250E-01  1.3316E+00 -8.7784E-02  1.2293E-01  6.1389E-01 -9.1280E-02  3.4947E-01
  6.2000E+01  4.6364E+00  4.4373E+01  1.4875E+00  7.9250E-01  1.3316E+00 -8.7784E-02  1.2293E-01  6.1389E-01 -9.1280E-02  3.4947E-01
  6.2000E+01  4.6364E+00  4.4373E+01  1.4875E+00  7.9250E-01  1.3316E+00 -8.7784E-02  1.2293E-01  6.1389E-01 -9.1280E-02  3.4947E-01
  6.2000E+01  4.6364E+00  4.4373E+01  1.4875E+00  7.9250E-01  1.3316E+00 -8.7784E-02  1.2293E-01  6.1389E-01 -9.1280E-02  3.4947E-01
  6.2000E+01  4.6364E+00  4.4373E+01  1.4875E+00  7.9250E-01  1.3316E+00 -8.7784E-02  1.2293E-01  6.1389E-01 -9.1280E-02  3.4947E-01
  6.2000E+01  4.6364E+00  4.4373E+01  1.4875E+00  7.9250E-01  1.3316E+00 -8.7784E-02  1.2293E-01  6.1389E-01 -9.1280E-02  3.4947E-01
  6.2000E+01  4.6364E+00  4.4373E+01  1.4875E+00  7.9250E-01  1.3316E+00 -8.7784E-02  1.2293E-01  6.1389E-01 -9.1280E-02  3.4947E-01
  6.2000E+01  4.6364E+00  4.4373E+01  1.4875E+00  7.9250E-01  1.3316E+00 -8.7784E-02  1.2293E-01  6.1389E-01 -9.1280E-02  3.4947E-01
  6.3000E+01  6.7498E+00  3.9608E+01  7.0698E-01  1.2642E+00  8.4301E-01  2.8780E-01  9.3274E-03 -1.6658E-01  3.7575E-01 -1.0768E-01
  6.3000E+01  6.7498E+00  3.9608E+01  7.0698E-01  1.2642E+00  8.4301E-01  2.8780E-01  9.3274E-03 -1.6658E-01  3.7575E-01 -1.0768E-01
  6.3000E+01  6.7498E+00  3.9608E+01  7.0698E-01  1.2642E+00  8.4301E-01  2.8780E-01  9.3274E-03 -1.6658E-01  3.7575E-01 -1.0768E-01
  6.3000E+01  6.7498E+00  3.9608E+01  7.0698E-01  1.2642E+00  8.4301E-01  2.8780E-01  9.3274E-03 -1.6658E-01  3.7575E-01 -1.0768E-01
  6.3000E+01  6.7498E+00  3.9608E+01  7.0698E-01  1.2642E+00  8.4301E-01  2.8780E-01  9.3274E-03 -1.6658E-01  3.7575E-01 -1.0768E-01
  6.3000E+01  6.7498E+00  3.9608E+01  7.0698E-01  1.2642E+00  8.4301E-01  2.8780E-01  9.3274E-03 -1.6658E-01  3.7575E-01 -1.0768E-01
  6.3000E+01  6.7498E+00  3.9608E+01  7.0698E-01  1.2642E+00  8.4301E-01  2.8780E-01  9.3274E-03 -1.6658E-01  3.7575E-01 -1.0768E-01
  6.3000E+01  6.7498E+00  3.9608E+01  7.0698E-01  1.2642E+00  8.4301E-01  2.8780E-01  9.3274E-03 -1.6658E-01  3.7575E-01 -1.0768E-01
  6.3000E+01  6.7498E+00  3.9608E+01  7.0698E-01  1.2642E+00  8.4301E-01  2.8780E-01  9.3274E-03 -1.6658E-01  3.7575E-01 -1.0768E-01
  6.3000E+01  6.7498E+00  3.9608E+01  7.0698E-01  1.2642E+00  8.4301E-01  2.8780E-01  9.3274E-03 -1.6658E-01  3.7575E-01 -1.0768E-01
  6.3000E+01  6.7498E+00  3.9608E+01  7.0698E-01  1.2642E+00  8.4301E-01  2.8780E-01  9.3274E-03 -1.6658E-01  3.7575E-01 -1.0768E-01
  6.3000E+01  6.7498E+00  3.9608E+01  7.0698E-01  1.2642E+00  8.4301E-01  2.8780E-01  9.3274E-03 -1.6658E-01  3.7575E-01 -1.0768E-01
  6.3000E+01  6.7498E+00  3.9608E+01  7.0698E-01  1.2642E+00  8.4301E-01  2.8780E-01  9.3274E-03 -1.6658E-01  3.7575E-01 -1.0768E-01
  6.4000E+01  5.0694E+00  3.5672E+01  1.0061E+00  9.6354E-01  1.6215E+00  1.5135E-03 -9.5354E-02  1.3254E-01  1.0414E-01  5.4647E-01
  6.4000E+01  5.0694E+00  3.5672E+01  1.0061E+00  9.6354E-01  1.6215E+00  1.5135E-03 -9.5354E-02  1.3254E-01  1.0414E-01  5.4647E-01
  6.4000E+01  5.0694E+00  3.5672E+01  1.0061E+00  9.6354E-01  1.6215E+00  1.5135E-03 -9.5354E-02  1.3254E-01  1.0414E-01  5.4647E-01
  6.4000E+01  5.0694E+00  3.5672E+01  1.0061E+00  9.6354E-01  1.6215E+00  1.5135E-03 -9.5354E-02  1.3254E-01  1.0414E-01  5.4647E-01
  6.4000E+01  5.0694E+00  3.5672E+01  1.0061E+00  9.6354E-01  1.6215E+00  1.5135E-03 -9.5354E-02  1.3254E-01  1.0414E-01  5.4647E-01
  6.4000E+01  5.0694E+00  3.5672E+01  1.0061E+00  9.6354E-01  1.6215E+00  1.5135E-03 -9.5354E-02  1.3254E-01  1.0414E-01  5.4647E-01
  6.4000E+01  5.0694E+00  3.5672E+01  1.0061E+00  9.6354E-01  1.6215E+00  1.5135E-03 -9.5354E-02  1.3254E-01  1.0414E-01  5.4647E-01
  6.4000E+01  5.0694E+00  3.5672E+01  1.0061E+00  9.6354E-01  1.6215E+00  1.5135E-03 -9.5354E-02  1.3254E-01  1.0414E-01  5.4647E-01
  6.4000E+01  5.0694E+00  3.5672E+01  1.0061E+00  9.6354E-01  1.6215E+00  1.5135E-03 -9.5354E-02  1.3254E-01  1.0414E-01  5.4647E-01
  6.4000E+01  5.0694E+00  3.5672E+01  1.0061E+00  9.6354E-01  1.6215E+00  1.5135E-03 -9.5354E-02  1.3254E-01  1.0414E-01  5.4647E-01
  6.4000E+01  5.0694E+00  3.5672E+01  1.0061E+00  9.6354E-01  1.6215E+00  1.5135E-03 -9.5354E-02  1.3254E-01  1.0414E-01  5.4647E-01
  6.4000E+01  5.0694E+00  3.5672E+01  1.0061E+00  9.6354E-01  1.6215E+00  1.5135E-03 -9.5354E-02  1.3254E-01  1.0414E-01  5.4647E-01
  6.4000E+01  5.0694E+00  3.5672E+01  1.0061E+00  9.6354E-01  1.6215E+00  1.5135E-03 -9.5354E-02  1.3254E-01  1.0414E-01  5.4647E-01
  6.5000E+01  6.3972E+00  3.6859E+01  4.8454E-01  8.8526E-01  5.8906E-01  2.3415E-01 -6.2593E-02 -3.8903E-01  1.9420E-02 -4.6613E-01
  6.5000E+01  6.3972E+00  3.6859E+01  4.8454E-01  8.8526E-01  5.8906E-01  2.3415E-01 -6.2593E-02 -3.8903E-01  1.9420E-02 -4.6613E-01
  6.5000E+01  6.3972E+00  3.6859E+01  4.8454E-01  8.8526E-01  5.8906E-01  2.3415E-01 -6.2593E-02 -3.8903E-01  1.9420E-02 -4.6613E-01
  6.5000E+01  6.3972E+00  3.6859E+01  4.8454E-01  8.8526E-01  5.8906E-01  2.3415E-01 -6.2593E-02 -3.8903E-01  1.9420E-02 -4.6613E-01
  6.5000E+01  6.3972E+00  3.6859E+01  4.8454E-01  8.8526E-01  5.8906E-01  2.3415E-01 -6.2593E-02 -3.8903E-01  1.9420E-02 -4.6613E-01
  6.5000E+01  6.3972E+00  3.6859E+01  4.8454E-01  8.8526E-01  5.8906E-01  2.3415E-01 -6.2593E-02 -3.8903E-01  1.9420E-02 -4.6613E-01
  6.5000E+01  6.3972E+00  3.6859E+01  4.8454E-01  8.8526E-01  5.8906E-01  2.3415E-01 -6.2593E-02 -3.8903E-01  1.9420E-02 -4.6613E-01
  6.5000E+01  6.3972E+00  3.6859E+01  4.8454E-01  8.8526E-01  5.8906E-01  2.3415E-01 -6.2593E-02 -3.8903E-01  1.9420E-02 -4.6613E-01
  6.5000E+01  6.3972E+00  3.6859E+01  4.8454E-01  8.8526E-01  5.8906E-01  2.3415E-01 -6.2593E-02 -3.8903E-01  1.9420E-02 -4.6613E-01
  6.5000E+01  6.3972E+00  3.6859E+01  4.8454E-01  8.8526E-01  5.8906E-01  2.3415E-01 -6.2593E-02 -3.8903E-01  1.9420E-02 -4.6613E-01
  6.5000E+01  6.3972E+00  3.6859E+01  4.8454E-01  8.8526E-01  5.8906E-01  2.3415E-01 -6.2593E-02 -3.8903E-01  1.9420E-02 -4.6613E-01
  6.5000E+01  6.3972E+00  3.6859E+01  4.8454E-01  8.8526E-01  5.8906E-01  2.3415E-01 -6.2593E-02 -3.8903E-01  1.9420E-02 -4.6613E-01
  6.5000E+01  6.3972E+00  3.6859E+01  4.8454E-01  8.8526E-01  5.8906E-01  2.3415E-01 -6.2593E-02 -3.8903E-01  1.9420E-02 -4.6613E-01
  6.6000E+01  3.0803E+00  4.2024E+01  1.1059E+00  8.0102E-01  1.4840E+00 -4.9668E-01  6.8537E-02  2.3233E-01 -8.0577E-02  4.5782E-01
  6.6000E+01  3.0803E+00  4.2024E+01  1.1059E+00  8.0102E-01  1.4840E+00 -4.9668E-01  6.8537E-02  2.3233E-01 -8.0577E-02  4.5782E-01
  6.6000E+01  3.0803E+00  4.2024E+01  1.1059E+00  8.0102E-01  1.4840E+00 -4.9668E-01  6.8537E-02  2.3233E-01 -8.0577E-02  4.5782E-01
  6.6000E+01  3.0803E+00  4.2024E+01  1.1059E+00  8.0102E-01  1.4840E+00 -4.9668E-01  6.8537E-02  2.3233E-01 -8.0577E-02  4.5782E-01
  6.6000E+01  3.0803E+00  4.2024E+01  1.1059E+00  8.0102E-01  1.4840E+00 -4.9668E-01  6.8537E-02  2.3233E-01 -8.0577E-02  4.5782E-01
  6.6000E+01  3.0803E+00  4.2024E+01  1.1059E+00  8.0102E-01  1.4840E+00 -4.9668E-01  6.8537E-02  2.3233E-01 -8.0577E-02  4.5782E-01
  6.6000E+01  3.0803E+00  4.2024E+01  1.1059E+00  8.0102E-01  1.4840E+00 -4.9668E-01  6.8537E-02  2.3233E-01 -8.0577E-02  4.5782E-01
  6.6000E+01  3.0803E+00  4.2024E+01  1.1059E+00  8.0102E-01  1.4840E+00 -4.9668E-01  6.8537E-02  2.3233E-01 -8.0577E-02  4.5782E-01
  6.6000E+01  3.0803E+00  4.2024E+01  1.1059E+00  8.0102E-01  1.4840E+00 -4.9668E-01  6.8537E-02  2.3233E-01 -8.0577E-02  4.5782E-01
  6.6000E+01  3.0803E+00  4.2024E+01  1.1059E+00  8.0102E-01  1.4840E+00 -4.9668E-01  6.8537E-02  2.3233E-01 -8.0577E-02  4.5782E-01
  6.6000E+01  3.0803E+00  4.2024E+01  1.1059E+00  8.0102E-01  1.4840E+00 -4.9668E-01  6.8537E-02  2.3233E-01 -8.0577E-02  4.5782E-01
  6.6000E+01  3.0803E+00  4.2024E+01  1.1059E+00  8.0102E-01  1.4840E+00 -4.9668E-01  6.8537E-02  2.3233E-01 -8.0577E-02  4.5782E-01
  6.6000E+01  3.0803E+00  4.2024E+01  1.1059E+00  8.0102E-01  1.4840E+00 -4.9668E-01  6.8537E-02  2.3233E-01 -8.0577E-02  4.5782E-01
  6.7000E+01  1.0398E+01  2.7769E+01  4.0367E-01  1.0330E+00  4.0551E-01  7.1993E-01 -3.4578E-01 -4.6990E-01  1.7376E-01 -8.3952E-01
  6.7000E+01  1.0398E+01  2.7769E+01  4.0367E-01  1.0330E+00  4.0551E-01  7.1993E-01 -3.4578E-01 -4.6990E-01  1.7376E-01 -8.3952E-01
  6.7000E+01  1.0398E+01  2.7769E+01  4.0367E-01  1.0330E+00  4.0551E-01  7.1993E-01 -3.4578E-01 -4.6990E-01  1.7376E-01 -8.3952E-01
  6.7000E+01  1.0398E+01  2.7769E+01  4.0367E-01  1.0330E+00  4.0551E-01  7.1993E-01 -3.4578E-01 -4.6990E-01  1.7376E-01 -8.3952E-01
  6.7000E+01  1.0398E+01  2.7769E+01  4.0367E-01  1.0330E+00  4.0551E-01  7.1993E-01 -3.4578E-01 -4.6990E-01  1.7376E-01 -8.3952E-01
  6.7000E+01  1.0398E+01  2.7769E+01  4.0367E-01  1.0330E+00  4.0551E-01  7.1993E-01 -3.4578E-01 -4.6990E-01  1.7376E-01 -8.3952E-01
  6.7000E+01  1.0398E+01  2.7769E+01  4.0367E-01  1.0330E+00  4.0551E-01  7.1993E-01 -3.4578E-01 -4.6990E-01  1.7376E-01 -8.3952E-01
  6.7000E+01  1.0398E+01  2.7769E+01  4.0367E-01  1.0330E+00  4.0551E-01  7.1993E-01 -3.4578E-01 -4.6990E-01  1.7376E-01 -8.3952E-01
  6.7000E+01  1.0398E+01  2.7769E+01  4.0367E-01  1.0330E+00  4.0551E-01  7.1993E-01 -3.4578E-01 -4.6990E-01  1.7376E-01 -8.3952E-01
  6.7000E+01  1.0398E+01  2.7769E+01  4.0367E-01  1.0330E+00  4.0551E-01  7.1993E-01 -3.4578E-01 -4.6990E-01  1.7376E-01 -8.3952E-01
  6.7000E+01  1.0398E+01  2.7769E+01  4.0367E-01  1.0330E+00  4.0551E-01  7.1993E-01 -3.4578E-01 -4.6990E-01  1.7376E-01 -8.3952E-01
  6.7000E+01  1.0398E+01  2.7769E+01  4.0367E-01  1.0330E+00  4.0551E-01  7.1993E-01 -3.4578E-01 -4.6990E-01  1.7376E-01 -8.3952E-01
  6.7000E+01  1.0398E+01  2.7769E+01  4.0367E-01  1.0330E+00  4.0551E-01  7.1993E-01 -3.4578E-01 -4.6990E-01  1.7376E-01 -8.3952E-01
  6.8000E+01  4.9787E+00  4.6637E+01  8.6091E-01  1.0597E+00  6.6445E-01 -1.6559E-02  1.7268E-01 -1.2651E-02  1.9927E-01 -3.4569E-01
  6.8000E+01  4.9787E+00  4.6637E+01  8.6091E-01  1.0597E+00  6.6445E-01 -1.6559E-02  1.7268E-01 -1.2651E-02  1.9927E-01 -3.4569E-01
  6.8000E+01  4.9787E+00  4.6637E+01  8.6091E-01  1.0597E+00  6.6445E-01 -1.6559E-02  1.7268E-01 -1.2651E-02  1.9927E-01 -3.4569E-01
  6.8000E+01  4.9787E+00  4.6637E+01  8.6091E-01  1.0597E+00  6.6445E-01 -1.6559E-02  1.7268E-01 -1.2651E-02  1.9927E-01 -3.4569E-01
  6.8000E+01  4.9787E+00  4.6637E+01  8.6091E-01  1.0597E+00  6.6445E-01 -1.6559E-02  1.7268E-01 -1.2651E-02  1.9927E-01 -3.4569E-01
  6.8000E+01  4.9787E+00  4.6637E+01  8.6091E-01  1.0597E+00  6.6445E-01 -1.6559E-02  1.7268E-01 -1.2651E-02  1.9927E-01 -3.4569E-01
  6.8000E+01  4.9787E+00  4.6637E+01  8.6091E-01  1.0597E+00  6.6445E-01 -1.6559E-02  1.7268E-01 -1.2651E-02  1.9927E-01 -3.4569E-01
  6.8000E+01  4.9787E+00  4.6637E+01  8.6091E-01  1.0597E+00  6.6445E-01 -1.6559E-02  1.7268E-01 -1.2651E-02  1.9927E-01 -3.4569E-01
  6.8000E+01  4.9787E+00  4.6637E+01  8.6091E-01  1.0597E+00  6.6445E-01 -1.6559E-02  1.7268E-01 -1.2651E-02  1.9927E-01 -3.4569E-01
  6.8000E+01  4.9787E+00  4.6637E+01  8.6091E-01  1.0597E+00  6.6445E-01 -1.6559E-02  1.7268E-01 -1.2651E-02  1.9927E-01 -3.4569E-01
  6.8000E+01  4.9787E+00  4.6637E+01  8.6091E-01  1.0597E+00  6.6445E-01 -1.6559E-02  1.7268E-01 -1.2651E-02  1.9927E-01 -3.4569E-01
  6.8000E+01  4.9787E+00  4.6637E+01  8.6091E-01  1.0597E+00  6.6445E-01 -1.6559E-02  1.7268E-01 -1.2651E-02  1.9927E-01 -3.4569E-01
  6.8000E+01  4.9787E+00  4.6637E+01  8.6091E-01  1.0597E+00  6.6445E-01 -1.6559E-02  1.7268E-01 -1.2651E-02  1.9927E-01 -3.4569E-01
  6.9000E+01  5.8684E+00  5.0627E+01  1.2965E+00  8.7578E-01  1.2498E+00  1.4786E-01  2.5478E-01  4.2294E-01  8.6497E-03  2.8608E-01
  6.9000E+01  5.8684E+00  5.0627E+01  1.2965E+00  8.7578E-01  1.2498E+00  1.4786E-01  2.5478E-01  4.2294E-01  8.6497E-03  2.8608E-01
  6.9000E+01  5.8684E+00  5.0627E+01  1.2965E+00  8.7578E-01  1.2498E+00  1.4786E-01  2.5478E-01  4.2294E-01  8.6497E-03  2.8608E-01
  6.9000E+01  5.8684E+00  5.0627E+01  1.2965E+00  8.7578E-01  1.2498E+00  1.4786E-01  2.5478E-01  4.2294E-01  8.6497E-03  2.8608E-01
  6.9000E+01  5.8684E+00  5.0627E+01  1.2965E+00  8.7578E-01  1.2498E+00  1.4786E-01  2.5478E-01  4.2294E-01  8.6497E-03  2.8608E-01
  6.9000E+01  5.8684E+00  5.0627E+01  1.2965E+00  8.7578E-01  1.2498E+00  1.4786E-01  2.5478E-01  4.2294E-01  8.6497E-03  2.8608E-01
  6.9000E+01  5.8684E+00  5.0627E+01  1.2965E+00  8.7578E-01  1.2498E+00  1.4786E-01  2.5478E-01  4.2294E-01  8.6497E-03  2.8608E-01
  6.9000E+01  5.8684E+00  5.0627E+01  1.2965E+00  8.7578E-01  1.2498E+00  1.4786E-01  2.5478E-01  4.2294E-01  8.6497E-03  2.8608E-01
  6.9000E+01  5.8684E+00  5.0627E+01  1.2965E+00  8.7578E-01  1.2498E+00  1.4786E-01  2.5478E-01  4.2294E-01  8.6497E-03  2.8608E-01
  6.9000E+01  5.8684E+00  5.0627E+01  1.2965E+00  8.7578E-01  1.2498E+00  1.4786E-01  2.5478E-01  4.2294E-01  8.6497E-03  2.8608E-01
  6.9000E+01  5.8684E+00  5.0627E+01  1.2965E+00  8.7578E-01  1.2498E+00  1.4786E-01  2.5478E-01  4.2294E-01  8.6497E-03  2.8608E-01
  6.9000E+01  5.8684E+00  5.0627E+01  1.2965E+00  8.7578E-01  1.2498E+00  1.4786E-01  2.5478E-01  4.2294E-01  8.6497E-03  2.8608E-01
  6.9000E+01  5.8684E+00  5.0627E+01  1.2965E+00  8.7578E-01  1.2498E+00  1.4786E-01  2.5478E-01  4.2294E-01  8.6497E-03  2.8608E-01
  7.0000E+01  5.5022E+00  4.5149E+01  1.1384E+00  1.3062E+00  7.3335E-01  8.3430E-02  1.4027E-01  2.6486E-01  4.0841E-01 -2.4703E-01
  7.0000E+01  5.5022E+00  4.5149E+01  1.1384E+00  1.3062E+00  7.3335E-01  8.3430E-02  1.4027E-01  2.6486E-01  4.0841E-01 -2.4703E-01
  7.0000E+01  5.5022E+00  4.5149E+01  1.1384E+00  1.3062E+00  7.3335E-01  8.3430E-02  1.4027E-01  2.6486E-01  4.0841E-01 -2.4703E-01
  7.0000E+01  5.5022E+00  4.5149E+01  1.1384E+00  1.3062E+00  7.3335E-01  8.3430E-02  1.4027E-01  2.6486E-01  4.0841E-01 -2.4703E-01
  7.0000E+01  5.5022E+00  4.5149E+01  1.1384E+00  1.3062E+00  7.3335E-01  8.3430E-02  1.4027E-01  2.6486E-01  4.0841E-01 -2.4703E-01
  7.0000E+01  5.5022E+00  4.5149E+01  1.1384E+00  1.3062E+00  7.3335E-01  8.3430E-02  1.4027E-01  2.6486E-01  4.0841E-01 -2.4703E-01
  7.0000E+01  5.5022E+00  4.5149E+01  1.1384E+00  1.3062E+00  7.3335E-01  8.3430E-02  1.4027E-01  2.6486E-01  4.0841E-01 -2.4703E-01
  7.0000E+01  5.5022E+00  4.5149E+01  1.1384E+00  1.3062E+00  7.3335E-01  8.3430E-02  1.4027E-01  2.6486E-01  4.0841E-01 -2.4703E-01
  7.0000E+01  5.5022E+00  4.5149E+01  1.1384E+00  1.3062E+00  7.3335E-01  8.3430E-02  1.4027E-01  2.6486E-01  4.0841E-01 -2.4703E-01
  7.0000E+01  5.5022E+00  4.5149E+01  1.1384E+00  1.3062E+00  7.3335E-01  8.3430E-02  1.4027E-01  2.6486E-01  4.0841E-01 -2.4703E-01
  7.0000E+01  5.5022E+00  4.5149E+01  1.1384E+00  1.3062E+00  7.3335E-01  8.3430E-02  1.4027E-01  2.6486E-01  4.0841E-01 -2.4703E-01
  7.0000E+01  5.5022E+00  4.5149E+01  1.1384E+00  1.3062E+00  7.3335E-01  8.3430E-02  1.4027E-01  2.6486E-01  4.0841E-01 -2.4703E-01
  7.0000E+01  5.5022E+00  4.5149E+01  1.1384E+00  1.3062E+00  7.3335E-01  8.3430E-02  1.4027E-01  2.6486E-01  4.0841E-01 -2.4703E-01
  7.1000E+01  7.8891E+00  4.0017E+01  1.1750E+00  7.7314E-01  7.0974E-01  4.4376E-01  1.9599E-02  3.0140E-01 -1.1600E-01 -2.7976E-01
  7.1000E+01  7.8891E+00  4.0017E+01  1.1750E+00  7.7314E-01  7.0974E-01  4.4376E-01  1.9599E-02  3.0140E-01 -1.1600E-01 -2.7976E-01
  7.1000E+01  7.8891E+00  4.0017E+01  1.1750E+00  7.7314E-01  7.0974E-01  4.4376E-01  1.9599E-02  3.0140E-01 -1.1600E-01 -2.7976E-01
  7.1000E+01  7.8891E+00  4.0017E+01  1.1750E+00  7.7314E-01  7.0974E-01  4.4376E-01  1.9599E-02  3.0140E-01 -1.1600E-01 -2.7976E-01
  7.1000E+01  7.8891E+00  4.0017E+01  1.1750E+00  7.7314E-01  7.0974E-01  4.4376E-01  1.9599E-02  3.0140E-01 -1.1600E-01 -2.7976E-01
  7.1000E+01  7.8891E+00  4.0017E+01  1.1750E+00  7.7314E-01  7.0974E-01  4.4376E-01  1.9599E-02  3.0140E-01 -1.1600E-01 -2.7976E-01
  7.1000E+01  7.8891E+00  4.0017E+01  1.1750E+00  7.7314E-01  7.0974E-01  4.4376E-01  1.9599E-02  3.0140E-01 -1.1600E-01 -2.7976E-01
  7.1000E+01  7.8891E+00  4.0017E+01  1.1750E+00  7.7314E-01  7.0974E-01  4.4376E-01  1.9599E-02  3.0140E-01 -1.1600E-01 -2.7976E-01
  7.1000E+01  7.8891E+00  4.0017E+01  1.1750E+00  7.7314E-01  7.0974E-01  4.4376E-01  1.9599E-02  3.0140E-01 -1.1600E-01 -2.7976E-01
  7.1000E+01  7.8891E+00  4.0017E+01  1.1750E+00  7.7314E-01  7.0974E-01  4.4376E-01  1.9599E-02  3.0140E-01 -1.1600E-01 -2.7976E-01
  7.1000E+01  7.8891E+00  4.0017E+01  1.1750E+00  7.7314E-01  7.0974E-01  4.4376E-01  1.9599E-02  3.0140E-01 -1.1600E-01 -2.7976E-01
  7.1000E+01  7.8891E+00  4.0017E+01  1.1750E+00  7.7314E-01  7.0974E-01  4.4376E-01  1.9599E-02  3.0140E-01 -1.1600E-01 -2.7976E-01
  7.1000E+01  7.8891E+00  4.0017E+01  1.1750E+00  7.7314E-01  7.0974E-01  4.4376E-01  1.9599E-02  3.0140E-01 -1.1600E-01 -2.7976E-01
  7.2000E+01  4.8891E+00  3.7248E+01  7.2442E-01  9.9081E-01  4.2089E-01 -3.4706E-02 -5.2106E-02 -1.4914E-01  1.3206E-01 -8.0229E-01
  7.2000E+01  4.8891E+00  3.7248E+01  7.2442E-01  9.9081E-01  4.2089E-01 -3.4706E-02 -5.2106E-02 -1.4914E-01  1.3206E-01 -8.0229E-01
  7.2000E+01  4.8891E+00  3.7248E+01  7.2442E-01  9.9081E-01  4.2089E-01 -3.4706E-02 -5.2106E-02 -1.4914E-01  1.3206E-01 -8.0229E-01
  7.2000E+01  4.8891E+00  3.7248E+01  7.2442E-01  9.9081E-01  4.2089E-01 -3.4706E-02 -5.2106E-02 -1.4914E-01  1.3206E-01 -8.0229E-01
  7.2000E+01  4.8891E+00  3.7248E+01  7.2442E-01  9.9081E-01  4.2089E-01 -3.4706E-02 -5.2106E-02 -1.4914E-01  1.3206E-01 -8.0229E-01
  7.2000E+01  4.8891E+00  3.7248E+01  7.2442E-01  9.9081E-01  4.2089E-01 -3.4706E-02 -5.2106E-02 -1.4914E-01  1.3206E-01 -8.0229E-01
  7.2000E+01  4.8891E+00  3.7248E+01  7.2442E-01  9.9081E-01  4.2089E-01 -3.4706E-02 -5.2106E-02 -1.4914E-01  1.3206E-01 -8.0229E-01
  7.2000E+01  4.8891E+00  3.7248E+01  7.2442E-01  9.9081E-01  4.2089E-01 -3.4706E-02 -5.2106E-02 -1.4914E-01  1.3206E-01 -8.0229E-01
  7.2000E+01  4.8891E+00  3.7248E+01  7.2442E-01  9.9081E-01  4.2089E-01 -3.4706E-02 -5.2106E-02 -1.4914E-01  1.3206E-01 -8.0229E-01
  7.2000E+01  4.8891E+00  3.7248E+01  7.2442E-01  9.9081E-01  4.2089E-01 -3.4706E-02 -5.2106E-02 -1.4914E-01  1.3206E-01 -8.0229E-01
  7.2000E+01  4.8891E+00  3.7248E+01  7.2442E-01  9.9081E-01  4.2089E-01 -3.4706E-02 -5.2106E-02 -1.4914E-01  1.3206E-01 -8.0229E-01
  7.2000E+01  4.8891E+00  3.7248E+01  7.2442E-01  9.9081E-01  4.2089E-01 -3.4706E-02 -5.2106E-02 -1.4914E-01  1.3206E-01 -8.0229E-01
  7.2000E+01  4.8891E+00  3.7248E+01  7.2442E-01  9.9081E-01  4.2089E-01 -3.4706E-02 -5.2106E-02 -1.4914E-01  1.3206E-01 -8.0229E-01
  7.3000E+01  3.9821E+00  5.5723E+01  8.4210E-01  8.0559E-01  8.3500E-01 -2.3991E-01  3.5068E-01 -3.1462E-02 -7.4891E-02 -1.1723E-01
  7.3000E+01  3.9821E+00  5.5723E+01  8.4210E-01  8.0559E-01  8.3500E-01 -2.3991E-01  3.5068E-01 -3.1462E-02 -7.4891E-02 -1.1723E-01
  7.3000E+01  3.9821E+00  5.5723E+01  8.4210E-01  8.0559E-01  8.3500E-01 -2.3991E-01  3.5068E-01 -3.1462E-02 -7.4891E-02 -1.1723E-01
  7.3000E+01  3.9821E+00  5.5723E+01  8.4210E-01  8.0559E-01  8.3500E-01 -2.3991E-01  3.5068E-01 -3.1462E-02 -7.4891E-02 -1.1723E-01
  7.3000E+01  3.9821E+00  5.5723E+01  8.4210E-01  8.0559E-01  8.3500E-01 -2.3991E-01  3.5068E-01 -3.1462E-02 -7.4891E-02 -1.1723E-01
  7.3000E+01  3.9821E+00  5.5723E+01  8.4210E-01  8.0559E-01  8.3500E-01 -2.3991E-01  3.5068E-01 -3.1462E-02 -7.4891E-02 -1.1723E-01
  7.3000E+01  3.9821E+00  5.5723E+01  8.4210E-01  8.0559E-01  8.3500E-01 -2.3991E-01  3.5068E-01 -3.1462E-02 -7.4891E-02 -1.1723E-01
  7.3000E+01  3.9821E+00  5.5723E+01  8.4210E-01  8.0559E-01  8.3500E-01 -2.3991E-01  3.5068E-01 -3.1462E-02 -7.4891E-02 -1.1723E-01
  7.3000E+01  3.9821E+00  5.5723E+01  8.4210E-01  8.0559E-01  8.3500E-01 -2.3991E-01  3.5068E-01 -3.1462E-02 -7.4891E-02 -1.1723E-01
  7.3000E+01  3.9821E+00  5.5723E+01  8.4210E-01  8.0559E-01  8.3500E-01 -2.3991E-01  3.5068E-01 -3.1462E-02 -7.4891E-02 -1.1723E-01
  7.3000E+01  3.9821E+00  5.5723E+01  8.4210E-01  8.0559E-01  8.3500E-01 -2.3991E-01  3.5068E-01 -3.1462E-02 -7.4891E-02 -1.1723E-01
  7.3000E+01  3.9821E+00  5.5723E+01  8.4210E-01  8.0559E-01  8.3500E-01 -2.3991E-01  3.5068E-01 -3.1462E-02 -7.4891E-02 -1.1723E-01
  7.3000E+01  3.9821E+00  5.5723E+01  8.4210E-01  8.0559E-01  8.3500E-01 -2.3991E-01  3.5068E-01 -3.1462E-02 -7.4891E-02 -1.1723E-01
  7.4000E+01  6.5348E+00  3.7200E+01  7.6881E-01  8.2372E-01  1.1081E+00  2.5542E-01 -5.3395E-02 -1.0476E-01 -5.2635E-02  1.6574E-01
  7.4000E+01  6.5348E+00  3.7200E+01  7.6881E-01  8.2372E-01  1.1081E+00  2.5542E-01 -5.3395E-02 -1.0476E-01 -5.2635E-02  1.6574E-01
  7.4000E+01  6.5348E+00  3.7200E+01  7.6881E-01  8.2372E-01  1.1081E+00  2.5542E-01 -5.3395E-02 -1.0476E-01 -5.2635E-02  1.6574E-01
  7.4000E+01  6.5348E+00  3.7200E+01  7.6881E-01  8.2372E-01  1.1081E+00  2.5542E-01 -5.3395E-02 -1.0476E-01 -5.2635E-02  1.6574E-01
  7.4000E+01  6.5348E+00  3.7200E+01  7.6881E-01  8.2372E-01  1.1081E+00  2.5542E-01 -5.3395E-02 -1.0476E-01 -5.2635E-02  1.6574E-01
  7.4000E+01  6.5348E+00  3.7200E+01  7.6881E-01  8.2372E-01  1.1081E+00  2.5542E-01 -5.3395E-02 -1.0476E-01 -5.2635E-02  1.6574E-01
  7.4000E+01  6.5348E+00  3.7200E+01  7.6881E-01  8.2372E-01  1.1081E+00  2.5542E-01 -5.3395E-02 -1.0476E-01 -5.2635E-02  1.6574E-01
  7.4000E+01  6.5348E+00  3.7200E+01  7.6881E-01  8.2372E-01  1.1081E+00  2.5542E-01 -5.3395E-02 -1.0476E-01 -5.2635E-02  1.6574E-01
  7.4000E+01  6.5348E+00  3.7200E+01  7.6881E-01  8.2372E-01  1.1081E+00  2.5542E-01 -5.3395E-02 -1.0476E-01 -5.2635E-02  1.6574E-01
  7.4000E+01  6.5348E+00  3.7200E+01  7.6881E-01  8.2372E-01  1.1081E+00  2.5542E-01 -5.3395E-02 -1.0476E-01 -5.2635E-02  1.6574E-01
  7.4000E+01  6.5348E+00  3.7200E+01  7.6881E-01  8.2372E-01  1.1081E+00  2.5542E-01 -5.3395E-02 -1.0476E-01 -5.2635E-02  1.6574E-01
  7.4000E+01  6.5348E+00  3.7200E+01  7.6881E-01  8.2372E-01  1.1081E+00  2.5542E-01 -5.3395E-02 -1.0476E-01 -5.2635E-02  1.6574E-01
  7.4000E+01  6.5348E+00  3.7200E+01  7.6881E-01  8.2372E-01  1.1081E+00  2.5542E-01 -5.3395E-02 -1.0476E-01 -5.2635E-02  1.6574E-01
  7.5000E+01  7.7770E+00  4.5108E+01  1.0707E+00  8.5450E-01  1.4177E+00  4.2945E-01  1.3935E-01  1.9713E-01 -1.5947E-02  4.1211E-01
  7.5000E+01  7.7770E+00  4.5108E+01  1.0707E+00  8.5450E-01  1.4177E+00  4.2945E-01  1.3935E-01  1.9713E-01 -1.5947E-02  4.1211E-01
  7.5000E+01  7.7770E+00  4.5108E+01  1.0707E+00  8.5450E-01  1.4177E+00  4.2945E-01  1.3935E-01  1.9713E-01 -1.5947E-02  4.1211E-01
  7.5000E+01  7.7770E+00  4.5108E+01  1.0707E+00  8.5450E-01  1.4177E+00  4.2945E-01  1.3935E-01  1.9713E-01 -1.5947E-02  4.1211E-01
  7.5000E+01  7.7770E+00  4.5108E+01  1.0707E+00  8.5450E-01  1.4177E+00  4.2945E-01  1.3935E-01  1.9713E-01 -1.5947E-02  4.1211E-01
  7.5000E+01  7.7770E+00  4.5108E+01  1.0707E+00  8.5450E-01  1.4177E+00  4.2945E-01  1.3935E-01  1.9713E-01 -1.5947E-02  4.1211E-01
  7.5000E+01  7.7770E+00  4.5108E+01  1.0707E+00  8.5450E-01  1.4177E+00  4.2945E-01  1.3935E-01  1.9713E-01 -1.5947E-02  4.1211E-01
  7.5000E+01  7.7770E+00  4.5108E+01  1.0707E+00  8.5450E-01  1.4177E+00  4.2945E-01  1.3935E-01  1.9713E-01 -1.5947E-02  4.1211E-01
  7.5000E+01  7.7770E+00  4.5108E+01  1.0707E+00  8.5450E-01  1.4177E+00  4.2945E-01  1.3935E-01  1.9713E-01 -1.5947E-02  4.1211E-01
  7.5000E+01  7.7770E+00  4.5108E+01  1.0707E+00  8.5450E-01  1.4177E+00  4.2945E-01  1.3935E-01  1.9713E-01 -1.5947E-02  4.1211E-01
  7.5000E+01  7.7770E+00  4.5108E+01  1.0707E+00  8.5450E-01  1.4177E+00  4.2945E-01  1.3935E-01  1.9713E-01 -1.5947E-02  4.1211E-01
  7.5000E+01  7.7770E+00  4.5108E+01  1.0707E+00  8.5450E-01  1.4177E+00  4.2945E-01  1.3935E-01  1.9713E-01 -1.5947E-02  4.1211E-01
  7.5000E+01  7.7770E+00  4.5108E+01  1.0707E+00  8.5450E-01  1.4177E+00  4.2945E-01  1.3935E-01  1.9713E-01 -1.5947E-02  4.1211E-01
  7.6000E+01  4.8334E+00  3.8289E+01  1.0211E+00  9.5320E-01  9.2752E-01 -4.6160E-02 -2.4541E-02  1.4756E-01  9.3353E-02 -1.2141E-02
  7.6000E+01  4.8334E+00  3.8289E+01  1.0211E+00  9.5320E-01  9.2752E-01 -4.6160E-02 -2.4541E-02  1.4756E-01  9.3353E-02 -1.2141E-02
  7.6000E+01  4.8334E+00  3.8289E+01  1.0211E+00  9.5320E-01  9.2752E-01 -4.6160E-02 -2.4541E-02  1.4756E-01  9.3353E-02 -1.2141E-02
  7.6000E+01  4.8334E+00  3.8289E+01  1.0211E+00  9.5320E-01  9.2752E-01 -4.6160E-02 -2.4541E-02  1.4756E-01  9.3353E-02 -1.2141E-02
  7.6000E+01  4.8334E+00  3.8289E+01  1.0211E+00  9.5320E-01  9.2752E-01 -4.6160E-02 -2.4541E-02  1.4756E-01  9.3353E-02 -1.2141E-02
  7.6000E+01  4.8334E+00  3.8289E+01  1.0211E+00  9.5320E-01  9.2752E-01 -4.6160E-02 -2.4541E-02  1.4756E-01  9.3353E-02 -1.2141E-02
  7.6000E+01  4.8334E+00  3.8289E+01  1.0211E+00  9.5320E-01  9.2752E-01 -4.6160E-02 -2.4541E-02  1.4756E-01  9.3353E-02 -1.2141E-02
  7.6000E+01  4.8334E+00  3.8289E+01  1.0211E+00  9.5320E-01  9.2752E-01 -4.6160E-02 -2.4541E-02  1.4756E-01  9.3353E-02 -1.2141E-02
  7.6000E+01  4.8334E+00  3.8289E+01  1.0211E+00  9.5320E-01  9.2752E-01 -4.6160E-02 -2.4541E-02  1.4756E-01  9.3353E-02 -1.2141E-02
  7.6000E+01  4.8334E+00  3.8289E+01  1.0211E+00  9.5320E-01  9.2752E-01 -4.6160E-02 -2.4541E-02  1.4756E-01  9.3353E-02 -1.2141E-02
  7.6000E+01  4.8334E+00  3.8289E+01  1.0211E+00  9.5320E-01  9.2752E-01 -4.6160E-02 -2.4541E-02  1.4756E-01  9.3353E-02 -1.2141E-02
  7.6000E+01  4.8334E+00  3.8289E+01  1.0211E+00  9.5320E-01  9.2752E-01 -4.6160E-02 -2.4541E-02  1.4756E-01  9.3353E-02 -1.2141E-02
  7.6000E+01  4.8334E+00  3.8289E+01  1.0211E+00  9.5320E-01  9.2752E-01 -4.6160E-02 -2.4541E-02  1.4756E-01  9.3353E-02 -1.2141E-02
  7.7000E+01  5.8923E+00  3.5086E+01  8.5938E-01  9.1051E-01  1.8105E+00  1.5193E-01 -1.1190E-01 -1.4190E-02  4.7537E-02  6.5671E-01
  7.7000E+01  5.8923E+00  3.5086E+01  8.5938E-01  9.1051E-01  1.8105E+00  1.5193E-01 -1.1190E-01 -1.4190E-02  4.7537E-02  6.5671E-01
  7.7000E+01  5.8923E+00  3.5086E+01  8.5938E-01  9.1051E-01  1.8105E+00  1.5193E-01 -1.1190E-01 -1.4190E-02  4.7537E-02  6.5671E-01
  7.7000E+01  5.8923E+00  3.5086E+01  8.5938E-01  9.1051E-01  1.8105E+00  1.5193E-01 -1.1190E-01 -1.4190E-02  4.7537E-02  6.5671E-01
  7.7000E+01  5.8923E+00  3.5086E+01  8.5938E-01  9.1051E-01  1.8105E+00  1.5193E-01 -1.1190E-01 -1.4190E-02  4.7537E-02  6.5671E-01
  7.7000E+01  5.8923E+00  3.5086E+01  8.5938E-01  9.1051E-01  1.8105E+00  1.5193E-01 -1.1190E-01 -1.4190E-02  4.7537E-02  6.5671E-01
  7.7000E+01  5.8923E+00  3.5086E+01  8.5938E-01  9.1051E-01  1.8105E+00  1.5193E-01 -1.1190E-01 -1.4190E-02  4.7537E-02  6.5671E-01
  7.7000E+01  5.8923E+00  3.5086E+01  8.5938E-01  9.1051E-01  1.8105E+00  1.5193E-01 -1.1190E-01 -1.4190E-02  4.7537E-02  6.5671E-01
  7.7000E+01  5.8923E+00  3.5086E+01  8.5938E-01  9.1051E-01  1.8105E+00  1.5193E-01 -1.1190E-01 -1.4190E-02  4.7537E-02  6.5671E-01
  7.7000E+01  5.8923E+00  3.5086E+01  8.5938E-01  9.1051E-01  1.8105E+00  1.5193E-01 -1.1190E-01 -1.4190E-02  4.7537E-02  6.5671E-01
  7.7000E+01  5.8923E+00  3.5086E+01  8.5938E-01  9.1051E-01  1.8105E+00  1.5193E-01 -1.1190E-01 -1.4190E-02  4.7537E-02  6.5671E-01
  7.7000E+01  5.8923E+00  3.5086E+01  8.5938E-01  9.1051E-01  1.8105E+00  1.5193E-01 -1.1190E-01 -1.4190E-02  4.7537E-02  6.5671E-01
  7.7000E+01  5.8923E+00  3.5086E+01  8.5938E-01  9.1051E-01  1.8105E+00  1.5193E-01 -1.1190E-01 -1.4190E-02  4.7537E-02  6.5671E-01
  7.8000E+01  3.9209E+00  4.3065E+01  1.2206E-01  9.3326E-01  5.5031E-01 -2.5540E-01  9.2995E-02 -7.5150E-01  7.2215E-02 -5.3418E-01
  7.8000E+01  3.9209E+00  4.3065E+01  1.2206E-01  9.3326E-01  5.5031E-01 -2.5540E-01  9.2995E-02 -7.5150E-01  7.2215E-02 -5.3418E-01
  7.8000E+01  3.9209E+00  4.3065E+01  1.2206E-01  9.3326E-01  5.5031E-01 -2.5540E-01  9.2995E-02 -7.5150E-01  7.2215E-02 -5.3418E-01
  7.8000E+01  3.9209E+00  4.3065E+01  1.2206E-01  9.3326E-01  5.5031E-01 -2.5540E-01  9.2995E-02 -7.5150E-01  7.2215E-02 -5.3418E-01
  7.8000E+01  3.9209E+00  4.3065E+01  1.2206E-01  9.3326E-01  5.5031E-01 -2.5540E-01  9.2995E-02 -7.5150E-01  7.2215E-02 -5.3418E-01
  7.8000E+01  3.9209E+00  4.3065E+01  1.2206E-01  9.3326E-01  5.5031E-01 -2.5540E-01  9.2995E-02 -7.5150E-01  7.2215E-02 -5.3418E-01
  7.8000E+01  3.9209E+00  4.3065E+01  1.2206E-01  9.3326E-01  5.5031E-01 -2.5540E-01  9.2995E-02 -7.5150E-01  7.2215E-02 -5.3418E-01
  7.8000E+01  3.9209E+00  4.3065E+01  1.2206E-01  9.3326E-01  5.5031E-01 -2.5540E-01  9.2995E-02 -7.5150E-01  7.2215E-02 -5.3418E-01
  7.8000E+01  3.9209E+00  4.3065E+01  1.2206E-01  9.3326E-01  5.5031E-01 -2.5540E-01  9.2995E-02 -7.5150E-01  7.2215E-02 -5.3418E-01
  7.8000E+01  3.9209E+00  4.3065E+01  1.2206E-01  9.3326E-01  5.5031E-01 -2.5540E-01  9.2995E-02 -7.5150E-01  7.2215E-02 -5.3418E-01
  7.8000E+01  3.9209E+00  4.3065E+01  1.2206E-01  9.3326E-01  5.5031E-01 -2.5540E-01  9.2995E-02 -7.5150E-01  7.2215E-02 -5.3418E-01
  7.8000E+01  3.9209E+00  4.3065E+01  1.2206E-01  9.3326E-01  5.5031E-01 -2.5540E-01  9.2995E-02 -7.5150E-01  7.2215E-02 -5.3418E-01
  7.8000E+01  3.9209E+00  4.3065E+01  1.2206E-01  9.3326E-01  5.5031E-01 -2.5540E-01  9.2995E-02 -7.5150E-01  7.2215E-02 -5.3418E-01
  7.9000E+01  5.1606E+00  3.3594E+01  6.7973E-01  1.8705E+00  6.1752E-01  1.9337E-02 -1.5535E-01 -1.9384E-01  7.6749E-01 -4.1895E-01
  7.9000E+01  5.1606E+00  3.3594E+01  6.7973E-01  1.8705E+00  6.1752E-01  1.9337E-02 -1.5535E-01 -1.9384E-01  7.6749E-01 -4.1895E-01
  7.9000E+01  5.1606E+00  3.3594E+01  6.7973E-01  1.8705E+00  6.1752E-01  1.9337E-02 -1.5535E-01 -1.9384E-01  7.6749E-01 -4.1895E-01
  7.9000E+01  5.1606E+00  3.3594E+01  6.7973E-01  1.8705E+00  6.1752E-01  1.9337E-02 -1.5535E-01 -1.9384E-01  7.6749E-01 -4.1895E-01
  7.9000E+01  5.1606E+00  3.3594E+01  6.7973E-01  1.8705E+00  6.1752E-01  1.9337E-02 -1.5535E-01 -1.9384E-01  7.6749E-01 -4.1895E-01
  7.9000E+01  5.1606E+00  3.3594E+01  6.7973E-01  1.8705E+00  6.1752E-01  1.9337E-02 -1.5535E-01 -1.9384E-01  7.6749E-01 -4.1895E-01
  7.9000E+01  5.1606E+00  3.3594E+01  6.7973E-01  1.8705E+00  6.1752E-01  1.9337E-02 -1.5535E-01 -1.9384E-01  7.6749E-01 -4.1895E-01
  7.9000E+01  5.1606E+00  3.3594E+01  6.7973E-01  1.8705E+00  6.1752E-01  1.9337E-02 -1.5535E-01 -1.9384E-01  7.6749E-01 -4.1895E-01
  7.9000E+01  5.1606E+00  3.3594E+01  6.7973E-01  1.8705E+00  6.1752E-01  1.9337E-02 -1.5535E-01 -1.9384E-01  7.6749E-01 -4.1895E-01
  7.9000E+01  5.1606E+00  3.3594E+01  6.7973E-01  1.8705E+00  6.1752E-01  1.9337E-02 -1.5535E-01 -1.9384E-01  7.6749E-01 -4.1895E-01
  7.9000E+01  5.1606E+00  3.3594E+01  6.7973E-01  1.8705E+00  6.1752E-01  1.9337E-02 -1.5535E-01 -1.9384E-01  7.6749E-01 -4.1895E-01
  7.9000E+01  5.1606E+00  3.3594E+01  6.7973E-01  1.8705E+00  6.1752E-01  1.9337E-02 -1.5535E-01 -1.9384E-01  7.6749E-01 -4.1895E-01
  7.9000E+01  5.1606E+00  3.3594E+01  6.7973E-01  1.8705E+00  6.1752E-01  1.9337E-02 -1.5535E-01 -1.9384E-01  7.6749E-01 -4.1895E-01
  8.0000E+01  3.5149E+00  3.2186E+01  1.2902E+00  8.4356E-01  1.6710E+00 -3.6472E-01 -1.9819E-01  4.1665E-01 -2.8838E-02  5.7650E-01
  8.0000E+01  3.5149E+00  3.2186E+01  1.2902E+00  8.4356E-01  1.6710E+00 -3.6472E-01 -1.9819E-01  4.1665E-01 -2.8838E-02  5.7650E-01
  8.0000E+01  3.5149E+00  3.2186E+01  1.2902E+00  8.4356E-01  1.6710E+00 -3.6472E-01 -1.9819E-01  4.1665E-01 -2.8838E-02  5.7650E-01
  8.0000E+01  3.5149E+00  3.2186E+01  1.2902E+00  8.4356E-01  1.6710E+00 -3.6472E-01 -1.9819E-01  4.1665E-01 -2.8838E-02  5.7650E-01
  8.0000E+01  3.5149E+00  3.2186E+01  1.2902E+00  8.4356E-01  1.6710E+00 -3.6472E-01 -1.9819E-01  4.1665E-01 -2.8838E-02  5.7650E-01
  8.0000E+01  3.5149E+00  3.2186E+01  1.2902E+00  8.4356E-01  1.6710E+00 -3.6472E-01 -1.9819E-01  4.1665E-01 -2.8838E-02  5.7650E-01
  8.0000E+01  3.5149E+00  3.2186E+01  1.2902E+00  8.4356E-01  1.6710E+00 -3.6472E-01 -1.9819E-01  4.1665E-01 -2.8838E-02  5.7650E-01
  8.0000E+01  3.5149E+00  3.2186E+01  1.2902E+00  8.4356E-01  1.6710E+00 -3.6472E-01 -1.9819E-01  4.1665E-01 -2.8838E-02  5.7650E-01
  8.0000E+01  3.5149E+00  3.2186E+01  1.2902E+00  8.4356E-01  1.6710E+00 -3.6472E-01 -1.9819E-01  4.1665E-01 -2.8838E-02  5.7650E-01
  8.0000E+01  3.5149E+00  3.2186E+01  1.2902E+00  8.4356E-01  1.6710E+00 -3.6472E-01 -1.9819E-01  4.1665E-01 -2.8838E-02  5.7650E-01
  8.0000E+01  3.5149E+00  3.2186E+01  1.2902E+00  8.4356E-01  1.6710E+00 -3.6472E-01 -1.9819E-01  4.1665E-01 -2.8838E-02  5.7650E-01
  8.0000E+01  3.5149E+00  3.2186E+01  1.2902E+00  8.4356E-01  1.6710E+00 -3.6472E-01 -1.9819E-01  4.1665E-01 -2.8838E-02  5.7650E-01
  8.0000E+01  3.5149E+00  3.2186E+01  1.2902E+00  8.4356E-01  1.6710E+00 -3.6472E-01 -1.9819E-01  4.1665E-01 -2.8838E-02  5.7650E-01
  8.1000E+01  7.2527E+00  3.8449E+01  5.5849E-01  9.2927E-01  4.3638E-01  3.5966E-01 -2.0361E-02 -3.1508E-01  6.7937E-02 -7.6615E-01
  8.1000E+01  7.2527E+00  3.8449E+01  5.5849E-01  9.2927E-01  4.3638E-01  3.5966E-01 -2.0361E-02 -3.1508E-01  6.7937E-02 -7.6615E-01
  8.1000E+01  7.2527E+00  3.8449E+01  5.5849E-01  9.2927E-01  4.3638E-01  3.5966E-01 -2.0361E-02 -3.1508E-01  6.7937E-02 -7.6615E-01
  8.1000E+01  7.2527E+00  3.8449E+01  5.5849E-01  9.2927E-01  4.3638E-01  3.5966E-01 -2.0361E-02 -3.1508E-01  6.7937E-02 -7.6615E-01
  8.1000E+01  7.2527E+00  3.8449E+01  5.5849E-01  9.2927E-01  4.3638E-01  3.5966E-01 -2.0361E-02 -3.1508E-01  6.7937E-02 -7.6615E-01
  8.1000E+01  7.2527E+00  3.8449E+01  5.5849E-01  9.2927E-01  4.3638E-01  3.5966E-01 -2.0361E-02 -3.1508E-01  6.7937E-02 -7.6615E-01
  8.1000E+01  7.2527E+00  3.8449E+01  5.5849E-01  9.2927E-01  4.3638E-01  3.5966E-01 -2.0361E-02 -3.1508E-01  6.7937E-02 -7.6615E-01
  8.1000E+01  7.2527E+00  3.8449E+01  5.5849E-01  9.2927E-01  4.3638E-01  3.5966E-01 -2.0361E-02 -3.1508E-01  6.7937E-02 -7.6615E-01
  8.1000E+01  7.2527E+00  3.8449E+01  5.5849E-01  9.2927E-01  4.3638E-01  3.5966E-01 -2.0361E-02 -3.1508E-01  6.7937E-02 -7.6615E-01
  8.1000E+01  7.2527E+00  3.8449E+01  5.5849E-01  9.2927E-01  4.3638E-01  3.5966E-01 -2.0361E-02 -3.1508E-01  6.7937E-02 -7.6615E-01
  8.1000E+01  7.2527E+00  3.8449E+01  5.5849E-01  9.2927E-01  4.3638E-01  3.5966E-01 -2.0361E-02 -3.1508E-01  6.7937E-02 -7.6615E-01
  8.1000E+01  7.2527E+00  3.8449E+01  5.5849E-01  9.2927E-01  4.3638E-01  3.5966E-01 -2.0361E-02 -3.1508E-01  6.7937E-02 -7.6615E-01
  8.1000E+01  7.2527E+00  3.8449E+01  5.5849E-01  9.2927E-01  4.3638E-01  3.5966E-01 -2.0361E-02 -3.1508E-01  6.7937E-02 -7.6615E-01
  8.2000E+01  4.6156E+00  4.7777E+01  1.1909E+00  7.5150E-01  1.2176E+00 -9.2272E-02  1.9684E-01  3.1738E-01 -1.4440E-01  2.5994E-01
  8.2000E+01  4.6156E+00  4.7777E+01  1.1909E+00  7.5150E-01  1.2176E+00 -9.2272E-02  1.9684E-01  3.1738E-01 -1.4440E-01  2.5994E-01
  8.2000E+01  4.6156E+00  4.7777E+01  1.1909E+00  7.5150E-01  1.2176E+00 -9.2272E-02  1.9684E-01  3.1738E-01 -1.4440E-01  2.5994E-01
  8.2000E+01  4.6156E+00  4.7777E+01  1.1909E+00  7.5150E-01  1.2176E+00 -9.2272E-02  1.9684E-01  3.1738E-01 -1.4440E-01  2.5994E-01
  8.2000E+01  4.6156E+00  4.7777E+01  1.1909E+00  7.5150E-01  1.2176E+00 -9.2272E-02  1.9684E-01  3.1738E-01 -1.4440E-01  2.5994E-01
  8.2000E+01  4.6156E+00  4.7777E+01  1.1909E+00  7.5150E-01  1.2176E+00 -9.2272E-02  1.9684E-01  3.1738E-01 -1.4440E-01  2.5994E-01
  8.2000E+01  4.6156E+00  4.7777E+01  1.1909E+00  7.5150E-01  1.2176E+00 -9.2272E-02  1.9684E-01  3.1738E-01 -1.4440E-01  2.5994E-01
  8.2000E+01  4.6156E+00  4.7777E+01  1.1909E+00  7.5150E-01  1.2176E+00 -9.2272E-02  1.9684E-01  3.1738E-01 -1.4440E-01  2.5994E-01
  8.2000E+01  4.6156E+00  4.7777E+01  1.1909E+00  7.5150E-01  1.2176E+00 -9.2272E-02  1.9684E-01  3.1738E-01 -1.4440E-01  2.5994E-01
  8.2000E+01  4.6156E+00  4.7777E+01  1.1909E+00  7.5150E-01  1.2176E+00 -9.2272E-02  1.9684E-01  3.1738E-01 -1.4440E-01  2.5994E-01
  8.2000E+01  4.6156E+00  4.7777E+01  1.1909E+00  7.5150E-01  1.2176E+00 -9.2272E-02  1.9684E-01  3.1738E-01 -1.4440E-01  2.5994E-01
  8.2000E+01  4.6156E+00  4.7777E+01  1.1909E+00  7.5150E-01  1.2176E+00 -9.2272E-02  1.9684E-01  3.1738E-01 -1.4440E-01  2.5994E-01
  8.2000E+01  4.6156E+00  4.7777E+01  1.1909E+00  7.5150E-01  1.2176E+00 -9.2272E-02  1.9684E-01  3.1738E-01 -1.4440E-01  2.5994E-01
  8.3000E+01  3.6909E+00  3.7213E+01  5.2851E-01  1.0586E+00  7.4442E-01 -3.1586E-01 -5.3052E-02 -3.4506E-01  1.9822E-01 -2.3205E-01
  8.3000E+01  3.6909E+00  3.7213E+01  5.2851E-01  1.0586E+00  7.4442E-01 -3.1586E-01 -5.3052E-02 -3.4506E-01  1.9822E-01 -2.3205E-01
  8.3000E+01  3.6909E+00  3.7213E+01  5.2851E-01  1.0586E+00  7.4442E-01 -3.1586E-01 -5.3052E-02 -3.4506E-01  1.9822E-01 -2.3205E-01
  8.3000E+01  3.6909E+00  3.7213E+01  5.2851E-01  1.0586E+00  7.4442E-01 -3.1586E-01 -5.3052E-02 -3.4506E-01  1.9822E-01 -2.3205E-01
  8.3000E+01  3.6909E+00  3.7213E+01  5.2851E-01  1.0586E+00  7.4442E-01 -3.1586E-01 -5.3052E-02 -3.4506E-01  1.9822E-01 -2.3205E-01
  8.3000E+01  3.6909E+00  3.7213E+01  5.2851E-01  1.0586E+00  7.4442E-01 -3.1586E-01 -5.3052E-02 -3.4506E-01  1.9822E-01 -2.3205E-01
  8.3000E+01  3.6909E+00  3.7213E+01  5.2851E-01  1.0586E+00  7.4442E-01 -3.1586E-01 -5.3052E-02 -3.4506E-01  1.9822E-01 -2.3205E-01
  8.3000E+01  3.6909E+00  3.7213E+01  5.2851E-01  1.0586E+00  7.4442E-01 -3.1586E-01 -5.3052E-02 -3.4506E-01  1.9822E-01 -2.3205E-01
  8.3000E+01  3.6909E+00  3.7213E+01  5.2851E-01  1.0586E+00  7.4442E-01 -3.1586E-01 -5.3052E-02 -3.4506E-01  1.9822E-01 -2.3205E-01
  8.3000E+01  3.6909E+00  3.7213E+01  5.2851E-01  1.0586E+00  7.4442E-01 -3.1586E-01 -5.3052E-02 -3.4506E-01  1.9822E-01 -2.3205E-01
  8.3000E+01  3.6909E+00  3.7213E+01  5.2851E-01  1.0586E+00  7.4442E-01 -3.1586E-01 -5.3052E-02 -3.4506E-01  1.9822E-01 -2.3205E-01
  8.3000E+01  3.6909E+00  3.7213E+01  5.2851E-01  1.0586E+00  7.4442E-01 -3.1586E-01 -5.3052E-02 -3.4506E-01  1.9822E-01 -2.3205E-01
  8.3000E+01  3.6909E+00  3.7213E+01  5.2851E-01  1.0586E+00  7.4442E-01 -3.1586E-01 -5.3052E-02 -3.4506E-01  1.9822E-01 -2.3205E-01
  8.4000E+01  9.9296E+00  5.0568E+01  9.4490E-01  6.8513E-01  1.1636E+00  6.7380E-01  2.5360E-01  7.1330E-02 -2.3685E-01  2.1465E-01
  8.4000E+01  9.9296E+00  5.0568E+01  9.4490E-01  6.8513E-01  1.1636E+00  6.7380E-01  2.5360E-01  7.1330E-02 -2.3685E-01  2.1465E-01
  8.4000E+01  9.9296E+00  5.0568E+01  9.4490E-01  6.8513E-01  1.1636E+00  6.7380E-01  2.5360E-01  7.1330E-02 -2.3685E-01  2.1465E-01
  8.4000E+01  9.9296E+00  5.0568E+01  9.4490E-01  6.8513E-01  1.1636E+00  6.7380E-01  2.5360E-01  7.1330E-02 -2.3685E-01  2.1465E-01
  8.4000E+01  9.9296E+00  5.0568E+01  9.4490E-01  6.8513E-01  1.1636E+00  6.7380E-01  2.5360E-01  7.1330E-02 -2.3685E-01  2.1465E-01
  8.4000E+01  9.9296E+00  5.0568E+01  9.4490E-01  6.8513E-01  1.1636E+00  6.7380E-01  2.5360E-01  7.1330E-02 -2.3685E-01  2.1465E-01
  8.4000E+01  9.9296E+00  5.0568E+01  9.4490E-01  6.8513E-01  1.1636E+00  6.7380E-01  2.5360E-01  7.1330E-02 -2.3685E-01  2.1465E-01
  8.4000E+01  9.9296E+00  5.0568E+01  9.4490E-01  6.8513E-01  1.1636E+00  6.7380E-01  2.5360E-01  7.1330E-02 -2.3685E-01  2.1465E-01
  8.4000E+01  9.9296E+00  5.0568E+01  9.4490E-01  6.8513E-01  1.1636E+00  6.7380E-01  2.5360E-01  7.1330E-02 -2.3685E-01  2.1465E-01
  8.4000E+01  9.9296E+00  5.0568E+01  9.4490E-01  6.8513E-01  1.1636E+00  6.7380E-01  2.5360E-01  7.1330E-02 -2.3685E-01  2.1465E-01
  8.4000E+01  9.9296E+00  5.0568E+01  9.4490E-01  6.8513E-01  1.1636E+00  6.7380E-01  2.5360E-01  7.1330E-02 -2.3685E-01  2.1465E-01
  8.4000E+01  9.9296E+00  5.0568E+01  9.4490E-01  6.8513E-01  1.1636E+00  6.7380E-01  2.5360E-01  7.1330E-02 -2.3685E-01  2.1465E-01
  8.4000E+01  9.9296E+00  5.0568E+01  9.4490E-01  6.8513E-01  1.1636E+00  6.7380E-01  2.5360E-01  7.1330E-02 -2.3685E-01  2.1465E-01
  8.5000E+01  5.0271E+00  4.1592E+01  7.9765E-01  7.5800E-01  8.2810E-01 -6.8766E-03  5.8197E-02 -7.5920E-02 -1.3578E-01 -1.2552E-01
  8.5000E+01  5.0271E+00  4.1592E+01  7.9765E-01  7.5800E-01  8.2810E-01 -6.8766E-03  5.8197E-02 -7.5920E-02 -1.3578E-01 -1.2552E-01
  8.5000E+01  5.0271E+00  4.1592E+01  7.9765E-01  7.5800E-01  8.2810E-01 -6.8766E-03  5.8197E-02 -7.5920E-02 -1.3578E-01 -1.2552E-01
  8.5000E+01  5.0271E+00  4.1592E+01  7.9765E-01  7.5800E-01  8.2810E-01 -6.8766E-03  5.8197E-02 -7.5920E-02 -1.3578E-01 -1.2552E-01
  8.5000E+01  5.0271E+00  4.1592E+01  7.9765E-01  7.5800E-01  8.2810E-01 -6.8766E-03  5.8197E-02 -7.5920E-02 -1.3578E-01 -1.2552E-01
  8.5000E+01  5.0271E+00  4.1592E+01  7.9765E-01  7.5800E-01  8.2810E-01 -6.8766E-03  5.8197E-02 -7.5920E-02 -1.3578E-01 -1.2552E-01
  8.5000E+01  5.0271E+00  4.1592E+01  7.9765E-01  7.5800E-01  8.2810E-01 -6.8766E-03  5.8197E-02 -7.5920E-02 -1.3578E-01 -1.2552E-01
  8.5000E+01  5.0271E+00  4.1592E+01  7.9765E-01  7.5800E-01  8.2810E-01 -6.8766E-03  5.8197E-02 -7.5920E-02 -1.3578E-01 -1.2552E-01
  8.5000E+01  5.0271E+00  4.1592E+01  7.9765E-01  7.5800E-01  8.2810E-01 -6.8766E-03  5.8197E-02 -7.5920E-02 -1.3578E-01 -1.2552E-01
  8.5000E+01  5.0271E+00  4.1592E+01  7.9765E-01  7.5800E-01  8.2810E-01 -6.8766E-03  5.8197E-02 -7.5920E-02 -1.3578E-01 -1.2552E-01
  8.5000E+01  5.0271E+00  4.1592E+01  7.9765E-01  7.5800E-01  8.2810E-01 -6.8766E-03  5.8197E-02 -7.5920E-02 -1.3578E-01 -1.2552E-01
  8.5000E+01  5.0271E+00  4.1592E+01  7.9765E-01  7.5800E-01  8.2810E-01 -6.8766E-03  5.8197E-02 -7.5920E-02 -1.3578E-01 -1.2552E-01
  8.5000E+01  5.0271E+00  4.1592E+01  7.9765E-01  7.5800E-01  8.2810E-01 -6.8766E-03  5.8197E-02 -7.5920E-02 -1.3578E-01 -1.2552E-01
  8.6000E+01  8.1258E+00  3.2831E+01  5.6307E-01  9.0151E-01  1.3369E+00  4.7332E-01 -1.7833E-01 -3.1050E-01  3.7607E-02  3.5345E-01
  8.6000E+01  8.1258E+00  3.2831E+01  5.6307E-01  9.0151E-01  1.3369E+00  4.7332E-01 -1.7833E-01 -3.1050E-01  3.7607E-02  3.5345E-01
  8.6000E+01  8.1258E+00  3.2831E+01  5.6307E-01  9.0151E-01  1.3369E+00  4.7332E-01 -1.7833E-01 -3.1050E-01  3.7607E-02  3.5345E-01
  8.6000E+01  8.1258E+00  3.2831E+01  5.6307E-01  9.0151E-01  1.3369E+00  4.7332E-01 -1.7833E-01 -3.1050E-01  3.7607E-02  3.5345E-01
  8.6000E+01  8.1258E+00  3.2831E+01  5.6307E-01  9.0151E-01  1.3369E+00  4.7332E-01 -1.7833E-01 -3.1050E-01  3.7607E-02  3.5345E-01
  8.6000E+01  8.1258E+00  3.2831E+01  5.6307E-01  9.0151E-01  1.3369E+00  4.7332E-01 -1.7833E-01 -3.1050E-01  3.7607E-02  3.5345E-01
  8.6000E+01  8.1258E+00  3.2831E+01  5.6307E-01  9.0151E-01  1.3369E+00  4.7332E-01 -1.7833E-01 -3.1050E-01  3.7607E-02  3.5345E-01
  8.6000E+01  8.1258E+00  3.2831E+01  5.6307E-01  9.0151E-01  1.3369E+00  4.7332E-01 -1.7833E-01 -3.1050E-01  3.7607E-02  3.5345E-01
  8.6000E+01  8.1258E+00  3.2831E+01  5.6307E-01  9.0151E-01  1.3369E+00  4.7332E-01 -1.7833E-01 -3.1050E-01  3.7607E-02  3.5345E-01
  8.6000E+01  8.1258E+00  3.2831E+01  5.6307E-01  9.0151E-01  1.3369E+00  4.7332E-01 -1.7833E-01 -3.1050E-01  3.7607E-02  3.5345E-01
  8.6000E+01  8.1258E+00  3.2831E+01  5.6307E-01  9.0151E-01  1.3369E+00  4.7332E-01 -1.7833E-01 -3.1050E-01  3.7607E-02  3.5345E-01
  8.6000E+01  8.1258E+00  3.2831E+01  5.6307E-01  9.0151E-01  1.3369E+00  4.7332E-01 -1.7833E-01 -3.1050E-01  3.7607E-02  3.5345E-01
  8.6000E+01  8.1258E+00  3.2831E+01  5.6307E-01  9.0151E-01  1.3369E+00  4.7332E-01 -1.7833E-01 -3.1050E-01  3.7607E-02  3.5345E-01
  8.7000E+01  2.8700E+00  3.4872E+01  8.3807E-01  9.9858E-01  1.3644E+00 -5.6740E-01 -1.1803E-01 -3.5491E-02  1.3987E-01  3.7379E-01
  8.7000E+01  2.8700E+00  3.4872E+01  8.3807E-01  9.9858E-01  1.3644E+00 -5.6740E-01 -1.1803E-01 -3.5491E-02  1.3987E-01  3.7379E-01
  8.7000E+01  2.8700E+00  3.4872E+01  8.3807E-01  9.9858E-01  1.3644E+00 -5.6740E-01 -1.1803E-01 -3.5491E-02  1.3987E-01  3.7379E-01
  8.7000E+01  2.8700E+00  3.4872E+01  8.3807E-01  9.9858E-01  1.3644E+00 -5.6740E-01 -1.1803E-01 -3.5491E-02  1.3987E-01  3.7379E-01
  8.7000E+01  2.8700E+00  3.4872E+01  8.3807E-01  9.9858E-01  1.3644E+00 -5.6740E-01 -1.1803E-01 -3.5491E-02  1.3987E-01  3.7379E-01
  8.7000E+01  2.8700E+00  3.4872E+01  8.3807E-01  9.9858E-01  1.3644E+00 -5.6740E-01 -1.1803E-01 -3.5491E-02  1.3987E-01  3.7379E-01
  8.7000E+01  2.8700E+00  3.4872E+01  8.3807E-01  9.9858E-01  1.3644E+00 -5.6740E-01 -1.1803E-01 -3.5491E-02  1.3987E-01  3.7379E-01
  8.7000E+01  2.8700E+00  3.4872E+01  8.3807E-01  9.9858E-01  1.3644E+00 -5.6740E-01 -1.1803E-01 -3.5491E-02  1.3987E-01  3.7379E-01
  8.7000E+01  2.8700E+00  3.4872E+01  8.3807E-01  9.9858E-01  1.3644E+00 -5.6740E-01 -1.1803E-01 -3.5491E-02  1.3987E-01  3.7379E-01
  8.7000E+01  2.8700E+00  3.4872E+01  8.3807E-01  9.9858E-01  1.3644E+00 -5.6740E-01 -1.1803E-01 -3.5491E-02  1.3987E-01  3.7379E-01
  8.7000E+01  2.8700E+00  3.4872E+01  8.3807E-01  9.9858E-01  1.3644E+00 -5.6740E-01 -1.1803E-01 -3.5491E-02  1.3987E-01  3.7379E-01
  8.7000E+01  2.8700E+00  3.4872E+01  8.3807E-01  9.9858E-01  1.3644E+00 -5.6740E-01 -1.1803E-01 -3.5491E-02  1.3987E-01  3.7379E-01
  8.7000E+01  2.8700E+00  3.4872E+01  8.3807E-01  9.9858E-01  1.3644E+00 -5.6740E-01 -1.1803E-01 -3.5491E-02  1.3987E-01  3.7379E-01
  8.8000E+01  1.0570E+01  4.2554E+01  6.3560E-01  1.1775E+00  1.9091E+00  7.3627E-01  8.1062E-02 -2.3797E-01  3.0467E-01  7.0973E-01
  8.8000E+01  1.0570E+01  4.2554E+01  6.3560E-01  1.1775E+00  1.9091E+00  7.3627E-01  8.1062E-02 -2.3797E-01  3.0467E-01  7.0973E-01
  8.8000E+01  1.0570E+01  4.2554E+01  6.3560E-01  1.1775E+00  1.9091E+00  7.3627E-01  8.1062E-02 -2.3797E-01  3.0467E-01  7.0973E-01
  8.8000E+01  1.0570E+01  4.2554E+01  6.3560E-01  1.1775E+00  1.9091E+00  7.3627E-01  8.1062E-02 -2.3797E-01  3.0467E-01  7.0973E-01
  8.8000E+01  1.0570E+01  4.2554E+01  6.3560E-01  1.1775E+00  1.9091E+00  7.3627E-01  8.1062E-02 -2.3797E-01  3.0467E-01  7.0973E-01
  8.8000E+01  1.0570E+01  4.2554E+01  6.3560E-01  1.1775E+00  1.9091E+00  7.3627E-01  8.1062E-02 -2.3797E-01  3.0467E-01  7.0973E-01
  8.8000E+01  1.0570E+01  4.2554E+01  6.3560E-01  1.1775E+00  1.9091E+00  7.3627E-01  8.1062E-02 -2.3797E-01  3.0467E-01  7.0973E-01
  8.8000E+01  1.0570E+01  4.2554E+01  6.3560E-01  1.1775E+00  1.9091E+00  7.3627E-01  8.1062E-02 -2.3797E-01  3.0467E-01  7.0973E-01
  8.8000E+01  1.0570E+01  4.2554E+01  6.3560E-01  1.1775E+00  1.9091E+00  7.3627E-01  8.1062E-02 -2.3797E-01  3.0467E-01  7.0973E-01
  8.8000E+01  1.0570E+01  4.2554E+01  6.3560E-01  1.1775E+00  1.9091E+00  7.3627E-01  8.1062E-02 -2.3797E-01  3.0467E-01  7.0973E-01
  8.8000E+01  1.0570E+01  4.2554E+01  6.3560E-01  1.1775E+00  1.9091E+00  7.3627E-01  8.1062E-02 -2.3797E-01  3.0467E-01  7.0973E-01
  8.8000E+01  1.0570E+01  4.2554E+01  6.3560E-01  1.1775E+00  1.9091E+00  7.3627E-01  8.1062E-02 -2.3797E-01  3.0467E-01  7.0973E-01
  8.8000E+01  1.0570E+01  4.2554E+01  6.3560E-01  1.1775E+00  1.9091E+00  7.3627E-01  8.1062E-02 -2.3797E-01  3.0467E-01  7.0973E-01
  8.9000E+01  5.7485E+00  4.9264E+01  6.8418E-01  6.7635E-01  1.0462E+00  1.2721E-01  2.2750E-01 -1.8939E-01 -2.4975E-01  1.0829E-01
  8.9000E+01  5.7485E+00  4.9264E+01  6.8418E-01  6.7635E-01  1.0462E+00  1.2721E-01  2.2750E-01 -1.8939E-01 -2.4975E-01  1.0829E-01
  8.9000E+01  5.7485E+00  4.9264E+01  6.8418E-01  6.7635E-01  1.0462E+00  1.2721E-01  2.2750E-01 -1.8939E-01 -2.4975E-01  1.0829E-01
  8.9000E+01  5.7485E+00  4.9264E+01  6.8418E-01  6.7635E-01  1.0462E+00  1.2721E-01  2.2750E-01 -1.8939E-01 -2.4975E-01  1.0829E-01
  8.9000E+01  5.7485E+00  4.9264E+01  6.8418E-01  6.7635E-01  1.0462E+00  1.2721E-01  2.2750E-01 -1.8939E-01 -2.4975E-01  1.0829E-01
  8.9000E+01  5.7485E+00  4.9264E+01  6.8418E-01  6.7635E-01  1.0462E+00  1.2721E-01  2.2750E-01 -1.8939E-01 -2.4975E-01  1.0829E-01
  8.9000E+01  5.7485E+00  4.9264E+01  6.8418E-01  6.7635E-01  1.0462E+00  1.2721E-01  2.2750E-01 -1.8939E-01 -2.4975E-01  1.0829E-01
  8.9000E+01  5.7485E+00  4.9264E+01  6.8418E-01  6.7635E-01  1.0462E+00  1.2721E-01  2.2750E-01 -1.8939E-01 -2.4975E-01  1.0829E-01
  8.9000E+01  5.7485E+00  4.9264E+01  6.8418E-01  6.7635E-01  1.0462E+00  1.2721E-01  2.2750E-01 -1.8939E-01 -2.4975E-01  1.0829E-01
  8.9000E+01  5.7485E+00  4.9264E+01  6.8418E-01  6.7635E-01  1.0462E+00  1.2721E-01  2.2750E-01 -1.8939E-01 -2.4975E-01  1.0829E-01
  8.9000E+01  5.7485E+00  4.9264E+01  6.8418E-01  6.7635E-01  1.0462E+00  1.2721E-01  2.2750E-01 -1.8939E-01 -2.4975E-01  1.0829E-01
  8.9000E+01  5.7485E+00  4.9264E+01  6.8418E-01  6.7635E-01  1.0462E+00  1.2721E-01  2.2750E-01 -1.8939E-01 -2.4975E-01  1.0829E-01
  8.9000E+01  5.7485E+00  4.9264E+01  6.8418E-01  6.7635E-01  1.0462E+00  1.2721E-01  2.2750E-01 -1.8939E-01 -2.4975E-01  1.0829E-01
  9.0000E+01  7.2960E+00  4.0408E+01  9.2105E-01  8.6687E-01  1.0222E+00  3.6561E-01  2.9311E-02  4.7482E-02 -1.5773E-03  8.5032E-02
  9.0000E+01  7.2960E+00  4.0408E+01  9.2105E-01  8.6687E-01  1.0222E+00  3.6561E-01  2.9311E-02  4.7482E-02 -1.5773E-03  8.5032E-02
  9.0000E+01  7.2960E+00  4.0408E+01  9.2105E-01  8.6687E-01  1.0222E+00  3.6561E-01  2.9311E-02  4.7482E-02 -1.5773E-03  8.5032E-02
  9.0000E+01  7.2960E+00  4.0408E+01  9.2105E-01  8.6687E-01  1.0222E+00  3.6561E-01  2.9311E-02  4.7482E-02 -1.5773E-03  8.5032E-02
  9.0000E+01  7.2960E+00  4.0408E+01  9.2105E-01  8.6687E-01  1.0222E+00  3.6561E-01  2.9311E-02  4.7482E-02 -1.5773E-03  8.5032E-02
  9.0000E+01  7.2960E+00  4.0408E+01  9.2105E-01  8.6687E-01  1.0222E+00  3.6561E-01  2.9311E-02  4.7482E-02 -1.5773E-03  8.5032E-02
  9.0000E+01  7.2960E+00  4.0408E+01  9.2105E-01  8.6687E-01  1.0222E+00  3.6561E-01  2.9311E-02  4.7482E-02 -1.5773E-03  8.5032E-02
  9.0000E+01  7.2960E+00  4.0408E+01  9.2105E-01  8.6687E-01  1.0222E+00  3.6561E-01  2.9311E-02  4.7482E-02 -1.5773E-03  8.5032E-02
  9.0000E+01  7.2960E+00  4.0408E+01  9.2105E-01  8.6687E-01  1.0222E+00  3.6561E-01  2.9311E-02  4.7482E-02 -1.5773E-03  8.5032E-02
  9.0000E+01  7.2960E+00  4.0408E+01  9.2105E-01  8.6687E-01  1.0222E+00  3.6561E-01  2.9311E-02  4.7482E-02 -1.5773E-03  8.5032E-02
  9.0000E+01  7.2960E+00  4.0408E+01  9.2105E-01  8.6687E-01  1.0222E+00  3.6561E-01  2.9311E-02  4.7482E-02 -1.5773E-03  8.5032E-02
  9.0000E+01  7.2960E+00  4.0408E+01  9.2105E-01  8.6687E-01  1.0222E+00  3.6561E-01  2.9311E-02  4.7482E-02 -1.5773E-03  8.5032E-02
  9.0000E+01  7.2960E+00  4.0408E+01  9.2105E-01  8.6687E-01  1.0222E+00  3.6561E-01  2.9311E-02  4.7482E-02 -1.5773E-03  8.5032E-02
  9.1000E+01  4.6793E+00  3.1035E+01  9.9989E-01  5.6494E-01  8.2497E-01 -7.8572E-02 -2.3460E-01  1.2632E-01 -4.2974E-01 -1.2932E-01
  9.1000E+01  4.6793E+00  3.1035E+01  9.9989E-01  5.6494E-01  8.2497E-01 -7.8572E-02 -2.3460E-01  1.2632E-01 -4.2974E-01 -1.2932E-01
  9.1000E+01  4.6793E+00  3.1035E+01  9.9989E-01  5.6494E-01  8.2497E-01 -7.8572E-02 -2.3460E-01  1.2632E-01 -4.2974E-01 -1.2932E-01
  9.1000E+01  4.6793E+00  3.1035E+01  9.9989E-01  5.6494E-01  8.2497E-01 -7.8572E-02 -2.3460E-01  1.2632E-01 -4.2974E-01 -1.2932E-01
  9.1000E+01  4.6793E+00  3.1035E+01  9.9989E-01  5.6494E-01  8.2497E-01 -7.8572E-02 -2.3460E-01  1.2632E-01 -4.2974E-01 -1.2932E-01
  9.1000E+01  4.6793E+00  3.1035E+01  9.9989E-01  5.6494E-01  8.2497E-01 -7.8572E-02 -2.3460E-01  1.2632E-01 -4.2974E-01 -1.2932E-01
  9.1000E+01  4.6793E+00  3.1035E+01  9.9989E-01  5.6494E-01  8.2497E-01 -7.8572E-02 -2.3460E-01  1.2632E-01 -4.2974E-01 -1.2932E-01
  9.1000E+01  4.6793E+00  3.1035E+01  9.9989E-01  5.6494E-01  8.2497E-01 -7.8572E-02 -2.3460E-01  1.2632E-01 -4.2974E-01 -1.2932E-01
  9.1000E+01  4.6793E+00  3.1035E+01  9.9989E-01  5.6494E-01  8.2497E-01 -7.8572E-02 -2.3460E-01  1.2632E-01 -4.2974E-01 -1.2932E-01
  9.1000E+01  4.6793E+00  3.1035E+01  9.9989E-01  5.6494E-01  8.2497E-01 -7.8572E-02 -2.3460E-01  1.2632E-01 -4.2974E-01 -1.2932E-01
  9.1000E+01  4.6793E+00  3.1035E+01  9.9989E-01  5.6494E-01  8.2497E-01 -7.8572E-02 -2.3460E-01  1.2632E-01 -4.2974E-01 -1.2932E-01
  9.1000E+01  4.6793E+00  3.1035E+01  9.9989E-01  5.6494E-01  8.2497E-01 -7.8572E-02 -2.3460E-01  1.2632E-01 -4.2974E-01 -1.2932E-01
  9.1000E+01  4.6793E+00  3.1035E+01  9.9989E-01  5.6494E-01  8.2497E-01 -7.8572E-02 -2.3460E-01  1.2632E-01 -4.2974E-01 -1.2932E-01
  9.2000E+01  3.4706E+00  3.9353E+01  5.0681E-01  9.0466E-01  5.2717E-01 -3.7739E-01  2.8756E-03 -3.6675E-01  4.1089E-02 -5.7713E-01
  9.2000E+01  3.4706E+00  3.9353E+01  5.0681E-01  9.0466E-01  5.2717E-01 -3.7739E-01  2.8756E-03 -3.6675E-01  4.1089E-02 -5.7713E-01
  9.2000E+01  3.4706E+00  3.9353E+01  5.0681E-01  9.0466E-01  5.2717E-01 -3.7739E-01  2.8756E-03 -3.6675E-01  4.1089E-02 -5.7713E-01
  9.2000E+01  3.4706E+00  3.9353E+01  5.0681E-01  9.0466E-01  5.2717E-01 -3.7739E-01  2.8756E-03 -3.6675E-01  4.1089E-02 -5.7713E-01
  9.2000E+01  3.4706E+00  3.9353E+01  5.0681E-01  9.0466E-01  5.2717E-01 -3.7739E-01  2.8756E-03 -3.6675E-01  4.1089E-02 -5.7713E-01
  9.2000E+01  3.4706E+00  3.9353E+01  5.0681E-01  9.0466E-01  5.2717E-01 -3.7739E-01  2.8756E-03 -3.6675E-01  4.1089E-02 -5.7713E-01
  9.2000E+01  3.4706E+00  3.9353E+01  5.0681E-01  9.0466E-01  5.2717E-01 -3.7739E-01  2.8756E-03 -3.6675E-01  4.1089E-02 -5.7713E-01
  9.2000E+01  3.4706E+00  3.9353E+01  5.0681E-01  9.0466E-01  5.2717E-01 -3.7739E-01  2.8756E-03 -3.6675E-01  4.1089E-02 -5.7713E-01
  9.2000E+01  3.4706E+00  3.9353E+01  5.0681E-01  9.0466E-01  5.2717E-01 -3.7739E-01  2.8756E-03 -3.6675E-01  4.1089E-02 -5.7713E-01
  9.2000E+01  3.4706E+00  3.9353E+01  5.0681E-01  9.0466E-01  5.2717E-01 -3.7739E-01  2.8756E-03 -3.6675E-01  4.1089E-02 -5.7713E-01
  9.2000E+01  3.4706E+00  3.9353E+01  5.0681E-01  9.0466E-01  5.2717E-01 -3.7739E-01  2.8756E-03 -3.6675E-01  4.1089E-02 -5.7713E-01
  9.2000E+01  3.4706E+00  3.9353E+01  5.0681E-01  9.0466E-01  5.2717E-01 -3.7739E-01  2.8756E-03 -3.6675E-01  4.1089E-02 -5.7713E-01
  9.2000E+01  3.4706E+00  3.9353E+01  5.0681E-01  9.0466E-01  5.2717E-01 -3.7739E-01  2.8756E-03 -3.6675E-01  4.1089E-02 -5.7713E-01
  9.3000E+01  6.9396E+00  4.0120E+01  9.8221E-01  8.0885E-01  1.0728E+00  3.1553E-01  2.2157E-02  1.0865E-01 -7.0849E-02  1.3338E-01
  9.3000E+01  6.9396E+00  4.0120E+01  9.8221E-01  8.0885E-01  1.0728E+00  3.1553E-01  2.2157E-02  1.0865E-01 -7.0849E-02  1.3338E-01
  9.3000E+01  6.9396E+00  4.0120E+01  9.8221E-01  8.0885E-01  1.0728E+00  3.1553E-01  2.2157E-02  1.0865E-01 -7.0849E-02  1.3338E-01
  9.3000E+01  6.9396E+00  4.0120E+01  9.8221E-01  8.0885E-01  1.0728E+00  3.1553E-01  2.2157E-02  1.0865E-01 -7.0849E-02  1.3338E-01
  9.3000E+01  6.9396E+00  4.0120E+01  9.8221E-01  8.0885E-01  1.0728E+00  3.1553E-01  2.2157E-02  1.0865E-01 -7.0849E-02  1.3338E-01
  9.3000E+01  6.9396E+00  4.0120E+01  9.8221E-01  8.0885E-01  1.0728E+00  3.1553E-01  2.2157E-02  1.0865E-01 -7.0849E-02  1.3338E-01
  9.3000E+01  6.9396E+00  4.0120E+01  9.8221E-01  8.0885E-01  1.0728E+00  3.1553E-01  2.2157E-02  1.0865E-01 -7.0849E-02  1.3338E-01
  9.3000E+01  6.9396E+00  4.0120E+01  9.8221E-01  8.0885E-01  1.0728E+00  3.1553E-01  2.2157E-02  1.0865E-01 -7.0849E-02  1.3338E-01
  9.3000E+01  6.9396E+00  4.0120E+01  9.8221E-01  8.0885E-01  1.0728E+00  3.1553E-01  2.2157E-02  1.0865E-01 -7.0849E-02  1.3338E-01
  9.3000E+01  6.9396E+00  4.0120E+01  9.8221E-01  8.0885E-01  1.0728E+00  3.1553E-01  2.2157E-02  1.0865E-01 -7.0849E-02  1.3338E-01
  9.3000E+01  6.9396E+00  4.0120E+01  9.8221E-01  8.0885E-01  1.0728E+00  3.1553E-01  2.2157E-02  1.0865E-01 -7.0849E-02  1.3338E-01
  9.3000E+01  6.9396E+00  4.0120E+01  9.8221E-01  8.0885E-01  1.0728E+00  3.1553E-01  2.2157E-02  1.0865E-01 -7.0849E-02  1.3338E-01
  9.3000E+01  6.9396E+00  4.0120E+01  9.8221E-01  8.0885E-01  1.0728E+00  3.1553E-01  2.2157E-02  1.0865E-01 -7.0849E-02  1.3338E-01
  9.4000E+01  4.5746E+00  5.0574E+01  7.1740E-01  1.0213E+00  7.0519E-01 -1.0119E-01  2.5374E-01 -1.5617E-01  1.6232E-01 -2.8619E-01
  9.4000E+01  4.5746E+00  5.0574E+01  7.1740E-01  1.0213E+00  7.0519E-01 -1.0119E-01  2.5374E-01 -1.5617E-01  1.6232E-01 -2.8619E-01
  9.4000E+01  4.5746E+00  5.0574E+01  7.1740E-01  1.0213E+00  7.0519E-01 -1.0119E-01  2.5374E-01 -1.5617E-01  1.6232E-01 -2.8619E-01
  9.4000E+01  4.5746E+00  5.0574E+01  7.1740E-01  1.0213E+00  7.0519E-01 -1.0119E-01  2.5374E-01 -1.5617E-01  1.6232E-01 -2.8619E-01
  9.4000E+01  4.5746E+00  5.0574E+01  7.1740E-01  1.0213E+00  7.0519E-01 -1.0119E-01  2.5374E-01 -1.5617E-01  1.6232E-01 -2.8619E-01
  9.4000E+01  4.5746E+00  5.0574E+01  7.1740E-01  1.0213E+00  7.0519E-01 -1.0119E-01  2.5374E-01 -1.5617E-01  1.6232E-01 -2.8619E-01
  9.4000E+01  4.5746E+00  5.0574E+01  7.1740E-01  1.0213E+00  7.0519E-01 -1.0119E-01  2.5374E-01 -1.5617E-01  1.6232E-01 -2.8619E-01
  9.4000E+01  4.5746E+00  5.0574E+01  7.1740E-01  1.0213E+00  7.0519E-01 -1.0119E-01  2.5374E-01 -1.5617E-01  1.6232E-01 -2.8619E-01
  9.4000E+01  4.5746E+00  5.0574E+01  7.1740E-01  1.0213E+00  7.0519E-01 -1.0119E-01  2.5374E-01 -1.5617E-01  1.6232E-01 -2.8619E-01
  9.4000E+01  4.5746E+00  5.0574E+01  7.1740E-01  1.0213E+00  7.0519E-01 -1.0119E-01  2.5374E-01 -1.5617E-01  1.6232E-01 -2.8619E-01
  9.4000E+01  4.5746E+00  5.0574E+01  7.1740E-01  1.0213E+00  7.0519E-01 -1.0119E-01  2.5374E-01 -1.5617E-01  1.6232E-01 -2.8619E-01
  9.4000E+01  4.5746E+00  5.0574E+01  7.1740E-01  1.0213E+00  7.0519E-01 -1.0119E-01  2.5374E-01 -1.5617E-01  1.6232E-01 -2.8619E-01
  9.4000E+01  4.5746E+00  5.0574E+01  7.1740E-01  1.0213E+00  7.0519E-01 -1.0119E-01  2.5374E-01 -1.5617E-01  1.6232E-01 -2.8619E-01
  9.5000E+01  6.8186E+00  4.1743E+01  1.0405E+00  7.7935E-01  1.4718E+00  2.9794E-01  6.1828E-02  1.6695E-01 -1.0801E-01  4.4960E-01
  9.5000E+01  6.8186E+00  4.1743E+01  1.0405E+00  7.7935E-01  1.4718E+00  2.9794E-01  6.1828E-02  1.6695E-01 -1.0801E-01  4.4960E-01
  9.5000E+01  6.8186E+00  4.1743E+01  1.0405E+00  7.7935E-01  1.4718E+00  2.9794E-01  6.1828E-02  1.6695E-01 -1.0801E-01  4.4960E-01
  9.5000E+01  6.8186E+00  4.1743E+01  1.0405E+00  7.7935E-01  1.4718E+00  2.9794E-01  6.1828E-02  1.6695E-01 -1.0801E-01  4.4960E-01
  9.5000E+01  6.8186E+00  4.1743E+01  1.0405E+00  7.7935E-01  1.4718E+00  2.9794E-01  6.1828E-02  1.6695E-01 -1.0801E-01  4.4960E-01
  9.5000E+01  6.8186E+00  4.1743E+01  1.0405E+00  7.7935E-01  1.4718E+00  2.9794E-01  6.1828E-02  1.6695E-01 -1.0801E-01  4.4960E-01
  9.5000E+01  6.8186E+00  4.1743E+01  1.0405E+00  7.7935E-01  1.4718E+00  2.9794E-01  6.1828E-02  1.6695E-01 -1.0801E-01  4.4960E-01
  9.5000E+01  6.8186E+00  4.1743E+01  1.0405E+00  7.7935E-01  1.4718E+00  2.9794E-01  6.1828E-02  1.6695E-01 -1.0801E-01  4.4960E-01
  9.5000E+01  6.8186E+00  4.1743E+01  1.0405E+00  7.7935E-01  1.4718E+00  2.9794E-01  6.1828E-02  1.6695E-01 -1.0801E-01  4.4960E-01
  9.5000E+01  6.8186E+00  4.1743E+01  1.0405E+00  7.7935E-01  1.4718E+00  2.9794E-01  6.1828E-02  1.6695E-01 -1.0801E-01  4.4960E-01
  9.5000E+01  6.8186E+00  4.1743E+01  1.0405E+00  7.7935E-01  1.4718E+00  2.9794E-01  6.1828E-02  1.6695E-01 -1.0801E-01  4.4960E-01
  9.5000E+01  6.8186E+00  4.1743E+01  1.0405E+00  7.7935E-01  1.4718E+00  2.9794E-01  6.1828E-02  1.6695E-01 -1.0801E-01  4.4960E-01
  9.5000E+01  6.8186E+00  4.1743E+01  1.0405E+00  7.7935E-01  1.4718E+00  2.9794E-01  6.1828E-02  1.6695E-01 -1.0801E-01  4.4960E-01
  9.6000E+01  5.2280E+00  4.4932E+01  7.9699E-01  8.1219E-01  8.6769E-01  3.2308E-02  1.3545E-01 -7.6577E-02 -6.6732E-02 -7.8827E-02
  9.6000E+01  5.2280E+00  4.4932E+01  7.9699E-01  8.1219E-01  8.6769E-01  3.2308E-02  1.3545E-01 -7.6577E-02 -6.6732E-02 -7.8827E-02
  9.6000E+01  5.2280E+00  4.4932E+01  7.9699E-01  8.1219E-01  8.6769E-01  3.2308E-02  1.3545E-01 -7.6577E-02 -6.6732E-02 -7.8827E-02
  9.6000E+01  5.2280E+00  4.4932E+01  7.9699E-01  8.1219E-01  8.6769E-01  3.2308E-02  1.3545E-01 -7.6577E-02 -6.6732E-02 -7.8827E-02
  9.6000E+01  5.2280E+00  4.4932E+01  7.9699E-01  8.1219E-01  8.6769E-01  3.2308E-02  1.3545E-01 -7.6577E-02 -6.6732E-02 -7.8827E-02
  9.6000E+01  5.2280E+00  4.4932E+01  7.9699E-01  8.1219E-01  8.6769E-01  3.2308E-02  1.3545E-01 -7.6577E-02 -6.6732E-02 -7.8827E-02
  9.6000E+01  5.2280E+00  4.4932E+01  7.9699E-01  8.1219E-01  8.6769E-01  3.2308E-02  1.3545E-01 -7.6577E-02 -6.6732E-02 -7.8827E-02
  9.6000E+01  5.2280E+00  4.4932E+01  7.9699E-01  8.1219E-01  8.6769E-01  3.2308E-02  1.3545E-01 -7.6577E-02 -6.6732E-02 -7.8827E-02
  9.6000E+01  5.2280E+00  4.4932E+01  7.9699E-01  8.1219E-01  8.6769E-01  3.2308E-02  1.3545E-01 -7.6577E-02 -6.6732E-02 -7.8827E-02
  9.6000E+01  5.2280E+00  4.4932E+01  7.9699E-01  8.1219E-01  8.6769E-01  3.2308E-02  1.3545E-01 -7.6577E-02 -6.6732E-02 -7.8827E-02
  9.6000E+01  5.2280E+00  4.4932E+01  7.9699E-01  8.1219E-01  8.6769E-01  3.2308E-02  1.3545E-01 -7.6577E-02 -6.6732E-02 -7.8827E-02
  9.6000E+01  5.2280E+00  4.4932E+01  7.9699E-01  8.1219E-01  8.6769E-01  3.2308E-02  1.3545E-01 -7.6577E-02 -6.6732E-02 -7.8827E-02
  9.6000E+01  5.2280E+00  4.4932E+01  7.9699E-01  8.1219E-01  8.6769E-01  3.2308E-02  1.3545E-01 -7.6577E-02 -6.6732E-02 -7.8827E-02
  9.7000E+01  4.8862E+00  4.1951E+01  9.2881E-01  9.0038E-01  1.7803E+00 -3.5304E-02  6.6805E-02  5.5245E-02  3.6349E-02  6.3988E-01
  9.7000E+01  4.8862E+00  4.1951E+01  9.2881E-01  9.0038E-01  1.7803E+00 -3.5304E-02  6.6805E-02  5.5245E-02  3.6349E-02  6.3988E-01
  9.7000E+01  4.8862E+00  4.1951E+01  9.2881E-01  9.0038E-01  1.7803E+00 -3.5304E-02  6.6805E-02  5.5245E-02  3.6349E-02  6.3988E-01
  9.7000E+01  4.8862E+00  4.1951E+01  9.2881E-01  9.0038E-01  1.7803E+00 -3.5304E-02  6.6805E-02  5.5245E-02  3.6349E-02  6.3988E-01
  9.7000E+01  4.8862E+00  4.1951E+01  9.2881E-01  9.0038E-01  1.7803E+00 -3.5304E-02  6.6805E-02  5.5245E-02  3.6349E-02  6.3988E-01
  9.7000E+01  4.8862E+00  4.1951E+01  9.2881E-01  9.0038E-01  1.7803E+00 -3.5304E-02  6.6805E-02  5.5245E-02  3.6349E-02  6.3988E-01
  9.7000E+01  4.8862E+00  4.1951E+01  9.2881E-01  9.0038E-01  1.7803E+00 -3.5304E-02  6.6805E-02  5.5245E-02  3.6349E-02  6.3988E-01
  9.7000E+01  4.8862E+00  4.1951E+01  9.2881E-01  9.0038E-01  1.7803E+00 -3.5304E-02  6.6805E-02  5.5245E-02  3.6349E-02  6.3988E-01
  9.7000E+01  4.8862E+00  4.1951E+01  9.2881E-01  9.0038E-01  1.7803E+00 -3.5304E-02  6.6805E-02  5.5245E-02  3.6349E-02  6.3988E-01
  9.7000E+01  4.8862E+00  4.1951E+01  9.2881E-01  9.0038E-01  1.7803E+00 -3.5304E-02  6.6805E-02  5.5245E-02  3.6349E-02  6.3988E-01
  9.7000E+01  4.8862E+00  4.1951E+01  9.2881E-01  9.0038E-01  1.7803E+00 -3.5304E-02  6.6805E-02  5.5245E-02  3.6349E-02  6.3988E-01
  9.7000E+01  4.8862E+00  4.1951E+01  9.2881E-01  9.0038E-01  1.7803E+00 -3.5304E-02  6.6805E-02  5.5245E-02  3.6349E-02  6.3988E-01
  9.7000E+01  4.8862E+00  4.1951E+01  9.2881E-01  9.0038E-01  1.7803E+00 -3.5304E-02  6.6805E-02  5.5245E-02  3.6349E-02  6.3988E-01
  9.8000E+01  6.4760E+00  3.0922E+01  9.9083E-01  8.3644E-01  1.1382E+00  2.4639E-01 -2.3824E-01  1.1726E-01 -3.7307E-02  1.9252E-01
  9.8000E+01  6.4760E+00  3.0922E+01  9.9083E-01  8.3644E-01  1.1382E+00  2.4639E-01 -2.3824E-01  1.1726E-01 -3.7307E-02  1.9252E-01
  9.8000E+01  6.4760E+00  3.0922E+01  9.9083E-01  8.3644E-01  1.1382E+00  2.4639E-01 -2.3824E-01  1.1726E-01 -3.7307E-02  1.9252E-01
  9.8000E+01  6.4760E+00  3.0922E+01  9.9083E-01  8.3644E-01  1.1382E+00  2.4639E-01 -2.3824E-01  1.1726E-01 -3.7307E-02  1.9252E-01
  9.8000E+01  6.4760E+00  3.0922E+01  9.9083E-01  8.3644E-01  1.1382E+00  2.4639E-01 -2.3824E-01  1.1726E-01 -3.7307E-02  1.9252E-01
  9.8000E+01  6.4760E+00  3.0922E+01  9.9083E-01  8.3644E-01  1.1382E+00  2.4639E-01 -2.3824E-01  1.1726E-01 -3.7307E-02  1.9252E-01
  9.8000E+01  6.4760E+00  3.0922E+01  9.9083E-01  8.3644E-01  1.1382E+00  2.4639E-01 -2.3824E-01  1.1726E-01 -3.7307E-02  1.9252E-01
  9.8000E+01  6.4760E+00  3.0922E+01  9.9083E-01  8.3644E-01  1.1382E+00  2.4639E-01 -2.3824E-01  1.1726E-01 -3.7307E-02  1.9252E-01
  9.8000E+01  6.4760E+00  3.0922E+01  9.9083E-01  8.3644E-01  1.1382E+00  2.4639E-01 -2.3824E-01  1.1726E-01 -3.7307E-02  1.9252E-01
  9.8000E+01  6.4760E+00  3.0922E+01  9.9083E-01  8.3644E-01  1.1382E+00  2.4639E-01 -2.3824E-01  1.1726E-01 -3.7307E-02  1.9252E-01
  9.8000E+01  6.4760E+00  3.0922E+01  9.9083E-01  8.3644E-01  1.1382E+00  2.4639E-01 -2.3824E-01  1.1726E-01 -3.7307E-02  1.9252E-01
  9.8000E+01  6.4760E+00  3.0922E+01  9.9083E-01  8.3644E-01  1.1382E+00  2.4639E-01 -2.3824E-01  1.1726E-01 -3.7307E-02  1.9252E-01
  9.8000E+01  6.4760E+00  3.0922E+01  9.9083E-01  8.3644E-01  1.1382E+00  2.4639E-01 -2.3824E-01  1.1726E-01 -3.7307E-02  1.9252E-01
  9.9000E+01  7.7045E+00  3.6602E+01  1.1868E+00  8.2110E-01  1.0006E+00  4.2008E-01 -6.9592E-02  3.1325E-01 -5.5820E-02  6.3705E-02
  9.9000E+01  7.7045E+00  3.6602E+01  1.1868E+00  8.2110E-01  1.0006E+00  4.2008E-01 -6.9592E-02  3.1325E-01 -5.5820E-02  6.3705E-02
  9.9000E+01  7.7045E+00  3.6602E+01  1.1868E+00  8.2110E-01  1.0006E+00  4.2008E-01 -6.9592E-02  3.1325E-01 -5.5820E-02  6.3705E-02
  9.9000E+01  7.7045E+00  3.6602E+01  1.1868E+00  8.2110E-01  1.0006E+00  4.2008E-01 -6.9592E-02  3.1325E-01 -5.5820E-02  6.3705E-02
  9.9000E+01  7.7045E+00  3.6602E+01  1.1868E+00  8.2110E-01  1.0006E+00  4.2008E-01 -6.9592E-02  3.1325E-01 -5.5820E-02  6.3705E-02
  9.9000E+01  7.7045E+00  3.6602E+01  1.1868E+00  8.2110E-01  1.0006E+00  4.2008E-01 -6.9592E-02  3.1325E-01 -5.5820E-02  6.3705E-02
  9.9000E+01  7.7045E+00  3.6602E+01  1.1868E+00  8.2110E-01  1.0006E+00  4.2008E-01 -6.9592E-02  3.1325E-01 -5.5820E-02  6.3705E-02
  9.9000E+01  7.7045E+00  3.6602E+01  1.1868E+00  8.2110E-01  1.0006E+00  4.2008E-01 -6.9592E-02  3.1325E-01 -5.5820E-02  6.3705E-02
  9.9000E+01  7.7045E+00  3.6602E+01  1.1868E+00  8.2110E-01  1.0006E+00  4.2008E-01 -6.9592E-02  3.1325E-01 -5.5820E-02  6.3705E-02
  9.9000E+01  7.7045E+00  3.6602E+01  1.1868E+00  8.2110E-01  1.0006E+00  4.2008E-01 -6.9592E-02  3.1325E-01 -5.5820E-02  6.3705E-02
  9.9000E+01  7.7045E+00  3.6602E+01  1.1868E+00  8.2110E-01  1.0006E+00  4.2008E-01 -6.9592E-02  3.1325E-01 -5.5820E-02  6.3705E-02
  9.9000E+01  7.7045E+00  3.6602E+01  1.1868E+00  8.2110E-01  1.0006E+00  4.2008E-01 -6.9592E-02  3.1325E-01 -5.5820E-02  6.3705E-02
  9.9000E+01  7.7045E+00  3.6602E+01  1.1868E+00  8.2110E-01  1.0006E+00  4.2008E-01 -6.9592E-02  3.1325E-01 -5.5820E-02  6.3705E-02
  1.0000E+02  5.0426E+00  4.3282E+01  1.0166E+00  1.0750E+00  1.2170E+00 -3.8010E-03  9.8033E-02  1.4301E-01  2.1365E-01  2.5951E-01
  1.0000E+02  5.0426E+00  4.3282E+01  1.0166E+00  1.0750E+00  1.2170E+00 -3.8010E-03  9.8033E-02  1.4301E-01  2.1365E-01  2.5951E-01
  1.0000E+02  5.0426E+00  4.3282E+01  1.0166E+00  1.0750E+00  1.2170E+00 -3.8010E-03  9.8033E-02  1.4301E-01  2.1365E-01  2.5951E-01
  1.0000E+02  5.0426E+00  4.3282E+01  1.0166E+00  1.0750E+00  1.2170E+00 -3.8010E-03  9.8033E-02  1.4301E-01  2.1365E-01  2.5951E-01
  1.0000E+02  5.0426E+00  4.3282E+01  1.0166E+00  1.0750E+00  1.2170E+00 -3.8010E-03  9.8033E-02  1.4301E-01  2.1365E-01  2.5951E-01
  1.0000E+02  5.0426E+00  4.3282E+01  1.0166E+00  1.0750E+00  1.2170E+00 -3.8010E-03  9.8033E-02  1.4301E-01  2.1365E-01  2.5951E-01
  1.0000E+02  5.0426E+00  4.3282E+01  1.0166E+00  1.0750E+00  1.2170E+00 -3.8010E-03  9.8033E-02  1.4301E-01  2.1365E-01  2.5951E-01
  1.0000E+02  5.0426E+00  4.3282E+01  1.0166E+00  1.0750E+00  1.2170E+00 -3.8010E-03  9.8033E-02  1.4301E-01  2.1365E-01  2.5951E-01
  1.0000E+02  5.0426E+00  4.3282E+01  1.0166E+00  1.0750E+00  1.2170E+00 -3.8010E-03  9.8033E-02  1.4301E-01  2.1365E-01  2.5951E-01
  1.0000E+02  5.0426E+00  4.3282E+01  1.0166E+00  1.0750E+00  1.2170E+00 -3.8010E-03  9.8033E-02  1.4301E-01  2.1365E-01  2.5951E-01
  1.0000E+02  5.0426E+00  4.3282E+01  1.0166E+00  1.0750E+00  1.2170E+00 -3.8010E-03  9.8033E-02  1.4301E-01  2.1365E-01  2.5951E-01
  1.0000E+02  5.0426E+00  4.3282E+01  1.0166E+00  1.0750E+00  1.2170E+00 -3.8010E-03  9.8033E-02  1.4301E-01  2.1365E-01  2.5951E-01
  1.0000E+02  5.0426E+00  4.3282E+01  1.0166E+00  1.0750E+00  1.2170E+00 -3.8010E-03  9.8033E-02  1.4301E-01  2.1365E-01  2.5951E-01
  1.0100E+02  3.2644E+00  3.2617E+01  8.6310E-01  6.5676E-01  1.1045E+00 -4.3866E-01 -1.8488E-01 -1.0462E-02 -2.7914E-01  1.6249E-01
  1.0100E+02  3.2644E+00  3.2617E+01  8.6310E-01  6.5676E-01  1.1045E+00 -4.3866E-01 -1.8488E-01 -1.0462E-02 -2.7914E-01  1.6249E-01
  1.0100E+02  3.2644E+00  3.2617E+01  8.6310E-01  6.5676E-01  1.1045E+00 -4.3866E-01 -1.8488E-01 -1.0462E-02 -2.7914E-01  1.6249E-01
  1.0100E+02  3.2644E+00  3.2617E+01  8.6310E-01  6.5676E-01  1.1045E+00 -4.3866E-01 -1.8488E-01 -1.0462E-02 -2.7914E-01  1.6249E-01
  1.0100E+02  3.2644E+00  3.2617E+01  8.6310E-01  6.5676E-01  1.1045E+00 -4.3866E-01 -1.8488E-01 -1.0462E-02 -2.7914E-01  1.6249E-01
  1.0100E+02  3.2644E+00  3.2617E+01  8.6310E-01  6.5676E-01  1.1045E+00 -4.3866E-01 -1.8488E-01 -1.0462E-02 -2.7914E-01  1.6249E-01
  1.0100E+02  3.2644E+00  3.2617E+01  8.6310E-01  6.5676E-01  1.1045E+00 -4.3866E-01 -1.8488E-01 -1.0462E-02 -2.7914E-01  1.6249E-01
  1.0100E+02  3.2644E+00  3.2617E+01  8.6310E-01  6.5676E-01  1.1045E+00 -4.3866E-01 -1.8488E-01 -1.0462E-02 -2.7914E-01  1.6249E-01
  1.0100E+02  3.2644E+00  3.2617E+01  8.6310E-01  6.5676E-01  1.1045E+00 -4.3866E-01 -1.8488E-01 -1.0462E-02 -2.7914E-01  1.6249E-01
  1.0100E+02  3.2644E+00  3.2617E+01  8.6310E-01  6.5676E-01  1.1045E+00 -4.3866E-01 -1.8488E-01 -1.0462E-02 -2.7914E-01  1.6249E-01
  1.0100E+02  3.2644E+00  3.2617E+01  8.6310E-01  6.5676E-01  1.1045E+00 -4.3866E-01 -1.8488E-01 -1.0462E-02 -2.7914E-01  1.6249E-01
  1.0100E+02  3.2644E+00  3.2617E+01  8.6310E-01  6.5676E-01  1.1045E+00 -4.3866E-01 -1.8488E-01 -1.0462E-02 -2.7914E-01  1.6249E-01
  1.0100E+02  3.2644E+00  3.2617E+01  8.6310E-01  6.5676E-01  1.1045E+00 -4.3866E-01 -1.8488E-01 -1.0462E-02 -2.7914E-01  1.6249E-01
  1.0200E+02  5.3152E+00  4.9281E+01  8.0801E-01  1.0570E+00  1.2715E+00  4.8851E-02  2.2784E-01 -6.5558E-02  1.9669E-01  3.0331E-01
  1.0200E+02  5.3152E+00  4.9281E+01  8.0801E-01  1.0570E+00  1.2715E+00  4.8851E-02  2.2784E-01 -6.5558E-02  1.9669E-01  3.0331E-01
  1.0200E+02  5.3152E+00  4.9281E+01  8.0801E-01  1.0570E+00  1.2715E+00  4.8851E-02  2.2784E-01 -6.5558E-02  1.9669E-01  3.0331E-01
  1.0200E+02  5.3152E+00  4.9281E+01  8.0801E-01  1.0570E+00  1.2715E+00  4.8851E-02  2.2784E-01 -6.5558E-02  1.9669E-01  3.0331E-01
  1.0200E+02  5.3152E+00  4.9281E+01  8.0801E-01  1.0570E+00  1.2715E+00  4.8851E-02  2.2784E-01 -6.5558E-02  1.9669E-01  3.0331E-01
  1.0200E+02  5.3152E+00  4.9281E+01  8.0801E-01  1.0570E+00  1.2715E+00  4.8851E-02  2.2784E-01 -6.5558E-02  1.9669E-01  3.0331E-01
  1.0200E+02  5.3152E+00  4.9281E+01  8.0801E-01  1.0570E+00  1.2715E+00  4.8851E-02  2.2784E-01 -6.5558E-02  1.9669E-01  3.0331E-01
  1.0200E+02  5.3152E+00  4.9281E+01  8.0801E-01  1.0570E+00  1.2715E+00  4.8851E-02  2.2784E-01 -6.5558E-02  1.9669E-01  3.0331E-01
  1.0200E+02  5.3152E+00  4.9281E+01  8.0801E-01  1.0570E+00  1.2715E+00  4.8851E-02  2.2784E-01 -6.5558E-02  1.9669E-01  3.0331E-01
  1.0200E+02  5.3152E+00  4.9281E+01  8.0801E-01  1.0570E+00  1.2715E+00  4.8851E-02  2.2784E-01 -6.5558E-02  1.9669E-01  3.0331E-01
  1.0200E+02  5.3152E+00  4.9281E+01  8.0801E-01  1.0570E+00  1.2715E+00  4.8851E-02  2.2784E-01 -6.5558E-02  1.9669E-01  3.0331E-01
  1.0200E+02  5.3152E+00  4.9281E+01  8.0801E-01  1.0570E+00  1.2715E+00  4.8851E-02  2.2784E-01 -6.5558E-02  1.9669E-01  3.0331E-01
  1.0200E+02  5.3152E+00  4.9281E+01  8.0801E-01  1.0570E+00  1.2715E+00  4.8851E-02  2.2784E-01 -6.5558E-02  1.9669E-01  3.0331E-01
  1.0300E+02  3.6765E+00  3.9819E+01  9.7069E-01  7.3133E-01  2.0159E+00 -3.1977E-01  1.4640E-02  9.7125E-02 -1.7160E-01  7.6414E-01
  1.0300E+02  3.6765E+00  3.9819E+01  9.7069E-01  7.3133E-01  2.0159E+00 -3.1977E-01  1.4640E-02  9.7125E-02 -1.7160E-01  7.6414E-01
  1.0300E+02  3.6765E+00  3.9819E+01  9.7069E-01  7.3133E-01  2.0159E+00 -3.1977E-01  1.4640E-02  9.7125E-02 -1.7160E-01  7.6414E-01
  1.0300E+02  3.6765E+00  3.9819E+01  9.7069E-01  7.3133E-01  2.0159E+00 -3.1977E-01  1.4640E-02  9.7125E-02 -1.7160E-01  7.6414E-01
  1.0300E+02  3.6765E+00  3.9819E+01  9.7069E-01  7.3133E-01  2.0159E+00 -3.1977E-01  1.4640E-02  9.7125E-02 -1.7160E-01  7.6414E-01
  1.0300E+02  3.6765E+00  3.9819E+01  9.7069E-01  7.3133E-01  2.0159E+00 -3.1977E-01  1.4640E-02  9.7125E-02 -1.7160E-01  7.6414E-01
  1.0300E+02  3.6765E+00  3.9819E+01  9.7069E-01  7.3133E-01  2.0159E+00 -3.1977E-01  1.4640E-02  9.7125E-02 -1.7160E-01  7.6414E-01
  1.0300E+02  3.6765E+00  3.9819E+01  9.7069E-01  7.3133E-01  2.0159E+00 -3.1977E-01  1.4640E-02  9.7125E-02 -1.7160E-01  7.6414E-01
  1.0300E+02  3.6765E+00  3.9819E+01  9.7069E-01  7.3133E-01  2.0159E+00 -3.1977E-01  1.4640E-02  9.7125E-02 -1.7160E-01  7.6414E-01
  1.0300E+02  3.6765E+00  3.9819E+01  9.7069E-01  7.3133E-01  2.0159E+00 -3.1977E-01  1.4640E-02  9.7125E-02 -1.7160E-01  7.6414E-01
  1.0300E+02  3.6765E+00  3.9819E+01  9.7069E-01  7.3133E-01  2.0159E+00 -3.1977E-01  1.4640E-02  9.7125E-02 -1.7160E-01  7.6414E-01
  1.0300E+02  3.6765E+00  3.9819E+01  9.7069E-01  7.3133E-01  2.0159E+00 -3.1977E-01  1.4640E-02  9.7125E-02 -1.7160E-01  7.6414E-01
  1.0300E+02  3.6765E+00  3.9819E+01  9.7069E-01  7.3133E-01  2.0159E+00 -3.1977E-01  1.4640E-02  9.7125E-02 -1.7160E-01  7.6414E-01
  1.0400E+02  4.1182E+00  4.4542E+01  1.3132E+00  8.9698E-01  1.1776E+00 -2.0629E-01  1.2673E-01  4.3963E-01  3.2561E-02  2.2660E-01
  1.0400E+02  4.1182E+00  4.4542E+01  1.3132E+00  8.9698E-01  1.1776E+00 -2.0629E-01  1.2673E-01  4.3963E-01  3.2561E-02  2.2660E-01
  1.0400E+02  4.1182E+00  4.4542E+01  1.3132E+00  8.9698E-01  1.1776E+00 -2.0629E-01  1.2673E-01  4.3963E-01  3.2561E-02  2.2660E-01
  1.0400E+02  4.1182E+00  4.4542E+01  1.3132E+00  8.9698E-01  1.1776E+00 -2.0629E-01  1.2673E-01  4.3963E-01  3.2561E-02  2.2660E-01
  1.0400E+02  4.1182E+00  4.4542E+01  1.3132E+00  8.9698E-01  1.1776E+00 -2.0629E-01  1.2673E-01  4.3963E-01  3.2561E-02  2.2660E-01
  1.0400E+02  4.1182E+00  4.4542E+01  1.3132E+00  8.9698E-01  1.1776E+00 -2.0629E-01  1.2673E-01  4.3963E-01  3.2561E-02  2.2660E-01
  1.0400E+02  4.1182E+00  4.4542E+01  1.3132E+00  8.9698E-01  1.1776E+00 -2.0629E-01  1.2673E-01  4.3963E-01  3.2561E-02  2.2660E-01
  1.0400E+02  4.1182E+00  4.4542E+01  1.3132E+00  8.9698E-01  1.1776E+00 -2.0629E-01  1.2673E-01  4.3963E-01  3.2561E-02  2.2660E-01
  1.0400E+02  4.1182E+00  4.4542E+01  1.3132E+00  8.9698E-01  1.1776E+00 -2.0629E-01  1.2673E-01  4.3963E-01  3.2561E-02  2.2660E-01
  1.0400E+02  4.1182E+00  4.4542E+01  1.3132E+00  8.9698E-01  1.1776E+00 -2.0629E-01  1.2673E-01  4.3963E-01  3.2561E-02  2.2660E-01
  1.0400E+02  4.1182E+00  4.4542E+01  1.3132E+00  8.9698E-01  1.1776E+00 -2.0629E-01  1.2673E-01  4.3963E-01  3.2561E-02  2.2660E-01
  1.0400E+02  4.1182E+00  4.4542E+01  1.3132E+00  8.9698E-01  1.1776E+00 -2.0629E-01  1.2673E-01  4.3963E-01  3.2561E-02  2.2660E-01
  1.0400E+02  4.1182E+00  4.4542E+01  1.3132E+00  8.9698E-01  1.1776E+00 -2.0629E-01  1.2673E-01  4.3963E-01  3.2561E-02  2.2660E-01
  1.0500E+02  4.7981E+00  3.5583E+01  8.8192E-01  6.0905E-01  8.5608E-01 -5.3490E-02 -9.7852E-02  8.3545E-03 -3.5456E-01 -9.2296E-02
  1.0500E+02  4.7981E+00  3.5583E+01  8.8192E-01  6.0905E-01  8.5608E-01 -5.3490E-02 -9.7852E-02  8.3545E-03 -3.5456E-01 -9.2296E-02
  1.0500E+02  4.7981E+00  3.5583E+01  8.8192E-01  6.0905E-01  8.5608E-01 -5.3490E-02 -9.7852E-02  8.3545E-03 -3.5456E-01 -9.2296E-02
  1.0500E+02  4.7981E+00  3.5583E+01  8.8192E-01  6.0905E-01  8.5608E-01 -5.3490E-02 -9.7852E-02  8.3545E-03 -3.5456E-01 -9.2296E-02
  1.0500E+02  4.7981E+00  3.5583E+01  8.8192E-01  6.0905E-01  8.5608E-01 -5.3490E-02 -9.7852E-02  8.3545E-03 -3.5456E-01 -9.2296E-02
  1.0500E+02  4.7981E+00  3.5583E+01  8.8192E-01  6.0905E-01  8.5608E-01 -5.3490E-02 -9.7852E-02  8.3545E-03 -3.5456E-01 -9.2296E-02
  1.0500E+02  4.7981E+00  3.5583E+01  8.8192E-01  6.0905E-01  8.5608E-01 -5.3490E-02 -9.7852E-02  8.3545E-03 -3.5456E-01 -9.2296E-02
  1.0500E+02  4.7981E+00  3.5583E+01  8.8192E-01  6.0905E-01  8.5608E-01 -5.3490E-02 -9.7852E-02  8.3545E-03 -3.5456E-01 -9.2296E-02
  1.0500E+02  4.7981E+00  3.5583E+01  8.8192E-01  6.0905E-01  8.5608E-01 -5.3490E-02 -9.7852E-02  8.3545E-03 -3.5456E-01 -9.2296E-02
  1.0500E+02  4.7981E+00  3.5583E+01  8.8192E-01  6.0905E-01  8.5608E-01 -5.3490E-02 -9.7852E-02  8.3545E-03 -3.5456E-01 -9.2296E-02
  1.0500E+02  4.7981E+00  3.5583E+01  8.8192E-01  6.0905E-01  8.5608E-01 -5.3490E-02 -9.7852E-02  8.3545E-03 -3.5456E-01 -9.2296E-02
  1.0500E+02  4.7981E+00  3.5583E+01  8.8192E-01  6.0905E-01  8.5608E-01 -5.3490E-02 -9.7852E-02  8.3545E-03 -3.5456E-01 -9.2296E-02
  1.0500E+02  4.7981E+00  3.5583E+01  8.8192E-01  6.0905E-01  8.5608E-01 -5.3490E-02 -9.7852E-02  8.3545E-03 -3.5456E-01 -9.2296E-02
  1.0600E+02  4.0196E+00  3.3466E+01  1.4379E+00  6.7062E-01  1.0597E+00 -2.3054E-01 -1.5919E-01  5.6429E-01 -2.5827E-01  1.2108E-01
  1.0600E+02  4.0196E+00  3.3466E+01  1.4379E+00  6.7062E-01  1.0597E+00 -2.3054E-01 -1.5919E-01  5.6429E-01 -2.5827E-01  1.2108E-01
  1.0600E+02  4.0196E+00  3.3466E+01  1.4379E+00  6.7062E-01  1.0597E+00 -2.3054E-01 -1.5919E-01  5.6429E-01 -2.5827E-01  1.2108E-01
  1.0600E+02  4.0196E+00  3.3466E+01  1.4379E+00  6.7062E-01  1.0597E+00 -2.3054E-01 -1.5919E-01  5.6429E-01 -2.5827E-01  1.2108E-01
  1.0600E+02  4.0196E+00  3.3466E+01  1.4379E+00  6.7062E-01  1.0597E+00 -2.3054E-01 -1.5919E-01  5.6429E-01 -2.5827E-01  1.2108E-01
  1.0600E+02  4.0196E+00  3.3466E+01  1.4379E+00  6.7062E-01  1.0597E+00 -2.3054E-01 -1.5919E-01  5.6429E-01 -2.5827E-01  1.2108E-01
  1.0600E+02  4.0196E+00  3.3466E+01  1.4379E+00  6.7062E-01  1.0597E+00 -2.3054E-01 -1.5919E-01  5.6429E-01 -2.5827E-01  1.2108E-01
  1.0600E+02  4.0196E+00  3.3466E+01  1.4379E+00  6.7062E-01  1.0597E+00 -2.3054E-01 -1.5919E-01  5.6429E-01 -2.5827E-01  1.2108E-01
  1.0600E+02  4.0196E+00  3.3466E+01  1.4379E+00  6.7062E-01  1.0597E+00 -2.3054E-01 -1.5919E-01  5.6429E-01 -2.5827E-01  1.2108E-01
  1.0600E+02  4.0196E+00  3.3466E+01  1.4379E+00  6.7062E-01  1.0597E+00 -2.3054E-01 -1.5919E-01  5.6429E-01 -2.5827E-01  1.2108E-01
  1.0600E+02  4.0196E+00  3.3466E+01  1.4379E+00  6.7062E-01  1.0597E+00 -2.3054E-01 -1.5919E-01  5.6429E-01 -2.5827E-01  1.2108E-01
  1.0600E+02  4.0196E+00  3.3466E+01  1.4379E+00  6.7062E-01  1.0597E+00 -2.3054E-01 -1.5919E-01  5.6429E-01 -2.5827E-01  1.2108E-01
  1.0600E+02  4.0196E+00  3.3466E+01  1.4379E+00  6.7062E-01  1.0597E+00 -2.3054E-01 -1.5919E-01  5.6429E-01 -2.5827E-01  1.2108E-01
  1.0700E+02  5.6583E+00  3.8808E+01  1.1239E+00  9.7506E-01  8.1168E-01  1.1140E-01 -1.1091E-02  2.5031E-01  1.1603E-01 -1.4555E-01
  1.0700E+02  5.6583E+00  3.8808E+01  1.1239E+00  9.7506E-01  8.1168E-01  1.1140E-01 -1.1091E-02  2.5031E-01  1.1603E-01 -1.4555E-01
  1.0700E+02  5.6583E+00  3.8808E+01  1.1239E+00  9.7506E-01  8.1168E-01  1.1140E-01 -1.1091E-02  2.5031E-01  1.1603E-01 -1.4555E-01
  1.0700E+02  5.6583E+00  3.8808E+01  1.1239E+00  9.7506E-01  8.1168E-01  1.1140E-01 -1.1091E-02  2.5031E-01  1.1603E-01 -1.4555E-01
  1.0700E+02  5.6583E+00  3.8808E+01  1.1239E+00  9.7506E-01  8.1168E-01  1.1140E-01 -1.1091E-02  2.5031E-01  1.1603E-01 -1.4555E-01
  1.0700E+02  5.6583E+00  3.8808E+01  1.1239E+00  9.7506E-01  8.1168E-01  1.1140E-01 -1.1091E-02  2.5031E-01  1.1603E-01 -1.4555E-01
  1.0700E+02  5.6583E+00  3.8808E+01  1.1239E+00  9.7506E-01  8.1168E-01  1.1140E-01 -1.1091E-02  2.5031E-01  1.1603E-01 -1.4555E-01
  1.0700E+02  5.6583E+00  3.8808E+01  1.1239E+00  9.7506E-01  8.1168E-01  1.1140E-01 -1.1091E-02  2.5031E-01  1.1603E-01 -1.4555E-01
  1.0700E+02  5.6583E+00  3.8808E+01  1.1239E+00  9.7506E-01  8.1168E-01  1.1140E-01 -1.1091E-02  2.5031E-01  1.1603E-01 -1.4555E-01
  1.0700E+02  5.6583E+00  3.8808E+01  1.1239E+00  9.7506E-01  8.1168E-01  1.1140E-01 -1.1091E-02  2.5031E-01  1.1603E-01 -1.4555E-01
  1.0700E+02  5.6583E+00  3.8808E+01  1.1239E+00  9.7506E-01  8.1168E-01  1.1140E-01 -1.1091E-02  2.5031E-01  1.1603E-01 -1.4555E-01
  1.0700E+02  5.6583E+00  3.8808E+01  1.1239E+00  9.7506E-01  8.1168E-01  1.1140E-01 -1.1091E-02  2.5031E-01  1.1603E-01 -1.4555E-01
  1.0700E+02  5.6583E+00  3.8808E+01  1.1239E+00  9.7506E-01  8.1168E-01  1.1140E-01 -1.1091E-02  2.5031E-01  1.1603E-01 -1.4555E-01
  1.0800E+02  4.1020E+00  3.2884E+01  1.2686E+00  1.1001E+00  1.0840E+00 -2.1023E-01 -1.7671E-01  3.9501E-01  2.3670E-01  1.4380E-01
  1.0800E+02  4.1020E+00  3.2884E+01  1.2686E+00  1.1001E+00  1.0840E+00 -2.1023E-01 -1.7671E-01  3.9501E-01  2.3670E-01  1.4380E-01
  1.0800E+02  4.1020E+00  3.2884E+01  1.2686E+00  1.1001E+00  1.0840E+00 -2.1023E-01 -1.7671E-01  3.9501E-01  2.3670E-01  1.4380E-01
  1.0800E+02  4.1020E+00  3.2884E+01  1.2686E+00  1.1001E+00  1.0840E+00 -2.1023E-01 -1.7671E-01  3.9501E-01  2.3670E-01  1.4380E-01
  1.0800E+02  4.1020E+00  3.2884E+01  1.2686E+00  1.1001E+00  1.0840E+00 -2.1023E-01 -1.7671E-01  3.9501E-01  2.3670E-01  1.4380E-01
  1.0800E+02  4.1020E+00  3.2884E+01  1.2686E+00  1.1001E+00  1.0840E+00 -2.1023E-01 -1.7671E-01  3.9501E-01  2.3670E-01  1.4380E-01
  1.0800E+02  4.1020E+00  3.2884E+01  1.2686E+00  1.1001E+00  1.0840E+00 -2.1023E-01 -1.7671E-01  3.9501E-01  2.3670E-01  1.4380E-01
  1.0800E+02  4.1020E+00  3.2884E+01  1.2686E+00  1.1001E+00  1.0840E+00 -2.1023E-01 -1.7671E-01  3.9501E-01  2.3670E-01  1.4380E-01
  1.0800E+02  4.1020E+00  3.2884E+01  1.2686E+00  1.1001E+00  1.0840E+00 -2.1023E-01 -1.7671E-01  3.9501E-01  2.3670E-01  1.4380E-01
  1.0800E+02  4.1020E+00  3.2884E+01  1.2686E+00  1.1001E+00  1.0840E+00 -2.1023E-01 -1.7671E-01  3.9501E-01  2.3670E-01  1.4380E-01
  1.0800E+02  4.1020E+00  3.2884E+01  1.2686E+00  1.1001E+00  1.0840E+00 -2.1023E-01 -1.7671E-01  3.9501E-01  2.3670E-01  1.4380E-01
  1.0800E+02  4.1020E+00  3.2884E+01  1.2686E+00  1.1001E+00  1.0840E+00 -2.1023E-01 -1.7671E-01  3.9501E-01  2.3670E-01  1.4380E-01
  1.0800E+02  4.1020E+00  3.2884E+01  1.2686E+00  1.1001E+00  1.0840E+00 -2.1023E-01 -1.7671E-01  3.9501E-01  2.3670E-01  1.4380E-01
  1.0900E+02  3.7775E+00  4.2027E+01  9.6592E-01  6.2759E-01  1.7666E+00 -2.9265E-01  6.8616E-02  9.2355E-02 -3.2458E-01  6.3214E-01
  1.0900E+02  3.7775E+00  4.2027E+01  9.6592E-01  6.2759E-01  1.7666E+00 -2.9265E-01  6.8616E-02  9.2355E-02 -3.2458E-01  6.3214E-01
  1.0900E+02  3.7775E+00  4.2027E+01  9.6592E-01  6.2759E-01  1.7666E+00 -2.9265E-01  6.8616E-02  9.2355E-02 -3.2458E-01  6.3214E-01
  1.0900E+02  3.7775E+00  4.2027E+01  9.6592E-01  6.2759E-01  1.7666E+00 -2.9265E-01  6.8616E-02  9.2355E-02 -3.2458E-01  6.3214E-01
  1.0900E+02  3.7775E+00  4.2027E+01  9.6592E-01  6.2759E-01  1.7666E+00 -2.9265E-01  6.8616E-02  9.2355E-02 -3.2458E-01  6.3214E-01
  1.0900E+02  3.7775E+00  4.2027E+01  9.6592E-01  6.2759E-01  1.7666E+00 -2.9265E-01  6.8616E-02  9.2355E-02 -3.2458E-01  6.3214E-01
  1.0900E+02  3.7775E+00  4.2027E+01  9.6592E-01  6.2759E-01  1.7666E+00 -2.9265E-01  6.8616E-02  9.2355E-02 -3.2458E-01  6.3214E-01
  1.0900E+02  3.7775E+00  4.2027E+01  9.6592E-01  6.2759E-01  1.7666E+00 -2.9265E-01  6.8616E-02  9.2355E-02 -3.2458E-01  6.3214E-01
  1.0900E+02  3.7775E+00  4.2027E+01  9.6592E-01  6.2759E-01  1.7666E+00 -2.9265E-01  6.8616E-02  9.2355E-02 -3.2458E-01  6.3214E-01
  1.0900E+02  3.7775E+00  4.2027E+01  9.6592E-01  6.2759E-01  1.7666E+00 -2.9265E-01  6.8616E-02  9.2355E-02 -3.2458E-01  6.3214E-01
  1.0900E+02  3.7775E+00  4.2027E+01  9.6592E-01  6.2759E-01  1.7666E+00 -2.9265E-01  6.8616E-02  9.2355E-02 -3.2458E-01  6.3214E-01
  1.0900E+02  3.7775E+00  4.2027E+01  9.6592E-01  6.2759E-01  1.7666E+00 -2.9265E-01  6.8616E-02  9.2355E-02 -3.2458E-01  6.3214E-01
  1.0900E+02  3.7775E+00  4.2027E+01  9.6592E-01  6.2759E-01  1.7666E+00 -2.9265E-01  6.8616E-02  9.2355E-02 -3.2458E-01  6.3214E-01
  1.1000E+02  5.8408E+00  3.5635E+01  8.9848E-01  7.6939E-01  6.8425E-01  1.4314E-01 -9.6386E-02  2.4910E-02 -1.2087E-01 -3.1633E-01
  1.1000E+02  5.8408E+00  3.5635E+01  8.9848E-01  7.6939E-01  6.8425E-01  1.4314E-01 -9.6386E-02  2.4910E-02 -1.2087E-01 -3.1633E-01
  1.1000E+02  5.8408E+00  3.5635E+01  8.9848E-01  7.6939E-01  6.8425E-01  1.4314E-01 -9.6386E-02  2.4910E-02 -1.2087E-01 -3.1633E-01
  1.1000E+02  5.8408E+00  3.5635E+01  8.9848E-01  7.6939E-01  6.8425E-01  1.4314E-01 -9.6386E-02  2.4910E-02 -1.2087E-01 -3.1633E-01
  1.1000E+02  5.8408E+00  3.5635E+01  8.9848E-01  7.6939E-01  6.8425E-01  1.4314E-01 -9.6386E-02  2.4910E-02 -1.2087E-01 -3.1633E-01
  1.1000E+02  5.8408E+00  3.5635E+01  8.9848E-01  7.6939E-01  6.8425E-01  1.4314E-01 -9.6386E-02  2.4910E-02 -1.2087E-01 -3.1633E-01
  1.1000E+02  5.8408E+00  3.5635E+01  8.9848E-01  7.6939E-01  6.8425E-01  1.4314E-01 -9.6386E-02  2.4910E-02 -1.2087E-01 -3.1633E-01
  1.1000E+02  5.8408E+00  3.5635E+01  8.9848E-01  7.6939E-01  6.8425E-01  1.4314E-01 -9.6386E-02  2.4910E-02 -1.2087E-01 -3.1633E-01
  1.1000E+02  5.8408E+00  3.5635E+01  8.9848E-01  7.6939E-01  6.8425E-01  1.4314E-01 -9.6386E-02  2.4910E-02 -1.2087E-01 -3.1633E-01
  1.1000E+02  5.8408E+00  3.5635E+01  8.9848E-01  7.6939E-01  6.8425E-01  1.4314E-01 -9.6386E-02  2.4910E-02 -1.2087E-01 -3.1633E-01
  1.1000E+02  5.8408E+00  3.5635E+01  8.9848E-01  7.6939E-01  6.8425E-01  1.4314E-01 -9.6386E-02  2.4910E-02 -1.2087E-01 -3.1633E-01
  1.1000E+02  5.8408E+00  3.5635E+01  8.9848E-01  7.6939E-01  6.8425E-01  1.4314E-01 -9.6386E-02  2.4910E-02 -1.2087E-01 -3.1633E-01
  1.1000E+02  5.8408E+00  3.5635E+01  8.9848E-01  7.6939E-01  6.8425E-01  1.4314E-01 -9.6386E-02  2.4910E-02 -1.2087E-01 -3.1633E-01
  1.1100E+02  6.1657E+00  3.7116E+01  8.6297E-01  1.1193E+00  9.7941E-01  1.9729E-01 -5.5653E-02 -1.0595E-02  2.5403E-01  4.2289E-02
  1.1100E+02  6.1657E+00  3.7116E+01  8.6297E-01  1.1193E+00  9.7941E-01  1.9729E-01 -5.5653E-02 -1.0595E-02  2.5403E-01  4.2289E-02
  1.1100E+02  6.1657E+00  3.7116E+01  8.6297E-01  1.1193E+00  9.7941E-01  1.9729E-01 -5.5653E-02 -1.0595E-02  2.5403E-01  4.2289E-02
  1.1100E+02  6.1657E+00  3.7116E+01  8.6297E-01  1.1193E+00  9.7941E-01  1.9729E-01 -5.5653E-02 -1.0595E-02  2.5403E-01  4.2289E-02
  1.1100E+02  6.1657E+00  3.7116E+01  8.6297E-01  1.1193E+00  9.7941E-01  1.9729E-01 -5.5653E-02 -1.0595E-02  2.5403E-01  4.2289E-02
  1.1100E+02  6.1657E+00  3.7116E+01  8.6297E-01  1.1193E+00  9.7941E-01  1.9729E-01 -5.5653E-02 -1.0595E-02  2.5403E-01  4.2289E-02
  1.1100E+02  6.1657E+00  3.7116E+01  8.6297E-01  1.1193E+00  9.7941E-01  1.9729E-01 -5.5653E-02 -1.0595E-02  2.5403E-01  4.2289E-02
  1.1100E+02  6.1657E+00  3.7116E+01  8.6297E-01  1.1193E+00  9.7941E-01  1.9729E-01 -5.5653E-02 -1.0595E-02  2.5403E-01  4.2289E-02
  1.1100E+02  6.1657E+00  3.7116E+01  8.6297E-01  1.1193E+00  9.7941E-01  1.9729E-01 -5.5653E-02 -1.0595E-02  2.5403E-01  4.2289E-02
  1.1100E+02  6.1657E+00  3.7116E+01  8.6297E-01  1.1193E+00  9.7941E-01  1.9729E-01 -5.5653E-02 -1.0595E-02  2.5403E-01  4.2289E-02
  1.1100E+02  6.1657E+00  3.7116E+01  8.6297E-01  1.1193E+00  9.7941E-01  1.9729E-01 -5.5653E-02 -1.0595E-02  2.5403E-01  4.2289E-02
  1.1100E+02  6.1657E+00  3.7116E+01  8.6297E-01  1.1193E+00  9.7941E-01  1.9729E-01 -5.5653E-02 -1.0595E-02  2.5403E-01  4.2289E-02
  1.1100E+02  6.1657E+00  3.7116E+01  8.6297E-01  1.1193E+00  9.7941E-01  1.9729E-01 -5.5653E-02 -1.0595E-02  2.5403E-01  4.2289E-02
  1.1200E+02  4.0079E+00  3.5734E+01  7.5940E-01  8.4240E-01  6.9961E-01 -2.3344E-01 -9.3604E-02 -1.1416E-01 -3.0215E-02 -2.9413E-01
  1.1200E+02  4.0079E+00  3.5734E+01  7.5940E-01  8.4240E-01  6.9961E-01 -2.3344E-01 -9.3604E-02 -1.1416E-01 -3.0215E-02 -2.9413E-01
  1.1200E+02  4.0079E+00  3.5734E+01  7.5940E-01  8.4240E-01  6.9961E-01 -2.3344E-01 -9.3604E-02 -1.1416E-01 -3.0215E-02 -2.9413E-01
  1.1200E+02  4.0079E+00  3.5734E+01  7.5940E-01  8.4240E-01  6.9961E-01 -2.3344E-01 -9.3604E-02 -1.1416E-01 -3.0215E-02 -2.9413E-01
  1.1200E+02  4.0079E+00  3.5734E+01  7.5940E-01  8.4240E-01  6.9961E-01 -2.3344E-01 -9.3604E-02 -1.1416E-01 -3.0215E-02 -2.9413E-01
  1.1200E+02  4.0079E+00  3.5734E+01  7.5940E-01  8.4240E-01  6.9961E-01 -2.3344E-01 -9.3604E-02 -1.1416E-01 -3.0215E-02 -2.9413E-01
  1.1200E+02  4.0079E+00  3.5734E+01  7.5940E-01  8.4240E-01  6.9961E-01 -2.3344E-01 -9.3604E-02 -1.1416E-01 -3.0215E-02 -2.9413E-01
  1.1200E+02  4.0079E+00  3.5734E+01  7.5940E-01  8.4240E-01  6.9961E-01 -2.3344E-01 -9.3604E-02 -1.1416E-01 -3.0215E-02 -2.9413E-01
  1.1200E+02  4.0079E+00  3.5734E+01  7.5940E-01  8.4240E-01  6.9961E-01 -2.3344E-01 -9.3604E-02 -1.1416E-01 -3.0215E-02 -2.9413E-01
  1.1200E+02  4.0079E+00  3.5734E+01  7.5940E-01  8.4240E-01  6.9961E-01 -2.3344E-01 -9.3604E-02 -1.1416E-01 -3.0215E-02 -2.9413E-01
  1.1200E+02  4.0079E+00  3.5734E+01  7.5940E-01  8.4240E-01  6.9961E-01 -2.3344E-01 -9.3604E-02 -1.1416E-01 -3.0215E-02 -2.9413E-01
  1.1200E+02  4.0079E+00  3.5734E+01  7.5940E-01  8.4240E-01  6.9961E-01 -2.3344E-01 -9.3604E-02 -1.1416E-01 -3.0215E-02 -2.9413E-01
  1.1200E+02  4.0079E+00  3.5734E+01  7.5940E-01  8.4240E-01  6.9961E-01 -2.3344E-01 -9.3604E-02 -1.1416E-01 -3.0215E-02 -2.9413E-01
  1.1300E+02  4.4142E+00  5.4539E+01  1.3450E+00  1.6314E+00  1.9656E+00 -1.3690E-01  3.2922E-01  4.7140E-01  6.3073E-01  7.3889E-01
  1.1300E+02  4.4142E+00  5.4539E+01  1.3450E+00  1.6314E+00  1.9656E+00 -1.3690E-01  3.2922E-01  4.7140E-01  6.3073E-01  7.3889E-01
  1.1300E+02  4.4142E+00  5.4539E+01  1.3450E+00  1.6314E+00  1.9656E+00 -1.3690E-01  3.2922E-01  4.7140E-01  6.3073E-01  7.3889E-01
  1.1300E+02  4.4142E+00  5.4539E+01  1.3450E+00  1.6314E+00  1.9656E+00 -1.3690E-01  3.2922E-01  4.7140E-01  6.3073E-01  7.3889E-01
  1.1300E+02  4.4142E+00  5.4539E+01  1.3450E+00  1.6314E+00  1.9656E+00 -1.3690E-01  3.2922E-01  4.7140E-01  6.3073E-01  7.3889E-01
  1.1300E+02  4.4142E+00  5.4539E+01  1.3450E+00  1.6314E+00  1.9656E+00 -1.3690E-01  3.2922E-01  4.7140E-01  6.3073E-01  7.3889E-01
  1.1300E+02  4.4142E+00  5.4539E+01  1.3450E+00  1.6314E+00  1.9656E+00 -1.3690E-01  3.2922E-01  4.7140E-01  6.3073E-01  7.3889E-01
  1.1300E+02  4.4142E+00  5.4539E+01  1.3450E+00  1.6314E+00  1.9656E+00 -1.3690E-01  3.2922E-01  4.7140E-01  6.3073E-01  7.3889E-01
  1.1300E+02  4.4142E+00  5.4539E+01  1.3450E+00  1.6314E+00  1.9656E+00 -1.3690E-01  3.2922E-01  4.7140E-01  6.3073E-01  7.3889E-01
  1.1300E+02  4.4142E+00  5.4539E+01  1.3450E+00  1.6314E+00  1.9656E+00 -1.3690E-01  3.2922E-01  4.7140E-01  6.3073E-01  7.3889E-01
  1.1300E+02  4.4142E+00  5.4539E+01  1.3450E+00  1.6314E+00  1.9656E+00 -1.3690E-01  3.2922E-01  4.7140E-01  6.3073E-01  7.3889E-01
  1.1300E+02  4.4142E+00  5.4539E+01  1.3450E+00  1.6314E+00  1.9656E+00 -1.3690E-01  3.2922E-01  4.7140E-01  6.3073E-01  7.3889E-01
  1.1300E+02  4.4142E+00  5.4539E+01  1.3450E+00  1.6314E+00  1.9656E+00 -1.3690E-01  3.2922E-01  4.7140E-01  6.3073E-01  7.3889E-01
  1.1400E+02  3.5186E+00  4.1449E+01  9.6262E-01  6.4906E-01  9.8353E-01 -3.6367E-01  5.4761E-02  8.9056E-02 -2.9094E-01  4.6494E-02
  1.1400E+02  3.5186E+00  4.1449E+01  9.6262E-01  6.4906E-01  9.8353E-01 -3.6367E-01  5.4761E-02  8.9056E-02 -2.9094E-01  4.6494E-02
  1.1400E+02  3.5186E+00  4.1449E+01  9.6262E-01  6.4906E-01  9.8353E-01 -3.6367E-01  5.4761E-02  8.9056E-02 -2.9094E-01  4.6494E-02
  1.1400E+02  3.5186E+00  4.1449E+01  9.6262E-01  6.4906E-01  9.8353E-01 -3.6367E-01  5.4761E-02  8.9056E-02 -2.9094E-01  4.6494E-02
  1.1400E+02  3.5186E+00  4.1449E+01  9.6262E-01  6.4906E-01  9.8353E-01 -3.6367E-01  5.4761E-02  8.9056E-02 -2.9094E-01  4.6494E-02
  1.1400E+02  3.5186E+00  4.1449E+01  9.6262E-01  6.4906E-01  9.8353E-01 -3.6367E-01  5.4761E-02  8.9056E-02 -2.9094E-01  4.6494E-02
  1.1400E+02  3.5186E+00  4.1449E+01  9.6262E-01  6.4906E-01  9.8353E-01 -3.6367E-01  5.4761E-02  8.9056E-02 -2.9094E-01  4.6494E-02
  1.1400E+02  3.5186E+00  4.1449E+01  9.6262E-01  6.4906E-01  9.8353E-01 -3.6367E-01  5.4761E-02  8.9056E-02 -2.9094E-01  4.6494E-02
  1.1400E+02  3.5186E+00  4.1449E+01  9.6262E-01  6.4906E-01  9.8353E-01 -3.6367E-01  5.4761E-02  8.9056E-02 -2.9094E-01  4.6494E-02
  1.1400E+02  3.5186E+00  4.1449E+01  9.6262E-01  6.4906E-01  9.8353E-01 -3.6367E-01  5.4761E-02  8.9056E-02 -2.9094E-01  4.6494E-02
  1.1400E+02  3.5186E+00  4.1449E+01  9.6262E-01  6.4906E-01  9.8353E-01 -3.6367E-01  5.4761E-02  8.9056E-02 -2.9094E-01  4.6494E-02
  1.1400E+02  3.5186E+00  4.1449E+01  9.6262E-01  6.4906E-01  9.8353E-01 -3.6367E-01  5.4761E-02  8.9056E-02 -2.9094E-01  4.6494E-02
  1.1400E+02  3.5186E+00  4.1449E+01  9.6262E-01  6.4906E-01  9.8353E-01 -3.6367E-01  5.4761E-02  8.9056E-02 -2.9094E-01  4.6494E-02
  1.1500E+02  4.1041E+00  3.8119E+01  9.8716E-01  9.1194E-01  1.4763E+00 -2.0974E-01 -2.9006E-02  1.1359E-01  4.9112E-02  4.5265E-01
  1.1500E+02  4.1041E+00  3.8119E+01  9.8716E-01  9.1194E-01  1.4763E+00 -2.0974E-01 -2.9006E-02  1.1359E-01  4.9112E-02  4.5265E-01
  1.1500E+02  4.1041E+00  3.8119E+01  9.8716E-01  9.1194E-01  1.4763E+00 -2.0974E-01 -2.9006E-02  1.1359E-01  4.9112E-02  4.5265E-01
  1.1500E+02  4.1041E+00  3.8119E+01  9.8716E-01  9.1194E-01  1.4763E+00 -2.0974E-01 -2.9006E-02  1.1359E-01  4.9112E-02  4.5265E-01
  1.1500E+02  4.1041E+00  3.8119E+01  9.8716E-01  9.1194E-01  1.4763E+00 -2.0974E-01 -2.9006E-02  1.1359E-01  4.9112E-02  4.5265E-01
  1.1500E+02  4.1041E+00  3.8119E+01  9.8716E-01  9.1194E-01  1.4763E+00 -2.0974E-01 -2.9006E-02  1.1359E-01  4.9112E-02  4.5265E-01
  1.1500E+02  4.1041E+00  3.8119E+01  9.8716E-01  9.1194E-01  1.4763E+00 -2.0974E-01 -2.9006E-02  1.1359E-01  4.9112E-02  4.5265E-01
  1.1500E+02  4.1041E+00  3.8119E+01  9.8716E-01  9.1194E-01  1.4763E+00 -2.0974E-01 -2.9006E-02  1.1359E-01  4.9112E-02  4.5265E-01
  1.1500E+02  4.1041E+00  3.8119E+01  9.8716E-01  9.1194E-01  1.4763E+00 -2.0974E-01 -2.9006E-02  1.1359E-01  4.9112E-02  4.5265E-01
  1.1500E+02  4.1041E+00  3.8119E+01  9.8716E-01  9.1194E-01  1.4763E+00 -2.0974E-01 -2.9006E-02  1.1359E-01  4.9112E-02  4.5265E-01
  1.1500E+02  4.1041E+00  3.8119E+01  9.8716E-01  9.1194E-01  1.4763E+00 -2.0974E-01 -2.9006E-02  1.1359E-01  4.9112E-02  4.5265E-01
  1.1500E+02  4.1041E+00  3.8119E+01  9.8716E-01  9.1194E-01  1.4763E+00 -2.0974E-01 -2.9006E-02  1.1359E-01  4.9112E-02  4.5265E-01
  1.1500E+02  4.1041E+00  3.8119E+01  9.8716E-01  9.1194E-01  1.4763E+00 -2.0974E-01 -2.9006E-02  1.1359E-01  4.9112E-02  4.5265E-01
  1.1600E+02  2.8991E+00  4.0002E+01  4.7101E-01  8.0215E-01  7.8623E-01 -5.5731E-01  1.9232E-02 -4.0255E-01 -7.9171E-02 -1.7741E-01
  1.1600E+02  2.8991E+00  4.0002E+01  4.7101E-01  8.0215E-01  7.8623E-01 -5.5731E-01  1.9232E-02 -4.0255E-01 -7.9171E-02 -1.7741E-01
  1.1600E+02  2.8991E+00  4.0002E+01  4.7101E-01  8.0215E-01  7.8623E-01 -5.5731E-01  1.9232E-02 -4.0255E-01 -7.9171E-02 -1.7741E-01
  1.1600E+02  2.8991E+00  4.0002E+01  4.7101E-01  8.0215E-01  7.8623E-01 -5.5731E-01  1.9232E-02 -4.0255E-01 -7.9171E-02 -1.7741E-01
  1.1600E+02  2.8991E+00  4.0002E+01  4.7101E-01  8.0215E-01  7.8623E-01 -5.5731E-01  1.9232E-02 -4.0255E-01 -7.9171E-02 -1.7741E-01
  1.1600E+02  2.8991E+00  4.0002E+01  4.7101E-01  8.0215E-01  7.8623E-01 -5.5731E-01  1.9232E-02 -4.0255E-01 -7.9171E-02 -1.7741E-01
  1.1600E+02  2.8991E+00  4.0002E+01  4.7101E-01  8.0215E-01  7.8623E-01 -5.5731E-01  1.9232E-02 -4.0255E-01 -7.9171E-02 -1.7741E-01
  1.1600E+02  2.8991E+00  4.0002E+01  4.7101E-01  8.0215E-01  7.8623E-01 -5.5731E-01  1.9232E-02 -4.0255E-01 -7.9171E-02 -1.7741E-01
  1.1600E+02  2.8991E+00  4.0002E+01  4.7101E-01  8.0215E-01  7.8623E-01 -5.5731E-01  1.9232E-02 -4.0255E-01 -7.9171E-02 -1.7741E-01
  1.1600E+02  2.8991E+00  4.0002E+01  4.7101E-01  8.0215E-01  7.8623E-01 -5.5731E-01  1.9232E-02 -4.0255E-01 -7.9171E-02 -1.7741E-01
  1.1600E+02  2.8991E+00  4.0002E+01  4.7101E-01  8.0215E-01  7.8623E-01 -5.5731E-01  1.9232E-02 -4.0255E-01 -7.9171E-02 -1.7741E-01
  1.1600E+02  2.8991E+00  4.0002E+01  4.7101E-01  8.0215E-01  7.8623E-01 -5.5731E-01  1.9232E-02 -4.0255E-01 -7.9171E-02 -1.7741E-01
  1.1600E+02  2.8991E+00  4.0002E+01  4.7101E-01  8.0215E-01  7.8623E-01 -5.5731E-01  1.9232E-02 -4.0255E-01 -7.9171E-02 -1.7741E-01
  1.1700E+02  6.3543E+00  3.1883E+01  8.0536E-01  8.2531E-01  1.0366E+00  2.2741E-01 -2.0762E-01 -6.8204E-02 -5.0710E-02  9.9039E-02
  1.1700E+02  6.3543E+00  3.1883E+01  8.0536E-01  8.2531E-01  1.0366E+00  2.2741E-01 -2.0762E-01 -6.8204E-02 -5.0710E-02  9.9039E-02
  1.1700E+02  6.3543E+00  3.1883E+01  8.0536E-01  8.2531E-01  1.0366E+00  2.2741E-01 -2.0762E-01 -6.8204E-02 -5.0710E-02  9.9039E-02
  1.1700E+02  6.3543E+00  3.1883E+01  8.0536E-01  8.2531E-01  1.0366E+00  2.2741E-01 -2.0762E-01 -6.8204E-02 -5.0710E-02  9.9039E-02
  1.1700E+02  6.3543E+00  3.1883E+01  8.0536E-01  8.2531E-01  1.0366E+00  2.2741E-01 -2.0762E-01 -6.8204E-02 -5.0710E-02  9.9039E-02
  1.1700E+02  6.3543E+00  3.1883E+01  8.0536E-01  8.2531E-01  1.0366E+00  2.2741E-01 -2.0762E-01 -6.8204E-02 -5.0710E-02  9.9039E-02
  1.1700E+02  6.3543E+00  3.1883E+01  8.0536E-01  8.2531E-01  1.0366E+00  2.2741E-01 -2.0762E-01 -6.8204E-02 -5.0710E-02  9.9039E-02
  1.1700E+02  6.3543E+00  3.1883E+01  8.0536E-01  8.2531E-01  1.0366E+00  2.2741E-01 -2.0762E-01 -6.8204E-02 -5.0710E-02  9.9039E-02
  1.1700E+02  6.3543E+00  3.1883E+01  8.0536E-01  8.2531E-01  1.0366E+00  2.2741E-01 -2.0762E-01 -6.8204E-02 -5.0710E-02  9.9039E-02
  1.1700E+02  6.3543E+00  3.1883E+01  8.0536E-01  8.2531E-01  1.0366E+00  2.2741E-01 -2.0762E-01 -6.8204E-02 -5.0710E-02  9.9039E-02
  1.1700E+02  6.3543E+00  3.1883E+01  8.0536E-01  8.2531E-01  1.0366E+00  2.2741E-01 -2.0762E-01 -6.8204E-02 -5.0710E-02  9.9039E-02
  1.1700E+02  6.3543E+00  3.1883E+01  8.0536E-01  8.2531E-01  1.0366E+00  2.2741E-01 -2.0762E-01 -6.8204E-02 -5.0710E-02  9.9039E-02
  1.1700E+02  6.3543E+00  3.1883E+01  8.0536E-01  8.2531E-01  1.0366E+00  2.2741E-01 -2.0762E-01 -6.8204E-02 -5.0710E-02  9.9039E-02
  1.1800E+02  5.6761E+00  5.0610E+01  3.4094E-01  1.2704E+00  6.9568E-01  1.1454E-01  2.5445E-01 -5.3263E-01  3.8065E-01 -2.9977E-01
  1.1800E+02  5.6761E+00  5.0610E+01  3.4094E-01  1.2704E+00  6.9568E-01  1.1454E-01  2.5445E-01 -5.3263E-01  3.8065E-01 -2.9977E-01
  1.1800E+02  5.6761E+00  5.0610E+01  3.4094E-01  1.2704E+00  6.9568E-01  1.1454E-01  2.5445E-01 -5.3263E-01  3.8065E-01 -2.9977E-01
  1.1800E+02  5.6761E+00  5.0610E+01  3.4094E-01  1.2704E+00  6.9568E-01  1.1454E-01  2.5445E-01 -5.3263E-01  3.8065E-01 -2.9977E-01
  1.1800E+02  5.6761E+00  5.0610E+01  3.4094E-01  1.2704E+00  6.9568E-01  1.1454E-01  2.5445E-01 -5.3263E-01  3.8065E-01 -2.9977E-01
  1.1800E+02  5.6761E+00  5.0610E+01  3.4094E-01  1.2704E+00  6.9568E-01  1.1454E-01  2.5445E-01 -5.3263E-01  3.8065E-01 -2.9977E-01
  1.1800E+02  5.6761E+00  5.0610E+01  3.4094E-01  1.2704E+00  6.9568E-01  1.1454E-01  2.5445E-01 -5.3263E-01  3.8065E-01 -2.9977E-01
  1.1800E+02  5.6761E+00  5.0610E+01  3.4094E-01  1.2704E+00  6.9568E-01  1.1454E-01  2.5445E-01 -5.3263E-01  3.8065E-01 -2.9977E-01
  1.1800E+02  5.6761E+00  5.0610E+01  3.4094E-01  1.2704E+00  6.9568E-01  1.1454E-01  2.5445E-01 -5.3263E-01  3.8065E-01 -2.9977E-01
  1.1800E+02  5.6761E+00  5.0610E+01  3.4094E-01  1.2704E+00  6.9568E-01  1.1454E-01  2.5445E-01 -5.3263E-01  3.8065E-01 -2.9977E-01
  1.1800E+02  5.6761E+00  5.0610E+01  3.4094E-01  1.2704E+00  6.9568E-01  1.1454E-01  2.5445E-01 -5.3263E-01  3.8065E-01 -2.9977E-01
  1.1800E+02  5.6761E+00  5.0610E+01  3.4094E-01  1.2704E+00  6.9568E-01  1.1454E-01  2.5445E-01 -5.3263E-01  3.8065E-01 -2.9977E-01
  1.1800E+02  5.6761E+00  5.0610E+01  3.4094E-01  1.2704E+00  6.9568E-01  1.1454E-01  2.5445E-01 -5.3263E-01  3.8065E-01 -2.9977E-01
  1.1900E+02  3.3360E+00  3.7775E+01  7.5017E-01  1.4404E+00  5.9198E-01 -4.1693E-01 -3.8059E-02 -1.2339E-01  5.0620E-01 -4.6118E-01
  1.1900E+02  3.3360E+00  3.7775E+01  7.5017E-01  1.4404E+00  5.9198E-01 -4.1693E-01 -3.8059E-02 -1.2339E-01  5.0620E-01 -4.6118E-01
  1.1900E+02  3.3360E+00  3.7775E+01  7.5017E-01  1.4404E+00  5.9198E-01 -4.1693E-01 -3.8059E-02 -1.2339E-01  5.0620E-01 -4.6118E-01
  1.1900E+02  3.3360E+00  3.7775E+01  7.5017E-01  1.4404E+00  5.9198E-01 -4.1693E-01 -3.8059E-02 -1.2339E-01  5.0620E-01 -4.6118E-01
  1.1900E+02  3.3360E+00  3.7775E+01  7.5017E-01  1.4404E+00  5.9198E-01 -4.1693E-01 -3.8059E-02 -1.2339E-01  5.0620E-01 -4.6118E-01
  1.1900E+02  3.3360E+00  3.7775E+01  7.5017E-01  1.4404E+00  5.9198E-01 -4.1693E-01 -3.8059E-02 -1.2339E-01  5.0620E-01 -4.6118E-01
  1.1900E+02  3.3360E+00  3.7775E+01  7.5017E-01  1.4404E+00  5.9198E-01 -4.1693E-01 -3.8059E-02 -1.2339E-01  5.0620E-01 -4.6118E-01
  1.1900E+02  3.3360E+00  3.7775E+01  7.5017E-01  1.4404E+00  5.9198E-01 -4.1693E-01 -3.8059E-02 -1.2339E-01  5.0620E-01 -4.6118E-01
  1.1900E+02  3.3360E+00  3.7775E+01  7.5017E-01  1.4404E+00  5.9198E-01 -4.1693E-01 -3.8059E-02 -1.2339E-01  5.0620E-01 -4.6118E-01
  1.1900E+02  3.3360E+00  3.7775E+01  7.5017E-01  1.4404E+00  5.9198E-01 -4.1693E-01 -3.8059E-02 -1.2339E-01  5.0620E-01 -4.6118E-01
  1.1900E+02  3.3360E+00  3.7775E+01  7.5017E-01  1.4404E+00  5.9198E-01 -4.1693E-01 -3.8059E-02 -1.2339E-01  5.0620E-01 -4.6118E-01
  1.1900E+02  3.3360E+00  3.7775E+01  7.5017E-01  1.4404E+00  5.9198E-01 -4.1693E-01 -3.8059E-02 -1.2339E-01  5.0620E-01 -4.6118E-01
  1.1900E+02  3.3360E+00  3.7775E+01  7.5017E-01  1.4404E+00  5.9198E-01 -4.1693E-01 -3.8059E-02 -1.2339E-01  5.0620E-01 -4.6118E-01
  1.2000E+02  4.2653E+00  2.9250E+01  1.0179E+00  1.5105E+00  6.2775E-01 -1.7120E-01 -2.9381E-01  1.4434E-01  5.5370E-01 -4.0251E-01
  1.2000E+02  4.2653E+00  2.9250E+01  1.0179E+00  1.5105E+00  6.2775E-01 -1.7120E-01 -2.9381E-01  1.4434E-01  5.5370E-01 -4.0251E-01
  1.2000E+02  4.2653E+00  2.9250E+01  1.0179E+00  1.5105E+00  6.2775E-01 -1.7120E-01 -2.9381E-01  1.4434E-01  5.5370E-01 -4.0251E-01
  1.2000E+02  4.2653E+00  2.9250E+01  1.0179E+00  1.5105E+00  6.2775E-01 -1.7120E-01 -2.9381E-01  1.4434E-01  5.5370E-01 -4.0251E-01
  1.2000E+02  4.2653E+00  2.9250E+01  1.0179E+00  1.5105E+00  6.2775E-01 -1.7120E-01 -2.9381E-01  1.4434E-01  5.5370E-01 -4.0251E-01
  1.2000E+02  4.2653E+00  2.9250E+01  1.0179E+00  1.5105E+00  6.2775E-01 -1.7120E-01 -2.9381E-01  1.4434E-01  5.5370E-01 -4.0251E-01
  1.2000E+02  4.2653E+00  2.9250E+01  1.0179E+00  1.5105E+00  6.2775E-01 -1.7120E-01 -2.9381E-01  1.4434E-01  5.5370E-01 -4.0251E-01
  1.2000E+02  4.2653E+00  2.9250E+01  1.0179E+00  1.5105E+00  6.2775E-01 -1.7120E-01 -2.9381E-01  1.4434E-01  5.5370E-01 -4.0251E-01
  1.2000E+02  4.2653E+00  2.9250E+01  1.0179E+00  1.5105E+00  6.2775E-01 -1.7120E-01 -2.9381E-01  1.4434E-01  5.5370E-01 -4.0251E-01
  1.2000E+02  4.2653E+00  2.9250E+01  1.0179E+00  1.5105E+00  6.2775E-01 -1.7120E-01 -2.9381E-01  1.4434E-01  5.5370E-01 -4.0251E-01
  1.2000E+02  4.2653E+00  2.9250E+01  1.0179E+00  1.5105E+00  6.2775E-01 -1.7120E-01 -2.9381E-01  1.4434E-01  5.5370E-01 -4.0251E-01
  1.2000E+02  4.2653E+00  2.9250E+01  1.0179E+00  1.5105E+00  6.2775E-01 -1.7120E-01 -2.9381E-01  1.4434E-01  5.5370E-01 -4.0251E-01
  1.2000E+02  4.2653E+00  2.9250E+01  1.0179E+00  1.5105E+00  6.2775E-01 -1.7120E-01 -2.9381E-01  1.4434E-01  5.5370E-01 -4.0251E-01
  1.2100E+02  6.4808E+00  3.2726E+01  1.0501E+00  7.1368E-01  7.9646E-01  2.4712E-01 -1.8155E-01  1.7656E-01 -1.9603E-01 -1.6448E-01
  1.2100E+02  6.4808E+00  3.2726E+01  1.0501E+00  7.1368E-01  7.9646E-01  2.4712E-01 -1.8155E-01  1.7656E-01 -1.9603E-01 -1.6448E-01
  1.2100E+02  6.4808E+00  3.2726E+01  1.0501E+00  7.1368E-01  7.9646E-01  2.4712E-01 -1.8155E-01  1.7656E-01 -1.9603E-01 -1.6448E-01
  1.2100E+02  6.4808E+00  3.2726E+01  1.0501E+00  7.1368E-01  7.9646E-01  2.4712E-01 -1.8155E-01  1.7656E-01 -1.9603E-01 -1.6448E-01
  1.2100E+02  6.4808E+00  3.2726E+01  1.0501E+00  7.1368E-01  7.9646E-01  2.4712E-01 -1.8155E-01  1.7656E-01 -1.9603E-01 -1.6448E-01
  1.2100E+02  6.4808E+00  3.2726E+01  1.0501E+00  7.1368E-01  7.9646E-01  2.4712E-01 -1.8155E-01  1.7656E-01 -1.9603E-01 -1.6448E-01
  1.2100E+02  6.4808E+00  3.2726E+01  1.0501E+00  7.1368E-01  7.9646E-01  2.4712E-01 -1.8155E-01  1.7656E-01 -1.9603E-01 -1.6448E-01
  1.2100E+02  6.4808E+00  3.2726E+01  1.0501E+00  7.1368E-01  7.9646E-01  2.4712E-01 -1.8155E-01  1.7656E-01 -1.9603E-01 -1.6448E-01
  1.2100E+02  6.4808E+00  3.2726E+01  1.0501E+00  7.1368E-01  7.9646E-01  2.4712E-01 -1.8155E-01  1.7656E-01 -1.9603E-01 -1.6448E-01
  1.2100E+02  6.4808E+00  3.2726E+01  1.0501E+00  7.1368E-01  7.9646E-01  2.4712E-01 -1.8155E-01  1.7656E-01 -1.9603E-01 -1.6448E-01
  1.2100E+02  6.4808E+00  3.2726E+01  1.0501E+00  7.1368E-01  7.9646E-01  2.4712E-01 -1.8155E-01  1.7656E-01 -1.9603E-01 -1.6448E-01
  1.2100E+02  6.4808E+00  3.2726E+01  1.0501E+00  7.1368E-01  7.9646E-01  2.4712E-01 -1.8155E-01  1.7656E-01 -1.9603E-01 -1.6448E-01
  1.2100E+02  6.4808E+00  3.2726E+01  1.0501E+00  7.1368E-01  7.9646E-01  2.4712E-01 -1.8155E-01  1.7656E-01 -1.9603E-01 -1.6448E-01
  1.2200E+02  3.6255E+00  4.0397E+01  1.0902E+00  1.1437E+00  8.0886E-01 -3.3372E-01  2.9054E-02  2.1661E-01  2.7559E-01 -1.4903E-01
  1.2200E+02  3.6255E+00  4.0397E+01  1.0902E+00  1.1437E+00  8.0886E-01 -3.3372E-01  2.9054E-02  2.1661E-01  2.7559E-01 -1.4903E-01
  1.2200E+02  3.6255E+00  4.0397E+01  1.0902E+00  1.1437E+00  8.0886E-01 -3.3372E-01  2.9054E-02  2.1661E-01  2.7559E-01 -1.4903E-01
  1.2200E+02  3.6255E+00  4.0397E+01  1.0902E+00  1.1437E+00  8.0886E-01 -3.3372E-01  2.9054E-02  2.1661E-01  2.7559E-01 -1.4903E-01
  1.2200E+02  3.6255E+00  4.0397E+01  1.0902E+00  1.1437E+00  8.0886E-01 -3.3372E-01  2.9054E-02  2.1661E-01  2.7559E-01 -1.4903E-01
  1.2200E+02  3.6255E+00  4.0397E+01  1.0902E+00  1.1437E+00  8.0886E-01 -3.3372E-01  2.9054E-02  2.1661E-01  2.7559E-01 -1.4903E-01
  1.2200E+02  3.6255E+00  4.0397E+01  1.0902E+00  1.1437E+00  8.0886E-01 -3.3372E-01  2.9054E-02  2.1661E-01  2.7559E-01 -1.4903E-01
  1.2200E+02  3.6255E+00  4.0397E+01  1.0902E+00  1.1437E+00  8.0886E-01 -3.3372E-01  2.9054E-02  2.1661E-01  2.7559E-01 -1.4903E-01
  1.2200E+02  3.6255E+00  4.0397E+01  1.0902E+00  1.1437E+00  8.0886E-01 -3.3372E-01  2.9054E-02  2.1661E-01  2.7559E-01 -1.4903E-01
  1.2200E+02  3.6255E+00  4.0397E+01  1.0902E+00  1.1437E+00  8.0886E-01 -3.3372E-01  2.9054E-02  2.1661E-01  2.7559E-01 -1.4903E-01
  1.2200E+02  3.6255E+00  4.0397E+01  1.0902E+00  1.1437E+00  8.0886E-01 -3.3372E-01  2.9054E-02  2.1661E-01  2.7559E-01 -1.4903E-01
  1.2200E+02  3.6255E+00  4.0397E+01  1.0902E+00  1.1437E+00  8.0886E-01 -3.3372E-01  2.9054E-02  2.1661E-01  2.7559E-01 -1.4903E-01
  1.2200E+02  3.6255E+00  4.0397E+01  1.0902E+00  1.1437E+00  8.0886E-01 -3.3372E-01  2.9054E-02  2.1661E-01  2.7559E-01 -1.4903E-01
  1.2300E+02  4.5481E+00  4.2646E+01  9.1508E-01  1.0877E+00  7.9188E-01 -1.0701E-01  8.3222E-02  4.1515E-02  2.2534E-01 -1.7025E-01
  1.2300E+02  4.5481E+00  4.2646E+01  9.1508E-01  1.0877E+00  7.9188E-01 -1.0701E-01  8.3222E-02  4.1515E-02  2.2534E-01 -1.7025E-01
  1.2300E+02  4.5481E+00  4.2646E+01  9.1508E-01  1.0877E+00  7.9188E-01 -1.0701E-01  8.3222E-02  4.1515E-02  2.2534E-01 -1.7025E-01
  1.2300E+02  4.5481E+00  4.2646E+01  9.1508E-01  1.0877E+00  7.9188E-01 -1.0701E-01  8.3222E-02  4.1515E-02  2.2534E-01 -1.7025E-01
  1.2300E+02  4.5481E+00  4.2646E+01  9.1508E-01  1.0877E+00  7.9188E-01 -1.0701E-01  8.3222E-02  4.1515E-02  2.2534E-01 -1.7025E-01
  1.2300E+02  4.5481E+00  4.2646E+01  9.1508E-01  1.0877E+00  7.9188E-01 -1.0701E-01  8.3222E-02  4.1515E-02  2.2534E-01 -1.7025E-01
  1.2300E+02  4.5481E+00  4.2646E+01  9.1508E-01  1.0877E+00  7.9188E-01 -1.0701E-01  8.3222E-02  4.1515E-02  2.2534E-01 -1.7025E-01
  1.2300E+02  4.5481E+00  4.2646E+01  9.1508E-01  1.0877E+00  7.9188E-01 -1.0701E-01  8.3222E-02  4.1515E-02  2.2534E-01 -1.7025E-01
  1.2300E+02  4.5481E+00  4.2646E+01  9.1508E-01  1.0877E+00  7.9188E-01 -1.0701E-01  8.3222E-02  4.1515E-02  2.2534E-01 -1.7025E-01
  1.2300E+02  4.5481E+00  4.2646E+01  9.1508E-01  1.0877E+00  7.9188E-01 -1.0701E-01  8.3222E-02  4.1515E-02  2.2534E-01 -1.7025E-01
  1.2300E+02  4.5481E+00  4.2646E+01  9.1508E-01  1.0877E+00  7.9188E-01 -1.0701E-01  8.3222E-02  4.1515E-02  2.2534E-01 -1.7025E-01
  1.2300E+02  4.5481E+00  4.2646E+01  9.1508E-01  1.0877E+00  7.9188E-01 -1.0701E-01  8.3222E-02  4.1515E-02  2.2534E-01 -1.7025E-01
  1.2300E+02  4.5481E+00  4.2646E+01  9.1508E-01  1.0877E+00  7.9188E-01 -1.0701E-01  8.3222E-02  4.1515E-02  2.2534E-01 -1.7025E-01
  1.2400E+02  4.3319E+00  4.4847E+01  5.1240E-01  1.2182E+00  5.5494E-01 -1.5571E-01  1.3355E-01 -3.6116E-01  3.3866E-01 -5.2579E-01
  1.2400E+02  4.3319E+00  4.4847E+01  5.1240E-01  1.2182E+00  5.5494E-01 -1.5571E-01  1.3355E-01 -3.6116E-01  3.3866E-01 -5.2579E-01
  1.2400E+02  4.3319E+00  4.4847E+01  5.1240E-01  1.2182E+00  5.5494E-01 -1.5571E-01  1.3355E-01 -3.6116E-01  3.3866E-01 -5.2579E-01
  1.2400E+02  4.3319E+00  4.4847E+01  5.1240E-01  1.2182E+00  5.5494E-01 -1.5571E-01  1.3355E-01 -3.6116E-01  3.3866E-01 -5.2579E-01
  1.2400E+02  4.3319E+00  4.4847E+01  5.1240E-01  1.2182E+00  5.5494E-01 -1.5571E-01  1.3355E-01 -3.6116E-01  3.3866E-01 -5.2579E-01
  1.2400E+02  4.3319E+00  4.4847E+01  5.1240E-01  1.2182E+00  5.5494E-01 -1.5571E-01  1.3355E-01 -3.6116E-01  3.3866E-01 -5.2579E-01
  1.2400E+02  4.3319E+00  4.4847E+01  5.1240E-01  1.2182E+00  5.5494E-01 -1.5571E-01  1.3355E-01 -3.6116E-01  3.3866E-01 -5.2579E-01
  1.2400E+02  4.3319E+00  4.4847E+01  5.1240E-01  1.2182E+00  5.5494E-01 -1.5571E-01  1.3355E-01 -3.6116E-01  3.3866E-01 -5.2579E-01
  1.2400E+02  4.3319E+00  4.4847E+01  5.1240E-01  1.2182E+00  5.5494E-01 -1.5571E-01  1.3355E-01 -3.6116E-01  3.3866E-01 -5.2579E-01
  1.2400E+02  4.3319E+00  4.4847E+01  5.1240E-01  1.2182E+00  5.5494E-01 -1.5571E-01  1.3355E-01 -3.6116E-01  3.3866E-01 -5.2579E-01
  1.2400E+02  4.3319E+00  4.4847E+01  5.1240E-01  1.2182E+00  5.5494E-01 -1.5571E-01  1.3355E-01 -3.6116E-01  3.3866E-01 -5.2579E-01
  1.2400E+02  4.3319E+00  4.4847E+01  5.1240E-01  1.2182E+00  5.5494E-01 -1.5571E-01  1.3355E-01 -3.6116E-01  3.3866E-01 -5.2579E-01
  1.2400E+02  4.3319E+00  4.4847E+01  5.1240E-01  1.2182E+00  5.5494E-01 -1.5571E-01  1.3355E-01 -3.6116E-01  3.3866E-01 -5.2579E-01
  1.2500E+02  6.0673E+00  4.1667E+01  4.0598E-01  7.9672E-01  7.4916E-01  1.8119E-01  5.9995E-02 -4.6758E-01 -8.5964E-02 -2.2571E-01
  1.2500E+02  6.0673E+00  4.1667E+01  4.0598E-01  7.9672E-01  7.4916E-01  1.8119E-01  5.9995E-02 -4.6758E-01 -8.5964E-02 -2.2571E-01
  1.2500E+02  6.0673E+00  4.1667E+01  4.0598E-01  7.9672E-01  7.4916E-01  1.8119E-01  5.9995E-02 -4.6758E-01 -8.5964E-02 -2.2571E-01
  1.2500E+02  6.0673E+00  4.1667E+01  4.0598E-01  7.9672E-01  7.4916E-01  1.8119E-01  5.9995E-02 -4.6758E-01 -8.5964E-02 -2.2571E-01
  1.2500E+02  6.0673E+00  4.1667E+01  4.0598E-01  7.9672E-01  7.4916E-01  1.8119E-01  5.9995E-02 -4.6758E-01 -8.5964E-02 -2.2571E-01
  1.2500E+02  6.0673E+00  4.1667E+01  4.0598E-01  7.9672E-01  7.4916E-01  1.8119E-01  5.9995E-02 -4.6758E-01 -8.5964E-02 -2.2571E-01
  1.2500E+02  6.0673E+00  4.1667E+01  4.0598E-01  7.9672E-01  7.4916E-01  1.8119E-01  5.9995E-02 -4.6758E-01 -8.5964E-02 -2.2571E-01
  1.2500E+02  6.0673E+00  4.1667E+01  4.0598E-01  7.9672E-01  7.4916E-01  1.8119E-01  5.9995E-02 -4.6758E-01 -8.5964E-02 -2.2571E-01
  1.2500E+02  6.0673E+00  4.1667E+01  4.0598E-01  7.9672E-01  7.4916E-01  1.8119E-01  5.9995E-02 -4.6758E-01 -8.5964E-02 -2.2571E-01
  1.2500E+02  6.0673E+00  4.1667E+01  4.0598E-01  7.9672E-01  7.4916E-01  1.8119E-01  5.9995E-02 -4.6758E-01 -8.5964E-02 -2.2571E-01
  1.2500E+02  6.0673E+00  4.1667E+01  4.0598E-01  7.9672E-01  7.4916E-01  1.8119E-01  5.9995E-02 -4.6758E-01 -8.5964E-02 -2.2571E-01
  1.2500E+02  6.0673E+00  4.1667E+01  4.0598E-01  7.9672E-01  7.4916E-01  1.8119E-01  5.9995E-02 -4.6758E-01 -8.5964E-02 -2.2571E-01
  1.2500E+02  6.0673E+00  4.1667E+01  4.0598E-01  7.9672E-01  7.4916E-01  1.8119E-01  5.9995E-02 -4.6758E-01 -8.5964E-02 -2.2571E-01
  1.2600E+02  5.3921E+00  3.5930E+01  7.1811E-01  6.9869E-01  1.4079E+00  6.3218E-02 -8.8143E-02 -1.5546E-01 -2.1727E-01  4.0521E-01
  1.2600E+02  5.3921E+00  3.5930E+01  7.1811E-01  6.9869E-01  1.4079E+00  6.3218E-02 -8.8143E-02 -1.5546E-01 -2.1727E-01  4.0521E-01
  1.2600E+02  5.3921E+00  3.5930E+01  7.1811E-01  6.9869E-01  1.4079E+00  6.3218E-02 -8.8143E-02 -1.5546E-01 -2.1727E-01  4.0521E-01
  1.2600E+02  5.3921E+00  3.5930E+01  7.1811E-01  6.9869E-01  1.4079E+00  6.3218E-02 -8.8143E-02 -1.5546E-01 -2.1727E-01  4.0521E-01
  1.2600E+02  5.3921E+00  3.5930E+01  7.1811E-01  6.9869E-01  1.4079E+00  6.3218E-02 -8.8143E-02 -1.5546E-01 -2.1727E-01  4.0521E-01
  1.2600E+02  5.3921E+00  3.5930E+01  7.1811E-01  6.9869E-01  1.4079E+00  6.3218E-02 -8.8143E-02 -1.5546E-01 -2.1727E-01  4.0521E-01
  1.2600E+02  5.3921E+00  3.5930E+01  7.1811E-01  6.9869E-01  1.4079E+00  6.3218E-02 -8.8143E-02 -1.5546E-01 -2.1727E-01  4.0521E-01
  1.2600E+02  5.3921E+00  3.5930E+01  7.1811E-01  6.9869E-01  1.4079E+00  6.3218E-02 -8.8143E-02 -1.5546E-01 -2.1727E-01  4.0521E-01
  1.2600E+02  5.3921E+00  3.5930E+01  7.1811E-01  6.9869E-01  1.4079E+00  6.3218E-02 -8.8143E-02 -1.5546E-01 -2.1727E-01  4.0521E-01
  1.2600E+02  5.3921E+00  3.5930E+01  7.1811E-01  6.9869E-01  1.4079E+00  6.3218E-02 -8.8143E-02 -1.5546E-01 -2.1727E-01  4.0521E-01
  1.2600E+02  5.3921E+00  3.5930E+01  7.1811E-01  6.9869E-01  1.4079E+00  6.3218E-02 -8.8143E-02 -1.5546E-01 -2.1727E-01  4.0521E-01
  1.2600E+02  5.3921E+00  3.5930E+01  7.1811E-01  6.9869E-01  1.4079E+00  6.3218E-02 -8.8143E-02 -1.5546E-01 -2.1727E-01  4.0521E-01
  1.2600E+02  5.3921E+00  3.5930E+01  7.1811E-01  6.9869E-01  1.4079E+00  6.3218E-02 -8.8143E-02 -1.5546E-01 -2.1727E-01  4.0521E-01
  1.2700E+02  5.0078E+00  4.7745E+01  1.0618E+00  8.1687E-01  1.2310E+00 -1.0717E-02  1.9617E-01  1.8826E-01 -6.0990E-02  2.7089E-01
  1.2700E+02  5.0078E+00  4.7745E+01  1.0618E+00  8.1687E-01  1.2310E+00 -1.0717E-02  1.9617E-01  1.8826E-01 -6.0990E-02  2.7089E-01
  1.2700E+02  5.0078E+00  4.7745E+01  1.0618E+00  8.1687E-01  1.2310E+00 -1.0717E-02  1.9617E-01  1.8826E-01 -6.0990E-02  2.7089E-01
  1.2700E+02  5.0078E+00  4.7745E+01  1.0618E+00  8.1687E-01  1.2310E+00 -1.0717E-02  1.9617E-01  1.8826E-01 -6.0990E-02  2.7089E-01
  1.2700E+02  5.0078E+00  4.7745E+01  1.0618E+00  8.1687E-01  1.2310E+00 -1.0717E-02  1.9617E-01  1.8826E-01 -6.0990E-02  2.7089E-01
  1.2700E+02  5.0078E+00  4.7745E+01  1.0618E+00  8.1687E-01  1.2310E+00 -1.0717E-02  1.9617E-01  1.8826E-01 -6.0990E-02  2.7089E-01
  1.2700E+02  5.0078E+00  4.7745E+01  1.0618E+00  8.1687E-01  1.2310E+00 -1.0717E-02  1.9617E-01  1.8826E-01 -6.0990E-02  2.7089E-01
  1.2700E+02  5.0078E+00  4.7745E+01  1.0618E+00  8.1687E-01  1.2310E+00 -1.0717E-02  1.9617E-01  1.8826E-01 -6.0990E-02  2.7089E-01
  1.2700E+02  5.0078E+00  4.7745E+01  1.0618E+00  8.1687E-01  1.2310E+00 -1.0717E-02  1.9617E-01  1.8826E-01 -6.0990E-02  2.7089E-01
  1.2700E+02  5.0078E+00  4.7745E+01  1.0618E+00  8.1687E-01  1.2310E+00 -1.0717E-02  1.9617E-01  1.8826E-01 -6.0990E-02  2.7089E-01
  1.2700E+02  5.0078E+00  4.7745E+01  1.0618E+00  8.1687E-01  1.2310E+00 -1.0717E-02  1.9617E-01  1.8826E-01 -6.0990E-02  2.7089E-01
  1.2700E+02  5.0078E+00  4.7745E+01  1.0618E+00  8.1687E-01  1.2310E+00 -1.0717E-02  1.9617E-01  1.8826E-01 -6.0990E-02  2.7089E-01
  1.2700E+02  5.0078E+00  4.7745E+01  1.0618E+00  8.1687E-01  1.2310E+00 -1.0717E-02  1.9617E-01  1.8826E-01 -6.0990E-02  2.7089E-01
  1.2800E+02  4.3131E+00  3.3829E+01  1.0399E+00  8.9585E-01  1.1599E+00 -1.6006E-01 -1.4838E-01  1.6632E-01  3.1303E-02  2.1146E-01
  1.2800E+02  4.3131E+00  3.3829E+01  1.0399E+00  8.9585E-01  1.1599E+00 -1.6006E-01 -1.4838E-01  1.6632E-01  3.1303E-02  2.1146E-01
  1.2800E+02  4.3131E+00  3.3829E+01  1.0399E+00  8.9585E-01  1.1599E+00 -1.6006E-01 -1.4838E-01  1.6632E-01  3.1303E-02  2.1146E-01
  1.2800E+02  4.3131E+00  3.3829E+01  1.0399E+00  8.9585E-01  1.1599E+00 -1.6006E-01 -1.4838E-01  1.6632E-01  3.1303E-02  2.1146E-01
  1.2800E+02  4.3131E+00  3.3829E+01  1.0399E+00  8.9585E-01  1.1599E+00 -1.6006E-01 -1.4838E-01  1.6632E-01  3.1303E-02  2.1146E-01
  1.2800E+02  4.3131E+00  3.3829E+01  1.0399E+00  8.9585E-01  1.1599E+00 -1.6006E-01 -1.4838E-01  1.6632E-01  3.1303E-02  2.1146E-01
  1.2800E+02  4.3131E+00  3.3829E+01  1.0399E+00  8.9585E-01  1.1599E+00 -1.6006E-01 -1.4838E-01  1.6632E-01  3.1303E-02  2.1146E-01
  1.2800E+02  4.3131E+00  3.3829E+01  1.0399E+00  8.9585E-01  1.1599E+00 -1.6006E-01 -1.4838E-01  1.6632E-01  3.1303E-02  2.1146E-01
  1.2800E+02  4.3131E+00  3.3829E+01  1.0399E+00  8.9585E-01  1.1599E+00 -1.6006E-01 -1.4838E-01  1.6632E-01  3.1303E-02  2.1146E-01
  1.2800E+02  4.3131E+00  3.3829E+01  1.0399E+00  8.9585E-01  1.1599E+00 -1.6006E-01 -1.4838E-01  1.6632E-01  3.1303E-02  2.1146E-01
  1.2800E+02  4.3131E+00  3.3829E+01  1.0399E+00  8.9585E-01  1.1599E+00 -1.6006E-01 -1.4838E-01  1.6632E-01  3.1303E-02  2.1146E-01
  1.2800E+02  4.3131E+00  3.3829E+01  1.0399E+00  8.9585E-01  1.1599E+00 -1.6006E-01 -1.4838E-01  1.6632E-01  3.1303E-02  2.1146E-01
  1.2800E+02  4.3131E+00  3.3829E+01  1.0399E+00  8.9585E-01  1.1599E+00 -1.6006E-01 -1.4838E-01  1.6632E-01  3.1303E-02  2.1146E-01
  1.2900E+02  5.8782E+00  3.8403E+01  9.5754E-01  6.6541E-01  6.7070E-01  1.4953E-01 -2.1579E-02  8.3970E-02 -2.6606E-01 -3.3634E-01
  1.2900E+02  5.8782E+00  3.8403E+01  9.5754E-01  6.6541E-01  6.7070E-01  1.4953E-01 -2.1579E-02  8.3970E-02 -2.6606E-01 -3.3634E-01
  1.2900E+02  5.8782E+00  3.8403E+01  9.5754E-01  6.6541E-01  6.7070E-01  1.4953E-01 -2.1579E-02  8.3970E-02 -2.6606E-01 -3.3634E-01
  1.2900E+02  5.8782E+00  3.8403E+01  9.5754E-01  6.6541E-01  6.7070E-01  1.4953E-01 -2.1579E-02  8.3970E-02 -2.6606E-01 -3.3634E-01
  1.2900E+02  5.8782E+00  3.8403E+01  9.5754E-01  6.6541E-01  6.7070E-01  1.4953E-01 -2.1579E-02  8.3970E-02 -2.6606E-01 -3.3634E-01
  1.2900E+02  5.8782E+00  3.8403E+01  9.5754E-01  6.6541E-01  6.7070E-01  1.4953E-01 -2.1579E-02  8.3970E-02 -2.6606E-01 -3.3634E-01
  1.2900E+02  5.8782E+00  3.8403E+01  9.5754E-01  6.6541E-01  6.7070E-01  1.4953E-01 -2.1579E-02  8.3970E-02 -2.6606E-01 -3.3634E-01
  1.2900E+02  5.8782E+00  3.8403E+01  9.5754E-01  6.6541E-01  6.7070E-01  1.4953E-01 -2.1579E-02  8.3970E-02 -2.6606E-01 -3.3634E-01
  1.2900E+02  5.8782E+00  3.8403E+01  9.5754E-01  6.6541E-01  6.7070E-01  1.4953E-01 -2.1579E-02  8.3970E-02 -2.6606E-01 -3.3634E-01
  1.2900E+02  5.8782E+00  3.8403E+01  9.5754E-01  6.6541E-01  6.7070E-01  1.4953E-01 -2.1579E-02  8.3970E-02 -2.6606E-01 -3.3634E-01
  1.2900E+02  5.8782E+00  3.8403E+01  9.5754E-01  6.6541E-01  6.7070E-01  1.4953E-01 -2.1579E-02  8.3970E-02 -2.6606E-01 -3.3634E-01
  1.2900E+02  5.8782E+00  3.8403E+01  9.5754E-01  6.6541E-01  6.7070E-01  1.4953E-01 -2.1579E-02  8.3970E-02 -2.6606E-01 -3.3634E-01
  1.2900E+02  5.8782E+00  3.8403E+01  9.5754E-01  6.6541E-01  6.7070E-01  1.4953E-01 -2.1579E-02  8.3970E-02 -2.6606E-01 -3.3634E-01
  1.3000E+02  4.2731E+00  3.8196E+01  5.5104E-01  8.1397E-01  8.4998E-01 -1.6938E-01 -2.6972E-02 -3.2253E-01 -6.4546E-02 -9.9448E-02
  1.3000E+02  4.2731E+00  3.8196E+01  5.5104E-01  8.1397E-01  8.4998E-01 -1.6938E-01 -2.6972E-02 -3.2253E-01 -6.4546E-02 -9.9448E-02
  1.3000E+02  4.2731E+00  3.8196E+01  5.5104E-01  8.1397E-01  8.4998E-01 -1.6938E-01 -2.6972E-02 -3.2253E-01 -6.4546E-02 -9.9448E-02
  1.3000E+02  4.2731E+00  3.8196E+01  5.5104E-01  8.1397E-01  8.4998E-01 -1.6938E-01 -2.6972E-02 -3.2253E-01 -6.4546E-02 -9.9448E-02
  1.3000E+02  4.2731E+00  3.8196E+01  5.5104E-01  8.1397E-01  8.4998E-01 -1.6938E-01 -2.6972E-02 -3.2253E-01 -6.4546E-02 -9.9448E-02
  1.3000E+02  4.2731E+00  3.8196E+01  5.5104E-01  8.1397E-01  8.4998E-01 -1.6938E-01 -2.6972E-02 -3.2253E-01 -6.4546E-02 -9.9448E-02
  1.3000E+02  4.2731E+00  3.8196E+01  5.5104E-01  8.1397E-01  8.4998E-01 -1.6938E-01 -2.6972E-02 -3.2253E-01 -6.4546E-02 -9.9448E-02
  1.3000E+02  4.2731E+00  3.8196E+01  5.5104E-01  8.1397E-01  8.4998E-01 -1.6938E-01 -2.6972E-02 -3.2253E-01 -6.4546E-02 -9.9448E-02
  1.3000E+02  4.2731E+00  3.8196E+01  5.5104E-01  8.1397E-01  8.4998E-01 -1.6938E-01 -2.6972E-02 -3.2253E-01 -6.4546E-02 -9.9448E-02
  1.3000E+02  4.2731E+00  3.8196E+01  5.5104E-01  8.1397E-01  8.4998E-01 -1.6938E-01 -2.6972E-02 -3.2253E-01 -6.4546E-02 -9.9448E-02
  1.3000E+02  4.2731E+00  3.8196E+01  5.5104E-01  8.1397E-01  8.4998E-01 -1.6938E-01 -2.6972E-02 -3.2253E-01 -6.4546E-02 -9.9448E-02
  1.3000E+02  4.2731E+00  3.8196E+01  5.5104E-01  8.1397E-01  8.4998E-01 -1.6938E-01 -2.6972E-02 -3.2253E-01 -6.4546E-02 -9.9448E-02
  1.3000E+02  4.2731E+00  3.8196E+01  5.5104E-01  8.1397E-01  8.4998E-01 -1.6938E-01 -2.6972E-02 -3.2253E-01 -6.4546E-02 -9.9448E-02
  1.3100E+02  4.2643E+00  3.8118E+01  1.1640E+00  7.5391E-01  1.5786E+00 -1.7144E-01 -2.9015E-02  2.9044E-01 -1.4119E-01  5.1964E-01
  1.3100E+02  4.2643E+00  3.8118E+01  1.1640E+00  7.5391E-01  1.5786E+00 -1.7144E-01 -2.9015E-02  2.9044E-01 -1.4119E-01  5.1964E-01
  1.3100E+02  4.2643E+00  3.8118E+01  1.1640E+00  7.5391E-01  1.5786E+00 -1.7144E-01 -2.9015E-02  2.9044E-01 -1.4119E-01  5.1964E-01
  1.3100E+02  4.2643E+00  3.8118E+01  1.1640E+00  7.5391E-01  1.5786E+00 -1.7144E-01 -2.9015E-02  2.9044E-01 -1.4119E-01  5.1964E-01
  1.3100E+02  4.2643E+00  3.8118E+01  1.1640E+00  7.5391E-01  1.5786E+00 -1.7144E-01 -2.9015E-02  2.9044E-01 -1.4119E-01  5.1964E-01
  1.3100E+02  4.2643E+00  3.8118E+01  1.1640E+00  7.5391E-01  1.5786E+00 -1.7144E-01 -2.9015E-02  2.9044E-01 -1.4119E-01  5.1964E-01
  1.3100E+02  4.2643E+00  3.8118E+01  1.1640E+00  7.5391E-01  1.5786E+00 -1.7144E-01 -2.9015E-02  2.9044E-01 -1.4119E-01  5.1964E-01
  1.3100E+02  4.2643E+00  3.8118E+01  1.1640E+00  7.5391E-01  1.5786E+00 -1.7144E-01 -2.9015E-02  2.9044E-01 -1.4119E-01  5.1964E-01
  1.3100E+02  4.2643E+00  3.8118E+01  1.1640E+00  7.5391E-01  1.5786E+00 -1.7144E-01 -2.9015E-02  2.9044E-01 -1.4119E-01  5.1964E-01
  1.3100E+02  4.2643E+00  3.8118E+01  1.1640E+00  7.5391E-01  1.5786E+00 -1.7144E-01 -2.9015E-02  2.9044E-01 -1.4119E-01  5.1964E-01
  1.3100E+02  4.2643E+00  3.8118E+01  1.1640E+00  7.5391E-01  1.5786E+00 -1.7144E-01 -2.9015E-02  2.9044E-01 -1.4119E-01  5.1964E-01
  1.3100E+02  4.2643E+00  3.8118E+01  1.1640E+00  7.5391E-01  1.5786E+00 -1.7144E-01 -2.9015E-02  2.9044E-01 -1.4119E-01  5.1964E-01
  1.3100E+02  4.2643E+00  3.8118E+01  1.1640E+00  7.5391E-01  1.5786E+00 -1.7144E-01 -2.9015E-02  2.9044E-01 -1.4119E-01  5.1964E-01
  1.3200E+02  4.3067E+00  3.4345E+01  7.0944E-01  9.2774E-01  8.2860E-01 -1.6155E-01 -1.3324E-01 -1.6413E-01  6.6282E-02 -1.2492E-01
  1.3200E+02  4.3067E+00  3.4345E+01  7.0944E-01  9.2774E-01  8.2860E-01 -1.6155E-01 -1.3324E-01 -1.6413E-01  6.6282E-02 -1.2492E-01
  1.3200E+02  4.3067E+00  3.4345E+01  7.0944E-01  9.2774E-01  8.2860E-01 -1.6155E-01 -1.3324E-01 -1.6413E-01  6.6282E-02 -1.2492E-01
  1.3200E+02  4.3067E+00  3.4345E+01  7.0944E-01  9.2774E-01  8.2860E-01 -1.6155E-01 -1.3324E-01 -1.6413E-01  6.6282E-02 -1.2492E-01
  1.3200E+02  4.3067E+00  3.4345E+01  7.0944E-01  9.2774E-01  8.2860E-01 -1.6155E-01 -1.3324E-01 -1.6413E-01  6.6282E-02 -1.2492E-01
  1.3200E+02  4.3067E+00  3.4345E+01  7.0944E-01  9.2774E-01  8.2860E-01 -1.6155E-01 -1.3324E-01 -1.6413E-01  6.6282E-02 -1.2492E-01
  1.3200E+02  4.3067E+00  3.4345E+01  7.0944E-01  9.2774E-01  8.2860E-01 -1.6155E-01 -1.3324E-01 -1.6413E-01  6.6282E-02 -1.2492E-01
  1.3200E+02  4.3067E+00  3.4345E+01  7.0944E-01  9.2774E-01  8.2860E-01 -1.6155E-01 -1.3324E-01 -1.6413E-01  6.6282E-02 -1.2492E-01
  1.3200E+02  4.3067E+00  3.4345E+01  7.0944E-01  9.2774E-01  8.2860E-01 -1.6155E-01 -1.3324E-01 -1.6413E-01  6.6282E-02 -1.2492E-01
  1.3200E+02  4.3067E+00  3.4345E+01  7.0944E-01  9.2774E-01  8.2860E-01 -1.6155E-01 -1.3324E-01 -1.6413E-01  6.6282E-02 -1.2492E-01
  1.3200E+02  4.3067E+00  3.4345E+01  7.0944E-01  9.2774E-01  8.2860E-01 -1.6155E-01 -1.3324E-01 -1.6413E-01  6.6282E-02 -1.2492E-01
  1.3200E+02  4.3067E+00  3.4345E+01  7.0944E-01  9.2774E-01  8.2860E-01 -1.6155E-01 -1.3324E-01 -1.6413E-01  6.6282E-02 -1.2492E-01
  1.3200E+02  4.3067E+00  3.4345E+01  7.0944E-01  9.2774E-01  8.2860E-01 -1.6155E-01 -1.3324E-01 -1.6413E-01  6.6282E-02 -1.2492E-01
  1.3300E+02  7.3026E+00  3.9558E+01  8.5297E-01  1.2978E+00  8.5450E-01  3.6651E-01  8.0729E-03 -2.0591E-02  4.0195E-01 -9.4141E-02
  1.3300E+02  7.3026E+00  3.9558E+01  8.5297E-01  1.2978E+00  8.5450E-01  3.6651E-01  8.0729E-03 -2.0591E-02  4.0195E-01 -9.4141E-02
  1.3300E+02  7.3026E+00  3.9558E+01  8.5297E-01  1.2978E+00  8.5450E-01  3.6651E-01  8.0729E-03 -2.0591E-02  4.0195E-01 -9.4141E-02
  1.3300E+02  7.3026E+00  3.9558E+01  8.5297E-01  1.2978E+00  8.5450E-01  3.6651E-01  8.0729E-03 -2.0591E-02  4.0195E-01 -9.4141E-02
  1.3300E+02  7.3026E+00  3.9558E+01  8.5297E-01  1.2978E+00  8.5450E-01  3.6651E-01  8.0729E-03 -2.0591E-02  4.0195E-01 -9.4141E-02
  1.3300E+02  7.3026E+00  3.9558E+01  8.5297E-01  1.2978E+00  8.5450E-01  3.6651E-01  8.0729E-03 -2.0591E-02  4.0195E-01 -9.4141E-02
  1.3300E+02  7.3026E+00  3.9558E+01  8.5297E-01  1.2978E+00  8.5450E-01  3.6651E-01  8.0729E-03 -2.0591E-02  4.0195E-01 -9.4141E-02
  1.3300E+02  7.3026E+00  3.9558E+01  8.5297E-01  1.2978E+00  8.5450E-01  3.6651E-01  8.0729E-03 -2.0591E-02  4.0195E-01 -9.4141E-02
  1.3300E+02  7.3026E+00  3.9558E+01  8.5297E-01  1.2978E+00  8.5450E-01  3.6651E-01  8.0729E-03 -2.0591E-02  4.0195E-01 -9.4141E-02
  1.3300E+02  7.3026E+00  3.9558E+01  8.5297E-01  1.2978E+00  8.5450E-01  3.6651E-01  8.0729E-03 -2.0591E-02  4.0195E-01 -9.4141E-02
  1.3300E+02  7.3026E+00  3.9558E+01  8.5297E-01  1.2978E+00  8.5450E-01  3.6651E-01  8.0729E-03 -2.0591E-02  4.0195E-01 -9.4141E-02
  1.3300E+02  7.3026E+00  3.9558E+01  8.5297E-01  1.2978E+00  8.5450E-01  3.6651E-01  8.0729E-03 -2.0591E-02  4.0195E-01 -9.4141E-02
  1.3300E+02  7.3026E+00  3.9558E+01  8.5297E-01  1.2978E+00  8.5450E-01  3.6651E-01  8.0729E-03 -2.0591E-02  4.0195E-01 -9.4141E-02
  1.3400E+02  5.3083E+00  4.5327E+01  1.1459E+00  9.7731E-01  1.0707E+00  4.7546E-02  1.4419E-01  2.7230E-01  1.1834E-01  1.3138E-01
  1.3400E+02  5.3083E+00  4.5327E+01  1.1459E+00  9.7731E-01  1.0707E+00  4.7546E-02  1.4419E-01  2.7230E-01  1.1834E-01  1.3138E-01
  1.3400E+02  5.3083E+00  4.5327E+01  1.1459E+00  9.7731E-01  1.0707E+00  4.7546E-02  1.4419E-01  2.7230E-01  1.1834E-01  1.3138E-01
  1.3400E+02  5.3083E+00  4.5327E+01  1.1459E+00  9.7731E-01  1.0707E+00  4.7546E-02  1.4419E-01  2.7230E-01  1.1834E-01  1.3138E-01
  1.3400E+02  5.3083E+00  4.5327E+01  1.1459E+00  9.7731E-01  1.0707E+00  4.7546E-02  1.4419E-01  2.7230E-01  1.1834E-01  1.3138E-01
  1.3400E+02  5.3083E+00  4.5327E+01  1.1459E+00  9.7731E-01  1.0707E+00  4.7546E-02  1.4419E-01  2.7230E-01  1.1834E-01  1.3138E-01
  1.3400E+02  5.3083E+00  4.5327E+01  1.1459E+00  9.7731E-01  1.0707E+00  4.7546E-02  1.4419E-01  2.7230E-01  1.1834E-01  1.3138E-01
  1.3400E+02  5.3083E+00  4.5327E+01  1.1459E+00  9.7731E-01  1.0707E+00  4.7546E-02  1.4419E-01  2.7230E-01  1.1834E-01  1.3138E-01
  1.3400E+02  5.3083E+00  4.5327E+01  1.1459E+00  9.7731E-01  1.0707E+00  4.7546E-02  1.4419E-01  2.7230E-01  1.1834E-01  1.3138E-01
  1.3400E+02  5.3083E+00  4.5327E+01  1.1459E+00  9.7731E-01  1.0707E+00  4.7546E-02  1.4419E-01  2.7230E-01  1.1834E-01  1.3138E-01
  1.3400E+02  5.3083E+00  4.5327E+01  1.1459E+00  9.7731E-01  1.0707E+00  4.7546E-02  1.4419E-01  2.7230E-01  1.1834E-01  1.3138E-01
  1.3400E+02  5.3083E+00  4.5327E+01  1.1459E+00  9.7731E-01  1.0707E+00  4.7546E-02  1.4419E-01  2.7230E-01  1.1834E-01  1.3138E-01
  1.3400E+02  5.3083E+00  4.5327E+01  1.1459E+00  9.7731E-01  1.0707E+00  4.7546E-02  1.4419E-01  2.7230E-01  1.1834E-01  1.3138E-01
  1.3500E+02  3.3429E+00  4.5374E+01  1.0976E+00  1.0254E+00  1.1856E+00 -4.1489E-01  1.4523E-01  2.2399E-01  1.6637E-01  2.3336E-01
  1.3500E+02  3.3429E+00  4.5374E+01  1.0976E+00  1.0254E+00  1.1856E+00 -4.1489E-01  1.4523E-01  2.2399E-01  1.6637E-01  2.3336E-01
  1.3500E+02  3.3429E+00  4.5374E+01  1.0976E+00  1.0254E+00  1.1856E+00 -4.1489E-01  1.4523E-01  2.2399E-01  1.6637E-01  2.3336E-01
  1.3500E+02  3.3429E+00  4.5374E+01  1.0976E+00  1.0254E+00  1.1856E+00 -4.1489E-01  1.4523E-01  2.2399E-01  1.6637E-01  2.3336E-01
  1.3500E+02  3.3429E+00  4.5374E+01  1.0976E+00  1.0254E+00  1.1856E+00 -4.1489E-01  1.4523E-01  2.2399E-01  1.6637E-01  2.3336E-01
  1.3500E+02  3.3429E+00  4.5374E+01  1.0976E+00  1.0254E+00  1.1856E+00 -4.1489E-01  1.4523E-01  2.2399E-01  1.6637E-01  2.3336E-01
  1.3500E+02  3.3429E+00  4.5374E+01  1.0976E+00  1.0254E+00  1.1856E+00 -4.1489E-01  1.4523E-01  2.2399E-01  1.6637E-01  2.3336E-01
  1.3500E+02  3.3429E+00  4.5374E+01  1.0976E+00  1.0254E+00  1.1856E+00 -4.1489E-01  1.4523E-01  2.2399E-01  1.6637E-01  2.3336E-01
  1.3500E+02  3.3429E+00  4.5374E+01  1.0976E+00  1.0254E+00  1.1856E+00 -4.1489E-01  1.4523E-01  2.2399E-01  1.6637E-01  2.3336E-01
  1.3500E+02  3.3429E+00  4.5374E+01  1.0976E+00  1.0254E+00  1.1856E+00 -4.1489E-01  1.4523E-01  2.2399E-01  1.6637E-01  2.3336E-01
  1.3500E+02  3.3429E+00  4.5374E+01  1.0976E+00  1.0254E+00  1.1856E+00 -4.1489E-01  1.4523E-01  2.2399E-01  1.6637E-01  2.3336E-01
  1.3500E+02  3.3429E+00  4.5374E+01  1.0976E+00  1.0254E+00  1.1856E+00 -4.1489E-01  1.4523E-01  2.2399E-01  1.6637E-01  2.3336E-01
  1.3500E+02  3.3429E+00  4.5374E+01  1.0976E+00  1.0254E+00  1.1856E+00 -4.1489E-01  1.4523E-01  2.2399E-01  1.6637E-01  2.3336E-01
  1.3600E+02  4.0481E+00  3.7300E+01  8.9574E-01  7.4049E-01  1.2033E+00 -2.2347E-01 -5.0702E-02  2.2171E-02 -1.5915E-01  2.4819E-01
  1.3600E+02  4.0481E+00  3.7300E+01  8.9574E-01  7.4049E-01  1.2033E+00 -2.2347E-01 -5.0702E-02  2.2171E-02 -1.5915E-01  2.4819E-01
  1.3600E+02  4.0481E+00  3.7300E+01  8.9574E-01  7.4049E-01  1.2033E+00 -2.2347E-01 -5.0702E-02  2.2171E-02 -1.5915E-01  2.4819E-01
  1.3600E+02  4.0481E+00  3.7300E+01  8.9574E-01  7.4049E-01  1.2033E+00 -2.2347E-01 -5.0702E-02  2.2171E-02 -1.5915E-01  2.4819E-01
  1.3600E+02  4.0481E+00  3.7300E+01  8.9574E-01  7.4049E-01  1.2033E+00 -2.2347E-01 -5.0702E-02  2.2171E-02 -1.5915E-01  2.4819E-01
  1.3600E+02  4.0481E+00  3.7300E+01  8.9574E-01  7.4049E-01  1.2033E+00 -2.2347E-01 -5.0702E-02  2.2171E-02 -1.5915E-01  2.4819E-01
  1.3600E+02  4.0481E+00  3.7300E+01  8.9574E-01  7.4049E-01  1.2033E+00 -2.2347E-01 -5.0702E-02  2.2171E-02 -1.5915E-01  2.4819E-01
  1.3600E+02  4.0481E+00  3.7300E+01  8.9574E-01  7.4049E-01  1.2033E+00 -2.2347E-01 -5.0702E-02  2.2171E-02 -1.5915E-01  2.4819E-01
  1.3600E+02  4.0481E+00  3.7300E+01  8.9574E-01  7.4049E-01  1.2033E+00 -2.2347E-01 -5.0702E-02  2.2171E-02 -1.5915E-01  2.4819E-01
  1.3600E+02  4.0481E+00  3.7300E+01  8.9574E-01  7.4049E-01  1.2033E+00 -2.2347E-01 -5.0702E-02  2.2171E-02 -1.5915E-01  2.4819E-01
  1.3600E+02  4.0481E+00  3.7300E+01  8.9574E-01  7.4049E-01  1.2033E+00 -2.2347E-01 -5.0702E-02  2.2171E-02 -1.5915E-01  2.4819E-01
  1.3600E+02  4.0481E+00  3.7300E+01  8.9574E-01  7.4049E-01  1.2033E+00 -2.2347E-01 -5.0702E-02  2.2171E-02 -1.5915E-01  2.4819E-01
  1.3600E+02  4.0481E+00  3.7300E+01  8.9574E-01  7.4049E-01  1.2033E+00 -2.2347E-01 -5.0702E-02  2.2171E-02 -1.5915E-01  2.4819E-01
  1.3700E+02  8.5692E+00  3.5011E+01  1.1423E+00  7.8060E-01  1.6588E+00  5.2645E-01 -1.1403E-01  2.6877E-01 -1.0640E-01  5.6919E-01
  1.3700E+02  8.5692E+00  3.5011E+01  1.1423E+00  7.8060E-01  1.6588E+00  5.2645E-01 -1.1403E-01  2.6877E-01 -1.0640E-01  5.6919E-01
  1.3700E+02  8.5692E+00  3.5011E+01  1.1423E+00  7.8060E-01  1.6588E+00  5.2645E-01 -1.1403E-01  2.6877E-01 -1.0640E-01  5.6919E-01
  1.3700E+02  8.5692E+00  3.5011E+01  1.1423E+00  7.8060E-01  1.6588E+00  5.2645E-01 -1.1403E-01  2.6877E-01 -1.0640E-01  5.6919E-01
  1.3700E+02  8.5692E+00  3.5011E+01  1.1423E+00  7.8060E-01  1.6588E+00  5.2645E-01 -1.1403E-01  2.6877E-01 -1.0640E-01  5.6919E-01
  1.3700E+02  8.5692E+00  3.5011E+01  1.1423E+00  7.8060E-01  1.6588E+00  5.2645E-01 -1.1403E-01  2.6877E-01 -1.0640E-01  5.6919E-01
  1.3700E+02  8.5692E+00  3.5011E+01  1.1423E+00  7.8060E-01  1.6588E+00  5.2645E-01 -1.1403E-01  2.6877E-01 -1.0640E-01  5.6919E-01
  1.3700E+02  8.5692E+00  3.5011E+01  1.1423E+00  7.8060E-01  1.6588E+00  5.2645E-01 -1.1403E-01  2.6877E-01 -1.0640E-01  5.6919E-01
  1.3700E+02  8.5692E+00  3.5011E+01  1.1423E+00  7.8060E-01  1.6588E+00  5.2645E-01 -1.1403E-01  2.6877E-01 -1.0640E-01  5.6919E-01
  1.3700E+02  8.5692E+00  3.5011E+01  1.1423E+00  7.8060E-01  1.6588E+00  5.2645E-01 -1.1403E-01  2.6877E-01 -1.0640E-01  5.6919E-01
  1.3700E+02  8.5692E+00  3.5011E+01  1.1423E+00  7.8060E-01  1.6588E+00  5.2645E-01 -1.1403E-01  2.6877E-01 -1.0640E-01  5.6919E-01
  1.3700E+02  8.5692E+00  3.5011E+01  1.1423E+00  7.8060E-01  1.6588E+00  5.2645E-01 -1.1403E-01  2.6877E-01 -1.0640E-01  5.6919E-01
  1.3700E+02  8.5692E+00  3.5011E+01  1.1423E+00  7.8060E-01  1.6588E+00  5.2645E-01 -1.1403E-01  2.6877E-01 -1.0640E-01  5.6919E-01
  1.3800E+02  4.2039E+00  3.7576E+01  4.4486E-01  1.2316E+00  6.7163E-01 -1.8570E-01 -4.3332E-02 -4.2870E-01  3.4962E-01 -3.3495E-01
  1.3800E+02  4.2039E+00  3.7576E+01  4.4486E-01  1.2316E+00  6.7163E-01 -1.8570E-01 -4.3332E-02 -4.2870E-01  3.4962E-01 -3.3495E-01
  1.3800E+02  4.2039E+00  3.7576E+01  4.4486E-01  1.2316E+00  6.7163E-01 -1.8570E-01 -4.3332E-02 -4.2870E-01  3.4962E-01 -3.3495E-01
  1.3800E+02  4.2039E+00  3.7576E+01  4.4486E-01  1.2316E+00  6.7163E-01 -1.8570E-01 -4.3332E-02 -4.2870E-01  3.4962E-01 -3.3495E-01
  1.3800E+02  4.2039E+00  3.7576E+01  4.4486E-01  1.2316E+00  6.7163E-01 -1.8570E-01 -4.3332E-02 -4.2870E-01  3.4962E-01 -3.3495E-01
  1.3800E+02  4.2039E+00  3.7576E+01  4.4486E-01  1.2316E+00  6.7163E-01 -1.8570E-01 -4.3332E-02 -4.2870E-01  3.4962E-01 -3.3495E-01
  1.3800E+02  4.2039E+00  3.7576E+01  4.4486E-01  1.2316E+00  6.7163E-01 -1.8570E-01 -4.3332E-02 -4.2870E-01  3.4962E-01 -3.3495E-01
  1.3800E+02  4.2039E+00  3.7576E+01  4.4486E-01  1.2316E+00  6.7163E-01 -1.8570E-01 -4.3332E-02 -4.2870E-01  3.4962E-01 -3.3495E-01
  1.3800E+02  4.2039E+00  3.7576E+01  4.4486E-01  1.2316E+00  6.7163E-01 -1.8570E-01 -4.3332E-02 -4.2870E-01  3.4962E-01 -3.3495E-01
  1.3800E+02  4.2039E+00  3.7576E+01  4.4486E-01  1.2316E+00  6.7163E-01 -1.8570E-01 -4.3332E-02 -4.2870E-01  3.4962E-01 -3.3495E-01
  1.3800E+02  4.2039E+00  3.7576E+01  4.4486E-01  1.2316E+00  6.7163E-01 -1.8570E-01 -4.3332E-02 -4.2870E-01  3.4962E-01 -3.3495E-01
  1.3800E+02  4.2039E+00  3.7576E+01  4.4486E-01  1.2316E+00  6.7163E-01 -1.8570E-01 -4.3332E-02 -4.2870E-01  3.4962E-01 -3.3495E-01
  1.3800E+02  4.2039E+00  3.7576E+01  4.4486E-01  1.2316E+00  6.7163E-01 -1.8570E-01 -4.3332E-02 -4.2870E-01  3.4962E-01 -3.3495E-01
  1.3900E+02  3.7133E+00  3.3032E+01  1.0166E+00  5.6854E-01  1.3896E+00 -3.0980E-01 -1.7224E-01  1.4299E-01 -4.2339E-01  3.9214E-01
  1.3900E+02  3.7133E+00  3.3032E+01  1.0166E+00  5.6854E-01  1.3896E+00 -3.0980E-01 -1.7224E-01  1.4299E-01 -4.2339E-01  3.9214E-01
  1.3900E+02  3.7133E+00  3.3032E+01  1.0166E+00  5.6854E-01  1.3896E+00 -3.0980E-01 -1.7224E-01  1.4299E-01 -4.2339E-01  3.9214E-01
  1.3900E+02  3.7133E+00  3.3032E+01  1.0166E+00  5.6854E-01  1.3896E+00 -3.0980E-01 -1.7224E-01  1.4299E-01 -4.2339E-01  3.9214E-01
  1.3900E+02  3.7133E+00  3.3032E+01  1.0166E+00  5.6854E-01  1.3896E+00 -3.0980E-01 -1.7224E-01  1.4299E-01 -4.2339E-01  3.9214E-01
  1.3900E+02  3.7133E+00  3.3032E+01  1.0166E+00  5.6854E-01  1.3896E+00 -3.0980E-01 -1.7224E-01  1.4299E-01 -4.2339E-01  3.9214E-01
  1.3900E+02  3.7133E+00  3.3032E+01  1.0166E+00  5.6854E-01  1.3896E+00 -3.0980E-01 -1.7224E-01  1.4299E-01 -4.2339E-01  3.9214E-01
  1.3900E+02  3.7133E+00  3.3032E+01  1.0166E+00  5.6854E-01  1.3896E+00 -3.0980E-01 -1.7224E-01  1.4299E-01 -4.2339E-01  3.9214E-01
  1.3900E+02  3.7133E+00  3.3032E+01  1.0166E+00  5.6854E-01  1.3896E+00 -3.0980E-01 -1.7224E-01  1.4299E-01 -4.2339E-01  3.9214E-01
  1.3900E+02  3.7133E+00  3.3032E+01  1.0166E+00  5.6854E-01  1.3896E+00 -3.0980E-01 -1.7224E-01  1.4299E-01 -4.2339E-01  3.9214E-01
  1.3900E+02  3.7133E+00  3.3032E+01  1.0166E+00  5.6854E-01  1.3896E+00 -3.0980E-01 -1.7224E-01  1.4299E-01 -4.2339E-01  3.9214E-01
  1.3900E+02  3.7133E+00  3.3032E+01  1.0166E+00  5.6854E-01  1.3896E+00 -3.0980E-01 -1.7224E-01  1.4299E-01 -4.2339E-01  3.9214E-01
  1.3900E+02  3.7133E+00  3.3032E+01  1.0166E+00  5.6854E-01  1.3896E+00 -3.0980E-01 -1.7224E-01  1.4299E-01 -4.2339E-01  3.9214E-01
  1.4000E+02  5.5137E+00  2.5566E+01  8.1304E-01  9.2915E-01  8.3564E-01  8.5513E-02 -4.2844E-01 -6.0529E-02  6.7804E-02 -1.1646E-01
  1.4000E+02  5.5137E+00  2.5566E+01  8.1304E-01  9.2915E-01  8.3564E-01  8.5513E-02 -4.2844E-01 -6.0529E-02  6.7804E-02 -1.1646E-01
  1.4000E+02  5.5137E+00  2.5566E+01  8.1304E-01  9.2915E-01  8.3564E-01  8.5513E-02 -4.2844E-01 -6.0529E-02  6.7804E-02 -1.1646E-01
  1.4000E+02  5.5137E+00  2.5566E+01  8.1304E-01  9.2915E-01  8.3564E-01  8.5513E-02 -4.2844E-01 -6.0529E-02  6.7804E-02 -1.1646E-01
  1.4000E+02  5.5137E+00  2.5566E+01  8.1304E-01  9.2915E-01  8.3564E-01  8.5513E-02 -4.2844E-01 -6.0529E-02  6.7804E-02 -1.1646E-01
  1.4000E+02  5.5137E+00  2.5566E+01  8.1304E-01  9.2915E-01  8.3564E-01  8.5513E-02 -4.2844E-01 -6.0529E-02  6.7804E-02 -1.1646E-01
  1.4000E+02  5.5137E+00  2.5566E+01  8.1304E-01  9.2915E-01  8.3564E-01  8.5513E-02 -4.2844E-01 -6.0529E-02  6.7804E-02 -1.1646E-01
  1.4000E+02  5.5137E+00  2.5566E+01  8.1304E-01  9.2915E-01  8.3564E-01  8.5513E-02 -4.2844E-01 -6.0529E-02  6.7804E-02 -1.1646E-01
  1.4000E+02  5.5137E+00  2.5566E+01  8.1304E-01  9.2915E-01  8.3564E-01  8.5513E-02 -4.2844E-01 -6.0529E-02  6.7804E-02 -1.1646E-01
  1.4000E+02  5.5137E+00  2.5566E+01  8.1304E-01  9.2915E-01  8.3564E-01  8.5513E-02 -4.2844E-01 -6.0529E-02  6.7804E-02 -1.1646E-01
  1.4000E+02  5.5137E+00  2.5566E+01  8.1304E-01  9.2915E-01  8.3564E-01  8.5513E-02 -4.2844E-01 -6.0529E-02  6.7804E-02 -1.1646E-01
  1.4000E+02  5.5137E+00  2.5566E+01  8.1304E-01  9.2915E-01  8.3564E-01  8.5513E-02 -4.2844E-01 -6.0529E-02  6.7804E-02 -1.1646E-01
  1.4000E+02  5.5137E+00  2.5566E+01  8.1304E-01  9.2915E-01  8.3564E-01  8.5513E-02 -4.2844E-01 -6.0529E-02  6.7804E-02 -1.1646E-01
  1.4100E+02  5.4974E+00  6.0117E+01  1.1019E+00  1.0382E+00  1.5004E+00  8.2557E-02  4.2658E-01  2.2829E-01  1.7881E-01  4.6881E-01
  1.4100E+02  5.4974E+00  6.0117E+01  1.1019E+00  1.0382E+00  1.5004E+00  8.2557E-02  4.2658E-01  2.2829E-01  1.7881E-01  4.6881E-01
  1.4100E+02  5.4974E+00  6.0117E+01  1.1019E+00  1.0382E+00  1.5004E+00  8.2557E-02  4.2658E-01  2.2829E-01  1.7881E-01  4.6881E-01
  1.4100E+02  5.4974E+00  6.0117E+01  1.1019E+00  1.0382E+00  1.5004E+00  8.2557E-02  4.2658E-01  2.2829E-01  1.7881E-01  4.6881E-01
  1.4100E+02  5.4974E+00  6.0117E+01  1.1019E+00  1.0382E+00  1.5004E+00  8.2557E-02  4.2658E-01  2.2829E-01  1.7881E-01  4.6881E-01
  1.4100E+02  5.4974E+00  6.0117E+01  1.1019E+00  1.0382E+00  1.5004E+00  8.2557E-02  4.2658E-01  2.2829E-01  1.7881E-01  4.6881E-01
  1.4100E+02  5.4974E+00  6.0117E+01  1.1019E+00  1.0382E+00  1.5004E+00  8.2557E-02  4.2658E-01  2.2829E-01  1.7881E-01  4.6881E-01
  1.4100E+02  5.4974E+00  6.0117E+01  1.1019E+00  1.0382E+00  1.5004E+00  8.2557E-02  4.2658E-01  2.2829E-01  1.7881E-01  4.6881E-01
  1.4100E+02  5.4974E+00  6.0117E+01  1.1019E+00  1.0382E+00  1.5004E+00  8.2557E-02  4.2658E-01  2.2829E-01  1.7881E-01  4.6881E-01
  1.4100E+02  5.4974E+00  6.0117E+01  1.1019E+00  1.0382E+00  1.5004E+00  8.2557E-02  4.2658E-01  2.2829E-01  1.7881E-01  4.6881E-01
  1.4100E+02  5.4974E+00  6.0117E+01  1.1019E+00  1.0382E+00  1.5004E+00  8.2557E-02  4.2658E-01  2.2829E-01  1.7881E-01  4.6881E-01
  1.4100E+02  5.4974E+00  6.0117E+01  1.1019E+00  1.0382E+00  1.5004E+00  8.2557E-02  4.2658E-01  2.2829E-01  1.7881E-01  4.6881E-01
  1.4100E+02  5.4974E+00  6.0117E+01  1.1019E+00  1.0382E+00  1.5004E+00  8.2557E-02  4.2658E-01  2.2829E-01  1.7881E-01  4.6881E-01
  1.4200E+02  8.1866E+00  4.0945E+01  1.2601E+00  6.8105E-01  1.0772E+00  4.8077E-01  4.2527E-02  3.8653E-01 -2.4283E-01  1.3750E-01
  1.4200E+02  8.1866E+00  4.0945E+01  1.2601E+00  6.8105E-01  1.0772E+00  4.8077E-01  4.2527E-02  3.8653E-01 -2.4283E-01  1.3750E-01
  1.4200E+02  8.1866E+00  4.0945E+01  1.2601E+00  6.8105E-01  1.0772E+00  4.8077E-01  4.2527E-02  3.8653E-01 -2.4283E-01  1.3750E-01
  1.4200E+02  8.1866E+00  4.0945E+01  1.2601E+00  6.8105E-01  1.0772E+00  4.8077E-01  4.2527E-02  3.8653E-01 -2.4283E-01  1.3750E-01
  1.4200E+02  8.1866E+00  4.0945E+01  1.2601E+00  6.8105E-01  1.0772E+00  4.8077E-01  4.2527E-02  3.8653E-01 -2.4283E-01  1.3750E-01
  1.4200E+02  8.1866E+00  4.0945E+01  1.2601E+00  6.8105E-01  1.0772E+00  4.8077E-01  4.2527E-02  3.8653E-01 -2.4283E-01  1.3750E-01
  1.4200E+02  8.1866E+00  4.0945E+01  1.2601E+00  6.8105E-01  1.0772E+00  4.8077E-01  4.2527E-02  3.8653E-01 -2.4283E-01  1.3750E-01
  1.4200E+02  8.1866E+00  4.0945E+01  1.2601E+00  6.8105E-01  1.0772E+00  4.8077E-01  4.2527E-02  3.8653E-01 -2.4283E-01  1.3750E-01
  1.4200E+02  8.1866E+00  4.0945E+01  1.2601E+00  6.8105E-01  1.0772E+00  4.8077E-01  4.2527E-02  3.8653E-01 -2.4283E-01  1.3750E-01
  1.4200E+02  8.1866E+00  4.0945E+01  1.2601E+00  6.8105E-01  1.0772E+00  4.8077E-01  4.2527E-02  3.8653E-01 -2.4283E-01  1.3750E-01
  1.4200E+02  8.1866E+00  4.0945E+01  1.2601E+00  6.8105E-01  1.0772E+00  4.8077E-01  4.2527E-02  3.8653E-01 -2.4283E-01  1.3750E-01
  1.4200E+02  8.1866E+00  4.0945E+01  1.2601E+00  6.8105E-01  1.0772E+00  4.8077E-01  4.2527E-02  3.8653E-01 -2.4283E-01  1.3750E-01
  1.4200E+02  8.1866E+00  4.0945E+01  1.2601E+00  6.8105E-01  1.0772E+00  4.8077E-01  4.2527E-02  3.8653E-01 -2.4283E-01  1.3750E-01
  1.4300E+02  5.1102E+00  4.0120E+01  9.9042E-01  1.1464E+00  6.6122E-01  9.5242E-03  2.2174E-02  1.1685E-01  2.7792E-01 -3.5057E-01
  1.4300E+02  5.1102E+00  4.0120E+01  9.9042E-01  1.1464E+00  6.6122E-01  9.5242E-03  2.2174E-02  1.1685E-01  2.7792E-01 -3.5057E-01
  1.4300E+02  5.1102E+00  4.0120E+01  9.9042E-01  1.1464E+00  6.6122E-01  9.5242E-03  2.2174E-02  1.1685E-01  2.7792E-01 -3.5057E-01
  1.4300E+02  5.1102E+00  4.0120E+01  9.9042E-01  1.1464E+00  6.6122E-01  9.5242E-03  2.2174E-02  1.1685E-01  2.7792E-01 -3.5057E-01
  1.4300E+02  5.1102E+00  4.0120E+01  9.9042E-01  1.1464E+00  6.6122E-01  9.5242E-03  2.2174E-02  1.1685E-01  2.7792E-01 -3.5057E-01
  1.4300E+02  5.1102E+00  4.0120E+01  9.9042E-01  1.1464E+00  6.6122E-01  9.5242E-03  2.2174E-02  1.1685E-01  2.7792E-01 -3.5057E-01
  1.4300E+02  5.1102E+00  4.0120E+01  9.9042E-01  1.1464E+00  6.6122E-01  9.5242E-03  2.2174E-02  1.1685E-01  2.7792E-01 -3.5057E-01
  1.4300E+02  5.1102E+00  4.0120E+01  9.9042E-01  1.1464E+00  6.6122E-01  9.5242E-03  2.2174E-02  1.1685E-01  2.7792E-01 -3.5057E-01
  1.4300E+02  5.1102E+00  4.0120E+01  9.9042E-01  1.1464E+00  6.6122E-01  9.5242E-03  2.2174E-02  1.1685E-01  2.7792E-01 -3.5057E-01
  1.4300E+02  5.1102E+00  4.0120E+01  9.9042E-01  1.1464E+00  6.6122E-01  9.5242E-03  2.2174E-02  1.1685E-01  2.7792E-01 -3.5057E-01
  1.4300E+02  5.1102E+00  4.0120E+01  9.9042E-01  1.1464E+00  6.6122E-01  9.5242E-03  2.2174E-02  1.1685E-01  2.7792E-01 -3.5057E-01
  1.4300E+02  5.1102E+00  4.0120E+01  9.9042E-01  1.1464E+00  6.6122E-01  9.5242E-03  2.2174E-02  1.1685E-01  2.7792E-01 -3.5057E-01
  1.4300E+02  5.1102E+00  4.0120E+01  9.9042E-01  1.1464E+00  6.6122E-01  9.5242E-03  2.2174E-02  1.1685E-01  2.7792E-01 -3.5057E-01
  1.4400E+02  4.7581E+00  2.4056E+01  8.4908E-01  1.3435E+00  1.0511E+00 -6.1859E-02 -4.8932E-01 -2.4488E-02  4.3658E-01  1.1291E-01
  1.4400E+02  4.7581E+00  2.4056E+01  8.4908E-01  1.3435E+00  1.0511E+00 -6.1859E-02 -4.8932E-01 -2.4488E-02  4.3658E-01  1.1291E-01
  1.4400E+02  4.7581E+00  2.4056E+01  8.4908E-01  1.3435E+00  1.0511E+00 -6.1859E-02 -4.8932E-01 -2.4488E-02  4.3658E-01  1.1291E-01
  1.4400E+02  4.7581E+00  2.4056E+01  8.4908E-01  1.3435E+00  1.0511E+00 -6.1859E-02 -4.8932E-01 -2.4488E-02  4.3658E-01  1.1291E-01
  1.4400E+02  4.7581E+00  2.4056E+01  8.4908E-01  1.3435E+00  1.0511E+00 -6.1859E-02 -4.8932E-01 -2.4488E-02  4.3658E-01  1.1291E-01
  1.4400E+02  4.7581E+00  2.4056E+01  8.4908E-01  1.3435E+00  1.0511E+00 -6.1859E-02 -4.8932E-01 -2.4488E-02  4.3658E-01  1.1291E-01
  1.4400E+02  4.7581E+00  2.4056E+01  8.4908E-01  1.3435E+00  1.0511E+00 -6.1859E-02 -4.8932E-01 -2.4488E-02  4.3658E-01  1.1291E-01
  1.4400E+02  4.7581E+00  2.4056E+01  8.4908E-01  1.3435E+00  1.0511E+00 -6.1859E-02 -4.8932E-01 -2.4488E-02  4.3658E-01  1.1291E-01
  1.4400E+02  4.7581E+00  2.4056E+01  8.4908E-01  1.3435E+00  1.0511E+00 -6.1859E-02 -4.8932E-01 -2.4488E-02  4.3658E-01  1.1291E-01
  1.4400E+02  4.7581E+00  2.4056E+01  8.4908E-01  1.3435E+00  1.0511E+00 -6.1859E-02 -4.8932E-01 -2.4488E-02  4.3658E-01  1.1291E-01
  1.4400E+02  4.7581E+00  2.4056E+01  8.4908E-01  1.3435E+00  1.0511E+00 -6.1859E-02 -4.8932E-01 -2.4488E-02  4.3658E-01  1.1291E-01
  1.4400E+02  4.7581E+00  2.4056E+01  8.4908E-01  1.3435E+00  1.0511E+00 -6.1859E-02 -4.8932E-01 -2.4488E-02  4.3658E-01  1.1291E-01
  1.4400E+02  4.7581E+00  2.4056E+01  8.4908E-01  1.3435E+00  1.0511E+00 -6.1859E-02 -4.8932E-01 -2.4488E-02  4.3658E-01  1.1291E-01
  1.4500E+02  7.5815E+00  3.7687E+01  5.1006E-01  7.1757E-01  7.8193E-01  4.0400E-01 -4.0392E-02 -3.6350E-01 -1.9059E-01 -1.8289E-01
  1.4500E+02  7.5815E+00  3.7687E+01  5.1006E-01  7.1757E-01  7.8193E-01  4.0400E-01 -4.0392E-02 -3.6350E-01 -1.9059E-01 -1.8289E-01
  1.4500E+02  7.5815E+00  3.7687E+01  5.1006E-01  7.1757E-01  7.8193E-01  4.0400E-01 -4.0392E-02 -3.6350E-01 -1.9059E-01 -1.8289E-01
  1.4500E+02  7.5815E+00  3.7687E+01  5.1006E-01  7.1757E-01  7.8193E-01  4.0400E-01 -4.0392E-02 -3.6350E-01 -1.9059E-01 -1.8289E-01
  1.4500E+02  7.5815E+00  3.7687E+01  5.1006E-01  7.1757E-01  7.8193E-01  4.0400E-01 -4.0392E-02 -3.6350E-01 -1.9059E-01 -1.8289E-01
  1.4500E+02  7.5815E+00  3.7687E+01  5.1006E-01  7.1757E-01  7.8193E-01  4.0400E-01 -4.0392E-02 -3.6350E-01 -1.9059E-01 -1.8289E-01
  1.4500E+02  7.5815E+00  3.7687E+01  5.1006E-01  7.1757E-01  7.8193E-01  4.0400E-01 -4.0392E-02 -3.6350E-01 -1.9059E-01 -1.8289E-01
  1.4500E+02  7.5815E+00  3.7687E+01  5.1006E-01  7.1757E-01  7.8193E-01  4.0400E-01 -4.0392E-02 -3.6350E-01 -1.9059E-01 -1.8289E-01
  1.4500E+02  7.5815E+00  3.7687E+01  5.1006E-01  7.1757E-01  7.8193E-01  4.0400E-01 -4.0392E-02 -3.6350E-01 -1.9059E-01 -1.8289E-01
  1.4500E+02  7.5815E+00  3.7687E+01  5.1006E-01  7.1757E-01  7.8193E-01  4.0400E-01 -4.0392E-02 -3.6350E-01 -1.9059E-01 -1.8289E-01
  1.4500E+02  7.5815E+00  3.7687E+01  5.1006E-01  7.1757E-01  7.8193E-01  4.0400E-01 -4.0392E-02 -3.6350E-01 -1.9059E-01 -1.8289E-01
  1.4500E+02  7.5815E+00  3.7687E+01  5.1006E-01  7.1757E-01  7.8193E-01  4.0400E-01 -4.0392E-02 -3.6350E-01 -1.9059E-01 -1.8289E-01
  1.4500E+02  7.5815E+00  3.7687E+01  5.1006E-01  7.1757E-01  7.8193E-01  4.0400E-01 -4.0392E-02 -3.6350E-01 -1.9059E-01 -1.8289E-01
  1.4600E+02  4.9778E+00  3.2247E+01  1.1996E+00  6.6203E-01  1.0139E+00 -1.6733E-02 -1.9628E-01  3.2601E-01 -2.7115E-01  7.6871E-02
  1.4600E+02  4.9778E+00  3.2247E+01  1.1996E+00  6.6203E-01  1.0139E+00 -1.6733E-02 -1.9628E-01  3.2601E-01 -2.7115E-01  7.6871E-02
  1.4600E+02  4.9778E+00  3.2247E+01  1.1996E+00  6.6203E-01  1.0139E+00 -1.6733E-02 -1.9628E-01  3.2601E-01 -2.7115E-01  7.6871E-02
  1.4600E+02  4.9778E+00  3.2247E+01  1.1996E+00  6.6203E-01  1.0139E+00 -1.6733E-02 -1.9628E-01  3.2601E-01 -2.7115E-01  7.6871E-02
  1.4600E+02  4.9778E+00  3.2247E+01  1.1996E+00  6.6203E-01  1.0139E+00 -1.6733E-02 -1.9628E-01  3.2601E-01 -2.7115E-01  7.6871E-02
  1.4600E+02  4.9778E+00  3.2247E+01  1.1996E+00  6.6203E-01  1.0139E+00 -1.6733E-02 -1.9628E-01  3.2601E-01 -2.7115E-01  7.6871E-02
  1.4600E+02  4.9778E+00  3.2247E+01  1.1996E+00  6.6203E-01  1.0139E+00 -1.6733E-02 -1.9628E-01  3.2601E-01 -2.7115E-01  7.6871E-02
  1.4600E+02  4.9778E+00  3.2247E+01  1.1996E+00  6.6203E-01  1.0139E+00 -1.6733E-02 -1.9628E-01  3.2601E-01 -2.7115E-01  7.6871E-02
  1.4600E+02  4.9778E+00  3.2247E+01  1.1996E+00  6.6203E-01  1.0139E+00 -1.6733E-02 -1.9628E-01  3.2601E-01 -2.7115E-01  7.6871E-02
  1.4600E+02  4.9778E+00  3.2247E+01  1.1996E+00  6.6203E-01  1.0139E+00 -1.6733E-02 -1.9628E-01  3.2601E-01 -2.7115E-01  7.6871E-02
  1.4600E+02  4.9778E+00  3.2247E+01  1.1996E+00  6.6203E-01  1.0139E+00 -1.6733E-02 -1.9628E-01  3.2601E-01 -2.7115E-01  7.6871E-02
  1.4600E+02  4.9778E+00  3.2247E+01  1.1996E+00  6.6203E-01  1.0139E+00 -1.6733E-02 -1.9628E-01  3.2601E-01 -2.7115E-01  7.6871E-02
  1.4600E+02  4.9778E+00  3.2247E+01  1.1996E+00  6.6203E-01  1.0139E+00 -1.6733E-02 -1.9628E-01  3.2601E-01 -2.7115E-01  7.6871E-02
  1.4700E+02  3.7832E+00  4.0200E+01  1.4085E+00  5.9396E-01  1.7973E+00 -2.9115E-01  2.4169E-02  5.3498E-01 -3.7966E-01  6.4936E-01
  1.4700E+02  3.7832E+00  4.0200E+01  1.4085E+00  5.9396E-01  1.7973E+00 -2.9115E-01  2.4169E-02  5.3498E-01 -3.7966E-01  6.4936E-01
  1.4700E+02  3.7832E+00  4.0200E+01  1.4085E+00  5.9396E-01  1.7973E+00 -2.9115E-01  2.4169E-02  5.3498E-01 -3.7966E-01  6.4936E-01
  1.4700E+02  3.7832E+00  4.0200E+01  1.4085E+00  5.9396E-01  1.7973E+00 -2.9115E-01  2.4169E-02  5.3498E-01 -3.7966E-01  6.4936E-01
  1.4700E+02  3.7832E+00  4.0200E+01  1.4085E+00  5.9396E-01  1.7973E+00 -2.9115E-01  2.4169E-02  5.3498E-01 -3.7966E-01  6.4936E-01
  1.4700E+02  3.7832E+00  4.0200E+01  1.4085E+00  5.9396E-01  1.7973E+00 -2.9115E-01  2.4169E-02  5.3498E-01 -3.7966E-01  6.4936E-01
  1.4700E+02  3.7832E+00  4.0200E+01  1.4085E+00  5.9396E-01  1.7973E+00 -2.9115E-01  2.4169E-02  5.3498E-01 -3.7966E-01  6.4936E-01
  1.4700E+02  3.7832E+00  4.0200E+01  1.4085E+00  5.9396E-01  1.7973E+00 -2.9115E-01  2.4169E-02  5.3498E-01 -3.7966E-01  6.4936E-01
  1.4700E+02  3.7832E+00  4.0200E+01  1.4085E+00  5.9396E-01  1.7973E+00 -2.9115E-01  2.4169E-02  5.3498E-01 -3.7966E-01  6.4936E-01
  1.4700E+02  3.7832E+00  4.0200E+01  1.4085E+00  5.9396E-01  1.7973E+00 -2.9115E-01  2.4169E-02  5.3498E-01 -3.7966E-01  6.4936E-01
  1.4700E+02  3.7832E+00  4.0200E+01  1.4085E+00  5.9396E-01  1.7973E+00 -2.9115E-01  2.4169E-02  5.3498E-01 -3.7966E-01  6.4936E-01
  1.4700E+02  3.7832E+00  4.0200E+01  1.4085E+00  5.9396E-01  1.7973E+00 -2.9115E-01  2.4169E-02  5.3498E-01 -3.7966E-01  6.4936E-01
  1.4700E+02  3.7832E+00  4.0200E+01  1.4085E+00  5.9396E-01  1.7973E+00 -2.9115E-01  2.4169E-02  5.3498E-01 -3.7966E-01  6.4936E-01
  1.4800E+02  4.9129E+00  3.9981E+01  1.1956E+00  1.1435E+00  8.6967E-01 -2.9850E-02  1.8688E-02  3.2201E-01  2.7543E-01 -7.6538E-02
  1.4800E+02  4.9129E+00  3.9981E+01  1.1956E+00  1.1435E+00  8.6967E-01 -2.9850E-02  1.8688E-02  3.2201E-01  2.7543E-01 -7.6538E-02
  1.4800E+02  4.9129E+00  3.9981E+01  1.1956E+00  1.1435E+00  8.6967E-01 -2.9850E-02  1.8688E-02  3.2201E-01  2.7543E-01 -7.6538E-02
  1.4800E+02  4.9129E+00  3.9981E+01  1.1956E+00  1.1435E+00  8.6967E-01 -2.9850E-02  1.8688E-02  3.2201E-01  2.7543E-01 -7.6538E-02
  1.4800E+02  4.9129E+00  3.9981E+01  1.1956E+00  1.1435E+00  8.6967E-01 -2.9850E-02  1.8688E-02  3.2201E-01  2.7543E-01 -7.6538E-02
  1.4800E+02  4.9129E+00  3.9981E+01  1.1956E+00  1.1435E+00  8.6967E-01 -2.9850E-02  1.8688E-02  3.2201E-01  2.7543E-01 -7.6538E-02
  1.4800E+02  4.9129E+00  3.9981E+01  1.1956E+00  1.1435E+00  8.6967E-01 -2.9850E-02  1.8688E-02  3.2201E-01  2.7543E-01 -7.6538E-02
  1.4800E+02  4.9129E+00  3.9981E+01  1.1956E+00  1.1435E+00  8.6967E-01 -2.9850E-02  1.8688E-02  3.2201E-01  2.7543E-01 -7.6538E-02
  1.4800E+02  4.9129E+00  3.9981E+01  1.1956E+00  1.1435E+00  8.6967E-01 -2.9850E-02  1.8688E-02  3.2201E-01  2.7543E-01 -7.6538E-02
  1.4800E+02  4.9129E+00  3.9981E+01  1.1956E+00  1.1435E+00  8.6967E-01 -2.9850E-02  1.8688E-02  3.2201E-01  2.7543E-01 -7.6538E-02
  1.4800E+02  4.9129E+00  3.9981E+01  1.1956E+00  1.1435E+00  8.6967E-01 -2.9850E-02  1.8688E-02  3.2201E-01  2.7543E-01 -7.6538E-02
  1.4800E+02  4.9129E+00  3.9981E+01  1.1956E+00  1.1435E+00  8.6967E-01 -2.9850E-02  1.8688E-02  3.2201E-01  2.7543E-01 -7.6538E-02
  1.4800E+02  4.9129E+00  3.9981E+01  1.1956E+00  1.1435E+00  8.6967E-01 -2.9850E-02  1.8688E-02  3.2201E-01  2.7543E-01 -7.6538E-02
  1.4900E+02  4.8942E+00  3.8389E+01  5.5455E-01  9.4531E-01  7.5060E-01 -3.3671E-02 -2.1926E-02 -3.1901E-01  8.5050E-02 -2.2378E-01
  1.4900E+02  4.8942E+00  3.8389E+01  5.5455E-01  9.4531E-01  7.5060E-01 -3.3671E-02 -2.1926E-02 -3.1901E-01  8.5050E-02 -2.2378E-01
  1.4900E+02  4.8942E+00  3.8389E+01  5.5455E-01  9.4531E-01  7.5060E-01 -3.3671E-02 -2.1926E-02 -3.1901E-01  8.5050E-02 -2.2378E-01
  1.4900E+02  4.8942E+00  3.8389E+01  5.5455E-01  9.4531E-01  7.5060E-01 -3.3671E-02 -2.1926E-02 -3.1901E-01  8.5050E-02 -2.2378E-01
  1.4900E+02  4.8942E+00  3.8389E+01  5.5455E-01  9.4531E-01  7.5060E-01 -3.3671E-02 -2.1926E-02 -3.1901E-01  8.5050E-02 -2.2378E-01
  1.4900E+02  4.8942E+00  3.8389E+01  5.5455E-01  9.4531E-01  7.5060E-01 -3.3671E-02 -2.1926E-02 -3.1901E-01  8.5050E-02 -2.2378E-01
  1.4900E+02  4.8942E+00  3.8389E+01  5.5455E-01  9.4531E-01  7.5060E-01 -3.3671E-02 -2.1926E-02 -3.1901E-01  8.5050E-02 -2.2378E-01
  1.4900E+02  4.8942E+00  3.8389E+01  5.5455E-01  9.4531E-01  7.5060E-01 -3.3671E-02 -2.1926E-02 -3.1901E-01  8.5050E-02 -2.2378E-01
  1.4900E+02  4.8942E+00  3.8389E+01  5.5455E-01  9.4531E-01  7.5060E-01 -3.3671E-02 -2.1926E-02 -3.1901E-01  8.5050E-02 -2.2378E-01
  1.4900E+02  4.8942E+00  3.8389E+01  5.5455E-01  9.4531E-01  7.5060E-01 -3.3671E-02 -2.1926E-02 -3.1901E-01  8.5050E-02 -2.2378E-01
  1.4900E+02  4.8942E+00  3.8389E+01  5.5455E-01  9.4531E-01  7.5060E-01 -3.3671E-02 -2.1926E-02 -3.1901E-01  8.5050E-02 -2.2378E-01
  1.4900E+02  4.8942E+00  3.8389E+01  5.5455E-01  9.4531E-01  7.5060E-01 -3.3671E-02 -2.1926E-02 -3.1901E-01  8.5050E-02 -2.2378E-01
  1.4900E+02  4.8942E+00  3.8389E+01  5.5455E-01  9.4531E-01  7.5060E-01 -3.3671E-02 -2.1926E-02 -3.1901E-01  8.5050E-02 -2.2378E-01
  1.5000E+02  7.0017E+00  3.1703E+01  9.6693E-01  7.0842E-01  1.1495E+00  3.2443E-01 -2.1329E-01  9.3369E-02 -2.0343E-01  2.0240E-01
  1.5000E+02  7.0017E+00  3.1703E+01  9.6693E-01  7.0842E-01  1.1495E+00  3.2443E-01 -2.1329E-01  9.3369E-02 -2.0343E-01  2.0240E-01
  1.5000E+02  7.0017E+00  3.1703E+01  9.6693E-01  7.0842E-01  1.1495E+00  3.2443E-01 -2.1329E-01  9.3369E-02 -2.0343E-01  2.0240E-01
  1.5000E+02  7.0017E+00  3.1703E+01  9.6693E-01  7.0842E-01  1.1495E+00  3.2443E-01 -2.1329E-01  9.3369E-02 -2.0343E-01  2.0240E-01
  1.5000E+02  7.0017E+00  3.1703E+01  9.6693E-01  7.0842E-01  1.1495E+00  3.2443E-01 -2.1329E-01  9.3369E-02 -2.0343E-01  2.0240E-01
  1.5000E+02  7.0017E+00  3.1703E+01  9.6693E-01  7.0842E-01  1.1495E+00  3.2443E-01 -2.1329E-01  9.3369E-02 -2.0343E-01  2.0240E-01
  1.5000E+02  7.0017E+00  3.1703E+01  9.6693E-01  7.0842E-01  1.1495E+00  3.2443E-01 -2.1329E-01  9.3369E-02 -2.0343E-01  2.0240E-01
  1.5000E+02  7.0017E+00  3.1703E+01  9.6693E-01  7.0842E-01  1.1495E+00  3.2443E-01 -2.1329E-01  9.3369E-02 -2.0343E-01  2.0240E-01
  1.5000E+02  7.0017E+00  3.1703E+01  9.6693E-01  7.0842E-01  1.1495E+00  3.2443E-01 -2.1329E-01  9.3369E-02 -2.0343E-01  2.0240E-01
  1.5000E+02  7.0017E+00  3.1703E+01  9.6693E-01  7.0842E-01  1.1495E+00  3.2443E-01 -2.1329E-01  9.3369E-02 -2.0343E-01  2.0240E-01
  1.5000E+02  7.0017E+00  3.1703E+01  9.6693E-01  7.0842E-01  1.1495E+00  3.2443E-01 -2.1329E-01  9.3369E-02 -2.0343E-01  2.0240E-01
  1.5000E+02  7.0017E+00  3.1703E+01  9.6693E-01  7.0842E-01  1.1495E+00  3.2443E-01 -2.1329E-01  9.3369E-02 -2.0343E-01  2.0240E-01
  1.5000E+02  7.0017E+00  3.1703E+01  9.6693E-01  7.0842E-01  1.1495E+00  3.2443E-01 -2.1329E-01  9.3369E-02 -2.0343E-01  2.0240E-01
  1.5100E+02  6.0674E+00  2.5361E+01  4.0911E-01  6.2313E-01  1.4655E+00  1.8121E-01 -4.3650E-01 -4.6445E-01 -3.3171E-01  4.4528E-01
  1.5100E+02  6.0674E+00  2.5361E+01  4.0911E-01  6.2313E-01  1.4655E+00  1.8121E-01 -4.3650E-01 -4.6445E-01 -3.3171E-01  4.4528E-01
  1.5100E+02  6.0674E+00  2.5361E+01  4.0911E-01  6.2313E-01  1.4655E+00  1.8121E-01 -4.3650E-01 -4.6445E-01 -3.3171E-01  4.4528E-01
  1.5100E+02  6.0674E+00  2.5361E+01  4.0911E-01  6.2313E-01  1.4655E+00  1.8121E-01 -4.3650E-01 -4.6445E-01 -3.3171E-01  4.4528E-01
  1.5100E+02  6.0674E+00  2.5361E+01  4.0911E-01  6.2313E-01  1.4655E+00  1.8121E-01 -4.3650E-01 -4.6445E-01 -3.3171E-01  4.4528E-01
  1.5100E+02  6.0674E+00  2.5361E+01  4.0911E-01  6.2313E-01  1.4655E+00  1.8121E-01 -4.3650E-01 -4.6445E-01 -3.3171E-01  4.4528E-01
  1.5100E+02  6.0674E+00  2.5361E+01  4.0911E-01  6.2313E-01  1.4655E+00  1.8121E-01 -4.3650E-01 -4.6445E-01 -3.3171E-01  4.4528E-01
  1.5100E+02  6.0674E+00  2.5361E+01  4.0911E-01  6.2313E-01  1.4655E+00  1.8121E-01 -4.3650E-01 -4.6445E-01 -3.3171E-01  4.4528E-01
  1.5100E+02  6.0674E+00  2.5361E+01  4.0911E-01  6.2313E-01  1.4655E+00  1.8121E-01 -4.3650E-01 -4.6445E-01 -3.3171E-01  4.4528E-01
  1.5100E+02  6.0674E+00  2.5361E+01  4.0911E-01  6.2313E-01  1.4655E+00  1.8121E-01 -4.3650E-01 -4.6445E-01 -3.3171E-01  4.4528E-01
  1.5100E+02  6.0674E+00  2.5361E+01  4.0911E-01  6.2313E-01  1.4655E+00  1.8121E-01 -4.3650E-01 -4.6445E-01 -3.3171E-01  4.4528E-01
  1.5100E+02  6.0674E+00  2.5361E+01  4.0911E-01  6.2313E-01  1.4655E+00  1.8121E-01 -4.3650E-01 -4.6445E-01 -3.3171E-01  4.4528E-01
  1.5100E+02  6.0674E+00  2.5361E+01  4.0911E-01  6.2313E-01  1.4655E+00  1.8121E-01 -4.3650E-01 -4.6445E-01 -3.3171E-01  4.4528E-01
  1.5200E+02  7.6299E+00  4.0159E+01  8.8218E-01  8.6333E-01  1.0164E+00  4.1035E-01  2.3139E-02  8.6176E-03 -5.6749E-03  7.9382E-02
  1.5200E+02  7.6299E+00  4.0159E+01  8.8218E-01  8.6333E-01  1.0164E+00  4.1035E-01  2.3139E-02  8.6176E-03 -5.6749E-03  7.9382E-02
  1.5200E+02  7.6299E+00  4.0159E+01  8.8218E-01  8.6333E-01  1.0164E+00  4.1035E-01  2.3139E-02  8.6176E-03 -5.6749E-03  7.9382E-02
  1.5200E+02  7.6299E+00  4.0159E+01  8.8218E-01  8.6333E-01  1.0164E+00  4.1035E-01  2.3139E-02  8.6176E-03 -5.6749E-03  7.9382E-02
  1.5200E+02  7.6299E+00  4.0159E+01  8.8218E-01  8.6333E-01  1.0164E+00  4.1035E-01  2.3139E-02  8.6176E-03 -5.6749E-03  7.9382E-02
  1.5200E+02  7.6299E+00  4.0159E+01  8.8218E-01  8.6333E-01  1.0164E+00  4.1035E-01  2.3139E-02  8.6176E-03 -5.6749E-03  7.9382E-02
  1.5200E+02  7.6299E+00  4.0159E+01  8.8218E-01  8.6333E-01  1.0164E+00  4.1035E-01  2.3139E-02  8.6176E-03 -5.6749E-03  7.9382E-02
  1.5200E+02  7.6299E+00  4.0159E+01  8.8218E-01  8.6333E-01  1.0164E+00  4.1035E-01  2.3139E-02  8.6176E-03 -5.6749E-03  7.9382E-02
  1.5200E+02  7.6299E+00  4.0159E+01  8.8218E-01  8.6333E-01  1.0164E+00  4.1035E-01  2.3139E-02  8.6176E-03 -5.6749E-03  7.9382E-02
  1.5200E+02  7.6299E+00  4.0159E+01  8.8218E-01  8.6333E-01  1.0164E+00  4.1035E-01  2.3139E-02  8.6176E-03 -5.6749E-03  7.9382E-02
  1.5200E+02  7.6299E+00  4.0159E+01  8.8218E-01  8.6333E-01  1.0164E+00  4.1035E-01  2.3139E-02  8.6176E-03 -5.6749E-03  7.9382E-02
  1.5200E+02  7.6299E+00  4.0159E+01  8.8218E-01  8.6333E-01  1.0164E+00  4.1035E-01  2.3139E-02  8.6176E-03 -5.6749E-03  7.9382E-02
  1.5200E+02  7.6299E+00  4.0159E+01  8.8218E-01  8.6333E-01  1.0164E+00  4.1035E-01  2.3139E-02  8.6176E-03 -5.6749E-03  7.9382E-02
  1.5300E+02  7.4553E+00  3.6671E+01  6.5059E-01  9.8870E-01  7.0557E-01  3.8720E-01 -6.7716E-02 -2.2298E-01  1.2992E-01 -2.8565E-01
  1.5300E+02  7.4553E+00  3.6671E+01  6.5059E-01  9.8870E-01  7.0557E-01  3.8720E-01 -6.7716E-02 -2.2298E-01  1.2992E-01 -2.8565E-01
  1.5300E+02  7.4553E+00  3.6671E+01  6.5059E-01  9.8870E-01  7.0557E-01  3.8720E-01 -6.7716E-02 -2.2298E-01  1.2992E-01 -2.8565E-01
  1.5300E+02  7.4553E+00  3.6671E+01  6.5059E-01  9.8870E-01  7.0557E-01  3.8720E-01 -6.7716E-02 -2.2298E-01  1.2992E-01 -2.8565E-01
  1.5300E+02  7.4553E+00  3.6671E+01  6.5059E-01  9.8870E-01  7.0557E-01  3.8720E-01 -6.7716E-02 -2.2298E-01  1.2992E-01 -2.8565E-01
  1.5300E+02  7.4553E+00  3.6671E+01  6.5059E-01  9.8870E-01  7.0557E-01  3.8720E-01 -6.7716E-02 -2.2298E-01  1.2992E-01 -2.8565E-01
  1.5300E+02  7.4553E+00  3.6671E+01  6.5059E-01  9.8870E-01  7.0557E-01  3.8720E-01 -6.7716E-02 -2.2298E-01  1.2992E-01 -2.8565E-01
  1.5300E+02  7.4553E+00  3.6671E+01  6.5059E-01  9.8870E-01  7.0557E-01  3.8720E-01 -6.7716E-02 -2.2298E-01  1.2992E-01 -2.8565E-01
  1.5300E+02  7.4553E+00  3.6671E+01  6.5059E-01  9.8870E-01  7.0557E-01  3.8720E-01 -6.7716E-02 -2.2298E-01  1.2992E-01 -2.8565E-01
  1.5300E+02  7.4553E+00  3.6671E+01  6.5059E-01  9.8870E-01  7.0557E-01  3.8720E-01 -6.7716E-02 -2.2298E-01  1.2992E-01 -2.8565E-01
  1.5300E+02  7.4553E+00  3.6671E+01  6.5059E-01  9.8870E-01  7.0557E-01  3.8720E-01 -6.7716E-02 -2.2298E-01  1.2992E-01 -2.8565E-01
  1.5300E+02  7.4553E+00  3.6671E+01  6.5059E-01  9.8870E-01  7.0557E-01  3.8720E-01 -6.7716E-02 -2.2298E-01  1.2992E-01 -2.8565E-01
  1.5300E+02  7.4553E+00  3.6671E+01  6.5059E-01  9.8870E-01  7.0557E-01  3.8720E-01 -6.7716E-02 -2.2298E-01  1.2992E-01 -2.8565E-01
  1.5400E+02  4.4281E+00  3.6853E+01  4.2907E-01  8.2009E-01  8.4309E-01 -1.3375E-01 -6.2758E-02 -4.4449E-01 -5.7052E-02 -1.0758E-01
  1.5400E+02  4.4281E+00  3.6853E+01  4.2907E-01  8.2009E-01  8.4309E-01 -1.3375E-01 -6.2758E-02 -4.4449E-01 -5.7052E-02 -1.0758E-01
  1.5400E+02  4.4281E+00  3.6853E+01  4.2907E-01  8.2009E-01  8.4309E-01 -1.3375E-01 -6.2758E-02 -4.4449E-01 -5.7052E-02 -1.0758E-01
  1.5400E+02  4.4281E+00  3.6853E+01  4.2907E-01  8.2009E-01  8.4309E-01 -1.3375E-01 -6.2758E-02 -4.4449E-01 -5.7052E-02 -1.0758E-01
  1.5400E+02  4.4281E+00  3.6853E+01  4.2907E-01  8.2009E-01  8.4309E-01 -1.3375E-01 -6.2758E-02 -4.4449E-01 -5.7052E-02 -1.0758E-01
  1.5400E+02  4.4281E+00  3.6853E+01  4.2907E-01  8.2009E-01  8.4309E-01 -1.3375E-01 -6.2758E-02 -4.4449E-01 -5.7052E-02 -1.0758E-01
  1.5400E+02  4.4281E+00  3.6853E+01  4.2907E-01  8.2009E-01  8.4309E-01 -1.3375E-01 -6.2758E-02 -4.4449E-01 -5.7052E-02 -1.0758E-01
  1.5400E+02  4.4281E+00  3.6853E+01  4.2907E-01  8.2009E-01  8.4309E-01 -1.3375E-01 -6.2758E-02 -4.4449E-01 -5.7052E-02 -1.0758E-01
  1.5400E+02  4.4281E+00  3.6853E+01  4.2907E-01  8.2009E-01  8.4309E-01 -1.3375E-01 -6.2758E-02 -4.4449E-01 -5.7052E-02 -1.0758E-01
  1.5400E+02  4.4281E+00  3.6853E+01  4.2907E-01  8.2009E-01  8.4309E-01 -1.3375E-01 -6.2758E-02 -4.4449E-01 -5.7052E-02 -1.0758E-01
  1.5400E+02  4.4281E+00  3.6853E+01  4.2907E-01  8.2009E-01  8.4309E-01 -1.3375E-01 -6.2758E-02 -4.4449E-01 -5.7052E-02 -1.0758E-01
  1.5400E+02  4.4281E+00  3.6853E+01  4.2907E-01  8.2009E-01  8.4309E-01 -1.3375E-01 -6.2758E-02 -4.4449E-01 -5.7052E-02 -1.0758E-01
  1.5400E+02  4.4281E+00  3.6853E+01  4.2907E-01  8.2009E-01  8.4309E-01 -1.3375E-01 -6.2758E-02 -4.4449E-01 -5.7052E-02 -1.0758E-01
  1.5500E+02  3.4911E+00  5.4256E+01  1.3349E+00  7.7542E-01  1.3593E+00 -3.7150E-01  3.2401E-01  4.6138E-01 -1.1306E-01  3.7004E-01
  1.5500E+02  3.4911E+00  5.4256E+01  1.3349E+00  7.7542E-01  1.3593E+00 -3.7150E-01  3.2401E-01  4.6138E-01 -1.1306E-01  3.7004E-01
  1.5500E+02  3.4911E+00  5.4256E+01  1.3349E+00  7.7542E-01  1.3593E+00 -3.7150E-01  3.2401E-01  4.6138E-01 -1.1306E-01  3.7004E-01
  1.5500E+02  3.4911E+00  5.4256E+01  1.3349E+00  7.7542E-01  1.3593E+00 -3.7150E-01  3.2401E-01  4.6138E-01 -1.1306E-01  3.7004E-01
  1.5500E+02  3.4911E+00  5.4256E+01  1.3349E+00  7.7542E-01  1.3593E+00 -3.7150E-01  3.2401E-01  4.6138E-01 -1.1306E-01  3.7004E-01
  1.5500E+02  3.4911E+00  5.4256E+01  1.3349E+00  7.7542E-01  1.3593E+00 -3.7150E-01  3.2401E-01  4.6138E-01 -1.1306E-01  3.7004E-01
  1.5500E+02  3.4911E+00  5.4256E+01  1.3349E+00  7.7542E-01  1.3593E+00 -3.7150E-01  3.2401E-01  4.6138E-01 -1.1306E-01  3.7004E-01
  1.5500E+02  3.4911E+00  5.4256E+01  1.3349E+00  7.7542E-01  1.3593E+00 -3.7150E-01  3.2401E-01  4.6138E-01 -1.1306E-01  3.7004E-01
  1.5500E+02  3.4911E+00  5.4256E+01  1.3349E+00  7.7542E-01  1.3593E+00 -3.7150E-01  3.2401E-01  4.6138E-01 -1.1306E-01  3.7004E-01
  1.5500E+02  3.4911E+00  5.4256E+01  1.3349E+00  7.7542E-01  1.3593E+00 -3.7150E-01  3.2401E-01  4.6138E-01 -1.1306E-01  3.7004E-01
  1.5500E+02  3.4911E+00  5.4256E+01  1.3349E+00  7.7542E-01  1.3593E+00 -3.7150E-01  3.2401E-01  4.6138E-01 -1.1306E-01  3.7004E-01
  1.5500E+02  3.4911E+00  5.4256E+01  1.3349E+00  7.7542E-01  1.3593E+00 -3.7150E-01  3.2401E-01  4.6138E-01 -1.1306E-01  3.7004E-01
  1.5500E+02  3.4911E+00  5.4256E+01  1.3349E+00  7.7542E-01  1.3593E+00 -3.7150E-01  3.2401E-01  4.6138E-01 -1.1306E-01  3.7004E-01
  1.5600E+02  4.0989E+00  3.5367E+01  9.4056E-01  7.1580E-01  8.8763E-01 -2.1100E-01 -1.0391E-01  6.6998E-02 -1.9306E-01 -5.6104E-02
  1.5600E+02  4.0989E+00  3.5367E+01  9.4056E-01  7.1580E-01  8.8763E-01 -2.1100E-01 -1.0391E-01  6.6998E-02 -1.9306E-01 -5.6104E-02
  1.5600E+02  4.0989E+00  3.5367E+01  9.4056E-01  7.1580E-01  8.8763E-01 -2.1100E-01 -1.0391E-01  6.6998E-02 -1.9306E-01 -5.6104E-02
  1.5600E+02  4.0989E+00  3.5367E+01  9.4056E-01  7.1580E-01  8.8763E-01 -2.1100E-01 -1.0391E-01  6.6998E-02 -1.9306E-01 -5.6104E-02
  1.5600E+02  4.0989E+00  3.5367E+01  9.4056E-01  7.1580E-01  8.8763E-01 -2.1100E-01 -1.0391E-01  6.6998E-02 -1.9306E-01 -5.6104E-02
  1.5600E+02  4.0989E+00  3.5367E+01  9.4056E-01  7.1580E-01  8.8763E-01 -2.1100E-01 -1.0391E-01  6.6998E-02 -1.9306E-01 -5.6104E-02
  1.5600E+02  4.0989E+00  3.5367E+01  9.4056E-01  7.1580E-01  8.8763E-01 -2.1100E-01 -1.0391E-01  6.6998E-02 -1.9306E-01 -5.6104E-02
  1.5600E+02  4.0989E+00  3.5367E+01  9.4056E-01  7.1580E-01  8.8763E-01 -2.1100E-01 -1.0391E-01  6.6998E-02 -1.9306E-01 -5.6104E-02
  1.5600E+02  4.0989E+00  3.5367E+01  9.4056E-01  7.1580E-01  8.8763E-01 -2.1100E-01 -1.0391E-01  6.6998E-02 -1.9306E-01 -5.6104E-02
  1.5600E+02  4.0989E+00  3.5367E+01  9.4056E-01  7.1580E-01  8.8763E-01 -2.1100E-01 -1.0391E-01  6.6998E-02 -1.9306E-01 -5.6104E-02
  1.5600E+02  4.0989E+00  3.5367E+01  9.4056E-01  7.1580E-01  8.8763E-01 -2.1100E-01 -1.0391E-01  6.6998E-02 -1.9306E-01 -5.6104E-02
  1.5600E+02  4.0989E+00  3.5367E+01  9.4056E-01  7.1580E-01  8.8763E-01 -2.1100E-01 -1.0391E-01  6.6998E-02 -1.9306E-01 -5.6104E-02
  1.5600E+02  4.0989E+00  3.5367E+01  9.4056E-01  7.1580E-01  8.8763E-01 -2.1100E-01 -1.0391E-01  6.6998E-02 -1.9306E-01 -5.6104E-02
  1.5700E+02  1.1441E+01  4.0921E+01  4.7369E-01  7.1920E-01  4.1175E-01  8.1549E-01  4.1943E-02 -3.9987E-01 -1.8833E-01 -8.2425E-01
  1.5700E+02  1.1441E+01  4.0921E+01  4.7369E-01  7.1920E-01  4.1175E-01  8.1549E-01  4.1943E-02 -3.9987E-01 -1.8833E-01 -8.2425E-01
  1.5700E+02  1.1441E+01  4.0921E+01  4.7369E-01  7.1920E-01  4.1175E-01  8.1549E-01  4.1943E-02 -3.9987E-01 -1.8833E-01 -8.2425E-01
  1.5700E+02  1.1441E+01  4.0921E+01  4.7369E-01  7.1920E-01  4.1175E-01  8.1549E-01  4.1943E-02 -3.9987E-01 -1.8833E-01 -8.2425E-01
  1.5700E+02  1.1441E+01  4.0921E+01  4.7369E-01  7.1920E-01  4.1175E-01  8.1549E-01  4.1943E-02 -3.9987E-01 -1.8833E-01 -8.2425E-01
  1.5700E+02  1.1441E+01  4.0921E+01  4.7369E-01  7.1920E-01  4.1175E-01  8.1549E-01  4.1943E-02 -3.9987E-01 -1.8833E-01 -8.2425E-01
  1.5700E+02  1.1441E+01  4.0921E+01  4.7369E-01  7.1920E-01  4.1175E-01  8.1549E-01  4.1943E-02 -3.9987E-01 -1.8833E-01 -8.2425E-01
  1.5700E+02  1.1441E+01  4.0921E+01  4.7369E-01  7.1920E-01  4.1175E-01  8.1549E-01  4.1943E-02 -3.9987E-01 -1.8833E-01 -8.2425E-01
  1.5700E+02  1.1441E+01  4.0921E+01  4.7369E-01  7.1920E-01  4.1175E-01  8.1549E-01  4.1943E-02 -3.9987E-01 -1.8833E-01 -8.2425E-01
  1.5700E+02  1.1441E+01  4.0921E+01  4.7369E-01  7.1920E-01  4.1175E-01  8.1549E-01  4.1943E-02 -3.9987E-01 -1.8833E-01 -8.2425E-01
  1.5700E+02  1.1441E+01  4.0921E+01  4.7369E-01  7.1920E-01  4.1175E-01  8.1549E-01  4.1943E-02 -3.9987E-01 -1.8833E-01 -8.2425E-01
  1.5700E+02  1.1441E+01  4.0921E+01  4.7369E-01  7.1920E-01  4.1175E-01  8.1549E-01  4.1943E-02 -3.9987E-01 -1.8833E-01 -8.2425E-01
  1.5700E+02  1.1441E+01  4.0921E+01  4.7369E-01  7.1920E-01  4.1175E-01  8.1549E-01  4.1943E-02 -3.9987E-01 -1.8833E-01 -8.2425E-01
  1.5800E+02  8.0204E+00  5.0013E+01  8.8571E-01  2.7752E+00  6.8546E-01  4.6027E-01  2.4258E-01  1.2144E-02  1.1620E+00 -3.1457E-01
  1.5800E+02  8.0204E+00  5.0013E+01  8.8571E-01  2.7752E+00  6.8546E-01  4.6027E-01  2.4258E-01  1.2144E-02  1.1620E+00 -3.1457E-01
  1.5800E+02  8.0204E+00  5.0013E+01  8.8571E-01  2.7752E+00  6.8546E-01  4.6027E-01  2.4258E-01  1.2144E-02  1.1620E+00 -3.1457E-01
  1.5800E+02  8.0204E+00  5.0013E+01  8.8571E-01  2.7752E+00  6.8546E-01  4.6027E-01  2.4258E-01  1.2144E-02  1.1620E+00 -3.1457E-01
  1.5800E+02  8.0204E+00  5.0013E+01  8.8571E-01  2.7752E+00  6.8546E-01  4.6027E-01  2.4258E-01  1.2144E-02  1.1620E+00 -3.1457E-01
  1.5800E+02  8.0204E+00  5.0013E+01  8.8571E-01  2.7752E+00  6.8546E-01  4.6027E-01  2.4258E-01  1.2144E-02  1.1620E+00 -3.1457E-01
  1.5800E+02  8.0204E+00  5.0013E+01  8.8571E-01  2.7752E+00  6.8546E-01  4.6027E-01  2.4258E-01  1.2144E-02  1.1620E+00 -3.1457E-01
  1.5800E+02  8.0204E+00  5.0013E+01  8.8571E-01  2.7752E+00  6.8546E-01  4.6027E-01  2.4258E-01  1.2144E-02  1.1620E+00 -3.1457E-01
  1.5800E+02  8.0204E+00  5.0013E+01  8.8571E-01  2.7752E+00  6.8546E-01  4.6027E-01  2.4258E-01  1.2144E-02  1.1620E+00 -3.1457E-01
  1.5800E+02  8.0204E+00  5.0013E+01  8.8571E-01  2.7752E+00  6.8546E-01  4.6027E-01  2.4258E-01  1.2144E-02  1.1620E+00 -3.1457E-01
  1.5800E+02  8.0204E+00  5.0013E+01  8.8571E-01  2.7752E+00  6.8546E-01  4.6027E-01  2.4258E-01  1.2144E-02  1.1620E+00 -3.1457E-01
  1.5800E+02  8.0204E+00  5.0013E+01  8.8571E-01  2.7752E+00  6.8546E-01  4.6027E-01  2.4258E-01  1.2144E-02  1.1620E+00 -3.1457E-01
  1.5800E+02  8.0204E+00  5.0013E+01  8.8571E-01  2.7752E+00  6.8546E-01  4.6027E-01  2.4258E-01  1.2144E-02  1.1620E+00 -3.1457E-01
  1.5900E+02  6.1292E+00  3.6894E+01  8.0869E-01  1.3072E+00  6.5503E-01  1.9135E-01 -6.1670E-02 -6.4871E-02  4.0915E-01 -3.5997E-01
  1.5900E+02  6.1292E+00  3.6894E+01  8.0869E-01  1.3072E+00  6.5503E-01  1.9135E-01 -6.1670E-02 -6.4871E-02  4.0915E-01 -3.5997E-01
  1.5900E+02  6.1292E+00  3.6894E+01  8.0869E-01  1.3072E+00  6.5503E-01  1.9135E-01 -6.1670E-02 -6.4871E-02  4.0915E-01 -3.5997E-01
  1.5900E+02  6.1292E+00  3.6894E+01  8.0869E-01  1.3072E+00  6.5503E-01  1.9135E-01 -6.1670E-02 -6.4871E-02  4.0915E-01 -3.5997E-01
  1.5900E+02  6.1292E+00  3.6894E+01  8.0869E-01  1.3072E+00  6.5503E-01  1.9135E-01 -6.1670E-02 -6.4871E-02  4.0915E-01 -3.5997E-01
  1.5900E+02  6.1292E+00  3.6894E+01  8.0869E-01  1.3072E+00  6.5503E-01  1.9135E-01 -6.1670E-02 -6.4871E-02  4.0915E-01 -3.5997E-01
  1.5900E+02  6.1292E+00  3.6894E+01  8.0869E-01  1.3072E+00  6.5503E-01  1.9135E-01 -6.1670E-02 -6.4871E-02  4.0915E-01 -3.5997E-01
  1.5900E+02  6.1292E+00  3.6894E+01  8.0869E-01  1.3072E+00  6.5503E-01  1.9135E-01 -6.1670E-02 -6.4871E-02  4.0915E-01 -3.5997E-01
  1.5900E+02  6.1292E+00  3.6894E+01  8.0869E-01  1.3072E+00  6.5503E-01  1.9135E-01 -6.1670E-02 -6.4871E-02  4.0915E-01 -3.5997E-01
  1.5900E+02  6.1292E+00  3.6894E+01  8.0869E-01  1.3072E+00  6.5503E-01  1.9135E-01 -6.1670E-02 -6.4871E-02  4.0915E-01 -3.5997E-01
  1.5900E+02  6.1292E+00  3.6894E+01  8.0869E-01  1.3072E+00  6.5503E-01  1.9135E-01 -6.1670E-02 -6.4871E-02  4.0915E-01 -3.5997E-01
  1.5900E+02  6.1292E+00  3.6894E+01  8.0869E-01  1.3072E+00  6.5503E-01  1.9135E-01 -6.1670E-02 -6.4871E-02  4.0915E-01 -3.5997E-01
  1.5900E+02  6.1292E+00  3.6894E+01  8.0869E-01  1.3072E+00  6.5503E-01  1.9135E-01 -6.1670E-02 -6.4871E-02  4.0915E-01 -3.5997E-01
  1.6000E+02  3.4832E+00  3.5218E+01  1.3954E+00  8.8771E-01  9.4088E-01 -3.7377E-01 -1.0814E-01  5.2186E-01  2.2183E-02  2.1606E-03
  1.6000E+02  3.4832E+00  3.5218E+01  1.3954E+00  8.8771E-01  9.4088E-01 -3.7377E-01 -1.0814E-01  5.2186E-01  2.2183E-02  2.1606E-03
  1.6000E+02  3.4832E+00  3.5218E+01  1.3954E+00  8.8771E-01  9.4088E-01 -3.7377E-01 -1.0814E-01  5.2186E-01  2.2183E-02  2.1606E-03
  1.6000E+02  3.4832E+00  3.5218E+01  1.3954E+00  8.8771E-01  9.4088E-01 -3.7377E-01 -1.0814E-01  5.2186E-01  2.2183E-02  2.1606E-03
  1.6000E+02  3.4832E+00  3.5218E+01  1.3954E+00  8.8771E-01  9.4088E-01 -3.7377E-01 -1.0814E-01  5.2186E-01  2.2183E-02  2.1606E-03
  1.6000E+02  3.4832E+00  3.5218E+01  1.3954E+00  8.8771E-01  9.4088E-01 -3.7377E-01 -1.0814E-01  5.2186E-01  2.2183E-02  2.1606E-03
  1.6000E+02  3.4832E+00  3.5218E+01  1.3954E+00  8.8771E-01  9.4088E-01 -3.7377E-01 -1.0814E-01  5.2186E-01  2.2183E-02  2.1606E-03
  1.6000E+02  3.4832E+00  3.5218E+01  1.3954E+00  8.8771E-01  9.4088E-01 -3.7377E-01 -1.0814E-01  5.2186E-01  2.2183E-02  2.1606E-03
  1.6000E+02  3.4832E+00  3.5218E+01  1.3954E+00  8.8771E-01  9.4088E-01 -3.7377E-01 -1.0814E-01  5.2186E-01  2.2183E-02  2.1606E-03
  1.6000E+02  3.4832E+00  3.5218E+01  1.3954E+00  8.8771E-01  9.4088E-01 -3.7377E-01 -1.0814E-01  5.2186E-01  2.2183E-02  2.1606E-03
  1.6000E+02  3.4832E+00  3.5218E+01  1.3954E+00  8.8771E-01  9.4088E-01 -3.7377E-01 -1.0814E-01  5.2186E-01  2.2183E-02  2.1606E-03
  1.6000E+02  3.4832E+00  3.5218E+01  1.3954E+00  8.8771E-01  9.4088E-01 -3.7377E-01 -1.0814E-01  5.2186E-01  2.2183E-02  2.1606E-03
  1.6000E+02  3.4832E+00  3.5218E+01  1.3954E+00  8.8771E-01  9.4088E-01 -3.7377E-01 -1.0814E-01  5.2186E-01  2.2183E-02  2.1606E-03
