TABLE NO.  2
 ID          KA          CL          V           ETA1        ETA2        ETA3
  1.0000E+00  1.3174E+00  3.8314E+00  5.6382E+01 -1.2026E-01 -1.7961E-01  1.4690E-01
  1.0000E+00  1.3174E+00  3.8314E+00  5.6382E+01 -1.2026E-01 -1.7961E-01  1.4690E-01
  1.0000E+00  1.3174E+00  3.8314E+00  5.6382E+01 -1.2026E-01 -1.7961E-01  1.4690E-01
  1.0000E+00  1.3174E+00  3.8314E+00  5.6382E+01 -1.2026E-01 -1.7961E-01  1.4690E-01
  1.0000E+00  1.3174E+00  3.8314E+00  5.6382E+01 -1.2026E-01 -1.7961E-01  1.4690E-01
  1.0000E+00  1.3174E+00  3.8314E+00  5.6382E+01 -1.2026E-01 -1.7961E-01  1.4690E-01
  1.0000E+00  1.3174E+00  3.8314E+00  5.6382E+01 -1.2026E-01 -1.7961E-01  1.4690E-01
  1.0000E+00  1.3174E+00  3.8314E+00  5.6382E+01 -1.2026E-01 -1.7961E-01  1.4690E-01
  1.0000E+00  9.3191E-01  3.1587E+00  5.6382E+01 -1.2026E-01 -1.7961E-01  1.4690E-01
  1.0000E+00  9.3191E-01  3.1587E+00  5.6382E+01 -1.2026E-01 -1.7961E-01  1.4690E-01
  1.0000E+00  9.3191E-01  3.1587E+00  5.6382E+01 -1.2026E-01 -1.7961E-01  1.4690E-01
  1.0000E+00  9.3191E-01  3.1587E+00  5.6382E+01 -1.2026E-01 -1.7961E-01  1.4690E-01
  1.0000E+00  9.3191E-01  3.1587E+00  5.6382E+01 -1.2026E-01 -1.7961E-01  1.4690E-01
  1.0000E+00  9.3191E-01  3.1587E+00  5.6382E+01 -1.2026E-01 -1.7961E-01  1.4690E-01
  1.0000E+00  9.3191E-01  3.1587E+00  5.6382E+01 -1.2026E-01 -1.7961E-01  1.4690E-01
  1.0000E+00  9.3191E-01  3.1587E+00  5.6382E+01 -1.2026E-01 -1.7961E-01  1.4690E-01
  1.0000E+00  6.1277E-01  3.0826E+00  5.6382E+01 -1.2026E-01 -1.7961E-01  1.4690E-01
  1.0000E+00  6.1277E-01  3.0826E+00  5.6382E+01 -1.2026E-01 -1.7961E-01  1.4690E-01
  1.0000E+00  6.1277E-01  3.0826E+00  5.6382E+01 -1.2026E-01 -1.7961E-01  1.4690E-01
  1.0000E+00  6.1277E-01  3.0826E+00  5.6382E+01 -1.2026E-01 -1.7961E-01  1.4690E-01
  1.0000E+00  6.1277E-01  3.0826E+00  5.6382E+01 -1.2026E-01 -1.7961E-01  1.4690E-01
  1.0000E+00  6.1277E-01  3.0826E+00  5.6382E+01 -1.2026E-01 -1.7961E-01  1.4690E-01
  1.0000E+00  6.1277E-01  3.0826E+00  5.6382E+01 -1.2026E-01 -1.7961E-01  1.4690E-01
  1.0000E+00  6.1277E-01  3.0826E+00  5.6382E+01 -1.2026E-01 -1.7961E-01  1.4690E-01
  2.0000E+00  7.3358E-01  5.5717E+00  4.5307E+01 -3.6724E-01  2.9301E-01 -7.1797E-02
  2.0000E+00  7.3358E-01  5.5717E+00  4.5307E+01 -3.6724E-01  2.9301E-01 -7.1797E-02
  2.0000E+00  7.3358E-01  5.5717E+00  4.5307E+01 -3.6724E-01  2.9301E-01 -7.1797E-02
  2.0000E+00  7.3358E-01  5.5717E+00  4.5307E+01 -3.6724E-01  2.9301E-01 -7.1797E-02
  2.0000E+00  7.3358E-01  5.5717E+00  4.5307E+01 -3.6724E-01  2.9301E-01 -7.1797E-02
  2.0000E+00  7.3358E-01  5.5717E+00  4.5307E+01 -3.6724E-01  2.9301E-01 -7.1797E-02
  2.0000E+00  7.3358E-01  5.5717E+00  4.5307E+01 -3.6724E-01  2.9301E-01 -7.1797E-02
  2.0000E+00  7.3358E-01  5.5717E+00  4.5307E+01 -3.6724E-01  2.9301E-01 -7.1797E-02
  2.0000E+00  8.0512E-01  5.6315E+00  4.5307E+01 -3.6724E-01  2.9301E-01 -7.1797E-02
  2.0000E+00  8.0512E-01  5.6315E+00  4.5307E+01 -3.6724E-01  2.9301E-01 -7.1797E-02
  2.0000E+00  8.0512E-01  5.6315E+00  4.5307E+01 -3.6724E-01  2.9301E-01 -7.1797E-02
  2.0000E+00  8.0512E-01  5.6315E+00  4.5307E+01 -3.6724E-01  2.9301E-01 -7.1797E-02
  2.0000E+00  8.0512E-01  5.6315E+00  4.5307E+01 -3.6724E-01  2.9301E-01 -7.1797E-02
  2.0000E+00  8.0512E-01  5.6315E+00  4.5307E+01 -3.6724E-01  2.9301E-01 -7.1797E-02
  2.0000E+00  8.0512E-01  5.6315E+00  4.5307E+01 -3.6724E-01  2.9301E-01 -7.1797E-02
  2.0000E+00  8.0512E-01  5.6315E+00  4.5307E+01 -3.6724E-01  2.9301E-01 -7.1797E-02
  2.0000E+00  5.2925E-01  5.8777E+00  4.5307E+01 -3.6724E-01  2.9301E-01 -7.1797E-02
  2.0000E+00  5.2925E-01  5.8777E+00  4.5307E+01 -3.6724E-01  2.9301E-01 -7.1797E-02
  2.0000E+00  5.2925E-01  5.8777E+00  4.5307E+01 -3.6724E-01  2.9301E-01 -7.1797E-02
  2.0000E+00  5.2925E-01  5.8777E+00  4.5307E+01 -3.6724E-01  2.9301E-01 -7.1797E-02
  2.0000E+00  5.2925E-01  5.8777E+00  4.5307E+01 -3.6724E-01  2.9301E-01 -7.1797E-02
  2.0000E+00  5.2925E-01  5.8777E+00  4.5307E+01 -3.6724E-01  2.9301E-01 -7.1797E-02
  2.0000E+00  5.2925E-01  5.8777E+00  4.5307E+01 -3.6724E-01  2.9301E-01 -7.1797E-02
  2.0000E+00  5.2925E-01  5.8777E+00  4.5307E+01 -3.6724E-01  2.9301E-01 -7.1797E-02
  3.0000E+00  1.5472E+00  2.9906E+00  5.4365E+01  2.2672E-01 -2.7491E-01  1.1047E-01
  3.0000E+00  1.5472E+00  2.9906E+00  5.4365E+01  2.2672E-01 -2.7491E-01  1.1047E-01
  3.0000E+00  1.5472E+00  2.9906E+00  5.4365E+01  2.2672E-01 -2.7491E-01  1.1047E-01
  3.0000E+00  1.5472E+00  2.9906E+00  5.4365E+01  2.2672E-01 -2.7491E-01  1.1047E-01
  3.0000E+00  1.5472E+00  2.9906E+00  5.4365E+01  2.2672E-01 -2.7491E-01  1.1047E-01
  3.0000E+00  1.5472E+00  2.9906E+00  5.4365E+01  2.2672E-01 -2.7491E-01  1.1047E-01
  3.0000E+00  1.5472E+00  2.9906E+00  5.4365E+01  2.2672E-01 -2.7491E-01  1.1047E-01
  3.0000E+00  1.5472E+00  2.9906E+00  5.4365E+01  2.2672E-01 -2.7491E-01  1.1047E-01
  3.0000E+00  1.0474E+00  3.1205E+00  5.4365E+01  2.2672E-01 -2.7491E-01  1.1047E-01
  3.0000E+00  1.0474E+00  3.1205E+00  5.4365E+01  2.2672E-01 -2.7491E-01  1.1047E-01
  3.0000E+00  1.0474E+00  3.1205E+00  5.4365E+01  2.2672E-01 -2.7491E-01  1.1047E-01
  3.0000E+00  1.0474E+00  3.1205E+00  5.4365E+01  2.2672E-01 -2.7491E-01  1.1047E-01
  3.0000E+00  1.0474E+00  3.1205E+00  5.4365E+01  2.2672E-01 -2.7491E-01  1.1047E-01
  3.0000E+00  1.0474E+00  3.1205E+00  5.4365E+01  2.2672E-01 -2.7491E-01  1.1047E-01
  3.0000E+00  1.0474E+00  3.1205E+00  5.4365E+01  2.2672E-01 -2.7491E-01  1.1047E-01
  3.0000E+00  1.0474E+00  3.1205E+00  5.4365E+01  2.2672E-01 -2.7491E-01  1.1047E-01
  3.0000E+00  1.5942E+00  2.8963E+00  5.4365E+01  2.2672E-01 -2.7491E-01  1.1047E-01
  3.0000E+00  1.5942E+00  2.8963E+00  5.4365E+01  2.2672E-01 -2.7491E-01  1.1047E-01
  3.0000E+00  1.5942E+00  2.8963E+00  5.4365E+01  2.2672E-01 -2.7491E-01  1.1047E-01
  3.0000E+00  1.5942E+00  2.8963E+00  5.4365E+01  2.2672E-01 -2.7491E-01  1.1047E-01
  3.0000E+00  1.5942E+00  2.8963E+00  5.4365E+01  2.2672E-01 -2.7491E-01  1.1047E-01
  3.0000E+00  1.5942E+00  2.8963E+00  5.4365E+01  2.2672E-01 -2.7491E-01  1.1047E-01
  3.0000E+00  1.5942E+00  2.8963E+00  5.4365E+01  2.2672E-01 -2.7491E-01  1.1047E-01
  3.0000E+00  1.5942E+00  2.8963E+00  5.4365E+01  2.2672E-01 -2.7491E-01  1.1047E-01
  4.0000E+00  1.2491E+00  4.9216E+00  5.0854E+01  3.1216E-01  1.8666E-01  4.3701E-02
  4.0000E+00  1.2491E+00  4.9216E+00  5.0854E+01  3.1216E-01  1.8666E-01  4.3701E-02
  4.0000E+00  1.2491E+00  4.9216E+00  5.0854E+01  3.1216E-01  1.8666E-01  4.3701E-02
  4.0000E+00  1.2491E+00  4.9216E+00  5.0854E+01  3.1216E-01  1.8666E-01  4.3701E-02
  4.0000E+00  1.2491E+00  4.9216E+00  5.0854E+01  3.1216E-01  1.8666E-01  4.3701E-02
  4.0000E+00  1.2491E+00  4.9216E+00  5.0854E+01  3.1216E-01  1.8666E-01  4.3701E-02
  4.0000E+00  1.2491E+00  4.9216E+00  5.0854E+01  3.1216E-01  1.8666E-01  4.3701E-02
  4.0000E+00  1.2491E+00  4.9216E+00  5.0854E+01  3.1216E-01  1.8666E-01  4.3701E-02
  4.0000E+00  1.9632E+00  4.3348E+00  5.0854E+01  3.1216E-01  1.8666E-01  4.3701E-02
  4.0000E+00  1.9632E+00  4.3348E+00  5.0854E+01  3.1216E-01  1.8666E-01  4.3701E-02
  4.0000E+00  1.9632E+00  4.3348E+00  5.0854E+01  3.1216E-01  1.8666E-01  4.3701E-02
  4.0000E+00  1.9632E+00  4.3348E+00  5.0854E+01  3.1216E-01  1.8666E-01  4.3701E-02
  4.0000E+00  1.9632E+00  4.3348E+00  5.0854E+01  3.1216E-01  1.8666E-01  4.3701E-02
  4.0000E+00  1.9632E+00  4.3348E+00  5.0854E+01  3.1216E-01  1.8666E-01  4.3701E-02
  4.0000E+00  1.9632E+00  4.3348E+00  5.0854E+01  3.1216E-01  1.8666E-01  4.3701E-02
  4.0000E+00  1.9632E+00  4.3348E+00  5.0854E+01  3.1216E-01  1.8666E-01  4.3701E-02
  4.0000E+00  1.4277E+00  6.0336E+00  5.0854E+01  3.1216E-01  1.8666E-01  4.3701E-02
  4.0000E+00  1.4277E+00  6.0336E+00  5.0854E+01  3.1216E-01  1.8666E-01  4.3701E-02
  4.0000E+00  1.4277E+00  6.0336E+00  5.0854E+01  3.1216E-01  1.8666E-01  4.3701E-02
  4.0000E+00  1.4277E+00  6.0336E+00  5.0854E+01  3.1216E-01  1.8666E-01  4.3701E-02
  4.0000E+00  1.4277E+00  6.0336E+00  5.0854E+01  3.1216E-01  1.8666E-01  4.3701E-02
  4.0000E+00  1.4277E+00  6.0336E+00  5.0854E+01  3.1216E-01  1.8666E-01  4.3701E-02
  4.0000E+00  1.4277E+00  6.0336E+00  5.0854E+01  3.1216E-01  1.8666E-01  4.3701E-02
  4.0000E+00  1.4277E+00  6.0336E+00  5.0854E+01  3.1216E-01  1.8666E-01  4.3701E-02
  5.0000E+00  1.1174E+00  2.3426E+00  4.3271E+01  6.6307E-02 -5.5739E-01 -1.1777E-01
  5.0000E+00  1.1174E+00  2.3426E+00  4.3271E+01  6.6307E-02 -5.5739E-01 -1.1777E-01
  5.0000E+00  1.1174E+00  2.3426E+00  4.3271E+01  6.6307E-02 -5.5739E-01 -1.1777E-01
  5.0000E+00  1.1174E+00  2.3426E+00  4.3271E+01  6.6307E-02 -5.5739E-01 -1.1777E-01
  5.0000E+00  1.1174E+00  2.3426E+00  4.3271E+01  6.6307E-02 -5.5739E-01 -1.1777E-01
  5.0000E+00  1.1174E+00  2.3426E+00  4.3271E+01  6.6307E-02 -5.5739E-01 -1.1777E-01
  5.0000E+00  1.1174E+00  2.3426E+00  4.3271E+01  6.6307E-02 -5.5739E-01 -1.1777E-01
  5.0000E+00  1.1174E+00  2.3426E+00  4.3271E+01  6.6307E-02 -5.5739E-01 -1.1777E-01
  5.0000E+00  1.2013E+00  2.1554E+00  4.3271E+01  6.6307E-02 -5.5739E-01 -1.1777E-01
  5.0000E+00  1.2013E+00  2.1554E+00  4.3271E+01  6.6307E-02 -5.5739E-01 -1.1777E-01
  5.0000E+00  1.2013E+00  2.1554E+00  4.3271E+01  6.6307E-02 -5.5739E-01 -1.1777E-01
  5.0000E+00  1.2013E+00  2.1554E+00  4.3271E+01  6.6307E-02 -5.5739E-01 -1.1777E-01
  5.0000E+00  1.2013E+00  2.1554E+00  4.3271E+01  6.6307E-02 -5.5739E-01 -1.1777E-01
  5.0000E+00  1.2013E+00  2.1554E+00  4.3271E+01  6.6307E-02 -5.5739E-01 -1.1777E-01
  5.0000E+00  1.2013E+00  2.1554E+00  4.3271E+01  6.6307E-02 -5.5739E-01 -1.1777E-01
  5.0000E+00  1.2013E+00  2.1554E+00  4.3271E+01  6.6307E-02 -5.5739E-01 -1.1777E-01
  5.0000E+00  1.0880E+00  2.0595E+00  4.3271E+01  6.6307E-02 -5.5739E-01 -1.1777E-01
  5.0000E+00  1.0880E+00  2.0595E+00  4.3271E+01  6.6307E-02 -5.5739E-01 -1.1777E-01
  5.0000E+00  1.0880E+00  2.0595E+00  4.3271E+01  6.6307E-02 -5.5739E-01 -1.1777E-01
  5.0000E+00  1.0880E+00  2.0595E+00  4.3271E+01  6.6307E-02 -5.5739E-01 -1.1777E-01
  5.0000E+00  1.0880E+00  2.0595E+00  4.3271E+01  6.6307E-02 -5.5739E-01 -1.1777E-01
  5.0000E+00  1.0880E+00  2.0595E+00  4.3271E+01  6.6307E-02 -5.5739E-01 -1.1777E-01
  5.0000E+00  1.0880E+00  2.0595E+00  4.3271E+01  6.6307E-02 -5.5739E-01 -1.1777E-01
  5.0000E+00  1.0880E+00  2.0595E+00  4.3271E+01  6.6307E-02 -5.5739E-01 -1.1777E-01
  6.0000E+00  1.6671E+00  4.8837E+00  3.4700E+01  2.3290E-01 -6.2648E-03 -3.3851E-01
  6.0000E+00  1.6671E+00  4.8837E+00  3.4700E+01  2.3290E-01 -6.2648E-03 -3.3851E-01
  6.0000E+00  1.6671E+00  4.8837E+00  3.4700E+01  2.3290E-01 -6.2648E-03 -3.3851E-01
  6.0000E+00  1.6671E+00  4.8837E+00  3.4700E+01  2.3290E-01 -6.2648E-03 -3.3851E-01
  6.0000E+00  1.6671E+00  4.8837E+00  3.4700E+01  2.3290E-01 -6.2648E-03 -3.3851E-01
  6.0000E+00  1.6671E+00  4.8837E+00  3.4700E+01  2.3290E-01 -6.2648E-03 -3.3851E-01
  6.0000E+00  1.6671E+00  4.8837E+00  3.4700E+01  2.3290E-01 -6.2648E-03 -3.3851E-01
  6.0000E+00  1.6671E+00  4.8837E+00  3.4700E+01  2.3290E-01 -6.2648E-03 -3.3851E-01
  6.0000E+00  1.0250E+00  4.0643E+00  3.4700E+01  2.3290E-01 -6.2648E-03 -3.3851E-01
  6.0000E+00  1.0250E+00  4.0643E+00  3.4700E+01  2.3290E-01 -6.2648E-03 -3.3851E-01
  6.0000E+00  1.0250E+00  4.0643E+00  3.4700E+01  2.3290E-01 -6.2648E-03 -3.3851E-01
  6.0000E+00  1.0250E+00  4.0643E+00  3.4700E+01  2.3290E-01 -6.2648E-03 -3.3851E-01
  6.0000E+00  1.0250E+00  4.0643E+00  3.4700E+01  2.3290E-01 -6.2648E-03 -3.3851E-01
  6.0000E+00  1.0250E+00  4.0643E+00  3.4700E+01  2.3290E-01 -6.2648E-03 -3.3851E-01
  6.0000E+00  1.0250E+00  4.0643E+00  3.4700E+01  2.3290E-01 -6.2648E-03 -3.3851E-01
  6.0000E+00  1.0250E+00  4.0643E+00  3.4700E+01  2.3290E-01 -6.2648E-03 -3.3851E-01
  6.0000E+00  1.5455E+00  3.3775E+00  3.4700E+01  2.3290E-01 -6.2648E-03 -3.3851E-01
  6.0000E+00  1.5455E+00  3.3775E+00  3.4700E+01  2.3290E-01 -6.2648E-03 -3.3851E-01
  6.0000E+00  1.5455E+00  3.3775E+00  3.4700E+01  2.3290E-01 -6.2648E-03 -3.3851E-01
  6.0000E+00  1.5455E+00  3.3775E+00  3.4700E+01  2.3290E-01 -6.2648E-03 -3.3851E-01
  6.0000E+00  1.5455E+00  3.3775E+00  3.4700E+01  2.3290E-01 -6.2648E-03 -3.3851E-01
  6.0000E+00  1.5455E+00  3.3775E+00  3.4700E+01  2.3290E-01 -6.2648E-03 -3.3851E-01
  6.0000E+00  1.5455E+00  3.3775E+00  3.4700E+01  2.3290E-01 -6.2648E-03 -3.3851E-01
  6.0000E+00  1.5455E+00  3.3775E+00  3.4700E+01  2.3290E-01 -6.2648E-03 -3.3851E-01
  7.0000E+00  6.5011E-01  3.9263E+00  5.3641E+01 -7.4564E-02 -1.8837E-01  9.7058E-02
  7.0000E+00  6.5011E-01  3.9263E+00  5.3641E+01 -7.4564E-02 -1.8837E-01  9.7058E-02
  7.0000E+00  6.5011E-01  3.9263E+00  5.3641E+01 -7.4564E-02 -1.8837E-01  9.7058E-02
  7.0000E+00  6.5011E-01  3.9263E+00  5.3641E+01 -7.4564E-02 -1.8837E-01  9.7058E-02
  7.0000E+00  6.5011E-01  3.9263E+00  5.3641E+01 -7.4564E-02 -1.8837E-01  9.7058E-02
  7.0000E+00  6.5011E-01  3.9263E+00  5.3641E+01 -7.4564E-02 -1.8837E-01  9.7058E-02
  7.0000E+00  6.5011E-01  3.9263E+00  5.3641E+01 -7.4564E-02 -1.8837E-01  9.7058E-02
  7.0000E+00  6.5011E-01  3.9263E+00  5.3641E+01 -7.4564E-02 -1.8837E-01  9.7058E-02
  7.0000E+00  1.1025E+00  3.5788E+00  5.3641E+01 -7.4564E-02 -1.8837E-01  9.7058E-02
  7.0000E+00  1.1025E+00  3.5788E+00  5.3641E+01 -7.4564E-02 -1.8837E-01  9.7058E-02
  7.0000E+00  1.1025E+00  3.5788E+00  5.3641E+01 -7.4564E-02 -1.8837E-01  9.7058E-02
  7.0000E+00  1.1025E+00  3.5788E+00  5.3641E+01 -7.4564E-02 -1.8837E-01  9.7058E-02
  7.0000E+00  1.1025E+00  3.5788E+00  5.3641E+01 -7.4564E-02 -1.8837E-01  9.7058E-02
  7.0000E+00  1.1025E+00  3.5788E+00  5.3641E+01 -7.4564E-02 -1.8837E-01  9.7058E-02
  7.0000E+00  1.1025E+00  3.5788E+00  5.3641E+01 -7.4564E-02 -1.8837E-01  9.7058E-02
  7.0000E+00  1.1025E+00  3.5788E+00  5.3641E+01 -7.4564E-02 -1.8837E-01  9.7058E-02
  7.0000E+00  1.2348E+00  2.5775E+00  5.3641E+01 -7.4564E-02 -1.8837E-01  9.7058E-02
  7.0000E+00  1.2348E+00  2.5775E+00  5.3641E+01 -7.4564E-02 -1.8837E-01  9.7058E-02
  7.0000E+00  1.2348E+00  2.5775E+00  5.3641E+01 -7.4564E-02 -1.8837E-01  9.7058E-02
  7.0000E+00  1.2348E+00  2.5775E+00  5.3641E+01 -7.4564E-02 -1.8837E-01  9.7058E-02
  7.0000E+00  1.2348E+00  2.5775E+00  5.3641E+01 -7.4564E-02 -1.8837E-01  9.7058E-02
  7.0000E+00  1.2348E+00  2.5775E+00  5.3641E+01 -7.4564E-02 -1.8837E-01  9.7058E-02
  7.0000E+00  1.2348E+00  2.5775E+00  5.3641E+01 -7.4564E-02 -1.8837E-01  9.7058E-02
  7.0000E+00  1.2348E+00  2.5775E+00  5.3641E+01 -7.4564E-02 -1.8837E-01  9.7058E-02
  8.0000E+00  1.5208E+00  3.4874E+00  4.8314E+01  3.5071E-01 -2.0111E-01 -7.5208E-03
  8.0000E+00  1.5208E+00  3.4874E+00  4.8314E+01  3.5071E-01 -2.0111E-01 -7.5208E-03
  8.0000E+00  1.5208E+00  3.4874E+00  4.8314E+01  3.5071E-01 -2.0111E-01 -7.5208E-03
  8.0000E+00  1.5208E+00  3.4874E+00  4.8314E+01  3.5071E-01 -2.0111E-01 -7.5208E-03
  8.0000E+00  1.5208E+00  3.4874E+00  4.8314E+01  3.5071E-01 -2.0111E-01 -7.5208E-03
  8.0000E+00  1.5208E+00  3.4874E+00  4.8314E+01  3.5071E-01 -2.0111E-01 -7.5208E-03
  8.0000E+00  1.5208E+00  3.4874E+00  4.8314E+01  3.5071E-01 -2.0111E-01 -7.5208E-03
  8.0000E+00  1.5208E+00  3.4874E+00  4.8314E+01  3.5071E-01 -2.0111E-01 -7.5208E-03
  8.0000E+00  1.6784E+00  3.0951E+00  4.8314E+01  3.5071E-01 -2.0111E-01 -7.5208E-03
  8.0000E+00  1.6784E+00  3.0951E+00  4.8314E+01  3.5071E-01 -2.0111E-01 -7.5208E-03
  8.0000E+00  1.6784E+00  3.0951E+00  4.8314E+01  3.5071E-01 -2.0111E-01 -7.5208E-03
  8.0000E+00  1.6784E+00  3.0951E+00  4.8314E+01  3.5071E-01 -2.0111E-01 -7.5208E-03
  8.0000E+00  1.6784E+00  3.0951E+00  4.8314E+01  3.5071E-01 -2.0111E-01 -7.5208E-03
  8.0000E+00  1.6784E+00  3.0951E+00  4.8314E+01  3.5071E-01 -2.0111E-01 -7.5208E-03
  8.0000E+00  1.6784E+00  3.0951E+00  4.8314E+01  3.5071E-01 -2.0111E-01 -7.5208E-03
  8.0000E+00  1.6784E+00  3.0951E+00  4.8314E+01  3.5071E-01 -2.0111E-01 -7.5208E-03
  8.0000E+00  1.5731E+00  3.2139E+00  4.8314E+01  3.5071E-01 -2.0111E-01 -7.5208E-03
  8.0000E+00  1.5731E+00  3.2139E+00  4.8314E+01  3.5071E-01 -2.0111E-01 -7.5208E-03
  8.0000E+00  1.5731E+00  3.2139E+00  4.8314E+01  3.5071E-01 -2.0111E-01 -7.5208E-03
  8.0000E+00  1.5731E+00  3.2139E+00  4.8314E+01  3.5071E-01 -2.0111E-01 -7.5208E-03
  8.0000E+00  1.5731E+00  3.2139E+00  4.8314E+01  3.5071E-01 -2.0111E-01 -7.5208E-03
  8.0000E+00  1.5731E+00  3.2139E+00  4.8314E+01  3.5071E-01 -2.0111E-01 -7.5208E-03
  8.0000E+00  1.5731E+00  3.2139E+00  4.8314E+01  3.5071E-01 -2.0111E-01 -7.5208E-03
  8.0000E+00  1.5731E+00  3.2139E+00  4.8314E+01  3.5071E-01 -2.0111E-01 -7.5208E-03
  9.0000E+00  1.7534E+00  2.4654E+00  6.0390E+01  3.3221E-01 -4.9190E-01  2.1558E-01
  9.0000E+00  1.7534E+00  2.4654E+00  6.0390E+01  3.3221E-01 -4.9190E-01  2.1558E-01
  9.0000E+00  1.7534E+00  2.4654E+00  6.0390E+01  3.3221E-01 -4.9190E-01  2.1558E-01
  9.0000E+00  1.7534E+00  2.4654E+00  6.0390E+01  3.3221E-01 -4.9190E-01  2.1558E-01
  9.0000E+00  1.7534E+00  2.4654E+00  6.0390E+01  3.3221E-01 -4.9190E-01  2.1558E-01
  9.0000E+00  1.7534E+00  2.4654E+00  6.0390E+01  3.3221E-01 -4.9190E-01  2.1558E-01
  9.0000E+00  1.7534E+00  2.4654E+00  6.0390E+01  3.3221E-01 -4.9190E-01  2.1558E-01
  9.0000E+00  1.7534E+00  2.4654E+00  6.0390E+01  3.3221E-01 -4.9190E-01  2.1558E-01
  9.0000E+00  1.2150E+00  2.1161E+00  6.0390E+01  3.3221E-01 -4.9190E-01  2.1558E-01
  9.0000E+00  1.2150E+00  2.1161E+00  6.0390E+01  3.3221E-01 -4.9190E-01  2.1558E-01
  9.0000E+00  1.2150E+00  2.1161E+00  6.0390E+01  3.3221E-01 -4.9190E-01  2.1558E-01
  9.0000E+00  1.2150E+00  2.1161E+00  6.0390E+01  3.3221E-01 -4.9190E-01  2.1558E-01
  9.0000E+00  1.2150E+00  2.1161E+00  6.0390E+01  3.3221E-01 -4.9190E-01  2.1558E-01
  9.0000E+00  1.2150E+00  2.1161E+00  6.0390E+01  3.3221E-01 -4.9190E-01  2.1558E-01
  9.0000E+00  1.2150E+00  2.1161E+00  6.0390E+01  3.3221E-01 -4.9190E-01  2.1558E-01
  9.0000E+00  1.2150E+00  2.1161E+00  6.0390E+01  3.3221E-01 -4.9190E-01  2.1558E-01
  9.0000E+00  1.7647E+00  2.4875E+00  6.0390E+01  3.3221E-01 -4.9190E-01  2.1558E-01
  9.0000E+00  1.7647E+00  2.4875E+00  6.0390E+01  3.3221E-01 -4.9190E-01  2.1558E-01
  9.0000E+00  1.7647E+00  2.4875E+00  6.0390E+01  3.3221E-01 -4.9190E-01  2.1558E-01
  9.0000E+00  1.7647E+00  2.4875E+00  6.0390E+01  3.3221E-01 -4.9190E-01  2.1558E-01
  9.0000E+00  1.7647E+00  2.4875E+00  6.0390E+01  3.3221E-01 -4.9190E-01  2.1558E-01
  9.0000E+00  1.7647E+00  2.4875E+00  6.0390E+01  3.3221E-01 -4.9190E-01  2.1558E-01
  9.0000E+00  1.7647E+00  2.4875E+00  6.0390E+01  3.3221E-01 -4.9190E-01  2.1558E-01
  9.0000E+00  1.7647E+00  2.4875E+00  6.0390E+01  3.3221E-01 -4.9190E-01  2.1558E-01
  1.0000E+01  1.5075E+00  1.6154E+00  5.0107E+01  2.5367E-01  2.1729E-01  2.8906E-02
  1.0000E+01  1.5075E+00  1.6154E+00  5.0107E+01  2.5367E-01  2.1729E-01  2.8906E-02
  1.0000E+01  1.5075E+00  1.6154E+00  5.0107E+01  2.5367E-01  2.1729E-01  2.8906E-02
  1.0000E+01  1.5075E+00  1.6154E+00  5.0107E+01  2.5367E-01  2.1729E-01  2.8906E-02
  1.0000E+01  1.5075E+00  1.6154E+00  5.0107E+01  2.5367E-01  2.1729E-01  2.8906E-02
  1.0000E+01  1.5075E+00  1.6154E+00  5.0107E+01  2.5367E-01  2.1729E-01  2.8906E-02
  1.0000E+01  1.5075E+00  1.6154E+00  5.0107E+01  2.5367E-01  2.1729E-01  2.8906E-02
  1.0000E+01  1.5075E+00  1.6154E+00  5.0107E+01  2.5367E-01  2.1729E-01  2.8906E-02
  1.0000E+01  1.5019E+00  1.2824E+00  5.0107E+01  2.5367E-01  2.1729E-01  2.8906E-02
  1.0000E+01  1.5019E+00  1.2824E+00  5.0107E+01  2.5367E-01  2.1729E-01  2.8906E-02
  1.0000E+01  1.5019E+00  1.2824E+00  5.0107E+01  2.5367E-01  2.1729E-01  2.8906E-02
  1.0000E+01  1.5019E+00  1.2824E+00  5.0107E+01  2.5367E-01  2.1729E-01  2.8906E-02
  1.0000E+01  1.5019E+00  1.2824E+00  5.0107E+01  2.5367E-01  2.1729E-01  2.8906E-02
  1.0000E+01  1.5019E+00  1.2824E+00  5.0107E+01  2.5367E-01  2.1729E-01  2.8906E-02
  1.0000E+01  1.5019E+00  1.2824E+00  5.0107E+01  2.5367E-01  2.1729E-01  2.8906E-02
  1.0000E+01  1.5019E+00  1.2824E+00  5.0107E+01  2.5367E-01  2.1729E-01  2.8906E-02
  1.0000E+01  1.2559E+00  1.5244E+00  5.0107E+01  2.5367E-01  2.1729E-01  2.8906E-02
  1.0000E+01  1.2559E+00  1.5244E+00  5.0107E+01  2.5367E-01  2.1729E-01  2.8906E-02
  1.0000E+01  1.2559E+00  1.5244E+00  5.0107E+01  2.5367E-01  2.1729E-01  2.8906E-02
  1.0000E+01  1.2559E+00  1.5244E+00  5.0107E+01  2.5367E-01  2.1729E-01  2.8906E-02
  1.0000E+01  1.2559E+00  1.5244E+00  5.0107E+01  2.5367E-01  2.1729E-01  2.8906E-02
  1.0000E+01  1.2559E+00  1.5244E+00  5.0107E+01  2.5367E-01  2.1729E-01  2.8906E-02
  1.0000E+01  1.2559E+00  1.5244E+00  5.0107E+01  2.5367E-01  2.1729E-01  2.8906E-02
  1.0000E+01  1.2559E+00  1.5244E+00  5.0107E+01  2.5367E-01  2.1729E-01  2.8906E-02
  1.1000E+01  2.0353E+00  1.3915E+00  6.9542E+01  2.7333E-01  2.1532E-01  3.5667E-01
  1.1000E+01  2.0353E+00  1.3915E+00  6.9542E+01  2.7333E-01  2.1532E-01  3.5667E-01
  1.1000E+01  2.0353E+00  1.3915E+00  6.9542E+01  2.7333E-01  2.1532E-01  3.5667E-01
  1.1000E+01  2.0353E+00  1.3915E+00  6.9542E+01  2.7333E-01  2.1532E-01  3.5667E-01
  1.1000E+01  2.0353E+00  1.3915E+00  6.9542E+01  2.7333E-01  2.1532E-01  3.5667E-01
  1.1000E+01  2.0353E+00  1.3915E+00  6.9542E+01  2.7333E-01  2.1532E-01  3.5667E-01
  1.1000E+01  2.0353E+00  1.3915E+00  6.9542E+01  2.7333E-01  2.1532E-01  3.5667E-01
  1.1000E+01  2.0353E+00  1.3915E+00  6.9542E+01  2.7333E-01  2.1532E-01  3.5667E-01
  1.1000E+01  1.2775E+00  1.4416E+00  6.9542E+01  2.7333E-01  2.1532E-01  3.5667E-01
  1.1000E+01  1.2775E+00  1.4416E+00  6.9542E+01  2.7333E-01  2.1532E-01  3.5667E-01
  1.1000E+01  1.2775E+00  1.4416E+00  6.9542E+01  2.7333E-01  2.1532E-01  3.5667E-01
  1.1000E+01  1.2775E+00  1.4416E+00  6.9542E+01  2.7333E-01  2.1532E-01  3.5667E-01
  1.1000E+01  1.2775E+00  1.4416E+00  6.9542E+01  2.7333E-01  2.1532E-01  3.5667E-01
  1.1000E+01  1.2775E+00  1.4416E+00  6.9542E+01  2.7333E-01  2.1532E-01  3.5667E-01
  1.1000E+01  1.2775E+00  1.4416E+00  6.9542E+01  2.7333E-01  2.1532E-01  3.5667E-01
  1.1000E+01  1.2775E+00  1.4416E+00  6.9542E+01  2.7333E-01  2.1532E-01  3.5667E-01
  1.1000E+01  1.1728E+00  1.5638E+00  6.9542E+01  2.7333E-01  2.1532E-01  3.5667E-01
  1.1000E+01  1.1728E+00  1.5638E+00  6.9542E+01  2.7333E-01  2.1532E-01  3.5667E-01
  1.1000E+01  1.1728E+00  1.5638E+00  6.9542E+01  2.7333E-01  2.1532E-01  3.5667E-01
  1.1000E+01  1.1728E+00  1.5638E+00  6.9542E+01  2.7333E-01  2.1532E-01  3.5667E-01
  1.1000E+01  1.1728E+00  1.5638E+00  6.9542E+01  2.7333E-01  2.1532E-01  3.5667E-01
  1.1000E+01  1.1728E+00  1.5638E+00  6.9542E+01  2.7333E-01  2.1532E-01  3.5667E-01
  1.1000E+01  1.1728E+00  1.5638E+00  6.9542E+01  2.7333E-01  2.1532E-01  3.5667E-01
  1.1000E+01  1.1728E+00  1.5638E+00  6.9542E+01  2.7333E-01  2.1532E-01  3.5667E-01
  1.2000E+01  1.4336E+00  5.6545E+00  5.8703E+01  5.1287E-01  2.7996E-01  1.8723E-01
  1.2000E+01  1.4336E+00  5.6545E+00  5.8703E+01  5.1287E-01  2.7996E-01  1.8723E-01
  1.2000E+01  1.4336E+00  5.6545E+00  5.8703E+01  5.1287E-01  2.7996E-01  1.8723E-01
  1.2000E+01  1.4336E+00  5.6545E+00  5.8703E+01  5.1287E-01  2.7996E-01  1.8723E-01
  1.2000E+01  1.4336E+00  5.6545E+00  5.8703E+01  5.1287E-01  2.7996E-01  1.8723E-01
  1.2000E+01  1.4336E+00  5.6545E+00  5.8703E+01  5.1287E-01  2.7996E-01  1.8723E-01
  1.2000E+01  1.4336E+00  5.6545E+00  5.8703E+01  5.1287E-01  2.7996E-01  1.8723E-01
  1.2000E+01  1.4336E+00  5.6545E+00  5.8703E+01  5.1287E-01  2.7996E-01  1.8723E-01
  1.2000E+01  2.8160E+00  4.5486E+00  5.8703E+01  5.1287E-01  2.7996E-01  1.8723E-01
  1.2000E+01  2.8160E+00  4.5486E+00  5.8703E+01  5.1287E-01  2.7996E-01  1.8723E-01
  1.2000E+01  2.8160E+00  4.5486E+00  5.8703E+01  5.1287E-01  2.7996E-01  1.8723E-01
  1.2000E+01  2.8160E+00  4.5486E+00  5.8703E+01  5.1287E-01  2.7996E-01  1.8723E-01
  1.2000E+01  2.8160E+00  4.5486E+00  5.8703E+01  5.1287E-01  2.7996E-01  1.8723E-01
  1.2000E+01  2.8160E+00  4.5486E+00  5.8703E+01  5.1287E-01  2.7996E-01  1.8723E-01
  1.2000E+01  2.8160E+00  4.5486E+00  5.8703E+01  5.1287E-01  2.7996E-01  1.8723E-01
  1.2000E+01  2.8160E+00  4.5486E+00  5.8703E+01  5.1287E-01  2.7996E-01  1.8723E-01
  1.2000E+01  1.7705E+00  6.8610E+00  5.8703E+01  5.1287E-01  2.7996E-01  1.8723E-01
  1.2000E+01  1.7705E+00  6.8610E+00  5.8703E+01  5.1287E-01  2.7996E-01  1.8723E-01
  1.2000E+01  1.7705E+00  6.8610E+00  5.8703E+01  5.1287E-01  2.7996E-01  1.8723E-01
  1.2000E+01  1.7705E+00  6.8610E+00  5.8703E+01  5.1287E-01  2.7996E-01  1.8723E-01
  1.2000E+01  1.7705E+00  6.8610E+00  5.8703E+01  5.1287E-01  2.7996E-01  1.8723E-01
  1.2000E+01  1.7705E+00  6.8610E+00  5.8703E+01  5.1287E-01  2.7996E-01  1.8723E-01
  1.2000E+01  1.7705E+00  6.8610E+00  5.8703E+01  5.1287E-01  2.7996E-01  1.8723E-01
  1.2000E+01  1.7705E+00  6.8610E+00  5.8703E+01  5.1287E-01  2.7996E-01  1.8723E-01
  1.3000E+01  1.2015E+00  2.4155E+00  4.9036E+01  3.2095E-01 -4.1136E-01  7.3119E-03
  1.3000E+01  1.2015E+00  2.4155E+00  4.9036E+01  3.2095E-01 -4.1136E-01  7.3119E-03
  1.3000E+01  1.2015E+00  2.4155E+00  4.9036E+01  3.2095E-01 -4.1136E-01  7.3119E-03
  1.3000E+01  1.2015E+00  2.4155E+00  4.9036E+01  3.2095E-01 -4.1136E-01  7.3119E-03
  1.3000E+01  1.2015E+00  2.4155E+00  4.9036E+01  3.2095E-01 -4.1136E-01  7.3119E-03
  1.3000E+01  1.2015E+00  2.4155E+00  4.9036E+01  3.2095E-01 -4.1136E-01  7.3119E-03
  1.3000E+01  1.2015E+00  2.4155E+00  4.9036E+01  3.2095E-01 -4.1136E-01  7.3119E-03
  1.3000E+01  1.2015E+00  2.4155E+00  4.9036E+01  3.2095E-01 -4.1136E-01  7.3119E-03
  1.3000E+01  2.0909E+00  2.5606E+00  4.9036E+01  3.2095E-01 -4.1136E-01  7.3119E-03
  1.3000E+01  2.0909E+00  2.5606E+00  4.9036E+01  3.2095E-01 -4.1136E-01  7.3119E-03
  1.3000E+01  2.0909E+00  2.5606E+00  4.9036E+01  3.2095E-01 -4.1136E-01  7.3119E-03
  1.3000E+01  2.0909E+00  2.5606E+00  4.9036E+01  3.2095E-01 -4.1136E-01  7.3119E-03
  1.3000E+01  2.0909E+00  2.5606E+00  4.9036E+01  3.2095E-01 -4.1136E-01  7.3119E-03
  1.3000E+01  2.0909E+00  2.5606E+00  4.9036E+01  3.2095E-01 -4.1136E-01  7.3119E-03
  1.3000E+01  2.0909E+00  2.5606E+00  4.9036E+01  3.2095E-01 -4.1136E-01  7.3119E-03
  1.3000E+01  2.0909E+00  2.5606E+00  4.9036E+01  3.2095E-01 -4.1136E-01  7.3119E-03
  1.3000E+01  1.4378E+00  2.7550E+00  4.9036E+01  3.2095E-01 -4.1136E-01  7.3119E-03
  1.3000E+01  1.4378E+00  2.7550E+00  4.9036E+01  3.2095E-01 -4.1136E-01  7.3119E-03
  1.3000E+01  1.4378E+00  2.7550E+00  4.9036E+01  3.2095E-01 -4.1136E-01  7.3119E-03
  1.3000E+01  1.4378E+00  2.7550E+00  4.9036E+01  3.2095E-01 -4.1136E-01  7.3119E-03
  1.3000E+01  1.4378E+00  2.7550E+00  4.9036E+01  3.2095E-01 -4.1136E-01  7.3119E-03
  1.3000E+01  1.4378E+00  2.7550E+00  4.9036E+01  3.2095E-01 -4.1136E-01  7.3119E-03
  1.3000E+01  1.4378E+00  2.7550E+00  4.9036E+01  3.2095E-01 -4.1136E-01  7.3119E-03
  1.3000E+01  1.4378E+00  2.7550E+00  4.9036E+01  3.2095E-01 -4.1136E-01  7.3119E-03
  1.4000E+01  1.3097E+00  4.3013E+00  3.4087E+01 -1.1566E-01  2.3286E-01 -3.5634E-01
  1.4000E+01  1.3097E+00  4.3013E+00  3.4087E+01 -1.1566E-01  2.3286E-01 -3.5634E-01
  1.4000E+01  1.3097E+00  4.3013E+00  3.4087E+01 -1.1566E-01  2.3286E-01 -3.5634E-01
  1.4000E+01  1.3097E+00  4.3013E+00  3.4087E+01 -1.1566E-01  2.3286E-01 -3.5634E-01
  1.4000E+01  1.3097E+00  4.3013E+00  3.4087E+01 -1.1566E-01  2.3286E-01 -3.5634E-01
  1.4000E+01  1.3097E+00  4.3013E+00  3.4087E+01 -1.1566E-01  2.3286E-01 -3.5634E-01
  1.4000E+01  1.3097E+00  4.3013E+00  3.4087E+01 -1.1566E-01  2.3286E-01 -3.5634E-01
  1.4000E+01  1.3097E+00  4.3013E+00  3.4087E+01 -1.1566E-01  2.3286E-01 -3.5634E-01
  1.4000E+01  9.5606E-01  6.2272E+00  3.4087E+01 -1.1566E-01  2.3286E-01 -3.5634E-01
  1.4000E+01  9.5606E-01  6.2272E+00  3.4087E+01 -1.1566E-01  2.3286E-01 -3.5634E-01
  1.4000E+01  9.5606E-01  6.2272E+00  3.4087E+01 -1.1566E-01  2.3286E-01 -3.5634E-01
  1.4000E+01  9.5606E-01  6.2272E+00  3.4087E+01 -1.1566E-01  2.3286E-01 -3.5634E-01
  1.4000E+01  9.5606E-01  6.2272E+00  3.4087E+01 -1.1566E-01  2.3286E-01 -3.5634E-01
  1.4000E+01  9.5606E-01  6.2272E+00  3.4087E+01 -1.1566E-01  2.3286E-01 -3.5634E-01
  1.4000E+01  9.5606E-01  6.2272E+00  3.4087E+01 -1.1566E-01  2.3286E-01 -3.5634E-01
  1.4000E+01  9.5606E-01  6.2272E+00  3.4087E+01 -1.1566E-01  2.3286E-01 -3.5634E-01
  1.4000E+01  6.1069E-01  5.6181E+00  3.4087E+01 -1.1566E-01  2.3286E-01 -3.5634E-01
  1.4000E+01  6.1069E-01  5.6181E+00  3.4087E+01 -1.1566E-01  2.3286E-01 -3.5634E-01
  1.4000E+01  6.1069E-01  5.6181E+00  3.4087E+01 -1.1566E-01  2.3286E-01 -3.5634E-01
  1.4000E+01  6.1069E-01  5.6181E+00  3.4087E+01 -1.1566E-01  2.3286E-01 -3.5634E-01
  1.4000E+01  6.1069E-01  5.6181E+00  3.4087E+01 -1.1566E-01  2.3286E-01 -3.5634E-01
  1.4000E+01  6.1069E-01  5.6181E+00  3.4087E+01 -1.1566E-01  2.3286E-01 -3.5634E-01
  1.4000E+01  6.1069E-01  5.6181E+00  3.4087E+01 -1.1566E-01  2.3286E-01 -3.5634E-01
  1.4000E+01  6.1069E-01  5.6181E+00  3.4087E+01 -1.1566E-01  2.3286E-01 -3.5634E-01
  1.5000E+01  1.1251E+00  7.2528E-01  4.0382E+01 -2.3961E-02 -3.8331E-01 -1.8687E-01
  1.5000E+01  1.1251E+00  7.2528E-01  4.0382E+01 -2.3961E-02 -3.8331E-01 -1.8687E-01
  1.5000E+01  1.1251E+00  7.2528E-01  4.0382E+01 -2.3961E-02 -3.8331E-01 -1.8687E-01
  1.5000E+01  1.1251E+00  7.2528E-01  4.0382E+01 -2.3961E-02 -3.8331E-01 -1.8687E-01
  1.5000E+01  1.1251E+00  7.2528E-01  4.0382E+01 -2.3961E-02 -3.8331E-01 -1.8687E-01
  1.5000E+01  1.1251E+00  7.2528E-01  4.0382E+01 -2.3961E-02 -3.8331E-01 -1.8687E-01
  1.5000E+01  1.1251E+00  7.2528E-01  4.0382E+01 -2.3961E-02 -3.8331E-01 -1.8687E-01
  1.5000E+01  1.1251E+00  7.2528E-01  4.0382E+01 -2.3961E-02 -3.8331E-01 -1.8687E-01
  1.5000E+01  1.3453E+00  8.1917E-01  4.0382E+01 -2.3961E-02 -3.8331E-01 -1.8687E-01
  1.5000E+01  1.3453E+00  8.1917E-01  4.0382E+01 -2.3961E-02 -3.8331E-01 -1.8687E-01
  1.5000E+01  1.3453E+00  8.1917E-01  4.0382E+01 -2.3961E-02 -3.8331E-01 -1.8687E-01
  1.5000E+01  1.3453E+00  8.1917E-01  4.0382E+01 -2.3961E-02 -3.8331E-01 -1.8687E-01
  1.5000E+01  1.3453E+00  8.1917E-01  4.0382E+01 -2.3961E-02 -3.8331E-01 -1.8687E-01
  1.5000E+01  1.3453E+00  8.1917E-01  4.0382E+01 -2.3961E-02 -3.8331E-01 -1.8687E-01
  1.5000E+01  1.3453E+00  8.1917E-01  4.0382E+01 -2.3961E-02 -3.8331E-01 -1.8687E-01
  1.5000E+01  1.3453E+00  8.1917E-01  4.0382E+01 -2.3961E-02 -3.8331E-01 -1.8687E-01
  1.5000E+01  6.9998E-01  6.9751E-01  4.0382E+01 -2.3961E-02 -3.8331E-01 -1.8687E-01
  1.5000E+01  6.9998E-01  6.9751E-01  4.0382E+01 -2.3961E-02 -3.8331E-01 -1.8687E-01
  1.5000E+01  6.9998E-01  6.9751E-01  4.0382E+01 -2.3961E-02 -3.8331E-01 -1.8687E-01
  1.5000E+01  6.9998E-01  6.9751E-01  4.0382E+01 -2.3961E-02 -3.8331E-01 -1.8687E-01
  1.5000E+01  6.9998E-01  6.9751E-01  4.0382E+01 -2.3961E-02 -3.8331E-01 -1.8687E-01
  1.5000E+01  6.9998E-01  6.9751E-01  4.0382E+01 -2.3961E-02 -3.8331E-01 -1.8687E-01
  1.5000E+01  6.9998E-01  6.9751E-01  4.0382E+01 -2.3961E-02 -3.8331E-01 -1.8687E-01
  1.5000E+01  6.9998E-01  6.9751E-01  4.0382E+01 -2.3961E-02 -3.8331E-01 -1.8687E-01
  1.6000E+01  1.0995E+00  2.8370E+00  5.0253E+01  9.0703E-02 -2.6989E-01  3.1812E-02
  1.6000E+01  1.0995E+00  2.8370E+00  5.0253E+01  9.0703E-02 -2.6989E-01  3.1812E-02
  1.6000E+01  1.0995E+00  2.8370E+00  5.0253E+01  9.0703E-02 -2.6989E-01  3.1812E-02
  1.6000E+01  1.0995E+00  2.8370E+00  5.0253E+01  9.0703E-02 -2.6989E-01  3.1812E-02
  1.6000E+01  1.0995E+00  2.8370E+00  5.0253E+01  9.0703E-02 -2.6989E-01  3.1812E-02
  1.6000E+01  1.0995E+00  2.8370E+00  5.0253E+01  9.0703E-02 -2.6989E-01  3.1812E-02
  1.6000E+01  1.0995E+00  2.8370E+00  5.0253E+01  9.0703E-02 -2.6989E-01  3.1812E-02
  1.6000E+01  1.0995E+00  2.8370E+00  5.0253E+01  9.0703E-02 -2.6989E-01  3.1812E-02
  1.6000E+01  1.1659E+00  2.7853E+00  5.0253E+01  9.0703E-02 -2.6989E-01  3.1812E-02
  1.6000E+01  1.1659E+00  2.7853E+00  5.0253E+01  9.0703E-02 -2.6989E-01  3.1812E-02
  1.6000E+01  1.1659E+00  2.7853E+00  5.0253E+01  9.0703E-02 -2.6989E-01  3.1812E-02
  1.6000E+01  1.1659E+00  2.7853E+00  5.0253E+01  9.0703E-02 -2.6989E-01  3.1812E-02
  1.6000E+01  1.1659E+00  2.7853E+00  5.0253E+01  9.0703E-02 -2.6989E-01  3.1812E-02
  1.6000E+01  1.1659E+00  2.7853E+00  5.0253E+01  9.0703E-02 -2.6989E-01  3.1812E-02
  1.6000E+01  1.1659E+00  2.7853E+00  5.0253E+01  9.0703E-02 -2.6989E-01  3.1812E-02
  1.6000E+01  1.1659E+00  2.7853E+00  5.0253E+01  9.0703E-02 -2.6989E-01  3.1812E-02
  1.6000E+01  1.2426E+00  3.4792E+00  5.0253E+01  9.0703E-02 -2.6989E-01  3.1812E-02
  1.6000E+01  1.2426E+00  3.4792E+00  5.0253E+01  9.0703E-02 -2.6989E-01  3.1812E-02
  1.6000E+01  1.2426E+00  3.4792E+00  5.0253E+01  9.0703E-02 -2.6989E-01  3.1812E-02
  1.6000E+01  1.2426E+00  3.4792E+00  5.0253E+01  9.0703E-02 -2.6989E-01  3.1812E-02
  1.6000E+01  1.2426E+00  3.4792E+00  5.0253E+01  9.0703E-02 -2.6989E-01  3.1812E-02
  1.6000E+01  1.2426E+00  3.4792E+00  5.0253E+01  9.0703E-02 -2.6989E-01  3.1812E-02
  1.6000E+01  1.2426E+00  3.4792E+00  5.0253E+01  9.0703E-02 -2.6989E-01  3.1812E-02
  1.6000E+01  1.2426E+00  3.4792E+00  5.0253E+01  9.0703E-02 -2.6989E-01  3.1812E-02
  1.7000E+01  1.6205E+00  2.9745E+00  3.5062E+01  1.6985E-01 -1.7931E-01 -3.2812E-01
  1.7000E+01  1.6205E+00  2.9745E+00  3.5062E+01  1.6985E-01 -1.7931E-01 -3.2812E-01
  1.7000E+01  1.6205E+00  2.9745E+00  3.5062E+01  1.6985E-01 -1.7931E-01 -3.2812E-01
  1.7000E+01  1.6205E+00  2.9745E+00  3.5062E+01  1.6985E-01 -1.7931E-01 -3.2812E-01
  1.7000E+01  1.6205E+00  2.9745E+00  3.5062E+01  1.6985E-01 -1.7931E-01 -3.2812E-01
  1.7000E+01  1.6205E+00  2.9745E+00  3.5062E+01  1.6985E-01 -1.7931E-01 -3.2812E-01
  1.7000E+01  1.6205E+00  2.9745E+00  3.5062E+01  1.6985E-01 -1.7931E-01 -3.2812E-01
  1.7000E+01  1.6205E+00  2.9745E+00  3.5062E+01  1.6985E-01 -1.7931E-01 -3.2812E-01
  1.7000E+01  1.2231E+00  4.0293E+00  3.5062E+01  1.6985E-01 -1.7931E-01 -3.2812E-01
  1.7000E+01  1.2231E+00  4.0293E+00  3.5062E+01  1.6985E-01 -1.7931E-01 -3.2812E-01
  1.7000E+01  1.2231E+00  4.0293E+00  3.5062E+01  1.6985E-01 -1.7931E-01 -3.2812E-01
  1.7000E+01  1.2231E+00  4.0293E+00  3.5062E+01  1.6985E-01 -1.7931E-01 -3.2812E-01
  1.7000E+01  1.2231E+00  4.0293E+00  3.5062E+01  1.6985E-01 -1.7931E-01 -3.2812E-01
  1.7000E+01  1.2231E+00  4.0293E+00  3.5062E+01  1.6985E-01 -1.7931E-01 -3.2812E-01
  1.7000E+01  1.2231E+00  4.0293E+00  3.5062E+01  1.6985E-01 -1.7931E-01 -3.2812E-01
  1.7000E+01  1.2231E+00  4.0293E+00  3.5062E+01  1.6985E-01 -1.7931E-01 -3.2812E-01
  1.7000E+01  1.0649E+00  3.1158E+00  3.5062E+01  1.6985E-01 -1.7931E-01 -3.2812E-01
  1.7000E+01  1.0649E+00  3.1158E+00  3.5062E+01  1.6985E-01 -1.7931E-01 -3.2812E-01
  1.7000E+01  1.0649E+00  3.1158E+00  3.5062E+01  1.6985E-01 -1.7931E-01 -3.2812E-01
  1.7000E+01  1.0649E+00  3.1158E+00  3.5062E+01  1.6985E-01 -1.7931E-01 -3.2812E-01
  1.7000E+01  1.0649E+00  3.1158E+00  3.5062E+01  1.6985E-01 -1.7931E-01 -3.2812E-01
  1.7000E+01  1.0649E+00  3.1158E+00  3.5062E+01  1.6985E-01 -1.7931E-01 -3.2812E-01
  1.7000E+01  1.0649E+00  3.1158E+00  3.5062E+01  1.6985E-01 -1.7931E-01 -3.2812E-01
  1.7000E+01  1.0649E+00  3.1158E+00  3.5062E+01  1.6985E-01 -1.7931E-01 -3.2812E-01
  1.8000E+01  1.5042E+00  3.3452E+00  4.2281E+01  3.0009E-01 -1.6639E-01 -1.4092E-01
  1.8000E+01  1.5042E+00  3.3452E+00  4.2281E+01  3.0009E-01 -1.6639E-01 -1.4092E-01
  1.8000E+01  1.5042E+00  3.3452E+00  4.2281E+01  3.0009E-01 -1.6639E-01 -1.4092E-01
  1.8000E+01  1.5042E+00  3.3452E+00  4.2281E+01  3.0009E-01 -1.6639E-01 -1.4092E-01
  1.8000E+01  1.5042E+00  3.3452E+00  4.2281E+01  3.0009E-01 -1.6639E-01 -1.4092E-01
  1.8000E+01  1.5042E+00  3.3452E+00  4.2281E+01  3.0009E-01 -1.6639E-01 -1.4092E-01
  1.8000E+01  1.5042E+00  3.3452E+00  4.2281E+01  3.0009E-01 -1.6639E-01 -1.4092E-01
  1.8000E+01  1.5042E+00  3.3452E+00  4.2281E+01  3.0009E-01 -1.6639E-01 -1.4092E-01
  1.8000E+01  1.2009E+00  3.1400E+00  4.2281E+01  3.0009E-01 -1.6639E-01 -1.4092E-01
  1.8000E+01  1.2009E+00  3.1400E+00  4.2281E+01  3.0009E-01 -1.6639E-01 -1.4092E-01
  1.8000E+01  1.2009E+00  3.1400E+00  4.2281E+01  3.0009E-01 -1.6639E-01 -1.4092E-01
  1.8000E+01  1.2009E+00  3.1400E+00  4.2281E+01  3.0009E-01 -1.6639E-01 -1.4092E-01
  1.8000E+01  1.2009E+00  3.1400E+00  4.2281E+01  3.0009E-01 -1.6639E-01 -1.4092E-01
  1.8000E+01  1.2009E+00  3.1400E+00  4.2281E+01  3.0009E-01 -1.6639E-01 -1.4092E-01
  1.8000E+01  1.2009E+00  3.1400E+00  4.2281E+01  3.0009E-01 -1.6639E-01 -1.4092E-01
  1.8000E+01  1.2009E+00  3.1400E+00  4.2281E+01  3.0009E-01 -1.6639E-01 -1.4092E-01
  1.8000E+01  1.8566E+00  3.7140E+00  4.2281E+01  3.0009E-01 -1.6639E-01 -1.4092E-01
  1.8000E+01  1.8566E+00  3.7140E+00  4.2281E+01  3.0009E-01 -1.6639E-01 -1.4092E-01
  1.8000E+01  1.8566E+00  3.7140E+00  4.2281E+01  3.0009E-01 -1.6639E-01 -1.4092E-01
  1.8000E+01  1.8566E+00  3.7140E+00  4.2281E+01  3.0009E-01 -1.6639E-01 -1.4092E-01
  1.8000E+01  1.8566E+00  3.7140E+00  4.2281E+01  3.0009E-01 -1.6639E-01 -1.4092E-01
  1.8000E+01  1.8566E+00  3.7140E+00  4.2281E+01  3.0009E-01 -1.6639E-01 -1.4092E-01
  1.8000E+01  1.8566E+00  3.7140E+00  4.2281E+01  3.0009E-01 -1.6639E-01 -1.4092E-01
  1.8000E+01  1.8566E+00  3.7140E+00  4.2281E+01  3.0009E-01 -1.6639E-01 -1.4092E-01
  1.9000E+01  1.8714E+00  9.5390E-01  3.8640E+01  5.8655E-01 -1.8822E-01 -2.3096E-01
  1.9000E+01  1.8714E+00  9.5390E-01  3.8640E+01  5.8655E-01 -1.8822E-01 -2.3096E-01
  1.9000E+01  1.8714E+00  9.5390E-01  3.8640E+01  5.8655E-01 -1.8822E-01 -2.3096E-01
  1.9000E+01  1.8714E+00  9.5390E-01  3.8640E+01  5.8655E-01 -1.8822E-01 -2.3096E-01
  1.9000E+01  1.8714E+00  9.5390E-01  3.8640E+01  5.8655E-01 -1.8822E-01 -2.3096E-01
  1.9000E+01  1.8714E+00  9.5390E-01  3.8640E+01  5.8655E-01 -1.8822E-01 -2.3096E-01
  1.9000E+01  1.8714E+00  9.5390E-01  3.8640E+01  5.8655E-01 -1.8822E-01 -2.3096E-01
  1.9000E+01  1.8714E+00  9.5390E-01  3.8640E+01  5.8655E-01 -1.8822E-01 -2.3096E-01
  1.9000E+01  3.2729E+00  9.3259E-01  3.8640E+01  5.8655E-01 -1.8822E-01 -2.3096E-01
  1.9000E+01  3.2729E+00  9.3259E-01  3.8640E+01  5.8655E-01 -1.8822E-01 -2.3096E-01
  1.9000E+01  3.2729E+00  9.3259E-01  3.8640E+01  5.8655E-01 -1.8822E-01 -2.3096E-01
  1.9000E+01  3.2729E+00  9.3259E-01  3.8640E+01  5.8655E-01 -1.8822E-01 -2.3096E-01
  1.9000E+01  3.2729E+00  9.3259E-01  3.8640E+01  5.8655E-01 -1.8822E-01 -2.3096E-01
  1.9000E+01  3.2729E+00  9.3259E-01  3.8640E+01  5.8655E-01 -1.8822E-01 -2.3096E-01
  1.9000E+01  3.2729E+00  9.3259E-01  3.8640E+01  5.8655E-01 -1.8822E-01 -2.3096E-01
  1.9000E+01  3.2729E+00  9.3259E-01  3.8640E+01  5.8655E-01 -1.8822E-01 -2.3096E-01
  1.9000E+01  1.5164E+00  9.0101E-01  3.8640E+01  5.8655E-01 -1.8822E-01 -2.3096E-01
  1.9000E+01  1.5164E+00  9.0101E-01  3.8640E+01  5.8655E-01 -1.8822E-01 -2.3096E-01
  1.9000E+01  1.5164E+00  9.0101E-01  3.8640E+01  5.8655E-01 -1.8822E-01 -2.3096E-01
  1.9000E+01  1.5164E+00  9.0101E-01  3.8640E+01  5.8655E-01 -1.8822E-01 -2.3096E-01
  1.9000E+01  1.5164E+00  9.0101E-01  3.8640E+01  5.8655E-01 -1.8822E-01 -2.3096E-01
  1.9000E+01  1.5164E+00  9.0101E-01  3.8640E+01  5.8655E-01 -1.8822E-01 -2.3096E-01
  1.9000E+01  1.5164E+00  9.0101E-01  3.8640E+01  5.8655E-01 -1.8822E-01 -2.3096E-01
  1.9000E+01  1.5164E+00  9.0101E-01  3.8640E+01  5.8655E-01 -1.8822E-01 -2.3096E-01
  2.0000E+01  6.7828E-01  5.9873E+00  5.1096E+01 -9.1078E-01  3.3825E-01  4.8463E-02
  2.0000E+01  6.7828E-01  5.9873E+00  5.1096E+01 -9.1078E-01  3.3825E-01  4.8463E-02
  2.0000E+01  6.7828E-01  5.9873E+00  5.1096E+01 -9.1078E-01  3.3825E-01  4.8463E-02
  2.0000E+01  6.7828E-01  5.9873E+00  5.1096E+01 -9.1078E-01  3.3825E-01  4.8463E-02
  2.0000E+01  6.7828E-01  5.9873E+00  5.1096E+01 -9.1078E-01  3.3825E-01  4.8463E-02
  2.0000E+01  6.7828E-01  5.9873E+00  5.1096E+01 -9.1078E-01  3.3825E-01  4.8463E-02
  2.0000E+01  6.7828E-01  5.9873E+00  5.1096E+01 -9.1078E-01  3.3825E-01  4.8463E-02
  2.0000E+01  6.7828E-01  5.9873E+00  5.1096E+01 -9.1078E-01  3.3825E-01  4.8463E-02
  2.0000E+01  3.6248E-01  5.7322E+00  5.1096E+01 -9.1078E-01  3.3825E-01  4.8463E-02
  2.0000E+01  3.6248E-01  5.7322E+00  5.1096E+01 -9.1078E-01  3.3825E-01  4.8463E-02
  2.0000E+01  3.6248E-01  5.7322E+00  5.1096E+01 -9.1078E-01  3.3825E-01  4.8463E-02
  2.0000E+01  3.6248E-01  5.7322E+00  5.1096E+01 -9.1078E-01  3.3825E-01  4.8463E-02
  2.0000E+01  3.6248E-01  5.7322E+00  5.1096E+01 -9.1078E-01  3.3825E-01  4.8463E-02
  2.0000E+01  3.6248E-01  5.7322E+00  5.1096E+01 -9.1078E-01  3.3825E-01  4.8463E-02
  2.0000E+01  3.6248E-01  5.7322E+00  5.1096E+01 -9.1078E-01  3.3825E-01  4.8463E-02
  2.0000E+01  3.6248E-01  5.7322E+00  5.1096E+01 -9.1078E-01  3.3825E-01  4.8463E-02
  2.0000E+01  1.8402E-01  6.2620E+00  5.1096E+01 -9.1078E-01  3.3825E-01  4.8463E-02
  2.0000E+01  1.8402E-01  6.2620E+00  5.1096E+01 -9.1078E-01  3.3825E-01  4.8463E-02
  2.0000E+01  1.8402E-01  6.2620E+00  5.1096E+01 -9.1078E-01  3.3825E-01  4.8463E-02
  2.0000E+01  1.8402E-01  6.2620E+00  5.1096E+01 -9.1078E-01  3.3825E-01  4.8463E-02
  2.0000E+01  1.8402E-01  6.2620E+00  5.1096E+01 -9.1078E-01  3.3825E-01  4.8463E-02
  2.0000E+01  1.8402E-01  6.2620E+00  5.1096E+01 -9.1078E-01  3.3825E-01  4.8463E-02
  2.0000E+01  1.8402E-01  6.2620E+00  5.1096E+01 -9.1078E-01  3.3825E-01  4.8463E-02
  2.0000E+01  1.8402E-01  6.2620E+00  5.1096E+01 -9.1078E-01  3.3825E-01  4.8463E-02
  2.1000E+01  8.0484E-01  1.6659E+00  5.4402E+01 -3.7199E-01  2.5740E-01  1.1115E-01
  2.1000E+01  8.0484E-01  1.6659E+00  5.4402E+01 -3.7199E-01  2.5740E-01  1.1115E-01
  2.1000E+01  8.0484E-01  1.6659E+00  5.4402E+01 -3.7199E-01  2.5740E-01  1.1115E-01
  2.1000E+01  8.0484E-01  1.6659E+00  5.4402E+01 -3.7199E-01  2.5740E-01  1.1115E-01
  2.1000E+01  8.0484E-01  1.6659E+00  5.4402E+01 -3.7199E-01  2.5740E-01  1.1115E-01
  2.1000E+01  8.0484E-01  1.6659E+00  5.4402E+01 -3.7199E-01  2.5740E-01  1.1115E-01
  2.1000E+01  8.0484E-01  1.6659E+00  5.4402E+01 -3.7199E-01  2.5740E-01  1.1115E-01
  2.1000E+01  8.0484E-01  1.6659E+00  5.4402E+01 -3.7199E-01  2.5740E-01  1.1115E-01
  2.1000E+01  7.4375E-01  1.4756E+00  5.4402E+01 -3.7199E-01  2.5740E-01  1.1115E-01
  2.1000E+01  7.4375E-01  1.4756E+00  5.4402E+01 -3.7199E-01  2.5740E-01  1.1115E-01
  2.1000E+01  7.4375E-01  1.4756E+00  5.4402E+01 -3.7199E-01  2.5740E-01  1.1115E-01
  2.1000E+01  7.4375E-01  1.4756E+00  5.4402E+01 -3.7199E-01  2.5740E-01  1.1115E-01
  2.1000E+01  7.4375E-01  1.4756E+00  5.4402E+01 -3.7199E-01  2.5740E-01  1.1115E-01
  2.1000E+01  7.4375E-01  1.4756E+00  5.4402E+01 -3.7199E-01  2.5740E-01  1.1115E-01
  2.1000E+01  7.4375E-01  1.4756E+00  5.4402E+01 -3.7199E-01  2.5740E-01  1.1115E-01
  2.1000E+01  7.4375E-01  1.4756E+00  5.4402E+01 -3.7199E-01  2.5740E-01  1.1115E-01
  2.1000E+01  5.1344E-01  1.4713E+00  5.4402E+01 -3.7199E-01  2.5740E-01  1.1115E-01
  2.1000E+01  5.1344E-01  1.4713E+00  5.4402E+01 -3.7199E-01  2.5740E-01  1.1115E-01
  2.1000E+01  5.1344E-01  1.4713E+00  5.4402E+01 -3.7199E-01  2.5740E-01  1.1115E-01
  2.1000E+01  5.1344E-01  1.4713E+00  5.4402E+01 -3.7199E-01  2.5740E-01  1.1115E-01
  2.1000E+01  5.1344E-01  1.4713E+00  5.4402E+01 -3.7199E-01  2.5740E-01  1.1115E-01
  2.1000E+01  5.1344E-01  1.4713E+00  5.4402E+01 -3.7199E-01  2.5740E-01  1.1115E-01
  2.1000E+01  5.1344E-01  1.4713E+00  5.4402E+01 -3.7199E-01  2.5740E-01  1.1115E-01
  2.1000E+01  5.1344E-01  1.4713E+00  5.4402E+01 -3.7199E-01  2.5740E-01  1.1115E-01
  2.2000E+01  7.6527E-01  5.1135E+00  4.8665E+01 -1.3577E-01  2.5861E-01 -2.8745E-04
  2.2000E+01  7.6527E-01  5.1135E+00  4.8665E+01 -1.3577E-01  2.5861E-01 -2.8745E-04
  2.2000E+01  7.6527E-01  5.1135E+00  4.8665E+01 -1.3577E-01  2.5861E-01 -2.8745E-04
  2.2000E+01  7.6527E-01  5.1135E+00  4.8665E+01 -1.3577E-01  2.5861E-01 -2.8745E-04
  2.2000E+01  7.6527E-01  5.1135E+00  4.8665E+01 -1.3577E-01  2.5861E-01 -2.8745E-04
  2.2000E+01  7.6527E-01  5.1135E+00  4.8665E+01 -1.3577E-01  2.5861E-01 -2.8745E-04
  2.2000E+01  7.6527E-01  5.1135E+00  4.8665E+01 -1.3577E-01  2.5861E-01 -2.8745E-04
  2.2000E+01  7.6527E-01  5.1135E+00  4.8665E+01 -1.3577E-01  2.5861E-01 -2.8745E-04
  2.2000E+01  8.5912E-01  6.5601E+00  4.8665E+01 -1.3577E-01  2.5861E-01 -2.8745E-04
  2.2000E+01  8.5912E-01  6.5601E+00  4.8665E+01 -1.3577E-01  2.5861E-01 -2.8745E-04
  2.2000E+01  8.5912E-01  6.5601E+00  4.8665E+01 -1.3577E-01  2.5861E-01 -2.8745E-04
  2.2000E+01  8.5912E-01  6.5601E+00  4.8665E+01 -1.3577E-01  2.5861E-01 -2.8745E-04
  2.2000E+01  8.5912E-01  6.5601E+00  4.8665E+01 -1.3577E-01  2.5861E-01 -2.8745E-04
  2.2000E+01  8.5912E-01  6.5601E+00  4.8665E+01 -1.3577E-01  2.5861E-01 -2.8745E-04
  2.2000E+01  8.5912E-01  6.5601E+00  4.8665E+01 -1.3577E-01  2.5861E-01 -2.8745E-04
  2.2000E+01  8.5912E-01  6.5601E+00  4.8665E+01 -1.3577E-01  2.5861E-01 -2.8745E-04
  2.2000E+01  1.0828E+00  4.8942E+00  4.8665E+01 -1.3577E-01  2.5861E-01 -2.8745E-04
  2.2000E+01  1.0828E+00  4.8942E+00  4.8665E+01 -1.3577E-01  2.5861E-01 -2.8745E-04
  2.2000E+01  1.0828E+00  4.8942E+00  4.8665E+01 -1.3577E-01  2.5861E-01 -2.8745E-04
  2.2000E+01  1.0828E+00  4.8942E+00  4.8665E+01 -1.3577E-01  2.5861E-01 -2.8745E-04
  2.2000E+01  1.0828E+00  4.8942E+00  4.8665E+01 -1.3577E-01  2.5861E-01 -2.8745E-04
  2.2000E+01  1.0828E+00  4.8942E+00  4.8665E+01 -1.3577E-01  2.5861E-01 -2.8745E-04
  2.2000E+01  1.0828E+00  4.8942E+00  4.8665E+01 -1.3577E-01  2.5861E-01 -2.8745E-04
  2.2000E+01  1.0828E+00  4.8942E+00  4.8665E+01 -1.3577E-01  2.5861E-01 -2.8745E-04
  2.3000E+01  1.2632E+00  1.0740E+00  5.7465E+01  1.5413E-01  5.4308E-02  1.6592E-01
  2.3000E+01  1.2632E+00  1.0740E+00  5.7465E+01  1.5413E-01  5.4308E-02  1.6592E-01
  2.3000E+01  1.2632E+00  1.0740E+00  5.7465E+01  1.5413E-01  5.4308E-02  1.6592E-01
  2.3000E+01  1.2632E+00  1.0740E+00  5.7465E+01  1.5413E-01  5.4308E-02  1.6592E-01
  2.3000E+01  1.2632E+00  1.0740E+00  5.7465E+01  1.5413E-01  5.4308E-02  1.6592E-01
  2.3000E+01  1.2632E+00  1.0740E+00  5.7465E+01  1.5413E-01  5.4308E-02  1.6592E-01
  2.3000E+01  1.2632E+00  1.0740E+00  5.7465E+01  1.5413E-01  5.4308E-02  1.6592E-01
  2.3000E+01  1.2632E+00  1.0740E+00  5.7465E+01  1.5413E-01  5.4308E-02  1.6592E-01
  2.3000E+01  1.4089E+00  1.2868E+00  5.7465E+01  1.5413E-01  5.4308E-02  1.6592E-01
  2.3000E+01  1.4089E+00  1.2868E+00  5.7465E+01  1.5413E-01  5.4308E-02  1.6592E-01
  2.3000E+01  1.4089E+00  1.2868E+00  5.7465E+01  1.5413E-01  5.4308E-02  1.6592E-01
  2.3000E+01  1.4089E+00  1.2868E+00  5.7465E+01  1.5413E-01  5.4308E-02  1.6592E-01
  2.3000E+01  1.4089E+00  1.2868E+00  5.7465E+01  1.5413E-01  5.4308E-02  1.6592E-01
  2.3000E+01  1.4089E+00  1.2868E+00  5.7465E+01  1.5413E-01  5.4308E-02  1.6592E-01
  2.3000E+01  1.4089E+00  1.2868E+00  5.7465E+01  1.5413E-01  5.4308E-02  1.6592E-01
  2.3000E+01  1.4089E+00  1.2868E+00  5.7465E+01  1.5413E-01  5.4308E-02  1.6592E-01
  2.3000E+01  1.1215E+00  1.3169E+00  5.7465E+01  1.5413E-01  5.4308E-02  1.6592E-01
  2.3000E+01  1.1215E+00  1.3169E+00  5.7465E+01  1.5413E-01  5.4308E-02  1.6592E-01
  2.3000E+01  1.1215E+00  1.3169E+00  5.7465E+01  1.5413E-01  5.4308E-02  1.6592E-01
  2.3000E+01  1.1215E+00  1.3169E+00  5.7465E+01  1.5413E-01  5.4308E-02  1.6592E-01
  2.3000E+01  1.1215E+00  1.3169E+00  5.7465E+01  1.5413E-01  5.4308E-02  1.6592E-01
  2.3000E+01  1.1215E+00  1.3169E+00  5.7465E+01  1.5413E-01  5.4308E-02  1.6592E-01
  2.3000E+01  1.1215E+00  1.3169E+00  5.7465E+01  1.5413E-01  5.4308E-02  1.6592E-01
  2.3000E+01  1.1215E+00  1.3169E+00  5.7465E+01  1.5413E-01  5.4308E-02  1.6592E-01
  2.4000E+01  1.2862E+00  3.3187E+00  8.0011E+01 -6.1888E-03 -2.6519E-01  4.9691E-01
  2.4000E+01  1.2862E+00  3.3187E+00  8.0011E+01 -6.1888E-03 -2.6519E-01  4.9691E-01
  2.4000E+01  1.2862E+00  3.3187E+00  8.0011E+01 -6.1888E-03 -2.6519E-01  4.9691E-01
  2.4000E+01  1.2862E+00  3.3187E+00  8.0011E+01 -6.1888E-03 -2.6519E-01  4.9691E-01
  2.4000E+01  1.2862E+00  3.3187E+00  8.0011E+01 -6.1888E-03 -2.6519E-01  4.9691E-01
  2.4000E+01  1.2862E+00  3.3187E+00  8.0011E+01 -6.1888E-03 -2.6519E-01  4.9691E-01
  2.4000E+01  1.2862E+00  3.3187E+00  8.0011E+01 -6.1888E-03 -2.6519E-01  4.9691E-01
  2.4000E+01  1.2862E+00  3.3187E+00  8.0011E+01 -6.1888E-03 -2.6519E-01  4.9691E-01
  2.4000E+01  9.8959E-01  3.4337E+00  8.0011E+01 -6.1888E-03 -2.6519E-01  4.9691E-01
  2.4000E+01  9.8959E-01  3.4337E+00  8.0011E+01 -6.1888E-03 -2.6519E-01  4.9691E-01
  2.4000E+01  9.8959E-01  3.4337E+00  8.0011E+01 -6.1888E-03 -2.6519E-01  4.9691E-01
  2.4000E+01  9.8959E-01  3.4337E+00  8.0011E+01 -6.1888E-03 -2.6519E-01  4.9691E-01
  2.4000E+01  9.8959E-01  3.4337E+00  8.0011E+01 -6.1888E-03 -2.6519E-01  4.9691E-01
  2.4000E+01  9.8959E-01  3.4337E+00  8.0011E+01 -6.1888E-03 -2.6519E-01  4.9691E-01
  2.4000E+01  9.8959E-01  3.4337E+00  8.0011E+01 -6.1888E-03 -2.6519E-01  4.9691E-01
  2.4000E+01  9.8959E-01  3.4337E+00  8.0011E+01 -6.1888E-03 -2.6519E-01  4.9691E-01
  2.4000E+01  8.8672E-01  2.4512E+00  8.0011E+01 -6.1888E-03 -2.6519E-01  4.9691E-01
  2.4000E+01  8.8672E-01  2.4512E+00  8.0011E+01 -6.1888E-03 -2.6519E-01  4.9691E-01
  2.4000E+01  8.8672E-01  2.4512E+00  8.0011E+01 -6.1888E-03 -2.6519E-01  4.9691E-01
  2.4000E+01  8.8672E-01  2.4512E+00  8.0011E+01 -6.1888E-03 -2.6519E-01  4.9691E-01
  2.4000E+01  8.8672E-01  2.4512E+00  8.0011E+01 -6.1888E-03 -2.6519E-01  4.9691E-01
  2.4000E+01  8.8672E-01  2.4512E+00  8.0011E+01 -6.1888E-03 -2.6519E-01  4.9691E-01
  2.4000E+01  8.8672E-01  2.4512E+00  8.0011E+01 -6.1888E-03 -2.6519E-01  4.9691E-01
  2.4000E+01  8.8672E-01  2.4512E+00  8.0011E+01 -6.1888E-03 -2.6519E-01  4.9691E-01
  2.5000E+01  7.1199E-01  5.3237E+00  4.3865E+01 -2.3578E-01  2.7196E-01 -1.0415E-01
  2.5000E+01  7.1199E-01  5.3237E+00  4.3865E+01 -2.3578E-01  2.7196E-01 -1.0415E-01
  2.5000E+01  7.1199E-01  5.3237E+00  4.3865E+01 -2.3578E-01  2.7196E-01 -1.0415E-01
  2.5000E+01  7.1199E-01  5.3237E+00  4.3865E+01 -2.3578E-01  2.7196E-01 -1.0415E-01
  2.5000E+01  7.1199E-01  5.3237E+00  4.3865E+01 -2.3578E-01  2.7196E-01 -1.0415E-01
  2.5000E+01  7.1199E-01  5.3237E+00  4.3865E+01 -2.3578E-01  2.7196E-01 -1.0415E-01
  2.5000E+01  7.1199E-01  5.3237E+00  4.3865E+01 -2.3578E-01  2.7196E-01 -1.0415E-01
  2.5000E+01  7.1199E-01  5.3237E+00  4.3865E+01 -2.3578E-01  2.7196E-01 -1.0415E-01
  2.5000E+01  9.8908E-01  6.4792E+00  4.3865E+01 -2.3578E-01  2.7196E-01 -1.0415E-01
  2.5000E+01  9.8908E-01  6.4792E+00  4.3865E+01 -2.3578E-01  2.7196E-01 -1.0415E-01
  2.5000E+01  9.8908E-01  6.4792E+00  4.3865E+01 -2.3578E-01  2.7196E-01 -1.0415E-01
  2.5000E+01  9.8908E-01  6.4792E+00  4.3865E+01 -2.3578E-01  2.7196E-01 -1.0415E-01
  2.5000E+01  9.8908E-01  6.4792E+00  4.3865E+01 -2.3578E-01  2.7196E-01 -1.0415E-01
  2.5000E+01  9.8908E-01  6.4792E+00  4.3865E+01 -2.3578E-01  2.7196E-01 -1.0415E-01
  2.5000E+01  9.8908E-01  6.4792E+00  4.3865E+01 -2.3578E-01  2.7196E-01 -1.0415E-01
  2.5000E+01  9.8908E-01  6.4792E+00  4.3865E+01 -2.3578E-01  2.7196E-01 -1.0415E-01
  2.5000E+01  7.0840E-01  4.9795E+00  4.3865E+01 -2.3578E-01  2.7196E-01 -1.0415E-01
  2.5000E+01  7.0840E-01  4.9795E+00  4.3865E+01 -2.3578E-01  2.7196E-01 -1.0415E-01
  2.5000E+01  7.0840E-01  4.9795E+00  4.3865E+01 -2.3578E-01  2.7196E-01 -1.0415E-01
  2.5000E+01  7.0840E-01  4.9795E+00  4.3865E+01 -2.3578E-01  2.7196E-01 -1.0415E-01
  2.5000E+01  7.0840E-01  4.9795E+00  4.3865E+01 -2.3578E-01  2.7196E-01 -1.0415E-01
  2.5000E+01  7.0840E-01  4.9795E+00  4.3865E+01 -2.3578E-01  2.7196E-01 -1.0415E-01
  2.5000E+01  7.0840E-01  4.9795E+00  4.3865E+01 -2.3578E-01  2.7196E-01 -1.0415E-01
  2.5000E+01  7.0840E-01  4.9795E+00  4.3865E+01 -2.3578E-01  2.7196E-01 -1.0415E-01
  2.6000E+01  8.8312E-01  2.4307E+00  3.3478E+01 -1.5307E-01 -2.9135E-01 -3.7435E-01
  2.6000E+01  8.8312E-01  2.4307E+00  3.3478E+01 -1.5307E-01 -2.9135E-01 -3.7435E-01
  2.6000E+01  8.8312E-01  2.4307E+00  3.3478E+01 -1.5307E-01 -2.9135E-01 -3.7435E-01
  2.6000E+01  8.8312E-01  2.4307E+00  3.3478E+01 -1.5307E-01 -2.9135E-01 -3.7435E-01
  2.6000E+01  8.8312E-01  2.4307E+00  3.3478E+01 -1.5307E-01 -2.9135E-01 -3.7435E-01
  2.6000E+01  8.8312E-01  2.4307E+00  3.3478E+01 -1.5307E-01 -2.9135E-01 -3.7435E-01
  2.6000E+01  8.8312E-01  2.4307E+00  3.3478E+01 -1.5307E-01 -2.9135E-01 -3.7435E-01
  2.6000E+01  8.8312E-01  2.4307E+00  3.3478E+01 -1.5307E-01 -2.9135E-01 -3.7435E-01
  2.6000E+01  9.7002E-01  2.8263E+00  3.3478E+01 -1.5307E-01 -2.9135E-01 -3.7435E-01
  2.6000E+01  9.7002E-01  2.8263E+00  3.3478E+01 -1.5307E-01 -2.9135E-01 -3.7435E-01
  2.6000E+01  9.7002E-01  2.8263E+00  3.3478E+01 -1.5307E-01 -2.9135E-01 -3.7435E-01
  2.6000E+01  9.7002E-01  2.8263E+00  3.3478E+01 -1.5307E-01 -2.9135E-01 -3.7435E-01
  2.6000E+01  9.7002E-01  2.8263E+00  3.3478E+01 -1.5307E-01 -2.9135E-01 -3.7435E-01
  2.6000E+01  9.7002E-01  2.8263E+00  3.3478E+01 -1.5307E-01 -2.9135E-01 -3.7435E-01
  2.6000E+01  9.7002E-01  2.8263E+00  3.3478E+01 -1.5307E-01 -2.9135E-01 -3.7435E-01
  2.6000E+01  9.7002E-01  2.8263E+00  3.3478E+01 -1.5307E-01 -2.9135E-01 -3.7435E-01
  2.6000E+01  7.8147E-01  3.7216E+00  3.3478E+01 -1.5307E-01 -2.9135E-01 -3.7435E-01
  2.6000E+01  7.8147E-01  3.7216E+00  3.3478E+01 -1.5307E-01 -2.9135E-01 -3.7435E-01
  2.6000E+01  7.8147E-01  3.7216E+00  3.3478E+01 -1.5307E-01 -2.9135E-01 -3.7435E-01
  2.6000E+01  7.8147E-01  3.7216E+00  3.3478E+01 -1.5307E-01 -2.9135E-01 -3.7435E-01
  2.6000E+01  7.8147E-01  3.7216E+00  3.3478E+01 -1.5307E-01 -2.9135E-01 -3.7435E-01
  2.6000E+01  7.8147E-01  3.7216E+00  3.3478E+01 -1.5307E-01 -2.9135E-01 -3.7435E-01
  2.6000E+01  7.8147E-01  3.7216E+00  3.3478E+01 -1.5307E-01 -2.9135E-01 -3.7435E-01
  2.6000E+01  7.8147E-01  3.7216E+00  3.3478E+01 -1.5307E-01 -2.9135E-01 -3.7435E-01
  2.7000E+01  9.3324E-01  2.8500E+00  5.5121E+01 -1.5878E-01 -3.0814E-01  1.2428E-01
  2.7000E+01  9.3324E-01  2.8500E+00  5.5121E+01 -1.5878E-01 -3.0814E-01  1.2428E-01
  2.7000E+01  9.3324E-01  2.8500E+00  5.5121E+01 -1.5878E-01 -3.0814E-01  1.2428E-01
  2.7000E+01  9.3324E-01  2.8500E+00  5.5121E+01 -1.5878E-01 -3.0814E-01  1.2428E-01
  2.7000E+01  9.3324E-01  2.8500E+00  5.5121E+01 -1.5878E-01 -3.0814E-01  1.2428E-01
  2.7000E+01  9.3324E-01  2.8500E+00  5.5121E+01 -1.5878E-01 -3.0814E-01  1.2428E-01
  2.7000E+01  9.3324E-01  2.8500E+00  5.5121E+01 -1.5878E-01 -3.0814E-01  1.2428E-01
  2.7000E+01  9.3324E-01  2.8500E+00  5.5121E+01 -1.5878E-01 -3.0814E-01  1.2428E-01
  2.7000E+01  8.4853E-01  3.3410E+00  5.5121E+01 -1.5878E-01 -3.0814E-01  1.2428E-01
  2.7000E+01  8.4853E-01  3.3410E+00  5.5121E+01 -1.5878E-01 -3.0814E-01  1.2428E-01
  2.7000E+01  8.4853E-01  3.3410E+00  5.5121E+01 -1.5878E-01 -3.0814E-01  1.2428E-01
  2.7000E+01  8.4853E-01  3.3410E+00  5.5121E+01 -1.5878E-01 -3.0814E-01  1.2428E-01
  2.7000E+01  8.4853E-01  3.3410E+00  5.5121E+01 -1.5878E-01 -3.0814E-01  1.2428E-01
  2.7000E+01  8.4853E-01  3.3410E+00  5.5121E+01 -1.5878E-01 -3.0814E-01  1.2428E-01
  2.7000E+01  8.4853E-01  3.3410E+00  5.5121E+01 -1.5878E-01 -3.0814E-01  1.2428E-01
  2.7000E+01  8.4853E-01  3.3410E+00  5.5121E+01 -1.5878E-01 -3.0814E-01  1.2428E-01
  2.7000E+01  8.2837E-01  2.5369E+00  5.5121E+01 -1.5878E-01 -3.0814E-01  1.2428E-01
  2.7000E+01  8.2837E-01  2.5369E+00  5.5121E+01 -1.5878E-01 -3.0814E-01  1.2428E-01
  2.7000E+01  8.2837E-01  2.5369E+00  5.5121E+01 -1.5878E-01 -3.0814E-01  1.2428E-01
  2.7000E+01  8.2837E-01  2.5369E+00  5.5121E+01 -1.5878E-01 -3.0814E-01  1.2428E-01
  2.7000E+01  8.2837E-01  2.5369E+00  5.5121E+01 -1.5878E-01 -3.0814E-01  1.2428E-01
  2.7000E+01  8.2837E-01  2.5369E+00  5.5121E+01 -1.5878E-01 -3.0814E-01  1.2428E-01
  2.7000E+01  8.2837E-01  2.5369E+00  5.5121E+01 -1.5878E-01 -3.0814E-01  1.2428E-01
  2.7000E+01  8.2837E-01  2.5369E+00  5.5121E+01 -1.5878E-01 -3.0814E-01  1.2428E-01
  2.8000E+01  1.1199E+00  3.5726E+00  4.6315E+01  3.2719E-01  2.2651E-02 -4.9793E-02
  2.8000E+01  1.1199E+00  3.5726E+00  4.6315E+01  3.2719E-01  2.2651E-02 -4.9793E-02
  2.8000E+01  1.1199E+00  3.5726E+00  4.6315E+01  3.2719E-01  2.2651E-02 -4.9793E-02
  2.8000E+01  1.1199E+00  3.5726E+00  4.6315E+01  3.2719E-01  2.2651E-02 -4.9793E-02
  2.8000E+01  1.1199E+00  3.5726E+00  4.6315E+01  3.2719E-01  2.2651E-02 -4.9793E-02
  2.8000E+01  1.1199E+00  3.5726E+00  4.6315E+01  3.2719E-01  2.2651E-02 -4.9793E-02
  2.8000E+01  1.1199E+00  3.5726E+00  4.6315E+01  3.2719E-01  2.2651E-02 -4.9793E-02
  2.8000E+01  1.1199E+00  3.5726E+00  4.6315E+01  3.2719E-01  2.2651E-02 -4.9793E-02
  2.8000E+01  1.5111E+00  5.0644E+00  4.6315E+01  3.2719E-01  2.2651E-02 -4.9793E-02
  2.8000E+01  1.5111E+00  5.0644E+00  4.6315E+01  3.2719E-01  2.2651E-02 -4.9793E-02
  2.8000E+01  1.5111E+00  5.0644E+00  4.6315E+01  3.2719E-01  2.2651E-02 -4.9793E-02
  2.8000E+01  1.5111E+00  5.0644E+00  4.6315E+01  3.2719E-01  2.2651E-02 -4.9793E-02
  2.8000E+01  1.5111E+00  5.0644E+00  4.6315E+01  3.2719E-01  2.2651E-02 -4.9793E-02
  2.8000E+01  1.5111E+00  5.0644E+00  4.6315E+01  3.2719E-01  2.2651E-02 -4.9793E-02
  2.8000E+01  1.5111E+00  5.0644E+00  4.6315E+01  3.2719E-01  2.2651E-02 -4.9793E-02
  2.8000E+01  1.5111E+00  5.0644E+00  4.6315E+01  3.2719E-01  2.2651E-02 -4.9793E-02
  2.8000E+01  2.1823E+00  4.0859E+00  4.6315E+01  3.2719E-01  2.2651E-02 -4.9793E-02
  2.8000E+01  2.1823E+00  4.0859E+00  4.6315E+01  3.2719E-01  2.2651E-02 -4.9793E-02
  2.8000E+01  2.1823E+00  4.0859E+00  4.6315E+01  3.2719E-01  2.2651E-02 -4.9793E-02
  2.8000E+01  2.1823E+00  4.0859E+00  4.6315E+01  3.2719E-01  2.2651E-02 -4.9793E-02
  2.8000E+01  2.1823E+00  4.0859E+00  4.6315E+01  3.2719E-01  2.2651E-02 -4.9793E-02
  2.8000E+01  2.1823E+00  4.0859E+00  4.6315E+01  3.2719E-01  2.2651E-02 -4.9793E-02
  2.8000E+01  2.1823E+00  4.0859E+00  4.6315E+01  3.2719E-01  2.2651E-02 -4.9793E-02
  2.8000E+01  2.1823E+00  4.0859E+00  4.6315E+01  3.2719E-01  2.2651E-02 -4.9793E-02
  2.9000E+01  4.5879E-01  9.8598E-01  4.4993E+01 -7.8435E-01 -1.8011E-01 -7.8744E-02
  2.9000E+01  4.5879E-01  9.8598E-01  4.4993E+01 -7.8435E-01 -1.8011E-01 -7.8744E-02
  2.9000E+01  4.5879E-01  9.8598E-01  4.4993E+01 -7.8435E-01 -1.8011E-01 -7.8744E-02
  2.9000E+01  4.5879E-01  9.8598E-01  4.4993E+01 -7.8435E-01 -1.8011E-01 -7.8744E-02
  2.9000E+01  4.5879E-01  9.8598E-01  4.4993E+01 -7.8435E-01 -1.8011E-01 -7.8744E-02
  2.9000E+01  4.5879E-01  9.8598E-01  4.4993E+01 -7.8435E-01 -1.8011E-01 -7.8744E-02
  2.9000E+01  4.5879E-01  9.8598E-01  4.4993E+01 -7.8435E-01 -1.8011E-01 -7.8744E-02
  2.9000E+01  4.5879E-01  9.8598E-01  4.4993E+01 -7.8435E-01 -1.8011E-01 -7.8744E-02
  2.9000E+01  5.6123E-01  8.9545E-01  4.4993E+01 -7.8435E-01 -1.8011E-01 -7.8744E-02
  2.9000E+01  5.6123E-01  8.9545E-01  4.4993E+01 -7.8435E-01 -1.8011E-01 -7.8744E-02
  2.9000E+01  5.6123E-01  8.9545E-01  4.4993E+01 -7.8435E-01 -1.8011E-01 -7.8744E-02
  2.9000E+01  5.6123E-01  8.9545E-01  4.4993E+01 -7.8435E-01 -1.8011E-01 -7.8744E-02
  2.9000E+01  5.6123E-01  8.9545E-01  4.4993E+01 -7.8435E-01 -1.8011E-01 -7.8744E-02
  2.9000E+01  5.6123E-01  8.9545E-01  4.4993E+01 -7.8435E-01 -1.8011E-01 -7.8744E-02
  2.9000E+01  5.6123E-01  8.9545E-01  4.4993E+01 -7.8435E-01 -1.8011E-01 -7.8744E-02
  2.9000E+01  5.6123E-01  8.9545E-01  4.4993E+01 -7.8435E-01 -1.8011E-01 -7.8744E-02
  2.9000E+01  2.7546E-01  9.3309E-01  4.4993E+01 -7.8435E-01 -1.8011E-01 -7.8744E-02
  2.9000E+01  2.7546E-01  9.3309E-01  4.4993E+01 -7.8435E-01 -1.8011E-01 -7.8744E-02
  2.9000E+01  2.7546E-01  9.3309E-01  4.4993E+01 -7.8435E-01 -1.8011E-01 -7.8744E-02
  2.9000E+01  2.7546E-01  9.3309E-01  4.4993E+01 -7.8435E-01 -1.8011E-01 -7.8744E-02
  2.9000E+01  2.7546E-01  9.3309E-01  4.4993E+01 -7.8435E-01 -1.8011E-01 -7.8744E-02
  2.9000E+01  2.7546E-01  9.3309E-01  4.4993E+01 -7.8435E-01 -1.8011E-01 -7.8744E-02
  2.9000E+01  2.7546E-01  9.3309E-01  4.4993E+01 -7.8435E-01 -1.8011E-01 -7.8744E-02
  2.9000E+01  2.7546E-01  9.3309E-01  4.4993E+01 -7.8435E-01 -1.8011E-01 -7.8744E-02
  3.0000E+01  1.0300E+00  4.3308E+00  4.5926E+01 -1.4204E-01 -2.0688E-01 -5.8214E-02
  3.0000E+01  1.0300E+00  4.3308E+00  4.5926E+01 -1.4204E-01 -2.0688E-01 -5.8214E-02
  3.0000E+01  1.0300E+00  4.3308E+00  4.5926E+01 -1.4204E-01 -2.0688E-01 -5.8214E-02
  3.0000E+01  1.0300E+00  4.3308E+00  4.5926E+01 -1.4204E-01 -2.0688E-01 -5.8214E-02
  3.0000E+01  1.0300E+00  4.3308E+00  4.5926E+01 -1.4204E-01 -2.0688E-01 -5.8214E-02
  3.0000E+01  1.0300E+00  4.3308E+00  4.5926E+01 -1.4204E-01 -2.0688E-01 -5.8214E-02
  3.0000E+01  1.0300E+00  4.3308E+00  4.5926E+01 -1.4204E-01 -2.0688E-01 -5.8214E-02
  3.0000E+01  1.0300E+00  4.3308E+00  4.5926E+01 -1.4204E-01 -2.0688E-01 -5.8214E-02
  3.0000E+01  8.8894E-01  3.5821E+00  4.5926E+01 -1.4204E-01 -2.0688E-01 -5.8214E-02
  3.0000E+01  8.8894E-01  3.5821E+00  4.5926E+01 -1.4204E-01 -2.0688E-01 -5.8214E-02
  3.0000E+01  8.8894E-01  3.5821E+00  4.5926E+01 -1.4204E-01 -2.0688E-01 -5.8214E-02
  3.0000E+01  8.8894E-01  3.5821E+00  4.5926E+01 -1.4204E-01 -2.0688E-01 -5.8214E-02
  3.0000E+01  8.8894E-01  3.5821E+00  4.5926E+01 -1.4204E-01 -2.0688E-01 -5.8214E-02
  3.0000E+01  8.8894E-01  3.5821E+00  4.5926E+01 -1.4204E-01 -2.0688E-01 -5.8214E-02
  3.0000E+01  8.8894E-01  3.5821E+00  4.5926E+01 -1.4204E-01 -2.0688E-01 -5.8214E-02
  3.0000E+01  8.8894E-01  3.5821E+00  4.5926E+01 -1.4204E-01 -2.0688E-01 -5.8214E-02
  3.0000E+01  7.6041E-01  2.1929E+00  4.5926E+01 -1.4204E-01 -2.0688E-01 -5.8214E-02
  3.0000E+01  7.6041E-01  2.1929E+00  4.5926E+01 -1.4204E-01 -2.0688E-01 -5.8214E-02
  3.0000E+01  7.6041E-01  2.1929E+00  4.5926E+01 -1.4204E-01 -2.0688E-01 -5.8214E-02
  3.0000E+01  7.6041E-01  2.1929E+00  4.5926E+01 -1.4204E-01 -2.0688E-01 -5.8214E-02
  3.0000E+01  7.6041E-01  2.1929E+00  4.5926E+01 -1.4204E-01 -2.0688E-01 -5.8214E-02
  3.0000E+01  7.6041E-01  2.1929E+00  4.5926E+01 -1.4204E-01 -2.0688E-01 -5.8214E-02
  3.0000E+01  7.6041E-01  2.1929E+00  4.5926E+01 -1.4204E-01 -2.0688E-01 -5.8214E-02
  3.0000E+01  7.6041E-01  2.1929E+00  4.5926E+01 -1.4204E-01 -2.0688E-01 -5.8214E-02
  3.1000E+01  1.5248E+00  5.3443E+00  3.8292E+01  8.2746E-02  1.6849E-01 -2.4002E-01
  3.1000E+01  1.5248E+00  5.3443E+00  3.8292E+01  8.2746E-02  1.6849E-01 -2.4002E-01
  3.1000E+01  1.5248E+00  5.3443E+00  3.8292E+01  8.2746E-02  1.6849E-01 -2.4002E-01
  3.1000E+01  1.5248E+00  5.3443E+00  3.8292E+01  8.2746E-02  1.6849E-01 -2.4002E-01
  3.1000E+01  1.5248E+00  5.3443E+00  3.8292E+01  8.2746E-02  1.6849E-01 -2.4002E-01
  3.1000E+01  1.5248E+00  5.3443E+00  3.8292E+01  8.2746E-02  1.6849E-01 -2.4002E-01
  3.1000E+01  1.5248E+00  5.3443E+00  3.8292E+01  8.2746E-02  1.6849E-01 -2.4002E-01
  3.1000E+01  1.5248E+00  5.3443E+00  3.8292E+01  8.2746E-02  1.6849E-01 -2.4002E-01
  3.1000E+01  1.0310E+00  3.9429E+00  3.8292E+01  8.2746E-02  1.6849E-01 -2.4002E-01
  3.1000E+01  1.0310E+00  3.9429E+00  3.8292E+01  8.2746E-02  1.6849E-01 -2.4002E-01
  3.1000E+01  1.0310E+00  3.9429E+00  3.8292E+01  8.2746E-02  1.6849E-01 -2.4002E-01
  3.1000E+01  1.0310E+00  3.9429E+00  3.8292E+01  8.2746E-02  1.6849E-01 -2.4002E-01
  3.1000E+01  1.0310E+00  3.9429E+00  3.8292E+01  8.2746E-02  1.6849E-01 -2.4002E-01
  3.1000E+01  1.0310E+00  3.9429E+00  3.8292E+01  8.2746E-02  1.6849E-01 -2.4002E-01
  3.1000E+01  1.0310E+00  3.9429E+00  3.8292E+01  8.2746E-02  1.6849E-01 -2.4002E-01
  3.1000E+01  1.0310E+00  3.9429E+00  3.8292E+01  8.2746E-02  1.6849E-01 -2.4002E-01
  3.1000E+01  9.8497E-01  5.7447E+00  3.8292E+01  8.2746E-02  1.6849E-01 -2.4002E-01
  3.1000E+01  9.8497E-01  5.7447E+00  3.8292E+01  8.2746E-02  1.6849E-01 -2.4002E-01
  3.1000E+01  9.8497E-01  5.7447E+00  3.8292E+01  8.2746E-02  1.6849E-01 -2.4002E-01
  3.1000E+01  9.8497E-01  5.7447E+00  3.8292E+01  8.2746E-02  1.6849E-01 -2.4002E-01
  3.1000E+01  9.8497E-01  5.7447E+00  3.8292E+01  8.2746E-02  1.6849E-01 -2.4002E-01
  3.1000E+01  9.8497E-01  5.7447E+00  3.8292E+01  8.2746E-02  1.6849E-01 -2.4002E-01
  3.1000E+01  9.8497E-01  5.7447E+00  3.8292E+01  8.2746E-02  1.6849E-01 -2.4002E-01
  3.1000E+01  9.8497E-01  5.7447E+00  3.8292E+01  8.2746E-02  1.6849E-01 -2.4002E-01
  3.2000E+01  1.2069E+00  1.0879E+00  4.7618E+01 -1.5135E-01  3.8556E-02 -2.2038E-02
  3.2000E+01  1.2069E+00  1.0879E+00  4.7618E+01 -1.5135E-01  3.8556E-02 -2.2038E-02
  3.2000E+01  1.2069E+00  1.0879E+00  4.7618E+01 -1.5135E-01  3.8556E-02 -2.2038E-02
  3.2000E+01  1.2069E+00  1.0879E+00  4.7618E+01 -1.5135E-01  3.8556E-02 -2.2038E-02
  3.2000E+01  1.2069E+00  1.0879E+00  4.7618E+01 -1.5135E-01  3.8556E-02 -2.2038E-02
  3.2000E+01  1.2069E+00  1.0879E+00  4.7618E+01 -1.5135E-01  3.8556E-02 -2.2038E-02
  3.2000E+01  1.2069E+00  1.0879E+00  4.7618E+01 -1.5135E-01  3.8556E-02 -2.2038E-02
  3.2000E+01  1.2069E+00  1.0879E+00  4.7618E+01 -1.5135E-01  3.8556E-02 -2.2038E-02
  3.2000E+01  6.2759E-01  1.2381E+00  4.7618E+01 -1.5135E-01  3.8556E-02 -2.2038E-02
  3.2000E+01  6.2759E-01  1.2381E+00  4.7618E+01 -1.5135E-01  3.8556E-02 -2.2038E-02
  3.2000E+01  6.2759E-01  1.2381E+00  4.7618E+01 -1.5135E-01  3.8556E-02 -2.2038E-02
  3.2000E+01  6.2759E-01  1.2381E+00  4.7618E+01 -1.5135E-01  3.8556E-02 -2.2038E-02
  3.2000E+01  6.2759E-01  1.2381E+00  4.7618E+01 -1.5135E-01  3.8556E-02 -2.2038E-02
  3.2000E+01  6.2759E-01  1.2381E+00  4.7618E+01 -1.5135E-01  3.8556E-02 -2.2038E-02
  3.2000E+01  6.2759E-01  1.2381E+00  4.7618E+01 -1.5135E-01  3.8556E-02 -2.2038E-02
  3.2000E+01  6.2759E-01  1.2381E+00  4.7618E+01 -1.5135E-01  3.8556E-02 -2.2038E-02
  3.2000E+01  8.8927E-01  1.2811E+00  4.7618E+01 -1.5135E-01  3.8556E-02 -2.2038E-02
  3.2000E+01  8.8927E-01  1.2811E+00  4.7618E+01 -1.5135E-01  3.8556E-02 -2.2038E-02
  3.2000E+01  8.8927E-01  1.2811E+00  4.7618E+01 -1.5135E-01  3.8556E-02 -2.2038E-02
  3.2000E+01  8.8927E-01  1.2811E+00  4.7618E+01 -1.5135E-01  3.8556E-02 -2.2038E-02
  3.2000E+01  8.8927E-01  1.2811E+00  4.7618E+01 -1.5135E-01  3.8556E-02 -2.2038E-02
  3.2000E+01  8.8927E-01  1.2811E+00  4.7618E+01 -1.5135E-01  3.8556E-02 -2.2038E-02
  3.2000E+01  8.8927E-01  1.2811E+00  4.7618E+01 -1.5135E-01  3.8556E-02 -2.2038E-02
  3.2000E+01  8.8927E-01  1.2811E+00  4.7618E+01 -1.5135E-01  3.8556E-02 -2.2038E-02
  3.3000E+01  1.7499E+00  7.9684E-01  5.3066E+01  2.2092E-01 -3.0621E-01  8.6288E-02
  3.3000E+01  1.7499E+00  7.9684E-01  5.3066E+01  2.2092E-01 -3.0621E-01  8.6288E-02
  3.3000E+01  1.7499E+00  7.9684E-01  5.3066E+01  2.2092E-01 -3.0621E-01  8.6288E-02
  3.3000E+01  1.7499E+00  7.9684E-01  5.3066E+01  2.2092E-01 -3.0621E-01  8.6288E-02
  3.3000E+01  1.7499E+00  7.9684E-01  5.3066E+01  2.2092E-01 -3.0621E-01  8.6288E-02
  3.3000E+01  1.7499E+00  7.9684E-01  5.3066E+01  2.2092E-01 -3.0621E-01  8.6288E-02
  3.3000E+01  1.7499E+00  7.9684E-01  5.3066E+01  2.2092E-01 -3.0621E-01  8.6288E-02
  3.3000E+01  1.7499E+00  7.9684E-01  5.3066E+01  2.2092E-01 -3.0621E-01  8.6288E-02
  3.3000E+01  1.6383E+00  8.2149E-01  5.3066E+01  2.2092E-01 -3.0621E-01  8.6288E-02
  3.3000E+01  1.6383E+00  8.2149E-01  5.3066E+01  2.2092E-01 -3.0621E-01  8.6288E-02
  3.3000E+01  1.6383E+00  8.2149E-01  5.3066E+01  2.2092E-01 -3.0621E-01  8.6288E-02
  3.3000E+01  1.6383E+00  8.2149E-01  5.3066E+01  2.2092E-01 -3.0621E-01  8.6288E-02
  3.3000E+01  1.6383E+00  8.2149E-01  5.3066E+01  2.2092E-01 -3.0621E-01  8.6288E-02
  3.3000E+01  1.6383E+00  8.2149E-01  5.3066E+01  2.2092E-01 -3.0621E-01  8.6288E-02
  3.3000E+01  1.6383E+00  8.2149E-01  5.3066E+01  2.2092E-01 -3.0621E-01  8.6288E-02
  3.3000E+01  1.6383E+00  8.2149E-01  5.3066E+01  2.2092E-01 -3.0621E-01  8.6288E-02
  3.3000E+01  8.8280E-01  8.2164E-01  5.3066E+01  2.2092E-01 -3.0621E-01  8.6288E-02
  3.3000E+01  8.8280E-01  8.2164E-01  5.3066E+01  2.2092E-01 -3.0621E-01  8.6288E-02
  3.3000E+01  8.8280E-01  8.2164E-01  5.3066E+01  2.2092E-01 -3.0621E-01  8.6288E-02
  3.3000E+01  8.8280E-01  8.2164E-01  5.3066E+01  2.2092E-01 -3.0621E-01  8.6288E-02
  3.3000E+01  8.8280E-01  8.2164E-01  5.3066E+01  2.2092E-01 -3.0621E-01  8.6288E-02
  3.3000E+01  8.8280E-01  8.2164E-01  5.3066E+01  2.2092E-01 -3.0621E-01  8.6288E-02
  3.3000E+01  8.8280E-01  8.2164E-01  5.3066E+01  2.2092E-01 -3.0621E-01  8.6288E-02
  3.3000E+01  8.8280E-01  8.2164E-01  5.3066E+01  2.2092E-01 -3.0621E-01  8.6288E-02
  3.4000E+01  3.9404E-01  4.1417E+00  4.5858E+01 -3.4046E-01  6.7287E-03 -5.9709E-02
  3.4000E+01  3.9404E-01  4.1417E+00  4.5858E+01 -3.4046E-01  6.7287E-03 -5.9709E-02
  3.4000E+01  3.9404E-01  4.1417E+00  4.5858E+01 -3.4046E-01  6.7287E-03 -5.9709E-02
  3.4000E+01  3.9404E-01  4.1417E+00  4.5858E+01 -3.4046E-01  6.7287E-03 -5.9709E-02
  3.4000E+01  3.9404E-01  4.1417E+00  4.5858E+01 -3.4046E-01  6.7287E-03 -5.9709E-02
  3.4000E+01  3.9404E-01  4.1417E+00  4.5858E+01 -3.4046E-01  6.7287E-03 -5.9709E-02
  3.4000E+01  3.9404E-01  4.1417E+00  4.5858E+01 -3.4046E-01  6.7287E-03 -5.9709E-02
  3.4000E+01  3.9404E-01  4.1417E+00  4.5858E+01 -3.4046E-01  6.7287E-03 -5.9709E-02
  3.4000E+01  9.2544E-01  3.2229E+00  4.5858E+01 -3.4046E-01  6.7287E-03 -5.9709E-02
  3.4000E+01  9.2544E-01  3.2229E+00  4.5858E+01 -3.4046E-01  6.7287E-03 -5.9709E-02
  3.4000E+01  9.2544E-01  3.2229E+00  4.5858E+01 -3.4046E-01  6.7287E-03 -5.9709E-02
  3.4000E+01  9.2544E-01  3.2229E+00  4.5858E+01 -3.4046E-01  6.7287E-03 -5.9709E-02
  3.4000E+01  9.2544E-01  3.2229E+00  4.5858E+01 -3.4046E-01  6.7287E-03 -5.9709E-02
  3.4000E+01  9.2544E-01  3.2229E+00  4.5858E+01 -3.4046E-01  6.7287E-03 -5.9709E-02
  3.4000E+01  9.2544E-01  3.2229E+00  4.5858E+01 -3.4046E-01  6.7287E-03 -5.9709E-02
  3.4000E+01  9.2544E-01  3.2229E+00  4.5858E+01 -3.4046E-01  6.7287E-03 -5.9709E-02
  3.4000E+01  9.4285E-01  5.2480E+00  4.5858E+01 -3.4046E-01  6.7287E-03 -5.9709E-02
  3.4000E+01  9.4285E-01  5.2480E+00  4.5858E+01 -3.4046E-01  6.7287E-03 -5.9709E-02
  3.4000E+01  9.4285E-01  5.2480E+00  4.5858E+01 -3.4046E-01  6.7287E-03 -5.9709E-02
  3.4000E+01  9.4285E-01  5.2480E+00  4.5858E+01 -3.4046E-01  6.7287E-03 -5.9709E-02
  3.4000E+01  9.4285E-01  5.2480E+00  4.5858E+01 -3.4046E-01  6.7287E-03 -5.9709E-02
  3.4000E+01  9.4285E-01  5.2480E+00  4.5858E+01 -3.4046E-01  6.7287E-03 -5.9709E-02
  3.4000E+01  9.4285E-01  5.2480E+00  4.5858E+01 -3.4046E-01  6.7287E-03 -5.9709E-02
  3.4000E+01  9.4285E-01  5.2480E+00  4.5858E+01 -3.4046E-01  6.7287E-03 -5.9709E-02
  3.5000E+01  1.7326E+00  1.0536E+01  3.9757E+01  1.3280E-01  5.1354E-01 -2.0247E-01
  3.5000E+01  1.7326E+00  1.0536E+01  3.9757E+01  1.3280E-01  5.1354E-01 -2.0247E-01
  3.5000E+01  1.7326E+00  1.0536E+01  3.9757E+01  1.3280E-01  5.1354E-01 -2.0247E-01
  3.5000E+01  1.7326E+00  1.0536E+01  3.9757E+01  1.3280E-01  5.1354E-01 -2.0247E-01
  3.5000E+01  1.7326E+00  1.0536E+01  3.9757E+01  1.3280E-01  5.1354E-01 -2.0247E-01
  3.5000E+01  1.7326E+00  1.0536E+01  3.9757E+01  1.3280E-01  5.1354E-01 -2.0247E-01
  3.5000E+01  1.7326E+00  1.0536E+01  3.9757E+01  1.3280E-01  5.1354E-01 -2.0247E-01
  3.5000E+01  1.7326E+00  1.0536E+01  3.9757E+01  1.3280E-01  5.1354E-01 -2.0247E-01
  3.5000E+01  1.2962E+00  5.2493E+00  3.9757E+01  1.3280E-01  5.1354E-01 -2.0247E-01
  3.5000E+01  1.2962E+00  5.2493E+00  3.9757E+01  1.3280E-01  5.1354E-01 -2.0247E-01
  3.5000E+01  1.2962E+00  5.2493E+00  3.9757E+01  1.3280E-01  5.1354E-01 -2.0247E-01
  3.5000E+01  1.2962E+00  5.2493E+00  3.9757E+01  1.3280E-01  5.1354E-01 -2.0247E-01
  3.5000E+01  1.2962E+00  5.2493E+00  3.9757E+01  1.3280E-01  5.1354E-01 -2.0247E-01
  3.5000E+01  1.2962E+00  5.2493E+00  3.9757E+01  1.3280E-01  5.1354E-01 -2.0247E-01
  3.5000E+01  1.2962E+00  5.2493E+00  3.9757E+01  1.3280E-01  5.1354E-01 -2.0247E-01
  3.5000E+01  1.2962E+00  5.2493E+00  3.9757E+01  1.3280E-01  5.1354E-01 -2.0247E-01
  3.5000E+01  8.2381E-01  7.0290E+00  3.9757E+01  1.3280E-01  5.1354E-01 -2.0247E-01
  3.5000E+01  8.2381E-01  7.0290E+00  3.9757E+01  1.3280E-01  5.1354E-01 -2.0247E-01
  3.5000E+01  8.2381E-01  7.0290E+00  3.9757E+01  1.3280E-01  5.1354E-01 -2.0247E-01
  3.5000E+01  8.2381E-01  7.0290E+00  3.9757E+01  1.3280E-01  5.1354E-01 -2.0247E-01
  3.5000E+01  8.2381E-01  7.0290E+00  3.9757E+01  1.3280E-01  5.1354E-01 -2.0247E-01
  3.5000E+01  8.2381E-01  7.0290E+00  3.9757E+01  1.3280E-01  5.1354E-01 -2.0247E-01
  3.5000E+01  8.2381E-01  7.0290E+00  3.9757E+01  1.3280E-01  5.1354E-01 -2.0247E-01
  3.5000E+01  8.2381E-01  7.0290E+00  3.9757E+01  1.3280E-01  5.1354E-01 -2.0247E-01
  3.6000E+01  6.5335E-01  6.2466E+00  5.0977E+01 -5.1797E-01  2.3658E-01  4.6131E-02
  3.6000E+01  6.5335E-01  6.2466E+00  5.0977E+01 -5.1797E-01  2.3658E-01  4.6131E-02
  3.6000E+01  6.5335E-01  6.2466E+00  5.0977E+01 -5.1797E-01  2.3658E-01  4.6131E-02
  3.6000E+01  6.5335E-01  6.2466E+00  5.0977E+01 -5.1797E-01  2.3658E-01  4.6131E-02
  3.6000E+01  6.5335E-01  6.2466E+00  5.0977E+01 -5.1797E-01  2.3658E-01  4.6131E-02
  3.6000E+01  6.5335E-01  6.2466E+00  5.0977E+01 -5.1797E-01  2.3658E-01  4.6131E-02
  3.6000E+01  6.5335E-01  6.2466E+00  5.0977E+01 -5.1797E-01  2.3658E-01  4.6131E-02
  3.6000E+01  6.5335E-01  6.2466E+00  5.0977E+01 -5.1797E-01  2.3658E-01  4.6131E-02
  3.6000E+01  4.4638E-01  6.1206E+00  5.0977E+01 -5.1797E-01  2.3658E-01  4.6131E-02
  3.6000E+01  4.4638E-01  6.1206E+00  5.0977E+01 -5.1797E-01  2.3658E-01  4.6131E-02
  3.6000E+01  4.4638E-01  6.1206E+00  5.0977E+01 -5.1797E-01  2.3658E-01  4.6131E-02
  3.6000E+01  4.4638E-01  6.1206E+00  5.0977E+01 -5.1797E-01  2.3658E-01  4.6131E-02
  3.6000E+01  4.4638E-01  6.1206E+00  5.0977E+01 -5.1797E-01  2.3658E-01  4.6131E-02
  3.6000E+01  4.4638E-01  6.1206E+00  5.0977E+01 -5.1797E-01  2.3658E-01  4.6131E-02
  3.6000E+01  4.4638E-01  6.1206E+00  5.0977E+01 -5.1797E-01  2.3658E-01  4.6131E-02
  3.6000E+01  4.4638E-01  6.1206E+00  5.0977E+01 -5.1797E-01  2.3658E-01  4.6131E-02
  3.6000E+01  6.2710E-01  3.9859E+00  5.0977E+01 -5.1797E-01  2.3658E-01  4.6131E-02
  3.6000E+01  6.2710E-01  3.9859E+00  5.0977E+01 -5.1797E-01  2.3658E-01  4.6131E-02
  3.6000E+01  6.2710E-01  3.9859E+00  5.0977E+01 -5.1797E-01  2.3658E-01  4.6131E-02
  3.6000E+01  6.2710E-01  3.9859E+00  5.0977E+01 -5.1797E-01  2.3658E-01  4.6131E-02
  3.6000E+01  6.2710E-01  3.9859E+00  5.0977E+01 -5.1797E-01  2.3658E-01  4.6131E-02
  3.6000E+01  6.2710E-01  3.9859E+00  5.0977E+01 -5.1797E-01  2.3658E-01  4.6131E-02
  3.6000E+01  6.2710E-01  3.9859E+00  5.0977E+01 -5.1797E-01  2.3658E-01  4.6131E-02
  3.6000E+01  6.2710E-01  3.9859E+00  5.0977E+01 -5.1797E-01  2.3658E-01  4.6131E-02
  3.7000E+01  1.7717E+00  4.2409E+00  4.4443E+01  2.8361E-01 -5.8910E-02 -9.1047E-02
  3.7000E+01  1.7717E+00  4.2409E+00  4.4443E+01  2.8361E-01 -5.8910E-02 -9.1047E-02
  3.7000E+01  1.7717E+00  4.2409E+00  4.4443E+01  2.8361E-01 -5.8910E-02 -9.1047E-02
  3.7000E+01  1.7717E+00  4.2409E+00  4.4443E+01  2.8361E-01 -5.8910E-02 -9.1047E-02
  3.7000E+01  1.7717E+00  4.2409E+00  4.4443E+01  2.8361E-01 -5.8910E-02 -9.1047E-02
  3.7000E+01  1.7717E+00  4.2409E+00  4.4443E+01  2.8361E-01 -5.8910E-02 -9.1047E-02
  3.7000E+01  1.7717E+00  4.2409E+00  4.4443E+01  2.8361E-01 -5.8910E-02 -9.1047E-02
  3.7000E+01  1.7717E+00  4.2409E+00  4.4443E+01  2.8361E-01 -5.8910E-02 -9.1047E-02
  3.7000E+01  1.3640E+00  3.5986E+00  4.4443E+01  2.8361E-01 -5.8910E-02 -9.1047E-02
  3.7000E+01  1.3640E+00  3.5986E+00  4.4443E+01  2.8361E-01 -5.8910E-02 -9.1047E-02
  3.7000E+01  1.3640E+00  3.5986E+00  4.4443E+01  2.8361E-01 -5.8910E-02 -9.1047E-02
  3.7000E+01  1.3640E+00  3.5986E+00  4.4443E+01  2.8361E-01 -5.8910E-02 -9.1047E-02
  3.7000E+01  1.3640E+00  3.5986E+00  4.4443E+01  2.8361E-01 -5.8910E-02 -9.1047E-02
  3.7000E+01  1.3640E+00  3.5986E+00  4.4443E+01  2.8361E-01 -5.8910E-02 -9.1047E-02
  3.7000E+01  1.3640E+00  3.5986E+00  4.4443E+01  2.8361E-01 -5.8910E-02 -9.1047E-02
  3.7000E+01  1.3640E+00  3.5986E+00  4.4443E+01  2.8361E-01 -5.8910E-02 -9.1047E-02
  3.7000E+01  1.3088E+00  3.6765E+00  4.4443E+01  2.8361E-01 -5.8910E-02 -9.1047E-02
  3.7000E+01  1.3088E+00  3.6765E+00  4.4443E+01  2.8361E-01 -5.8910E-02 -9.1047E-02
  3.7000E+01  1.3088E+00  3.6765E+00  4.4443E+01  2.8361E-01 -5.8910E-02 -9.1047E-02
  3.7000E+01  1.3088E+00  3.6765E+00  4.4443E+01  2.8361E-01 -5.8910E-02 -9.1047E-02
  3.7000E+01  1.3088E+00  3.6765E+00  4.4443E+01  2.8361E-01 -5.8910E-02 -9.1047E-02
  3.7000E+01  1.3088E+00  3.6765E+00  4.4443E+01  2.8361E-01 -5.8910E-02 -9.1047E-02
  3.7000E+01  1.3088E+00  3.6765E+00  4.4443E+01  2.8361E-01 -5.8910E-02 -9.1047E-02
  3.7000E+01  1.3088E+00  3.6765E+00  4.4443E+01  2.8361E-01 -5.8910E-02 -9.1047E-02
  3.8000E+01  8.5085E-01  3.5511E+00  5.2248E+01 -1.9888E-01 -9.0461E-02  7.0755E-02
  3.8000E+01  8.5085E-01  3.5511E+00  5.2248E+01 -1.9888E-01 -9.0461E-02  7.0755E-02
  3.8000E+01  8.5085E-01  3.5511E+00  5.2248E+01 -1.9888E-01 -9.0461E-02  7.0755E-02
  3.8000E+01  8.5085E-01  3.5511E+00  5.2248E+01 -1.9888E-01 -9.0461E-02  7.0755E-02
  3.8000E+01  8.5085E-01  3.5511E+00  5.2248E+01 -1.9888E-01 -9.0461E-02  7.0755E-02
  3.8000E+01  8.5085E-01  3.5511E+00  5.2248E+01 -1.9888E-01 -9.0461E-02  7.0755E-02
  3.8000E+01  8.5085E-01  3.5511E+00  5.2248E+01 -1.9888E-01 -9.0461E-02  7.0755E-02
  3.8000E+01  8.5085E-01  3.5511E+00  5.2248E+01 -1.9888E-01 -9.0461E-02  7.0755E-02
  3.8000E+01  1.0008E+00  3.7437E+00  5.2248E+01 -1.9888E-01 -9.0461E-02  7.0755E-02
  3.8000E+01  1.0008E+00  3.7437E+00  5.2248E+01 -1.9888E-01 -9.0461E-02  7.0755E-02
  3.8000E+01  1.0008E+00  3.7437E+00  5.2248E+01 -1.9888E-01 -9.0461E-02  7.0755E-02
  3.8000E+01  1.0008E+00  3.7437E+00  5.2248E+01 -1.9888E-01 -9.0461E-02  7.0755E-02
  3.8000E+01  1.0008E+00  3.7437E+00  5.2248E+01 -1.9888E-01 -9.0461E-02  7.0755E-02
  3.8000E+01  1.0008E+00  3.7437E+00  5.2248E+01 -1.9888E-01 -9.0461E-02  7.0755E-02
  3.8000E+01  1.0008E+00  3.7437E+00  5.2248E+01 -1.9888E-01 -9.0461E-02  7.0755E-02
  3.8000E+01  1.0008E+00  3.7437E+00  5.2248E+01 -1.9888E-01 -9.0461E-02  7.0755E-02
  3.8000E+01  6.6797E-01  3.7935E+00  5.2248E+01 -1.9888E-01 -9.0461E-02  7.0755E-02
  3.8000E+01  6.6797E-01  3.7935E+00  5.2248E+01 -1.9888E-01 -9.0461E-02  7.0755E-02
  3.8000E+01  6.6797E-01  3.7935E+00  5.2248E+01 -1.9888E-01 -9.0461E-02  7.0755E-02
  3.8000E+01  6.6797E-01  3.7935E+00  5.2248E+01 -1.9888E-01 -9.0461E-02  7.0755E-02
  3.8000E+01  6.6797E-01  3.7935E+00  5.2248E+01 -1.9888E-01 -9.0461E-02  7.0755E-02
  3.8000E+01  6.6797E-01  3.7935E+00  5.2248E+01 -1.9888E-01 -9.0461E-02  7.0755E-02
  3.8000E+01  6.6797E-01  3.7935E+00  5.2248E+01 -1.9888E-01 -9.0461E-02  7.0755E-02
  3.8000E+01  6.6797E-01  3.7935E+00  5.2248E+01 -1.9888E-01 -9.0461E-02  7.0755E-02
  3.9000E+01  7.3557E-01  5.2393E+00  4.4668E+01 -3.1419E-02  2.2003E-01 -8.6003E-02
  3.9000E+01  7.3557E-01  5.2393E+00  4.4668E+01 -3.1419E-02  2.2003E-01 -8.6003E-02
  3.9000E+01  7.3557E-01  5.2393E+00  4.4668E+01 -3.1419E-02  2.2003E-01 -8.6003E-02
  3.9000E+01  7.3557E-01  5.2393E+00  4.4668E+01 -3.1419E-02  2.2003E-01 -8.6003E-02
  3.9000E+01  7.3557E-01  5.2393E+00  4.4668E+01 -3.1419E-02  2.2003E-01 -8.6003E-02
  3.9000E+01  7.3557E-01  5.2393E+00  4.4668E+01 -3.1419E-02  2.2003E-01 -8.6003E-02
  3.9000E+01  7.3557E-01  5.2393E+00  4.4668E+01 -3.1419E-02  2.2003E-01 -8.6003E-02
  3.9000E+01  7.3557E-01  5.2393E+00  4.4668E+01 -3.1419E-02  2.2003E-01 -8.6003E-02
  3.9000E+01  1.2465E+00  5.2453E+00  4.4668E+01 -3.1419E-02  2.2003E-01 -8.6003E-02
  3.9000E+01  1.2465E+00  5.2453E+00  4.4668E+01 -3.1419E-02  2.2003E-01 -8.6003E-02
  3.9000E+01  1.2465E+00  5.2453E+00  4.4668E+01 -3.1419E-02  2.2003E-01 -8.6003E-02
  3.9000E+01  1.2465E+00  5.2453E+00  4.4668E+01 -3.1419E-02  2.2003E-01 -8.6003E-02
  3.9000E+01  1.2465E+00  5.2453E+00  4.4668E+01 -3.1419E-02  2.2003E-01 -8.6003E-02
  3.9000E+01  1.2465E+00  5.2453E+00  4.4668E+01 -3.1419E-02  2.2003E-01 -8.6003E-02
  3.9000E+01  1.2465E+00  5.2453E+00  4.4668E+01 -3.1419E-02  2.2003E-01 -8.6003E-02
  3.9000E+01  1.2465E+00  5.2453E+00  4.4668E+01 -3.1419E-02  2.2003E-01 -8.6003E-02
  3.9000E+01  1.1253E+00  5.2435E+00  4.4668E+01 -3.1419E-02  2.2003E-01 -8.6003E-02
  3.9000E+01  1.1253E+00  5.2435E+00  4.4668E+01 -3.1419E-02  2.2003E-01 -8.6003E-02
  3.9000E+01  1.1253E+00  5.2435E+00  4.4668E+01 -3.1419E-02  2.2003E-01 -8.6003E-02
  3.9000E+01  1.1253E+00  5.2435E+00  4.4668E+01 -3.1419E-02  2.2003E-01 -8.6003E-02
  3.9000E+01  1.1253E+00  5.2435E+00  4.4668E+01 -3.1419E-02  2.2003E-01 -8.6003E-02
  3.9000E+01  1.1253E+00  5.2435E+00  4.4668E+01 -3.1419E-02  2.2003E-01 -8.6003E-02
  3.9000E+01  1.1253E+00  5.2435E+00  4.4668E+01 -3.1419E-02  2.2003E-01 -8.6003E-02
  3.9000E+01  1.1253E+00  5.2435E+00  4.4668E+01 -3.1419E-02  2.2003E-01 -8.6003E-02
  4.0000E+01  2.4080E-01  4.0394E+00  4.6464E+01 -8.6079E-01  1.6803E-02 -4.6577E-02
  4.0000E+01  2.4080E-01  4.0394E+00  4.6464E+01 -8.6079E-01  1.6803E-02 -4.6577E-02
  4.0000E+01  2.4080E-01  4.0394E+00  4.6464E+01 -8.6079E-01  1.6803E-02 -4.6577E-02
  4.0000E+01  2.4080E-01  4.0394E+00  4.6464E+01 -8.6079E-01  1.6803E-02 -4.6577E-02
  4.0000E+01  2.4080E-01  4.0394E+00  4.6464E+01 -8.6079E-01  1.6803E-02 -4.6577E-02
  4.0000E+01  2.4080E-01  4.0394E+00  4.6464E+01 -8.6079E-01  1.6803E-02 -4.6577E-02
  4.0000E+01  2.4080E-01  4.0394E+00  4.6464E+01 -8.6079E-01  1.6803E-02 -4.6577E-02
  4.0000E+01  2.4080E-01  4.0394E+00  4.6464E+01 -8.6079E-01  1.6803E-02 -4.6577E-02
  4.0000E+01  3.7246E-01  4.1548E+00  4.6464E+01 -8.6079E-01  1.6803E-02 -4.6577E-02
  4.0000E+01  3.7246E-01  4.1548E+00  4.6464E+01 -8.6079E-01  1.6803E-02 -4.6577E-02
  4.0000E+01  3.7246E-01  4.1548E+00  4.6464E+01 -8.6079E-01  1.6803E-02 -4.6577E-02
  4.0000E+01  3.7246E-01  4.1548E+00  4.6464E+01 -8.6079E-01  1.6803E-02 -4.6577E-02
  4.0000E+01  3.7246E-01  4.1548E+00  4.6464E+01 -8.6079E-01  1.6803E-02 -4.6577E-02
  4.0000E+01  3.7246E-01  4.1548E+00  4.6464E+01 -8.6079E-01  1.6803E-02 -4.6577E-02
  4.0000E+01  3.7246E-01  4.1548E+00  4.6464E+01 -8.6079E-01  1.6803E-02 -4.6577E-02
  4.0000E+01  3.7246E-01  4.1548E+00  4.6464E+01 -8.6079E-01  1.6803E-02 -4.6577E-02
  4.0000E+01  6.0259E-01  4.3186E+00  4.6464E+01 -8.6079E-01  1.6803E-02 -4.6577E-02
  4.0000E+01  6.0259E-01  4.3186E+00  4.6464E+01 -8.6079E-01  1.6803E-02 -4.6577E-02
  4.0000E+01  6.0259E-01  4.3186E+00  4.6464E+01 -8.6079E-01  1.6803E-02 -4.6577E-02
  4.0000E+01  6.0259E-01  4.3186E+00  4.6464E+01 -8.6079E-01  1.6803E-02 -4.6577E-02
  4.0000E+01  6.0259E-01  4.3186E+00  4.6464E+01 -8.6079E-01  1.6803E-02 -4.6577E-02
  4.0000E+01  6.0259E-01  4.3186E+00  4.6464E+01 -8.6079E-01  1.6803E-02 -4.6577E-02
  4.0000E+01  6.0259E-01  4.3186E+00  4.6464E+01 -8.6079E-01  1.6803E-02 -4.6577E-02
  4.0000E+01  6.0259E-01  4.3186E+00  4.6464E+01 -8.6079E-01  1.6803E-02 -4.6577E-02
  4.1000E+01  1.0706E+00  8.9539E-01  5.4658E+01  1.3799E-01 -1.2180E-01  1.1584E-01
  4.1000E+01  1.0706E+00  8.9539E-01  5.4658E+01  1.3799E-01 -1.2180E-01  1.1584E-01
  4.1000E+01  1.0706E+00  8.9539E-01  5.4658E+01  1.3799E-01 -1.2180E-01  1.1584E-01
  4.1000E+01  1.0706E+00  8.9539E-01  5.4658E+01  1.3799E-01 -1.2180E-01  1.1584E-01
  4.1000E+01  1.0706E+00  8.9539E-01  5.4658E+01  1.3799E-01 -1.2180E-01  1.1584E-01
  4.1000E+01  1.0706E+00  8.9539E-01  5.4658E+01  1.3799E-01 -1.2180E-01  1.1584E-01
  4.1000E+01  1.0706E+00  8.9539E-01  5.4658E+01  1.3799E-01 -1.2180E-01  1.1584E-01
  4.1000E+01  1.0706E+00  8.9539E-01  5.4658E+01  1.3799E-01 -1.2180E-01  1.1584E-01
  4.1000E+01  1.4362E+00  9.5033E-01  5.4658E+01  1.3799E-01 -1.2180E-01  1.1584E-01
  4.1000E+01  1.4362E+00  9.5033E-01  5.4658E+01  1.3799E-01 -1.2180E-01  1.1584E-01
  4.1000E+01  1.4362E+00  9.5033E-01  5.4658E+01  1.3799E-01 -1.2180E-01  1.1584E-01
  4.1000E+01  1.4362E+00  9.5033E-01  5.4658E+01  1.3799E-01 -1.2180E-01  1.1584E-01
  4.1000E+01  1.4362E+00  9.5033E-01  5.4658E+01  1.3799E-01 -1.2180E-01  1.1584E-01
  4.1000E+01  1.4362E+00  9.5033E-01  5.4658E+01  1.3799E-01 -1.2180E-01  1.1584E-01
  4.1000E+01  1.4362E+00  9.5033E-01  5.4658E+01  1.3799E-01 -1.2180E-01  1.1584E-01
  4.1000E+01  1.4362E+00  9.5033E-01  5.4658E+01  1.3799E-01 -1.2180E-01  1.1584E-01
  4.1000E+01  1.2256E+00  1.1792E+00  5.4658E+01  1.3799E-01 -1.2180E-01  1.1584E-01
  4.1000E+01  1.2256E+00  1.1792E+00  5.4658E+01  1.3799E-01 -1.2180E-01  1.1584E-01
  4.1000E+01  1.2256E+00  1.1792E+00  5.4658E+01  1.3799E-01 -1.2180E-01  1.1584E-01
  4.1000E+01  1.2256E+00  1.1792E+00  5.4658E+01  1.3799E-01 -1.2180E-01  1.1584E-01
  4.1000E+01  1.2256E+00  1.1792E+00  5.4658E+01  1.3799E-01 -1.2180E-01  1.1584E-01
  4.1000E+01  1.2256E+00  1.1792E+00  5.4658E+01  1.3799E-01 -1.2180E-01  1.1584E-01
  4.1000E+01  1.2256E+00  1.1792E+00  5.4658E+01  1.3799E-01 -1.2180E-01  1.1584E-01
  4.1000E+01  1.2256E+00  1.1792E+00  5.4658E+01  1.3799E-01 -1.2180E-01  1.1584E-01
  4.2000E+01  1.6337E+00  6.4811E+00  4.7742E+01 -6.5944E-02  3.8269E-01 -1.9447E-02
  4.2000E+01  1.6337E+00  6.4811E+00  4.7742E+01 -6.5944E-02  3.8269E-01 -1.9447E-02
  4.2000E+01  1.6337E+00  6.4811E+00  4.7742E+01 -6.5944E-02  3.8269E-01 -1.9447E-02
  4.2000E+01  1.6337E+00  6.4811E+00  4.7742E+01 -6.5944E-02  3.8269E-01 -1.9447E-02
  4.2000E+01  1.6337E+00  6.4811E+00  4.7742E+01 -6.5944E-02  3.8269E-01 -1.9447E-02
  4.2000E+01  1.6337E+00  6.4811E+00  4.7742E+01 -6.5944E-02  3.8269E-01 -1.9447E-02
  4.2000E+01  1.6337E+00  6.4811E+00  4.7742E+01 -6.5944E-02  3.8269E-01 -1.9447E-02
  4.2000E+01  1.6337E+00  6.4811E+00  4.7742E+01 -6.5944E-02  3.8269E-01 -1.9447E-02
  4.2000E+01  9.3995E-01  5.0554E+00  4.7742E+01 -6.5944E-02  3.8269E-01 -1.9447E-02
  4.2000E+01  9.3995E-01  5.0554E+00  4.7742E+01 -6.5944E-02  3.8269E-01 -1.9447E-02
  4.2000E+01  9.3995E-01  5.0554E+00  4.7742E+01 -6.5944E-02  3.8269E-01 -1.9447E-02
  4.2000E+01  9.3995E-01  5.0554E+00  4.7742E+01 -6.5944E-02  3.8269E-01 -1.9447E-02
  4.2000E+01  9.3995E-01  5.0554E+00  4.7742E+01 -6.5944E-02  3.8269E-01 -1.9447E-02
  4.2000E+01  9.3995E-01  5.0554E+00  4.7742E+01 -6.5944E-02  3.8269E-01 -1.9447E-02
  4.2000E+01  9.3995E-01  5.0554E+00  4.7742E+01 -6.5944E-02  3.8269E-01 -1.9447E-02
  4.2000E+01  9.3995E-01  5.0554E+00  4.7742E+01 -6.5944E-02  3.8269E-01 -1.9447E-02
  4.2000E+01  5.9426E-01  7.6229E+00  4.7742E+01 -6.5944E-02  3.8269E-01 -1.9447E-02
  4.2000E+01  5.9426E-01  7.6229E+00  4.7742E+01 -6.5944E-02  3.8269E-01 -1.9447E-02
  4.2000E+01  5.9426E-01  7.6229E+00  4.7742E+01 -6.5944E-02  3.8269E-01 -1.9447E-02
  4.2000E+01  5.9426E-01  7.6229E+00  4.7742E+01 -6.5944E-02  3.8269E-01 -1.9447E-02
  4.2000E+01  5.9426E-01  7.6229E+00  4.7742E+01 -6.5944E-02  3.8269E-01 -1.9447E-02
  4.2000E+01  5.9426E-01  7.6229E+00  4.7742E+01 -6.5944E-02  3.8269E-01 -1.9447E-02
  4.2000E+01  5.9426E-01  7.6229E+00  4.7742E+01 -6.5944E-02  3.8269E-01 -1.9447E-02
  4.2000E+01  5.9426E-01  7.6229E+00  4.7742E+01 -6.5944E-02  3.8269E-01 -1.9447E-02
  4.3000E+01  9.7729E-01  5.4843E+00  6.6176E+01 -2.0516E-01 -3.4542E-02  3.0707E-01
  4.3000E+01  9.7729E-01  5.4843E+00  6.6176E+01 -2.0516E-01 -3.4542E-02  3.0707E-01
  4.3000E+01  9.7729E-01  5.4843E+00  6.6176E+01 -2.0516E-01 -3.4542E-02  3.0707E-01
  4.3000E+01  9.7729E-01  5.4843E+00  6.6176E+01 -2.0516E-01 -3.4542E-02  3.0707E-01
  4.3000E+01  9.7729E-01  5.4843E+00  6.6176E+01 -2.0516E-01 -3.4542E-02  3.0707E-01
  4.3000E+01  9.7729E-01  5.4843E+00  6.6176E+01 -2.0516E-01 -3.4542E-02  3.0707E-01
  4.3000E+01  9.7729E-01  5.4843E+00  6.6176E+01 -2.0516E-01 -3.4542E-02  3.0707E-01
  4.3000E+01  9.7729E-01  5.4843E+00  6.6176E+01 -2.0516E-01 -3.4542E-02  3.0707E-01
  4.3000E+01  8.5115E-01  3.5060E+00  6.6176E+01 -2.0516E-01 -3.4542E-02  3.0707E-01
  4.3000E+01  8.5115E-01  3.5060E+00  6.6176E+01 -2.0516E-01 -3.4542E-02  3.0707E-01
  4.3000E+01  8.5115E-01  3.5060E+00  6.6176E+01 -2.0516E-01 -3.4542E-02  3.0707E-01
  4.3000E+01  8.5115E-01  3.5060E+00  6.6176E+01 -2.0516E-01 -3.4542E-02  3.0707E-01
  4.3000E+01  8.5115E-01  3.5060E+00  6.6176E+01 -2.0516E-01 -3.4542E-02  3.0707E-01
  4.3000E+01  8.5115E-01  3.5060E+00  6.6176E+01 -2.0516E-01 -3.4542E-02  3.0707E-01
  4.3000E+01  8.5115E-01  3.5060E+00  6.6176E+01 -2.0516E-01 -3.4542E-02  3.0707E-01
  4.3000E+01  8.5115E-01  3.5060E+00  6.6176E+01 -2.0516E-01 -3.4542E-02  3.0707E-01
  4.3000E+01  6.6872E-01  3.1687E+00  6.6176E+01 -2.0516E-01 -3.4542E-02  3.0707E-01
  4.3000E+01  6.6872E-01  3.1687E+00  6.6176E+01 -2.0516E-01 -3.4542E-02  3.0707E-01
  4.3000E+01  6.6872E-01  3.1687E+00  6.6176E+01 -2.0516E-01 -3.4542E-02  3.0707E-01
  4.3000E+01  6.6872E-01  3.1687E+00  6.6176E+01 -2.0516E-01 -3.4542E-02  3.0707E-01
  4.3000E+01  6.6872E-01  3.1687E+00  6.6176E+01 -2.0516E-01 -3.4542E-02  3.0707E-01
  4.3000E+01  6.6872E-01  3.1687E+00  6.6176E+01 -2.0516E-01 -3.4542E-02  3.0707E-01
  4.3000E+01  6.6872E-01  3.1687E+00  6.6176E+01 -2.0516E-01 -3.4542E-02  3.0707E-01
  4.3000E+01  6.6872E-01  3.1687E+00  6.6176E+01 -2.0516E-01 -3.4542E-02  3.0707E-01
  4.4000E+01  1.0078E+00  1.4136E+00  4.8610E+01 -2.2537E-01  6.2320E-02 -1.4156E-03
  4.4000E+01  1.0078E+00  1.4136E+00  4.8610E+01 -2.2537E-01  6.2320E-02 -1.4156E-03
  4.4000E+01  1.0078E+00  1.4136E+00  4.8610E+01 -2.2537E-01  6.2320E-02 -1.4156E-03
  4.4000E+01  1.0078E+00  1.4136E+00  4.8610E+01 -2.2537E-01  6.2320E-02 -1.4156E-03
  4.4000E+01  1.0078E+00  1.4136E+00  4.8610E+01 -2.2537E-01  6.2320E-02 -1.4156E-03
  4.4000E+01  1.0078E+00  1.4136E+00  4.8610E+01 -2.2537E-01  6.2320E-02 -1.4156E-03
  4.4000E+01  1.0078E+00  1.4136E+00  4.8610E+01 -2.2537E-01  6.2320E-02 -1.4156E-03
  4.4000E+01  1.0078E+00  1.4136E+00  4.8610E+01 -2.2537E-01  6.2320E-02 -1.4156E-03
  4.4000E+01  6.3218E-01  1.1209E+00  4.8610E+01 -2.2537E-01  6.2320E-02 -1.4156E-03
  4.4000E+01  6.3218E-01  1.1209E+00  4.8610E+01 -2.2537E-01  6.2320E-02 -1.4156E-03
  4.4000E+01  6.3218E-01  1.1209E+00  4.8610E+01 -2.2537E-01  6.2320E-02 -1.4156E-03
  4.4000E+01  6.3218E-01  1.1209E+00  4.8610E+01 -2.2537E-01  6.2320E-02 -1.4156E-03
  4.4000E+01  6.3218E-01  1.1209E+00  4.8610E+01 -2.2537E-01  6.2320E-02 -1.4156E-03
  4.4000E+01  6.3218E-01  1.1209E+00  4.8610E+01 -2.2537E-01  6.2320E-02 -1.4156E-03
  4.4000E+01  6.3218E-01  1.1209E+00  4.8610E+01 -2.2537E-01  6.2320E-02 -1.4156E-03
  4.4000E+01  6.3218E-01  1.1209E+00  4.8610E+01 -2.2537E-01  6.2320E-02 -1.4156E-03
  4.4000E+01  8.1253E-01  1.1802E+00  4.8610E+01 -2.2537E-01  6.2320E-02 -1.4156E-03
  4.4000E+01  8.1253E-01  1.1802E+00  4.8610E+01 -2.2537E-01  6.2320E-02 -1.4156E-03
  4.4000E+01  8.1253E-01  1.1802E+00  4.8610E+01 -2.2537E-01  6.2320E-02 -1.4156E-03
  4.4000E+01  8.1253E-01  1.1802E+00  4.8610E+01 -2.2537E-01  6.2320E-02 -1.4156E-03
  4.4000E+01  8.1253E-01  1.1802E+00  4.8610E+01 -2.2537E-01  6.2320E-02 -1.4156E-03
  4.4000E+01  8.1253E-01  1.1802E+00  4.8610E+01 -2.2537E-01  6.2320E-02 -1.4156E-03
  4.4000E+01  8.1253E-01  1.1802E+00  4.8610E+01 -2.2537E-01  6.2320E-02 -1.4156E-03
  4.4000E+01  8.1253E-01  1.1802E+00  4.8610E+01 -2.2537E-01  6.2320E-02 -1.4156E-03
  4.5000E+01  6.8082E-01  2.3194E+00  7.4581E+01 -4.3817E-01 -4.4357E-01  4.2663E-01
  4.5000E+01  6.8082E-01  2.3194E+00  7.4581E+01 -4.3817E-01 -4.4357E-01  4.2663E-01
  4.5000E+01  6.8082E-01  2.3194E+00  7.4581E+01 -4.3817E-01 -4.4357E-01  4.2663E-01
  4.5000E+01  6.8082E-01  2.3194E+00  7.4581E+01 -4.3817E-01 -4.4357E-01  4.2663E-01
  4.5000E+01  6.8082E-01  2.3194E+00  7.4581E+01 -4.3817E-01 -4.4357E-01  4.2663E-01
  4.5000E+01  6.8082E-01  2.3194E+00  7.4581E+01 -4.3817E-01 -4.4357E-01  4.2663E-01
  4.5000E+01  6.8082E-01  2.3194E+00  7.4581E+01 -4.3817E-01 -4.4357E-01  4.2663E-01
  4.5000E+01  6.8082E-01  2.3194E+00  7.4581E+01 -4.3817E-01 -4.4357E-01  4.2663E-01
  4.5000E+01  7.4740E-01  2.4413E+00  7.4581E+01 -4.3817E-01 -4.4357E-01  4.2663E-01
  4.5000E+01  7.4740E-01  2.4413E+00  7.4581E+01 -4.3817E-01 -4.4357E-01  4.2663E-01
  4.5000E+01  7.4740E-01  2.4413E+00  7.4581E+01 -4.3817E-01 -4.4357E-01  4.2663E-01
  4.5000E+01  7.4740E-01  2.4413E+00  7.4581E+01 -4.3817E-01 -4.4357E-01  4.2663E-01
  4.5000E+01  7.4740E-01  2.4413E+00  7.4581E+01 -4.3817E-01 -4.4357E-01  4.2663E-01
  4.5000E+01  7.4740E-01  2.4413E+00  7.4581E+01 -4.3817E-01 -4.4357E-01  4.2663E-01
  4.5000E+01  7.4740E-01  2.4413E+00  7.4581E+01 -4.3817E-01 -4.4357E-01  4.2663E-01
  4.5000E+01  7.4740E-01  2.4413E+00  7.4581E+01 -4.3817E-01 -4.4357E-01  4.2663E-01
  4.5000E+01  4.7735E-01  2.6987E+00  7.4581E+01 -4.3817E-01 -4.4357E-01  4.2663E-01
  4.5000E+01  4.7735E-01  2.6987E+00  7.4581E+01 -4.3817E-01 -4.4357E-01  4.2663E-01
  4.5000E+01  4.7735E-01  2.6987E+00  7.4581E+01 -4.3817E-01 -4.4357E-01  4.2663E-01
  4.5000E+01  4.7735E-01  2.6987E+00  7.4581E+01 -4.3817E-01 -4.4357E-01  4.2663E-01
  4.5000E+01  4.7735E-01  2.6987E+00  7.4581E+01 -4.3817E-01 -4.4357E-01  4.2663E-01
  4.5000E+01  4.7735E-01  2.6987E+00  7.4581E+01 -4.3817E-01 -4.4357E-01  4.2663E-01
  4.5000E+01  4.7735E-01  2.6987E+00  7.4581E+01 -4.3817E-01 -4.4357E-01  4.2663E-01
  4.5000E+01  4.7735E-01  2.6987E+00  7.4581E+01 -4.3817E-01 -4.4357E-01  4.2663E-01
  4.6000E+01  1.0614E+00  3.4392E+00  5.0374E+01 -1.3572E-02 -3.2333E-01  3.4233E-02
  4.6000E+01  1.0614E+00  3.4392E+00  5.0374E+01 -1.3572E-02 -3.2333E-01  3.4233E-02
  4.6000E+01  1.0614E+00  3.4392E+00  5.0374E+01 -1.3572E-02 -3.2333E-01  3.4233E-02
  4.6000E+01  1.0614E+00  3.4392E+00  5.0374E+01 -1.3572E-02 -3.2333E-01  3.4233E-02
  4.6000E+01  1.0614E+00  3.4392E+00  5.0374E+01 -1.3572E-02 -3.2333E-01  3.4233E-02
  4.6000E+01  1.0614E+00  3.4392E+00  5.0374E+01 -1.3572E-02 -3.2333E-01  3.4233E-02
  4.6000E+01  1.0614E+00  3.4392E+00  5.0374E+01 -1.3572E-02 -3.2333E-01  3.4233E-02
  4.6000E+01  1.0614E+00  3.4392E+00  5.0374E+01 -1.3572E-02 -3.2333E-01  3.4233E-02
  4.6000E+01  1.0673E+00  2.4795E+00  5.0374E+01 -1.3572E-02 -3.2333E-01  3.4233E-02
  4.6000E+01  1.0673E+00  2.4795E+00  5.0374E+01 -1.3572E-02 -3.2333E-01  3.4233E-02
  4.6000E+01  1.0673E+00  2.4795E+00  5.0374E+01 -1.3572E-02 -3.2333E-01  3.4233E-02
  4.6000E+01  1.0673E+00  2.4795E+00  5.0374E+01 -1.3572E-02 -3.2333E-01  3.4233E-02
  4.6000E+01  1.0673E+00  2.4795E+00  5.0374E+01 -1.3572E-02 -3.2333E-01  3.4233E-02
  4.6000E+01  1.0673E+00  2.4795E+00  5.0374E+01 -1.3572E-02 -3.2333E-01  3.4233E-02
  4.6000E+01  1.0673E+00  2.4795E+00  5.0374E+01 -1.3572E-02 -3.2333E-01  3.4233E-02
  4.6000E+01  1.0673E+00  2.4795E+00  5.0374E+01 -1.3572E-02 -3.2333E-01  3.4233E-02
  4.6000E+01  9.7052E-01  2.6909E+00  5.0374E+01 -1.3572E-02 -3.2333E-01  3.4233E-02
  4.6000E+01  9.7052E-01  2.6909E+00  5.0374E+01 -1.3572E-02 -3.2333E-01  3.4233E-02
  4.6000E+01  9.7052E-01  2.6909E+00  5.0374E+01 -1.3572E-02 -3.2333E-01  3.4233E-02
  4.6000E+01  9.7052E-01  2.6909E+00  5.0374E+01 -1.3572E-02 -3.2333E-01  3.4233E-02
  4.6000E+01  9.7052E-01  2.6909E+00  5.0374E+01 -1.3572E-02 -3.2333E-01  3.4233E-02
  4.6000E+01  9.7052E-01  2.6909E+00  5.0374E+01 -1.3572E-02 -3.2333E-01  3.4233E-02
  4.6000E+01  9.7052E-01  2.6909E+00  5.0374E+01 -1.3572E-02 -3.2333E-01  3.4233E-02
  4.6000E+01  9.7052E-01  2.6909E+00  5.0374E+01 -1.3572E-02 -3.2333E-01  3.4233E-02
  4.7000E+01  1.2770E+00  7.5143E+00  4.1349E+01  1.7553E-01  3.9549E-01 -1.6320E-01
  4.7000E+01  1.2770E+00  7.5143E+00  4.1349E+01  1.7553E-01  3.9549E-01 -1.6320E-01
  4.7000E+01  1.2770E+00  7.5143E+00  4.1349E+01  1.7553E-01  3.9549E-01 -1.6320E-01
  4.7000E+01  1.2770E+00  7.5143E+00  4.1349E+01  1.7553E-01  3.9549E-01 -1.6320E-01
  4.7000E+01  1.2770E+00  7.5143E+00  4.1349E+01  1.7553E-01  3.9549E-01 -1.6320E-01
  4.7000E+01  1.2770E+00  7.5143E+00  4.1349E+01  1.7553E-01  3.9549E-01 -1.6320E-01
  4.7000E+01  1.2770E+00  7.5143E+00  4.1349E+01  1.7553E-01  3.9549E-01 -1.6320E-01
  4.7000E+01  1.2770E+00  7.5143E+00  4.1349E+01  1.7553E-01  3.9549E-01 -1.6320E-01
  4.7000E+01  1.0355E+00  6.2591E+00  4.1349E+01  1.7553E-01  3.9549E-01 -1.6320E-01
  4.7000E+01  1.0355E+00  6.2591E+00  4.1349E+01  1.7553E-01  3.9549E-01 -1.6320E-01
  4.7000E+01  1.0355E+00  6.2591E+00  4.1349E+01  1.7553E-01  3.9549E-01 -1.6320E-01
  4.7000E+01  1.0355E+00  6.2591E+00  4.1349E+01  1.7553E-01  3.9549E-01 -1.6320E-01
  4.7000E+01  1.0355E+00  6.2591E+00  4.1349E+01  1.7553E-01  3.9549E-01 -1.6320E-01
  4.7000E+01  1.0355E+00  6.2591E+00  4.1349E+01  1.7553E-01  3.9549E-01 -1.6320E-01
  4.7000E+01  1.0355E+00  6.2591E+00  4.1349E+01  1.7553E-01  3.9549E-01 -1.6320E-01
  4.7000E+01  1.0355E+00  6.2591E+00  4.1349E+01  1.7553E-01  3.9549E-01 -1.6320E-01
  4.7000E+01  1.6287E+00  5.5452E+00  4.1349E+01  1.7553E-01  3.9549E-01 -1.6320E-01
  4.7000E+01  1.6287E+00  5.5452E+00  4.1349E+01  1.7553E-01  3.9549E-01 -1.6320E-01
  4.7000E+01  1.6287E+00  5.5452E+00  4.1349E+01  1.7553E-01  3.9549E-01 -1.6320E-01
  4.7000E+01  1.6287E+00  5.5452E+00  4.1349E+01  1.7553E-01  3.9549E-01 -1.6320E-01
  4.7000E+01  1.6287E+00  5.5452E+00  4.1349E+01  1.7553E-01  3.9549E-01 -1.6320E-01
  4.7000E+01  1.6287E+00  5.5452E+00  4.1349E+01  1.7553E-01  3.9549E-01 -1.6320E-01
  4.7000E+01  1.6287E+00  5.5452E+00  4.1349E+01  1.7553E-01  3.9549E-01 -1.6320E-01
  4.7000E+01  1.6287E+00  5.5452E+00  4.1349E+01  1.7553E-01  3.9549E-01 -1.6320E-01
  4.8000E+01  8.6226E-01  4.3668E+00  4.0216E+01 -1.8903E-01  9.8365E-02 -1.9099E-01
  4.8000E+01  8.6226E-01  4.3668E+00  4.0216E+01 -1.8903E-01  9.8365E-02 -1.9099E-01
  4.8000E+01  8.6226E-01  4.3668E+00  4.0216E+01 -1.8903E-01  9.8365E-02 -1.9099E-01
  4.8000E+01  8.6226E-01  4.3668E+00  4.0216E+01 -1.8903E-01  9.8365E-02 -1.9099E-01
  4.8000E+01  8.6226E-01  4.3668E+00  4.0216E+01 -1.8903E-01  9.8365E-02 -1.9099E-01
  4.8000E+01  8.6226E-01  4.3668E+00  4.0216E+01 -1.8903E-01  9.8365E-02 -1.9099E-01
  4.8000E+01  8.6226E-01  4.3668E+00  4.0216E+01 -1.8903E-01  9.8365E-02 -1.9099E-01
  4.8000E+01  8.6226E-01  4.3668E+00  4.0216E+01 -1.8903E-01  9.8365E-02 -1.9099E-01
  4.8000E+01  7.9134E-01  4.4996E+00  4.0216E+01 -1.8903E-01  9.8365E-02 -1.9099E-01
  4.8000E+01  7.9134E-01  4.4996E+00  4.0216E+01 -1.8903E-01  9.8365E-02 -1.9099E-01
  4.8000E+01  7.9134E-01  4.4996E+00  4.0216E+01 -1.8903E-01  9.8365E-02 -1.9099E-01
  4.8000E+01  7.9134E-01  4.4996E+00  4.0216E+01 -1.8903E-01  9.8365E-02 -1.9099E-01
  4.8000E+01  7.9134E-01  4.4996E+00  4.0216E+01 -1.8903E-01  9.8365E-02 -1.9099E-01
  4.8000E+01  7.9134E-01  4.4996E+00  4.0216E+01 -1.8903E-01  9.8365E-02 -1.9099E-01
  4.8000E+01  7.9134E-01  4.4996E+00  4.0216E+01 -1.8903E-01  9.8365E-02 -1.9099E-01
  4.8000E+01  7.9134E-01  4.4996E+00  4.0216E+01 -1.8903E-01  9.8365E-02 -1.9099E-01
  4.8000E+01  8.6331E-01  4.8602E+00  4.0216E+01 -1.8903E-01  9.8365E-02 -1.9099E-01
  4.8000E+01  8.6331E-01  4.8602E+00  4.0216E+01 -1.8903E-01  9.8365E-02 -1.9099E-01
  4.8000E+01  8.6331E-01  4.8602E+00  4.0216E+01 -1.8903E-01  9.8365E-02 -1.9099E-01
  4.8000E+01  8.6331E-01  4.8602E+00  4.0216E+01 -1.8903E-01  9.8365E-02 -1.9099E-01
  4.8000E+01  8.6331E-01  4.8602E+00  4.0216E+01 -1.8903E-01  9.8365E-02 -1.9099E-01
  4.8000E+01  8.6331E-01  4.8602E+00  4.0216E+01 -1.8903E-01  9.8365E-02 -1.9099E-01
  4.8000E+01  8.6331E-01  4.8602E+00  4.0216E+01 -1.8903E-01  9.8365E-02 -1.9099E-01
  4.8000E+01  8.6331E-01  4.8602E+00  4.0216E+01 -1.8903E-01  9.8365E-02 -1.9099E-01
  4.9000E+01  8.5786E-01  4.8992E+00  3.8509E+01 -1.3465E-02  8.1354E-02 -2.3436E-01
  4.9000E+01  8.5786E-01  4.8992E+00  3.8509E+01 -1.3465E-02  8.1354E-02 -2.3436E-01
  4.9000E+01  8.5786E-01  4.8992E+00  3.8509E+01 -1.3465E-02  8.1354E-02 -2.3436E-01
  4.9000E+01  8.5786E-01  4.8992E+00  3.8509E+01 -1.3465E-02  8.1354E-02 -2.3436E-01
  4.9000E+01  8.5786E-01  4.8992E+00  3.8509E+01 -1.3465E-02  8.1354E-02 -2.3436E-01
  4.9000E+01  8.5786E-01  4.8992E+00  3.8509E+01 -1.3465E-02  8.1354E-02 -2.3436E-01
  4.9000E+01  8.5786E-01  4.8992E+00  3.8509E+01 -1.3465E-02  8.1354E-02 -2.3436E-01
  4.9000E+01  8.5786E-01  4.8992E+00  3.8509E+01 -1.3465E-02  8.1354E-02 -2.3436E-01
  4.9000E+01  1.1467E+00  4.2481E+00  3.8509E+01 -1.3465E-02  8.1354E-02 -2.3436E-01
  4.9000E+01  1.1467E+00  4.2481E+00  3.8509E+01 -1.3465E-02  8.1354E-02 -2.3436E-01
  4.9000E+01  1.1467E+00  4.2481E+00  3.8509E+01 -1.3465E-02  8.1354E-02 -2.3436E-01
  4.9000E+01  1.1467E+00  4.2481E+00  3.8509E+01 -1.3465E-02  8.1354E-02 -2.3436E-01
  4.9000E+01  1.1467E+00  4.2481E+00  3.8509E+01 -1.3465E-02  8.1354E-02 -2.3436E-01
  4.9000E+01  1.1467E+00  4.2481E+00  3.8509E+01 -1.3465E-02  8.1354E-02 -2.3436E-01
  4.9000E+01  1.1467E+00  4.2481E+00  3.8509E+01 -1.3465E-02  8.1354E-02 -2.3436E-01
  4.9000E+01  1.1467E+00  4.2481E+00  3.8509E+01 -1.3465E-02  8.1354E-02 -2.3436E-01
  4.9000E+01  1.1180E+00  4.3320E+00  3.8509E+01 -1.3465E-02  8.1354E-02 -2.3436E-01
  4.9000E+01  1.1180E+00  4.3320E+00  3.8509E+01 -1.3465E-02  8.1354E-02 -2.3436E-01
  4.9000E+01  1.1180E+00  4.3320E+00  3.8509E+01 -1.3465E-02  8.1354E-02 -2.3436E-01
  4.9000E+01  1.1180E+00  4.3320E+00  3.8509E+01 -1.3465E-02  8.1354E-02 -2.3436E-01
  4.9000E+01  1.1180E+00  4.3320E+00  3.8509E+01 -1.3465E-02  8.1354E-02 -2.3436E-01
  4.9000E+01  1.1180E+00  4.3320E+00  3.8509E+01 -1.3465E-02  8.1354E-02 -2.3436E-01
  4.9000E+01  1.1180E+00  4.3320E+00  3.8509E+01 -1.3465E-02  8.1354E-02 -2.3436E-01
  4.9000E+01  1.1180E+00  4.3320E+00  3.8509E+01 -1.3465E-02  8.1354E-02 -2.3436E-01
  5.0000E+01  1.4643E+00  2.6002E+00  5.4372E+01  2.9854E-01 -3.6542E-01  1.1060E-01
  5.0000E+01  1.4643E+00  2.6002E+00  5.4372E+01  2.9854E-01 -3.6542E-01  1.1060E-01
  5.0000E+01  1.4643E+00  2.6002E+00  5.4372E+01  2.9854E-01 -3.6542E-01  1.1060E-01
  5.0000E+01  1.4643E+00  2.6002E+00  5.4372E+01  2.9854E-01 -3.6542E-01  1.1060E-01
  5.0000E+01  1.4643E+00  2.6002E+00  5.4372E+01  2.9854E-01 -3.6542E-01  1.1060E-01
  5.0000E+01  1.4643E+00  2.6002E+00  5.4372E+01  2.9854E-01 -3.6542E-01  1.1060E-01
  5.0000E+01  1.4643E+00  2.6002E+00  5.4372E+01  2.9854E-01 -3.6542E-01  1.1060E-01
  5.0000E+01  1.4643E+00  2.6002E+00  5.4372E+01  2.9854E-01 -3.6542E-01  1.1060E-01
  5.0000E+01  1.3421E+00  2.2336E+00  5.4372E+01  2.9854E-01 -3.6542E-01  1.1060E-01
  5.0000E+01  1.3421E+00  2.2336E+00  5.4372E+01  2.9854E-01 -3.6542E-01  1.1060E-01
  5.0000E+01  1.3421E+00  2.2336E+00  5.4372E+01  2.9854E-01 -3.6542E-01  1.1060E-01
  5.0000E+01  1.3421E+00  2.2336E+00  5.4372E+01  2.9854E-01 -3.6542E-01  1.1060E-01
  5.0000E+01  1.3421E+00  2.2336E+00  5.4372E+01  2.9854E-01 -3.6542E-01  1.1060E-01
  5.0000E+01  1.3421E+00  2.2336E+00  5.4372E+01  2.9854E-01 -3.6542E-01  1.1060E-01
  5.0000E+01  1.3421E+00  2.2336E+00  5.4372E+01  2.9854E-01 -3.6542E-01  1.1060E-01
  5.0000E+01  1.3421E+00  2.2336E+00  5.4372E+01  2.9854E-01 -3.6542E-01  1.1060E-01
  5.0000E+01  1.6972E+00  3.4270E+00  5.4372E+01  2.9854E-01 -3.6542E-01  1.1060E-01
  5.0000E+01  1.6972E+00  3.4270E+00  5.4372E+01  2.9854E-01 -3.6542E-01  1.1060E-01
  5.0000E+01  1.6972E+00  3.4270E+00  5.4372E+01  2.9854E-01 -3.6542E-01  1.1060E-01
  5.0000E+01  1.6972E+00  3.4270E+00  5.4372E+01  2.9854E-01 -3.6542E-01  1.1060E-01
  5.0000E+01  1.6972E+00  3.4270E+00  5.4372E+01  2.9854E-01 -3.6542E-01  1.1060E-01
  5.0000E+01  1.6972E+00  3.4270E+00  5.4372E+01  2.9854E-01 -3.6542E-01  1.1060E-01
  5.0000E+01  1.6972E+00  3.4270E+00  5.4372E+01  2.9854E-01 -3.6542E-01  1.1060E-01
  5.0000E+01  1.6972E+00  3.4270E+00  5.4372E+01  2.9854E-01 -3.6542E-01  1.1060E-01
  5.1000E+01  1.9554E+00  3.0046E+00  4.4455E+01  6.1836E-01 -2.1224E-01 -9.0773E-02
  5.1000E+01  1.9554E+00  3.0046E+00  4.4455E+01  6.1836E-01 -2.1224E-01 -9.0773E-02
  5.1000E+01  1.9554E+00  3.0046E+00  4.4455E+01  6.1836E-01 -2.1224E-01 -9.0773E-02
  5.1000E+01  1.9554E+00  3.0046E+00  4.4455E+01  6.1836E-01 -2.1224E-01 -9.0773E-02
  5.1000E+01  1.9554E+00  3.0046E+00  4.4455E+01  6.1836E-01 -2.1224E-01 -9.0773E-02
  5.1000E+01  1.9554E+00  3.0046E+00  4.4455E+01  6.1836E-01 -2.1224E-01 -9.0773E-02
  5.1000E+01  1.9554E+00  3.0046E+00  4.4455E+01  6.1836E-01 -2.1224E-01 -9.0773E-02
  5.1000E+01  1.9554E+00  3.0046E+00  4.4455E+01  6.1836E-01 -2.1224E-01 -9.0773E-02
  5.1000E+01  2.6157E+00  2.8204E+00  4.4455E+01  6.1836E-01 -2.1224E-01 -9.0773E-02
  5.1000E+01  2.6157E+00  2.8204E+00  4.4455E+01  6.1836E-01 -2.1224E-01 -9.0773E-02
  5.1000E+01  2.6157E+00  2.8204E+00  4.4455E+01  6.1836E-01 -2.1224E-01 -9.0773E-02
  5.1000E+01  2.6157E+00  2.8204E+00  4.4455E+01  6.1836E-01 -2.1224E-01 -9.0773E-02
  5.1000E+01  2.6157E+00  2.8204E+00  4.4455E+01  6.1836E-01 -2.1224E-01 -9.0773E-02
  5.1000E+01  2.6157E+00  2.8204E+00  4.4455E+01  6.1836E-01 -2.1224E-01 -9.0773E-02
  5.1000E+01  2.6157E+00  2.8204E+00  4.4455E+01  6.1836E-01 -2.1224E-01 -9.0773E-02
  5.1000E+01  2.6157E+00  2.8204E+00  4.4455E+01  6.1836E-01 -2.1224E-01 -9.0773E-02
  5.1000E+01  2.0334E+00  3.9424E+00  4.4455E+01  6.1836E-01 -2.1224E-01 -9.0773E-02
  5.1000E+01  2.0334E+00  3.9424E+00  4.4455E+01  6.1836E-01 -2.1224E-01 -9.0773E-02
  5.1000E+01  2.0334E+00  3.9424E+00  4.4455E+01  6.1836E-01 -2.1224E-01 -9.0773E-02
  5.1000E+01  2.0334E+00  3.9424E+00  4.4455E+01  6.1836E-01 -2.1224E-01 -9.0773E-02
  5.1000E+01  2.0334E+00  3.9424E+00  4.4455E+01  6.1836E-01 -2.1224E-01 -9.0773E-02
  5.1000E+01  2.0334E+00  3.9424E+00  4.4455E+01  6.1836E-01 -2.1224E-01 -9.0773E-02
  5.1000E+01  2.0334E+00  3.9424E+00  4.4455E+01  6.1836E-01 -2.1224E-01 -9.0773E-02
  5.1000E+01  2.0334E+00  3.9424E+00  4.4455E+01  6.1836E-01 -2.1224E-01 -9.0773E-02
  5.2000E+01  6.6609E-01  5.8503E+00  5.1632E+01 -3.8003E-01  2.1646E-01  5.8882E-02
  5.2000E+01  6.6609E-01  5.8503E+00  5.1632E+01 -3.8003E-01  2.1646E-01  5.8882E-02
  5.2000E+01  6.6609E-01  5.8503E+00  5.1632E+01 -3.8003E-01  2.1646E-01  5.8882E-02
  5.2000E+01  6.6609E-01  5.8503E+00  5.1632E+01 -3.8003E-01  2.1646E-01  5.8882E-02
  5.2000E+01  6.6609E-01  5.8503E+00  5.1632E+01 -3.8003E-01  2.1646E-01  5.8882E-02
  5.2000E+01  6.6609E-01  5.8503E+00  5.1632E+01 -3.8003E-01  2.1646E-01  5.8882E-02
  5.2000E+01  6.6609E-01  5.8503E+00  5.1632E+01 -3.8003E-01  2.1646E-01  5.8882E-02
  5.2000E+01  6.6609E-01  5.8503E+00  5.1632E+01 -3.8003E-01  2.1646E-01  5.8882E-02
  5.2000E+01  9.1643E-01  4.5752E+00  5.1632E+01 -3.8003E-01  2.1646E-01  5.8882E-02
  5.2000E+01  9.1643E-01  4.5752E+00  5.1632E+01 -3.8003E-01  2.1646E-01  5.8882E-02
  5.2000E+01  9.1643E-01  4.5752E+00  5.1632E+01 -3.8003E-01  2.1646E-01  5.8882E-02
  5.2000E+01  9.1643E-01  4.5752E+00  5.1632E+01 -3.8003E-01  2.1646E-01  5.8882E-02
  5.2000E+01  9.1643E-01  4.5752E+00  5.1632E+01 -3.8003E-01  2.1646E-01  5.8882E-02
  5.2000E+01  9.1643E-01  4.5752E+00  5.1632E+01 -3.8003E-01  2.1646E-01  5.8882E-02
  5.2000E+01  9.1643E-01  4.5752E+00  5.1632E+01 -3.8003E-01  2.1646E-01  5.8882E-02
  5.2000E+01  9.1643E-01  4.5752E+00  5.1632E+01 -3.8003E-01  2.1646E-01  5.8882E-02
  5.2000E+01  4.8931E-01  5.3190E+00  5.1632E+01 -3.8003E-01  2.1646E-01  5.8882E-02
  5.2000E+01  4.8931E-01  5.3190E+00  5.1632E+01 -3.8003E-01  2.1646E-01  5.8882E-02
  5.2000E+01  4.8931E-01  5.3190E+00  5.1632E+01 -3.8003E-01  2.1646E-01  5.8882E-02
  5.2000E+01  4.8931E-01  5.3190E+00  5.1632E+01 -3.8003E-01  2.1646E-01  5.8882E-02
  5.2000E+01  4.8931E-01  5.3190E+00  5.1632E+01 -3.8003E-01  2.1646E-01  5.8882E-02
  5.2000E+01  4.8931E-01  5.3190E+00  5.1632E+01 -3.8003E-01  2.1646E-01  5.8882E-02
  5.2000E+01  4.8931E-01  5.3190E+00  5.1632E+01 -3.8003E-01  2.1646E-01  5.8882E-02
  5.2000E+01  4.8931E-01  5.3190E+00  5.1632E+01 -3.8003E-01  2.1646E-01  5.8882E-02
  5.3000E+01  1.5507E+00  3.8141E+00  5.0009E+01  8.0372E-02  1.1852E-01  2.6950E-02
  5.3000E+01  1.5507E+00  3.8141E+00  5.0009E+01  8.0372E-02  1.1852E-01  2.6950E-02
  5.3000E+01  1.5507E+00  3.8141E+00  5.0009E+01  8.0372E-02  1.1852E-01  2.6950E-02
  5.3000E+01  1.5507E+00  3.8141E+00  5.0009E+01  8.0372E-02  1.1852E-01  2.6950E-02
  5.3000E+01  1.5507E+00  3.8141E+00  5.0009E+01  8.0372E-02  1.1852E-01  2.6950E-02
  5.3000E+01  1.5507E+00  3.8141E+00  5.0009E+01  8.0372E-02  1.1852E-01  2.6950E-02
  5.3000E+01  1.5507E+00  3.8141E+00  5.0009E+01  8.0372E-02  1.1852E-01  2.6950E-02
  5.3000E+01  1.5507E+00  3.8141E+00  5.0009E+01  8.0372E-02  1.1852E-01  2.6950E-02
  5.3000E+01  9.7011E-01  5.4902E+00  5.0009E+01  8.0372E-02  1.1852E-01  2.6950E-02
  5.3000E+01  9.7011E-01  5.4902E+00  5.0009E+01  8.0372E-02  1.1852E-01  2.6950E-02
  5.3000E+01  9.7011E-01  5.4902E+00  5.0009E+01  8.0372E-02  1.1852E-01  2.6950E-02
  5.3000E+01  9.7011E-01  5.4902E+00  5.0009E+01  8.0372E-02  1.1852E-01  2.6950E-02
  5.3000E+01  9.7011E-01  5.4902E+00  5.0009E+01  8.0372E-02  1.1852E-01  2.6950E-02
  5.3000E+01  9.7011E-01  5.4902E+00  5.0009E+01  8.0372E-02  1.1852E-01  2.6950E-02
  5.3000E+01  9.7011E-01  5.4902E+00  5.0009E+01  8.0372E-02  1.1852E-01  2.6950E-02
  5.3000E+01  9.7011E-01  5.4902E+00  5.0009E+01  8.0372E-02  1.1852E-01  2.6950E-02
  5.3000E+01  1.0207E+00  4.8820E+00  5.0009E+01  8.0372E-02  1.1852E-01  2.6950E-02
  5.3000E+01  1.0207E+00  4.8820E+00  5.0009E+01  8.0372E-02  1.1852E-01  2.6950E-02
  5.3000E+01  1.0207E+00  4.8820E+00  5.0009E+01  8.0372E-02  1.1852E-01  2.6950E-02
  5.3000E+01  1.0207E+00  4.8820E+00  5.0009E+01  8.0372E-02  1.1852E-01  2.6950E-02
  5.3000E+01  1.0207E+00  4.8820E+00  5.0009E+01  8.0372E-02  1.1852E-01  2.6950E-02
  5.3000E+01  1.0207E+00  4.8820E+00  5.0009E+01  8.0372E-02  1.1852E-01  2.6950E-02
  5.3000E+01  1.0207E+00  4.8820E+00  5.0009E+01  8.0372E-02  1.1852E-01  2.6950E-02
  5.3000E+01  1.0207E+00  4.8820E+00  5.0009E+01  8.0372E-02  1.1852E-01  2.6950E-02
  5.4000E+01  4.0220E-01  5.8311E+00  4.4970E+01 -3.5152E-01  2.7079E-01 -7.9259E-02
  5.4000E+01  4.0220E-01  5.8311E+00  4.4970E+01 -3.5152E-01  2.7079E-01 -7.9259E-02
  5.4000E+01  4.0220E-01  5.8311E+00  4.4970E+01 -3.5152E-01  2.7079E-01 -7.9259E-02
  5.4000E+01  4.0220E-01  5.8311E+00  4.4970E+01 -3.5152E-01  2.7079E-01 -7.9259E-02
  5.4000E+01  4.0220E-01  5.8311E+00  4.4970E+01 -3.5152E-01  2.7079E-01 -7.9259E-02
  5.4000E+01  4.0220E-01  5.8311E+00  4.4970E+01 -3.5152E-01  2.7079E-01 -7.9259E-02
  5.4000E+01  4.0220E-01  5.8311E+00  4.4970E+01 -3.5152E-01  2.7079E-01 -7.9259E-02
  5.4000E+01  4.0220E-01  5.8311E+00  4.4970E+01 -3.5152E-01  2.7079E-01 -7.9259E-02
  5.4000E+01  6.6583E-01  5.3552E+00  4.4970E+01 -3.5152E-01  2.7079E-01 -7.9259E-02
  5.4000E+01  6.6583E-01  5.3552E+00  4.4970E+01 -3.5152E-01  2.7079E-01 -7.9259E-02
  5.4000E+01  6.6583E-01  5.3552E+00  4.4970E+01 -3.5152E-01  2.7079E-01 -7.9259E-02
  5.4000E+01  6.6583E-01  5.3552E+00  4.4970E+01 -3.5152E-01  2.7079E-01 -7.9259E-02
  5.4000E+01  6.6583E-01  5.3552E+00  4.4970E+01 -3.5152E-01  2.7079E-01 -7.9259E-02
  5.4000E+01  6.6583E-01  5.3552E+00  4.4970E+01 -3.5152E-01  2.7079E-01 -7.9259E-02
  5.4000E+01  6.6583E-01  5.3552E+00  4.4970E+01 -3.5152E-01  2.7079E-01 -7.9259E-02
  5.4000E+01  6.6583E-01  5.3552E+00  4.4970E+01 -3.5152E-01  2.7079E-01 -7.9259E-02
  5.4000E+01  1.2343E+00  5.4786E+00  4.4970E+01 -3.5152E-01  2.7079E-01 -7.9259E-02
  5.4000E+01  1.2343E+00  5.4786E+00  4.4970E+01 -3.5152E-01  2.7079E-01 -7.9259E-02
  5.4000E+01  1.2343E+00  5.4786E+00  4.4970E+01 -3.5152E-01  2.7079E-01 -7.9259E-02
  5.4000E+01  1.2343E+00  5.4786E+00  4.4970E+01 -3.5152E-01  2.7079E-01 -7.9259E-02
  5.4000E+01  1.2343E+00  5.4786E+00  4.4970E+01 -3.5152E-01  2.7079E-01 -7.9259E-02
  5.4000E+01  1.2343E+00  5.4786E+00  4.4970E+01 -3.5152E-01  2.7079E-01 -7.9259E-02
  5.4000E+01  1.2343E+00  5.4786E+00  4.4970E+01 -3.5152E-01  2.7079E-01 -7.9259E-02
  5.4000E+01  1.2343E+00  5.4786E+00  4.4970E+01 -3.5152E-01  2.7079E-01 -7.9259E-02
  5.5000E+01  5.7888E-01  1.3996E+00  4.8472E+01 -8.0968E-01  2.5494E-01 -4.2726E-03
  5.5000E+01  5.7888E-01  1.3996E+00  4.8472E+01 -8.0968E-01  2.5494E-01 -4.2726E-03
  5.5000E+01  5.7888E-01  1.3996E+00  4.8472E+01 -8.0968E-01  2.5494E-01 -4.2726E-03
  5.5000E+01  5.7888E-01  1.3996E+00  4.8472E+01 -8.0968E-01  2.5494E-01 -4.2726E-03
  5.5000E+01  5.7888E-01  1.3996E+00  4.8472E+01 -8.0968E-01  2.5494E-01 -4.2726E-03
  5.5000E+01  5.7888E-01  1.3996E+00  4.8472E+01 -8.0968E-01  2.5494E-01 -4.2726E-03
  5.5000E+01  5.7888E-01  1.3996E+00  4.8472E+01 -8.0968E-01  2.5494E-01 -4.2726E-03
  5.5000E+01  5.7888E-01  1.3996E+00  4.8472E+01 -8.0968E-01  2.5494E-01 -4.2726E-03
  5.5000E+01  3.3635E-01  1.7683E+00  4.8472E+01 -8.0968E-01  2.5494E-01 -4.2726E-03
  5.5000E+01  3.3635E-01  1.7683E+00  4.8472E+01 -8.0968E-01  2.5494E-01 -4.2726E-03
  5.5000E+01  3.3635E-01  1.7683E+00  4.8472E+01 -8.0968E-01  2.5494E-01 -4.2726E-03
  5.5000E+01  3.3635E-01  1.7683E+00  4.8472E+01 -8.0968E-01  2.5494E-01 -4.2726E-03
  5.5000E+01  3.3635E-01  1.7683E+00  4.8472E+01 -8.0968E-01  2.5494E-01 -4.2726E-03
  5.5000E+01  3.3635E-01  1.7683E+00  4.8472E+01 -8.0968E-01  2.5494E-01 -4.2726E-03
  5.5000E+01  3.3635E-01  1.7683E+00  4.8472E+01 -8.0968E-01  2.5494E-01 -4.2726E-03
  5.5000E+01  3.3635E-01  1.7683E+00  4.8472E+01 -8.0968E-01  2.5494E-01 -4.2726E-03
  5.5000E+01  3.3290E-01  1.4492E+00  4.8472E+01 -8.0968E-01  2.5494E-01 -4.2726E-03
  5.5000E+01  3.3290E-01  1.4492E+00  4.8472E+01 -8.0968E-01  2.5494E-01 -4.2726E-03
  5.5000E+01  3.3290E-01  1.4492E+00  4.8472E+01 -8.0968E-01  2.5494E-01 -4.2726E-03
  5.5000E+01  3.3290E-01  1.4492E+00  4.8472E+01 -8.0968E-01  2.5494E-01 -4.2726E-03
  5.5000E+01  3.3290E-01  1.4492E+00  4.8472E+01 -8.0968E-01  2.5494E-01 -4.2726E-03
  5.5000E+01  3.3290E-01  1.4492E+00  4.8472E+01 -8.0968E-01  2.5494E-01 -4.2726E-03
  5.5000E+01  3.3290E-01  1.4492E+00  4.8472E+01 -8.0968E-01  2.5494E-01 -4.2726E-03
  5.5000E+01  3.3290E-01  1.4492E+00  4.8472E+01 -8.0968E-01  2.5494E-01 -4.2726E-03
  5.6000E+01  1.7110E+00  5.8927E+00  3.6263E+01  4.2341E-01  1.9432E-01 -2.9447E-01
  5.6000E+01  1.7110E+00  5.8927E+00  3.6263E+01  4.2341E-01  1.9432E-01 -2.9447E-01
  5.6000E+01  1.7110E+00  5.8927E+00  3.6263E+01  4.2341E-01  1.9432E-01 -2.9447E-01
  5.6000E+01  1.7110E+00  5.8927E+00  3.6263E+01  4.2341E-01  1.9432E-01 -2.9447E-01
  5.6000E+01  1.7110E+00  5.8927E+00  3.6263E+01  4.2341E-01  1.9432E-01 -2.9447E-01
  5.6000E+01  1.7110E+00  5.8927E+00  3.6263E+01  4.2341E-01  1.9432E-01 -2.9447E-01
  5.6000E+01  1.7110E+00  5.8927E+00  3.6263E+01  4.2341E-01  1.9432E-01 -2.9447E-01
  5.6000E+01  1.7110E+00  5.8927E+00  3.6263E+01  4.2341E-01  1.9432E-01 -2.9447E-01
  5.6000E+01  1.8369E+00  4.2769E+00  3.6263E+01  4.2341E-01  1.9432E-01 -2.9447E-01
  5.6000E+01  1.8369E+00  4.2769E+00  3.6263E+01  4.2341E-01  1.9432E-01 -2.9447E-01
  5.6000E+01  1.8369E+00  4.2769E+00  3.6263E+01  4.2341E-01  1.9432E-01 -2.9447E-01
  5.6000E+01  1.8369E+00  4.2769E+00  3.6263E+01  4.2341E-01  1.9432E-01 -2.9447E-01
  5.6000E+01  1.8369E+00  4.2769E+00  3.6263E+01  4.2341E-01  1.9432E-01 -2.9447E-01
  5.6000E+01  1.8369E+00  4.2769E+00  3.6263E+01  4.2341E-01  1.9432E-01 -2.9447E-01
  5.6000E+01  1.8369E+00  4.2769E+00  3.6263E+01  4.2341E-01  1.9432E-01 -2.9447E-01
  5.6000E+01  1.8369E+00  4.2769E+00  3.6263E+01  4.2341E-01  1.9432E-01 -2.9447E-01
  5.6000E+01  1.6544E+00  5.2414E+00  3.6263E+01  4.2341E-01  1.9432E-01 -2.9447E-01
  5.6000E+01  1.6544E+00  5.2414E+00  3.6263E+01  4.2341E-01  1.9432E-01 -2.9447E-01
  5.6000E+01  1.6544E+00  5.2414E+00  3.6263E+01  4.2341E-01  1.9432E-01 -2.9447E-01
  5.6000E+01  1.6544E+00  5.2414E+00  3.6263E+01  4.2341E-01  1.9432E-01 -2.9447E-01
  5.6000E+01  1.6544E+00  5.2414E+00  3.6263E+01  4.2341E-01  1.9432E-01 -2.9447E-01
  5.6000E+01  1.6544E+00  5.2414E+00  3.6263E+01  4.2341E-01  1.9432E-01 -2.9447E-01
  5.6000E+01  1.6544E+00  5.2414E+00  3.6263E+01  4.2341E-01  1.9432E-01 -2.9447E-01
  5.6000E+01  1.6544E+00  5.2414E+00  3.6263E+01  4.2341E-01  1.9432E-01 -2.9447E-01
  5.7000E+01  2.0940E+00  6.9530E+00  5.4118E+01  6.2775E-01  3.3590E-01  1.0591E-01
  5.7000E+01  2.0940E+00  6.9530E+00  5.4118E+01  6.2775E-01  3.3590E-01  1.0591E-01
  5.7000E+01  2.0940E+00  6.9530E+00  5.4118E+01  6.2775E-01  3.3590E-01  1.0591E-01
  5.7000E+01  2.0940E+00  6.9530E+00  5.4118E+01  6.2775E-01  3.3590E-01  1.0591E-01
  5.7000E+01  2.0940E+00  6.9530E+00  5.4118E+01  6.2775E-01  3.3590E-01  1.0591E-01
  5.7000E+01  2.0940E+00  6.9530E+00  5.4118E+01  6.2775E-01  3.3590E-01  1.0591E-01
  5.7000E+01  2.0940E+00  6.9530E+00  5.4118E+01  6.2775E-01  3.3590E-01  1.0591E-01
  5.7000E+01  2.0940E+00  6.9530E+00  5.4118E+01  6.2775E-01  3.3590E-01  1.0591E-01
  5.7000E+01  2.0482E+00  4.9277E+00  5.4118E+01  6.2775E-01  3.3590E-01  1.0591E-01
  5.7000E+01  2.0482E+00  4.9277E+00  5.4118E+01  6.2775E-01  3.3590E-01  1.0591E-01
  5.7000E+01  2.0482E+00  4.9277E+00  5.4118E+01  6.2775E-01  3.3590E-01  1.0591E-01
  5.7000E+01  2.0482E+00  4.9277E+00  5.4118E+01  6.2775E-01  3.3590E-01  1.0591E-01
  5.7000E+01  2.0482E+00  4.9277E+00  5.4118E+01  6.2775E-01  3.3590E-01  1.0591E-01
  5.7000E+01  2.0482E+00  4.9277E+00  5.4118E+01  6.2775E-01  3.3590E-01  1.0591E-01
  5.7000E+01  2.0482E+00  4.9277E+00  5.4118E+01  6.2775E-01  3.3590E-01  1.0591E-01
  5.7000E+01  2.0482E+00  4.9277E+00  5.4118E+01  6.2775E-01  3.3590E-01  1.0591E-01
  5.7000E+01  2.5074E+00  6.2230E+00  5.4118E+01  6.2775E-01  3.3590E-01  1.0591E-01
  5.7000E+01  2.5074E+00  6.2230E+00  5.4118E+01  6.2775E-01  3.3590E-01  1.0591E-01
  5.7000E+01  2.5074E+00  6.2230E+00  5.4118E+01  6.2775E-01  3.3590E-01  1.0591E-01
  5.7000E+01  2.5074E+00  6.2230E+00  5.4118E+01  6.2775E-01  3.3590E-01  1.0591E-01
  5.7000E+01  2.5074E+00  6.2230E+00  5.4118E+01  6.2775E-01  3.3590E-01  1.0591E-01
  5.7000E+01  2.5074E+00  6.2230E+00  5.4118E+01  6.2775E-01  3.3590E-01  1.0591E-01
  5.7000E+01  2.5074E+00  6.2230E+00  5.4118E+01  6.2775E-01  3.3590E-01  1.0591E-01
  5.7000E+01  2.5074E+00  6.2230E+00  5.4118E+01  6.2775E-01  3.3590E-01  1.0591E-01
  5.8000E+01  6.9502E-01  6.0463E+00  4.8321E+01 -3.0220E-01  2.9663E-01 -7.3803E-03
  5.8000E+01  6.9502E-01  6.0463E+00  4.8321E+01 -3.0220E-01  2.9663E-01 -7.3803E-03
  5.8000E+01  6.9502E-01  6.0463E+00  4.8321E+01 -3.0220E-01  2.9663E-01 -7.3803E-03
  5.8000E+01  6.9502E-01  6.0463E+00  4.8321E+01 -3.0220E-01  2.9663E-01 -7.3803E-03
  5.8000E+01  6.9502E-01  6.0463E+00  4.8321E+01 -3.0220E-01  2.9663E-01 -7.3803E-03
  5.8000E+01  6.9502E-01  6.0463E+00  4.8321E+01 -3.0220E-01  2.9663E-01 -7.3803E-03
  5.8000E+01  6.9502E-01  6.0463E+00  4.8321E+01 -3.0220E-01  2.9663E-01 -7.3803E-03
  5.8000E+01  6.9502E-01  6.0463E+00  4.8321E+01 -3.0220E-01  2.9663E-01 -7.3803E-03
  5.8000E+01  8.6728E-01  4.5620E+00  4.8321E+01 -3.0220E-01  2.9663E-01 -7.3803E-03
  5.8000E+01  8.6728E-01  4.5620E+00  4.8321E+01 -3.0220E-01  2.9663E-01 -7.3803E-03
  5.8000E+01  8.6728E-01  4.5620E+00  4.8321E+01 -3.0220E-01  2.9663E-01 -7.3803E-03
  5.8000E+01  8.6728E-01  4.5620E+00  4.8321E+01 -3.0220E-01  2.9663E-01 -7.3803E-03
  5.8000E+01  8.6728E-01  4.5620E+00  4.8321E+01 -3.0220E-01  2.9663E-01 -7.3803E-03
  5.8000E+01  8.6728E-01  4.5620E+00  4.8321E+01 -3.0220E-01  2.9663E-01 -7.3803E-03
  5.8000E+01  8.6728E-01  4.5620E+00  4.8321E+01 -3.0220E-01  2.9663E-01 -7.3803E-03
  5.8000E+01  8.6728E-01  4.5620E+00  4.8321E+01 -3.0220E-01  2.9663E-01 -7.3803E-03
  5.8000E+01  6.5352E-01  6.7686E+00  4.8321E+01 -3.0220E-01  2.9663E-01 -7.3803E-03
  5.8000E+01  6.5352E-01  6.7686E+00  4.8321E+01 -3.0220E-01  2.9663E-01 -7.3803E-03
  5.8000E+01  6.5352E-01  6.7686E+00  4.8321E+01 -3.0220E-01  2.9663E-01 -7.3803E-03
  5.8000E+01  6.5352E-01  6.7686E+00  4.8321E+01 -3.0220E-01  2.9663E-01 -7.3803E-03
  5.8000E+01  6.5352E-01  6.7686E+00  4.8321E+01 -3.0220E-01  2.9663E-01 -7.3803E-03
  5.8000E+01  6.5352E-01  6.7686E+00  4.8321E+01 -3.0220E-01  2.9663E-01 -7.3803E-03
  5.8000E+01  6.5352E-01  6.7686E+00  4.8321E+01 -3.0220E-01  2.9663E-01 -7.3803E-03
  5.8000E+01  6.5352E-01  6.7686E+00  4.8321E+01 -3.0220E-01  2.9663E-01 -7.3803E-03
  5.9000E+01  3.7467E-01  4.1824E+00  6.3746E+01 -6.0073E-01  6.0345E-02  2.6965E-01
  5.9000E+01  3.7467E-01  4.1824E+00  6.3746E+01 -6.0073E-01  6.0345E-02  2.6965E-01
  5.9000E+01  3.7467E-01  4.1824E+00  6.3746E+01 -6.0073E-01  6.0345E-02  2.6965E-01
  5.9000E+01  3.7467E-01  4.1824E+00  6.3746E+01 -6.0073E-01  6.0345E-02  2.6965E-01
  5.9000E+01  3.7467E-01  4.1824E+00  6.3746E+01 -6.0073E-01  6.0345E-02  2.6965E-01
  5.9000E+01  3.7467E-01  4.1824E+00  6.3746E+01 -6.0073E-01  6.0345E-02  2.6965E-01
  5.9000E+01  3.7467E-01  4.1824E+00  6.3746E+01 -6.0073E-01  6.0345E-02  2.6965E-01
  5.9000E+01  3.7467E-01  4.1824E+00  6.3746E+01 -6.0073E-01  6.0345E-02  2.6965E-01
  5.9000E+01  5.9337E-01  4.7751E+00  6.3746E+01 -6.0073E-01  6.0345E-02  2.6965E-01
  5.9000E+01  5.9337E-01  4.7751E+00  6.3746E+01 -6.0073E-01  6.0345E-02  2.6965E-01
  5.9000E+01  5.9337E-01  4.7751E+00  6.3746E+01 -6.0073E-01  6.0345E-02  2.6965E-01
  5.9000E+01  5.9337E-01  4.7751E+00  6.3746E+01 -6.0073E-01  6.0345E-02  2.6965E-01
  5.9000E+01  5.9337E-01  4.7751E+00  6.3746E+01 -6.0073E-01  6.0345E-02  2.6965E-01
  5.9000E+01  5.9337E-01  4.7751E+00  6.3746E+01 -6.0073E-01  6.0345E-02  2.6965E-01
  5.9000E+01  5.9337E-01  4.7751E+00  6.3746E+01 -6.0073E-01  6.0345E-02  2.6965E-01
  5.9000E+01  5.9337E-01  4.7751E+00  6.3746E+01 -6.0073E-01  6.0345E-02  2.6965E-01
  5.9000E+01  6.1292E-01  4.2048E+00  6.3746E+01 -6.0073E-01  6.0345E-02  2.6965E-01
  5.9000E+01  6.1292E-01  4.2048E+00  6.3746E+01 -6.0073E-01  6.0345E-02  2.6965E-01
  5.9000E+01  6.1292E-01  4.2048E+00  6.3746E+01 -6.0073E-01  6.0345E-02  2.6965E-01
  5.9000E+01  6.1292E-01  4.2048E+00  6.3746E+01 -6.0073E-01  6.0345E-02  2.6965E-01
  5.9000E+01  6.1292E-01  4.2048E+00  6.3746E+01 -6.0073E-01  6.0345E-02  2.6965E-01
  5.9000E+01  6.1292E-01  4.2048E+00  6.3746E+01 -6.0073E-01  6.0345E-02  2.6965E-01
  5.9000E+01  6.1292E-01  4.2048E+00  6.3746E+01 -6.0073E-01  6.0345E-02  2.6965E-01
  5.9000E+01  6.1292E-01  4.2048E+00  6.3746E+01 -6.0073E-01  6.0345E-02  2.6965E-01
  6.0000E+01  1.5429E+00  3.4045E+00  3.7332E+01  5.3881E-01 -9.4356E-03 -2.6540E-01
  6.0000E+01  1.5429E+00  3.4045E+00  3.7332E+01  5.3881E-01 -9.4356E-03 -2.6540E-01
  6.0000E+01  1.5429E+00  3.4045E+00  3.7332E+01  5.3881E-01 -9.4356E-03 -2.6540E-01
  6.0000E+01  1.5429E+00  3.4045E+00  3.7332E+01  5.3881E-01 -9.4356E-03 -2.6540E-01
  6.0000E+01  1.5429E+00  3.4045E+00  3.7332E+01  5.3881E-01 -9.4356E-03 -2.6540E-01
  6.0000E+01  1.5429E+00  3.4045E+00  3.7332E+01  5.3881E-01 -9.4356E-03 -2.6540E-01
  6.0000E+01  1.5429E+00  3.4045E+00  3.7332E+01  5.3881E-01 -9.4356E-03 -2.6540E-01
  6.0000E+01  1.5429E+00  3.4045E+00  3.7332E+01  5.3881E-01 -9.4356E-03 -2.6540E-01
  6.0000E+01  2.5899E+00  5.1751E+00  3.7332E+01  5.3881E-01 -9.4356E-03 -2.6540E-01
  6.0000E+01  2.5899E+00  5.1751E+00  3.7332E+01  5.3881E-01 -9.4356E-03 -2.6540E-01
  6.0000E+01  2.5899E+00  5.1751E+00  3.7332E+01  5.3881E-01 -9.4356E-03 -2.6540E-01
  6.0000E+01  2.5899E+00  5.1751E+00  3.7332E+01  5.3881E-01 -9.4356E-03 -2.6540E-01
  6.0000E+01  2.5899E+00  5.1751E+00  3.7332E+01  5.3881E-01 -9.4356E-03 -2.6540E-01
  6.0000E+01  2.5899E+00  5.1751E+00  3.7332E+01  5.3881E-01 -9.4356E-03 -2.6540E-01
  6.0000E+01  2.5899E+00  5.1751E+00  3.7332E+01  5.3881E-01 -9.4356E-03 -2.6540E-01
  6.0000E+01  2.5899E+00  5.1751E+00  3.7332E+01  5.3881E-01 -9.4356E-03 -2.6540E-01
  6.0000E+01  1.9614E+00  3.7645E+00  3.7332E+01  5.3881E-01 -9.4356E-03 -2.6540E-01
  6.0000E+01  1.9614E+00  3.7645E+00  3.7332E+01  5.3881E-01 -9.4356E-03 -2.6540E-01
  6.0000E+01  1.9614E+00  3.7645E+00  3.7332E+01  5.3881E-01 -9.4356E-03 -2.6540E-01
  6.0000E+01  1.9614E+00  3.7645E+00  3.7332E+01  5.3881E-01 -9.4356E-03 -2.6540E-01
  6.0000E+01  1.9614E+00  3.7645E+00  3.7332E+01  5.3881E-01 -9.4356E-03 -2.6540E-01
  6.0000E+01  1.9614E+00  3.7645E+00  3.7332E+01  5.3881E-01 -9.4356E-03 -2.6540E-01
  6.0000E+01  1.9614E+00  3.7645E+00  3.7332E+01  5.3881E-01 -9.4356E-03 -2.6540E-01
  6.0000E+01  1.9614E+00  3.7645E+00  3.7332E+01  5.3881E-01 -9.4356E-03 -2.6540E-01
