TABLE NO.  1
 ID          TIME        AMT         DV          MDV         EVID        CMT         IPRE        IWRE        CWRES       DV          PRED        RES         WRES
  1.0000E+00  0.0000E+00  0.0000E+00  0.0000E+00  1.0000E+00  0.0000E+00  1.0000E+00  0.0000E+00  0.0000E+00  0.0000E+00  0.0000E+00  0.0000E+00  0.0000E+00  0.0000E+00
  1.0000E+00  0.0000E+00  2.5000E+01  0.0000E+00  1.0000E+00  1.0000E+00  1.0000E+00  1.7972E+01 -6.5264E+00  0.0000E+00  0.0000E+00  1.7336E+01  0.0000E+00  0.0000E+00
  1.0000E+00  2.0000E+00  0.0000E+00  1.7300E+01  0.0000E+00  0.0000E+00  1.0000E+00  1.7836E+01 -1.9467E-01 -1.9768E-01  1.7300E+01  1.7195E+01  1.0481E-01 -1.9108E-01
  1.0000E+00  1.2500E+01  3.5000E+00  0.0000E+00  1.0000E+00  1.0000E+00  1.0000E+00  1.9654E+01 -7.1134E+00  0.0000E+00  0.0000E+00  1.8900E+01  0.0000E+00  0.0000E+00
  1.0000E+00  2.4500E+01  3.5000E+00  0.0000E+00  1.0000E+00  1.0000E+00  1.0000E+00  2.1294E+01 -7.6797E+00  0.0000E+00  0.0000E+00  2.0423E+01  0.0000E+00  0.0000E+00
  1.0000E+00  3.7000E+01  3.5000E+00  0.0000E+00  1.0000E+00  1.0000E+00  1.0000E+00  2.2822E+01 -8.2019E+00  0.0000E+00  0.0000E+00  2.1833E+01  0.0000E+00  0.0000E+00
  1.0000E+00  4.8000E+01  3.5000E+00  0.0000E+00  1.0000E+00  1.0000E+00  1.0000E+00  2.4404E+01 -8.7363E+00  0.0000E+00  0.0000E+00  2.3300E+01  0.0000E+00  0.0000E+00
  1.0000E+00  6.0500E+01  3.5000E+00  0.0000E+00  1.0000E+00  1.0000E+00  1.0000E+00  2.5788E+01 -9.1988E+00  0.0000E+00  0.0000E+00  2.4567E+01  0.0000E+00  0.0000E+00
  1.0000E+00  7.2500E+01  3.5000E+00  0.0000E+00  1.0000E+00  1.0000E+00  1.0000E+00  2.7154E+01 -9.6504E+00  0.0000E+00  0.0000E+00  2.5818E+01  0.0000E+00  0.0000E+00
  1.0000E+00  8.5300E+01  3.5000E+00  0.0000E+00  1.0000E+00  1.0000E+00  1.0000E+00  2.8381E+01 -1.0052E+01  0.0000E+00  0.0000E+00  2.6929E+01  0.0000E+00  0.0000E+00
  1.0000E+00  9.6500E+01  3.5000E+00  0.0000E+00  1.0000E+00  1.0000E+00  1.0000E+00  2.9714E+01 -1.0483E+01  0.0000E+00  0.0000E+00  2.8152E+01  0.0000E+00  0.0000E+00
  1.0000E+00  1.0850E+02  3.5000E+00  0.0000E+00  1.0000E+00  1.0000E+00  1.0000E+00  3.0906E+01 -1.0864E+01  0.0000E+00  0.0000E+00  2.9231E+01  0.0000E+00  0.0000E+00
  1.0000E+00  1.1250E+02  0.0000E+00  3.1000E+01  0.0000E+00  0.0000E+00  1.0000E+00  3.0440E+01  1.9730E-01  3.2261E-01  3.1000E+01  2.8757E+01  2.2426E+00  3.3045E-01
  2.0000E+00  0.0000E+00  0.0000E+00  0.0000E+00  1.0000E+00  0.0000E+00  1.0000E+00  0.0000E+00  0.0000E+00  0.0000E+00  0.0000E+00  0.0000E+00  0.0000E+00  0.0000E+00
  2.0000E+00  0.0000E+00  1.5000E+01  0.0000E+00  1.0000E+00  1.0000E+00  1.0000E+00  1.2101E+01 -4.4363E+00  0.0000E+00  0.0000E+00  1.0402E+01  0.0000E+00  0.0000E+00
  2.0000E+00  2.0000E+00  0.0000E+00  9.7000E+00  0.0000E+00  0.0000E+00  1.0000E+00  1.2007E+01 -8.4578E-01 -7.9996E-01  9.7000E+00  1.0317E+01 -6.1711E-01 -7.9405E-01
  2.0000E+00  4.0000E+00  3.8000E+00  0.0000E+00  1.0000E+00  1.0000E+00  1.0000E+00  1.4979E+01 -5.4683E+00  0.0000E+00  0.0000E+00  1.2868E+01  0.0000E+00  0.0000E+00
  2.0000E+00  1.6000E+01  3.8000E+00  0.0000E+00  1.0000E+00  1.0000E+00  1.0000E+00  1.7359E+01 -6.3109E+00  0.0000E+00  0.0000E+00  1.4888E+01  0.0000E+00  0.0000E+00
  2.0000E+00  2.7800E+01  3.8000E+00  0.0000E+00  1.0000E+00  1.0000E+00  1.0000E+00  1.9642E+01 -7.1092E+00  0.0000E+00  0.0000E+00  1.6822E+01  0.0000E+00  0.0000E+00
  2.0000E+00  4.0000E+01  3.8000E+00  0.0000E+00  1.0000E+00  1.0000E+00  1.0000E+00  2.1794E+01 -7.8510E+00  0.0000E+00  0.0000E+00  1.8639E+01  0.0000E+00  0.0000E+00
  2.0000E+00  5.2000E+01  3.8000E+00  0.0000E+00  1.0000E+00  1.0000E+00  1.0000E+00  2.3861E+01 -8.5537E+00  0.0000E+00  0.0000E+00  2.0382E+01  0.0000E+00  0.0000E+00
  2.0000E+00  6.3500E+01  0.0000E+00  2.4600E+01  0.0000E+00  0.0000E+00  1.0000E+00  2.2813E+01  6.4211E-01  8.1358E-01  2.4600E+01  1.9446E+01  5.1539E+00  8.4024E-01
  2.0000E+00  6.4000E+01  3.8000E+00  0.0000E+00  1.0000E+00  1.0000E+00  1.0000E+00  2.5834E+01 -9.2142E+00  0.0000E+00  0.0000E+00  2.2042E+01  0.0000E+00  0.0000E+00
  2.0000E+00  7.6000E+01  3.8000E+00  0.0000E+00  1.0000E+00  1.0000E+00  1.0000E+00  2.7717E+01 -9.8349E+00  0.0000E+00  0.0000E+00  2.3622E+01  0.0000E+00  0.0000E+00
  2.0000E+00  8.8000E+01  3.8000E+00  0.0000E+00  1.0000E+00  1.0000E+00  1.0000E+00  2.9513E+01 -1.0418E+01  0.0000E+00  0.0000E+00  2.5126E+01  0.0000E+00  0.0000E+00
  2.0000E+00  1.0000E+02  3.8000E+00  0.0000E+00  1.0000E+00  1.0000E+00  1.0000E+00  3.1228E+01 -1.0966E+01  0.0000E+00  0.0000E+00  2.6559E+01  0.0000E+00  0.0000E+00
  2.0000E+00  1.1200E+02  3.8000E+00  0.0000E+00  1.0000E+00  1.0000E+00  1.0000E+00  3.2863E+01 -1.1481E+01  0.0000E+00  0.0000E+00  2.7923E+01  0.0000E+00  0.0000E+00
  2.0000E+00  1.2400E+02  3.8000E+00  0.0000E+00  1.0000E+00  1.0000E+00  1.0000E+00  3.4424E+01 -1.1964E+01  0.0000E+00  0.0000E+00  2.9222E+01  0.0000E+00  0.0000E+00
  2.0000E+00  1.3550E+02  0.0000E+00  3.3000E+01  0.0000E+00  0.0000E+00  1.0000E+00  3.2912E+01  3.0768E-02  3.7003E-01  3.3000E+01  2.7880E+01  5.1197E+00  4.0892E-01
  3.0000E+00  0.0000E+00  0.0000E+00  0.0000E+00  1.0000E+00  0.0000E+00  1.0000E+00  0.0000E+00  0.0000E+00  0.0000E+00  0.0000E+00  0.0000E+00  0.0000E+00  0.0000E+00
  3.0000E+00  0.0000E+00  3.0000E+01  0.0000E+00  1.0000E+00  1.0000E+00  1.0000E+00  1.7732E+01 -6.4424E+00  0.0000E+00  0.0000E+00  2.0804E+01  0.0000E+00  0.0000E+00
  3.0000E+00  1.5000E+00  0.0000E+00  1.8000E+01  0.0000E+00  0.0000E+00  1.0000E+00  1.7597E+01  1.4658E-01  1.1822E-01  1.8000E+01  2.0676E+01 -2.6764E+00  1.8177E-01
  3.0000E+00  1.1500E+01  3.7000E+00  0.0000E+00  1.0000E+00  1.0000E+00  1.0000E+00  1.8904E+01 -6.8524E+00  0.0000E+00  0.0000E+00  2.2414E+01  0.0000E+00  0.0000E+00
  3.0000E+00  2.3500E+01  3.7000E+00  0.0000E+00  1.0000E+00  1.0000E+00  1.0000E+00  1.9963E+01 -7.2206E+00  0.0000E+00  0.0000E+00  2.3907E+01  0.0000E+00  0.0000E+00
  3.0000E+00  3.5500E+01  3.7000E+00  0.0000E+00  1.0000E+00  1.0000E+00  1.0000E+00  2.0959E+01 -7.5646E+00  0.0000E+00  0.0000E+00  2.5329E+01  0.0000E+00  0.0000E+00
  3.0000E+00  4.7500E+01  3.7000E+00  0.0000E+00  1.0000E+00  1.0000E+00  1.0000E+00  2.1896E+01 -7.8859E+00  0.0000E+00  0.0000E+00  2.6683E+01  0.0000E+00  0.0000E+00
  3.0000E+00  5.9300E+01  3.7000E+00  0.0000E+00  1.0000E+00  1.0000E+00  1.0000E+00  2.2798E+01 -8.1934E+00  0.0000E+00  0.0000E+00  2.7992E+01  0.0000E+00  0.0000E+00
  3.0000E+00  7.3000E+01  3.7000E+00  0.0000E+00  1.0000E+00  1.0000E+00  1.0000E+00  2.3438E+01 -8.4108E+00  0.0000E+00  0.0000E+00  2.9034E+01  0.0000E+00  0.0000E+00
  3.0000E+00  8.3500E+01  0.0000E+00  2.3800E+01  0.0000E+00  0.0000E+00  1.0000E+00  2.2210E+01  5.7223E-01  2.3289E-01  2.3800E+01  2.7814E+01 -4.0142E+00  2.9368E-01
  3.0000E+00  8.4000E+01  3.7000E+00  0.0000E+00  1.0000E+00  1.0000E+00  1.0000E+00  2.4340E+01 -8.7149E+00  0.0000E+00  0.0000E+00  3.0323E+01  0.0000E+00  0.0000E+00
  3.0000E+00  9.6500E+01  3.7000E+00  0.0000E+00  1.0000E+00  1.0000E+00  1.0000E+00  2.5016E+01 -8.9416E+00  0.0000E+00  0.0000E+00  3.1379E+01  0.0000E+00  0.0000E+00
  3.0000E+00  1.0850E+02  3.7000E+00  0.0000E+00  1.0000E+00  1.0000E+00  1.0000E+00  2.5711E+01 -9.1731E+00  0.0000E+00  0.0000E+00  3.2443E+01  0.0000E+00  0.0000E+00
  3.0000E+00  1.2000E+02  3.7000E+00  0.0000E+00  1.0000E+00  1.0000E+00  1.0000E+00  2.6426E+01 -9.4103E+00  0.0000E+00  0.0000E+00  3.3519E+01  0.0000E+00  0.0000E+00
  3.0000E+00  1.3200E+02  3.7000E+00  0.0000E+00  1.0000E+00  1.0000E+00  1.0000E+00  2.7036E+01 -9.6116E+00  0.0000E+00  0.0000E+00  3.4481E+01  0.0000E+00  0.0000E+00
  3.0000E+00  1.3430E+02  0.0000E+00  2.4300E+01  0.0000E+00  0.0000E+00  1.0000E+00  2.6719E+01 -8.6081E-01 -1.3810E+00  2.4300E+01  3.4158E+01 -9.8582E+00 -1.2854E+00
  4.0000E+00  0.0000E+00  0.0000E+00  0.0000E+00  1.0000E+00  0.0000E+00  1.0000E+00  0.0000E+00  0.0000E+00  0.0000E+00  0.0000E+00  0.0000E+00  0.0000E+00  0.0000E+00
  4.0000E+00  0.0000E+00  1.8600E+01  0.0000E+00  1.0000E+00  1.0000E+00  1.0000E+00  2.0658E+01 -7.4607E+00  0.0000E+00  0.0000E+00  1.2898E+01  0.0000E+00  0.0000E+00
  4.0000E+00  1.8000E+00  0.0000E+00  2.0800E+01  0.0000E+00  0.0000E+00  1.0000E+00  2.0484E+01  1.1416E-01  5.4302E-01  2.0800E+01  1.2804E+01  7.9963E+00  6.5764E-01
  4.0000E+00  1.2000E+01  2.3000E+00  0.0000E+00  1.0000E+00  1.0000E+00  1.0000E+00  2.2080E+01 -7.9490E+00  0.0000E+00  0.0000E+00  1.3876E+01  0.0000E+00  0.0000E+00
  4.0000E+00  2.4300E+01  2.3000E+00  0.0000E+00  1.0000E+00  1.0000E+00  1.0000E+00  2.3395E+01 -8.3961E+00  0.0000E+00  0.0000E+00  1.4791E+01  0.0000E+00  0.0000E+00
  4.0000E+00  3.5800E+01  2.3000E+00  0.0000E+00  1.0000E+00  1.0000E+00  1.0000E+00  2.4719E+01 -8.8421E+00  0.0000E+00  0.0000E+00  1.5706E+01  0.0000E+00  0.0000E+00
  4.0000E+00  4.8100E+01  2.3000E+00  0.0000E+00  1.0000E+00  1.0000E+00  1.0000E+00  2.5886E+01 -9.2314E+00  0.0000E+00  0.0000E+00  1.6531E+01  0.0000E+00  0.0000E+00
  4.0000E+00  5.9300E+01  0.0000E+00  2.3900E+01  0.0000E+00  0.0000E+00  1.0000E+00  2.4559E+01 -2.3590E-01  3.3144E-01  2.3900E+01  1.5792E+01  8.1082E+00  4.6705E-01
  4.0000E+00  5.9800E+01  2.3000E+00  0.0000E+00  1.0000E+00  1.0000E+00  1.0000E+00  2.7056E+01 -9.6181E+00  0.0000E+00  0.0000E+00  1.7354E+01  0.0000E+00  0.0000E+00
  4.0000E+00  7.1800E+01  2.3000E+00  0.0000E+00  1.0000E+00  1.0000E+00  1.0000E+00  2.8128E+01 -9.9690E+00  0.0000E+00  0.0000E+00  1.8119E+01  0.0000E+00  0.0000E+00
  4.0000E+00  8.3800E+01  2.3000E+00  0.0000E+00  1.0000E+00  1.0000E+00  1.0000E+00  2.9140E+01 -1.0298E+01  0.0000E+00  0.0000E+00  1.8847E+01  0.0000E+00  0.0000E+00
  4.0000E+00  9.5800E+01  2.3000E+00  0.0000E+00  1.0000E+00  1.0000E+00  1.0000E+00  3.0098E+01 -1.0606E+01  0.0000E+00  0.0000E+00  1.9540E+01  0.0000E+00  0.0000E+00
  4.0000E+00  1.0780E+02  2.3000E+00  0.0000E+00  1.0000E+00  1.0000E+00  1.0000E+00  3.1002E+01 -1.0894E+01  0.0000E+00  0.0000E+00  2.0199E+01  0.0000E+00  0.0000E+00
  4.0000E+00  1.1980E+02  2.3000E+00  0.0000E+00  1.0000E+00  1.0000E+00  1.0000E+00  3.1858E+01 -1.1165E+01  0.0000E+00  0.0000E+00  2.0828E+01  0.0000E+00  0.0000E+00
  4.0000E+00  1.3080E+02  0.0000E+00  3.1700E+01  0.0000E+00  0.0000E+00  1.0000E+00  3.0253E+01  5.0953E-01  1.2599E+00  3.1700E+01  1.9912E+01  1.1788E+01  1.4638E+00
  5.0000E+00  0.0000E+00  0.0000E+00  0.0000E+00  1.0000E+00  0.0000E+00  1.0000E+00  0.0000E+00  0.0000E+00  0.0000E+00  0.0000E+00  0.0000E+00  0.0000E+00  0.0000E+00
  5.0000E+00  0.0000E+00  2.7000E+01  0.0000E+00  1.0000E+00  1.0000E+00  1.0000E+00  1.4126E+01 -5.1638E+00  0.0000E+00  0.0000E+00  1.8723E+01  0.0000E+00  0.0000E+00
  5.0000E+00  2.0000E+00  0.0000E+00  1.4200E+01  0.0000E+00  0.0000E+00  1.0000E+00  1.4012E+01  6.8760E-02 -1.4688E-01  1.4200E+01  1.8571E+01 -4.3708E+00 -1.2938E-01
  5.0000E+00  1.2000E+01  3.4000E+00  0.0000E+00  1.0000E+00  1.0000E+00  1.0000E+00  1.5233E+01 -5.5589E+00  0.0000E+00  0.0000E+00  2.0185E+01  0.0000E+00  0.0000E+00
  5.0000E+00  2.4000E+01  3.4000E+00  0.0000E+00  1.0000E+00  1.0000E+00  1.0000E+00  1.6288E+01 -5.9331E+00  0.0000E+00  0.0000E+00  2.1577E+01  0.0000E+00  0.0000E+00
  5.0000E+00  3.6000E+01  3.4000E+00  0.0000E+00  1.0000E+00  1.0000E+00  1.0000E+00  1.7292E+01 -6.2877E+00  0.0000E+00  0.0000E+00  2.2902E+01  0.0000E+00  0.0000E+00
  5.0000E+00  4.8000E+01  3.4000E+00  0.0000E+00  1.0000E+00  1.0000E+00  1.0000E+00  1.8249E+01 -6.6235E+00  0.0000E+00  0.0000E+00  2.4163E+01  0.0000E+00  0.0000E+00
  5.0000E+00  5.9500E+01  0.0000E+00  1.8200E+01  0.0000E+00  0.0000E+00  1.0000E+00  1.7417E+01  2.8471E-01 -4.8189E-02  1.8200E+01  2.3054E+01 -4.8541E+00 -3.1305E-03
  5.0000E+00  6.0000E+01  3.4000E+00  0.0000E+00  1.0000E+00  1.0000E+00  1.0000E+00  1.9160E+01 -6.9417E+00  0.0000E+00  0.0000E+00  2.5365E+01  0.0000E+00  0.0000E+00
  5.0000E+00  7.2000E+01  3.4000E+00  0.0000E+00  1.0000E+00  1.0000E+00  1.0000E+00  2.0028E+01 -7.2431E+00  0.0000E+00  0.0000E+00  2.6509E+01  0.0000E+00  0.0000E+00
  5.0000E+00  8.4000E+01  3.4000E+00  0.0000E+00  1.0000E+00  1.0000E+00  1.0000E+00  2.0855E+01 -7.5286E+00  0.0000E+00  0.0000E+00  2.7598E+01  0.0000E+00  0.0000E+00
  5.0000E+00  9.6000E+01  3.4000E+00  0.0000E+00  1.0000E+00  1.0000E+00  1.0000E+00  2.1642E+01 -7.7991E+00  0.0000E+00  0.0000E+00  2.8635E+01  0.0000E+00  0.0000E+00
  5.0000E+00  1.0800E+02  3.4000E+00  0.0000E+00  1.0000E+00  1.0000E+00  1.0000E+00  2.2392E+01 -8.0554E+00  0.0000E+00  0.0000E+00  2.9622E+01  0.0000E+00  0.0000E+00
  5.0000E+00  1.2000E+02  3.4000E+00  0.0000E+00  1.0000E+00  1.0000E+00  1.0000E+00  2.3106E+01 -8.2983E+00  0.0000E+00  0.0000E+00  3.0562E+01  0.0000E+00  0.0000E+00
  5.0000E+00  1.3200E+02  0.0000E+00  2.0300E+01  0.0000E+00  0.0000E+00  1.0000E+00  2.2008E+01 -6.1489E-01 -1.1042E+00  2.0300E+01  2.9099E+01 -8.7995E+00 -1.0043E+00
  6.0000E+00  0.0000E+00  0.0000E+00  0.0000E+00  1.0000E+00  0.0000E+00  1.0000E+00  0.0000E+00  0.0000E+00  0.0000E+00  0.0000E+00  0.0000E+00  0.0000E+00  0.0000E+00
  6.0000E+00  0.0000E+00  2.4000E+01  0.0000E+00  1.0000E+00  1.0000E+00  1.0000E+00  1.7290E+01 -6.2867E+00  0.0000E+00  0.0000E+00  1.6643E+01  0.0000E+00  0.0000E+00
  6.0000E+00  1.8000E+00  0.0000E+00  1.9000E+01  0.0000E+00  0.0000E+00  1.0000E+00  1.7186E+01  6.5975E-01  6.1091E-01  1.9000E+01  1.6521E+01  2.4791E+00  6.3751E-01
  6.0000E+00  1.1800E+01  3.0000E+00  0.0000E+00  1.0000E+00  1.0000E+00  1.0000E+00  1.8781E+01 -6.8094E+00  0.0000E+00  0.0000E+00  1.7940E+01  0.0000E+00  0.0000E+00
  6.0000E+00  2.3800E+01  3.0000E+00  0.0000E+00  1.0000E+00  1.0000E+00  1.0000E+00  2.0202E+01 -7.3034E+00  0.0000E+00  0.0000E+00  1.9161E+01  0.0000E+00  0.0000E+00
  6.0000E+00  3.5800E+01  3.0000E+00  0.0000E+00  1.0000E+00  1.0000E+00  1.0000E+00  2.1568E+01 -7.7736E+00  0.0000E+00  0.0000E+00  2.0325E+01  0.0000E+00  0.0000E+00
  6.0000E+00  4.7800E+01  3.0000E+00  0.0000E+00  1.0000E+00  1.0000E+00  1.0000E+00  2.2879E+01 -8.2212E+00  0.0000E+00  0.0000E+00  2.1432E+01  0.0000E+00  0.0000E+00
  6.0000E+00  5.9300E+01  0.0000E+00  1.7300E+01  0.0000E+00  0.0000E+00  1.0000E+00  2.2015E+01 -1.6976E+00 -1.6344E+00  1.7300E+01  2.0448E+01 -3.1485E+00 -1.6169E+00
  6.0000E+00  5.9800E+01  3.0000E+00  0.0000E+00  1.0000E+00  1.0000E+00  1.0000E+00  2.4139E+01 -8.6473E+00  0.0000E+00  0.0000E+00  2.2487E+01  0.0000E+00  0.0000E+00
  6.0000E+00  7.1800E+01  3.0000E+00  0.0000E+00  1.0000E+00  1.0000E+00  1.0000E+00  2.5350E+01 -9.0528E+00  0.0000E+00  0.0000E+00  2.3491E+01  0.0000E+00  0.0000E+00
  6.0000E+00  8.3800E+01  3.0000E+00  0.0000E+00  1.0000E+00  1.0000E+00  1.0000E+00  2.6512E+01 -9.4388E+00  0.0000E+00  0.0000E+00  2.4447E+01  0.0000E+00  0.0000E+00
  6.0000E+00  9.5800E+01  3.0000E+00  0.0000E+00  1.0000E+00  1.0000E+00  1.0000E+00  2.7629E+01 -9.8061E+00  0.0000E+00  0.0000E+00  2.5358E+01  0.0000E+00  0.0000E+00
  6.0000E+00  1.0780E+02  3.0000E+00  0.0000E+00  1.0000E+00  1.0000E+00  1.0000E+00  2.8702E+01 -1.0156E+01  0.0000E+00  0.0000E+00  2.6225E+01  0.0000E+00  0.0000E+00
  6.0000E+00  1.2010E+02  3.0000E+00  0.0000E+00  1.0000E+00  1.0000E+00  1.0000E+00  2.9705E+01 -1.0480E+01  0.0000E+00  0.0000E+00  2.7019E+01  0.0000E+00  0.0000E+00
  6.0000E+00  1.3180E+02  3.0000E+00  0.0000E+00  1.0000E+00  1.0000E+00  1.0000E+00  3.0724E+01 -1.0806E+01  0.0000E+00  0.0000E+00  2.7838E+01  0.0000E+00  0.0000E+00
  6.0000E+00  1.4280E+02  0.0000E+00  3.2500E+01  0.0000E+00  0.0000E+00  1.0000E+00  2.9613E+01  1.0188E+00  1.2664E+00  3.2500E+01  2.6614E+01  5.8857E+00  1.2961E+00
  7.0000E+00  0.0000E+00  0.0000E+00  0.0000E+00  1.0000E+00  0.0000E+00  1.0000E+00  0.0000E+00  0.0000E+00  0.0000E+00  0.0000E+00  0.0000E+00  0.0000E+00  0.0000E+00
  7.0000E+00  0.0000E+00  1.9000E+01  0.0000E+00  1.0000E+00  1.0000E+00  1.0000E+00  1.8280E+01 -6.6344E+00  0.0000E+00  0.0000E+00  1.3176E+01  0.0000E+00  0.0000E+00
  7.0000E+00  2.0000E+00  0.0000E+00  1.7900E+01  0.0000E+00  0.0000E+00  1.0000E+00  1.8095E+01 -7.0727E-02  3.0762E-01  1.7900E+01  1.3068E+01  4.8317E+00  3.6806E-01
  7.0000E+00  1.1300E+01  2.4000E+00  0.0000E+00  1.0000E+00  1.0000E+00  1.0000E+00  1.9566E+01 -7.0829E+00  0.0000E+00  0.0000E+00  1.4245E+01  0.0000E+00  0.0000E+00
  7.0000E+00  2.3300E+01  2.4000E+00  0.0000E+00  1.0000E+00  1.0000E+00  1.0000E+00  2.0715E+01 -7.4804E+00  0.0000E+00  0.0000E+00  1.5228E+01  0.0000E+00  0.0000E+00
  7.0000E+00  3.6500E+01  2.4000E+00  0.0000E+00  1.0000E+00  1.0000E+00  1.0000E+00  2.1677E+01 -7.8110E+00  0.0000E+00  0.0000E+00  1.6092E+01  0.0000E+00  0.0000E+00
  7.0000E+00  4.8200E+01  2.4000E+00  0.0000E+00  1.0000E+00  1.0000E+00  1.0000E+00  2.2731E+01 -8.1710E+00  0.0000E+00  0.0000E+00  1.7005E+01  0.0000E+00  0.0000E+00
  7.0000E+00  6.0300E+01  2.4000E+00  0.0000E+00  1.0000E+00  1.0000E+00  1.0000E+00  2.3681E+01 -8.4930E+00  0.0000E+00  0.0000E+00  1.7849E+01  0.0000E+00  0.0000E+00
  7.0000E+00  7.3800E+01  0.0000E+00  2.3400E+01  0.0000E+00  0.0000E+00  1.0000E+00  2.2107E+01  4.6533E-01  8.2426E-01  2.3400E+01  1.6891E+01  6.5089E+00  8.8063E-01
  7.0000E+00  7.5800E+01  2.4000E+00  0.0000E+00  1.0000E+00  1.0000E+00  1.0000E+00  2.4192E+01 -8.6652E+00  0.0000E+00  0.0000E+00  1.8418E+01  0.0000E+00  0.0000E+00
  7.0000E+00  8.4300E+01  2.4000E+00  0.0000E+00  1.0000E+00  1.0000E+00  1.0000E+00  2.5476E+01 -9.0950E+00  0.0000E+00  0.0000E+00  1.9453E+01  0.0000E+00  0.0000E+00
  7.0000E+00  9.6300E+01  2.4000E+00  0.0000E+00  1.0000E+00  1.0000E+00  1.0000E+00  2.6274E+01 -9.3601E+00  0.0000E+00  0.0000E+00  2.0187E+01  0.0000E+00  0.0000E+00
  7.0000E+00  1.0830E+02  2.4000E+00  0.0000E+00  1.0000E+00  1.0000E+00  1.0000E+00  2.7025E+01 -9.6079E+00  0.0000E+00  0.0000E+00  2.0885E+01  0.0000E+00  0.0000E+00
  7.0000E+00  1.2030E+02  2.4000E+00  0.0000E+00  1.0000E+00  1.0000E+00  1.0000E+00  2.7731E+01 -9.8396E+00  0.0000E+00  0.0000E+00  2.1550E+01  0.0000E+00  0.0000E+00
  7.0000E+00  1.3230E+02  2.4000E+00  0.0000E+00  1.0000E+00  1.0000E+00  1.0000E+00  2.8396E+01 -1.0056E+01  0.0000E+00  0.0000E+00  2.2183E+01  0.0000E+00  0.0000E+00
  7.0000E+00  1.4450E+02  2.4000E+00  0.0000E+00  1.0000E+00  1.0000E+00  1.0000E+00  2.8993E+01 -1.0250E+01  0.0000E+00  0.0000E+00  2.2768E+01  0.0000E+00  0.0000E+00
  7.0000E+00  1.6530E+02  0.0000E+00  2.5800E+01  0.0000E+00  0.0000E+00  1.0000E+00  2.6078E+01 -9.9082E-02  2.2190E-01  2.5800E+01  2.0913E+01  4.8874E+00  2.7238E-01
  8.0000E+00  0.0000E+00  0.0000E+00  0.0000E+00  1.0000E+00  0.0000E+00  1.0000E+00  0.0000E+00  0.0000E+00  0.0000E+00  0.0000E+00  0.0000E+00  0.0000E+00  0.0000E+00
  8.0000E+00  0.0000E+00  2.4000E+01  0.0000E+00  1.0000E+00  1.0000E+00  1.0000E+00  2.6106E+01 -9.3043E+00  0.0000E+00  0.0000E+00  1.6643E+01  0.0000E+00  0.0000E+00
  8.0000E+00  1.7000E+00  0.0000E+00  2.5800E+01  0.0000E+00  0.0000E+00  1.0000E+00  2.5831E+01 -1.1220E-02  6.0585E-01  2.5800E+01  1.6528E+01  9.2724E+00  8.1260E-01
  8.0000E+00  1.1800E+01  3.0000E+00  0.0000E+00  1.0000E+00  1.0000E+00  1.0000E+00  2.7523E+01 -9.7714E+00  0.0000E+00  0.0000E+00  1.7940E+01  0.0000E+00  0.0000E+00
  8.0000E+00  2.3700E+01  3.0000E+00  0.0000E+00  1.0000E+00  1.0000E+00  1.0000E+00  2.8824E+01 -1.0195E+01  0.0000E+00  0.0000E+00  1.9168E+01  0.0000E+00  0.0000E+00
  8.0000E+00  3.5700E+01  3.0000E+00  0.0000E+00  1.0000E+00  1.0000E+00  1.0000E+00  3.0015E+01 -1.0579E+01  0.0000E+00  0.0000E+00  2.0331E+01  0.0000E+00  0.0000E+00
  8.0000E+00  4.7700E+01  3.0000E+00  0.0000E+00  1.0000E+00  1.0000E+00  1.0000E+00  3.1121E+01 -1.0932E+01  0.0000E+00  0.0000E+00  2.1439E+01  0.0000E+00  0.0000E+00
  8.0000E+00  5.9700E+01  3.0000E+00  0.0000E+00  1.0000E+00  1.0000E+00  1.0000E+00  3.2147E+01 -1.1256E+01  0.0000E+00  0.0000E+00  2.2493E+01  0.0000E+00  0.0000E+00
  8.0000E+00  7.1700E+01  3.0000E+00  0.0000E+00  1.0000E+00  1.0000E+00  1.0000E+00  3.3100E+01 -1.1554E+01  0.0000E+00  0.0000E+00  2.3497E+01  0.0000E+00  0.0000E+00
  8.0000E+00  7.3700E+01  0.0000E+00  3.4200E+01  0.0000E+00  0.0000E+00  1.0000E+00  3.2691E+01  5.2743E-01  9.9437E-01  3.4200E+01  2.3306E+01  1.0894E+01  1.1085E+00
  8.0000E+00  8.3700E+01  3.0000E+00  0.0000E+00  1.0000E+00  1.0000E+00  1.0000E+00  3.3984E+01 -1.1829E+01  0.0000E+00  0.0000E+00  2.4453E+01  0.0000E+00  0.0000E+00
  8.0000E+00  9.5700E+01  3.0000E+00  0.0000E+00  1.0000E+00  1.0000E+00  1.0000E+00  3.4805E+01 -1.2081E+01  0.0000E+00  0.0000E+00  2.5363E+01  0.0000E+00  0.0000E+00
  8.0000E+00  1.0770E+02  3.0000E+00  0.0000E+00  1.0000E+00  1.0000E+00  1.0000E+00  3.5566E+01 -1.2313E+01  0.0000E+00  0.0000E+00  2.6229E+01  0.0000E+00  0.0000E+00
  8.0000E+00  1.1970E+02  3.0000E+00  0.0000E+00  1.0000E+00  1.0000E+00  1.0000E+00  3.6273E+01 -1.2527E+01  0.0000E+00  0.0000E+00  2.7055E+01  0.0000E+00  0.0000E+00
  8.0000E+00  1.3170E+02  3.0000E+00  0.0000E+00  1.0000E+00  1.0000E+00  1.0000E+00  3.6929E+01 -1.2724E+01  0.0000E+00  0.0000E+00  2.7840E+01  0.0000E+00  0.0000E+00
  8.0000E+00  1.4370E+02  3.0000E+00  0.0000E+00  1.0000E+00  1.0000E+00  1.0000E+00  3.7538E+01 -1.2906E+01  0.0000E+00  0.0000E+00  2.8588E+01  0.0000E+00  0.0000E+00
  8.0000E+00  1.4670E+02  0.0000E+00  3.6100E+01  0.0000E+00  0.0000E+00  1.0000E+00  3.6845E+01 -2.5664E-01  4.6440E-02  3.6100E+01  2.8240E+01  7.8602E+00  7.1541E-02
  9.0000E+00  0.0000E+00  0.0000E+00  0.0000E+00  1.0000E+00  0.0000E+00  1.0000E+00  0.0000E+00  0.0000E+00  0.0000E+00  0.0000E+00  0.0000E+00  0.0000E+00  0.0000E+00
  9.0000E+00  0.0000E+00  2.7000E+01  0.0000E+00  1.0000E+00  1.0000E+00  1.0000E+00  2.1822E+01 -7.8605E+00  0.0000E+00  0.0000E+00  1.8723E+01  0.0000E+00  0.0000E+00
  9.0000E+00  1.1000E+00  0.0000E+00  2.2100E+01  0.0000E+00  0.0000E+00  1.0000E+00  2.1729E+01  1.3377E-01  2.4935E-01  2.2100E+01  1.8639E+01  3.4608E+00  2.6785E-01
  9.0000E+00  1.1100E+01  3.2000E+00  0.0000E+00  1.0000E+00  1.0000E+00  1.0000E+00  2.3488E+01 -8.4277E+00  0.0000E+00  0.0000E+00  2.0112E+01  0.0000E+00  0.0000E+00
  9.0000E+00  2.2300E+01  3.2000E+00  0.0000E+00  1.0000E+00  1.0000E+00  1.0000E+00  2.5076E+01 -8.9617E+00  0.0000E+00  0.0000E+00  2.1431E+01  0.0000E+00  0.0000E+00
  9.0000E+00  3.4600E+01  3.2000E+00  0.0000E+00  1.0000E+00  1.0000E+00  1.0000E+00  2.6495E+01 -9.4330E+00  0.0000E+00  0.0000E+00  2.2600E+01  0.0000E+00  0.0000E+00
  9.0000E+00  4.6600E+01  3.2000E+00  0.0000E+00  1.0000E+00  1.0000E+00  1.0000E+00  2.7876E+01 -9.8870E+00  0.0000E+00  0.0000E+00  2.3737E+01  0.0000E+00  0.0000E+00
  9.0000E+00  5.8700E+01  3.2000E+00  0.0000E+00  1.0000E+00  1.0000E+00  1.0000E+00  2.9185E+01 -1.0312E+01  0.0000E+00  0.0000E+00  2.4811E+01  0.0000E+00  0.0000E+00
  9.0000E+00  7.0900E+01  3.2000E+00  0.0000E+00  1.0000E+00  1.0000E+00  1.0000E+00  3.0422E+01 -1.0710E+01  0.0000E+00  0.0000E+00  2.5823E+01  0.0000E+00  0.0000E+00
  9.0000E+00  8.2700E+01  0.0000E+00  2.9200E+01  0.0000E+00  0.0000E+00  1.0000E+00  2.9062E+01  4.8945E-02  2.6459E-01  2.9200E+01  2.4607E+01  4.5926E+00  2.9241E-01
  9.0000E+00  8.3200E+01  3.2000E+00  0.0000E+00  1.0000E+00  1.0000E+00  1.0000E+00  3.1591E+01 -1.1081E+01  0.0000E+00  0.0000E+00  2.6776E+01  0.0000E+00  0.0000E+00
  9.0000E+00  9.4600E+01  3.2000E+00  0.0000E+00  1.0000E+00  1.0000E+00  1.0000E+00  3.2812E+01 -1.1464E+01  0.0000E+00  0.0000E+00  2.7776E+01  0.0000E+00  0.0000E+00
  9.0000E+00  1.0660E+02  3.2000E+00  0.0000E+00  1.0000E+00  1.0000E+00  1.0000E+00  3.3906E+01 -1.1804E+01  0.0000E+00  0.0000E+00  2.8666E+01  0.0000E+00  0.0000E+00
  9.0000E+00  1.1860E+02  3.2000E+00  0.0000E+00  1.0000E+00  1.0000E+00  1.0000E+00  3.4950E+01 -1.2126E+01  0.0000E+00  0.0000E+00  2.9513E+01  0.0000E+00  0.0000E+00
  9.0000E+00  1.3060E+02  3.2000E+00  0.0000E+00  1.0000E+00  1.0000E+00  1.0000E+00  3.5948E+01 -1.2429E+01  0.0000E+00  0.0000E+00  3.0320E+01  0.0000E+00  0.0000E+00
  9.0000E+00  1.4210E+02  0.0000E+00  3.4200E+01  0.0000E+00  0.0000E+00  1.0000E+00  3.4380E+01 -6.2450E-02  2.2721E-01  3.4200E+01  2.8928E+01  5.2721E+00  2.6042E-01
  9.0000E+00  1.4260E+02  3.2000E+00  0.0000E+00  1.0000E+00  1.0000E+00  1.0000E+00  3.6899E+01 -1.2715E+01  0.0000E+00  0.0000E+00  3.1088E+01  0.0000E+00  0.0000E+00
  9.0000E+00  3.1260E+02  0.0000E+00  1.9600E+01  0.0000E+00  0.0000E+00  1.0000E+00  1.9086E+01  1.8635E-01  4.5427E-01  1.9600E+01  1.5519E+01  4.0809E+00  4.8151E-01
  1.0000E+01  0.0000E+00  0.0000E+00  0.0000E+00  1.0000E+00  0.0000E+00  1.0000E+00  0.0000E+00  0.0000E+00  0.0000E+00  0.0000E+00  0.0000E+00  0.0000E+00  0.0000E+00
  1.0000E+01  0.0000E+00  2.7000E+01  0.0000E+00  1.0000E+00  1.0000E+00  1.0000E+00  1.9138E+01 -6.9340E+00  0.0000E+00  0.0000E+00  1.8723E+01  0.0000E+00  0.0000E+00
  1.0000E+01  1.2000E+00  0.0000E+00  1.9900E+01  0.0000E+00  0.0000E+00  1.0000E+00  1.9037E+01  3.1264E-01  3.6114E-01  1.9900E+01  1.8632E+01  1.2684E+00  3.6902E-01
  1.0000E+01  1.1200E+01  3.5000E+00  0.0000E+00  1.0000E+00  1.0000E+00  1.0000E+00  2.0695E+01 -7.4736E+00  0.0000E+00  0.0000E+00  2.0313E+01  0.0000E+00  0.0000E+00
  1.0000E+01  2.3200E+01  3.5000E+00  0.0000E+00  1.0000E+00  1.0000E+00  1.0000E+00  2.2108E+01 -7.9584E+00  0.0000E+00  0.0000E+00  2.1768E+01  0.0000E+00  0.0000E+00
  1.0000E+01  3.5300E+01  3.5000E+00  0.0000E+00  1.0000E+00  1.0000E+00  1.0000E+00  2.3438E+01 -8.4106E+00  0.0000E+00  0.0000E+00  2.3144E+01  0.0000E+00  0.0000E+00
  1.0000E+01  4.7200E+01  3.5000E+00  0.0000E+00  1.0000E+00  1.0000E+00  1.0000E+00  2.4718E+01 -8.8419E+00  0.0000E+00  0.0000E+00  2.4473E+01  0.0000E+00  0.0000E+00
  1.0000E+01  5.9200E+01  3.5000E+00  0.0000E+00  1.0000E+00  1.0000E+00  1.0000E+00  2.5923E+01 -9.2437E+00  0.0000E+00  0.0000E+00  2.5729E+01  0.0000E+00  0.0000E+00
  1.0000E+01  7.0700E+01  0.0000E+00  2.3400E+01  0.0000E+00  0.0000E+00  1.0000E+00  2.4639E+01 -4.4327E-01 -4.4222E-01  2.3400E+01  2.4548E+01 -1.1475E+00 -4.3951E-01
  1.0000E+01  7.1200E+01  3.5000E+00  0.0000E+00  1.0000E+00  1.0000E+00  1.0000E+00  2.7066E+01 -9.6212E+00  0.0000E+00  0.0000E+00  2.6925E+01  0.0000E+00  0.0000E+00
  1.0000E+01  8.3200E+01  3.5000E+00  0.0000E+00  1.0000E+00  1.0000E+00  1.0000E+00  2.8149E+01 -9.9760E+00  0.0000E+00  0.0000E+00  2.8063E+01  0.0000E+00  0.0000E+00
  1.0000E+01  9.5200E+01  3.5000E+00  0.0000E+00  1.0000E+00  1.0000E+00  1.0000E+00  2.9176E+01 -1.0309E+01  0.0000E+00  0.0000E+00  2.9147E+01  0.0000E+00  0.0000E+00
  1.0000E+01  1.0720E+02  3.5000E+00  0.0000E+00  1.0000E+00  1.0000E+00  1.0000E+00  3.0151E+01 -1.0623E+01  0.0000E+00  0.0000E+00  3.0179E+01  0.0000E+00  0.0000E+00
  1.0000E+01  1.1920E+02  3.5000E+00  0.0000E+00  1.0000E+00  1.0000E+00  1.0000E+00  3.1075E+01 -1.0918E+01  0.0000E+00  0.0000E+00  3.1162E+01  0.0000E+00  0.0000E+00
  1.0000E+01  1.3120E+02  3.5000E+00  0.0000E+00  1.0000E+00  1.0000E+00  1.0000E+00  3.1951E+01 -1.1195E+01  0.0000E+00  0.0000E+00  3.2098E+01  0.0000E+00  0.0000E+00
  1.0000E+01  1.4220E+02  0.0000E+00  3.0900E+01  0.0000E+00  0.0000E+00  1.0000E+00  3.0436E+01  1.6341E-01  1.1462E-01  3.0900E+01  3.0687E+01  2.1323E-01  1.1249E-01
  1.1000E+01  0.0000E+00  0.0000E+00  0.0000E+00  1.0000E+00  0.0000E+00  1.0000E+00  0.0000E+00  0.0000E+00  0.0000E+00  0.0000E+00  0.0000E+00  0.0000E+00  0.0000E+00
  1.1000E+01  0.0000E+00  2.4000E+01  0.0000E+00  1.0000E+00  1.0000E+00  1.0000E+00  1.2125E+01 -4.4449E+00  0.0000E+00  0.0000E+00  1.6643E+01  0.0000E+00  0.0000E+00
  1.1000E+01  1.1500E+01  2.4000E+01  0.0000E+00  1.0000E+00  1.0000E+00  1.0000E+00  2.3820E+01 -8.5397E+00  0.0000E+00  0.0000E+00  3.2522E+01  0.0000E+00  0.0000E+00
  1.1000E+01  2.3500E+01  3.0000E+00  0.0000E+00  1.0000E+00  1.0000E+00  1.0000E+00  2.4455E+01 -8.7534E+00  0.0000E+00  0.0000E+00  3.3046E+01  0.0000E+00  0.0000E+00
  1.1000E+01  3.5500E+01  3.0000E+00  0.0000E+00  1.0000E+00  1.0000E+00  1.0000E+00  2.5066E+01 -8.9582E+00  0.0000E+00  0.0000E+00  3.3544E+01  0.0000E+00  0.0000E+00
  1.1000E+01  4.7500E+01  3.0000E+00  0.0000E+00  1.0000E+00  1.0000E+00  1.0000E+00  2.5655E+01 -9.1545E+00  0.0000E+00  0.0000E+00  3.4019E+01  0.0000E+00  0.0000E+00
  1.1000E+01  5.7500E+01  0.0000E+00  2.4300E+01  0.0000E+00  0.0000E+00  1.0000E+00  2.4862E+01 -2.0088E-01 -7.4442E-01  2.4300E+01  3.2657E+01 -8.3572E+00 -6.6820E-01
  1.2000E+01  0.0000E+00  0.0000E+00  0.0000E+00  1.0000E+00  0.0000E+00  1.0000E+00  0.0000E+00  0.0000E+00  0.0000E+00  0.0000E+00  0.0000E+00  0.0000E+00  0.0000E+00
  1.2000E+01  0.0000E+00  2.6000E+01  0.0000E+00  1.0000E+00  1.0000E+00  1.0000E+00  1.9126E+01 -6.9296E+00  0.0000E+00  0.0000E+00  1.8030E+01  0.0000E+00  0.0000E+00
  1.2000E+01  2.0000E+00  0.0000E+00  1.7000E+01  0.0000E+00  0.0000E+00  1.0000E+00  1.8969E+01 -7.1369E-01 -6.5815E-01  1.7000E+01  1.7883E+01 -8.8299E-01 -6.5915E-01
  1.2000E+01  1.2000E+01  3.3000E+00  0.0000E+00  1.0000E+00  1.0000E+00  1.0000E+00  2.0633E+01 -7.4520E+00  0.0000E+00  0.0000E+00  1.9455E+01  0.0000E+00  0.0000E+00
  1.2000E+01  1.3000E+01  5.0000E+00  0.0000E+00  1.0000E+00  1.0000E+00  1.0000E+00  2.4226E+01 -8.6765E+00  0.0000E+00  0.0000E+00  2.2843E+01  0.0000E+00  0.0000E+00
  1.2000E+01  2.4500E+01  3.3000E+00  0.0000E+00  1.0000E+00  1.0000E+00  1.0000E+00  2.5535E+01 -9.1145E+00  0.0000E+00  0.0000E+00  2.4083E+01  0.0000E+00  0.0000E+00
  1.2000E+01  3.6000E+01  3.3000E+00  0.0000E+00  1.0000E+00  1.0000E+00  1.0000E+00  2.6783E+01 -9.5281E+00  0.0000E+00  0.0000E+00  2.5266E+01  0.0000E+00  0.0000E+00
  1.2000E+01  4.8500E+01  3.3000E+00  0.0000E+00  1.0000E+00  1.0000E+00  1.0000E+00  2.7869E+01 -9.8845E+00  0.0000E+00  0.0000E+00  2.6296E+01  0.0000E+00  0.0000E+00
  1.2000E+01  6.0000E+01  3.3000E+00  0.0000E+00  1.0000E+00  1.0000E+00  1.0000E+00  2.9009E+01 -1.0255E+01  0.0000E+00  0.0000E+00  2.7377E+01  0.0000E+00  0.0000E+00
  1.2000E+01  7.2000E+01  3.3000E+00  0.0000E+00  1.0000E+00  1.0000E+00  1.0000E+00  3.0040E+01 -1.0587E+01  0.0000E+00  0.0000E+00  2.8355E+01  0.0000E+00  0.0000E+00
  1.2000E+01  8.4000E+01  3.3000E+00  0.0000E+00  1.0000E+00  1.0000E+00  1.0000E+00  3.1021E+01 -1.0900E+01  0.0000E+00  0.0000E+00  2.9286E+01  0.0000E+00  0.0000E+00
  1.2000E+01  9.6000E+01  3.3000E+00  0.0000E+00  1.0000E+00  1.0000E+00  1.0000E+00  3.1955E+01 -1.1196E+01  0.0000E+00  0.0000E+00  3.0173E+01  0.0000E+00  0.0000E+00
  1.2000E+01  1.0800E+02  3.3000E+00  0.0000E+00  1.0000E+00  1.0000E+00  1.0000E+00  3.2844E+01 -1.1475E+01  0.0000E+00  0.0000E+00  3.1018E+01  0.0000E+00  0.0000E+00
  1.2000E+01  1.2000E+02  3.3000E+00  0.0000E+00  1.0000E+00  1.0000E+00  1.0000E+00  3.3691E+01 -1.1738E+01  0.0000E+00  0.0000E+00  3.1822E+01  0.0000E+00  0.0000E+00
  1.2000E+01  1.3220E+02  0.0000E+00  3.4100E+01  0.0000E+00  0.0000E+00  1.0000E+00  3.2042E+01  7.2067E-01  8.1840E-01  3.4100E+01  3.0274E+01  3.8261E+00  8.2450E-01
  1.2000E+01  1.3250E+02  3.3000E+00  0.0000E+00  1.0000E+00  1.0000E+00  1.0000E+00  3.4431E+01 -1.1966E+01  0.0000E+00  0.0000E+00  3.2525E+01  0.0000E+00  0.0000E+00
  1.2000E+01  3.0250E+02  0.0000E+00  1.6000E+01  0.0000E+00  0.0000E+00  1.0000E+00  1.7115E+01 -4.0562E-01 -3.4909E-01  1.6000E+01  1.6237E+01 -2.3658E-01 -3.4652E-01
  1.3000E+01  0.0000E+00  0.0000E+00  0.0000E+00  1.0000E+00  0.0000E+00  1.0000E+00  0.0000E+00  0.0000E+00  0.0000E+00  0.0000E+00  0.0000E+00  0.0000E+00  0.0000E+00
  1.3000E+01  0.0000E+00  1.1000E+01  0.0000E+00  1.0000E+00  1.0000E+00  1.0000E+00  1.2108E+01 -4.4388E+00  0.0000E+00  0.0000E+00  7.6280E+00  0.0000E+00  0.0000E+00
  1.3000E+01  1.2000E+01  1.1000E+01  0.0000E+00  1.0000E+00  1.0000E+00  1.0000E+00  2.3551E+01 -8.4489E+00  0.0000E+00  0.0000E+00  1.4891E+01  0.0000E+00  0.0000E+00
  1.3000E+01  2.5000E+01  2.8000E+00  0.0000E+00  1.0000E+00  1.0000E+00  1.0000E+00  2.5235E+01 -9.0147E+00  0.0000E+00  0.0000E+00  1.6062E+01  0.0000E+00  0.0000E+00
  1.3000E+01  3.6500E+01  0.0000E+00  2.4100E+01  0.0000E+00  0.0000E+00  1.0000E+00  2.3906E+01  6.9626E-02  6.2924E-01  2.4100E+01  1.5325E+01  8.7753E+00  7.5091E-01
  1.3000E+01  3.7000E+01  2.8000E+00  0.0000E+00  1.0000E+00  1.0000E+00  1.0000E+00  2.6932E+01 -9.5771E+00  0.0000E+00  0.0000E+00  1.7235E+01  0.0000E+00  0.0000E+00
  1.3000E+01  4.9000E+01  2.8000E+00  0.0000E+00  1.0000E+00  1.0000E+00  1.0000E+00  2.8535E+01 -1.0102E+01  0.0000E+00  0.0000E+00  1.8352E+01  0.0000E+00  0.0000E+00
  1.3000E+01  6.1000E+01  2.8000E+00  0.0000E+00  1.0000E+00  1.0000E+00  1.0000E+00  3.0050E+01 -1.0590E+01  0.0000E+00  0.0000E+00  1.9415E+01  0.0000E+00  0.0000E+00
  1.3000E+01  7.4000E+01  2.8000E+00  0.0000E+00  1.0000E+00  1.0000E+00  1.0000E+00  3.1348E+01 -1.1004E+01  0.0000E+00  0.0000E+00  2.0352E+01  0.0000E+00  0.0000E+00
  1.3000E+01  8.5000E+01  2.8000E+00  0.0000E+00  1.0000E+00  1.0000E+00  1.0000E+00  3.2849E+01 -1.1476E+01  0.0000E+00  0.0000E+00  2.1399E+01  0.0000E+00  0.0000E+00
  1.3000E+01  9.8000E+01  2.8000E+00  0.0000E+00  1.0000E+00  1.0000E+00  1.0000E+00  3.3981E+01 -1.1828E+01  0.0000E+00  0.0000E+00  2.2234E+01  0.0000E+00  0.0000E+00
  1.3000E+01  1.1000E+02  2.8000E+00  0.0000E+00  1.0000E+00  1.0000E+00  1.0000E+00  3.5197E+01 -1.2201E+01  0.0000E+00  0.0000E+00  2.3111E+01  0.0000E+00  0.0000E+00
  1.3000E+01  1.2130E+02  2.8000E+00  0.0000E+00  1.0000E+00  1.0000E+00  1.0000E+00  3.6456E+01 -1.2582E+01  0.0000E+00  0.0000E+00  2.4010E+01  0.0000E+00  0.0000E+00
  1.3000E+01  1.3400E+02  2.8000E+00  0.0000E+00  1.0000E+00  1.0000E+00  1.0000E+00  3.7423E+01 -1.2872E+01  0.0000E+00  0.0000E+00  2.4737E+01  0.0000E+00  0.0000E+00
  1.3000E+01  1.4500E+02  2.8000E+00  0.0000E+00  1.0000E+00  1.0000E+00  1.0000E+00  3.8617E+01 -1.3225E+01  0.0000E+00  0.0000E+00  2.5592E+01  0.0000E+00  0.0000E+00
  1.3000E+01  1.5700E+02  2.8000E+00  0.0000E+00  1.0000E+00  1.0000E+00  1.0000E+00  3.9579E+01 -1.3507E+01  0.0000E+00  0.0000E+00  2.6308E+01  0.0000E+00  0.0000E+00
  1.3000E+01  1.6900E+02  0.0000E+00  3.8200E+01  0.0000E+00  0.0000E+00  1.0000E+00  3.7405E+01  2.7333E-01  1.1268E+00  3.8200E+01  2.5049E+01  1.3151E+01  1.3611E+00
  1.4000E+01  0.0000E+00  0.0000E+00  0.0000E+00  1.0000E+00  0.0000E+00  1.0000E+00  0.0000E+00  0.0000E+00  0.0000E+00  0.0000E+00  0.0000E+00  0.0000E+00  0.0000E+00
  1.4000E+01  0.0000E+00  2.2000E+01  0.0000E+00  1.0000E+00  1.0000E+00  1.0000E+00  2.2697E+01 -8.1591E+00  0.0000E+00  0.0000E+00  1.5256E+01  0.0000E+00  0.0000E+00
  1.4000E+01  2.3000E+00  0.0000E+00  2.5600E+01  0.0000E+00  0.0000E+00  1.0000E+00  2.2366E+01  1.1634E+00  1.6844E+00  2.5600E+01  1.5113E+01  1.0487E+01  1.9926E+00
  1.4000E+01  1.1800E+01  2.8000E+00  0.0000E+00  1.0000E+00  1.0000E+00  1.0000E+00  2.3940E+01 -8.5802E+00  0.0000E+00  0.0000E+00  1.6479E+01  0.0000E+00  0.0000E+00
  1.4000E+01  2.3800E+01  2.8000E+00  0.0000E+00  1.0000E+00  1.0000E+00  1.0000E+00  2.5065E+01 -8.9578E+00  0.0000E+00  0.0000E+00  1.7632E+01  0.0000E+00  0.0000E+00
  1.4000E+01  3.5800E+01  2.8000E+00  0.0000E+00  1.0000E+00  1.0000E+00  1.0000E+00  2.6107E+01 -9.3047E+00  0.0000E+00  0.0000E+00  1.8730E+01  0.0000E+00  0.0000E+00
  1.4000E+01  4.7800E+01  2.8000E+00  0.0000E+00  1.0000E+00  1.0000E+00  1.0000E+00  2.7072E+01 -9.6235E+00  0.0000E+00  0.0000E+00  1.9775E+01  0.0000E+00  0.0000E+00
  1.4000E+01  5.9300E+01  0.0000E+00  2.5600E+01  0.0000E+00  0.0000E+00  1.0000E+00  2.5158E+01  1.5795E-01  5.2926E-01  2.5600E+01  1.8868E+01  6.7324E+00  6.6864E-01
  1.4000E+01  5.9800E+01  2.8000E+00  0.0000E+00  1.0000E+00  1.0000E+00  1.0000E+00  2.7967E+01 -9.9165E+00  0.0000E+00  0.0000E+00  2.0771E+01  0.0000E+00  0.0000E+00
  1.4000E+01  7.1800E+01  2.8000E+00  0.0000E+00  1.0000E+00  1.0000E+00  1.0000E+00  2.8795E+01 -1.0186E+01  0.0000E+00  0.0000E+00  2.1718E+01  0.0000E+00  0.0000E+00
  1.4000E+01  8.3800E+01  2.8000E+00  0.0000E+00  1.0000E+00  1.0000E+00  1.0000E+00  2.9562E+01 -1.0434E+01  0.0000E+00  0.0000E+00  2.2621E+01  0.0000E+00  0.0000E+00
  1.4000E+01  9.5800E+01  2.8000E+00  0.0000E+00  1.0000E+00  1.0000E+00  1.0000E+00  3.0273E+01 -1.0662E+01  0.0000E+00  0.0000E+00  2.3480E+01  0.0000E+00  0.0000E+00
  1.4000E+01  1.0730E+02  2.8000E+00  0.0000E+00  1.0000E+00  1.0000E+00  1.0000E+00  3.1021E+01 -1.0900E+01  0.0000E+00  0.0000E+00  2.4343E+01  0.0000E+00  0.0000E+00
  1.4000E+01  1.1980E+02  2.8000E+00  0.0000E+00  1.0000E+00  1.0000E+00  1.0000E+00  3.1533E+01 -1.1063E+01  0.0000E+00  0.0000E+00  2.5073E+01  0.0000E+00  0.0000E+00
  1.4000E+01  1.3150E+02  0.0000E+00  2.5700E+01  0.0000E+00  0.0000E+00  1.0000E+00  2.9265E+01 -1.2595E+00 -1.0227E+00  2.5700E+01  2.3902E+01  1.7979E+00 -1.0372E+00
  1.4000E+01  1.3180E+02  2.8000E+00  0.0000E+00  1.0000E+00  1.0000E+00  1.0000E+00  3.2098E+01 -1.1241E+01  0.0000E+00  0.0000E+00  2.5814E+01  0.0000E+00  0.0000E+00
  1.4000E+01  1.4380E+02  2.8000E+00  0.0000E+00  1.0000E+00  1.0000E+00  1.0000E+00  3.2622E+01 -1.1405E+01  0.0000E+00  0.0000E+00  2.6521E+01  0.0000E+00  0.0000E+00
  1.4000E+01  3.0330E+02  0.0000E+00  1.4300E+01  0.0000E+00  0.0000E+00  1.0000E+00  1.1797E+01  9.1810E-01  6.6469E-01  1.4300E+01  1.3820E+01  4.8038E-01  4.5964E-01
  1.5000E+01  0.0000E+00  0.0000E+00  0.0000E+00  1.0000E+00  0.0000E+00  1.0000E+00  0.0000E+00  0.0000E+00  0.0000E+00  0.0000E+00  0.0000E+00  0.0000E+00  0.0000E+00
  1.5000E+01  0.0000E+00  2.6000E+01  0.0000E+00  1.0000E+00  1.0000E+00  1.0000E+00  1.8552E+01 -6.7294E+00  0.0000E+00  0.0000E+00  1.8030E+01  0.0000E+00  0.0000E+00
  1.5000E+01  1.2200E+01  3.3000E+00  0.0000E+00  1.0000E+00  1.0000E+00  1.0000E+00  1.9960E+01 -7.2196E+00  0.0000E+00  0.0000E+00  1.9441E+01  0.0000E+00  0.0000E+00
  1.5000E+01  2.2200E+01  0.0000E+00  1.9300E+01  0.0000E+00  0.0000E+00  1.0000E+00  1.9122E+01  6.4358E-02  1.0179E-01  1.9300E+01  1.8663E+01  6.3724E-01  1.0377E-01
  1.5000E+01  2.4200E+01  3.3000E+00  0.0000E+00  1.0000E+00  1.0000E+00  1.0000E+00  2.1314E+01 -7.6864E+00  0.0000E+00  0.0000E+00  2.0799E+01  0.0000E+00  0.0000E+00
  1.5000E+01  3.6200E+01  3.3000E+00  0.0000E+00  1.0000E+00  1.0000E+00  1.0000E+00  2.2599E+01 -8.1259E+00  0.0000E+00  0.0000E+00  2.2092E+01  0.0000E+00  0.0000E+00
  1.5000E+01  4.7800E+01  3.3000E+00  0.0000E+00  1.0000E+00  1.0000E+00  1.0000E+00  2.3857E+01 -8.5521E+00  0.0000E+00  0.0000E+00  2.3358E+01  0.0000E+00  0.0000E+00
  1.5000E+01  7.0200E+01  3.3000E+00  0.0000E+00  1.0000E+00  1.0000E+00  1.0000E+00  2.4026E+01 -8.6091E+00  0.0000E+00  0.0000E+00  2.3603E+01  0.0000E+00  0.0000E+00
  1.5000E+01  8.5600E+01  3.3000E+00  0.0000E+00  1.0000E+00  1.0000E+00  1.0000E+00  2.4844E+01 -8.8841E+00  0.0000E+00  0.0000E+00  2.4452E+01  0.0000E+00  0.0000E+00
  1.5000E+01  9.6200E+01  3.3000E+00  0.0000E+00  1.0000E+00  1.0000E+00  1.0000E+00  2.6095E+01 -9.3006E+00  0.0000E+00  0.0000E+00  2.5703E+01  0.0000E+00  0.0000E+00
  1.5000E+01  1.0820E+02  3.3000E+00  0.0000E+00  1.0000E+00  1.0000E+00  1.0000E+00  2.7140E+01 -9.6458E+00  0.0000E+00  0.0000E+00  2.6762E+01  0.0000E+00  0.0000E+00
  1.5000E+01  1.2020E+02  3.3000E+00  0.0000E+00  1.0000E+00  1.0000E+00  1.0000E+00  2.8133E+01 -9.9708E+00  0.0000E+00  0.0000E+00  2.7769E+01  0.0000E+00  0.0000E+00
  1.5000E+01  1.3220E+02  3.3000E+00  0.0000E+00  1.0000E+00  1.0000E+00  1.0000E+00  2.9076E+01 -1.0277E+01  0.0000E+00  0.0000E+00  2.8729E+01  0.0000E+00  0.0000E+00
  1.5000E+01  1.4370E+02  3.3000E+00  0.0000E+00  1.0000E+00  1.0000E+00  1.0000E+00  3.0031E+01 -1.0585E+01  0.0000E+00  0.0000E+00  2.9698E+01  0.0000E+00  0.0000E+00
  1.5000E+01  1.4570E+02  0.0000E+00  2.9700E+01  0.0000E+00  0.0000E+00  1.0000E+00  2.9775E+01 -2.6405E-02 -2.1135E-02  2.9700E+01  2.9456E+01  2.4364E-01 -2.1094E-02
  1.6000E+01  0.0000E+00  0.0000E+00  0.0000E+00  1.0000E+00  0.0000E+00  1.0000E+00  0.0000E+00  0.0000E+00  0.0000E+00  0.0000E+00  0.0000E+00  0.0000E+00  0.0000E+00
  1.6000E+01  0.0000E+00  1.2000E+01  0.0000E+00  1.0000E+00  1.0000E+00  1.0000E+00  9.7925E+00 -3.5998E+00  0.0000E+00  0.0000E+00  8.3214E+00  0.0000E+00  0.0000E+00
  1.6000E+01  9.0000E+00  1.2000E+01  0.0000E+00  1.0000E+00  1.0000E+00  1.0000E+00  1.9286E+01 -6.9853E+00  0.0000E+00  0.0000E+00  1.6342E+01  0.0000E+00  0.0000E+00
  1.6000E+01  1.2000E+01  0.0000E+00  1.7300E+01  0.0000E+00  0.0000E+00  1.0000E+00  1.9087E+01 -6.4766E-01 -6.2328E-01  1.7300E+01  1.6143E+01  1.1568E+00 -5.8726E-01
  1.6000E+01  1.5400E+01  4.0000E+00  0.0000E+00  1.0000E+00  1.0000E+00  1.0000E+00  2.2129E+01 -7.9657E+00  0.0000E+00  0.0000E+00  1.8694E+01  0.0000E+00  0.0000E+00
  1.6000E+01  2.1300E+01  3.0000E+00  0.0000E+00  1.0000E+00  1.0000E+00  1.0000E+00  2.4132E+01 -8.6448E+00  0.0000E+00  0.0000E+00  2.0329E+01  0.0000E+00  0.0000E+00
  1.6000E+01  3.3000E+01  3.0000E+00  0.0000E+00  1.0000E+00  1.0000E+00  1.0000E+00  2.5626E+01 -9.1449E+00  0.0000E+00  0.0000E+00  2.1460E+01  0.0000E+00  0.0000E+00
  1.6000E+01  4.5000E+01  3.0000E+00  0.0000E+00  1.0000E+00  1.0000E+00  1.0000E+00  2.7035E+01 -9.6113E+00  0.0000E+00  0.0000E+00  2.2514E+01  0.0000E+00  0.0000E+00
  1.6000E+01  5.6000E+01  0.0000E+00  2.6800E+01  0.0000E+00  0.0000E+00  1.0000E+00  2.6029E+01  2.7474E-01  4.4007E-01  2.6800E+01  2.1524E+01  5.2759E+00  4.9702E-01
  1.6000E+01  5.7000E+01  3.0000E+00  0.0000E+00  1.0000E+00  1.0000E+00  1.0000E+00  2.8388E+01 -1.0054E+01  0.0000E+00  0.0000E+00  2.3517E+01  0.0000E+00  0.0000E+00
  1.6000E+01  6.9000E+01  3.0000E+00  0.0000E+00  1.0000E+00  1.0000E+00  1.0000E+00  2.9685E+01 -1.0473E+01  0.0000E+00  0.0000E+00  2.4472E+01  0.0000E+00  0.0000E+00
  1.6000E+01  8.1000E+01  3.0000E+00  0.0000E+00  1.0000E+00  1.0000E+00  1.0000E+00  3.0931E+01 -1.0872E+01  0.0000E+00  0.0000E+00  2.5381E+01  0.0000E+00  0.0000E+00
  1.6000E+01  9.3000E+01  3.0000E+00  0.0000E+00  1.0000E+00  1.0000E+00  1.0000E+00  3.2125E+01 -1.1249E+01  0.0000E+00  0.0000E+00  2.6246E+01  0.0000E+00  0.0000E+00
  1.6000E+01  1.0500E+02  3.0000E+00  0.0000E+00  1.0000E+00  1.0000E+00  1.0000E+00  3.3271E+01 -1.1608E+01  0.0000E+00  0.0000E+00  2.7071E+01  0.0000E+00  0.0000E+00
  1.6000E+01  1.1700E+02  3.0000E+00  0.0000E+00  1.0000E+00  1.0000E+00  1.0000E+00  3.4371E+01 -1.1948E+01  0.0000E+00  0.0000E+00  2.7855E+01  0.0000E+00  0.0000E+00
  1.6000E+01  1.2950E+02  3.0000E+00  0.0000E+00  1.0000E+00  1.0000E+00  1.0000E+00  3.5369E+01 -1.2253E+01  0.0000E+00  0.0000E+00  2.8549E+01  0.0000E+00  0.0000E+00
  1.6000E+01  1.4150E+02  3.0000E+00  0.0000E+00  1.0000E+00  1.0000E+00  1.0000E+00  3.6384E+01 -1.2561E+01  0.0000E+00  0.0000E+00  2.9263E+01  0.0000E+00  0.0000E+00
  1.6000E+01  1.5280E+02  3.0000E+00  0.0000E+00  1.0000E+00  1.0000E+00  1.0000E+00  3.7442E+01 -1.2878E+01  0.0000E+00  0.0000E+00  3.0022E+01  0.0000E+00  0.0000E+00
  1.6000E+01  1.5350E+02  0.0000E+00  3.8400E+01  0.0000E+00  0.0000E+00  1.0000E+00  3.7352E+01  3.6062E-01  8.5879E-01  3.8400E+01  2.9937E+01  8.4634E+00  9.4166E-01
  1.7000E+01  0.0000E+00  0.0000E+00  0.0000E+00  1.0000E+00  0.0000E+00  1.0000E+00  0.0000E+00  0.0000E+00  0.0000E+00  0.0000E+00  0.0000E+00  0.0000E+00  0.0000E+00
  1.7000E+01  0.0000E+00  2.2000E+01  0.0000E+00  1.0000E+00  1.0000E+00  1.0000E+00  2.0625E+01 -7.4494E+00  0.0000E+00  0.0000E+00  1.5256E+01  0.0000E+00  0.0000E+00
  1.7000E+01  1.2000E+01  2.8000E+00  0.0000E+00  1.0000E+00  1.0000E+00  1.0000E+00  2.2276E+01 -8.0158E+00  0.0000E+00  0.0000E+00  1.6467E+01  0.0000E+00  0.0000E+00
  1.7000E+01  2.4000E+01  2.8000E+00  0.0000E+00  1.0000E+00  1.0000E+00  1.0000E+00  2.3849E+01 -8.5495E+00  0.0000E+00  0.0000E+00  1.7621E+01  0.0000E+00  0.0000E+00
  1.7000E+01  3.2000E+01  0.0000E+00  2.1300E+01  0.0000E+00  0.0000E+00  1.0000E+00  2.3092E+01 -6.4357E-01 -3.8454E-01  2.1300E+01  1.7054E+01  4.2457E+00 -3.4233E-01
  1.7000E+01  3.5500E+01  2.8000E+00  0.0000E+00  1.0000E+00  1.0000E+00  1.0000E+00  2.5393E+01 -9.0675E+00  0.0000E+00  0.0000E+00  1.8754E+01  0.0000E+00  0.0000E+00
  1.7000E+01  4.8000E+01  2.8000E+00  0.0000E+00  1.0000E+00  1.0000E+00  1.0000E+00  2.6770E+01 -9.5240E+00  0.0000E+00  0.0000E+00  1.9761E+01  0.0000E+00  0.0000E+00
  1.7000E+01  6.0000E+01  2.8000E+00  0.0000E+00  1.0000E+00  1.0000E+00  1.0000E+00  2.8131E+01 -9.9701E+00  0.0000E+00  0.0000E+00  2.0757E+01  0.0000E+00  0.0000E+00
  1.7000E+01  7.2000E+01  0.0000E+00  2.8800E+01  0.0000E+00  0.0000E+00  1.0000E+00  2.6802E+01  7.1068E-01  1.0823E+00  2.8800E+01  1.9764E+01  9.0360E+00  1.1674E+00
  1.7000E+01  7.2300E+01  2.8000E+00  0.0000E+00  1.0000E+00  1.0000E+00  1.0000E+00  2.9395E+01 -1.0380E+01  0.0000E+00  0.0000E+00  2.1681E+01  0.0000E+00  0.0000E+00
  1.7000E+01  8.4300E+01  2.8000E+00  0.0000E+00  1.0000E+00  1.0000E+00  1.0000E+00  3.0631E+01 -1.0776E+01  0.0000E+00  0.0000E+00  2.2585E+01  0.0000E+00  0.0000E+00
  1.7000E+01  9.5800E+01  2.8000E+00  0.0000E+00  1.0000E+00  1.0000E+00  1.0000E+00  3.1869E+01 -1.1169E+01  0.0000E+00  0.0000E+00  2.3490E+01  0.0000E+00  0.0000E+00
  1.7000E+01  1.0800E+02  2.8000E+00  0.0000E+00  1.0000E+00  1.0000E+00  1.0000E+00  3.2964E+01 -1.1512E+01  0.0000E+00  0.0000E+00  2.4289E+01  0.0000E+00  0.0000E+00
  1.7000E+01  1.2000E+02  2.8000E+00  0.0000E+00  1.0000E+00  1.0000E+00  1.0000E+00  3.4032E+01 -1.1843E+01  0.0000E+00  0.0000E+00  2.5069E+01  0.0000E+00  0.0000E+00
  1.7000E+01  1.3200E+02  2.8000E+00  0.0000E+00  1.0000E+00  1.0000E+00  1.0000E+00  3.5050E+01 -1.2156E+01  0.0000E+00  0.0000E+00  2.5811E+01  0.0000E+00  0.0000E+00
  1.7000E+01  1.4400E+02  2.8000E+00  0.0000E+00  1.0000E+00  1.0000E+00  1.0000E+00  3.6019E+01 -1.2451E+01  0.0000E+00  0.0000E+00  2.6517E+01  0.0000E+00  0.0000E+00
  1.7000E+01  1.5500E+02  0.0000E+00  3.4900E+01  0.0000E+00  0.0000E+00  1.0000E+00  3.4457E+01  1.5409E-01  7.6199E-01  3.4900E+01  2.5351E+01  9.5487E+00  8.8596E-01
  1.8000E+01  0.0000E+00  0.0000E+00  0.0000E+00  1.0000E+00  0.0000E+00  1.0000E+00  0.0000E+00  0.0000E+00  0.0000E+00  0.0000E+00  0.0000E+00  0.0000E+00  0.0000E+00
  1.8000E+01  0.0000E+00  2.0000E+01  0.0000E+00  1.0000E+00  1.0000E+00  1.0000E+00  1.7553E+01 -6.3795E+00  0.0000E+00  0.0000E+00  1.3869E+01  0.0000E+00  0.0000E+00
  1.8000E+01  2.8000E+00  0.0000E+00  2.1900E+01  0.0000E+00  0.0000E+00  1.0000E+00  1.7224E+01  1.7006E+00  2.0343E+00  2.1900E+01  1.3711E+01  8.1888E+00  2.3445E+00
  1.8000E+01  1.1800E+01  2.0000E+01  0.0000E+00  1.0000E+00  1.0000E+00  1.0000E+00  3.3758E+01 -1.1759E+01  0.0000E+00  0.0000E+00  2.7085E+01  0.0000E+00  0.0000E+00
  1.8000E+01  2.3800E+01  2.5000E+00  0.0000E+00  1.0000E+00  1.0000E+00  1.0000E+00  3.3317E+01 -1.1622E+01  0.0000E+00  0.0000E+00  2.7523E+01  0.0000E+00  0.0000E+00
  1.8000E+01  3.5800E+01  2.5000E+00  0.0000E+00  1.0000E+00  1.0000E+00  1.0000E+00  3.2910E+01 -1.1495E+01  0.0000E+00  0.0000E+00  2.7939E+01  0.0000E+00  0.0000E+00
  1.8000E+01  4.8100E+01  2.5000E+00  0.0000E+00  1.0000E+00  1.0000E+00  1.0000E+00  3.2473E+01 -1.1359E+01  0.0000E+00  0.0000E+00  2.8303E+01  0.0000E+00  0.0000E+00
  1.8000E+01  5.9300E+01  2.5000E+00  0.0000E+00  1.0000E+00  1.0000E+00  1.0000E+00  3.2294E+01 -1.1303E+01  0.0000E+00  0.0000E+00  2.8770E+01  0.0000E+00  0.0000E+00
  1.8000E+01  7.1300E+01  0.0000E+00  2.5900E+01  0.0000E+00  0.0000E+00  1.0000E+00  2.9773E+01 -1.3661E+00 -1.2551E+00  2.5900E+01  2.7393E+01 -1.4934E+00 -1.0899E+00
  1.8000E+01  7.1800E+01  2.5000E+00  0.0000E+00  1.0000E+00  1.0000E+00  1.0000E+00  3.1867E+01 -1.1168E+01  0.0000E+00  0.0000E+00  2.9071E+01  0.0000E+00  0.0000E+00
  1.8000E+01  8.2800E+01  2.5000E+00  0.0000E+00  1.0000E+00  1.0000E+00  1.0000E+00  3.1772E+01 -1.1138E+01  0.0000E+00  0.0000E+00  2.9527E+01  0.0000E+00  0.0000E+00
  1.8000E+01  9.5800E+01  2.5000E+00  0.0000E+00  1.0000E+00  1.0000E+00  1.0000E+00  3.1288E+01 -1.0985E+01  0.0000E+00  0.0000E+00  2.9733E+01  0.0000E+00  0.0000E+00
  1.8000E+01  1.0780E+02  2.5000E+00  0.0000E+00  1.0000E+00  1.0000E+00  1.0000E+00  3.1040E+01 -1.0906E+01  0.0000E+00  0.0000E+00  3.0043E+01  0.0000E+00  0.0000E+00
  1.8000E+01  1.1980E+02  2.5000E+00  0.0000E+00  1.0000E+00  1.0000E+00  1.0000E+00  3.0810E+01 -1.0833E+01  0.0000E+00  0.0000E+00  3.0339E+01  0.0000E+00  0.0000E+00
  1.8000E+01  1.3180E+02  2.5000E+00  0.0000E+00  1.0000E+00  1.0000E+00  1.0000E+00  3.0599E+01 -1.0766E+01  0.0000E+00  0.0000E+00  3.0621E+01  0.0000E+00  0.0000E+00
  1.8000E+01  1.4380E+02  0.0000E+00  2.8900E+01  0.0000E+00  0.0000E+00  1.0000E+00  2.8210E+01  2.4451E-01  1.5556E-02  2.8900E+01  2.9155E+01 -2.5541E-01 -6.5675E-02
  1.8000E+01  3.8980E+02  0.0000E+00  6.7000E+00  0.0000E+00  0.0000E+00  1.0000E+00  5.3291E+00  5.0581E-01  7.7822E-02  6.7000E+00  1.0669E+01 -3.9685E+00 -1.7068E-01
  1.9000E+01  0.0000E+00  0.0000E+00  0.0000E+00  1.0000E+00  0.0000E+00  1.0000E+00  0.0000E+00  0.0000E+00  0.0000E+00  0.0000E+00  0.0000E+00  0.0000E+00  0.0000E+00
  1.9000E+01  0.0000E+00  1.0000E+01  0.0000E+00  1.0000E+00  1.0000E+00  1.0000E+00  9.0645E+00 -3.3347E+00  0.0000E+00  0.0000E+00  6.9345E+00  0.0000E+00  0.0000E+00
  1.9000E+01  4.0000E+00  1.0000E+01  0.0000E+00  1.0000E+00  1.0000E+00  1.0000E+00  1.7964E+01 -6.5235E+00  0.0000E+00  0.0000E+00  1.3757E+01  0.0000E+00  0.0000E+00
  1.9000E+01  9.5000E+00  0.0000E+00  1.8900E+01  0.0000E+00  0.0000E+00  1.0000E+00  1.7515E+01  5.0345E-01  7.4510E-01  1.8900E+01  1.3451E+01  5.4492E+00  7.8182E-01
  1.9000E+01  1.3000E+01  2.5000E+00  0.0000E+00  1.0000E+00  1.0000E+00  1.0000E+00  1.9501E+01 -7.0602E+00  0.0000E+00  0.0000E+00  1.4993E+01  0.0000E+00  0.0000E+00
  1.9000E+01  2.4000E+01  2.5000E+00  0.0000E+00  1.0000E+00  1.0000E+00  1.0000E+00  2.0805E+01 -7.5113E+00  0.0000E+00  0.0000E+00  1.6068E+01  0.0000E+00  0.0000E+00
  1.9000E+01  3.5900E+01  3.0000E+00  0.0000E+00  1.0000E+00  1.0000E+00  1.0000E+00  2.2415E+01 -8.0634E+00  0.0000E+00  0.0000E+00  1.7386E+01  0.0000E+00  0.0000E+00
  1.9000E+01  4.8000E+01  3.0000E+00  0.0000E+00  1.0000E+00  1.0000E+00  1.0000E+00  2.3921E+01 -8.5738E+00  0.0000E+00  0.0000E+00  1.8627E+01  0.0000E+00  0.0000E+00
  1.9000E+01  5.9900E+01  3.0000E+00  0.0000E+00  1.0000E+00  1.0000E+00  1.0000E+00  2.5366E+01 -9.0582E+00  0.0000E+00  0.0000E+00  1.9823E+01  0.0000E+00  0.0000E+00
  1.9000E+01  7.2000E+01  3.0000E+00  0.0000E+00  1.0000E+00  1.0000E+00  1.0000E+00  2.6711E+01 -9.5045E+00  0.0000E+00  0.0000E+00  2.0947E+01  0.0000E+00  0.0000E+00
  1.9000E+01  8.3500E+01  0.0000E+00  2.3200E+01  0.0000E+00  0.0000E+00  1.0000E+00  2.5334E+01 -7.6228E-01 -4.3599E-01  2.3200E+01  1.9986E+01  3.2144E+00 -4.0468E-01
  1.9000E+01  8.4300E+01  3.0000E+00  0.0000E+00  1.0000E+00  1.0000E+00  1.0000E+00  2.7961E+01 -9.9146E+00  0.0000E+00  0.0000E+00  2.2001E+01  0.0000E+00  0.0000E+00
  1.9000E+01  9.6000E+01  3.0000E+00  0.0000E+00  1.0000E+00  1.0000E+00  1.0000E+00  2.9214E+01 -1.0322E+01  0.0000E+00  0.0000E+00  2.3054E+01  0.0000E+00  0.0000E+00
  1.9000E+01  1.0830E+02  3.0000E+00  0.0000E+00  1.0000E+00  1.0000E+00  1.0000E+00  3.0326E+01 -1.0679E+01  0.0000E+00  0.0000E+00  2.4004E+01  0.0000E+00  0.0000E+00
  1.9000E+01  1.2000E+02  3.0000E+00  0.0000E+00  1.0000E+00  1.0000E+00  1.0000E+00  3.1456E+01 -1.1038E+01  0.0000E+00  0.0000E+00  2.4964E+01  0.0000E+00  0.0000E+00
  1.9000E+01  1.3200E+02  3.0000E+00  0.0000E+00  1.0000E+00  1.0000E+00  1.0000E+00  3.2486E+01 -1.1362E+01  0.0000E+00  0.0000E+00  2.5849E+01  0.0000E+00  0.0000E+00
  1.9000E+01  1.4400E+02  3.0000E+00  0.0000E+00  1.0000E+00  1.0000E+00  1.0000E+00  3.3460E+01 -1.1666E+01  0.0000E+00  0.0000E+00  2.6693E+01  0.0000E+00  0.0000E+00
  1.9000E+01  1.5800E+02  0.0000E+00  3.2900E+01  0.0000E+00  0.0000E+00  1.0000E+00  3.1372E+01  5.3630E-01  9.2043E-01  3.2900E+01  2.5208E+01  7.6918E+00  9.7957E-01
  2.0000E+01  0.0000E+00  0.0000E+00  0.0000E+00  1.0000E+00  0.0000E+00  1.0000E+00  0.0000E+00  0.0000E+00  0.0000E+00  0.0000E+00  0.0000E+00  0.0000E+00  0.0000E+00
  2.0000E+01  0.0000E+00  2.4000E+01  0.0000E+00  1.0000E+00  1.0000E+00  1.0000E+00  2.2537E+01 -8.1047E+00  0.0000E+00  0.0000E+00  1.6643E+01  0.0000E+00  0.0000E+00
  2.0000E+01  2.0000E+00  0.0000E+00  2.3100E+01  0.0000E+00  0.0000E+00  1.0000E+00  2.2295E+01  2.8950E-01  6.5758E-01  2.3100E+01  1.6507E+01  6.5926E+00  7.5056E-01
  2.0000E+01  1.2000E+01  3.0000E+00  0.0000E+00  1.0000E+00  1.0000E+00  1.0000E+00  2.3944E+01 -8.5815E+00  0.0000E+00  0.0000E+00  1.7927E+01  0.0000E+00  0.0000E+00
  2.0000E+01  2.4000E+01  3.0000E+00  0.0000E+00  1.0000E+00  1.0000E+00  1.0000E+00  2.5263E+01 -9.0239E+00  0.0000E+00  0.0000E+00  1.9149E+01  0.0000E+00  0.0000E+00
  2.0000E+01  3.6000E+01  3.0000E+00  0.0000E+00  1.0000E+00  1.0000E+00  1.0000E+00  2.6499E+01 -9.4346E+00  0.0000E+00  0.0000E+00  2.0313E+01  0.0000E+00  0.0000E+00
  2.0000E+01  4.8000E+01  3.0000E+00  0.0000E+00  1.0000E+00  1.0000E+00  1.0000E+00  2.7659E+01 -9.8158E+00  0.0000E+00  0.0000E+00  2.1421E+01  0.0000E+00  0.0000E+00
  2.0000E+01  6.0500E+01  3.0000E+00  0.0000E+00  1.0000E+00  1.0000E+00  1.0000E+00  2.8675E+01 -1.0147E+01  0.0000E+00  0.0000E+00  2.2435E+01  0.0000E+00  0.0000E+00
  2.0000E+01  6.2500E+01  0.0000E+00  2.7800E+01  0.0000E+00  0.0000E+00  1.0000E+00  2.8368E+01 -2.0129E-01  1.2583E-01  2.7800E+01  2.2252E+01  5.5478E+00  1.7207E-01
  2.0000E+01  7.2000E+01  3.0000E+00  0.0000E+00  1.0000E+00  1.0000E+00  1.0000E+00  2.9771E+01 -1.0501E+01  0.0000E+00  0.0000E+00  2.3485E+01  0.0000E+00  0.0000E+00
  2.0000E+01  8.4000E+01  3.0000E+00  0.0000E+00  1.0000E+00  1.0000E+00  1.0000E+00  3.0725E+01 -1.0806E+01  0.0000E+00  0.0000E+00  2.4442E+01  0.0000E+00  0.0000E+00
  2.0000E+01  9.5500E+01  3.0000E+00  0.0000E+00  1.0000E+00  1.0000E+00  1.0000E+00  3.1698E+01 -1.1115E+01  0.0000E+00  0.0000E+00  2.5400E+01  0.0000E+00  0.0000E+00
  2.0000E+01  1.0800E+02  3.0000E+00  0.0000E+00  1.0000E+00  1.0000E+00  1.0000E+00  3.2452E+01 -1.1352E+01  0.0000E+00  0.0000E+00  2.6215E+01  0.0000E+00  0.0000E+00
  2.0000E+01  1.2000E+02  3.0000E+00  0.0000E+00  1.0000E+00  1.0000E+00  1.0000E+00  3.3238E+01 -1.1598E+01  0.0000E+00  0.0000E+00  2.7041E+01  0.0000E+00  0.0000E+00
  2.0000E+01  1.3200E+02  3.0000E+00  0.0000E+00  1.0000E+00  1.0000E+00  1.0000E+00  3.3976E+01 -1.1826E+01  0.0000E+00  0.0000E+00  2.7827E+01  0.0000E+00  0.0000E+00
  2.0000E+01  1.3400E+02  0.0000E+00  3.4000E+01  0.0000E+00  0.0000E+00  1.0000E+00  3.3612E+01  1.3519E-01  3.9458E-01  3.4000E+01  2.7601E+01  6.3993E+00  4.1113E-01
  2.1000E+01  0.0000E+00  0.0000E+00  0.0000E+00  1.0000E+00  0.0000E+00  1.0000E+00  0.0000E+00  0.0000E+00  0.0000E+00  0.0000E+00  0.0000E+00  0.0000E+00  0.0000E+00
  2.1000E+01  0.0000E+00  1.7500E+01  0.0000E+00  1.0000E+00  1.0000E+00  1.0000E+00  1.0580E+01 -3.8860E+00  0.0000E+00  0.0000E+00  1.2135E+01  0.0000E+00  0.0000E+00
  2.1000E+01  4.2000E+00  1.7500E+01  0.0000E+00  1.0000E+00  1.0000E+00  1.0000E+00  2.0959E+01 -7.5644E+00  0.0000E+00  0.0000E+00  2.4064E+01  0.0000E+00  0.0000E+00
  2.1000E+01  8.3000E+00  0.0000E+00  2.1100E+01  0.0000E+00  0.0000E+00  1.0000E+00  2.0569E+01  1.9174E-01  5.5394E-02  2.1100E+01  2.3664E+01 -2.5645E+00  9.2191E-02
  2.1000E+01  1.5800E+01  4.5000E+00  0.0000E+00  1.0000E+00  1.0000E+00  1.0000E+00  2.2596E+01 -8.1248E+00  0.0000E+00  0.0000E+00  2.6071E+01  0.0000E+00  0.0000E+00
  2.1000E+01  2.8000E+01  4.5000E+00  0.0000E+00  1.0000E+00  1.0000E+00  1.0000E+00  2.4089E+01 -8.6305E+00  0.0000E+00  0.0000E+00  2.7923E+01  0.0000E+00  0.0000E+00
  2.1000E+01  3.9800E+01  4.5000E+00  0.0000E+00  1.0000E+00  1.0000E+00  1.0000E+00  2.5543E+01 -9.1174E+00  0.0000E+00  0.0000E+00  2.9729E+01  0.0000E+00  0.0000E+00
  2.1000E+01  5.1800E+01  4.5000E+00  0.0000E+00  1.0000E+00  1.0000E+00  1.0000E+00  2.6899E+01 -9.5664E+00  0.0000E+00  0.0000E+00  3.1427E+01  0.0000E+00  0.0000E+00
  2.1000E+01  6.3800E+01  4.5000E+00  0.0000E+00  1.0000E+00  1.0000E+00  1.0000E+00  2.8182E+01 -9.9867E+00  0.0000E+00  0.0000E+00  3.3043E+01  0.0000E+00  0.0000E+00
  2.1000E+01  7.6800E+01  4.5000E+00  0.0000E+00  1.0000E+00  1.0000E+00  1.0000E+00  2.9275E+01 -1.0341E+01  0.0000E+00  0.0000E+00  3.4454E+01  0.0000E+00  0.0000E+00
  2.1000E+01  8.8300E+01  4.5000E+00  0.0000E+00  1.0000E+00  1.0000E+00  1.0000E+00  3.0494E+01 -1.0733E+01  0.0000E+00  0.0000E+00  3.5993E+01  0.0000E+00  0.0000E+00
  2.1000E+01  1.0080E+02  4.5000E+00  0.0000E+00  1.0000E+00  1.0000E+00  1.0000E+00  3.1519E+01 -1.1058E+01  0.0000E+00  0.0000E+00  3.7321E+01  0.0000E+00  0.0000E+00
  2.1000E+01  1.1230E+02  0.0000E+00  2.9100E+01  0.0000E+00  0.0000E+00  1.0000E+00  2.9903E+01 -2.8315E-01 -6.0191E-01  2.9100E+01  3.5608E+01 -6.5076E+00 -5.5454E-01
  2.1000E+01  1.1280E+02  4.5000E+00  0.0000E+00  1.0000E+00  1.0000E+00  1.0000E+00  3.2555E+01 -1.1384E+01  0.0000E+00  0.0000E+00  3.8655E+01  0.0000E+00  0.0000E+00
  2.1000E+01  1.2430E+02  4.5000E+00  0.0000E+00  1.0000E+00  1.0000E+00  1.0000E+00  3.3607E+01 -1.1712E+01  0.0000E+00  0.0000E+00  4.0001E+01  0.0000E+00  0.0000E+00
  2.1000E+01  1.3630E+02  4.5000E+00  0.0000E+00  1.0000E+00  1.0000E+00  1.0000E+00  3.4531E+01 -1.1997E+01  0.0000E+00  0.0000E+00  4.1207E+01  0.0000E+00  0.0000E+00
  2.1000E+01  1.4880E+02  4.5000E+00  0.0000E+00  1.0000E+00  1.0000E+00  1.0000E+00  3.5332E+01 -1.2242E+01  0.0000E+00  0.0000E+00  4.2276E+01  0.0000E+00  0.0000E+00
  2.1000E+01  2.6060E+02  0.0000E+00  2.1100E+01  0.0000E+00  0.0000E+00  1.0000E+00  2.1181E+01 -2.9054E-02 -4.0565E-01  2.1100E+01  2.6771E+01 -5.6709E+00 -3.8490E-01
  2.2000E+01  0.0000E+00  0.0000E+00  0.0000E+00  1.0000E+00  0.0000E+00  1.0000E+00  0.0000E+00  0.0000E+00  0.0000E+00  0.0000E+00  0.0000E+00  0.0000E+00  0.0000E+00
  2.2000E+01  0.0000E+00  1.5000E+01  0.0000E+00  1.0000E+00  1.0000E+00  1.0000E+00  1.0865E+01 -3.9894E+00  0.0000E+00  0.0000E+00  1.0402E+01  0.0000E+00  0.0000E+00
  2.2000E+01  4.0000E+00  1.5000E+01  0.0000E+00  1.0000E+00  1.0000E+00  1.0000E+00  2.1539E+01 -7.7639E+00  0.0000E+00  0.0000E+00  2.0635E+01  0.0000E+00  0.0000E+00
  2.2000E+01  6.0000E+00  0.0000E+00  2.1800E+01  0.0000E+00  0.0000E+00  1.0000E+00  2.1349E+01  1.6255E-01  2.2261E-01  2.1800E+01  2.0467E+01  1.3331E+00  2.2801E-01
  2.2000E+01  1.6000E+01  4.0000E+00  0.0000E+00  1.0000E+00  1.0000E+00  1.0000E+00  2.3321E+01 -8.3710E+00  0.0000E+00  0.0000E+00  2.2421E+01  0.0000E+00  0.0000E+00
  2.2000E+01  2.8000E+01  4.0000E+00  0.0000E+00  1.0000E+00  1.0000E+00  1.0000E+00  2.5010E+01 -8.9394E+00  0.0000E+00  0.0000E+00  2.4122E+01  0.0000E+00  0.0000E+00
  2.2000E+01  4.0000E+01  4.0000E+00  0.0000E+00  1.0000E+00  1.0000E+00  1.0000E+00  2.6612E+01 -9.4716E+00  0.0000E+00  0.0000E+00  2.5741E+01  0.0000E+00  0.0000E+00
  2.2000E+01  5.1000E+01  0.0000E+00  2.5000E+01  0.0000E+00  0.0000E+00  1.0000E+00  2.5345E+01 -1.2317E-01 -9.3181E-02  2.5000E+01  2.4610E+01  3.9022E-01 -9.3099E-02
  2.3000E+01  0.0000E+00  0.0000E+00  0.0000E+00  1.0000E+00  0.0000E+00  1.0000E+00  0.0000E+00  0.0000E+00  0.0000E+00  0.0000E+00  0.0000E+00  0.0000E+00  0.0000E+00
  2.3000E+01  0.0000E+00  6.0000E+01  0.0000E+00  1.0000E+00  1.0000E+00  1.0000E+00  2.3418E+01 -8.4038E+00  0.0000E+00  0.0000E+00  4.1607E+01  0.0000E+00  0.0000E+00
  2.3000E+01  1.1000E+01  0.0000E+00  2.2300E+01  0.0000E+00  0.0000E+00  1.0000E+00  2.1775E+01  1.8912E-01 -2.2419E-01  2.2300E+01  3.9778E+01 -1.7478E+01  2.1514E-01
  2.3000E+01  1.1500E+01  7.5000E+00  0.0000E+00  1.0000E+00  1.0000E+00  1.0000E+00  2.4630E+01 -8.8123E+00  0.0000E+00  0.0000E+00  4.4898E+01  0.0000E+00  0.0000E+00
  2.3000E+01  2.4000E+01  7.5000E+00  0.0000E+00  1.0000E+00  1.0000E+00  1.0000E+00  2.5604E+01 -9.1376E+00  0.0000E+00  0.0000E+00  4.7863E+01  0.0000E+00  0.0000E+00
  2.3000E+01  3.5500E+01  7.5000E+00  0.0000E+00  1.0000E+00  1.0000E+00  1.0000E+00  2.6656E+01 -9.4864E+00  0.0000E+00  0.0000E+00  5.0866E+01  0.0000E+00  0.0000E+00
  2.3000E+01  4.7000E+01  7.5000E+00  0.0000E+00  1.0000E+00  1.0000E+00  1.0000E+00  2.7632E+01 -9.8071E+00  0.0000E+00  0.0000E+00  5.3732E+01  0.0000E+00  0.0000E+00
  2.3000E+01  5.9500E+01  7.5000E+00  0.0000E+00  1.0000E+00  1.0000E+00  1.0000E+00  2.8367E+01 -1.0047E+01  0.0000E+00  0.0000E+00  5.6257E+01  0.0000E+00  0.0000E+00
  2.3000E+01  7.0500E+01  0.0000E+00  2.6600E+01  0.0000E+00  0.0000E+00  1.0000E+00  2.6377E+01  7.9326E-02 -1.0103E+00  2.6600E+01  5.3784E+01 -2.7184E+01 -5.1075E-01
  2.3000E+01  7.1500E+01  7.5000E+00  0.0000E+00  1.0000E+00  1.0000E+00  1.0000E+00  2.9131E+01 -1.0295E+01  0.0000E+00  0.0000E+00  5.8765E+01  0.0000E+00  0.0000E+00
  2.3000E+01  8.4000E+01  7.5000E+00  0.0000E+00  1.0000E+00  1.0000E+00  1.0000E+00  2.9747E+01 -1.0493E+01  0.0000E+00  0.0000E+00  6.1040E+01  0.0000E+00  0.0000E+00
  2.3000E+01  9.5800E+01  7.5000E+00  0.0000E+00  1.0000E+00  1.0000E+00  1.0000E+00  3.0442E+01 -1.0716E+01  0.0000E+00  0.0000E+00  6.3367E+01  0.0000E+00  0.0000E+00
  2.3000E+01  1.0750E+02  7.5000E+00  0.0000E+00  1.0000E+00  1.0000E+00  1.0000E+00  3.1103E+01 -1.0926E+01  0.0000E+00  0.0000E+00  6.5609E+01  0.0000E+00  0.0000E+00
  2.3000E+01  1.2000E+02  7.5000E+00  0.0000E+00  1.0000E+00  1.0000E+00  1.0000E+00  3.1563E+01 -1.1072E+01  0.0000E+00  0.0000E+00  6.7543E+01  0.0000E+00  0.0000E+00
  2.3000E+01  1.3250E+02  7.5000E+00  0.0000E+00  1.0000E+00  1.0000E+00  1.0000E+00  3.1986E+01 -1.1206E+01  0.0000E+00  0.0000E+00  6.9380E+01  0.0000E+00  0.0000E+00
  2.3000E+01  1.4000E+02  0.0000E+00  2.7700E+01  0.0000E+00  0.0000E+00  1.0000E+00  3.0439E+01 -9.6407E-01 -2.6851E+00  2.7700E+01  6.7285E+01 -3.9585E+01 -2.0092E+00
  2.4000E+01  0.0000E+00  0.0000E+00  0.0000E+00  1.0000E+00  0.0000E+00  1.0000E+00  0.0000E+00  0.0000E+00  0.0000E+00  0.0000E+00  0.0000E+00  0.0000E+00  0.0000E+00
  2.4000E+01  0.0000E+00  6.3000E+01  0.0000E+00  1.0000E+00  1.0000E+00  1.0000E+00  1.8226E+01 -6.6155E+00  0.0000E+00  0.0000E+00  4.3687E+01  0.0000E+00  0.0000E+00
  2.4000E+01  7.0000E-01  6.3000E+01  0.0000E+00  1.0000E+00  1.0000E+00  1.0000E+00  3.6382E+01 -1.2560E+01  0.0000E+00  0.0000E+00  8.7250E+01  0.0000E+00  0.0000E+00
  2.4000E+01  2.0000E+00  0.0000E+00  3.7300E+01  0.0000E+00  0.0000E+00  1.0000E+00  3.6121E+01  4.0742E-01 -4.7017E-01  3.7300E+01  8.6788E+01 -4.9488E+01 -2.3845E-02
  2.4000E+01  6.5000E+00  3.2000E+01  0.0000E+00  1.0000E+00  1.0000E+00  1.0000E+00  4.4489E+01 -1.4896E+01  0.0000E+00  0.0000E+00  1.0740E+02  0.0000E+00  0.0000E+00
  2.4000E+01  1.6000E+01  1.0000E+01  0.0000E+00  1.0000E+00  1.0000E+00  1.0000E+00  4.5100E+01 -1.5064E+01  0.0000E+00  0.0000E+00  1.1024E+02  0.0000E+00  0.0000E+00
  2.4000E+01  2.8000E+01  1.0000E+01  0.0000E+00  1.0000E+00  1.0000E+00  1.0000E+00  4.5092E+01 -1.5061E+01  0.0000E+00  0.0000E+00  1.1190E+02  0.0000E+00  0.0000E+00
  2.4000E+01  4.0000E+01  1.0000E+01  0.0000E+00  1.0000E+00  1.0000E+00  1.0000E+00  4.5083E+01 -1.5059E+01  0.0000E+00  0.0000E+00  1.1348E+02  0.0000E+00  0.0000E+00
  2.4000E+01  5.2700E+01  1.0000E+01  0.0000E+00  1.0000E+00  1.0000E+00  1.0000E+00  4.4912E+01 -1.5012E+01  0.0000E+00  0.0000E+00  1.1467E+02  0.0000E+00  0.0000E+00
  2.4000E+01  6.4000E+01  1.0000E+01  0.0000E+00  1.0000E+00  1.0000E+00  1.0000E+00  4.5079E+01 -1.5058E+01  0.0000E+00  0.0000E+00  1.1643E+02  0.0000E+00  0.0000E+00
  2.4000E+01  7.6000E+01  1.0000E+01  0.0000E+00  1.0000E+00  1.0000E+00  1.0000E+00  4.5072E+01 -1.5056E+01  0.0000E+00  0.0000E+00  1.1780E+02  0.0000E+00  0.0000E+00
  2.4000E+01  7.9000E+01  0.0000E+00  4.1700E+01  0.0000E+00  0.0000E+00  1.0000E+00  4.4329E+01 -8.8071E-01 -2.5857E+00  4.1700E+01  1.1636E+02 -7.4661E+01 -1.5978E+00
  2.4000E+01  8.8000E+01  1.0000E+01  0.0000E+00  1.0000E+00  1.0000E+00  1.0000E+00  4.5065E+01 -1.5054E+01  0.0000E+00  0.0000E+00  1.1909E+02  0.0000E+00  0.0000E+00
  2.4000E+01  1.0000E+02  1.0000E+01  0.0000E+00  1.0000E+00  1.0000E+00  1.0000E+00  4.5058E+01 -1.5052E+01  0.0000E+00  0.0000E+00  1.2033E+02  0.0000E+00  0.0000E+00
  2.4000E+01  1.1200E+02  1.0000E+01  0.0000E+00  1.0000E+00  1.0000E+00  1.0000E+00  4.5052E+01 -1.5051E+01  0.0000E+00  0.0000E+00  1.2150E+02  0.0000E+00  0.0000E+00
  2.4000E+01  1.2400E+02  1.0000E+01  0.0000E+00  1.0000E+00  1.0000E+00  1.0000E+00  4.5047E+01 -1.5049E+01  0.0000E+00  0.0000E+00  1.2262E+02  0.0000E+00  0.0000E+00
  2.4000E+01  1.3600E+02  1.0000E+01  0.0000E+00  1.0000E+00  1.0000E+00  1.0000E+00  4.5041E+01 -1.5048E+01  0.0000E+00  0.0000E+00  1.2369E+02  0.0000E+00  0.0000E+00
  2.4000E+01  1.4750E+02  1.0000E+01  0.0000E+00  1.0000E+00  1.0000E+00  1.0000E+00  4.5153E+01 -1.5078E+01  0.0000E+00  0.0000E+00  1.2495E+02  0.0000E+00  0.0000E+00
  2.4000E+01  1.7600E+02  0.0000E+00  3.8100E+01  0.0000E+00  0.0000E+00  1.0000E+00  3.8556E+01 -1.5629E-01 -2.2190E+00  3.8100E+01  1.1121E+02 -7.3108E+01 -1.5026E+00
  2.5000E+01  0.0000E+00  0.0000E+00  0.0000E+00  1.0000E+00  0.0000E+00  1.0000E+00  0.0000E+00  0.0000E+00  0.0000E+00  0.0000E+00  0.0000E+00  0.0000E+00  0.0000E+00
  2.5000E+01  0.0000E+00  1.5000E+01  0.0000E+00  1.0000E+00  1.0000E+00  1.0000E+00  1.3652E+01 -4.9940E+00  0.0000E+00  0.0000E+00  1.0402E+01  0.0000E+00  0.0000E+00
  2.5000E+01  2.0000E+00  0.0000E+00  1.3700E+01  0.0000E+00  0.0000E+00  1.0000E+00  1.3564E+01  4.9780E-02  4.4444E-02  1.3700E+01  1.0317E+01  3.3829E+00  7.6319E-02
  2.5000E+01  1.2000E+01  1.9000E+00  0.0000E+00  1.0000E+00  1.0000E+00  1.0000E+00  1.4862E+01 -5.4267E+00  0.0000E+00  0.0000E+00  1.1222E+01  0.0000E+00  0.0000E+00
  2.5000E+01  1.8500E+01  7.5000E+00  0.0000E+00  1.0000E+00  1.0000E+00  1.0000E+00  2.1380E+01 -7.7091E+00  0.0000E+00  0.0000E+00  1.6128E+01  0.0000E+00  0.0000E+00
  2.5000E+01  2.1000E+01  0.0000E+00  2.1800E+01  0.0000E+00  0.0000E+00  1.0000E+00  2.1208E+01  2.1361E-01  2.6081E-01  2.1800E+01  1.5964E+01  5.8357E+00  3.1934E-01
  2.5000E+01  2.3700E+01  1.5000E+00  0.0000E+00  1.0000E+00  1.0000E+00  1.0000E+00  2.2389E+01 -8.0544E+00  0.0000E+00  0.0000E+00  1.6829E+01  0.0000E+00  0.0000E+00
  2.5000E+01  3.5800E+01  1.5000E+00  0.0000E+00  1.0000E+00  1.0000E+00  1.0000E+00  2.2897E+01 -8.2271E+00  0.0000E+00  0.0000E+00  1.7058E+01  0.0000E+00  0.0000E+00
  2.5000E+01  4.8300E+01  1.5000E+00  0.0000E+00  1.0000E+00  1.0000E+00  1.0000E+00  2.3356E+01 -8.3830E+00  0.0000E+00  0.0000E+00  1.7248E+01  0.0000E+00  0.0000E+00
  2.5000E+01  6.0500E+01  1.5000E+00  0.0000E+00  1.0000E+00  1.0000E+00  1.0000E+00  2.3820E+01 -8.5396E+00  0.0000E+00  0.0000E+00  1.7450E+01  0.0000E+00  0.0000E+00
  2.5000E+01  6.1500E+01  0.0000E+00  1.6700E+01  0.0000E+00  0.0000E+00  1.0000E+00  2.3743E+01 -2.5254E+00 -2.3087E+00  1.6700E+01  1.7378E+01 -6.7835E-01 -2.2610E+00
  2.5000E+01  7.0700E+01  5.0000E+00  0.0000E+00  1.0000E+00  1.0000E+00  1.0000E+00  2.7599E+01 -9.7962E+00  0.0000E+00  0.0000E+00  2.0204E+01  0.0000E+00  0.0000E+00
  2.5000E+01  7.2000E+01  2.0000E+00  0.0000E+00  1.0000E+00  1.0000E+00  1.0000E+00  2.9303E+01 -1.0350E+01  0.0000E+00  0.0000E+00  2.1484E+01  0.0000E+00  0.0000E+00
  2.5000E+01  8.4000E+01  2.0000E+00  0.0000E+00  1.0000E+00  1.0000E+00  1.0000E+00  3.0010E+01 -1.0578E+01  0.0000E+00  0.0000E+00  2.1843E+01  0.0000E+00  0.0000E+00
  2.5000E+01  9.0500E+01  0.0000E+00  2.9800E+01  0.0000E+00  0.0000E+00  1.0000E+00  2.9387E+01  1.4574E-01  4.9555E-01  2.9800E+01  2.1270E+01  8.5297E+00  6.0808E-01
  2.5000E+01  9.5800E+01  2.0000E+00  0.0000E+00  1.0000E+00  1.0000E+00  1.0000E+00  3.0709E+01 -1.0801E+01  0.0000E+00  0.0000E+00  2.2201E+01  0.0000E+00  0.0000E+00
  2.5000E+01  1.0800E+02  2.0000E+00  0.0000E+00  1.0000E+00  1.0000E+00  1.0000E+00  3.1343E+01 -1.1003E+01  0.0000E+00  0.0000E+00  2.2509E+01  0.0000E+00  0.0000E+00
  2.5000E+01  1.2000E+02  2.0000E+00  0.0000E+00  1.0000E+00  1.0000E+00  1.0000E+00  3.1973E+01 -1.1201E+01  0.0000E+00  0.0000E+00  2.2818E+01  0.0000E+00  0.0000E+00
  2.5000E+01  1.2150E+02  0.0000E+00  3.8000E+01  0.0000E+00  0.0000E+00  1.0000E+00  3.1818E+01  2.1667E+00  2.6655E+00  3.8000E+01  2.2679E+01  1.5321E+01  2.8498E+00
  2.5000E+01  1.3200E+02  2.0000E+00  0.0000E+00  1.0000E+00  1.0000E+00  1.0000E+00  3.2578E+01 -1.1392E+01  0.0000E+00  0.0000E+00  2.3113E+01  0.0000E+00  0.0000E+00
  2.5000E+01  1.3800E+02  0.0000E+00  3.1300E+01  0.0000E+00  0.0000E+00  1.0000E+00  3.1954E+01 -2.2897E-01  3.4861E-01  3.1300E+01  2.2553E+01  8.7467E+00  4.7859E-01
  2.6000E+01  0.0000E+00  0.0000E+00  0.0000E+00  1.0000E+00  0.0000E+00  1.0000E+00  0.0000E+00  0.0000E+00  0.0000E+00  0.0000E+00  0.0000E+00  0.0000E+00  0.0000E+00
  2.6000E+01  0.0000E+00  7.0000E+01  0.0000E+00  1.0000E+00  1.0000E+00  1.0000E+00  2.0991E+01 -7.5754E+00  0.0000E+00  0.0000E+00  4.8542E+01  0.0000E+00  0.0000E+00
  2.6000E+01  1.1500E+01  9.0000E+00  0.0000E+00  1.0000E+00  1.0000E+00  1.0000E+00  2.3103E+01 -8.2971E+00  0.0000E+00  0.0000E+00  5.2554E+01  0.0000E+00  0.0000E+00
  2.6000E+01  2.3500E+01  9.0000E+00  0.0000E+00  1.0000E+00  1.0000E+00  1.0000E+00  2.5128E+01 -8.9789E+00  0.0000E+00  0.0000E+00  5.6280E+01  0.0000E+00  0.0000E+00
  2.6000E+01  3.5500E+01  9.0000E+00  0.0000E+00  1.0000E+00  1.0000E+00  1.0000E+00  2.7094E+01 -9.6307E+00  0.0000E+00  0.0000E+00  5.9828E+01  0.0000E+00  0.0000E+00
  2.6000E+01  3.7500E+01  0.0000E+00  2.8600E+01  0.0000E+00  0.0000E+00  1.0000E+00  2.6961E+01  5.8276E-01 -3.9261E-01  2.8600E+01  5.9341E+01 -3.0741E+01 -3.1671E-01
  2.6000E+01  4.7500E+01  9.0000E+00  0.0000E+00  1.0000E+00  1.0000E+00  1.0000E+00  2.9003E+01 -1.0253E+01  0.0000E+00  0.0000E+00  6.3206E+01  0.0000E+00  0.0000E+00
  2.6000E+01  5.9500E+01  9.0000E+00  0.0000E+00  1.0000E+00  1.0000E+00  1.0000E+00  3.0857E+01 -1.0848E+01  0.0000E+00  0.0000E+00  6.6422E+01  0.0000E+00  0.0000E+00
  2.6000E+01  7.1500E+01  9.0000E+00  0.0000E+00  1.0000E+00  1.0000E+00  1.0000E+00  3.2656E+01 -1.1416E+01  0.0000E+00  0.0000E+00  6.9484E+01  0.0000E+00  0.0000E+00
  2.6000E+01  8.3500E+01  9.0000E+00  0.0000E+00  1.0000E+00  1.0000E+00  1.0000E+00  3.4403E+01 -1.1958E+01  0.0000E+00  0.0000E+00  7.2400E+01  0.0000E+00  0.0000E+00
  2.6000E+01  9.5500E+01  9.0000E+00  0.0000E+00  1.0000E+00  1.0000E+00  1.0000E+00  3.6099E+01 -1.2475E+01  0.0000E+00  0.0000E+00  7.5176E+01  0.0000E+00  0.0000E+00
  2.6000E+01  1.0750E+02  9.0000E+00  0.0000E+00  1.0000E+00  1.0000E+00  1.0000E+00  3.7745E+01 -1.2968E+01  0.0000E+00  0.0000E+00  7.7819E+01  0.0000E+00  0.0000E+00
  2.6000E+01  1.1050E+02  0.0000E+00  3.4900E+01  0.0000E+00  0.0000E+00  1.0000E+00  3.7467E+01 -8.8277E-01 -2.2423E+00  3.4900E+01  7.6871E+01 -4.1971E+01 -1.6923E+00
  2.7000E+01  0.0000E+00  0.0000E+00  0.0000E+00  1.0000E+00  0.0000E+00  1.0000E+00  0.0000E+00  0.0000E+00  0.0000E+00  0.0000E+00  0.0000E+00  0.0000E+00  0.0000E+00
  2.7000E+01  0.0000E+00  3.5000E+01  0.0000E+00  1.0000E+00  1.0000E+00  1.0000E+00  2.5780E+01 -9.1963E+00  0.0000E+00  0.0000E+00  2.4271E+01  0.0000E+00  0.0000E+00
  2.7000E+01  1.7000E+00  0.0000E+00  2.6400E+01  0.0000E+00  0.0000E+00  1.0000E+00  2.5543E+01  3.0586E-01  4.8989E-01  2.6400E+01  2.4103E+01  2.2972E+00  5.6837E-01
  2.7000E+01  1.2400E+01  5.0000E+00  0.0000E+00  1.0000E+00  1.0000E+00  1.0000E+00  2.7781E+01 -9.8559E+00  0.0000E+00  0.0000E+00  2.6539E+01  0.0000E+00  0.0000E+00
  2.7000E+01  2.3700E+01  5.0000E+00  0.0000E+00  1.0000E+00  1.0000E+00  1.0000E+00  2.9807E+01 -1.0513E+01  0.0000E+00  0.0000E+00  2.8808E+01  0.0000E+00  0.0000E+00
  2.7000E+01  3.5200E+01  5.0000E+00  0.0000E+00  1.0000E+00  1.0000E+00  1.0000E+00  3.1682E+01 -1.1110E+01  0.0000E+00  0.0000E+00  3.0953E+01  0.0000E+00  0.0000E+00
  2.7000E+01  4.8000E+01  5.0000E+00  0.0000E+00  1.0000E+00  1.0000E+00  1.0000E+00  3.3233E+01 -1.1596E+01  0.0000E+00  0.0000E+00  3.2843E+01  0.0000E+00  0.0000E+00
  2.7000E+01  5.9700E+01  5.0000E+00  0.0000E+00  1.0000E+00  1.0000E+00  1.0000E+00  3.4866E+01 -1.2100E+01  0.0000E+00  0.0000E+00  3.4777E+01  0.0000E+00  0.0000E+00
  2.7000E+01  7.1700E+01  5.0000E+00  0.0000E+00  1.0000E+00  1.0000E+00  1.0000E+00  3.6345E+01 -1.2549E+01  0.0000E+00  0.0000E+00  3.6579E+01  0.0000E+00  0.0000E+00
  2.7000E+01  8.3200E+01  0.0000E+00  3.3300E+01  0.0000E+00  0.0000E+00  1.0000E+00  3.4140E+01 -2.9229E-01 -4.6533E-01  3.3300E+01  3.4900E+01 -1.6001E+00 -4.6621E-01
  2.8000E+01  0.0000E+00  0.0000E+00  0.0000E+00  1.0000E+00  0.0000E+00  1.0000E+00  0.0000E+00  0.0000E+00  0.0000E+00  0.0000E+00  0.0000E+00  0.0000E+00  0.0000E+00
  2.8000E+01  0.0000E+00  6.0000E+01  0.0000E+00  1.0000E+00  1.0000E+00  1.0000E+00  1.8607E+01 -6.7487E+00  0.0000E+00  0.0000E+00  4.1607E+01  0.0000E+00  0.0000E+00
  2.8000E+01  2.0000E+00  0.0000E+00  1.6900E+01  0.0000E+00  0.0000E+00  1.0000E+00  1.8539E+01 -5.9456E-01 -1.8916E+00  1.6900E+01  4.1268E+01 -2.4368E+01 -1.3116E+00
  2.9000E+01  0.0000E+00  0.0000E+00  0.0000E+00  1.0000E+00  0.0000E+00  1.0000E+00  0.0000E+00  0.0000E+00  0.0000E+00  0.0000E+00  0.0000E+00  0.0000E+00  0.0000E+00
  2.9000E+01  0.0000E+00  2.0000E+01  0.0000E+00  1.0000E+00  1.0000E+00  1.0000E+00  1.9936E+01 -7.2110E+00  0.0000E+00  0.0000E+00  1.3869E+01  0.0000E+00  0.0000E+00
  2.9000E+01  1.2000E+01  2.5000E+00  0.0000E+00  1.0000E+00  1.0000E+00  1.0000E+00  2.1192E+01 -7.6446E+00  0.0000E+00  0.0000E+00  1.4939E+01  0.0000E+00  0.0000E+00
  2.9000E+01  2.3500E+01  2.5000E+00  0.0000E+00  1.0000E+00  1.0000E+00  1.0000E+00  2.2424E+01 -8.0662E+00  0.0000E+00  0.0000E+00  1.5987E+01  0.0000E+00  0.0000E+00
  2.9000E+01  3.6500E+01  2.5000E+00  0.0000E+00  1.0000E+00  1.0000E+00  1.0000E+00  2.3414E+01 -8.4025E+00  0.0000E+00  0.0000E+00  1.6893E+01  0.0000E+00  0.0000E+00
  2.9000E+01  4.7500E+01  0.0000E+00  2.2900E+01  0.0000E+00  0.0000E+00  1.0000E+00  2.2080E+01  2.9510E-01  8.8904E-01  2.2900E+01  1.6151E+01  6.7494E+00  1.0010E+00
  3.0000E+01  0.0000E+00  0.0000E+00  0.0000E+00  1.0000E+00  0.0000E+00  1.0000E+00  0.0000E+00  0.0000E+00  0.0000E+00  0.0000E+00  0.0000E+00  0.0000E+00  0.0000E+00
  3.0000E+01  0.0000E+00  1.8000E+01  0.0000E+00  1.0000E+00  1.0000E+00  1.0000E+00  9.3470E+00 -3.4377E+00  0.0000E+00  0.0000E+00  1.2482E+01  0.0000E+00  0.0000E+00
  3.0000E+01  2.2000E+00  1.8000E+01  0.0000E+00  1.0000E+00  1.0000E+00  1.0000E+00  1.8605E+01 -6.7479E+00  0.0000E+00  0.0000E+00  2.4853E+01  0.0000E+00  0.0000E+00
  3.0000E+01  6.3000E+00  0.0000E+00  1.7900E+01  0.0000E+00  0.0000E+00  1.0000E+00  1.8275E+01 -1.3620E-01 -5.6339E-01  1.7900E+01  2.4440E+01 -6.5396E+00 -4.6752E-01
  3.0000E+01  1.5300E+01  3.5000E+00  0.0000E+00  1.0000E+00  1.0000E+00  1.0000E+00  1.9390E+01 -7.0215E+00  0.0000E+00  0.0000E+00  2.5984E+01  0.0000E+00  0.0000E+00
  3.0000E+01  2.6300E+01  3.5000E+00  0.0000E+00  1.0000E+00  1.0000E+00  1.0000E+00  2.0299E+01 -7.3369E+00  0.0000E+00  0.0000E+00  2.7269E+01  0.0000E+00  0.0000E+00
  3.0000E+01  3.8800E+01  3.5000E+00  0.0000E+00  1.0000E+00  1.0000E+00  1.0000E+00  2.1041E+01 -7.5925E+00  0.0000E+00  0.0000E+00  2.8338E+01  0.0000E+00  0.0000E+00
  3.0000E+01  5.0800E+01  3.5000E+00  0.0000E+00  1.0000E+00  1.0000E+00  1.0000E+00  2.1786E+01 -7.8483E+00  0.0000E+00  0.0000E+00  2.9409E+01  0.0000E+00  0.0000E+00
  3.0000E+01  6.2800E+01  3.5000E+00  0.0000E+00  1.0000E+00  1.0000E+00  1.0000E+00  2.2493E+01 -8.0898E+00  0.0000E+00  0.0000E+00  3.0429E+01  0.0000E+00  0.0000E+00
  3.0000E+01  7.5300E+01  3.5000E+00  0.0000E+00  1.0000E+00  1.0000E+00  1.0000E+00  2.3118E+01 -8.3022E+00  0.0000E+00  0.0000E+00  3.1340E+01  0.0000E+00  0.0000E+00
  3.0000E+01  8.7300E+01  3.5000E+00  0.0000E+00  1.0000E+00  1.0000E+00  1.0000E+00  2.3757E+01 -8.5185E+00  0.0000E+00  0.0000E+00  3.2267E+01  0.0000E+00  0.0000E+00
  3.0000E+01  9.8800E+01  3.5000E+00  0.0000E+00  1.0000E+00  1.0000E+00  1.0000E+00  2.4413E+01 -8.7394E+00  0.0000E+00  0.0000E+00  3.3213E+01  0.0000E+00  0.0000E+00
  3.0000E+01  1.1080E+02  3.5000E+00  0.0000E+00  1.0000E+00  1.0000E+00  1.0000E+00  2.4987E+01 -8.9316E+00  0.0000E+00  0.0000E+00  3.4051E+01  0.0000E+00  0.0000E+00
  3.0000E+01  1.2330E+02  3.5000E+00  0.0000E+00  1.0000E+00  1.0000E+00  1.0000E+00  2.5479E+01 -9.0960E+00  0.0000E+00  0.0000E+00  3.4782E+01  0.0000E+00  0.0000E+00
  3.0000E+01  1.3480E+02  3.5000E+00  0.0000E+00  1.0000E+00  1.0000E+00  1.0000E+00  2.6051E+01 -9.2861E+00  0.0000E+00  0.0000E+00  3.5612E+01  0.0000E+00  0.0000E+00
  3.0000E+01  2.2630E+02  0.0000E+00  1.6500E+01  0.0000E+00  0.0000E+00  1.0000E+00  1.7483E+01 -3.5728E-01 -9.3851E-01  1.6500E+01  2.4502E+01 -8.0019E+00 -8.2393E-01
  3.1000E+01  0.0000E+00  0.0000E+00  0.0000E+00  1.0000E+00  0.0000E+00  1.0000E+00  0.0000E+00  0.0000E+00  0.0000E+00  0.0000E+00  0.0000E+00  0.0000E+00  0.0000E+00
  3.1000E+01  0.0000E+00  3.0000E+01  0.0000E+00  1.0000E+00  1.0000E+00  1.0000E+00  2.5109E+01 -8.9724E+00  0.0000E+00  0.0000E+00  2.0804E+01  0.0000E+00  0.0000E+00
  3.1000E+01  1.0000E+00  0.0000E+00  2.5300E+01  0.0000E+00  0.0000E+00  1.0000E+00  2.4985E+01  1.1250E-01  4.3449E-01  2.5300E+01  2.0719E+01  4.5813E+00  4.7461E-01
  3.2000E+01  0.0000E+00  0.0000E+00  0.0000E+00  1.0000E+00  0.0000E+00  1.0000E+00  0.0000E+00  0.0000E+00  0.0000E+00  0.0000E+00  0.0000E+00  0.0000E+00  0.0000E+00
  3.2000E+01  0.0000E+00  7.0000E+01  0.0000E+00  1.0000E+00  1.0000E+00  1.0000E+00  1.2803E+01 -4.6892E+00  0.0000E+00  0.0000E+00  4.8542E+01  0.0000E+00  0.0000E+00
  3.2000E+01  6.5000E+00  0.0000E+00  1.2700E+01  0.0000E+00  0.0000E+00  1.0000E+00  1.2695E+01  1.9375E-03 -9.3406E-01  1.2700E+01  4.7269E+01 -3.4569E+01 -5.8579E-01
  3.2000E+01  1.2000E+01  7.5000E+00  0.0000E+00  1.0000E+00  1.0000E+00  1.0000E+00  1.3976E+01 -5.1100E+00  0.0000E+00  0.0000E+00  5.1419E+01  0.0000E+00  0.0000E+00
  3.2000E+01  2.1600E+01  3.5000E+01  0.0000E+00  1.0000E+00  1.0000E+00  1.0000E+00  2.0203E+01 -7.3035E+00  0.0000E+00  0.0000E+00  7.3712E+01  0.0000E+00  0.0000E+00
  3.2000E+01  2.4000E+01  0.0000E+00  2.2100E+01  0.0000E+00  0.0000E+00  1.0000E+00  2.0140E+01  7.0877E-01 -7.6066E-01  2.2100E+01  7.2993E+01 -5.0893E+01 -3.5266E-01
  3.2000E+01  2.4300E+01  7.5000E+00  0.0000E+00  1.0000E+00  1.0000E+00  1.0000E+00  2.1504E+01 -7.7516E+00  0.0000E+00  0.0000E+00  7.8104E+01  0.0000E+00  0.0000E+00
  3.2000E+01  3.5600E+01  7.5000E+00  0.0000E+00  1.0000E+00  1.0000E+00  1.0000E+00  2.2560E+01 -8.1127E+00  0.0000E+00  0.0000E+00  7.9780E+01  0.0000E+00  0.0000E+00
  3.2000E+01  4.8000E+01  7.5000E+00  0.0000E+00  1.0000E+00  1.0000E+00  1.0000E+00  2.3570E+01 -8.4551E+00  0.0000E+00  0.0000E+00  8.1039E+01  0.0000E+00  0.0000E+00
  3.2000E+01  6.1000E+01  7.5000E+00  0.0000E+00  1.0000E+00  1.0000E+00  1.0000E+00  2.4544E+01 -8.7835E+00  0.0000E+00  0.0000E+00  8.2047E+01  0.0000E+00  0.0000E+00
  3.2000E+01  7.2000E+01  7.5000E+00  0.0000E+00  1.0000E+00  1.0000E+00  1.0000E+00  2.5566E+01 -9.1250E+00  0.0000E+00  0.0000E+00  8.3641E+01  0.0000E+00  0.0000E+00
  3.2000E+01  8.3500E+01  0.0000E+00  2.1200E+01  0.0000E+00  0.0000E+00  1.0000E+00  2.5185E+01 -1.4237E+00 -3.1797E+00  2.1200E+01  7.9801E+01 -5.8601E+01 -2.2281E+00
  3.3000E+01  0.0000E+00  0.0000E+00  0.0000E+00  1.0000E+00  0.0000E+00  1.0000E+00  0.0000E+00  0.0000E+00  0.0000E+00  0.0000E+00  0.0000E+00  0.0000E+00  0.0000E+00
  3.3000E+01  0.0000E+00  1.7000E+01  0.0000E+00  1.0000E+00  1.0000E+00  1.0000E+00  1.0911E+01 -4.0060E+00  0.0000E+00  0.0000E+00  1.1789E+01  0.0000E+00  0.0000E+00
  3.3000E+01  4.0000E+00  1.7000E+01  0.0000E+00  1.0000E+00  1.0000E+00  1.0000E+00  2.1662E+01 -7.8059E+00  0.0000E+00  0.0000E+00  2.3386E+01  0.0000E+00  0.0000E+00
  3.3000E+01  5.5000E+00  0.0000E+00  2.1200E+01  0.0000E+00  0.0000E+00  1.0000E+00  2.1543E+01 -1.2350E-01 -2.3556E-01  2.1200E+01  2.3243E+01 -2.0433E+00 -2.2499E-01
  3.3000E+01  1.6000E+01  4.3000E+00  0.0000E+00  1.0000E+00  1.0000E+00  1.0000E+00  2.3484E+01 -8.4263E+00  0.0000E+00  0.0000E+00  2.5249E+01  0.0000E+00  0.0000E+00
  3.3000E+01  2.8000E+01  4.3000E+00  0.0000E+00  1.0000E+00  1.0000E+00  1.0000E+00  2.5227E+01 -9.0121E+00  0.0000E+00  0.0000E+00  2.7022E+01  0.0000E+00  0.0000E+00
  3.3000E+01  4.0300E+01  4.3000E+00  0.0000E+00  1.0000E+00  1.0000E+00  1.0000E+00  2.6868E+01 -9.5563E+00  0.0000E+00  0.0000E+00  2.8679E+01  0.0000E+00  0.0000E+00
  3.3000E+01  5.2000E+01  4.3000E+00  0.0000E+00  1.0000E+00  1.0000E+00  1.0000E+00  2.8493E+01 -1.0088E+01  0.0000E+00  0.0000E+00  3.0322E+01  0.0000E+00  0.0000E+00
  3.3000E+01  6.5000E+01  0.0000E+00  2.7400E+01  0.0000E+00  0.0000E+00  1.0000E+00  2.7160E+01  8.5440E-02 -5.3487E-03  2.7400E+01  2.8753E+01 -1.3533E+00 -5.7430E-03
  3.4000E+01  0.0000E+00  0.0000E+00  0.0000E+00  1.0000E+00  0.0000E+00  1.0000E+00  0.0000E+00  0.0000E+00  0.0000E+00  0.0000E+00  0.0000E+00  0.0000E+00  0.0000E+00
  3.4000E+01  0.0000E+00  3.4000E+01  0.0000E+00  1.0000E+00  1.0000E+00  1.0000E+00  2.1931E+01 -7.8981E+00  0.0000E+00  0.0000E+00  2.3577E+01  0.0000E+00  0.0000E+00
  3.4000E+01  1.8000E+00  0.0000E+00  2.2100E+01  0.0000E+00  0.0000E+00  1.0000E+00  2.1769E+01  1.1931E-01  4.6826E-02  2.2100E+01  2.3405E+01 -1.3046E+00  4.8745E-02
  3.4000E+01  1.1800E+01  4.3000E+00  0.0000E+00  1.0000E+00  1.0000E+00  1.0000E+00  2.3661E+01 -8.4862E+00  0.0000E+00  0.0000E+00  2.5449E+01  0.0000E+00  0.0000E+00
  3.4000E+01  2.3800E+01  4.3000E+00  0.0000E+00  1.0000E+00  1.0000E+00  1.0000E+00  2.5290E+01 -9.0331E+00  0.0000E+00  0.0000E+00  2.7213E+01  0.0000E+00  0.0000E+00
  3.4000E+01  4.7800E+01  4.3000E+00  0.0000E+00  1.0000E+00  1.0000E+00  1.0000E+00  2.5676E+01 -9.1617E+00  0.0000E+00  0.0000E+00  2.7653E+01  0.0000E+00  0.0000E+00
  3.4000E+01  5.9800E+01  4.0000E+00  0.0000E+00  1.0000E+00  1.0000E+00  1.0000E+00  2.7015E+01 -9.6044E+00  0.0000E+00  0.0000E+00  2.9103E+01  0.0000E+00  0.0000E+00
  3.4000E+01  7.1800E+01  4.0000E+00  0.0000E+00  1.0000E+00  1.0000E+00  1.0000E+00  2.8288E+01 -1.0021E+01  0.0000E+00  0.0000E+00  3.0484E+01  0.0000E+00  0.0000E+00
  3.4000E+01  8.3800E+01  4.0000E+00  0.0000E+00  1.0000E+00  1.0000E+00  1.0000E+00  2.9500E+01 -1.0414E+01  0.0000E+00  0.0000E+00  3.1799E+01  0.0000E+00  0.0000E+00
  3.4000E+01  8.6800E+01  0.0000E+00  2.8700E+01  0.0000E+00  0.0000E+00  1.0000E+00  2.9136E+01 -1.5415E-01 -3.1161E-01  2.8700E+01  3.1411E+01 -2.7114E+00 -3.0309E-01
  3.5000E+01  0.0000E+00  0.0000E+00  0.0000E+00  1.0000E+00  0.0000E+00  1.0000E+00  0.0000E+00  0.0000E+00  0.0000E+00  0.0000E+00  0.0000E+00  0.0000E+00  0.0000E+00
  3.5000E+01  0.0000E+00  2.5000E+01  0.0000E+00  1.0000E+00  1.0000E+00  1.0000E+00  1.2335E+01 -4.5208E+00  0.0000E+00  0.0000E+00  1.7336E+01  0.0000E+00  0.0000E+00
  3.5000E+01  3.5000E+00  2.5000E+01  0.0000E+00  1.0000E+00  1.0000E+00  1.0000E+00  2.4556E+01 -8.7873E+00  0.0000E+00  0.0000E+00  3.4426E+01  0.0000E+00  0.0000E+00
  3.5000E+01  1.5000E+01  6.0000E+00  0.0000E+00  1.0000E+00  1.0000E+00  1.0000E+00  2.6771E+01 -9.5242E+00  0.0000E+00  0.0000E+00  3.7007E+01  0.0000E+00  0.0000E+00
  3.5000E+01  1.9000E+01  0.0000E+00  2.5200E+01  0.0000E+00  0.0000E+00  1.0000E+00  2.6486E+01 -4.5773E-01 -9.2145E-01  2.5200E+01  3.6407E+01 -1.1207E+01 -7.2816E-01
  3.5000E+01  2.7000E+01  6.0000E+00  0.0000E+00  1.0000E+00  1.0000E+00  1.0000E+00  2.8884E+01 -1.0215E+01  0.0000E+00  0.0000E+00  3.9396E+01  0.0000E+00  0.0000E+00
  3.5000E+01  3.9000E+01  6.0000E+00  0.0000E+00  1.0000E+00  1.0000E+00  1.0000E+00  3.0931E+01 -1.0872E+01  0.0000E+00  0.0000E+00  4.1672E+01  0.0000E+00  0.0000E+00
  3.5000E+01  5.1000E+01  6.0000E+00  0.0000E+00  1.0000E+00  1.0000E+00  1.0000E+00  3.2912E+01 -1.1496E+01  0.0000E+00  0.0000E+00  4.3838E+01  0.0000E+00  0.0000E+00
  3.5000E+01  6.3000E+01  6.0000E+00  0.0000E+00  1.0000E+00  1.0000E+00  1.0000E+00  3.4831E+01 -1.2089E+01  0.0000E+00  0.0000E+00  4.5901E+01  0.0000E+00  0.0000E+00
  3.5000E+01  7.5000E+01  6.0000E+00  0.0000E+00  1.0000E+00  1.0000E+00  1.0000E+00  3.6690E+01 -1.2653E+01  0.0000E+00  0.0000E+00  4.7865E+01  0.0000E+00  0.0000E+00
  3.5000E+01  8.7000E+01  6.0000E+00  0.0000E+00  1.0000E+00  1.0000E+00  1.0000E+00  3.8489E+01 -1.3188E+01  0.0000E+00  0.0000E+00  4.9735E+01  0.0000E+00  0.0000E+00
  3.5000E+01  9.9000E+01  0.0000E+00  3.8000E+01  0.0000E+00  0.0000E+00  1.0000E+00  3.7271E+01  2.5087E-01 -1.8413E-01  3.8000E+01  4.7354E+01 -9.3545E+00 -2.1047E-01
  3.6000E+01  0.0000E+00  0.0000E+00  0.0000E+00  1.0000E+00  0.0000E+00  1.0000E+00  0.0000E+00  0.0000E+00  0.0000E+00  0.0000E+00  0.0000E+00  0.0000E+00  0.0000E+00
  3.6000E+01  0.0000E+00  3.0000E+01  0.0000E+00  1.0000E+00  1.0000E+00  1.0000E+00  2.1080E+01 -7.6060E+00  0.0000E+00  0.0000E+00  2.0804E+01  0.0000E+00  0.0000E+00
  3.6000E+01  2.0000E+00  0.0000E+00  2.3200E+01  0.0000E+00  0.0000E+00  1.0000E+00  2.0831E+01  8.5515E-01  9.2408E-01  2.3200E+01  2.0634E+01  2.5658E+00  1.1190E+00
  3.6000E+01  1.2000E+01  4.0000E+00  0.0000E+00  1.0000E+00  1.0000E+00  1.0000E+00  2.2443E+01 -8.0727E+00  0.0000E+00  0.0000E+00  2.2582E+01  0.0000E+00  0.0000E+00
  3.6000E+01  2.3500E+01  4.0000E+00  0.0000E+00  1.0000E+00  1.0000E+00  1.0000E+00  2.3774E+01 -8.5242E+00  0.0000E+00  0.0000E+00  2.4319E+01  0.0000E+00  0.0000E+00
  3.6000E+01  3.6000E+01  4.0000E+00  0.0000E+00  1.0000E+00  1.0000E+00  1.0000E+00  2.4886E+01 -8.8981E+00  0.0000E+00  0.0000E+00  2.5882E+01  0.0000E+00  0.0000E+00
  3.6000E+01  4.8000E+01  4.0000E+00  0.0000E+00  1.0000E+00  1.0000E+00  1.0000E+00  2.5988E+01 -9.2652E+00  0.0000E+00  0.0000E+00  2.7417E+01  0.0000E+00  0.0000E+00
  3.6000E+01  6.0000E+01  4.0000E+00  0.0000E+00  1.0000E+00  1.0000E+00  1.0000E+00  2.7014E+01 -9.6042E+00  0.0000E+00  0.0000E+00  2.8878E+01  0.0000E+00  0.0000E+00
  3.6000E+01  7.2000E+01  4.0000E+00  0.0000E+00  1.0000E+00  1.0000E+00  1.0000E+00  2.7969E+01 -9.9173E+00  0.0000E+00  0.0000E+00  3.0270E+01  0.0000E+00  0.0000E+00
  3.6000E+01  8.5000E+01  4.0000E+00  0.0000E+00  1.0000E+00  1.0000E+00  1.0000E+00  2.8705E+01 -1.0157E+01  0.0000E+00  0.0000E+00  3.1478E+01  0.0000E+00  0.0000E+00
  3.6000E+01  9.6000E+01  4.0000E+00  0.0000E+00  1.0000E+00  1.0000E+00  1.0000E+00  2.9703E+01 -1.0479E+01  0.0000E+00  0.0000E+00  3.2868E+01  0.0000E+00  0.0000E+00
  3.6000E+01  1.0800E+02  4.0000E+00  0.0000E+00  1.0000E+00  1.0000E+00  1.0000E+00  3.0474E+01 -1.0726E+01  0.0000E+00  0.0000E+00  3.4069E+01  0.0000E+00  0.0000E+00
  3.6000E+01  1.2000E+02  4.0000E+00  0.0000E+00  1.0000E+00  1.0000E+00  1.0000E+00  3.1192E+01 -1.0955E+01  0.0000E+00  0.0000E+00  3.5212E+01  0.0000E+00  0.0000E+00
  3.6000E+01  1.3200E+02  4.0000E+00  0.0000E+00  1.0000E+00  1.0000E+00  1.0000E+00  3.1860E+01 -1.1166E+01  0.0000E+00  0.0000E+00  3.6301E+01  0.0000E+00  0.0000E+00
  3.6000E+01  1.3400E+02  0.0000E+00  2.8900E+01  0.0000E+00  0.0000E+00  1.0000E+00  3.1484E+01 -9.0685E-01 -1.2450E+00  2.8900E+01  3.6005E+01 -7.1052E+00 -1.1792E+00
  3.6000E+01  3.0400E+02  0.0000E+00  1.2700E+01  0.0000E+00  0.0000E+00  1.0000E+00  1.1491E+01  4.4368E-01 -4.5454E-02  1.2700E+01  1.7974E+01 -5.2738E+00 -1.6722E-01
  3.7000E+01  0.0000E+00  0.0000E+00  0.0000E+00  1.0000E+00  0.0000E+00  1.0000E+00  0.0000E+00  0.0000E+00  0.0000E+00  0.0000E+00  0.0000E+00  0.0000E+00  0.0000E+00
  3.7000E+01  0.0000E+00  2.4000E+01  0.0000E+00  1.0000E+00  1.0000E+00  1.0000E+00  1.9626E+01 -7.1035E+00  0.0000E+00  0.0000E+00  1.6643E+01  0.0000E+00  0.0000E+00
  3.7000E+01  2.3000E+00  0.0000E+00  1.9500E+01  0.0000E+00  0.0000E+00  1.0000E+00  1.9429E+01  2.5786E-02  2.0471E-01  1.9500E+01  1.6487E+01  3.0128E+00  2.1752E-01
  3.7000E+01  1.1800E+01  3.0000E+00  0.0000E+00  1.0000E+00  1.0000E+00  1.0000E+00  2.1089E+01 -7.6093E+00  0.0000E+00  0.0000E+00  1.7940E+01  0.0000E+00  0.0000E+00
  3.7000E+01  2.4300E+01  3.0000E+00  0.0000E+00  1.0000E+00  1.0000E+00  1.0000E+00  2.2418E+01 -8.0642E+00  0.0000E+00  0.0000E+00  1.9127E+01  0.0000E+00  0.0000E+00
  3.7000E+01  3.6300E+01  3.0000E+00  0.0000E+00  1.0000E+00  1.0000E+00  1.0000E+00  2.3722E+01 -8.5066E+00  0.0000E+00  0.0000E+00  2.0292E+01  0.0000E+00  0.0000E+00
  3.7000E+01  4.8300E+01  3.0000E+00  0.0000E+00  1.0000E+00  1.0000E+00  1.0000E+00  2.4959E+01 -8.9225E+00  0.0000E+00  0.0000E+00  2.1401E+01  0.0000E+00  0.0000E+00
  3.7000E+01  6.0300E+01  3.0000E+00  0.0000E+00  1.0000E+00  1.0000E+00  1.0000E+00  2.6133E+01 -9.3134E+00  0.0000E+00  0.0000E+00  2.2457E+01  0.0000E+00  0.0000E+00
  3.7000E+01  7.2800E+01  3.0000E+00  0.0000E+00  1.0000E+00  1.0000E+00  1.0000E+00  2.7193E+01 -9.6630E+00  0.0000E+00  0.0000E+00  2.3419E+01  0.0000E+00  0.0000E+00
  3.7000E+01  8.4300E+01  3.0000E+00  0.0000E+00  1.0000E+00  1.0000E+00  1.0000E+00  2.8309E+01 -1.0028E+01  0.0000E+00  0.0000E+00  2.4424E+01  0.0000E+00  0.0000E+00
  3.7000E+01  9.6300E+01  3.0000E+00  0.0000E+00  1.0000E+00  1.0000E+00  1.0000E+00  2.9311E+01 -1.0353E+01  0.0000E+00  0.0000E+00  2.5336E+01  0.0000E+00  0.0000E+00
  3.7000E+01  1.0830E+02  3.0000E+00  0.0000E+00  1.0000E+00  1.0000E+00  1.0000E+00  3.0262E+01 -1.0658E+01  0.0000E+00  0.0000E+00  2.6203E+01  0.0000E+00  0.0000E+00
  3.7000E+01  1.1980E+02  3.0000E+00  0.0000E+00  1.0000E+00  1.0000E+00  1.0000E+00  3.1227E+01 -1.0966E+01  0.0000E+00  0.0000E+00  2.7081E+01  0.0000E+00  0.0000E+00
  3.7000E+01  1.3230E+02  3.0000E+00  0.0000E+00  1.0000E+00  1.0000E+00  1.0000E+00  3.2015E+01 -1.1215E+01  0.0000E+00  0.0000E+00  2.7813E+01  0.0000E+00  0.0000E+00
  3.7000E+01  1.4430E+02  3.0000E+00  0.0000E+00  1.0000E+00  1.0000E+00  1.0000E+00  3.2827E+01 -1.1469E+01  0.0000E+00  0.0000E+00  2.8562E+01  0.0000E+00  0.0000E+00
  3.7000E+01  1.5630E+02  3.0000E+00  0.0000E+00  1.0000E+00  1.0000E+00  1.0000E+00  3.3598E+01 -1.1709E+01  0.0000E+00  0.0000E+00  2.9275E+01  0.0000E+00  0.0000E+00
  3.7000E+01  1.5980E+02  0.0000E+00  3.3400E+01  0.0000E+00  0.0000E+00  1.0000E+00  3.3086E+01  1.0960E-01  3.8906E-01  3.3400E+01  2.8859E+01  4.5405E+00  4.1388E-01
  3.8000E+01  0.0000E+00  0.0000E+00  0.0000E+00  1.0000E+00  0.0000E+00  1.0000E+00  0.0000E+00  0.0000E+00  0.0000E+00  0.0000E+00  0.0000E+00  0.0000E+00  0.0000E+00
  3.8000E+01  0.0000E+00  2.6000E+01  0.0000E+00  1.0000E+00  1.0000E+00  1.0000E+00  1.8185E+01 -6.6012E+00  0.0000E+00  0.0000E+00  1.8030E+01  0.0000E+00  0.0000E+00
  3.8000E+01  1.8000E+00  0.0000E+00  1.7900E+01  0.0000E+00  0.0000E+00  1.0000E+00  1.8030E+01 -4.7075E-02 -2.2261E-03  1.7900E+01  1.7898E+01  2.3837E-03  1.2969E-02
  3.8000E+01  1.1600E+01  3.0000E+00  0.0000E+00  1.0000E+00  1.0000E+00  1.0000E+00  1.9303E+01 -6.9914E+00  0.0000E+00  0.0000E+00  1.9275E+01  0.0000E+00  0.0000E+00
  3.8000E+01  2.3300E+01  3.0000E+00  0.0000E+00  1.0000E+00  1.0000E+00  1.0000E+00  2.0352E+01 -7.3550E+00  0.0000E+00  0.0000E+00  2.0456E+01  0.0000E+00  0.0000E+00
  3.8000E+01  3.5300E+01  3.0000E+00  0.0000E+00  1.0000E+00  1.0000E+00  1.0000E+00  2.1316E+01 -7.6872E+00  0.0000E+00  0.0000E+00  2.1557E+01  0.0000E+00  0.0000E+00
  3.8000E+01  4.7300E+01  3.0000E+00  0.0000E+00  1.0000E+00  1.0000E+00  1.0000E+00  2.2226E+01 -7.9989E+00  0.0000E+00  0.0000E+00  2.2606E+01  0.0000E+00  0.0000E+00
  3.8000E+01  5.9300E+01  3.0000E+00  0.0000E+00  1.0000E+00  1.0000E+00  1.0000E+00  2.3086E+01 -8.2914E+00  0.0000E+00  0.0000E+00  2.3604E+01  0.0000E+00  0.0000E+00
  3.8000E+01  7.1300E+01  3.0000E+00  0.0000E+00  1.0000E+00  1.0000E+00  1.0000E+00  2.3898E+01 -8.5660E+00  0.0000E+00  0.0000E+00  2.4555E+01  0.0000E+00  0.0000E+00
  3.8000E+01  8.3300E+01  3.0000E+00  0.0000E+00  1.0000E+00  1.0000E+00  1.0000E+00  2.4664E+01 -8.8237E+00  0.0000E+00  0.0000E+00  2.5460E+01  0.0000E+00  0.0000E+00
  3.8000E+01  9.5300E+01  3.0000E+00  0.0000E+00  1.0000E+00  1.0000E+00  1.0000E+00  2.5388E+01 -9.0657E+00  0.0000E+00  0.0000E+00  2.6322E+01  0.0000E+00  0.0000E+00
  3.8000E+01  1.0730E+02  3.0000E+00  0.0000E+00  1.0000E+00  1.0000E+00  1.0000E+00  2.6072E+01 -9.2930E+00  0.0000E+00  0.0000E+00  2.7143E+01  0.0000E+00  0.0000E+00
  3.8000E+01  1.1880E+02  0.0000E+00  2.1600E+01  0.0000E+00  0.0000E+00  1.0000E+00  2.4678E+01 -1.1010E+00 -1.1745E+00  2.1600E+01  2.5897E+01 -4.2966E+00 -1.1630E+00
  3.8000E+01  1.1930E+02  3.0000E+00  0.0000E+00  1.0000E+00  1.0000E+00  1.0000E+00  2.6717E+01 -9.5064E+00  0.0000E+00  0.0000E+00  2.7924E+01  0.0000E+00  0.0000E+00
  3.8000E+01  1.3130E+02  3.0000E+00  0.0000E+00  1.0000E+00  1.0000E+00  1.0000E+00  2.7326E+01 -9.7069E+00  0.0000E+00  0.0000E+00  2.8668E+01  0.0000E+00  0.0000E+00
  3.8000E+01  1.4330E+02  3.0000E+00  0.0000E+00  1.0000E+00  1.0000E+00  1.0000E+00  2.7902E+01 -9.8954E+00  0.0000E+00  0.0000E+00  2.9376E+01  0.0000E+00  0.0000E+00
  3.8000E+01  1.5530E+02  3.0000E+00  0.0000E+00  1.0000E+00  1.0000E+00  1.0000E+00  2.8445E+01 -1.0072E+01  0.0000E+00  0.0000E+00  3.0051E+01  0.0000E+00  0.0000E+00
  3.8000E+01  1.6730E+02  3.0000E+00  0.0000E+00  1.0000E+00  1.0000E+00  1.0000E+00  2.8958E+01 -1.0239E+01  0.0000E+00  0.0000E+00  3.0693E+01  0.0000E+00  0.0000E+00
  3.8000E+01  1.8330E+02  0.0000E+00  3.0500E+01  0.0000E+00  0.0000E+00  1.0000E+00  2.6827E+01  1.3066E+00  1.1724E+00  3.0500E+01  2.8750E+01  1.7497E+00  1.1730E+00
  3.8000E+01  3.1030E+02  0.0000E+00  1.3000E+01  0.0000E+00  0.0000E+00  1.0000E+00  1.4622E+01 -5.9251E-01 -7.9369E-01  1.3000E+01  1.7109E+01 -4.1095E+00 -7.8033E-01
  3.9000E+01  0.0000E+00  0.0000E+00  0.0000E+00  1.0000E+00  0.0000E+00  1.0000E+00  0.0000E+00  0.0000E+00  0.0000E+00  0.0000E+00  0.0000E+00  0.0000E+00  0.0000E+00
  3.9000E+01  0.0000E+00  5.6000E+01  0.0000E+00  1.0000E+00  1.0000E+00  1.0000E+00  3.1089E+01 -1.0922E+01  0.0000E+00  0.0000E+00  3.8833E+01  0.0000E+00  0.0000E+00
  3.9000E+01  1.4000E+00  0.0000E+00  3.0000E+01  0.0000E+00  0.0000E+00  1.0000E+00  3.0862E+01 -3.0312E-01 -5.6571E-01  3.0000E+01  3.8612E+01 -8.6118E+00 -4.4156E-01
  3.9000E+01  1.2700E+01  5.0000E+00  0.0000E+00  1.0000E+00  1.0000E+00  1.0000E+00  3.1869E+01 -1.1169E+01  0.0000E+00  0.0000E+00  4.0336E+01  0.0000E+00  0.0000E+00
  3.9000E+01  2.4400E+01  5.0000E+00  0.0000E+00  1.0000E+00  1.0000E+00  1.0000E+00  3.2755E+01 -1.1447E+01  0.0000E+00  0.0000E+00  4.1920E+01  0.0000E+00  0.0000E+00
  3.9000E+01  3.6400E+01  5.0000E+00  0.0000E+00  1.0000E+00  1.0000E+00  1.0000E+00  3.3541E+01 -1.1691E+01  0.0000E+00  0.0000E+00  4.3381E+01  0.0000E+00  0.0000E+00
  3.9000E+01  4.8400E+01  5.0000E+00  0.0000E+00  1.0000E+00  1.0000E+00  1.0000E+00  3.4278E+01 -1.1919E+01  0.0000E+00  0.0000E+00  4.4773E+01  0.0000E+00  0.0000E+00
  3.9000E+01  6.0400E+01  5.0000E+00  0.0000E+00  1.0000E+00  1.0000E+00  1.0000E+00  3.4971E+01 -1.2132E+01  0.0000E+00  0.0000E+00  4.6097E+01  0.0000E+00  0.0000E+00
  3.9000E+01  7.2300E+01  5.0000E+00  0.0000E+00  1.0000E+00  1.0000E+00  1.0000E+00  3.5639E+01 -1.2335E+01  0.0000E+00  0.0000E+00  4.7376E+01  0.0000E+00  0.0000E+00
  3.9000E+01  8.4800E+01  5.0000E+00  0.0000E+00  1.0000E+00  1.0000E+00  1.0000E+00  3.6162E+01 -1.2494E+01  0.0000E+00  0.0000E+00  4.8484E+01  0.0000E+00  0.0000E+00
  3.9000E+01  9.6400E+01  5.0000E+00  0.0000E+00  1.0000E+00  1.0000E+00  1.0000E+00  3.6811E+01 -1.2689E+01  0.0000E+00  0.0000E+00  4.9707E+01  0.0000E+00  0.0000E+00
  3.9000E+01  1.0840E+02  5.0000E+00  0.0000E+00  1.0000E+00  1.0000E+00  1.0000E+00  3.7350E+01 -1.2850E+01  0.0000E+00  0.0000E+00  5.0795E+01  0.0000E+00  0.0000E+00
  3.9000E+01  1.1040E+02  0.0000E+00  3.7700E+01  0.0000E+00  0.0000E+00  1.0000E+00  3.6962E+01  2.5421E-01 -3.8707E-01  3.7700E+01  5.0381E+01 -1.2681E+01 -2.8249E-01
  3.9000E+01  1.2040E+02  5.0000E+00  0.0000E+00  1.0000E+00  1.0000E+00  1.0000E+00  3.7857E+01 -1.3001E+01  0.0000E+00  0.0000E+00  5.1831E+01  0.0000E+00  0.0000E+00
  3.9000E+01  1.3240E+02  5.0000E+00  0.0000E+00  1.0000E+00  1.0000E+00  1.0000E+00  3.8332E+01 -1.3141E+01  0.0000E+00  0.0000E+00  5.2818E+01  0.0000E+00  0.0000E+00
  3.9000E+01  2.6040E+02  0.0000E+00  1.8400E+01  0.0000E+00  0.0000E+00  1.0000E+00  1.9641E+01 -4.4904E-01 -1.1167E+00  1.8400E+01  3.1304E+01 -1.2904E+01 -1.0035E+00
  4.0000E+01  0.0000E+00  0.0000E+00  0.0000E+00  1.0000E+00  0.0000E+00  1.0000E+00  0.0000E+00  0.0000E+00  0.0000E+00  0.0000E+00  0.0000E+00  0.0000E+00  0.0000E+00
  4.0000E+01  0.0000E+00  1.9000E+01  0.0000E+00  1.0000E+00  1.0000E+00  1.0000E+00  1.3980E+01 -5.1115E+00  0.0000E+00  0.0000E+00  1.3176E+01  0.0000E+00  0.0000E+00
  4.0000E+01  1.0000E+00  0.0000E+00  1.3700E+01  0.0000E+00  0.0000E+00  1.0000E+00  1.3919E+01 -8.0209E-02 -3.1305E-02  1.3700E+01  1.3122E+01  5.7814E-01 -2.9493E-02
  4.0000E+01  2.0000E+00  3.0000E+00  0.0000E+00  1.0000E+00  1.0000E+00  1.0000E+00  1.6067E+01 -5.8547E+00  0.0000E+00  0.0000E+00  1.5149E+01  0.0000E+00  0.0000E+00
  4.0000E+01  3.8000E+00  1.2000E+01  0.0000E+00  1.0000E+00  1.0000E+00  1.0000E+00  2.4771E+01 -8.8595E+00  0.0000E+00  0.0000E+00  2.3359E+01  0.0000E+00  0.0000E+00
  4.0000E+01  4.0000E+00  0.0000E+00  2.5000E+01  0.0000E+00  0.0000E+00  1.0000E+00  2.4750E+01  8.9549E-02  1.7577E-01  2.5000E+01  2.3340E+01  1.6600E+00  1.7926E-01
  4.1000E+01  0.0000E+00  0.0000E+00  0.0000E+00  1.0000E+00  0.0000E+00  1.0000E+00  0.0000E+00  0.0000E+00  0.0000E+00  0.0000E+00  0.0000E+00  0.0000E+00  0.0000E+00
  4.1000E+01  0.0000E+00  3.4000E+01  0.0000E+00  1.0000E+00  1.0000E+00  1.0000E+00  1.7436E+01 -6.3382E+00  0.0000E+00  0.0000E+00  2.3577E+01  0.0000E+00  0.0000E+00
  4.1000E+01  2.0000E+00  0.0000E+00  1.8600E+01  0.0000E+00  0.0000E+00  1.0000E+00  1.7324E+01  4.6377E-01  1.9064E-01  1.8600E+01  2.3385E+01 -4.7855E+00  2.3339E-01
  4.1000E+01  7.3000E+00  4.0000E+00  0.0000E+00  1.0000E+00  1.0000E+00  1.0000E+00  1.9083E+01 -6.9148E+00  0.0000E+00  0.0000E+00  2.5658E+01  0.0000E+00  0.0000E+00
  4.1000E+01  1.2000E+01  4.0000E+00  0.0000E+00  1.0000E+00  1.0000E+00  1.0000E+00  2.0848E+01 -7.5264E+00  0.0000E+00  0.0000E+00  2.7944E+01  0.0000E+00  0.0000E+00
  4.1000E+01  2.4800E+01  4.0000E+00  0.0000E+00  1.0000E+00  1.0000E+00  1.0000E+00  2.2059E+01 -7.9419E+00  0.0000E+00  0.0000E+00  2.9293E+01  0.0000E+00  0.0000E+00
  4.1000E+01  3.3900E+01  4.0000E+00  0.0000E+00  1.0000E+00  1.0000E+00  1.0000E+00  2.3475E+01 -8.4232E+00  0.0000E+00  0.0000E+00  3.0998E+01  0.0000E+00  0.0000E+00
  4.1000E+01  3.6000E+01  0.0000E+00  2.1000E+01  0.0000E+00  0.0000E+00  1.0000E+00  2.3317E+01 -8.3174E-01 -1.1806E+00  2.1000E+01  3.0733E+01 -9.7330E+00 -1.1229E+00
  4.1000E+01  4.8300E+01  4.0000E+00  0.0000E+00  1.0000E+00  1.0000E+00  1.0000E+00  2.4465E+01 -8.7567E+00  0.0000E+00  0.0000E+00  3.2000E+01  0.0000E+00  0.0000E+00
  4.1000E+01  5.8700E+01  4.0000E+00  0.0000E+00  1.0000E+00  1.0000E+00  1.0000E+00  2.5712E+01 -9.1735E+00  0.0000E+00  0.0000E+00  3.3442E+01  0.0000E+00  0.0000E+00
  4.1000E+01  5.9000E+01  0.0000E+00  2.6400E+01  0.0000E+00  0.0000E+00  1.0000E+00  2.5687E+01  2.5438E-01 -1.1818E-01  2.6400E+01  3.3401E+01 -7.0014E+00 -9.2112E-02
  4.2000E+01  0.0000E+00  0.0000E+00  0.0000E+00  1.0000E+00  0.0000E+00  1.0000E+00  0.0000E+00  0.0000E+00  0.0000E+00  0.0000E+00  0.0000E+00  0.0000E+00  0.0000E+00
  4.2000E+01  0.0000E+00  2.8000E+01  0.0000E+00  1.0000E+00  1.0000E+00  1.0000E+00  5.7220E+00 -2.1108E+00  0.0000E+00  0.0000E+00  1.9417E+01  0.0000E+00  0.0000E+00
  4.2000E+01  1.2000E+01  2.8000E+01  0.0000E+00  1.0000E+00  1.0000E+00  1.0000E+00  1.1345E+01 -4.1631E+00  0.0000E+00  0.0000E+00  3.7904E+01  0.0000E+00  0.0000E+00
  4.2000E+01  1.4000E+01  0.0000E+00  1.3300E+01  0.0000E+00  0.0000E+00  1.0000E+00  1.1312E+01  7.2949E-01 -3.9612E-01  1.3300E+01  3.7596E+01 -2.4296E+01 -1.2319E-01
  4.2000E+01  2.3700E+01  7.0000E+00  0.0000E+00  1.0000E+00  1.0000E+00  1.0000E+00  1.2584E+01 -4.6104E+00  0.0000E+00  0.0000E+00  4.0989E+01  0.0000E+00  0.0000E+00
  4.2000E+01  3.6200E+01  7.0000E+00  0.0000E+00  1.0000E+00  1.0000E+00  1.0000E+00  1.3788E+01 -5.0428E+00  0.0000E+00  0.0000E+00  4.3801E+01  0.0000E+00  0.0000E+00
  4.2000E+01  4.7800E+01  7.0000E+00  0.0000E+00  1.0000E+00  1.0000E+00  1.0000E+00  1.4988E+01 -5.4715E+00  0.0000E+00  0.0000E+00  4.6628E+01  0.0000E+00  0.0000E+00
  4.2000E+01  6.0000E+01  7.0000E+00  0.0000E+00  1.0000E+00  1.0000E+00  1.0000E+00  1.6155E+01 -5.8860E+00  0.0000E+00  0.0000E+00  4.9214E+01  0.0000E+00  0.0000E+00
  4.2000E+01  7.2000E+01  7.0000E+00  0.0000E+00  1.0000E+00  1.0000E+00  1.0000E+00  1.7306E+01 -6.2924E+00  0.0000E+00  0.0000E+00  5.1713E+01  0.0000E+00  0.0000E+00
  4.2000E+01  8.4000E+01  7.0000E+00  0.0000E+00  1.0000E+00  1.0000E+00  1.0000E+00  1.8437E+01 -6.6893E+00  0.0000E+00  0.0000E+00  5.4092E+01  0.0000E+00  0.0000E+00
  4.2000E+01  9.5500E+01  0.0000E+00  1.3900E+01  0.0000E+00  0.0000E+00  1.0000E+00  1.8131E+01 -1.5361E+00 -3.2170E+00  1.3900E+01  5.1609E+01 -3.7709E+01 -2.3526E+00
  4.3000E+01  0.0000E+00  0.0000E+00  0.0000E+00  1.0000E+00  0.0000E+00  1.0000E+00  0.0000E+00  0.0000E+00  0.0000E+00  0.0000E+00  0.0000E+00  0.0000E+00  0.0000E+00
  4.3000E+01  0.0000E+00  1.8000E+01  0.0000E+00  1.0000E+00  1.0000E+00  1.0000E+00  2.1587E+01 -7.7801E+00  0.0000E+00  0.0000E+00  1.2482E+01  0.0000E+00  0.0000E+00
  4.3000E+01  2.0000E+00  0.0000E+00  2.2300E+01  0.0000E+00  0.0000E+00  1.0000E+00  2.1286E+01  3.6573E-01  1.2760E+00  2.2300E+01  1.2381E+01  9.9195E+00  1.6149E+00
  4.4000E+01  0.0000E+00  0.0000E+00  0.0000E+00  1.0000E+00  0.0000E+00  1.0000E+00  0.0000E+00  0.0000E+00  0.0000E+00  0.0000E+00  0.0000E+00  0.0000E+00  0.0000E+00
  4.4000E+01  0.0000E+00  1.4000E+01  0.0000E+00  1.0000E+00  1.0000E+00  1.0000E+00  9.4408E+00 -3.4718E+00  0.0000E+00  0.0000E+00  9.7083E+00  0.0000E+00  0.0000E+00
  4.4000E+01  5.0000E+00  1.4000E+01  0.0000E+00  1.0000E+00  1.0000E+00  1.0000E+00  1.8671E+01 -6.7712E+00  0.0000E+00  0.0000E+00  1.9220E+01  0.0000E+00  0.0000E+00
  4.4000E+01  1.1000E+01  0.0000E+00  1.7800E+01  0.0000E+00  0.0000E+00  1.0000E+00  1.8174E+01 -1.3577E-01 -1.5983E-01  1.7800E+01  1.8755E+01 -9.5474E-01 -1.5103E-01
  4.4000E+01  1.7000E+01  3.5000E+00  0.0000E+00  1.0000E+00  1.0000E+00  1.0000E+00  2.0050E+01 -7.2506E+00  0.0000E+00  0.0000E+00  2.0728E+01  0.0000E+00  0.0000E+00
  4.4000E+01  2.9000E+01  3.5000E+00  0.0000E+00  1.0000E+00  1.0000E+00  1.0000E+00  2.1356E+01 -7.7009E+00  0.0000E+00  0.0000E+00  2.2163E+01  0.0000E+00  0.0000E+00
  4.4000E+01  4.1000E+01  3.5000E+00  0.0000E+00  1.0000E+00  1.0000E+00  1.0000E+00  2.2593E+01 -8.1240E+00  0.0000E+00  0.0000E+00  2.3529E+01  0.0000E+00  0.0000E+00
  4.4000E+01  5.4500E+01  3.5000E+00  0.0000E+00  1.0000E+00  1.0000E+00  1.0000E+00  2.3622E+01 -8.4727E+00  0.0000E+00  0.0000E+00  2.4693E+01  0.0000E+00  0.0000E+00
  4.4000E+01  6.5000E+01  3.5000E+00  0.0000E+00  1.0000E+00  1.0000E+00  1.0000E+00  2.4891E+01 -8.8998E+00  0.0000E+00  0.0000E+00  2.6083E+01  0.0000E+00  0.0000E+00
  4.4000E+01  7.7500E+01  3.5000E+00  0.0000E+00  1.0000E+00  1.0000E+00  1.0000E+00  2.5890E+01 -9.2327E+00  0.0000E+00  0.0000E+00  2.7211E+01  0.0000E+00  0.0000E+00
  4.4000E+01  8.9000E+01  3.5000E+00  0.0000E+00  1.0000E+00  1.0000E+00  1.0000E+00  2.6944E+01 -9.5813E+00  0.0000E+00  0.0000E+00  2.8389E+01  0.0000E+00  0.0000E+00
  4.4000E+01  1.0100E+02  3.5000E+00  0.0000E+00  1.0000E+00  1.0000E+00  1.0000E+00  2.7888E+01 -9.8907E+00  0.0000E+00  0.0000E+00  2.9457E+01  0.0000E+00  0.0000E+00
  4.4000E+01  1.1300E+02  3.5000E+00  0.0000E+00  1.0000E+00  1.0000E+00  1.0000E+00  2.8782E+01 -1.0182E+01  0.0000E+00  0.0000E+00  3.0475E+01  0.0000E+00  0.0000E+00
  4.4000E+01  1.2500E+02  0.0000E+00  2.7600E+01  0.0000E+00  0.0000E+00  1.0000E+00  2.7268E+01  1.1783E-01 -1.1510E-02  2.7600E+01  2.9016E+01 -1.4163E+00 -3.8972E-03
  4.4000E+01  1.2550E+02  3.5000E+00  0.0000E+00  1.0000E+00  1.0000E+00  1.0000E+00  2.9567E+01 -1.0435E+01  0.0000E+00  0.0000E+00  3.1384E+01  0.0000E+00  0.0000E+00
  4.4000E+01  2.9200E+02  0.0000E+00  1.3500E+01  0.0000E+00  0.0000E+00  1.0000E+00  1.3975E+01 -1.7371E-01 -3.4540E-01  1.3500E+01  1.5893E+01 -2.3927E+00 -3.4003E-01
  4.5000E+01  0.0000E+00  0.0000E+00  0.0000E+00  1.0000E+00  0.0000E+00  1.0000E+00  0.0000E+00  0.0000E+00  0.0000E+00  0.0000E+00  0.0000E+00  0.0000E+00  0.0000E+00
  4.5000E+01  0.0000E+00  1.6000E+01  0.0000E+00  1.0000E+00  1.0000E+00  1.0000E+00  1.7354E+01 -6.3092E+00  0.0000E+00  0.0000E+00  1.1095E+01  0.0000E+00  0.0000E+00
  4.5000E+01  4.5000E+00  0.0000E+00  1.6600E+01  0.0000E+00  0.0000E+00  1.0000E+00  1.6968E+01 -1.3378E-01  2.9773E-01  1.6600E+01  1.0893E+01  5.7069E+00  4.0572E-01
  4.5000E+01  1.2500E+01  2.0000E+00  0.0000E+00  1.0000E+00  1.0000E+00  1.0000E+00  1.8472E+01 -6.7015E+00  0.0000E+00  0.0000E+00  1.1930E+01  0.0000E+00  0.0000E+00
  4.5000E+01  2.4500E+01  2.0000E+00  0.0000E+00  1.0000E+00  1.0000E+00  1.0000E+00  1.9566E+01 -7.0828E+00  0.0000E+00  0.0000E+00  1.2746E+01  0.0000E+00  0.0000E+00
  4.5000E+01  3.6500E+01  2.0000E+00  0.0000E+00  1.0000E+00  1.0000E+00  1.0000E+00  2.0597E+01 -7.4396E+00  0.0000E+00  0.0000E+00  1.3522E+01  0.0000E+00  0.0000E+00
  4.5000E+01  4.8300E+01  0.0000E+00  2.0200E+01  0.0000E+00  0.0000E+00  1.0000E+00  1.9417E+01  2.8337E-01  7.7771E-01  2.0200E+01  1.2886E+01  7.3141E+00  8.9171E-01
  4.5000E+01  4.8500E+01  2.0000E+00  0.0000E+00  1.0000E+00  1.0000E+00  1.0000E+00  2.1567E+01 -7.7734E+00  0.0000E+00  0.0000E+00  1.4262E+01  0.0000E+00  0.0000E+00
  4.5000E+01  6.0500E+01  2.0000E+00  0.0000E+00  1.0000E+00  1.0000E+00  1.0000E+00  2.2481E+01 -8.0858E+00  0.0000E+00  0.0000E+00  1.4967E+01  0.0000E+00  0.0000E+00
  4.5000E+01  7.2500E+01  2.0000E+00  0.0000E+00  1.0000E+00  1.0000E+00  1.0000E+00  2.3342E+01 -8.3782E+00  0.0000E+00  0.0000E+00  1.5637E+01  0.0000E+00  0.0000E+00
  4.5000E+01  8.4500E+01  2.0000E+00  0.0000E+00  1.0000E+00  1.0000E+00  1.0000E+00  2.4153E+01 -8.6519E+00  0.0000E+00  0.0000E+00  1.6276E+01  0.0000E+00  0.0000E+00
  4.5000E+01  9.6500E+01  2.0000E+00  0.0000E+00  1.0000E+00  1.0000E+00  1.0000E+00  2.4916E+01 -8.9082E+00  0.0000E+00  0.0000E+00  1.6884E+01  0.0000E+00  0.0000E+00
  4.5000E+01  1.0650E+02  0.0000E+00  2.4500E+01  0.0000E+00  0.0000E+00  1.0000E+00  2.3702E+01  2.8615E-01  8.8930E-01  2.4500E+01  1.6208E+01  8.2924E+00  1.0232E+00
  4.6000E+01  0.0000E+00  0.0000E+00  0.0000E+00  1.0000E+00  0.0000E+00  1.0000E+00  0.0000E+00  0.0000E+00  0.0000E+00  0.0000E+00  0.0000E+00  0.0000E+00  0.0000E+00
  4.6000E+01  0.0000E+00  1.1000E+01  0.0000E+00  1.0000E+00  1.0000E+00  1.0000E+00  9.8799E+00 -3.6316E+00  0.0000E+00  0.0000E+00  7.6280E+00  0.0000E+00  0.0000E+00
  4.6000E+01  5.0000E-01  1.1000E+01  0.0000E+00  1.0000E+00  1.0000E+00  1.0000E+00  1.9734E+01 -7.1409E+00  0.0000E+00  0.0000E+00  1.5240E+01  0.0000E+00  0.0000E+00
  4.6000E+01  2.0000E+00  0.0000E+00  2.0100E+01  0.0000E+00  0.0000E+00  1.0000E+00  1.9578E+01  1.8897E-01  6.0738E-01  2.0100E+01  1.5147E+01  4.9528E+00  6.8076E-01
  4.7000E+01  0.0000E+00  0.0000E+00  0.0000E+00  1.0000E+00  0.0000E+00  1.0000E+00  0.0000E+00  0.0000E+00  0.0000E+00  0.0000E+00  0.0000E+00  0.0000E+00  0.0000E+00
  4.7000E+01  0.0000E+00  4.0000E+01  0.0000E+00  1.0000E+00  1.0000E+00  1.0000E+00  1.6673E+01 -6.0691E+00  0.0000E+00  0.0000E+00  2.7738E+01  0.0000E+00  0.0000E+00
  4.7000E+01  9.3000E+00  6.7000E+00  0.0000E+00  1.0000E+00  1.0000E+00  1.0000E+00  1.9074E+01 -6.9116E+00  0.0000E+00  0.0000E+00  3.1350E+01  0.0000E+00  0.0000E+00
  4.7000E+01  1.9300E+01  6.7000E+00  0.0000E+00  1.0000E+00  1.0000E+00  1.0000E+00  2.1386E+01 -7.7113E+00  0.0000E+00  0.0000E+00  3.4741E+01  0.0000E+00  0.0000E+00
  4.7000E+01  3.3300E+01  6.7000E+00  0.0000E+00  1.0000E+00  1.0000E+00  1.0000E+00  2.3428E+01 -8.4073E+00  0.0000E+00  0.0000E+00  3.7455E+01  0.0000E+00  0.0000E+00
  4.7000E+01  3.6300E+01  6.7000E+00  0.0000E+00  1.0000E+00  1.0000E+00  1.0000E+00  2.6042E+01 -9.2831E+00  0.0000E+00  0.0000E+00  4.1645E+01  0.0000E+00  0.0000E+00
  4.7000E+01  3.8300E+01  0.0000E+00  2.5100E+01  0.0000E+00  0.0000E+00  1.0000E+00  2.5909E+01 -2.8860E-01 -1.1752E+00  2.5100E+01  4.1306E+01 -1.6206E+01 -9.6398E-01
  4.8000E+01  0.0000E+00  0.0000E+00  0.0000E+00  1.0000E+00  0.0000E+00  1.0000E+00  0.0000E+00  0.0000E+00  0.0000E+00  0.0000E+00  0.0000E+00  0.0000E+00  0.0000E+00
  4.8000E+01  0.0000E+00  1.4000E+01  0.0000E+00  1.0000E+00  1.0000E+00  1.0000E+00  1.9289E+01 -6.9866E+00  0.0000E+00  0.0000E+00  9.7083E+00  0.0000E+00  0.0000E+00
  4.8000E+01  2.8000E+00  0.0000E+00  1.2900E+01  0.0000E+00  0.0000E+00  1.0000E+00  1.9135E+01 -2.2590E+00 -2.2355E+00  1.2900E+01  9.5979E+00  3.3021E+00 -2.0537E+00
  4.8000E+01  1.1300E+01  1.7000E+00  0.0000E+00  1.0000E+00  1.0000E+00  1.0000E+00  2.1015E+01 -7.5839E+00  0.0000E+00  0.0000E+00  1.0449E+01  0.0000E+00  0.0000E+00
  4.8000E+01  2.3300E+01  1.7000E+00  0.0000E+00  1.0000E+00  1.0000E+00  1.0000E+00  2.2645E+01 -8.1417E+00  0.0000E+00  0.0000E+00  1.1128E+01  0.0000E+00  0.0000E+00
  4.8000E+01  2.8800E+01  1.0000E+01  0.0000E+00  1.0000E+00  1.0000E+00  1.0000E+00  3.6068E+01 -1.2465E+01  0.0000E+00  0.0000E+00  1.7815E+01  0.0000E+00  0.0000E+00
  4.8000E+01  3.5300E+01  1.7000E+00  0.0000E+00  1.0000E+00  1.0000E+00  1.0000E+00  3.7743E+01 -1.2967E+01  0.0000E+00  0.0000E+00  1.8527E+01  0.0000E+00  0.0000E+00
  4.8000E+01  4.7500E+01  1.7000E+00  0.0000E+00  1.0000E+00  1.0000E+00  1.0000E+00  3.8785E+01 -1.3275E+01  0.0000E+00  0.0000E+00  1.8805E+01  0.0000E+00  0.0000E+00
  4.8000E+01  5.9300E+01  1.7000E+00  0.0000E+00  1.0000E+00  1.0000E+00  1.0000E+00  3.9834E+01 -1.3581E+01  0.0000E+00  0.0000E+00  1.9098E+01  0.0000E+00  0.0000E+00
  4.8000E+01  6.5800E+01  0.0000E+00  4.1100E+01  0.0000E+00  0.0000E+00  1.0000E+00  3.9097E+01  6.8483E-01  1.3219E+00  4.1100E+01  1.8598E+01  2.2502E+01  1.9752E+00
  4.8000E+01  7.1800E+01  1.7000E+00  0.0000E+00  1.0000E+00  1.0000E+00  1.0000E+00  4.0771E+01 -1.3851E+01  0.0000E+00  0.0000E+00  1.9326E+01  0.0000E+00  0.0000E+00
  4.8000E+01  8.4800E+01  0.0000E+00  4.0300E+01  0.0000E+00  0.0000E+00  1.0000E+00  3.9276E+01  3.4998E-01  1.1986E+00  4.0300E+01  1.8326E+01  2.1974E+01  1.8917E+00
  4.8000E+01  1.1230E+02  0.0000E+00  3.6800E+01  0.0000E+00  0.0000E+00  1.0000E+00  3.6291E+01  1.7577E-01  1.2937E+00  3.6800E+01  1.6378E+01  2.0422E+01  2.0055E+00
  4.8000E+01  1.3790E+02  0.0000E+00  3.5800E+01  0.0000E+00  0.0000E+00  1.0000E+00  3.3717E+01  7.2572E-01  2.0554E+00  3.5800E+01  1.4751E+01  2.1049E+01  2.8005E+00
  4.9000E+01  0.0000E+00  0.0000E+00  0.0000E+00  1.0000E+00  0.0000E+00  1.0000E+00  0.0000E+00  0.0000E+00  0.0000E+00  0.0000E+00  0.0000E+00  0.0000E+00  0.0000E+00
  4.9000E+01  0.0000E+00  2.6000E+01  0.0000E+00  1.0000E+00  1.0000E+00  1.0000E+00  1.7551E+01 -6.3785E+00  0.0000E+00  0.0000E+00  1.8030E+01  0.0000E+00  0.0000E+00
  4.9000E+01  2.0000E+00  0.0000E+00  1.8800E+01  0.0000E+00  0.0000E+00  1.0000E+00  1.7425E+01  4.9999E-01  4.2971E-01  1.8800E+01  1.7883E+01  9.1701E-01  4.3640E-01
  4.9000E+01  1.2000E+01  4.0000E+00  0.0000E+00  1.0000E+00  1.0000E+00  1.0000E+00  1.9508E+01 -7.0626E+00  0.0000E+00  0.0000E+00  1.9941E+01  0.0000E+00  0.0000E+00
  4.9000E+01  2.4000E+01  4.0000E+00  0.0000E+00  1.0000E+00  1.0000E+00  1.0000E+00  2.1382E+01 -7.7100E+00  0.0000E+00  0.0000E+00  2.1760E+01  0.0000E+00  0.0000E+00
  4.9000E+01  3.6000E+01  4.0000E+00  0.0000E+00  1.0000E+00  1.0000E+00  1.0000E+00  2.3177E+01 -8.3224E+00  0.0000E+00  0.0000E+00  2.3493E+01  0.0000E+00  0.0000E+00
  4.9000E+01  4.8000E+01  4.0000E+00  0.0000E+00  1.0000E+00  1.0000E+00  1.0000E+00  2.4897E+01 -8.9015E+00  0.0000E+00  0.0000E+00  2.5142E+01  0.0000E+00  0.0000E+00
  4.9000E+01  6.0500E+01  4.0000E+00  0.0000E+00  1.0000E+00  1.0000E+00  1.0000E+00  2.6500E+01 -9.4348E+00  0.0000E+00  0.0000E+00  2.6664E+01  0.0000E+00  0.0000E+00
  4.9000E+01  7.2000E+01  4.0000E+00  0.0000E+00  1.0000E+00  1.0000E+00  1.0000E+00  2.8124E+01 -9.9680E+00  0.0000E+00  0.0000E+00  2.8213E+01  0.0000E+00  0.0000E+00
  4.9000E+01  7.4000E+01  0.0000E+00  2.5100E+01  0.0000E+00  0.0000E+00  1.0000E+00  2.7922E+01 -1.0009E+00 -1.0237E+00  2.5100E+01  2.7984E+01 -2.8838E+00 -1.0183E+00
  4.9000E+01  8.4000E+01  4.0000E+00  0.0000E+00  1.0000E+00  1.0000E+00  1.0000E+00  2.9634E+01 -1.0457E+01  0.0000E+00  0.0000E+00  2.9637E+01  0.0000E+00  0.0000E+00
  4.9000E+01  9.6000E+01  4.0000E+00  0.0000E+00  1.0000E+00  1.0000E+00  1.0000E+00  3.1080E+01 -1.0919E+01  0.0000E+00  0.0000E+00  3.0992E+01  0.0000E+00  0.0000E+00
  4.9000E+01  1.0850E+02  4.0000E+00  0.0000E+00  1.0000E+00  1.0000E+00  1.0000E+00  3.2411E+01 -1.1339E+01  0.0000E+00  0.0000E+00  3.2223E+01  0.0000E+00  0.0000E+00
  4.9000E+01  1.2000E+02  4.0000E+00  0.0000E+00  1.0000E+00  1.0000E+00  1.0000E+00  3.3795E+01 -1.1770E+01  0.0000E+00  0.0000E+00  3.3517E+01  0.0000E+00  0.0000E+00
  4.9000E+01  1.3200E+02  4.0000E+00  0.0000E+00  1.0000E+00  1.0000E+00  1.0000E+00  3.5065E+01 -1.2161E+01  0.0000E+00  0.0000E+00  3.4687E+01  0.0000E+00  0.0000E+00
  4.9000E+01  1.4400E+02  4.0000E+00  0.0000E+00  1.0000E+00  1.0000E+00  1.0000E+00  3.6281E+01 -1.2530E+01  0.0000E+00  0.0000E+00  3.5801E+01  0.0000E+00  0.0000E+00
  4.9000E+01  1.5000E+02  0.0000E+00  3.7200E+01  0.0000E+00  0.0000E+00  1.0000E+00  3.5505E+01  5.8692E-01  6.4565E-01  3.7200E+01  3.4934E+01  2.2664E+00  6.4833E-01
  5.0000E+01  0.0000E+00  0.0000E+00  0.0000E+00  1.0000E+00  0.0000E+00  1.0000E+00  0.0000E+00  0.0000E+00  0.0000E+00  0.0000E+00  0.0000E+00  0.0000E+00  0.0000E+00
  5.0000E+01  0.0000E+00  2.0000E+01  0.0000E+00  1.0000E+00  1.0000E+00  1.0000E+00  2.4372E+01 -8.7257E+00  0.0000E+00  0.0000E+00  1.3869E+01  0.0000E+00  0.0000E+00
  5.0000E+01  3.0000E+00  0.0000E+00  2.2200E+01  0.0000E+00  0.0000E+00  1.0000E+00  2.3896E+01 -6.0777E-01 -2.0080E-01  2.2200E+01  1.3700E+01  8.5000E+00 -9.7483E-03
  5.0000E+01  1.2500E+01  2.5000E+00  0.0000E+00  1.0000E+00  1.0000E+00  1.0000E+00  2.5493E+01 -9.1006E+00  0.0000E+00  0.0000E+00  1.4912E+01  0.0000E+00  0.0000E+00
  5.0000E+01  2.4500E+01  2.5000E+00  0.0000E+00  1.0000E+00  1.0000E+00  1.0000E+00  2.6602E+01 -9.4685E+00  0.0000E+00  0.0000E+00  1.5932E+01  0.0000E+00  0.0000E+00
  5.0000E+01  3.6500E+01  2.5000E+00  0.0000E+00  1.0000E+00  1.0000E+00  1.0000E+00  2.7627E+01 -9.8056E+00  0.0000E+00  0.0000E+00  1.6903E+01  0.0000E+00  0.0000E+00
  5.0000E+01  4.8000E+01  2.5000E+00  0.0000E+00  1.0000E+00  1.0000E+00  1.0000E+00  2.8659E+01 -1.0142E+01  0.0000E+00  0.0000E+00  1.7861E+01  0.0000E+00  0.0000E+00
  5.0000E+01  6.0500E+01  2.5000E+00  0.0000E+00  1.0000E+00  1.0000E+00  1.0000E+00  2.9440E+01 -1.0395E+01  0.0000E+00  0.0000E+00  1.8705E+01  0.0000E+00  0.0000E+00
  5.0000E+01  7.2500E+01  2.5000E+00  0.0000E+00  1.0000E+00  1.0000E+00  1.0000E+00  3.0250E+01 -1.0654E+01  0.0000E+00  0.0000E+00  1.9543E+01  0.0000E+00  0.0000E+00
  5.0000E+01  8.1000E+01  0.0000E+00  3.0500E+01  0.0000E+00  0.0000E+00  1.0000E+00  2.8603E+01  6.7150E-01  9.4972E-01  3.0500E+01  1.8876E+01  1.1624E+01  9.9207E-01
  5.0000E+01  8.4500E+01  2.5000E+00  0.0000E+00  1.0000E+00  1.0000E+00  1.0000E+00  3.0998E+01 -1.0893E+01  0.0000E+00  0.0000E+00  2.0342E+01  0.0000E+00  0.0000E+00
  5.0000E+01  8.8000E+01  3.0000E+01  0.0000E+00  1.0000E+00  1.0000E+00  1.0000E+00  6.6850E+01 -2.0222E+01  0.0000E+00  0.0000E+00  4.0856E+01  0.0000E+00  0.0000E+00
  5.0000E+01  8.9000E+01  0.0000E+00  6.7900E+01  0.0000E+00  0.0000E+00  1.0000E+00  6.6411E+01  4.5140E-01  1.3538E+00  6.7900E+01  4.0690E+01  2.7210E+01  1.7403E+00
  5.0000E+01  9.6500E+01  2.5000E+00  0.0000E+00  1.0000E+00  1.0000E+00  1.0000E+00  6.6257E+01 -2.0101E+01  0.0000E+00  0.0000E+00  4.1195E+01  0.0000E+00  0.0000E+00
  5.0000E+01  1.0850E+02  2.5000E+00  0.0000E+00  1.0000E+00  1.0000E+00  1.0000E+00  6.4268E+01 -1.9688E+01  0.0000E+00  0.0000E+00  4.0957E+01  0.0000E+00  0.0000E+00
  5.0000E+01  1.2050E+02  3.5000E+00  0.0000E+00  1.0000E+00  1.0000E+00  1.0000E+00  6.3650E+01 -1.9558E+01  0.0000E+00  0.0000E+00  4.1424E+01  0.0000E+00  0.0000E+00
  5.0000E+01  1.3250E+02  3.5000E+00  0.0000E+00  1.0000E+00  1.0000E+00  1.0000E+00  6.3078E+01 -1.9436E+01  0.0000E+00  0.0000E+00  4.1869E+01  0.0000E+00  0.0000E+00
  5.0000E+01  1.4450E+02  3.5000E+00  0.0000E+00  1.0000E+00  1.0000E+00  1.0000E+00  6.2550E+01 -1.9322E+01  0.0000E+00  0.0000E+00  4.2292E+01  0.0000E+00  0.0000E+00
  5.0000E+01  1.5700E+02  3.5000E+00  0.0000E+00  1.0000E+00  1.0000E+00  1.0000E+00  6.1872E+01 -1.9175E+01  0.0000E+00  0.0000E+00  4.2613E+01  0.0000E+00  0.0000E+00
  5.0000E+01  1.6200E+02  0.0000E+00  5.8700E+01  0.0000E+00  0.0000E+00  1.0000E+00  5.9868E+01 -3.6538E-01  5.5720E-02  5.8700E+01  4.1751E+01  1.6949E+01  1.3452E-02
  5.1000E+01  0.0000E+00  0.0000E+00  0.0000E+00  1.0000E+00  0.0000E+00  1.0000E+00  0.0000E+00  0.0000E+00  0.0000E+00  0.0000E+00  0.0000E+00  0.0000E+00  0.0000E+00
  5.1000E+01  0.0000E+00  1.8000E+01  0.0000E+00  1.0000E+00  1.0000E+00  1.0000E+00  1.6336E+01 -5.9502E+00  0.0000E+00  0.0000E+00  1.2482E+01  0.0000E+00  0.0000E+00
  5.1000E+01  3.0000E+00  0.0000E+00  1.2700E+01  0.0000E+00  0.0000E+00  1.0000E+00  1.6134E+01 -1.2514E+00 -1.0952E+00  1.2700E+01  1.2330E+01  3.6996E-01 -1.0835E+00
  5.1000E+01  1.1500E+01  2.5000E+00  0.0000E+00  1.0000E+00  1.0000E+00  1.0000E+00  1.7845E+01 -6.4820E+00  0.0000E+00  0.0000E+00  1.3643E+01  0.0000E+00  0.0000E+00
  5.1000E+01  1.2500E+01  9.0000E+00  0.0000E+00  1.0000E+00  1.0000E+00  1.0000E+00  2.5940E+01 -9.2492E+00  0.0000E+00  0.0000E+00  1.9828E+01  0.0000E+00  0.0000E+00
  5.1000E+01  2.4500E+01  2.5000E+00  0.0000E+00  1.0000E+00  1.0000E+00  1.0000E+00  2.6951E+01 -9.5837E+00  0.0000E+00  0.0000E+00  2.0613E+01  0.0000E+00  0.0000E+00
  5.1000E+01  3.6500E+01  2.5000E+00  0.0000E+00  1.0000E+00  1.0000E+00  1.0000E+00  2.7914E+01 -9.8993E+00  0.0000E+00  0.0000E+00  2.1360E+01  0.0000E+00  0.0000E+00
  5.1000E+01  4.9000E+01  2.5000E+00  0.0000E+00  1.0000E+00  1.0000E+00  1.0000E+00  2.8775E+01 -1.0179E+01  0.0000E+00  0.0000E+00  2.2030E+01  0.0000E+00  0.0000E+00
  5.1000E+01  6.0000E+01  0.0000E+00  3.1300E+01  0.0000E+00  0.0000E+00  1.0000E+00  2.7494E+01  1.3514E+00  1.7075E+00  3.1300E+01  2.1061E+01  1.0239E+01  1.7828E+00
  5.1000E+01  6.0500E+01  2.5000E+00  0.0000E+00  1.0000E+00  1.0000E+00  1.0000E+00  2.9706E+01 -1.0480E+01  0.0000E+00  0.0000E+00  2.2752E+01  0.0000E+00  0.0000E+00
  5.1000E+01  7.2500E+01  2.5000E+00  0.0000E+00  1.0000E+00  1.0000E+00  1.0000E+00  3.0535E+01 -1.0746E+01  0.0000E+00  0.0000E+00  2.3397E+01  0.0000E+00  0.0000E+00
  5.1000E+01  8.4500E+01  2.5000E+00  0.0000E+00  1.0000E+00  1.0000E+00  1.0000E+00  3.1324E+01 -1.0996E+01  0.0000E+00  0.0000E+00  2.4011E+01  0.0000E+00  0.0000E+00
  5.1000E+01  9.6500E+01  2.5000E+00  0.0000E+00  1.0000E+00  1.0000E+00  1.0000E+00  3.2074E+01 -1.1233E+01  0.0000E+00  0.0000E+00  2.4595E+01  0.0000E+00  0.0000E+00
  5.1000E+01  1.0850E+02  2.5000E+00  0.0000E+00  1.0000E+00  1.0000E+00  1.0000E+00  3.2789E+01 -1.1457E+01  0.0000E+00  0.0000E+00  2.5152E+01  0.0000E+00  0.0000E+00
  5.1000E+01  1.2050E+02  2.5000E+00  0.0000E+00  1.0000E+00  1.0000E+00  1.0000E+00  3.3468E+01 -1.1669E+01  0.0000E+00  0.0000E+00  2.5682E+01  0.0000E+00  0.0000E+00
  5.1000E+01  1.3200E+02  0.0000E+00  3.1100E+01  0.0000E+00  0.0000E+00  1.0000E+00  3.1912E+01 -2.8454E-01  2.2758E-01  3.1100E+01  2.4503E+01  6.5973E+00  3.0777E-01
  5.2000E+01  0.0000E+00  0.0000E+00  0.0000E+00  1.0000E+00  0.0000E+00  1.0000E+00  0.0000E+00  0.0000E+00  0.0000E+00  0.0000E+00  0.0000E+00  0.0000E+00  0.0000E+00
  5.2000E+01  0.0000E+00  9.5000E+00  0.0000E+00  1.0000E+00  1.0000E+00  1.0000E+00  1.5129E+01 -5.5218E+00  0.0000E+00  0.0000E+00  6.5878E+00  0.0000E+00  0.0000E+00
  5.2000E+01  2.0000E+00  0.0000E+00  1.4300E+01  0.0000E+00  0.0000E+00  1.0000E+00  1.4854E+01 -2.0237E-01  8.4781E-01  1.4300E+01  6.5342E+00  7.7658E+00  1.2264E+00
  5.2000E+01  4.0000E+00  9.5000E+00  0.0000E+00  1.0000E+00  1.0000E+00  1.0000E+00  2.9713E+01 -1.0482E+01  0.0000E+00  0.0000E+00  1.3069E+01  0.0000E+00  0.0000E+00
  5.2000E+01  1.2500E+01  9.0000E+00  0.0000E+00  1.0000E+00  1.0000E+00  1.0000E+00  4.1817E+01 -1.4150E+01  0.0000E+00  0.0000E+00  1.8864E+01  0.0000E+00  0.0000E+00
  5.2000E+01  3.5500E+01  2.5000E+00  0.0000E+00  1.0000E+00  1.0000E+00  1.0000E+00  3.7843E+01 -1.2997E+01  0.0000E+00  0.0000E+00  1.8905E+01  0.0000E+00  0.0000E+00
  5.2000E+01  3.7500E+01  2.5000E+00  0.0000E+00  1.0000E+00  1.0000E+00  1.0000E+00  4.1136E+01 -1.3956E+01  0.0000E+00  0.0000E+00  2.0485E+01  0.0000E+00  0.0000E+00
  5.2000E+01  5.9500E+01  2.5000E+00  0.0000E+00  1.0000E+00  1.0000E+00  1.0000E+00  3.7599E+01 -1.2924E+01  0.0000E+00  0.0000E+00  2.0457E+01  0.0000E+00  0.0000E+00
  5.2000E+01  7.1500E+01  2.5000E+00  0.0000E+00  1.0000E+00  1.0000E+00  1.0000E+00  3.7660E+01 -1.2943E+01  0.0000E+00  0.0000E+00  2.1212E+01  0.0000E+00  0.0000E+00
  5.2000E+01  8.3000E+01  0.0000E+00  3.8100E+01  0.0000E+00  0.0000E+00  1.0000E+00  3.3889E+01  1.4661E+00  2.2628E+00  3.8100E+01  2.0238E+01  1.7862E+01  2.8483E+00
  5.2000E+01  8.3500E+01  2.5000E+00  0.0000E+00  1.0000E+00  1.0000E+00  1.0000E+00  3.7716E+01 -1.2959E+01  0.0000E+00  0.0000E+00  2.1930E+01  0.0000E+00  0.0000E+00
  5.2000E+01  9.5500E+01  2.5000E+00  0.0000E+00  1.0000E+00  1.0000E+00  1.0000E+00  3.7765E+01 -1.2974E+01  0.0000E+00  0.0000E+00  2.2614E+01  0.0000E+00  0.0000E+00
  5.2000E+01  1.0750E+02  2.5000E+00  0.0000E+00  1.0000E+00  1.0000E+00  1.0000E+00  3.7809E+01 -1.2987E+01  0.0000E+00  0.0000E+00  2.3266E+01  0.0000E+00  0.0000E+00
  5.2000E+01  1.1950E+02  2.5000E+00  0.0000E+00  1.0000E+00  1.0000E+00  1.0000E+00  3.7849E+01 -1.2999E+01  0.0000E+00  0.0000E+00  2.3886E+01  0.0000E+00  0.0000E+00
  5.2000E+01  1.3150E+02  2.5000E+00  0.0000E+00  1.0000E+00  1.0000E+00  1.0000E+00  3.7884E+01 -1.3009E+01  0.0000E+00  0.0000E+00  2.4476E+01  0.0000E+00  0.0000E+00
  5.2000E+01  1.4350E+02  2.5000E+00  0.0000E+00  1.0000E+00  1.0000E+00  1.0000E+00  3.7916E+01 -1.3018E+01  0.0000E+00  0.0000E+00  2.5038E+01  0.0000E+00  0.0000E+00
  5.2000E+01  1.5500E+02  0.0000E+00  3.1200E+01  0.0000E+00  0.0000E+00  1.0000E+00  3.4119E+01 -1.0156E+00 -9.0969E-01  3.1200E+01  2.3889E+01  7.3110E+00 -6.6405E-01
  5.3000E+01  0.0000E+00  0.0000E+00  0.0000E+00  1.0000E+00  0.0000E+00  1.0000E+00  0.0000E+00  0.0000E+00  0.0000E+00  0.0000E+00  0.0000E+00  0.0000E+00  0.0000E+00
  5.3000E+01  0.0000E+00  1.7000E+01  0.0000E+00  1.0000E+00  1.0000E+00  1.0000E+00  1.1073E+01 -4.0647E+00  0.0000E+00  0.0000E+00  1.1789E+01  0.0000E+00  0.0000E+00
  5.3000E+01  4.0000E+00  1.7000E+01  0.0000E+00  1.0000E+00  1.0000E+00  1.0000E+00  2.2003E+01 -7.9227E+00  0.0000E+00  0.0000E+00  2.3386E+01  0.0000E+00  0.0000E+00
  5.3000E+01  6.0000E+00  0.0000E+00  1.9100E+01  0.0000E+00  0.0000E+00  1.0000E+00  2.1860E+01 -9.9425E-01 -1.1029E+00  1.9100E+01  2.3196E+01 -4.0959E+00 -1.0582E+00
  5.3000E+01  2.3800E+01  4.0000E+00  0.0000E+00  1.0000E+00  1.0000E+00  1.0000E+00  2.3235E+01 -8.3419E+00  0.0000E+00  0.0000E+00  2.4342E+01  0.0000E+00  0.0000E+00
  5.3000E+01  2.7000E+01  7.5000E+00  0.0000E+00  1.0000E+00  1.0000E+00  1.0000E+00  2.7879E+01 -9.8880E+00  0.0000E+00  0.0000E+00  2.9227E+01  0.0000E+00  0.0000E+00
  5.3000E+01  2.8000E+01  4.0000E+00  0.0000E+00  1.0000E+00  1.0000E+00  1.0000E+00  3.0394E+01 -1.0701E+01  0.0000E+00  0.0000E+00  3.1881E+01  0.0000E+00  0.0000E+00
  5.3000E+01  3.9500E+01  4.0000E+00  0.0000E+00  1.0000E+00  1.0000E+00  1.0000E+00  3.1883E+01 -1.1173E+01  0.0000E+00  0.0000E+00  3.3192E+01  0.0000E+00  0.0000E+00
  5.3000E+01  4.7000E+01  0.0000E+00  3.3300E+01  0.0000E+00  0.0000E+00  1.0000E+00  3.1114E+01  7.6798E-01  7.2065E-01  3.3300E+01  3.2190E+01  1.1103E+00  7.2353E-01
  5.4000E+01  0.0000E+00  0.0000E+00  0.0000E+00  1.0000E+00  0.0000E+00  1.0000E+00  0.0000E+00  0.0000E+00  0.0000E+00  0.0000E+00  0.0000E+00  0.0000E+00  0.0000E+00
  5.4000E+01  0.0000E+00  1.8000E+01  0.0000E+00  1.0000E+00  1.0000E+00  1.0000E+00  1.2885E+01 -4.7186E+00  0.0000E+00  0.0000E+00  1.2482E+01  0.0000E+00  0.0000E+00
  5.4000E+01  3.7000E+00  1.8000E+01  0.0000E+00  1.0000E+00  1.0000E+00  1.0000E+00  2.5576E+01 -9.1284E+00  0.0000E+00  0.0000E+00  2.4777E+01  0.0000E+00  0.0000E+00
  5.4000E+01  9.7000E+00  0.0000E+00  2.5500E+01  0.0000E+00  0.0000E+00  1.0000E+00  2.4958E+01  1.9390E-01  2.0764E-01  2.5500E+01  2.4177E+01  1.3232E+00  2.0824E-01
  5.4000E+01  1.5700E+01  4.4000E+00  0.0000E+00  1.0000E+00  1.0000E+00  1.0000E+00  2.7503E+01 -9.7650E+00  0.0000E+00  0.0000E+00  2.6642E+01  0.0000E+00  0.0000E+00
  5.4000E+01  2.7700E+01  4.4000E+00  0.0000E+00  1.0000E+00  1.0000E+00  1.0000E+00  2.9338E+01 -1.0362E+01  0.0000E+00  0.0000E+00  2.8419E+01  0.0000E+00  0.0000E+00
  5.4000E+01  2.9700E+01  0.0000E+00  2.9400E+01  0.0000E+00  0.0000E+00  1.0000E+00  2.9100E+01  1.0608E-01  1.2779E-01  2.9400E+01  2.8187E+01  1.2128E+00  1.2848E-01
  5.4000E+01  3.9700E+01  4.4000E+00  0.0000E+00  1.0000E+00  1.0000E+00  1.0000E+00  3.1086E+01 -1.0921E+01  0.0000E+00  0.0000E+00  3.0110E+01  0.0000E+00  0.0000E+00
  5.4000E+01  5.1700E+01  4.4000E+00  0.0000E+00  1.0000E+00  1.0000E+00  1.0000E+00  3.2749E+01 -1.1445E+01  0.0000E+00  0.0000E+00  3.1720E+01  0.0000E+00  0.0000E+00
  5.4000E+01  6.3200E+01  0.0000E+00  2.9500E+01  0.0000E+00  0.0000E+00  1.0000E+00  3.1248E+01 -6.1366E-01 -5.8047E-01  2.9500E+01  3.0264E+01 -7.6359E-01 -5.8124E-01
  5.4000E+01  6.3700E+01  4.4000E+00  0.0000E+00  1.0000E+00  1.0000E+00  1.0000E+00  3.4334E+01 -1.1936E+01  0.0000E+00  0.0000E+00  3.3253E+01  0.0000E+00  0.0000E+00
  5.4000E+01  7.5700E+01  4.4000E+00  0.0000E+00  1.0000E+00  1.0000E+00  1.0000E+00  3.5842E+01 -1.2397E+01  0.0000E+00  0.0000E+00  3.4713E+01  0.0000E+00  0.0000E+00
  5.4000E+01  8.7700E+01  4.4000E+00  0.0000E+00  1.0000E+00  1.0000E+00  1.0000E+00  3.7278E+01 -1.2829E+01  0.0000E+00  0.0000E+00  3.6103E+01  0.0000E+00  0.0000E+00
  5.4000E+01  9.9700E+01  4.4000E+00  0.0000E+00  1.0000E+00  1.0000E+00  1.0000E+00  3.8646E+01 -1.3234E+01  0.0000E+00  0.0000E+00  3.7426E+01  0.0000E+00  0.0000E+00
  5.4000E+01  1.1130E+02  0.0000E+00  3.7900E+01  0.0000E+00  0.0000E+00  1.0000E+00  3.6859E+01  3.5882E-01  4.1002E-01  3.7900E+01  3.5693E+01  2.2068E+00  4.1231E-01
  5.5000E+01  0.0000E+00  0.0000E+00  0.0000E+00  1.0000E+00  0.0000E+00  1.0000E+00  0.0000E+00  0.0000E+00  0.0000E+00  0.0000E+00  0.0000E+00  0.0000E+00  0.0000E+00
  5.5000E+01  0.0000E+00  2.5000E+01  0.0000E+00  1.0000E+00  1.0000E+00  1.0000E+00  1.5029E+01 -5.4860E+00  0.0000E+00  0.0000E+00  1.7336E+01  0.0000E+00  0.0000E+00
  5.5000E+01  1.2000E+01  3.0000E+00  0.0000E+00  1.0000E+00  1.0000E+00  1.0000E+00  1.6185E+01 -5.8967E+00  0.0000E+00  0.0000E+00  1.8587E+01  0.0000E+00  0.0000E+00
  5.5000E+01  2.4000E+01  3.0000E+00  0.0000E+00  1.0000E+00  1.0000E+00  1.0000E+00  1.7292E+01 -6.2874E+00  0.0000E+00  0.0000E+00  1.9778E+01  0.0000E+00  0.0000E+00
  5.5000E+01  3.6000E+01  3.0000E+00  0.0000E+00  1.0000E+00  1.0000E+00  1.0000E+00  1.8351E+01 -6.6590E+00  0.0000E+00  0.0000E+00  2.0912E+01  0.0000E+00  0.0000E+00
  5.5000E+01  4.8000E+01  3.0000E+00  0.0000E+00  1.0000E+00  1.0000E+00  1.0000E+00  1.9364E+01 -7.0125E+00  0.0000E+00  0.0000E+00  2.1991E+01  0.0000E+00  0.0000E+00
  5.5000E+01  6.0000E+01  3.0000E+00  0.0000E+00  1.0000E+00  1.0000E+00  1.0000E+00  2.0334E+01 -7.3487E+00  0.0000E+00  0.0000E+00  2.3019E+01  0.0000E+00  0.0000E+00
  5.5000E+01  7.2000E+01  3.0000E+00  0.0000E+00  1.0000E+00  1.0000E+00  1.0000E+00  2.1262E+01 -7.6685E+00  0.0000E+00  0.0000E+00  2.3998E+01  0.0000E+00  0.0000E+00
  5.5000E+01  7.4000E+01  0.0000E+00  2.0800E+01  0.0000E+00  0.0000E+00  1.0000E+00  2.1106E+01 -1.1045E-01 -3.4621E-01  2.0800E+01  2.3802E+01 -3.0025E+00 -3.3074E-01
  5.6000E+01  0.0000E+00  0.0000E+00  0.0000E+00  1.0000E+00  0.0000E+00  1.0000E+00  0.0000E+00  0.0000E+00  0.0000E+00  0.0000E+00  0.0000E+00  0.0000E+00  0.0000E+00
  5.6000E+01  0.0000E+00  1.2000E+01  0.0000E+00  1.0000E+00  1.0000E+00  1.0000E+00  1.7283E+01 -6.2842E+00  0.0000E+00  0.0000E+00  8.3214E+00  0.0000E+00  0.0000E+00
  5.6000E+01  1.2700E+01  1.5000E+00  0.0000E+00  1.0000E+00  1.0000E+00  1.0000E+00  1.7862E+01 -6.4877E+00  0.0000E+00  0.0000E+00  8.9407E+00  0.0000E+00  0.0000E+00
  5.6000E+01  2.0000E+01  0.0000E+00  1.8800E+01  0.0000E+00  0.0000E+00  1.0000E+00  1.6903E+01  6.9030E-01  1.7903E+00  1.8800E+01  8.6779E+00  1.0122E+01  2.2417E+00
  5.7000E+01  0.0000E+00  0.0000E+00  0.0000E+00  1.0000E+00  0.0000E+00  1.0000E+00  0.0000E+00  0.0000E+00  0.0000E+00  0.0000E+00  0.0000E+00  0.0000E+00  0.0000E+00
  5.7000E+01  0.0000E+00  2.0000E+01  0.0000E+00  1.0000E+00  1.0000E+00  1.0000E+00  9.6826E+00 -3.5598E+00  0.0000E+00  0.0000E+00  1.3869E+01  0.0000E+00  0.0000E+00
  5.7000E+01  5.0000E-01  2.0000E+01  0.0000E+00  1.0000E+00  1.0000E+00  1.0000E+00  1.9346E+01 -7.0061E+00  0.0000E+00  0.0000E+00  2.7710E+01  0.0000E+00  0.0000E+00
  5.7000E+01  1.7000E+00  0.0000E+00  2.0200E+01  0.0000E+00  0.0000E+00  1.0000E+00  1.9252E+01  3.4346E-01  1.1593E-02  2.0200E+01  2.7574E+01 -7.3742E+00  3.5324E-02
  5.7000E+01  1.2200E+01  5.0000E+00  0.0000E+00  1.0000E+00  1.0000E+00  1.0000E+00  2.0871E+01 -7.5343E+00  0.0000E+00  0.0000E+00  2.9883E+01  0.0000E+00  0.0000E+00
  5.7000E+01  2.4700E+01  5.0000E+00  0.0000E+00  1.0000E+00  1.0000E+00  1.0000E+00  2.2262E+01 -8.0111E+00  0.0000E+00  0.0000E+00  3.1862E+01  0.0000E+00  0.0000E+00
  5.7000E+01  3.7200E+01  5.0000E+00  0.0000E+00  1.0000E+00  1.0000E+00  1.0000E+00  2.3584E+01 -8.4602E+00  0.0000E+00  0.0000E+00  3.3743E+01  0.0000E+00  0.0000E+00
  5.7000E+01  4.7800E+01  5.0000E+00  0.0000E+00  1.0000E+00  1.0000E+00  1.0000E+00  2.5015E+01 -8.9410E+00  0.0000E+00  0.0000E+00  3.5780E+01  0.0000E+00  0.0000E+00
  5.7000E+01  6.0200E+01  5.0000E+00  0.0000E+00  1.0000E+00  1.0000E+00  1.0000E+00  2.6211E+01 -9.3390E+00  0.0000E+00  0.0000E+00  3.7479E+01  0.0000E+00  0.0000E+00
  5.7000E+01  7.2200E+01  6.0000E+00  0.0000E+00  1.0000E+00  1.0000E+00  1.0000E+00  2.7873E+01 -9.8858E+00  0.0000E+00  0.0000E+00  3.9846E+01  0.0000E+00  0.0000E+00
  5.7000E+01  8.4200E+01  6.0000E+00  0.0000E+00  1.0000E+00  1.0000E+00  1.0000E+00  2.9456E+01 -1.0400E+01  0.0000E+00  0.0000E+00  4.2100E+01  0.0000E+00  0.0000E+00
  5.7000E+01  9.6200E+01  6.0000E+00  0.0000E+00  1.0000E+00  1.0000E+00  1.0000E+00  3.0964E+01 -1.0882E+01  0.0000E+00  0.0000E+00  4.4246E+01  0.0000E+00  0.0000E+00
  5.7000E+01  1.0900E+02  0.0000E+00  2.7800E+01  0.0000E+00  0.0000E+00  1.0000E+00  2.9401E+01 -5.6518E-01 -1.3045E+00  2.7800E+01  4.1991E+01 -1.4191E+01 -1.1247E+00
  5.8000E+01  0.0000E+00  0.0000E+00  0.0000E+00  1.0000E+00  0.0000E+00  1.0000E+00  0.0000E+00  0.0000E+00  0.0000E+00  0.0000E+00  0.0000E+00  0.0000E+00  0.0000E+00
  5.8000E+01  0.0000E+00  1.4000E+01  0.0000E+00  1.0000E+00  1.0000E+00  1.0000E+00  1.2002E+01 -4.4004E+00  0.0000E+00  0.0000E+00  9.7083E+00  0.0000E+00  0.0000E+00
  5.8000E+01  5.0000E-01  1.4000E+01  0.0000E+00  1.0000E+00  1.0000E+00  1.0000E+00  2.3968E+01 -8.5898E+00  0.0000E+00  0.0000E+00  1.9397E+01  0.0000E+00  0.0000E+00
  5.8000E+01  8.5000E+00  0.0000E+00  2.2400E+01  0.0000E+00  0.0000E+00  1.0000E+00  2.2878E+01 -1.7187E-01  1.5082E-01  2.2400E+01  1.8773E+01  3.6271E+00  2.4554E-01
  5.8000E+01  1.2000E+01  3.5000E+00  0.0000E+00  1.0000E+00  1.0000E+00  1.0000E+00  2.5418E+01 -9.0755E+00  0.0000E+00  0.0000E+00  2.0933E+01  0.0000E+00  0.0000E+00
  5.8000E+01  2.4300E+01  3.5000E+00  0.0000E+00  1.0000E+00  1.0000E+00  1.0000E+00  2.6662E+01 -9.4884E+00  0.0000E+00  0.0000E+00  2.2334E+01  0.0000E+00  0.0000E+00
  5.8000E+01  3.5800E+01  3.5000E+00  0.0000E+00  1.0000E+00  1.0000E+00  1.0000E+00  2.7937E+01 -9.9069E+00  0.0000E+00  0.0000E+00  2.3736E+01  0.0000E+00  0.0000E+00
  5.8000E+01  4.7500E+01  0.0000E+00  2.7900E+01  0.0000E+00  0.0000E+00  1.0000E+00  2.6099E+01  6.4207E-01  8.3751E-01  2.7900E+01  2.2628E+01  5.2723E+00  8.9465E-01
  5.8000E+01  4.8000E+01  3.5000E+00  0.0000E+00  1.0000E+00  1.0000E+00  1.0000E+00  2.9023E+01 -1.0260E+01  0.0000E+00  0.0000E+00  2.5009E+01  0.0000E+00  0.0000E+00
  5.8000E+01  5.9500E+01  3.5000E+00  0.0000E+00  1.0000E+00  1.0000E+00  1.0000E+00  3.0145E+01 -1.0621E+01  0.0000E+00  0.0000E+00  2.6288E+01  0.0000E+00  0.0000E+00
  5.8000E+01  7.2000E+01  3.5000E+00  0.0000E+00  1.0000E+00  1.0000E+00  1.0000E+00  3.1031E+01 -1.0903E+01  0.0000E+00  0.0000E+00  2.7405E+01  0.0000E+00  0.0000E+00
  5.8000E+01  8.4000E+01  3.5000E+00  0.0000E+00  1.0000E+00  1.0000E+00  1.0000E+00  3.1938E+01 -1.1191E+01  0.0000E+00  0.0000E+00  2.8521E+01  0.0000E+00  0.0000E+00
  5.8000E+01  9.6300E+01  3.5000E+00  0.0000E+00  1.0000E+00  1.0000E+00  1.0000E+00  3.2733E+01 -1.1440E+01  0.0000E+00  0.0000E+00  2.9550E+01  0.0000E+00  0.0000E+00
  5.8000E+01  1.0700E+02  3.5000E+00  0.0000E+00  1.0000E+00  1.0000E+00  1.0000E+00  3.3758E+01 -1.1759E+01  0.0000E+00  0.0000E+00  3.0713E+01  0.0000E+00  0.0000E+00
  5.8000E+01  1.2030E+02  3.5000E+00  0.0000E+00  1.0000E+00  1.0000E+00  1.0000E+00  3.4244E+01 -1.1909E+01  0.0000E+00  0.0000E+00  3.1515E+01  0.0000E+00  0.0000E+00
  5.8000E+01  1.3180E+02  0.0000E+00  3.1000E+01  0.0000E+00  0.0000E+00  1.0000E+00  3.2028E+01 -3.6000E-01 -4.1519E-01  3.1000E+01  3.0068E+01  9.3196E-01 -4.4040E-01
  5.9000E+01  0.0000E+00  0.0000E+00  0.0000E+00  1.0000E+00  0.0000E+00  1.0000E+00  0.0000E+00  0.0000E+00  0.0000E+00  0.0000E+00  0.0000E+00  0.0000E+00  0.0000E+00
  5.9000E+01  0.0000E+00  2.2800E+01  0.0000E+00  1.0000E+00  1.0000E+00  1.0000E+00  2.3552E+01 -8.4491E+00  0.0000E+00  0.0000E+00  1.5811E+01  0.0000E+00  0.0000E+00
  5.9000E+01  1.8000E+00  0.0000E+00  2.2600E+01  0.0000E+00  0.0000E+00  1.0000E+00  2.3361E+01 -2.7324E-01  3.3227E-02  2.2600E+01  1.5695E+01  6.9052E+00  8.8464E-02
  5.9000E+01  1.2500E+01  3.0000E+00  0.0000E+00  1.0000E+00  1.0000E+00  1.0000E+00  2.5359E+01 -9.0561E+00  0.0000E+00  0.0000E+00  1.7104E+01  0.0000E+00  0.0000E+00
  5.9000E+01  2.4300E+01  3.0000E+00  0.0000E+00  1.0000E+00  1.0000E+00  1.0000E+00  2.7144E+01 -9.6469E+00  0.0000E+00  0.0000E+00  1.8379E+01  0.0000E+00  0.0000E+00
  5.9000E+01  3.6300E+01  3.0000E+00  0.0000E+00  1.0000E+00  1.0000E+00  1.0000E+00  2.8812E+01 -1.0192E+01  0.0000E+00  0.0000E+00  1.9580E+01  0.0000E+00  0.0000E+00
  5.9000E+01  4.8800E+01  3.0000E+00  0.0000E+00  1.0000E+00  1.0000E+00  1.0000E+00  3.0332E+01 -1.0681E+01  0.0000E+00  0.0000E+00  2.0685E+01  0.0000E+00  0.0000E+00
  5.9000E+01  6.0300E+01  3.0000E+00  0.0000E+00  1.0000E+00  1.0000E+00  1.0000E+00  3.1897E+01 -1.1178E+01  0.0000E+00  0.0000E+00  2.1816E+01  0.0000E+00  0.0000E+00
  5.9000E+01  7.2300E+01  3.0000E+00  0.0000E+00  1.0000E+00  1.0000E+00  1.0000E+00  3.3315E+01 -1.1621E+01  0.0000E+00  0.0000E+00  2.2852E+01  0.0000E+00  0.0000E+00
  5.9000E+01  7.3800E+01  0.0000E+00  3.4300E+01  0.0000E+00  0.0000E+00  1.0000E+00  3.3091E+01  4.2217E-01  9.4253E-01  3.4300E+01  2.2712E+01  1.1588E+01  1.0606E+00
  5.9000E+01  8.4300E+01  3.0000E+00  0.0000E+00  1.0000E+00  1.0000E+00  1.0000E+00  3.4659E+01 -1.2036E+01  0.0000E+00  0.0000E+00  2.3839E+01  0.0000E+00  0.0000E+00
  5.9000E+01  9.6000E+01  3.0000E+00  0.0000E+00  1.0000E+00  1.0000E+00  1.0000E+00  3.5976E+01 -1.2437E+01  0.0000E+00  0.0000E+00  2.4806E+01  0.0000E+00  0.0000E+00
  5.9000E+01  1.0830E+02  3.0000E+00  0.0000E+00  1.0000E+00  1.0000E+00  1.0000E+00  3.7133E+01 -1.2785E+01  0.0000E+00  0.0000E+00  2.5670E+01  0.0000E+00  0.0000E+00
  5.9000E+01  1.2050E+02  3.0000E+00  0.0000E+00  1.0000E+00  1.0000E+00  1.0000E+00  3.8244E+01 -1.3115E+01  0.0000E+00  0.0000E+00  2.6502E+01  0.0000E+00  0.0000E+00
  5.9000E+01  1.3230E+02  3.0000E+00  0.0000E+00  1.0000E+00  1.0000E+00  1.0000E+00  3.9360E+01 -1.3443E+01  0.0000E+00  0.0000E+00  2.7335E+01  0.0000E+00  0.0000E+00
  5.9000E+01  1.4480E+02  3.0000E+00  0.0000E+00  1.0000E+00  1.0000E+00  1.0000E+00  4.0301E+01 -1.3716E+01  0.0000E+00  0.0000E+00  2.8054E+01  0.0000E+00  0.0000E+00
  5.9000E+01  1.4680E+02  0.0000E+00  4.0200E+01  0.0000E+00  0.0000E+00  1.0000E+00  3.9939E+01  8.8958E-02  7.8638E-01  4.0200E+01  2.7825E+01  1.2375E+01  9.4520E-01
