TABLE NO.  1
 ID          TIME        AMT         DV          MDV         EVID        CMT         IPRE        IWRE        CWRES       DV          PRED        RES         WRES
  1.0000E+00  0.0000E+00  0.0000E+00  0.0000E+00  1.0000E+00  0.0000E+00  1.0000E+00  0.0000E+00  0.0000E+00  0.0000E+00  0.0000E+00  0.0000E+00  0.0000E+00  0.0000E+00
  1.0000E+00  0.0000E+00  2.5000E+01  0.0000E+00  1.0000E+00  1.0000E+00  1.0000E+00  1.8322E+01 -7.9118E+00  0.0000E+00  0.0000E+00  1.7756E+01  0.0000E+00  0.0000E+00
  1.0000E+00  2.0000E+00  0.0000E+00  1.7300E+01  0.0000E+00  0.0000E+00  1.0000E+00  1.8154E+01 -3.7024E-01 -3.4990E-01  1.7300E+01  1.7591E+01 -2.9117E-01 -3.5337E-01
  1.0000E+00  1.2500E+01  3.5000E+00  0.0000E+00  1.0000E+00  1.0000E+00  1.0000E+00  1.9863E+01 -8.2589E+00  0.0000E+00  0.0000E+00  1.9234E+01  0.0000E+00  0.0000E+00
  1.0000E+00  2.4500E+01  3.5000E+00  0.0000E+00  1.0000E+00  1.0000E+00  1.0000E+00  2.1361E+01 -8.5606E+00  0.0000E+00  0.0000E+00  2.0671E+01  0.0000E+00  0.0000E+00
  1.0000E+00  3.7000E+01  3.5000E+00  0.0000E+00  1.0000E+00  1.0000E+00  1.0000E+00  2.2732E+01 -8.8090E+00  0.0000E+00  0.0000E+00  2.1984E+01  0.0000E+00  0.0000E+00
  1.0000E+00  4.8000E+01  3.5000E+00  0.0000E+00  1.0000E+00  1.0000E+00  1.0000E+00  2.4176E+01 -9.0448E+00  0.0000E+00  0.0000E+00  2.3368E+01  0.0000E+00  0.0000E+00
  1.0000E+00  6.0500E+01  3.5000E+00  0.0000E+00  1.0000E+00  1.0000E+00  1.0000E+00  2.5390E+01 -9.2248E+00  0.0000E+00  0.0000E+00  2.4527E+01  0.0000E+00  0.0000E+00
  1.0000E+00  7.2500E+01  3.5000E+00  0.0000E+00  1.0000E+00  1.0000E+00  1.0000E+00  2.6591E+01 -9.3881E+00  0.0000E+00  0.0000E+00  2.5675E+01  0.0000E+00  0.0000E+00
  1.0000E+00  8.5300E+01  3.5000E+00  0.0000E+00  1.0000E+00  1.0000E+00  1.0000E+00  2.7636E+01 -9.5192E+00  0.0000E+00  0.0000E+00  2.6670E+01  0.0000E+00  0.0000E+00
  1.0000E+00  9.6500E+01  3.5000E+00  0.0000E+00  1.0000E+00  1.0000E+00  1.0000E+00  2.8825E+01 -9.6571E+00  0.0000E+00  0.0000E+00  2.7807E+01  0.0000E+00  0.0000E+00
  1.0000E+00  1.0850E+02  3.5000E+00  0.0000E+00  1.0000E+00  1.0000E+00  1.0000E+00  2.9854E+01 -9.7677E+00  0.0000E+00  0.0000E+00  2.8788E+01  0.0000E+00  0.0000E+00
  1.0000E+00  1.1250E+02  0.0000E+00  3.1000E+01  0.0000E+00  0.0000E+00  1.0000E+00  2.9315E+01  5.5824E-01  6.3272E-01  3.1000E+01  2.8260E+01  2.7404E+00  6.4528E-01
  2.0000E+00  0.0000E+00  0.0000E+00  0.0000E+00  1.0000E+00  0.0000E+00  1.0000E+00  0.0000E+00  0.0000E+00  0.0000E+00  0.0000E+00  0.0000E+00  0.0000E+00  0.0000E+00
  2.0000E+00  0.0000E+00  1.5000E+01  0.0000E+00  1.0000E+00  1.0000E+00  1.0000E+00  1.1914E+01 -5.9754E+00  0.0000E+00  0.0000E+00  9.9881E+00  0.0000E+00  0.0000E+00
  2.0000E+00  2.0000E+00  0.0000E+00  9.7000E+00  0.0000E+00  0.0000E+00  1.0000E+00  1.1819E+01 -1.0650E+00 -8.6469E-01  9.7000E+00  9.9077E+00 -2.0774E-01 -8.9408E-01
  2.0000E+00  4.0000E+00  3.8000E+00  0.0000E+00  1.0000E+00  1.0000E+00  1.0000E+00  1.4743E+01 -6.9383E+00  0.0000E+00  0.0000E+00  1.2358E+01  0.0000E+00  0.0000E+00
  2.0000E+00  1.6000E+01  3.8000E+00  0.0000E+00  1.0000E+00  1.0000E+00  1.0000E+00  1.7073E+01 -7.6002E+00  0.0000E+00  0.0000E+00  1.4304E+01  0.0000E+00  0.0000E+00
  2.0000E+00  2.7800E+01  3.8000E+00  0.0000E+00  1.0000E+00  1.0000E+00  1.0000E+00  1.9306E+01 -8.1380E+00  0.0000E+00  0.0000E+00  1.6168E+01  0.0000E+00  0.0000E+00
  2.0000E+00  4.0000E+01  3.8000E+00  0.0000E+00  1.0000E+00  1.0000E+00  1.0000E+00  2.1408E+01 -8.5694E+00  0.0000E+00  0.0000E+00  1.7921E+01  0.0000E+00  0.0000E+00
  2.0000E+00  5.2000E+01  3.8000E+00  0.0000E+00  1.0000E+00  1.0000E+00  1.0000E+00  2.3426E+01 -8.9253E+00  0.0000E+00  0.0000E+00  1.9604E+01  0.0000E+00  0.0000E+00
  2.0000E+00  6.3500E+01  0.0000E+00  2.4600E+01  0.0000E+00  0.0000E+00  1.0000E+00  2.2376E+01  8.6944E-01  1.2522E+00  2.4600E+01  1.8714E+01  5.8861E+00  1.3587E+00
  2.0000E+00  6.4000E+01  3.8000E+00  0.0000E+00  1.0000E+00  1.0000E+00  1.0000E+00  2.5349E+01 -9.2191E+00  0.0000E+00  0.0000E+00  2.1206E+01  0.0000E+00  0.0000E+00
  2.0000E+00  7.6000E+01  3.8000E+00  0.0000E+00  1.0000E+00  1.0000E+00  1.0000E+00  2.7183E+01 -9.4636E+00  0.0000E+00  0.0000E+00  2.2733E+01  0.0000E+00  0.0000E+00
  2.0000E+00  8.8000E+01  3.8000E+00  0.0000E+00  1.0000E+00  1.0000E+00  1.0000E+00  2.8931E+01 -9.6690E+00  0.0000E+00  0.0000E+00  2.4188E+01  0.0000E+00  0.0000E+00
  2.0000E+00  1.0000E+02  3.8000E+00  0.0000E+00  1.0000E+00  1.0000E+00  1.0000E+00  3.0227E+01 -9.8059E+00  0.0000E+00  0.0000E+00  2.5260E+01  0.0000E+00  0.0000E+00
  2.0000E+00  1.1200E+02  3.8000E+00  0.0000E+00  1.0000E+00  1.0000E+00  1.0000E+00  3.1446E+01 -9.9240E+00  0.0000E+00  0.0000E+00  2.6267E+01  0.0000E+00  0.0000E+00
  2.0000E+00  1.2400E+02  3.8000E+00  0.0000E+00  1.0000E+00  1.0000E+00  1.0000E+00  3.2592E+01 -1.0027E+01  0.0000E+00  0.0000E+00  2.7214E+01  0.0000E+00  0.0000E+00
  2.0000E+00  1.3550E+02  0.0000E+00  3.3000E+01  0.0000E+00  0.0000E+00  1.0000E+00  3.0730E+01  7.2812E-01  1.2527E+00  3.3000E+01  2.5639E+01  7.3606E+00  1.3809E+00
  3.0000E+00  0.0000E+00  0.0000E+00  0.0000E+00  1.0000E+00  0.0000E+00  1.0000E+00  0.0000E+00  0.0000E+00  0.0000E+00  0.0000E+00  0.0000E+00  0.0000E+00  0.0000E+00
  3.0000E+00  0.0000E+00  3.0000E+01  0.0000E+00  1.0000E+00  1.0000E+00  1.0000E+00  1.7745E+01 -7.7714E+00  0.0000E+00  0.0000E+00  1.9976E+01  0.0000E+00  0.0000E+00
  3.0000E+00  1.5000E+00  0.0000E+00  1.8000E+01  0.0000E+00  0.0000E+00  1.0000E+00  1.7617E+01  1.6805E-01 -6.4228E-02  1.8000E+01  1.9835E+01 -1.8347E+00 -6.5195E-02
  3.0000E+00  1.1500E+01  3.7000E+00  0.0000E+00  1.0000E+00  1.0000E+00  1.0000E+00  1.8980E+01 -8.0649E+00  0.0000E+00  0.0000E+00  2.1380E+01  0.0000E+00  0.0000E+00
  3.0000E+00  2.3500E+01  3.7000E+00  0.0000E+00  1.0000E+00  1.0000E+00  1.0000E+00  2.0105E+01 -8.3100E+00  0.0000E+00  0.0000E+00  2.2662E+01  0.0000E+00  0.0000E+00
  3.0000E+00  3.5500E+01  3.7000E+00  0.0000E+00  1.0000E+00  1.0000E+00  1.0000E+00  2.1168E+01 -8.5235E+00  0.0000E+00  0.0000E+00  2.3872E+01  0.0000E+00  0.0000E+00
  3.0000E+00  4.7500E+01  3.7000E+00  0.0000E+00  1.0000E+00  1.0000E+00  1.0000E+00  2.2171E+01 -8.7102E+00  0.0000E+00  0.0000E+00  2.5016E+01  0.0000E+00  0.0000E+00
  3.0000E+00  5.9300E+01  3.7000E+00  0.0000E+00  1.0000E+00  1.0000E+00  1.0000E+00  2.3138E+01 -8.8777E+00  0.0000E+00  0.0000E+00  2.6119E+01  0.0000E+00  0.0000E+00
  3.0000E+00  7.3000E+01  3.7000E+00  0.0000E+00  1.0000E+00  1.0000E+00  1.0000E+00  2.3853E+01 -8.9941E+00  0.0000E+00  0.0000E+00  2.6940E+01  0.0000E+00  0.0000E+00
  3.0000E+00  8.3500E+01  0.0000E+00  2.3800E+01  0.0000E+00  0.0000E+00  1.0000E+00  2.2680E+01  4.3473E-01  1.2820E-01  2.3800E+01  2.5632E+01 -1.8323E+00  1.0907E-01
  3.0000E+00  8.4000E+01  3.7000E+00  0.0000E+00  1.0000E+00  1.0000E+00  1.0000E+00  2.4814E+01 -9.1413E+00  0.0000E+00  0.0000E+00  2.8035E+01  0.0000E+00  0.0000E+00
  3.0000E+00  9.6500E+01  3.7000E+00  0.0000E+00  1.0000E+00  1.0000E+00  1.0000E+00  2.5508E+01 -9.2415E+00  0.0000E+00  0.0000E+00  2.8832E+01  0.0000E+00  0.0000E+00
  3.0000E+00  1.0850E+02  3.7000E+00  0.0000E+00  1.0000E+00  1.0000E+00  1.0000E+00  2.6220E+01 -9.3392E+00  0.0000E+00  0.0000E+00  2.9648E+01  0.0000E+00  0.0000E+00
  3.0000E+00  1.2000E+02  3.7000E+00  0.0000E+00  1.0000E+00  1.0000E+00  1.0000E+00  2.6953E+01 -9.4346E+00  0.0000E+00  0.0000E+00  3.0487E+01  0.0000E+00  0.0000E+00
  3.0000E+00  1.3200E+02  3.7000E+00  0.0000E+00  1.0000E+00  1.0000E+00  1.0000E+00  2.7581E+01 -9.5126E+00  0.0000E+00  0.0000E+00  3.1208E+01  0.0000E+00  0.0000E+00
  3.0000E+00  1.3430E+02  0.0000E+00  2.4300E+01  0.0000E+00  0.0000E+00  1.0000E+00  2.7268E+01 -1.0311E+00 -1.3939E+00  2.4300E+01  3.0858E+01 -6.5582E+00 -1.2905E+00
  4.0000E+00  0.0000E+00  0.0000E+00  0.0000E+00  1.0000E+00  0.0000E+00  1.0000E+00  0.0000E+00  0.0000E+00  0.0000E+00  0.0000E+00  0.0000E+00  0.0000E+00  0.0000E+00
  4.0000E+00  0.0000E+00  1.8600E+01  0.0000E+00  1.0000E+00  1.0000E+00  1.0000E+00  2.0624E+01 -8.4163E+00  0.0000E+00  0.0000E+00  1.9971E+01  0.0000E+00  0.0000E+00
  4.0000E+00  1.8000E+00  0.0000E+00  2.0800E+01  0.0000E+00  0.0000E+00  1.0000E+00  2.0449E+01  1.4368E-01  1.6906E-01  2.0800E+01  1.9801E+01  9.9879E-01  1.7182E-01
  4.0000E+00  1.2000E+01  2.3000E+00  0.0000E+00  1.0000E+00  1.0000E+00  1.0000E+00  2.2039E+01 -8.6864E+00  0.0000E+00  0.0000E+00  2.1338E+01  0.0000E+00  0.0000E+00
  4.0000E+00  2.4300E+01  2.3000E+00  0.0000E+00  1.0000E+00  1.0000E+00  1.0000E+00  2.3346E+01 -8.9123E+00  0.0000E+00  0.0000E+00  2.2600E+01  0.0000E+00  0.0000E+00
  4.0000E+00  3.5800E+01  2.3000E+00  0.0000E+00  1.0000E+00  1.0000E+00  1.0000E+00  2.4663E+01 -9.1190E+00  0.0000E+00  0.0000E+00  2.3873E+01  0.0000E+00  0.0000E+00
  4.0000E+00  4.8100E+01  2.3000E+00  0.0000E+00  1.0000E+00  1.0000E+00  1.0000E+00  2.5823E+01 -9.2853E+00  0.0000E+00  0.0000E+00  2.4992E+01  0.0000E+00  0.0000E+00
  4.0000E+00  5.9300E+01  0.0000E+00  2.3900E+01  0.0000E+00  0.0000E+00  1.0000E+00  2.4493E+01 -2.2032E-01 -1.8176E-01  2.3900E+01  2.3702E+01  1.9802E-01 -1.8416E-01
  4.0000E+00  5.9800E+01  2.3000E+00  0.0000E+00  1.0000E+00  1.0000E+00  1.0000E+00  2.6986E+01 -9.4388E+00  0.0000E+00  0.0000E+00  2.6115E+01  0.0000E+00  0.0000E+00
  4.0000E+00  7.1800E+01  2.3000E+00  0.0000E+00  1.0000E+00  1.0000E+00  1.0000E+00  2.8051E+01 -9.5687E+00  0.0000E+00  0.0000E+00  2.7143E+01  0.0000E+00  0.0000E+00
  4.0000E+00  8.3800E+01  2.3000E+00  0.0000E+00  1.0000E+00  1.0000E+00  1.0000E+00  2.9057E+01 -9.6827E+00  0.0000E+00  0.0000E+00  2.8114E+01  0.0000E+00  0.0000E+00
  4.0000E+00  9.5800E+01  2.3000E+00  0.0000E+00  1.0000E+00  1.0000E+00  1.0000E+00  3.0007E+01 -9.7835E+00  0.0000E+00  0.0000E+00  2.9031E+01  0.0000E+00  0.0000E+00
  4.0000E+00  1.0780E+02  2.3000E+00  0.0000E+00  1.0000E+00  1.0000E+00  1.0000E+00  3.1017E+01 -9.8835E+00  0.0000E+00  0.0000E+00  3.0006E+01  0.0000E+00  0.0000E+00
  4.0000E+00  1.1980E+02  2.3000E+00  0.0000E+00  1.0000E+00  1.0000E+00  1.0000E+00  3.1975E+01 -9.9723E+00  0.0000E+00  0.0000E+00  3.0931E+01  0.0000E+00  0.0000E+00
  4.0000E+00  1.3080E+02  0.0000E+00  3.1700E+01  0.0000E+00  0.0000E+00  1.0000E+00  3.0466E+01  3.9802E-01  4.5433E-01  3.1700E+01  2.9468E+01  2.2324E+00  4.6260E-01
  5.0000E+00  0.0000E+00  0.0000E+00  0.0000E+00  1.0000E+00  0.0000E+00  1.0000E+00  0.0000E+00  0.0000E+00  0.0000E+00  0.0000E+00  0.0000E+00  0.0000E+00  0.0000E+00
  5.0000E+00  0.0000E+00  2.7000E+01  0.0000E+00  1.0000E+00  1.0000E+00  1.0000E+00  1.5040E+01 -7.0287E+00  0.0000E+00  0.0000E+00  1.9177E+01  0.0000E+00  0.0000E+00
  5.0000E+00  2.0000E+00  0.0000E+00  1.4200E+01  0.0000E+00  0.0000E+00  1.0000E+00  1.4905E+01 -3.3073E-01 -8.2322E-01  1.4200E+01  1.9003E+01 -4.8033E+00 -7.4126E-01
  5.0000E+00  1.2000E+01  3.4000E+00  0.0000E+00  1.0000E+00  1.0000E+00  1.0000E+00  1.6147E+01 -7.3502E+00  0.0000E+00  0.0000E+00  2.0574E+01  0.0000E+00  0.0000E+00
  5.0000E+00  2.4000E+01  3.4000E+00  0.0000E+00  1.0000E+00  1.0000E+00  1.0000E+00  1.7196E+01 -7.6322E+00  0.0000E+00  0.0000E+00  2.1896E+01  0.0000E+00  0.0000E+00
  5.0000E+00  3.6000E+01  3.4000E+00  0.0000E+00  1.0000E+00  1.0000E+00  1.0000E+00  1.8190E+01 -7.8803E+00  0.0000E+00  0.0000E+00  2.3148E+01  0.0000E+00  0.0000E+00
  5.0000E+00  4.8000E+01  3.4000E+00  0.0000E+00  1.0000E+00  1.0000E+00  1.0000E+00  1.9133E+01 -8.0994E+00  0.0000E+00  0.0000E+00  2.4334E+01  0.0000E+00  0.0000E+00
  5.0000E+00  5.9500E+01  0.0000E+00  1.8200E+01  0.0000E+00  0.0000E+00  1.0000E+00  1.8172E+01  1.1930E-02 -5.6631E-01  1.8200E+01  2.3095E+01 -4.8947E+00 -5.0929E-01
  5.0000E+00  6.0000E+01  3.4000E+00  0.0000E+00  1.0000E+00  1.0000E+00  1.0000E+00  2.0026E+01 -8.2933E+00  0.0000E+00  0.0000E+00  2.5457E+01  0.0000E+00  0.0000E+00
  5.0000E+00  7.2000E+01  3.4000E+00  0.0000E+00  1.0000E+00  1.0000E+00  1.0000E+00  2.0872E+01 -8.4657E+00  0.0000E+00  0.0000E+00  2.6520E+01  0.0000E+00  0.0000E+00
  5.0000E+00  8.4000E+01  3.4000E+00  0.0000E+00  1.0000E+00  1.0000E+00  1.0000E+00  2.1674E+01 -8.6195E+00  0.0000E+00  0.0000E+00  2.7527E+01  0.0000E+00  0.0000E+00
  5.0000E+00  9.6000E+01  3.4000E+00  0.0000E+00  1.0000E+00  1.0000E+00  1.0000E+00  2.2400E+01 -8.7510E+00  0.0000E+00  0.0000E+00  2.8436E+01  0.0000E+00  0.0000E+00
  5.0000E+00  1.0800E+02  3.4000E+00  0.0000E+00  1.0000E+00  1.0000E+00  1.0000E+00  2.3087E+01 -8.8691E+00  0.0000E+00  0.0000E+00  2.9296E+01  0.0000E+00  0.0000E+00
  5.0000E+00  1.2000E+02  3.4000E+00  0.0000E+00  1.0000E+00  1.0000E+00  1.0000E+00  2.3736E+01 -8.9756E+00  0.0000E+00  0.0000E+00  3.0108E+01  0.0000E+00  0.0000E+00
  5.0000E+00  1.3200E+02  0.0000E+00  2.0300E+01  0.0000E+00  0.0000E+00  1.0000E+00  2.2457E+01 -8.4154E-01 -1.5237E+00  2.0300E+01  2.8461E+01 -8.1611E+00 -1.3382E+00
  6.0000E+00  0.0000E+00  0.0000E+00  0.0000E+00  1.0000E+00  0.0000E+00  1.0000E+00  0.0000E+00  0.0000E+00  0.0000E+00  0.0000E+00  0.0000E+00  0.0000E+00  0.0000E+00
  6.0000E+00  0.0000E+00  2.4000E+01  0.0000E+00  1.0000E+00  1.0000E+00  1.0000E+00  1.8927E+01 -8.0529E+00  0.0000E+00  0.0000E+00  1.9690E+01  0.0000E+00  0.0000E+00
  6.0000E+00  1.8000E+00  0.0000E+00  1.9000E+01  0.0000E+00  0.0000E+00  1.0000E+00  1.8761E+01  1.0208E-01  1.1022E-02  1.9000E+01  1.9508E+01 -5.0810E-01  1.4233E-02
  6.0000E+00  1.1800E+01  3.0000E+00  0.0000E+00  1.0000E+00  1.0000E+00  1.0000E+00  2.0229E+01 -8.3358E+00  0.0000E+00  0.0000E+00  2.0990E+01  0.0000E+00  0.0000E+00
  6.0000E+00  2.3800E+01  3.0000E+00  0.0000E+00  1.0000E+00  1.0000E+00  1.0000E+00  2.1440E+01 -8.5755E+00  0.0000E+00  0.0000E+00  2.2194E+01  0.0000E+00  0.0000E+00
  6.0000E+00  3.5800E+01  3.0000E+00  0.0000E+00  1.0000E+00  1.0000E+00  1.0000E+00  2.2581E+01 -8.7827E+00  0.0000E+00  0.0000E+00  2.3326E+01  0.0000E+00  0.0000E+00
  6.0000E+00  4.7800E+01  3.0000E+00  0.0000E+00  1.0000E+00  1.0000E+00  1.0000E+00  2.3656E+01 -8.9628E+00  0.0000E+00  0.0000E+00  2.4390E+01  0.0000E+00  0.0000E+00
  6.0000E+00  5.9300E+01  0.0000E+00  1.7300E+01  0.0000E+00  0.0000E+00  1.0000E+00  2.2360E+01 -1.9786E+00 -2.0397E+00  1.7300E+01  2.2988E+01 -5.6877E+00 -1.9992E+00
  6.0000E+00  5.9800E+01  3.0000E+00  0.0000E+00  1.0000E+00  1.0000E+00  1.0000E+00  2.4671E+01 -9.1201E+00  0.0000E+00  0.0000E+00  2.5390E+01  0.0000E+00  0.0000E+00
  6.0000E+00  7.1800E+01  3.0000E+00  0.0000E+00  1.0000E+00  1.0000E+00  1.0000E+00  2.5627E+01 -9.2582E+00  0.0000E+00  0.0000E+00  2.6330E+01  0.0000E+00  0.0000E+00
  6.0000E+00  8.3800E+01  3.0000E+00  0.0000E+00  1.0000E+00  1.0000E+00  1.0000E+00  2.6529E+01 -9.3800E+00  0.0000E+00  0.0000E+00  2.7214E+01  0.0000E+00  0.0000E+00
  6.0000E+00  9.5800E+01  3.0000E+00  0.0000E+00  1.0000E+00  1.0000E+00  1.0000E+00  2.7379E+01 -9.4879E+00  0.0000E+00  0.0000E+00  2.8045E+01  0.0000E+00  0.0000E+00
  6.0000E+00  1.0780E+02  3.0000E+00  0.0000E+00  1.0000E+00  1.0000E+00  1.0000E+00  2.8231E+01 -9.5897E+00  0.0000E+00  0.0000E+00  2.8879E+01  0.0000E+00  0.0000E+00
  6.0000E+00  1.2010E+02  3.0000E+00  0.0000E+00  1.0000E+00  1.0000E+00  1.0000E+00  2.8997E+01 -9.6762E+00  0.0000E+00  0.0000E+00  2.9625E+01  0.0000E+00  0.0000E+00
  6.0000E+00  1.3180E+02  3.0000E+00  0.0000E+00  1.0000E+00  1.0000E+00  1.0000E+00  2.9798E+01 -9.7619E+00  0.0000E+00  0.0000E+00  3.0410E+01  0.0000E+00  0.0000E+00
  6.0000E+00  1.4280E+02  0.0000E+00  3.2500E+01  0.0000E+00  0.0000E+00  1.0000E+00  2.8284E+01  1.4305E+00  1.4007E+00  3.2500E+01  2.8789E+01  3.7113E+00  1.3790E+00
  7.0000E+00  0.0000E+00  0.0000E+00  0.0000E+00  1.0000E+00  0.0000E+00  1.0000E+00  0.0000E+00  0.0000E+00  0.0000E+00  0.0000E+00  0.0000E+00  0.0000E+00  0.0000E+00
  7.0000E+00  0.0000E+00  1.9000E+01  0.0000E+00  1.0000E+00  1.0000E+00  1.0000E+00  1.7779E+01 -7.7800E+00  0.0000E+00  0.0000E+00  1.8486E+01  0.0000E+00  0.0000E+00
  7.0000E+00  2.0000E+00  0.0000E+00  1.7900E+01  0.0000E+00  0.0000E+00  1.0000E+00  1.7624E+01  1.2126E-01  3.0492E-02  1.7900E+01  1.8327E+01 -4.2698E-01  2.9171E-02
  7.0000E+00  1.1300E+01  2.4000E+00  0.0000E+00  1.0000E+00  1.0000E+00  1.0000E+00  1.9165E+01 -8.1066E+00  0.0000E+00  0.0000E+00  1.9942E+01  0.0000E+00  0.0000E+00
  7.0000E+00  2.3300E+01  2.4000E+00  0.0000E+00  1.0000E+00  1.0000E+00  1.0000E+00  2.0428E+01 -8.3766E+00  0.0000E+00  0.0000E+00  2.1271E+01  0.0000E+00  0.0000E+00
  7.0000E+00  3.6500E+01  2.4000E+00  0.0000E+00  1.0000E+00  1.0000E+00  1.0000E+00  2.1524E+01 -8.5915E+00  0.0000E+00  0.0000E+00  2.2429E+01  0.0000E+00  0.0000E+00
  7.0000E+00  4.8200E+01  2.4000E+00  0.0000E+00  1.0000E+00  1.0000E+00  1.0000E+00  2.2693E+01 -8.8022E+00  0.0000E+00  0.0000E+00  2.3660E+01  0.0000E+00  0.0000E+00
  7.0000E+00  6.0300E+01  2.4000E+00  0.0000E+00  1.0000E+00  1.0000E+00  1.0000E+00  2.3766E+01 -8.9803E+00  0.0000E+00  0.0000E+00  2.4792E+01  0.0000E+00  0.0000E+00
  7.0000E+00  7.3800E+01  0.0000E+00  2.3400E+01  0.0000E+00  0.0000E+00  1.0000E+00  2.2399E+01  3.9108E-01  2.6473E-01  2.3400E+01  2.3390E+01  9.7386E-03  2.5560E-01
  7.0000E+00  7.5800E+01  2.4000E+00  0.0000E+00  1.0000E+00  1.0000E+00  1.0000E+00  2.4449E+01 -9.0867E+00  0.0000E+00  0.0000E+00  2.5524E+01  0.0000E+00  0.0000E+00
  7.0000E+00  8.4300E+01  2.4000E+00  0.0000E+00  1.0000E+00  1.0000E+00  1.0000E+00  2.5800E+01 -9.2822E+00  0.0000E+00  0.0000E+00  2.6941E+01  0.0000E+00  0.0000E+00
  7.0000E+00  9.6300E+01  2.4000E+00  0.0000E+00  1.0000E+00  1.0000E+00  1.0000E+00  2.6723E+01 -9.4052E+00  0.0000E+00  0.0000E+00  2.7917E+01  0.0000E+00  0.0000E+00
  7.0000E+00  1.0830E+02  2.4000E+00  0.0000E+00  1.0000E+00  1.0000E+00  1.0000E+00  2.7598E+01 -9.5146E+00  0.0000E+00  0.0000E+00  2.8844E+01  0.0000E+00  0.0000E+00
  7.0000E+00  1.2030E+02  2.4000E+00  0.0000E+00  1.0000E+00  1.0000E+00  1.0000E+00  2.8428E+01 -9.6124E+00  0.0000E+00  0.0000E+00  2.9725E+01  0.0000E+00  0.0000E+00
  7.0000E+00  1.3230E+02  2.4000E+00  0.0000E+00  1.0000E+00  1.0000E+00  1.0000E+00  2.9216E+01 -9.7001E+00  0.0000E+00  0.0000E+00  3.0560E+01  0.0000E+00  0.0000E+00
  7.0000E+00  1.4450E+02  2.4000E+00  0.0000E+00  1.0000E+00  1.0000E+00  1.0000E+00  2.9939E+01 -9.7765E+00  0.0000E+00  0.0000E+00  3.1329E+01  0.0000E+00  0.0000E+00
  7.0000E+00  1.6530E+02  0.0000E+00  2.5800E+01  0.0000E+00  0.0000E+00  1.0000E+00  2.7328E+01 -5.3017E-01 -6.9324E-01  2.5800E+01  2.8641E+01 -2.8414E+00 -6.7217E-01
  8.0000E+00  0.0000E+00  0.0000E+00  0.0000E+00  1.0000E+00  0.0000E+00  1.0000E+00  0.0000E+00  0.0000E+00  0.0000E+00  0.0000E+00  0.0000E+00  0.0000E+00  0.0000E+00
  8.0000E+00  0.0000E+00  2.4000E+01  0.0000E+00  1.0000E+00  1.0000E+00  1.0000E+00  2.3721E+01 -8.9732E+00  0.0000E+00  0.0000E+00  1.9690E+01  0.0000E+00  0.0000E+00
  8.0000E+00  1.7000E+00  0.0000E+00  2.5800E+01  0.0000E+00  0.0000E+00  1.0000E+00  2.3525E+01  8.6452E-01  1.2870E+00  2.5800E+01  1.9537E+01  6.2629E+00  1.4213E+00
  8.0000E+00  1.1800E+01  3.0000E+00  0.0000E+00  1.0000E+00  1.0000E+00  1.0000E+00  2.5360E+01 -9.2205E+00  0.0000E+00  0.0000E+00  2.1116E+01  0.0000E+00  0.0000E+00
  8.0000E+00  2.3700E+01  3.0000E+00  0.0000E+00  1.0000E+00  1.0000E+00  1.0000E+00  2.6894E+01 -9.4272E+00  0.0000E+00  0.0000E+00  2.2457E+01  0.0000E+00  0.0000E+00
  8.0000E+00  3.5700E+01  3.0000E+00  0.0000E+00  1.0000E+00  1.0000E+00  1.0000E+00  2.8330E+01 -9.6012E+00  0.0000E+00  0.0000E+00  2.3718E+01  0.0000E+00  0.0000E+00
  8.0000E+00  4.7700E+01  3.0000E+00  0.0000E+00  1.0000E+00  1.0000E+00  1.0000E+00  2.9685E+01 -9.7500E+00  0.0000E+00  0.0000E+00  2.4911E+01  0.0000E+00  0.0000E+00
  8.0000E+00  5.9700E+01  3.0000E+00  0.0000E+00  1.0000E+00  1.0000E+00  1.0000E+00  3.0962E+01 -9.8783E+00  0.0000E+00  0.0000E+00  2.6041E+01  0.0000E+00  0.0000E+00
  8.0000E+00  7.1700E+01  3.0000E+00  0.0000E+00  1.0000E+00  1.0000E+00  1.0000E+00  3.2167E+01 -9.9894E+00  0.0000E+00  0.0000E+00  2.7110E+01  0.0000E+00  0.0000E+00
  8.0000E+00  7.3700E+01  0.0000E+00  3.4200E+01  0.0000E+00  0.0000E+00  1.0000E+00  3.1854E+01  7.3357E-01  1.2036E+00  3.4200E+01  2.6863E+01  7.3369E+00  1.3354E+00
  8.0000E+00  8.3700E+01  3.0000E+00  0.0000E+00  1.0000E+00  1.0000E+00  1.0000E+00  3.3303E+01 -1.0086E+01  0.0000E+00  0.0000E+00  2.8122E+01  0.0000E+00  0.0000E+00
  8.0000E+00  9.5700E+01  3.0000E+00  0.0000E+00  1.0000E+00  1.0000E+00  1.0000E+00  3.4374E+01 -1.0171E+01  0.0000E+00  0.0000E+00  2.9080E+01  0.0000E+00  0.0000E+00
  8.0000E+00  1.0770E+02  3.0000E+00  0.0000E+00  1.0000E+00  1.0000E+00  1.0000E+00  3.5633E+01 -1.0264E+01  0.0000E+00  0.0000E+00  3.0185E+01  0.0000E+00  0.0000E+00
  8.0000E+00  1.1970E+02  3.0000E+00  0.0000E+00  1.0000E+00  1.0000E+00  1.0000E+00  3.6829E+01 -1.0346E+01  0.0000E+00  0.0000E+00  3.1237E+01  0.0000E+00  0.0000E+00
  8.0000E+00  1.3170E+02  3.0000E+00  0.0000E+00  1.0000E+00  1.0000E+00  1.0000E+00  3.7966E+01 -1.0418E+01  0.0000E+00  0.0000E+00  3.2241E+01  0.0000E+00  0.0000E+00
  8.0000E+00  1.4370E+02  3.0000E+00  0.0000E+00  1.0000E+00  1.0000E+00  1.0000E+00  3.9046E+01 -1.0481E+01  0.0000E+00  0.0000E+00  3.3198E+01  0.0000E+00  0.0000E+00
  8.0000E+00  1.4670E+02  0.0000E+00  3.6100E+01  0.0000E+00  0.0000E+00  1.0000E+00  3.8552E+01 -6.6483E-01 -1.6577E-01  3.6100E+01  3.2803E+01  3.2965E+00 -2.0190E-01
  9.0000E+00  0.0000E+00  0.0000E+00  0.0000E+00  1.0000E+00  0.0000E+00  1.0000E+00  0.0000E+00  0.0000E+00  0.0000E+00  0.0000E+00  0.0000E+00  0.0000E+00  0.0000E+00
  9.0000E+00  0.0000E+00  2.7000E+01  0.0000E+00  1.0000E+00  1.0000E+00  1.0000E+00  2.1866E+01 -8.6549E+00  0.0000E+00  0.0000E+00  1.9177E+01  0.0000E+00  0.0000E+00
  9.0000E+00  1.1000E+00  0.0000E+00  2.2100E+01  0.0000E+00  0.0000E+00  1.0000E+00  2.1771E+01  1.3071E-01  3.2542E-01  2.2100E+01  1.9089E+01  3.0114E+00  3.5495E-01
  9.0000E+00  1.1100E+01  3.2000E+00  0.0000E+00  1.0000E+00  1.0000E+00  1.0000E+00  2.3515E+01 -8.9400E+00  0.0000E+00  0.0000E+00  2.0577E+01  0.0000E+00  0.0000E+00
  9.0000E+00  2.2300E+01  3.2000E+00  0.0000E+00  1.0000E+00  1.0000E+00  1.0000E+00  2.5085E+01 -9.1811E+00  0.0000E+00  0.0000E+00  2.1904E+01  0.0000E+00  0.0000E+00
  9.0000E+00  3.4600E+01  3.2000E+00  0.0000E+00  1.0000E+00  1.0000E+00  1.0000E+00  2.6482E+01 -9.3739E+00  0.0000E+00  0.0000E+00  2.3075E+01  0.0000E+00  0.0000E+00
  9.0000E+00  4.6600E+01  3.2000E+00  0.0000E+00  1.0000E+00  1.0000E+00  1.0000E+00  2.7843E+01 -9.5441E+00  0.0000E+00  0.0000E+00  2.4214E+01  0.0000E+00  0.0000E+00
  9.0000E+00  5.8700E+01  3.2000E+00  0.0000E+00  1.0000E+00  1.0000E+00  1.0000E+00  2.9130E+01 -9.6907E+00  0.0000E+00  0.0000E+00  2.5288E+01  0.0000E+00  0.0000E+00
  9.0000E+00  7.0900E+01  3.2000E+00  0.0000E+00  1.0000E+00  1.0000E+00  1.0000E+00  3.0345E+01 -9.8177E+00  0.0000E+00  0.0000E+00  2.6298E+01  0.0000E+00  0.0000E+00
  9.0000E+00  8.2700E+01  0.0000E+00  2.9200E+01  0.0000E+00  0.0000E+00  1.0000E+00  2.8958E+01  8.0967E-02  4.1075E-01  2.9200E+01  2.5027E+01  4.1728E+00  4.4934E-01
  9.0000E+00  8.3200E+01  3.2000E+00  0.0000E+00  1.0000E+00  1.0000E+00  1.0000E+00  3.1492E+01 -9.9283E+00  0.0000E+00  0.0000E+00  2.7248E+01  0.0000E+00  0.0000E+00
  9.0000E+00  9.4600E+01  3.2000E+00  0.0000E+00  1.0000E+00  1.0000E+00  1.0000E+00  3.2691E+01 -1.0035E+01  0.0000E+00  0.0000E+00  2.8247E+01  0.0000E+00  0.0000E+00
  9.0000E+00  1.0660E+02  3.2000E+00  0.0000E+00  1.0000E+00  1.0000E+00  1.0000E+00  3.3655E+01 -1.0115E+01  0.0000E+00  0.0000E+00  2.9033E+01  0.0000E+00  0.0000E+00
  9.0000E+00  1.1860E+02  3.2000E+00  0.0000E+00  1.0000E+00  1.0000E+00  1.0000E+00  3.4570E+01 -1.0186E+01  0.0000E+00  0.0000E+00  2.9778E+01  0.0000E+00  0.0000E+00
  9.0000E+00  1.3060E+02  3.2000E+00  0.0000E+00  1.0000E+00  1.0000E+00  1.0000E+00  3.5440E+01 -1.0250E+01  0.0000E+00  0.0000E+00  3.0484E+01  0.0000E+00  0.0000E+00
  9.0000E+00  1.4210E+02  0.0000E+00  3.4200E+01  0.0000E+00  0.0000E+00  1.0000E+00  3.3747E+01  1.3584E-01  5.5507E-01  3.4200E+01  2.8945E+01  5.2551E+00  6.0795E-01
  9.0000E+00  1.4260E+02  3.2000E+00  0.0000E+00  1.0000E+00  1.0000E+00  1.0000E+00  3.6267E+01 -1.0308E+01  0.0000E+00  0.0000E+00  3.1153E+01  0.0000E+00  0.0000E+00
  9.0000E+00  3.1260E+02  0.0000E+00  1.9600E+01  0.0000E+00  0.0000E+00  1.0000E+00  1.7955E+01  7.1655E-01  1.0905E+00  1.9600E+01  1.4803E+01  4.7967E+00  1.1821E+00
  1.0000E+01  0.0000E+00  0.0000E+00  0.0000E+00  1.0000E+00  0.0000E+00  1.0000E+00  0.0000E+00  0.0000E+00  0.0000E+00  0.0000E+00  0.0000E+00  0.0000E+00  0.0000E+00
  1.0000E+01  0.0000E+00  2.7000E+01  0.0000E+00  1.0000E+00  1.0000E+00  1.0000E+00  1.8983E+01 -8.0656E+00  0.0000E+00  0.0000E+00  1.9177E+01  0.0000E+00  0.0000E+00
  1.0000E+01  1.2000E+00  0.0000E+00  1.9900E+01  0.0000E+00  0.0000E+00  1.0000E+00  1.8889E+01  4.3042E-01  3.8579E-01  1.9900E+01  1.9083E+01  8.1731E-01  3.8272E-01
  1.0000E+01  1.1200E+01  3.5000E+00  0.0000E+00  1.0000E+00  1.0000E+00  1.0000E+00  2.0586E+01 -8.4088E+00  0.0000E+00  0.0000E+00  2.0801E+01  0.0000E+00  0.0000E+00
  1.0000E+01  2.3200E+01  3.5000E+00  0.0000E+00  1.0000E+00  1.0000E+00  1.0000E+00  2.2053E+01 -8.6890E+00  0.0000E+00  0.0000E+00  2.2287E+01  0.0000E+00  0.0000E+00
  1.0000E+01  3.5300E+01  3.5000E+00  0.0000E+00  1.0000E+00  1.0000E+00  1.0000E+00  2.3439E+01 -8.9276E+00  0.0000E+00  0.0000E+00  2.3693E+01  0.0000E+00  0.0000E+00
  1.0000E+01  4.7200E+01  3.5000E+00  0.0000E+00  1.0000E+00  1.0000E+00  1.0000E+00  2.4777E+01 -9.1359E+00  0.0000E+00  0.0000E+00  2.5049E+01  0.0000E+00  0.0000E+00
  1.0000E+01  5.9200E+01  3.5000E+00  0.0000E+00  1.0000E+00  1.0000E+00  1.0000E+00  2.6041E+01 -9.3150E+00  0.0000E+00  0.0000E+00  2.6331E+01  0.0000E+00  0.0000E+00
  1.0000E+01  7.0700E+01  0.0000E+00  2.3400E+01  0.0000E+00  0.0000E+00  1.0000E+00  2.4834E+01 -5.2791E-01 -5.8617E-01  2.3400E+01  2.5117E+01 -1.7171E+00 -5.8005E-01
  1.0000E+01  7.1200E+01  3.5000E+00  0.0000E+00  1.0000E+00  1.0000E+00  1.0000E+00  2.7243E+01 -9.4711E+00  0.0000E+00  0.0000E+00  2.7552E+01  0.0000E+00  0.0000E+00
  1.0000E+01  8.3200E+01  3.5000E+00  0.0000E+00  1.0000E+00  1.0000E+00  1.0000E+00  2.8388E+01 -9.6078E+00  0.0000E+00  0.0000E+00  2.8713E+01  0.0000E+00  0.0000E+00
  1.0000E+01  9.5200E+01  3.5000E+00  0.0000E+00  1.0000E+00  1.0000E+00  1.0000E+00  2.9477E+01 -9.7281E+00  0.0000E+00  0.0000E+00  2.9819E+01  0.0000E+00  0.0000E+00
  1.0000E+01  1.0720E+02  3.5000E+00  0.0000E+00  1.0000E+00  1.0000E+00  1.0000E+00  3.0299E+01 -9.8131E+00  0.0000E+00  0.0000E+00  3.0655E+01  0.0000E+00  0.0000E+00
  1.0000E+01  1.1920E+02  3.5000E+00  0.0000E+00  1.0000E+00  1.0000E+00  1.0000E+00  3.1074E+01 -9.8890E+00  0.0000E+00  0.0000E+00  3.1445E+01  0.0000E+00  0.0000E+00
  1.0000E+01  1.3120E+02  3.5000E+00  0.0000E+00  1.0000E+00  1.0000E+00  1.0000E+00  3.1807E+01 -9.9572E+00  0.0000E+00  0.0000E+00  3.2191E+01  0.0000E+00  0.0000E+00
  1.0000E+01  1.4220E+02  0.0000E+00  3.0900E+01  0.0000E+00  0.0000E+00  1.0000E+00  3.0182E+01  2.3331E-01  1.6359E-01  3.0900E+01  3.0554E+01  3.4596E-01  1.6094E-01
  1.1000E+01  0.0000E+00  0.0000E+00  0.0000E+00  1.0000E+00  0.0000E+00  1.0000E+00  0.0000E+00  0.0000E+00  0.0000E+00  0.0000E+00  0.0000E+00  0.0000E+00  0.0000E+00
  1.1000E+01  0.0000E+00  2.4000E+01  0.0000E+00  1.0000E+00  1.0000E+00  1.0000E+00  1.4519E+01 -6.8687E+00  0.0000E+00  0.0000E+00  1.9690E+01  0.0000E+00  0.0000E+00
  1.1000E+01  1.1500E+01  2.4000E+01  0.0000E+00  1.0000E+00  1.0000E+00  1.0000E+00  2.8366E+01 -9.6053E+00  0.0000E+00  0.0000E+00  3.8430E+01  0.0000E+00  0.0000E+00
  1.1000E+01  2.3500E+01  3.0000E+00  0.0000E+00  1.0000E+00  1.0000E+00  1.0000E+00  2.8810E+01 -9.6555E+00  0.0000E+00  0.0000E+00  3.8961E+01  0.0000E+00  0.0000E+00
  1.1000E+01  3.5500E+01  3.0000E+00  0.0000E+00  1.0000E+00  1.0000E+00  1.0000E+00  2.9233E+01 -9.7020E+00  0.0000E+00  0.0000E+00  3.9464E+01  0.0000E+00  0.0000E+00
  1.1000E+01  4.7500E+01  3.0000E+00  0.0000E+00  1.0000E+00  1.0000E+00  1.0000E+00  2.9636E+01 -9.7449E+00  0.0000E+00  0.0000E+00  3.9943E+01  0.0000E+00  0.0000E+00
  1.1000E+01  5.7500E+01  0.0000E+00  2.4300E+01  0.0000E+00  0.0000E+00  1.0000E+00  2.8438E+01 -1.3988E+00 -2.3997E+00  2.4300E+01  3.8263E+01 -1.3963E+01 -2.0262E+00
  1.2000E+01  0.0000E+00  0.0000E+00  0.0000E+00  1.0000E+00  0.0000E+00  1.0000E+00  0.0000E+00  0.0000E+00  0.0000E+00  0.0000E+00  0.0000E+00  0.0000E+00  0.0000E+00
  1.2000E+01  0.0000E+00  2.6000E+01  0.0000E+00  1.0000E+00  1.0000E+00  1.0000E+00  1.9430E+01 -8.1653E+00  0.0000E+00  0.0000E+00  1.9792E+01  0.0000E+00  0.0000E+00
  1.2000E+01  2.0000E+00  0.0000E+00  1.7000E+01  0.0000E+00  0.0000E+00  1.0000E+00  1.9282E+01 -9.6263E-01 -1.0888E+00  1.7000E+01  1.9630E+01 -2.6296E+00 -1.0650E+00
  1.2000E+01  1.2000E+01  3.3000E+00  0.0000E+00  1.0000E+00  1.0000E+00  1.0000E+00  2.1029E+01 -8.4965E+00  0.0000E+00  0.0000E+00  2.1349E+01  0.0000E+00  0.0000E+00
  1.2000E+01  1.3000E+01  5.0000E+00  0.0000E+00  1.0000E+00  1.0000E+00  1.0000E+00  2.4685E+01 -9.1223E+00  0.0000E+00  0.0000E+00  2.5068E+01  0.0000E+00  0.0000E+00
  1.2000E+01  2.4500E+01  3.3000E+00  0.0000E+00  1.0000E+00  1.0000E+00  1.0000E+00  2.6095E+01 -9.3224E+00  0.0000E+00  0.0000E+00  2.6420E+01  0.0000E+00  0.0000E+00
  1.2000E+01  3.6000E+01  3.3000E+00  0.0000E+00  1.0000E+00  1.0000E+00  1.0000E+00  2.7444E+01 -9.4959E+00  0.0000E+00  0.0000E+00  2.7709E+01  0.0000E+00  0.0000E+00
  1.2000E+01  4.8500E+01  3.3000E+00  0.0000E+00  1.0000E+00  1.0000E+00  1.0000E+00  2.8636E+01 -9.6360E+00  0.0000E+00  0.0000E+00  2.8830E+01  0.0000E+00  0.0000E+00
  1.2000E+01  6.0000E+01  3.3000E+00  0.0000E+00  1.0000E+00  1.0000E+00  1.0000E+00  2.9876E+01 -9.7700E+00  0.0000E+00  0.0000E+00  3.0008E+01  0.0000E+00  0.0000E+00
  1.2000E+01  7.2000E+01  3.3000E+00  0.0000E+00  1.0000E+00  1.0000E+00  1.0000E+00  3.1009E+01 -9.8828E+00  0.0000E+00  0.0000E+00  3.1073E+01  0.0000E+00  0.0000E+00
  1.2000E+01  8.4000E+01  3.3000E+00  0.0000E+00  1.0000E+00  1.0000E+00  1.0000E+00  3.2092E+01 -9.9828E+00  0.0000E+00  0.0000E+00  3.2086E+01  0.0000E+00  0.0000E+00
  1.2000E+01  9.6000E+01  3.3000E+00  0.0000E+00  1.0000E+00  1.0000E+00  1.0000E+00  3.2750E+01 -1.0040E+01  0.0000E+00  0.0000E+00  3.2645E+01  0.0000E+00  0.0000E+00
  1.2000E+01  1.0800E+02  3.3000E+00  0.0000E+00  1.0000E+00  1.0000E+00  1.0000E+00  3.3371E+01 -1.0092E+01  0.0000E+00  0.0000E+00  3.3170E+01  0.0000E+00  0.0000E+00
  1.2000E+01  1.2000E+02  3.3000E+00  0.0000E+00  1.0000E+00  1.0000E+00  1.0000E+00  3.3957E+01 -1.0139E+01  0.0000E+00  0.0000E+00  3.3663E+01  0.0000E+00  0.0000E+00
  1.2000E+01  1.3220E+02  0.0000E+00  3.4100E+01  0.0000E+00  0.0000E+00  1.0000E+00  3.2013E+01  6.5045E-01  6.3447E-01  3.4100E+01  3.1580E+01  2.5198E+00  6.4495E-01
  1.2000E+01  1.3250E+02  3.3000E+00  0.0000E+00  1.0000E+00  1.0000E+00  1.0000E+00  3.4432E+01 -1.0176E+01  0.0000E+00  0.0000E+00  3.4043E+01  0.0000E+00  0.0000E+00
  1.2000E+01  3.0250E+02  0.0000E+00  1.6000E+01  0.0000E+00  0.0000E+00  1.0000E+00  1.5204E+01  3.7067E-01  5.3621E-01  1.6000E+01  1.4044E+01  1.9556E+00  5.4287E-01
  1.3000E+01  0.0000E+00  0.0000E+00  0.0000E+00  1.0000E+00  0.0000E+00  1.0000E+00  0.0000E+00  0.0000E+00  0.0000E+00  0.0000E+00  0.0000E+00  0.0000E+00  0.0000E+00
  1.3000E+01  0.0000E+00  1.1000E+01  0.0000E+00  1.0000E+00  1.0000E+00  1.0000E+00  1.1425E+01 -5.7902E+00  0.0000E+00  0.0000E+00  9.7896E+00  0.0000E+00  0.0000E+00
  1.3000E+01  1.2000E+01  1.1000E+01  0.0000E+00  1.0000E+00  1.0000E+00  1.0000E+00  2.2305E+01 -8.7342E+00  0.0000E+00  0.0000E+00  1.9118E+01  0.0000E+00  0.0000E+00
  1.3000E+01  2.5000E+01  2.8000E+00  0.0000E+00  1.0000E+00  1.0000E+00  1.0000E+00  2.4064E+01 -9.0273E+00  0.0000E+00  0.0000E+00  2.0637E+01  0.0000E+00  0.0000E+00
  1.3000E+01  3.6500E+01  0.0000E+00  2.4100E+01  0.0000E+00  0.0000E+00  1.0000E+00  2.2963E+01  4.3819E-01  7.7321E-01  2.4100E+01  1.9705E+01  4.3954E+00  8.3394E-01
  1.3000E+01  3.7000E+01  2.8000E+00  0.0000E+00  1.0000E+00  1.0000E+00  1.0000E+00  2.5824E+01 -9.2855E+00  0.0000E+00  0.0000E+00  2.2157E+01  0.0000E+00  0.0000E+00
  1.3000E+01  4.9000E+01  2.8000E+00  0.0000E+00  1.0000E+00  1.0000E+00  1.0000E+00  2.7501E+01 -9.5029E+00  0.0000E+00  0.0000E+00  2.3606E+01  0.0000E+00  0.0000E+00
  1.3000E+01  6.1000E+01  2.8000E+00  0.0000E+00  1.0000E+00  1.0000E+00  1.0000E+00  2.9098E+01 -9.6873E+00  0.0000E+00  0.0000E+00  2.4986E+01  0.0000E+00  0.0000E+00
  1.3000E+01  7.4000E+01  2.8000E+00  0.0000E+00  1.0000E+00  1.0000E+00  1.0000E+00  3.0506E+01 -9.8338E+00  0.0000E+00  0.0000E+00  2.6206E+01  0.0000E+00  0.0000E+00
  1.3000E+01  8.5000E+01  2.8000E+00  0.0000E+00  1.0000E+00  1.0000E+00  1.0000E+00  3.2078E+01 -9.9816E+00  0.0000E+00  0.0000E+00  2.7564E+01  0.0000E+00  0.0000E+00
  1.3000E+01  9.8000E+01  2.8000E+00  0.0000E+00  1.0000E+00  1.0000E+00  1.0000E+00  3.3220E+01 -1.0080E+01  0.0000E+00  0.0000E+00  2.8558E+01  0.0000E+00  0.0000E+00
  1.3000E+01  1.1000E+02  2.8000E+00  0.0000E+00  1.0000E+00  1.0000E+00  1.0000E+00  3.4436E+01 -1.0176E+01  0.0000E+00  0.0000E+00  2.9613E+01  0.0000E+00  0.0000E+00
  1.3000E+01  1.2130E+02  2.8000E+00  0.0000E+00  1.0000E+00  1.0000E+00  1.0000E+00  3.5691E+01 -1.0268E+01  0.0000E+00  0.0000E+00  3.0700E+01  0.0000E+00  0.0000E+00
  1.3000E+01  1.3400E+02  2.8000E+00  0.0000E+00  1.0000E+00  1.0000E+00  1.0000E+00  3.6678E+01 -1.0336E+01  0.0000E+00  0.0000E+00  3.1560E+01  0.0000E+00  0.0000E+00
  1.3000E+01  1.4500E+02  2.8000E+00  0.0000E+00  1.0000E+00  1.0000E+00  1.0000E+00  3.7870E+01 -1.0412E+01  0.0000E+00  0.0000E+00  3.2594E+01  0.0000E+00  0.0000E+00
  1.3000E+01  1.5700E+02  2.8000E+00  0.0000E+00  1.0000E+00  1.0000E+00  1.0000E+00  3.8849E+01 -1.0470E+01  0.0000E+00  0.0000E+00  3.3447E+01  0.0000E+00  0.0000E+00
  1.3000E+01  1.6900E+02  0.0000E+00  3.8200E+01  0.0000E+00  0.0000E+00  1.0000E+00  3.6871E+01  3.7314E-01  8.5383E-01  3.8200E+01  3.1764E+01  6.4356E+00  9.2901E-01
  1.4000E+01  0.0000E+00  0.0000E+00  0.0000E+00  1.0000E+00  0.0000E+00  1.0000E+00  0.0000E+00  0.0000E+00  0.0000E+00  0.0000E+00  0.0000E+00  0.0000E+00  0.0000E+00
  1.4000E+01  0.0000E+00  2.2000E+01  0.0000E+00  1.0000E+00  1.0000E+00  1.0000E+00  2.1470E+01 -8.5812E+00  0.0000E+00  0.0000E+00  1.9579E+01  0.0000E+00  0.0000E+00
  1.4000E+01  2.3000E+00  0.0000E+00  2.5600E+01  0.0000E+00  0.0000E+00  1.0000E+00  2.1215E+01  1.7634E+00  2.1042E+00  2.5600E+01  1.9375E+01  6.2245E+00  2.2196E+00
  1.4000E+01  1.1800E+01  2.8000E+00  0.0000E+00  1.0000E+00  1.0000E+00  1.0000E+00  2.2929E+01 -8.8426E+00  0.0000E+00  0.0000E+00  2.1049E+01  0.0000E+00  0.0000E+00
  1.4000E+01  2.3800E+01  2.8000E+00  0.0000E+00  1.0000E+00  1.0000E+00  1.0000E+00  2.4280E+01 -9.0608E+00  0.0000E+00  0.0000E+00  2.2423E+01  0.0000E+00  0.0000E+00
  1.4000E+01  3.5800E+01  2.8000E+00  0.0000E+00  1.0000E+00  1.0000E+00  1.0000E+00  2.5549E+01 -9.2473E+00  0.0000E+00  0.0000E+00  2.3725E+01  0.0000E+00  0.0000E+00
  1.4000E+01  4.7800E+01  2.8000E+00  0.0000E+00  1.0000E+00  1.0000E+00  1.0000E+00  2.6742E+01 -9.4076E+00  0.0000E+00  0.0000E+00  2.4957E+01  0.0000E+00  0.0000E+00
  1.4000E+01  5.9300E+01  0.0000E+00  2.5600E+01  0.0000E+00  0.0000E+00  1.0000E+00  2.5195E+01  1.4779E-01  3.9780E-01  2.5600E+01  2.3686E+01  1.9140E+00  4.2949E-01
  1.4000E+01  5.9800E+01  2.8000E+00  0.0000E+00  1.0000E+00  1.0000E+00  1.0000E+00  2.7862E+01 -9.5464E+00  0.0000E+00  0.0000E+00  2.6124E+01  0.0000E+00  0.0000E+00
  1.4000E+01  7.1800E+01  2.8000E+00  0.0000E+00  1.0000E+00  1.0000E+00  1.0000E+00  2.8916E+01 -9.6672E+00  0.0000E+00  0.0000E+00  2.7229E+01  0.0000E+00  0.0000E+00
  1.4000E+01  8.3800E+01  2.8000E+00  0.0000E+00  1.0000E+00  1.0000E+00  1.0000E+00  2.9906E+01 -9.7730E+00  0.0000E+00  0.0000E+00  2.8276E+01  0.0000E+00  0.0000E+00
  1.4000E+01  9.5800E+01  2.8000E+00  0.0000E+00  1.0000E+00  1.0000E+00  1.0000E+00  3.0836E+01 -9.8661E+00  0.0000E+00  0.0000E+00  2.9267E+01  0.0000E+00  0.0000E+00
  1.4000E+01  1.0730E+02  2.8000E+00  0.0000E+00  1.0000E+00  1.0000E+00  1.0000E+00  3.1718E+01 -9.9491E+00  0.0000E+00  0.0000E+00  3.0212E+01  0.0000E+00  0.0000E+00
  1.4000E+01  1.1980E+02  2.8000E+00  0.0000E+00  1.0000E+00  1.0000E+00  1.0000E+00  3.2387E+01 -1.0009E+01  0.0000E+00  0.0000E+00  3.0972E+01  0.0000E+00  0.0000E+00
  1.4000E+01  1.3150E+02  0.0000E+00  2.5700E+01  0.0000E+00  0.0000E+00  1.0000E+00  3.0411E+01 -1.5220E+00 -1.3691E+00  2.5700E+01  2.9308E+01 -3.6078E+00 -1.3823E+00
  1.4000E+01  1.3180E+02  2.8000E+00  0.0000E+00  1.0000E+00  1.0000E+00  1.0000E+00  3.3095E+01 -1.0069E+01  0.0000E+00  0.0000E+00  3.1758E+01  0.0000E+00  0.0000E+00
  1.4000E+01  1.4380E+02  2.8000E+00  0.0000E+00  1.0000E+00  1.0000E+00  1.0000E+00  3.3758E+01 -1.0123E+01  0.0000E+00  0.0000E+00  3.2501E+01  0.0000E+00  0.0000E+00
  1.4000E+01  3.0330E+02  0.0000E+00  1.4300E+01  0.0000E+00  0.0000E+00  1.0000E+00  1.4503E+01 -9.5874E-02 -3.1833E-01  1.4300E+01  1.5485E+01 -1.1854E+00 -3.3769E-01
  1.5000E+01  0.0000E+00  0.0000E+00  0.0000E+00  1.0000E+00  0.0000E+00  1.0000E+00  0.0000E+00  0.0000E+00  0.0000E+00  0.0000E+00  0.0000E+00  0.0000E+00  0.0000E+00
  1.5000E+01  0.0000E+00  2.6000E+01  0.0000E+00  1.0000E+00  1.0000E+00  1.0000E+00  1.8934E+01 -8.0544E+00  0.0000E+00  0.0000E+00  1.9792E+01  0.0000E+00  0.0000E+00
  1.5000E+01  1.2200E+01  3.3000E+00  0.0000E+00  1.0000E+00  1.0000E+00  1.0000E+00  2.0338E+01 -8.3581E+00  0.0000E+00  0.0000E+00  2.1255E+01  0.0000E+00  0.0000E+00
  1.5000E+01  2.2200E+01  0.0000E+00  1.9300E+01  0.0000E+00  0.0000E+00  1.0000E+00  1.9453E+01 -6.4462E-02 -2.0160E-01  1.9300E+01  2.0327E+01 -1.0267E+00 -1.9782E-01
  1.5000E+01  2.4200E+01  3.3000E+00  0.0000E+00  1.0000E+00  1.0000E+00  1.0000E+00  2.1684E+01 -8.6214E+00  0.0000E+00  0.0000E+00  2.2658E+01  0.0000E+00  0.0000E+00
  1.5000E+01  3.6200E+01  3.3000E+00  0.0000E+00  1.0000E+00  1.0000E+00  1.0000E+00  2.2961E+01 -8.8480E+00  0.0000E+00  0.0000E+00  2.3988E+01  0.0000E+00  0.0000E+00
  1.5000E+01  4.7800E+01  3.3000E+00  0.0000E+00  1.0000E+00  1.0000E+00  1.0000E+00  2.4211E+01 -9.0502E+00  0.0000E+00  0.0000E+00  2.5289E+01  0.0000E+00  0.0000E+00
  1.5000E+01  7.0200E+01  3.3000E+00  0.0000E+00  1.0000E+00  1.0000E+00  1.0000E+00  2.4320E+01 -9.0670E+00  0.0000E+00  0.0000E+00  2.5394E+01  0.0000E+00  0.0000E+00
  1.5000E+01  8.5600E+01  3.3000E+00  0.0000E+00  1.0000E+00  1.0000E+00  1.0000E+00  2.5114E+01 -9.1853E+00  0.0000E+00  0.0000E+00  2.6219E+01  0.0000E+00  0.0000E+00
  1.5000E+01  9.6200E+01  3.3000E+00  0.0000E+00  1.0000E+00  1.0000E+00  1.0000E+00  2.6322E+01 -9.3528E+00  0.0000E+00  0.0000E+00  2.7478E+01  0.0000E+00  0.0000E+00
  1.5000E+01  1.0820E+02  3.3000E+00  0.0000E+00  1.0000E+00  1.0000E+00  1.0000E+00  2.7312E+01 -9.4797E+00  0.0000E+00  0.0000E+00  2.8508E+01  0.0000E+00  0.0000E+00
  1.5000E+01  1.2020E+02  3.3000E+00  0.0000E+00  1.0000E+00  1.0000E+00  1.0000E+00  2.8249E+01 -9.5918E+00  0.0000E+00  0.0000E+00  2.9483E+01  0.0000E+00  0.0000E+00
  1.5000E+01  1.3220E+02  3.3000E+00  0.0000E+00  1.0000E+00  1.0000E+00  1.0000E+00  2.9136E+01 -9.6914E+00  0.0000E+00  0.0000E+00  3.0405E+01  0.0000E+00  0.0000E+00
  1.5000E+01  1.4370E+02  3.3000E+00  0.0000E+00  1.0000E+00  1.0000E+00  1.0000E+00  3.0038E+01 -9.7866E+00  0.0000E+00  0.0000E+00  3.1344E+01  0.0000E+00  0.0000E+00
  1.5000E+01  1.4570E+02  0.0000E+00  2.9700E+01  0.0000E+00  0.0000E+00  1.0000E+00  2.9763E+01 -2.0642E-02 -1.9751E-01  2.9700E+01  3.1056E+01 -1.3557E+00 -1.9322E-01
  1.6000E+01  0.0000E+00  0.0000E+00  0.0000E+00  1.0000E+00  0.0000E+00  1.0000E+00  0.0000E+00  0.0000E+00  0.0000E+00  0.0000E+00  0.0000E+00  0.0000E+00  0.0000E+00
  1.6000E+01  0.0000E+00  1.2000E+01  0.0000E+00  1.0000E+00  1.0000E+00  1.0000E+00  9.9945E+00 -5.2143E+00  0.0000E+00  0.0000E+00  9.8449E+00  0.0000E+00  0.0000E+00
  1.6000E+01  9.0000E+00  1.2000E+01  0.0000E+00  1.0000E+00  1.0000E+00  1.0000E+00  1.9619E+01 -8.2066E+00  0.0000E+00  0.0000E+00  1.9314E+01  0.0000E+00  0.0000E+00
  1.6000E+01  1.2000E+01  0.0000E+00  1.7300E+01  0.0000E+00  0.0000E+00  1.0000E+00  1.9374E+01 -8.7271E-01 -9.1052E-01  1.7300E+01  1.9066E+01 -1.7659E+00 -9.1400E-01
  1.6000E+01  1.5400E+01  4.0000E+00  0.0000E+00  1.0000E+00  1.0000E+00  1.0000E+00  2.2431E+01 -8.7565E+00  0.0000E+00  0.0000E+00  2.2070E+01  0.0000E+00  0.0000E+00
  1.6000E+01  2.1300E+01  3.0000E+00  0.0000E+00  1.0000E+00  1.0000E+00  1.0000E+00  2.4382E+01 -9.0765E+00  0.0000E+00  0.0000E+00  2.3976E+01  0.0000E+00  0.0000E+00
  1.6000E+01  3.3000E+01  3.0000E+00  0.0000E+00  1.0000E+00  1.0000E+00  1.0000E+00  2.5714E+01 -9.2702E+00  0.0000E+00  0.0000E+00  2.5256E+01  0.0000E+00  0.0000E+00
  1.6000E+01  4.5000E+01  3.0000E+00  0.0000E+00  1.0000E+00  1.0000E+00  1.0000E+00  2.6951E+01 -9.4344E+00  0.0000E+00  0.0000E+00  2.6442E+01  0.0000E+00  0.0000E+00
  1.6000E+01  5.6000E+01  0.0000E+00  2.6800E+01  0.0000E+00  0.0000E+00  1.0000E+00  2.5737E+01  3.8310E-01  3.6485E-01  2.6800E+01  2.5215E+01  1.5848E+00  3.6883E-01
  1.6000E+01  5.7000E+01  3.0000E+00  0.0000E+00  1.0000E+00  1.0000E+00  1.0000E+00  2.8128E+01 -9.5777E+00  0.0000E+00  0.0000E+00  2.7568E+01  0.0000E+00  0.0000E+00
  1.6000E+01  6.9000E+01  3.0000E+00  0.0000E+00  1.0000E+00  1.0000E+00  1.0000E+00  2.9247E+01 -9.7034E+00  0.0000E+00  0.0000E+00  2.8637E+01  0.0000E+00  0.0000E+00
  1.6000E+01  8.1000E+01  3.0000E+00  0.0000E+00  1.0000E+00  1.0000E+00  1.0000E+00  3.0311E+01 -9.8143E+00  0.0000E+00  0.0000E+00  2.9652E+01  0.0000E+00  0.0000E+00
  1.6000E+01  9.3000E+01  3.0000E+00  0.0000E+00  1.0000E+00  1.0000E+00  1.0000E+00  3.1323E+01 -9.9125E+00  0.0000E+00  0.0000E+00  3.0616E+01  0.0000E+00  0.0000E+00
  1.6000E+01  1.0500E+02  3.0000E+00  0.0000E+00  1.0000E+00  1.0000E+00  1.0000E+00  3.2442E+01 -1.0014E+01  0.0000E+00  0.0000E+00  3.1690E+01  0.0000E+00  0.0000E+00
  1.6000E+01  1.1700E+02  3.0000E+00  0.0000E+00  1.0000E+00  1.0000E+00  1.0000E+00  3.3513E+01 -1.0104E+01  0.0000E+00  0.0000E+00  3.2714E+01  0.0000E+00  0.0000E+00
  1.6000E+01  1.2950E+02  3.0000E+00  0.0000E+00  1.0000E+00  1.0000E+00  1.0000E+00  3.4476E+01 -1.0179E+01  0.0000E+00  0.0000E+00  3.3633E+01  0.0000E+00  0.0000E+00
  1.6000E+01  1.4150E+02  3.0000E+00  0.0000E+00  1.0000E+00  1.0000E+00  1.0000E+00  3.5457E+01 -1.0252E+01  0.0000E+00  0.0000E+00  3.4569E+01  0.0000E+00  0.0000E+00
  1.6000E+01  1.5280E+02  3.0000E+00  0.0000E+00  1.0000E+00  1.0000E+00  1.0000E+00  3.6483E+01 -1.0323E+01  0.0000E+00  0.0000E+00  3.5553E+01  0.0000E+00  0.0000E+00
  1.6000E+01  1.5350E+02  0.0000E+00  3.8400E+01  0.0000E+00  0.0000E+00  1.0000E+00  3.6388E+01  5.7054E-01  5.9313E-01  3.8400E+01  3.5457E+01  2.9429E+00  6.0175E-01
  1.7000E+01  0.0000E+00  0.0000E+00  0.0000E+00  1.0000E+00  0.0000E+00  1.0000E+00  0.0000E+00  0.0000E+00  0.0000E+00  0.0000E+00  0.0000E+00  0.0000E+00  0.0000E+00
  1.7000E+01  0.0000E+00  2.2000E+01  0.0000E+00  1.0000E+00  1.0000E+00  1.0000E+00  2.0284E+01 -8.3472E+00  0.0000E+00  0.0000E+00  1.9579E+01  0.0000E+00  0.0000E+00
  1.7000E+01  1.2000E+01  2.8000E+00  0.0000E+00  1.0000E+00  1.0000E+00  1.0000E+00  2.1994E+01 -8.6783E+00  0.0000E+00  0.0000E+00  2.1221E+01  0.0000E+00  0.0000E+00
  1.7000E+01  2.4000E+01  2.8000E+00  0.0000E+00  1.0000E+00  1.0000E+00  1.0000E+00  2.3630E+01 -8.9586E+00  0.0000E+00  0.0000E+00  2.2791E+01  0.0000E+00  0.0000E+00
  1.7000E+01  3.2000E+01  0.0000E+00  2.1300E+01  0.0000E+00  0.0000E+00  1.0000E+00  2.2948E+01 -6.3538E-01 -6.0198E-01  2.1300E+01  2.2126E+01 -8.2588E-01 -6.1181E-01
  1.7000E+01  3.5500E+01  2.8000E+00  0.0000E+00  1.0000E+00  1.0000E+00  1.0000E+00  2.5238E+01 -9.2031E+00  0.0000E+00  0.0000E+00  2.4333E+01  0.0000E+00  0.0000E+00
  1.7000E+01  4.8000E+01  2.8000E+00  0.0000E+00  1.0000E+00  1.0000E+00  1.0000E+00  2.6691E+01 -9.4010E+00  0.0000E+00  0.0000E+00  2.5725E+01  0.0000E+00  0.0000E+00
  1.7000E+01  6.0000E+01  2.8000E+00  0.0000E+00  1.0000E+00  1.0000E+00  1.0000E+00  2.8125E+01 -9.5774E+00  0.0000E+00  0.0000E+00  2.7099E+01  0.0000E+00  0.0000E+00
  1.7000E+01  7.2000E+01  0.0000E+00  2.8800E+01  0.0000E+00  0.0000E+00  1.0000E+00  2.6916E+01  6.6001E-01  7.0837E-01  2.8800E+01  2.5922E+01  2.8776E+00  7.2224E-01
  1.7000E+01  7.2300E+01  2.8000E+00  0.0000E+00  1.0000E+00  1.0000E+00  1.0000E+00  2.9468E+01 -9.7272E+00  0.0000E+00  0.0000E+00  2.8386E+01  0.0000E+00  0.0000E+00
  1.7000E+01  8.4300E+01  2.8000E+00  0.0000E+00  1.0000E+00  1.0000E+00  1.0000E+00  3.0783E+01 -9.8610E+00  0.0000E+00  0.0000E+00  2.9644E+01  0.0000E+00  0.0000E+00
  1.7000E+01  9.5800E+01  2.8000E+00  0.0000E+00  1.0000E+00  1.0000E+00  1.0000E+00  3.2096E+01 -9.9831E+00  0.0000E+00  0.0000E+00  3.0901E+01  0.0000E+00  0.0000E+00
  1.7000E+01  1.0800E+02  2.8000E+00  0.0000E+00  1.0000E+00  1.0000E+00  1.0000E+00  3.3048E+01 -1.0065E+01  0.0000E+00  0.0000E+00  3.1807E+01  0.0000E+00  0.0000E+00
  1.7000E+01  1.2000E+02  2.8000E+00  0.0000E+00  1.0000E+00  1.0000E+00  1.0000E+00  3.3978E+01 -1.0141E+01  0.0000E+00  0.0000E+00  3.2693E+01  0.0000E+00  0.0000E+00
  1.7000E+01  1.3200E+02  2.8000E+00  0.0000E+00  1.0000E+00  1.0000E+00  1.0000E+00  3.4862E+01 -1.0208E+01  0.0000E+00  0.0000E+00  3.3534E+01  0.0000E+00  0.0000E+00
  1.7000E+01  1.4400E+02  2.8000E+00  0.0000E+00  1.0000E+00  1.0000E+00  1.0000E+00  3.5702E+01 -1.0269E+01  0.0000E+00  0.0000E+00  3.4333E+01  0.0000E+00  0.0000E+00
  1.7000E+01  1.5500E+02  0.0000E+00  3.4900E+01  0.0000E+00  0.0000E+00  1.0000E+00  3.4063E+01  2.4938E-01  3.2750E-01  3.4900E+01  3.2740E+01  2.1595E+00  3.3481E-01
  1.8000E+01  0.0000E+00  0.0000E+00  0.0000E+00  1.0000E+00  0.0000E+00  1.0000E+00  0.0000E+00  0.0000E+00  0.0000E+00  0.0000E+00  0.0000E+00  0.0000E+00  0.0000E+00
  1.8000E+01  0.0000E+00  2.0000E+01  0.0000E+00  1.0000E+00  1.0000E+00  1.0000E+00  1.7660E+01 -7.7503E+00  0.0000E+00  0.0000E+00  1.9459E+01  0.0000E+00  0.0000E+00
  1.8000E+01  2.8000E+00  0.0000E+00  2.1900E+01  0.0000E+00  0.0000E+00  1.0000E+00  1.7362E+01  2.0061E+00  2.0527E+00  2.1900E+01  1.9179E+01  2.7207E+00  1.9710E+00
  1.8000E+01  1.1800E+01  2.0000E+01  0.0000E+00  1.0000E+00  1.0000E+00  1.0000E+00  3.4097E+01 -1.0150E+01  0.0000E+00  0.0000E+00  3.7767E+01  0.0000E+00  0.0000E+00
  1.8000E+01  2.3800E+01  2.5000E+00  0.0000E+00  1.0000E+00  1.0000E+00  1.0000E+00  3.3906E+01 -1.0135E+01  0.0000E+00  0.0000E+00  3.7930E+01  0.0000E+00  0.0000E+00
  1.8000E+01  3.5800E+01  2.5000E+00  0.0000E+00  1.0000E+00  1.0000E+00  1.0000E+00  3.3728E+01 -1.0121E+01  0.0000E+00  0.0000E+00  3.8083E+01  0.0000E+00  0.0000E+00
  1.8000E+01  4.8100E+01  2.5000E+00  0.0000E+00  1.0000E+00  1.0000E+00  1.0000E+00  3.3505E+01 -1.0103E+01  0.0000E+00  0.0000E+00  3.8171E+01  0.0000E+00  0.0000E+00
  1.8000E+01  5.9300E+01  2.5000E+00  0.0000E+00  1.0000E+00  1.0000E+00  1.0000E+00  3.3507E+01 -1.0103E+01  0.0000E+00  0.0000E+00  3.8458E+01  0.0000E+00  0.0000E+00
  1.8000E+01  7.1300E+01  0.0000E+00  2.5900E+01  0.0000E+00  0.0000E+00  1.0000E+00  3.1150E+01 -1.6679E+00 -1.9414E+00  2.5900E+01  3.6147E+01 -1.0247E+01 -1.7327E+00
  1.8000E+01  7.1800E+01  2.5000E+00  0.0000E+00  1.0000E+00  1.0000E+00  1.0000E+00  3.3263E+01 -1.0083E+01  0.0000E+00  0.0000E+00  3.8486E+01  0.0000E+00  0.0000E+00
  1.8000E+01  8.2800E+01  2.5000E+00  0.0000E+00  1.0000E+00  1.0000E+00  1.0000E+00  3.3319E+01 -1.0088E+01  0.0000E+00  0.0000E+00  3.8793E+01  0.0000E+00  0.0000E+00
  1.8000E+01  9.5800E+01  2.5000E+00  0.0000E+00  1.0000E+00  1.0000E+00  1.0000E+00  3.2994E+01 -1.0061E+01  0.0000E+00  0.0000E+00  3.8706E+01  0.0000E+00  0.0000E+00
  1.8000E+01  1.0780E+02  2.5000E+00  0.0000E+00  1.0000E+00  1.0000E+00  1.0000E+00  3.3014E+01 -1.0062E+01  0.0000E+00  0.0000E+00  3.8947E+01  0.0000E+00  0.0000E+00
  1.8000E+01  1.1980E+02  2.5000E+00  0.0000E+00  1.0000E+00  1.0000E+00  1.0000E+00  3.3033E+01 -1.0064E+01  0.0000E+00  0.0000E+00  3.9175E+01  0.0000E+00  0.0000E+00
  1.8000E+01  1.3180E+02  2.5000E+00  0.0000E+00  1.0000E+00  1.0000E+00  1.0000E+00  3.3050E+01 -1.0065E+01  0.0000E+00  0.0000E+00  3.9389E+01  0.0000E+00  0.0000E+00
  1.8000E+01  1.4380E+02  0.0000E+00  2.8900E+01  0.0000E+00  0.0000E+00  1.0000E+00  3.0859E+01 -6.2653E-01 -1.1052E+00  2.8900E+01  3.7160E+01 -8.2595E+00 -9.8166E-01
  1.8000E+01  3.8980E+02  0.0000E+00  6.7000E+00  0.0000E+00  0.0000E+00  1.0000E+00  7.4893E+00 -4.3057E-01 -9.4173E-01  6.7000E+00  1.1160E+01 -4.4599E+00 -8.8490E-01
  1.9000E+01  0.0000E+00  0.0000E+00  0.0000E+00  1.0000E+00  0.0000E+00  1.0000E+00  0.0000E+00  0.0000E+00  0.0000E+00  0.0000E+00  0.0000E+00  0.0000E+00  0.0000E+00
  1.9000E+01  0.0000E+00  1.0000E+01  0.0000E+00  1.0000E+00  1.0000E+00  1.0000E+00  9.2860E+00 -4.9104E+00  0.0000E+00  0.0000E+00  9.7293E+00  0.0000E+00  0.0000E+00
  1.9000E+01  4.0000E+00  1.0000E+01  0.0000E+00  1.0000E+00  1.0000E+00  1.0000E+00  1.8387E+01 -7.9273E+00  0.0000E+00  0.0000E+00  1.9266E+01  0.0000E+00  0.0000E+00
  1.9000E+01  9.5000E+00  0.0000E+00  1.8900E+01  0.0000E+00  0.0000E+00  1.0000E+00  1.7886E+01  4.4261E-01  3.3577E-01  1.8900E+01  1.8744E+01  1.5615E-01  3.2684E-01
  1.9000E+01  1.3000E+01  2.5000E+00  0.0000E+00  1.0000E+00  1.0000E+00  1.0000E+00  1.9896E+01 -8.2659E+00  0.0000E+00  0.0000E+00  2.0851E+01  0.0000E+00  0.0000E+00
  1.9000E+01  2.4000E+01  2.5000E+00  0.0000E+00  1.0000E+00  1.0000E+00  1.0000E+00  2.1147E+01 -8.5195E+00  0.0000E+00  0.0000E+00  2.2168E+01  0.0000E+00  0.0000E+00
  1.9000E+01  3.5900E+01  3.0000E+00  0.0000E+00  1.0000E+00  1.0000E+00  1.0000E+00  2.2705E+01 -8.8043E+00  0.0000E+00  0.0000E+00  2.3807E+01  0.0000E+00  0.0000E+00
  1.9000E+01  4.8000E+01  3.0000E+00  0.0000E+00  1.0000E+00  1.0000E+00  1.0000E+00  2.4152E+01 -9.0410E+00  0.0000E+00  0.0000E+00  2.5329E+01  0.0000E+00  0.0000E+00
  1.9000E+01  5.9900E+01  3.0000E+00  0.0000E+00  1.0000E+00  1.0000E+00  1.0000E+00  2.5536E+01 -9.2454E+00  0.0000E+00  0.0000E+00  2.6786E+01  0.0000E+00  0.0000E+00
  1.9000E+01  7.2000E+01  3.0000E+00  0.0000E+00  1.0000E+00  1.0000E+00  1.0000E+00  2.6815E+01 -9.4171E+00  0.0000E+00  0.0000E+00  2.8133E+01  0.0000E+00  0.0000E+00
  1.9000E+01  8.3500E+01  0.0000E+00  2.3200E+01  0.0000E+00  0.0000E+00  1.0000E+00  2.5309E+01 -7.6787E-01 -9.1682E-01  2.3200E+01  2.6562E+01 -3.3621E+00 -8.8799E-01
  1.9000E+01  8.4300E+01  3.0000E+00  0.0000E+00  1.0000E+00  1.0000E+00  1.0000E+00  2.7994E+01 -9.5620E+00  0.0000E+00  0.0000E+00  2.9375E+01  0.0000E+00  0.0000E+00
  1.9000E+01  9.6000E+01  3.0000E+00  0.0000E+00  1.0000E+00  1.0000E+00  1.0000E+00  2.9369E+01 -9.7166E+00  0.0000E+00  0.0000E+00  3.0822E+01  0.0000E+00  0.0000E+00
  1.9000E+01  1.0830E+02  3.0000E+00  0.0000E+00  1.0000E+00  1.0000E+00  1.0000E+00  3.0601E+01 -9.8432E+00  0.0000E+00  0.0000E+00  3.2119E+01  0.0000E+00  0.0000E+00
  1.9000E+01  1.2000E+02  3.0000E+00  0.0000E+00  1.0000E+00  1.0000E+00  1.0000E+00  3.1845E+01 -9.9606E+00  0.0000E+00  0.0000E+00  3.3429E+01  0.0000E+00  0.0000E+00
  1.9000E+01  1.3200E+02  3.0000E+00  0.0000E+00  1.0000E+00  1.0000E+00  1.0000E+00  3.2986E+01 -1.0060E+01  0.0000E+00  0.0000E+00  3.4630E+01  0.0000E+00  0.0000E+00
  1.9000E+01  1.4400E+02  3.0000E+00  0.0000E+00  1.0000E+00  1.0000E+00  1.0000E+00  3.4069E+01 -1.0148E+01  0.0000E+00  0.0000E+00  3.5771E+01  0.0000E+00  0.0000E+00
  1.9000E+01  1.5800E+02  0.0000E+00  3.2900E+01  0.0000E+00  0.0000E+00  1.0000E+00  3.2025E+01  2.7253E-01  9.1304E-02  3.2900E+01  3.3637E+01 -7.3665E-01  8.4301E-02
  2.0000E+01  0.0000E+00  0.0000E+00  0.0000E+00  1.0000E+00  0.0000E+00  1.0000E+00  0.0000E+00  0.0000E+00  0.0000E+00  0.0000E+00  0.0000E+00  0.0000E+00  0.0000E+00
  2.0000E+01  0.0000E+00  2.4000E+01  0.0000E+00  1.0000E+00  1.0000E+00  1.0000E+00  2.1799E+01 -8.6427E+00  0.0000E+00  0.0000E+00  1.9690E+01  0.0000E+00  0.0000E+00
  2.0000E+01  2.0000E+00  0.0000E+00  2.3100E+01  0.0000E+00  0.0000E+00  1.0000E+00  2.1580E+01  6.0606E-01  8.0121E-01  2.3100E+01  1.9497E+01  3.6034E+00  8.4378E-01
  2.0000E+01  1.2000E+01  3.0000E+00  0.0000E+00  1.0000E+00  1.0000E+00  1.0000E+00  2.3238E+01 -8.8945E+00  0.0000E+00  0.0000E+00  2.1021E+01  0.0000E+00  0.0000E+00
  2.0000E+01  2.4000E+01  3.0000E+00  0.0000E+00  1.0000E+00  1.0000E+00  1.0000E+00  2.4592E+01 -9.1084E+00  0.0000E+00  0.0000E+00  2.2275E+01  0.0000E+00  0.0000E+00
  2.0000E+01  3.6000E+01  3.0000E+00  0.0000E+00  1.0000E+00  1.0000E+00  1.0000E+00  2.5867E+01 -9.2913E+00  0.0000E+00  0.0000E+00  2.3458E+01  0.0000E+00  0.0000E+00
  2.0000E+01  4.8000E+01  3.0000E+00  0.0000E+00  1.0000E+00  1.0000E+00  1.0000E+00  2.7066E+01 -9.4489E+00  0.0000E+00  0.0000E+00  2.4572E+01  0.0000E+00  0.0000E+00
  2.0000E+01  6.0500E+01  3.0000E+00  0.0000E+00  1.0000E+00  1.0000E+00  1.0000E+00  2.8130E+01 -9.5779E+00  0.0000E+00  0.0000E+00  2.5566E+01  0.0000E+00  0.0000E+00
  2.0000E+01  6.2500E+01  0.0000E+00  2.7800E+01  0.0000E+00  0.0000E+00  1.0000E+00  2.7846E+01 -1.5764E-02  2.0399E-01  2.7800E+01  2.5315E+01  2.4849E+00  2.1500E-01
  2.0000E+01  7.2000E+01  3.0000E+00  0.0000E+00  1.0000E+00  1.0000E+00  1.0000E+00  2.9262E+01 -9.7051E+00  0.0000E+00  0.0000E+00  2.6619E+01  0.0000E+00  0.0000E+00
  2.0000E+01  8.4000E+01  3.0000E+00  0.0000E+00  1.0000E+00  1.0000E+00  1.0000E+00  3.0261E+01 -9.8093E+00  0.0000E+00  0.0000E+00  2.7552E+01  0.0000E+00  0.0000E+00
  2.0000E+01  9.5500E+01  3.0000E+00  0.0000E+00  1.0000E+00  1.0000E+00  1.0000E+00  3.1273E+01 -9.9078E+00  0.0000E+00  0.0000E+00  2.8495E+01  0.0000E+00  0.0000E+00
  2.0000E+01  1.0800E+02  3.0000E+00  0.0000E+00  1.0000E+00  1.0000E+00  1.0000E+00  3.2218E+01 -9.9940E+00  0.0000E+00  0.0000E+00  2.9378E+01  0.0000E+00  0.0000E+00
  2.0000E+01  1.2000E+02  3.0000E+00  0.0000E+00  1.0000E+00  1.0000E+00  1.0000E+00  3.3181E+01 -1.0076E+01  0.0000E+00  0.0000E+00  3.0276E+01  0.0000E+00  0.0000E+00
  2.0000E+01  1.3200E+02  3.0000E+00  0.0000E+00  1.0000E+00  1.0000E+00  1.0000E+00  3.4090E+01 -1.0150E+01  0.0000E+00  0.0000E+00  3.1125E+01  0.0000E+00  0.0000E+00
  2.0000E+01  1.3400E+02  0.0000E+00  3.4000E+01  0.0000E+00  0.0000E+00  1.0000E+00  3.3772E+01  6.8267E-02  3.0710E-01  3.4000E+01  3.0843E+01  3.1572E+00  3.2280E-01
  2.1000E+01  0.0000E+00  0.0000E+00  0.0000E+00  1.0000E+00  0.0000E+00  1.0000E+00  0.0000E+00  0.0000E+00  0.0000E+00  0.0000E+00  0.0000E+00  0.0000E+00  0.0000E+00
  2.1000E+01  0.0000E+00  1.7500E+01  0.0000E+00  1.0000E+00  1.0000E+00  1.0000E+00  1.0362E+01 -5.3668E+00  0.0000E+00  0.0000E+00  9.8259E+00  0.0000E+00  0.0000E+00
  2.1000E+01  4.2000E+00  1.7500E+01  0.0000E+00  1.0000E+00  1.0000E+00  1.0000E+00  2.0530E+01 -8.3974E+00  0.0000E+00  0.0000E+00  1.9470E+01  0.0000E+00  0.0000E+00
  2.1000E+01  8.3000E+00  0.0000E+00  2.1100E+01  0.0000E+00  0.0000E+00  1.0000E+00  2.0157E+01  3.8940E-01  4.8516E-01  2.1100E+01  1.9117E+01  1.9829E+00  4.9786E-01
  2.1000E+01  1.5800E+01  4.5000E+00  0.0000E+00  1.0000E+00  1.0000E+00  1.0000E+00  2.2155E+01 -8.7075E+00  0.0000E+00  0.0000E+00  2.1015E+01  0.0000E+00  0.0000E+00
  2.1000E+01  2.8000E+01  4.5000E+00  0.0000E+00  1.0000E+00  1.0000E+00  1.0000E+00  2.3642E+01 -8.9605E+00  0.0000E+00  0.0000E+00  2.2430E+01  0.0000E+00  0.0000E+00
  2.1000E+01  3.9800E+01  4.5000E+00  0.0000E+00  1.0000E+00  1.0000E+00  1.0000E+00  2.5090E+01 -9.1818E+00  0.0000E+00  0.0000E+00  2.3807E+01  0.0000E+00  0.0000E+00
  2.1000E+01  5.1800E+01  4.5000E+00  0.0000E+00  1.0000E+00  1.0000E+00  1.0000E+00  2.6442E+01 -9.3686E+00  0.0000E+00  0.0000E+00  2.5094E+01  0.0000E+00  0.0000E+00
  2.1000E+01  6.3800E+01  4.5000E+00  0.0000E+00  1.0000E+00  1.0000E+00  1.0000E+00  2.7723E+01 -9.5298E+00  0.0000E+00  0.0000E+00  2.6314E+01  0.0000E+00  0.0000E+00
  2.1000E+01  7.6800E+01  4.5000E+00  0.0000E+00  1.0000E+00  1.0000E+00  1.0000E+00  2.8820E+01 -9.6566E+00  0.0000E+00  0.0000E+00  2.7360E+01  0.0000E+00  0.0000E+00
  2.1000E+01  8.8300E+01  4.5000E+00  0.0000E+00  1.0000E+00  1.0000E+00  1.0000E+00  3.0038E+01 -9.7866E+00  0.0000E+00  0.0000E+00  2.8519E+01  0.0000E+00  0.0000E+00
  2.1000E+01  1.0080E+02  4.5000E+00  0.0000E+00  1.0000E+00  1.0000E+00  1.0000E+00  3.1034E+01 -9.8852E+00  0.0000E+00  0.0000E+00  2.9469E+01  0.0000E+00  0.0000E+00
  2.1000E+01  1.1230E+02  0.0000E+00  2.9100E+01  0.0000E+00  0.0000E+00  1.0000E+00  2.9445E+01 -1.1382E-01  1.5873E-02  2.9100E+01  2.7966E+01  1.1335E+00  1.6617E-02
  2.1000E+01  1.1280E+02  4.5000E+00  0.0000E+00  1.0000E+00  1.0000E+00  1.0000E+00  3.2042E+01 -9.9783E+00  0.0000E+00  0.0000E+00  3.0430E+01  0.0000E+00  0.0000E+00
  2.1000E+01  1.2430E+02  4.5000E+00  0.0000E+00  1.0000E+00  1.0000E+00  1.0000E+00  3.3065E+01 -1.0067E+01  0.0000E+00  0.0000E+00  3.1405E+01  0.0000E+00  0.0000E+00
  2.1000E+01  1.3630E+02  4.5000E+00  0.0000E+00  1.0000E+00  1.0000E+00  1.0000E+00  3.3965E+01 -1.0140E+01  0.0000E+00  0.0000E+00  3.2262E+01  0.0000E+00  0.0000E+00
  2.1000E+01  1.4880E+02  4.5000E+00  0.0000E+00  1.0000E+00  1.0000E+00  1.0000E+00  3.4742E+01 -1.0199E+01  0.0000E+00  0.0000E+00  3.3005E+01  0.0000E+00  0.0000E+00
  2.1000E+01  2.6060E+02  0.0000E+00  2.1100E+01  0.0000E+00  0.0000E+00  1.0000E+00  2.0601E+01  2.0391E-01  2.8215E-01  2.1100E+01  1.9617E+01  1.4826E+00  2.8954E-01
  2.2000E+01  0.0000E+00  0.0000E+00  0.0000E+00  1.0000E+00  0.0000E+00  1.0000E+00  0.0000E+00  0.0000E+00  0.0000E+00  0.0000E+00  0.0000E+00  0.0000E+00  0.0000E+00
  2.2000E+01  0.0000E+00  1.5000E+01  0.0000E+00  1.0000E+00  1.0000E+00  1.0000E+00  1.0766E+01 -5.5310E+00  0.0000E+00  0.0000E+00  9.9881E+00  0.0000E+00  0.0000E+00
  2.2000E+01  4.0000E+00  1.5000E+01  0.0000E+00  1.0000E+00  1.0000E+00  1.0000E+00  2.1316E+01 -8.5520E+00  0.0000E+00  0.0000E+00  1.9779E+01  0.0000E+00  0.0000E+00
  2.2000E+01  6.0000E+00  0.0000E+00  2.1800E+01  0.0000E+00  0.0000E+00  1.0000E+00  2.1102E+01  2.8155E-01  4.4572E-01  2.1800E+01  1.9583E+01  2.2165E+00  4.6300E-01
  2.2000E+01  1.6000E+01  4.0000E+00  0.0000E+00  1.0000E+00  1.0000E+00  1.0000E+00  2.2934E+01 -8.8433E+00  0.0000E+00  0.0000E+00  2.1296E+01  0.0000E+00  0.0000E+00
  2.2000E+01  2.8000E+01  4.0000E+00  0.0000E+00  1.0000E+00  1.0000E+00  1.0000E+00  2.4456E+01 -9.0877E+00  0.0000E+00  0.0000E+00  2.2725E+01  0.0000E+00  0.0000E+00
  2.2000E+01  4.0000E+01  4.0000E+00  0.0000E+00  1.0000E+00  1.0000E+00  1.0000E+00  2.5889E+01 -9.2943E+00  0.0000E+00  0.0000E+00  2.4072E+01  0.0000E+00  0.0000E+00
  2.2000E+01  5.1000E+01  0.0000E+00  2.5000E+01  0.0000E+00  0.0000E+00  1.0000E+00  2.4490E+01  1.8951E-01  3.7028E-01  2.5000E+01  2.2789E+01  2.2105E+00  3.8493E-01
  2.3000E+01  0.0000E+00  0.0000E+00  0.0000E+00  1.0000E+00  0.0000E+00  1.0000E+00  0.0000E+00  0.0000E+00  0.0000E+00  0.0000E+00  0.0000E+00  0.0000E+00  0.0000E+00
  2.3000E+01  0.0000E+00  6.0000E+01  0.0000E+00  1.0000E+00  1.0000E+00  1.0000E+00  2.1588E+01 -8.6033E+00  0.0000E+00  0.0000E+00  2.0262E+01  0.0000E+00  0.0000E+00
  2.3000E+01  1.1000E+01  0.0000E+00  2.2300E+01  0.0000E+00  0.0000E+00  1.0000E+00  2.0287E+01  8.2826E-01  9.8168E-01  2.2300E+01  1.9104E+01  3.1964E+00  1.0132E+00
  2.3000E+01  1.1500E+01  7.5000E+00  0.0000E+00  1.0000E+00  1.0000E+00  1.0000E+00  2.2928E+01 -8.8424E+00  0.0000E+00  0.0000E+00  2.1585E+01  0.0000E+00  0.0000E+00
  2.3000E+01  2.4000E+01  7.5000E+00  0.0000E+00  1.0000E+00  1.0000E+00  1.0000E+00  2.4064E+01 -9.0273E+00  0.0000E+00  0.0000E+00  2.2721E+01  0.0000E+00  0.0000E+00
  2.3000E+01  3.5500E+01  7.5000E+00  0.0000E+00  1.0000E+00  1.0000E+00  1.0000E+00  2.5249E+01 -9.2047E+00  0.0000E+00  0.0000E+00  2.3898E+01  0.0000E+00  0.0000E+00
  2.3000E+01  4.7000E+01  7.5000E+00  0.0000E+00  1.0000E+00  1.0000E+00  1.0000E+00  2.6359E+01 -9.3577E+00  0.0000E+00  0.0000E+00  2.5004E+01  0.0000E+00  0.0000E+00
  2.3000E+01  5.9500E+01  7.5000E+00  0.0000E+00  1.0000E+00  1.0000E+00  1.0000E+00  2.7261E+01 -9.4733E+00  0.0000E+00  0.0000E+00  2.5919E+01  0.0000E+00  0.0000E+00
  2.3000E+01  7.0500E+01  0.0000E+00  2.6600E+01  0.0000E+00  0.0000E+00  1.0000E+00  2.5619E+01  3.5451E-01  4.8160E-01  2.6600E+01  2.4437E+01  2.1629E+00  4.9634E-01
  2.3000E+01  7.1500E+01  7.5000E+00  0.0000E+00  1.0000E+00  1.0000E+00  1.0000E+00  2.8173E+01 -9.5830E+00  0.0000E+00  0.0000E+00  2.6839E+01  0.0000E+00  0.0000E+00
  2.3000E+01  8.4000E+01  7.5000E+00  0.0000E+00  1.0000E+00  1.0000E+00  1.0000E+00  2.8951E+01 -9.6711E+00  0.0000E+00  0.0000E+00  2.7635E+01  0.0000E+00  0.0000E+00
  2.3000E+01  9.5800E+01  7.5000E+00  0.0000E+00  1.0000E+00  1.0000E+00  1.0000E+00  2.9783E+01 -9.7603E+00  0.0000E+00  0.0000E+00  2.8477E+01  0.0000E+00  0.0000E+00
  2.3000E+01  1.0750E+02  7.5000E+00  0.0000E+00  1.0000E+00  1.0000E+00  1.0000E+00  3.0448E+01 -9.8280E+00  0.0000E+00  0.0000E+00  2.9164E+01  0.0000E+00  0.0000E+00
  2.3000E+01  1.2000E+02  7.5000E+00  0.0000E+00  1.0000E+00  1.0000E+00  1.0000E+00  3.0931E+01 -9.8753E+00  0.0000E+00  0.0000E+00  2.9682E+01  0.0000E+00  0.0000E+00
  2.3000E+01  1.3250E+02  7.5000E+00  0.0000E+00  1.0000E+00  1.0000E+00  1.0000E+00  3.1379E+01 -9.9178E+00  0.0000E+00  0.0000E+00  3.0165E+01  0.0000E+00  0.0000E+00
  2.3000E+01  1.4000E+02  0.0000E+00  2.7700E+01  0.0000E+00  0.0000E+00  1.0000E+00  2.9988E+01 -7.4645E-01 -6.5310E-01  2.7700E+01  2.8897E+01 -1.1968E+00 -6.6490E-01
  2.4000E+01  0.0000E+00  0.0000E+00  0.0000E+00  1.0000E+00  0.0000E+00  1.0000E+00  0.0000E+00  0.0000E+00  0.0000E+00  0.0000E+00  0.0000E+00  0.0000E+00  0.0000E+00
  2.4000E+01  0.0000E+00  6.3000E+01  0.0000E+00  1.0000E+00  1.0000E+00  1.0000E+00  1.9300E+01 -8.1366E+00  0.0000E+00  0.0000E+00  2.0653E+01  0.0000E+00  0.0000E+00
  2.4000E+01  7.0000E-01  6.3000E+01  0.0000E+00  1.0000E+00  1.0000E+00  1.0000E+00  3.8509E+01 -1.0450E+01  0.0000E+00  0.0000E+00  4.1202E+01  0.0000E+00  0.0000E+00
  2.4000E+01  2.0000E+00  0.0000E+00  3.7300E+01  0.0000E+00  0.0000E+00  1.0000E+00  3.8174E+01 -2.3881E-01 -4.9517E-01  3.7300E+01  4.0818E+01 -3.5183E+00 -4.6919E-01
  2.4000E+01  6.5000E+00  3.2000E+01  0.0000E+00  1.0000E+00  1.0000E+00  1.0000E+00  4.6840E+01 -1.0840E+01  0.0000E+00  0.0000E+00  5.0009E+01  0.0000E+00  0.0000E+00
  2.4000E+01  1.6000E+01  1.0000E+01  0.0000E+00  1.0000E+00  1.0000E+00  1.0000E+00  4.7007E+01 -1.0846E+01  0.0000E+00  0.0000E+00  4.9985E+01  0.0000E+00  0.0000E+00
  2.4000E+01  2.8000E+01  1.0000E+01  0.0000E+00  1.0000E+00  1.0000E+00  1.0000E+00  4.6428E+01 -1.0825E+01  0.0000E+00  0.0000E+00  4.9132E+01  0.0000E+00  0.0000E+00
  2.4000E+01  4.0000E+01  1.0000E+01  0.0000E+00  1.0000E+00  1.0000E+00  1.0000E+00  4.5895E+01 -1.0804E+01  0.0000E+00  0.0000E+00  4.8349E+01  0.0000E+00  0.0000E+00
  2.4000E+01  5.2700E+01  1.0000E+01  0.0000E+00  1.0000E+00  1.0000E+00  1.0000E+00  4.5204E+01 -1.0777E+01  0.0000E+00  0.0000E+00  4.7408E+01  0.0000E+00  0.0000E+00
  2.4000E+01  6.4000E+01  1.0000E+01  0.0000E+00  1.0000E+00  1.0000E+00  1.0000E+00  4.4962E+01 -1.0767E+01  0.0000E+00  0.0000E+00  4.6987E+01  0.0000E+00  0.0000E+00
  2.4000E+01  7.6000E+01  1.0000E+01  0.0000E+00  1.0000E+00  1.0000E+00  1.0000E+00  4.4542E+01 -1.0750E+01  0.0000E+00  0.0000E+00  4.6381E+01  0.0000E+00  0.0000E+00
  2.4000E+01  7.9000E+01  0.0000E+00  4.1700E+01  0.0000E+00  0.0000E+00  1.0000E+00  4.3653E+01 -4.7917E-01 -6.1442E-01  4.1700E+01  4.5391E+01 -3.6911E+00 -5.9208E-01
  2.4000E+01  8.8000E+01  1.0000E+01  0.0000E+00  1.0000E+00  1.0000E+00  1.0000E+00  4.4154E+01 -1.0734E+01  0.0000E+00  0.0000E+00  4.5825E+01  0.0000E+00  0.0000E+00
  2.4000E+01  1.0000E+02  1.0000E+01  0.0000E+00  1.0000E+00  1.0000E+00  1.0000E+00  4.3845E+01 -1.0721E+01  0.0000E+00  0.0000E+00  4.5369E+01  0.0000E+00  0.0000E+00
  2.4000E+01  1.1200E+02  1.0000E+01  0.0000E+00  1.0000E+00  1.0000E+00  1.0000E+00  4.3559E+01 -1.0708E+01  0.0000E+00  0.0000E+00  4.4949E+01  0.0000E+00  0.0000E+00
  2.4000E+01  1.2400E+02  1.0000E+01  0.0000E+00  1.0000E+00  1.0000E+00  1.0000E+00  4.3296E+01 -1.0696E+01  0.0000E+00  0.0000E+00  4.4564E+01  0.0000E+00  0.0000E+00
  2.4000E+01  1.3600E+02  1.0000E+01  0.0000E+00  1.0000E+00  1.0000E+00  1.0000E+00  4.3052E+01 -1.0686E+01  0.0000E+00  0.0000E+00  4.4210E+01  0.0000E+00  0.0000E+00
  2.4000E+01  1.4750E+02  1.0000E+01  0.0000E+00  1.0000E+00  1.0000E+00  1.0000E+00  4.2959E+01 -1.0681E+01  0.0000E+00  0.0000E+00  4.4030E+01  0.0000E+00  0.0000E+00
  2.4000E+01  1.7600E+02  0.0000E+00  3.8100E+01  0.0000E+00  0.0000E+00  1.0000E+00  3.5571E+01  7.2938E-01  7.3592E-01  3.8100E+01  3.5980E+01  2.1201E+00  7.2067E-01
  2.5000E+01  0.0000E+00  0.0000E+00  0.0000E+00  1.0000E+00  0.0000E+00  1.0000E+00  0.0000E+00  0.0000E+00  0.0000E+00  0.0000E+00  0.0000E+00  0.0000E+00  0.0000E+00
  2.5000E+01  0.0000E+00  1.5000E+01  0.0000E+00  1.0000E+00  1.0000E+00  1.0000E+00  1.4980E+01 -7.0108E+00  0.0000E+00  0.0000E+00  2.0373E+01  0.0000E+00  0.0000E+00
  2.5000E+01  2.0000E+00  0.0000E+00  1.3700E+01  0.0000E+00  0.0000E+00  1.0000E+00  1.4846E+01 -5.3823E-01 -9.2788E-01  1.3700E+01  2.0172E+01 -6.4724E+00 -7.9159E-01
  2.5000E+01  1.2000E+01  1.9000E+00  0.0000E+00  1.0000E+00  1.0000E+00  1.0000E+00  1.6092E+01 -7.3350E+00  0.0000E+00  0.0000E+00  2.1781E+01  0.0000E+00  0.0000E+00
  2.5000E+01  1.8500E+01  7.5000E+00  0.0000E+00  1.0000E+00  1.0000E+00  1.0000E+00  2.3120E+01 -8.8747E+00  0.0000E+00  0.0000E+00  3.1279E+01  0.0000E+00  0.0000E+00
  2.5000E+01  2.1000E+01  0.0000E+00  2.1800E+01  0.0000E+00  0.0000E+00  1.0000E+00  2.2862E+01 -4.1011E-01 -9.7373E-01  2.1800E+01  3.0895E+01 -9.0950E+00 -8.1361E-01
  2.5000E+01  2.3700E+01  1.5000E+00  0.0000E+00  1.0000E+00  1.0000E+00  1.0000E+00  2.4084E+01 -9.0305E+00  0.0000E+00  0.0000E+00  3.2523E+01  0.0000E+00  0.0000E+00
  2.5000E+01  3.5800E+01  1.5000E+00  0.0000E+00  1.0000E+00  1.0000E+00  1.0000E+00  2.4309E+01 -9.0653E+00  0.0000E+00  0.0000E+00  3.2673E+01  0.0000E+00  0.0000E+00
  2.5000E+01  4.8300E+01  1.5000E+00  0.0000E+00  1.0000E+00  1.0000E+00  1.0000E+00  2.4481E+01 -9.0915E+00  0.0000E+00  0.0000E+00  3.2754E+01  0.0000E+00  0.0000E+00
  2.5000E+01  6.0500E+01  1.5000E+00  0.0000E+00  1.0000E+00  1.0000E+00  1.0000E+00  2.4674E+01 -9.1206E+00  0.0000E+00  0.0000E+00  3.2876E+01  0.0000E+00  0.0000E+00
  2.5000E+01  6.1500E+01  0.0000E+00  1.6700E+01  0.0000E+00  0.0000E+00  1.0000E+00  2.4564E+01 -2.9145E+00 -3.4633E+00  1.6700E+01  3.2714E+01 -1.6014E+01 -2.8704E+00
  2.5000E+01  7.0700E+01  5.0000E+00  0.0000E+00  1.0000E+00  1.0000E+00  1.0000E+00  2.8563E+01 -9.6278E+00  0.0000E+00  0.0000E+00  3.8052E+01  0.0000E+00  0.0000E+00
  2.5000E+01  7.2000E+01  2.0000E+00  0.0000E+00  1.0000E+00  1.0000E+00  1.0000E+00  3.0395E+01 -9.8227E+00  0.0000E+00  0.0000E+00  4.0524E+01  0.0000E+00  0.0000E+00
  2.5000E+01  8.4000E+01  2.0000E+00  0.0000E+00  1.0000E+00  1.0000E+00  1.0000E+00  3.0798E+01 -9.8624E+00  0.0000E+00  0.0000E+00  4.0908E+01  0.0000E+00  0.0000E+00
  2.5000E+01  9.0500E+01  0.0000E+00  2.9800E+01  0.0000E+00  0.0000E+00  1.0000E+00  2.9912E+01 -3.6717E-02 -6.6719E-01  2.9800E+01  3.9616E+01 -9.8159E+00 -5.7609E-01
  2.5000E+01  9.5800E+01  2.0000E+00  0.0000E+00  1.0000E+00  1.0000E+00  1.0000E+00  3.1207E+01 -9.9016E+00  0.0000E+00  0.0000E+00  4.1309E+01  0.0000E+00  0.0000E+00
  2.5000E+01  1.0800E+02  2.0000E+00  0.0000E+00  1.0000E+00  1.0000E+00  1.0000E+00  3.1633E+01 -9.9413E+00  0.0000E+00  0.0000E+00  4.1743E+01  0.0000E+00  0.0000E+00
  2.5000E+01  1.2000E+02  2.0000E+00  0.0000E+00  1.0000E+00  1.0000E+00  1.0000E+00  3.2064E+01 -9.9803E+00  0.0000E+00  0.0000E+00  4.2190E+01  0.0000E+00  0.0000E+00
  2.5000E+01  1.2150E+02  0.0000E+00  3.8000E+01  0.0000E+00  0.0000E+00  1.0000E+00  3.1861E+01  1.9194E+00  1.2843E+00  3.8000E+01  4.1897E+01 -3.8967E+00  9.9252E-01
  2.5000E+01  1.3200E+02  2.0000E+00  0.0000E+00  1.0000E+00  1.0000E+00  1.0000E+00  3.2474E+01 -1.0016E+01  0.0000E+00  0.0000E+00  4.2613E+01  0.0000E+00  0.0000E+00
  2.5000E+01  1.3800E+02  0.0000E+00  3.1300E+01  0.0000E+00  0.0000E+00  1.0000E+00  3.1659E+01 -1.1288E-01 -7.2458E-01  3.1300E+01  4.1439E+01 -1.0139E+01 -6.2682E-01
  2.6000E+01  0.0000E+00  0.0000E+00  0.0000E+00  1.0000E+00  0.0000E+00  1.0000E+00  0.0000E+00  0.0000E+00  0.0000E+00  0.0000E+00  0.0000E+00  0.0000E+00  0.0000E+00
  2.6000E+01  0.0000E+00  7.0000E+01  0.0000E+00  1.0000E+00  1.0000E+00  1.0000E+00  2.3543E+01 -8.9444E+00  0.0000E+00  0.0000E+00  2.1103E+01  0.0000E+00  0.0000E+00
  2.6000E+01  1.1500E+01  9.0000E+00  0.0000E+00  1.0000E+00  1.0000E+00  1.0000E+00  2.5167E+01 -9.1929E+00  0.0000E+00  0.0000E+00  2.2568E+01  0.0000E+00  0.0000E+00
  2.6000E+01  2.3500E+01  9.0000E+00  0.0000E+00  1.0000E+00  1.0000E+00  1.0000E+00  2.6631E+01 -9.3933E+00  0.0000E+00  0.0000E+00  2.3891E+01  0.0000E+00  0.0000E+00
  2.6000E+01  3.5500E+01  9.0000E+00  0.0000E+00  1.0000E+00  1.0000E+00  1.0000E+00  2.8004E+01 -9.5632E+00  0.0000E+00  0.0000E+00  2.5133E+01  0.0000E+00  0.0000E+00
  2.6000E+01  3.7500E+01  0.0000E+00  2.8600E+01  0.0000E+00  0.0000E+00  1.0000E+00  2.7706E+01  3.0732E-01  5.6540E-01  2.8600E+01  2.4868E+01  3.7319E+00  5.9882E-01
  2.6000E+01  4.7500E+01  9.0000E+00  0.0000E+00  1.0000E+00  1.0000E+00  1.0000E+00  2.9292E+01 -9.7083E+00  0.0000E+00  0.0000E+00  2.6298E+01  0.0000E+00  0.0000E+00
  2.6000E+01  5.9500E+01  9.0000E+00  0.0000E+00  1.0000E+00  1.0000E+00  1.0000E+00  3.0500E+01 -9.8331E+00  0.0000E+00  0.0000E+00  2.7391E+01  0.0000E+00  0.0000E+00
  2.6000E+01  7.1500E+01  9.0000E+00  0.0000E+00  1.0000E+00  1.0000E+00  1.0000E+00  3.1633E+01 -9.9412E+00  0.0000E+00  0.0000E+00  2.8417E+01  0.0000E+00  0.0000E+00
  2.6000E+01  8.3500E+01  9.0000E+00  0.0000E+00  1.0000E+00  1.0000E+00  1.0000E+00  3.2695E+01 -1.0035E+01  0.0000E+00  0.0000E+00  2.9380E+01  0.0000E+00  0.0000E+00
  2.6000E+01  9.5500E+01  9.0000E+00  0.0000E+00  1.0000E+00  1.0000E+00  1.0000E+00  3.3692E+01 -1.0118E+01  0.0000E+00  0.0000E+00  3.0284E+01  0.0000E+00  0.0000E+00
  2.6000E+01  1.0750E+02  9.0000E+00  0.0000E+00  1.0000E+00  1.0000E+00  1.0000E+00  3.4485E+01 -1.0180E+01  0.0000E+00  0.0000E+00  3.1005E+01  0.0000E+00  0.0000E+00
  2.6000E+01  1.1050E+02  0.0000E+00  3.4900E+01  0.0000E+00  0.0000E+00  1.0000E+00  3.3898E+01  2.9946E-01  6.0148E-01  3.4900E+01  3.0483E+01  4.4175E+00  6.3817E-01
  2.7000E+01  0.0000E+00  0.0000E+00  0.0000E+00  1.0000E+00  0.0000E+00  1.0000E+00  0.0000E+00  0.0000E+00  0.0000E+00  0.0000E+00  0.0000E+00  0.0000E+00  0.0000E+00
  2.7000E+01  0.0000E+00  3.5000E+01  0.0000E+00  1.0000E+00  1.0000E+00  1.0000E+00  2.4024E+01 -9.0211E+00  0.0000E+00  0.0000E+00  1.8683E+01  0.0000E+00  0.0000E+00
  2.7000E+01  1.7000E+00  0.0000E+00  2.6400E+01  0.0000E+00  0.0000E+00  1.0000E+00  2.3819E+01  9.7410E-01  1.6109E+00  2.6400E+01  1.8532E+01  7.8679E+00  1.8296E+00
  2.7000E+01  1.2400E+01  5.0000E+00  0.0000E+00  1.0000E+00  1.0000E+00  1.0000E+00  2.6001E+01 -9.3096E+00  0.0000E+00  0.0000E+00  2.0280E+01  0.0000E+00  0.0000E+00
  2.7000E+01  2.3700E+01  5.0000E+00  0.0000E+00  1.0000E+00  1.0000E+00  1.0000E+00  2.7994E+01 -9.5620E+00  0.0000E+00  0.0000E+00  2.1886E+01  0.0000E+00  0.0000E+00
  2.7000E+01  3.5200E+01  5.0000E+00  0.0000E+00  1.0000E+00  1.0000E+00  1.0000E+00  2.9850E+01 -9.7673E+00  0.0000E+00  0.0000E+00  2.3388E+01  0.0000E+00  0.0000E+00
  2.7000E+01  4.8000E+01  5.0000E+00  0.0000E+00  1.0000E+00  1.0000E+00  1.0000E+00  3.1418E+01 -9.9214E+00  0.0000E+00  0.0000E+00  2.4673E+01  0.0000E+00  0.0000E+00
  2.7000E+01  5.9700E+01  5.0000E+00  0.0000E+00  1.0000E+00  1.0000E+00  1.0000E+00  3.3052E+01 -1.0066E+01  0.0000E+00  0.0000E+00  2.6004E+01  0.0000E+00  0.0000E+00
  2.7000E+01  7.1700E+01  5.0000E+00  0.0000E+00  1.0000E+00  1.0000E+00  1.0000E+00  3.4545E+01 -1.0184E+01  0.0000E+00  0.0000E+00  2.7228E+01  0.0000E+00  0.0000E+00
  2.7000E+01  8.3200E+01  0.0000E+00  3.3300E+01  0.0000E+00  0.0000E+00  1.0000E+00  3.2600E+01  2.1526E-01  9.6585E-01  3.3300E+01  2.5776E+01  7.5243E+00  1.0947E+00
  2.8000E+01  0.0000E+00  0.0000E+00  0.0000E+00  1.0000E+00  0.0000E+00  1.0000E+00  0.0000E+00  0.0000E+00  0.0000E+00  0.0000E+00  0.0000E+00  0.0000E+00  0.0000E+00
  2.8000E+01  0.0000E+00  6.0000E+01  0.0000E+00  1.0000E+00  1.0000E+00  1.0000E+00  1.8021E+01 -7.8393E+00  0.0000E+00  0.0000E+00  1.9669E+01  0.0000E+00  0.0000E+00
  2.8000E+01  2.0000E+00  0.0000E+00  1.6900E+01  0.0000E+00  0.0000E+00  1.0000E+00  1.7825E+01 -4.0438E-01 -6.8487E-01  1.6900E+01  1.9451E+01 -2.5513E+00 -6.5659E-01
  2.9000E+01  0.0000E+00  0.0000E+00  0.0000E+00  1.0000E+00  0.0000E+00  1.0000E+00  0.0000E+00  0.0000E+00  0.0000E+00  0.0000E+00  0.0000E+00  0.0000E+00  0.0000E+00
  2.9000E+01  0.0000E+00  2.0000E+01  0.0000E+00  1.0000E+00  1.0000E+00  1.0000E+00  1.9606E+01 -8.2038E+00  0.0000E+00  0.0000E+00  1.9459E+01  0.0000E+00  0.0000E+00
  2.9000E+01  1.2000E+01  2.5000E+00  0.0000E+00  1.0000E+00  1.0000E+00  1.0000E+00  2.1073E+01 -8.5052E+00  0.0000E+00  0.0000E+00  2.0916E+01  0.0000E+00  0.0000E+00
  2.9000E+01  2.3500E+01  2.5000E+00  0.0000E+00  1.0000E+00  1.0000E+00  1.0000E+00  2.2510E+01 -8.7704E+00  0.0000E+00  0.0000E+00  2.2343E+01  0.0000E+00  0.0000E+00
  2.9000E+01  3.6500E+01  2.5000E+00  0.0000E+00  1.0000E+00  1.0000E+00  1.0000E+00  2.3741E+01 -8.9763E+00  0.0000E+00  0.0000E+00  2.3566E+01  0.0000E+00  0.0000E+00
  2.9000E+01  4.7500E+01  0.0000E+00  2.2900E+01  0.0000E+00  0.0000E+00  1.0000E+00  2.2647E+01  9.8270E-02  9.7346E-02  2.2900E+01  2.2481E+01  4.1898E-01  9.7682E-02
  3.0000E+01  0.0000E+00  0.0000E+00  0.0000E+00  1.0000E+00  0.0000E+00  1.0000E+00  0.0000E+00  0.0000E+00  0.0000E+00  0.0000E+00  0.0000E+00  0.0000E+00  0.0000E+00
  3.0000E+01  0.0000E+00  1.8000E+01  0.0000E+00  1.0000E+00  1.0000E+00  1.0000E+00  9.5215E+00 -5.0128E+00  0.0000E+00  0.0000E+00  1.0107E+01  0.0000E+00  0.0000E+00
  3.0000E+01  2.2000E+00  1.8000E+01  0.0000E+00  1.0000E+00  1.0000E+00  1.0000E+00  1.8944E+01 -8.0567E+00  0.0000E+00  0.0000E+00  2.0106E+01  0.0000E+00  0.0000E+00
  3.0000E+01  6.3000E+00  0.0000E+00  1.7900E+01  0.0000E+00  0.0000E+00  1.0000E+00  1.8578E+01 -2.9076E-01 -4.8587E-01  1.7900E+01  1.9710E+01 -1.8097E+00 -4.7172E-01
  3.0000E+01  1.5300E+01  3.5000E+00  0.0000E+00  1.0000E+00  1.0000E+00  1.0000E+00  1.9650E+01 -8.2132E+00  0.0000E+00  0.0000E+00  2.0832E+01  0.0000E+00  0.0000E+00
  3.0000E+01  2.6300E+01  3.5000E+00  0.0000E+00  1.0000E+00  1.0000E+00  1.0000E+00  2.0498E+01 -8.3909E+00  0.0000E+00  0.0000E+00  2.1714E+01  0.0000E+00  0.0000E+00
  3.0000E+01  3.8800E+01  3.5000E+00  0.0000E+00  1.0000E+00  1.0000E+00  1.0000E+00  2.1165E+01 -8.5230E+00  0.0000E+00  0.0000E+00  2.2400E+01  0.0000E+00  0.0000E+00
  3.0000E+01  5.0800E+01  3.5000E+00  0.0000E+00  1.0000E+00  1.0000E+00  1.0000E+00  2.1841E+01 -8.6504E+00  0.0000E+00  0.0000E+00  2.3098E+01  0.0000E+00  0.0000E+00
  3.0000E+01  6.2800E+01  3.5000E+00  0.0000E+00  1.0000E+00  1.0000E+00  1.0000E+00  2.2479E+01 -8.7650E+00  0.0000E+00  0.0000E+00  2.3756E+01  0.0000E+00  0.0000E+00
  3.0000E+01  7.5300E+01  3.5000E+00  0.0000E+00  1.0000E+00  1.0000E+00  1.0000E+00  2.3032E+01 -8.8599E+00  0.0000E+00  0.0000E+00  2.4322E+01  0.0000E+00  0.0000E+00
  3.0000E+01  8.7300E+01  3.5000E+00  0.0000E+00  1.0000E+00  1.0000E+00  1.0000E+00  2.3604E+01 -8.9543E+00  0.0000E+00  0.0000E+00  2.4910E+01  0.0000E+00  0.0000E+00
  3.0000E+01  9.8800E+01  3.5000E+00  0.0000E+00  1.0000E+00  1.0000E+00  1.0000E+00  2.4126E+01 -9.0370E+00  0.0000E+00  0.0000E+00  2.5446E+01  0.0000E+00  0.0000E+00
  3.0000E+01  1.1080E+02  3.5000E+00  0.0000E+00  1.0000E+00  1.0000E+00  1.0000E+00  2.4561E+01 -9.1037E+00  0.0000E+00  0.0000E+00  2.5889E+01  0.0000E+00  0.0000E+00
  3.0000E+01  1.2330E+02  3.5000E+00  0.0000E+00  1.0000E+00  1.0000E+00  1.0000E+00  2.4913E+01 -9.1560E+00  0.0000E+00  0.0000E+00  2.6243E+01  0.0000E+00  0.0000E+00
  3.0000E+01  1.3480E+02  3.5000E+00  0.0000E+00  1.0000E+00  1.0000E+00  1.0000E+00  2.5361E+01 -9.2207E+00  0.0000E+00  0.0000E+00  2.6702E+01  0.0000E+00  0.0000E+00
  3.0000E+01  2.2630E+02  0.0000E+00  1.6500E+01  0.0000E+00  0.0000E+00  1.0000E+00  1.6259E+01  1.0930E-01 -1.2308E-02  1.6500E+01  1.6970E+01 -4.7003E-01 -1.2331E-02
  3.1000E+01  0.0000E+00  0.0000E+00  0.0000E+00  1.0000E+00  0.0000E+00  1.0000E+00  0.0000E+00  0.0000E+00  0.0000E+00  0.0000E+00  0.0000E+00  0.0000E+00  0.0000E+00
  3.1000E+01  0.0000E+00  3.0000E+01  0.0000E+00  1.0000E+00  1.0000E+00  1.0000E+00  2.3923E+01 -9.0053E+00  0.0000E+00  0.0000E+00  2.1308E+01  0.0000E+00  0.0000E+00
  3.1000E+01  1.0000E+00  0.0000E+00  2.5300E+01  0.0000E+00  0.0000E+00  1.0000E+00  2.3815E+01  5.6047E-01  9.2171E-01  2.5300E+01  2.1214E+01  4.0861E+00  9.7844E-01
  3.2000E+01  0.0000E+00  0.0000E+00  0.0000E+00  1.0000E+00  0.0000E+00  1.0000E+00  0.0000E+00  0.0000E+00  0.0000E+00  0.0000E+00  0.0000E+00  0.0000E+00  0.0000E+00
  3.2000E+01  0.0000E+00  7.0000E+01  0.0000E+00  1.0000E+00  1.0000E+00  1.0000E+00  1.5127E+01 -7.0550E+00  0.0000E+00  0.0000E+00  2.0554E+01  0.0000E+00  0.0000E+00
  3.2000E+01  6.5000E+00  0.0000E+00  1.2700E+01  0.0000E+00  0.0000E+00  1.0000E+00  1.4596E+01 -8.9513E-01 -1.4837E+00  1.2700E+01  1.9800E+01 -7.1003E+00 -1.2966E+00
  3.2000E+01  1.2000E+01  7.5000E+00  0.0000E+00  1.0000E+00  1.0000E+00  1.0000E+00  1.5781E+01 -7.2469E+00  0.0000E+00  0.0000E+00  2.1387E+01  0.0000E+00  0.0000E+00
  3.2000E+01  2.1600E+01  3.5000E+01  0.0000E+00  1.0000E+00  1.0000E+00  1.0000E+00  2.2533E+01 -8.7744E+00  0.0000E+00  0.0000E+00  3.0516E+01  0.0000E+00  0.0000E+00
  3.2000E+01  2.4000E+01  0.0000E+00  2.2100E+01  0.0000E+00  0.0000E+00  1.0000E+00  2.2237E+01 -5.3919E-02 -8.9149E-01  2.2100E+01  3.0098E+01 -7.9977E+00 -7.7001E-01
  3.2000E+01  2.4300E+01  7.5000E+00  0.0000E+00  1.0000E+00  1.0000E+00  1.0000E+00  2.3822E+01 -8.9892E+00  0.0000E+00  0.0000E+00  3.2248E+01  0.0000E+00  0.0000E+00
  3.2000E+01  3.5600E+01  7.5000E+00  0.0000E+00  1.0000E+00  1.0000E+00  1.0000E+00  2.4007E+01 -9.0184E+00  0.0000E+00  0.0000E+00  3.2423E+01  0.0000E+00  0.0000E+00
  3.2000E+01  4.8000E+01  7.5000E+00  0.0000E+00  1.0000E+00  1.0000E+00  1.0000E+00  2.4045E+01 -9.0243E+00  0.0000E+00  0.0000E+00  3.2395E+01  0.0000E+00  0.0000E+00
  3.2000E+01  6.1000E+01  7.5000E+00  0.0000E+00  1.0000E+00  1.0000E+00  1.0000E+00  2.4006E+01 -9.0183E+00  0.0000E+00  0.0000E+00  3.2266E+01  0.0000E+00  0.0000E+00
  3.2000E+01  7.2000E+01  7.5000E+00  0.0000E+00  1.0000E+00  1.0000E+00  1.0000E+00  2.4217E+01 -9.0512E+00  0.0000E+00  0.0000E+00  3.2491E+01  0.0000E+00  0.0000E+00
  3.2000E+01  8.3500E+01  0.0000E+00  2.1200E+01  0.0000E+00  0.0000E+00  1.0000E+00  2.2733E+01 -5.9395E-01 -1.4127E+00  2.1200E+01  3.0414E+01 -9.2138E+00 -1.2079E+00
  3.3000E+01  0.0000E+00  0.0000E+00  0.0000E+00  1.0000E+00  0.0000E+00  1.0000E+00  0.0000E+00  0.0000E+00  0.0000E+00  0.0000E+00  0.0000E+00  0.0000E+00  0.0000E+00
  3.3000E+01  0.0000E+00  1.7000E+01  0.0000E+00  1.0000E+00  1.0000E+00  1.0000E+00  1.0853E+01 -5.5658E+00  0.0000E+00  0.0000E+00  1.0069E+01  0.0000E+00  0.0000E+00
  3.3000E+01  4.0000E+00  1.7000E+01  0.0000E+00  1.0000E+00  1.0000E+00  1.0000E+00  2.1513E+01 -8.5894E+00  0.0000E+00  0.0000E+00  1.9961E+01  0.0000E+00  0.0000E+00
  3.3000E+01  5.5000E+00  0.0000E+00  2.1200E+01  0.0000E+00  0.0000E+00  1.0000E+00  2.1370E+01 -6.7918E-02  8.8250E-02  2.1200E+01  1.9828E+01  1.3717E+00  9.2178E-02
  3.3000E+01  1.6000E+01  4.3000E+00  0.0000E+00  1.0000E+00  1.0000E+00  1.0000E+00  2.3135E+01 -8.8772E+00  0.0000E+00  0.0000E+00  2.1470E+01  0.0000E+00  0.0000E+00
  3.3000E+01  2.8000E+01  4.3000E+00  0.0000E+00  1.0000E+00  1.0000E+00  1.0000E+00  2.4672E+01 -9.1202E+00  0.0000E+00  0.0000E+00  2.2900E+01  0.0000E+00  0.0000E+00
  3.3000E+01  4.0300E+01  4.3000E+00  0.0000E+00  1.0000E+00  1.0000E+00  1.0000E+00  2.6097E+01 -9.3227E+00  0.0000E+00  0.0000E+00  2.4228E+01  0.0000E+00  0.0000E+00
  3.3000E+01  5.2000E+01  4.3000E+00  0.0000E+00  1.0000E+00  1.0000E+00  1.0000E+00  2.7513E+01 -9.5043E+00  0.0000E+00  0.0000E+00  2.5545E+01  0.0000E+00  0.0000E+00
  3.3000E+01  6.5000E+01  0.0000E+00  2.7400E+01  0.0000E+00  0.0000E+00  1.0000E+00  2.5959E+01  5.1630E-01  7.0534E-01  2.7400E+01  2.4109E+01  3.2905E+00  7.3386E-01
  3.4000E+01  0.0000E+00  0.0000E+00  0.0000E+00  1.0000E+00  0.0000E+00  1.0000E+00  0.0000E+00  0.0000E+00  0.0000E+00  0.0000E+00  0.0000E+00  0.0000E+00  0.0000E+00
  3.4000E+01  0.0000E+00  3.4000E+01  0.0000E+00  1.0000E+00  1.0000E+00  1.0000E+00  2.2467E+01 -8.7629E+00  0.0000E+00  0.0000E+00  2.0139E+01  0.0000E+00  0.0000E+00
  3.4000E+01  1.8000E+00  0.0000E+00  2.2100E+01  0.0000E+00  0.0000E+00  1.0000E+00  2.2231E+01 -5.1331E-02  1.9602E-01  2.2100E+01  1.9926E+01  2.1741E+00  2.0712E-01
  3.4000E+01  1.1800E+01  4.3000E+00  0.0000E+00  1.0000E+00  1.0000E+00  1.0000E+00  2.3803E+01 -8.9862E+00  0.0000E+00  0.0000E+00  2.1331E+01  0.0000E+00  0.0000E+00
  3.4000E+01  2.3800E+01  4.3000E+00  0.0000E+00  1.0000E+00  1.0000E+00  1.0000E+00  2.5023E+01 -9.1721E+00  0.0000E+00  0.0000E+00  2.2420E+01  0.0000E+00  0.0000E+00
  3.4000E+01  4.7800E+01  4.3000E+00  0.0000E+00  1.0000E+00  1.0000E+00  1.0000E+00  2.4571E+01 -9.1052E+00  0.0000E+00  0.0000E+00  2.2006E+01  0.0000E+00  0.0000E+00
  3.4000E+01  5.9800E+01  4.0000E+00  0.0000E+00  1.0000E+00  1.0000E+00  1.0000E+00  2.5541E+01 -9.2461E+00  0.0000E+00  0.0000E+00  2.2871E+01  0.0000E+00  0.0000E+00
  3.4000E+01  7.1800E+01  4.0000E+00  0.0000E+00  1.0000E+00  1.0000E+00  1.0000E+00  2.6444E+01 -9.3689E+00  0.0000E+00  0.0000E+00  2.3677E+01  0.0000E+00  0.0000E+00
  3.4000E+01  8.3800E+01  4.0000E+00  0.0000E+00  1.0000E+00  1.0000E+00  1.0000E+00  2.7286E+01 -9.4764E+00  0.0000E+00  0.0000E+00  2.4427E+01  0.0000E+00  0.0000E+00
  3.4000E+01  8.6800E+01  0.0000E+00  2.8700E+01  0.0000E+00  0.0000E+00  1.0000E+00  2.6809E+01  6.6421E-01  9.7274E-01  2.8700E+01  2.3999E+01  4.7012E+00  1.0332E+00
  3.5000E+01  0.0000E+00  0.0000E+00  0.0000E+00  1.0000E+00  0.0000E+00  1.0000E+00  0.0000E+00  0.0000E+00  0.0000E+00  0.0000E+00  0.0000E+00  0.0000E+00  0.0000E+00
  3.5000E+01  0.0000E+00  2.5000E+01  0.0000E+00  1.0000E+00  1.0000E+00  1.0000E+00  1.2892E+01 -6.3292E+00  0.0000E+00  0.0000E+00  1.0324E+01  0.0000E+00  0.0000E+00
  3.5000E+01  3.5000E+00  2.5000E+01  0.0000E+00  1.0000E+00  1.0000E+00  1.0000E+00  2.5561E+01 -9.2490E+00  0.0000E+00  0.0000E+00  2.0467E+01  0.0000E+00  0.0000E+00
  3.5000E+01  1.5000E+01  6.0000E+00  0.0000E+00  1.0000E+00  1.0000E+00  1.0000E+00  2.7238E+01 -9.4704E+00  0.0000E+00  0.0000E+00  2.1789E+01  0.0000E+00  0.0000E+00
  3.5000E+01  1.9000E+01  0.0000E+00  2.5200E+01  0.0000E+00  0.0000E+00  1.0000E+00  2.6703E+01 -5.2915E-01  3.9499E-02  2.5200E+01  2.1353E+01  3.8466E+00  2.3914E-02
  3.5000E+01  2.7000E+01  6.0000E+00  0.0000E+00  1.0000E+00  1.0000E+00  1.0000E+00  2.8758E+01 -9.6497E+00  0.0000E+00  0.0000E+00  2.2985E+01  0.0000E+00  0.0000E+00
  3.5000E+01  3.9000E+01  6.0000E+00  0.0000E+00  1.0000E+00  1.0000E+00  1.0000E+00  3.0190E+01 -9.8021E+00  0.0000E+00  0.0000E+00  2.4111E+01  0.0000E+00  0.0000E+00
  3.5000E+01  5.1000E+01  6.0000E+00  0.0000E+00  1.0000E+00  1.0000E+00  1.0000E+00  3.1539E+01 -9.9326E+00  0.0000E+00  0.0000E+00  2.5170E+01  0.0000E+00  0.0000E+00
  3.5000E+01  6.3000E+01  6.0000E+00  0.0000E+00  1.0000E+00  1.0000E+00  1.0000E+00  3.2810E+01 -1.0045E+01  0.0000E+00  0.0000E+00  2.6167E+01  0.0000E+00  0.0000E+00
  3.5000E+01  7.5000E+01  6.0000E+00  0.0000E+00  1.0000E+00  1.0000E+00  1.0000E+00  3.4008E+01 -1.0143E+01  0.0000E+00  0.0000E+00  2.7106E+01  0.0000E+00  0.0000E+00
  3.5000E+01  8.7000E+01  6.0000E+00  0.0000E+00  1.0000E+00  1.0000E+00  1.0000E+00  3.5136E+01 -1.0228E+01  0.0000E+00  0.0000E+00  2.7989E+01  0.0000E+00  0.0000E+00
  3.5000E+01  9.9000E+01  0.0000E+00  3.8000E+01  0.0000E+00  0.0000E+00  1.0000E+00  3.3181E+01  1.4635E+00  2.1826E+00  3.8000E+01  2.6403E+01  1.1597E+01  2.4931E+00
  3.6000E+01  0.0000E+00  0.0000E+00  0.0000E+00  1.0000E+00  0.0000E+00  1.0000E+00  0.0000E+00  0.0000E+00  0.0000E+00  0.0000E+00  0.0000E+00  0.0000E+00  0.0000E+00
  3.6000E+01  0.0000E+00  3.0000E+01  0.0000E+00  1.0000E+00  1.0000E+00  1.0000E+00  2.0767E+01 -8.4449E+00  0.0000E+00  0.0000E+00  1.9976E+01  0.0000E+00  0.0000E+00
  3.6000E+01  2.0000E+00  0.0000E+00  2.3200E+01  0.0000E+00  0.0000E+00  1.0000E+00  2.0538E+01  1.0885E+00  1.2479E+00  2.3200E+01  1.9768E+01  3.4321E+00  1.2729E+00
  3.6000E+01  1.2000E+01  4.0000E+00  0.0000E+00  1.0000E+00  1.0000E+00  1.0000E+00  2.2201E+01 -8.7156E+00  0.0000E+00  0.0000E+00  2.1422E+01  0.0000E+00  0.0000E+00
  3.6000E+01  2.3500E+01  4.0000E+00  0.0000E+00  1.0000E+00  1.0000E+00  1.0000E+00  2.3600E+01 -8.9537E+00  0.0000E+00  0.0000E+00  2.2832E+01  0.0000E+00  0.0000E+00
  3.6000E+01  3.6000E+01  4.0000E+00  0.0000E+00  1.0000E+00  1.0000E+00  1.0000E+00  2.4791E+01 -9.1379E+00  0.0000E+00  0.0000E+00  2.4047E+01  0.0000E+00  0.0000E+00
  3.6000E+01  4.8000E+01  4.0000E+00  0.0000E+00  1.0000E+00  1.0000E+00  1.0000E+00  2.5966E+01 -9.3049E+00  0.0000E+00  0.0000E+00  2.5245E+01  0.0000E+00  0.0000E+00
  3.6000E+01  6.0000E+01  4.0000E+00  0.0000E+00  1.0000E+00  1.0000E+00  1.0000E+00  2.7066E+01 -9.4489E+00  0.0000E+00  0.0000E+00  2.6369E+01  0.0000E+00  0.0000E+00
  3.6000E+01  7.2000E+01  4.0000E+00  0.0000E+00  1.0000E+00  1.0000E+00  1.0000E+00  2.8094E+01 -9.5738E+00  0.0000E+00  0.0000E+00  2.7425E+01  0.0000E+00  0.0000E+00
  3.6000E+01  8.5000E+01  4.0000E+00  0.0000E+00  1.0000E+00  1.0000E+00  1.0000E+00  2.8912E+01 -9.6669E+00  0.0000E+00  0.0000E+00  2.8282E+01  0.0000E+00  0.0000E+00
  3.6000E+01  9.6000E+01  4.0000E+00  0.0000E+00  1.0000E+00  1.0000E+00  1.0000E+00  2.9924E+01 -9.7749E+00  0.0000E+00  0.0000E+00  2.9315E+01  0.0000E+00  0.0000E+00
  3.6000E+01  1.0800E+02  4.0000E+00  0.0000E+00  1.0000E+00  1.0000E+00  1.0000E+00  3.0714E+01 -9.8542E+00  0.0000E+00  0.0000E+00  3.0140E+01  0.0000E+00  0.0000E+00
  3.6000E+01  1.2000E+02  4.0000E+00  0.0000E+00  1.0000E+00  1.0000E+00  1.0000E+00  3.1452E+01 -9.9245E+00  0.0000E+00  0.0000E+00  3.0914E+01  0.0000E+00  0.0000E+00
  3.6000E+01  1.3200E+02  4.0000E+00  0.0000E+00  1.0000E+00  1.0000E+00  1.0000E+00  3.2141E+01 -9.9872E+00  0.0000E+00  0.0000E+00  3.1639E+01  0.0000E+00  0.0000E+00
  3.6000E+01  1.3400E+02  0.0000E+00  2.8900E+01  0.0000E+00  0.0000E+00  1.0000E+00  3.1777E+01 -9.0112E-01 -8.0775E-01  2.8900E+01  3.1299E+01 -2.3989E+00 -8.0920E-01
  3.6000E+01  3.0400E+02  0.0000E+00  1.2700E+01  0.0000E+00  0.0000E+00  1.0000E+00  1.2396E+01  1.5076E-01  6.6032E-02  1.2700E+01  1.2838E+01 -1.3843E-01  5.9409E-02
  3.7000E+01  0.0000E+00  0.0000E+00  0.0000E+00  1.0000E+00  0.0000E+00  1.0000E+00  0.0000E+00  0.0000E+00  0.0000E+00  0.0000E+00  0.0000E+00  0.0000E+00  0.0000E+00
  3.7000E+01  0.0000E+00  2.4000E+01  0.0000E+00  1.0000E+00  1.0000E+00  1.0000E+00  1.9452E+01 -8.1701E+00  0.0000E+00  0.0000E+00  1.9690E+01  0.0000E+00  0.0000E+00
  3.7000E+01  2.3000E+00  0.0000E+00  1.9500E+01  0.0000E+00  0.0000E+00  1.0000E+00  1.9279E+01  9.3246E-02  3.6364E-02  1.9500E+01  1.9515E+01 -1.5198E-02  3.5729E-02
  3.7000E+01  1.1800E+01  3.0000E+00  0.0000E+00  1.0000E+00  1.0000E+00  1.0000E+00  2.1013E+01 -8.4934E+00  0.0000E+00  0.0000E+00  2.1272E+01  0.0000E+00  0.0000E+00
  3.7000E+01  2.4300E+01  3.0000E+00  0.0000E+00  1.0000E+00  1.0000E+00  1.0000E+00  2.2450E+01 -8.7598E+00  0.0000E+00  0.0000E+00  2.2728E+01  0.0000E+00  0.0000E+00
  3.7000E+01  3.6300E+01  3.0000E+00  0.0000E+00  1.0000E+00  1.0000E+00  1.0000E+00  2.3861E+01 -8.9954E+00  0.0000E+00  0.0000E+00  2.4158E+01  0.0000E+00  0.0000E+00
  3.7000E+01  4.8300E+01  3.0000E+00  0.0000E+00  1.0000E+00  1.0000E+00  1.0000E+00  2.5207E+01 -9.1987E+00  0.0000E+00  0.0000E+00  2.5523E+01  0.0000E+00  0.0000E+00
  3.7000E+01  6.0300E+01  3.0000E+00  0.0000E+00  1.0000E+00  1.0000E+00  1.0000E+00  2.6492E+01 -9.3752E+00  0.0000E+00  0.0000E+00  2.6826E+01  0.0000E+00  0.0000E+00
  3.7000E+01  7.2800E+01  3.0000E+00  0.0000E+00  1.0000E+00  1.0000E+00  1.0000E+00  2.7670E+01 -9.5234E+00  0.0000E+00  0.0000E+00  2.8020E+01  0.0000E+00  0.0000E+00
  3.7000E+01  8.4300E+01  3.0000E+00  0.0000E+00  1.0000E+00  1.0000E+00  1.0000E+00  2.8894E+01 -9.6649E+00  0.0000E+00  0.0000E+00  2.9261E+01  0.0000E+00  0.0000E+00
  3.7000E+01  9.6300E+01  3.0000E+00  0.0000E+00  1.0000E+00  1.0000E+00  1.0000E+00  2.9853E+01 -9.7676E+00  0.0000E+00  0.0000E+00  3.0234E+01  0.0000E+00  0.0000E+00
  3.7000E+01  1.0830E+02  3.0000E+00  0.0000E+00  1.0000E+00  1.0000E+00  1.0000E+00  3.0763E+01 -9.8590E+00  0.0000E+00  0.0000E+00  3.1157E+01  0.0000E+00  0.0000E+00
  3.7000E+01  1.1980E+02  3.0000E+00  0.0000E+00  1.0000E+00  1.0000E+00  1.0000E+00  3.1690E+01 -9.9465E+00  0.0000E+00  0.0000E+00  3.2098E+01  0.0000E+00  0.0000E+00
  3.7000E+01  1.3230E+02  3.0000E+00  0.0000E+00  1.0000E+00  1.0000E+00  1.0000E+00  3.2441E+01 -1.0014E+01  0.0000E+00  0.0000E+00  3.2860E+01  0.0000E+00  0.0000E+00
  3.7000E+01  1.4430E+02  3.0000E+00  0.0000E+00  1.0000E+00  1.0000E+00  1.0000E+00  3.3219E+01 -1.0079E+01  0.0000E+00  0.0000E+00  3.3650E+01  0.0000E+00  0.0000E+00
  3.7000E+01  1.5630E+02  3.0000E+00  0.0000E+00  1.0000E+00  1.0000E+00  1.0000E+00  3.3957E+01 -1.0139E+01  0.0000E+00  0.0000E+00  3.4399E+01  0.0000E+00  0.0000E+00
  3.7000E+01  1.5980E+02  0.0000E+00  3.3400E+01  0.0000E+00  0.0000E+00  1.0000E+00  3.3443E+01 -1.3011E-02 -9.1660E-02  3.3400E+01  3.3879E+01 -4.7947E-01 -9.0831E-02
  3.8000E+01  0.0000E+00  0.0000E+00  0.0000E+00  1.0000E+00  0.0000E+00  1.0000E+00  0.0000E+00  0.0000E+00  0.0000E+00  0.0000E+00  0.0000E+00  0.0000E+00  0.0000E+00
  3.8000E+01  0.0000E+00  2.6000E+01  0.0000E+00  1.0000E+00  1.0000E+00  1.0000E+00  1.8284E+01 -7.9029E+00  0.0000E+00  0.0000E+00  1.9792E+01  0.0000E+00  0.0000E+00
  3.8000E+01  1.8000E+00  0.0000E+00  1.7900E+01  0.0000E+00  0.0000E+00  1.0000E+00  1.8136E+01 -1.0253E-01 -2.6315E-01  1.7900E+01  1.9633E+01 -1.7332E+00 -2.5235E-01
  3.8000E+01  1.1600E+01  3.0000E+00  0.0000E+00  1.0000E+00  1.0000E+00  1.0000E+00  1.9461E+01 -8.1721E+00  0.0000E+00  0.0000E+00  2.1074E+01  0.0000E+00  0.0000E+00
  3.8000E+01  2.3300E+01  3.0000E+00  0.0000E+00  1.0000E+00  1.0000E+00  1.0000E+00  2.0569E+01 -8.4052E+00  0.0000E+00  0.0000E+00  2.2283E+01  0.0000E+00  0.0000E+00
  3.8000E+01  3.5300E+01  3.0000E+00  0.0000E+00  1.0000E+00  1.0000E+00  1.0000E+00  2.1593E+01 -8.6044E+00  0.0000E+00  0.0000E+00  2.3401E+01  0.0000E+00  0.0000E+00
  3.8000E+01  4.7300E+01  3.0000E+00  0.0000E+00  1.0000E+00  1.0000E+00  1.0000E+00  2.2564E+01 -8.7797E+00  0.0000E+00  0.0000E+00  2.4461E+01  0.0000E+00  0.0000E+00
  3.8000E+01  5.9300E+01  3.0000E+00  0.0000E+00  1.0000E+00  1.0000E+00  1.0000E+00  2.3483E+01 -8.9347E+00  0.0000E+00  0.0000E+00  2.5466E+01  0.0000E+00  0.0000E+00
  3.8000E+01  7.1300E+01  3.0000E+00  0.0000E+00  1.0000E+00  1.0000E+00  1.0000E+00  2.4354E+01 -9.0722E+00  0.0000E+00  0.0000E+00  2.6418E+01  0.0000E+00  0.0000E+00
  3.8000E+01  8.3300E+01  3.0000E+00  0.0000E+00  1.0000E+00  1.0000E+00  1.0000E+00  2.5179E+01 -9.1946E+00  0.0000E+00  0.0000E+00  2.7320E+01  0.0000E+00  0.0000E+00
  3.8000E+01  9.5300E+01  3.0000E+00  0.0000E+00  1.0000E+00  1.0000E+00  1.0000E+00  2.5960E+01 -9.3041E+00  0.0000E+00  0.0000E+00  2.8175E+01  0.0000E+00  0.0000E+00
  3.8000E+01  1.0730E+02  3.0000E+00  0.0000E+00  1.0000E+00  1.0000E+00  1.0000E+00  2.6555E+01 -9.3835E+00  0.0000E+00  0.0000E+00  2.8829E+01  0.0000E+00  0.0000E+00
  3.8000E+01  1.1880E+02  0.0000E+00  2.1600E+01  0.0000E+00  0.0000E+00  1.0000E+00  2.5069E+01 -1.2702E+00 -1.4999E+00  2.1600E+01  2.7230E+01 -5.6301E+00 -1.4194E+00
  3.8000E+01  1.1930E+02  3.0000E+00  0.0000E+00  1.0000E+00  1.0000E+00  1.0000E+00  2.7116E+01 -9.4552E+00  0.0000E+00  0.0000E+00  2.9446E+01  0.0000E+00  0.0000E+00
  3.8000E+01  1.3130E+02  3.0000E+00  0.0000E+00  1.0000E+00  1.0000E+00  1.0000E+00  2.7644E+01 -9.5202E+00  0.0000E+00  0.0000E+00  3.0028E+01  0.0000E+00  0.0000E+00
  3.8000E+01  1.4330E+02  3.0000E+00  0.0000E+00  1.0000E+00  1.0000E+00  1.0000E+00  2.8141E+01 -9.5793E+00  0.0000E+00  0.0000E+00  3.0575E+01  0.0000E+00  0.0000E+00
  3.8000E+01  1.5530E+02  3.0000E+00  0.0000E+00  1.0000E+00  1.0000E+00  1.0000E+00  2.8610E+01 -9.6330E+00  0.0000E+00  0.0000E+00  3.1091E+01  0.0000E+00  0.0000E+00
  3.8000E+01  1.6730E+02  3.0000E+00  0.0000E+00  1.0000E+00  1.0000E+00  1.0000E+00  2.9051E+01 -9.6821E+00  0.0000E+00  0.0000E+00  3.1577E+01  0.0000E+00  0.0000E+00
  3.8000E+01  1.8330E+02  0.0000E+00  3.0500E+01  0.0000E+00  0.0000E+00  1.0000E+00  2.6813E+01  1.2947E+00  1.0444E+00  3.0500E+01  2.9167E+01  1.3334E+00  9.8135E-01
  3.8000E+01  3.1030E+02  0.0000E+00  1.3000E+01  0.0000E+00  0.0000E+00  1.0000E+00  1.4093E+01 -5.2199E-01 -6.8610E-01  1.3000E+01  1.5419E+01 -2.4190E+00 -6.5854E-01
  3.9000E+01  0.0000E+00  0.0000E+00  0.0000E+00  1.0000E+00  0.0000E+00  1.0000E+00  0.0000E+00  0.0000E+00  0.0000E+00  0.0000E+00  0.0000E+00  0.0000E+00  0.0000E+00
  3.9000E+01  0.0000E+00  5.6000E+01  0.0000E+00  1.0000E+00  1.0000E+00  1.0000E+00  2.9113E+01 -9.6889E+00  0.0000E+00  0.0000E+00  2.9893E+01  0.0000E+00  0.0000E+00
  3.9000E+01  1.4000E+00  0.0000E+00  3.0000E+01  0.0000E+00  0.0000E+00  1.0000E+00  2.8945E+01  3.5248E-01  2.8027E-01  3.0000E+01  2.9734E+01  2.6590E-01  2.8752E-01
  3.9000E+01  1.2700E+01  5.0000E+00  0.0000E+00  1.0000E+00  1.0000E+00  1.0000E+00  3.0224E+01 -9.8056E+00  0.0000E+00  0.0000E+00  3.1154E+01  0.0000E+00  0.0000E+00
  3.9000E+01  2.4400E+01  5.0000E+00  0.0000E+00  1.0000E+00  1.0000E+00  1.0000E+00  3.1397E+01 -9.9195E+00  0.0000E+00  0.0000E+00  3.2469E+01  0.0000E+00  0.0000E+00
  3.9000E+01  3.6400E+01  5.0000E+00  0.0000E+00  1.0000E+00  1.0000E+00  1.0000E+00  3.2478E+01 -1.0017E+01  0.0000E+00  0.0000E+00  3.3692E+01  0.0000E+00  0.0000E+00
  3.9000E+01  4.8400E+01  5.0000E+00  0.0000E+00  1.0000E+00  1.0000E+00  1.0000E+00  3.3507E+01 -1.0103E+01  0.0000E+00  0.0000E+00  3.4860E+01  0.0000E+00  0.0000E+00
  3.9000E+01  6.0400E+01  5.0000E+00  0.0000E+00  1.0000E+00  1.0000E+00  1.0000E+00  3.4486E+01 -1.0180E+01  0.0000E+00  0.0000E+00  3.5977E+01  0.0000E+00  0.0000E+00
  3.9000E+01  7.2300E+01  5.0000E+00  0.0000E+00  1.0000E+00  1.0000E+00  1.0000E+00  3.5431E+01 -1.0250E+01  0.0000E+00  0.0000E+00  3.7056E+01  0.0000E+00  0.0000E+00
  3.9000E+01  8.4800E+01  5.0000E+00  0.0000E+00  1.0000E+00  1.0000E+00  1.0000E+00  3.6247E+01 -1.0307E+01  0.0000E+00  0.0000E+00  3.8007E+01  0.0000E+00  0.0000E+00
  3.9000E+01  9.6400E+01  5.0000E+00  0.0000E+00  1.0000E+00  1.0000E+00  1.0000E+00  3.6945E+01 -1.0353E+01  0.0000E+00  0.0000E+00  3.8840E+01  0.0000E+00  0.0000E+00
  3.9000E+01  1.0840E+02  5.0000E+00  0.0000E+00  1.0000E+00  1.0000E+00  1.0000E+00  3.7542E+01 -1.0391E+01  0.0000E+00  0.0000E+00  3.9570E+01  0.0000E+00  0.0000E+00
  3.9000E+01  1.1040E+02  0.0000E+00  3.7700E+01  0.0000E+00  0.0000E+00  1.0000E+00  3.7195E+01  1.4074E-01 -8.9866E-02  3.7700E+01  3.9234E+01 -1.5338E+00 -8.1621E-02
  3.9000E+01  1.2040E+02  5.0000E+00  0.0000E+00  1.0000E+00  1.0000E+00  1.0000E+00  3.8107E+01 -1.0426E+01  0.0000E+00  0.0000E+00  4.0264E+01  0.0000E+00  0.0000E+00
  3.9000E+01  1.3240E+02  5.0000E+00  0.0000E+00  1.0000E+00  1.0000E+00  1.0000E+00  3.8641E+01 -1.0458E+01  0.0000E+00  0.0000E+00  4.0922E+01  0.0000E+00  0.0000E+00
  3.9000E+01  2.6040E+02  0.0000E+00  1.8400E+01  0.0000E+00  0.0000E+00  1.0000E+00  2.0110E+01 -7.0652E-01 -1.0627E+00  1.8400E+01  2.2452E+01 -4.0519E+00 -1.0156E+00
  4.0000E+01  0.0000E+00  0.0000E+00  0.0000E+00  1.0000E+00  0.0000E+00  1.0000E+00  0.0000E+00  0.0000E+00  0.0000E+00  0.0000E+00  0.0000E+00  0.0000E+00  0.0000E+00
  4.0000E+01  0.0000E+00  1.9000E+01  0.0000E+00  1.0000E+00  1.0000E+00  1.0000E+00  1.4574E+01 -6.8857E+00  0.0000E+00  0.0000E+00  1.6909E+01  0.0000E+00  0.0000E+00
  4.0000E+01  1.0000E+00  0.0000E+00  1.3700E+01  0.0000E+00  0.0000E+00  1.0000E+00  1.4499E+01 -3.7826E-01 -6.9827E-01  1.3700E+01  1.6820E+01 -3.1197E+00 -6.5743E-01
  4.0000E+01  2.0000E+00  3.0000E+00  0.0000E+00  1.0000E+00  1.0000E+00  1.0000E+00  1.6726E+01 -7.5086E+00  0.0000E+00  0.0000E+00  1.9400E+01  0.0000E+00  0.0000E+00
  4.0000E+01  3.8000E+00  1.2000E+01  0.0000E+00  1.0000E+00  1.0000E+00  1.0000E+00  2.5777E+01 -9.2790E+00  0.0000E+00  0.0000E+00  2.9895E+01  0.0000E+00  0.0000E+00
  4.0000E+01  4.0000E+00  0.0000E+00  2.5000E+01  0.0000E+00  0.0000E+00  1.0000E+00  2.5751E+01 -2.7046E-01 -7.8038E-01  2.5000E+01  2.9864E+01 -4.8637E+00 -7.1968E-01
  4.1000E+01  0.0000E+00  0.0000E+00  0.0000E+00  1.0000E+00  0.0000E+00  1.0000E+00  0.0000E+00  0.0000E+00  0.0000E+00  0.0000E+00  0.0000E+00  0.0000E+00  0.0000E+00
  4.1000E+01  0.0000E+00  3.4000E+01  0.0000E+00  1.0000E+00  1.0000E+00  1.0000E+00  1.8311E+01 -7.9092E+00  0.0000E+00  0.0000E+00  2.0139E+01  0.0000E+00  0.0000E+00
  4.1000E+01  2.0000E+00  0.0000E+00  1.8600E+01  0.0000E+00  0.0000E+00  1.0000E+00  1.8140E+01  1.9961E-01 -1.7117E-02  1.8600E+01  1.9947E+01 -1.3475E+00 -1.8089E-02
  4.1000E+01  7.3000E+00  4.0000E+00  0.0000E+00  1.0000E+00  1.0000E+00  1.0000E+00  1.9849E+01 -8.2559E+00  0.0000E+00  0.0000E+00  2.1819E+01  0.0000E+00  0.0000E+00
  4.1000E+01  1.2000E+01  4.0000E+00  0.0000E+00  1.0000E+00  1.0000E+00  1.0000E+00  2.1570E+01 -8.6001E+00  0.0000E+00  0.0000E+00  2.3704E+01  0.0000E+00  0.0000E+00
  4.1000E+01  2.4800E+01  4.0000E+00  0.0000E+00  1.0000E+00  1.0000E+00  1.0000E+00  2.2468E+01 -8.7630E+00  0.0000E+00  0.0000E+00  2.4669E+01  0.0000E+00  0.0000E+00
  4.1000E+01  3.3900E+01  4.0000E+00  0.0000E+00  1.0000E+00  1.0000E+00  1.0000E+00  2.3684E+01 -8.9672E+00  0.0000E+00  0.0000E+00  2.5990E+01  0.0000E+00  0.0000E+00
  4.1000E+01  3.6000E+01  0.0000E+00  2.1000E+01  0.0000E+00  0.0000E+00  1.0000E+00  2.3452E+01 -9.3356E-01 -1.1942E+00  2.1000E+01  2.5731E+01 -4.7313E+00 -1.1300E+00
  4.1000E+01  4.8300E+01  4.0000E+00  0.0000E+00  1.0000E+00  1.0000E+00  1.0000E+00  2.4292E+01 -9.0627E+00  0.0000E+00  0.0000E+00  2.6634E+01  0.0000E+00  0.0000E+00
  4.1000E+01  5.8700E+01  4.0000E+00  0.0000E+00  1.0000E+00  1.0000E+00  1.0000E+00  2.5290E+01 -9.2106E+00  0.0000E+00  0.0000E+00  2.7714E+01  0.0000E+00  0.0000E+00
  4.1000E+01  5.9000E+01  0.0000E+00  2.6400E+01  0.0000E+00  0.0000E+00  1.0000E+00  2.5254E+01  4.1760E-01  1.4535E-01  2.6400E+01  2.7674E+01 -1.2744E+00  1.3084E-01
  4.2000E+01  0.0000E+00  0.0000E+00  0.0000E+00  1.0000E+00  0.0000E+00  1.0000E+00  0.0000E+00  0.0000E+00  0.0000E+00  0.0000E+00  0.0000E+00  0.0000E+00  0.0000E+00
  4.2000E+01  0.0000E+00  2.8000E+01  0.0000E+00  1.0000E+00  1.0000E+00  1.0000E+00  7.1236E+00 -3.9084E+00  0.0000E+00  0.0000E+00  1.0400E+01  0.0000E+00  0.0000E+00
  4.2000E+01  1.2000E+01  2.8000E+01  0.0000E+00  1.0000E+00  1.0000E+00  1.0000E+00  1.3879E+01 -6.6636E+00  0.0000E+00  0.0000E+00  2.0245E+01  0.0000E+00  0.0000E+00
  4.2000E+01  1.4000E+01  0.0000E+00  1.3300E+01  0.0000E+00  0.0000E+00  1.0000E+00  1.3757E+01 -2.1985E-01 -1.0104E+00  1.3300E+01  2.0061E+01 -6.7610E+00 -8.4909E-01
  4.2000E+01  2.3700E+01  7.0000E+00  0.0000E+00  1.0000E+00  1.0000E+00  1.0000E+00  1.4960E+01 -7.0045E+00  0.0000E+00  0.0000E+00  2.1791E+01  0.0000E+00  0.0000E+00
  4.2000E+01  3.6200E+01  7.0000E+00  0.0000E+00  1.0000E+00  1.0000E+00  1.0000E+00  1.5936E+01 -7.2909E+00  0.0000E+00  0.0000E+00  2.3182E+01  0.0000E+00  0.0000E+00
  4.2000E+01  4.7800E+01  7.0000E+00  0.0000E+00  1.0000E+00  1.0000E+00  1.0000E+00  1.6919E+01 -7.5599E+00  0.0000E+00  0.0000E+00  2.4585E+01  0.0000E+00  0.0000E+00
  4.2000E+01  6.0000E+01  7.0000E+00  0.0000E+00  1.0000E+00  1.0000E+00  1.0000E+00  1.7811E+01 -7.7878E+00  0.0000E+00  0.0000E+00  2.5853E+01  0.0000E+00  0.0000E+00
  4.2000E+01  7.2000E+01  7.0000E+00  0.0000E+00  1.0000E+00  1.0000E+00  1.0000E+00  1.8671E+01 -7.9939E+00  0.0000E+00  0.0000E+00  2.7074E+01  0.0000E+00  0.0000E+00
  4.2000E+01  8.4000E+01  7.0000E+00  0.0000E+00  1.0000E+00  1.0000E+00  1.0000E+00  1.9486E+01 -8.1777E+00  0.0000E+00  0.0000E+00  2.8229E+01  0.0000E+00  0.0000E+00
  4.2000E+01  9.5500E+01  0.0000E+00  1.3900E+01  0.0000E+00  0.0000E+00  1.0000E+00  1.8520E+01 -1.9852E+00 -2.9938E+00  1.3900E+01  2.6785E+01 -1.2885E+01 -2.4648E+00
  4.3000E+01  0.0000E+00  0.0000E+00  0.0000E+00  1.0000E+00  0.0000E+00  1.0000E+00  0.0000E+00  0.0000E+00  0.0000E+00  0.0000E+00  0.0000E+00  0.0000E+00  0.0000E+00
  4.3000E+01  0.0000E+00  1.8000E+01  0.0000E+00  1.0000E+00  1.0000E+00  1.0000E+00  2.1277E+01 -8.5445E+00  0.0000E+00  0.0000E+00  1.9326E+01  0.0000E+00  0.0000E+00
  4.3000E+01  2.0000E+00  0.0000E+00  2.2300E+01  0.0000E+00  0.0000E+00  1.0000E+00  2.1063E+01  4.9957E-01  7.8639E-01  2.2300E+01  1.9136E+01  3.1639E+00  8.2482E-01
  4.4000E+01  0.0000E+00  0.0000E+00  0.0000E+00  1.0000E+00  0.0000E+00  1.0000E+00  0.0000E+00  0.0000E+00  0.0000E+00  0.0000E+00  0.0000E+00  0.0000E+00  0.0000E+00
  4.4000E+01  0.0000E+00  1.4000E+01  0.0000E+00  1.0000E+00  1.0000E+00  1.0000E+00  9.5680E+00 -5.0329E+00  0.0000E+00  0.0000E+00  9.9436E+00  0.0000E+00  0.0000E+00
  4.4000E+01  5.0000E+00  1.4000E+01  0.0000E+00  1.0000E+00  1.0000E+00  1.0000E+00  1.8928E+01 -8.0530E+00  0.0000E+00  0.0000E+00  1.9663E+01  0.0000E+00  0.0000E+00
  4.4000E+01  1.1000E+01  0.0000E+00  1.7800E+01  0.0000E+00  0.0000E+00  1.0000E+00  1.8434E+01 -2.7296E-01 -4.0544E-01  1.7800E+01  1.9133E+01 -1.3330E+00 -3.9639E-01
  4.4000E+01  1.7000E+01  3.5000E+00  0.0000E+00  1.0000E+00  1.0000E+00  1.0000E+00  2.0345E+01 -8.3597E+00  0.0000E+00  0.0000E+00  2.1103E+01  0.0000E+00  0.0000E+00
  4.4000E+01  2.9000E+01  3.5000E+00  0.0000E+00  1.0000E+00  1.0000E+00  1.0000E+00  2.1690E+01 -8.6224E+00  0.0000E+00  0.0000E+00  2.2466E+01  0.0000E+00  0.0000E+00
  4.4000E+01  4.1000E+01  3.5000E+00  0.0000E+00  1.0000E+00  1.0000E+00  1.0000E+00  2.2965E+01 -8.8487E+00  0.0000E+00  0.0000E+00  2.3757E+01  0.0000E+00  0.0000E+00
  4.4000E+01  5.4500E+01  3.5000E+00  0.0000E+00  1.0000E+00  1.0000E+00  1.0000E+00  2.4031E+01 -9.0223E+00  0.0000E+00  0.0000E+00  2.4826E+01  0.0000E+00  0.0000E+00
  4.4000E+01  6.5000E+01  3.5000E+00  0.0000E+00  1.0000E+00  1.0000E+00  1.0000E+00  2.5337E+01 -9.2173E+00  0.0000E+00  0.0000E+00  2.6152E+01  0.0000E+00  0.0000E+00
  4.4000E+01  7.7500E+01  3.5000E+00  0.0000E+00  1.0000E+00  1.0000E+00  1.0000E+00  2.6372E+01 -9.3594E+00  0.0000E+00  0.0000E+00  2.7190E+01  0.0000E+00  0.0000E+00
  4.4000E+01  8.9000E+01  3.5000E+00  0.0000E+00  1.0000E+00  1.0000E+00  1.0000E+00  2.7461E+01 -9.4980E+00  0.0000E+00  0.0000E+00  2.8288E+01  0.0000E+00  0.0000E+00
  4.4000E+01  1.0100E+02  3.5000E+00  0.0000E+00  1.0000E+00  1.0000E+00  1.0000E+00  2.8285E+01 -9.5959E+00  0.0000E+00  0.0000E+00  2.9105E+01  0.0000E+00  0.0000E+00
  4.4000E+01  1.1300E+02  3.5000E+00  0.0000E+00  1.0000E+00  1.0000E+00  1.0000E+00  2.9061E+01 -9.6832E+00  0.0000E+00  0.0000E+00  2.9872E+01  0.0000E+00  0.0000E+00
  4.4000E+01  1.2500E+02  0.0000E+00  2.7600E+01  0.0000E+00  0.0000E+00  1.0000E+00  2.7401E+01  6.9091E-02 -4.7298E-02  2.7600E+01  2.8109E+01 -5.0915E-01 -4.5875E-02
  4.4000E+01  1.2550E+02  3.5000E+00  0.0000E+00  1.0000E+00  1.0000E+00  1.0000E+00  2.9725E+01 -9.7543E+00  0.0000E+00  0.0000E+00  3.0524E+01  0.0000E+00  0.0000E+00
  4.4000E+01  2.9200E+02  0.0000E+00  1.3500E+01  0.0000E+00  0.0000E+00  1.0000E+00  1.2953E+01  2.6802E-01  2.7370E-01  1.3500E+01  1.2928E+01  5.7235E-01  2.7218E-01
  4.5000E+01  0.0000E+00  0.0000E+00  0.0000E+00  1.0000E+00  0.0000E+00  1.0000E+00  0.0000E+00  0.0000E+00  0.0000E+00  0.0000E+00  0.0000E+00  0.0000E+00  0.0000E+00
  4.5000E+01  0.0000E+00  1.6000E+01  0.0000E+00  1.0000E+00  1.0000E+00  1.0000E+00  1.7740E+01 -7.7701E+00  0.0000E+00  0.0000E+00  1.9180E+01  0.0000E+00  0.0000E+00
  4.5000E+01  4.5000E+00  0.0000E+00  1.6600E+01  0.0000E+00  0.0000E+00  1.0000E+00  1.7355E+01 -3.3362E-01 -5.3545E-01  1.6600E+01  1.8756E+01 -2.1564E+00 -5.1628E-01
  4.5000E+01  1.2500E+01  2.0000E+00  0.0000E+00  1.0000E+00  1.0000E+00  1.0000E+00  1.8908E+01 -8.0485E+00  0.0000E+00  0.0000E+00  2.0425E+01  0.0000E+00  0.0000E+00
  4.5000E+01  2.4500E+01  2.0000E+00  0.0000E+00  1.0000E+00  1.0000E+00  1.0000E+00  2.0051E+01 -8.2986E+00  0.0000E+00  0.0000E+00  2.1642E+01  0.0000E+00  0.0000E+00
  4.5000E+01  3.6500E+01  2.0000E+00  0.0000E+00  1.0000E+00  1.0000E+00  1.0000E+00  2.1129E+01 -8.5159E+00  0.0000E+00  0.0000E+00  2.2790E+01  0.0000E+00  0.0000E+00
  4.5000E+01  4.8300E+01  0.0000E+00  2.0200E+01  0.0000E+00  0.0000E+00  1.0000E+00  1.9947E+01  1.0486E-01 -1.1026E-01  2.0200E+01  2.1495E+01 -1.2949E+00 -1.0707E-01
  4.5000E+01  4.8500E+01  2.0000E+00  0.0000E+00  1.0000E+00  1.0000E+00  1.0000E+00  2.2145E+01 -8.7057E+00  0.0000E+00  0.0000E+00  2.3871E+01  0.0000E+00  0.0000E+00
  4.5000E+01  6.0500E+01  2.0000E+00  0.0000E+00  1.0000E+00  1.0000E+00  1.0000E+00  2.3104E+01 -8.8721E+00  0.0000E+00  0.0000E+00  2.4890E+01  0.0000E+00  0.0000E+00
  4.5000E+01  7.2500E+01  2.0000E+00  0.0000E+00  1.0000E+00  1.0000E+00  1.0000E+00  2.4008E+01 -9.0187E+00  0.0000E+00  0.0000E+00  2.5850E+01  0.0000E+00  0.0000E+00
  4.5000E+01  8.4500E+01  2.0000E+00  0.0000E+00  1.0000E+00  1.0000E+00  1.0000E+00  2.4861E+01 -9.1484E+00  0.0000E+00  0.0000E+00  2.6754E+01  0.0000E+00  0.0000E+00
  4.5000E+01  9.6500E+01  2.0000E+00  0.0000E+00  1.0000E+00  1.0000E+00  1.0000E+00  2.5702E+01 -9.2686E+00  0.0000E+00  0.0000E+00  2.7646E+01  0.0000E+00  0.0000E+00
  4.5000E+01  1.0650E+02  0.0000E+00  2.4500E+01  0.0000E+00  0.0000E+00  1.0000E+00  2.4510E+01 -3.6605E-03 -2.4427E-01  2.4500E+01  2.6343E+01 -1.8427E+00 -2.3566E-01
  4.6000E+01  0.0000E+00  0.0000E+00  0.0000E+00  1.0000E+00  0.0000E+00  1.0000E+00  0.0000E+00  0.0000E+00  0.0000E+00  0.0000E+00  0.0000E+00  0.0000E+00  0.0000E+00
  4.6000E+01  0.0000E+00  1.1000E+01  0.0000E+00  1.0000E+00  1.0000E+00  1.0000E+00  9.9561E+00 -5.1981E+00  0.0000E+00  0.0000E+00  9.7896E+00  0.0000E+00  0.0000E+00
  4.6000E+01  5.0000E-01  1.1000E+01  0.0000E+00  1.0000E+00  1.0000E+00  1.0000E+00  1.9891E+01 -8.2649E+00  0.0000E+00  0.0000E+00  1.9558E+01  0.0000E+00  0.0000E+00
  4.6000E+01  2.0000E+00  0.0000E+00  2.0100E+01  0.0000E+00  0.0000E+00  1.0000E+00  1.9764E+01  1.3998E-01  1.6996E-01  2.0100E+01  1.9434E+01  6.6585E-01  1.7138E-01
  4.7000E+01  0.0000E+00  0.0000E+00  0.0000E+00  1.0000E+00  0.0000E+00  1.0000E+00  0.0000E+00  0.0000E+00  0.0000E+00  0.0000E+00  0.0000E+00  0.0000E+00  0.0000E+00
  4.7000E+01  0.0000E+00  4.0000E+01  0.0000E+00  1.0000E+00  1.0000E+00  1.0000E+00  1.6617E+01 -7.4792E+00  0.0000E+00  0.0000E+00  1.5923E+01  0.0000E+00  0.0000E+00
  4.7000E+01  9.3000E+00  6.7000E+00  0.0000E+00  1.0000E+00  1.0000E+00  1.0000E+00  1.8708E+01 -8.0026E+00  0.0000E+00  0.0000E+00  1.7932E+01  0.0000E+00  0.0000E+00
  4.7000E+01  1.9300E+01  6.7000E+00  0.0000E+00  1.0000E+00  1.0000E+00  1.0000E+00  2.0655E+01 -8.4226E+00  0.0000E+00  0.0000E+00  1.9804E+01  0.0000E+00  0.0000E+00
  4.7000E+01  3.3300E+01  6.7000E+00  0.0000E+00  1.0000E+00  1.0000E+00  1.0000E+00  2.2158E+01 -8.7079E+00  0.0000E+00  0.0000E+00  2.1252E+01  0.0000E+00  0.0000E+00
  4.7000E+01  3.6300E+01  6.7000E+00  0.0000E+00  1.0000E+00  1.0000E+00  1.0000E+00  2.4639E+01 -9.1153E+00  0.0000E+00  0.0000E+00  2.3631E+01  0.0000E+00  0.0000E+00
  4.7000E+01  3.8300E+01  0.0000E+00  2.5100E+01  0.0000E+00  0.0000E+00  1.0000E+00  2.4415E+01  2.5490E-01  3.6879E-01  2.5100E+01  2.3418E+01  1.6823E+00  3.7698E-01
  4.8000E+01  0.0000E+00  0.0000E+00  0.0000E+00  1.0000E+00  0.0000E+00  1.0000E+00  0.0000E+00  0.0000E+00  0.0000E+00  0.0000E+00  0.0000E+00  0.0000E+00  0.0000E+00
  4.8000E+01  0.0000E+00  1.4000E+01  0.0000E+00  1.0000E+00  1.0000E+00  1.0000E+00  2.0429E+01 -8.3769E+00  0.0000E+00  0.0000E+00  1.9015E+01  0.0000E+00  0.0000E+00
  4.8000E+01  2.8000E+00  0.0000E+00  1.2900E+01  0.0000E+00  0.0000E+00  1.0000E+00  2.0203E+01 -3.0112E+00 -3.0076E+00  1.2900E+01  1.8777E+01 -5.8770E+00 -3.0918E+00
  4.8000E+01  1.1300E+01  1.7000E+00  0.0000E+00  1.0000E+00  1.0000E+00  1.0000E+00  2.2012E+01 -8.6815E+00  0.0000E+00  0.0000E+00  2.0383E+01  0.0000E+00  0.0000E+00
  4.8000E+01  2.3300E+01  1.7000E+00  0.0000E+00  1.0000E+00  1.0000E+00  1.0000E+00  2.3466E+01 -8.9319E+00  0.0000E+00  0.0000E+00  2.1623E+01  0.0000E+00  0.0000E+00
  4.8000E+01  2.8800E+01  1.0000E+01  0.0000E+00  1.0000E+00  1.0000E+00  1.0000E+00  3.7550E+01 -1.0392E+01  0.0000E+00  0.0000E+00  3.4678E+01  0.0000E+00  0.0000E+00
  4.8000E+01  3.5300E+01  1.7000E+00  0.0000E+00  1.0000E+00  1.0000E+00  1.0000E+00  3.9072E+01 -1.0483E+01  0.0000E+00  0.0000E+00  3.5989E+01  0.0000E+00  0.0000E+00
  4.8000E+01  4.7500E+01  1.7000E+00  0.0000E+00  1.0000E+00  1.0000E+00  1.0000E+00  3.9701E+01 -1.0518E+01  0.0000E+00  0.0000E+00  3.6380E+01  0.0000E+00  0.0000E+00
  4.8000E+01  5.9300E+01  1.7000E+00  0.0000E+00  1.0000E+00  1.0000E+00  1.0000E+00  4.0360E+01 -1.0554E+01  0.0000E+00  0.0000E+00  3.6812E+01  0.0000E+00  0.0000E+00
  4.8000E+01  6.5800E+01  0.0000E+00  4.1100E+01  0.0000E+00  0.0000E+00  1.0000E+00  3.9330E+01  4.7249E-01  6.2122E-01  4.1100E+01  3.5754E+01  5.3462E+00  6.6860E-01
  4.8000E+01  7.1800E+01  1.7000E+00  0.0000E+00  1.0000E+00  1.0000E+00  1.0000E+00  4.0883E+01 -1.0581E+01  0.0000E+00  0.0000E+00  3.7113E+01  0.0000E+00  0.0000E+00
  4.8000E+01  8.4800E+01  0.0000E+00  4.0300E+01  0.0000E+00  0.0000E+00  1.0000E+00  3.8821E+01  3.9875E-01  5.8920E-01  4.0300E+01  3.5009E+01  5.2911E+00  6.3268E-01
  4.8000E+01  1.1230E+02  0.0000E+00  3.6800E+01  0.0000E+00  0.0000E+00  1.0000E+00  3.4936E+01  5.4497E-01  7.8654E-01  3.6800E+01  3.1083E+01  5.7172E+00  8.4115E-01
  4.8000E+01  1.3790E+02  0.0000E+00  3.5800E+01  0.0000E+00  0.0000E+00  1.0000E+00  3.1669E+01  1.2971E+00  1.5792E+00  3.5800E+01  2.7825E+01  7.9753E+00  1.6979E+00
  4.9000E+01  0.0000E+00  0.0000E+00  0.0000E+00  1.0000E+00  0.0000E+00  1.0000E+00  0.0000E+00  0.0000E+00  0.0000E+00  0.0000E+00  0.0000E+00  0.0000E+00  0.0000E+00
  4.9000E+01  0.0000E+00  2.6000E+01  0.0000E+00  1.0000E+00  1.0000E+00  1.0000E+00  1.8346E+01 -7.9176E+00  0.0000E+00  0.0000E+00  1.9792E+01  0.0000E+00  0.0000E+00
  4.9000E+01  2.0000E+00  0.0000E+00  1.8800E+01  0.0000E+00  0.0000E+00  1.0000E+00  1.8200E+01  2.5994E-01  1.0195E-01  1.8800E+01  1.9631E+01 -8.3073E-01  9.6946E-02
  4.9000E+01  1.2000E+01  4.0000E+00  0.0000E+00  1.0000E+00  1.0000E+00  1.0000E+00  2.0309E+01 -8.3522E+00  0.0000E+00  0.0000E+00  2.1889E+01  0.0000E+00  0.0000E+00
  4.9000E+01  2.4000E+01  4.0000E+00  0.0000E+00  1.0000E+00  1.0000E+00  1.0000E+00  2.2179E+01 -8.7117E+00  0.0000E+00  0.0000E+00  2.3885E+01  0.0000E+00  0.0000E+00
  4.9000E+01  3.6000E+01  4.0000E+00  0.0000E+00  1.0000E+00  1.0000E+00  1.0000E+00  2.3962E+01 -9.0114E+00  0.0000E+00  0.0000E+00  2.5786E+01  0.0000E+00  0.0000E+00
  4.9000E+01  4.8000E+01  4.0000E+00  0.0000E+00  1.0000E+00  1.0000E+00  1.0000E+00  2.5661E+01 -9.2629E+00  0.0000E+00  0.0000E+00  2.7596E+01  0.0000E+00  0.0000E+00
  4.9000E+01  6.0500E+01  4.0000E+00  0.0000E+00  1.0000E+00  1.0000E+00  1.0000E+00  2.7232E+01 -9.4697E+00  0.0000E+00  0.0000E+00  2.9265E+01  0.0000E+00  0.0000E+00
  4.9000E+01  7.2000E+01  4.0000E+00  0.0000E+00  1.0000E+00  1.0000E+00  1.0000E+00  2.8830E+01 -9.6577E+00  0.0000E+00  0.0000E+00  3.0965E+01  0.0000E+00  0.0000E+00
  4.9000E+01  7.4000E+01  0.0000E+00  2.5100E+01  0.0000E+00  0.0000E+00  1.0000E+00  2.8600E+01 -1.1788E+00 -1.3897E+00  2.5100E+01  3.0713E+01 -5.6127E+00 -1.3210E+00
  4.9000E+01  8.4000E+01  4.0000E+00  0.0000E+00  1.0000E+00  1.0000E+00  1.0000E+00  3.0301E+01 -9.8133E+00  0.0000E+00  0.0000E+00  3.2527E+01  0.0000E+00  0.0000E+00
  4.9000E+01  9.6000E+01  4.0000E+00  0.0000E+00  1.0000E+00  1.0000E+00  1.0000E+00  3.1532E+01 -9.9320E+00  0.0000E+00  0.0000E+00  3.3826E+01  0.0000E+00  0.0000E+00
  4.9000E+01  1.0850E+02  4.0000E+00  0.0000E+00  1.0000E+00  1.0000E+00  1.0000E+00  3.2632E+01 -1.0030E+01  0.0000E+00  0.0000E+00  3.4983E+01  0.0000E+00  0.0000E+00
  4.9000E+01  1.2000E+02  4.0000E+00  0.0000E+00  1.0000E+00  1.0000E+00  1.0000E+00  3.3811E+01 -1.0127E+01  0.0000E+00  0.0000E+00  3.6227E+01  0.0000E+00  0.0000E+00
  4.9000E+01  1.3200E+02  4.0000E+00  0.0000E+00  1.0000E+00  1.0000E+00  1.0000E+00  3.4858E+01 -1.0208E+01  0.0000E+00  0.0000E+00  3.7328E+01  0.0000E+00  0.0000E+00
  4.9000E+01  1.4400E+02  4.0000E+00  0.0000E+00  1.0000E+00  1.0000E+00  1.0000E+00  3.5850E+01 -1.0279E+01  0.0000E+00  0.0000E+00  3.8370E+01  0.0000E+00  0.0000E+00
  4.9000E+01  1.5000E+02  0.0000E+00  3.7200E+01  0.0000E+00  0.0000E+00  1.0000E+00  3.4896E+01  6.7412E-01  4.4699E-01  3.7200E+01  3.7326E+01 -1.2630E-01  4.1659E-01
  5.0000E+01  0.0000E+00  0.0000E+00  0.0000E+00  1.0000E+00  0.0000E+00  1.0000E+00  0.0000E+00  0.0000E+00  0.0000E+00  0.0000E+00  0.0000E+00  0.0000E+00  0.0000E+00
  5.0000E+01  0.0000E+00  2.0000E+01  0.0000E+00  1.0000E+00  1.0000E+00  1.0000E+00  2.2186E+01 -8.7129E+00  0.0000E+00  0.0000E+00  1.7799E+01  0.0000E+00  0.0000E+00
  5.0000E+01  3.0000E+00  0.0000E+00  2.2200E+01  0.0000E+00  0.0000E+00  1.0000E+00  2.1856E+01  1.3636E-01  4.1411E-01  2.2200E+01  1.7547E+01  4.6528E+00  4.6087E-01
  5.0000E+01  1.2500E+01  2.5000E+00  0.0000E+00  1.0000E+00  1.0000E+00  1.0000E+00  2.3616E+01 -8.9562E+00  0.0000E+00  0.0000E+00  1.8997E+01  0.0000E+00  0.0000E+00
  5.0000E+01  2.4500E+01  2.5000E+00  0.0000E+00  1.0000E+00  1.0000E+00  1.0000E+00  2.5015E+01 -9.1709E+00  0.0000E+00  0.0000E+00  2.0169E+01  0.0000E+00  0.0000E+00
  5.0000E+01  3.6500E+01  2.5000E+00  0.0000E+00  1.0000E+00  1.0000E+00  1.0000E+00  2.6333E+01 -9.3542E+00  0.0000E+00  0.0000E+00  2.1276E+01  0.0000E+00  0.0000E+00
  5.0000E+01  4.8000E+01  2.5000E+00  0.0000E+00  1.0000E+00  1.0000E+00  1.0000E+00  2.7636E+01 -9.5192E+00  0.0000E+00  0.0000E+00  2.2369E+01  0.0000E+00  0.0000E+00
  5.0000E+01  6.0500E+01  2.5000E+00  0.0000E+00  1.0000E+00  1.0000E+00  1.0000E+00  2.8736E+01 -9.6473E+00  0.0000E+00  0.0000E+00  2.3304E+01  0.0000E+00  0.0000E+00
  5.0000E+01  7.2500E+01  2.5000E+00  0.0000E+00  1.0000E+00  1.0000E+00  1.0000E+00  2.9837E+01 -9.7660E+00  0.0000E+00  0.0000E+00  2.4237E+01  0.0000E+00  0.0000E+00
  5.0000E+01  8.1000E+01  0.0000E+00  3.0500E+01  0.0000E+00  0.0000E+00  1.0000E+00  2.8597E+01  6.4099E-01  9.6129E-01  3.0500E+01  2.3277E+01  7.2231E+00  1.0745E+00
  5.0000E+01  8.4500E+01  2.5000E+00  0.0000E+00  1.0000E+00  1.0000E+00  1.0000E+00  3.0874E+01 -9.8698E+00  0.0000E+00  0.0000E+00  2.5118E+01  0.0000E+00  0.0000E+00
  5.0000E+01  8.8000E+01  3.0000E+01  0.0000E+00  1.0000E+00  1.0000E+00  1.0000E+00  6.3618E+01 -1.1256E+01  0.0000E+00  0.0000E+00  5.1402E+01  0.0000E+00  0.0000E+00
  5.0000E+01  8.9000E+01  0.0000E+00  6.7900E+01  0.0000E+00  0.0000E+00  1.0000E+00  6.3301E+01  8.1746E-01  1.4819E+00  6.7900E+01  5.1158E+01  1.6742E+01  1.7105E+00
  5.0000E+01  9.6500E+01  2.5000E+00  0.0000E+00  1.0000E+00  1.0000E+00  1.0000E+00  6.3695E+01 -1.1257E+01  0.0000E+00  0.0000E+00  5.1552E+01  0.0000E+00  0.0000E+00
  5.0000E+01  1.0850E+02  2.5000E+00  0.0000E+00  1.0000E+00  1.0000E+00  1.0000E+00  6.2681E+01 -1.1240E+01  0.0000E+00  0.0000E+00  5.0857E+01  0.0000E+00  0.0000E+00
  5.0000E+01  1.2050E+02  3.5000E+00  0.0000E+00  1.0000E+00  1.0000E+00  1.0000E+00  6.2837E+01 -1.1243E+01  0.0000E+00  0.0000E+00  5.1091E+01  0.0000E+00  0.0000E+00
  5.0000E+01  1.3250E+02  3.5000E+00  0.0000E+00  1.0000E+00  1.0000E+00  1.0000E+00  6.2984E+01 -1.1245E+01  0.0000E+00  0.0000E+00  5.1311E+01  0.0000E+00  0.0000E+00
  5.0000E+01  1.4450E+02  3.5000E+00  0.0000E+00  1.0000E+00  1.0000E+00  1.0000E+00  6.3122E+01 -1.1248E+01  0.0000E+00  0.0000E+00  5.1519E+01  0.0000E+00  0.0000E+00
  5.0000E+01  1.5700E+02  3.5000E+00  0.0000E+00  1.0000E+00  1.0000E+00  1.0000E+00  6.3100E+01 -1.1247E+01  0.0000E+00  0.0000E+00  5.1598E+01  0.0000E+00  0.0000E+00
  5.0000E+01  1.6200E+02  0.0000E+00  5.8700E+01  0.0000E+00  0.0000E+00  1.0000E+00  6.1509E+01 -5.1243E-01  7.7193E-02  5.8700E+01  5.0359E+01  8.3408E+00  3.7420E-02
  5.1000E+01  0.0000E+00  0.0000E+00  0.0000E+00  1.0000E+00  0.0000E+00  1.0000E+00  0.0000E+00  0.0000E+00  0.0000E+00  0.0000E+00  0.0000E+00  0.0000E+00  0.0000E+00
  5.1000E+01  0.0000E+00  1.8000E+01  0.0000E+00  1.0000E+00  1.0000E+00  1.0000E+00  1.6516E+01 -7.4519E+00  0.0000E+00  0.0000E+00  1.9326E+01  0.0000E+00  0.0000E+00
  5.1000E+01  3.0000E+00  0.0000E+00  1.2700E+01  0.0000E+00  0.0000E+00  1.0000E+00  1.6320E+01 -1.6411E+00 -1.9424E+00  1.2700E+01  1.9089E+01 -6.3889E+00 -1.8005E+00
  5.1000E+01  1.1500E+01  2.5000E+00  0.0000E+00  1.0000E+00  1.0000E+00  1.0000E+00  1.8073E+01 -7.8519E+00  0.0000E+00  0.0000E+00  2.1116E+01  0.0000E+00  0.0000E+00
  5.1000E+01  1.2500E+01  9.0000E+00  0.0000E+00  1.0000E+00  1.0000E+00  1.0000E+00  2.6259E+01 -9.3444E+00  0.0000E+00  0.0000E+00  3.0692E+01  0.0000E+00  0.0000E+00
  5.1000E+01  2.4500E+01  2.5000E+00  0.0000E+00  1.0000E+00  1.0000E+00  1.0000E+00  2.7331E+01 -9.4820E+00  0.0000E+00  0.0000E+00  3.1895E+01  0.0000E+00  0.0000E+00
  5.1000E+01  3.6500E+01  2.5000E+00  0.0000E+00  1.0000E+00  1.0000E+00  1.0000E+00  2.8354E+01 -9.6039E+00  0.0000E+00  0.0000E+00  3.3040E+01  0.0000E+00  0.0000E+00
  5.1000E+01  4.9000E+01  2.5000E+00  0.0000E+00  1.0000E+00  1.0000E+00  1.0000E+00  2.9275E+01 -9.7065E+00  0.0000E+00  0.0000E+00  3.4065E+01  0.0000E+00  0.0000E+00
  5.1000E+01  6.0000E+01  0.0000E+00  3.1300E+01  0.0000E+00  0.0000E+00  1.0000E+00  2.8024E+01  1.1182E+00  6.7347E-01  3.1300E+01  3.2555E+01 -1.2551E+00  5.9584E-01
  5.1000E+01  6.0500E+01  2.5000E+00  0.0000E+00  1.0000E+00  1.0000E+00  1.0000E+00  3.0262E+01 -9.8094E+00  0.0000E+00  0.0000E+00  3.5172E+01  0.0000E+00  0.0000E+00
  5.1000E+01  7.2500E+01  2.5000E+00  0.0000E+00  1.0000E+00  1.0000E+00  1.0000E+00  3.1148E+01 -9.8960E+00  0.0000E+00  0.0000E+00  3.6159E+01  0.0000E+00  0.0000E+00
  5.1000E+01  8.4500E+01  2.5000E+00  0.0000E+00  1.0000E+00  1.0000E+00  1.0000E+00  3.1993E+01 -9.9740E+00  0.0000E+00  0.0000E+00  3.7098E+01  0.0000E+00  0.0000E+00
  5.1000E+01  9.6500E+01  2.5000E+00  0.0000E+00  1.0000E+00  1.0000E+00  1.0000E+00  3.2802E+01 -1.0045E+01  0.0000E+00  0.0000E+00  3.7997E+01  0.0000E+00  0.0000E+00
  5.1000E+01  1.0850E+02  2.5000E+00  0.0000E+00  1.0000E+00  1.0000E+00  1.0000E+00  3.3574E+01 -1.0109E+01  0.0000E+00  0.0000E+00  3.8852E+01  0.0000E+00  0.0000E+00
  5.1000E+01  1.2050E+02  2.5000E+00  0.0000E+00  1.0000E+00  1.0000E+00  1.0000E+00  3.4311E+01 -1.0167E+01  0.0000E+00  0.0000E+00  3.9666E+01  0.0000E+00  0.0000E+00
  5.1000E+01  1.3200E+02  0.0000E+00  3.1100E+01  0.0000E+00  0.0000E+00  1.0000E+00  3.2783E+01 -5.1570E-01 -9.8548E-01  3.1100E+01  3.7835E+01 -6.7349E+00 -8.9321E-01
  5.2000E+01  0.0000E+00  0.0000E+00  0.0000E+00  1.0000E+00  0.0000E+00  1.0000E+00  0.0000E+00  0.0000E+00  0.0000E+00  0.0000E+00  0.0000E+00  0.0000E+00  0.0000E+00
  5.2000E+01  0.0000E+00  9.5000E+00  0.0000E+00  1.0000E+00  1.0000E+00  1.0000E+00  1.1778E+01 -5.9245E+00  0.0000E+00  0.0000E+00  1.0200E+01  0.0000E+00  0.0000E+00
  5.2000E+01  2.0000E+00  0.0000E+00  1.4300E+01  0.0000E+00  0.0000E+00  1.0000E+00  1.1652E+01  1.3354E+00  1.6465E+00  1.4300E+01  1.0102E+01  4.1984E+00  1.7220E+00
  5.2000E+01  4.0000E+00  9.5000E+00  0.0000E+00  1.0000E+00  1.0000E+00  1.0000E+00  2.3306E+01 -8.9057E+00  0.0000E+00  0.0000E+00  2.0204E+01  0.0000E+00  0.0000E+00
  5.2000E+01  1.2500E+01  9.0000E+00  0.0000E+00  1.0000E+00  1.0000E+00  1.0000E+00  3.3429E+01 -1.0097E+01  0.0000E+00  0.0000E+00  2.9051E+01  0.0000E+00  0.0000E+00
  5.2000E+01  3.5500E+01  2.5000E+00  0.0000E+00  1.0000E+00  1.0000E+00  1.0000E+00  3.2663E+01 -1.0033E+01  0.0000E+00  0.0000E+00  2.8669E+01  0.0000E+00  0.0000E+00
  5.2000E+01  3.7500E+01  2.5000E+00  0.0000E+00  1.0000E+00  1.0000E+00  1.0000E+00  3.5415E+01 -1.0249E+01  0.0000E+00  0.0000E+00  3.1077E+01  0.0000E+00  0.0000E+00
  5.2000E+01  5.9500E+01  2.5000E+00  0.0000E+00  1.0000E+00  1.0000E+00  1.0000E+00  3.4587E+01 -1.0188E+01  0.0000E+00  0.0000E+00  3.0616E+01  0.0000E+00  0.0000E+00
  5.2000E+01  7.1500E+01  2.5000E+00  0.0000E+00  1.0000E+00  1.0000E+00  1.0000E+00  3.5539E+01 -1.0257E+01  0.0000E+00  0.0000E+00  3.1569E+01  0.0000E+00  0.0000E+00
  5.2000E+01  8.3000E+01  0.0000E+00  3.8100E+01  0.0000E+00  0.0000E+00  1.0000E+00  3.3421E+01  1.4135E+00  1.9290E+00  3.8100E+01  2.9857E+01  8.2433E+00  2.0846E+00
  5.2000E+01  8.3500E+01  2.5000E+00  0.0000E+00  1.0000E+00  1.0000E+00  1.0000E+00  3.6431E+01 -1.0319E+01  0.0000E+00  0.0000E+00  3.2469E+01  0.0000E+00  0.0000E+00
  5.2000E+01  9.5500E+01  2.5000E+00  0.0000E+00  1.0000E+00  1.0000E+00  1.0000E+00  3.7268E+01 -1.0374E+01  0.0000E+00  0.0000E+00  3.3317E+01  0.0000E+00  0.0000E+00
  5.2000E+01  1.0750E+02  2.5000E+00  0.0000E+00  1.0000E+00  1.0000E+00  1.0000E+00  3.8205E+01 -1.0432E+01  0.0000E+00  0.0000E+00  3.4242E+01  0.0000E+00  0.0000E+00
  5.2000E+01  1.1950E+02  2.5000E+00  0.0000E+00  1.0000E+00  1.0000E+00  1.0000E+00  3.9088E+01 -1.0484E+01  0.0000E+00  0.0000E+00  3.5118E+01  0.0000E+00  0.0000E+00
  5.2000E+01  1.3150E+02  2.5000E+00  0.0000E+00  1.0000E+00  1.0000E+00  1.0000E+00  3.9920E+01 -1.0530E+01  0.0000E+00  0.0000E+00  3.5948E+01  0.0000E+00  0.0000E+00
  5.2000E+01  1.4350E+02  2.5000E+00  0.0000E+00  1.0000E+00  1.0000E+00  1.0000E+00  4.0703E+01 -1.0572E+01  0.0000E+00  0.0000E+00  3.6734E+01  0.0000E+00  0.0000E+00
  5.2000E+01  1.5500E+02  0.0000E+00  3.1200E+01  0.0000E+00  0.0000E+00  1.0000E+00  3.8437E+01 -1.9669E+00 -1.5015E+00  3.1200E+01  3.4872E+01 -3.6725E+00 -1.6018E+00
  5.3000E+01  0.0000E+00  0.0000E+00  0.0000E+00  1.0000E+00  0.0000E+00  1.0000E+00  0.0000E+00  0.0000E+00  0.0000E+00  0.0000E+00  0.0000E+00  0.0000E+00  0.0000E+00
  5.3000E+01  0.0000E+00  1.7000E+01  0.0000E+00  1.0000E+00  1.0000E+00  1.0000E+00  1.1013E+01 -5.6293E+00  0.0000E+00  0.0000E+00  1.0069E+01  0.0000E+00  0.0000E+00
  5.3000E+01  4.0000E+00  1.7000E+01  0.0000E+00  1.0000E+00  1.0000E+00  1.0000E+00  2.1821E+01 -8.6467E+00  0.0000E+00  0.0000E+00  1.9951E+01  0.0000E+00  0.0000E+00
  5.3000E+01  6.0000E+00  0.0000E+00  1.9100E+01  0.0000E+00  0.0000E+00  1.0000E+00  2.1618E+01 -1.0029E+00 -8.1082E-01  1.9100E+01  1.9765E+01 -6.6484E-01 -8.4963E-01
  5.3000E+01  2.3800E+01  4.0000E+00  0.0000E+00  1.0000E+00  1.0000E+00  1.0000E+00  2.2485E+01 -8.7659E+00  0.0000E+00  0.0000E+00  2.0549E+01  0.0000E+00  0.0000E+00
  5.3000E+01  2.7000E+01  7.5000E+00  0.0000E+00  1.0000E+00  1.0000E+00  1.0000E+00  2.7010E+01 -9.4418E+00  0.0000E+00  0.0000E+00  2.4685E+01  0.0000E+00  0.0000E+00
  5.3000E+01  2.8000E+01  4.0000E+00  0.0000E+00  1.0000E+00  1.0000E+00  1.0000E+00  2.9475E+01 -9.7279E+00  0.0000E+00  0.0000E+00  2.6939E+01  0.0000E+00  0.0000E+00
  5.3000E+01  3.9500E+01  4.0000E+00  0.0000E+00  1.0000E+00  1.0000E+00  1.0000E+00  3.0525E+01 -9.8356E+00  0.0000E+00  0.0000E+00  2.7892E+01  0.0000E+00  0.0000E+00
  5.3000E+01  4.7000E+01  0.0000E+00  3.3300E+01  0.0000E+00  0.0000E+00  1.0000E+00  2.9474E+01  1.2628E+00  1.5217E+00  3.3300E+01  2.6926E+01  6.3736E+00  1.6004E+00
  5.4000E+01  0.0000E+00  0.0000E+00  0.0000E+00  1.0000E+00  0.0000E+00  1.0000E+00  0.0000E+00  0.0000E+00  0.0000E+00  0.0000E+00  0.0000E+00  0.0000E+00  0.0000E+00
  5.4000E+01  0.0000E+00  1.8000E+01  0.0000E+00  1.0000E+00  1.0000E+00  1.0000E+00  1.2722E+01 -6.2695E+00  0.0000E+00  0.0000E+00  1.0107E+01  0.0000E+00  0.0000E+00
  5.4000E+01  3.7000E+00  1.8000E+01  0.0000E+00  1.0000E+00  1.0000E+00  1.0000E+00  2.5243E+01 -9.2038E+00  0.0000E+00  0.0000E+00  2.0056E+01  0.0000E+00  0.0000E+00
  5.4000E+01  9.7000E+00  0.0000E+00  2.5500E+01  0.0000E+00  0.0000E+00  1.0000E+00  2.4597E+01  3.3457E-01  7.5205E-01  2.5500E+01  1.9551E+01  5.9486E+00  8.4328E-01
  5.4000E+01  1.5700E+01  4.4000E+00  0.0000E+00  1.0000E+00  1.0000E+00  1.0000E+00  2.7077E+01 -9.4503E+00  0.0000E+00  0.0000E+00  2.1530E+01  0.0000E+00  0.0000E+00
  5.4000E+01  2.7700E+01  4.4000E+00  0.0000E+00  1.0000E+00  1.0000E+00  1.0000E+00  2.8819E+01 -9.6565E+00  0.0000E+00  0.0000E+00  2.2931E+01  0.0000E+00  0.0000E+00
  5.4000E+01  2.9700E+01  0.0000E+00  2.9400E+01  0.0000E+00  0.0000E+00  1.0000E+00  2.8571E+01  2.7942E-01  7.5746E-01  2.9400E+01  2.2737E+01  6.6628E+00  8.5205E-01
  5.4000E+01  3.9700E+01  4.4000E+00  0.0000E+00  1.0000E+00  1.0000E+00  1.0000E+00  3.0473E+01 -9.8305E+00  0.0000E+00  0.0000E+00  2.4263E+01  0.0000E+00  0.0000E+00
  5.4000E+01  5.1700E+01  4.4000E+00  0.0000E+00  1.0000E+00  1.0000E+00  1.0000E+00  3.2043E+01 -9.9784E+00  0.0000E+00  0.0000E+00  2.5528E+01  0.0000E+00  0.0000E+00
  5.4000E+01  6.3200E+01  0.0000E+00  2.9500E+01  0.0000E+00  0.0000E+00  1.0000E+00  3.0490E+01 -3.1917E-01  1.8645E-01  2.9500E+01  2.4311E+01  5.1887E+00  1.9350E-01
  5.4000E+01  6.3700E+01  4.4000E+00  0.0000E+00  1.0000E+00  1.0000E+00  1.0000E+00  3.3534E+01 -1.0105E+01  0.0000E+00  0.0000E+00  2.6730E+01  0.0000E+00  0.0000E+00
  5.4000E+01  7.5700E+01  4.4000E+00  0.0000E+00  1.0000E+00  1.0000E+00  1.0000E+00  3.4949E+01 -1.0215E+01  0.0000E+00  0.0000E+00  2.7873E+01  0.0000E+00  0.0000E+00
  5.4000E+01  8.7700E+01  4.4000E+00  0.0000E+00  1.0000E+00  1.0000E+00  1.0000E+00  3.6293E+01 -1.0310E+01  0.0000E+00  0.0000E+00  2.8959E+01  0.0000E+00  0.0000E+00
  5.4000E+01  9.9700E+01  4.4000E+00  0.0000E+00  1.0000E+00  1.0000E+00  1.0000E+00  3.7101E+01 -1.0363E+01  0.0000E+00  0.0000E+00  2.9623E+01  0.0000E+00  0.0000E+00
  5.4000E+01  1.1130E+02  0.0000E+00  3.7900E+01  0.0000E+00  0.0000E+00  1.0000E+00  3.4823E+01  9.0166E-01  1.4674E+00  3.7900E+01  2.7835E+01  1.0065E+01  1.6758E+00
  5.5000E+01  0.0000E+00  0.0000E+00  0.0000E+00  1.0000E+00  0.0000E+00  1.0000E+00  0.0000E+00  0.0000E+00  0.0000E+00  0.0000E+00  0.0000E+00  0.0000E+00  0.0000E+00
  5.5000E+01  0.0000E+00  2.5000E+01  0.0000E+00  1.0000E+00  1.0000E+00  1.0000E+00  1.7615E+01 -7.7391E+00  0.0000E+00  0.0000E+00  2.2249E+01  0.0000E+00  0.0000E+00
  5.5000E+01  1.2000E+01  3.0000E+00  0.0000E+00  1.0000E+00  1.0000E+00  1.0000E+00  1.8822E+01 -8.0288E+00  0.0000E+00  0.0000E+00  2.3746E+01  0.0000E+00  0.0000E+00
  5.5000E+01  2.4000E+01  3.0000E+00  0.0000E+00  1.0000E+00  1.0000E+00  1.0000E+00  1.9967E+01 -8.2809E+00  0.0000E+00  0.0000E+00  2.5165E+01  0.0000E+00  0.0000E+00
  5.5000E+01  3.6000E+01  3.0000E+00  0.0000E+00  1.0000E+00  1.0000E+00  1.0000E+00  2.1052E+01 -8.5011E+00  0.0000E+00  0.0000E+00  2.6508E+01  0.0000E+00  0.0000E+00
  5.5000E+01  4.8000E+01  3.0000E+00  0.0000E+00  1.0000E+00  1.0000E+00  1.0000E+00  2.2082E+01 -8.6943E+00  0.0000E+00  0.0000E+00  2.7781E+01  0.0000E+00  0.0000E+00
  5.5000E+01  6.0000E+01  3.0000E+00  0.0000E+00  1.0000E+00  1.0000E+00  1.0000E+00  2.3059E+01 -8.8645E+00  0.0000E+00  0.0000E+00  2.8987E+01  0.0000E+00  0.0000E+00
  5.5000E+01  7.2000E+01  3.0000E+00  0.0000E+00  1.0000E+00  1.0000E+00  1.0000E+00  2.3985E+01 -9.0150E+00  0.0000E+00  0.0000E+00  3.0129E+01  0.0000E+00  0.0000E+00
  5.5000E+01  7.4000E+01  0.0000E+00  2.0800E+01  0.0000E+00  0.0000E+00  1.0000E+00  2.3775E+01 -1.1238E+00 -1.8785E+00  2.0800E+01  2.9858E+01 -9.0584E+00 -1.6578E+00
  5.6000E+01  0.0000E+00  0.0000E+00  0.0000E+00  1.0000E+00  0.0000E+00  1.0000E+00  0.0000E+00  0.0000E+00  0.0000E+00  0.0000E+00  0.0000E+00  0.0000E+00  0.0000E+00
  5.6000E+01  0.0000E+00  1.2000E+01  0.0000E+00  1.0000E+00  1.0000E+00  1.0000E+00  1.8306E+01 -7.9080E+00  0.0000E+00  0.0000E+00  1.8826E+01  0.0000E+00  0.0000E+00
  5.6000E+01  1.2700E+01  1.5000E+00  0.0000E+00  1.0000E+00  1.0000E+00  1.0000E+00  1.9611E+01 -8.2049E+00  0.0000E+00  0.0000E+00  2.0163E+01  0.0000E+00  0.0000E+00
  5.6000E+01  2.0000E+01  0.0000E+00  1.8800E+01  0.0000E+00  0.0000E+00  1.0000E+00  1.8999E+01 -8.4487E-02 -1.9150E-01  1.8800E+01  1.9530E+01 -7.2969E-01 -1.8903E-01
  5.7000E+01  0.0000E+00  0.0000E+00  0.0000E+00  1.0000E+00  0.0000E+00  1.0000E+00  0.0000E+00  0.0000E+00  0.0000E+00  0.0000E+00  0.0000E+00  0.0000E+00  0.0000E+00
  5.7000E+01  0.0000E+00  2.0000E+01  0.0000E+00  1.0000E+00  1.0000E+00  1.0000E+00  9.8510E+00 -5.1537E+00  0.0000E+00  0.0000E+00  9.7220E+00  0.0000E+00  0.0000E+00
  5.7000E+01  5.0000E-01  2.0000E+01  0.0000E+00  1.0000E+00  1.0000E+00  1.0000E+00  1.9676E+01 -8.2189E+00  0.0000E+00  0.0000E+00  1.9418E+01  0.0000E+00  0.0000E+00
  5.7000E+01  1.7000E+00  0.0000E+00  2.0200E+01  0.0000E+00  0.0000E+00  1.0000E+00  1.9551E+01  2.7183E-01  2.8024E-01  2.0200E+01  1.9297E+01  9.0324E-01  2.8172E-01
  5.7000E+01  1.2200E+01  5.0000E+00  0.0000E+00  1.0000E+00  1.0000E+00  1.0000E+00  2.0957E+01 -8.4824E+00  0.0000E+00  0.0000E+00  2.0694E+01  0.0000E+00  0.0000E+00
  5.7000E+01  2.4700E+01  5.0000E+00  0.0000E+00  1.0000E+00  1.0000E+00  1.0000E+00  2.2077E+01 -8.6934E+00  0.0000E+00  0.0000E+00  2.1813E+01  0.0000E+00  0.0000E+00
  5.7000E+01  3.7200E+01  5.0000E+00  0.0000E+00  1.0000E+00  1.0000E+00  1.0000E+00  2.3126E+01 -8.8757E+00  0.0000E+00  0.0000E+00  2.2860E+01  0.0000E+00  0.0000E+00
  5.7000E+01  4.7800E+01  5.0000E+00  0.0000E+00  1.0000E+00  1.0000E+00  1.0000E+00  2.4326E+01 -9.0679E+00  0.0000E+00  0.0000E+00  2.4056E+01  0.0000E+00  0.0000E+00
  5.7000E+01  6.0200E+01  5.0000E+00  0.0000E+00  1.0000E+00  1.0000E+00  1.0000E+00  2.5243E+01 -9.2039E+00  0.0000E+00  0.0000E+00  2.4973E+01  0.0000E+00  0.0000E+00
  5.7000E+01  7.2200E+01  6.0000E+00  0.0000E+00  1.0000E+00  1.0000E+00  1.0000E+00  2.6644E+01 -9.3950E+00  0.0000E+00  0.0000E+00  2.6368E+01  0.0000E+00  0.0000E+00
  5.7000E+01  8.4200E+01  6.0000E+00  0.0000E+00  1.0000E+00  1.0000E+00  1.0000E+00  2.7959E+01 -9.5579E+00  0.0000E+00  0.0000E+00  2.7677E+01  0.0000E+00  0.0000E+00
  5.7000E+01  9.6200E+01  6.0000E+00  0.0000E+00  1.0000E+00  1.0000E+00  1.0000E+00  2.9553E+01 -9.7362E+00  0.0000E+00  0.0000E+00  2.9261E+01  0.0000E+00  0.0000E+00
  5.7000E+01  1.0900E+02  0.0000E+00  2.7800E+01  0.0000E+00  0.0000E+00  1.0000E+00  2.8022E+01 -7.5705E-02 -7.4663E-02  2.7800E+01  2.7760E+01  4.0410E-02 -7.4505E-02
  5.8000E+01  0.0000E+00  0.0000E+00  0.0000E+00  1.0000E+00  0.0000E+00  1.0000E+00  0.0000E+00  0.0000E+00  0.0000E+00  0.0000E+00  0.0000E+00  0.0000E+00  0.0000E+00
  5.8000E+01  0.0000E+00  1.4000E+01  0.0000E+00  1.0000E+00  1.0000E+00  1.0000E+00  1.1372E+01 -5.7696E+00  0.0000E+00  0.0000E+00  9.9436E+00  0.0000E+00  0.0000E+00
  5.8000E+01  5.0000E-01  1.4000E+01  0.0000E+00  1.0000E+00  1.0000E+00  1.0000E+00  2.2714E+01 -8.8059E+00  0.0000E+00  0.0000E+00  1.9863E+01  0.0000E+00  0.0000E+00
  5.8000E+01  8.5000E+00  0.0000E+00  2.2400E+01  0.0000E+00  0.0000E+00  1.0000E+00  2.1815E+01  2.3193E-01  5.1576E-01  2.2400E+01  1.9103E+01  3.2965E+00  5.5334E-01
  5.8000E+01  1.2000E+01  3.5000E+00  0.0000E+00  1.0000E+00  1.0000E+00  1.0000E+00  2.4275E+01 -9.0601E+00  0.0000E+00  0.0000E+00  2.1266E+01  0.0000E+00  0.0000E+00
  5.8000E+01  2.4300E+01  3.5000E+00  0.0000E+00  1.0000E+00  1.0000E+00  1.0000E+00  2.5656E+01 -9.2622E+00  0.0000E+00  0.0000E+00  2.2515E+01  0.0000E+00  0.0000E+00
  5.8000E+01  3.5800E+01  3.5000E+00  0.0000E+00  1.0000E+00  1.0000E+00  1.0000E+00  2.7051E+01 -9.4470E+00  0.0000E+00  0.0000E+00  2.3774E+01  0.0000E+00  0.0000E+00
  5.8000E+01  4.7500E+01  0.0000E+00  2.7900E+01  0.0000E+00  0.0000E+00  1.0000E+00  2.5498E+01  8.7035E-01  1.1741E+00  2.7900E+01  2.2456E+01  5.4441E+00  1.2594E+00
  5.8000E+01  4.8000E+01  3.5000E+00  0.0000E+00  1.0000E+00  1.0000E+00  1.0000E+00  2.8277E+01 -9.5950E+00  0.0000E+00  0.0000E+00  2.4887E+01  0.0000E+00  0.0000E+00
  5.8000E+01  5.9500E+01  3.5000E+00  0.0000E+00  1.0000E+00  1.0000E+00  1.0000E+00  2.9524E+01 -9.7331E+00  0.0000E+00  0.0000E+00  2.6017E+01  0.0000E+00  0.0000E+00
  5.8000E+01  7.2000E+01  3.5000E+00  0.0000E+00  1.0000E+00  1.0000E+00  1.0000E+00  3.0560E+01 -9.8391E+00  0.0000E+00  0.0000E+00  2.6965E+01  0.0000E+00  0.0000E+00
  5.8000E+01  8.4000E+01  3.5000E+00  0.0000E+00  1.0000E+00  1.0000E+00  1.0000E+00  3.1605E+01 -9.9388E+00  0.0000E+00  0.0000E+00  2.7919E+01  0.0000E+00  0.0000E+00
  5.8000E+01  9.6300E+01  3.5000E+00  0.0000E+00  1.0000E+00  1.0000E+00  1.0000E+00  3.2467E+01 -1.0016E+01  0.0000E+00  0.0000E+00  2.8714E+01  0.0000E+00  0.0000E+00
  5.8000E+01  1.0700E+02  3.5000E+00  0.0000E+00  1.0000E+00  1.0000E+00  1.0000E+00  3.3531E+01 -1.0105E+01  0.0000E+00  0.0000E+00  2.9681E+01  0.0000E+00  0.0000E+00
  5.8000E+01  1.2030E+02  3.5000E+00  0.0000E+00  1.0000E+00  1.0000E+00  1.0000E+00  3.4106E+01 -1.0151E+01  0.0000E+00  0.0000E+00  3.0228E+01  0.0000E+00  0.0000E+00
  5.8000E+01  1.3180E+02  0.0000E+00  3.1000E+01  0.0000E+00  0.0000E+00  1.0000E+00  3.2103E+01 -3.4297E-01 -1.2177E-02  3.1000E+01  2.8513E+01  2.4868E+00 -1.8218E-02
  5.9000E+01  0.0000E+00  0.0000E+00  0.0000E+00  1.0000E+00  0.0000E+00  1.0000E+00  0.0000E+00  0.0000E+00  0.0000E+00  0.0000E+00  0.0000E+00  0.0000E+00  0.0000E+00
  5.9000E+01  0.0000E+00  2.2800E+01  0.0000E+00  1.0000E+00  1.0000E+00  1.0000E+00  2.3045E+01 -8.8622E+00  0.0000E+00  0.0000E+00  2.0291E+01  0.0000E+00  0.0000E+00
  5.9000E+01  1.8000E+00  0.0000E+00  2.2600E+01  0.0000E+00  0.0000E+00  1.0000E+00  2.2859E+01 -9.9925E-02  1.0386E-01  2.2600E+01  2.0127E+01  2.4726E+00  1.0907E-01
  5.9000E+01  1.2500E+01  3.0000E+00  0.0000E+00  1.0000E+00  1.0000E+00  1.0000E+00  2.4812E+01 -9.1410E+00  0.0000E+00  0.0000E+00  2.1851E+01  0.0000E+00  0.0000E+00
  5.9000E+01  2.4300E+01  3.0000E+00  0.0000E+00  1.0000E+00  1.0000E+00  1.0000E+00  2.6555E+01 -9.3835E+00  0.0000E+00  0.0000E+00  2.3391E+01  0.0000E+00  0.0000E+00
  5.9000E+01  3.6300E+01  3.0000E+00  0.0000E+00  1.0000E+00  1.0000E+00  1.0000E+00  2.8185E+01 -9.5844E+00  0.0000E+00  0.0000E+00  2.4831E+01  0.0000E+00  0.0000E+00
  5.9000E+01  4.8800E+01  3.0000E+00  0.0000E+00  1.0000E+00  1.0000E+00  1.0000E+00  2.9669E+01 -9.7484E+00  0.0000E+00  0.0000E+00  2.6142E+01  0.0000E+00  0.0000E+00
  5.9000E+01  6.0300E+01  3.0000E+00  0.0000E+00  1.0000E+00  1.0000E+00  1.0000E+00  3.1199E+01 -9.9008E+00  0.0000E+00  0.0000E+00  2.7494E+01  0.0000E+00  0.0000E+00
  5.9000E+01  7.2300E+01  3.0000E+00  0.0000E+00  1.0000E+00  1.0000E+00  1.0000E+00  3.2584E+01 -1.0026E+01  0.0000E+00  0.0000E+00  2.8718E+01  0.0000E+00  0.0000E+00
  5.9000E+01  7.3800E+01  0.0000E+00  3.4300E+01  0.0000E+00  0.0000E+00  1.0000E+00  3.2364E+01  5.9870E-01  8.8579E-01  3.4300E+01  2.8525E+01  5.7751E+00  9.5274E-01
  5.9000E+01  8.4300E+01  3.0000E+00  0.0000E+00  1.0000E+00  1.0000E+00  1.0000E+00  3.3896E+01 -1.0134E+01  0.0000E+00  0.0000E+00  2.9878E+01  0.0000E+00  0.0000E+00
  5.9000E+01  9.6000E+01  3.0000E+00  0.0000E+00  1.0000E+00  1.0000E+00  1.0000E+00  3.5251E+01 -1.0237E+01  0.0000E+00  0.0000E+00  3.1076E+01  0.0000E+00  0.0000E+00
  5.9000E+01  1.0830E+02  3.0000E+00  0.0000E+00  1.0000E+00  1.0000E+00  1.0000E+00  3.6452E+01 -1.0321E+01  0.0000E+00  0.0000E+00  3.2139E+01  0.0000E+00  0.0000E+00
  5.9000E+01  1.2050E+02  3.0000E+00  0.0000E+00  1.0000E+00  1.0000E+00  1.0000E+00  3.7606E+01 -1.0395E+01  0.0000E+00  0.0000E+00  3.3159E+01  0.0000E+00  0.0000E+00
  5.9000E+01  1.3230E+02  3.0000E+00  0.0000E+00  1.0000E+00  1.0000E+00  1.0000E+00  3.8762E+01 -1.0465E+01  0.0000E+00  0.0000E+00  3.4182E+01  0.0000E+00  0.0000E+00
  5.9000E+01  1.4480E+02  3.0000E+00  0.0000E+00  1.0000E+00  1.0000E+00  1.0000E+00  3.9749E+01 -1.0521E+01  0.0000E+00  0.0000E+00  3.5056E+01  0.0000E+00  0.0000E+00
  5.9000E+01  1.4680E+02  0.0000E+00  4.0200E+01  0.0000E+00  0.0000E+00  1.0000E+00  3.9406E+01  2.1168E-01  5.5548E-01  4.0200E+01  3.4754E+01  5.4458E+00  5.9396E-01
