TABLE NO.  1
 ID          TIME        AMT         CMT         DV          DVID        MDV         EVID        IPRE        IWRE        CWRES       DV          PRED        RES         WRES
  1.0000E+00  0.0000E+00  1.0000E+02  1.0000E+00  0.0000E+00  0.0000E+00  1.0000E+00  1.0000E+00  0.0000E+00  0.0000E+00  0.0000E+00  0.0000E+00  0.0000E+00  0.0000E+00  0.0000E+00
  1.0000E+00  0.0000E+00  0.0000E+00  3.0000E+00  1.2350E+02  2.0000E+00  0.0000E+00  0.0000E+00  1.2022E+02  6.3892E-01  1.6814E+00  1.2350E+02  1.0138E+02  2.2123E+01  1.8655E+00
  1.0000E+00  5.0000E-01  0.0000E+00  2.0000E+00  4.4100E+00  1.0000E+00  0.0000E+00  0.0000E+00  4.1986E+00  4.9706E-01  1.3771E-01  4.4100E+00  6.9291E+00 -2.5191E+00 -3.9089E-01
  1.0000E+00  2.0000E+00  0.0000E+00  2.0000E+00  8.1680E+00  1.0000E+00  0.0000E+00  0.0000E+00  9.5676E+00 -1.4439E+00 -1.9568E+00  8.1680E+00  1.1894E+01 -3.7265E+00 -1.9625E+00
  1.0000E+00  6.0000E+00  0.0000E+00  2.0000E+00  1.0264E+01  1.0000E+00  0.0000E+00  0.0000E+00  1.0759E+01 -4.5405E-01 -6.3437E-01  1.0264E+01  1.1505E+01 -1.2411E+00 -4.4122E-01
  1.0000E+00  1.2000E+01  0.0000E+00  2.0000E+00  1.1279E+01  1.0000E+00  0.0000E+00  0.0000E+00  9.7208E+00  1.5822E+00  1.5469E+00  1.1279E+01  1.0222E+01  1.0567E+00  1.6424E+00
  1.0000E+00  1.2000E+01  0.0000E+00  3.0000E+00  7.4300E+01  2.0000E+00  0.0000E+00  0.0000E+00  7.9681E+01 -1.0484E+00 -3.7212E-01  7.4300E+01  6.0581E+01  1.3719E+01 -3.8727E-01
  1.0000E+00  2.4000E+01  0.0000E+00  2.0000E+00  7.7040E+00  1.0000E+00  0.0000E+00  0.0000E+00  7.8491E+00 -1.8242E-01 -1.6499E-02  7.7040E+00  8.0684E+00 -3.6438E-01  1.8369E-01
  1.0000E+00  2.4000E+01  0.0000E+00  3.0000E+00  6.4400E+01  2.0000E+00  0.0000E+00  0.0000E+00  5.5734E+01  1.6883E+00  2.2264E+00  6.4400E+01  3.8221E+01  2.6179E+01  2.2377E+00
  1.0000E+00  3.6000E+01  0.0000E+00  3.0000E+00  3.8800E+01  2.0000E+00  0.0000E+00  0.0000E+00  4.2893E+01 -7.9747E-01 -2.3314E-01  3.8800E+01  2.6697E+01  1.2103E+01 -1.5611E-01
  1.0000E+00  4.8000E+01  0.0000E+00  2.0000E+00  4.6530E+00  1.0000E+00  0.0000E+00  0.0000E+00  5.1171E+00 -8.9525E-01 -4.6951E-01  4.6530E+00  5.0264E+00 -3.7345E-01 -3.0592E-01
  1.0000E+00  4.8000E+01  0.0000E+00  3.0000E+00  4.1000E+01  2.0000E+00  0.0000E+00  0.0000E+00  3.6924E+01  7.9401E-01  1.4286E+00  4.1000E+01  2.1444E+01  1.9556E+01  1.5610E+00
  1.0000E+00  7.2000E+01  0.0000E+00  2.0000E+00  3.5320E+00  1.0000E+00  0.0000E+00  0.0000E+00  3.3361E+00  5.7977E-01  1.1054E+00  3.5320E+00  3.1314E+00  4.0062E-01  1.2022E+00
  1.0000E+00  7.2000E+01  0.0000E+00  3.0000E+00  3.1900E+01  2.0000E+00  0.0000E+00  0.0000E+00  3.6439E+01 -8.8424E-01 -1.7191E-01  3.1900E+01  2.0729E+01  1.1171E+01  1.1494E-02
  1.0000E+00  9.6000E+01  0.0000E+00  2.0000E+00  2.3720E+00  1.0000E+00  0.0000E+00  0.0000E+00  2.1749E+00  8.9450E-01  1.4066E+00  2.3720E+00  1.9508E+00  4.2121E-01  1.4464E+00
  1.0000E+00  9.6000E+01  0.0000E+00  3.0000E+00  4.5000E+01  2.0000E+00  0.0000E+00  0.0000E+00  4.3687E+01  2.5579E-01  8.7702E-01  4.5000E+01  2.6514E+01  1.8486E+01  1.0385E+00
  1.0000E+00  1.2000E+02  0.0000E+00  2.0000E+00  1.3940E+00  1.0000E+00  0.0000E+00  0.0000E+00  1.4179E+00 -1.6643E-01  2.6602E-01  1.3940E+00  1.2153E+00  1.7869E-01  2.6796E-01
  1.0000E+00  1.2000E+02  0.0000E+00  3.0000E+00  5.3900E+01  2.0000E+00  0.0000E+00  0.0000E+00  5.4384E+01 -9.4249E-02  2.9940E-01  5.3900E+01  3.5646E+01  1.8254E+01  3.7075E-01
  1.0000E+00  1.4400E+02  0.0000E+00  3.0000E+00  7.0800E+01  2.0000E+00  0.0000E+00  0.0000E+00  6.6305E+01  8.7574E-01  9.9867E-01  7.0800E+01  4.6589E+01  2.4211E+01  9.3621E-01
  2.0000E+00  0.0000E+00  1.0000E+02  1.0000E+00  0.0000E+00  0.0000E+00  1.0000E+00  1.0000E+00  0.0000E+00  0.0000E+00  0.0000E+00  0.0000E+00  0.0000E+00  0.0000E+00  0.0000E+00
  2.0000E+00  0.0000E+00  0.0000E+00  3.0000E+00  1.0050E+02  2.0000E+00  0.0000E+00  0.0000E+00  1.0244E+02 -3.7762E-01 -3.1867E-01  1.0050E+02  1.0138E+02 -8.7741E-01 -2.9495E-01
  2.0000E+00  5.0000E-01  0.0000E+00  2.0000E+00  5.8590E+00  1.0000E+00  0.0000E+00  0.0000E+00  5.8966E+00 -6.3010E-02 -3.1217E-01  5.8590E+00  6.9291E+00 -1.0701E+00 -2.7842E-01
  2.0000E+00  2.0000E+00  0.0000E+00  2.0000E+00  1.0868E+01  1.0000E+00  0.0000E+00  0.0000E+00  9.9849E+00  8.7303E-01  3.1847E-01  1.0868E+01  1.1894E+01 -1.0265E+00  2.2063E-01
  2.0000E+00  6.0000E+00  0.0000E+00  2.0000E+00  9.6460E+00  1.0000E+00  0.0000E+00  0.0000E+00  9.7074E+00 -6.2459E-02 -6.3245E-01  9.6460E+00  1.1505E+01 -1.8591E+00 -5.7038E-01
  2.0000E+00  1.2000E+01  0.0000E+00  2.0000E+00  8.4110E+00  1.0000E+00  0.0000E+00  0.0000E+00  8.7522E+00 -3.8476E-01 -8.7530E-01  8.4110E+00  1.0222E+01 -1.8113E+00 -7.7738E-01
  2.0000E+00  1.2000E+01  0.0000E+00  3.0000E+00  6.7900E+01  2.0000E+00  0.0000E+00  0.0000E+00  6.3701E+01  8.1804E-01  9.0579E-01  6.7900E+01  6.0581E+01  7.3194E+00  8.8713E-01
  2.0000E+00  2.4000E+01  0.0000E+00  2.0000E+00  6.9450E+00  1.0000E+00  0.0000E+00  0.0000E+00  7.1135E+00 -2.3378E-01 -5.7851E-01  6.9450E+00  8.0684E+00 -1.1234E+00 -5.2922E-01
  2.0000E+00  2.4000E+01  0.0000E+00  3.0000E+00  4.5800E+01  2.0000E+00  0.0000E+00  0.0000E+00  4.1684E+01  8.0194E-01  9.2096E-01  4.5800E+01  3.8221E+01  7.5791E+00  9.0002E-01
  2.0000E+00  3.6000E+01  0.0000E+00  3.0000E+00  2.6300E+01  2.0000E+00  0.0000E+00  0.0000E+00  2.9858E+01 -6.9309E-01 -5.4880E-01  2.6300E+01  2.6697E+01 -3.9747E-01 -5.6239E-01
  2.0000E+00  4.8000E+01  0.0000E+00  2.0000E+00  4.5820E+00  1.0000E+00  0.0000E+00  0.0000E+00  4.6991E+00 -2.4598E-01 -3.5254E-01  4.5820E+00  5.0264E+00 -4.4445E-01 -3.3247E-01
  2.0000E+00  4.8000E+01  0.0000E+00  3.0000E+00  1.7000E+01  2.0000E+00  0.0000E+00  0.0000E+00  2.4099E+01 -1.3830E+00 -1.2243E+00  1.7000E+01  2.1444E+01 -4.4444E+00 -1.2311E+00
  2.0000E+00  7.2000E+01  0.0000E+00  2.0000E+00  3.0600E+00  1.0000E+00  0.0000E+00  0.0000E+00  3.1042E+00 -1.4052E-01 -7.6625E-02  3.0600E+00  3.1314E+00 -7.1385E-02 -6.8692E-02
  2.0000E+00  7.2000E+01  0.0000E+00  3.0000E+00  2.1400E+01  2.0000E+00  0.0000E+00  0.0000E+00  2.2270E+01 -1.6944E-01 -2.1738E-02  2.1400E+01  2.0729E+01  6.7115E-01 -2.3488E-02
  2.0000E+00  9.6000E+01  0.0000E+00  2.0000E+00  1.8620E+00  1.0000E+00  0.0000E+00  0.0000E+00  2.0506E+00 -9.0784E-01 -7.3486E-01  1.8620E+00  1.9508E+00 -8.8794E-02 -6.6771E-01
  2.0000E+00  9.6000E+01  0.0000E+00  3.0000E+00  3.3100E+01  2.0000E+00  0.0000E+00  0.0000E+00  2.6843E+01  1.2189E+00  1.2985E+00  3.3100E+01  2.6514E+01  6.5858E+00  1.2939E+00
  2.0000E+00  1.2000E+02  0.0000E+00  2.0000E+00  1.5020E+00  1.0000E+00  0.0000E+00  0.0000E+00  1.3546E+00  1.0740E+00  1.3043E+00  1.5020E+00  1.2153E+00  2.8669E-01  1.3193E+00
  2.0000E+00  1.2000E+02  0.0000E+00  3.0000E+00  3.6200E+01  2.0000E+00  0.0000E+00  0.0000E+00  3.4567E+01  3.1818E-01  2.7706E-01  3.6200E+01  3.5646E+01  5.5352E-01  2.6594E-01
  2.0000E+00  1.4400E+02  0.0000E+00  3.0000E+00  4.1000E+01  2.0000E+00  0.0000E+00  0.0000E+00  4.4008E+01 -5.8608E-01 -7.8059E-01  4.1000E+01  4.6589E+01 -5.5895E+00 -7.9898E-01
  3.0000E+00  0.0000E+00  1.0000E+02  1.0000E+00  0.0000E+00  0.0000E+00  1.0000E+00  1.0000E+00  0.0000E+00  0.0000E+00  0.0000E+00  0.0000E+00  0.0000E+00  0.0000E+00  0.0000E+00
  3.0000E+00  0.0000E+00  0.0000E+00  3.0000E+00  1.1380E+02  2.0000E+00  0.0000E+00  0.0000E+00  1.1030E+02  6.8160E-01  1.0149E+00  1.1380E+02  1.0138E+02  1.2423E+01  1.1156E+00
  3.0000E+00  5.0000E-01  0.0000E+00  2.0000E+00  6.1160E+00  1.0000E+00  0.0000E+00  0.0000E+00  6.1501E+00 -5.4689E-02 -4.2966E-01  6.1160E+00  6.9291E+00 -8.1305E-01 -3.9189E-01
  3.0000E+00  2.0000E+00  0.0000E+00  2.0000E+00  1.1847E+01  1.0000E+00  0.0000E+00  0.0000E+00  1.1501E+01  2.9716E-01 -3.9716E-02  1.1847E+01  1.1894E+01 -4.7472E-02  3.7679E-03
  3.0000E+00  6.0000E+00  0.0000E+00  2.0000E+00  1.2133E+01  1.0000E+00  0.0000E+00  0.0000E+00  1.1294E+01  7.3298E-01  5.2413E-01  1.2133E+01  1.1505E+01  6.2788E-01  5.7433E-01
  3.0000E+00  1.2000E+01  0.0000E+00  2.0000E+00  9.6540E+00  1.0000E+00  0.0000E+00  0.0000E+00  9.7967E+00 -1.4381E-01 -2.8163E-01  9.6540E+00  1.0222E+01 -5.6830E-01 -2.4028E-01
  3.0000E+00  1.2000E+01  0.0000E+00  3.0000E+00  6.4200E+01  2.0000E+00  0.0000E+00  0.0000E+00  7.4232E+01 -1.9544E+00 -1.5230E+00  6.4200E+01  6.0581E+01  3.6194E+00 -1.5612E+00
  3.0000E+00  2.4000E+01  0.0000E+00  2.0000E+00  7.8050E+00  1.0000E+00  0.0000E+00  0.0000E+00  7.3649E+00  5.8984E-01  5.8640E-01  7.8050E+00  8.0684E+00 -2.6338E-01  4.9746E-01
  3.0000E+00  2.4000E+01  0.0000E+00  3.0000E+00  5.7200E+01  2.0000E+00  0.0000E+00  0.0000E+00  5.2912E+01  8.3533E-01  1.3257E+00  5.7200E+01  3.8221E+01  1.8979E+01  1.3305E+00
  3.0000E+00  3.6000E+01  0.0000E+00  3.0000E+00  5.0700E+01  2.0000E+00  0.0000E+00  0.0000E+00  4.1560E+01  1.7805E+00  2.3294E+00  5.0700E+01  2.6697E+01  2.4003E+01  2.4163E+00
  3.0000E+00  4.8000E+01  0.0000E+00  2.0000E+00  3.7160E+00  1.0000E+00  0.0000E+00  0.0000E+00  4.1623E+00 -1.0585E+00 -8.3129E-01  3.7160E+00  5.0264E+00 -1.3104E+00 -7.3524E-01
  3.0000E+00  4.8000E+01  0.0000E+00  3.0000E+00  3.4700E+01  2.0000E+00  0.0000E+00  0.0000E+00  3.6698E+01 -3.8922E-01  2.1457E-01  3.4700E+01  2.1444E+01  1.3256E+01  3.8468E-01
  3.0000E+00  7.2000E+01  0.0000E+00  2.0000E+00  2.1140E+00  1.0000E+00  0.0000E+00  0.0000E+00  2.3524E+00 -1.0003E+00 -6.2357E-01  2.1140E+00  3.1314E+00 -1.0174E+00 -4.2752E-01
  3.0000E+00  7.2000E+01  0.0000E+00  3.0000E+00  3.6300E+01  2.0000E+00  0.0000E+00  0.0000E+00  3.8558E+01 -4.3981E-01  2.4165E-01  3.6300E+01  2.0729E+01  1.5571E+01  5.5719E-01
  3.0000E+00  9.6000E+01  0.0000E+00  2.0000E+00  1.4270E+00  1.0000E+00  0.0000E+00  0.0000E+00  1.3295E+00  7.2411E-01  1.1521E+00  1.4270E+00  1.9508E+00 -5.2379E-01  8.8676E-01
  3.0000E+00  9.6000E+01  0.0000E+00  3.0000E+00  5.1800E+01  2.0000E+00  0.0000E+00  0.0000E+00  4.8668E+01  6.1022E-01  1.2959E+00  5.1800E+01  2.6514E+01  2.5286E+01  1.6808E+00
  3.0000E+00  1.2000E+02  0.0000E+00  2.0000E+00  7.9200E-01  1.0000E+00  0.0000E+00  0.0000E+00  7.5136E-01  5.3386E-01  9.3064E-01  7.9200E-01  1.2153E+00 -4.2331E-01  8.7336E-01
  3.0000E+00  1.2000E+02  0.0000E+00  3.0000E+00  6.1600E+01  2.0000E+00  0.0000E+00  0.0000E+00  6.1952E+01 -6.8550E-02  5.4513E-01  6.1600E+01  3.5646E+01  2.5954E+01  8.1339E-01
  3.0000E+00  1.4400E+02  0.0000E+00  3.0000E+00  7.6100E+01  2.0000E+00  0.0000E+00  0.0000E+00  7.5137E+01  1.8760E-01  6.9159E-01  7.6100E+01  4.6589E+01  2.9511E+01  6.1440E-01
  4.0000E+00  0.0000E+00  1.0000E+02  1.0000E+00  0.0000E+00  0.0000E+00  1.0000E+00  1.0000E+00  0.0000E+00  0.0000E+00  0.0000E+00  0.0000E+00  0.0000E+00  0.0000E+00  0.0000E+00
  4.0000E+00  0.0000E+00  0.0000E+00  3.0000E+00  1.1620E+02  2.0000E+00  0.0000E+00  0.0000E+00  1.1271E+02  6.7914E-01  1.3247E+00  1.1620E+02  1.0138E+02  1.4823E+01  1.4524E+00
  4.0000E+00  5.0000E-01  0.0000E+00  2.0000E+00  2.9400E+00  1.0000E+00  0.0000E+00  0.0000E+00  3.0979E+00 -5.0303E-01 -1.5425E+00  2.9400E+00  6.9291E+00 -3.9891E+00 -9.4124E-01
  4.0000E+00  2.0000E+00  0.0000E+00  2.0000E+00  7.8470E+00  1.0000E+00  0.0000E+00  0.0000E+00  7.2401E+00  8.2741E-01 -3.3536E-01  7.8470E+00  1.1894E+01 -4.0475E+00 -4.6519E-01
  4.0000E+00  6.0000E+00  0.0000E+00  2.0000E+00  7.4540E+00  1.0000E+00  0.0000E+00  0.0000E+00  8.4714E+00 -1.1854E+00 -1.7571E+00  7.4540E+00  1.1505E+01 -4.0511E+00 -1.2072E+00
  4.0000E+00  1.2000E+01  0.0000E+00  2.0000E+00  8.0590E+00  1.0000E+00  0.0000E+00  0.0000E+00  7.9831E+00  9.3824E-02 -3.0519E-01  8.0590E+00  1.0222E+01 -2.1633E+00 -2.1819E-01
  4.0000E+00  1.2000E+01  0.0000E+00  3.0000E+00  7.0000E+01  2.0000E+00  0.0000E+00  0.0000E+00  7.0352E+01 -6.8582E-02  2.6470E-01  7.0000E+01  6.0581E+01  9.4194E+00  2.1796E-01
  4.0000E+00  2.4000E+01  0.0000E+00  2.0000E+00  7.9890E+00  1.0000E+00  0.0000E+00  0.0000E+00  6.9972E+00  1.3992E+00  1.2022E+00  7.9890E+00  8.0684E+00 -7.9379E-02  9.2380E-01
  4.0000E+00  2.4000E+01  0.0000E+00  3.0000E+00  4.1300E+01  2.0000E+00  0.0000E+00  0.0000E+00  4.7003E+01 -1.1111E+00 -8.1620E-01  4.1300E+01  3.8221E+01  3.0791E+00 -8.8865E-01
  4.0000E+00  3.6000E+01  0.0000E+00  3.0000E+00  3.8800E+01  2.0000E+00  0.0000E+00  0.0000E+00  3.5204E+01  7.0052E-01  1.1134E+00  3.8800E+01  2.6697E+01  1.2103E+01  1.0536E+00
  4.0000E+00  4.8000E+01  0.0000E+00  2.0000E+00  4.2790E+00  1.0000E+00  0.0000E+00  0.0000E+00  5.3750E+00 -2.0127E+00 -1.8989E+00  4.2790E+00  5.0264E+00 -7.4745E-01 -2.3043E+00
  4.0000E+00  4.8000E+01  0.0000E+00  3.0000E+00  3.1100E+01  2.0000E+00  0.0000E+00  0.0000E+00  2.9809E+01  2.5150E-01  7.8305E-01  3.1100E+01  2.1444E+01  9.6556E+00  7.4659E-01
  4.0000E+00  7.2000E+01  0.0000E+00  2.0000E+00  3.8620E+00  1.0000E+00  0.0000E+00  0.0000E+00  4.1290E+00 -6.3821E-01 -3.1745E-01  3.8620E+00  3.1314E+00  7.3062E-01 -7.4076E-01
  4.0000E+00  7.2000E+01  0.0000E+00  3.0000E+00  3.7700E+01  2.0000E+00  0.0000E+00  0.0000E+00  2.8245E+01  1.8419E+00  2.4464E+00  3.7700E+01  2.0729E+01  1.6971E+01  2.4415E+00
  4.0000E+00  9.6000E+01  0.0000E+00  2.0000E+00  3.6070E+00  1.0000E+00  0.0000E+00  0.0000E+00  3.1718E+00  1.3544E+00  1.7992E+00  3.6070E+00  1.9508E+00  1.6562E+00  2.6158E+00
  4.0000E+00  9.6000E+01  0.0000E+00  3.0000E+00  2.9400E+01  2.0000E+00  0.0000E+00  0.0000E+00  3.1874E+01 -4.8199E-01 -2.9759E-02  2.9400E+01  2.6514E+01  2.8858E+00 -4.1000E-02
  4.0000E+00  1.2000E+02  0.0000E+00  2.0000E+00  2.4520E+00  1.0000E+00  0.0000E+00  0.0000E+00  2.4365E+00  6.2892E-02  5.6791E-01  2.4520E+00  1.2153E+00  1.2367E+00  1.7207E+00
  4.0000E+00  1.2000E+02  0.0000E+00  3.0000E+00  4.1900E+01  2.0000E+00  0.0000E+00  0.0000E+00  3.7518E+01  8.5368E-01  9.9253E-01  4.1900E+01  3.5646E+01  6.2535E+00  9.4216E-01
  4.0000E+00  1.4400E+02  0.0000E+00  3.0000E+00  3.8400E+01  2.0000E+00  0.0000E+00  0.0000E+00  4.4127E+01 -1.1156E+00 -1.3902E+00  3.8400E+01  4.6589E+01 -8.1895E+00 -1.5058E+00
  5.0000E+00  0.0000E+00  1.0000E+02  1.0000E+00  0.0000E+00  0.0000E+00  1.0000E+00  1.0000E+00  0.0000E+00  0.0000E+00  0.0000E+00  0.0000E+00  0.0000E+00  0.0000E+00  0.0000E+00
  5.0000E+00  0.0000E+00  0.0000E+00  3.0000E+00  9.6700E+01  2.0000E+00  0.0000E+00  0.0000E+00  9.5823E+01  1.7085E-01 -5.4599E-02  9.6700E+01  1.0138E+02 -4.6774E+00 -2.3280E-02
  5.0000E+00  5.0000E-01  0.0000E+00  2.0000E+00  9.7540E+00  1.0000E+00  0.0000E+00  0.0000E+00  9.5739E+00  1.8566E-01  6.8570E-01  9.7540E+00  6.9291E+00  2.8249E+00  5.5005E-01
  5.0000E+00  2.0000E+00  0.0000E+00  2.0000E+00  1.5460E+01  1.0000E+00  0.0000E+00  0.0000E+00  1.3570E+01  1.3750E+00  1.5763E+00  1.5460E+01  1.1894E+01  3.5655E+00  1.6837E+00
  5.0000E+00  6.0000E+00  0.0000E+00  2.0000E+00  1.3234E+01  1.0000E+00  0.0000E+00  0.0000E+00  1.2902E+01  2.5386E-01  4.2792E-01  1.3234E+01  1.1505E+01  1.7289E+00  5.8160E-01
  5.0000E+00  1.2000E+01  0.0000E+00  2.0000E+00  1.0026E+01  1.0000E+00  0.0000E+00  0.0000E+00  1.1780E+01 -1.4700E+00 -1.2699E+00  1.0026E+01  1.0222E+01 -1.9630E-01 -1.3610E+00
  5.0000E+00  1.2000E+01  0.0000E+00  3.0000E+00  4.7200E+01  2.0000E+00  0.0000E+00  0.0000E+00  5.3281E+01 -1.1847E+00 -1.4366E+00  4.7200E+01  6.0581E+01 -1.3381E+01 -1.4815E+00
  5.0000E+00  2.4000E+01  0.0000E+00  2.0000E+00  1.0444E+01  1.0000E+00  0.0000E+00  0.0000E+00  9.8211E+00  6.2609E-01  8.7092E-01  1.0444E+01  8.0684E+00  2.3756E+00  1.0976E+00
  5.0000E+00  2.4000E+01  0.0000E+00  3.0000E+00  3.1600E+01  2.0000E+00  0.0000E+00  0.0000E+00  3.0919E+01  1.3259E-01 -1.0433E-01  3.1600E+01  3.8221E+01 -6.6209E+00 -1.4687E-01
  5.0000E+00  3.6000E+01  0.0000E+00  3.0000E+00  3.0000E+01  2.0000E+00  0.0000E+00  0.0000E+00  1.9518E+01  2.0421E+00  1.8124E+00  3.0000E+01  2.6697E+01  3.3025E+00  1.8015E+00
  5.0000E+00  4.8000E+01  0.0000E+00  2.0000E+00  6.2800E+00  1.0000E+00  0.0000E+00  0.0000E+00  6.8258E+00 -7.8923E-01 -4.8502E-01  6.2800E+00  5.0264E+00  1.2536E+00 -6.4393E-01
  5.0000E+00  4.8000E+01  0.0000E+00  3.0000E+00  9.3000E+00  2.0000E+00  0.0000E+00  0.0000E+00  1.4023E+01 -9.2021E-01 -1.1599E+00  9.3000E+00  2.1444E+01 -1.2144E+01 -1.1278E+00
  5.0000E+00  7.2000E+01  0.0000E+00  2.0000E+00  4.6150E+00  1.0000E+00  0.0000E+00  0.0000E+00  4.7440E+00 -2.6841E-01  5.5760E-02  4.6150E+00  3.1314E+00  1.4836E+00  9.1554E-02
  5.0000E+00  7.2000E+01  0.0000E+00  3.0000E+00  3.4000E+00  2.0000E+00  0.0000E+00  0.0000E+00  1.1322E+01 -1.5433E+00 -1.8590E+00  3.4000E+00  2.0729E+01 -1.7329E+01 -1.7243E+00
  5.0000E+00  9.6000E+01  0.0000E+00  2.0000E+00  3.6380E+00  1.0000E+00  0.0000E+00  0.0000E+00  3.2971E+00  1.0204E+00  1.3297E+00  3.6380E+00  1.9508E+00  1.6872E+00  2.1556E+00
  5.0000E+00  9.6000E+01  0.0000E+00  3.0000E+00  1.3700E+01  2.0000E+00  0.0000E+00  0.0000E+00  1.3310E+01  7.6021E-02 -3.8428E-01  1.3700E+01  2.6514E+01 -1.2814E+01 -1.4340E-01
  5.0000E+00  1.2000E+02  0.0000E+00  2.0000E+00  2.2920E+00  1.0000E+00  0.0000E+00  0.0000E+00  2.2916E+00  1.8782E-03  2.6969E-01  2.2920E+00  1.2153E+00  1.0767E+00  8.0608E-01
  5.0000E+00  1.2000E+02  0.0000E+00  3.0000E+00  1.3900E+01  2.0000E+00  0.0000E+00  0.0000E+00  1.7421E+01 -6.8595E-01 -1.3520E+00  1.3900E+01  3.5646E+01 -2.1746E+01 -1.0527E+00
  5.0000E+00  1.4400E+02  0.0000E+00  3.0000E+00  2.4400E+01  2.0000E+00  0.0000E+00  0.0000E+00  2.2992E+01  2.7424E-01 -6.4784E-01  2.4400E+01  4.6589E+01 -2.2189E+01 -4.0648E-01
  6.0000E+00  0.0000E+00  1.0000E+02  1.0000E+00  0.0000E+00  0.0000E+00  1.0000E+00  1.0000E+00  0.0000E+00  0.0000E+00  0.0000E+00  0.0000E+00  0.0000E+00  0.0000E+00  0.0000E+00
  6.0000E+00  0.0000E+00  0.0000E+00  3.0000E+00  1.0070E+02  2.0000E+00  0.0000E+00  0.0000E+00  9.8275E+01  4.7245E-01 -1.7094E-02  1.0070E+02  1.0138E+02 -6.7741E-01  8.6509E-02
  6.0000E+00  5.0000E-01  0.0000E+00  2.0000E+00  8.2660E+00  1.0000E+00  0.0000E+00  0.0000E+00  8.0750E+00  2.3347E-01  3.5949E-01  8.2660E+00  6.9291E+00  1.3369E+00  4.4186E-01
  6.0000E+00  2.0000E+00  0.0000E+00  2.0000E+00  1.1804E+01  1.0000E+00  0.0000E+00  0.0000E+00  1.2147E+01 -2.7886E-01 -4.1879E-01  1.1804E+01  1.1894E+01 -9.0472E-02 -2.2095E-01
  6.0000E+00  6.0000E+00  0.0000E+00  2.0000E+00  1.0746E+01  1.0000E+00  0.0000E+00  0.0000E+00  1.0947E+01 -1.8131E-01 -4.7774E-01  1.0746E+01  1.1505E+01 -7.5912E-01 -2.5565E-01
  6.0000E+00  1.2000E+01  0.0000E+00  2.0000E+00  1.0149E+01  1.0000E+00  0.0000E+00  0.0000E+00  9.0784E+00  1.1640E+00  7.2736E-01  1.0149E+01  1.0222E+01 -7.3303E-02  6.9865E-01
  6.0000E+00  1.2000E+01  0.0000E+00  3.0000E+00  4.6300E+01  2.0000E+00  0.0000E+00  0.0000E+00  4.6860E+01 -1.0913E-01 -6.8486E-01  4.6300E+01  6.0581E+01 -1.4281E+01 -9.1420E-01
  6.0000E+00  2.4000E+01  0.0000E+00  2.0000E+00  5.5680E+00  1.0000E+00  0.0000E+00  0.0000E+00  6.2434E+00 -1.0678E+00 -1.7107E+00  5.5680E+00  8.0684E+00 -2.5004E+00 -1.4880E+00
  6.0000E+00  2.4000E+01  0.0000E+00  3.0000E+00  1.9300E+01  2.0000E+00  0.0000E+00  0.0000E+00  2.5816E+01 -1.2695E+00 -1.7525E+00  1.9300E+01  3.8221E+01 -1.8921E+01 -1.8326E+00
  6.0000E+00  3.6000E+01  0.0000E+00  3.0000E+00  2.2000E+01  2.0000E+00  0.0000E+00  0.0000E+00  1.8789E+01  6.2551E-01  2.5938E-01  2.2000E+01  2.6697E+01 -4.6975E+00  3.2532E-01
  6.0000E+00  4.8000E+01  0.0000E+00  2.0000E+00  2.9690E+00  1.0000E+00  0.0000E+00  0.0000E+00  2.9529E+00  5.3886E-02 -7.3552E-01  2.9690E+00  5.0264E+00 -2.0574E+00 -8.6745E-01
  6.0000E+00  4.8000E+01  0.0000E+00  3.0000E+00  1.9400E+01  2.0000E+00  0.0000E+00  0.0000E+00  1.8520E+01  1.7144E-01 -5.9927E-02  1.9400E+01  2.1444E+01 -2.0444E+00  7.8350E-02
  6.0000E+00  7.2000E+01  0.0000E+00  2.0000E+00  1.3780E+00  1.0000E+00  0.0000E+00  0.0000E+00  1.3966E+00 -1.3142E-01 -8.2997E-01  1.3780E+00  3.1314E+00 -1.7534E+00 -7.1708E-01
  6.0000E+00  7.2000E+01  0.0000E+00  3.0000E+00  3.1600E+01  2.0000E+00  0.0000E+00  0.0000E+00  2.7631E+01  7.7326E-01  9.3724E-01  3.1600E+01  2.0729E+01  1.0871E+01  1.1160E+00
  6.0000E+00  9.6000E+01  0.0000E+00  2.0000E+00  6.4200E-01  1.0000E+00  0.0000E+00  0.0000E+00  6.6053E-01 -2.7697E-01 -8.0286E-01  6.4200E-01  1.9508E+00 -1.3088E+00 -2.1994E-01
  6.0000E+00  9.6000E+01  0.0000E+00  3.0000E+00  4.1700E+01  2.0000E+00  0.0000E+00  0.0000E+00  4.3233E+01 -2.9859E-01  3.9825E-01  4.1700E+01  2.6514E+01  1.5186E+01  6.1620E-01
  6.0000E+00  1.2000E+02  0.0000E+00  2.0000E+00  3.2000E-01  1.0000E+00  0.0000E+00  0.0000E+00  3.1241E-01  2.3992E-01 -1.3190E-01  3.2000E-01  1.2153E+00 -8.9531E-01  5.9352E-01
  6.0000E+00  1.2000E+02  0.0000E+00  3.0000E+00  5.9100E+01  2.0000E+00  0.0000E+00  0.0000E+00  6.0515E+01 -2.7559E-01  7.8857E-01  5.9100E+01  3.5646E+01  2.3454E+01  1.0055E+00
  6.0000E+00  1.4400E+02  0.0000E+00  3.0000E+00  7.2800E+01  2.0000E+00  0.0000E+00  0.0000E+00  7.5262E+01 -4.7972E-01  5.4923E-01  7.2800E+01  4.6589E+01  2.6211E+01  5.7674E-01
  7.0000E+00  0.0000E+00  1.0000E+02  1.0000E+00  0.0000E+00  0.0000E+00  1.0000E+00  1.0000E+00  0.0000E+00  0.0000E+00  0.0000E+00  0.0000E+00  0.0000E+00  0.0000E+00  0.0000E+00
  7.0000E+00  0.0000E+00  0.0000E+00  3.0000E+00  9.8300E+01  2.0000E+00  0.0000E+00  0.0000E+00  1.0049E+02 -4.2667E-01 -6.6758E-01  9.8300E+01  1.0138E+02 -3.0774E+00 -5.0101E-01
  7.0000E+00  5.0000E-01  0.0000E+00  2.0000E+00  5.1490E+00  1.0000E+00  0.0000E+00  0.0000E+00  5.1986E+00 -9.4158E-02 -6.8153E-01  5.1490E+00  6.9291E+00 -1.7801E+00 -5.6818E-01
  7.0000E+00  2.0000E+00  0.0000E+00  2.0000E+00  1.0567E+01  1.0000E+00  0.0000E+00  0.0000E+00  1.0286E+01  2.6947E-01 -1.5569E-01  1.0567E+01  1.1894E+01 -1.3275E+00 -1.2441E-01
  7.0000E+00  6.0000E+00  0.0000E+00  2.0000E+00  1.0733E+01  1.0000E+00  0.0000E+00  0.0000E+00  1.0415E+01  3.0185E-01  1.5519E-01  1.0733E+01  1.1505E+01 -7.7212E-01  2.0975E-01
  7.0000E+00  1.2000E+01  0.0000E+00  2.0000E+00  8.0730E+00  1.0000E+00  0.0000E+00  0.0000E+00  9.1159E+00 -1.1293E+00 -1.1998E+00  8.0730E+00  1.0222E+01 -2.1493E+00 -1.0099E+00
  7.0000E+00  1.2000E+01  0.0000E+00  3.0000E+00  6.0400E+01  2.0000E+00  0.0000E+00  0.0000E+00  6.2011E+01 -3.1377E-01 -3.9176E-01  6.0400E+01  6.0581E+01 -1.8062E-01 -7.0762E-01
  7.0000E+00  2.4000E+01  0.0000E+00  2.0000E+00  7.2800E+00  1.0000E+00  0.0000E+00  0.0000E+00  6.9714E+00  4.3701E-01  4.7118E-01  7.2800E+00  8.0684E+00 -7.8838E-01  4.1861E-01
  7.0000E+00  2.4000E+01  0.0000E+00  3.0000E+00  4.4000E+01  2.0000E+00  0.0000E+00  0.0000E+00  4.3386E+01  1.1964E-01  3.4922E-01  4.4000E+01  3.8221E+01  5.7791E+00  3.3543E-02
  7.0000E+00  3.6000E+01  0.0000E+00  3.0000E+00  3.2900E+01  2.0000E+00  0.0000E+00  0.0000E+00  3.6166E+01 -6.3624E-01 -9.1997E-02  3.2900E+01  2.6697E+01  6.2025E+00 -2.1441E-01
  7.0000E+00  4.8000E+01  0.0000E+00  2.0000E+00  4.3370E+00  1.0000E+00  0.0000E+00  0.0000E+00  4.0771E+00  6.2929E-01  7.5704E-01  4.3370E+00  5.0264E+00 -6.8945E-01  5.8966E-01
  7.0000E+00  4.8000E+01  0.0000E+00  3.0000E+00  4.2000E+01  2.0000E+00  0.0000E+00  0.0000E+00  3.5176E+01  1.3294E+00  2.1128E+00  4.2000E+01  2.1444E+01  2.0556E+01  2.2435E+00
  7.0000E+00  7.2000E+01  0.0000E+00  2.0000E+00  2.5010E+00  1.0000E+00  0.0000E+00  0.0000E+00  2.3844E+00  4.8268E-01  6.0554E-01  2.5010E+00  3.1314E+00 -6.3038E-01  4.3781E-01
  7.0000E+00  7.2000E+01  0.0000E+00  3.0000E+00  4.3600E+01  2.0000E+00  0.0000E+00  0.0000E+00  4.2140E+01  2.8451E-01  1.2712E+00  4.3600E+01  2.0729E+01  2.2871E+01  1.8575E+00
  7.0000E+00  9.6000E+01  0.0000E+00  2.0000E+00  1.3270E+00  1.0000E+00  0.0000E+00  0.0000E+00  1.3945E+00 -4.7761E-01 -3.9941E-01  1.3270E+00  1.9508E+00 -6.2379E-01 -2.2780E-01
  7.0000E+00  9.6000E+01  0.0000E+00  3.0000E+00  5.8100E+01  2.0000E+00  0.0000E+00  0.0000E+00  5.3740E+01  8.4933E-01  1.7384E+00  5.8100E+01  2.6514E+01  3.1586E+01  2.5069E+00
  7.0000E+00  1.2000E+02  0.0000E+00  2.0000E+00  8.3600E-01  1.0000E+00  0.0000E+00  0.0000E+00  8.1553E-01  2.4771E-01  2.7568E-01  8.3600E-01  1.2153E+00 -3.7931E-01  2.2484E-01
  7.0000E+00  1.2000E+02  0.0000E+00  3.0000E+00  6.6500E+01  2.0000E+00  0.0000E+00  0.0000E+00  6.5842E+01  1.2821E-01  7.5120E-01  6.6500E+01  3.5646E+01  3.0854E+01  1.2889E+00
  7.0000E+00  1.4400E+02  0.0000E+00  3.0000E+00  7.3800E+01  2.0000E+00  0.0000E+00  0.0000E+00  7.6392E+01 -5.0505E-01 -1.8329E-01  7.3800E+01  4.6589E+01  2.7211E+01 -2.2808E-01
  8.0000E+00  0.0000E+00  1.0000E+02  1.0000E+00  0.0000E+00  0.0000E+00  1.0000E+00  1.0000E+00  0.0000E+00  0.0000E+00  0.0000E+00  0.0000E+00  0.0000E+00  0.0000E+00  0.0000E+00
  8.0000E+00  0.0000E+00  0.0000E+00  3.0000E+00  1.1590E+02  2.0000E+00  0.0000E+00  0.0000E+00  1.1203E+02  7.5473E-01  1.5502E+00  1.1590E+02  1.0138E+02  1.4523E+01  1.7276E+00
  8.0000E+00  5.0000E-01  0.0000E+00  2.0000E+00  6.4610E+00  1.0000E+00  0.0000E+00  0.0000E+00  6.2641E+00  3.1023E-01  1.2224E-01  6.4610E+00  6.9291E+00 -4.6805E-01 -2.8537E-02
  8.0000E+00  2.0000E+00  0.0000E+00  2.0000E+00  1.1150E+01  1.0000E+00  0.0000E+00  0.0000E+00  1.2306E+01 -9.2688E-01 -9.0538E-01  1.1150E+01  1.1894E+01 -7.4447E-01 -9.2903E-01
  8.0000E+00  6.0000E+00  0.0000E+00  2.0000E+00  1.1946E+01  1.0000E+00  0.0000E+00  0.0000E+00  1.2533E+01 -4.6200E-01 -2.7905E-01  1.1946E+01  1.1505E+01  4.4088E-01 -2.2101E-01
  8.0000E+00  1.2000E+01  0.0000E+00  2.0000E+00  1.2897E+01  1.0000E+00  0.0000E+00  0.0000E+00  1.1161E+01  1.5355E+00  1.7010E+00  1.2897E+01  1.0222E+01  2.6747E+00  1.9021E+00
  8.0000E+00  1.2000E+01  0.0000E+00  3.0000E+00  5.3200E+01  2.0000E+00  0.0000E+00  0.0000E+00  5.1568E+01  3.1802E-01 -1.4105E-01  5.3200E+01  6.0581E+01 -7.3806E+00 -2.6027E-01
  8.0000E+00  2.4000E+01  0.0000E+00  2.0000E+00  9.2830E+00  1.0000E+00  0.0000E+00  0.0000E+00  8.8373E+00  4.9780E-01  6.2450E-01  9.2830E+00  8.0684E+00  1.2146E+00  7.0831E-01
  8.0000E+00  2.4000E+01  0.0000E+00  3.0000E+00  1.7600E+01  2.0000E+00  0.0000E+00  0.0000E+00  2.6531E+01 -1.7398E+00 -2.2970E+00  1.7600E+01  3.8221E+01 -2.0621E+01 -2.3302E+00
  8.0000E+00  3.6000E+01  0.0000E+00  3.0000E+00  1.9500E+01  2.0000E+00  0.0000E+00  0.0000E+00  1.7104E+01  4.6687E-01  5.7070E-02  1.9500E+01  2.6697E+01 -7.1975E+00  1.3136E-01
  8.0000E+00  4.8000E+01  0.0000E+00  2.0000E+00  5.2780E+00  1.0000E+00  0.0000E+00  0.0000E+00  5.5408E+00 -4.6811E-01 -4.0254E-01  5.2780E+00  5.0264E+00  2.5155E-01 -4.5857E-01
  8.0000E+00  4.8000E+01  0.0000E+00  3.0000E+00  2.1000E+01  2.0000E+00  0.0000E+00  0.0000E+00  1.4503E+01  1.2657E+00  9.9514E-01  2.1000E+01  2.1444E+01 -4.4445E-01  1.1187E+00
  8.0000E+00  7.2000E+01  0.0000E+00  2.0000E+00  3.5110E+00  1.0000E+00  0.0000E+00  0.0000E+00  3.4739E+00  1.0535E-01  1.2861E-01  3.5110E+00  3.1314E+00  3.7962E-01  6.8663E-02
  8.0000E+00  7.2000E+01  0.0000E+00  3.0000E+00  1.1300E+01  2.0000E+00  0.0000E+00  0.0000E+00  1.7242E+01 -1.1575E+00 -1.2899E+00  1.1300E+01  2.0729E+01 -9.4288E+00 -1.1949E+00
  8.0000E+00  9.6000E+01  0.0000E+00  2.0000E+00  2.1180E+00  1.0000E+00  0.0000E+00  0.0000E+00  2.1781E+00 -2.7218E-01 -2.8023E-01  2.1180E+00  1.9508E+00  1.6721E-01 -3.7336E-01
  8.0000E+00  9.6000E+01  0.0000E+00  3.0000E+00  2.3600E+01  2.0000E+00  0.0000E+00  0.0000E+00  2.4410E+01 -1.5781E-01 -2.4915E-01  2.3600E+01  2.6514E+01 -2.9142E+00 -2.2225E-01
  8.0000E+00  1.2000E+02  0.0000E+00  2.0000E+00  1.4270E+00  1.0000E+00  0.0000E+00  0.0000E+00  1.3656E+00  4.4389E-01  4.0776E-01  1.4270E+00  1.2153E+00  2.1169E-01  2.8917E-01
  8.0000E+00  1.2000E+02  0.0000E+00  3.0000E+00  3.2600E+01  2.0000E+00  0.0000E+00  0.0000E+00  3.4230E+01 -3.1752E-01 -3.7833E-01  3.2600E+01  3.5646E+01 -3.0465E+00 -3.9306E-01
  8.0000E+00  1.4400E+02  0.0000E+00  3.0000E+00  4.8300E+01  2.0000E+00  0.0000E+00  0.0000E+00  4.6006E+01  4.4691E-01  4.4415E-01  4.8300E+01  4.6589E+01  1.7105E+00  4.2060E-01
  9.0000E+00  0.0000E+00  1.0000E+02  1.0000E+00  0.0000E+00  0.0000E+00  1.0000E+00  1.0000E+00  0.0000E+00  0.0000E+00  0.0000E+00  0.0000E+00  0.0000E+00  0.0000E+00  0.0000E+00
  9.0000E+00  0.0000E+00  0.0000E+00  3.0000E+00  9.3200E+01  2.0000E+00  0.0000E+00  0.0000E+00  9.5456E+01 -4.3959E-01 -7.2769E-01  9.3200E+01  1.0138E+02 -8.1774E+00 -4.6050E-01
  9.0000E+00  5.0000E-01  0.0000E+00  2.0000E+00  6.1220E+00  1.0000E+00  0.0000E+00  0.0000E+00  6.0055E+00  1.9148E-01 -3.5844E-02  6.1220E+00  6.9291E+00 -8.0705E-01 -3.0848E-02
  9.0000E+00  2.0000E+00  0.0000E+00  2.0000E+00  9.6420E+00  1.0000E+00  0.0000E+00  0.0000E+00  1.0062E+01 -4.1240E-01 -9.4398E-01  9.6420E+00  1.1894E+01 -2.2525E+00 -7.3674E-01
  9.0000E+00  6.0000E+00  0.0000E+00  2.0000E+00  9.4660E+00  1.0000E+00  0.0000E+00  0.0000E+00  9.6926E+00 -2.3080E-01 -7.5046E-01  9.4660E+00  1.1505E+01 -2.0391E+00 -5.7267E-01
  9.0000E+00  1.2000E+01  0.0000E+00  2.0000E+00  8.7180E+00  1.0000E+00  0.0000E+00  0.0000E+00  8.6440E+00  8.4499E-02 -3.2127E-01  8.7180E+00  1.0222E+01 -1.5043E+00 -2.2753E-01
  9.0000E+00  1.2000E+01  0.0000E+00  3.0000E+00  3.8200E+01  2.0000E+00  0.0000E+00  0.0000E+00  4.2157E+01 -7.7091E-01 -1.7704E+00  3.8200E+01  6.0581E+01 -2.2381E+01 -2.1061E+00
  9.0000E+00  2.4000E+01  0.0000E+00  2.0000E+00  6.5120E+00  1.0000E+00  0.0000E+00  0.0000E+00  6.8740E+00 -5.1985E-01 -7.3220E-01  6.5120E+00  8.0684E+00 -1.5564E+00 -6.0353E-01
  9.0000E+00  2.4000E+01  0.0000E+00  3.0000E+00  2.3600E+01  2.0000E+00  0.0000E+00  0.0000E+00  2.4476E+01 -1.7069E-01 -5.6914E-01  2.3600E+01  3.8221E+01 -1.4621E+01 -8.2789E-01
  9.0000E+00  3.6000E+01  0.0000E+00  3.0000E+00  1.8400E+01  2.0000E+00  0.0000E+00  0.0000E+00  2.0189E+01 -3.4844E-01 -2.1519E-01  1.8400E+01  2.6697E+01 -8.2975E+00 -2.6678E-01
  9.0000E+00  4.8000E+01  0.0000E+00  2.0000E+00  4.7890E+00  1.0000E+00  0.0000E+00  0.0000E+00  4.3472E+00  1.0032E+00  1.0510E+00  4.7890E+00  5.0264E+00 -2.3745E-01  8.3929E-01
  9.0000E+00  4.8000E+01  0.0000E+00  3.0000E+00  2.3200E+01  2.0000E+00  0.0000E+00  0.0000E+00  2.0962E+01  4.3600E-01  8.6716E-01  2.3200E+01  2.1444E+01  1.7556E+00  9.6693E-01
  9.0000E+00  7.2000E+01  0.0000E+00  2.0000E+00  2.6550E+00  1.0000E+00  0.0000E+00  0.0000E+00  2.7492E+00 -3.3805E-01 -1.6500E-01  2.6550E+00  3.1314E+00 -4.7638E-01 -2.3240E-01
  9.0000E+00  7.2000E+01  0.0000E+00  3.0000E+00  2.9600E+01  2.0000E+00  0.0000E+00  0.0000E+00  2.7758E+01  3.5878E-01  9.4292E-01  2.9600E+01  2.0729E+01  8.8712E+00  1.1425E+00
  9.0000E+00  9.6000E+01  0.0000E+00  2.0000E+00  1.7510E+00  1.0000E+00  0.0000E+00  0.0000E+00  1.7386E+00  7.0564E-02  2.7873E-01  1.7510E+00  1.9508E+00 -1.9979E-01  1.0399E-01
  9.0000E+00  9.6000E+01  0.0000E+00  3.0000E+00  3.4500E+01  2.0000E+00  0.0000E+00  0.0000E+00  3.7270E+01 -5.3968E-01 -8.2333E-02  3.4500E+01  2.6514E+01  7.9858E+00  9.2101E-02
  9.0000E+00  1.2000E+02  0.0000E+00  2.0000E+00  1.1360E+00  1.0000E+00  0.0000E+00  0.0000E+00  1.0995E+00  3.2789E-01  5.1939E-01  1.1360E+00  1.2153E+00 -7.9309E-02  2.7391E-01
  9.0000E+00  1.2000E+02  0.0000E+00  3.0000E+00  5.4700E+01  2.0000E+00  0.0000E+00  0.0000E+00  4.7894E+01  1.3259E+00  1.5291E+00  5.4700E+01  3.5646E+01  1.9054E+01  1.6216E+00
  9.0000E+00  1.4400E+02  0.0000E+00  3.0000E+00  5.7000E+01  2.0000E+00  0.0000E+00  0.0000E+00  5.8508E+01 -2.9386E-01 -3.8164E-01  5.7000E+01  4.6589E+01  1.0411E+01 -4.2063E-01
  1.0000E+01  0.0000E+00  1.0000E+02  1.0000E+00  0.0000E+00  0.0000E+00  1.0000E+00  1.0000E+00  0.0000E+00  0.0000E+00  0.0000E+00  0.0000E+00  0.0000E+00  0.0000E+00  0.0000E+00
  1.0000E+01  0.0000E+00  0.0000E+00  3.0000E+00  8.5200E+01  2.0000E+00  0.0000E+00  0.0000E+00  8.8451E+01 -6.3331E-01 -1.4046E+00  8.5200E+01  1.0138E+02 -1.6177E+01 -1.3265E+00
  1.0000E+01  5.0000E-01  0.0000E+00  2.0000E+00  9.0880E+00  1.0000E+00  0.0000E+00  0.0000E+00  8.9378E+00  1.6592E-01  5.6324E-01  9.0880E+00  6.9291E+00  2.1589E+00  4.4308E-01
  1.0000E+01  2.0000E+00  0.0000E+00  2.0000E+00  1.4326E+01  1.0000E+00  0.0000E+00  0.0000E+00  1.2852E+01  1.1322E+00  1.2733E+00  1.4326E+01  1.1894E+01  2.4315E+00  1.2701E+00
  1.0000E+01  6.0000E+00  0.0000E+00  2.0000E+00  1.2270E+01  1.0000E+00  0.0000E+00  0.0000E+00  1.2046E+01  1.8373E-01  2.6586E-01  1.2270E+01  1.1505E+01  7.6488E-01  3.4887E-01
  1.0000E+01  1.2000E+01  0.0000E+00  2.0000E+00  9.3220E+00  1.0000E+00  0.0000E+00  0.0000E+00  1.0730E+01 -1.2955E+00 -1.2321E+00  9.3220E+00  1.0222E+01 -9.0030E-01 -1.2076E+00
  1.0000E+01  1.2000E+01  0.0000E+00  3.0000E+00  4.8800E+01  2.0000E+00  0.0000E+00  0.0000E+00  5.2301E+01 -6.8196E-01 -1.0372E+00  4.8800E+01  6.0581E+01 -1.1781E+01 -1.0037E+00
  1.0000E+01  2.4000E+01  0.0000E+00  2.0000E+00  9.1360E+00  1.0000E+00  0.0000E+00  0.0000E+00  8.5148E+00  7.2014E-01  7.5575E-01  9.1360E+00  8.0684E+00  1.0676E+00  8.5369E-01
  1.0000E+01  2.4000E+01  0.0000E+00  3.0000E+00  3.0700E+01  2.0000E+00  0.0000E+00  0.0000E+00  3.2583E+01 -3.6692E-01 -5.4167E-01  3.0700E+01  3.8221E+01 -7.5209E+00 -5.3152E-01
  1.0000E+01  3.6000E+01  0.0000E+00  3.0000E+00  2.4800E+01  2.0000E+00  0.0000E+00  0.0000E+00  2.2366E+01  4.7412E-01  3.6217E-01  2.4800E+01  2.6697E+01 -1.8975E+00  3.6142E-01
  1.0000E+01  4.8000E+01  0.0000E+00  2.0000E+00  4.5890E+00  1.0000E+00  0.0000E+00  0.0000E+00  5.3616E+00 -1.4223E+00 -1.4147E+00  4.5890E+00  5.0264E+00 -4.3745E-01 -1.4306E+00
  1.0000E+01  4.8000E+01  0.0000E+00  3.0000E+00  2.1700E+01  2.0000E+00  0.0000E+00  0.0000E+00  1.7608E+01  7.9714E-01  6.9600E-01  2.1700E+01  2.1444E+01  2.5555E-01  6.9133E-01
  1.0000E+01  7.2000E+01  0.0000E+00  2.0000E+00  3.4550E+00  1.0000E+00  0.0000E+00  0.0000E+00  3.3760E+00  2.3085E-01  2.2722E-01  3.4550E+00  3.1314E+00  3.2362E-01  2.4749E-01
  1.0000E+01  7.2000E+01  0.0000E+00  3.0000E+00  1.8200E+01  2.0000E+00  0.0000E+00  0.0000E+00  1.6525E+01  3.2635E-01  1.9672E-01  1.8200E+01  2.0729E+01 -2.5288E+00  1.9602E-01
  1.0000E+01  9.6000E+01  0.0000E+00  2.0000E+00  2.4350E+00  1.0000E+00  0.0000E+00  0.0000E+00  2.1258E+00  1.4356E+00  1.4237E+00  2.4350E+00  1.9508E+00  4.8421E-01  1.3920E+00
  1.0000E+01  9.6000E+01  0.0000E+00  3.0000E+00  1.8800E+01  2.0000E+00  0.0000E+00  0.0000E+00  2.0976E+01 -4.2388E-01 -5.9216E-01  1.8800E+01  2.6514E+01 -7.7142E+00 -5.7935E-01
  1.0000E+01  1.2000E+02  0.0000E+00  2.0000E+00  1.2230E+00  1.0000E+00  0.0000E+00  0.0000E+00  1.3386E+00 -8.5224E-01 -8.7137E-01  1.2230E+00  1.2153E+00  7.6914E-03 -8.5194E-01
  1.0000E+01  1.2000E+02  0.0000E+00  3.0000E+00  2.7700E+01  2.0000E+00  0.0000E+00  0.0000E+00  2.8316E+01 -1.1996E-01 -3.2319E-01  2.7700E+01  3.5646E+01 -7.9465E+00 -2.9280E-01
  1.0000E+01  1.4400E+02  0.0000E+00  3.0000E+00  3.6600E+01  2.0000E+00  0.0000E+00  0.0000E+00  3.7373E+01 -1.5052E-01 -3.8845E-01  3.6600E+01  4.6589E+01 -9.9895E+00 -3.4272E-01
  1.1000E+01  0.0000E+00  1.0000E+02  1.0000E+00  0.0000E+00  0.0000E+00  1.0000E+00  1.0000E+00  0.0000E+00  0.0000E+00  0.0000E+00  0.0000E+00  0.0000E+00  0.0000E+00  0.0000E+00
  1.1000E+01  0.0000E+00  0.0000E+00  3.0000E+00  9.7200E+01  2.0000E+00  0.0000E+00  0.0000E+00  9.9394E+01 -4.2742E-01 -5.9703E-01  9.7200E+01  1.0138E+02 -4.1774E+00 -4.6757E-01
  1.1000E+01  5.0000E-01  0.0000E+00  2.0000E+00  4.3180E+00  1.0000E+00  0.0000E+00  0.0000E+00  4.5404E+00 -4.8342E-01 -1.1662E+00  4.3180E+00  6.9291E+00 -2.6111E+00 -7.9625E-01
  1.1000E+01  2.0000E+00  0.0000E+00  2.0000E+00  1.0223E+01  1.0000E+00  0.0000E+00  0.0000E+00  9.0795E+00  1.2431E+00  3.9915E-01  1.0223E+01  1.1894E+01 -1.6715E+00  1.8351E-01
  1.1000E+01  6.0000E+00  0.0000E+00  2.0000E+00  9.6630E+00  1.0000E+00  0.0000E+00  0.0000E+00  9.4834E+00  1.8696E-01 -4.8491E-01  9.6630E+00  1.1505E+01 -1.8421E+00 -3.9995E-01
  1.1000E+01  1.2000E+01  0.0000E+00  2.0000E+00  8.4320E+00  1.0000E+00  0.0000E+00  0.0000E+00  8.7061E+00 -3.1071E-01 -8.5021E-01  8.4320E+00  1.0222E+01 -1.7903E+00 -7.1424E-01
  1.1000E+01  1.2000E+01  0.0000E+00  3.0000E+00  6.8300E+01  2.0000E+00  0.0000E+00  0.0000E+00  6.9465E+01 -2.2693E-01  4.3736E-02  6.8300E+01  6.0581E+01  7.7194E+00 -1.3898E-01
  1.1000E+01  2.4000E+01  0.0000E+00  2.0000E+00  7.1140E+00  1.0000E+00  0.0000E+00  0.0000E+00  7.3240E+00 -2.8295E-01 -5.8737E-01  7.1140E+00  8.0684E+00 -9.5438E-01 -5.2341E-01
  1.1000E+01  2.4000E+01  0.0000E+00  3.0000E+00  5.2700E+01  2.0000E+00  0.0000E+00  0.0000E+00  4.9593E+01  6.0523E-01  1.0446E+00  5.2700E+01  3.8221E+01  1.4479E+01  9.3544E-01
  1.1000E+01  3.6000E+01  0.0000E+00  3.0000E+00  4.1800E+01  2.0000E+00  0.0000E+00  0.0000E+00  3.6888E+01  9.5698E-01  1.4278E+00  4.1800E+01  2.6697E+01  1.5103E+01  1.4471E+00
  1.1000E+01  4.8000E+01  0.0000E+00  2.0000E+00  4.4180E+00  1.0000E+00  0.0000E+00  0.0000E+00  5.1831E+00 -1.4571E+00 -1.3859E+00  4.4180E+00  5.0264E+00 -6.0845E-01 -1.4026E+00
  1.1000E+01  4.8000E+01  0.0000E+00  3.0000E+00  2.8400E+01  2.0000E+00  0.0000E+00  0.0000E+00  2.9038E+01 -1.2436E-01  3.0323E-01  2.8400E+01  2.1444E+01  6.9556E+00  4.1052E-01
  1.1000E+01  7.2000E+01  0.0000E+00  2.0000E+00  3.3510E+00  1.0000E+00  0.0000E+00  0.0000E+00  3.6681E+00 -8.5329E-01 -5.2637E-01  3.3510E+00  3.1314E+00  2.1962E-01 -5.8792E-01
  1.1000E+01  7.2000E+01  0.0000E+00  3.0000E+00  2.1000E+01  2.0000E+00  0.0000E+00  0.0000E+00  2.2289E+01 -2.5110E-01 -1.6677E-02  2.1000E+01  2.0729E+01  2.7115E-01  1.3036E-01
  1.1000E+01  9.6000E+01  0.0000E+00  2.0000E+00  2.8620E+00  1.0000E+00  0.0000E+00  0.0000E+00  2.5959E+00  1.0118E+00  1.4890E+00  2.8620E+00  1.9508E+00  9.1121E-01  1.8588E+00
  1.1000E+01  9.6000E+01  0.0000E+00  3.0000E+00  1.4400E+01  2.0000E+00  0.0000E+00  0.0000E+00  2.2286E+01 -1.5364E+00 -1.5679E+00  1.4400E+01  2.6514E+01 -1.2114E+01 -1.4667E+00
  1.1000E+01  1.2000E+02  0.0000E+00  2.0000E+00  1.9420E+00  1.0000E+00  0.0000E+00  0.0000E+00  1.8371E+00  5.6353E-01  1.1062E+00  1.9420E+00  1.2153E+00  7.2669E-01  1.6923E+00
  1.1000E+01  1.2000E+02  0.0000E+00  3.0000E+00  2.1800E+01  2.0000E+00  0.0000E+00  0.0000E+00  2.5907E+01 -8.0017E-01 -1.1529E+00  2.1800E+01  3.5646E+01 -1.3846E+01 -1.1193E+00
  1.1000E+01  1.4400E+02  0.0000E+00  3.0000E+00  3.8800E+01  2.0000E+00  0.0000E+00  0.0000E+00  3.1699E+01  1.3834E+00  6.6172E-01  3.8800E+01  4.6589E+01 -7.7895E+00  6.0946E-01
  1.2000E+01  0.0000E+00  1.0000E+02  1.0000E+00  0.0000E+00  0.0000E+00  1.0000E+00  1.0000E+00  0.0000E+00  0.0000E+00  0.0000E+00  0.0000E+00  0.0000E+00  0.0000E+00  0.0000E+00
  1.2000E+01  0.0000E+00  0.0000E+00  3.0000E+00  9.1400E+01  2.0000E+00  0.0000E+00  0.0000E+00  9.6697E+01 -1.0320E+00 -1.4062E+00  9.1400E+01  1.0138E+02 -9.9774E+00 -1.2324E+00
  1.2000E+01  5.0000E-01  0.0000E+00  2.0000E+00  1.0249E+01  1.0000E+00  0.0000E+00  0.0000E+00  9.9328E+00  3.1421E-01  8.7061E-01  1.0249E+01  6.9291E+00  3.3199E+00  1.0618E+00
  1.2000E+01  2.0000E+00  0.0000E+00  2.0000E+00  1.4165E+01  1.0000E+00  0.0000E+00  0.0000E+00  1.4401E+01 -1.6166E-01  1.9565E-01  1.4165E+01  1.1894E+01  2.2705E+00  1.7973E-01
  1.2000E+01  6.0000E+00  0.0000E+00  2.0000E+00  1.4325E+01  1.0000E+00  0.0000E+00  0.0000E+00  1.3620E+01  5.1122E-01  8.4224E-01  1.4325E+01  1.1505E+01  2.8199E+00  1.0447E+00
  1.2000E+01  1.2000E+01  0.0000E+00  2.0000E+00  1.3177E+01  1.0000E+00  0.0000E+00  0.0000E+00  1.2287E+01  7.1524E-01  1.0723E+00  1.3177E+01  1.0222E+01  2.9547E+00  1.3104E+00
  1.2000E+01  1.2000E+01  0.0000E+00  3.0000E+00  6.9600E+01  2.0000E+00  0.0000E+00  0.0000E+00  6.9616E+01 -3.1450E-03  2.0542E-01  6.9600E+01  6.0581E+01  9.0194E+00  8.1105E-02
  1.2000E+01  2.4000E+01  0.0000E+00  2.0000E+00  1.0338E+01  1.0000E+00  0.0000E+00  0.0000E+00  9.9994E+00  3.3425E-01  7.3424E-01  1.0338E+01  8.0684E+00  2.2696E+00  8.8673E-01
  1.2000E+01  2.4000E+01  0.0000E+00  3.0000E+00  6.1800E+01  2.0000E+00  0.0000E+00  0.0000E+00  5.1270E+01  2.0515E+00  2.5253E+00  6.1800E+01  3.8221E+01  2.3579E+01  2.4922E+00
  1.2000E+01  3.6000E+01  0.0000E+00  3.0000E+00  3.3900E+01  2.0000E+00  0.0000E+00  0.0000E+00  3.9243E+01 -1.0409E+00 -4.8971E-01  3.3900E+01  2.6697E+01  7.2025E+00 -3.9526E-01
  1.2000E+01  4.8000E+01  0.0000E+00  2.0000E+00  6.4720E+00  1.0000E+00  0.0000E+00  0.0000E+00  6.6229E+00 -2.2494E-01  2.2431E-01  6.4720E+00  5.0264E+00  1.4456E+00  2.0129E-01
  1.2000E+01  4.8000E+01  0.0000E+00  3.0000E+00  2.8200E+01  2.0000E+00  0.0000E+00  0.0000E+00  3.1685E+01 -6.7887E-01 -1.5415E-01  2.8200E+01  2.1444E+01  6.7556E+00  7.6373E-03
  1.2000E+01  7.2000E+01  0.0000E+00  2.0000E+00  4.5000E+00  1.0000E+00  0.0000E+00  0.0000E+00  4.3866E+00  2.5519E-01  7.0881E-01  4.5000E+00  3.1314E+00  1.3686E+00  8.2319E-01
  1.2000E+01  7.2000E+01  0.0000E+00  3.0000E+00  2.4800E+01  2.0000E+00  0.0000E+00  0.0000E+00  2.5294E+01 -9.6228E-02  2.3565E-01  2.4800E+01  2.0729E+01  4.0712E+00  3.6470E-01
  1.2000E+01  9.6000E+01  0.0000E+00  2.0000E+00  2.7930E+00  1.0000E+00  0.0000E+00  0.0000E+00  2.9054E+00 -3.8182E-01  4.0855E-02  2.7930E+00  1.9508E+00  8.4221E-01 -3.6953E-02
  1.2000E+01  9.6000E+01  0.0000E+00  3.0000E+00  3.6100E+01  2.0000E+00  0.0000E+00  0.0000E+00  2.6001E+01  1.9674E+00  2.0390E+00  3.6100E+01  2.6514E+01  9.5858E+00  2.0547E+00
  1.2000E+01  1.2000E+02  0.0000E+00  2.0000E+00  2.0580E+00  1.0000E+00  0.0000E+00  0.0000E+00  1.9243E+00  6.8561E-01  1.0540E+00  2.0580E+00  1.2153E+00  8.4269E-01  1.4088E+00
  1.2000E+01  1.2000E+02  0.0000E+00  3.0000E+00  2.7800E+01  2.0000E+00  0.0000E+00  0.0000E+00  3.0840E+01 -5.9223E-01 -8.0186E-01  2.7800E+01  3.5646E+01 -7.8465E+00 -8.7624E-01
  1.2000E+01  1.4400E+02  0.0000E+00  3.0000E+00  3.7500E+01  2.0000E+00  0.0000E+00  0.0000E+00  3.8169E+01 -1.3036E-01 -6.2218E-01  3.7500E+01  4.6589E+01 -9.0895E+00 -7.3733E-01
  1.3000E+01  0.0000E+00  1.0000E+02  1.0000E+00  0.0000E+00  0.0000E+00  1.0000E+00  1.0000E+00  0.0000E+00  0.0000E+00  0.0000E+00  0.0000E+00  0.0000E+00  0.0000E+00  0.0000E+00
  1.3000E+01  0.0000E+00  0.0000E+00  3.0000E+00  1.0200E+02  2.0000E+00  0.0000E+00  0.0000E+00  1.0054E+02  2.8510E-01  2.3717E-01  1.0200E+02  1.0138E+02  6.2259E-01  2.5872E-01
  1.3000E+01  5.0000E-01  0.0000E+00  2.0000E+00  7.7900E+00  1.0000E+00  0.0000E+00  0.0000E+00  7.8501E+00 -7.5609E-02 -2.4497E-01  7.7900E+00  6.9291E+00  8.6095E-01 -1.9271E-01
  1.3000E+01  2.0000E+00  0.0000E+00  2.0000E+00  1.5800E+01  1.0000E+00  0.0000E+00  0.0000E+00  1.5101E+01  4.5657E-01  1.0375E+00  1.5800E+01  1.1894E+01  3.9055E+00  1.2461E+00
  1.3000E+01  6.0000E+00  0.0000E+00  2.0000E+00  1.4912E+01  1.0000E+00  0.0000E+00  0.0000E+00  1.5197E+01 -1.8540E-01  6.6065E-01  1.4912E+01  1.1505E+01  3.4069E+00  6.9999E-01
  1.3000E+01  1.2000E+01  0.0000E+00  2.0000E+00  1.6109E+01  1.0000E+00  0.0000E+00  0.0000E+00  1.3478E+01  1.9272E+00  2.6143E+00  1.6109E+01  1.0222E+01  5.8867E+00  3.2843E+00
  1.3000E+01  1.2000E+01  0.0000E+00  3.0000E+00  5.8300E+01  2.0000E+00  0.0000E+00  0.0000E+00  5.9106E+01 -1.5711E-01 -1.2536E-01  5.8300E+01  6.0581E+01 -2.2806E+00 -1.3451E-01
  1.3000E+01  2.4000E+01  0.0000E+00  2.0000E+00  1.0121E+01  1.0000E+00  0.0000E+00  0.0000E+00  1.0587E+01 -4.3483E-01 -3.1933E-02  1.0121E+01  8.0684E+00  2.0526E+00 -1.0083E-01
  1.3000E+01  2.4000E+01  0.0000E+00  3.0000E+00  3.6300E+01  2.0000E+00  0.0000E+00  0.0000E+00  3.5852E+01  8.7264E-02  7.1662E-02  3.6300E+01  3.8221E+01 -1.9209E+00  4.6973E-02
  1.3000E+01  3.6000E+01  0.0000E+00  3.0000E+00  2.0300E+01  2.0000E+00  0.0000E+00  0.0000E+00  2.3286E+01 -5.8170E-01 -6.8447E-01  2.0300E+01  2.6697E+01 -6.3975E+00 -7.1305E-01
  1.3000E+01  4.8000E+01  0.0000E+00  2.0000E+00  6.6550E+00  1.0000E+00  0.0000E+00  0.0000E+00  6.5334E+00  1.8365E-01  1.9781E-01  6.6550E+00  5.0264E+00  1.6286E+00  2.7810E-01
  1.3000E+01  4.8000E+01  0.0000E+00  3.0000E+00  1.4000E+01  2.0000E+00  0.0000E+00  0.0000E+00  1.6913E+01 -5.6745E-01 -7.5938E-01  1.4000E+01  2.1444E+01 -7.4444E+00 -7.8189E-01
  1.3000E+01  7.2000E+01  0.0000E+00  2.0000E+00  3.4760E+00  1.0000E+00  0.0000E+00  0.0000E+00  4.0318E+00 -1.3606E+00 -1.5406E+00  3.4760E+00  3.1314E+00  3.4462E-01 -1.8207E+00
  1.3000E+01  7.2000E+01  0.0000E+00  3.0000E+00  2.9900E+01  2.0000E+00  0.0000E+00  0.0000E+00  1.3780E+01  3.1405E+00  2.8135E+00  2.9900E+01  2.0729E+01  9.1712E+00  2.8246E+00
  1.3000E+01  9.6000E+01  0.0000E+00  2.0000E+00  2.7860E+00  1.0000E+00  0.0000E+00  0.0000E+00  2.4880E+00  1.1823E+00  9.3328E-01  2.7860E+00  1.9508E+00  8.3521E-01  1.1237E+00
  1.3000E+01  9.6000E+01  0.0000E+00  3.0000E+00  1.3700E+01  2.0000E+00  0.0000E+00  0.0000E+00  1.6992E+01 -6.4135E-01 -1.0219E+00  1.3700E+01  2.6514E+01 -1.2814E+01 -9.6841E-01
  1.3000E+01  1.2000E+02  0.0000E+00  2.0000E+00  1.4710E+00  1.0000E+00  0.0000E+00  0.0000E+00  1.5353E+00 -4.1352E-01 -6.6567E-01  1.4710E+00  1.2153E+00  2.5569E-01 -6.8663E-01
  1.3000E+01  1.2000E+02  0.0000E+00  3.0000E+00  1.6000E+01  2.0000E+00  0.0000E+00  0.0000E+00  2.3715E+01 -1.5030E+00 -1.8380E+00  1.6000E+01  3.5646E+01 -1.9646E+01 -1.7695E+00
  1.3000E+01  1.4400E+02  0.0000E+00  3.0000E+00  3.2700E+01  2.0000E+00  0.0000E+00  0.0000E+00  3.2962E+01 -5.1084E-02 -2.3312E-01  3.2700E+01  4.6589E+01 -1.3889E+01 -2.1355E-01
  1.4000E+01  0.0000E+00  1.0000E+02  1.0000E+00  0.0000E+00  0.0000E+00  1.0000E+00  1.0000E+00  0.0000E+00  0.0000E+00  0.0000E+00  0.0000E+00  0.0000E+00  0.0000E+00  0.0000E+00
  1.4000E+01  0.0000E+00  0.0000E+00  3.0000E+00  1.0440E+02  2.0000E+00  0.0000E+00  0.0000E+00  1.0438E+02  3.8773E-03  3.6828E-01  1.0440E+02  1.0138E+02  3.0226E+00  4.3419E-01
  1.4000E+01  5.0000E-01  0.0000E+00  2.0000E+00  9.6890E+00  1.0000E+00  0.0000E+00  0.0000E+00  9.3295E+00  3.8035E-01  8.4234E-01  9.6890E+00  6.9291E+00  2.7599E+00  1.0204E+00
  1.4000E+01  2.0000E+00  0.0000E+00  2.0000E+00  1.2309E+01  1.0000E+00  0.0000E+00  0.0000E+00  1.2767E+01 -3.5434E-01 -3.6681E-01  1.2309E+01  1.1894E+01  4.1453E-01 -4.4164E-01
  1.4000E+01  6.0000E+00  0.0000E+00  2.0000E+00  1.4644E+01  1.0000E+00  0.0000E+00  0.0000E+00  1.1993E+01  2.1822E+00  2.2014E+00  1.4644E+01  1.1505E+01  3.1389E+00  2.3499E+00
  1.4000E+01  1.2000E+01  0.0000E+00  2.0000E+00  7.4460E+00  1.0000E+00  0.0000E+00  0.0000E+00  1.0797E+01 -3.0632E+00 -2.9279E+00  7.4460E+00  1.0222E+01 -2.7763E+00 -2.9804E+00
  1.4000E+01  1.2000E+01  0.0000E+00  3.0000E+00  5.2300E+01  2.0000E+00  0.0000E+00  0.0000E+00  5.1570E+01  1.4222E-01 -3.7818E-01  5.2300E+01  6.0581E+01 -8.2806E+00 -4.2343E-01
  1.4000E+01  2.4000E+01  0.0000E+00  2.0000E+00  9.1240E+00  1.0000E+00  0.0000E+00  0.0000E+00  8.7505E+00  4.2136E-01  7.6244E-01  9.1240E+00  8.0684E+00  1.0556E+00  8.7798E-01
  1.4000E+01  2.4000E+01  0.0000E+00  3.0000E+00  2.8100E+01  2.0000E+00  0.0000E+00  0.0000E+00  2.8970E+01 -1.6949E-01 -5.7950E-01  2.8100E+01  3.8221E+01 -1.0121E+01 -6.0595E-01
  1.4000E+01  3.6000E+01  0.0000E+00  3.0000E+00  1.2900E+01  2.0000E+00  0.0000E+00  0.0000E+00  2.0205E+01 -1.4232E+00 -1.5663E+00  1.2900E+01  2.6697E+01 -1.3797E+01 -1.5546E+00
  1.4000E+01  4.8000E+01  0.0000E+00  2.0000E+00  5.7440E+00  1.0000E+00  0.0000E+00  0.0000E+00  5.7480E+00 -6.8872E-03  6.3258E-01  5.7440E+00  5.0264E+00  7.1755E-01  6.9620E-01
  1.4000E+01  4.8000E+01  0.0000E+00  3.0000E+00  2.2100E+01  2.0000E+00  0.0000E+00  0.0000E+00  1.7783E+01  8.4108E-01  9.0305E-01  2.2100E+01  2.1444E+01  6.5555E-01  9.3694E-01
  1.4000E+01  7.2000E+01  0.0000E+00  2.0000E+00  3.0420E+00  1.0000E+00  0.0000E+00  0.0000E+00  3.7758E+00 -1.9182E+00 -1.1293E+00  3.0420E+00  3.1314E+00 -8.9385E-02 -1.3699E+00
  1.4000E+01  7.2000E+01  0.0000E+00  3.0000E+00  2.6900E+01  2.0000E+00  0.0000E+00  0.0000E+00  2.0604E+01  1.2265E+00  1.4364E+00  2.6900E+01  2.0729E+01  6.1712E+00  1.4640E+00
  1.4000E+01  9.6000E+01  0.0000E+00  2.0000E+00  2.7130E+00  1.0000E+00  0.0000E+00  0.0000E+00  2.4802E+00  9.2637E-01  1.7359E+00  2.7130E+00  1.9508E+00  7.6221E-01  1.8712E+00
  1.4000E+01  9.6000E+01  0.0000E+00  3.0000E+00  1.5800E+01  2.0000E+00  0.0000E+00  0.0000E+00  2.7572E+01 -2.2935E+00 -2.1735E+00  1.5800E+01  2.6514E+01 -1.0714E+01 -2.1774E+00
  1.4000E+01  1.2000E+02  0.0000E+00  2.0000E+00  1.7690E+00  1.0000E+00  0.0000E+00  0.0000E+00  1.6292E+00  8.4689E-01  1.5811E+00  1.7690E+00  1.2153E+00  5.5369E-01  1.6967E+00
  1.4000E+01  1.2000E+02  0.0000E+00  3.0000E+00  3.7200E+01  2.0000E+00  0.0000E+00  0.0000E+00  3.6631E+01  1.1094E-01  7.6372E-03  3.7200E+01  3.5646E+01  1.5535E+00 -2.2609E-02
  1.4000E+01  1.4400E+02  0.0000E+00  3.0000E+00  5.4000E+01  2.0000E+00  0.0000E+00  0.0000E+00  4.6953E+01  1.3728E+00  9.8840E-01  5.4000E+01  4.6589E+01  7.4105E+00  9.5044E-01
  1.5000E+01  0.0000E+00  1.0000E+02  1.0000E+00  0.0000E+00  0.0000E+00  1.0000E+00  1.0000E+00  0.0000E+00  0.0000E+00  0.0000E+00  0.0000E+00  0.0000E+00  0.0000E+00  0.0000E+00
  1.5000E+01  0.0000E+00  0.0000E+00  3.0000E+00  1.2810E+02  2.0000E+00  0.0000E+00  0.0000E+00  1.2407E+02  7.8476E-01  1.8379E+00  1.2810E+02  1.0138E+02  2.6723E+01  2.2750E+00
  1.5000E+01  5.0000E-01  0.0000E+00  2.0000E+00  7.4040E+00  1.0000E+00  0.0000E+00  0.0000E+00  7.2017E+00  2.7730E-01  3.4450E-01  7.4040E+00  6.9291E+00  4.7495E-01  3.6504E-01
  1.5000E+01  2.0000E+00  0.0000E+00  2.0000E+00  1.1338E+01  1.0000E+00  0.0000E+00  0.0000E+00  1.2262E+01 -7.4364E-01 -5.2129E-01  1.1338E+01  1.1894E+01 -5.5647E-01 -3.6962E-01
  1.5000E+01  6.0000E+00  0.0000E+00  2.0000E+00  1.1582E+01  1.0000E+00  0.0000E+00  0.0000E+00  1.1873E+01 -2.4224E-01 -2.4718E-02  1.1582E+01  1.1505E+01  7.6875E-02  1.4266E-01
  1.5000E+01  1.2000E+01  0.0000E+00  2.0000E+00  1.1175E+01  1.0000E+00  0.0000E+00  0.0000E+00  1.0608E+01  5.2727E-01  6.9429E-01  1.1175E+01  1.0222E+01  9.5270E-01  8.3713E-01
  1.5000E+01  1.2000E+01  0.0000E+00  3.0000E+00  9.2700E+01  2.0000E+00  0.0000E+00  0.0000E+00  9.2268E+01  8.4202E-02  1.2483E+00  9.2700E+01  6.0581E+01  3.2119E+01  1.0754E+00
  1.5000E+01  2.4000E+01  0.0000E+00  2.0000E+00  8.7400E+00  1.0000E+00  0.0000E+00  0.0000E+00  8.4669E+00  3.1833E-01  3.8643E-01  8.7400E+00  8.0684E+00  6.7162E-01  4.4370E-01
  1.5000E+01  2.4000E+01  0.0000E+00  3.0000E+00  6.9100E+01  2.0000E+00  0.0000E+00  0.0000E+00  6.9599E+01 -9.7181E-02  1.0193E+00  6.9100E+01  3.8221E+01  3.0879E+01  1.0560E+00
  1.5000E+01  3.6000E+01  0.0000E+00  3.0000E+00  6.0200E+01  2.0000E+00  0.0000E+00  0.0000E+00  5.3910E+01  1.2254E+00  2.2090E+00  6.0200E+01  2.6697E+01  3.3503E+01  2.5333E+00
  1.5000E+01  4.8000E+01  0.0000E+00  2.0000E+00  5.3520E+00  1.0000E+00  0.0000E+00  0.0000E+00  5.3937E+00 -7.6278E-02 -1.8406E-01  5.3520E+00  5.0264E+00  3.2555E-01 -2.7858E-01
  1.5000E+01  4.8000E+01  0.0000E+00  3.0000E+00  4.0700E+01  2.0000E+00  0.0000E+00  0.0000E+00  4.3391E+01 -5.2434E-01  2.9051E-01  4.0700E+01  2.1444E+01  1.9256E+01  7.7105E-01
  1.5000E+01  7.2000E+01  0.0000E+00  2.0000E+00  3.8060E+00  1.0000E+00  0.0000E+00  0.0000E+00  3.4359E+00  1.0631E+00  8.2831E-01  3.8060E+00  3.1314E+00  6.7462E-01  6.9290E-01
  1.5000E+01  7.2000E+01  0.0000E+00  3.0000E+00  3.6000E+01  2.0000E+00  0.0000E+00  0.0000E+00  3.3069E+01  5.7095E-01  1.0434E+00  3.6000E+01  2.0729E+01  1.5271E+01  1.4518E+00
  1.5000E+01  9.6000E+01  0.0000E+00  2.0000E+00  2.4190E+00  1.0000E+00  0.0000E+00  0.0000E+00  2.1888E+00  1.0382E+00  7.3950E-01  2.4190E+00  1.9508E+00  4.6821E-01  5.3521E-01
  1.5000E+01  9.6000E+01  0.0000E+00  3.0000E+00  2.7000E+01  2.0000E+00  0.0000E+00  0.0000E+00  3.2139E+01 -1.0011E+00 -8.0236E-01  2.7000E+01  2.6514E+01  4.8576E-01 -6.7921E-01
  1.5000E+01  1.2000E+02  0.0000E+00  2.0000E+00  1.1540E+00  1.0000E+00  0.0000E+00  0.0000E+00  1.3943E+00 -1.7013E+00 -1.9994E+00  1.1540E+00  1.2153E+00 -6.1309E-02 -2.2039E+00
  1.5000E+01  1.2000E+02  0.0000E+00  3.0000E+00  3.9800E+01  2.0000E+00  0.0000E+00  0.0000E+00  3.7200E+01  5.0662E-01  5.2999E-01  3.9800E+01  3.5646E+01  4.1535E+00  3.9256E-01
  1.5000E+01  1.4400E+02  0.0000E+00  3.0000E+00  4.4900E+01  2.0000E+00  0.0000E+00  0.0000E+00  4.6200E+01 -2.5321E-01 -3.0279E-01  4.4900E+01  4.6589E+01 -1.6895E+00 -6.0314E-01
  1.6000E+01  0.0000E+00  1.0000E+02  1.0000E+00  0.0000E+00  0.0000E+00  1.0000E+00  1.0000E+00  0.0000E+00  0.0000E+00  0.0000E+00  0.0000E+00  0.0000E+00  0.0000E+00  0.0000E+00
  1.6000E+01  0.0000E+00  0.0000E+00  3.0000E+00  9.5500E+01  2.0000E+00  0.0000E+00  0.0000E+00  9.6206E+01 -1.3745E-01 -3.0942E-01  9.5500E+01  1.0138E+02 -5.8774E+00 -2.5855E-01
  1.6000E+01  5.0000E-01  0.0000E+00  2.0000E+00  7.4460E+00  1.0000E+00  0.0000E+00  0.0000E+00  7.4977E+00 -6.8039E-02 -2.1165E-01  7.4460E+00  6.9291E+00  5.1695E-01 -1.8569E-01
  1.6000E+01  2.0000E+00  0.0000E+00  2.0000E+00  1.4590E+01  1.0000E+00  0.0000E+00  0.0000E+00  1.3840E+01  5.3504E-01  6.6243E-01  1.4590E+01  1.1894E+01  2.6955E+00  7.5466E-01
  1.6000E+01  6.0000E+00  0.0000E+00  2.0000E+00  1.4976E+01  1.0000E+00  0.0000E+00  0.0000E+00  1.3869E+01  7.8794E-01  1.0600E+00  1.4976E+01  1.1505E+01  3.4709E+00  1.2401E+00
  1.6000E+01  1.2000E+01  0.0000E+00  2.0000E+00  1.3286E+01  1.0000E+00  0.0000E+00  0.0000E+00  1.2576E+01  5.5766E-01  8.7243E-01  1.3286E+01  1.0222E+01  3.0637E+00  1.0318E+00
  1.6000E+01  1.2000E+01  0.0000E+00  3.0000E+00  4.7000E+01  2.0000E+00  0.0000E+00  0.0000E+00  5.0237E+01 -6.3069E-01 -1.0753E+00  4.7000E+01  6.0581E+01 -1.3581E+01 -1.1096E+00
  1.6000E+01  2.4000E+01  0.0000E+00  2.0000E+00  1.0785E+01  1.0000E+00  0.0000E+00  0.0000E+00  1.0334E+01  4.3121E-01  8.2484E-01  1.0785E+01  8.0684E+00  2.7166E+00  1.0029E+00
  1.6000E+01  2.4000E+01  0.0000E+00  3.0000E+00  3.1100E+01  2.0000E+00  0.0000E+00  0.0000E+00  2.8156E+01  5.7360E-01  1.7498E-01  3.1100E+01  3.8221E+01 -7.1209E+00  1.6413E-01
  1.6000E+01  3.6000E+01  0.0000E+00  3.0000E+00  1.3800E+01  2.0000E+00  0.0000E+00  0.0000E+00  1.8149E+01 -8.4733E-01 -1.1397E+00  1.3800E+01  2.6697E+01 -1.2897E+01 -1.1158E+00
  1.6000E+01  4.8000E+01  0.0000E+00  2.0000E+00  6.4510E+00  1.0000E+00  0.0000E+00  0.0000E+00  6.9775E+00 -7.4478E-01 -2.1712E-01  6.4510E+00  5.0264E+00  1.4246E+00 -3.4906E-01
  1.6000E+01  4.8000E+01  0.0000E+00  3.0000E+00  1.8100E+01  2.0000E+00  0.0000E+00  0.0000E+00  1.4144E+01  7.7060E-01  5.5872E-01  1.8100E+01  2.1444E+01 -3.3444E+00  6.0674E-01
  1.6000E+01  7.2000E+01  0.0000E+00  2.0000E+00  4.1340E+00  1.0000E+00  0.0000E+00  0.0000E+00  4.7114E+00 -1.2096E+00 -5.9138E-01  4.1340E+00  3.1314E+00  1.0026E+00 -8.8812E-01
  1.6000E+01  7.2000E+01  0.0000E+00  3.0000E+00  1.2700E+01  2.0000E+00  0.0000E+00  0.0000E+00  1.3907E+01 -2.3515E-01 -4.1120E-01  1.2700E+01  2.0729E+01 -8.0288E+00 -3.4161E-01
  1.6000E+01  9.6000E+01  0.0000E+00  2.0000E+00  3.2280E+00  1.0000E+00  0.0000E+00  0.0000E+00  3.1812E+00  1.4512E-01  8.0302E-01  3.2280E+00  1.9508E+00  1.2772E+00  1.1829E+00
  1.6000E+01  9.6000E+01  0.0000E+00  3.0000E+00  1.3600E+01  2.0000E+00  0.0000E+00  0.0000E+00  1.7911E+01 -8.3993E-01 -1.1098E+00  1.3600E+01  2.6514E+01 -1.2914E+01 -1.0322E+00
  1.6000E+01  1.2000E+02  0.0000E+00  2.0000E+00  2.4000E+00  1.0000E+00  0.0000E+00  0.0000E+00  2.1480E+00  1.1578E+00  1.8070E+00  2.4000E+00  1.2153E+00  1.1847E+00  2.8334E+00
  1.6000E+01  1.2000E+02  0.0000E+00  3.0000E+00  2.6000E+01  2.0000E+00  0.0000E+00  0.0000E+00  2.3988E+01  3.9201E-01 -5.6802E-02  2.6000E+01  3.5646E+01 -9.6465E+00  1.4355E-02
  1.6000E+01  1.4400E+02  0.0000E+00  3.0000E+00  3.2700E+01  2.0000E+00  0.0000E+00  0.0000E+00  3.1559E+01  2.2226E-01 -4.5690E-01  3.2700E+01  4.6589E+01 -1.3889E+01 -4.2087E-01
  1.7000E+01  0.0000E+00  1.0000E+02  1.0000E+00  0.0000E+00  0.0000E+00  1.0000E+00  1.0000E+00  0.0000E+00  0.0000E+00  0.0000E+00  0.0000E+00  0.0000E+00  0.0000E+00  0.0000E+00
  1.7000E+01  0.0000E+00  0.0000E+00  3.0000E+00  1.1690E+02  2.0000E+00  0.0000E+00  0.0000E+00  1.1246E+02  8.6508E-01  1.4549E+00  1.1690E+02  1.0138E+02  1.5523E+01  1.5371E+00
  1.7000E+01  5.0000E-01  0.0000E+00  2.0000E+00  6.4260E+00  1.0000E+00  0.0000E+00  0.0000E+00  6.2459E+00  2.8463E-01  2.5843E-01  6.4260E+00  6.9291E+00 -5.0305E-01  2.7374E-01
  1.7000E+01  2.0000E+00  0.0000E+00  2.0000E+00  9.2540E+00  1.0000E+00  0.0000E+00  0.0000E+00  1.0038E+01 -7.7090E-01 -1.1221E+00  9.2540E+00  1.1894E+01 -2.6405E+00 -8.0511E-01
  1.7000E+01  6.0000E+00  0.0000E+00  2.0000E+00  9.6750E+00  1.0000E+00  0.0000E+00  0.0000E+00  9.7573E+00 -8.3283E-02 -4.6066E-01  9.6750E+00  1.1505E+01 -1.8301E+00 -2.8295E-01
  1.7000E+01  1.2000E+01  0.0000E+00  2.0000E+00  9.8080E+00  1.0000E+00  0.0000E+00  0.0000E+00  8.9670E+00  9.2572E-01  6.1370E-01  9.8080E+00  1.0222E+01 -4.1430E-01  5.7290E-01
  1.7000E+01  1.2000E+01  0.0000E+00  3.0000E+00  7.2900E+01  2.0000E+00  0.0000E+00  0.0000E+00  7.7348E+01 -8.6660E-01 -2.3024E-01  7.2900E+01  6.0581E+01  1.2319E+01 -2.4985E-01
  1.7000E+01  2.4000E+01  0.0000E+00  2.0000E+00  7.1050E+00  1.0000E+00  0.0000E+00  0.0000E+00  7.5730E+00 -6.0994E-01 -8.1037E-01  7.1050E+00  8.0684E+00 -9.6338E-01 -8.3173E-01
  1.7000E+01  2.4000E+01  0.0000E+00  3.0000E+00  5.6700E+01  2.0000E+00  0.0000E+00  0.0000E+00  5.4587E+01  4.1160E-01  1.0127E+00  5.6700E+01  3.8221E+01  1.8479E+01  1.0826E+00
  1.7000E+01  3.6000E+01  0.0000E+00  3.0000E+00  4.3400E+01  2.0000E+00  0.0000E+00  0.0000E+00  4.0296E+01  6.0465E-01  1.1310E+00  4.3400E+01  2.6697E+01  1.6703E+01  1.2779E+00
  1.7000E+01  4.8000E+01  0.0000E+00  2.0000E+00  5.0450E+00  1.0000E+00  0.0000E+00  0.0000E+00  5.4013E+00 -6.5116E-01 -6.9569E-01  5.0450E+00  5.0264E+00  1.8550E-02 -9.7815E-01
  1.7000E+01  4.8000E+01  0.0000E+00  3.0000E+00  3.0600E+01  2.0000E+00  0.0000E+00  0.0000E+00  3.1645E+01 -2.0365E-01  2.3178E-01  3.0600E+01  2.1444E+01  9.1556E+00  4.0313E-01
  1.7000E+01  7.2000E+01  0.0000E+00  2.0000E+00  4.0730E+00  1.0000E+00  0.0000E+00  0.0000E+00  3.8524E+00  5.6516E-01  6.0678E-01  4.0730E+00  3.1314E+00  9.4162E-01  4.3688E-01
  1.7000E+01  7.2000E+01  0.0000E+00  3.0000E+00  2.7800E+01  2.0000E+00  0.0000E+00  0.0000E+00  2.4512E+01  6.4051E-01  8.7843E-01  2.7800E+01  2.0729E+01  7.0712E+00  9.9519E-01
  1.7000E+01  9.6000E+01  0.0000E+00  2.0000E+00  3.0860E+00  1.0000E+00  0.0000E+00  0.0000E+00  2.7477E+00  1.2153E+00  1.2960E+00  3.0860E+00  1.9508E+00  1.1352E+00  1.5497E+00
  1.7000E+01  9.6000E+01  0.0000E+00  3.0000E+00  2.6500E+01  2.0000E+00  0.0000E+00  0.0000E+00  2.4849E+01  3.2172E-01  3.4514E-01  2.6500E+01  2.6514E+01 -1.4240E-02  3.8308E-01
  1.7000E+01  1.2000E+02  0.0000E+00  2.0000E+00  1.7810E+00  1.0000E+00  0.0000E+00  0.0000E+00  1.9598E+00 -9.0034E-01 -8.0832E-01  1.7810E+00  1.2153E+00  5.6569E-01 -8.3999E-01
  1.7000E+01  1.2000E+02  0.0000E+00  3.0000E+00  2.2800E+01  2.0000E+00  0.0000E+00  0.0000E+00  2.9088E+01 -1.2250E+00 -1.4449E+00  2.2800E+01  3.5646E+01 -1.2846E+01 -1.4623E+00
  1.7000E+01  1.4400E+02  0.0000E+00  3.0000E+00  3.7200E+01  2.0000E+00  0.0000E+00  0.0000E+00  3.5630E+01  3.0579E-01 -1.8827E-01  3.7200E+01  4.6589E+01 -9.3895E+00 -2.6451E-01
  1.8000E+01  0.0000E+00  1.0000E+02  1.0000E+00  0.0000E+00  0.0000E+00  1.0000E+00  1.0000E+00  0.0000E+00  0.0000E+00  0.0000E+00  0.0000E+00  0.0000E+00  0.0000E+00  0.0000E+00
  1.8000E+01  0.0000E+00  0.0000E+00  3.0000E+00  9.5100E+01  2.0000E+00  0.0000E+00  0.0000E+00  9.7757E+01 -5.1755E-01 -6.4214E-01  9.5100E+01  1.0138E+02 -6.2774E+00 -6.2254E-01
  1.8000E+01  5.0000E-01  0.0000E+00  2.0000E+00  6.5020E+00  1.0000E+00  0.0000E+00  0.0000E+00  6.4931E+00  1.3456E-02 -1.9495E-01  6.5020E+00  6.9291E+00 -4.2705E-01 -1.8044E-01
  1.8000E+01  2.0000E+00  0.0000E+00  2.0000E+00  1.1717E+01  1.0000E+00  0.0000E+00  0.0000E+00  1.1192E+01  4.6320E-01  1.4541E-01  1.1717E+01  1.1894E+01 -1.7747E-01  1.5015E-01
  1.8000E+01  6.0000E+00  0.0000E+00  2.0000E+00  9.6870E+00  1.0000E+00  0.0000E+00  0.0000E+00  1.0897E+01 -1.0963E+00 -1.3677E+00  9.6870E+00  1.1505E+01 -1.8181E+00 -1.2566E+00
  1.8000E+01  1.2000E+01  0.0000E+00  2.0000E+00  1.0265E+01  1.0000E+00  0.0000E+00  0.0000E+00  9.7715E+00  4.9854E-01  3.3086E-01  1.0265E+01  1.0222E+01  4.2697E-02  3.3539E-01
  1.8000E+01  1.2000E+01  0.0000E+00  3.0000E+00  5.4100E+01  2.0000E+00  0.0000E+00  0.0000E+00  5.3520E+01  1.1306E-01 -2.7177E-01  5.4100E+01  6.0581E+01 -6.4806E+00 -2.5454E-01
  1.8000E+01  2.4000E+01  0.0000E+00  2.0000E+00  8.1440E+00  1.0000E+00  0.0000E+00  0.0000E+00  7.8553E+00  3.6283E-01  3.7484E-01  8.1440E+00  8.0684E+00  7.5621E-02  3.7549E-01
  1.8000E+01  2.4000E+01  0.0000E+00  3.0000E+00  3.3100E+01  2.0000E+00  0.0000E+00  0.0000E+00  3.2387E+01  1.3881E-01 -1.0894E-01  3.3100E+01  3.8221E+01 -5.1209E+00 -9.1915E-02
  1.8000E+01  3.6000E+01  0.0000E+00  3.0000E+00  2.3600E+01  2.0000E+00  0.0000E+00  0.0000E+00  2.3233E+01  7.1555E-02  2.7579E-02  2.3600E+01  2.6697E+01 -3.0975E+00  4.2239E-02
  1.8000E+01  4.8000E+01  0.0000E+00  2.0000E+00  4.6620E+00  1.0000E+00  0.0000E+00  0.0000E+00  5.0765E+00 -8.0589E-01 -5.4429E-01  4.6620E+00  5.0264E+00 -3.6445E-01 -5.5153E-01
  1.8000E+01  4.8000E+01  0.0000E+00  3.0000E+00  1.3700E+01  2.0000E+00  0.0000E+00  0.0000E+00  2.0186E+01 -1.2635E+00 -1.1468E+00  1.3700E+01  2.1444E+01 -7.7444E+00 -1.1365E+00
  1.8000E+01  7.2000E+01  0.0000E+00  2.0000E+00  3.6300E+00  1.0000E+00  0.0000E+00  0.0000E+00  3.2807E+00  1.0510E+00  1.4341E+00  3.6300E+00  3.1314E+00  4.9862E-01  1.3808E+00
  1.8000E+01  7.2000E+01  0.0000E+00  3.0000E+00  2.4400E+01  2.0000E+00  0.0000E+00  0.0000E+00  2.2368E+01  3.9593E-01  6.4541E-01  2.4400E+01  2.0729E+01  3.6712E+00  6.4537E-01
  1.8000E+01  9.6000E+01  0.0000E+00  2.0000E+00  1.9970E+00  1.0000E+00  0.0000E+00  0.0000E+00  2.1201E+00 -5.7329E-01 -1.6325E-01  1.9970E+00  1.9508E+00  4.6206E-02 -2.0500E-01
  1.8000E+01  9.6000E+01  0.0000E+00  3.0000E+00  2.4200E+01  2.0000E+00  0.0000E+00  0.0000E+00  2.9348E+01 -1.0029E+00 -8.1860E-01  2.4200E+01  2.6514E+01 -2.3142E+00 -8.2919E-01
  1.8000E+01  1.2000E+02  0.0000E+00  2.0000E+00  1.4490E+00  1.0000E+00  0.0000E+00  0.0000E+00  1.3701E+00  5.6810E-01  9.4618E-01  1.4490E+00  1.2153E+00  2.3369E-01  8.8366E-01
  1.8000E+01  1.2000E+02  0.0000E+00  3.0000E+00  4.6400E+01  2.0000E+00  0.0000E+00  0.0000E+00  3.8547E+01  1.5298E+00  1.5236E+00  4.6400E+01  3.5646E+01  1.0754E+01  1.4992E+00
  1.8000E+01  1.4400E+02  0.0000E+00  3.0000E+00  4.8900E+01  2.0000E+00  0.0000E+00  0.0000E+00  4.8785E+01  2.2461E-02 -2.3130E-01  4.8900E+01  4.6589E+01  2.3105E+00 -2.7263E-01
  1.9000E+01  0.0000E+00  1.0000E+02  1.0000E+00  0.0000E+00  0.0000E+00  1.0000E+00  1.0000E+00  0.0000E+00  0.0000E+00  0.0000E+00  0.0000E+00  0.0000E+00  0.0000E+00  0.0000E+00
  1.9000E+01  0.0000E+00  0.0000E+00  3.0000E+00  9.3000E+01  2.0000E+00  0.0000E+00  0.0000E+00  9.6193E+01 -6.2200E-01 -1.1456E+00  9.3000E+01  1.0138E+02 -8.3774E+00 -1.0380E+00
  1.9000E+01  5.0000E-01  0.0000E+00  2.0000E+00  1.1326E+01  1.0000E+00  0.0000E+00  0.0000E+00  1.0319E+01  9.6288E-01  1.7297E+00  1.1326E+01  6.9291E+00  4.3969E+00  1.9904E+00
  1.9000E+01  2.0000E+00  0.0000E+00  2.0000E+00  1.0635E+01  1.0000E+00  0.0000E+00  0.0000E+00  1.1432E+01 -6.8818E-01 -9.6871E-01  1.0635E+01  1.1894E+01 -1.2595E+00 -1.1383E+00
  1.9000E+01  6.0000E+00  0.0000E+00  2.0000E+00  1.0547E+01  1.0000E+00  0.0000E+00  0.0000E+00  1.0515E+01  2.9887E-02 -2.4374E-01  1.0547E+01  1.1505E+01 -9.5812E-01  5.5085E-02
  1.9000E+01  1.2000E+01  0.0000E+00  2.0000E+00  9.3430E+00  1.0000E+00  0.0000E+00  0.0000E+00  9.2724E+00  7.5149E-02 -1.7750E-01  9.3430E+00  1.0222E+01 -8.7930E-01  7.6970E-02
  1.9000E+01  1.2000E+01  0.0000E+00  3.0000E+00  6.6400E+01  2.0000E+00  0.0000E+00  0.0000E+00  6.9359E+01 -5.7637E-01 -4.4052E-01  6.6400E+01  6.0581E+01  5.8194E+00 -4.9464E-01
  1.9000E+01  2.4000E+01  0.0000E+00  2.0000E+00  7.1470E+00  1.0000E+00  0.0000E+00  0.0000E+00  7.2102E+00 -8.6477E-02 -3.0112E-01  7.1470E+00  8.0684E+00 -9.2138E-01 -1.1890E-01
  1.9000E+01  2.4000E+01  0.0000E+00  3.0000E+00  6.2900E+01  2.0000E+00  0.0000E+00  0.0000E+00  5.1833E+01  2.1561E+00  2.6174E+00  6.2900E+01  3.8221E+01  2.4679E+01  2.6635E+00
  1.9000E+01  3.6000E+01  0.0000E+00  3.0000E+00  3.3100E+01  2.0000E+00  0.0000E+00  0.0000E+00  4.0945E+01 -1.5284E+00 -9.4050E-01  3.3100E+01  2.6697E+01  6.4025E+00 -7.8717E-01
  1.9000E+01  4.8000E+01  0.0000E+00  2.0000E+00  4.1400E+00  1.0000E+00  0.0000E+00  0.0000E+00  4.3596E+00 -4.9730E-01 -6.5517E-01  4.1400E+00  5.0264E+00 -8.8645E-01 -5.7458E-01
  1.9000E+01  4.8000E+01  0.0000E+00  3.0000E+00  3.4100E+01  2.0000E+00  0.0000E+00  0.0000E+00  3.4766E+01 -1.2981E-01  4.8011E-01  3.4100E+01  2.1444E+01  1.2656E+01  6.8783E-01
  1.9000E+01  7.2000E+01  0.0000E+00  2.0000E+00  2.7350E+00  1.0000E+00  0.0000E+00  0.0000E+00  2.6361E+00  3.7043E-01  2.4271E-01  2.7350E+00  3.1314E+00 -3.9638E-01  3.9553E-02
  1.9000E+01  7.2000E+01  0.0000E+00  3.0000E+00  3.5800E+01  2.0000E+00  0.0000E+00  0.0000E+00  3.1685E+01  8.0175E-01  1.3295E+00  3.5800E+01  2.0729E+01  1.5071E+01  1.5200E+00
  1.9000E+01  9.6000E+01  0.0000E+00  2.0000E+00  1.7060E+00  1.0000E+00  0.0000E+00  0.0000E+00  1.5939E+00  6.9415E-01  5.7670E-01  1.7060E+00  1.9508E+00 -2.4479E-01  1.7725E-01
  1.9000E+01  9.6000E+01  0.0000E+00  3.0000E+00  3.9400E+01  2.0000E+00  0.0000E+00  0.0000E+00  3.6145E+01  6.3410E-01  1.0321E+00  3.9400E+01  2.6514E+01  1.2886E+01  1.1471E+00
  1.9000E+01  1.2000E+02  0.0000E+00  2.0000E+00  9.2600E-01  1.0000E+00  0.0000E+00  0.0000E+00  9.6376E-01 -3.8674E-01 -5.0273E-01  9.2600E-01  1.2153E+00 -2.8931E-01 -6.5227E-01
  1.9000E+01  1.2000E+02  0.0000E+00  3.0000E+00  5.0300E+01  2.0000E+00  0.0000E+00  0.0000E+00  4.4615E+01  1.1075E+00  1.3608E+00  5.0300E+01  3.5646E+01  1.4654E+01  1.4046E+00
  1.9000E+01  1.4400E+02  0.0000E+00  3.0000E+00  4.7400E+01  2.0000E+00  0.0000E+00  0.0000E+00  5.4701E+01 -1.4224E+00 -1.3264E+00  4.7400E+01  4.6589E+01  8.1054E-01 -1.3394E+00
  2.0000E+01  0.0000E+00  1.0000E+02  1.0000E+00  0.0000E+00  0.0000E+00  1.0000E+00  1.0000E+00  0.0000E+00  0.0000E+00  0.0000E+00  0.0000E+00  0.0000E+00  0.0000E+00  0.0000E+00
  2.0000E+01  0.0000E+00  0.0000E+00  3.0000E+00  1.1240E+02  2.0000E+00  0.0000E+00  0.0000E+00  1.1443E+02 -3.9634E-01  1.2195E-01  1.1240E+02  1.0138E+02  1.1023E+01  3.0098E-01
  2.0000E+01  5.0000E-01  0.0000E+00  2.0000E+00  1.4203E+01  1.0000E+00  0.0000E+00  0.0000E+00  1.3230E+01  7.2621E-01  1.7407E+00  1.4203E+01  6.9291E+00  7.2739E+00  2.5262E+00
  2.0000E+01  2.0000E+00  0.0000E+00  2.0000E+00  1.4016E+01  1.0000E+00  0.0000E+00  0.0000E+00  1.5158E+01 -7.4386E-01 -5.7746E-01  1.4016E+01  1.1894E+01  2.1215E+00 -7.9650E-01
  2.0000E+01  6.0000E+00  0.0000E+00  2.0000E+00  1.2969E+01  1.0000E+00  0.0000E+00  0.0000E+00  1.3226E+01 -1.9178E-01 -1.2686E-01  1.2969E+01  1.1505E+01  1.4639E+00  2.3352E-01
  2.0000E+01  1.2000E+01  0.0000E+00  2.0000E+00  1.1469E+01  1.0000E+00  0.0000E+00  0.0000E+00  1.0765E+01  6.4527E-01  6.0606E-01  1.1469E+01  1.0222E+01  1.2467E+00  7.6244E-01
  2.0000E+01  1.2000E+01  0.0000E+00  3.0000E+00  8.1200E+01  2.0000E+00  0.0000E+00  0.0000E+00  7.1750E+01  1.8409E+00  2.3468E+00  8.1200E+01  6.0581E+01  2.0619E+01  2.3551E+00
  2.0000E+01  2.4000E+01  0.0000E+00  2.0000E+00  6.9440E+00  1.0000E+00  0.0000E+00  0.0000E+00  7.1321E+00 -2.6032E-01 -4.3917E-01  6.9440E+00  8.0684E+00 -1.1244E+00 -6.4104E-01
  2.0000E+01  2.4000E+01  0.0000E+00  3.0000E+00  5.2800E+01  2.0000E+00  0.0000E+00  0.0000E+00  4.7193E+01  1.0923E+00  1.4786E+00  5.2800E+01  3.8221E+01  1.4579E+01  1.3696E+00
  2.0000E+01  3.6000E+01  0.0000E+00  3.0000E+00  2.1900E+01  2.0000E+00  0.0000E+00  0.0000E+00  3.4179E+01 -2.3922E+00 -2.1437E+00  2.1900E+01  2.6697E+01 -4.7975E+00 -2.3224E+00
  2.0000E+01  4.8000E+01  0.0000E+00  2.0000E+00  3.4670E+00  1.0000E+00  0.0000E+00  0.0000E+00  3.1304E+00  1.0613E+00  7.8127E-01  3.4670E+00  5.0264E+00 -1.5594E+00 -3.8631E-02
  2.0000E+01  4.8000E+01  0.0000E+00  3.0000E+00  2.9400E+01  2.0000E+00  0.0000E+00  0.0000E+00  2.8748E+01  1.2703E-01  2.7940E-01  2.9400E+01  2.1444E+01  7.9556E+00  8.6485E-02
  2.0000E+01  7.2000E+01  0.0000E+00  2.0000E+00  1.2040E+00  1.0000E+00  0.0000E+00  0.0000E+00  1.3740E+00 -1.2213E+00 -1.4667E+00  1.2040E+00  3.1314E+00 -1.9274E+00 -7.8735E-01
  2.0000E+01  7.2000E+01  0.0000E+00  3.0000E+00  2.6300E+01  2.0000E+00  0.0000E+00  0.0000E+00  3.2336E+01 -1.1759E+00 -9.7921E-01  2.6300E+01  2.0729E+01  5.5712E+00 -1.0208E+00
  2.0000E+01  9.6000E+01  0.0000E+00  2.0000E+00  6.3500E-01  1.0000E+00  0.0000E+00  0.0000E+00  6.0308E-01  5.2240E-01  3.5507E-01  6.3500E-01  1.9508E+00 -1.3158E+00  6.5040E-01
  2.0000E+01  9.6000E+01  0.0000E+00  3.0000E+00  4.9900E+01  2.0000E+00  0.0000E+00  0.0000E+00  4.7613E+01  4.4554E-01  9.9356E-01  4.9900E+01  2.6514E+01  2.3386E+01  1.2490E+00
  2.0000E+01  1.2000E+02  0.0000E+00  2.0000E+00  2.6500E-01  1.0000E+00  0.0000E+00  0.0000E+00  2.6471E-01  1.0986E-02 -9.7839E-02  2.6500E-01  1.2153E+00 -9.5031E-01  1.4692E+00
  2.0000E+01  1.2000E+02  0.0000E+00  3.0000E+00  7.0000E+01  2.0000E+00  0.0000E+00  0.0000E+00  6.7294E+01  5.2710E-01  1.4668E+00  7.0000E+01  3.5646E+01  3.4354E+01  1.8668E+00
  2.0000E+01  1.4400E+02  0.0000E+00  3.0000E+00  8.5200E+01  2.0000E+00  0.0000E+00  0.0000E+00  8.5052E+01  2.8847E-02  1.1365E+00  8.5200E+01  4.6589E+01  3.8611E+01  1.2405E+00
  2.1000E+01  0.0000E+00  1.0000E+02  1.0000E+00  0.0000E+00  0.0000E+00  1.0000E+00  1.0000E+00  0.0000E+00  0.0000E+00  0.0000E+00  0.0000E+00  0.0000E+00  0.0000E+00  0.0000E+00
  2.1000E+01  0.0000E+00  0.0000E+00  3.0000E+00  9.4900E+01  2.0000E+00  0.0000E+00  0.0000E+00  9.7518E+01 -5.0995E-01 -7.1852E-01  9.4900E+01  1.0138E+02 -6.4774E+00 -7.1488E-01
  2.1000E+01  5.0000E-01  0.0000E+00  2.0000E+00  5.4050E+00  1.0000E+00  0.0000E+00  0.0000E+00  5.2231E+00  3.4375E-01 -3.3069E-02  5.4050E+00  6.9291E+00 -1.5241E+00 -2.8372E-01
  2.1000E+01  2.0000E+00  0.0000E+00  2.0000E+00  1.0133E+01  1.0000E+00  0.0000E+00  0.0000E+00  1.1180E+01 -9.2406E-01 -1.0498E+00  1.0133E+01  1.1894E+01 -1.7615E+00 -1.0990E+00
  2.1000E+01  6.0000E+00  0.0000E+00  2.0000E+00  1.0169E+01  1.0000E+00  0.0000E+00  0.0000E+00  1.1947E+01 -1.4686E+00 -1.2228E+00  1.0169E+01  1.1505E+01 -1.3361E+00 -1.1703E+00
  2.1000E+01  1.2000E+01  0.0000E+00  2.0000E+00  1.1836E+01  1.0000E+00  0.0000E+00  0.0000E+00  1.0645E+01  1.1049E+00  1.3591E+00  1.1836E+01  1.0222E+01  1.6137E+00  1.4807E+00
  2.1000E+01  1.2000E+01  0.0000E+00  3.0000E+00  5.8600E+01  2.0000E+00  0.0000E+00  0.0000E+00  5.7686E+01  1.7816E-01  6.1146E-02  5.8600E+01  6.0581E+01 -1.9806E+00  6.8740E-02
  2.1000E+01  2.4000E+01  0.0000E+00  2.0000E+00  8.8780E+00  1.0000E+00  0.0000E+00  0.0000E+00  8.4073E+00  5.5260E-01  7.7479E-01  8.8780E+00  8.0684E+00  8.0962E-01  8.6449E-01
  2.1000E+01  2.4000E+01  0.0000E+00  3.0000E+00  3.9800E+01  2.0000E+00  0.0000E+00  0.0000E+00  3.6033E+01  7.3378E-01  6.5439E-01  3.9800E+01  3.8221E+01  1.5791E+00  6.6155E-01
  2.1000E+01  3.6000E+01  0.0000E+00  3.0000E+00  1.8700E+01  2.0000E+00  0.0000E+00  0.0000E+00  2.5089E+01 -1.2446E+00 -1.2951E+00  1.8700E+01  2.6697E+01 -7.9975E+00 -1.2907E+00
  2.1000E+01  4.8000E+01  0.0000E+00  2.0000E+00  5.2130E+00  1.0000E+00  0.0000E+00  0.0000E+00  5.2446E+00 -5.9557E-02  7.4198E-02  5.2130E+00  5.0264E+00  1.8655E-01  1.0499E-01
  2.1000E+01  4.8000E+01  0.0000E+00  3.0000E+00  2.3400E+01  2.0000E+00  0.0000E+00  0.0000E+00  2.0241E+01  6.1542E-01  5.8384E-01  2.3400E+01  2.1444E+01  1.9556E+00  5.8521E-01
  2.1000E+01  7.2000E+01  0.0000E+00  2.0000E+00  3.9740E+00  1.0000E+00  0.0000E+00  0.0000E+00  3.2717E+00  2.1188E+00  2.1613E+00  3.9740E+00  3.1314E+00  8.4262E-01  2.1240E+00
  2.1000E+01  7.2000E+01  0.0000E+00  3.0000E+00  1.5000E+01  2.0000E+00  0.0000E+00  0.0000E+00  1.9897E+01 -9.5393E-01 -9.7301E-01  1.5000E+01  2.0729E+01 -5.7288E+00 -9.7578E-01
  2.1000E+01  9.6000E+01  0.0000E+00  2.0000E+00  1.6870E+00  1.0000E+00  0.0000E+00  0.0000E+00  2.0410E+00 -1.7118E+00 -1.7336E+00  1.6870E+00  1.9508E+00 -2.6379E-01 -1.6949E+00
  2.1000E+01  9.6000E+01  0.0000E+00  3.0000E+00  2.5500E+01  2.0000E+00  0.0000E+00  0.0000E+00  2.5663E+01 -3.1689E-02 -6.3743E-02  2.5500E+01  2.6514E+01 -1.0142E+00 -6.6921E-02
  2.1000E+01  1.2000E+02  0.0000E+00  2.0000E+00  1.2660E+00  1.0000E+00  0.0000E+00  0.0000E+00  1.2732E+00 -5.5692E-02 -1.0347E-01  1.2660E+00  1.2153E+00  5.0691E-02 -1.9650E-01
  2.1000E+01  1.2000E+02  0.0000E+00  3.0000E+00  3.6400E+01  2.0000E+00  0.0000E+00  0.0000E+00  3.4549E+01  3.6067E-01  2.9757E-01  3.6400E+01  3.5646E+01  7.5352E-01  2.9725E-01
  2.1000E+01  1.4400E+02  0.0000E+00  3.0000E+00  4.6600E+01  2.0000E+00  0.0000E+00  0.0000E+00  4.5113E+01  2.8971E-01  1.8483E-01  4.6600E+01  4.6589E+01  1.0543E-02  1.8935E-01
  2.2000E+01  0.0000E+00  1.0000E+02  1.0000E+00  0.0000E+00  0.0000E+00  1.0000E+00  1.0000E+00  0.0000E+00  0.0000E+00  0.0000E+00  0.0000E+00  0.0000E+00  0.0000E+00  0.0000E+00
  2.2000E+01  0.0000E+00  0.0000E+00  3.0000E+00  1.0700E+02  2.0000E+00  0.0000E+00  0.0000E+00  1.0742E+02 -8.1810E-02  3.5411E-01  1.0700E+02  1.0138E+02  5.6226E+00  3.6408E-01
  2.2000E+01  5.0000E-01  0.0000E+00  2.0000E+00  4.3400E+00  1.0000E+00  0.0000E+00  0.0000E+00  4.3783E+00 -8.6457E-02 -8.0671E-01  4.3400E+00  6.9291E+00 -2.5891E+00 -7.2464E-01
  2.2000E+01  2.0000E+00  0.0000E+00  2.0000E+00  1.0414E+01  1.0000E+00  0.0000E+00  0.0000E+00  1.0371E+01  4.1305E-02 -6.2077E-01  1.0414E+01  1.1894E+01 -1.4805E+00 -8.0212E-01
  2.2000E+01  6.0000E+00  0.0000E+00  2.0000E+00  1.2497E+01  1.0000E+00  0.0000E+00  0.0000E+00  1.2176E+01  2.6062E-01  2.5852E-01  1.2497E+01  1.1505E+01  9.9188E-01  4.8583E-01
  2.2000E+01  1.2000E+01  0.0000E+00  2.0000E+00  1.0763E+01  1.0000E+00  0.0000E+00  0.0000E+00  1.1284E+01 -4.5567E-01 -2.8078E-01  1.0763E+01  1.0222E+01  5.4070E-01 -1.2539E-01
  2.2000E+01  1.2000E+01  0.0000E+00  3.0000E+00  7.0300E+01  2.0000E+00  0.0000E+00  0.0000E+00  6.7567E+01  5.3251E-01  8.2344E-01  7.0300E+01  6.0581E+01  9.7194E+00  7.8861E-01
  2.2000E+01  2.4000E+01  0.0000E+00  2.0000E+00  1.1086E+01  1.0000E+00  0.0000E+00  0.0000E+00  9.5363E+00  1.6041E+00  1.9673E+00  1.1086E+01  8.0684E+00  3.0176E+00  2.3821E+00
  2.2000E+01  2.4000E+01  0.0000E+00  3.0000E+00  4.3500E+01  2.0000E+00  0.0000E+00  0.0000E+00  4.4162E+01 -1.2890E-01  7.1768E-02  4.3500E+01  3.8221E+01  5.2791E+00  5.2151E-02
  2.2000E+01  3.6000E+01  0.0000E+00  3.0000E+00  3.2800E+01  2.0000E+00  0.0000E+00  0.0000E+00  3.1219E+01  3.0807E-01  4.9390E-01  3.2800E+01  2.6697E+01  6.1025E+00  4.8808E-01
  2.2000E+01  4.8000E+01  0.0000E+00  2.0000E+00  6.1580E+00  1.0000E+00  0.0000E+00  0.0000E+00  6.8102E+00 -9.4525E-01 -3.1070E-01  6.1580E+00  5.0264E+00  1.1316E+00 -5.6086E-01
  2.2000E+01  4.8000E+01  0.0000E+00  3.0000E+00  2.2700E+01  2.0000E+00  0.0000E+00  0.0000E+00  2.4497E+01 -3.5008E-01 -1.6451E-01  2.2700E+01  2.1444E+01  1.2556E+00 -1.6296E-01
  2.2000E+01  7.2000E+01  0.0000E+00  2.0000E+00  4.8050E+00  1.0000E+00  0.0000E+00  0.0000E+00  4.8634E+00 -1.1846E-01  6.6464E-01  4.8050E+00  3.1314E+00  1.6736E+00  6.5499E-01
  2.2000E+01  7.2000E+01  0.0000E+00  3.0000E+00  2.0400E+01  2.0000E+00  0.0000E+00  0.0000E+00  2.0859E+01 -8.9324E-02  4.4529E-02  2.0400E+01  2.0729E+01 -3.2885E-01  4.9667E-02
  2.2000E+01  9.6000E+01  0.0000E+00  2.0000E+00  3.5480E+00  1.0000E+00  0.0000E+00  0.0000E+00  3.4731E+00  2.1289E-01  1.0452E+00  3.5480E+00  1.9508E+00  1.5972E+00  1.3601E+00
  2.2000E+01  9.6000E+01  0.0000E+00  3.0000E+00  1.8500E+01  2.0000E+00  0.0000E+00  0.0000E+00  2.3449E+01 -9.6409E-01 -9.9634E-01  1.8500E+01  2.6514E+01 -8.0142E+00 -9.9278E-01
  2.2000E+01  1.2000E+02  0.0000E+00  2.0000E+00  2.6940E+00  1.0000E+00  0.0000E+00  0.0000E+00  2.4803E+00  8.5065E-01  1.6590E+00  2.6940E+00  1.2153E+00  1.4787E+00  2.8176E+00
  2.2000E+01  1.2000E+02  0.0000E+00  3.0000E+00  2.8500E+01  2.0000E+00  0.0000E+00  0.0000E+00  2.8924E+01 -8.2630E-02 -3.9723E-01  2.8500E+01  3.5646E+01 -7.1465E+00 -4.0642E-01
  2.2000E+01  1.4400E+02  0.0000E+00  3.0000E+00  4.2200E+01  2.0000E+00  0.0000E+00  0.0000E+00  3.6055E+01  1.1971E+00  5.0931E-01  4.2200E+01  4.6589E+01 -4.3895E+00  4.6473E-01
  2.3000E+01  0.0000E+00  1.0000E+02  1.0000E+00  0.0000E+00  0.0000E+00  1.0000E+00  1.0000E+00  0.0000E+00  0.0000E+00  0.0000E+00  0.0000E+00  0.0000E+00  0.0000E+00  0.0000E+00
  2.3000E+01  0.0000E+00  0.0000E+00  3.0000E+00  1.1330E+02  2.0000E+00  0.0000E+00  0.0000E+00  1.1180E+02  2.9195E-01  8.7519E-01  1.1330E+02  1.0138E+02  1.1923E+01  1.0175E+00
  2.3000E+01  5.0000E-01  0.0000E+00  2.0000E+00  4.9780E+00  1.0000E+00  0.0000E+00  0.0000E+00  4.8571E+00  2.4565E-01 -1.6938E-01  4.9780E+00  6.9291E+00 -1.9511E+00 -3.2134E-01
  2.3000E+01  2.0000E+00  0.0000E+00  2.0000E+00  9.6070E+00  1.0000E+00  0.0000E+00  0.0000E+00  1.0476E+01 -8.1908E-01 -1.1004E+00  9.6070E+00  1.1894E+01 -2.2875E+00 -1.0971E+00
  2.3000E+01  6.0000E+00  0.0000E+00  2.0000E+00  1.3337E+01  1.0000E+00  0.0000E+00  0.0000E+00  1.1307E+01  1.7720E+00  1.7867E+00  1.3337E+01  1.1505E+01  1.8319E+00  1.8279E+00
  2.3000E+01  1.2000E+01  0.0000E+00  2.0000E+00  1.0229E+01  1.0000E+00  0.0000E+00  0.0000E+00  1.0175E+01  5.2390E-02  4.0281E-02  1.0229E+01  1.0222E+01  6.6968E-03  1.2300E-01
  2.3000E+01  1.2000E+01  0.0000E+00  3.0000E+00  7.6700E+01  2.0000E+00  0.0000E+00  0.0000E+00  7.2429E+01  8.3204E-01  1.3877E+00  7.6700E+01  6.0581E+01  1.6119E+01  1.2971E+00
  2.3000E+01  2.4000E+01  0.0000E+00  2.0000E+00  7.0280E+00  1.0000E+00  0.0000E+00  0.0000E+00  8.1942E+00 -1.4048E+00 -1.4924E+00  7.0280E+00  8.0684E+00 -1.0404E+00 -1.4427E+00
  2.3000E+01  2.4000E+01  0.0000E+00  3.0000E+00  5.1200E+01  2.0000E+00  0.0000E+00  0.0000E+00  4.7902E+01  6.4245E-01  1.0616E+00  5.1200E+01  3.8221E+01  1.2979E+01  9.6364E-01
  2.3000E+01  3.6000E+01  0.0000E+00  3.0000E+00  2.8200E+01  2.0000E+00  0.0000E+00  0.0000E+00  3.3160E+01 -9.6620E-01 -7.0586E-01  2.8200E+01  2.6697E+01  1.5025E+00 -7.5384E-01
  2.3000E+01  4.8000E+01  0.0000E+00  2.0000E+00  4.9970E+00  1.0000E+00  0.0000E+00  0.0000E+00  5.3142E+00 -5.8923E-01 -7.7433E-01  4.9970E+00  5.0264E+00 -2.9450E-02 -7.7786E-01
  2.3000E+01  4.8000E+01  0.0000E+00  3.0000E+00  2.4500E+01  2.0000E+00  0.0000E+00  0.0000E+00  2.4650E+01 -2.9230E-02  8.1549E-02  2.4500E+01  2.1444E+01  3.0556E+00  8.4525E-02
  2.3000E+01  7.2000E+01  0.0000E+00  2.0000E+00  3.6510E+00  1.0000E+00  0.0000E+00  0.0000E+00  3.4465E+00  5.8574E-01  3.5540E-01  3.6510E+00  3.1314E+00  5.1962E-01  3.7078E-01
  2.3000E+01  7.2000E+01  0.0000E+00  3.0000E+00  1.6300E+01  2.0000E+00  0.0000E+00  0.0000E+00  1.8366E+01 -4.0252E-01 -5.2589E-01  1.6300E+01  2.0729E+01 -4.4288E+00 -4.5369E-01
  2.3000E+01  9.6000E+01  0.0000E+00  2.0000E+00  2.2170E+00  1.0000E+00  0.0000E+00  0.0000E+00  2.2352E+00 -8.0255E-02 -3.2842E-01  2.2170E+00  1.9508E+00  2.6621E-01 -3.4447E-01
  2.3000E+01  9.6000E+01  0.0000E+00  3.0000E+00  1.9700E+01  2.0000E+00  0.0000E+00  0.0000E+00  1.9762E+01 -1.2068E-02 -2.8004E-01  1.9700E+01  2.6514E+01 -6.8142E+00 -1.7009E-01
  2.3000E+01  1.2000E+02  0.0000E+00  2.0000E+00  1.4700E+00  1.0000E+00  0.0000E+00  0.0000E+00  1.4496E+00  1.3894E-01 -1.1749E-01  1.4700E+00  1.2153E+00  2.5469E-01 -1.1407E-01
  2.3000E+01  1.2000E+02  0.0000E+00  3.0000E+00  2.4200E+01  2.0000E+00  0.0000E+00  0.0000E+00  2.5348E+01 -2.2363E-01 -5.5587E-01  2.4200E+01  3.5646E+01 -1.1446E+01 -4.4695E-01
  2.3000E+01  1.4400E+02  0.0000E+00  3.0000E+00  3.1900E+01  2.0000E+00  0.0000E+00  0.0000E+00  3.3720E+01 -3.5451E-01 -6.7320E-01  3.1900E+01  4.6589E+01 -1.4689E+01 -6.3795E-01
  2.4000E+01  0.0000E+00  1.0000E+02  1.0000E+00  0.0000E+00  0.0000E+00  1.0000E+00  1.0000E+00  0.0000E+00  0.0000E+00  0.0000E+00  0.0000E+00  0.0000E+00  0.0000E+00  0.0000E+00
  2.4000E+01  0.0000E+00  0.0000E+00  3.0000E+00  8.7200E+01  2.0000E+00  0.0000E+00  0.0000E+00  9.1262E+01 -7.9131E-01 -1.5487E+00  8.7200E+01  1.0138E+02 -1.4177E+01 -1.2773E+00
  2.4000E+01  5.0000E-01  0.0000E+00  2.0000E+00  3.7400E+00  1.0000E+00  0.0000E+00  0.0000E+00  4.5246E+00 -1.7117E+00 -2.9585E+00  3.7400E+00  6.9291E+00 -3.1891E+00 -1.6868E+00
  2.4000E+01  2.0000E+00  0.0000E+00  2.0000E+00  1.3860E+01  1.0000E+00  0.0000E+00  0.0000E+00  1.1610E+01  1.9126E+00  9.7474E-01  1.3860E+01  1.1894E+01  1.9655E+00  1.0325E+00
  2.4000E+01  6.0000E+00  0.0000E+00  2.0000E+00  1.3655E+01  1.0000E+00  0.0000E+00  0.0000E+00  1.4227E+01 -3.9671E-01  3.1135E-01  1.3655E+01  1.1505E+01  2.1499E+00  6.7880E-01
  2.4000E+01  1.2000E+01  0.0000E+00  2.0000E+00  1.0734E+01  1.0000E+00  0.0000E+00  0.0000E+00  1.2131E+01 -1.1367E+00 -2.5242E-01  1.0734E+01  1.0222E+01  5.1170E-01 -3.0099E-01
  2.4000E+01  1.2000E+01  0.0000E+00  3.0000E+00  4.2400E+01  2.0000E+00  0.0000E+00  0.0000E+00  4.1843E+01  1.0859E-01 -6.6656E-01  4.2400E+01  6.0581E+01 -1.8181E+01 -7.8374E-01
  2.4000E+01  2.4000E+01  0.0000E+00  2.0000E+00  8.4410E+00  1.0000E+00  0.0000E+00  0.0000E+00  8.3775E+00  7.4787E-02  5.0676E-01  8.4410E+00  8.0684E+00  3.7262E-01  4.0499E-01
  2.4000E+01  2.4000E+01  0.0000E+00  3.0000E+00  1.5600E+01  2.0000E+00  0.0000E+00  0.0000E+00  2.1932E+01 -1.2335E+00 -1.8838E+00  1.5600E+01  3.8221E+01 -2.2621E+01 -1.8613E+00
  2.4000E+01  3.6000E+01  0.0000E+00  3.0000E+00  1.3600E+01  2.0000E+00  0.0000E+00  0.0000E+00  1.5480E+01 -3.6621E-01 -8.6056E-01  1.3600E+01  2.6697E+01 -1.3097E+01 -7.1655E-01
  2.4000E+01  4.8000E+01  0.0000E+00  2.0000E+00  4.4860E+00  1.0000E+00  0.0000E+00  0.0000E+00  3.9898E+00  1.2276E+00  9.1942E-01  4.4860E+00  5.0264E+00 -5.4045E-01  4.6137E-01
  2.4000E+01  4.8000E+01  0.0000E+00  3.0000E+00  2.2600E+01  2.0000E+00  0.0000E+00  0.0000E+00  1.5195E+01  1.4426E+00  1.0878E+00  2.2600E+01  2.1444E+01  1.1556E+00  1.2664E+00
  2.4000E+01  7.2000E+01  0.0000E+00  2.0000E+00  2.2150E+00  1.0000E+00  0.0000E+00  0.0000E+00  1.9001E+00  1.6357E+00  8.8872E-01  2.2150E+00  3.1314E+00 -9.1638E-01  2.8663E-01
  2.4000E+01  7.2000E+01  0.0000E+00  3.0000E+00  2.0100E+01  2.0000E+00  0.0000E+00  0.0000E+00  2.3112E+01 -5.8684E-01 -6.2170E-01  2.0100E+01  2.0729E+01 -6.2885E-01 -4.9840E-01
  2.4000E+01  9.6000E+01  0.0000E+00  2.0000E+00  8.9500E-01  1.0000E+00  0.0000E+00  0.0000E+00  9.0493E-01 -1.0833E-01 -9.7561E-01  8.9500E-01  1.9508E+00 -1.0558E+00 -3.9753E-01
  2.4000E+01  9.6000E+01  0.0000E+00  3.0000E+00  3.9500E+01  2.0000E+00  0.0000E+00  0.0000E+00  3.7010E+01  4.8516E-01  8.9060E-01  3.9500E+01  2.6514E+01  1.2986E+01  9.5669E-01
  2.4000E+01  1.2000E+02  0.0000E+00  2.0000E+00  3.6600E-01  1.0000E+00  0.0000E+00  0.0000E+00  4.3097E-01 -1.4881E+00 -2.2275E+00  3.6600E-01  1.2153E+00 -8.4931E-01 -2.1408E-01
  2.4000E+01  1.2000E+02  0.0000E+00  3.0000E+00  4.7500E+01  2.0000E+00  0.0000E+00  0.0000E+00  5.3081E+01 -1.0872E+00 -3.2999E-01  4.7500E+01  3.5646E+01  1.1854E+01 -3.2051E-01
  2.4000E+01  1.4400E+02  0.0000E+00  3.0000E+00  7.2100E+01  2.0000E+00  0.0000E+00  0.0000E+00  6.7437E+01  9.0848E-01  1.6735E+00  7.2100E+01  4.6589E+01  2.5511E+01  1.5194E+00
  2.5000E+01  0.0000E+00  1.0000E+02  1.0000E+00  0.0000E+00  0.0000E+00  1.0000E+00  1.0000E+00  0.0000E+00  0.0000E+00  0.0000E+00  0.0000E+00  0.0000E+00  0.0000E+00  0.0000E+00
  2.5000E+01  0.0000E+00  0.0000E+00  3.0000E+00  1.0100E+02  2.0000E+00  0.0000E+00  0.0000E+00  1.0065E+02  6.9102E-02  5.8891E-03  1.0100E+02  1.0138E+02 -3.7741E-01  1.4623E-02
  2.5000E+01  5.0000E-01  0.0000E+00  2.0000E+00  8.2510E+00  1.0000E+00  0.0000E+00  0.0000E+00  8.1045E+00  1.7847E-01  2.8690E-01  8.2510E+00  6.9291E+00  1.3219E+00  3.1960E-01
  2.5000E+01  2.0000E+00  0.0000E+00  2.0000E+00  1.3063E+01  1.0000E+00  0.0000E+00  0.0000E+00  1.3169E+01 -7.9181E-02  9.8476E-02  1.3063E+01  1.1894E+01  1.1685E+00  1.6879E-01
  2.5000E+01  6.0000E+00  0.0000E+00  2.0000E+00  1.3112E+01  1.0000E+00  0.0000E+00  0.0000E+00  1.2396E+01  5.6999E-01  7.1128E-01  1.3112E+01  1.1505E+01  1.6069E+00  8.3165E-01
  2.5000E+01  1.2000E+01  0.0000E+00  2.0000E+00  1.0620E+01  1.0000E+00  0.0000E+00  0.0000E+00  1.0772E+01 -1.3913E-01 -4.8065E-02  1.0620E+01  1.0222E+01  3.9770E-01 -9.3530E-03
  2.5000E+01  1.2000E+01  0.0000E+00  3.0000E+00  5.1300E+01  2.0000E+00  0.0000E+00  0.0000E+00  5.1076E+01  4.3654E-02 -3.9590E-01  5.1300E+01  6.0581E+01 -9.2806E+00 -4.4948E-01
  2.5000E+01  2.4000E+01  0.0000E+00  2.0000E+00  7.9700E+00  1.0000E+00  0.0000E+00  0.0000E+00  8.1332E+00 -1.9811E-01 -1.9687E-01  7.9700E+00  8.0684E+00 -9.8379E-02 -2.1501E-01
  2.5000E+01  2.4000E+01  0.0000E+00  3.0000E+00  3.1500E+01  2.0000E+00  0.0000E+00  0.0000E+00  2.9144E+01  4.5893E-01  7.0696E-02  3.1500E+01  3.8221E+01 -6.7209E+00  9.9866E-02
  2.5000E+01  3.6000E+01  0.0000E+00  3.0000E+00  1.6600E+01  2.0000E+00  0.0000E+00  0.0000E+00  2.0603E+01 -7.7978E-01 -1.0310E+00  1.6600E+01  2.6697E+01 -1.0097E+01 -9.4004E-01
  2.5000E+01  4.8000E+01  0.0000E+00  2.0000E+00  4.8920E+00  1.0000E+00  0.0000E+00  0.0000E+00  4.6367E+00  5.4344E-01  4.0568E-01  4.8920E+00  5.0264E+00 -1.3445E-01  2.7009E-01
  2.5000E+01  4.8000E+01  0.0000E+00  3.0000E+00  9.6000E+00  2.0000E+00  0.0000E+00  0.0000E+00  1.8596E+01 -1.7525E+00 -1.8748E+00  9.6000E+00  2.1444E+01 -1.1844E+01 -1.7633E+00
  2.5000E+01  7.2000E+01  0.0000E+00  2.0000E+00  2.6770E+00  1.0000E+00  0.0000E+00  0.0000E+00  2.6434E+00  1.2557E-01 -9.9487E-02  2.6770E+00  3.1314E+00 -4.5438E-01 -1.9264E-01
  2.5000E+01  7.2000E+01  0.0000E+00  3.0000E+00  3.2800E+01  2.0000E+00  0.0000E+00  0.0000E+00  2.3377E+01  1.8358E+00  1.9126E+00  3.2800E+01  2.0729E+01  1.2071E+01  2.0069E+00
  2.5000E+01  9.6000E+01  0.0000E+00  2.0000E+00  1.5930E+00  1.0000E+00  0.0000E+00  0.0000E+00  1.5070E+00  5.6346E-01  2.9882E-01  1.5930E+00  1.9508E+00 -3.5779E-01  1.2946E-01
  2.5000E+01  9.6000E+01  0.0000E+00  3.0000E+00  3.7200E+01  2.0000E+00  0.0000E+00  0.0000E+00  3.3676E+01  6.8644E-01  9.2920E-01  3.7200E+01  2.6514E+01  1.0686E+01  1.0062E+00
  2.5000E+01  1.2000E+02  0.0000E+00  2.0000E+00  8.1400E-01  1.0000E+00  0.0000E+00  0.0000E+00  8.5912E-01 -5.1839E-01 -7.8310E-01  8.1400E-01  1.2153E+00 -4.0131E-01 -4.7382E-01
  2.5000E+01  1.2000E+02  0.0000E+00  3.0000E+00  4.6500E+01  2.0000E+00  0.0000E+00  0.0000E+00  4.6648E+01 -2.8744E-02  3.5768E-01  4.6500E+01  3.5646E+01  1.0854E+01  4.2212E-01
  2.5000E+01  1.4400E+02  0.0000E+00  3.0000E+00  5.6500E+01  2.0000E+00  0.0000E+00  0.0000E+00  6.0205E+01 -7.2186E-01 -2.5020E-01  5.6500E+01  4.6589E+01  9.9105E+00 -2.3007E-01
  2.6000E+01  0.0000E+00  1.0000E+02  1.0000E+00  0.0000E+00  0.0000E+00  1.0000E+00  1.0000E+00  0.0000E+00  0.0000E+00  0.0000E+00  0.0000E+00  0.0000E+00  0.0000E+00  0.0000E+00
  2.6000E+01  0.0000E+00  0.0000E+00  3.0000E+00  1.1280E+02  2.0000E+00  0.0000E+00  0.0000E+00  1.0909E+02  7.2350E-01  1.0783E+00  1.1280E+02  1.0138E+02  1.1423E+01  1.1550E+00
  2.6000E+01  5.0000E-01  0.0000E+00  2.0000E+00  6.4270E+00  1.0000E+00  0.0000E+00  0.0000E+00  6.2992E+00  2.0021E-01  1.9696E-01  6.4270E+00  6.9291E+00 -5.0205E-01  1.7236E-01
  2.6000E+01  2.0000E+00  0.0000E+00  2.0000E+00  9.6540E+00  1.0000E+00  0.0000E+00  0.0000E+00  9.5720E+00  8.4577E-02 -3.0707E-01  9.6540E+00  1.1894E+01 -2.2405E+00 -2.6543E-01
  2.6000E+01  6.0000E+00  0.0000E+00  2.0000E+00  8.7760E+00  1.0000E+00  0.0000E+00  0.0000E+00  9.0693E+00 -3.1920E-01 -8.1511E-01  8.7760E+00  1.1505E+01 -2.7291E+00 -6.5532E-01
  2.6000E+01  1.2000E+01  0.0000E+00  2.0000E+00  7.6840E+00  1.0000E+00  0.0000E+00  0.0000E+00  8.1253E+00 -5.3610E-01 -1.0887E+00  7.6840E+00  1.0222E+01 -2.5383E+00 -9.0267E-01
  2.6000E+01  1.2000E+01  0.0000E+00  3.0000E+00  6.8400E+01  2.0000E+00  0.0000E+00  0.0000E+00  6.9787E+01 -2.7031E-01  1.4688E-01  6.8400E+01  6.0581E+01  7.8194E+00  1.4492E-01
  2.6000E+01  2.4000E+01  0.0000E+00  2.0000E+00  6.5640E+00  1.0000E+00  0.0000E+00  0.0000E+00  6.5218E+00  6.3870E-02 -5.8644E-01  6.5640E+00  8.0684E+00 -1.5044E+00 -5.6096E-01
  2.6000E+01  2.4000E+01  0.0000E+00  3.0000E+00  5.2100E+01  2.0000E+00  0.0000E+00  0.0000E+00  4.6057E+01  1.1772E+00  1.5211E+00  5.2100E+01  3.8221E+01  1.3879E+01  1.5124E+00
  2.6000E+01  3.6000E+01  0.0000E+00  3.0000E+00  2.6700E+01  2.0000E+00  0.0000E+00  0.0000E+00  3.2225E+01 -1.0764E+00 -8.5663E-01  2.6700E+01  2.6697E+01  2.5314E-03 -8.5824E-01
  2.6000E+01  4.8000E+01  0.0000E+00  2.0000E+00  4.1430E+00  1.0000E+00  0.0000E+00  0.0000E+00  4.2017E+00 -1.3784E-01 -9.1209E-01  4.1430E+00  5.0264E+00 -8.8345E-01 -8.9549E-01
  2.6000E+01  4.8000E+01  0.0000E+00  3.0000E+00  2.4500E+01  2.0000E+00  0.0000E+00  0.0000E+00  2.4605E+01 -2.0535E-02  7.4901E-02  2.4500E+01  2.1444E+01  3.0556E+00  7.9461E-02
  2.6000E+01  7.2000E+01  0.0000E+00  2.0000E+00  2.6460E+00  1.0000E+00  0.0000E+00  0.0000E+00  2.7069E+00 -2.2219E-01 -1.0242E+00  2.6460E+00  3.1314E+00 -4.8538E-01 -1.0122E+00
  2.6000E+01  7.2000E+01  0.0000E+00  3.0000E+00  1.8500E+01  2.0000E+00  0.0000E+00  0.0000E+00  1.9916E+01 -2.7583E-01 -3.5848E-01  1.8500E+01  2.0729E+01 -2.2288E+00 -3.4706E-01
  2.6000E+01  9.6000E+01  0.0000E+00  2.0000E+00  1.9750E+00  1.0000E+00  0.0000E+00  0.0000E+00  1.7439E+00  1.3078E+00  5.5731E-01  1.9750E+00  1.9508E+00  2.4206E-02  2.7409E-01
  2.6000E+01  9.6000E+01  0.0000E+00  3.0000E+00  2.9800E+01  2.0000E+00  0.0000E+00  0.0000E+00  2.2708E+01  1.3816E+00  1.2397E+00  2.9800E+01  2.6514E+01  3.2858E+00  1.2569E+00
  2.6000E+01  1.2000E+02  0.0000E+00  2.0000E+00  9.6000E-01  1.0000E+00  0.0000E+00  0.0000E+00  1.1235E+00 -1.4367E+00 -2.0809E+00  9.6000E-01  1.2153E+00 -2.5531E-01 -1.8086E+00
  2.6000E+01  1.2000E+02  0.0000E+00  3.0000E+00  2.9400E+01  2.0000E+00  0.0000E+00  0.0000E+00  2.9546E+01 -2.8415E-02 -1.1644E-01  2.9400E+01  3.5646E+01 -6.2465E+00 -1.0808E-01
  2.6000E+01  1.4400E+02  0.0000E+00  3.0000E+00  3.1700E+01  2.0000E+00  0.0000E+00  0.0000E+00  3.8944E+01 -1.4112E+00 -1.3514E+00  3.1700E+01  4.6589E+01 -1.4889E+01 -1.3953E+00
  2.7000E+01  0.0000E+00  1.0000E+02  1.0000E+00  0.0000E+00  0.0000E+00  1.0000E+00  1.0000E+00  0.0000E+00  0.0000E+00  0.0000E+00  0.0000E+00  0.0000E+00  0.0000E+00  0.0000E+00
  2.7000E+01  0.0000E+00  0.0000E+00  3.0000E+00  9.4200E+01  2.0000E+00  0.0000E+00  0.0000E+00  9.5853E+01 -3.2199E-01 -9.4962E-01  9.4200E+01  1.0138E+02 -7.1774E+00 -8.4056E-01
  2.7000E+01  5.0000E-01  0.0000E+00  2.0000E+00  1.5827E+01  1.0000E+00  0.0000E+00  0.0000E+00  1.4478E+01  9.2003E-01  2.1881E+00  1.5827E+01  6.9291E+00  8.8979E+00  2.5478E+00
  2.7000E+01  2.0000E+00  0.0000E+00  2.0000E+00  1.7382E+01  1.0000E+00  0.0000E+00  0.0000E+00  1.5823E+01  9.7281E-01  1.3243E+00  1.7382E+01  1.1894E+01  5.4875E+00  1.3882E+00
  2.7000E+01  6.0000E+00  0.0000E+00  2.0000E+00  1.4585E+01  1.0000E+00  0.0000E+00  0.0000E+00  1.3769E+01  5.8480E-01  7.5545E-01  1.4585E+01  1.1505E+01  3.0799E+00  1.4310E+00
  2.7000E+01  1.2000E+01  0.0000E+00  2.0000E+00  9.0630E+00  1.0000E+00  0.0000E+00  0.0000E+00  1.1173E+01 -1.8639E+00 -1.9030E+00  9.0630E+00  1.0222E+01 -1.1593E+00 -1.7495E+00
  2.7000E+01  1.2000E+01  0.0000E+00  3.0000E+00  5.7100E+01  2.0000E+00  0.0000E+00  0.0000E+00  5.9438E+01 -4.5555E-01 -4.8569E-01  5.7100E+01  6.0581E+01 -3.4806E+00 -4.0481E-01
  2.7000E+01  2.4000E+01  0.0000E+00  2.0000E+00  6.8270E+00  1.0000E+00  0.0000E+00  0.0000E+00  7.3564E+00 -7.1029E-01 -1.0163E+00  6.8270E+00  8.0684E+00 -1.2414E+00 -1.0562E+00
  2.7000E+01  2.4000E+01  0.0000E+00  3.0000E+00  3.9200E+01  2.0000E+00  0.0000E+00  0.0000E+00  3.8699E+01  9.7694E-02  2.2407E-01  3.9200E+01  3.8221E+01  9.7913E-01  2.1406E-01
  2.7000E+01  3.6000E+01  0.0000E+00  3.0000E+00  2.5700E+01  2.0000E+00  0.0000E+00  0.0000E+00  2.7822E+01 -4.1339E-01 -3.0926E-01  2.5700E+01  2.6697E+01 -9.9747E-01 -3.9844E-01
  2.7000E+01  4.8000E+01  0.0000E+00  2.0000E+00  3.6020E+00  1.0000E+00  0.0000E+00  0.0000E+00  3.1891E+00  1.2780E+00  8.4867E-01  3.6020E+00  5.0264E+00 -1.4244E+00 -8.8442E-02
  2.7000E+01  4.8000E+01  0.0000E+00  3.0000E+00  2.8300E+01  2.0000E+00  0.0000E+00  0.0000E+00  2.3369E+01  9.6062E-01  1.0147E+00  2.8300E+01  2.1444E+01  6.8556E+00  8.7991E-01
  2.7000E+01  7.2000E+01  0.0000E+00  2.0000E+00  1.1390E+00  1.0000E+00  0.0000E+00  0.0000E+00  1.3825E+00 -1.7387E+00 -2.0353E+00  1.1390E+00  3.1314E+00 -1.9924E+00 -1.2459E+00
  2.7000E+01  7.2000E+01  0.0000E+00  3.0000E+00  2.9600E+01  2.0000E+00  0.0000E+00  0.0000E+00  2.6647E+01  5.7534E-01  7.2202E-01  2.9600E+01  2.0729E+01  8.8712E+00  6.0148E-01
  2.7000E+01  9.6000E+01  0.0000E+00  2.0000E+00  6.2200E-01  1.0000E+00  0.0000E+00  0.0000E+00  5.9935E-01  3.7306E-01  2.3863E-01  6.2200E-01  1.9508E+00 -1.3288E+00  4.0691E-01
  2.7000E+01  9.6000E+01  0.0000E+00  3.0000E+00  3.8600E+01  2.0000E+00  0.0000E+00  0.0000E+00  3.9794E+01 -2.3259E-01  3.0568E-01  3.8600E+01  2.6514E+01  1.2086E+01  2.9038E-01
  2.7000E+01  1.2000E+02  0.0000E+00  2.0000E+00  2.6700E-01  1.0000E+00  0.0000E+00  0.0000E+00  2.5983E-01  2.7251E-01  2.2453E-01  2.6700E-01  1.2153E+00 -9.4831E-01  1.3881E+00
  2.7000E+01  1.2000E+02  0.0000E+00  3.0000E+00  4.6400E+01  2.0000E+00  0.0000E+00  0.0000E+00  5.6616E+01 -1.9902E+00 -1.1287E+00  4.6400E+01  3.5646E+01  1.0754E+01 -1.0698E+00
  2.7000E+01  1.4400E+02  0.0000E+00  3.0000E+00  7.9700E+01  2.0000E+00  0.0000E+00  0.0000E+00  7.1662E+01  1.5659E+00  2.3749E+00  7.9700E+01  4.6589E+01  3.3111E+01  2.2820E+00
  2.8000E+01  0.0000E+00  1.0000E+02  1.0000E+00  0.0000E+00  0.0000E+00  1.0000E+00  1.0000E+00  0.0000E+00  0.0000E+00  0.0000E+00  0.0000E+00  0.0000E+00  0.0000E+00  0.0000E+00
  2.8000E+01  0.0000E+00  0.0000E+00  3.0000E+00  1.0050E+02  2.0000E+00  0.0000E+00  0.0000E+00  1.0122E+02 -1.4037E-01 -1.8113E-01  1.0050E+02  1.0138E+02 -8.7741E-01 -1.7150E-01
  2.8000E+01  5.0000E-01  0.0000E+00  2.0000E+00  1.5380E+00  1.0000E+00  0.0000E+00  0.0000E+00  1.6337E+00 -5.7846E-01 -1.6923E+00  1.5380E+00  6.9291E+00 -5.3911E+00 -9.3638E-01
  2.8000E+01  2.0000E+00  0.0000E+00  2.0000E+00  5.3420E+00  1.0000E+00  0.0000E+00  0.0000E+00  5.3563E+00 -2.6261E-02 -2.1360E+00  5.3420E+00  1.1894E+01 -6.5525E+00 -3.4245E+00
  2.8000E+01  6.0000E+00  0.0000E+00  2.0000E+00  1.0666E+01  1.0000E+00  0.0000E+00  0.0000E+00  9.9403E+00  7.2061E-01 -7.1602E-01  1.0666E+01  1.1505E+01 -8.3912E-01 -4.6483E-02
  2.8000E+01  1.2000E+01  0.0000E+00  2.0000E+00  1.0658E+01  1.0000E+00  0.0000E+00  0.0000E+00  1.0945E+01 -2.5885E-01 -2.8594E-01  1.0658E+01  1.0222E+01  4.3570E-01  8.5928E-01
  2.8000E+01  1.2000E+01  0.0000E+00  3.0000E+00  6.9000E+01  2.0000E+00  0.0000E+00  0.0000E+00  6.0715E+01  1.6140E+00  1.8508E+00  6.9000E+01  6.0581E+01  8.4194E+00  1.7722E+00
  2.8000E+01  2.4000E+01  0.0000E+00  2.0000E+00  9.8680E+00  1.0000E+00  0.0000E+00  0.0000E+00  9.1125E+00  8.1841E-01  1.3617E+00  9.8680E+00  8.0684E+00  1.7996E+00  2.1941E+00
  2.8000E+01  2.4000E+01  0.0000E+00  3.0000E+00  2.6100E+01  2.0000E+00  0.0000E+00  0.0000E+00  3.6732E+01 -2.0713E+00 -2.0050E+00  2.6100E+01  3.8221E+01 -1.2121E+01 -2.0882E+00
  2.8000E+01  3.6000E+01  0.0000E+00  3.0000E+00  2.5700E+01  2.0000E+00  0.0000E+00  0.0000E+00  2.3685E+01  3.9254E-01  2.7974E-01  2.5700E+01  2.6697E+01 -9.9747E-01  2.2541E-01
  2.8000E+01  4.8000E+01  0.0000E+00  2.0000E+00  5.5190E+00  1.0000E+00  0.0000E+00  0.0000E+00  5.6592E+00 -2.4452E-01 -2.3198E-01  5.5190E+00  5.0264E+00  4.9255E-01  1.6489E-01
  2.8000E+01  4.8000E+01  0.0000E+00  3.0000E+00  2.1800E+01  2.0000E+00  0.0000E+00  0.0000E+00  1.7001E+01  9.3485E-01  6.7879E-01  2.1800E+01  2.1444E+01  3.5555E-01  6.6071E-01
  2.8000E+01  7.2000E+01  0.0000E+00  2.0000E+00  3.4210E+00  1.0000E+00  0.0000E+00  0.0000E+00  3.5027E+00 -2.3032E-01 -6.0034E-01  3.4210E+00  3.1314E+00  2.8962E-01 -5.6331E-01
  2.8000E+01  7.2000E+01  0.0000E+00  3.0000E+00  9.4000E+00  2.0000E+00  0.0000E+00  0.0000E+00  1.3485E+01 -7.9587E-01 -1.2348E+00  9.4000E+00  2.0729E+01 -1.1329E+01 -1.1611E+00
  2.8000E+01  9.6000E+01  0.0000E+00  2.0000E+00  2.4550E+00  1.0000E+00  0.0000E+00  0.0000E+00  2.1680E+00  1.3068E+00  7.6384E-01  2.4550E+00  1.9508E+00  5.0421E-01  4.0235E-01
  2.8000E+01  9.6000E+01  0.0000E+00  3.0000E+00  9.8000E+00  2.0000E+00  0.0000E+00  0.0000E+00  1.6416E+01 -1.2890E+00 -1.7873E+00  9.8000E+00  2.6514E+01 -1.6714E+01 -1.6076E+00
  2.8000E+01  1.2000E+02  0.0000E+00  2.0000E+00  1.1800E+00  1.0000E+00  0.0000E+00  0.0000E+00  1.3418E+00 -1.1905E+00 -1.7569E+00  1.1800E+00  1.2153E+00 -3.5309E-02 -2.4693E+00
  2.8000E+01  1.2000E+02  0.0000E+00  3.0000E+00  2.3500E+01  2.0000E+00  0.0000E+00  0.0000E+00  2.2872E+01  1.2235E-01 -3.0131E-01  2.3500E+01  3.5646E+01 -1.2146E+01 -4.9626E-02
  2.8000E+01  1.4400E+02  0.0000E+00  3.0000E+00  3.1100E+01  2.0000E+00  0.0000E+00  0.0000E+00  3.1879E+01 -1.5185E-01 -3.5396E-01  3.1100E+01  4.6589E+01 -1.5489E+01 -1.2944E-01
  2.9000E+01  0.0000E+00  1.0000E+02  1.0000E+00  0.0000E+00  0.0000E+00  1.0000E+00  1.0000E+00  0.0000E+00  0.0000E+00  0.0000E+00  0.0000E+00  0.0000E+00  0.0000E+00  0.0000E+00
  2.9000E+01  0.0000E+00  0.0000E+00  3.0000E+00  9.9000E+01  2.0000E+00  0.0000E+00  0.0000E+00  1.0010E+02 -2.1517E-01 -3.5814E-01  9.9000E+01  1.0138E+02 -2.3774E+00 -3.4384E-01
  2.9000E+01  5.0000E-01  0.0000E+00  2.0000E+00  3.8650E+00  1.0000E+00  0.0000E+00  0.0000E+00  3.7579E+00  2.8135E-01 -3.7394E-01  3.8650E+00  6.9291E+00 -3.0641E+00 -6.1049E-01
  2.9000E+01  2.0000E+00  0.0000E+00  2.0000E+00  8.2100E+00  1.0000E+00  0.0000E+00  0.0000E+00  9.0609E+00 -9.2694E-01 -1.6275E+00  8.2100E+00  1.1894E+01 -3.6845E+00 -1.6614E+00
  2.9000E+01  6.0000E+00  0.0000E+00  2.0000E+00  1.1449E+01  1.0000E+00  0.0000E+00  0.0000E+00  1.0645E+01  7.4597E-01  6.6145E-01  1.1449E+01  1.1505E+01 -5.6125E-02  7.6334E-01
  2.9000E+01  1.2000E+01  0.0000E+00  2.0000E+00  8.6640E+00  1.0000E+00  0.0000E+00  0.0000E+00  9.5383E+00 -9.0481E-01 -8.9081E-01  8.6640E+00  1.0222E+01 -1.5583E+00 -6.5891E-01
  2.9000E+01  1.2000E+01  0.0000E+00  3.0000E+00  6.1700E+01  2.0000E+00  0.0000E+00  0.0000E+00  6.0777E+01  1.7973E-01  1.7252E-01  6.1700E+01  6.0581E+01  1.1194E+00  1.3908E-01
  2.9000E+01  2.4000E+01  0.0000E+00  2.0000E+00  7.7950E+00  1.0000E+00  0.0000E+00  0.0000E+00  7.4919E+00  3.9940E-01  4.1304E-01  7.7950E+00  8.0684E+00 -2.7338E-01  5.2314E-01
  2.9000E+01  2.4000E+01  0.0000E+00  3.0000E+00  3.7000E+01  2.0000E+00  0.0000E+00  0.0000E+00  3.9381E+01 -4.6388E-01 -4.2819E-01  3.7000E+01  3.8221E+01 -1.2209E+00 -4.5728E-01
  2.9000E+01  3.6000E+01  0.0000E+00  3.0000E+00  2.8100E+01  2.0000E+00  0.0000E+00  0.0000E+00  2.8939E+01 -1.6345E-01 -6.6464E-02  2.8100E+01  2.6697E+01  1.4025E+00 -7.9499E-02
  2.9000E+01  4.8000E+01  0.0000E+00  2.0000E+00  4.4110E+00  1.0000E+00  0.0000E+00  0.0000E+00  4.6208E+00 -4.4806E-01 -4.7591E-01  4.4110E+00  5.0264E+00 -6.1545E-01 -3.4124E-01
  2.9000E+01  4.8000E+01  0.0000E+00  3.0000E+00  2.7500E+01  2.0000E+00  0.0000E+00  0.0000E+00  2.4773E+01  5.3133E-01  6.8696E-01  2.7500E+01  2.1444E+01  6.0556E+00  6.9311E-01
  2.9000E+01  7.2000E+01  0.0000E+00  2.0000E+00  3.1390E+00  1.0000E+00  0.0000E+00  0.0000E+00  2.8499E+00  1.0011E+00  9.1574E-01  3.1390E+00  3.1314E+00  7.6152E-03  8.0145E-01
  2.9000E+01  7.2000E+01  0.0000E+00  3.0000E+00  2.9400E+01  2.0000E+00  0.0000E+00  0.0000E+00  2.6148E+01  6.3359E-01  8.7430E-01  2.9400E+01  2.0729E+01  8.6712E+00  9.1553E-01
  2.9000E+01  9.6000E+01  0.0000E+00  2.0000E+00  2.0290E+00  1.0000E+00  0.0000E+00  0.0000E+00  1.7578E+00  1.5231E+00  1.4011E+00  2.0290E+00  1.9508E+00  7.8206E-02  1.0728E+00
  2.9000E+01  9.6000E+01  0.0000E+00  3.0000E+00  3.3500E+01  2.0000E+00  0.0000E+00  0.0000E+00  3.3808E+01 -6.0022E-02  2.1483E-01  3.3500E+01  2.6514E+01  6.9858E+00  2.7617E-01
  2.9000E+01  1.2000E+02  0.0000E+00  2.0000E+00  8.6500E-01  1.0000E+00  0.0000E+00  0.0000E+00  1.0841E+00 -1.9951E+00 -2.1091E+00  8.6500E-01  1.2153E+00 -3.5031E-01 -1.7602E+00
  2.9000E+01  1.2000E+02  0.0000E+00  3.0000E+00  4.4100E+01  2.0000E+00  0.0000E+00  0.0000E+00  4.4312E+01 -4.1236E-02  2.1676E-01  4.4100E+01  3.5646E+01  8.4535E+00  2.7239E-01
  2.9000E+01  1.4400E+02  0.0000E+00  3.0000E+00  5.5700E+01  2.0000E+00  0.0000E+00  0.0000E+00  5.5768E+01 -1.3207E-02  1.8558E-01  5.5700E+01  4.6589E+01  9.1105E+00  2.0669E-01
  3.0000E+01  0.0000E+00  1.0000E+02  1.0000E+00  0.0000E+00  0.0000E+00  1.0000E+00  1.0000E+00  0.0000E+00  0.0000E+00  0.0000E+00  0.0000E+00  0.0000E+00  0.0000E+00  0.0000E+00
  3.0000E+01  0.0000E+00  0.0000E+00  3.0000E+00  1.1120E+02  2.0000E+00  0.0000E+00  0.0000E+00  1.0833E+02  5.5823E-01  1.0641E+00  1.1120E+02  1.0138E+02  9.8226E+00  1.1007E+00
  3.0000E+01  5.0000E-01  0.0000E+00  2.0000E+00  5.6800E+00  1.0000E+00  0.0000E+00  0.0000E+00  5.5548E+00  2.2243E-01  1.8839E-02  5.6800E+00  6.9291E+00 -1.2491E+00  2.1927E-02
  3.0000E+01  2.0000E+00  0.0000E+00  2.0000E+00  8.6050E+00  1.0000E+00  0.0000E+00  0.0000E+00  8.9453E+00 -3.7547E-01 -1.0685E+00  8.6050E+00  1.1894E+01 -3.2895E+00 -8.3117E-01
  3.0000E+01  6.0000E+00  0.0000E+00  2.0000E+00  9.1800E+00  1.0000E+00  0.0000E+00  0.0000E+00  8.6953E+00  5.5022E-01 -1.7352E-01  9.1800E+00  1.1505E+01 -2.3251E+00 -2.0347E-01
  3.0000E+01  1.2000E+01  0.0000E+00  2.0000E+00  7.0080E+00  1.0000E+00  0.0000E+00  0.0000E+00  7.9861E+00 -1.2089E+00 -1.8384E+00  7.0080E+00  1.0222E+01 -3.2143E+00 -1.5132E+00
  3.0000E+01  1.2000E+01  0.0000E+00  3.0000E+00  6.1800E+01  2.0000E+00  0.0000E+00  0.0000E+00  6.2073E+01 -5.3189E-02 -1.9651E-02  6.1800E+01  6.0581E+01  1.2194E+00 -1.6422E-02
  3.0000E+01  2.4000E+01  0.0000E+00  2.0000E+00  6.5300E+00  1.0000E+00  0.0000E+00  0.0000E+00  6.7361E+00 -3.0207E-01 -7.6719E-01  6.5300E+00  8.0684E+00 -1.5384E+00 -7.6440E-01
  3.0000E+01  2.4000E+01  0.0000E+00  3.0000E+00  3.7100E+01  2.0000E+00  0.0000E+00  0.0000E+00  3.7878E+01 -1.5166E-01 -2.0407E-01  3.7100E+01  3.8221E+01 -1.1209E+00 -2.2101E-01
  3.0000E+01  3.6000E+01  0.0000E+00  3.0000E+00  2.5400E+01  2.0000E+00  0.0000E+00  0.0000E+00  2.5843E+01 -8.6265E-02 -1.0373E-01  2.5400E+01  2.6697E+01 -1.2975E+00 -1.2861E-01
  3.0000E+01  4.8000E+01  0.0000E+00  2.0000E+00  4.5050E+00  1.0000E+00  0.0000E+00  0.0000E+00  4.7926E+00 -5.9227E-01 -8.1646E-01  4.5050E+00  5.0264E+00 -5.2145E-01 -9.4693E-01
  3.0000E+01  4.8000E+01  0.0000E+00  3.0000E+00  2.0900E+01  2.0000E+00  0.0000E+00  0.0000E+00  2.0377E+01  1.0195E-01  1.3506E-01  2.0900E+01  2.1444E+01 -5.4445E-01  1.1123E-01
  3.0000E+01  7.2000E+01  0.0000E+00  2.0000E+00  3.6970E+00  1.0000E+00  0.0000E+00  0.0000E+00  3.4098E+00  8.3148E-01  7.5314E-01  3.6970E+00  3.1314E+00  5.6562E-01  6.1665E-01
  3.0000E+01  7.2000E+01  0.0000E+00  3.0000E+00  2.3200E+01  2.0000E+00  0.0000E+00  0.0000E+00  1.8716E+01  8.7348E-01  9.3417E-01  2.3200E+01  2.0729E+01  2.4712E+00  9.2836E-01
  3.0000E+01  9.6000E+01  0.0000E+00  2.0000E+00  2.6580E+00  1.0000E+00  0.0000E+00  0.0000E+00  2.4259E+00  9.4416E-01  9.4362E-01  2.6580E+00  1.9508E+00  7.0721E-01  1.0654E+00
  3.0000E+01  9.6000E+01  0.0000E+00  3.0000E+00  9.8000E+00  2.0000E+00  0.0000E+00  0.0000E+00  2.2348E+01 -2.4446E+00 -2.4784E+00  9.8000E+00  2.6514E+01 -1.6714E+01 -2.4608E+00
  3.0000E+01  1.2000E+02  0.0000E+00  2.0000E+00  1.5890E+00  1.0000E+00  0.0000E+00  0.0000E+00  1.7260E+00 -7.8342E-01 -7.4991E-01  1.5890E+00  1.2153E+00  3.7369E-01 -5.7956E-01
  3.0000E+01  1.2000E+02  0.0000E+00  3.0000E+00  3.4600E+01  2.0000E+00  0.0000E+00  0.0000E+00  2.8326E+01  1.2223E+00  9.9311E-01  3.4600E+01  3.5646E+01 -1.0465E+00  1.0156E+00
  3.0000E+01  1.4400E+02  0.0000E+00  3.0000E+00  3.5300E+01  2.0000E+00  0.0000E+00  0.0000E+00  3.5743E+01 -8.6309E-02 -5.8200E-01  3.5300E+01  4.6589E+01 -1.1289E+01 -5.9964E-01
  3.1000E+01  0.0000E+00  1.0000E+02  1.0000E+00  0.0000E+00  0.0000E+00  1.0000E+00  1.0000E+00  0.0000E+00  0.0000E+00  0.0000E+00  0.0000E+00  0.0000E+00  0.0000E+00  0.0000E+00
  3.1000E+01  0.0000E+00  0.0000E+00  3.0000E+00  9.8600E+01  2.0000E+00  0.0000E+00  0.0000E+00  9.7004E+01  3.1087E-01  5.0059E-02  9.8600E+01  1.0138E+02 -2.7774E+00  1.9080E-01
  3.1000E+01  5.0000E-01  0.0000E+00  2.0000E+00  6.6220E+00  1.0000E+00  0.0000E+00  0.0000E+00  6.6490E+00 -4.0112E-02 -3.5766E-01  6.6220E+00  6.9291E+00 -3.0705E-01 -3.2547E-01
  3.1000E+01  2.0000E+00  0.0000E+00  2.0000E+00  1.2823E+01  1.0000E+00  0.0000E+00  0.0000E+00  1.2447E+01  2.9840E-01  3.4489E-01  1.2823E+01  1.1894E+01  9.2853E-01  3.9921E-01
  3.1000E+01  6.0000E+00  0.0000E+00  2.0000E+00  1.3003E+01  1.0000E+00  0.0000E+00  0.0000E+00  1.2238E+01  6.1734E-01  7.9115E-01  1.3003E+01  1.1505E+01  1.4979E+00  8.6842E-01
  3.1000E+01  1.2000E+01  0.0000E+00  2.0000E+00  9.3020E+00  1.0000E+00  0.0000E+00  0.0000E+00  1.0629E+01 -1.2324E+00 -1.1634E+00  9.3020E+00  1.0222E+01 -9.2030E-01 -1.1694E+00
  3.1000E+01  1.2000E+01  0.0000E+00  3.0000E+00  3.9400E+01  2.0000E+00  0.0000E+00  0.0000E+00  4.5004E+01 -1.0918E+00 -1.7507E+00  3.9400E+01  6.0581E+01 -2.1181E+01 -1.8986E+00
  3.1000E+01  2.4000E+01  0.0000E+00  2.0000E+00  8.4560E+00  1.0000E+00  0.0000E+00  0.0000E+00  8.0118E+00  5.4729E-01  4.3358E-01  8.4560E+00  8.0684E+00  3.8762E-01  4.2922E-01
  3.1000E+01  2.4000E+01  0.0000E+00  3.0000E+00  2.4200E+01  2.0000E+00  0.0000E+00  0.0000E+00  2.3182E+01  1.9828E-01 -4.0683E-01  2.4200E+01  3.8221E+01 -1.4021E+01 -4.2794E-01
  3.1000E+01  3.6000E+01  0.0000E+00  3.0000E+00  1.5000E+01  2.0000E+00  0.0000E+00  0.0000E+00  1.4922E+01  1.5201E-02 -4.7231E-01  1.5000E+01  2.6697E+01 -1.1697E+01 -3.6814E-01
  3.1000E+01  4.8000E+01  0.0000E+00  2.0000E+00  4.4570E+00  1.0000E+00  0.0000E+00  0.0000E+00  4.5519E+00 -2.0586E-01 -5.6491E-01  4.4570E+00  5.0264E+00 -5.6945E-01 -5.5349E-01
  3.1000E+01  4.8000E+01  0.0000E+00  3.0000E+00  1.7400E+01  2.0000E+00  0.0000E+00  0.0000E+00  1.2794E+01  8.9728E-01  5.0292E-01  1.7400E+01  2.1444E+01 -4.0444E+00  6.5614E-01
  3.1000E+01  7.2000E+01  0.0000E+00  2.0000E+00  2.6520E+00  1.0000E+00  0.0000E+00  0.0000E+00  2.5862E+00  2.5111E-01 -2.2163E-01  2.6520E+00  3.1314E+00 -4.7938E-01 -2.6390E-01
  3.1000E+01  7.2000E+01  0.0000E+00  3.0000E+00  9.5000E+00  2.0000E+00  0.0000E+00  0.0000E+00  1.6182E+01 -1.3019E+00 -1.5681E+00  9.5000E+00  2.0729E+01 -1.1229E+01 -1.4617E+00
  3.1000E+01  9.6000E+01  0.0000E+00  2.0000E+00  1.6620E+00  1.0000E+00  0.0000E+00  0.0000E+00  1.4694E+00  1.2940E+00  8.0669E-01  1.6620E+00  1.9508E+00 -2.8879E-01  4.6314E-01
  3.1000E+01  9.6000E+01  0.0000E+00  3.0000E+00  2.3600E+01  2.0000E+00  0.0000E+00  0.0000E+00  2.4425E+01 -1.6066E-01 -2.6807E-01  2.3600E+01  2.6514E+01 -2.9142E+00 -2.5113E-01
  3.1000E+01  1.2000E+02  0.0000E+00  2.0000E+00  7.1600E-01  1.0000E+00  0.0000E+00  0.0000E+00  8.3483E-01 -1.4050E+00 -1.8355E+00  7.1600E-01  1.2153E+00 -4.9931E-01 -1.1101E+00
  3.1000E+01  1.2000E+02  0.0000E+00  3.0000E+00  3.7400E+01  2.0000E+00  0.0000E+00  0.0000E+00  3.5741E+01  3.2312E-01  4.6146E-01  3.7400E+01  3.5646E+01  1.7535E+00  4.1545E-01
  3.1000E+01  1.4400E+02  0.0000E+00  3.0000E+00  4.7400E+01  2.0000E+00  0.0000E+00  0.0000E+00  4.8816E+01 -2.7582E-01  1.4021E-01  4.7400E+01  4.6589E+01  8.1054E-01  7.1778E-02
  3.2000E+01  0.0000E+00  1.0000E+02  1.0000E+00  0.0000E+00  0.0000E+00  1.0000E+00  1.0000E+00  0.0000E+00  0.0000E+00  0.0000E+00  0.0000E+00  0.0000E+00  0.0000E+00  0.0000E+00
  3.2000E+01  0.0000E+00  0.0000E+00  3.0000E+00  9.4500E+01  2.0000E+00  0.0000E+00  0.0000E+00  9.7870E+01 -6.5662E-01 -8.7597E-01  9.4500E+01  1.0138E+02 -6.8774E+00 -8.2194E-01
  3.2000E+01  5.0000E-01  0.0000E+00  2.0000E+00  5.3870E+00  1.0000E+00  0.0000E+00  0.0000E+00  5.1541E+00  4.4598E-01  3.3681E-01  5.3870E+00  6.9291E+00 -1.5421E+00  2.4875E-01
  3.2000E+01  2.0000E+00  0.0000E+00  2.0000E+00  6.6400E+00  1.0000E+00  0.0000E+00  0.0000E+00  8.5580E+00 -2.2122E+00 -2.9678E+00  6.6400E+00  1.1894E+01 -5.2545E+00 -2.2251E+00
  3.2000E+01  6.0000E+00  0.0000E+00  2.0000E+00  9.3860E+00  1.0000E+00  0.0000E+00  0.0000E+00  8.3632E+00  1.2072E+00  4.0933E-01  9.3860E+00  1.1505E+01 -2.1191E+00  1.3700E-01
  3.2000E+01  1.2000E+01  0.0000E+00  2.0000E+00  7.2220E+00  1.0000E+00  0.0000E+00  0.0000E+00  7.6650E+00 -5.7053E-01 -1.2221E+00  7.2220E+00  1.0222E+01 -3.0003E+00 -1.0330E+00
  3.2000E+01  1.2000E+01  0.0000E+00  3.0000E+00  6.2200E+01  2.0000E+00  0.0000E+00  0.0000E+00  6.2143E+01  1.1196E-02 -3.9367E-02  6.2200E+01  6.0581E+01  1.6194E+00 -7.1928E-02
  3.2000E+01  2.4000E+01  0.0000E+00  2.0000E+00  6.4240E+00  1.0000E+00  0.0000E+00  0.0000E+00  6.4382E+00 -2.1843E-02 -4.1614E-01  6.4240E+00  8.0684E+00 -1.6444E+00 -4.1333E-01
  3.2000E+01  2.4000E+01  0.0000E+00  3.0000E+00  4.8500E+01  2.0000E+00  0.0000E+00  0.0000E+00  4.2026E+01  1.2613E+00  1.3987E+00  4.8500E+01  3.8221E+01  1.0279E+01  1.3566E+00
  3.2000E+01  3.6000E+01  0.0000E+00  3.0000E+00  2.8600E+01  2.0000E+00  0.0000E+00  0.0000E+00  3.1414E+01 -5.4818E-01 -2.5715E-01  2.8600E+01  2.6697E+01  1.9025E+00 -2.8577E-01
  3.2000E+01  4.8000E+01  0.0000E+00  2.0000E+00  4.1850E+00  1.0000E+00  0.0000E+00  0.0000E+00  4.5423E+00 -7.7637E-01 -7.9039E-01  4.1850E+00  5.0264E+00 -8.4145E-01 -7.5020E-01
  3.2000E+01  4.8000E+01  0.0000E+00  3.0000E+00  2.1700E+01  2.0000E+00  0.0000E+00  0.0000E+00  2.6396E+01 -9.1489E-01 -5.2423E-01  2.1700E+01  2.1444E+01  2.5555E-01 -5.3768E-01
  3.2000E+01  7.2000E+01  0.0000E+00  2.0000E+00  3.4770E+00  1.0000E+00  0.0000E+00  0.0000E+00  3.2046E+00  8.3891E-01  1.0527E+00  3.4770E+00  3.1314E+00  3.4562E-01  9.9784E-01
  3.2000E+01  7.2000E+01  0.0000E+00  3.0000E+00  2.2800E+01  2.0000E+00  0.0000E+00  0.0000E+00  2.5096E+01 -4.4733E-01 -2.2439E-02  2.2800E+01  2.0729E+01  2.0712E+00 -2.4735E-02
  3.2000E+01  9.6000E+01  0.0000E+00  2.0000E+00  2.0750E+00  1.0000E+00  0.0000E+00  0.0000E+00  2.2609E+00 -8.1166E-01 -4.8729E-01  2.0750E+00  1.9508E+00  1.2421E-01 -4.2665E-01
  3.2000E+01  9.6000E+01  0.0000E+00  3.0000E+00  3.4300E+01  2.0000E+00  0.0000E+00  0.0000E+00  2.9286E+01  9.7674E-01  1.2484E+00  3.4300E+01  2.6514E+01  7.7858E+00  1.2254E+00
  3.2000E+01  1.2000E+02  0.0000E+00  2.0000E+00  1.7250E+00  1.0000E+00  0.0000E+00  0.0000E+00  1.5951E+00  8.0379E-01  1.1553E+00  1.7250E+00  1.2153E+00  5.0969E-01  1.6000E+00
  3.2000E+01  1.2000E+02  0.0000E+00  3.0000E+00  3.4800E+01  2.0000E+00  0.0000E+00  0.0000E+00  3.5908E+01 -2.1576E-01 -2.3689E-01  3.4800E+01  3.5646E+01 -8.4648E-01 -3.0505E-01
  3.2000E+01  1.4400E+02  0.0000E+00  3.0000E+00  4.5900E+01  2.0000E+00  0.0000E+00  0.0000E+00  4.3706E+01  4.2741E-01  3.0932E-02  4.5900E+01  4.6589E+01 -6.8946E-01 -8.7270E-02
  3.3000E+01  0.0000E+00  1.0000E+02  1.0000E+00  0.0000E+00  0.0000E+00  1.0000E+00  1.0000E+00  0.0000E+00  0.0000E+00  0.0000E+00  0.0000E+00  0.0000E+00  0.0000E+00  0.0000E+00
  3.3000E+01  0.0000E+00  0.0000E+00  3.0000E+00  1.0010E+02  2.0000E+00  0.0000E+00  0.0000E+00  9.8717E+01  2.6945E-01 -2.5010E-03  1.0010E+02  1.0138E+02 -1.2774E+00  2.5858E-02
  3.3000E+01  5.0000E-01  0.0000E+00  2.0000E+00  5.1110E+00  1.0000E+00  0.0000E+00  0.0000E+00  5.1693E+00 -1.1134E-01 -7.6427E-01  5.1110E+00  6.9291E+00 -1.8181E+00 -6.6211E-01
  3.3000E+01  2.0000E+00  0.0000E+00  2.0000E+00  1.1185E+01  1.0000E+00  0.0000E+00  0.0000E+00  1.0977E+01  1.8671E-01 -2.1922E-01  1.1185E+01  1.1894E+01 -7.0947E-01 -2.5665E-01
  3.3000E+01  6.0000E+00  0.0000E+00  2.0000E+00  1.1166E+01  1.0000E+00  0.0000E+00  0.0000E+00  1.1508E+01 -2.9296E-01 -2.9325E-01  1.1166E+01  1.1505E+01 -3.3912E-01 -2.1962E-01
  3.3000E+01  1.2000E+01  0.0000E+00  2.0000E+00  9.8290E+00  1.0000E+00  0.0000E+00  0.0000E+00  9.9716E+00 -1.4114E-01 -1.8390E-01  9.8290E+00  1.0222E+01 -3.9330E-01 -1.2708E-01
  3.3000E+01  1.2000E+01  0.0000E+00  3.0000E+00  5.1600E+01  2.0000E+00  0.0000E+00  0.0000E+00  5.8770E+01 -1.3969E+00 -1.4627E+00  5.1600E+01  6.0581E+01 -8.9806E+00 -1.4684E+00
  3.3000E+01  2.4000E+01  0.0000E+00  2.0000E+00  8.0400E+00  1.0000E+00  0.0000E+00  0.0000E+00  7.4493E+00  7.8267E-01  6.3099E-01  8.0400E+00  8.0684E+00 -2.8379E-02  5.9086E-01
  3.3000E+01  2.4000E+01  0.0000E+00  3.0000E+00  3.7200E+01  2.0000E+00  0.0000E+00  0.0000E+00  3.7207E+01 -1.3873E-03 -2.1631E-02  3.7200E+01  3.8221E+01 -1.0209E+00 -3.7593E-02
  3.3000E+01  3.6000E+01  0.0000E+00  3.0000E+00  3.3700E+01  2.0000E+00  0.0000E+00  0.0000E+00  2.6625E+01  1.3783E+00  1.3674E+00  3.3700E+01  2.6697E+01  7.0025E+00  1.3509E+00
  3.3000E+01  4.8000E+01  0.0000E+00  2.0000E+00  4.5060E+00  1.0000E+00  0.0000E+00  0.0000E+00  4.1573E+00  8.2780E-01  5.5577E-01  4.5060E+00  5.0264E+00 -5.2045E-01  4.0076E-01
  3.3000E+01  4.8000E+01  0.0000E+00  3.0000E+00  2.4500E+01  2.0000E+00  0.0000E+00  0.0000E+00  2.2445E+01  4.0037E-01  3.9835E-01  2.4500E+01  2.1444E+01  3.0556E+00  3.8729E-01
  3.3000E+01  7.2000E+01  0.0000E+00  2.0000E+00  2.2080E+00  1.0000E+00  0.0000E+00  0.0000E+00  2.3201E+00 -4.7711E-01 -7.4723E-01  2.2080E+00  3.1314E+00 -9.2338E-01 -5.9648E-01
  3.3000E+01  7.2000E+01  0.0000E+00  3.0000E+00  2.2000E+01  2.0000E+00  0.0000E+00  0.0000E+00  2.4384E+01 -4.6442E-01 -3.9775E-01  2.2000E+01  2.0729E+01  1.2712E+00 -3.8682E-01
  3.3000E+01  9.6000E+01  0.0000E+00  2.0000E+00  1.1070E+00  1.0000E+00  0.0000E+00  0.0000E+00  1.2948E+00 -1.4319E+00 -1.6217E+00  1.1070E+00  1.9508E+00 -8.4379E-01 -1.0031E+00
  3.3000E+01  9.6000E+01  0.0000E+00  3.0000E+00  3.3500E+01  2.0000E+00  0.0000E+00  0.0000E+00  3.3504E+01 -7.4772E-04  2.1140E-01  3.3500E+01  2.6514E+01  6.9858E+00  2.4613E-01
  3.3000E+01  1.2000E+02  0.0000E+00  2.0000E+00  7.8700E-01  1.0000E+00  0.0000E+00  0.0000E+00  7.2263E-01  8.7929E-01  7.8987E-01  7.8700E-01  1.2153E+00 -4.2831E-01  4.9136E-01
  3.3000E+01  1.2000E+02  0.0000E+00  3.0000E+00  4.3600E+01  2.0000E+00  0.0000E+00  0.0000E+00  4.6053E+01 -4.7786E-01 -9.7812E-02  4.3600E+01  3.5646E+01  7.9535E+00 -6.2847E-02
  3.3000E+01  1.4400E+02  0.0000E+00  3.0000E+00  6.1600E+01  2.0000E+00  0.0000E+00  0.0000E+00  5.9407E+01  4.2722E-01  9.1234E-01  6.1600E+01  4.6589E+01  1.5011E+01  9.0053E-01
  3.4000E+01  0.0000E+00  1.0000E+02  1.0000E+00  0.0000E+00  0.0000E+00  1.0000E+00  1.0000E+00  0.0000E+00  0.0000E+00  0.0000E+00  0.0000E+00  0.0000E+00  0.0000E+00  0.0000E+00
  3.4000E+01  0.0000E+00  0.0000E+00  3.0000E+00  8.8400E+01  2.0000E+00  0.0000E+00  0.0000E+00  9.1952E+01 -6.9190E-01 -1.2495E+00  8.8400E+01  1.0138E+02 -1.2977E+01 -1.1722E+00
  3.4000E+01  5.0000E-01  0.0000E+00  2.0000E+00  6.4220E+00  1.0000E+00  0.0000E+00  0.0000E+00  6.2208E+00  3.1926E-01  2.1462E-01  6.4220E+00  6.9291E+00 -5.0705E-01  1.5941E-01
  3.4000E+01  2.0000E+00  0.0000E+00  2.0000E+00  1.0325E+01  1.0000E+00  0.0000E+00  0.0000E+00  1.1508E+01 -1.0145E+00 -1.1222E+00  1.0325E+01  1.1894E+01 -1.5695E+00 -8.0257E-01
  3.4000E+01  6.0000E+00  0.0000E+00  2.0000E+00  1.2894E+01  1.0000E+00  0.0000E+00  0.0000E+00  1.1760E+01  9.5213E-01  9.2582E-01  1.2894E+01  1.1505E+01  1.3889E+00  1.2235E+00
  3.4000E+01  1.2000E+01  0.0000E+00  2.0000E+00  1.1151E+01  1.0000E+00  0.0000E+00  0.0000E+00  1.1017E+01  1.2044E-01  1.9166E-01  1.1151E+01  1.0222E+01  9.2870E-01  3.6559E-01
  3.4000E+01  1.2000E+01  0.0000E+00  3.0000E+00  5.9600E+01  2.0000E+00  0.0000E+00  0.0000E+00  6.0732E+01 -2.2061E-01 -2.2327E-01  5.9600E+01  6.0581E+01 -9.8062E-01 -2.8998E-01
  3.4000E+01  2.4000E+01  0.0000E+00  2.0000E+00  8.8340E+00  1.0000E+00  0.0000E+00  0.0000E+00  9.6634E+00 -8.4717E-01 -6.0536E-01  8.8340E+00  8.0684E+00  7.6562E-01 -8.1483E-01
  3.4000E+01  2.4000E+01  0.0000E+00  3.0000E+00  4.1000E+01  2.0000E+00  0.0000E+00  0.0000E+00  4.0913E+01  1.6941E-02  2.1707E-01  4.1000E+01  3.8221E+01  2.7791E+00  1.3208E-01
  3.4000E+01  3.6000E+01  0.0000E+00  3.0000E+00  3.4700E+01  2.0000E+00  0.0000E+00  0.0000E+00  2.8633E+01  1.1819E+00  1.4037E+00  3.4700E+01  2.6697E+01  8.0025E+00  1.3324E+00
  3.4000E+01  4.8000E+01  0.0000E+00  2.0000E+00  8.5470E+00  1.0000E+00  0.0000E+00  0.0000E+00  7.4352E+00  1.4759E+00  1.9706E+00  8.5470E+00  5.0264E+00  3.5206E+00  2.3137E+00
  3.4000E+01  4.8000E+01  0.0000E+00  3.0000E+00  2.0400E+01  2.0000E+00  0.0000E+00  0.0000E+00  2.1176E+01 -1.5113E-01  2.8165E-03  2.0400E+01  2.1444E+01 -1.0444E+00 -4.4344E-02
  3.4000E+01  7.2000E+01  0.0000E+00  2.0000E+00  5.2450E+00  1.0000E+00  0.0000E+00  0.0000E+00  5.7208E+00 -8.2098E-01 -1.7451E-01  5.2450E+00  3.1314E+00  2.1136E+00 -9.6702E-01
  3.4000E+01  7.2000E+01  0.0000E+00  3.0000E+00  1.0900E+01  2.0000E+00  0.0000E+00  0.0000E+00  1.4471E+01 -6.9566E-01 -7.8530E-01  1.0900E+01  2.0729E+01 -9.8288E+00 -7.4801E-01
  3.4000E+01  9.6000E+01  0.0000E+00  2.0000E+00  4.5930E+00  1.0000E+00  0.0000E+00  0.0000E+00  4.4017E+00  4.2892E-01  1.1471E+00  4.5930E+00  1.9508E+00  2.6422E+00  2.0514E+00
  3.4000E+01  9.6000E+01  0.0000E+00  3.0000E+00  9.8000E+00  2.0000E+00  0.0000E+00  0.0000E+00  1.3304E+01 -6.8256E-01 -1.0730E+00  9.8000E+00  2.6514E+01 -1.6714E+01 -8.9513E-01
  3.4000E+01  1.2000E+02  0.0000E+00  2.0000E+00  3.5390E+00  1.0000E+00  0.0000E+00  0.0000E+00  3.3868E+00  4.4362E-01  1.1732E+00  3.5390E+00  1.2153E+00  2.3237E+00  3.5669E+00
  3.4000E+01  1.2000E+02  0.0000E+00  3.0000E+00  1.7500E+01  2.0000E+00  0.0000E+00  0.0000E+00  1.4690E+01  5.4745E-01 -1.8971E-01  1.7500E+01  3.5646E+01 -1.8146E+01  1.2216E-01
  3.4000E+01  1.4400E+02  0.0000E+00  3.0000E+00  1.4900E+01  2.0000E+00  0.0000E+00  0.0000E+00  1.7454E+01 -4.9765E-01 -1.6412E+00  1.4900E+01  4.6589E+01 -3.1689E+01 -1.3322E+00
  3.5000E+01  0.0000E+00  1.0000E+02  1.0000E+00  0.0000E+00  0.0000E+00  1.0000E+00  1.0000E+00  0.0000E+00  0.0000E+00  0.0000E+00  0.0000E+00  0.0000E+00  0.0000E+00  0.0000E+00
  3.5000E+01  0.0000E+00  0.0000E+00  3.0000E+00  8.6100E+01  2.0000E+00  0.0000E+00  0.0000E+00  8.8769E+01 -5.2000E-01 -1.1655E+00  8.6100E+01  1.0138E+02 -1.5277E+01 -1.0566E+00
  3.5000E+01  5.0000E-01  0.0000E+00  2.0000E+00  1.1860E+01  1.0000E+00  0.0000E+00  0.0000E+00  1.0535E+01  1.2412E+00  2.0806E+00  1.1860E+01  6.9291E+00  4.9309E+00  2.1745E+00
  3.5000E+01  2.0000E+00  0.0000E+00  2.0000E+00  1.0865E+01  1.0000E+00  0.0000E+00  0.0000E+00  1.1392E+01 -4.5699E-01 -6.2998E-01  1.0865E+01  1.1894E+01 -1.0295E+00 -9.3304E-01
  3.5000E+01  6.0000E+00  0.0000E+00  2.0000E+00  9.5450E+00  1.0000E+00  0.0000E+00  0.0000E+00  1.0746E+01 -1.1029E+00 -1.2611E+00  9.5450E+00  1.1505E+01 -1.9601E+00 -8.4689E-01
  3.5000E+01  1.2000E+01  0.0000E+00  2.0000E+00  7.7900E+00  1.0000E+00  0.0000E+00  0.0000E+00  9.8424E+00 -2.0583E+00 -2.1926E+00  7.7900E+00  1.0222E+01 -2.4323E+00 -1.8115E+00
  3.5000E+01  1.2000E+01  0.0000E+00  3.0000E+00  4.1000E+01  2.0000E+00  0.0000E+00  0.0000E+00  4.2399E+01 -2.7259E-01 -1.0286E+00  4.1000E+01  6.0581E+01 -1.9581E+01 -1.0485E+00
  3.5000E+01  2.4000E+01  0.0000E+00  2.0000E+00  8.7220E+00  1.0000E+00  0.0000E+00  0.0000E+00  8.2573E+00  5.5544E-01  4.5814E-01  8.7220E+00  8.0684E+00  6.5362E-01  6.5282E-01
  3.5000E+01  2.4000E+01  0.0000E+00  3.0000E+00  2.1200E+01  2.0000E+00  0.0000E+00  0.0000E+00  2.1783E+01 -1.1366E-01 -7.1689E-01  2.1200E+01  3.8221E+01 -1.7021E+01 -6.4791E-01
  3.5000E+01  3.6000E+01  0.0000E+00  3.0000E+00  1.2600E+01  2.0000E+00  0.0000E+00  0.0000E+00  1.2944E+01 -6.7097E-02 -5.2978E-01  1.2600E+01  2.6697E+01 -1.4097E+01 -3.7402E-01
  3.5000E+01  4.8000E+01  0.0000E+00  2.0000E+00  7.1190E+00  1.0000E+00  0.0000E+00  0.0000E+00  5.8119E+00  2.2199E+00  2.1622E+00  7.1190E+00  5.0264E+00  2.0926E+00  2.4842E+00
  3.5000E+01  4.8000E+01  0.0000E+00  3.0000E+00  6.9000E+00  2.0000E+00  0.0000E+00  0.0000E+00  9.5031E+00 -5.0712E-01 -8.9079E-01  6.9000E+00  2.1444E+01 -1.4544E+01 -6.8280E-01
  3.5000E+01  7.2000E+01  0.0000E+00  2.0000E+00  3.7670E+00  1.0000E+00  0.0000E+00  0.0000E+00  4.0907E+00 -7.8101E-01 -8.3005E-01  3.7670E+00  3.1314E+00  6.3562E-01 -1.0171E+00
  3.5000E+01  7.2000E+01  0.0000E+00  3.0000E+00  4.0000E+00  2.0000E+00  0.0000E+00  0.0000E+00  8.9144E+00 -9.5741E-01 -1.3369E+00  4.0000E+00  2.0729E+01 -1.6729E+01 -1.0670E+00
  3.5000E+01  9.6000E+01  0.0000E+00  2.0000E+00  2.6340E+00  1.0000E+00  0.0000E+00  0.0000E+00  2.8792E+00 -8.4061E-01 -8.9703E-01  2.6340E+00  1.9508E+00  6.8321E-01 -1.0675E+00
  3.5000E+01  9.6000E+01  0.0000E+00  3.0000E+00  1.0400E+01  2.0000E+00  0.0000E+00  0.0000E+00  1.1332E+01 -1.8148E-01 -6.7991E-01  1.0400E+01  2.6514E+01 -1.6114E+01 -3.3440E-01
  3.5000E+01  1.2000E+02  0.0000E+00  2.0000E+00  2.0920E+00  1.0000E+00  0.0000E+00  0.0000E+00  2.0265E+00  3.1898E-01  2.4855E-01  2.0920E+00  1.2153E+00  8.7669E-01  7.7186E-01
  3.5000E+01  1.2000E+02  0.0000E+00  3.0000E+00  4.4000E+00  2.0000E+00  0.0000E+00  0.0000E+00  1.5099E+01 -2.0843E+00 -2.7735E+00  4.4000E+00  3.5646E+01 -3.1246E+01 -2.3703E+00
  3.5000E+01  1.4400E+02  0.0000E+00  3.0000E+00  2.4800E+01  2.0000E+00  0.0000E+00  0.0000E+00  1.9955E+01  9.4382E-01  1.3218E-02  2.4800E+01  4.6589E+01 -2.1789E+01  3.6055E-01
  3.6000E+01  0.0000E+00  1.0000E+02  1.0000E+00  0.0000E+00  0.0000E+00  1.0000E+00  1.0000E+00  0.0000E+00  0.0000E+00  0.0000E+00  0.0000E+00  0.0000E+00  0.0000E+00  0.0000E+00
  3.6000E+01  0.0000E+00  0.0000E+00  3.0000E+00  1.0870E+02  2.0000E+00  0.0000E+00  0.0000E+00  1.0957E+02 -1.7003E-01  1.4137E-01  1.0870E+02  1.0138E+02  7.3226E+00  4.2399E-01
  3.6000E+01  5.0000E-01  0.0000E+00  2.0000E+00  8.9640E+00  1.0000E+00  0.0000E+00  0.0000E+00  8.9790E+00 -1.6510E-02  2.0663E-01  8.9640E+00  6.9291E+00  2.0349E+00  1.3370E-01
  3.6000E+01  2.0000E+00  0.0000E+00  2.0000E+00  1.5920E+01  1.0000E+00  0.0000E+00  0.0000E+00  1.4194E+01  1.2004E+00  1.3316E+00  1.5920E+01  1.1894E+01  4.0255E+00  1.6327E+00
  3.6000E+01  6.0000E+00  0.0000E+00  2.0000E+00  1.3868E+01  1.0000E+00  0.0000E+00  0.0000E+00  1.3273E+01  4.4219E-01  5.2364E-01  1.3868E+01  1.1505E+01  2.3629E+00  7.1046E-01
  3.6000E+01  1.2000E+01  0.0000E+00  2.0000E+00  1.2123E+01  1.0000E+00  0.0000E+00  0.0000E+00  1.1518E+01  5.1865E-01  5.9899E-01  1.2123E+01  1.0222E+01  1.9007E+00  7.2454E-01
  3.6000E+01  1.2000E+01  0.0000E+00  3.0000E+00  7.9000E+01  2.0000E+00  0.0000E+00  0.0000E+00  7.9392E+01 -7.6331E-02  5.7155E-01  7.9000E+01  6.0581E+01  1.8419E+01  3.5165E-01
  3.6000E+01  2.4000E+01  0.0000E+00  2.0000E+00  7.7860E+00  1.0000E+00  0.0000E+00  0.0000E+00  8.6722E+00 -1.0086E+00 -8.9496E-01  7.7860E+00  8.0684E+00 -2.8238E-01 -1.0015E+00
  3.6000E+01  2.4000E+01  0.0000E+00  3.0000E+00  6.1600E+01  2.0000E+00  0.0000E+00  0.0000E+00  5.8599E+01  5.8466E-01  1.3299E+00  6.1600E+01  3.8221E+01  2.3379E+01  1.2311E+00
  3.6000E+01  3.6000E+01  0.0000E+00  3.0000E+00  5.1100E+01  2.0000E+00  0.0000E+00  0.0000E+00  4.4784E+01  1.2305E+00  1.9389E+00  5.1100E+01  2.6697E+01  2.4403E+01  2.0396E+00
  3.6000E+01  4.8000E+01  0.0000E+00  2.0000E+00  4.7370E+00  1.0000E+00  0.0000E+00  0.0000E+00  4.9164E+00 -3.6014E-01 -1.0561E-01  4.7370E+00  5.0264E+00 -2.8945E-01 -2.7641E-01
  3.6000E+01  4.8000E+01  0.0000E+00  3.0000E+00  3.5800E+01  2.0000E+00  0.0000E+00  0.0000E+00  3.6076E+01 -5.3696E-02  5.5421E-01  3.5800E+01  2.1444E+01  1.4356E+01  7.7288E-01
  3.6000E+01  7.2000E+01  0.0000E+00  2.0000E+00  2.3500E+00  1.0000E+00  0.0000E+00  0.0000E+00  2.7872E+00 -1.5482E+00 -1.1597E+00  2.3500E+00  3.1314E+00 -7.8138E-01 -1.1231E+00
  3.6000E+01  7.2000E+01  0.0000E+00  3.0000E+00  2.3200E+01  2.0000E+00  0.0000E+00  0.0000E+00  2.9223E+01 -1.1735E+00 -8.0919E-01  2.3200E+01  2.0729E+01  2.4712E+00 -6.0820E-01
  3.6000E+01  9.6000E+01  0.0000E+00  2.0000E+00  1.7470E+00  1.0000E+00  0.0000E+00  0.0000E+00  1.5801E+00  1.0427E+00  1.4885E+00  1.7470E+00  1.9508E+00 -2.0379E-01  1.1052E+00
  3.6000E+01  9.6000E+01  0.0000E+00  3.0000E+00  3.4300E+01  2.0000E+00  0.0000E+00  0.0000E+00  3.1773E+01  4.9236E-01  6.6632E-01  3.4300E+01  2.6514E+01  7.7858E+00  7.1421E-01
  3.6000E+01  1.2000E+02  0.0000E+00  2.0000E+00  9.3800E-01  1.0000E+00  0.0000E+00  0.0000E+00  8.9577E-01  4.6533E-01  8.8716E-01  9.3800E-01  1.2153E+00 -2.7731E-01  8.1210E-01
  3.6000E+01  1.2000E+02  0.0000E+00  3.0000E+00  2.9300E+01  2.0000E+00  0.0000E+00  0.0000E+00  4.0327E+01 -2.1482E+00 -2.0713E+00  2.9300E+01  3.5646E+01 -6.3465E+00 -2.1515E+00
  3.6000E+01  1.4400E+02  0.0000E+00  3.0000E+00  6.1600E+01  2.0000E+00  0.0000E+00  0.0000E+00  5.2307E+01  1.8105E+00  1.8719E+00  6.1600E+01  4.6589E+01  1.5011E+01  1.7310E+00
  3.7000E+01  0.0000E+00  1.0000E+02  1.0000E+00  0.0000E+00  0.0000E+00  1.0000E+00  1.0000E+00  0.0000E+00  0.0000E+00  0.0000E+00  0.0000E+00  0.0000E+00  0.0000E+00  0.0000E+00
  3.7000E+01  0.0000E+00  0.0000E+00  3.0000E+00  9.8500E+01  2.0000E+00  0.0000E+00  0.0000E+00  1.0118E+02 -5.2299E-01 -5.2154E-01  9.8500E+01  1.0138E+02 -2.8774E+00 -5.0004E-01
  3.7000E+01  5.0000E-01  0.0000E+00  2.0000E+00  1.2355E+01  1.0000E+00  0.0000E+00  0.0000E+00  1.1801E+01  4.6310E-01  1.3825E+00  1.2355E+01  6.9291E+00  5.4259E+00  1.3615E+00
  3.7000E+01  2.0000E+00  0.0000E+00  2.0000E+00  1.6938E+01  1.0000E+00  0.0000E+00  0.0000E+00  1.4835E+01  1.3989E+00  1.7483E+00  1.6938E+01  1.1894E+01  5.0435E+00  1.8312E+00
  3.7000E+01  6.0000E+00  0.0000E+00  2.0000E+00  1.2471E+01  1.0000E+00  0.0000E+00  0.0000E+00  1.3748E+01 -9.1695E-01 -6.0003E-01  1.2471E+01  1.1505E+01  9.6588E-01 -5.5366E-01
  3.7000E+01  1.2000E+01  0.0000E+00  2.0000E+00  1.2172E+01  1.0000E+00  0.0000E+00  0.0000E+00  1.2213E+01 -3.3491E-02  2.7942E-01  1.2172E+01  1.0222E+01  1.9497E+00  4.7739E-01
  3.7000E+01  1.2000E+01  0.0000E+00  3.0000E+00  6.6900E+01  2.0000E+00  0.0000E+00  0.0000E+00  6.3526E+01  6.5729E-01  7.6875E-01  6.6900E+01  6.0581E+01  6.3194E+00  7.4083E-01
  3.7000E+01  2.4000E+01  0.0000E+00  2.0000E+00  9.5740E+00  1.0000E+00  0.0000E+00  0.0000E+00  9.6388E+00 -6.6407E-02  2.4036E-01  9.5740E+00  8.0684E+00  1.5056E+00  4.0321E-01
  3.7000E+01  2.4000E+01  0.0000E+00  3.0000E+00  4.7900E+01  2.0000E+00  0.0000E+00  0.0000E+00  4.1599E+01  1.2275E+00  1.3657E+00  4.7900E+01  3.8221E+01  9.6791E+00  1.3368E+00
  3.7000E+01  3.6000E+01  0.0000E+00  3.0000E+00  2.1400E+01  2.0000E+00  0.0000E+00  0.0000E+00  2.9377E+01 -1.5540E+00 -1.4322E+00  2.1400E+01  2.6697E+01 -5.2975E+00 -1.4492E+00
  3.7000E+01  4.8000E+01  0.0000E+00  2.0000E+00  6.1420E+00  1.0000E+00  0.0000E+00  0.0000E+00  6.0034E+00  2.2783E-01  5.1635E-01  6.1420E+00  5.0264E+00  1.1156E+00  6.5711E-01
  3.7000E+01  4.8000E+01  0.0000E+00  3.0000E+00  2.0200E+01  2.0000E+00  0.0000E+00  0.0000E+00  2.3124E+01 -5.6958E-01 -4.7996E-01  2.0200E+01  2.1444E+01 -1.2444E+00 -4.8744E-01
  3.7000E+01  7.2000E+01  0.0000E+00  2.0000E+00  3.7660E+00  1.0000E+00  0.0000E+00  0.0000E+00  3.7392E+00  7.0862E-02  3.2017E-01  3.7660E+00  3.1314E+00  6.3462E-01  3.5565E-01
  3.7000E+01  7.2000E+01  0.0000E+00  3.0000E+00  2.3300E+01  2.0000E+00  0.0000E+00  0.0000E+00  2.0593E+01  5.2731E-01  5.4363E-01  2.3300E+01  2.0729E+01  2.5712E+00  5.4263E-01
  3.7000E+01  9.6000E+01  0.0000E+00  2.0000E+00  2.4000E+00  1.0000E+00  0.0000E+00  0.0000E+00  2.3289E+00  3.0141E-01  4.9090E-01  2.4000E+00  1.9508E+00  4.4921E-01  4.7250E-01
  3.7000E+01  9.6000E+01  0.0000E+00  3.0000E+00  2.6100E+01  2.0000E+00  0.0000E+00  0.0000E+00  2.5108E+01  1.9329E-01  1.3690E-01  2.6100E+01  2.6514E+01 -4.1424E-01  1.3654E-01
  3.7000E+01  1.2000E+02  0.0000E+00  2.0000E+00  1.4760E+00  1.0000E+00  0.0000E+00  0.0000E+00  1.4505E+00  1.7343E-01  2.9200E-01  1.4760E+00  1.2153E+00  2.6069E-01  1.9920E-01
  3.7000E+01  1.2000E+02  0.0000E+00  3.0000E+00  3.4700E+01  2.0000E+00  0.0000E+00  0.0000E+00  3.3403E+01  2.5259E-01  1.2363E-01  3.4700E+01  3.5646E+01 -9.4648E-01  1.2779E-01
  3.7000E+01  1.4400E+02  0.0000E+00  3.0000E+00  4.3100E+01  2.0000E+00  0.0000E+00  0.0000E+00  4.3861E+01 -1.4827E-01 -3.4435E-01  4.3100E+01  4.6589E+01 -3.4895E+00 -3.2975E-01
  3.8000E+01  0.0000E+00  1.0000E+02  1.0000E+00  0.0000E+00  0.0000E+00  1.0000E+00  1.0000E+00  0.0000E+00  0.0000E+00  0.0000E+00  0.0000E+00  0.0000E+00  0.0000E+00  0.0000E+00
  3.8000E+01  0.0000E+00  0.0000E+00  3.0000E+00  9.3900E+01  2.0000E+00  0.0000E+00  0.0000E+00  9.8407E+01 -8.7798E-01 -1.2694E+00  9.3900E+01  1.0138E+02 -7.4774E+00 -1.0709E+00
  3.8000E+01  5.0000E-01  0.0000E+00  2.0000E+00  1.1662E+01  1.0000E+00  0.0000E+00  0.0000E+00  1.1308E+01  3.0895E-01  1.0793E+00  1.1662E+01  6.9291E+00  4.7329E+00  1.1112E+00
  3.8000E+01  2.0000E+00  0.0000E+00  2.0000E+00  1.6668E+01  1.0000E+00  0.0000E+00  0.0000E+00  1.5191E+01  9.5949E-01  1.4021E+00  1.6668E+01  1.1894E+01  4.7735E+00  1.6091E+00
  3.8000E+01  6.0000E+00  0.0000E+00  2.0000E+00  1.4366E+01  1.0000E+00  0.0000E+00  0.0000E+00  1.3727E+01  4.5930E-01  7.3475E-01  1.4366E+01  1.1505E+01  2.8609E+00  1.0303E+00
  3.8000E+01  1.2000E+01  0.0000E+00  2.0000E+00  1.0932E+01  1.0000E+00  0.0000E+00  0.0000E+00  1.1666E+01 -6.2096E-01 -5.1222E-01  1.0932E+01  1.0222E+01  7.0970E-01 -4.5979E-01
  3.8000E+01  1.2000E+01  0.0000E+00  3.0000E+00  7.4600E+01  2.0000E+00  0.0000E+00  0.0000E+00  6.8716E+01  1.1462E+00  1.3960E+00  7.4600E+01  6.0581E+01  1.4019E+01  1.2174E+00
  3.8000E+01  2.4000E+01  0.0000E+00  2.0000E+00  8.7780E+00  1.0000E+00  0.0000E+00  0.0000E+00  8.4253E+00  4.1316E-01  2.8530E-01  8.7780E+00  8.0684E+00  7.0962E-01  2.8319E-01
  3.8000E+01  2.4000E+01  0.0000E+00  3.0000E+00  5.2600E+01  2.0000E+00  0.0000E+00  0.0000E+00  4.8909E+01  7.1914E-01  1.1966E+00  5.2600E+01  3.8221E+01  1.4379E+01  1.0311E+00
  3.8000E+01  3.6000E+01  0.0000E+00  3.0000E+00  3.4100E+01  2.0000E+00  0.0000E+00  0.0000E+00  3.6130E+01 -3.9539E-01  8.1946E-02  3.4100E+01  2.6697E+01  7.4025E+00  6.3125E-03
  3.8000E+01  4.8000E+01  0.0000E+00  2.0000E+00  3.6150E+00  1.0000E+00  0.0000E+00  0.0000E+00  4.3947E+00 -1.7512E+00 -2.0639E+00  3.6150E+00  5.0264E+00 -1.4114E+00 -2.0072E+00
  3.8000E+01  4.8000E+01  0.0000E+00  3.0000E+00  2.7400E+01  2.0000E+00  0.0000E+00  0.0000E+00  2.8363E+01 -1.8754E-01  1.8529E-01  2.7400E+01  2.1444E+01  5.9556E+00  1.7547E-01
  3.8000E+01  7.2000E+01  0.0000E+00  2.0000E+00  2.3820E+00  1.0000E+00  0.0000E+00  0.0000E+00  2.2923E+00  3.8643E-01  8.5356E-02  2.3820E+00  3.1314E+00 -7.4938E-01 -2.1089E-01
  3.8000E+01  7.2000E+01  0.0000E+00  3.0000E+00  1.9800E+01  2.0000E+00  0.0000E+00  0.0000E+00  2.2998E+01 -6.2300E-01 -5.0491E-01  1.9800E+01  2.0729E+01 -9.2885E-01 -4.8984E-01
  3.8000E+01  9.6000E+01  0.0000E+00  2.0000E+00  1.3200E+00  1.0000E+00  0.0000E+00  0.0000E+00  1.1956E+00  1.0266E+00  7.8257E-01  1.3200E+00  1.9508E+00 -6.3079E-01  3.8263E-01
  3.8000E+01  9.6000E+01  0.0000E+00  3.0000E+00  2.5300E+01  2.0000E+00  0.0000E+00  0.0000E+00  2.6718E+01 -2.7629E-01 -2.5810E-01  2.5300E+01  2.6514E+01 -1.2142E+00 -2.8225E-01
  3.8000E+01  1.2000E+02  0.0000E+00  2.0000E+00  5.8700E-01  1.0000E+00  0.0000E+00  0.0000E+00  6.2365E-01 -5.8006E-01 -7.7114E-01  5.8700E-01  1.2153E+00 -6.2831E-01 -1.0523E-03
  3.8000E+01  1.2000E+02  0.0000E+00  3.0000E+00  3.7200E+01  2.0000E+00  0.0000E+00  0.0000E+00  3.6377E+01  1.6025E-01  2.9491E-01  3.7200E+01  3.5646E+01  1.5535E+00  2.3875E-01
  3.8000E+01  1.4400E+02  0.0000E+00  3.0000E+00  4.8000E+01  2.0000E+00  0.0000E+00  0.0000E+00  4.9251E+01 -2.4380E-01  1.0753E-01  4.8000E+01  4.6589E+01  1.4105E+00  6.1378E-02
  3.9000E+01  0.0000E+00  1.0000E+02  1.0000E+00  0.0000E+00  0.0000E+00  1.0000E+00  1.0000E+00  0.0000E+00  0.0000E+00  0.0000E+00  0.0000E+00  0.0000E+00  0.0000E+00  0.0000E+00
  3.9000E+01  0.0000E+00  0.0000E+00  3.0000E+00  1.0060E+02  2.0000E+00  0.0000E+00  0.0000E+00  1.0045E+02  2.8484E-02 -6.1611E-02  1.0060E+02  1.0138E+02 -7.7741E-01 -3.6344E-02
  3.9000E+01  5.0000E-01  0.0000E+00  2.0000E+00  7.9030E+00  1.0000E+00  0.0000E+00  0.0000E+00  7.8278E+00  9.4809E-02  5.5665E-02  7.9030E+00  6.9291E+00  9.7395E-01  7.4127E-02
  3.9000E+01  2.0000E+00  0.0000E+00  2.0000E+00  1.3385E+01  1.0000E+00  0.0000E+00  0.0000E+00  1.3139E+01  1.8478E-01  3.2873E-01  1.3385E+01  1.1894E+01  1.4905E+00  5.5521E-01
  3.9000E+01  6.0000E+00  0.0000E+00  2.0000E+00  1.0701E+01  1.0000E+00  0.0000E+00  0.0000E+00  1.2324E+01 -1.2998E+00 -1.1507E+00  1.0701E+01  1.1505E+01 -8.0412E-01 -1.0321E+00
  3.9000E+01  1.2000E+01  0.0000E+00  2.0000E+00  1.0793E+01  1.0000E+00  0.0000E+00  0.0000E+00  1.0508E+01  2.6802E-01  3.6559E-01  1.0793E+01  1.0222E+01  5.7070E-01  4.5871E-01
  3.9000E+01  1.2000E+01  0.0000E+00  3.0000E+00  4.9600E+01  2.0000E+00  0.0000E+00  0.0000E+00  4.8003E+01  3.1113E-01 -2.9472E-01  4.9600E+01  6.0581E+01 -1.0981E+01 -3.7047E-01
  3.9000E+01  2.4000E+01  0.0000E+00  2.0000E+00  8.3440E+00  1.0000E+00  0.0000E+00  0.0000E+00  7.6378E+00  9.1269E-01  9.1250E-01  8.3440E+00  8.0684E+00  2.7562E-01  7.8143E-01
  3.9000E+01  2.4000E+01  0.0000E+00  3.0000E+00  2.1100E+01  2.0000E+00  0.0000E+00  0.0000E+00  2.6635E+01 -1.0782E+00 -1.5729E+00  2.1100E+01  3.8221E+01 -1.7121E+01 -1.5266E+00
  3.9000E+01  3.6000E+01  0.0000E+00  3.0000E+00  2.4000E+01  2.0000E+00  0.0000E+00  0.0000E+00  1.9402E+01  8.9580E-01  6.1148E-01  2.4000E+01  2.6697E+01 -2.6975E+00  7.4250E-01
  3.9000E+01  4.8000E+01  0.0000E+00  2.0000E+00  4.1630E+00  1.0000E+00  0.0000E+00  0.0000E+00  4.0354E+00  3.1212E-01  1.4063E-01  4.1630E+00  5.0264E+00 -8.6345E-01 -1.3290E-01
  3.9000E+01  4.8000E+01  0.0000E+00  3.0000E+00  1.1500E+01  2.0000E+00  0.0000E+00  0.0000E+00  1.8741E+01 -1.4106E+00 -1.5102E+00  1.1500E+01  2.1444E+01 -9.9444E+00 -1.3542E+00
  3.9000E+01  7.2000E+01  0.0000E+00  2.0000E+00  2.2360E+00  1.0000E+00  0.0000E+00  0.0000E+00  2.1321E+00  4.8105E-01  1.9006E-01  2.2360E+00  3.1314E+00 -8.9538E-01 -1.1609E-01
  3.9000E+01  7.2000E+01  0.0000E+00  3.0000E+00  2.2500E+01  2.0000E+00  0.0000E+00  0.0000E+00  2.6151E+01 -7.1135E-01 -5.2731E-01  2.2500E+01  2.0729E+01  1.7712E+00 -3.7720E-01
  3.9000E+01  9.6000E+01  0.0000E+00  2.0000E+00  1.1310E+00  1.0000E+00  0.0000E+00  0.0000E+00  1.1265E+00  3.9556E-02 -3.0394E-01  1.1310E+00  1.9508E+00 -8.1979E-01 -2.5442E-01
  3.9000E+01  9.6000E+01  0.0000E+00  3.0000E+00  4.9100E+01  2.0000E+00  0.0000E+00  0.0000E+00  3.9180E+01  1.9326E+00  2.3543E+00  4.9100E+01  2.6514E+01  2.2586E+01  2.5329E+00
  3.9000E+01  1.2000E+02  0.0000E+00  2.0000E+00  5.7600E-01  1.0000E+00  0.0000E+00  0.0000E+00  5.9518E-01 -3.1802E-01 -6.5772E-01  5.7600E-01  1.2153E+00 -6.3931E-01 -1.2069E-01
  3.9000E+01  1.2000E+02  0.0000E+00  3.0000E+00  5.4400E+01  2.0000E+00  0.0000E+00  0.0000E+00  5.4448E+01 -9.3490E-03  5.8275E-01  5.4400E+01  3.5646E+01  1.8754E+01  7.6648E-01
  3.9000E+01  1.4400E+02  0.0000E+00  3.0000E+00  6.5800E+01  2.0000E+00  0.0000E+00  0.0000E+00  6.8983E+01 -6.2001E-01  1.0856E-02  6.5800E+01  4.6589E+01  1.9211E+01  5.4411E-02
  4.0000E+01  0.0000E+00  1.0000E+02  1.0000E+00  0.0000E+00  0.0000E+00  1.0000E+00  1.0000E+00  0.0000E+00  0.0000E+00  0.0000E+00  0.0000E+00  0.0000E+00  0.0000E+00  0.0000E+00
  4.0000E+01  0.0000E+00  0.0000E+00  3.0000E+00  9.4100E+01  2.0000E+00  0.0000E+00  0.0000E+00  9.5313E+01 -2.3637E-01 -1.0914E+00  9.4100E+01  1.0138E+02 -7.2774E+00 -7.6004E-01
  4.0000E+01  5.0000E-01  0.0000E+00  2.0000E+00  6.8720E+00  1.0000E+00  0.0000E+00  0.0000E+00  6.5686E+00  4.5595E-01  3.4677E-01  6.8720E+00  6.9291E+00 -5.7054E-02  2.5000E-01
  4.0000E+01  2.0000E+00  0.0000E+00  2.0000E+00  9.3880E+00  1.0000E+00  0.0000E+00  0.0000E+00  1.1784E+01 -2.0068E+00 -2.0135E+00  9.3880E+00  1.1894E+01 -2.5065E+00 -1.5373E+00
  4.0000E+01  6.0000E+00  0.0000E+00  2.0000E+00  1.0469E+01  1.0000E+00  0.0000E+00  0.0000E+00  1.0748E+01 -2.5612E-01 -3.8585E-01  1.0469E+01  1.1505E+01 -1.0361E+00  9.2178E-03
  4.0000E+01  1.2000E+01  0.0000E+00  2.0000E+00  9.0180E+00  1.0000E+00  0.0000E+00  0.0000E+00  8.4250E+00  6.9477E-01  2.7672E-01  9.0180E+00  1.0222E+01 -1.2043E+00  2.9172E-01
  4.0000E+01  1.2000E+01  0.0000E+00  3.0000E+00  4.6300E+01  2.0000E+00  0.0000E+00  0.0000E+00  4.7504E+01 -2.3456E-01 -7.1131E-01  4.6300E+01  6.0581E+01 -1.4281E+01 -8.0582E-01
  4.0000E+01  2.4000E+01  0.0000E+00  2.0000E+00  4.6060E+00  1.0000E+00  0.0000E+00  0.0000E+00  5.1735E+00 -1.0827E+00 -1.9564E+00  4.6060E+00  8.0684E+00 -3.4624E+00 -1.6527E+00
  4.0000E+01  2.4000E+01  0.0000E+00  3.0000E+00  2.1100E+01  2.0000E+00  0.0000E+00  0.0000E+00  2.6746E+01 -1.1000E+00 -1.4716E+00  2.1100E+01  3.8221E+01 -1.7121E+01 -1.5681E+00
  4.0000E+01  3.6000E+01  0.0000E+00  3.0000E+00  2.3900E+01  2.0000E+00  0.0000E+00  0.0000E+00  1.9662E+01  8.2556E-01  5.1492E-01  2.3900E+01  2.6697E+01 -2.7975E+00  4.5811E-01
  4.0000E+01  4.8000E+01  0.0000E+00  2.0000E+00  2.1970E+00  1.0000E+00  0.0000E+00  0.0000E+00  1.9508E+00  1.2457E+00 -1.1162E-01  2.1970E+00  5.0264E+00 -2.8294E+00 -8.1251E-01
  4.0000E+01  4.8000E+01  0.0000E+00  3.0000E+00  2.3100E+01  2.0000E+00  0.0000E+00  0.0000E+00  1.9962E+01  6.1141E-01  4.4816E-01  2.3100E+01  2.1444E+01  1.6556E+00  4.1513E-01
  4.0000E+01  7.2000E+01  0.0000E+00  2.0000E+00  7.6800E-01  1.0000E+00  0.0000E+00  0.0000E+00  7.3560E-01  4.3475E-01 -9.6319E-01  7.6800E-01  3.1314E+00 -2.3634E+00 -6.2696E-01
  4.0000E+01  7.2000E+01  0.0000E+00  3.0000E+00  2.5100E+01  2.0000E+00  0.0000E+00  0.0000E+00  3.2757E+01 -1.4918E+00 -9.2821E-01  2.5100E+01  2.0729E+01  4.3712E+00 -8.8365E-01
  4.0000E+01  9.6000E+01  0.0000E+00  2.0000E+00  2.7800E-01  1.0000E+00  0.0000E+00  0.0000E+00  2.7738E-01  2.2149E-02 -1.1339E+00  2.7800E-01  1.9508E+00 -1.6728E+00  2.6310E-01
  4.0000E+01  9.6000E+01  0.0000E+00  3.0000E+00  5.3800E+01  2.0000E+00  0.0000E+00  0.0000E+00  5.3108E+01  1.3486E-01  1.5099E+00  5.3800E+01  2.6514E+01  2.7286E+01  1.7900E+00
  4.0000E+01  1.2000E+02  0.0000E+00  2.0000E+00  9.6000E-02  1.0000E+00  0.0000E+00  0.0000E+00  1.0459E-01 -8.1089E-01 -1.6202E+00  9.6000E-02  1.2153E+00 -1.1193E+00  1.3256E+00
  4.0000E+01  1.2000E+02  0.0000E+00  3.0000E+00  7.1900E+01  2.0000E+00  0.0000E+00  0.0000E+00  7.1818E+01  1.5998E-02  1.4092E+00  7.1900E+01  3.5646E+01  3.6254E+01  1.8202E+00
  4.0000E+01  1.4400E+02  0.0000E+00  3.0000E+00  8.6100E+01  2.0000E+00  0.0000E+00  0.0000E+00  8.4034E+01  4.0254E-01  1.1632E+00  8.6100E+01  4.6589E+01  3.9511E+01  1.0734E+00
