TABLE NO.  1
 ID          TIME        AMT         DV          MDV         EVID        CL          V1          Q2          V2          Q3          V3          IPRE        IWRE        CWRES       DV          PRED        RES         WRES
  1.0000E+00  0.0000E+00  1.0000E+02  0.0000E+00  1.0000E+00  1.0000E+00  1.4954E+00  1.8764E+01  8.3242E+00  1.0408E+02  1.9026E+00  1.1033E+03  5.3293E+00 -9.1347E+00  0.0000E+00  0.0000E+00  4.9882E+00  0.0000E+00  0.0000E+00
  1.0000E+00  2.5000E-01  0.0000E+00  4.0220E+00  0.0000E+00  0.0000E+00  1.4954E+00  1.8764E+01  8.3242E+00  1.0408E+02  1.9026E+00  1.1033E+03  4.5640E+00 -1.0847E+00 -8.6752E-01  4.0220E+00  4.2708E+00 -2.4884E-01 -8.6914E-01
  1.0000E+00  5.0000E-01  0.0000E+00  4.2370E+00  0.0000E+00  0.0000E+00  1.4954E+00  1.8764E+01  8.3242E+00  1.0408E+02  1.9026E+00  1.1033E+03  3.9186E+00  7.4179E-01  9.1101E-01  4.2370E+00  3.6700E+00  5.6696E-01  9.9715E-01
  1.0000E+00  1.0000E+00  0.0000E+00  3.2910E+00  0.0000E+00  0.0000E+00  1.4954E+00  1.8764E+01  8.3242E+00  1.0408E+02  1.9026E+00  1.1033E+03  2.9151E+00  1.1765E+00  1.2599E+00  3.2910E+00  2.7449E+00  5.4614E-01  1.3353E+00
  1.0000E+00  2.0000E+00  0.0000E+00  1.4890E+00  0.0000E+00  0.0000E+00  1.4954E+00  1.8764E+01  8.3242E+00  1.0408E+02  1.9026E+00  1.1033E+03  1.6920E+00 -1.0909E+00 -1.1467E+00  1.4890E+00  1.6359E+00 -1.4687E-01 -1.2028E+00
  1.0000E+00  4.0000E+00  0.0000E+00  7.4000E-01  0.0000E+00  0.0000E+00  1.4954E+00  1.8764E+01  8.3242E+00  1.0408E+02  1.9026E+00  1.1033E+03  7.5193E-01 -1.4138E-01 -4.6067E-01  7.4000E-01  7.9778E-01 -5.7778E-02 -3.7653E-01
  1.0000E+00  6.0000E+00  0.0000E+00  5.4100E-01  0.0000E+00  0.0000E+00  1.4954E+00  1.8764E+01  8.3242E+00  1.0408E+02  1.9026E+00  1.1033E+03  4.9955E-01  7.1699E-01  2.3165E-01  5.4100E-01  5.6226E-01 -2.1260E-02  5.0483E-01
  1.0000E+00  8.0000E+00  0.0000E+00  3.9000E-01  0.0000E+00  0.0000E+00  1.4954E+00  1.8764E+01  8.3242E+00  1.0408E+02  1.9026E+00  1.1033E+03  4.2292E-01 -6.5911E-01 -1.1459E+00  3.9000E-01  4.7352E-01 -8.3521E-02 -5.5420E-01
  1.0000E+00  1.2000E+01  0.0000E+00  3.0800E-01  0.0000E+00  0.0000E+00  1.4954E+00  1.8764E+01  8.3242E+00  1.0408E+02  1.9026E+00  1.1033E+03  3.7231E-01 -1.4332E+00 -1.7383E+00  3.0800E-01  3.8353E-01 -7.5534E-02 -1.2417E+00
  1.0000E+00  2.4000E+01  0.0000E+00  3.0600E-01  0.0000E+00  0.0000E+00  1.4954E+00  1.8764E+01  8.3242E+00  1.0408E+02  1.9026E+00  1.1033E+03  2.9147E-01  3.9255E-01  6.5816E-01  3.0600E-01  2.2258E-01  8.3417E-02  6.0323E-01
  1.0000E+00  3.6000E+01  0.0000E+00  2.6200E-01  0.0000E+00  0.0000E+00  1.4954E+00  1.8764E+01  8.3242E+00  1.0408E+02  1.9026E+00  1.1033E+03  2.3031E-01  1.0079E+00  1.6593E+00  2.6200E-01  1.3144E-01  1.3056E-01  1.8631E+00
  1.0000E+00  4.8000E+01  0.0000E+00  2.0100E-01  0.0000E+00  0.0000E+00  1.4954E+00  1.8764E+01  8.3242E+00  1.0408E+02  1.9026E+00  1.1033E+03  1.8325E-01  6.4547E-01  1.5282E+00  2.0100E-01  7.9554E-02  1.2145E-01  2.0598E+00
  2.0000E+00  0.0000E+00  1.0000E+02  0.0000E+00  1.0000E+00  1.0000E+00  3.5904E+00  2.4077E+01  1.8004E+01  5.5961E+01  1.9026E+00  1.4224E+03  4.1534E+00 -9.1317E+00  0.0000E+00  0.0000E+00  4.9882E+00  0.0000E+00  0.0000E+00
  2.0000E+00  2.5000E-01  0.0000E+00  3.3790E+00  0.0000E+00  0.0000E+00  3.5904E+00  2.4077E+01  1.8004E+01  5.5961E+01  1.9026E+00  1.4224E+03  3.2801E+00  2.7520E-01 -4.4790E-01  3.3790E+00  4.2708E+00 -8.9184E-01 -2.4827E-01
  2.0000E+00  5.0000E-01  0.0000E+00  2.3090E+00  0.0000E+00  0.0000E+00  3.5904E+00  2.4077E+01  1.8004E+01  5.5961E+01  1.9026E+00  1.4224E+03  2.6359E+00 -1.1312E+00 -2.1237E+00  2.3090E+00  3.6700E+00 -1.3610E+00 -1.5480E+00
  2.0000E+00  1.0000E+00  0.0000E+00  1.8260E+00  0.0000E+00  0.0000E+00  3.5904E+00  2.4077E+01  1.8004E+01  5.5961E+01  1.9026E+00  1.4224E+03  1.8073E+00  9.3934E-02 -1.0044E+00  1.8260E+00  2.7449E+00 -9.1886E-01 -9.4991E-01
  2.0000E+00  2.0000E+00  0.0000E+00  1.0390E+00  0.0000E+00  0.0000E+00  3.5904E+00  2.4077E+01  1.8004E+01  5.5961E+01  1.9026E+00  1.4224E+03  1.0927E+00 -4.4405E-01 -9.7521E-01  1.0390E+00  1.6359E+00 -5.9687E-01 -1.0048E+00
  2.0000E+00  4.0000E+00  0.0000E+00  7.3400E-01  0.0000E+00  0.0000E+00  3.5904E+00  2.4077E+01  1.8004E+01  5.5961E+01  1.9026E+00  1.4224E+03  7.5281E-01 -2.2266E-01  4.8422E-02  7.3400E-01  7.9778E-01 -6.3778E-02  1.5607E-01
  2.0000E+00  6.0000E+00  0.0000E+00  6.7100E-01  0.0000E+00  0.0000E+00  3.5904E+00  2.4077E+01  1.8004E+01  5.5961E+01  1.9026E+00  1.4224E+03  6.5076E-01  2.7484E-01  6.2508E-01  6.7100E-01  5.6226E-01  1.0874E-01  7.2838E-01
  2.0000E+00  8.0000E+00  0.0000E+00  5.3400E-01  0.0000E+00  0.0000E+00  3.5904E+00  2.4077E+01  1.8004E+01  5.5961E+01  1.9026E+00  1.4224E+03  5.7696E-01 -6.5215E-01 -3.6826E-01  5.3400E-01  4.7352E-01  6.0479E-02 -5.5222E-01
  2.0000E+00  1.2000E+01  0.0000E+00  5.0400E-01  0.0000E+00  0.0000E+00  3.5904E+00  2.4077E+01  1.8004E+01  5.5961E+01  1.9026E+00  1.4224E+03  4.5610E-01  8.9816E-01  1.0281E+00  5.0400E-01  3.8353E-01  1.2047E-01  8.8522E-01
  2.0000E+00  2.4000E+01  0.0000E+00  2.6800E-01  0.0000E+00  0.0000E+00  3.5904E+00  2.4077E+01  1.8004E+01  5.5961E+01  1.9026E+00  1.4224E+03  2.2714E-01  1.3110E+00  1.1544E+00  2.6800E-01  2.2258E-01  4.5417E-02  1.0988E+00
  2.0000E+00  3.6000E+01  0.0000E+00  1.0400E-01  0.0000E+00  0.0000E+00  3.5904E+00  2.4077E+01  1.8004E+01  5.5961E+01  1.9026E+00  1.4224E+03  1.1521E-01 -4.9506E-01 -7.1410E-01  1.0400E-01  1.3144E-01 -2.7442E-02 -4.2728E-01
  2.0000E+00  4.8000E+01  0.0000E+00  3.7000E-02  0.0000E+00  0.0000E+00  3.5904E+00  2.4077E+01  1.8004E+01  5.5961E+01  1.9026E+00  1.4224E+03  6.0470E-02 -1.1771E+00 -1.3605E+00  3.7000E-02  7.9554E-02 -4.2554E-02 -9.0775E-01
  3.0000E+00  0.0000E+00  1.0000E+02  0.0000E+00  1.0000E+00  1.0000E+00  2.8900E+00  2.1044E+01  6.1379E+00  4.9863E+01  1.9026E+00  1.3340E+03  4.7518E+00 -9.1335E+00  0.0000E+00  0.0000E+00  4.9882E+00  0.0000E+00  0.0000E+00
  3.0000E+00  2.5000E-01  0.0000E+00  3.8960E+00  0.0000E+00  0.0000E+00  2.8900E+00  2.1044E+01  6.1379E+00  4.9863E+01  1.9026E+00  1.3340E+03  4.1781E+00 -6.1648E-01 -5.9242E-01  3.8960E+00  4.2708E+00 -3.7484E-01 -5.0520E-01
  3.0000E+00  5.0000E-01  0.0000E+00  3.4900E+00  0.0000E+00  0.0000E+00  2.8900E+00  2.1044E+01  6.1379E+00  4.9863E+01  1.9026E+00  1.3340E+03  3.6827E+00 -4.7767E-01 -4.2131E-01  3.4900E+00  3.6700E+00 -1.8004E-01 -3.9376E-01
  3.0000E+00  1.0000E+00  0.0000E+00  3.2420E+00  0.0000E+00  0.0000E+00  2.8900E+00  2.1044E+01  6.1379E+00  4.9863E+01  1.9026E+00  1.3340E+03  2.8853E+00  1.1278E+00  1.2028E+00  3.2420E+00  2.7449E+00  4.9714E-01  1.1775E+00
  3.0000E+00  2.0000E+00  0.0000E+00  1.9630E+00  0.0000E+00  0.0000E+00  2.8900E+00  2.1044E+01  6.1379E+00  4.9863E+01  1.9026E+00  1.3340E+03  1.8444E+00  5.8538E-01  6.0004E-01  1.9630E+00  1.6359E+00  3.2713E-01  4.7975E-01
  3.0000E+00  4.0000E+00  0.0000E+00  9.9100E-01  0.0000E+00  0.0000E+00  2.8900E+00  2.1044E+01  6.1379E+00  4.9863E+01  1.9026E+00  1.3340E+03  9.2537E-01  6.3727E-01  5.9008E-01  9.9100E-01  7.9778E-01  1.9322E-01  6.2326E-01
  3.0000E+00  6.0000E+00  0.0000E+00  4.8800E-01  0.0000E+00  0.0000E+00  2.8900E+00  2.1044E+01  6.1379E+00  4.9863E+01  1.9026E+00  1.3340E+03  6.1382E-01 -1.8040E+00 -1.7560E+00  4.8800E-01  5.6226E-01 -7.4260E-02 -1.6852E+00
  3.0000E+00  8.0000E+00  0.0000E+00  5.0300E-01  0.0000E+00  0.0000E+00  2.8900E+00  2.1044E+01  6.1379E+00  4.9863E+01  1.9026E+00  1.3340E+03  4.8977E-01  2.3302E-01  3.4022E-01  5.0300E-01  4.7352E-01  2.9479E-02  4.3463E-01
  3.0000E+00  1.2000E+01  0.0000E+00  4.4000E-01  0.0000E+00  0.0000E+00  2.8900E+00  2.1044E+01  6.1379E+00  4.9863E+01  1.9026E+00  1.3340E+03  3.8146E-01  1.2787E+00  1.3441E+00  4.4000E-01  3.8353E-01  5.6466E-02  1.2826E+00
  3.0000E+00  2.4000E+01  0.0000E+00  1.9000E-01  0.0000E+00  0.0000E+00  2.8900E+00  2.1044E+01  6.1379E+00  4.9863E+01  1.9026E+00  1.3340E+03  2.1903E-01 -9.5287E-01 -1.1388E+00  1.9000E-01  2.2258E-01 -3.2583E-02 -1.0932E+00
  3.0000E+00  3.6000E+01  0.0000E+00  1.4400E-01  0.0000E+00  0.0000E+00  2.8900E+00  2.1044E+01  6.1379E+00  4.9863E+01  1.9026E+00  1.3340E+03  1.2890E-01  6.4216E-01  3.6245E-01  1.4400E-01  1.3144E-01  1.2558E-02  3.1022E-01
  3.0000E+00  4.8000E+01  0.0000E+00  6.9000E-02  0.0000E+00  0.0000E+00  2.8900E+00  2.1044E+01  6.1379E+00  4.9863E+01  1.9026E+00  1.3340E+03  7.7866E-02 -4.2940E-01 -6.9909E-01  6.9000E-02  7.9554E-02 -1.0554E-02 -7.3363E-01
  4.0000E+00  0.0000E+00  1.0000E+02  0.0000E+00  1.0000E+00  1.0000E+00  1.8997E+00  1.7661E+01  1.0886E+01  4.5606E+01  1.9026E+00  1.3088E+03  5.6623E+00 -9.1353E+00  0.0000E+00  0.0000E+00  4.9882E+00  0.0000E+00  0.0000E+00
  4.0000E+00  2.5000E-01  0.0000E+00  4.5220E+00  0.0000E+00  0.0000E+00  1.8997E+00  1.7661E+01  1.0886E+01  4.5606E+01  1.9026E+00  1.3088E+03  4.6216E+00 -1.9685E-01  6.1706E-02  4.5220E+00  4.2708E+00  2.5116E-01  9.9904E-02
  4.0000E+00  5.0000E-01  0.0000E+00  4.0220E+00  0.0000E+00  0.0000E+00  1.8997E+00  1.7661E+01  1.0886E+01  4.5606E+01  1.9026E+00  1.3088E+03  3.8123E+00  5.0232E-01  4.3246E-01  4.0220E+00  3.6700E+00  3.5196E-01  5.1834E-01
  4.0000E+00  1.0000E+00  0.0000E+00  2.8150E+00  0.0000E+00  0.0000E+00  1.8997E+00  1.7661E+01  1.0886E+01  4.5606E+01  1.9026E+00  1.3088E+03  2.6912E+00  4.1963E-01 -2.5676E-03  2.8150E+00  2.7449E+00  7.0143E-02  5.6819E-02
  4.0000E+00  2.0000E+00  0.0000E+00  1.5560E+00  0.0000E+00  0.0000E+00  1.8997E+00  1.7661E+01  1.0886E+01  4.5606E+01  1.9026E+00  1.3088E+03  1.5883E+00 -1.8451E-01 -4.8841E-01  1.5560E+00  1.6359E+00 -7.9866E-02 -4.6015E-01
  4.0000E+00  4.0000E+00  0.0000E+00  8.8200E-01  0.0000E+00  0.0000E+00  1.8997E+00  1.7661E+01  1.0886E+01  4.5606E+01  1.9026E+00  1.3088E+03  9.7762E-01 -8.8038E-01 -3.9976E-01  8.8200E-01  7.9778E-01  8.4222E-02 -4.1234E-01
  4.0000E+00  6.0000E+00  0.0000E+00  8.8600E-01  0.0000E+00  0.0000E+00  1.8997E+00  1.7661E+01  1.0886E+01  4.5606E+01  1.9026E+00  1.3088E+03  8.2507E-01  6.6078E-01  1.3525E+00  8.8600E-01  5.6226E-01  3.2374E-01  1.6127E+00
  4.0000E+00  8.0000E+00  0.0000E+00  6.9400E-01  0.0000E+00  0.0000E+00  1.8997E+00  1.7661E+01  1.0886E+01  4.5606E+01  1.9026E+00  1.3088E+03  7.3916E-01 -5.4388E-01  1.1493E-01  6.9400E-01  4.7352E-01  2.2048E-01 -2.8464E-01
  4.0000E+00  1.2000E+01  0.0000E+00  6.9400E-01  0.0000E+00  0.0000E+00  1.8997E+00  1.7661E+01  1.0886E+01  4.5606E+01  1.9026E+00  1.3088E+03  6.0522E-01  1.2896E+00  1.7833E+00  6.9400E-01  3.8353E-01  3.1047E-01  1.9959E+00
  4.0000E+00  2.4000E+01  0.0000E+00  3.7600E-01  0.0000E+00  0.0000E+00  1.8997E+00  1.7661E+01  1.0886E+01  4.5606E+01  1.9026E+00  1.3088E+03  3.3682E-01  9.4700E-01  1.0713E+00  3.7600E-01  2.2258E-01  1.5342E-01  1.1602E+00
  4.0000E+00  3.6000E+01  0.0000E+00  1.4600E-01  0.0000E+00  0.0000E+00  1.8997E+00  1.7661E+01  1.0886E+01  4.5606E+01  1.9026E+00  1.3088E+03  1.9120E-01 -1.6067E+00 -1.6426E+00  1.4600E-01  1.3144E-01  1.4558E-02 -1.8741E+00
  4.0000E+00  4.8000E+01  0.0000E+00  1.2400E-01  0.0000E+00  0.0000E+00  1.8997E+00  1.7661E+01  1.0886E+01  4.5606E+01  1.9026E+00  1.3088E+03  1.1216E-01  5.2729E-01  4.4976E-01  1.2400E-01  7.9554E-02  4.4446E-02  6.2029E-01
  5.0000E+00  0.0000E+00  1.0000E+02  0.0000E+00  1.0000E+00  1.0000E+00  2.2028E+00  1.7921E+01  4.9229E+00  4.5080E+01  1.9026E+00  1.2574E+03  5.5800E+00 -9.1352E+00  0.0000E+00  0.0000E+00  4.9882E+00  0.0000E+00  0.0000E+00
  5.0000E+00  2.5000E-01  0.0000E+00  5.8460E+00  0.0000E+00  0.0000E+00  2.2028E+00  1.7921E+01  4.9229E+00  4.5080E+01  1.9026E+00  1.2574E+03  4.9245E+00  1.7092E+00  1.9153E+00  5.8460E+00  4.2708E+00  1.5752E+00  2.1746E+00
  5.0000E+00  5.0000E-01  0.0000E+00  3.9010E+00  0.0000E+00  0.0000E+00  2.2028E+00  1.7921E+01  4.9229E+00  4.5080E+01  1.9026E+00  1.2574E+03  4.3550E+00 -9.5207E-01 -6.1368E-01  3.9010E+00  3.6700E+00  2.3096E-01 -7.0539E-01
  5.0000E+00  1.0000E+00  0.0000E+00  3.0060E+00  0.0000E+00  0.0000E+00  2.2028E+00  1.7921E+01  4.9229E+00  4.5080E+01  1.9026E+00  1.2574E+03  3.4301E+00 -1.1286E+00 -5.8382E-01  3.0060E+00  2.7449E+00  2.6114E-01 -7.2227E-01
  5.0000E+00  2.0000E+00  0.0000E+00  2.4250E+00  0.0000E+00  0.0000E+00  2.2028E+00  1.7921E+01  4.9229E+00  4.5080E+01  1.9026E+00  1.2574E+03  2.2019E+00  9.2343E-01  1.6570E+00  2.4250E+00  1.6359E+00  7.8913E-01  2.0938E+00
  5.0000E+00  4.0000E+00  0.0000E+00  1.1270E+00  0.0000E+00  0.0000E+00  2.2028E+00  1.7921E+01  4.9229E+00  4.5080E+01  1.9026E+00  1.2574E+03  1.0856E+00  3.4433E-01  8.6496E-01  1.1270E+00  7.9778E-01  3.2922E-01  1.0565E+00
  5.0000E+00  6.0000E+00  0.0000E+00  7.1700E-01  0.0000E+00  0.0000E+00  2.2028E+00  1.7921E+01  4.9229E+00  4.5080E+01  1.9026E+00  1.2574E+03  6.9671E-01  2.5848E-01  3.9709E-01  7.1700E-01  5.6226E-01  1.5474E-01  3.9941E-01
  5.0000E+00  8.0000E+00  0.0000E+00  5.7200E-01  0.0000E+00  0.0000E+00  2.2028E+00  1.7921E+01  4.9229E+00  4.5080E+01  1.9026E+00  1.2574E+03  5.4345E-01  4.5772E-01  3.5371E-01  5.7200E-01  4.7352E-01  9.8479E-02  2.2705E-01
  5.0000E+00  1.2000E+01  0.0000E+00  4.3800E-01  0.0000E+00  0.0000E+00  2.2028E+00  1.7921E+01  4.9229E+00  4.5080E+01  1.9026E+00  1.2574E+03  4.1995E-01  3.6346E-01  9.4155E-02  4.3800E-01  3.8353E-01  5.4466E-02 -1.3641E-01
  5.0000E+00  2.4000E+01  0.0000E+00  2.1700E-01  0.0000E+00  0.0000E+00  2.2028E+00  1.7921E+01  4.9229E+00  4.5080E+01  1.9026E+00  1.2574E+03  2.5025E-01 -1.0010E+00 -1.2768E+00  2.1700E-01  2.2258E-01 -5.5830E-03 -1.3975E+00
  5.0000E+00  3.6000E+01  0.0000E+00  1.4100E-01  0.0000E+00  0.0000E+00  2.2028E+00  1.7921E+01  4.9229E+00  4.5080E+01  1.9026E+00  1.2574E+03  1.5370E-01 -5.0317E-01 -7.1436E-01  1.4100E-01  1.3144E-01  9.5584E-03 -6.7733E-01
  5.0000E+00  4.8000E+01  0.0000E+00  1.1600E-01  0.0000E+00  0.0000E+00  2.2028E+00  1.7921E+01  4.9229E+00  4.5080E+01  1.9026E+00  1.2574E+03  9.6975E-02  8.8095E-01  7.3483E-01  1.1600E-01  7.9554E-02  3.6446E-02  8.9370E-01
  6.0000E+00  0.0000E+00  1.0000E+02  0.0000E+00  1.0000E+00  1.0000E+00  4.0103E+00  3.1039E+01  1.0786E+01  6.1045E+01  1.9026E+00  1.2798E+03  3.2217E+00 -9.1265E+00  0.0000E+00  0.0000E+00  4.9882E+00  0.0000E+00  0.0000E+00
  6.0000E+00  2.5000E-01  0.0000E+00  2.6620E+00  0.0000E+00  0.0000E+00  4.0103E+00  3.1039E+01  1.0786E+01  6.1045E+01  1.9026E+00  1.2798E+03  2.8219E+00 -5.1688E-01 -1.4371E+00  2.6620E+00  4.2708E+00 -1.6088E+00 -1.2001E+00
  6.0000E+00  5.0000E-01  0.0000E+00  2.0160E+00  0.0000E+00  0.0000E+00  4.0103E+00  3.1039E+01  1.0786E+01  6.1045E+01  1.9026E+00  1.2798E+03  2.4820E+00 -1.7120E+00 -2.5303E+00  2.0160E+00  3.6700E+00 -1.6540E+00 -1.9049E+00
  6.0000E+00  1.0000E+00  0.0000E+00  2.2620E+00  0.0000E+00  0.0000E+00  4.0103E+00  3.1039E+01  1.0786E+01  6.1045E+01  1.9026E+00  1.2798E+03  1.9471E+00  1.4725E+00  8.1873E-01  2.2620E+00  2.7449E+00 -4.8286E-01  4.3939E-01
  6.0000E+00  2.0000E+00  0.0000E+00  1.1560E+00  0.0000E+00  0.0000E+00  4.0103E+00  3.1039E+01  1.0786E+01  6.1045E+01  1.9026E+00  1.2798E+03  1.2768E+00 -8.5683E-01 -1.2898E+00  1.1560E+00  1.6359E+00 -4.7987E-01 -9.9463E-01
  6.0000E+00  4.0000E+00  0.0000E+00  7.0300E-01  0.0000E+00  0.0000E+00  4.0103E+00  3.1039E+01  1.0786E+01  6.1045E+01  1.9026E+00  1.2798E+03  7.2093E-01 -2.2111E-01 -4.2157E-01  7.0300E-01  7.9778E-01 -9.4778E-02 -3.0879E-01
  6.0000E+00  6.0000E+00  0.0000E+00  5.8000E-01  0.0000E+00  0.0000E+00  4.0103E+00  3.1039E+01  1.0786E+01  6.1045E+01  1.9026E+00  1.2798E+03  5.3708E-01  6.9567E-01  6.0120E-01  5.8000E-01  5.6226E-01  1.7740E-02  5.5035E-01
  6.0000E+00  8.0000E+00  0.0000E+00  4.1200E-01  0.0000E+00  0.0000E+00  4.0103E+00  3.1039E+01  1.0786E+01  6.1045E+01  1.9026E+00  1.2798E+03  4.5534E-01 -8.1380E-01 -8.6230E-01  4.1200E-01  4.7352E-01 -6.1521E-02 -8.2012E-01
  6.0000E+00  1.2000E+01  0.0000E+00  3.9600E-01  0.0000E+00  0.0000E+00  4.0103E+00  3.1039E+01  1.0786E+01  6.1045E+01  1.9026E+00  1.2798E+03  3.6329E-01  7.4372E-01  7.2449E-01  3.9600E-01  3.8353E-01  1.2466E-02  6.0494E-01
  6.0000E+00  2.4000E+01  0.0000E+00  1.8700E-01  0.0000E+00  0.0000E+00  4.0103E+00  3.1039E+01  1.0786E+01  6.1045E+01  1.9026E+00  1.2798E+03  2.0001E-01 -4.5095E-01 -4.5141E-01  1.8700E-01  2.2258E-01 -3.5583E-02 -3.8394E-01
  6.0000E+00  3.6000E+01  0.0000E+00  1.2500E-01  0.0000E+00  0.0000E+00  4.0103E+00  3.1039E+01  1.0786E+01  6.1045E+01  1.9026E+00  1.2798E+03  1.1198E-01  5.8002E-01  5.8527E-01  1.2500E-01  1.3144E-01 -6.4416E-03  6.0502E-01
  6.0000E+00  4.8000E+01  0.0000E+00  6.1000E-02  0.0000E+00  0.0000E+00  4.0103E+00  3.1039E+01  1.0786E+01  6.1045E+01  1.9026E+00  1.2798E+03  6.4239E-02 -1.6131E-01 -1.5480E-01  6.1000E-02  7.9554E-02 -1.8554E-02 -6.2509E-02
  7.0000E+00  0.0000E+00  1.0000E+02  0.0000E+00  1.0000E+00  1.0000E+00  3.8951E+00  1.8440E+01  6.3405E+00  6.6151E+01  1.9026E+00  1.3158E+03  5.4229E+00 -9.1349E+00  0.0000E+00  0.0000E+00  4.9882E+00  0.0000E+00  0.0000E+00
  7.0000E+00  2.5000E-01  0.0000E+00  4.3810E+00  0.0000E+00  0.0000E+00  3.8951E+00  1.8440E+01  6.3405E+00  6.6151E+01  1.9026E+00  1.3158E+03  4.6050E+00 -4.4432E-01 -4.1373E-02  4.3810E+00  4.2708E+00  1.1016E-01 -2.9961E-02
  7.0000E+00  5.0000E-01  0.0000E+00  3.6800E+00  0.0000E+00  0.0000E+00  3.8951E+00  1.8440E+01  6.3405E+00  6.6151E+01  1.9026E+00  1.3158E+03  3.9199E+00 -5.5870E-01 -2.9539E-01  3.6800E+00  3.6700E+00  9.9645E-03 -2.9053E-01
  7.0000E+00  1.0000E+00  0.0000E+00  3.1710E+00  0.0000E+00  0.0000E+00  3.8951E+00  1.8440E+01  6.3405E+00  6.6151E+01  1.9026E+00  1.3158E+03  2.8645E+00  9.7617E-01  9.6170E-01  3.1710E+00  2.7449E+00  4.2614E-01  1.0076E+00
  7.0000E+00  2.0000E+00  0.0000E+00  1.7820E+00  0.0000E+00  0.0000E+00  3.8951E+00  1.8440E+01  6.3405E+00  6.6151E+01  1.9026E+00  1.3158E+03  1.6008E+00  1.0286E+00  5.5463E-01  1.7820E+00  1.6359E+00  1.4613E-01  5.0286E-01
  7.0000E+00  4.0000E+00  0.0000E+00  6.2800E-01  0.0000E+00  0.0000E+00  3.8951E+00  1.8440E+01  6.3405E+00  6.6151E+01  1.9026E+00  1.3158E+03  6.5693E-01 -3.8936E-01 -1.0599E+00  6.2800E-01  7.9778E-01 -1.6978E-01 -9.7258E-01
  7.0000E+00  6.0000E+00  0.0000E+00  3.4900E-01  0.0000E+00  0.0000E+00  3.8951E+00  1.8440E+01  6.3405E+00  6.6151E+01  1.9026E+00  1.3158E+03  4.0798E-01 -1.2176E+00 -1.6266E+00  3.4900E-01  5.6226E-01 -2.1326E-01 -1.2538E+00
  7.0000E+00  8.0000E+00  0.0000E+00  3.2100E-01  0.0000E+00  0.0000E+00  3.8951E+00  1.8440E+01  6.3405E+00  6.6151E+01  1.9026E+00  1.3158E+03  3.2813E-01 -1.7587E-01 -4.1298E-01  3.2100E-01  4.7352E-01 -1.5252E-01 -3.2337E-01
  7.0000E+00  1.2000E+01  0.0000E+00  3.0200E-01  0.0000E+00  0.0000E+00  3.8951E+00  1.8440E+01  6.3405E+00  6.6151E+01  1.9026E+00  1.3158E+03  2.6479E-01  1.0772E+00  9.3277E-01  3.0200E-01  3.8353E-01 -8.1534E-02  6.4934E-01
  7.0000E+00  2.4000E+01  0.0000E+00  1.7100E-01  0.0000E+00  0.0000E+00  3.8951E+00  1.8440E+01  6.3405E+00  6.6151E+01  1.9026E+00  1.3158E+03  1.6139E-01  3.7230E-01  2.4138E-01  1.7100E-01  2.2258E-01 -5.1583E-02  1.5632E-01
  7.0000E+00  3.6000E+01  0.0000E+00  1.0200E-01  0.0000E+00  0.0000E+00  3.8951E+00  1.8440E+01  6.3405E+00  6.6151E+01  1.9026E+00  1.3158E+03  9.9946E-02  9.4413E-02 -3.0709E-02  1.0200E-01  1.3144E-01 -2.9442E-02 -7.1833E-02
  7.0000E+00  4.8000E+01  0.0000E+00  5.3000E-02  0.0000E+00  0.0000E+00  3.8951E+00  1.8440E+01  6.3405E+00  6.6151E+01  1.9026E+00  1.3158E+03  6.3066E-02 -5.0243E-01 -6.1080E-01  5.3000E-02  7.9554E-02 -2.6554E-02 -6.1594E-01
  8.0000E+00  0.0000E+00  1.0000E+02  0.0000E+00  1.0000E+00  1.0000E+00  1.3441E+00  1.6199E+01  4.6604E+00  5.4543E+01  1.9025E+00  1.1713E+03  6.1734E+00 -9.1360E+00  0.0000E+00  0.0000E+00  4.9882E+00  0.0000E+00  0.0000E+00
  8.0000E+00  2.5000E-01  0.0000E+00  5.8660E+00  0.0000E+00  0.0000E+00  1.3441E+00  1.6199E+01  4.6604E+00  5.4543E+01  1.9025E+00  1.1713E+03  5.4685E+00  6.6394E-01  1.3573E+00  5.8660E+00  4.2708E+00  1.5952E+00  1.7980E+00
  8.0000E+00  5.0000E-01  0.0000E+00  3.9260E+00  0.0000E+00  0.0000E+00  1.3441E+00  1.6199E+01  4.6604E+00  5.4543E+01  1.9025E+00  1.1713E+03  4.8525E+00 -1.7439E+00 -1.0023E+00  3.9260E+00  3.6700E+00  2.5596E-01 -1.3400E+00
  8.0000E+00  1.0000E+00  0.0000E+00  4.2230E+00  0.0000E+00  0.0000E+00  1.3441E+00  1.6199E+01  4.6604E+00  5.4543E+01  1.9025E+00  1.1713E+03  3.8431E+00  9.0260E-01  1.6917E+00  4.2230E+00  2.7449E+00  1.4781E+00  2.0294E+00
  8.0000E+00  2.0000E+00  0.0000E+00  3.0140E+00  0.0000E+00  0.0000E+00  1.3441E+00  1.6199E+01  4.6604E+00  5.4543E+01  1.9025E+00  1.1713E+03  2.4806E+00  1.9607E+00  2.7079E+00  3.0140E+00  1.6359E+00  1.3781E+00  3.3310E+00
  8.0000E+00  4.0000E+00  0.0000E+00  1.0200E+00  0.0000E+00  0.0000E+00  1.3441E+00  1.6199E+01  4.6604E+00  5.4543E+01  1.9025E+00  1.1713E+03  1.2088E+00 -1.4136E+00 -9.1583E-01  1.0200E+00  7.9778E-01  2.2222E-01 -1.6324E+00
  8.0000E+00  6.0000E+00  0.0000E+00  7.4900E-01  0.0000E+00  0.0000E+00  1.3441E+00  1.6199E+01  4.6604E+00  5.4543E+01  1.9025E+00  1.1713E+03  7.5702E-01 -9.4430E-02  1.9498E-01  7.4900E-01  5.6226E-01  1.8674E-01  3.2130E-01
  8.0000E+00  8.0000E+00  0.0000E+00  6.3400E-01  0.0000E+00  0.0000E+00  1.3441E+00  1.6199E+01  4.6604E+00  5.4543E+01  1.9025E+00  1.1713E+03  5.8372E-01  7.5526E-01  9.1626E-01  6.3400E-01  4.7352E-01  1.6048E-01  1.1104E+00
  8.0000E+00  1.2000E+01  0.0000E+00  4.9500E-01  0.0000E+00  0.0000E+00  1.3441E+00  1.6199E+01  4.6604E+00  5.4543E+01  1.9025E+00  1.1713E+03  4.6144E-01  6.2293E-01  7.1695E-01  4.9500E-01  3.8353E-01  1.1147E-01  5.9292E-01
  8.0000E+00  2.4000E+01  0.0000E+00  2.8300E-01  0.0000E+00  0.0000E+00  1.3441E+00  1.6199E+01  4.6604E+00  5.4543E+01  1.9025E+00  1.1713E+03  3.1696E-01 -8.6074E-01 -6.6273E-01  2.8300E-01  2.2258E-01  6.0417E-02 -1.2894E+00
  8.0000E+00  3.6000E+01  0.0000E+00  2.1100E-01  0.0000E+00  0.0000E+00  1.3441E+00  1.6199E+01  4.6604E+00  5.4543E+01  1.9025E+00  1.1713E+03  2.2434E-01 -4.3145E-01 -1.4975E-01  2.1100E-01  1.3144E-01  7.9558E-02 -5.4273E-01
  8.0000E+00  4.8000E+01  0.0000E+00  1.8700E-01  0.0000E+00  0.0000E+00  1.3441E+00  1.6199E+01  4.6604E+00  5.4543E+01  1.9025E+00  1.1713E+03  1.6138E-01  9.9297E-01  1.3145E+00  1.8700E-01  7.9554E-02  1.0745E-01  1.5712E+00
  9.0000E+00  0.0000E+00  1.0000E+02  0.0000E+00  1.0000E+00  1.0000E+00  3.5174E+00  1.8093E+01  1.2585E+01  8.4317E+01  1.9026E+00  1.2127E+03  5.5271E+00 -9.1351E+00  0.0000E+00  0.0000E+00  4.9882E+00  0.0000E+00  0.0000E+00
  9.0000E+00  2.5000E-01  0.0000E+00  4.5130E+00  0.0000E+00  0.0000E+00  3.5174E+00  1.8093E+01  1.2585E+01  8.4317E+01  1.9026E+00  1.2127E+03  4.3248E+00  3.9751E-01  4.8400E-01  4.5130E+00  4.2708E+00  2.4216E-01  6.6603E-01
  9.0000E+00  5.0000E-01  0.0000E+00  3.0460E+00  0.0000E+00  0.0000E+00  3.5174E+00  1.8093E+01  1.2585E+01  8.4317E+01  1.9026E+00  1.2127E+03  3.4111E+00 -9.7703E-01 -1.2930E+00  3.0460E+00  3.6700E+00 -6.2404E-01 -1.0791E+00
  9.0000E+00  1.0000E+00  0.0000E+00  2.4140E+00  0.0000E+00  0.0000E+00  3.5174E+00  1.8093E+01  1.2585E+01  8.4317E+01  1.9026E+00  1.2127E+03  2.1882E+00  9.3999E-01  1.6943E-01  2.4140E+00  2.7449E+00 -3.3086E-01 -1.7273E-02
  9.0000E+00  2.0000E+00  0.0000E+00  9.3800E-01  0.0000E+00  0.0000E+00  3.5174E+00  1.8093E+01  1.2585E+01  8.4317E+01  1.9026E+00  1.2127E+03  1.0673E+00 -1.0935E+00 -1.9488E+00  9.3800E-01  1.6359E+00 -6.9787E-01 -1.6419E+00
  9.0000E+00  4.0000E+00  0.0000E+00  5.4600E-01  0.0000E+00  0.0000E+00  3.5174E+00  1.8093E+01  1.2585E+01  8.4317E+01  1.9026E+00  1.2127E+03  5.4175E-01  6.8331E-02 -4.0543E-01  5.4600E-01  7.9778E-01 -2.5178E-01 -2.2268E-01
  9.0000E+00  6.0000E+00  0.0000E+00  4.8700E-01  0.0000E+00  0.0000E+00  3.5174E+00  1.8093E+01  1.2585E+01  8.4317E+01  1.9026E+00  1.2127E+03  4.5133E-01  6.7501E-01  3.9455E-01  4.8700E-01  5.6226E-01 -7.5260E-02  4.0822E-01
  9.0000E+00  8.0000E+00  0.0000E+00  3.6300E-01  0.0000E+00  0.0000E+00  3.5174E+00  1.8093E+01  1.2585E+01  8.4317E+01  1.9026E+00  1.2127E+03  4.1130E-01 -9.9035E-01 -1.1562E+00  3.6300E-01  4.7352E-01 -1.1052E-01 -1.0164E+00
  9.0000E+00  1.2000E+01  0.0000E+00  3.7000E-01  0.0000E+00  0.0000E+00  3.5174E+00  1.8093E+01  1.2585E+01  8.4317E+01  1.9026E+00  1.2127E+03  3.5010E-01  4.6621E-01  4.7282E-01  3.7000E-01  3.8353E-01 -1.3534E-02  2.6521E-01
  9.0000E+00  2.4000E+01  0.0000E+00  2.1900E-01  0.0000E+00  0.0000E+00  3.5174E+00  1.8093E+01  1.2585E+01  8.4317E+01  1.9026E+00  1.2127E+03  2.1811E-01  2.9418E-02  3.4963E-01  2.1900E-01  2.2258E-01 -3.5830E-03  3.3535E-01
  9.0000E+00  3.6000E+01  0.0000E+00  1.2900E-01  0.0000E+00  0.0000E+00  3.5174E+00  1.8093E+01  1.2585E+01  8.4317E+01  1.9026E+00  1.2127E+03  1.3729E-01 -3.4459E-01  7.5831E-02  1.2900E-01  1.3144E-01 -2.4416E-03  1.7103E-01
  9.0000E+00  4.8000E+01  0.0000E+00  1.0700E-01  0.0000E+00  0.0000E+00  3.5174E+00  1.8093E+01  1.2585E+01  8.4317E+01  1.9026E+00  1.2127E+03  8.7800E-02  9.0907E-01  1.3145E+00  1.0700E-01  7.9554E-02  2.7446E-02  1.4494E+00
  1.0000E+01  0.0000E+00  1.0000E+02  0.0000E+00  1.0000E+00  1.0000E+00  9.4926E+00  2.0371E+01  1.1365E+01  4.9922E+01  1.9026E+00  1.2883E+03  4.9090E+00 -9.1339E+00  0.0000E+00  0.0000E+00  4.9882E+00  0.0000E+00  0.0000E+00
  1.0000E+01  2.5000E-01  0.0000E+00  3.8660E+00  0.0000E+00  0.0000E+00  9.4926E+00  2.0371E+01  1.1365E+01  4.9922E+01  1.9026E+00  1.2883E+03  3.7286E+00  3.3653E-01 -2.1429E-01  3.8660E+00  4.2708E+00 -4.0484E-01  1.1434E-01
  1.0000E+01  5.0000E-01  0.0000E+00  2.8410E+00  0.0000E+00  0.0000E+00  9.4926E+00  2.0371E+01  1.1365E+01  4.9922E+01  1.9026E+00  1.2883E+03  2.8600E+00 -6.0736E-02 -9.8764E-01  2.8410E+00  3.6700E+00 -8.2904E-01 -7.2093E-01
  1.0000E+01  1.0000E+00  0.0000E+00  1.6330E+00  0.0000E+00  0.0000E+00  9.4926E+00  2.0371E+01  1.1365E+01  4.9922E+01  1.9026E+00  1.2883E+03  1.7481E+00 -5.9906E-01 -1.7687E+00  1.6330E+00  2.7449E+00 -1.1119E+00 -1.6184E+00
  1.0000E+01  2.0000E+00  0.0000E+00  7.8600E-01  0.0000E+00  0.0000E+00  9.4926E+00  2.0371E+01  1.1365E+01  4.9922E+01  1.9026E+00  1.2883E+03  8.0362E-01 -1.9591E-01 -9.7685E-01  7.8600E-01  1.6359E+00 -8.4987E-01 -1.3440E+00
  1.0000E+01  4.0000E+00  0.0000E+00  4.5100E-01  0.0000E+00  0.0000E+00  9.4926E+00  2.0371E+01  1.1365E+01  4.9922E+01  1.9026E+00  1.2883E+03  3.8870E-01  1.3396E+00  1.0845E+00  4.5100E-01  7.9778E-01 -3.4678E-01  3.9191E-01
  1.0000E+01  6.0000E+00  0.0000E+00  2.6000E-01  0.0000E+00  0.0000E+00  9.4926E+00  2.0371E+01  1.1365E+01  4.9922E+01  1.9026E+00  1.2883E+03  2.9479E-01 -9.3169E-01 -1.1945E+00  2.6000E-01  5.6226E-01 -3.0226E-01 -6.9897E-01
  1.0000E+01  8.0000E+00  0.0000E+00  2.4000E-01  0.0000E+00  0.0000E+00  9.4926E+00  2.0371E+01  1.1365E+01  4.9922E+01  1.9026E+00  1.2883E+03  2.3863E-01  4.2624E-02 -2.9284E-01  2.4000E-01  4.7352E-01 -2.3352E-01 -4.6806E-01
  1.0000E+01  1.2000E+01  0.0000E+00  1.5100E-01  0.0000E+00  0.0000E+00  9.4926E+00  2.0371E+01  1.1365E+01  4.9922E+01  1.9026E+00  1.2883E+03  1.5886E-01 -3.0674E-01 -7.2110E-01  1.5100E-01  3.8353E-01 -2.3253E-01 -1.0244E+00
  1.0000E+01  2.4000E+01  0.0000E+00  5.5000E-02  0.0000E+00  0.0000E+00  9.4926E+00  2.0371E+01  1.1365E+01  4.9922E+01  1.9026E+00  1.2883E+03  4.7850E-02  3.6624E-01  6.2114E-02  5.5000E-02  2.2258E-01 -1.6758E-01 -4.9160E-01
  1.0000E+01  3.6000E+01  0.0000E+00  1.2000E-02  0.0000E+00  0.0000E+00  9.4926E+00  2.0371E+01  1.1365E+01  4.9922E+01  1.9026E+00  1.2883E+03  1.5439E-02 -1.8210E-01 -3.2717E-01  1.2000E-02  1.3144E-01 -1.1944E-01 -1.7724E-01
  1.0000E+01  4.8000E+01  0.0000E+00  7.0000E-03  0.0000E+00  0.0000E+00  9.4926E+00  2.0371E+01  1.1365E+01  4.9922E+01  1.9026E+00  1.2883E+03  5.9605E-03  5.5233E-02 -7.3301E-03  7.0000E-03  7.9554E-02 -7.2554E-02  5.3439E-01
  1.1000E+01  0.0000E+00  1.0000E+02  0.0000E+00  1.0000E+00  1.0000E+00  2.9824E+00  1.9784E+01  8.7348E+00  6.0445E+01  1.9026E+00  1.3136E+03  5.0545E+00 -9.1342E+00  0.0000E+00  0.0000E+00  4.9882E+00  0.0000E+00  0.0000E+00
  1.1000E+01  2.5000E-01  0.0000E+00  3.8180E+00  0.0000E+00  0.0000E+00  2.9824E+00  1.9784E+01  8.7348E+00  6.0445E+01  1.9026E+00  1.3136E+03  4.2642E+00 -9.5562E-01 -7.4234E-01  3.8180E+00  4.2708E+00 -4.5284E-01 -7.3824E-01
  1.1000E+01  5.0000E-01  0.0000E+00  3.4830E+00  0.0000E+00  0.0000E+00  2.9824E+00  1.9784E+01  8.7348E+00  6.0445E+01  1.9026E+00  1.3136E+03  3.6140E+00 -3.3087E-01 -2.7400E-01  3.4830E+00  3.6700E+00 -1.8704E-01 -2.5842E-01
  1.1000E+01  1.0000E+00  0.0000E+00  3.1980E+00  0.0000E+00  0.0000E+00  2.9824E+00  1.9784E+01  8.7348E+00  6.0445E+01  1.9026E+00  1.3136E+03  2.6379E+00  1.9364E+00  1.7386E+00  3.1980E+00  2.7449E+00  4.5314E-01  1.6742E+00
  1.1000E+01  2.0000E+00  0.0000E+00  1.3930E+00  0.0000E+00  0.0000E+00  2.9824E+00  1.9784E+01  8.7348E+00  6.0445E+01  1.9026E+00  1.3136E+03  1.5239E+00 -7.7997E-01 -1.2115E+00  1.3930E+00  1.6359E+00 -2.4287E-01 -1.0746E+00
  1.1000E+01  4.0000E+00  0.0000E+00  7.1900E-01  0.0000E+00  0.0000E+00  2.9824E+00  1.9784E+01  8.7348E+00  6.0445E+01  1.9026E+00  1.3136E+03  7.5243E-01 -3.9584E-01 -6.2242E-01  7.1900E-01  7.9778E-01 -7.8778E-02 -5.7708E-01
  1.1000E+01  6.0000E+00  0.0000E+00  5.3000E-01  0.0000E+00  0.0000E+00  2.9824E+00  1.9784E+01  8.7348E+00  6.0445E+01  1.9026E+00  1.3136E+03  5.5542E-01 -3.9952E-01 -3.9370E-01  5.3000E-01  5.6226E-01 -3.2260E-02 -3.9922E-01
  1.1000E+01  8.0000E+00  0.0000E+00  5.2600E-01  0.0000E+00  0.0000E+00  2.9824E+00  1.9784E+01  8.7348E+00  6.0445E+01  1.9026E+00  1.3136E+03  4.8052E-01  8.1452E-01  9.0215E-01  5.2600E-01  4.7352E-01  5.2479E-02  8.2146E-01
  1.1000E+01  1.2000E+01  0.0000E+00  3.9200E-01  0.0000E+00  0.0000E+00  2.9824E+00  1.9784E+01  8.7348E+00  6.0445E+01  1.9026E+00  1.3136E+03  3.9578E-01 -8.0080E-02  1.6694E-02  3.9200E-01  3.8353E-01  8.4661E-03 -1.7651E-02
  1.1000E+01  2.4000E+01  0.0000E+00  2.4200E-01  0.0000E+00  0.0000E+00  2.9824E+00  1.9784E+01  8.7348E+00  6.0445E+01  1.9026E+00  1.3136E+03  2.3325E-01  2.7591E-01  3.0709E-01  2.4200E-01  2.2258E-01  1.9417E-02  3.0467E-01
  1.1000E+01  3.6000E+01  0.0000E+00  1.5400E-01  0.0000E+00  0.0000E+00  2.9824E+00  1.9784E+01  8.7348E+00  6.0445E+01  1.9026E+00  1.3136E+03  1.3950E-01  5.9842E-01  5.9325E-01  1.5400E-01  1.3144E-01  2.2558E-02  6.2108E-01
  1.1000E+01  4.8000E+01  0.0000E+00  7.2000E-02  0.0000E+00  0.0000E+00  2.9824E+00  1.9784E+01  8.7348E+00  6.0445E+01  1.9026E+00  1.3136E+03  8.5294E-02 -6.3314E-01 -6.5041E-01  7.2000E-02  7.9554E-02 -7.5543E-03 -6.1096E-01
  1.2000E+01  0.0000E+00  1.0000E+02  0.0000E+00  1.0000E+00  1.0000E+00  3.8940E+00  2.9048E+01  5.2093E+00  6.3579E+01  1.9026E+00  1.2732E+03  3.4425E+00 -9.1281E+00  0.0000E+00  0.0000E+00  4.9882E+00  0.0000E+00  0.0000E+00
  1.2000E+01  2.5000E-01  0.0000E+00  2.5520E+00  0.0000E+00  0.0000E+00  3.8940E+00  2.9048E+01  5.2093E+00  6.3579E+01  1.9026E+00  1.2732E+03  3.1329E+00 -1.6921E+00 -2.5193E+00  2.5520E+00  4.2708E+00 -1.7188E+00 -1.9050E+00
  1.2000E+01  5.0000E-01  0.0000E+00  3.0220E+00  0.0000E+00  0.0000E+00  3.8940E+00  2.9048E+01  5.2093E+00  6.3579E+01  1.9026E+00  1.2732E+03  2.8540E+00  5.3711E-01 -9.1602E-02  3.0220E+00  3.6700E+00 -6.4804E-01 -1.2994E-01
  1.2000E+01  1.0000E+00  0.0000E+00  2.5530E+00  0.0000E+00  0.0000E+00  3.8940E+00  2.9048E+01  5.2093E+00  6.3579E+01  1.9026E+00  1.2732E+03  2.3762E+00  6.7835E-01  3.7715E-01  2.5530E+00  2.7449E+00 -1.9186E-01  2.6628E-01
  1.2000E+01  2.0000E+00  0.0000E+00  1.6680E+00  0.0000E+00  0.0000E+00  3.8940E+00  2.9048E+01  5.2093E+00  6.3579E+01  1.9026E+00  1.2732E+03  1.6727E+00 -2.5322E-02  8.1540E-02  1.6680E+00  1.6359E+00  3.2134E-02 -7.7207E-03
  1.2000E+01  4.0000E+00  0.0000E+00  8.9700E-01  0.0000E+00  0.0000E+00  3.8940E+00  2.9048E+01  5.2093E+00  6.3579E+01  1.9026E+00  1.2732E+03  8.9792E-01 -9.1638E-03  2.1515E-01  8.9700E-01  7.9778E-01  9.9222E-02  4.1567E-01
  1.2000E+01  6.0000E+00  0.0000E+00  5.2500E-01  0.0000E+00  0.0000E+00  3.8940E+00  2.9048E+01  5.2093E+00  6.3579E+01  1.9026E+00  1.2732E+03  5.5189E-01 -4.2516E-01 -4.9879E-01  5.2500E-01  5.6226E-01 -3.7260E-02 -2.0384E-01
  1.2000E+01  8.0000E+00  0.0000E+00  4.4500E-01  0.0000E+00  0.0000E+00  3.8940E+00  2.9048E+01  5.2093E+00  6.3579E+01  1.9026E+00  1.2732E+03  3.9108E-01  1.1536E+00  7.7205E-01  4.4500E-01  4.7352E-01 -2.8521E-02  5.7569E-01
  1.2000E+01  1.2000E+01  0.0000E+00  2.5500E-01  0.0000E+00  0.0000E+00  3.8940E+00  2.9048E+01  5.2093E+00  6.3579E+01  1.9026E+00  1.2732E+03  2.6591E-01 -3.1481E-01 -9.5315E-01  2.5500E-01  3.8353E-01 -1.2853E-01 -1.1541E+00
  1.2000E+01  2.4000E+01  0.0000E+00  1.2600E-01  0.0000E+00  0.0000E+00  3.8940E+00  2.9048E+01  5.2093E+00  6.3579E+01  1.9026E+00  1.2732E+03  1.5765E-01 -1.2401E+00 -1.6399E+00  1.2600E-01  2.2258E-01 -9.6583E-02 -1.5449E+00
  1.2000E+01  3.6000E+01  0.0000E+00  1.1900E-01  0.0000E+00  0.0000E+00  3.8940E+00  2.9048E+01  5.2093E+00  6.3579E+01  1.9026E+00  1.2732E+03  1.0168E-01  7.9239E-01  6.2230E-01  1.1900E-01  1.3144E-01 -1.2442E-02  6.6238E-01
  1.2000E+01  4.8000E+01  0.0000E+00  7.0000E-02  0.0000E+00  0.0000E+00  3.8940E+00  2.9048E+01  5.2093E+00  6.3579E+01  1.9026E+00  1.2732E+03  6.6686E-02  1.6429E-01  1.1172E-01  7.0000E-02  7.9554E-02 -9.5543E-03  3.8758E-01
  1.3000E+01  0.0000E+00  1.0000E+02  0.0000E+00  1.0000E+00  1.0000E+00  1.3747E+00  2.3021E+01  9.9798E+00  2.8958E+01  1.9025E+00  1.3998E+03  4.3439E+00 -9.1323E+00  0.0000E+00  0.0000E+00  4.9882E+00  0.0000E+00  0.0000E+00
  1.3000E+01  2.5000E-01  0.0000E+00  3.5210E+00  0.0000E+00  0.0000E+00  1.3747E+00  2.3021E+01  9.9798E+00  2.8958E+01  1.9025E+00  1.3998E+03  3.7794E+00 -6.2418E-01 -1.0152E+00  3.5210E+00  4.2708E+00 -7.4984E-01 -6.8150E-01
  1.3000E+01  5.0000E-01  0.0000E+00  3.4590E+00  0.0000E+00  0.0000E+00  1.3747E+00  2.3021E+01  9.9798E+00  2.8958E+01  1.9025E+00  1.3998E+03  3.3206E+00  3.8046E-01  3.4741E-02  3.4590E+00  3.6700E+00 -2.1104E-01  1.4286E-01
  1.3000E+01  1.0000E+00  0.0000E+00  2.6260E+00  0.0000E+00  0.0000E+00  1.3747E+00  2.3021E+01  9.9798E+00  2.8958E+01  1.9025E+00  1.3998E+03  2.6422E+00 -5.6022E-02 -2.2357E-01  2.6260E+00  2.7449E+00 -1.1886E-01 -3.2289E-01
  1.3000E+01  2.0000E+00  0.0000E+00  1.8700E+00  0.0000E+00  0.0000E+00  1.3747E+00  2.3021E+01  9.9798E+00  2.8958E+01  1.9025E+00  1.3998E+03  1.8803E+00 -4.9929E-02  2.8128E-01  1.8700E+00  1.6359E+00  2.3413E-01 -2.6185E-01
  1.3000E+01  4.0000E+00  0.0000E+00  1.3940E+00  0.0000E+00  0.0000E+00  1.3747E+00  2.3021E+01  9.9798E+00  2.8958E+01  1.9025E+00  1.3998E+03  1.3242E+00  4.7775E-01  1.4933E+00  1.3940E+00  7.9778E-01  5.9622E-01  1.3126E+00
  1.3000E+01  6.0000E+00  0.0000E+00  1.4020E+00  0.0000E+00  0.0000E+00  1.3747E+00  2.3021E+01  9.9798E+00  2.8958E+01  1.9025E+00  1.3998E+03  1.1199E+00  2.2753E+00  3.4199E+00  1.4020E+00  5.6226E-01  8.3974E-01  5.4068E+00
  1.3000E+01  8.0000E+00  0.0000E+00  8.0600E-01  0.0000E+00  0.0000E+00  1.3747E+00  2.3021E+01  9.9798E+00  2.8958E+01  1.9025E+00  1.3998E+03  9.8963E-01 -1.6708E+00 -6.1595E-01  8.0600E-01  4.7352E-01  3.3248E-01 -1.7392E+00
  1.3000E+01  1.2000E+01  0.0000E+00  7.7000E-01  0.0000E+00  0.0000E+00  1.3747E+00  2.3021E+01  9.9798E+00  2.8958E+01  1.9025E+00  1.3998E+03  7.8901E-01 -2.1519E-01  5.5549E-01  7.7000E-01  3.8353E-01  3.8647E-01  5.9989E-01
  1.3000E+01  2.4000E+01  0.0000E+00  4.2800E-01  0.0000E+00  0.0000E+00  1.3747E+00  2.3021E+01  9.9798E+00  2.8958E+01  1.9025E+00  1.3998E+03  4.0745E-01  4.2468E-01  5.6582E-01  4.2800E-01  2.2258E-01  2.0542E-01  4.1865E-01
  1.3000E+01  3.6000E+01  0.0000E+00  2.3600E-01  0.0000E+00  0.0000E+00  1.3747E+00  2.3021E+01  9.9798E+00  2.8958E+01  1.9025E+00  1.3998E+03  2.1607E-01  6.5968E-01  5.1165E-01  2.3600E-01  1.3144E-01  1.0456E-01  1.7453E-01
  1.3000E+01  4.8000E+01  0.0000E+00  1.0200E-01  0.0000E+00  0.0000E+00  1.3747E+00  2.3021E+01  9.9798E+00  2.8958E+01  1.9025E+00  1.3998E+03  1.2002E-01 -7.8548E-01 -1.0068E+00  1.0200E-01  7.9554E-02  2.2446E-02 -1.4687E+00
  1.4000E+01  0.0000E+00  1.0000E+02  0.0000E+00  1.0000E+00  1.0000E+00  2.8026E+00  2.0520E+01  8.5805E+00  6.2345E+01  1.9026E+00  1.3211E+03  4.8734E+00 -9.1338E+00  0.0000E+00  0.0000E+00  4.9882E+00  0.0000E+00  0.0000E+00
  1.4000E+01  2.5000E-01  0.0000E+00  3.7250E+00  0.0000E+00  0.0000E+00  2.8026E+00  2.0520E+01  8.5805E+00  6.2345E+01  1.9026E+00  1.3211E+03  4.1529E+00 -9.4087E-01 -8.3830E-01  3.7250E+00  4.2708E+00 -5.4584E-01 -8.1209E-01
  1.4000E+01  5.0000E-01  0.0000E+00  3.7660E+00  0.0000E+00  0.0000E+00  2.8026E+00  2.0520E+01  8.5805E+00  6.2345E+01  1.9026E+00  1.3211E+03  3.5534E+00  5.4621E-01  5.4340E-01  3.7660E+00  3.6700E+00  9.5965E-02  5.1546E-01
  1.4000E+01  1.0000E+00  0.0000E+00  2.5970E+00  0.0000E+00  0.0000E+00  2.8026E+00  2.0520E+01  8.5805E+00  6.2345E+01  1.9026E+00  1.3211E+03  2.6389E+00 -1.4475E-01 -3.4128E-01  2.5970E+00  2.7449E+00 -1.4786E-01 -3.0980E-01
  1.4000E+01  2.0000E+00  0.0000E+00  1.7780E+00  0.0000E+00  0.0000E+00  2.8026E+00  2.0520E+01  8.5805E+00  6.2345E+01  1.9026E+00  1.3211E+03  1.5625E+00  1.2529E+00  8.2782E-01  1.7780E+00  1.6359E+00  1.4213E-01  7.9694E-01
  1.4000E+01  4.0000E+00  0.0000E+00  7.1400E-01  0.0000E+00  0.0000E+00  2.8026E+00  2.0520E+01  8.5805E+00  6.2345E+01  1.9026E+00  1.3211E+03  7.7597E-01 -7.1258E-01 -9.1816E-01  7.1400E-01  7.9778E-01 -8.3778E-02 -8.3695E-01
  1.4000E+01  6.0000E+00  0.0000E+00  4.2300E-01  0.0000E+00  0.0000E+00  2.8026E+00  2.0520E+01  8.5805E+00  6.2345E+01  1.9026E+00  1.3211E+03  5.6394E-01 -2.1849E+00 -2.0400E+00  4.2300E-01  5.6226E-01 -1.3926E-01 -1.9437E+00
  1.4000E+01  8.0000E+00  0.0000E+00  5.1000E-01  0.0000E+00  0.0000E+00  2.8026E+00  2.0520E+01  8.5805E+00  6.2345E+01  1.9026E+00  1.3211E+03  4.8477E-01  4.4823E-01  7.3530E-01  5.1000E-01  4.7352E-01  3.6479E-02  6.8531E-01
  1.4000E+01  1.2000E+01  0.0000E+00  4.6200E-01  0.0000E+00  0.0000E+00  2.8026E+00  2.0520E+01  8.5805E+00  6.2345E+01  1.9026E+00  1.3211E+03  4.0147E-01  1.2668E+00  1.5675E+00  4.6200E-01  3.8353E-01  7.8466E-02  1.5011E+00
  1.4000E+01  2.4000E+01  0.0000E+00  2.6700E-01  0.0000E+00  0.0000E+00  2.8026E+00  2.0520E+01  8.5805E+00  6.2345E+01  1.9026E+00  1.3211E+03  2.4439E-01  6.9149E-01  8.1246E-01  2.6700E-01  2.2258E-01  4.4417E-02  7.9963E-01
  1.4000E+01  3.6000E+01  0.0000E+00  1.4300E-01  0.0000E+00  0.0000E+00  2.8026E+00  2.0520E+01  8.5805E+00  6.2345E+01  1.9026E+00  1.3211E+03  1.5085E-01 -3.1369E-01 -3.2990E-01  1.4300E-01  1.3144E-01  1.1558E-02 -3.2332E-01
  1.4000E+01  4.8000E+01  0.0000E+00  8.9000E-02  0.0000E+00  0.0000E+00  2.8026E+00  2.0520E+01  8.5805E+00  6.2345E+01  1.9026E+00  1.3211E+03  9.4920E-02 -2.7551E-01 -3.5668E-01  8.9000E-02  7.9554E-02  9.4457E-03 -3.1742E-01
  1.5000E+01  0.0000E+00  1.0000E+02  0.0000E+00  1.0000E+00  1.0000E+00  2.5106E+00  2.2288E+01  1.1352E+01  4.4012E+01  1.9026E+00  1.3122E+03  4.4867E+00 -9.1328E+00  0.0000E+00  0.0000E+00  4.9882E+00  0.0000E+00  0.0000E+00
  1.5000E+01  2.5000E-01  0.0000E+00  3.6890E+00  0.0000E+00  0.0000E+00  2.5106E+00  2.2288E+01  1.1352E+01  4.4012E+01  1.9026E+00  1.3122E+03  3.7756E+00 -2.0932E-01 -5.8589E-01  3.6890E+00  4.2708E+00 -5.8184E-01 -4.5842E-01
  1.5000E+01  5.0000E-01  0.0000E+00  3.4700E+00  0.0000E+00  0.0000E+00  2.5106E+00  2.2288E+01  1.1352E+01  4.4012E+01  1.9026E+00  1.3122E+03  3.2062E+00  7.5089E-01  3.2691E-01  3.4700E+00  3.6700E+00 -2.0004E-01  2.9052E-01
  1.5000E+01  1.0000E+00  0.0000E+00  2.1400E+00  0.0000E+00  0.0000E+00  2.5106E+00  2.2288E+01  1.1352E+01  4.4012E+01  1.9026E+00  1.3122E+03  2.3836E+00 -9.3155E-01 -1.3294E+00  2.1400E+00  2.7449E+00 -6.0486E-01 -1.2216E+00
  1.5000E+01  2.0000E+00  0.0000E+00  1.4630E+00  0.0000E+00  0.0000E+00  2.5106E+00  2.2288E+01  1.1352E+01  4.4012E+01  1.9026E+00  1.3122E+03  1.5050E+00 -2.5359E-01 -3.5376E-01  1.4630E+00  1.6359E+00 -1.7287E-01 -5.1789E-01
  1.5000E+01  4.0000E+00  0.0000E+00  1.0580E+00  0.0000E+00  0.0000E+00  2.5106E+00  2.2288E+01  1.1352E+01  4.4012E+01  1.9026E+00  1.3122E+03  9.3910E-01  1.1382E+00  1.5299E+00  1.0580E+00  7.9778E-01  2.6022E-01  1.5832E+00
  1.5000E+01  6.0000E+00  0.0000E+00  7.4800E-01  0.0000E+00  0.0000E+00  2.5106E+00  2.2288E+01  1.1352E+01  4.4012E+01  1.9026E+00  1.3122E+03  7.7402E-01 -2.9999E-01  1.8153E-01  7.4800E-01  5.6226E-01  1.8574E-01  2.1929E-01
  1.5000E+01  8.0000E+00  0.0000E+00  6.2800E-01  0.0000E+00  0.0000E+00  2.5106E+00  2.2288E+01  1.1352E+01  4.4012E+01  1.9026E+00  1.3122E+03  6.8185E-01 -6.9990E-01 -2.7670E-01  6.2800E-01  4.7352E-01  1.5448E-01 -3.4036E-01
  1.5000E+01  1.2000E+01  0.0000E+00  5.9300E-01  0.0000E+00  0.0000E+00  2.5106E+00  2.2288E+01  1.1352E+01  4.4012E+01  1.9026E+00  1.3122E+03  5.4449E-01  7.7641E-01  1.0265E+00  5.9300E-01  3.8353E-01  2.0947E-01  1.3238E+00
  1.5000E+01  2.4000E+01  0.0000E+00  3.0800E-01  0.0000E+00  0.0000E+00  2.5106E+00  2.2288E+01  1.1352E+01  4.4012E+01  1.9026E+00  1.3122E+03  2.8257E-01  7.0258E-01  6.1951E-01  3.0800E-01  2.2258E-01  8.5417E-02  6.1711E-01
  1.5000E+01  3.6000E+01  0.0000E+00  1.2700E-01  0.0000E+00  0.0000E+00  2.5106E+00  2.2288E+01  1.1352E+01  4.4012E+01  1.9026E+00  1.3122E+03  1.4991E-01 -9.1800E-01 -1.0961E+00  1.2700E-01  1.3144E-01 -4.4416E-03 -1.2322E+00
  1.5000E+01  4.8000E+01  0.0000E+00  8.9000E-02  0.0000E+00  0.0000E+00  2.5106E+00  2.2288E+01  1.1352E+01  4.4012E+01  1.9026E+00  1.3122E+03  8.2666E-02  3.0348E-01  1.4015E-01  8.9000E-02  7.9554E-02  9.4457E-03  7.1202E-02
  1.6000E+01  0.0000E+00  1.0000E+02  0.0000E+00  1.0000E+00  1.0000E+00  1.2627E+00  1.1894E+01  5.0721E+00  6.1955E+01  1.9025E+00  1.1503E+03  8.4073E+00 -9.1376E+00  0.0000E+00  0.0000E+00  4.9882E+00  0.0000E+00  0.0000E+00
  1.6000E+01  2.5000E-01  0.0000E+00  6.8230E+00  0.0000E+00  0.0000E+00  1.2627E+00  1.1894E+01  5.0721E+00  6.1955E+01  1.9025E+00  1.1503E+03  7.0789E+00 -3.3031E-01  1.1099E+00  6.8230E+00  4.2708E+00  2.5522E+00  1.1879E+00
  1.6000E+01  5.0000E-01  0.0000E+00  6.9490E+00  0.0000E+00  0.0000E+00  1.2627E+00  1.1894E+01  5.0721E+00  6.1955E+01  1.9025E+00  1.1503E+03  5.9757E+00  1.4880E+00  2.6745E+00  6.9490E+00  3.6700E+00  3.2790E+00  3.8011E+00
  1.6000E+01  1.0000E+00  0.0000E+00  4.5060E+00  0.0000E+00  0.0000E+00  1.2627E+00  1.1894E+01  5.0721E+00  6.1955E+01  1.9025E+00  1.1503E+03  4.2982E+00  4.4156E-01  1.1879E+00  4.5060E+00  2.7449E+00  1.7611E+00  1.5562E+00
  1.6000E+01  2.0000E+00  0.0000E+00  2.4740E+00  0.0000E+00  0.0000E+00  1.2627E+00  1.1894E+01  5.0721E+00  6.1955E+01  1.9025E+00  1.1503E+03  2.3398E+00  5.2285E-01  6.7902E-01  2.4740E+00  1.6359E+00  8.3813E-01  8.7311E-01
  1.6000E+01  4.0000E+00  0.0000E+00  9.4600E-01  0.0000E+00  0.0000E+00  1.2627E+00  1.1894E+01  5.0721E+00  6.1955E+01  1.9025E+00  1.1503E+03  9.4912E-01 -2.9546E-02 -1.1675E-01  9.4600E-01  7.9778E-01  1.4822E-01 -1.6529E-01
  1.6000E+01  6.0000E+00  0.0000E+00  5.1300E-01  0.0000E+00  0.0000E+00  1.2627E+00  1.1894E+01  5.0721E+00  6.1955E+01  1.9025E+00  1.1503E+03  6.1287E-01 -1.4340E+00 -1.3391E+00  5.1300E-01  5.6226E-01 -4.9260E-02 -1.3677E+00
  1.6000E+01  8.0000E+00  0.0000E+00  6.0600E-01  0.0000E+00  0.0000E+00  1.2627E+00  1.1894E+01  5.0721E+00  6.1955E+01  1.9025E+00  1.1503E+03  5.1536E-01  1.5248E+00  1.7523E+00  6.0600E-01  4.7352E-01  1.3248E-01  1.7652E+00
  1.6000E+01  1.2000E+01  0.0000E+00  4.0200E-01  0.0000E+00  0.0000E+00  1.2627E+00  1.1894E+01  5.0721E+00  6.1955E+01  1.9025E+00  1.1503E+03  4.4397E-01 -8.0567E-01 -4.7336E-01  4.0200E-01  3.8353E-01  1.8466E-02 -6.7105E-01
  1.6000E+01  2.4000E+01  0.0000E+00  3.5600E-01  0.0000E+00  0.0000E+00  1.2627E+00  1.1894E+01  5.0721E+00  6.1955E+01  1.9025E+00  1.1503E+03  3.1857E-01  9.4497E-01  1.3875E+00  3.5600E-01  2.2258E-01  1.3342E-01  1.1698E+00
  1.6000E+01  3.6000E+01  0.0000E+00  1.9400E-01  0.0000E+00  0.0000E+00  1.2627E+00  1.1894E+01  5.0721E+00  6.1955E+01  1.9025E+00  1.1503E+03  2.3163E-01 -1.1924E+00 -7.1864E-01  1.9400E-01  1.3144E-01  6.2558E-02 -1.3669E+00
  1.6000E+01  4.8000E+01  0.0000E+00  1.9700E-01  0.0000E+00  0.0000E+00  1.2627E+00  1.1894E+01  5.0721E+00  6.1955E+01  1.9025E+00  1.1503E+03  1.7085E-01  9.8616E-01  1.4438E+00  1.9700E-01  7.9554E-02  1.1745E-01  1.7687E+00
  1.7000E+01  0.0000E+00  1.0000E+02  0.0000E+00  1.0000E+00  1.0000E+00  3.1880E+00  1.8867E+01  9.8827E+00  5.1413E+01  1.9026E+00  1.2267E+03  5.3003E+00 -9.1347E+00  0.0000E+00  0.0000E+00  4.9882E+00  0.0000E+00  0.0000E+00
  1.7000E+01  2.5000E-01  0.0000E+00  4.3150E+00  0.0000E+00  0.0000E+00  3.1880E+00  1.8867E+01  9.8827E+00  5.1413E+01  1.9026E+00  1.2267E+03  4.3608E+00 -9.5987E-02 -7.3849E-02  4.3150E+00  4.2708E+00  4.4163E-02 -1.1208E-02
  1.7000E+01  5.0000E-01  0.0000E+00  3.8530E+00  0.0000E+00  0.0000E+00  3.1880E+00  1.8867E+01  9.8827E+00  5.1413E+01  1.9026E+00  1.2267E+03  3.6141E+00  6.0341E-01  4.4085E-01  3.8530E+00  3.6700E+00  1.8296E-01  4.6574E-01
  1.7000E+01  1.0000E+00  0.0000E+00  2.5750E+00  0.0000E+00  0.0000E+00  3.1880E+00  1.8867E+01  9.8827E+00  5.1413E+01  1.9026E+00  1.2267E+03  2.5473E+00  9.9087E-02 -2.6160E-01  2.5750E+00  2.7449E+00 -1.6986E-01 -2.8766E-01
  1.7000E+01  2.0000E+00  0.0000E+00  1.3320E+00  0.0000E+00  0.0000E+00  3.1880E+00  1.8867E+01  9.8827E+00  5.1413E+01  1.9026E+00  1.2267E+03  1.4368E+00 -6.6193E-01 -9.7328E-01  1.3320E+00  1.6359E+00 -3.0387E-01 -1.0056E+00
  1.7000E+01  4.0000E+00  0.0000E+00  7.8900E-01  0.0000E+00  0.0000E+00  3.1880E+00  1.8867E+01  9.8827E+00  5.1413E+01  1.9026E+00  1.2267E+03  7.7158E-01  2.0140E-01  2.9843E-01  7.8900E-01  7.9778E-01 -8.7785E-03  2.5466E-01
  1.7000E+01  6.0000E+00  0.0000E+00  7.3300E-01  0.0000E+00  0.0000E+00  3.1880E+00  1.8867E+01  9.8827E+00  5.1413E+01  1.9026E+00  1.2267E+03  6.1082E-01  1.7598E+00  1.9861E+00  7.3300E-01  5.6226E-01  1.7074E-01  2.1249E+00
  1.7000E+01  8.0000E+00  0.0000E+00  4.2800E-01  0.0000E+00  0.0000E+00  3.1880E+00  1.8867E+01  9.8827E+00  5.1413E+01  1.9026E+00  1.2267E+03  5.3464E-01 -1.7355E+00 -1.5168E+00  4.2800E-01  4.7352E-01 -4.5521E-02 -1.5092E+00
  1.7000E+01  1.2000E+01  0.0000E+00  4.2900E-01  0.0000E+00  0.0000E+00  3.1880E+00  1.8867E+01  9.8827E+00  5.1413E+01  1.9026E+00  1.2267E+03  4.2723E-01  3.5100E-02  1.7580E-01  4.2900E-01  3.8353E-01  4.5466E-02  1.9296E-01
  1.7000E+01  2.4000E+01  0.0000E+00  2.1800E-01  0.0000E+00  0.0000E+00  3.1880E+00  1.8867E+01  9.8827E+00  5.1413E+01  1.9026E+00  1.2267E+03  2.2310E-01 -1.6540E-01 -1.8156E-01  2.1800E-01  2.2258E-01 -4.5830E-03 -2.5951E-01
  1.7000E+01  3.6000E+01  0.0000E+00  1.1600E-01  0.0000E+00  0.0000E+00  3.1880E+00  1.8867E+01  9.8827E+00  5.1413E+01  1.9026E+00  1.2267E+03  1.1908E-01 -1.3454E-01 -2.0611E-01  1.1600E-01  1.3144E-01 -1.5442E-02 -2.9398E-01
  1.7000E+01  4.8000E+01  0.0000E+00  7.9000E-02  0.0000E+00  0.0000E+00  3.1880E+00  1.8867E+01  9.8827E+00  5.1413E+01  1.9026E+00  1.2267E+03  6.6028E-02  6.4380E-01  5.7180E-01  7.9000E-02  7.9554E-02 -5.5426E-04  4.8847E-01
  1.8000E+01  0.0000E+00  1.0000E+02  0.0000E+00  1.0000E+00  1.0000E+00  8.9817E+00  2.8546E+01  5.9942E+00  5.2411E+01  1.9026E+00  1.3220E+03  3.5032E+00 -9.1285E+00  0.0000E+00  0.0000E+00  4.9882E+00  0.0000E+00  0.0000E+00
  1.8000E+01  2.5000E-01  0.0000E+00  3.0300E+00  0.0000E+00  0.0000E+00  8.9817E+00  2.8546E+01  5.9942E+00  5.2411E+01  1.9026E+00  1.3220E+03  3.0241E+00  1.7670E-02 -1.1654E+00  3.0300E+00  4.2708E+00 -1.2408E+00 -9.8231E-01
  1.8000E+01  5.0000E-01  0.0000E+00  2.7480E+00  0.0000E+00  0.0000E+00  8.9817E+00  2.8546E+01  5.9942E+00  5.2411E+01  1.9026E+00  1.3220E+03  2.6151E+00  4.6359E-01 -5.6934E-01  2.7480E+00  3.6700E+00 -9.2204E-01 -5.1441E-01
  1.8000E+01  1.0000E+00  0.0000E+00  1.7690E+00  0.0000E+00  0.0000E+00  8.9817E+00  2.8546E+01  5.9942E+00  5.2411E+01  1.9026E+00  1.3220E+03  1.9671E+00 -9.1676E-01 -1.6631E+00  1.7690E+00  2.7449E+00 -9.7586E-01 -1.2227E+00
  1.8000E+01  2.0000E+00  0.0000E+00  1.0710E+00  0.0000E+00  0.0000E+00  8.9817E+00  2.8546E+01  5.9942E+00  5.2411E+01  1.9026E+00  1.3220E+03  1.1474E+00 -6.0183E-01 -9.2779E-01  1.0710E+00  1.6359E+00 -5.6487E-01 -6.8714E-01
  1.8000E+01  4.0000E+00  0.0000E+00  5.1800E-01  0.0000E+00  0.0000E+00  8.9817E+00  2.8546E+01  5.9942E+00  5.2411E+01  1.9026E+00  1.3220E+03  4.6759E-01  9.2481E-01  6.4354E-01  5.1800E-01  7.9778E-01 -2.7978E-01  1.2560E-01
  1.8000E+01  6.0000E+00  0.0000E+00  2.7000E-01  0.0000E+00  0.0000E+00  8.9817E+00  2.8546E+01  5.9942E+00  5.2411E+01  1.9026E+00  1.3220E+03  2.5897E-01  3.2442E-01 -3.0909E-01  2.7000E-01  5.6226E-01 -2.9226E-01 -5.8250E-01
  1.8000E+01  8.0000E+00  0.0000E+00  1.8400E-01  0.0000E+00  0.0000E+00  8.9817E+00  2.8546E+01  5.9942E+00  5.2411E+01  1.9026E+00  1.3220E+03  1.8443E-01 -1.5622E-02 -8.2990E-01  1.8400E-01  4.7352E-01 -2.8952E-01 -8.9155E-01
  1.8000E+01  1.2000E+01  0.0000E+00  1.1000E-01  0.0000E+00  0.0000E+00  8.9817E+00  2.8546E+01  5.9942E+00  5.2411E+01  1.9026E+00  1.3220E+03  1.2734E-01 -7.4091E-01 -1.5151E+00  1.1000E-01  3.8353E-01 -2.7353E-01 -1.1798E+00
  1.8000E+01  2.4000E+01  0.0000E+00  4.8000E-02  0.0000E+00  0.0000E+00  8.9817E+00  2.8546E+01  5.9942E+00  5.2411E+01  1.9026E+00  1.3220E+03  5.6532E-02 -4.3089E-01 -8.0075E-01  4.8000E-02  2.2258E-01 -1.7458E-01 -5.7245E-01
  1.8000E+01  3.6000E+01  0.0000E+00  3.6000E-02  0.0000E+00  0.0000E+00  8.9817E+00  2.8546E+01  5.9942E+00  5.2411E+01  1.9026E+00  1.3220E+03  2.6081E-02  5.2140E-01  3.5239E-01  3.6000E-02  1.3144E-01 -9.5442E-02  5.1664E-01
  1.8000E+01  4.8000E+01  0.0000E+00  1.0000E-03  0.0000E+00  0.0000E+00  8.9817E+00  2.8546E+01  5.9942E+00  5.2411E+01  1.9026E+00  1.3220E+03  1.2687E-02 -6.1967E-01 -6.9980E-01  1.0000E-03  7.9554E-02 -7.8554E-02 -2.1388E-01
  1.9000E+01  0.0000E+00  1.0000E+02  0.0000E+00  1.0000E+00  1.0000E+00  3.0484E+00  2.0959E+01  6.8885E+00  4.0720E+01  1.9026E+00  1.3501E+03  4.7713E+00 -9.1336E+00  0.0000E+00  0.0000E+00  4.9882E+00  0.0000E+00  0.0000E+00
  1.9000E+01  2.5000E-01  0.0000E+00  4.5370E+00  0.0000E+00  0.0000E+00  3.0484E+00  2.0959E+01  6.8885E+00  4.0720E+01  1.9026E+00  1.3501E+03  4.1504E+00  8.5071E-01  6.5810E-01  4.5370E+00  4.2708E+00  2.6616E-01  6.4380E-01
  1.9000E+01  5.0000E-01  0.0000E+00  3.3370E+00  0.0000E+00  0.0000E+00  3.0484E+00  2.0959E+01  6.8885E+00  4.0720E+01  1.9026E+00  1.3501E+03  3.6241E+00 -7.2316E-01 -8.4001E-01  3.3370E+00  3.6700E+00 -3.3304E-01 -8.0099E-01
  1.9000E+01  1.0000E+00  0.0000E+00  2.7820E+00  0.0000E+00  0.0000E+00  3.0484E+00  2.0959E+01  6.8885E+00  4.0720E+01  1.9026E+00  1.3501E+03  2.7991E+00 -5.5797E-02 -4.6328E-02  2.7820E+00  2.7449E+00  3.7143E-02 -4.1610E-02
  1.9000E+01  2.0000E+00  0.0000E+00  1.7770E+00  0.0000E+00  0.0000E+00  3.0484E+00  2.0959E+01  6.8885E+00  4.0720E+01  1.9026E+00  1.3501E+03  1.7739E+00  1.5936E-02  1.8390E-01  1.7770E+00  1.6359E+00  1.4113E-01  1.5987E-01
  1.9000E+01  4.0000E+00  0.0000E+00  1.0540E+00  0.0000E+00  0.0000E+00  3.0484E+00  2.0959E+01  6.8885E+00  4.0720E+01  1.9026E+00  1.3501E+03  9.3741E-01  1.1180E+00  1.3551E+00  1.0540E+00  7.9778E-01  2.5622E-01  1.4683E+00
  1.9000E+01  6.0000E+00  0.0000E+00  6.4500E-01  0.0000E+00  0.0000E+00  3.0484E+00  2.0959E+01  6.8885E+00  4.0720E+01  1.9026E+00  1.3501E+03  6.6780E-01 -3.0225E-01 -1.3816E-01  6.4500E-01  5.6226E-01  8.2740E-02 -1.2141E-01
  1.9000E+01  8.0000E+00  0.0000E+00  5.4100E-01  0.0000E+00  0.0000E+00  3.0484E+00  2.0959E+01  6.8885E+00  4.0720E+01  1.9026E+00  1.3501E+03  5.5108E-01 -1.5955E-01 -1.0843E-01  5.4100E-01  4.7352E-01  6.7479E-02 -4.4332E-02
  1.9000E+01  1.2000E+01  0.0000E+00  4.4900E-01  0.0000E+00  0.0000E+00  3.0484E+00  2.0959E+01  6.8885E+00  4.0720E+01  1.9026E+00  1.3501E+03  4.2372E-01  5.0529E-01  3.3961E-01  4.4900E-01  3.8353E-01  6.5466E-02  4.1438E-01
  1.9000E+01  2.4000E+01  0.0000E+00  2.1100E-01  0.0000E+00  0.0000E+00  3.0484E+00  2.0959E+01  6.8885E+00  4.0720E+01  1.9026E+00  1.3501E+03  2.1214E-01 -3.8100E-02 -5.2728E-01  2.1100E-01  2.2258E-01 -1.1583E-02 -5.3526E-01
  1.9000E+01  3.6000E+01  0.0000E+00  1.0300E-01  0.0000E+00  0.0000E+00  3.0484E+00  2.0959E+01  6.8885E+00  4.0720E+01  1.9026E+00  1.3501E+03  1.0919E-01 -2.7777E-01 -7.5370E-01  1.0300E-01  1.3144E-01 -2.8442E-02 -7.5866E-01
  1.9000E+01  4.8000E+01  0.0000E+00  5.8000E-02  0.0000E+00  0.0000E+00  3.0484E+00  2.0959E+01  6.8885E+00  4.0720E+01  1.9026E+00  1.3501E+03  5.8787E-02 -3.9572E-02 -3.9494E-01  5.8000E-02  7.9554E-02 -2.1554E-02 -3.8907E-01
  2.0000E+01  0.0000E+00  1.0000E+02  0.0000E+00  1.0000E+00  1.0000E+00  5.8553E+00  1.8328E+01  6.4090E+00  4.1973E+01  1.9026E+00  1.4273E+03  5.4560E+00 -9.1350E+00  0.0000E+00  0.0000E+00  4.9882E+00  0.0000E+00  0.0000E+00
  2.0000E+01  2.5000E-01  0.0000E+00  4.4180E+00  0.0000E+00  0.0000E+00  5.8553E+00  1.8328E+01  6.4090E+00  4.1973E+01  1.9026E+00  1.4273E+03  4.5052E+00 -1.7686E-01  3.1826E-03  4.4180E+00  4.2708E+00  1.4716E-01  2.4976E-02
  2.0000E+01  5.0000E-01  0.0000E+00  3.9160E+00  0.0000E+00  0.0000E+00  5.8553E+00  1.8328E+01  6.4090E+00  4.1973E+01  1.9026E+00  1.4273E+03  3.7347E+00  4.4323E-01  3.7244E-01  3.9160E+00  3.6700E+00  2.4596E-01  4.3795E-01
  2.0000E+01  1.0000E+00  0.0000E+00  2.5840E+00  0.0000E+00  0.0000E+00  5.8553E+00  1.8328E+01  6.4090E+00  4.1973E+01  1.9026E+00  1.4273E+03  2.6030E+00 -6.6509E-02 -5.2695E-01  2.5840E+00  2.7449E+00 -1.6086E-01 -4.0139E-01
  2.0000E+01  2.0000E+00  0.0000E+00  1.5550E+00  0.0000E+00  0.0000E+00  5.8553E+00  1.8328E+01  6.4090E+00  4.1973E+01  1.9026E+00  1.4273E+03  1.3635E+00  1.2732E+00  4.5173E-01  1.5550E+00  1.6359E+00 -8.0866E-02  3.8366E-01
  2.0000E+01  4.0000E+00  0.0000E+00  5.0500E-01  0.0000E+00  0.0000E+00  5.8553E+00  1.8328E+01  6.4090E+00  4.1973E+01  1.9026E+00  1.4273E+03  5.6416E-01 -9.1683E-01 -1.4332E+00  5.0500E-01  7.9778E-01 -2.9278E-01 -1.1016E+00
  2.0000E+01  6.0000E+00  0.0000E+00  3.7500E-01  0.0000E+00  0.0000E+00  5.8553E+00  1.8328E+01  6.4090E+00  4.1973E+01  1.9026E+00  1.4273E+03  3.7398E-01  2.2560E-02 -2.2973E-01  3.7500E-01  5.6226E-01 -1.8726E-01 -2.5073E-01
  2.0000E+01  8.0000E+00  0.0000E+00  2.9100E-01  0.0000E+00  0.0000E+00  5.8553E+00  1.8328E+01  6.4090E+00  4.1973E+01  1.9026E+00  1.4273E+03  3.0139E-01 -2.7369E-01 -5.6988E-01  2.9100E-01  4.7352E-01 -1.8252E-01 -4.5373E-01
  2.0000E+01  1.2000E+01  0.0000E+00  2.5800E-01  0.0000E+00  0.0000E+00  5.8553E+00  1.8328E+01  6.4090E+00  4.1973E+01  1.9026E+00  1.4273E+03  2.1939E-01  1.2661E+00  7.0614E-01  2.5800E-01  3.8353E-01 -1.2553E-01  3.6222E-01
  2.0000E+01  2.4000E+01  0.0000E+00  7.5000E-02  0.0000E+00  0.0000E+00  5.8553E+00  1.8328E+01  6.4090E+00  4.1973E+01  1.9026E+00  1.4273E+03  9.0266E-02 -7.1861E-01 -1.5066E+00  7.5000E-02  2.2258E-01 -1.4758E-01 -9.2809E-01
  2.0000E+01  3.6000E+01  0.0000E+00  2.8000E-02  0.0000E+00  0.0000E+00  5.8553E+00  1.8328E+01  6.4090E+00  4.1973E+01  1.9026E+00  1.4273E+03  3.8599E-02 -5.4980E-01 -1.1108E+00  2.8000E-02  1.3144E-01 -1.0344E-01 -5.3280E-01
  2.0000E+01  4.8000E+01  0.0000E+00  1.0000E-03  0.0000E+00  0.0000E+00  5.8553E+00  1.8328E+01  6.4090E+00  4.1973E+01  1.9026E+00  1.4273E+03  1.7878E-02 -8.9250E-01 -1.2248E+00  1.0000E-03  7.9554E-02 -7.8554E-02 -5.7685E-01
  2.1000E+01  0.0000E+00  1.0000E+02  0.0000E+00  1.0000E+00  1.0000E+00  2.4509E+00  1.7651E+01  5.6664E+00  8.3909E+01  1.9026E+00  1.1743E+03  5.6653E+00 -9.1353E+00  0.0000E+00  0.0000E+00  4.9882E+00  0.0000E+00  0.0000E+00
  2.1000E+01  2.5000E-01  0.0000E+00  4.4290E+00  0.0000E+00  0.0000E+00  2.4509E+00  1.7651E+01  5.6664E+00  8.3909E+01  1.9026E+00  1.1743E+03  4.9192E+00 -9.1027E-01 -4.4581E-01  4.4290E+00  4.2708E+00  1.5816E-01 -4.4114E-01
  2.1000E+01  5.0000E-01  0.0000E+00  4.2160E+00  0.0000E+00  0.0000E+00  2.4509E+00  1.7651E+01  5.6664E+00  8.3909E+01  1.9026E+00  1.1743E+03  4.2781E+00 -1.3248E-01  3.2299E-01  4.2160E+00  3.6700E+00  5.4596E-01  3.6981E-01
  2.1000E+01  1.0000E+00  0.0000E+00  3.8030E+00  0.0000E+00  0.0000E+00  2.4509E+00  1.7651E+01  5.6664E+00  8.3909E+01  1.9026E+00  1.1743E+03  3.2532E+00  1.5424E+00  1.9552E+00  3.8030E+00  2.7449E+00  1.0581E+00  2.1540E+00
  2.1000E+01  2.0000E+00  0.0000E+00  2.0900E+00  0.0000E+00  0.0000E+00  2.4509E+00  1.7651E+01  5.6664E+00  8.3909E+01  1.9026E+00  1.1743E+03  1.9356E+00  7.2606E-01  1.0125E+00  2.0900E+00  1.6359E+00  4.5413E-01  8.7319E-01
  2.1000E+01  4.0000E+00  0.0000E+00  5.9600E-01  0.0000E+00  0.0000E+00  2.4509E+00  1.7651E+01  5.6664E+00  8.3909E+01  1.9026E+00  1.1743E+03  8.1693E-01 -2.4187E+00 -2.3652E+00  5.9600E-01  7.9778E-01 -2.0178E-01 -2.4660E+00
  2.1000E+01  6.0000E+00  0.0000E+00  5.3300E-01  0.0000E+00  0.0000E+00  2.4509E+00  1.7651E+01  5.6664E+00  8.3909E+01  1.9026E+00  1.1743E+03  4.7279E-01  1.0938E+00  8.8628E-01  5.3300E-01  5.6226E-01 -2.9260E-02  8.2441E-01
  2.1000E+01  8.0000E+00  0.0000E+00  3.7300E-01  0.0000E+00  0.0000E+00  2.4509E+00  1.7651E+01  5.6664E+00  8.3909E+01  1.9026E+00  1.1743E+03  3.5891E-01  3.2371E-01 -6.7605E-02  3.7300E-01  4.7352E-01 -1.0052E-01  1.4743E-01
  2.1000E+01  1.2000E+01  0.0000E+00  2.4800E-01  0.0000E+00  0.0000E+00  2.4509E+00  1.7651E+01  5.6664E+00  8.3909E+01  1.9026E+00  1.1743E+03  2.8993E-01 -1.1369E+00 -1.5434E+00  2.4800E-01  3.8353E-01 -1.3553E-01 -1.0243E+00
  2.1000E+01  2.4000E+01  0.0000E+00  2.1800E-01  0.0000E+00  0.0000E+00  2.4509E+00  1.7651E+01  5.6664E+00  8.3909E+01  1.9026E+00  1.1743E+03  2.0950E-01  2.8672E-01  2.8052E-01  2.1800E-01  2.2258E-01 -4.5830E-03  1.0704E-01
  2.1000E+01  3.6000E+01  0.0000E+00  1.4300E-01  0.0000E+00  0.0000E+00  2.4509E+00  1.7651E+01  5.6664E+00  8.3909E+01  1.9026E+00  1.1743E+03  1.5443E-01 -4.5200E-01 -1.8872E-01  1.4300E-01  1.3144E-01  1.1558E-02 -4.2038E-01
  2.1000E+01  4.8000E+01  0.0000E+00  1.4100E-01  0.0000E+00  0.0000E+00  2.4509E+00  1.7651E+01  5.6664E+00  8.3909E+01  1.9026E+00  1.1743E+03  1.1496E-01  1.1508E+00  1.5560E+00  1.4100E-01  7.9554E-02  6.1446E-02  1.5860E+00
  2.2000E+01  0.0000E+00  1.0000E+02  0.0000E+00  1.0000E+00  1.0000E+00  2.6167E+00  2.4494E+01  7.2725E+00  4.1606E+01  1.9026E+00  1.5685E+03  4.0826E+00 -9.1314E+00  0.0000E+00  0.0000E+00  4.9882E+00  0.0000E+00  0.0000E+00
  2.2000E+01  2.5000E-01  0.0000E+00  3.4630E+00  0.0000E+00  0.0000E+00  2.6167E+00  2.4494E+01  7.2725E+00  4.1606E+01  1.9026E+00  1.5685E+03  3.6257E+00 -4.0969E-01 -8.2289E-01  3.4630E+00  4.2708E+00 -8.0784E-01 -6.8498E-01
  2.2000E+01  5.0000E-01  0.0000E+00  3.0960E+00  0.0000E+00  0.0000E+00  2.6167E+00  2.4494E+01  7.2725E+00  4.1606E+01  1.9026E+00  1.5685E+03  3.2312E+00 -3.8193E-01 -7.0732E-01  3.0960E+00  3.6700E+00 -5.7404E-01 -6.1963E-01
  2.2000E+01  1.0000E+00  0.0000E+00  2.7190E+00  0.0000E+00  0.0000E+00  2.6167E+00  2.4494E+01  7.2725E+00  4.1606E+01  1.9026E+00  1.5685E+03  2.5958E+00  4.3265E-01  2.3947E-01  2.7190E+00  2.7449E+00 -2.5857E-02  1.7704E-01
  2.2000E+01  2.0000E+00  0.0000E+00  1.8760E+00  0.0000E+00  0.0000E+00  2.6167E+00  2.4494E+01  7.2725E+00  4.1606E+01  1.9026E+00  1.5685E+03  1.7635E+00  5.8039E-01  5.5050E-01  1.8760E+00  1.6359E+00  2.4013E-01  4.4364E-01
  2.2000E+01  4.0000E+00  0.0000E+00  1.0730E+00  0.0000E+00  0.0000E+00  2.6167E+00  2.4494E+01  7.2725E+00  4.1606E+01  1.9026E+00  1.5685E+03  1.0144E+00  5.2013E-01  7.3895E-01  1.0730E+00  7.9778E-01  2.7522E-01  7.9506E-01
  2.2000E+01  6.0000E+00  0.0000E+00  7.2800E-01  0.0000E+00  0.0000E+00  2.6167E+00  2.4494E+01  7.2725E+00  4.1606E+01  1.9026E+00  1.5685E+03  7.4122E-01 -1.5874E-01  2.4202E-01  7.2800E-01  5.6226E-01  1.6574E-01  2.8139E-01
  2.2000E+01  8.0000E+00  0.0000E+00  5.6900E-01  0.0000E+00  0.0000E+00  2.6167E+00  2.4494E+01  7.2725E+00  4.1606E+01  1.9026E+00  1.5685E+03  6.1549E-01 -6.6485E-01 -2.2709E-01  5.6900E-01  4.7352E-01  9.5479E-02 -2.8485E-01
  2.2000E+01  1.2000E+01  0.0000E+00  4.6900E-01  0.0000E+00  0.0000E+00  2.6167E+00  2.4494E+01  7.2725E+00  4.1606E+01  1.9026E+00  1.5685E+03  4.7995E-01 -1.9637E-01  7.8204E-02  4.6900E-01  3.8353E-01  8.5466E-02  7.2133E-02
  2.2000E+01  2.4000E+01  0.0000E+00  3.2500E-01  0.0000E+00  0.0000E+00  2.6167E+00  2.4494E+01  7.2725E+00  4.1606E+01  1.9026E+00  1.5685E+03  2.5546E-01  2.0640E+00  1.8050E+00  3.2500E-01  2.2258E-01  1.0242E-01  1.9420E+00
  2.2000E+01  3.6000E+01  0.0000E+00  1.4400E-01  0.0000E+00  0.0000E+00  2.6167E+00  2.4494E+01  7.2725E+00  4.1606E+01  1.9026E+00  1.5685E+03  1.3905E-01  2.0455E-01 -2.1867E-01  1.4400E-01  1.3144E-01  1.2558E-02 -1.5237E-01
  2.2000E+01  4.8000E+01  0.0000E+00  2.2000E-02  0.0000E+00  0.0000E+00  2.6167E+00  2.4494E+01  7.2725E+00  4.1606E+01  1.9026E+00  1.5685E+03  7.8045E-02 -2.7132E+00 -3.1037E+00  2.2000E-02  7.9554E-02 -5.7554E-02 -3.0071E+00
  2.3000E+01  0.0000E+00  1.0000E+02  0.0000E+00  1.0000E+00  1.0000E+00  1.5218E+00  1.6558E+01  6.5679E+00  4.7651E+01  1.9025E+00  1.2366E+03  6.0395E+00 -9.1358E+00  0.0000E+00  0.0000E+00  4.9882E+00  0.0000E+00  0.0000E+00
  2.3000E+01  2.5000E-01  0.0000E+00  5.3740E+00  0.0000E+00  0.0000E+00  1.5218E+00  1.6558E+01  6.5679E+00  4.7651E+01  1.9025E+00  1.2366E+03  5.2030E+00  3.0020E-01  6.5354E-01  5.3740E+00  4.2708E+00  1.1032E+00  7.4001E-01
  2.3000E+01  5.0000E-01  0.0000E+00  4.8730E+00  0.0000E+00  0.0000E+00  1.5218E+00  1.6558E+01  6.5679E+00  4.7651E+01  1.9025E+00  1.2366E+03  4.4996E+00  7.5790E-01  1.1139E+00  4.8730E+00  3.6700E+00  1.2030E+00  1.3014E+00
  2.3000E+01  1.0000E+00  0.0000E+00  3.4590E+00  0.0000E+00  0.0000E+00  1.5218E+00  1.6558E+01  6.5679E+00  4.7651E+01  1.9025E+00  1.2366E+03  3.4100E+00  1.3113E-01  5.0614E-01  3.4590E+00  2.7449E+00  7.1414E-01  5.6748E-01
  2.3000E+01  2.0000E+00  0.0000E+00  1.9580E+00  0.0000E+00  0.0000E+00  1.5218E+00  1.6558E+01  6.5679E+00  4.7651E+01  1.9025E+00  1.2366E+03  2.0891E+00 -5.7161E-01 -1.4229E-01  1.9580E+00  1.6359E+00  3.2213E-01 -2.5574E-01
  2.3000E+01  4.0000E+00  0.0000E+00  1.2050E+00  0.0000E+00  0.0000E+00  1.5218E+00  1.6558E+01  6.5679E+00  4.7651E+01  1.9025E+00  1.2366E+03  1.0703E+00  1.1360E+00  1.5805E+00  1.2050E+00  7.9778E-01  4.0722E-01  1.8728E+00
  2.3000E+01  6.0000E+00  0.0000E+00  7.0300E-01  0.0000E+00  0.0000E+00  1.5218E+00  1.6558E+01  6.5679E+00  4.7651E+01  1.9025E+00  1.2366E+03  7.7681E-01 -8.4790E-01 -4.6284E-01  7.0300E-01  5.6226E-01  1.4074E-01 -7.3696E-01
  2.3000E+01  8.0000E+00  0.0000E+00  7.2700E-01  0.0000E+00  0.0000E+00  1.5218E+00  1.6558E+01  6.5679E+00  4.7651E+01  1.9025E+00  1.2366E+03  6.6531E-01  8.2050E-01  1.1627E+00  7.2700E-01  4.7352E-01  2.5348E-01  1.3355E+00
  2.3000E+01  1.2000E+01  0.0000E+00  5.2800E-01  0.0000E+00  0.0000E+00  1.5218E+00  1.6558E+01  6.5679E+00  4.7651E+01  1.9025E+00  1.2366E+03  5.5278E-01 -3.9129E-01 -8.5466E-02  5.2800E-01  3.8353E-01  1.4447E-01 -3.0367E-01
  2.3000E+01  2.4000E+01  0.0000E+00  3.8000E-01  0.0000E+00  0.0000E+00  1.5218E+00  1.6558E+01  6.5679E+00  4.7651E+01  1.9025E+00  1.2366E+03  3.4549E-01  8.1741E-01  1.0707E+00  3.8000E-01  2.2258E-01  1.5742E-01  1.1534E+00
  2.3000E+01  3.6000E+01  0.0000E+00  1.9100E-01  0.0000E+00  0.0000E+00  1.5218E+00  1.6558E+01  6.5679E+00  4.7651E+01  1.9025E+00  1.2366E+03  2.1988E-01 -9.4557E-01 -7.3848E-01  1.9100E-01  1.3144E-01  5.9558E-02 -1.1051E+00
  2.3000E+01  4.8000E+01  0.0000E+00  1.5800E-01  0.0000E+00  0.0000E+00  1.5218E+00  1.6558E+01  6.5679E+00  4.7651E+01  1.9025E+00  1.2366E+03  1.4331E-01  5.9994E-01  7.6625E-01  1.5800E-01  7.9554E-02  7.8446E-02  8.2567E-01
  2.4000E+01  0.0000E+00  1.0000E+02  0.0000E+00  1.0000E+00  1.0000E+00  4.5806E+00  2.1827E+01  6.1681E+00  7.3071E+01  1.9026E+00  1.2806E+03  4.5815E+00 -9.1331E+00  0.0000E+00  0.0000E+00  4.9882E+00  0.0000E+00  0.0000E+00
  2.4000E+01  2.5000E-01  0.0000E+00  3.9610E+00  0.0000E+00  0.0000E+00  4.5806E+00  2.1827E+01  6.1681E+00  7.3071E+01  1.9026E+00  1.2806E+03  3.9666E+00 -1.2807E-02 -2.2164E-01  3.9610E+00  4.2708E+00 -3.0984E-01 -1.8741E-01
  2.4000E+01  5.0000E-01  0.0000E+00  3.4330E+00  0.0000E+00  0.0000E+00  4.5806E+00  2.1827E+01  6.1681E+00  7.3071E+01  1.9026E+00  1.2806E+03  3.4400E+00 -1.8583E-02 -1.7522E-01  3.4330E+00  3.6700E+00 -2.3704E-01 -1.4010E-01
  2.4000E+01  1.0000E+00  0.0000E+00  2.3760E+00  0.0000E+00  0.0000E+00  4.5806E+00  2.1827E+01  6.1681E+00  7.3071E+01  1.9026E+00  1.2806E+03  2.6028E+00 -7.9458E-01 -8.8628E-01  2.3760E+00  2.7449E+00 -3.6886E-01 -8.1536E-01
  2.4000E+01  2.0000E+00  0.0000E+00  1.7150E+00  0.0000E+00  0.0000E+00  4.5806E+00  2.1827E+01  6.1681E+00  7.3071E+01  1.9026E+00  1.2806E+03  1.5369E+00  1.0527E+00  9.4811E-01  1.7150E+00  1.6359E+00  7.9134E-02  8.2100E-01
  2.4000E+01  4.0000E+00  0.0000E+00  6.5500E-01  0.0000E+00  0.0000E+00  4.5806E+00  2.1827E+01  6.1681E+00  7.3071E+01  1.9026E+00  1.2806E+03  6.4603E-01  1.2261E-01 -2.6597E-01  6.5500E-01  7.9778E-01 -1.4278E-01 -3.0999E-01
  2.4000E+01  6.0000E+00  0.0000E+00  3.4600E-01  0.0000E+00  0.0000E+00  4.5806E+00  2.1827E+01  6.1681E+00  7.3071E+01  1.9026E+00  1.2806E+03  3.7476E-01 -6.3747E-01 -1.2121E+00  3.4600E-01  5.6226E-01 -2.1626E-01 -9.3465E-01
  2.4000E+01  8.0000E+00  0.0000E+00  2.8000E-01  0.0000E+00  0.0000E+00  4.5806E+00  2.1827E+01  6.1681E+00  7.3071E+01  1.9026E+00  1.2806E+03  2.8255E-01 -7.0352E-02 -6.7829E-01  2.8000E-01  4.7352E-01 -1.9352E-01 -5.7344E-01
  2.4000E+01  1.2000E+01  0.0000E+00  2.2200E-01  0.0000E+00  0.0000E+00  4.5806E+00  2.1827E+01  6.1681E+00  7.3071E+01  1.9026E+00  1.2806E+03  2.1925E-01  9.0092E-02 -4.2165E-01  2.2200E-01  3.8353E-01 -1.6153E-01 -4.1672E-01
  2.4000E+01  2.4000E+01  0.0000E+00  1.4200E-01  0.0000E+00  0.0000E+00  4.5806E+00  2.1827E+01  6.1681E+00  7.3071E+01  1.9026E+00  1.2806E+03  1.3603E-01  2.4895E-01  5.1326E-02  1.4200E-01  2.2258E-01 -8.0583E-02 -5.5952E-02
  2.4000E+01  3.6000E+01  0.0000E+00  1.0100E-01  0.0000E+00  0.0000E+00  4.5806E+00  2.1827E+01  6.1681E+00  7.3071E+01  1.9026E+00  1.2806E+03  8.6227E-02  7.0204E-01  6.6488E-01  1.0100E-01  1.3144E-01 -3.0442E-02  5.0747E-01
  2.4000E+01  4.8000E+01  0.0000E+00  4.6000E-02  0.0000E+00  0.0000E+00  4.5806E+00  2.1827E+01  6.1681E+00  7.3071E+01  1.9026E+00  1.2806E+03  5.5544E-02 -4.8282E-01 -4.5206E-01  4.6000E-02  7.9554E-02 -3.3554E-02 -4.6833E-01
  2.5000E+01  0.0000E+00  1.0000E+02  0.0000E+00  1.0000E+00  1.0000E+00  1.6143E+00  2.0072E+01  4.5072E+00  5.6873E+01  1.9026E+00  1.2151E+03  4.9821E+00 -9.1341E+00  0.0000E+00  0.0000E+00  4.9882E+00  0.0000E+00  0.0000E+00
  2.5000E+01  2.5000E-01  0.0000E+00  5.0360E+00  0.0000E+00  0.0000E+00  1.6143E+00  2.0072E+01  4.5072E+00  5.6873E+01  1.9026E+00  1.2151E+03  4.5109E+00  1.0632E+00  1.1156E+00  5.0360E+00  4.2708E+00  7.6516E-01  1.3314E+00
  2.5000E+01  5.0000E-01  0.0000E+00  3.2190E+00  0.0000E+00  0.0000E+00  1.6143E+00  2.0072E+01  4.5072E+00  5.6873E+01  1.9026E+00  1.2151E+03  4.0892E+00 -1.9431E+00 -1.7213E+00  3.2190E+00  3.6700E+00 -4.5104E-01 -1.7808E+00
  2.5000E+01  1.0000E+00  0.0000E+00  3.4980E+00  0.0000E+00  0.0000E+00  1.6143E+00  2.0072E+01  4.5072E+00  5.6873E+01  1.9026E+00  1.2151E+03  3.3739E+00  3.3575E-01  8.2652E-01  3.4980E+00  2.7449E+00  7.5314E-01  9.1220E-01
  2.5000E+01  2.0000E+00  0.0000E+00  2.6540E+00  0.0000E+00  0.0000E+00  1.6143E+00  2.0072E+01  4.5072E+00  5.6873E+01  1.9026E+00  1.2151E+03  2.3410E+00  1.2186E+00  2.0013E+00  2.6540E+00  1.6359E+00  1.0181E+00  2.3311E+00
  2.5000E+01  4.0000E+00  0.0000E+00  1.2190E+00  0.0000E+00  0.0000E+00  1.6143E+00  2.0072E+01  4.5072E+00  5.6873E+01  1.9026E+00  1.2151E+03  1.2456E+00 -1.9338E-01  5.3222E-01  1.2190E+00  7.9778E-01  4.2122E-01  5.6953E-01
  2.5000E+01  6.0000E+00  0.0000E+00  7.6400E-01  0.0000E+00  0.0000E+00  1.6143E+00  2.0072E+01  4.5072E+00  5.6873E+01  1.9026E+00  1.2151E+03  7.8182E-01 -2.0351E-01  1.7256E-01  7.6400E-01  5.6226E-01  2.0174E-01  3.2577E-01
  2.5000E+01  8.0000E+00  0.0000E+00  6.2100E-01  0.0000E+00  0.0000E+00  1.6143E+00  2.0072E+01  4.5072E+00  5.6873E+01  1.9026E+00  1.2151E+03  5.7675E-01  6.7203E-01  7.6026E-01  6.2100E-01  4.7352E-01  1.4748E-01  7.3595E-01
  2.5000E+01  1.2000E+01  0.0000E+00  4.5600E-01  0.0000E+00  0.0000E+00  1.6143E+00  2.0072E+01  4.5072E+00  5.6873E+01  1.9026E+00  1.2151E+03  4.2396E-01  6.4003E-01  5.1110E-01  4.5600E-01  3.8353E-01  7.2466E-02 -9.3850E-02
  2.5000E+01  2.4000E+01  0.0000E+00  2.2200E-01  0.0000E+00  0.0000E+00  1.6143E+00  2.0072E+01  4.5072E+00  5.6873E+01  1.9026E+00  1.2151E+03  2.8392E-01 -1.7050E+00 -1.7020E+00  2.2200E-01  2.2258E-01 -5.8302E-04 -2.4322E+00
  2.5000E+01  3.6000E+01  0.0000E+00  2.1400E-01  0.0000E+00  0.0000E+00  1.6143E+00  2.0072E+01  4.5072E+00  5.6873E+01  1.9026E+00  1.2151E+03  2.0170E-01  4.2415E-01  5.6325E-01  2.1400E-01  1.3144E-01  8.2558E-02  6.2130E-01
  2.5000E+01  4.8000E+01  0.0000E+00  1.6000E-01  0.0000E+00  0.0000E+00  1.6143E+00  2.0072E+01  4.5072E+00  5.6873E+01  1.9026E+00  1.2151E+03  1.4540E-01  5.9246E-01  7.9570E-01  1.6000E-01  7.9554E-02  8.0446E-02  1.3022E+00
  2.6000E+01  0.0000E+00  1.0000E+02  0.0000E+00  1.0000E+00  1.0000E+00  3.7167E+00  1.5810E+01  1.0546E+01  4.0925E+01  1.9026E+00  1.1996E+03  6.3250E+00 -9.1361E+00  0.0000E+00  0.0000E+00  4.9882E+00  0.0000E+00  0.0000E+00
  2.6000E+01  2.5000E-01  0.0000E+00  5.0110E+00  0.0000E+00  0.0000E+00  3.7167E+00  1.5810E+01  1.0546E+01  4.0925E+01  1.9026E+00  1.1996E+03  4.9265E+00  1.5675E-01  5.5492E-01  5.0110E+00  4.2708E+00  7.4016E-01  7.6628E-01
  2.6000E+01  5.0000E-01  0.0000E+00  4.2110E+00  0.0000E+00  0.0000E+00  3.7167E+00  1.5810E+01  1.0546E+01  4.0925E+01  1.9026E+00  1.1996E+03  3.8869E+00  7.6140E-01  6.2392E-01  4.2110E+00  3.6700E+00  5.4096E-01  7.7860E-01
  2.6000E+01  1.0000E+00  0.0000E+00  2.5320E+00  0.0000E+00  0.0000E+00  3.7167E+00  1.5810E+01  1.0546E+01  4.0925E+01  1.9026E+00  1.1996E+03  2.5359E+00 -1.4098E-02 -6.5828E-01  2.5320E+00  2.7449E+00 -2.1286E-01 -7.2919E-01
  2.6000E+01  2.0000E+00  0.0000E+00  1.2500E+00  0.0000E+00  0.0000E+00  3.7167E+00  1.5810E+01  1.0546E+01  4.0925E+01  1.9026E+00  1.1996E+03  1.3529E+00 -6.8988E-01 -1.0556E+00  1.2500E+00  1.6359E+00 -3.8587E-01 -1.2859E+00
  2.6000E+01  4.0000E+00  0.0000E+00  8.9600E-01  0.0000E+00  0.0000E+00  3.7167E+00  1.5810E+01  1.0546E+01  4.0925E+01  1.9026E+00  1.1996E+03  7.9573E-01  1.1256E+00  1.5254E+00  8.9600E-01  7.9778E-01  9.8222E-02  1.6574E+00
  2.6000E+01  6.0000E+00  0.0000E+00  5.9400E-01  0.0000E+00  0.0000E+00  3.7167E+00  1.5810E+01  1.0546E+01  4.0925E+01  1.9026E+00  1.1996E+03  6.5124E-01 -7.7675E-01 -4.2863E-01  5.9400E-01  5.6226E-01  3.1740E-02 -9.3119E-02
  2.6000E+01  8.0000E+00  0.0000E+00  5.8400E-01  0.0000E+00  0.0000E+00  3.7167E+00  1.5810E+01  1.0546E+01  4.0925E+01  1.9026E+00  1.1996E+03  5.5726E-01  4.1906E-01  5.5369E-01  5.8400E-01  4.7352E-01  1.1048E-01  7.7973E-01
  2.6000E+01  1.2000E+01  0.0000E+00  4.4400E-01  0.0000E+00  0.0000E+00  3.7167E+00  1.5810E+01  1.0546E+01  4.0925E+01  1.9026E+00  1.1996E+03  4.1264E-01  6.4110E-01  4.1634E-01  4.4400E-01  3.8353E-01  6.0466E-02  2.6880E-01
  2.6000E+01  2.4000E+01  0.0000E+00  1.4300E-01  0.0000E+00  0.0000E+00  3.7167E+00  1.5810E+01  1.0546E+01  4.0925E+01  1.9026E+00  1.1996E+03  1.7046E-01 -1.0367E+00 -1.6011E+00  1.4300E-01  2.2258E-01 -7.9583E-02 -1.8464E+00
  2.6000E+01  3.6000E+01  0.0000E+00  7.1000E-02  0.0000E+00  0.0000E+00  3.7167E+00  1.5810E+01  1.0546E+01  4.0925E+01  1.9026E+00  1.1996E+03  7.3656E-02 -1.2980E-01 -5.5374E-01  7.1000E-02  1.3144E-01 -6.0442E-02 -7.8089E-01
  2.6000E+01  4.8000E+01  0.0000E+00  5.6000E-02  0.0000E+00  0.0000E+00  3.7167E+00  1.5810E+01  1.0546E+01  4.0925E+01  1.9026E+00  1.1996E+03  3.4920E-02  1.0983E+00  8.5090E-01  5.6000E-02  7.9554E-02 -2.3554E-02  8.5132E-01
  2.7000E+01  0.0000E+00  1.0000E+02  0.0000E+00  1.0000E+00  1.0000E+00  4.6047E+00  2.8005E+01  4.3238E+00  6.4201E+01  1.9026E+00  1.3343E+03  3.5708E+00 -9.1289E+00  0.0000E+00  0.0000E+00  4.9882E+00  0.0000E+00  0.0000E+00
  2.7000E+01  2.5000E-01  0.0000E+00  3.3020E+00  0.0000E+00  0.0000E+00  4.6047E+00  2.8005E+01  4.3238E+00  6.4201E+01  1.9026E+00  1.3343E+03  3.2428E+00  1.6657E-01 -8.0173E-01  3.3020E+00  4.2708E+00 -9.6884E-01 -7.2281E-01
  2.7000E+01  5.0000E-01  0.0000E+00  2.8160E+00  0.0000E+00  0.0000E+00  4.6047E+00  2.8005E+01  4.3238E+00  6.4201E+01  1.9026E+00  1.3343E+03  2.9470E+00 -4.0568E-01 -1.1500E+00  2.8160E+00  3.6700E+00 -8.5404E-01 -9.3391E-01
  2.7000E+01  1.0000E+00  0.0000E+00  2.4830E+00  0.0000E+00  0.0000E+00  4.6047E+00  2.8005E+01  4.3238E+00  6.4201E+01  1.9026E+00  1.3343E+03  2.4397E+00  1.6177E-01 -1.9526E-01  2.4830E+00  2.7449E+00 -2.6186E-01 -6.1286E-02
  2.7000E+01  2.0000E+00  0.0000E+00  1.6810E+00  0.0000E+00  0.0000E+00  4.6047E+00  2.8005E+01  4.3238E+00  6.4201E+01  1.9026E+00  1.3343E+03  1.6910E+00 -5.3760E-02  1.2735E-01  1.6810E+00  1.6359E+00  4.5134E-02  3.4525E-01
  2.7000E+01  4.0000E+00  0.0000E+00  7.6900E-01  0.0000E+00  0.0000E+00  4.6047E+00  2.8005E+01  4.3238E+00  6.4201E+01  1.9026E+00  1.3343E+03  8.6429E-01 -9.8826E-01 -5.3917E-01  7.6900E-01  7.9778E-01 -2.8778E-02 -2.4439E-01
  2.7000E+01  6.0000E+00  0.0000E+00  6.1100E-01  0.0000E+00  0.0000E+00  4.6047E+00  2.8005E+01  4.3238E+00  6.4201E+01  1.9026E+00  1.3343E+03  4.9590E-01  2.0044E+00  2.0812E+00  6.1100E-01  5.6226E-01  4.8740E-02  1.8489E+00
  2.7000E+01  8.0000E+00  0.0000E+00  2.9800E-01  0.0000E+00  0.0000E+00  4.6047E+00  2.8005E+01  4.3238E+00  6.4201E+01  1.9026E+00  1.3343E+03  3.2732E-01 -7.2491E-01 -1.1391E+00  2.9800E-01  4.7352E-01 -1.7552E-01 -1.1404E+00
  2.7000E+01  1.2000E+01  0.0000E+00  1.7900E-01  0.0000E+00  0.0000E+00  4.6047E+00  2.8005E+01  4.3238E+00  6.4201E+01  1.9026E+00  1.3343E+03  2.0364E-01 -8.4496E-01 -1.7805E+00  1.7900E-01  3.8353E-01 -2.0453E-01 -1.8578E+00
  2.7000E+01  2.4000E+01  0.0000E+00  1.1200E-01  0.0000E+00  0.0000E+00  4.6047E+00  2.8005E+01  4.3238E+00  6.4201E+01  1.9026E+00  1.3343E+03  1.1778E-01 -2.5335E-01 -9.2555E-01  1.1200E-01  2.2258E-01 -1.1058E-01 -9.3961E-01
  2.7000E+01  3.6000E+01  0.0000E+00  1.0600E-01  0.0000E+00  0.0000E+00  4.6047E+00  2.8005E+01  4.3238E+00  6.4201E+01  1.9026E+00  1.3343E+03  7.7010E-02  1.4066E+00  1.0856E+00  1.0600E-01  1.3144E-01 -2.5442E-02  1.1676E+00
  2.7000E+01  4.8000E+01  0.0000E+00  2.6000E-02  0.0000E+00  0.0000E+00  4.6047E+00  2.8005E+01  4.3238E+00  6.4201E+01  1.9026E+00  1.3343E+03  5.1168E-02 -1.2825E+00 -1.4136E+00  2.6000E-02  7.9554E-02 -5.3554E-02 -8.3867E-01
  2.8000E+01  0.0000E+00  1.0000E+02  0.0000E+00  1.0000E+00  1.0000E+00  1.6053E+00  1.3487E+01  5.4314E+00  7.2058E+01  1.9026E+00  1.1799E+03  7.4146E+00 -9.1370E+00  0.0000E+00  0.0000E+00  4.9882E+00  0.0000E+00  0.0000E+00
  2.8000E+01  2.5000E-01  0.0000E+00  6.9620E+00  0.0000E+00  0.0000E+00  1.6053E+00  1.3487E+01  5.4314E+00  7.2058E+01  1.9026E+00  1.1799E+03  6.2887E+00  9.7819E-01  1.8237E+00  6.9620E+00  4.2708E+00  2.6912E+00  2.3219E+00
  2.8000E+01  5.0000E-01  0.0000E+00  5.5680E+00  0.0000E+00  0.0000E+00  1.6053E+00  1.3487E+01  5.4314E+00  7.2058E+01  1.9026E+00  1.1799E+03  5.3456E+00  3.8013E-01  1.1527E+00  5.5680E+00  3.6700E+00  1.8980E+00  1.3890E+00
  2.8000E+01  1.0000E+00  0.0000E+00  4.0040E+00  0.0000E+00  0.0000E+00  1.6053E+00  1.3487E+01  5.4314E+00  7.2058E+01  1.9026E+00  1.1799E+03  3.8935E+00  2.5923E-01  9.2140E-01  4.0040E+00  2.7449E+00  1.2591E+00  1.1079E+00
  2.8000E+01  2.0000E+00  0.0000E+00  2.1130E+00  0.0000E+00  0.0000E+00  1.6053E+00  1.3487E+01  5.4314E+00  7.2058E+01  1.9026E+00  1.1799E+03  2.1572E+00 -1.8679E-01  3.2621E-01  2.1130E+00  1.6359E+00  4.7713E-01  3.5823E-01
  2.8000E+01  4.0000E+00  0.0000E+00  8.1300E-01  0.0000E+00  0.0000E+00  1.6053E+00  1.3487E+01  5.4314E+00  7.2058E+01  1.9026E+00  1.1799E+03  8.6957E-01 -5.8326E-01 -3.8409E-01  8.1300E-01  7.9778E-01  1.5222E-02 -3.3715E-01
  2.8000E+01  6.0000E+00  0.0000E+00  6.3800E-01  0.0000E+00  0.0000E+00  1.6053E+00  1.3487E+01  5.4314E+00  7.2058E+01  1.9026E+00  1.1799E+03  5.4077E-01  1.5661E+00  1.5275E+00  6.3800E-01  5.6226E-01  7.5740E-02  1.4488E+00
  2.8000E+01  8.0000E+00  0.0000E+00  4.2600E-01  0.0000E+00  0.0000E+00  1.6053E+00  1.3487E+01  5.4314E+00  7.2058E+01  1.9026E+00  1.1799E+03  4.4432E-01 -3.5140E-01 -4.5123E-01  4.2600E-01  4.7352E-01 -4.7521E-02 -4.0503E-01
  2.8000E+01  1.2000E+01  0.0000E+00  2.8500E-01  0.0000E+00  0.0000E+00  1.6053E+00  1.3487E+01  5.4314E+00  7.2058E+01  1.9026E+00  1.1799E+03  3.8005E-01 -2.0826E+00 -2.1082E+00  2.8500E-01  3.8353E-01 -9.8534E-02 -2.0746E+00
  2.8000E+01  2.4000E+01  0.0000E+00  3.1600E-01  0.0000E+00  0.0000E+00  1.6053E+00  1.3487E+01  5.4314E+00  7.2058E+01  1.9026E+00  1.1799E+03  2.7700E-01  1.0933E+00  1.3476E+00  3.1600E-01  2.2258E-01  9.3417E-02  1.1734E+00
  2.8000E+01  3.6000E+01  0.0000E+00  2.0400E-01  0.0000E+00  0.0000E+00  1.6053E+00  1.3487E+01  5.4314E+00  7.2058E+01  1.9026E+00  1.1799E+03  2.0444E-01 -1.4886E-02  3.8244E-01  2.0400E-01  1.3144E-01  7.2558E-02  2.3477E-01
  2.8000E+01  4.8000E+01  0.0000E+00  1.6300E-01  0.0000E+00  0.0000E+00  1.6053E+00  1.3487E+01  5.4314E+00  7.2058E+01  1.9026E+00  1.1799E+03  1.5263E-01  4.1229E-01  8.5612E-01  1.6300E-01  7.9554E-02  8.3446E-02  1.1174E+00
  2.9000E+01  0.0000E+00  1.0000E+02  0.0000E+00  1.0000E+00  1.0000E+00  3.3056E+00  1.8715E+01  7.0083E+00  7.6889E+01  1.9026E+00  1.2309E+03  5.3433E+00 -9.1348E+00  0.0000E+00  0.0000E+00  4.9882E+00  0.0000E+00  0.0000E+00
  2.9000E+01  2.5000E-01  0.0000E+00  4.7400E+00  0.0000E+00  0.0000E+00  3.3056E+00  1.8715E+01  7.0083E+00  7.6889E+01  1.9026E+00  1.2309E+03  4.5439E+00  3.9418E-01  3.7200E-01  4.7400E+00  4.2708E+00  4.6916E-01  3.9006E-01
  2.9000E+01  5.0000E-01  0.0000E+00  4.0860E+00  0.0000E+00  0.0000E+00  3.3056E+00  1.8715E+01  7.0083E+00  7.6889E+01  1.9026E+00  1.2309E+03  3.8736E+00  5.0072E-01  5.1436E-01  4.0860E+00  3.6700E+00  4.1596E-01  5.3387E-01
  2.9000E+01  1.0000E+00  0.0000E+00  2.7410E+00  0.0000E+00  0.0000E+00  3.3056E+00  1.8715E+01  7.0083E+00  7.6889E+01  1.9026E+00  1.2309E+03  2.8400E+00 -3.1792E-01 -2.2692E-01  2.7410E+00  2.7449E+00 -3.8569E-03 -2.3978E-01
  2.9000E+01  2.0000E+00  0.0000E+00  1.4920E+00  0.0000E+00  0.0000E+00  3.3056E+00  1.8715E+01  7.0083E+00  7.6889E+01  1.9026E+00  1.2309E+03  1.5999E+00 -6.1280E-01 -4.2931E-01  1.4920E+00  1.6359E+00 -1.4387E-01 -4.3343E-01
  2.9000E+01  4.0000E+00  0.0000E+00  6.9500E-01  0.0000E+00  0.0000E+00  3.3056E+00  1.8715E+01  7.0083E+00  7.6889E+01  1.9026E+00  1.2309E+03  6.7130E-01  3.1251E-01  2.3270E-01  6.9500E-01  7.9778E-01 -1.0278E-01  1.5248E-01
  2.9000E+01  6.0000E+00  0.0000E+00  4.5600E-01  0.0000E+00  0.0000E+00  3.3056E+00  1.8715E+01  7.0083E+00  7.6889E+01  1.9026E+00  1.2309E+03  4.2688E-01  5.7841E-01  1.5454E-01  4.5600E-01  5.6226E-01 -1.0626E-01  5.0966E-02
  2.9000E+01  8.0000E+00  0.0000E+00  3.5100E-01  0.0000E+00  0.0000E+00  3.3056E+00  1.8715E+01  7.0083E+00  7.6889E+01  1.9026E+00  1.2309E+03  3.4972E-01  2.9976E-02 -4.9893E-01  3.5100E-01  4.7352E-01 -1.2252E-01 -4.3665E-01
  2.9000E+01  1.2000E+01  0.0000E+00  2.6100E-01  0.0000E+00  0.0000E+00  3.3056E+00  1.8715E+01  7.0083E+00  7.6889E+01  1.9026E+00  1.2309E+03  2.9035E-01 -7.9498E-01 -1.2171E+00  2.6100E-01  3.8353E-01 -1.2253E-01 -9.6724E-01
  2.9000E+01  2.4000E+01  0.0000E+00  1.7400E-01  0.0000E+00  0.0000E+00  3.3056E+00  1.8715E+01  7.0083E+00  7.6889E+01  1.9026E+00  1.2309E+03  1.9116E-01 -6.1003E-01 -5.9976E-01  1.7400E-01  2.2258E-01 -4.8583E-02 -5.3109E-01
  2.9000E+01  3.6000E+01  0.0000E+00  1.5900E-01  0.0000E+00  0.0000E+00  3.3056E+00  1.8715E+01  7.0083E+00  7.6889E+01  1.9026E+00  1.2309E+03  1.2752E-01  1.3444E+00  1.5755E+00  1.5900E-01  1.3144E-01  2.7558E-02  1.5025E+00
  2.9000E+01  4.8000E+01  0.0000E+00  8.3000E-02  0.0000E+00  0.0000E+00  3.3056E+00  1.8715E+01  7.0083E+00  7.6889E+01  1.9026E+00  1.2309E+03  8.6252E-02 -1.5452E-01  1.5328E-01  8.3000E-02  7.9554E-02  3.4457E-03  1.5912E-01
  3.0000E+01  0.0000E+00  1.0000E+02  0.0000E+00  1.0000E+00  1.0000E+00  3.4725E+00  2.0775E+01  8.5185E+00  7.7429E+01  1.9026E+00  1.2163E+03  4.8134E+00 -9.1337E+00  0.0000E+00  0.0000E+00  4.9882E+00  0.0000E+00  0.0000E+00
  3.0000E+01  2.5000E-01  0.0000E+00  3.9890E+00  0.0000E+00  0.0000E+00  3.4725E+00  2.0775E+01  8.5185E+00  7.7429E+01  1.9026E+00  1.2163E+03  4.0784E+00 -2.0014E-01 -2.4905E-01  3.9890E+00  4.2708E+00 -2.8184E-01 -2.2756E-01
  3.0000E+01  5.0000E-01  0.0000E+00  3.5440E+00  0.0000E+00  0.0000E+00  3.4725E+00  2.0775E+01  8.5185E+00  7.7429E+01  1.9026E+00  1.2163E+03  3.4668E+00  2.0320E-01  1.1593E-01  3.5440E+00  3.6700E+00 -1.2604E-01  1.0782E-01
  3.0000E+01  1.0000E+00  0.0000E+00  2.2410E+00  0.0000E+00  0.0000E+00  3.4725E+00  2.0775E+01  8.5185E+00  7.7429E+01  1.9026E+00  1.2163E+03  2.5342E+00 -1.0551E+00 -1.2152E+00  2.2410E+00  2.7449E+00 -5.0386E-01 -1.1195E+00
  3.0000E+01  2.0000E+00  0.0000E+00  1.6780E+00  0.0000E+00  0.0000E+00  3.4725E+00  2.0775E+01  8.5185E+00  7.7429E+01  1.9026E+00  1.2163E+03  1.4384E+00  1.5114E+00  1.2335E+00  1.6780E+00  1.6359E+00  4.2134E-02  1.0065E+00
  3.0000E+01  4.0000E+00  0.0000E+00  5.4100E-01  0.0000E+00  0.0000E+00  3.4725E+00  2.0775E+01  8.5185E+00  7.7429E+01  1.9026E+00  1.2163E+03  6.4583E-01 -1.4336E+00 -1.7900E+00  5.4100E-01  7.9778E-01 -2.5678E-01 -1.4820E+00
  3.0000E+01  6.0000E+00  0.0000E+00  4.2200E-01  0.0000E+00  0.0000E+00  3.4725E+00  2.0775E+01  8.5185E+00  7.7429E+01  1.9026E+00  1.2163E+03  4.4236E-01 -3.9205E-01 -7.3427E-01  4.2200E-01  5.6226E-01 -1.4026E-01 -6.1031E-01
  3.0000E+01  8.0000E+00  0.0000E+00  4.0300E-01  0.0000E+00  0.0000E+00  3.4725E+00  2.0775E+01  8.5185E+00  7.7429E+01  1.9026E+00  1.2163E+03  3.7459E-01  6.2993E-01  3.3734E-01  4.0300E-01  4.7352E-01 -7.0521E-02  2.4410E-01
  3.0000E+01  1.2000E+01  0.0000E+00  3.3100E-01  0.0000E+00  0.0000E+00  3.4725E+00  2.0775E+01  8.5185E+00  7.7429E+01  1.9026E+00  1.2163E+03  3.1286E-01  4.6433E-01  3.0333E-01  3.3100E-01  3.8353E-01 -5.2534E-02  2.5172E-01
  3.0000E+01  2.4000E+01  0.0000E+00  1.8600E-01  0.0000E+00  0.0000E+00  3.4725E+00  2.0775E+01  8.5185E+00  7.7429E+01  1.9026E+00  1.2163E+03  1.9971E-01 -4.7539E-01 -3.4454E-01  1.8600E-01  2.2258E-01 -3.6583E-02 -3.0986E-01
  3.0000E+01  3.6000E+01  0.0000E+00  1.2600E-01  0.0000E+00  0.0000E+00  3.4725E+00  2.0775E+01  8.5185E+00  7.7429E+01  1.9026E+00  1.2163E+03  1.2903E-01 -1.2897E-01  1.2812E-01  1.2600E-01  1.3144E-01 -5.4416E-03  9.5783E-02
  3.0000E+01  4.8000E+01  0.0000E+00  1.0300E-01  0.0000E+00  0.0000E+00  3.4725E+00  2.0775E+01  8.5185E+00  7.7429E+01  1.9026E+00  1.2163E+03  8.4644E-02  8.7555E-01  1.1579E+00  1.0300E-01  7.9554E-02  2.3446E-02  1.1337E+00
  3.1000E+01  0.0000E+00  1.0000E+02  0.0000E+00  1.0000E+00  1.0000E+00  8.5101E-01  2.1906E+01  1.3035E+01  4.6762E+01  1.9024E+00  1.0615E+03  4.5650E+00 -9.1330E+00  0.0000E+00  0.0000E+00  4.9882E+00  0.0000E+00  0.0000E+00
  3.1000E+01  2.5000E-01  0.0000E+00  3.6810E+00  0.0000E+00  0.0000E+00  8.5101E-01  2.1906E+01  1.3035E+01  4.6762E+01  1.9024E+00  1.0615E+03  3.8329E+00 -3.6179E-01 -7.2377E-01  3.6810E+00  4.2708E+00 -5.8984E-01 -5.3651E-01
  3.1000E+01  5.0000E-01  0.0000E+00  3.5480E+00  0.0000E+00  0.0000E+00  8.5101E-01  2.1906E+01  1.3035E+01  4.6762E+01  1.9024E+00  1.0615E+03  3.2552E+00  8.2090E-01  3.4602E-01  3.5480E+00  3.6700E+00 -1.2204E-01  3.7834E-01
  3.1000E+01  1.0000E+00  0.0000E+00  2.2380E+00  0.0000E+00  0.0000E+00  8.5101E-01  2.1906E+01  1.3035E+01  4.6762E+01  1.9024E+00  1.0615E+03  2.4383E+00 -7.4878E-01 -1.2611E+00  2.2380E+00  2.7449E+00 -5.0686E-01 -1.1114E+00
  3.1000E+01  2.0000E+00  0.0000E+00  1.5950E+00  0.0000E+00  0.0000E+00  8.5101E-01  2.1906E+01  1.3035E+01  4.6762E+01  1.9024E+00  1.0615E+03  1.6019E+00 -3.9315E-02 -2.6588E-01  1.5950E+00  1.6359E+00 -4.0866E-02 -3.6350E-01
  3.1000E+01  4.0000E+00  0.0000E+00  1.1190E+00  0.0000E+00  0.0000E+00  8.5101E-01  2.1906E+01  1.3035E+01  4.6762E+01  1.9024E+00  1.0615E+03  1.1053E+00  1.1189E-01  4.3045E-01  1.1190E+00  7.9778E-01  3.2122E-01  4.1729E-01
  3.1000E+01  6.0000E+00  0.0000E+00  1.0210E+00  0.0000E+00  0.0000E+00  8.5101E-01  2.1906E+01  1.3035E+01  4.6762E+01  1.9024E+00  1.0615E+03  9.7266E-01  4.4734E-01  9.6924E-01  1.0210E+00  5.6226E-01  4.5874E-01  1.2143E+00
  3.1000E+01  8.0000E+00  0.0000E+00  9.4400E-01  0.0000E+00  0.0000E+00  8.5101E-01  2.1906E+01  1.3035E+01  4.6762E+01  1.9024E+00  1.0615E+03  8.9738E-01  4.6634E-01  1.0684E+00  9.4400E-01  4.7352E-01  4.7048E-01  1.3245E+00
  3.1000E+01  1.2000E+01  0.0000E+00  7.8000E-01  0.0000E+00  0.0000E+00  8.5101E-01  2.1906E+01  1.3035E+01  4.6762E+01  1.9024E+00  1.0615E+03  7.7718E-01  3.2379E-02  7.2323E-01  7.8000E-01  3.8353E-01  3.9647E-01  6.0017E-01
  3.1000E+01  2.4000E+01  0.0000E+00  5.6100E-01  0.0000E+00  0.0000E+00  8.5101E-01  2.1906E+01  1.3035E+01  4.6762E+01  1.9024E+00  1.0615E+03  5.1129E-01  8.4230E-01  1.6898E+00  5.6100E-01  2.2258E-01  3.3842E-01  2.2413E+00
  3.1000E+01  3.6000E+01  0.0000E+00  3.0700E-01  0.0000E+00  0.0000E+00  8.5101E-01  2.1906E+01  1.3035E+01  4.6762E+01  1.9024E+00  1.0615E+03  3.4169E-01 -8.2899E-01  5.9250E-02  3.0700E-01  1.3144E-01  1.7556E-01 -4.9625E-01
  3.1000E+01  4.8000E+01  0.0000E+00  2.6600E-01  0.0000E+00  0.0000E+00  8.5101E-01  2.1906E+01  1.3035E+01  4.6762E+01  1.9024E+00  1.0615E+03  2.3347E-01  1.0253E+00  1.8716E+00  2.6600E-01  7.9554E-02  1.8645E-01  2.6797E+00
  3.2000E+01  0.0000E+00  1.0000E+02  0.0000E+00  1.0000E+00  1.0000E+00  1.3439E+00  2.1370E+01  6.3830E+00  7.2726E+01  1.9025E+00  1.1004E+03  4.6795E+00 -9.1333E+00  0.0000E+00  0.0000E+00  4.9882E+00  0.0000E+00  0.0000E+00
  3.2000E+01  2.5000E-01  0.0000E+00  4.0720E+00  0.0000E+00  0.0000E+00  1.3439E+00  2.1370E+01  6.3830E+00  7.2726E+01  1.9025E+00  1.1004E+03  4.1845E+00 -2.4550E-01 -4.8707E-01  4.0720E+00  4.2708E+00 -1.9884E-01 -4.1174E-01
  3.2000E+01  5.0000E-01  0.0000E+00  3.8040E+00  0.0000E+00  0.0000E+00  1.3439E+00  2.1370E+01  6.3830E+00  7.2726E+01  1.9025E+00  1.1004E+03  3.7486E+00  1.3489E-01  4.3941E-02  3.8040E+00  3.6700E+00  1.3396E-01  9.3450E-02
  3.2000E+01  1.0000E+00  0.0000E+00  3.2650E+00  0.0000E+00  0.0000E+00  1.3439E+00  2.1370E+01  6.3830E+00  7.2726E+01  1.9025E+00  1.1004E+03  3.0266E+00  7.1872E-01  8.7112E-01  3.2650E+00  2.7449E+00  5.2014E-01  9.4975E-01
  3.2000E+01  2.0000E+00  0.0000E+00  2.0180E+00  0.0000E+00  0.0000E+00  1.3439E+00  2.1370E+01  6.3830E+00  7.2726E+01  1.9025E+00  1.1004E+03  2.0311E+00 -5.8522E-02  3.7414E-01  2.0180E+00  1.6359E+00  3.8213E-01  3.6539E-01
  3.2000E+01  4.0000E+00  0.0000E+00  9.9500E-01  0.0000E+00  0.0000E+00  1.3439E+00  2.1370E+01  6.3830E+00  7.2726E+01  1.9025E+00  1.1004E+03  1.0637E+00 -5.8234E-01 -1.5710E-01  9.9500E-01  7.9778E-01  1.9722E-01 -1.4341E-01
  3.2000E+01  6.0000E+00  0.0000E+00  7.4300E-01  0.0000E+00  0.0000E+00  1.3439E+00  2.1370E+01  6.3830E+00  7.2726E+01  1.9025E+00  1.1004E+03  7.0017E-01  5.4293E-01  6.9056E-01  7.4300E-01  5.6226E-01  1.8074E-01  9.5564E-01
  3.2000E+01  8.0000E+00  0.0000E+00  6.1100E-01  0.0000E+00  0.0000E+00  1.3439E+00  2.1370E+01  6.3830E+00  7.2726E+01  1.9025E+00  1.1004E+03  5.5418E-01  8.9498E-01  8.4167E-01  6.1100E-01  4.7352E-01  1.3748E-01  9.4190E-01
  3.2000E+01  1.2000E+01  0.0000E+00  3.7900E-01  0.0000E+00  0.0000E+00  1.3439E+00  2.1370E+01  6.3830E+00  7.2726E+01  1.9025E+00  1.1004E+03  4.4891E-01 -1.3292E+00 -1.4372E+00  3.7900E-01  3.8353E-01 -4.5339E-03 -1.7558E+00
  3.2000E+01  2.4000E+01  0.0000E+00  3.4100E-01  0.0000E+00  0.0000E+00  1.3439E+00  2.1370E+01  6.3830E+00  7.2726E+01  1.9025E+00  1.1004E+03  3.2752E-01  3.3295E-01  6.3461E-01  3.4100E-01  2.2258E-01  1.1842E-01  4.3576E-01
  3.2000E+01  3.6000E+01  0.0000E+00  2.2100E-01  0.0000E+00  0.0000E+00  1.3439E+00  2.1370E+01  6.3830E+00  7.2726E+01  1.9025E+00  1.1004E+03  2.4572E-01 -7.5349E-01 -1.5581E-01  2.2100E-01  1.3144E-01  8.9558E-02 -3.5861E-01
  3.2000E+01  4.8000E+01  0.0000E+00  2.2400E-01  0.0000E+00  0.0000E+00  1.3439E+00  2.1370E+01  6.3830E+00  7.2726E+01  1.9025E+00  1.1004E+03  1.8636E-01  1.3569E+00  2.1083E+00  2.2400E-01  7.9554E-02  1.4445E-01  3.0603E+00
  3.3000E+01  0.0000E+00  1.0000E+02  0.0000E+00  1.0000E+00  1.0000E+00  4.3160E+00  2.7743E+01  4.3938E+00  6.5251E+01  1.9026E+00  1.3004E+03  3.6044E+00 -9.1291E+00  0.0000E+00  0.0000E+00  4.9882E+00  0.0000E+00  0.0000E+00
  3.3000E+01  2.5000E-01  0.0000E+00  3.2880E+00  0.0000E+00  0.0000E+00  4.3160E+00  2.7743E+01  4.3938E+00  6.5251E+01  1.9026E+00  1.3004E+03  3.2769E+00  3.1032E-02 -8.5806E-01  3.2880E+00  4.2708E+00 -9.8284E-01 -7.4340E-01
  3.3000E+01  5.0000E-01  0.0000E+00  2.9200E+00  0.0000E+00  0.0000E+00  4.3160E+00  2.7743E+01  4.3938E+00  6.5251E+01  1.9026E+00  1.3004E+03  2.9812E+00 -1.8734E-01 -8.6401E-01  2.9200E+00  3.6700E+00 -7.5004E-01 -6.9874E-01
  3.3000E+01  1.0000E+00  0.0000E+00  2.4450E+00  0.0000E+00  0.0000E+00  4.3160E+00  2.7743E+01  4.3938E+00  6.5251E+01  1.9026E+00  1.3004E+03  2.4735E+00 -1.0508E-01 -4.2201E-01  2.4450E+00  2.7449E+00 -2.9986E-01 -2.7628E-01
  3.3000E+01  2.0000E+00  0.0000E+00  1.6810E+00  0.0000E+00  0.0000E+00  4.3160E+00  2.7743E+01  4.3938E+00  6.5251E+01  1.9026E+00  1.3004E+03  1.7225E+00 -2.1894E-01 -6.3780E-02  1.6810E+00  1.6359E+00  4.5134E-02  8.4969E-02
  3.3000E+01  4.0000E+00  0.0000E+00  9.4700E-01  0.0000E+00  0.0000E+00  4.3160E+00  2.7743E+01  4.3938E+00  6.5251E+01  1.9026E+00  1.3004E+03  8.8939E-01  5.8126E-01  8.9066E-01  9.4700E-01  7.9778E-01  1.4922E-01  1.2079E+00
  3.3000E+01  6.0000E+00  0.0000E+00  5.4700E-01  0.0000E+00  0.0000E+00  4.3160E+00  2.7743E+01  4.3938E+00  6.5251E+01  1.9026E+00  1.3004E+03  5.1572E-01  5.2596E-01  4.4213E-01  5.4700E-01  5.6226E-01 -1.5260E-02  5.3101E-01
  3.3000E+01  8.0000E+00  0.0000E+00  3.3400E-01  0.0000E+00  0.0000E+00  4.3160E+00  2.7743E+01  4.3938E+00  6.5251E+01  1.9026E+00  1.3004E+03  3.4361E-01 -2.2852E-01 -7.5229E-01  3.3400E-01  4.7352E-01 -1.3952E-01 -8.2184E-01
  3.3000E+01  1.2000E+01  0.0000E+00  2.1600E-01  0.0000E+00  0.0000E+00  4.3160E+00  2.7743E+01  4.3938E+00  6.5251E+01  1.9026E+00  1.3004E+03  2.1630E-01 -9.8324E-03 -9.4667E-01  2.1600E-01  3.8353E-01 -1.6753E-01 -1.3658E+00
  3.3000E+01  2.4000E+01  0.0000E+00  1.0600E-01  0.0000E+00  0.0000E+00  4.3160E+00  2.7743E+01  4.3938E+00  6.5251E+01  1.9026E+00  1.3004E+03  1.2695E-01 -8.9617E-01 -1.5570E+00  1.0600E-01  2.2258E-01 -1.1658E-01 -1.4515E+00
  3.3000E+01  3.6000E+01  0.0000E+00  9.9000E-02  0.0000E+00  0.0000E+00  4.3160E+00  2.7743E+01  4.3938E+00  6.5251E+01  1.9026E+00  1.3004E+03  8.4061E-02  7.1351E-01  3.7585E-01  9.9000E-02  1.3144E-01 -3.2442E-02  5.2808E-01
  3.3000E+01  4.8000E+01  0.0000E+00  5.5000E-02  0.0000E+00  0.0000E+00  4.3160E+00  2.7743E+01  4.3938E+00  6.5251E+01  1.9026E+00  1.3004E+03  5.6535E-02 -7.7531E-02 -2.3418E-01  5.5000E-02  7.9554E-02 -2.4554E-02  2.2817E-01
  3.4000E+01  0.0000E+00  1.0000E+02  0.0000E+00  1.0000E+00  1.0000E+00  7.0823E+00  1.7832E+01  6.4916E+00  4.4769E+01  1.9026E+00  1.3451E+03  5.6080E+00 -9.1352E+00  0.0000E+00  0.0000E+00  4.9882E+00  0.0000E+00  0.0000E+00
  3.4000E+01  2.5000E-01  0.0000E+00  4.7930E+00  0.0000E+00  0.0000E+00  7.0823E+00  1.7832E+01  6.4916E+00  4.4769E+01  1.9026E+00  1.3451E+03  4.5221E+00  5.4716E-01  5.1642E-01  4.7930E+00  4.2708E+00  5.2216E-01  6.4451E-01
  3.4000E+01  5.0000E-01  0.0000E+00  3.7810E+00  0.0000E+00  0.0000E+00  7.0823E+00  1.7832E+01  6.4916E+00  4.4769E+01  1.9026E+00  1.3451E+03  3.6609E+00  2.9953E-01  6.2011E-03  3.7810E+00  3.6700E+00  1.1096E-01  1.0640E-01
  3.4000E+01  1.0000E+00  0.0000E+00  2.4190E+00  0.0000E+00  0.0000E+00  7.0823E+00  1.7832E+01  6.4916E+00  4.4769E+01  1.9026E+00  1.3451E+03  2.4352E+00 -6.0805E-02 -6.6193E-01  2.4190E+00  2.7449E+00 -3.2586E-01 -5.8996E-01
  3.4000E+01  2.0000E+00  0.0000E+00  1.1470E+00  0.0000E+00  0.0000E+00  7.0823E+00  1.7832E+01  6.4916E+00  4.4769E+01  1.9026E+00  1.3451E+03  1.1721E+00 -1.9379E-01 -8.9863E-01  1.1470E+00  1.6359E+00 -4.8887E-01 -8.5365E-01
  3.4000E+01  4.0000E+00  0.0000E+00  5.0500E-01  0.0000E+00  0.0000E+00  7.0823E+00  1.7832E+01  6.4916E+00  4.4769E+01  1.9026E+00  1.3451E+03  4.4413E-01  1.1681E+00  7.0410E-01  5.0500E-01  7.9778E-01 -2.9278E-01  2.3373E-01
  3.4000E+01  6.0000E+00  0.0000E+00  2.2400E-01  0.0000E+00  0.0000E+00  7.0823E+00  1.7832E+01  6.4916E+00  4.4769E+01  1.9026E+00  1.3451E+03  2.9412E-01 -1.8812E+00 -2.2751E+00  2.2400E-01  5.6226E-01 -3.3826E-01 -1.3897E+00
  3.4000E+01  8.0000E+00  0.0000E+00  2.5800E-01  0.0000E+00  0.0000E+00  7.0823E+00  1.7832E+01  6.4916E+00  4.4769E+01  1.9026E+00  1.3451E+03  2.3869E-01  6.0004E-01  1.5733E-01  2.5800E-01  4.7352E-01 -2.1552E-01 -1.4137E-01
  3.4000E+01  1.2000E+01  0.0000E+00  1.9300E-01  0.0000E+00  0.0000E+00  7.0823E+00  1.7832E+01  6.4916E+00  4.4769E+01  1.9026E+00  1.3451E+03  1.7332E-01  7.3693E-01  1.7991E-01  1.9300E-01  3.8353E-01 -1.9053E-01 -1.9733E-01
  3.4000E+01  2.4000E+01  0.0000E+00  3.3000E-02  0.0000E+00  0.0000E+00  7.0823E+00  1.7832E+01  6.4916E+00  4.4769E+01  1.9026E+00  1.3451E+03  6.9678E-02 -1.8072E+00 -2.3617E+00  3.3000E-02  2.2258E-01 -1.8958E-01 -1.5528E+00
  3.4000E+01  3.6000E+01  0.0000E+00  4.7000E-02  0.0000E+00  0.0000E+00  7.0823E+00  1.7832E+01  6.4916E+00  4.4769E+01  1.9026E+00  1.3451E+03  2.9185E-02  9.3377E-01  5.7465E-01  4.7000E-02  1.3144E-01 -8.4442E-02  7.0816E-01
  3.4000E+01  4.8000E+01  0.0000E+00  1.0000E-03  0.0000E+00  0.0000E+00  7.0823E+00  1.7832E+01  6.4916E+00  4.4769E+01  1.9026E+00  1.3451E+03  1.3338E-02 -6.5401E-01 -8.5601E-01  1.0000E-03  7.9554E-02 -7.8554E-02 -3.0557E-01
  3.5000E+01  0.0000E+00  1.0000E+02  0.0000E+00  1.0000E+00  1.0000E+00  3.4818E+00  2.0860E+01  1.4774E+01  5.8415E+01  1.9026E+00  1.3987E+03  4.7939E+00 -9.1336E+00  0.0000E+00  0.0000E+00  4.9882E+00  0.0000E+00  0.0000E+00
  3.5000E+01  2.5000E-01  0.0000E+00  3.4130E+00  0.0000E+00  0.0000E+00  3.4818E+00  2.0860E+01  1.4774E+01  5.8415E+01  1.9026E+00  1.3987E+03  3.7874E+00 -9.0257E-01 -1.1102E+00  3.4130E+00  4.2708E+00 -8.5784E-01 -8.6862E-01
  3.5000E+01  5.0000E-01  0.0000E+00  3.2500E+00  0.0000E+00  0.0000E+00  3.4818E+00  2.0860E+01  1.4774E+01  5.8415E+01  1.9026E+00  1.3987E+03  3.0321E+00  6.5576E-01  2.6624E-02  3.2500E+00  3.6700E+00 -4.2004E-01  8.7627E-02
  3.5000E+01  1.0000E+00  0.0000E+00  2.0980E+00  0.0000E+00  0.0000E+00  3.4818E+00  2.0860E+01  1.4774E+01  5.8415E+01  1.9026E+00  1.3987E+03  2.0376E+00  2.7007E-01 -7.6291E-01  2.0980E+00  2.7449E+00 -6.4686E-01 -6.3915E-01
  3.5000E+01  2.0000E+00  0.0000E+00  1.0620E+00  0.0000E+00  0.0000E+00  3.4818E+00  2.0860E+01  1.4774E+01  5.8415E+01  1.9026E+00  1.3987E+03  1.1470E+00 -6.6989E-01 -1.4226E+00  1.0620E+00  1.6359E+00 -5.7387E-01 -1.1564E+00
  3.5000E+01  4.0000E+00  0.0000E+00  6.2100E-01  0.0000E+00  0.0000E+00  3.4818E+00  2.0860E+01  1.4774E+01  5.8415E+01  1.9026E+00  1.3987E+03  7.1924E-01 -1.2141E+00 -1.0328E+00  6.2100E-01  7.9778E-01 -1.7678E-01 -7.6981E-01
  3.5000E+01  6.0000E+00  0.0000E+00  6.6300E-01  0.0000E+00  0.0000E+00  3.4818E+00  2.0860E+01  1.4774E+01  5.8415E+01  1.9026E+00  1.3987E+03  6.1342E-01  7.1129E-01  1.0734E+00  6.6300E-01  5.6226E-01  1.0074E-01  1.0251E+00
  3.5000E+01  8.0000E+00  0.0000E+00  5.9800E-01  0.0000E+00  0.0000E+00  3.4818E+00  2.0860E+01  1.4774E+01  5.8415E+01  1.9026E+00  1.3987E+03  5.4588E-01  8.3227E-01  1.1595E+00  5.9800E-01  4.7352E-01  1.2448E-01  9.1662E-01
  3.5000E+01  1.2000E+01  0.0000E+00  4.1200E-01  0.0000E+00  0.0000E+00  3.4818E+00  2.0860E+01  1.4774E+01  5.8415E+01  1.9026E+00  1.3987E+03  4.3693E-01 -4.8530E-01 -2.8757E-01  4.1200E-01  3.8353E-01  2.8466E-02 -7.0579E-01
  3.5000E+01  2.4000E+01  0.0000E+00  2.5600E-01  0.0000E+00  0.0000E+00  3.4818E+00  2.0860E+01  1.4774E+01  5.8415E+01  1.9026E+00  1.3987E+03  2.2607E-01  9.6311E-01  8.9249E-01  2.5600E-01  2.2258E-01  3.3417E-02  8.2870E-01
  3.5000E+01  3.6000E+01  0.0000E+00  1.3000E-01  0.0000E+00  0.0000E+00  3.4818E+00  2.0860E+01  1.4774E+01  5.8415E+01  1.9026E+00  1.3987E+03  1.1902E-01  4.7992E-01  3.2150E-01  1.3000E-01  1.3144E-01 -1.4416E-03  5.9102E-01
  3.5000E+01  4.8000E+01  0.0000E+00  3.4000E-02  0.0000E+00  0.0000E+00  3.4818E+00  2.0860E+01  1.4774E+01  5.8415E+01  1.9026E+00  1.3987E+03  6.4650E-02 -1.5252E+00 -1.6757E+00  3.4000E-02  7.9554E-02 -4.5554E-02 -1.1725E+00
  3.6000E+01  0.0000E+00  1.0000E+02  0.0000E+00  1.0000E+00  1.0000E+00  4.0869E+00  1.8452E+01  1.1771E+01  7.6836E+01  1.9026E+00  1.2514E+03  5.4196E+00 -9.1349E+00  0.0000E+00  0.0000E+00  4.9882E+00  0.0000E+00  0.0000E+00
  3.6000E+01  2.5000E-01  0.0000E+00  4.6190E+00  0.0000E+00  0.0000E+00  4.0869E+00  1.8452E+01  1.1771E+01  7.6836E+01  1.9026E+00  1.2514E+03  4.2744E+00  7.3611E-01  6.6726E-01  4.6190E+00  4.2708E+00  3.4816E-01  8.3505E-01
  3.6000E+01  5.0000E-01  0.0000E+00  3.2000E+00  0.0000E+00  0.0000E+00  4.0869E+00  1.8452E+01  1.1771E+01  7.6836E+01  1.9026E+00  1.2514E+03  3.3965E+00 -5.2807E-01 -8.8126E-01  3.2000E+00  3.6700E+00 -4.7004E-01 -7.4309E-01
  3.6000E+01  1.0000E+00  0.0000E+00  2.1350E+00  0.0000E+00  0.0000E+00  4.0869E+00  1.8452E+01  1.1771E+01  7.6836E+01  1.9026E+00  1.2514E+03  2.2062E+00 -2.9409E-01 -9.3008E-01  2.1350E+00  2.7449E+00 -6.0986E-01 -9.5094E-01
  3.6000E+01  2.0000E+00  0.0000E+00  1.0450E+00  0.0000E+00  0.0000E+00  4.0869E+00  1.8452E+01  1.1771E+01  7.6836E+01  1.9026E+00  1.2514E+03  1.0877E+00 -3.5434E-01 -9.9772E-01  1.0450E+00  1.6359E+00 -5.9087E-01 -1.0598E+00
  3.6000E+01  4.0000E+00  0.0000E+00  5.7600E-01  0.0000E+00  0.0000E+00  4.0869E+00  1.8452E+01  1.1771E+01  7.6836E+01  1.9026E+00  1.2514E+03  5.3782E-01  6.1793E-01  1.8682E-01  5.7600E-01  7.9778E-01 -2.2178E-01  1.7846E-01
  3.6000E+01  6.0000E+00  0.0000E+00  4.0900E-01  0.0000E+00  0.0000E+00  4.0869E+00  1.8452E+01  1.1771E+01  7.6836E+01  1.9026E+00  1.2514E+03  4.3703E-01 -5.4542E-01 -8.4939E-01  4.0900E-01  5.6226E-01 -1.5326E-01 -5.3865E-01
  3.6000E+01  8.0000E+00  0.0000E+00  4.0300E-01  0.0000E+00  0.0000E+00  4.0869E+00  1.8452E+01  1.1771E+01  7.6836E+01  1.9026E+00  1.2514E+03  3.9235E-01  2.2723E-01  1.8414E-02  4.0300E-01  4.7352E-01 -7.0521E-02 -4.1433E-02
  3.6000E+01  1.2000E+01  0.0000E+00  3.1700E-01  0.0000E+00  0.0000E+00  4.0869E+00  1.8452E+01  1.1771E+01  7.6836E+01  1.9026E+00  1.2514E+03  3.2588E-01 -2.2038E-01 -2.7727E-01  3.1700E-01  3.8353E-01 -6.6534E-02 -4.0097E-01
  3.6000E+01  2.4000E+01  0.0000E+00  1.9400E-01  0.0000E+00  0.0000E+00  4.0869E+00  1.8452E+01  1.1771E+01  7.6836E+01  1.9026E+00  1.2514E+03  1.8910E-01  1.7511E-01  3.7974E-01  1.9400E-01  2.2258E-01 -2.8583E-02  2.6103E-01
  3.6000E+01  3.6000E+01  0.0000E+00  1.2200E-01  0.0000E+00  0.0000E+00  4.0869E+00  1.8452E+01  1.1771E+01  7.6836E+01  1.9026E+00  1.2514E+03  1.1113E-01  4.8543E-01  7.5647E-01  1.2200E-01  1.3144E-01 -9.4416E-03  7.0613E-01
  3.6000E+01  4.8000E+01  0.0000E+00  6.7000E-02  0.0000E+00  0.0000E+00  4.0869E+00  1.8452E+01  1.1771E+01  7.6836E+01  1.9026E+00  1.2514E+03  6.6654E-02  1.7164E-02  2.6448E-01  6.7000E-02  7.9554E-02 -1.2554E-02  2.9727E-01
  3.7000E+01  0.0000E+00  1.0000E+02  0.0000E+00  1.0000E+00  1.0000E+00  5.4427E+00  1.3131E+01  6.3691E+00  7.3545E+01  1.9026E+00  1.3272E+03  7.6154E+00 -9.1372E+00  0.0000E+00  0.0000E+00  4.9882E+00  0.0000E+00  0.0000E+00
  3.7000E+01  2.5000E-01  0.0000E+00  6.7790E+00  0.0000E+00  0.0000E+00  5.4427E+00  1.3131E+01  6.3691E+00  7.3545E+01  1.9026E+00  1.3272E+03  5.8738E+00  1.4079E+00  2.2482E+00  6.7790E+00  4.2708E+00  2.5082E+00  3.0042E+00
  3.7000E+01  5.0000E-01  0.0000E+00  4.1500E+00  0.0000E+00  0.0000E+00  5.4427E+00  1.3131E+01  6.3691E+00  7.3545E+01  1.9026E+00  1.3272E+03  4.5457E+00 -7.9504E-01 -5.2102E-01  4.1500E+00  3.6700E+00  4.7996E-01 -5.6083E-01
  3.7000E+01  1.0000E+00  0.0000E+00  2.8750E+00  0.0000E+00  0.0000E+00  5.4427E+00  1.3131E+01  6.3691E+00  7.3545E+01  1.9026E+00  1.3272E+03  2.7601E+00  3.7976E-01 -3.8201E-02  2.8750E+00  2.7449E+00  1.3014E-01 -1.1279E-01
  3.7000E+01  2.0000E+00  0.0000E+00  1.0610E+00  0.0000E+00  0.0000E+00  5.4427E+00  1.3131E+01  6.3691E+00  7.3545E+01  1.9026E+00  1.3272E+03  1.1139E+00 -4.2888E-01 -1.2420E+00  1.0610E+00  1.6359E+00 -5.7487E-01 -1.2017E+00
  3.7000E+01  4.0000E+00  0.0000E+00  3.8600E-01  0.0000E+00  0.0000E+00  5.4427E+00  1.3131E+01  6.3691E+00  7.3545E+01  1.9026E+00  1.3272E+03  3.5315E-01  7.6441E-01  5.8673E-02  3.8600E-01  7.9778E-01 -4.1178E-01  4.0358E-02
  3.7000E+01  6.0000E+00  0.0000E+00  1.8500E-01  0.0000E+00  0.0000E+00  5.4427E+00  1.3131E+01  6.3691E+00  7.3545E+01  1.9026E+00  1.3272E+03  2.4756E-01 -1.8970E+00 -2.4320E+00  1.8500E-01  5.6226E-01 -3.7726E-01 -1.3358E+00
  3.7000E+01  8.0000E+00  0.0000E+00  2.0400E-01  0.0000E+00  0.0000E+00  5.4427E+00  1.3131E+01  6.3691E+00  7.3545E+01  1.9026E+00  1.3272E+03  2.1815E-01 -4.6571E-01 -9.0383E-01  2.0400E-01  4.7352E-01 -2.6952E-01 -9.4368E-01
  3.7000E+01  1.2000E+01  0.0000E+00  2.1100E-01  0.0000E+00  0.0000E+00  5.4427E+00  1.3131E+01  6.3691E+00  7.3545E+01  1.9026E+00  1.3272E+03  1.8218E-01  1.0514E+00  7.4203E-01  2.1100E-01  3.8353E-01 -1.7253E-01 -1.5870E-01
  3.7000E+01  2.4000E+01  0.0000E+00  1.3400E-01  0.0000E+00  0.0000E+00  5.4427E+00  1.3131E+01  6.3691E+00  7.3545E+01  1.9026E+00  1.3272E+03  1.0849E-01  1.1469E+00  1.0585E+00  1.3400E-01  2.2258E-01 -8.8583E-02  6.8559E-01
  3.7000E+01  3.6000E+01  0.0000E+00  7.2000E-02  0.0000E+00  0.0000E+00  5.4427E+00  1.3131E+01  6.3691E+00  7.3545E+01  1.9026E+00  1.3272E+03  6.5417E-02  3.2711E-01  3.2559E-01  7.2000E-02  1.3144E-01 -5.9442E-02  5.8383E-01
  3.7000E+01  4.8000E+01  0.0000E+00  1.1000E-02  0.0000E+00  0.0000E+00  5.4427E+00  1.3131E+01  6.3691E+00  7.3545E+01  1.9026E+00  1.3272E+03  4.0225E-02 -1.5129E+00 -1.4868E+00  1.1000E-02  7.9554E-02 -6.8554E-02 -9.3042E-01
  3.8000E+01  0.0000E+00  1.0000E+02  0.0000E+00  1.0000E+00  1.0000E+00  9.3396E+00  2.2155E+01  9.8230E+00  5.0571E+01  1.9026E+00  1.2607E+03  4.5137E+00 -9.1329E+00  0.0000E+00  0.0000E+00  4.9882E+00  0.0000E+00  0.0000E+00
  3.8000E+01  2.5000E-01  0.0000E+00  4.0250E+00  0.0000E+00  0.0000E+00  9.3396E+00  2.2155E+01  9.8230E+00  5.0571E+01  1.9026E+00  1.2607E+03  3.5690E+00  1.1664E+00  4.3969E-01  4.0250E+00  4.2708E+00 -2.4584E-01  5.4802E-01
  3.8000E+01  5.0000E-01  0.0000E+00  2.6390E+00  0.0000E+00  0.0000E+00  9.3396E+00  2.2155E+01  9.8230E+00  5.0571E+01  1.9026E+00  1.2607E+03  2.8404E+00 -6.4675E-01 -1.4258E+00  2.6390E+00  3.6700E+00 -1.0310E+00 -1.1260E+00
  3.8000E+01  1.0000E+00  0.0000E+00  1.4050E+00  0.0000E+00  0.0000E+00  9.3396E+00  2.2155E+01  9.8230E+00  5.0571E+01  1.9026E+00  1.2607E+03  1.8433E+00 -2.1640E+00 -2.8183E+00  1.4050E+00  2.7449E+00 -1.3399E+00 -2.3096E+00
  3.8000E+01  2.0000E+00  0.0000E+00  9.3600E-01  0.0000E+00  0.0000E+00  9.3396E+00  2.2155E+01  9.8230E+00  5.0571E+01  1.9026E+00  1.2607E+03  8.8650E-01  5.0095E-01  2.2220E-01  9.3600E-01  1.6359E+00 -6.9987E-01 -5.7312E-01
  3.8000E+01  4.0000E+00  0.0000E+00  4.3800E-01  0.0000E+00  0.0000E+00  9.3396E+00  2.2155E+01  9.8230E+00  5.0571E+01  1.9026E+00  1.2607E+03  3.8651E-01  1.1124E+00  7.5262E-01  4.3800E-01  7.9778E-01 -3.5978E-01  1.8082E-01
  3.8000E+01  6.0000E+00  0.0000E+00  2.6700E-01  0.0000E+00  0.0000E+00  9.3396E+00  2.2155E+01  9.8230E+00  5.0571E+01  1.9026E+00  1.2607E+03  2.7815E-01 -3.1171E-01 -8.0365E-01  2.6700E-01  5.6226E-01 -2.9526E-01 -5.3331E-01
  3.8000E+01  8.0000E+00  0.0000E+00  2.1100E-01  0.0000E+00  0.0000E+00  9.3396E+00  2.2155E+01  9.8230E+00  5.0571E+01  1.9026E+00  1.2607E+03  2.2571E-01 -4.7398E-01 -9.6835E-01  2.1100E-01  4.7352E-01 -2.6252E-01 -8.2318E-01
  3.8000E+01  1.2000E+01  0.0000E+00  1.5200E-01  0.0000E+00  0.0000E+00  9.3396E+00  2.2155E+01  9.8230E+00  5.0571E+01  1.9026E+00  1.2607E+03  1.5514E-01 -1.2376E-01 -5.3873E-01  1.5200E-01  3.8353E-01 -2.3153E-01 -8.7295E-01
  3.8000E+01  2.4000E+01  0.0000E+00  4.8000E-02  0.0000E+00  0.0000E+00  9.3396E+00  2.2155E+01  9.8230E+00  5.0571E+01  1.9026E+00  1.2607E+03  5.1769E-02 -1.9190E-01 -3.7708E-01  4.8000E-02  2.2258E-01 -1.7458E-01 -7.9152E-01
  3.8000E+01  3.6000E+01  0.0000E+00  2.5000E-02  0.0000E+00  0.0000E+00  9.3396E+00  2.2155E+01  9.8230E+00  5.0571E+01  1.9026E+00  1.2607E+03  1.8255E-02  3.5660E-01  2.8147E-01  2.5000E-02  1.3144E-01 -1.0644E-01  1.0505E-01
  3.8000E+01  4.8000E+01  0.0000E+00  1.9000E-02  0.0000E+00  0.0000E+00  9.3396E+00  2.2155E+01  9.8230E+00  5.0571E+01  1.9026E+00  1.2607E+03  7.3725E-03  6.1762E-01  5.8668E-01  1.9000E-02  7.9554E-02 -6.0554E-02  8.0649E-01
  3.9000E+01  0.0000E+00  1.0000E+02  0.0000E+00  1.0000E+00  1.0000E+00  5.0716E+00  2.2209E+01  1.1110E+01  5.6201E+01  1.9026E+00  1.4112E+03  4.5026E+00 -9.1328E+00  0.0000E+00  0.0000E+00  4.9882E+00  0.0000E+00  0.0000E+00
  3.9000E+01  2.5000E-01  0.0000E+00  3.5510E+00  0.0000E+00  0.0000E+00  5.0716E+00  2.2209E+01  1.1110E+01  5.6201E+01  1.9026E+00  1.4112E+03  3.6853E+00 -3.3266E-01 -7.8845E-01  3.5510E+00  4.2708E+00 -7.1984E-01 -6.1695E-01
  3.9000E+01  5.0000E-01  0.0000E+00  3.2600E+00  0.0000E+00  0.0000E+00  5.0716E+00  2.2209E+01  1.1110E+01  5.6201E+01  1.9026E+00  1.4112E+03  3.0380E+00  6.6665E-01  9.2953E-02  3.2600E+00  3.6700E+00 -4.1004E-01  6.0475E-02
  3.9000E+01  1.0000E+00  0.0000E+00  2.0240E+00  0.0000E+00  0.0000E+00  5.0716E+00  2.2209E+01  1.1110E+01  5.6201E+01  1.9026E+00  1.4112E+03  2.1182E+00 -4.0494E-01 -1.0596E+00  2.0240E+00  2.7449E+00 -7.2086E-01 -9.5796E-01
  3.9000E+01  2.0000E+00  0.0000E+00  1.0560E+00  0.0000E+00  0.0000E+00  5.0716E+00  2.2209E+01  1.1110E+01  5.6201E+01  1.9026E+00  1.4112E+03  1.1693E+00 -8.7609E-01 -1.3549E+00  1.0560E+00  1.6359E+00 -5.7987E-01 -1.2236E+00
  3.9000E+01  4.0000E+00  0.0000E+00  6.9400E-01  0.0000E+00  0.0000E+00  5.0716E+00  2.2209E+01  1.1110E+01  5.6201E+01  1.9026E+00  1.4112E+03  6.0712E-01  1.2584E+00  1.1590E+00  6.9400E-01  7.9778E-01 -1.0378E-01  7.9216E-01
  3.9000E+01  6.0000E+00  0.0000E+00  4.4600E-01  0.0000E+00  0.0000E+00  5.0716E+00  2.2209E+01  1.1110E+01  5.6201E+01  1.9026E+00  1.4112E+03  4.6980E-01 -4.3476E-01 -4.5273E-01  4.4600E-01  5.6226E-01 -1.1626E-01 -3.3758E-01
  3.9000E+01  8.0000E+00  0.0000E+00  3.6300E-01  0.0000E+00  0.0000E+00  5.0716E+00  2.2209E+01  1.1110E+01  5.6201E+01  1.9026E+00  1.4112E+03  4.0297E-01 -8.3376E-01 -8.6444E-01  3.6300E-01  4.7352E-01 -1.1052E-01 -7.3912E-01
  3.9000E+01  1.2000E+01  0.0000E+00  3.0800E-01  0.0000E+00  0.0000E+00  5.0716E+00  2.2209E+01  1.1110E+01  5.6201E+01  1.9026E+00  1.4112E+03  3.0938E-01 -3.5619E-02 -1.1877E-01  3.0800E-01  3.8353E-01 -7.5534E-02 -2.2699E-01
  3.9000E+01  2.4000E+01  0.0000E+00  1.8600E-01  0.0000E+00  0.0000E+00  5.0716E+00  2.2209E+01  1.1110E+01  5.6201E+01  1.9026E+00  1.4112E+03  1.4318E-01  1.7495E+00  1.6097E+00  1.8600E-01  2.2258E-01 -3.6583E-02  1.1251E+00
  3.9000E+01  3.6000E+01  0.0000E+00  5.5000E-02  0.0000E+00  0.0000E+00  5.0716E+00  2.2209E+01  1.1110E+01  5.6201E+01  1.9026E+00  1.4112E+03  6.7760E-02 -6.3112E-01 -7.4695E-01  5.5000E-02  1.3144E-01 -7.6442E-02 -4.7307E-01
  3.9000E+01  4.8000E+01  0.0000E+00  1.0000E-03  0.0000E+00  0.0000E+00  5.0716E+00  2.2209E+01  1.1110E+01  5.6201E+01  1.9026E+00  1.4112E+03  3.3513E-02 -1.6966E+00 -1.7779E+00  1.0000E-03  7.9554E-02 -7.8554E-02 -1.2840E+00
  4.0000E+01  0.0000E+00  1.0000E+02  0.0000E+00  1.0000E+00  1.0000E+00  2.2317E+00  1.4972E+01  6.1316E+00  2.9911E+01  1.9026E+00  1.3396E+03  6.6793E+00 -9.1365E+00  0.0000E+00  0.0000E+00  4.9882E+00  0.0000E+00  0.0000E+00
  4.0000E+01  2.5000E-01  0.0000E+00  5.8250E+00  0.0000E+00  0.0000E+00  2.2317E+00  1.4972E+01  6.1316E+00  2.9911E+01  1.9026E+00  1.3396E+03  5.6425E+00  2.9551E-01  1.0997E+00  5.8250E+00  4.2708E+00  1.5542E+00  1.2915E+00
  4.0000E+01  5.0000E-01  0.0000E+00  4.5580E+00  0.0000E+00  0.0000E+00  2.2317E+00  1.4972E+01  6.1316E+00  2.9911E+01  1.9026E+00  1.3396E+03  4.7948E+00 -4.5112E-01  1.6246E-01  4.5580E+00  3.6700E+00  8.8796E-01  9.0751E-02
  4.0000E+01  1.0000E+00  0.0000E+00  4.2210E+00  0.0000E+00  0.0000E+00  2.2317E+00  1.4972E+01  6.1316E+00  2.9911E+01  1.9026E+00  1.3396E+03  3.5331E+00  1.7773E+00  2.1180E+00  4.2210E+00  2.7449E+00  1.4761E+00  2.5559E+00
  4.0000E+01  2.0000E+00  0.0000E+00  2.0700E+00  0.0000E+00  0.0000E+00  2.2317E+00  1.4972E+01  6.1316E+00  2.9911E+01  1.9026E+00  1.3396E+03  2.1108E+00 -1.7602E-01  1.7802E-02  2.0700E+00  1.6359E+00  4.3413E-01 -1.9271E-01
  4.0000E+01  4.0000E+00  0.0000E+00  1.1340E+00  0.0000E+00  0.0000E+00  2.2317E+00  1.4972E+01  6.1316E+00  2.9911E+01  1.9026E+00  1.3396E+03  1.1235E+00  8.4568E-02  6.0529E-01  1.1340E+00  7.9778E-01  3.3622E-01  6.0788E-01
  4.0000E+01  6.0000E+00  0.0000E+00  8.8300E-01  0.0000E+00  0.0000E+00  2.2317E+00  1.4972E+01  6.1316E+00  2.9911E+01  1.9026E+00  1.3396E+03  8.4167E-01  4.3976E-01  1.0051E+00  8.8300E-01  5.6226E-01  3.2074E-01  1.4181E+00
  4.0000E+01  8.0000E+00  0.0000E+00  7.3600E-01  0.0000E+00  0.0000E+00  2.2317E+00  1.4972E+01  6.1316E+00  2.9911E+01  1.9026E+00  1.3396E+03  7.0795E-01  3.5189E-01  7.0401E-01  7.3600E-01  4.7352E-01  2.6248E-01  1.1402E+00
  4.0000E+01  1.2000E+01  0.0000E+00  5.5900E-01  0.0000E+00  0.0000E+00  2.2317E+00  1.4972E+01  6.1316E+00  2.9911E+01  1.9026E+00  1.3396E+03  5.3473E-01  3.9495E-01  2.2615E-01  5.5900E-01  3.8353E-01  1.7547E-01  5.0498E-01
  4.0000E+01  2.4000E+01  0.0000E+00  2.3800E-01  0.0000E+00  0.0000E+00  2.2317E+00  1.4972E+01  6.1316E+00  2.9911E+01  1.9026E+00  1.3396E+03  2.4129E-01 -1.0150E-01 -9.8579E-01  2.3800E-01  2.2258E-01  1.5417E-02 -1.2437E+00
  4.0000E+01  3.6000E+01  0.0000E+00  8.9000E-02  0.0000E+00  0.0000E+00  2.2317E+00  1.4972E+01  6.1316E+00  2.9911E+01  1.9026E+00  1.3396E+03  1.1368E-01 -1.0944E+00 -1.8815E+00  8.9000E-02  1.3144E-01 -4.2442E-02 -2.1354E+00
  4.0000E+01  4.8000E+01  0.0000E+00  7.2000E-02  0.0000E+00  0.0000E+00  2.2317E+00  1.4972E+01  6.1316E+00  2.9911E+01  1.9026E+00  1.3396E+03  5.8085E-02  7.0086E-01  1.7776E-01  7.2000E-02  7.9554E-02 -7.5543E-03 -2.3231E-02
